date,title,media,content,url
2026.07.14 06:15,"“원준이 형과 함께한다는 마음”…글러브로 공유한 책임감, 에이스로 성장한 곽빈 [SD 베이스볼 피플]",스포츠동아,"[스포츠동아 박정현 기자] “(최)원준이 형은 최고의 선배다.” 곽빈(27·두산 베어스)은 ‘2026 신한 SOL KBO리그’ 인상적인 활약을 펼쳤다. 17경기에 등판해 8승3패, 평균자책점(ERA) 2.60, 112탈삼진으로 탈삼진 전체 1위, ERA 3위, 다승 공동 4위에 오르며 선발진의 중심축을 맡았다. 곽빈은 최근 3년간 기복 있는 투구를 보였다. 2023시즌 23경기서 12승7패, ERA 2.90으로 활약했지만, 이후 2년간 4점대 ERA를 기록하며 주춤했다. 하지만 올해는 다르다. 포심 패스트볼 평균 구속을 지난해 151㎞에서 올해 153㎞로 끌어올려 위력적인 투구를 펼치고 있다. 두산은 올 시즌 초반 마운드 운영으로 고민이 많았다. 1선발로 영입했던 외국인 투수 크리스 플렉센이 정규리그 2경기만 나선 뒤 오른쪽 어깨 부상으로 부상자 명단에 올랐고, 방출됐다. 불펜투수 최원준(이상 32)도 2경기 등판한 뒤 5월 오른쪽 팔꿈치 내측 측부 인대 재건술(토미존 수술)을 받아 시즌아웃됐다. 투수 운영이 크게 흔들릴 수 있는 상황서 곽빈이 에이스 역할을 맡았다. 5월 말 오른손 중지 부상으로 11일간 이탈한 걸 제외하고는 선발 로테이션을 꾸준히 소화했다. 이 기간 11회의 퀄리티스타트(QS·선발 6이닝 이상 3자책점 이하 투구)를 수확해 불펜진의 부담도 줄였다. 곽빈은 올해 더 많은 책임감을 안고 마운드에 오른다. 비 시즌부터 투구 밸런스를 잡는 데 많은 도움을 준 최원준과 함께하는 마음을 더했다. 그는 “올해 목표가 ERA 3.50 이하였다. 지금의 성적은 (최)원준이 형이 스프링캠프 때 많이 도와준 덕분”이라며 “원준이 형은 나에게 하나뿐인 존재다. 수술 소식을 들은 뒤 함께한다는 마음으로 형의 글러브를 착용하고 마운드에 오른다. 그 덕분에 좋은 결과가 계속 이어지고 있다”고 말했다. 인상적이었던 전반기에도 곽빈은 만족하지 않았다. 올해 처음 장착한 변형 패스트볼 커터의 감각을 더 익히려고 한다. 곽빈은 “아직 커터의 피안타율이 높다. 커맨드가 더 좋아지면, 좌타자 상대로 좋은 결과를 낼 수 있을 것 같다”고 보완할 부분을 밝혔다. 곽빈은 개인적인 목표를 다 내려놨다. 믿고 따랐던 형 최원준처럼 오로지 팀만 생각하며 선발진에 보탬이 되려고 한다. “다승왕, 탈삼진왕 등 타이틀은 노리고 있지 않다”며 “최근 공격적인 승부로 투구수를 줄여간다. 템포 조절을 최대한 하며 최대한 긴 이닝을 소화하고 싶다”고 각오를 다졌다. 박정현 기자 pjh60800@donga.com",https://v.daum.net/v/QaocyrEoza
2026.07.14 06:13,'케타민 1.9㎏ 밀수' 전직 프로야구 선수 징역 10년 중형,일간스포츠,"마약 밀매 혐의로 재판에 넘겨진 전직 프로야구 선수가 중형을 선고받았다. 14일 연합뉴스에 따르면 부산지법 형사7부(임주혁 부장판사)는 특정범죄 가중처벌 등에 관한 법률 위반 등의 혐의로 기소된 전직 프로야구 선수 A씨에게 징역 10년을 선고하고 40시간의 약물 치료 프로그램 이수와 10만원의 추징 명령을 함께 내렸다. A씨는 마약 조직의 총책으로 지난해 9~10월 태국에서 세 차례에 걸쳐 케타민 1.9㎏을 국내로 밀수입한 혐의로 재판에 넘겨졌다. 그뿐만 아니라 지난해 12월부터 올해 1월 사이 태국의 클럽에서 필로폰을 투약한 혐의도 받고 있다. 재판부는 ""이 사건 범행은 다량의 마약류를 국내로 들여온 것으로 죄질이 매우 좋지 않다""며 ""마약 범죄는 은밀하게 이뤄져 적발이 쉽지 않고 수많은 투약자를 양산할 가능성이 높다""고 판시했다. 다만 A씨와 함께 기소된 프로그램 개발자 B씨에 대해서는 증거가 부족하다며 무죄를 선고했다. 배중현 기자 bjh1025@edaily.co.kr",https://v.daum.net/v/6SoWzZGhrZ
2026.07.14 06:13,"에레디아 대체자 구했다…SSG, 트리플A OPS 0.908 마드리스 영입 임박 ""계약 마무리 단계""",스포티비뉴스,"[스포티비뉴스=박승환 기자] SSG 랜더스가 기예르모 에레디아의 부상 대체 외국인 선수로 블라이 마드리스를 영입하는 모양새다. 계약이 마무리 단계이 있다는 소식이다. 전미야구기자협회(BBWAA) 소속의 프란시스 로메로는 14일(이하 한국시간) 소식통을 인용해 ""블라이 마드리스가 KBO의 SSG 랜더스와 계약 마무리 단계에 있다""고 전했다. SSG는 올해 외국인 교체 카드를 모두 소진했다. 올 시즌 미치 화이트와 앤서니 베니지아노의 외국인 투수 원·투 펀치를 구성한 채 시즌을 시작했는데, 시즌 내내 아쉬운 모습들을 보이자, 과거 두산 베어스의 메디컬 테스트에서 탈락했던 토마스 해치와 페드로 아빌라를 영입했다. 그런데 최근 또 날벼락이 떨어졌다. 에레디아가 왼쪽 어깨 회근근개 손상 진단을 받게 되면서, 지난 9일 1군에서 말소됐다. 더 이상 외국인 선수를 교체할 순 없는 상황. 그렇다고 시즌을 포기할 수도 없는 만큼 SSG는 부상 대체 외국인 선수를 물색하기 시작했고, 마드리스와 연이 닿는 모습이다. 마드리스는 지난 2017년 메이저리그 신인드래프트 9라운드 전체 268순위로 피츠버그 파이리츠의 선택을 받았다. 그리고 2022년 처음 빅리그에 입성, 휴스턴 애스트로스와 디트로이트 타이거즈에서 3시즌 동안 72경기에서 42안타 2홈런 12타점 타율 0.204 OPS 0.559를 기록했다. 하지만 마이너리그에서 활약은 나쁘지 않았다. 마드리스는 올해 트리플A 무대에서 71경기에 출전해 65안타 14홈런 52타점 타율 0.277 OPS 0.908으로 활약 중이었다. 트리플A 통산 성적은 514경기에서 455안타 73홈런 306타점 타율 0.255 OPS 0.800을 기록 중이며, 마이너리그 통산 성적은 825경기에서 747안타 98홈런 455타점 타율 0.254 OPS 0.765를 마크하고 있다. 마드리스의 SSG 입단 입박 소식을 먼저 전한 매체도 있었다. 바로 메이저리그 트레이드 루머스(MLBTR). 'MLBTR'은 지난 13일 ""세인트루이스 카디널스가 마드리스를 방출했다""며 ""KBO리그 구단과 계약하기 위해 한국으로 향한다""고 보도했다. 'MLBTR'은 ""리빌딩을 진행 중인 세인트루이스는 30세의 백업 자원보다 젊은 선수들에게 더 많은 출전 기회를 주는 데 집중하고 있었다. 결국 로스터에 빈자리가 생기지 않자 매드리스는 트리플A에서의 활약을 발판으로 KBO리그 계약을 따냈다. 2020-21시즌 호주야구리그(ABL)에서 짧게 뛰었던 데 이어 이번에는 한국으로 향하게 됐다""고 전했다. <저작권자 ⓒ SPOTV NEWS. 무단전재 및 재배포 금지>",https://v.daum.net/v/ZGzoCAaeS1
2026.07.14 06:11,"'최지만이 쐈다' 울산 웨일즈 선수단에 슬리퍼 선물 ""감사한 마음 전하고 싶었다""",스타뉴스,"[스타뉴스 | 안호근 기자] 최근 울산 웨일즈에 합류해 홈런까지 터뜨린 최지만(35)이 선수단을 위해 특별한 선물을 전했다. 울산 웨일즈는 14일 ""최지만이 후반기 힘찬 출발을 응원하는 마음을 담아 선수단과 코칭스태프 전원에게 슬리퍼를 선물하며 동료들을 향한 감사와 응원의 마음을 전했다""며 ""이번 선물은 무더운 여름철 훈련 선수들에게 큰 호응을 얻었다""고 밝혔다. 구단에 따르면 최지만이 선수단을 위한 특별한 선물로 훈훈한 팀 분위기를 만들었다. 최지만은 ""한국에서의 첫 팀인 울산 웨일즈에서 좋은 동료들과 함께할 수 있어 감사한 마음을 전하고 싶었다""며 ""작은 선물이지만 선수들이 훈련과 경기 후 조금이나마 편안한 시간을 보내는 데 도움이 되길 바란다""고 말했다. 선수단 역시 예상치 못한 선물에 감사의 뜻을 전했다. 민성우는 ""최지만 선배의 따뜻한 마음 덕분에 팀 분위기가 더욱 좋아졌다""며 고마움을 전했다. 울산 웨일즈 관계자는 ""최지만 선수가 팀에 합류한 이후 동료들을 먼저 생각하는 모습을 꾸준히 보여주고 있다""며 ""이번 선물 역시 선수단에 긍정적인 에너지를 전하며 팀워크를 다지는 계기가 됐다""고 말했다. 최지만은 메이저리그(MLB)에서 8시즌 동안 525경기에 나서 타율 0.238, 67홈런 238타점 190득점, 출루율 0.334, 장타율 0.426, OPS(출루율+장타율) 0.764를 기록했다. 특히 2020년 탬파베이 레이스 소속으로 월드시리즈 무대를 밟으며 한국인 야수 최초로 월드시리즈 선발 출전 기록도 세웠다. 2024시즌을 마친 뒤 한국 복귀를 타진했으나 고교 졸업 후 해외로 직행한 선수는 2년간 KBO 소속 구단과 계약을 체결할 수 없다는 KBO 규약 107조 1항에 따라 올해 후반기 열릴 2027 KBO 신인 드래프트 참가가 점쳐졌다. 2025년 5월 사회복무요원으로 입대해 병역의 의무를 먼저 다한 최지만은 과거 무릎 수술로 상태가 악화돼 그해 8월 의병 소집 해제됐고 재활에만 매달리다가 지난 4월 울산웨일즈에 입단했다. 최근 팀 훈련에 합류한 첫날부터 선수단과 구단 관계자들을 위해 커피차를 선물했고 강한 타격과 안정적인 움직임을 선보이더니 '불꽃야구'와 경기에서 홈런을 쏘아올리는 등 감각을 조율하고 있다. 안호근 기자 oranc317@mtstarnews.com",https://v.daum.net/v/80Sze2b0Sf
2026.07.14 06:00,2군부터 ‘쓱’ 시작합니다! 추신수 보좌역이 적극 추진한 ‘퍼포먼스 멘털코칭’…“체계적으로 관리·훈련해야”,스포츠서울,"[스포츠서울 | 이소영 기자] “멘털도 기술과 피지컬처럼 체계적으로 관리·훈련해야 하는 영역이다.” SSG가 퓨처스 선수들의 실전 경기력 향상을 위해 ‘퍼포먼스 멘털코칭’ 시스템을 도입한다. 구단은 기술과 체력뿐 아니라 선수들이 제 기량을 실제 경기에서 안정적으로 발휘할 수 있도록 돕는 심리 영역의 중요성에 주목했다. 특히 1군 무대 적응과 부상·재활 과정 등 다양한 과정에서 경기력과 멘털이 밀접하게 연결돼 있다고 판단했다. SSG 관계자는 “선수들의 심리적 안정을 넘어 실전 경기력 향상까지 지원하는 현장 밀착형 퍼포먼스 멘털코칭 시스템을 도입한다”며 “메이저리그(ML) 구단들의 멘털 훈련 기법을 벤치마킹했다. 추신수 구단주 보좌역 겸 육성총괄이 적극 추진했다”고 배경을 설명했다. 이를 위해 프로와 아마추어 현장에서 경험을 쌓은 스포츠심리학 전문가 최선호 멘털코치를 초빙했다. 그는 경희대학교 스포츠심리학 박사로, 고려대학교와 영월 상동고 야구부 퍼포먼스 코치로 활동했다. 최 코치는 선수단과 함께 현장에 밀착해 훈련·경기 관찰, 선수별 심리·행동 패턴 분석, 맞춤형 경기 루틴 설계, 집중력 향상 프로그램 운영 등을 담당한다. 코치진과 협업도 강화한다. 미팅을 통해 선수들의 심리 상태와 경기력 개선 방향을 공유하고, 기술·퍼포먼스 코치와 프런트가 함께 선수 육성 방향을 논의하는 체계를 구축할 계획이다. 추 보좌역은 “아무리 뛰어난 기술과 피지컬을 갖추고 있어도 경기에서 자신의 기량을 발휘하지 못하면 경쟁력이 될 수 없다. 멘털 역시 기술과 피지컬처럼 체계적으로 관리하고 훈련해야 하는 영역”이라며 “SSG만의 차별화된 선수 육성 체계를 만들어가겠다”고 말했다. 최 코치는 “체계적인 시스템을 갖춘 SSG에서 퍼포먼스 멘털코칭을 맡게 돼 감사하다”며 “코칭이 선수단에 안정적으로 정착해 팀 전력에 실질적인 도움이 될 수 있도록 최선을 다하겠다”고 전했다. SSG는 이번 운영 결과를 바탕으로 향후 정규 운영 확대 여부를 검토하는 등 선수 육성 체계를 발전시킬 방침이다. sshong@sportsseoul.com",https://v.daum.net/v/xJg7GOrNlT
2026.07.14 05:58,"'한국 첫 상대' 대만, AG 야구대표팀 명단 발표…한화 왕옌청 포함",뉴스1,"(서울=뉴스1) 서장원 기자 = 2026 아이치·나고야 아시안게임 야구에서 한국과 첫 대결을 펼치는 대만이 24인 명단을 발표했다. 한화 이글스에서 뛰는 선발 투수 왕옌청도 포함됐다. 대만야구협회는 14일 오는 9월 개막하는 아시안게임에 출전할 야구대표팀 24인 명단을 발표했다. 선수들의 면면은 화려하다. 메이저리그(MLB) 보스턴 레드삭스 소속의 정쭝저, 일본프로야구(NPB)에서 뛰고 있는 쉬러시(소프트뱅크 호크스), 구린루이양(니혼햄 파이터스), 그리고 2023년 항저우 아시안게임에서 한국을 괴롭혔던 린위민(애리조나 다이아몬드백스) 등이 포함됐다. 특히 왕옌청의 선발이 눈에 띈다. NPB에서만 뛰다가 올해 아시아쿼터 제도로 한화 유니폼을 입고 KBO리그 무대에 데뷔한 왕옌청은 전반기 선발 로테이션을 지키며 17경기에서 7승3패, 평균자책점 3.59로 연착륙했다. LG 트윈스 아시아쿼터 투수 라클란 웰스와 더불어 올해 최고의 아시아쿼터 선수로 꼽힌다. 아시안게임 우승을 위해 반드시 한국을 넘어야 하는 대만이 현시점에서 한국 야구를 잘 아는 왕옌청을 한국전에 '표적 등판'시킬 가능성도 있다. 이 밖에도 대만은 자국리그(CPBL)에서 뛰는 선수 5명도 명단에 포함했다. 최정예로 멤버를 꾸렸지만 변수가 있다. 쉬러시가 최근 허리 부상을 당해 몸 상태가 정상이 아니다. 이달 중순 일본에서 수술할 가능성까지 제기된다. 대만야구협회는 쉬러시의 합류가 어려울 경우 조직위원회에 진단서를 제출하고 대체 선수를 발탁한다는 입장이다. 아울러 지난달 빅리그에 콜업돼 뛰고 있는 정쭝저 역시 대표팀 합류가 불발될 수도 있다. 대만야구협회가 정쭝저에게 아시안게임 참가 여부를 타진했을 당시는 정쭝저가 마이너리그에 머물고 있을 때였다. 한편 아시안게임 야구 B조에 속한 대만은 한국, 홍콩, 태국과 경쟁한다. 첫 경기 상대는 한국이다. superpower@news1.kr",https://v.daum.net/v/tV2SFTlwXo
2026.07.14 05:58,[부고] 이종혁(두산 베어스 선수)씨 조부상,마이데일리,"[마이데일리] 이종혁(두산 베어스 내야수)씨 조부상 고인 : 이선로, 별세 : 2026년 7월 14일(화), 빈소 : 충북 청주시 흥덕구 1순환로 776 충북대학교병원장례식장 특2호, 발인 : 2026년 7월 16일(목) 오전 6시 10분, 연락처 : 043-269-6969(장례식장)",https://v.daum.net/v/73pDyrEosU
2026.07.14 05:54,전반기 막판 ‘24일간 14승’-ERA 1위…롯데 5강 가려면? 나승엽-윤동희 깨어나야 [SS시선집중],스포츠서울,"[스포츠서울 | 김동영 기자] 롯데가 전반기 분위기 좋게 마쳤다. 여전히 하위권이기는 하다. 위로 올라갈 수 있는 힘을 보였다는 점은 반갑다. 마운드가 됐다. 이제 필요한 건 방망이다. 나승엽(24)과 윤동희(23)가 완전히 깨어나야 한다. 롯데는 전반기 마지막 24일 동안 무려 14승 올렸다. 6월16일부터 7월9일까지 21경기 치러 14승1무6패, 승률 0.700 쌓았다. 같은 기간 2위다. 1위는 삼성이다. 15승1무5패, 승률 0.750 올렸다. 그만큼 롯데가 괜찮았다는 얘기다. 그사이 9위에서 8위로 올라왔다. 순위 자체는 한 계단이지만, 위에 있는 팀과 격차를 줄였다는 점은 의미가 있다. 일단 7위 NC와 승차 2경기다. 충분히 사정권이다. 6위 한화와 승차는 3.5경기다. 5위 두산과 승차는 5경기다. 현시점에서 5위가 마냥 쉽지는 않아 보인다. 그러나 좋은 분위기를 이어가면 또 모를 일이다. '바탕'이 제대로 깔렸다. 마운드다. 이 기간 팀 평균자책점 3.33으로 1위다. 2위 두산이 3.68이다. 차이가 제법 있다. 선발 평균자책점이 3.23, 불펜 평균자책점이 3.53이다. 마운드 내부 밸런스도 좋았다는 얘기다. 불펜에서는 김원중이 다시 마무리 맡으면서 안정감을 찾았다. 루키 박정민도 힘든 시간을 이겨냈다. 최준용도 자기 몫을 하고, 이민석도 괜찮다. 선발진에서는 엘빈 로드리게스가 완전히 감을 잡았다. 제레미 비슬리도 페이스가 좋아 보인다. 김진욱 박세웅 나균안도 좋다. 방망이가 아쉽다. 이 기간 팀 타율이 0.267로 7위다. OPS(출루율+장타율)는 0.705로 9위다. 대신 이쪽도 올라오고 있다. 7월로 한정하면 8경기에서 팀 타율 0.296, OPS 0.751이다. 골고루 해주고 있다. 덕분에 승리가 많다. 아쉬운 구석도 있다. 나승엽과 윤동희다. 나승엽은 올시즌 48경기, 타율 0.228, 5홈런 27타점 기록 중이다. OPS는 0.657이다. 윤동희 또한 시즌 47경기, 타율 0.231, 4홈런 12타점, OPS 0.701로 좋지 않다. 둘 다 지난 6일 말소됐다. 결국 언젠가는 1군에 올라와서 한 자리 잡아줘야 한다. 보여준 게 있는 선수들이다. 김태형 감독도 ""지금 상태면 안 된다. 더 잘해줘야 한다""고 강조한다. 믿음을 완전히 놓은 건 아니다. 후반기 바로 복귀할 가능성이 커 보이지는 않는다. 올스타 브레이크가 꼈다. 퓨처스에서 뭔가 보여줘야 하는데 내려가서 한 경기도 뛰지 않았다. 말소된 6일이 퓨처스리그 전반기 최종일이었기 때문이다. 떨어진 감부터 되찾아야 한다. 결국 롯데는 나승엽과 윤동희가 필요하다. 다시 올라와 펑펑 때려줘야 한다. 퓨처스에서 좋은 모습 보이면서 김 감독에게 좋은 리포트가 올라가게 만들어야 한다. 괜히 1군 주전이 아니다. 이쪽이 빠지면 길게 봤을 때 팀은 손해일 수밖에 없다. raining99@sportsseoul.com",https://v.daum.net/v/1faAdVKpSa
2026.07.14 05:54,"‘통크게 쐈네’ 최지만, 울산 웨일즈 선수단 전원에게 슬리퍼 선물…“고마움 전하고 싶었어”",스포츠서울,"[스포츠서울 | 김동영 기자] 울산 웨일즈 '지맨' 최지만(35)이 선수단을 위한 특별한 선물을 준비했다. 팀 분위기 또한 훈훈해졌다. 최지만은 14일 후반기 힘찬 출발을 응원하는 마음을 담아 선수단과 코치진 전원에게 슬리퍼를 선물하며 동료들을 향한 감사와 응원의 마음을 전했다. 이번 선물은 무더운 여름철 훈련 선수들에게 큰 호응을 얻었다. 최지만은 “한국에서 첫 팀인 울산 웨일즈에서 좋은 동료들과 함께할 수 있어 감사한 마음을 전하고 싶었다”며 “작은 선물이지만 선수들이 훈련과 경기 후 조금이나마 편안한 시간을 보내는 데 도움이 되길 바란다”고 말했다. 선수단 역시 예상치 못한 선물에 감사의 뜻을 전했다. 민성우는 “최지만 선배의 따뜻한 마음 덕분에 팀 분위기가 더욱 좋아졌다”며 고마움을 전했다. 울산 웨일즈 관계자는 “최지만이 팀에 합류한 이후 동료들을 먼저 생각하는 모습을 꾸준히 보여주고 있다”며 “이번 선물 역시 선수단에 긍정적인 에너지를 전하며 팀워크를 다지는 계기가 됐다”고 말했다. 한편 최지만은 울산 웨일즈 합류 직후 첫 훈련 당시 선수단과 구단 관계자들을 위해 커피차를 선물하는 등 팀과 동료들을 위한 나눔을 이어가고 있고, 후반기 레이스를 앞두고 컨디션을 끌어올리고 있다. raining99@sportsseoul.com",https://v.daum.net/v/QnIGIjgRyO
2026.07.14 05:52,"커피차는 시작이었다…최지만의 또 한 번의 통 큰 선물, 이번엔 슬리퍼였다",OSEN,"[OSEN=손찬익 기자] 울산 웨일즈 최지만이 또 한 번 동료들을 위한 깜짝 선물로 팀 분위기를 달궜다. 울산 웨일즈는 14일 최지만이 후반기 선전을 기원하는 의미를 담아 선수단과 코칭스태프 전원에게 슬리퍼를 선물했다고 밝혔다. 무더운 여름철 훈련과 경기를 소화하는 선수들이 보다 편안하게 휴식을 취할 수 있도록 마련한 선물이다. 최지만은 ""한국에서의 첫 팀인 울산 웨일즈에서 좋은 동료들과 함께할 수 있어 감사한 마음을 전하고 싶었다""며 ""작은 선물이지만 훈련과 경기 후 조금이나마 편안한 시간을 보내는 데 도움이 됐으면 좋겠다""고 말했다. 선수단도 예상치 못한 선물에 반가움을 감추지 않았다. 민성우는 ""최지만 선배의 따뜻한 마음 덕분에 팀 분위기가 더욱 좋아졌다""며 감사의 뜻을 전했다. 구단도 최지만의 리더십을 높이 평가했다. 울산 웨일즈 관계자는 ""최지만은 팀에 합류한 이후 늘 동료들을 먼저 배려하는 모습을 보여주고 있다""며 ""이번 선물 역시 선수단에 긍정적인 에너지를 전하며 팀워크를 다지는 계기가 됐다""고 말했다. 최지만의 나눔은 이번이 처음이 아니다. 울산 웨일즈 합류 직후 첫 훈련에서는 선수단과 구단 관계자들을 위해 커피차를 준비하며 새로운 출발을 함께 축하했다. 이후에도 동료들과 적극적으로 소통하며 빠르게 팀에 녹아든 그는 후반기 레이스를 앞두고 컨디션을 끌어올리는 데도 집중하고 있다. 그라운드 안에서는 전력 보강의 핵심 자원으로, 그라운드 밖에서는 진심 어린 배려로 동료들의 신뢰를 얻고 있는 최지만이 후반기 울산 웨일즈에 어떤 시너지를 가져올까. /what@osen.co.kr",https://v.daum.net/v/GFEaMKqFTf
2026.07.14 05:48,고교 투수 맞춤형 ‘S&C 트레이닝 교육’ 성황리 마무리… “한국 야구 미래 지킨다”,스포츠서울,"[스포츠서울 | 김동영 기자] 대한야구소프트볼협회(KBSA)가 한국 야구의 미래를 이끌 고교 투수들을 위해 선진 트레이닝 기법을 전하는 자리를 마련했다. KBSA는 지난 10일부터 12일까지 사흘간 진행된 ‘고교 투수를 위한 Strength & Conditioning(S&C) 트레이닝 기법 전수 교육’을 성공적으로 마무리했다. 이번 교육은 일본프로야구(NPB)에서 널리 활용되는 최신 S&C 기법을 국내 아마추어 야구 현장에 도입하기 위해 기획됐다. 특히 투구 시 어깨와 팔에 가해지는 부하를 체계적으로 관리하는 ‘암 케어’와 관절의 올바른 움직임을 돕는 ‘가동성 훈련’을 표준화해, 성장기 학생 선수의 부상을 예방하고 선수 생명을 연장하는 데 중점을 뒀다. 강사로는 NPB 무대에서 풍부한 현장 경험을 쌓은 S&C 전문가 미야모토 타케시 트레이닝 코치가 나섰다. 미야모토 코치는 히로시마와 요코하마에서 선수단을 지도한 경험을 바탕으로 자신의 노하우를 아낌없이 전했다. 이번 교육은 참가 인원에 맞춘 밀착 지도를 위해 사흘간 총 5회차로 나뉘어 진행됐으며, 중앙고, 선린인터넷고, 경기고, 성남고, 안산공업고, 서울동산고 등의 선수들 약 120명이 참가했다. 선수들은 투구 전후 관리 루틴, 지면 반력을 활용한 파워 트레이닝, 포지션별 가동성 드릴 등 실전에 곧바로 적용할 수 있는 훈련을 소화하며 구슬땀을 흘렸다. 학생 선수뿐 아니라 지도자와 학부모를 위한 자리도 마련됐다. 11일에는 고교 코치진과 트레이너, 학부모를 대상으로 한 별도의 강습회가 열려 최신 S&C 이론과 실기 노하우를 나눴다. 프로그램은 파이널 서초캠퍼스(10일)와 한성대학교 상상관 실내체육관(11~12일)에서 진행됐다. 프로그램 참가자들의 반응은 뜨거웠다. 한 고교 투수는 “투구 전에 팔을 어떻게 관리해야 하는지 처음으로 체계적으로 배웠다”며 “실전에 적용할 훈련을 직접 익혀 자신감이 생겼다”고 소감을 전했다. 선수단을 인솔한 한 지도자 역시 “일본 프로 무대에서 검증된 훈련법을 눈앞에서 확인하고 곧바로 팀에 적용할 수 있어 유익했다”고 호평했다. KBSA 양해영 회장은 “학생 선수들이 부상 없이 성장하는 것이 곧 한국 야구의 미래 경쟁력과 직결된다”며 “이번 교육을 계기로 아마추어 현장에 표준화된 S&C 커리큘럼이 뿌리내릴 수 있도록 적극 지원하겠다”고 강조했다. 한편 협회는 이번 교육의 개최를 발판으로, 오는 9월 U15 중학 선수를 대상으로 한 트레이닝 교육을 비롯해 U18·U23 국가대표팀 소집 기간 중 트레이닝 교육, 온라인 영상 콘텐츠 제작·보급 등 후속 사업을 지속적으로 이어갈 방침이다. raining99@sportsseoul.com",https://v.daum.net/v/f1p5Yswal2
2026.07.14 05:45,[IS 이슈] 에레디아 공백 신속 대응한 SSG…마드리스 메디컬만 남았다,일간스포츠,"왼손 타자 블라이 마드리스(30)가 SSG 랜더스 유니폼을 입을 전망이다. 전미야구기자협회(BBWAA) 소속 프란시스 로메로 기자는 소셜미디어(SNS)에 '소식통에 따르면, 마드리스가 KBO리그의 SSG와 계약을 마무리 짓고 있다'고 14일(한국시간) 전했다. SSG는 외국인 타자 기예르모 에레디아가 지난 7일 잠실 두산 베어스전에서 오른쪽 어깨 회전근개를 다치면서 부상 대체 선수 영입에 나섰다. 이후 발 빠르게 마드리스와 협상을 진행했고, 현재 메디컬 테스트만 남겨뒀다. 절차상 큰 문제가 없다면 계약은 조만간 공식 발표될 전망. SSG는 올 시즌 외국인 선수 교체 카드 2장(미치 화이트→토마스 해치, 앤서니 베니지아노→페드로 아빌라)을 모두 사용했지만, 부상 대체 외국인 선수 영입은 교체 횟수에 포함되지 않아 마드리스를 단기 계약(6주)으로 영입하는 데는 문제가 없다. 마드리스는 올 시즌 세인트루이스 카디널스 산하 마이너리그 트리플A(멤피스 레드버드)에서 활약했다. 71경기에 출전한 그는 타율 0.277(235타수 65안타) 14홈런 52타점을 기록했다. 출루율(0.389)과 장타율(0.519)을 합한 OPS는 0.908. 멤피스 팀 내 홈런 2위에 오를 정도로 장타력을 과시했다. 또한 1루수와 코너 외야수를 모두 소화할 수 있어 수비 활용도 역시 높은 자원으로 평가받는다. 빅리그에서는 2022년 피츠버그 파이리츠를 시작으로 2023년 휴스턴 애스트로스, 2024년 디트로이트 타이거스에서 뛰며 세 시즌 동안 메이저리그(MLB) 무대를 경험했다. MLB 통산 성적은 72경기 타율 0.204(206타수 42안타) 2홈런 12타점이다. 풀타임 외국인 타자로도 손색이 없다는 평가를 받는 마드리스는 우선 에레디아의 부상 대체 선수로 6주간 SSG 유니폼을 입는다. 짧은 기간이지만 자신의 경쟁력을 입증할 '기회'를 잡게 됐다. 배중현 기자 bjh1025@edaily.co.kr",https://v.daum.net/v/Qlbsi42uEl
2026.07.14 05:43,"NPB 뛰는 쉬러쉬·구린루이양에 왕옌청까지 합류…대만, 최정예 멤버로 아시안게임 출격",스포츠투데이,"[스포츠투데이 강태구 기자] 대만이 아이치·나고야 아시안게임에 최정예 멤버로 출격한다. 대만 야구대표팀은 14일 아이치·나고야 아시안게임 최종 24인 명단을 발표했다. 명단엔 일본프로야구(NPB)에서 뛰고 있는 선발투수 쉬러쉬(소프트뱅크 호크스)와 구린루이양(닛폰햄 파이터스)이 포함됐다. 구린루이양은 지난 3월 월드베이스볼클래식(WBC) 한국전 대만 선발 투수로 마운드에 올라 4이닝 2피안타 1실점으로 호투했다. 당시 한국 대표팀은 구린루이양에 구위에 밀려 4회까지 단 1점도 올리지 못했고, 5회가 되서야 안현민의 볼넷과 문보경의 안타로 무사 1, 3루 찬스를 만들어 그를 마운드에서 내리는 데 성공했다. 쉬러쉬도 만만치 않다. 쉬러쉬 역시 WBC에 출전해 호주전 선발로 나서 4이닝 2피안타 무실점 피칭을 선보이면서 실질적 에이스 역할을 해냈다. 물론 쉬러쉬와 구린루이양은 올 시즌 NPB에서 각각 평균자책점 4.99, 7.50을 기록하는 등 아쉬운 모습을 보이고 있다. 허나 NPB가 한국의 KBO보다 경쟁력이 있다는 점에서 만만하게 볼 상대가 아니다. 이외에도 현재 KBO에서 전반기 7승 3패 평균자책점 3.59로 활약한 왕옌청(한화 이글스)도 명단에 이름을 올렸다. 더불어 지난 2023년에 열린 항저우 아시안게임에서 결승 포함 한국을 상대로 2차례 등판해 호투를 펼쳤던 좌완 투수 린위민 역시 이번 아시안게임에서도 모습을 드러낸다. 이미 대만은 WBC에서 경쟁력을 입증했다. WBC에선 경우의 수에서 한국에 밀려 8강 진출에 실패했으나 한국을 상대로 승리를 거두기도 했다. 동기부여도 한국 선수들에 지지 않는다. 대만도 한국처럼 아시안게임 결과에 따라 병역 혜택을 받을 수 있다. 3위 안에 들면 1년 4개월 병역 의무를 피할 수 있고, 금메달을 딸 시 향후 5년간 대표팀 의무소집 부담도 사라진다. [스포츠투데이 강태구 기자 sports@stoo.com]",https://v.daum.net/v/XHkHyrEoWW
2026.07.14 05:37,[부고] 이종혁(두산 베어스 내야수)씨 조부상,스타뉴스,"[스타뉴스 | 김우종 기자] ■ 이선로님 별세, 이종혁(두산 베어스 내야수)씨 조부상 = 14일, 빈소 충북대학교병원장례식장 특2호, 발인 16일 오전 6시 10분, 장지 청주목련원. 김우종 기자 woodybell@mtstarnews.com",https://v.daum.net/v/PtQg7XYCTs
2026.07.14 05:37,"[단독] 후라도 어깨 부상…삼성, 대체 외국인 투수 찾는 중",한겨레,"전반기를 1위로 마친 삼성 라이온즈에 비상 깜빡이가 켜졌다. 1선발 아리엘 후라도가 당분간 공을 던지지 못한다. 삼성 구단 관계자는 14일 오후 한겨레에 “후라도가 어깨 부상을 당했다. 그레이드 1 정도로 경미한 편이지만 현재 6주 대체 외국인 투수를 찾고 있다”고 밝혔다. 후라도는 전반기 동안 5승1패 평균자책점 3.11로 삼성의 마운드를 지켰다. 투수 부문 WAR(대체선수대비승리기여도)은 전체 7위(2.39)로 삼성 투수 중 가장 높다. 퀄리티 스타트(13차례·선발 6이닝 이상 3자책 이하 등판)는 10개 구단 선발 중 제일 많았다. 후라도는 원래 후반기 첫 경기인 16일 대구 롯데 자이언츠전에 선발 등판할 예정이었다. 하지만 후라도 대신 양창섭이 후반기 첫 스타트를 끊는다. 2차전(17일)은 원태인, 3차전(18일)에서는 새롭게 영입된 크리스 페덱이 KBO리그 첫 데뷔 마운드에 올라 공을 던질 계획이다. 김양희 기자 whizzer4@hani.co.kr",https://v.daum.net/v/y1E4WmDgw7
2026.07.14 05:32,"""대표팀 핵심"" 한화 왕옌청, 나고야에서 한국 AG 5연패 방해하나…대만 AG 대표팀 확정, '한국 킬러' 구린루이양-린위민 포함",OSEN,"[OSEN=조형래 기자] 프로야구 한화 이글스의 아시아쿼터 투수 왕옌청이 아이치-나고야 아시안게임에 나서는 대만 야구대표팀에 선발됐다. 대만은 14일, 오는 9월 열리는 나고야-아이치 아시안게임 야구 종목에 나서는 24명의 대표팀 명단을 공개했다. 이 명단에는 올해 한화 이글스의 아시아쿼터로 활약하고 있는 왕옌청도 포함됐다. 왕옌청은 올해 KBO리그에 첫 발을 내딛으면서 17경기 7승 3패 평균자책점 3.59의 성적으로 한국 무대에 연착륙했다. 지난 3월 열린 월드베이스볼클래식(WBC) 대표팀 합류도 점쳐질 만큼 대만에서도 인정 받고 있었던 왕옌청은 아시안게임 대표팀에 선발되면서 한국의 아시안게임 야구 5연패에 큰 장애물이 될 전망이다. ‘대만 야후 스포츠’에서는 ‘올해 한국프로야구에서 뛰어난 활약을 펼친 왕옌청은 선발진의 핵심 자원이 될 가능성이 높다’라고 전망했다. 아울러 이번 대만 대표팀은 대만프로야구 선수들보다는 대만실업리그와 일본프로야구, 미국 마이너리그에서 뛰었던 선수들이 대거 합류했다. 프로 선수 13명과 아마추어 선수 11명, 소속 리그로 따지면 미국 마이너리그 소속 4명, 일본프로야구 소속 3명, KBO리그 1명, 대만프로야구에서는 5명이 차출됐다. 그리고 대만실업야구에서는 11명이 선발됐다. 지난 월드베이스볼클래식(WBC)에서 한국전 선발 등판해 4이닝 2피안타 1볼넷 1탈삼진 1실점의 호투를 펼친 우완 파이어볼러 구린루이양(니혼햄 파이터스)과 최근 국제대회에서 연거푸 만난 좌완 킬러 린위민(애리조나 다이아몬드백스 산하 마이너)가 포함됐다. 아울러 한국전 김도영에게 투런 홈런을 맞았던 좌완 투수 린웨이언(오클랜드 애슬레틱스 산하 마이너), 곽빈에게 홈런을 터뜨렸던 내야수 정쭝저(보스턴 레드삭스 산하 마이너) 등 지난 WBC에서 한국과 인연이 깊었던 선수들이 대거 포함됐다. 이들 외에도 ‘대만의 문동주’라고 불리는 쉬뤄시(소프트뱅크 호크스), 쑨이레이(니혼햄 파이터스), 좡천중아오(오클랜드 애슬레틱스 산하 마이너), 판원후이(필라델피아 필리스) 등 해외파 선수들이 이번 대표팀 명단에 포함됐다. /jhrae@osen.co.kr",https://v.daum.net/v/Z4OQVpFYWF
2026.07.14 05:31,"전반기 1위는 삼성 “그러나 선두 경쟁 LG가 유리하다” 우세, 키플레이어는 페덱···반환점 도는 2026 프로야구, 해설위원 5인에게 물었다",스포츠경향,"승률 0.002차 1·2위. 삼성(51승2무32패)과 LG(52승33패)가 후반기 59경기를 남기고 정규리그 1위를 향한 스퍼트를 준비한다. 삼성은 전반기 최종전이던 LG와의 3연전에서 2승1패로 위닝시리즈를 기록, 선두로 후반기를 맞게 됐다. 삼성이 10개 구단 체제에서 전반기 1위를 차지한 건 2015년 이래 11년 만이다. 시즌 전 전문가 대부분의 예상대로 디펜딩 챔피언 LG와 한국시리즈에서 격돌한 삼성이 양강을 형성했다. 줄곧 선두권을 경쟁하던 KT는 전반기 막판 고전하며 3.5경기 차 3위로 밀렸다. 후반기의 바라보는 시선도 크게 다르지 않다. 두 팀간 선두 경쟁 구도가 이어진다는데 이견이 없다. 10개 구단 체제가 확립된 2015년부터 지난 시즌까지 11시즌 동안 전반기 최고 승률 팀이 정규리그 최종 1위까지 차지한 경우는 9번에 달했다. 확률로 따지면 81.8%다. 삼성에게 심리적 우위를 주는 데이터지만, 전문가들의 전망에는 전반기와 마찬가지로 LG의 우세에 힘이 실린다. 정민철 MBC 해설위원은 “삼성도 이재현, 배찬승 등의 공백을 안고 싸웠지만, 그래도 LG에 비하면 전력 세팅이 잘 된 상황이었다. 삼성은 야구를 잘했다고 하면, LG는 잘 버틴 전반기였다”고 평가하며 “후반기 상승 전력을 고려하면 LG가 더 나아질 것으로 본다. 오스틴 딘이 타선을 이끄는 가운데 박동원, 홍창기, 문보경, 신민재 등이 결국 자신의 평균을 찾아갈 때 후반기 순위 경쟁에서 큰 도움이 될 것”이라고 말했다. 조성환 KBS N 해설위원도 비슷한 관점에서 “전반기 주전 개개인으로 봤을 때 LG는 온전히 실력을 발휘하지 못했다. 전반기에 지금 정도의 팀 스탯으로 1위을 달렸다. 문보경, 홍창기 등이 조금 살아났을 때 경기력은 더 좋아질 것”이라고 설명했다. LG는 후반기를 앞두고 마운드를 재정비하며 선두 탈환을 노린다. 6월초 왼쪽 등 담 증세로 전열을 이탈한 좌완 송승기를 후반기에 맞춰 선발로 준비시켰다. 전반기 셋업맨으로 출발해 대체 마무리 투입, 그리고 선발로 가능성을 확인한 장현식은 올스타 휴식기에 몸을 더 만든 뒤 5선발로 들어간다. 염경엽 감독은 지난해 신인드래프트에서 전체 8번으로 지명한 우완 기대주 양우진의 활용 가능성도 열어놨다. 전반기 뒷문 불안은 선발이던 손주영이 들어가 지웠다. 지난 시즌 30경기 13승6패 평균자책 3.31의 성적으로 통합 우승의 주역인 외국인 1선발 요니 치리노스아 팔꿈치 부상 여파로 구위가 떨어지자 5월말 일찌감치 결별한 LG는 허약해진 불펜 보강을 위해 우완 강속구 투수 약셀 리오스를 데려왔다. 리오스의 경기력은 아직 만족스럽지 않다. 이순철 SBS 해설위원은 이 부분을 주목하며 “불펜에서 우강훈을 빼면 믿을 옵션이 적다. 선발이 아닌 불펜 외국인 투수를 쓰는 점도 아쉽다”면서도 “그러나 경기를 풀어낼 수 있는 능력에서 LG가 앞선다”고 했다. 최준석 SPOTV 해설위원은 “삼성의 전반기 막판 경기력이 좋았지만 LG의 뎁스를 무시할 수 없다. 워낙 기본 전력이 탄탄한 팀”이라면서 “후반기에는 좋은 흐름에서 얼마나 많은 연승을 만들어낼지가 중요한 승부처가 될 것이다. 안정적인 마운드 전력에 수준급 선수로 채워진 야수 뎁스와 우승 경험, 그리고 염경엽 감독의 선수 관리와 작전 야구에도 높은 점수를 주고 싶다”고 했다. 5명의 해설위원 중 삼성을 택한 건 김선우 MBC 해설위원 뿐이다. 고민 끝에 삼성을 지목한 김선우 위원은 “삼성은 지난 몇 시즌 꾸준히 포스트시즌 경기를 치르며 어린 선수들이 큰 경기 경험을 많이 쌓았다는 점을 무시할 수 없다. 베테랑과 조화, 불펜의 안정감 등 전력 밸런스가 좋다”고 평가했다. 삼성은 지난해 홈런왕 르윈 디아즈에 구자욱, 김영웅, 여기에 다시 삼성으로 복귀한 베테랑 최형우까지 더한 막강 타선을 구축했다. 또 허리 통증으로 전열을 이탈한 유격수 이재현도 실전 감각을 끌어올린 뒤 21일 키움 원정길부터 합류 예정이다. 어깨와 팔꿈치 부상으로 회복기를 가진 배찬승, 장찬희가 7월 중 마운드에 돌아온다. 두 선수 모두 큰 부상은 아니지만 삼성 벤치는 후반기 승부수를 위해 미리 조금 아꼈다. 여기에 해설위원들이 공통적으로 꼽는 삼성의 변수는 올스타 휴식기에 영입한 새 외국인 투수 크리스 페덱의 활약 여부다. 일단 페덱은 화려한 커리어를 자랑하는 선수다. 미국 메이저리그 통산 132경기(119선발)에 등판해 32승43패, 평균자책 4.83을 기록했다. 김선우 위원은 “페덱이 메이저리그에서 좋은 활약을 보여줬을 때를 기억한다. 그때는 최고였다. 불과 얼마 전까지 빅리그에서 뛴 만큼 삼성 마운드에 큰 도움이 될 것”이라고 말했다. 1996년생 페덱은 196㎝ 98㎏의 당당한 하드웨어에서 뿌리는 높은 타점, 공격적인 피칭이 돋보이는 우완 강속구 투수다. 샌디에이고 파드리스에서 빅리그에 데뷔한 2019시즌에는 9승7패 평균자책 3.33의 호성적을 내 주목받기도 했다. 마이너리그에서도 통산 40경기(35선발) 13승7패, 평균자책 1.92에 이닝당 출루허용률(WHIP) 0.82의 수준급 성적을 남겼다. 조성환 위원은 “삼성에서 아리엘 후라도, 원태인은 퀄리티스타트 피처다. 페덱이 확실한 에이스 투수 역할을 해줘야 한다”며 키플레이어로 지목했다. 두 팀은 전반기 맞대결에서 삼성이 6승5패로 앞섰지만 팽팽했다. 남은 시즌 5번의 맞대결도 남았다. 최준석 위원은 “한 쪽을 압도할 수 있는 전력 차가 아니라서 마지막까지 치열하게 전개될 것 같다”고 예상했다. 이정호 기자 alpha@kyunghyang.com",https://v.daum.net/v/Z3tKyrEozQ
2026.07.14 05:30,"'트리플A 14홈런' 검증된 장타자 온다! SSG, 에레디아 대체 외인 마드리스 영입 임박?…美 매체 ""계약 마무리 단계""",엑스포츠뉴스,"(엑스포츠뉴스 이우진 기자) 미국 마이너리그에서 뛰어난 타격감을 과시한 외야수 블라이 마드리스(30)가 KBO리그 SSG 랜더스 유니폼을 입을 전망이다. 마드리스는 좌측 어깨 회전근개 부상으로 이탈한 기예르모 에레디아의 공백을 메울 대체 외국인 선수로 낙점된 것으로 알려졌다. 미국 메이저리그 이적시장 전문 매체 'MLB 트레이드 루머스(MLBTR)'는 14일(한국시간) ""외야수 블라이 마드리스가 KBO리그 SSG 랜더스와 계약을 앞두고 있다""고 전했다. 매체에 따르면 마드리스는 지난 주말 세인트루이스 카디널스 구단으로부터 마이너리그 계약 해지를 허가받았다. KBO리그 이적 기회를 잡기 위해 방출을 요청했고, 구단도 이를 받아들인 것으로 전해졌다. 마드리스는 2026시즌 세인트루이스 산하 트리플A 멤피스 레드버즈에서 커리어 최고의 시즌 중 하나를 보내고 있었다. 'MLBTR'은 ""마드리스는 트리플A 멤피스에서 뛰어난 활약을 펼치고 있었다""고 평가했다. 실제로 그는 올 시즌 타율 0.277, 출루율 0.389, 장타율 0.519를 기록했고, 14개의 홈런을 터뜨리며 중심 타선을 이끌었다. 특히 타석의 15%를 볼넷으로 출루했고 삼진율은 리그 평균 수준인 22%에 그쳐 뛰어난 선구안과 안정적인 타격 능력을 함께 보여줬다. 매체는 마드리스의 꾸준한 마이너리그 생산성에도 주목했다. 그는 트리플A에서만 6시즌 동안 2000타석 이상을 소화하며 통산 타율 0.255, 출루율 0.350, 장타율 0.450을 기록했다. 단기간의 반짝 활약이 아니라 오랜 기간 경쟁력을 입증한 타자라는 평가다. 마드리스는 2017년 메이저리그 신인드래프트 9라운드에서 피츠버그 파이리츠의 지명을 받으며 프로 생활을 시작했다. 이후 피츠버그를 비롯해 휴스턴 애스트로스, 디트로이트 타이거스에서 메이저리그 무대를 경험했다. 다만 빅리그에서는 마이너리그만큼의 성과를 내지 못했다. 메이저리그 통산 72경기에 출전해 타율 0.204, 출루율 0.273, 장타율 0.286을 기록하는 데 그쳤고, 2024시즌을 끝으로 메이저리그 무대를 밟지 못했다. 'MLBTR'은 ""이번 KBO리그 진출은 마드리스의 첫 해외리그 도전""이라면서도 ""그는 그동안 호주와 멕시코, 푸에르토리코 윈터리그에서 꾸준히 뛰며 다양한 환경을 경험했다""고 설명했다. SSG의 외국인 선수 운영 상황도 함께 전했다. KBO리그는 아시아 쿼터를 제외한 외국인 선수 3명만 엔트리에 등록할 수 있는데, SSG는 최근 투수 토마스 해치, 페드로 아빌라를 영입하는 대신 미치 화이트와 앤서니 베니지아노를 방출하며 외국인 선수 구성을 대대적으로 손봤다. 여기에 기존 외국인 타자 에레디아가 왼쪽 어깨 회전근개 부상으로 전력에서 이탈하면서 새로운 타자 영입이 불가피해졌다. 매체는 ""에레디아가 왼쪽 어깨 회전근개 부상으로 어려움을 겪고 있는 것으로 알려졌다""며 ""마드리스가 단기적으로 그의 자리를 대신할 것으로 보인다""고 전망했다. 마드리스는 코너 외야는 물론 1루 수비까지 소화할 수 있는 자원으로 평가받는다. 트리플A에서 검증한 장타력과 출루 능력을 KBO리그에서도 재현한다면, 에레디아의 공백을 메우는 것은 물론 SSG의 후반기 순위 경쟁에도 중요한 변수로 떠오를 전망이다. 사진=연합뉴스 / 엑스포츠뉴스DB 이우진 기자 wzyfooty@xportsnews.com",https://v.daum.net/v/GjIN931yZn
2026.07.14 05:27,메이저리그 투수 평균 구속 152.4㎞… 역대 가장 빨랐다,매일경제,"2026시즌 미국프로야구 메이저리그(MLB) 전반기 마운드에 오른 투수들의 구속이 역대 최고를 기록한 것으로 나타났다. AP는 14일(한국시간) “올해 MLB 직구 평균 구속이 지난 12일 기준 시속 94.7마일(약 152.4㎞)을 기록했다. 이는 처음 구속 추적을 시작했던 2008년 시속 91.9마일(147.9㎞)을 비롯해 2021년 시속 93.7마일(150.8㎞), 지난해 시속 94.5마일(152.1㎞)보다 높다”고 전했다. 지난해 전반기 기준으로도 시속 94.4마일(151.9㎞)로 측정됐는데, AP는 “올해 최종 구속이 약간 더 높아질 가능성이 있다”고 전했다. 뉴욕 메츠 내야수 마커스 시미언은 AP 인터뷰에서 “예전에는 시속 98마일을 던지는 투수가 누군지 알 수 있었다. 하지만 이제는 신인 투수도 시속 98마일을 던질 수 있다. 그만큼 훈련 수준이 높아졌다”며 현장 분위기를 전했다. 실제로 올 시즌 오른손 투수의 평균 구속은 시속 95.2마일(153.2㎞)에 달하고, 오른손 구원 투수만 놓고 보면 이보다 높은 시속 95.6마일(153.9㎞)까지 올라갔다. 또 마이너리그 트리플A의 평균 구속도 시속 93.6마일(150.6㎞)을 기록, 측정을 시작한 2022년(시속 92.7마일·149.2㎞)보다 빨라졌다. AP는 “현재 투수 6명이 평균 포심 패스트볼 구속 시속 100마일(약 160.9㎞)을 기록하고 있다”고 전했다. 이중에는 밀워키 브루어스의 24세 선발 투수 제이콥 미저라우스키가 평균 구속 100.5마일(161.7㎞)을 기록중이고, 구원 투수 중에서는 애슬레틱스의 메이슨 밀러가 시속 101.3마일(163㎞)로 가장 빠른 구속을 자랑했다. 패스트볼 구종 구성도 다양해져 포심 패스트볼이 지난해 31.8%에서 올해 30.4%로 감소한 반면, 싱커는 지난해 15.5%에서 올해 16.6%로, 커터는 작년 7.5%에서 올해 7.8%로 늘었다. 전체적으로 변화구가 13.6%에서 14.3%로 상승했다. 현장에서 활동중인 선수들은 투수들의 구속 향상 원인으로 생체역학에 대해 이전보다 훨씬 잘 이해하게 되면서 공을 빠르게 던지는 방법을 파악하기가 쉬워진 점을 들었다. 여기에다 강속구가 유소년 선수 육성의 중요한 요소가 된 것도 한 요인으로 분석했다. 투수들의 구속이 빨라지면서 타자들은 반대로 고충이 커졌다. 올시즌 메이저리그 전체 타율은 0.244에 머물러 있다. 시카고 컵스 간판 알렉스 브레그먼은 “결국 타자들은 칠 수 있는 좋은 공을 찾아서 좋은 스윙을 해야 한다”고 강조했다.",https://v.daum.net/v/bJzvroiPWU
2026.07.14 05:27,"'NC 불펜포수 출신' 이건희, 日 명문 요미우리와 육성선수 계약",뉴스1,"(서울=뉴스1) 이상철 기자 = NC 다이노스에서 불펜포수로 활동한 이건희(26)가 일본프로야구 명문 요미우리 자이언츠와 육성선수 계약을 맺었다. 요미우리 구단은 14일 ""일본프로야구 2군 하야테 벤처스 시즈오카에서 뛰는 이건희와 육성선수 계약을 체결했다""고 밝혔다. 이건희는 등번호로 '009'를 받았다. 경북고와 단국대를 졸업한 이건희는 KBO리그 팀의 지명을 받지 못했고, 2023년 NC의 2군 불펜포수로 한 시즌을 소화했다. 이후 NC를 나와 병역을 이행한 이건희는 야구선수의 꿈을 포기하지 않고, 일본 무대로 진출했다. 그는 트라이아웃을 거쳐 하야테에 입단, 이번 시즌 2군리그 30경기에 나가 타율 0.224와 7타점을 기록했다. 일본 매체 스포츠호치는 ""요미우리는 육성 포수의 부상과 컨디션 난조로 포수 자원이 부족한 상황""이라며 이건희의 육성선수 계약 배경을 설명했다. rok1954@news1.kr",https://v.daum.net/v/pIu8q5HlX9
2026.07.14 05:23,3연패 → 3연승 '반전' 상승세 탈까? '꼴찌' 뒷문이 불안해…'수성률 85%' 수문장은 건재하다 [SC포커스],스포츠조선,"[스포츠조선 김영록 기자] KT 위즈가 자랑하던 철벽 불펜이 흔들리고 있다. 하지만 '수문장'은 건재하다. KT의 2026년은 예년과는 많이 다르다. '뒷심'의 팀이었던 KT가 올해는 초반 스퍼트를 올렸다. 그리고 뒷심이 흔들리고 있다. 3~4월 성적이 무려 19승9패, 승패마진이 +10이었다. 하지만 5월에는 +2에 그쳤고, 급기야 6월 월간 승률은 5할 아래(11승12패)로 떨어졌다. KT가 자랑했던 불펜의 균열이 문제다. 6월 이후 KT의 팀 불펜 평균자책점은 무려 6.09. 10개 구단 중 꼴찌다. 9위 SSG 랜더스(5.85)와도 차이가 있다. 한승혁과 스기모토 등 필승조부터 김민수 이상동 전용주 등 그에 준하는 투수들까지, 불펜이 통째로 주저앉았다. 시즌 흐름이 차츰 하강한 이유다. 거듭된 하락세에도 전반기 종료 시점에 3위를 지킨게 어쩌면 기적 같은 일이었다. 그래도 이강철 KT 감독에겐 믿을 구석이 있다. 마무리 박영현이다. 박영현은 올시즌에도 건재하다. 전반기 34경기 38이닝을 소화하면서 패전 없이 6승 17세이브를 올렸다. 평균자책점은 2.61. 삼성 라이온즈 김재윤(22세이브) LG 트윈스 손주영(19세이브)에 이어 세이브 3위다. 지난해(35세이브)에 이은 2년 연속 세이브왕 도전도 아직 충분히 가능하다. KT 불펜이 흔들릴수록 박영현은 더욱 견고해졌다. 6월 이후 박영현의 평균자책점은 무려 1.98. KT의 뒷문을 철저하게 걸어잠궜다. 8번의 연투, 11번의 멀티이닝에도 흔들림이 없었다. 올시즌 블론은 단 3개뿐, 리드 수성률이 85%(17/20)에 달한다. 같은 기간 소형준(2.45) 고영표(3.47) 등 선발투수들이 조금씩 살아나고, 케일럽 보쉴리의 단기 대체로 영입한 로건 앨런(3.68)이 자기 역할을 해준 덕분에 KT는 가까스로 3위를 지킬 수 있었다. 7월초 한화 이글스-롯데 자이언츠에 3연패를 당했을 때는 그대로 무너지는 것 같았다. 하지만 롯데와의 마지막 경기를 잡아내고, 키움 히어로즈 상대로 2승을 추가하면서 일단 분위기 반등에는 성공했다. 이제 후반기는 10개 구단 모두가 전력질주다. 전반기까지 진행된 경기수는 82~87경기. 올시즌은 우천 취소가 많지않아 예년 대비 전반기에 소화한 경기수가 많다. 3경기반 차이 선두 다툼 중인 삼성과 LG 트윈스를 따라잡고 한국시리즈 우승을 일궈내야하는 KT로선 각오를 다져야한다. 무엇보다 KT는 7~8월 안에 승부를 걸어야하는 입장이라 마음이 한층 바쁘다, 9월에는 박영현이 아이치-나고야 아시안게임 대표팀으로 차출되기 때문. '강철매직'의 머릿속 계산기는 오늘도 바쁘게 돌아가고 있다. 김영록 기자 lunarfly@sportschosun.com",https://v.daum.net/v/0xHBhcNdz7
2026.07.14 05:08,"'순창군수배 정상 등극' 김포시위드유소년야구단, 에이스 대거 부상 복귀! ""궁극적으로 우승 목표...패배 속에서도 배우겠다"" [마이데일리배 참가팀 소개 ④]",마이데일리,"[마이데일리 = 노찬혁 기자] ""승패를 떠나 동료들과 함께 '즐기는 야구'를 펼치며, 궁극적으로는 우승컵을 들어 올리겠다."" 마이데일리가 주최하고 대한유소년야구연맹(회장 이상근)이 주관하는 '제3회 마이데일리배 전국유소년야구대회'가 오는 17일 횡성베이스볼테마파크에서 개막을 앞둔 가운데, 탄탄한 투수진과 짜임새 있는 전력을 구축한 김포시위드유소년야구단이 강력한 우승 후보로 출사표를 던졌다. 김포시위드유소년야구단은 대한유소년야구연맹 내에서 꾸준히 정상급 기량을 증명해 온 강호다. 특히 올해 펼쳐진 제11회 순창군수배 꿈나무 청룡리그에서 당당히 우승을 차지하며 매서운 상승세를 유지하고 있다. 이번 대회를 앞두고 김포시위드유소년야구단은 전 연령대에 걸쳐 기대 요소를 두루 갖췄다. 주니어 리그는 팀의 중심이자 안방마님인 오성식이 화끈한 타격을 예고한 가운데, 부상에서 돌아온 에이스 투수 정현배가 마운드를 굳건히 지킬 예정이다. 유소년 청룡리그의 경우 주전 포수 이해승과 투수 김태윤이 부상으로 이탈하는 악재를 맞았으나, 최고 구속 126km의 강속구를 자랑하는 에이스 최주원이 부상에서 전격 복귀해 기대감을 키우고 있다. 여기에 꿈나무리그 마운드를 책임지는 박현준, 정태건, 김수현이 안정적인 피칭을 이어가고 있어 대회 기간 효율적인 투수진 운영이 가능할 전망이다. 처음으로 출전하는 새싹리그 역시 에이스 투수 김지후의 피칭이 눈여겨볼 만한 관전 포인트로 꼽힌다. 최훈 감독은 이번 대회를 앞두고 선수들의 성실함과 성장에 초점을 맞췄다. 최 감독은 ""선수들이 무더운 날씨 속에서도 성실하게 훈련에 임해왔고 그 과정에서 실력이 많이 향상됐다""며 ""특히 첫 출전하는 새싹리그에 대한 기대가 크다. 결과보다 중요한 것은 '즐기는 야구'인 만큼 선수들이 부담 없이 자신의 기량을 펼치고 성장하는 계기가 되기를 바란다""고 바람을 전했다. 매년 마이데일리배 무대를 밟아온 김포시위드유소년야구단은 대회가 가진 독보적인 상징성에 대해 극찬을 남겼다. 최 감독은 ""마이데일리배는 전국 최고 규모의 대회로 스피드킹, 홈런더비 등 다양한 이벤트가 함께 열려 선수들에게 특별한 경험을 제공한다""며 ""또한 전국의 내로라하는 강팀들과 실력을 겨뤄볼 수 있는 꿈의 무대라는 점에서 매우 의미 있는 대회""라고 평가했다. 순창군수배 우승의 기운을 그대로 이어받아 김포시위드유소년야구단은 이번 마이데일리배에서 또 하나의 트로피를 조준한다. 최 감독은 ""항상 즐거운 분위기 속에서 최선을 다하는 것이 목표이며 궁극적으로는 우승을 목표로 하고 있다""며 ""승패도 중요하지만 패배 속에서도 배울 점이 많다고 생각하기에, 모든 경기를 통해 한 단계 더 성장하는 모습을 보여주겠다""고 다짐을 밝혔다.",https://v.daum.net/v/9xj9mCsAI1
2026.07.14 05:07,"10구단 체제 KBO 전반기 1위, 최종 1위 놓친 건 단 '2번'",연합뉴스,"(서울=연합뉴스) 이대호 기자 = 프로야구 KBO리그에서 전반기 1위가 갖는 의미는 단순한 반환점 선두 그 이상이다. 10개 구단 체제가 확립된 2015년부터 지난 시즌인 2025년까지 11시즌 동안 전반기 최고 승률 팀이 정규리그 최종 1위까지 차지한 경우는 9번에 달했다. 확률로 따지면 81.8%다. 전반기 막판 10경기 8승 2패 상승세를 앞세워 LG 트윈스를 밀어내고 51승 32패 2무(승률 0.614)로 1위를 차지한 삼성 라이온즈에는 반가운 데이터다. 삼성은 전반기 팀 타율 3위(0.275)와 팀 평균자책점 2위(4.11)의 균형 잡힌 전력을 앞세워 순위표 꼭대기를 점령했다. 연승과 연패를 반복하는 등 다소 기복은 있었어도, 한 번 상승세를 타면 기세를 이어가는 저력은 10개 구단 가운데 최고였다. KBO 전반기와 최종 정규시즌 승률의 '피어슨 상관계수'는 0.88이다. 피어슨 상관계수는 두 현상이 얼마나 맞물려 움직이는지 보여주는 지수이며, 1에 가까울수록 강력한 인과관계가 있다는 의미다. 보통 기온과 아이스크림 판매량의 상관계수를 0.85∼0.90으로 본다. 그만큼 삼성이 후반기 순위표에서도 높은 곳을 점령할 가능성이 크다고 설명할 수 있다. KBO 올스타 휴식기는 구단별로 80경기 안팎을 소화한 뒤 찾아온다. 이 시점에는 일시적인 운이나 변수가 평균으로 수렴하고, 구단이 지닌 투타 전력에 따라 승률이 굳어진다. 상관계수를 제곱한 결정계수를 보면 더 명확해진다. 0.88의 제곱은 0.77이며, 각 팀의 최종 승률이 결정되는 이유의 77%는 전반기 성적만으로 설명 가능하다는 의미다. 나머지 23%만이 후반기 반등이나 트레이드, 부상 등 변수로 움직인다. 52승 33패(승률 0.612)로 삼성에 승률 0.002가 뒤처진 LG는 여기에 기대해야 한다. 2019년 두산 베어스는 전반기까지 1위 SK 와이번스(현 SSG 랜더스)에 8경기 뒤처진 3위였다가 후반기 질주로 한국시리즈에 직행해 통합 우승을 일궜다. 당장 LG는 지난해 전반기를 한화 이글스에 4.5경기 밀린 2위로 마쳤다가 후반기 역전에 성공해 통합 우승을 달성한 바 있다. 강한 상관관계를 깨고 후반기에 가장 극적으로 변화했던 사례는 2023년 kt wiz와 지난해 롯데 자이언츠가 남겼다. kt는 전반기를 승률 0.474(7위)로 마친 뒤 무서운 상승세로 최종 승률 0.560(2위)을 해 거의 변동 폭 0.084를 기록했다. 롯데는 전반기 승률 0.547(3위)로 가을야구를 눈앞에 두는 듯했다가 거짓말 같은 12연패와 함께 최종 승률 0.478(7위)로 미끄러지는 아픔을 겪었다. 후반기 프로야구는 16일 4연전으로 다시 시작한다. 4bun@yna.co.kr (끝) ▶제보는 카톡 okjebo",https://v.daum.net/v/z0gKrImjGa
2026.07.14 05:07,"WBC 원투펀치에 왕옌청까지 가세했다… AG 대만 야구, 최강 전력으로 나온다",스포츠경향,"9월 열리는 아이치·나고야 아시안게임, 대만 야구도 진심이다. 월드베이스볼클래식(WBC)에서 맹활약한 파이어볼러들이 대거 대표팀 명단에 이름을 올렸고, 한화 왕옌청까지 가세했다. 대회 5연패를 노리는 한국 야구 대표팀의 부담이 커졌다. 대만은 14일 아시안게임 야구 대표팀 24인 명단을 공식 발표했다. 일본프로야구(NPB)에서 활약 중인 선발 원투 펀치 쉬러시(소프트뱅크)와 구린루이양(닛폰햄)을 모두 선발했다. 구린루이양은 지난 3월 WBC 한국전 대만 선발 투수로 등판해 4이닝을 2피안타 1실점으로 틀어막았다. 한국 대표팀은 시속 150㎞ 중반대 구린루이양의 구위에 막혀 4회까지 1점도 내지 못했다. 5회 들어서야 안현민의 볼넷과 문보경의 안타로 무사 1, 3루를 만들면서 구린루이양을 끌어내렸고 바뀐 투수를 상대로 셰이 위트컴이 병살타로 동점을 만들었다. 쉬러시는 그 구린루이양과 비교해도 전체적인 완성도에서 오히려 앞선다는 평가다. 3월 WBC때도 대만 대표팀의 실질적인 에이스였다. 호주전 선발로 나가 4이닝 2피안타 무실점 피칭을 했다. 쉬러시와 구린루이양은 올 시즌 NPB에서 각각 평균자책 4.99, 7.50을 기록 중이다. 뛰어난 성적은 아니지만, NPB가 KBO리그보다 한 단계 수준 높은 리그라는 걸 부인하기 어렵다. KBO리그에서 올 시즌 전반기 7승 3패 평균자책 3.59로 맹활약한 한화 왕옌청도 대만 대표팀에 이름을 올렸다. 2023년 항저우 아시안게임에서 결승 포함 한국을 상대로 2차례 등판해 호투했던 좌완 린위민도 함께 선발됐다. 변수가 있다면 쉬러시의 건강 문제다. 대만 매체 ‘고 베이스볼’은 “최근 부상으로 수술 예정이라던 쉬러시가 명단에 포함됐다”고 전했다. 린쭝청 대만야구협회 사무총장은 “소프트뱅크로부터 쉬러시가 수술 예정이라는 통보는 받았다. 다만 대표팀 명단을 제출할 당시만 해도 부상이나 수술 가능성에 대해 답변을 받지 못한 상태였다. 소프트뱅크 구단이 수술 관련 증빙을 제출하면 선수 교체도 가능하다”고 했다. 그러나 쉬러시가 빠진다고 해도 대만 마운드는 막강하다. WBC 당시 ‘경우의 수’를 극적으로 뚫어낸 한국에 밀려 8강 진출에 실패했지만, 대만 마운드는 그 위력을 충분히 인정받았다. 대만은 WBC 팀 평균 구속 149.5㎞로 144.9㎞에 그친 한국을 구속에서 크게 압도했다. 동기부여 역시 대단히 강하다. 대만도 한국처럼 아시안게임 결과에 따라 병역 혜택을 받는다. 3위 안에만 들어도 1년 4개월 병역 의무를 피할 수 있고, 금메달을 따면 향후 5년간 대표팀 의무소집 부담까지 사라진다. 대만은 항저우 대회 예선에서 한국을 4-0으로 꺾었다. 결승전에서도 0-2로 패했지만, 경기 막판까지 접전을 펼쳤다. 이번 아이치·나고야 대회에서도 한국의 가장 강력한 상대는 대만이다. 심진용 기자 sim@kyunghyang.com",https://v.daum.net/v/7lgkcwkL31
2026.07.14 04:53,"넥스트크리에이티브, 김태훈·원종현 등 프로야구 선수 5인과 매니지먼트 계약 체결",서울경제,"스포츠마케팅 전문 기업 넥스트크리에이티브가 프로야구 KBO리그 4개 구단 소속 선수 5인과 매니지먼트 계약을 체결했다고 14일 밝혔다. 넥스트크리에이티브와 함께 하게 된 선수는 삼성 라이온즈 투수 김태훈, 키움 히어로즈 투수 원종현, KT 위즈 내야수 오윤석, NC 다이노스 투수 윤성환·원종해다. 검증된 베테랑과 성장하는 신예가 고루 포함됐다. 6시즌 연속 두 자릿수 홀드의 김태훈, 최고 시속 155㎞ 사이드암 원종현, KBO리그 최초 사이클링 히트의 오윤석이 베테랑 축을, 신인드래프트 ‘스틸픽’ 윤성환과 영건 원종해가 신예 축을 이룬다. 넥스트크리에이티브는 ‘선수 중심’ 철학 아래 다섯 선수의 커리어 관리와 브랜딩, 미디어 커뮤니케이션, 광고·스폰서십 확대 등 종합 매니지먼트를 제공할 예정이다. 김태훈은 “선수의 입장을 진심으로 고민해주는 파트너와 함께하게 돼 든든하고, 앞으로 야구에 더 집중할 수 있을 것 같다”고 소감을 전했다. 박은님 대표는 “베테랑에게는 커리어의 가치를, 신예에게는 성장의 토대를 만드는 파트너로서 선수들이 경기력에만 집중할 수 있도록 보이지 않는 영역까지 책임지겠다”고 밝혔다. 넥스트크리에이티브는 이번 계약을 계기로 프로야구 선수 매니지먼트 사업을 본격화할 예정이다. 이종호 기자 phillies@sedaily.com",https://v.daum.net/v/Zq44tpFYvQ
2026.07.14 04:50,"인천 남동구 리틀야구단, 월드시리즈 본선 2개 부문 진출",기호일보,"인천 남동구 리틀야구단 선수들이 올여름 미국에서 열리는 '2026 리틀리그 월드시리즈' 본선 무대를 밟는다. 구는 남동구 리틀야구단 소속 선수들이 포함된 '서서울(B)팀'이 메이저(U-12) 부문, '서서울팀'이 인터미디어트(U-13) 부문 아시아-태평양 지역 예선에서 나란히 우승하며 월드시리즈 본선 진출을 확정했다고 14일 알렸다. 대표팀은 예선에서 전승 우승을 차지하며 본선행 티켓을 거머쥐었다. 메이저 대표팀에는 홍지환·박서준·길리오 선수, 인터미디어트 대표팀에는 조영인·문성현 선수가 남동구 리틀야구단 소속으로 태극마크를 달고 세계 무대에 나선다. 특히 인터미디어트 대표팀은 11년 연속 월드시리즈 본선 진출이라는 기록을 이어갔으며 메이저 대표팀 역시 화성에서 열린 아시아-태평양 예선을 전승으로 통과하며 한국 유소년 야구의 경쟁력을 입증했다.구는 이번 성과가 남동구 리틀야구단의 체계적인 선수 육성과 지도진의 훈련 시스템이 결실을 맺은 결과라고 평가했다. 이병래 구청장은 ""전승으로 예선을 통과해 세계 무대에 서게 된 선수들이 매우 자랑스럽다""며 ""남동구를 대표하는 선수들이 갈고닦은 기량을 마음껏 펼치고 부상 없이 좋은 성적을 거두길 바란다""고 말했다. 한편, 인터미디어트(U-13) 월드시리즈는 다음 달 2일부터 미국 캘리포니아주 리버모어에서, 메이저(U-12) 월드시리즈는 다음 달 19일부터 펜실베이니아주 윌리엄스포트에서 각각 열린다. 정병훈 기자 jbh99@kihoilbo.co.kr",https://v.daum.net/v/Ki7gq9B3Sf
2026.07.14 04:50,"SSG 랜더스 퓨처스팀, 실전 경기력 극대화 이끄는 ‘퍼포먼스 멘탈코칭‘ 도입",기호일보,"프로야구 SSG 랜더스가 퓨처스 선수들의 실전 경기력 향상을 위해 '퍼포먼스 멘탈코칭' 시스템을 도입한다. SSG는 훈련에서 익힌 기량을 실전에서 안정적으로 발휘하도록 멘탈 관리의 중요성이 커지고 있다고 판단해 현장 밀착형 멘탈코칭 시스템을 운영한다고 14일 알렸다. 프로그램은 메이저리그(MLB) 구단들의 멘탈 훈련 방식을 벤치마킹해 마련됐으며 추신수 구단주 보좌역 겸 육성총괄이 도입을 추진했다. 이를 위해 SSG는 스포츠심리학 전문가인 최선호 멘탈코치를 초빙했다. 최 코치는 경희대학교 스포츠심리학 박사로 고려대학교와 영월 상동고 야구부에서 퍼포먼스 코치로 활동해 왔다. 최 코치는 선수단과 함께 훈련 및 경기를 관찰하며 선수별 심리·행동 패턴을 분석하고 맞춤형 경기 루틴 설계와 집중력 향상 프로그램을 운영한다. 또 코칭스태프와 정기 미팅을 통해 선수들의 멘탈 상태와 경기력 개선 방향을 공유하는 등 기술 코치와 퍼포먼스 코치, 프런트가 함께하는 육성 체계도 구축할 예정이다. 추신수 보좌역은 ""아무리 뛰어난 기술과 피지컬을 갖추고 있어도 경기에서 자신의 기량을 발휘하지 못하면 경쟁력이 될 수 없다""며 ""멘탈도 기술과 피지컬처럼 체계적으로 관리하고 훈련해야 하는 영역인 만큼 SSG만의 차별화된 선수 육성 체계를 만들어가겠다""고 말했다. 최선호 코치는 ""체계적인 시스템을 갖춘 SSG에서 퍼포먼스 멘탈코칭을 맡게 돼 감사하다""며 ""프로그램이 선수단에 안정적으로 정착해 팀 전력 향상에 실질적인 도움이 될 수 있도록 최선을 다하겠다""고 전했다. SSG는 이번 운영 결과를 바탕으로 향후 퍼포먼스 멘탈코칭을 정규 육성 시스템으로 확대하는 방안도 검토할 계획이다. 정병훈 기자 jbh99@kihoilbo.co.kr",https://v.daum.net/v/tg2MtpFYWi
2026.07.14 04:47,[부고] 이종혁 씨(프로야구 두산 베어스 선수) 조부상,뉴스1,"■이선로 씨 별세, 이종혁 씨(프로야구 두산 베어스 선수) 조부상 = 14일, 충북대학교병원장례식장 특2호, 발인 16일 오전 6시 10분, (043)269-6969 * 부고 게재 문의는 카톡 , 이메일 opinion@news1.kr (확인용 유족 연락처 포함) superpower@news1.kr",https://v.daum.net/v/Gp9KacNd1e
2026.07.14 04:39,[부고] 이종혁(두산 베어스 내야수)씨 조부상,스포츠서울,"●이선로 님 별세, 이종혁(두산 베어스 내야수)씨 조부상=14일, 빈소 충북대학교병원장례식장 특2호, 발인 16일(목) 오전 6시 10분, 장지 청주목련원",https://v.daum.net/v/8EJOojgRWk
2026.07.14 04:38,"페덱이 콜 어빈만 아니라면...삼성-LG의 다른 승부수, 우승과 직결되는 '핵폭탄'",스포츠조선,"[스포츠조선 김용 기자] 페덱과 리오스 승부수, 삼성과 LG의 운명을 가른다? 2026 시즌 KBO리그 전반기가 끝났다. 흥미로웠다. 특히나 선두 싸움이 예측 불가능이었다. 예상대로 흘렀다. 전력적으로 강한 LG 트윈스, KT 위즈가 치고 나갔다. 그리고 삼성 라이온즈가 두 팀을 밑에서 추격했다. 전반기 막판 KT가 주춤하는 사이 삼성이 치고 올라왔다. 그리고 전반기 마지막 3연전 LG와의 3연전에서 위닝시리즈를 장식하며 기어이 1위로 전반기를 마쳤다. 하지만 후반기 남은 경기가 많다. 승부는 이제부터다. 그런데 삼성의 깜짝 행보에 벌써부터 난리다. 삼성은 올스타 브레이크 기간 동안 현역 빅리거 투수 페덱을 영입했다. 이 선수가 왜 한국에 오나 소리가 나오는 화려한 경력. 메이저리그에서도 계속 선발로 활약했고, 통산 승수가 무려 32승이다. 현 상황으로는 페덱 때문에 삼성의 우승 확률이 매우 높아지는 분위기다. 안그래도 후라도, 원태인 원투펀치가 강력한데 만약 페덱이 '폰세(토론토)급' 활약을 해준다고 하면 최강 선발진으로 후반기를 안정적으로 끌고갈 수 있다. 삼성은 아이치-나고야 아시안게임 대표팀에도 선발 자원 이탈이 없다. 정규시즌 1위만 하면, 한국시리즈도 유리해질 수 있는 선발진이다. 물론 이는 페덱이 우리 기대대로 좋은 투구를 해줄 경우다. 지난해 두산 베어스에 입단한 콜 어빈도 '왜 이 선수가 한국에' 소리를 들은 선수다. 하지만 막상 뚜껑을 열어보니 실력, 인품 모두 최악이었다. LG 트윈스는 먼저 승부수를 던진 케이스다. 부상으로 주춤한 치리노스를 대신해 리오스를 영입했는데, 파격이었다. 선발이 아닌 불펜 요원을 데려왔다. 160km가 넘는 강속구를 뿌리는 파이어볼러. 상대적으로 국내 선발 요원들이 많고, 아시아쿼터 웰스의 대활약으로 선발진이 풍부한 LG였기에 가능한 선택이었다. 6~7회까지만 어떻게든 버티면 리오스-손주영으로 경기를 끝내는 시나리오. 하지만 12경기 1승2패5홀드2세이브 평균자책점 4.11로 불안하다. 공은 빠르지만, 뭔가 확실한 결정타가 없다. 리오스가 부진한 전반기 막판, LG도 상승 동력을 잃은 느낌이었고 그 틈을 삼성이 파고들었다. 위에서 언급한대로 페덱에 대한 기대가 하늘을 찌르는 가운데, 만약 페덱이 그 기대를 충족시키면 삼성은 하늘로 승천할 것이다. 하지만 부진하면 리오스의 LG와 같은 분위기가 연출될 수 있다. LG도 리오스가 후반기 다시 힘을 내준다면 다시 분위기를 바꿀 수 있다. 과연 외국인 교체 승부수를 던진 두 우승 후보는 어떤 결말을 맞이하게 될 것인가. 김용 기자 awesome@sportschosun.com",https://v.daum.net/v/y7wmnaLxzc
2026.07.14 04:31,"해설위원 3인에게 후반기 ‘3대 키워드’ 물었다…우승, AG, 롯데",중앙일보,"올스타전 쉼표를 찍은 프로야구가 16일 재개된다. 후반기 개막을 맞아 해설위원 3인에게 순위 싸움 3대 키워드를 던졌다. 페넌트레이스 우승은 누가 차지할지, 9월 아이치·나고야 아시안게임 변수는 어떻게 작용할지, 8년째 포스트시즌 초청장을 받지 못한 롯데 자이언츠는 어떤 결말을 낼지 물었다. 일단 전반기까지의 선두권 구도는 삼성 라이온즈와 LG 트윈스가 양분했다. LG가 개막부터 힘을 내며 줄곧 1위를 지켰지만, 삼성이 최근 상승세를 앞세워 전반기 마지막 3연전에서 선두를 빼앗았다. 해설위원들도 승차 없는 1·2위 삼성과 LG의 우승 가능성을 가장 높게 봤다. 그러나 한국시리즈 직행 전망은 엇갈렸다. 정민철 위원은 “선두는 잠시 내줬지만, 마지막에는 결국 LG가 웃을 가능성이 크다”면서 “LG는 전반기까지 완전체 전력은 아니었다. 특히 홍창기와 문보경, 박동원 등 주축 타자들의 컨디션이 좋지 않았다. 이들의 타격감이 조금만 더 올라와준다면 충분히 우승이 가능하다”고 관측했다. 반면 박재홍 위원은 “지금 흐름상 삼성이 우세하다고 본다. 삼성과 LG 모두 선발진이 튼튼하다고 봤을 때 차이는 구원진에서 나온다. 삼성의 불펜이 양과 질 모두 뛰어나 막판 순위 싸움에서 유리하다”고 평가했다. 이어 “삼성은 최근 크리스 페덱이 새 외국인선수로 영입됐다. 메이저리그 경험이 풍부한 페덱의 합류는 큰 힘이 될 수 있다”고 덧붙였다. 올해 후반기에는 커다란 변수가 존재한다. 아시안게임 여파다. KBO는 이번 대회부터 아시안게임 기간에도 페넌트레이스를 정상적으로 열기로 했다. 모든 구단이 9월 한 달간 국가대표 선수 없이 경기를 치러야 한다. 전문가들은 선발투수가 둘씩 빠지는 5위 두산 베어스와 3위 KT 위즈가 가장 큰 타격을 받는다고 전망했다. 전준호 위원은 “곽빈과 최민석은 두산 선발진의 핵심 기둥이다. 두산이 전반기 유일한 3점대 평균자책점(3.90)을 기록한 데에도 이들의 몫이 컸다”면서 “곽빈과 최민석의 공백을 메울 선수들이 있느냐가 관건이다. 1.5군급 선발투수들이 두세 차례 등판을 잘 소화해줘야 5강으로 들 수 있다”고 말했다. 정민철 위원도 “두산은 아시안게임 전까지 최대한 승수를 벌어놓아야 한다”면서 “KT도 마찬가지다. 소형준과 오원석 그리고 마무리 박영현이 빠지는 마운드는 운용 자체가 힘들다. 최근 좋지 않은 흐름을 빨리 바꿔놔야 안정적으로 가을야구 입성이 가능하다”고 내다봤다. 전반기 막판의 숨은 흥행 요소는 8위 롯데의 반등이었다. 최근 20경기에서 13승 1무 6패로 선전하고 후반기 반격을 예고했다. 롯데는 지난해 중반까지 3위를 내달리다가 후반기 들어 고꾸라져 페넌트레이스를 7위로 마감했다. 전문가들의 예상은 다시 엇갈렸다. 박재홍 위원은 “쉬운 상황은 아니다. 롯데는 현재 5위인 두산과의 격차가 5경기다. 산술적으로 뒤집기가 어렵다”고 봤다. 전준호 위원도 “5위 두산부터 6위 한화 이글스, 7위 NC 다이노스가 촘촘히 붙어있다. 이들끼리 5강행 막차를 놓고 싸울 공산이 크다. 또, 롯데가 두산과 한화, NC와의 상대전적이 모두 밀린다는 점도 부담이다”고 설명했다. 반대로 정민철 위원은 “롯데는 최근 몇 년 사이 가장 좋은 선발진을 보유하고 있다. 윤동희와 한동희 등 타자들만 자기 몫을 해주면 중위권 도약도 기대해 볼 수 있다. 단, 5~7연승의 장기 연승이 두세 차례는 나와야 한다”고 말했다. 고봉준 기자 ko.bongjun@joongang.co.kr",https://v.daum.net/v/6qN4end8W6
2026.07.14 04:16,“약하다고 생각한 적 없어” ERA 1.83 이승민이 말하는 삼성 불펜…“우린 하나가 됐다” [SS시선집중],스포츠서울,"[스포츠서울 | 김동영 기자] ""우리 불펜이 약한가요? 그런 생각을 한 적이 없어요."" 삼성이 전반기 당당히 1위로 마쳤다. 놀라운 부분이 있다. 마운드의 힘이 강렬했다는 점이다. 시즌 전에는 '약점'이라 했다. 뚜껑을 열고 보니 전혀 아니다. 내부에서는 자신들의 힘을 믿고 있었다. 이승민(26)이 내부 분위기를 전했다. 삼성은 전반기 85경기에서 51승2무32패, 승률 0.614 기록하며 1위에 올랐다. 2위 LG에 승차 없이 승률에서 앞섰다. 살얼음판이다. 계속 이기는 것 외에 방법이 없다. 이기려면 점수를 내야 한다. 그리고 리드를 '지켜야' 한다. 삼성이 이쪽이 된다. 시즌 팀 평균자책점은 4.11로 2위다. 대신 불펜은 평균자책점 3.78로 1위다. 불펜 3점대 평균자책점은 삼성이 유일하다. 2위가 두산인데 4.35다. 차이가 꽤 크다. 필승조는 김재윤, 배찬승, 이승민, 김태훈, 오른손 이승현, 최지광으로 꼽을 수 있다. 이들 6명의 평균자책점을 합하면 2.89가 된다. 김재윤이 22세이브로 리그 1위다. 합계 홀드는 40개에 달한다. 가장 돋보인 선수를 꼽자면 역시나 이승민이다. 지난해 불펜 핵심으로 올라섰다. 올해는 그중에서도 '에이스'다. 42경기 39.1이닝, 4승13홀드, 평균자책점 1.83 기록 중이다. '빼어나다'는 말이 절로 나온다. 28삼진-21볼넷은 살짝 아쉬운 부분이다. 대신 안타허용률이 0.213이다. 정작 이승민은 만족하지 못한다. ""성적만 보면 최고의 시즌을 보내고 있는 것은 맞다. 아쉬운 부분이 분명히 있었다. 100점을 줄 수 없다. 80점 정도 되지 않을까 싶다""고 설명했다. 이어 ""볼넷이 너무 많았다. 그게 가장 아쉽다. 기록도 기록이지만, 무실점으로 막아도 내가 만족하지 못하는 피칭을 했으면 한 경우가 있다. 아직 부족하다고 느낀다""고 덧붙였다. 달라진 점을 물었다. ""지난해 많은 경기 나갔다. 어떻게 해야 하는지 조금은 알게 됐다고 할까. 여유도 생겼다. 여유가 생기니까 던질 때도 좀 다른 것 같다. 힘들기는 힘들다. 대신 재미있다. 그게 더 크다. 많이 던지고 싶다""고 짚었다. 팀 불펜 얘기도 꺼냈다. ""난 그냥 잘 버티고 있다. 우리 불펜이 다 잘하고 있다. 앞 투수가 주자 남겨놓고 내려가도 뒤에 투수가 어떻게든 막아주려 한다. 그래서 우리 팀 불펜이 강하다. 딱 하나가 됐다""고 강조했다. 아울러 ""우리 불펜이 약하다고 생각해본 적이 없다. 굉장히 튼튼하다. 우리라 봐도 자리가 없을 정도로 좋다. 우리가 강하다는 점을 보여드리고 있는 것 같다""고 힘줘 말했다. 진짜는 후반기다. 우승이라는 목표를 이루려면 불펜이 잘해줘야 한다. 이승민은 ""더 좋은 모습 보여드리겠다. 전반기보다 떨어지지 않겠다. 내 피칭 보여드리겠다""고 각오를 다졌다. raining99@sportsseoul.com",https://v.daum.net/v/P6PpLNoMWT
2026.07.14 04:06,"[무등의 아침] KIA, 전반기 4위로 선전…SSG 원정 4연전서 3위 추격",KBS,"[KBS 광주] ■ 프로그램명 : [출발 무등의 아침] ■ 방송 시간 : 08:30∼09:00 KBS광주 1R FM 90.5 MHz ■ 진행 : 정길훈 앵커 ■ 출연 : 양우철 남도일보 기자 ■ 구성 : 정유라 작가 ■ 기술 : 정상문 감독 ▶유튜브 영상 바로 가기 https://www.youtube.com/watch?v=eBBetWVL0fQ ◇ 정길훈 (이하 정길훈): 양우철 남도일보 기자의 스포츠 소식 들어보겠습니다. ◆ 양우철 남도일보 기자 (이하 양우철): 안녕하십니까? ◇ 정길훈: 먼저 프로야구 이야기해 보겠습니다. KIA 타이거즈가 지난주에 롯데와 전반기 마지막 경기를 가졌는데요. 루징 시리즈를 기록했어요. ◆ 양우철: 그렇습니다. 프로야구 KIA 타이거즈가 올스타 브레이크 전 마지막 전반기 일정으로 롯데 자이언츠와 3연전을 펼쳤는데요. 1승 2패로 아쉽게 루징 시리즈를 기록했습니다. 경기를 살펴보면 1, 2차전에서 선발진의 부진이 뼈아팠습니다. 1차전 선발 김태형은 2.2이닝 10피안타 8실점으로 부진했고요. 2차전 선발 네일 역시 3.1이닝 7피안타 5실점으로 평소와는 다른 모습을 보였습니다. 다행히 3차전에서는 KIA의 대투수 양현종이 버텨줬는데요. 양현종은 5이닝 동안 5피안타 1실점으로 안정적인 활약을 펼쳤고요. 타선에서도 중심 타선 김도영, 나성범, 카스트로가 모두 홈런포를 기록하며 5 대 2 승리를 거뒀습니다. ◇ 정길훈: KIA의 전반기를 결산해 보겠습니다. 우선 KIA 마운드는 지난해와는 다른 모습을 보여줬죠? ◆ 양우철: 그렇습니다. 먼저 KIA는 전반기를 45승 2무 39패, 승률 5할 3푼 6리를 기록하며 리그 4위로 마쳤습니다. 시즌 개막 전 예상과 달리 KIA가 선전하고 있는 셈인데요. 말씀해 주신 것처럼 지난해와 달라진 마운드가 한몫했습니다. 올 시즌 개막 전 KIA는 이태양, 홍건희, 김범수 등의 투수를 영입했고 시즌 중에는 아시아 쿼터 시라카와로 마운드 보강을 확실히 했고요. 여기에 곽도규의 부상 복귀와 조상우, 정해영의 반등이 결정적인 역할을 했습니다. 수치를 살펴봐도 지난해는 평균 자책점 5.22로 리그에서 두 번째로 높은 평균 자책점을 기록했지만, 올해 전반기는 4.28로 리그 3위에 올랐고요. 불펜진 역시 평균 자책점 4.50으로 리그 3위를 기록했습니다. 여기에 방금 언급했던 필승조뿐만 아니라 한재승, 이형범 등 추격조도 지고 있는 상황에서 등판했음에도 실점을 최소화하면서 추격 동력을 마련했고요. 결국 끈질긴 마운드 싸움이 KIA 성적의 원동력이었다고 볼 수 있습니다. ◇ 정길훈: 타선도 짚어보겠습니다. 시즌 개막 전만 하더라도 최형우 선수나 박찬호 선수가 이적하면서 타선이 헐거워질 것이라는 예상이 많았는데요. 예상보다 괜찮았던 것 같습니다. ◆ 양우철: 최형우와 박찬호가 FA로 팀을 떠나면서 시즌 전 공격력이 많이 약해졌다는 평가를 받았습니다. 실제로 KIA는 시즌 초반까지만 해도 빈공에 시달렸는데요. 하지만 경기를 거듭할수록 신구 조화가 잘 맞아떨어졌습니다. 나성범이 4번 타자로 확실히 자리 잡았고요. 프로 2년 차 박재현은 1번 타자로 깜짝 활약을 해줬습니다. 여기에 김호령, 김도영, 한준수, 카스트로 등의 주전 선수 역시 제 몫을 해줬고요. 박상준이나 박민, 김규성, 변우혁 등도 쏠쏠한 활약을 해주며 팀의 공격을 책임졌습니다. 무엇보다 눈에 띄는 점은 장타력인데요. KIA는 전반기에만 101개의 홈런으로 이 부문 선두에 올랐고요. 장타율 역시 4할 2푼 8리로 리그 2위입니다. 다만 아쉬운 점은 김선빈의 부진입니다. 김선빈은 전반기 타율 2할 4푼 3리로 팬들이 평소에 알고 있던 모습과 조금 다른 모습을 보여줬습니다. 만약 김선빈이 후반기 제 페이스를 찾는다면 KIA의 공격은 한층 더 강해질 것으로 보입니다. ◇ 정길훈: KIA는 늘 수비 실책이 많은 팀이었는데요. 올해는 수비 실책도 많이 줄었죠? ◆ 양우철: 그렇습니다. 지난 2024년 통합 우승 당시와 지난해 KIA는 타 팀과 비교해 압도적으로 많은 실책을 보였습니다. 그러나 올해에는 실책 58개로 NC 다이노스와 공동 3위입니다. 스프링 캠프 당시 이범호 감독을 비롯한 코치진이 수비 훈련에 공을 많이 들였는데 이 효과가 나타난 것으로 보이고요. 전반기를 돌이켜 보면 KIA가 경기에서 이기고 있으면 대수비를 적극 기용해 내야에서 정현창, 박민, 김규성, 김도영 등 유격수를 소화할 수 있는 자원들로 내야진을 모두 꾸리고 외야도 김호령, 박재현, 박정우 등 중견수를 소화할 수 있는 선수들로 외야를 모두 채우며 수비 안정을 높였던 장면이 자주 나왔습니다. 이런 선수 기용 덕분에 지난해와 달리 더욱 탄탄한 수비력을 갖출 수 있었다고 볼 수 있습니다. ◇ 정길훈: 전반기는 그랬고요. 이번 주에 후반기가 시작되는데 KIA가 상위권으로 치고 올라가려면 어떤 게 중요하다고 보십니까? ◆ 양우철: 후반기 KIA의 남은 경기는 144경기 중 58경기입니다. 본격적인 순위 싸움에 들어가는 일정인데요. 가장 주의해야 할 점은 아무래도 체력입니다. 올 시즌 KIA의 선수 구성을 살펴보면 풀타임을 처음 치르는 젊은 자원들이 주를 이뤘습니다. 아무래도 첫 풀타임 시즌이기 때문에 앞으로 체력 관리를 어떻게 하는지 중요할 것 같고요. 또 정해영, 성영탁 등의 필승조가 전반기 막판 실점을 허용하는 모습이 자주 나왔거든요. 이들의 등판 일정도 체크하면서 불펜 운용을 어떻게 가져갈지도 KIA가 풀어가야 할 숙제라고 볼 수 있겠습니다. ◇ 정길훈: KIA의 후반기 일정은 인천 SSG 원정으로 시작하죠? ◆ 양우철: 그렇습니다. KIA가 후반기 첫 일정으로 오는 16일부터 인천 원정을 떠나 SSG랜더스와 4연전을 치릅니다. 올 시즌 KIA는 SSG를 만나서 5승 1무 2패로 우세인데요. 하지만 개막 시리즈 인천 원정에서 2패를 당했던 아픈 기억이 있습니다. 그래도 개막 시리즈 2패를 제외하고는 홈에서 6경기를 치르는 동안 단 한 번도 패하지 않았습니다. 후반기 첫 일정인 만큼 KIA가 인천 원정에서 아픈 기억을 지우며 다시 상위권과 격차를 줄일 수 있을지 지켜보면 좋을 것 같습니다. ◇ 정길훈: 이번엔 프로축구 이야기해 보겠습니다. 광주 FC가 지난주 포항과 경기에서 대패를 당했죠? ◆ 양우철: 그렇습니다. 프로축구 광주 FC가 지난 11일 광주 월드컵 경기장에서 열렸던 포항 스틸러스와 경기에서 0 대 3으로 패했습니다. 이날 경기부터 광주는 영입한 신규 선수들이 뛸 수 있었습니다. 실제로 이정규 광주 FC 감독은 선발 라인업에 반 흐룬스벤과 존 아이데일을 내세웠고요. 후반에는 바 루아, 배진우, 주앙 페드로, 박원재 등의 신규 선수를 투입했습니다. 하지만 전반 20분 광주의 우측 측면에서 상대 트란지스카에 돌파를 허용하며 니시야 켄토에 선제골을 실점했고요. 후반에도 트란지스카와 정한민에게 연속 실점하며 0대 3으로 패했습니다. ◇ 정길훈: 포항과의 경기를 보면 후방 빌드업 과정에서, 그러니까 수비진에서 실수가 많이 나왔어요. ◆ 양우철: 그렇습니다. 이정규 감독은 전반기와 달리 후반기에는 좀 더 공격적인 빌드업 형태를 가져가겠다고 선언했는데요. 이 과정에서 문제가 여러 차례 나왔습니다. 빌드업 패턴이 다양하지 않은 점도 문제일 수도 있습니다. 하지만 그 전에 기존 선수들과 신규 선수들의 조직력을 끌어올릴 필요가 있어 보입니다. 광주가 여름 이적 시장을 통해 많은 선수를 영입했지만, 예상과 달리 좀 늦은 시간에 팀에 합류했습니다. 이는 선수끼리 발을 맞출 시간이 부족했다고 평가할 수도 있는데요. 후방 빌드업 과정에서 패스 플레이로 짜임새 있는 축구를 하기 위해서는 선수 간 호흡이 필수적이기 때문에 하루빨리 조직력을 끌어올릴 필요가 있어 보입니다. ◇ 정길훈: 광주FC는 이번 주에 안양 원정을 떠나죠? ◆ 양우철: 그렇습니다. 광주는 오는 19일 오후 7시 30분 안양으로 원정을 떠나 FC 안양과 18라운드 경기를 갖습니다. 현재 광주는 승점 8점, 리그 최하위로 11위 김천과 승점 차이는 8점입니다. 시즌 경기를 절반 가까이 치른 시점에서 광주가 지금부터 승점 차를 줄여야 강등권 경쟁에서 승부를 볼 수 있습니다. 다만 안양은 만만치 않은 상대입니다. 올 시즌 리그 6위에 올랐고 핵심 선수 토마스가 여름 이적 시장 기간에 울산으로 팀을 떠났음에도 짜임새 있는 축구를 계속해서 보여줍니다. 쉽지 않은 경기가 예상되지만 광주가 승점을 추가하며 김천과 격차를 줄일 수 있기를 바랍니다. ◇ 정길훈: 안양과의 경기에서 키 플레이어는 누구로 예상하십니까? ◆ 양우철: 안양전 키 플레이어는 지난 포항전에서 교체 출전했던 바 루아 선수를 뽑겠습니다. 바 루아 선수는 포항전에서 0대 3으로 대피했을 당시 우측 측면에서 활발한 모습을 보여줬거든요. 여기에 좀 더 수비 가담을 하면서 좀 더 파괴력 있는 모습을 보여준다면 광주의 공격에 활력을 넣어 줄 것이라고 생각합니다. ◇ 정길훈: 프로배구 얘기도 해보겠습니다. 광주를 연고로 한 페퍼저축은행, 인터넷 방송 플랫폼 SOOP에 인수되지 않았습니까? 당초 7월이면 연고지 협상 시작될 것으로 봤는데, 연고지 협상 어떻게 돼가고 있습니까? ◆ 양우철: 일단 SOOP이 여자 프로배구 AI 페퍼스를 인수한 뒤 팀명을 수퍼스로 확정했습니다. 여기에 외국인 선수와 아시아 쿼터, 국내 선수들을 영입하면서 선수단 구성을 이어 나가고 있는데요. SOOP은 현재 전남광주통합특별시와 협상을 이어가고 있습니다. 기존 연고지인 광주 잔류가 유력한 상황인데요. 연고지 발표는 이달 안에 계약을 맺고 확정 지을 것 같습니다. ◇ 정길훈: 오늘 소식 여기까지 듣겠습니다. 잘 들었습니다. ◆ 양우철: 감사합니다. ◇ 정길훈: 지금까지 양우철 남도일보 기자였습니다. 정길훈 기자 (skynsky@kbs.co.kr)",https://v.daum.net/v/HlCOSWvmla
2026.07.14 04:03,"[IS 포커스] '효자 외인' 에레디아의 흔들리는 입지…SSG, 부상 공백 메울 '대체 타자' 승부수",일간스포츠,"외국인 타자 기예르모 에레디아(35·SSG 랜더스)의 입지가 흔들리고 있다. SSG는 에레디아의 부상 공백을 메우기 위해 대체 외국인 타자 영입에 속도를 내고 있다. 발 빠르게 후보군을 추린 SSG는 메이저리그(MLB) 경력을 갖춘 마이너리그 트리플A 소속 왼손 타자와 계약 마무리 절차를 밟고 있다. 이변이 없다면 후반기 일정을 함께할 가능성이 크다. 에레디아는 지난 7일 잠실 두산 베어스전에서 수비 도중 왼쪽 어깨를 다쳤다. 검진 결과 회전근개 손상(그레이드 1~2)이 확인돼 전열에서 이탈했다. 2주 후 재검진이 예정돼 있지만, 이후 실전 감각을 끌어올리는 과정까지 고려하면 실제 전력 이탈 기간은 더 길어질 가능성이 크다. 2023년 SSG 유니폼을 입은 에레디아는 '효자 외국인 선수'로 자리매김했다. 2024시즌에는 구단 역사상 최초의 타격왕(0.360)에 오르며 최고의 시즌을 보냈고, 활약을 인정받아 연봉도 대폭 인상됐다. 하지만 최근 들어 잇따른 변수에 발목이 잡히고 있다. 지난 시즌에는 허벅지 종기(모낭염)로 약 6주간 전력에서 이탈했고, 9월에는 출산 휴가까지 겹치며 96경기 출전에 그쳤다. 올 시즌 역시 이번 어깨 부상으로 후반기 상당 기간 결장이 불가피할 전망이다. 최근 두 시즌 기준 팀이 치른 230경기 중 180경기만 소화, 출석률이 78.3%에 불과하다. 올해 에레디아의 전반기 타격 성적은 타율 0.282(333타수 94안타) 15홈런 75타점이다. 7월 들어서는 6경기에서 타율 0.370(27타수 10안타)을 마크하며 타격감을 끌어올리는 모습도 보였다. 객관적인 성적만 놓고 보면 경쟁력을 유지하고 있다. 강한 어깨를 바탕으로 한 외야 수비 역시 여전히 수준급. 다만 압도적인 생산력을 앞세워 팀 타선을 이끌었던 지난 두 시즌과 비교하면 폭발력은 다소 감소했다. 최근 반복되는 부상과 전력 이탈도 변수다. 1991년생으로 적지 않은 나이까지 고려하면 시즌 후 재계약 여부를 둘러싼 SSG의 고민은 더욱 커질 전망이다. 이번 부상으로 후반기 상당 기간 결장이 불가피한 만큼 SSG가 어떤 결정을 내릴지도 관심사로 떠오르고 있다. 결국 SSG는 시즌 순위 경쟁을 위해 부상 대체 외국인 타자에 사활을 걸 수밖에 없는 상황이다. 새 외국인 타자가 에레디아의 공백을 얼마나 메울 수 있을지가 후반기 SSG의 성적을 좌우할 핵심 변수로 떠오르고 있다. 배중현 기자 bjh1025@edaily.co.kr",https://v.daum.net/v/utueSWvmOp
2026.07.14 04:02,"""박정민 안 통하면 대학야구 다 죽어요"" 롯데 2R 신인, '왜' 4년 기다림 후회하지 않았나",스타뉴스,"[스타뉴스 | 김동윤 기자] ""박정민 선수가 프로에서 안 통하면 대학 야구 다 죽어요."" 한 대학 야구 지도자의 말이다. 과한 표현처럼 들릴 수 있지만, 그만큼 대학 야구 현장은 절박하다. 고교 시절 지명받지 못한 선수가 대학에서 다시 성장해 상위 라운드 지명을 받고, 프로에서도 버텨내야 다음 대학 선수들에게도 길이 열린다. 롯데 자이언츠 대졸 신인 박정민(23)도 그 무게를 모르지 않는다. 그는 ""대학 선수들이 나를 보고 희망을 가졌으면 좋겠다""고 했다. 박정민은 서당초-매송중-장충고-한일장신대 졸업 후 2026 KBO 신인드래프트 2라운드 전체 14순위로 롯데의 지명을 받은 대졸 우완 신인이다. 최고 시속 152㎞ 빠른 공과 완성도 높은 서클 체인지업으로 대학 최대어로 꼽혔다. 프로팀이 대학 선수에게 기대하는 건 결국 즉시전력감이다. 고교 유망주보다 나이가 있는 만큼, 더 빨리 1군 전력에 보탬이 되길 바란다. 박정민은 그 기대에 상당 부분 부응했다. 올해 박정민은 전반기 39경기에 등판해 5승 2패 9홀드 1세이브, 평균자책점 4.46을 기록했다. 제구에서 숙제도 남겼지만, 피안타율 0.198의 구위와 과감한 승부를 앞세워 롯데 불펜에 힘을 보탰고 감독 추천 선수로 올스타전에도 출전했다. 박정민의 전반기 성과는 대학 야구 지도자들에게 가뭄의 단비 같았다. 이승종 부산과학기술대(부산과기대) 감독은 최근 스타뉴스에 ""(대졸 선수인) 박정민 선수가 2라운드에 지명된 건 정말 다행이었다. 또 만약 박정민 선수가 프로에서 통하지 못했다면 대학 야구는 다 죽을 수도 있었다""고 말했다. 이어 ""대학 선수의 상위 라운드 지명이 힘들 수 있었다고 말하는 게 더 정확할지도 모르겠다. 박정민 선수가 실패했다면 대학 야구에 대한 인식이 또 안 좋아지고 아무도 보지 않았을 것이다. 하지만 박정민 선수가 올해 잘 던져주면서 '대학에서 조금만 하면 이런 선수를 뽑을 수 있겠다'라는 어느 정도 기준이 설 수 있었다""고 냉정한 현실을 짚었다. 박정민도 같은 마음이었다. 전반기를 마무리하기 전 부산에서 만난 박정민은 ""내가 프로에 지명됐을 때부터 목표 중 하나가 '대학 선수들이 나를 보고 희망을 가졌으면 좋겠다'라는 것이었다""고 담아뒀던 이야기를 꺼냈다. 이어 ""대학 야구는 고교야구보다 아무래도 관심과 주목도가 떨어진다. 정말 열악한 환경에서 훈련하고 경기를 준비한다. 그 과정에서 선수들은 스스로에 대한 확신이 점점 줄어든다. 난 대학 선수들이 어떤 마음가짐으로 경기에 나서는지 겪어봤기 때문에 프로에 가서 꼭 잘하고 싶었다""고 강조했다. 최근 20년간 고졸 선수의 프로 직행 성공 사례가 늘어나면서 대학 야구는 빠르게 위축됐다. 그 과정에서 대학에 진학한 야구 선수들에게는 '한번 실패한 유망주'라는 낙인이 찍혔다. 박정민은 ""대학 선수들은 일단 (프로 지명이란) 실패를 한 번 경험해 본 사람들이다. 솔직히 그 절망감은 정말 크다. 그걸 이겨내는 과정에서 선수들은 멘탈적으로 크게 성장할 수 있다""고 돌아봤다. 대학에서 구속이나 파워가 늘어도 나이가 들며 몸이 붙은 결과 정도로 평가절하되는 경우도 있다. 졸업 후 2년 혹은 4년 뒤 후배들과 경쟁에서 이겨내기 위해선 경기 운영, 변화구, 커맨드, 수비 등 더 높은 완성도가 요구된다. 박정민은 후배들에게 하나의 방향을 제시한 선수다. 그는 ""대학에 진학하면서 제3자 입장에서 봤을 때 '박정민은 어떤 선수인가'를 많이 고민했다. 어떤 부분을 준비해야 나보다 4살 어린 선수들과 경쟁해 지명될 수 있을지 고민했을 때 결론은 육각형 선수가 되는 것이었다""라고 설명했다. 이어 ""순서를 정해 4년을 준비했다. 아무래도 눈에 보이는 건 구속이다 보니 대학교 저학년 때는 구속 향상에 가장 집중했다. 3학년 때는 변화구로 카운트 잡는 능력에 집중하고 경기 운영을 열심히 공부했다. 4학년 올라가서는 커맨드에 집중했다""고 덧붙였다. 최근 대학 야구 대세는 2년제 진학이다. 대학에서 4년이나 있느니 2년 동안 빠르게 성장해 프로 무대를 한 번이라도 더 노려보겠다는 생각이다. 하지만 박정민은 4년이란 시간을 후회하지 않았다. 박정민은 ""나도 4년제 학교에 갔지만, 얼리 드래프트를 목표로 한 건 사실이다. 하지만 지금 와서 돌아보면 나는 4년이 필요한 선수였다. 오히려 4년이 있었기에 체계적으로 준비하고 성장할 수 있었다""고 힘줘 말했다. 이어 ""이선우 한일장신대 감독님께 정말 감사한 게 많다. 기술적으로나 멘탈적으로 많은 가르침을 주셨다. 4년간 정말 열심히 했기 때문에 후회는 없다""고 덧붙였다. 전반기 막판 재정비 차원에서 2군으로 향한 박정민은 후반기에는 1군 콜업돼 불펜에 큰 힘이 돼줄 것으로 기대받는다. 박정민은 ""다른 건 기대하지 않는다. 그저 꾸준하게 던지면서 팀이나 팬분들이 믿을 수 있는 선수가 되는 게 목표""라고 당찬 포부를 전했다. 김동윤 기자 dongy291@mtstarnews.com",https://v.daum.net/v/WihlKf9Uvs
2026.07.14 04:01,"'강백호처럼' 조던 워커, 4연속 홈런 MLB 홈런 더비 역전 우승 슈와버 제쳐",마이데일리,"[마이데일리 = 류한준 기자] 조던 워커(세인트루이스 카디널스)가 메이저리그(MLB) 올스타전 전야 행사로 열린 홈런 더비에서 우승을 차지했다, 워커는 14일(이하 한국시각) 미국 펜실베니아주 필러델피아에 있는 시티즌스 뱅크 파크에서 열린 MLB 홈런 더비 결승전에서 극적인 연속 홈런을 앞세워 올 시즌 MLB 홈런 부문 1위에 올라있는 카일 슈와버(필라델피아 필리스)을 제쳤다. 워커는 결승에서 슈와버와 견줘 불리한 상황에 있었다. 15차례 스윙 기회에서 최대한 많은 홈런을 치고 마지막 스윙에서 홈런이 나올 경우 계속 추가 기회를 주는 방식으로 치러진 홈런 더비에서 슈와버는 워커보다 유리했다. 슈와버는 결승에서 워커에 앞서 나섰다. 필라델피아 홈 팬들의 열광적인 응원 속에 슈와버는 15차례 스윙에서 홈런 11개를 쏘아올렸다. 슈와버에 이어 홈런 더비에 나선 워커는 필라델피아 홈팬들의 야유 속에서도 침착했다. 그는 14번째 스윙에서 8개 홈런을 쏘아올렸고 슈와버 우승이 유력해보였다. 그러나 워커는 마지막 15번째 스윙에서 연속으로 4차례나 타구를 담장 너머로 보냈다. 12-11로 역전 우승했다. 지난 10일 잠실구장에서 열린 KBO리그 홈런 더비에서 우승을 차지한 강백호(한화 이글스)도 오태곤(SSG 랜더스)와 연장까지 가는 접전 끝애 역전 우승을 차지했다. 워커도 강백호처럼 마지막에 뒤집었다. 워커는 홈런 더비 우승 상금으로 100만 달러(약 14억9660만원)과 함께 미국 독립기념 250주년을 기념하기 위해 루비 250개를 박은 우승 목걸이를 받았다. 또한 워커는 세인트루이스 소속으로 홈런 더비에서 우승을 차지한 선수가 됐다. 워커는 홈런 더비 예선이라 할 수 있는 1라운드부터 장타력을 뽐냈다. 1라운드는 워커와 슈와버를 포함해 선수 8명이 참가했다. 상위 4명이 준결승행 자격을 얻었다. 워커는 1라운드에서 홈런 13개를 쳐 윌슨 콘트라레스(보스턴 레드삭스)와 공동 1위에 자리했다. 준결승에선 홈런 6개를 쏘아 올려 5개를 친 주니오르 카미네로(탬파베이 레이스)를 꺾고 결승으로 갔다. 그리고 결승에서 전반기 MLB 홈런왕 슈와버를 제쳤다. 워커는 홈런 더비를 마친 뒤 MLB 닷컴과 가진 인터뷰에서 ""어렸을 때부터 홈런 더비와 올스타전을 TV 중계를 통해 보고 자랐다""며 ""정말 꿈꿔왔던 순간이고 지금까지 야구를 해오면서 가장 편한 마음을 먹고 스윙했다""고 소감을 밝혔다. 워커는 2002년생으로 2023년 세인트루이스 유니폼을 입고 MLB에 데뷔했고 올 시즌 장타력에 꽃을 피웠다. 전반기 타율 0.294(357타수 105안타) 22홈런 74타점을 기록했다. 타점 부문은 MLB 전체 1위다, 슈와버는 준우승으로 상금 50만 달러(약 )를 받았다. 그는 ""팬들로부터 정말 큰 성원과 응원을 받았다. 최선을 다했지만 (워커를) 넘어서지 못했다""고 말했다. 류한준 기자 hantaeng@mydaily.co.kr",https://v.daum.net/v/4auuojgRsZ
2026.07.14 03:55,"안우진 포심 구속 그대로인데, 왜 자꾸 맞을까…150km 투수 역대 최다 29명, 타자들도 진화했다",더게이트,"[더게이트] 패스트볼 구속은 전성기 그대로인데, 전보다 자주 맞아나가는 건 왜일까. 키움 히어로즈의 강속구 에이스 안우진은 부상 복귀 첫해 전반기를 무사히 마쳤다. 955일 만의 복귀 첫 경기부터 전광판에 시속 160km를 찍으며 화려하게 복귀, 13경기에 등판해 선발 로테이션의 한 축을 든든히 지탱하며 순항 중이다. 2년 반의 공백에도 세부 수치는 여전히 리그 최상위권이다. 9이닝당 볼넷 2.89개로 리그 최상위권 볼넷 허용률을 기록 중이고, 9이닝당 탈삼진은 11.89개로 커리어 최고 수준이다. 9이닝당 피홈런 역시 0.32개에 불과해 리그에서 가장 홈런을 때리기 어려운 투수로 군림하고 있다. 0.224에서 0.247로, 올해는 0.275로 올라간 포심 피안타율 다만 전보다 배트에 공이 맞아 나가는 빈도가 다소 늘어난 게 눈에 띈다. 안우진이 커리어 최고 정점을 찍었던 2022시즌 피안타율은 0.188, 피OPS는 0.518에 불과했다. 이듬해에도 부상 전까지 피안타율 0.217, 피OPS 0.557로 짠물 투구를 이어갔다. 반면 올해는 피안타율 0.231, 피OPS 0.647로 다소 수치가 올랐다. 여전히 빼어난 성적이고 수술 후 복귀 첫해라는 점을 고려하면 놀라운 수준이지만, 전성기와 비교하면 안타 허용률이 다소 올라갔다. 특히 주무기인 포심 패스트볼의 피안타율이 증가했다. 안우진의 포심 피안타율은 2022년 0.224, 2023년 0.247에서 올해 0.275까지 치솟았다. 0.310대 안팎을 유지하던 포심 피장타율도 올해는 0.440으로 껑충 뛰었다. 상대 타자들이 안우진의 포심을 전보다 잘 받아치고 있다는 얘기도 된다. 이는 평균자책 3.70으로 이름값에 비해 살짝 아쉬운 숫자로 전반기를 마감한 이유이기도 하다. 패스트볼 구속이나 구위에 문제가 생긴 것은 아니다. 올 시즌 안우진의 패스트볼 평균 구속은 시속 153.5km로 커리어하이였던 2022년과 똑같고 2023년(시속 153.0km)보다도 오히려 빠르다. 트래킹 데이터에도 별다른 이상 징후는 나타나지 않은 걸로 알려졌다. 투수의 순수 구위를 보여주는 K-Stuff+(100이 평균)는 110.1로 평균을 상회하며 2022년(110.4) 수준을 유지 중이다. 어쩌면 안우진이 변한 게 아니라, 안우진이 뛰는 리그 환경이 달라진 것일지 모른다. 안우진이 1군에 데뷔한 2018년만 해도 리그에서 평균 시속 150km 이상을 던지는 투수는 조상우, 앙헬 산체스, 강지광 등 단 세 명에 불과했다(최소 1이닝 기준). 2019년에는 이 수가 네 명으로 늘었고, 2020년에는 세 명, 2021년에는 류원석, 조요한, 장재영 포함 다섯 명에 그쳤다. 당시만 해도 타자들 입장에서 시속 150km가 넘는 광속구는 좀처럼 상대할 일이 없었다. 안우진이 리그를 지배했던 2022년과 2023년에도 이 조건을 충족하는 투수는 각각 9명과 8명으로, 10명을 넘지 못했다. 그런데 안우진이 자리를 비운 지난해를 기점으로 리그 지형도가 급변했다. 초특급 외국인 투수들이 대거 한국 무대에 등장했고, 국내 젊은 투수 중에서도 파이어볼러 비중이 늘었다. 2022년 고교야구에서 150km를 던지는 투수가 10명, 2024년에는 이 숫자가 20명에 달하면서 '스피드 혁명'이 진행됐는데 이 투수들이 고스란히 프로 무대에 진출해 1군에 등장한 것. 덕분에 지난해 평균 시속 150km 투수는 역대 최다인 28명까지 불어났다. 롯데 자이언츠 윤성빈(시속 155.0km)을 필두로 한화 이글스 코디 폰세와 김서현, SSG 랜더스 드류 앤더슨, NC 다이노스 임지민이 상위권을 형성했다. LG 트윈스 김영웅, 롯데 알렉 감보아, 한화 원종혁과 문동주, 키움 이강준이 시속 152km 벽을 넘었고, SSG 미치 화이트, 한화 라이언 와이스, 삼성 라이온즈 배찬승, 두산 베어스 곽빈이 뒤를 이었다. 여기에 LG 앤더스 톨허스트와 박시원, NC 신영우, 한화 정우주, 삼성 헤르손 가라비토, KT 위즈 패트릭 머피, 키움 라울 알칸타라, 두산 김택연, 롯데 최준용과 이민석, 두산 이영하, 롯데 홍민기, LG 요니 치리노스, KIA 타이거즈 애덤 올러 등 각 팀의 외국인 투수와 젊은 투수들이 '150 클럽'에 가입했다. 2015년 리그 전체에서 헨리 소사 단 한 명만 평균 시속 150km를 기록했던 시절과 비교하면 놀라운 변화다. 전체 투수 11.8%가 150km 던지는 시대 안우진이 돌아온 올해는 이 장벽이 한 단계 더 깨졌다. 전반기가 끝난 현재 평균 시속 150km를 돌파한 투수는 총 29명으로, 다시 한번 역대 최다 기록을 새로 썼다. 외국인 투수 중에선 LG 약셀 리오스가 시속 157.1km로 가장 빨랐고, 엘빈 로드리게스, 제레미 비슬리, 라울 알칸타라, 미치 화이트, 이이무라 쇼타, 애덤 올러까지 7명이 150km을 던졌다. 국내 투수 중에선 150 클럽 멤버가 무려 22명이나 된다. 안우진이 시속 153.5km로 두산 곽빈과 박준현(각 시속 153.4km)을 근소하게 제치고 최상단에 올랐고 NC 신영우와 임지민, 한화 원종혁, 삼성 배찬승, LG 김영웅, 두산 이영하, 한화 문동주, 키움 전준표, 삼성 김무신, LG 우강훈, 롯데 윤성빈, 두산 최지강, 롯데 홍민기, 한화 정우주, 두산 김택연, 롯데 최이준, 최준용, 이민석, 한화 김서현이 뒤를 이었다. 후반기 새 외국인 투수와 신예들의 활약에 따라선 이 수가 30명을 넘어설 가능성도 있다. 안우진은 여전히 KBO리그에서 가장 빠른 공을 던지는 선발 투수다. 그러나 전체 등판 투수 245명 중 11.8%가 평균 시속 150km 이상의 속구를 펑펑 꽂아 넣는 시대. 매일같이 강속구를 상대하며 익숙해진 타자들에게, 단순히 '빠른 공'만으로는 압도적인 우위를 점하기 어려운 환경이 됐다. 안우진도 전반기 커브 등 변화구 구사율을 늘리며 타자와의 '가위바위보' 싸움에서 내밀 새 무기를 다듬었다. 후반기엔 포심의 효과를 극대화할 다른 구종 활용, 로케이션, 시퀀싱 등을 연구할 필요가 있어 보인다. 통계 출처=스탯티즈",https://v.daum.net/v/bCtP942uUU
2026.07.14 03:53,"팀 평균자책점 1위 두산, 후반기 승부처는 9월...곽빈·최민석·박준순 빠진다",마니아타임즈,[진병두 마니아타임즈 기자] 전반기를 5위로 마친 팀에 9월이라는 큰 고비가 놓였다. 두산이 주축 선수들의 이탈을 앞두고 후반기 가을야구 진출의 갈림길에 섰다. 두산은 전반기를 승률 0.518로 마쳤다. 4월까지 중하위권에 머물다 6월 중순부터 꾸준히 5위를 지킨 것이다. 스윕은 없었으나 막바지 위닝 시리즈를 차곡차곡 챙긴 결과다. 특히 투수력이 안정되며 팀 평균자책점 3.90으로 리그 1위에 올랐다. 10개 구단 중 유일한 3점대다. 마운드의 중심에는 두 투수가 있었다. 곽빈과 최민석이 퀄리티스타트를 22번 합작한 것이다. 최민석은 평균자책점 1위 곽빈은 3위에 올랐고 곽빈은 탈삼진 1위까지 차지했다. 문제는 이들의 공백이다. 두 선수 모두 아시안게임에 나서기 때문이다. 김원형 감독은 최민석이 3경기 정도 로테이션에서 빠질 것으로 보인다며 두 선수의 공백을 무시할 수 없다고 밝혔다. 그러면서 대회 전까지 힘들더라도 경기를 많이 치러두는 편이 낫겠다고 했다. 타선의 공백도 있다. 3번 타자 박준순 역시 자리를 비우는 것이다. 그는 부상으로 규정 타석을 채우지 못했으나 타율 0.336에 OPS 0.956으로 팀 내 최상위권이다. 이 기간 장타력 보완이 과제로 남았고 새 외인 세베리노의 활약이 절실하다. 승부처는 그 이전이다. 6위 한화와 1.5경기 7위 NC와 3경기 차인 만큼 아시안게임 전에 충분히 벌려두지 않으면 5강 사수가 어려워질 수 있다. 두산의 후반기 첫 상대는 NC다. [진병두 마니아타임즈 기자/maniareport@naver.com] 기사제보 및 보도자료 report@maniareport.com,https://v.daum.net/v/P5GU531yYx
2026.07.14 03:47,"'태국 마약밀수 총책 혐의' 前 프로야구 선수, 징역 10년 선고",스포츠한국,"[스포츠한국 심규현 기자] 태국에서 마약을 밀수한 혐의를 받는 전직 프로야구 선수가 재판에서 중형을 선고받았다. 부산지법 형사7부(임주혁 부장판사)는 14일 특정범죄가중처벌 등에 관한 법률 위반 등 혐의로 기소된 전직 프로야구 선수 A씨에게 징역 10년을 선고했다. 또한 40시간의 약물 치료 프로그램 이수, 10만원 추징금도 함께 선고했다. 앞서 부산지검 강력범죄수사부(부장검사 서정화)는 ""지난달 29일 태국에서 케타민 약 1.9kg(1억원 상당)을 조직적으로 밀수한 마약밀수 조직의 해외 총책 2명을 검거해 국제공조 등으로 구속 기소했다""고 지난 2월 밝혔다. 검찰에 따르면 피고인 A씨는 前 프로야구단 소속 야구선수이며 피고인 B는 2025년 9월경부터 같은해 10월까지 3회에 걸쳐 텔레그램을 통해 익명으로 운반책들에게 지시해, 태국 현지에서 구입한 케타민을 항공편으로 국내로 밀수입한 혐의를 받는다. 재판부는 이날 A씨의 이날 검찰의 주장을 대부분 인용했다. 다만, A와 함께 기소됐던 B는 증거 불충분으로 무죄를 선고했다. 스포츠한국 심규현 기자 simtong96@sportshankook.co.kr",https://v.daum.net/v/B85IlySrSW
2026.07.14 03:45,‘전반기 1위 마무리’도 그저 신기하대요! 김재윤 “투수 전향 땐 1군서 던지고 싶단 생각만 했는데…” [SS시선집중],스포츠서울,"[스포츠서울 | 이소영 기자] “무작정 1군에서 던지고 싶다는 생각만 했는데…” 돌이켜 보면 파란만장한 야구 인생이다. 포수로 프로 커리어를 시작한 뒤 2015년에야 투수로 전향했다. ‘전반기 세이브 1위’ 삼성 김재윤(36)은 내친김에 생애 첫 타이틀까지 노린다. 그는 “잘 버텼다는 생각이 든다”고 소회를 밝혔다. 최근 삼성의 기세가 예사롭지 않다. 무려 11년 만에 전반기를 1위로 마쳤고, 대권을 향한 움직임도 시작됐다. 상승세의 중심엔 리그 평균자책점 1위를 달리는 불펜이 있다. 그중에서도 ‘철벽 마무리’ 김재윤의 활약이 돋보인다. 올시즌 40경기에서 4승3패22세이브,평균자책점 2.87을 기록 중이다. 2위 LG 손주영(19개)을 따돌리고 세이브 부문 선두다. 오랜 기간 리그 정상급 마무리 투수로 활약했지만, 유독 타이틀과 인연이 없었다. 그러나 올해는 다르다. 지난 5월8일 창원 NC전에서 KBO리그 역대 6번째 통산 200세이브 고지를 밟았고, 21일 대구 KT전에서는 7시즌 연속 두 자릿수 세이브까지 달성했다. 지난 3일엔 통산 214세이브를 수확하며 구대성(은퇴)과 함께 리그 통산 세이브 공동 5위에 이름을 올렸다. 감회가 남다를 법도 하다. 김재윤은 “범접할 수 없는 선배님과 조금이라도 가까워진 것 같아 영광”이라며 “올시즌 개인적인 목표는 30세이브 이상이었기 때문에 통산 기록은 크게 생각하지 않고 있었다. 이제 자연스럽게 쌓이는 기록에 신경이 쓰이는 것 같다”고 말했다. 그 과정이 순탄치만은 않았다. 2009년 애리조나 소속으로 빅리그에 진출했지만, 2012년 방출됐다. 이후 군 복무를 마친 뒤 2015년 KT의 2차 특별 지명을 받았고, 포수에서 투수로 전향했다. 김재윤은 “좀 신기하다. 당시엔 무작정 1군에서 던지고 싶다는 마음뿐이었다”며 “잘 버텼다는 생각이 들고, 어느 정도 만족도 하고 있다”고 털어놨다. 올해 활약 뒤엔 철저한 준비가 있었다. 비시즌부터 구속 향상에 공을 들였다. 그는 “구속이 올라가면서 변화구도 더 좋아졌고, 타자들을 상대하기도 수월해졌다”고 돌아봤다. 이어 “지난해부터 어린 선수들이 하는 드릴 훈련을 많이 따라 했다. 캠프 때부터 페이스를 끌어올리기 위해 공을 세게 던졌다”며 “그간 안 좋은 모습만 보여서 더 독하게 준비했다. ‘슬로 스타터’ 꼬리표도 매년 깨고 싶었는데 잘 안됐다. 그래서 더 노력했던 것 같다”고 설명했다. 동료들에게도 공을 돌렸다. 김재윤은 “등판 기회가 오지 않으면 페이스가 떨어지기 마련인데, 타자들이 계속 이기는 경기를 해준 덕분에 좋은 감을 유지할 수 있었다”고 힘줘 말했다. 박진만 감독도 “팀에 없어서는 안 될 존재”라고 엄지를 치켜세웠다. sshong@sportsseoul.com",https://v.daum.net/v/HqaaADcnCZ
2026.07.14 03:41,"“(안)우진이형과 붙어보고 싶어요, 미국에서” 데뷔 첫 해 올스타, 1순위 특급신인은 역시 포부가 남다르다",OSEN,"[OSEN=길준영 기자] 프로야구 키움 히어로즈 박준현(19)이 에이스 안우진(27)과 메이저리그에서 맞대결을 하고 싶다는 꿈을 이야기했다. 박준현은 지난 11일 서울 잠실구장에서 열린 ‘2026 신한 SOL KBO 올스타전’에 나눔 올스타로 출전해 1이닝 2피안타 1볼넷 1탈삼진 무실점을 기록했다. 최고 시속 155km에 달하는 강속구를 뿌리며 첫 올스타전 등판을 무사히 마쳤다. 2026 신인 드래프트 1라운드(1순위) 지명으로 키움에 입단한 박준현은 올 시즌 10경기(49이닝) 1승 4패 평균자책점 3.67을 기록하며 성공적으로 전반기를 마무리했다. 이러한 활약에 힘입어 데뷔 첫 시즌부터 올스타에 선정되는 영예를 안았다. 박준현은 “우리 팀에서 나를 올스타로 보내주셨다. 감독님께 정말 감사드린다. 오늘 좋은 추억을 쌓고 후반기에는 더 좋은 모습을 보여드리도록 노력하겠다”며 처음으로 올스타에 선정된 소감을 전했다. KBO리그 간판 3루수로 활약했던 삼성 박석민 2군 타격코치의 아들인 박준현은 어린 시절 아버지를 따라 올스타전에 왔던 경험이 있다. “사실 너무 어릴 때라 기억은 잘 나지 않는다”고 말한 박준현은 “지금은 이 무대가 얼마나 오기 힘든지 느껴진다. 앞으로도 잘해서 또 올스타전에 나오고 싶다”고 이야기했다. “전반기는 아쉬운 부분이 더 많은 것 같다”고 말한 박준현은 “마운드에서 한 번씩 제구 같은 부분에서 스스로 무너질 때가 있었다. 그것도 배워가는 과정이기 때문에 후반기에는 그 경혐을 바탕으로 더 준비를 단단히 할 것 같다. 후반기에는 맞더라도 내가 유리한 볼카운트를 잡고 주도적으로 승부를 하고 싶다”며 전반기를 돌아봤다. 리그 최고의 에이스 안우진과 같은 팀에서 뛰고 있는 박준현은 “내가 입단했을 때부터 롤모델이 (안)우진이형이었다. 우진이형이 스프링캠프 때부터 많은 것을 알려준 덕분에 지금 내가 수월하게 야구를 하고 있는 것 같다. 우진이형을 만난 것이 내 가장 큰 행복이다”라고 말했다. “우진이형은 내가 지금까지 야구를 하면서 진짜 처음 본 괴물이다. 이런 사람을 본 적이 없다”고 말한 박준현은 “우진이형이 던지는 것을 보면서 진짜 다르다는 것을 느꼈다. 나도 몇 년 뒤에 우진이형만큼 공을 던지고 싶다. 우진이형처럼 어떤 것이든 빠르게 배우는 능력을 갖고 싶다”며 안우진을 향한 존경심을 감추지 않았다. 후반기 성공적인 시즌 완주를 목표로 하고 있는 박준현은 “내 공을 믿고 자신있게 타자들과 붙겠다”며 각오를 다졌다. 이어서 “지금은 우진이형과 같은 팀이지만 언젠가 다른 팀에서, 미국에서 한 번 맞붙어보고 싶다”며 당찬 포부를 밝혔다. /fpdlsl72556@osen.co.kr",https://v.daum.net/v/t1lEyHWISA
2026.07.14 03:39,오스틴? 김도영? 전문가들이 꼽은 전반기 ‘깜짝 MVP는 따로 있었다,스포츠경향,"전반기 오스틴(LG)은 결점 없이 완벽했다. 0.339 고타율에 27홈런을 때렸다. 득점권에서는 초인이었다. OPS가 1.3을 넘었다. 돌아온 김도영(KIA)도 명불허전이었다. 3차례 햄스트링 부상 여파의 우려를 압도적인 기량으로 쓸어냈다. 시즌 초반 타율이 기대만큼 나오지 않아 걱정했는데, 전반기를 마치고 나니 이미 3할에 근접(0.298)했다. OPS 1.010으로 2024년 MVP 시즌과 비교해도 손색없는 성적을 남겼다. 나란히 홈런 27개를 때려내며 홈런 공동 1위로 전반기를 마친 오스틴과 김도영은 이견 없는 전반기 MVP 양대 후보다. 남은 시즌 홈런왕 레이스와 MVP 경쟁도 오스틴과 김도영이 끌고 나갈 공산이 크다. 그러나 전문가들이 꼽은 전반기 MVP 의외의 인물은 따로 있다. 두산 2년 차 우완 최민석이다. 오스틴은 오스틴, 김도영은 김도영이다. 이들의 활약은 모두가 예상했고, 기대를 어긋나지 않았다. 그러나 최민석이 지금처럼 맹활약할 거라고 내다본 이를 찾기는 어렵다. 전반기 16차례 선발 등판해 9승 2패로 곽빈과 함께 리그 최강의 국내 선발 원투 펀치를 꾸렸다. 평균자책 2.33으로 KIA 외국인 에이스 애덤 올러(2.36)를 제치고 전체 1위를 찍었다. 두산이 다소 아쉬운 화력에도 5위로 전반기를 마칠 수 있었던 데는 최민석의 기여가 대단히 컸다. 정민철 MBC스포츠플러스 해설위원은 “사심을 담아 말하자면 전반기 MVP로 두산 최민석을 꼽겠다. 제가 투수 출신이다 보니 아무래도 투수한테 좀 더 눈길이 가는 게 사실”이라고 했다. 그러나 굳이 ‘사심’을 담을 필요도 없었다. 최민석을 전반기 MVP 후보로 꼽은 이는 정 위원 한 명만이 아니었다. 이순철 SBS 해설위원은 야수 MVP로 정 해설과 마찬가지로 오스틴을 꼽았다. 그러면서 투수로 최민석을 지목했다. 이 해설은 “최민석이 그렇게 해줄 거라고는 생각을 못 했다. 평균자책 1등에 다승도 공동 선두”라고 했다. 이 해설은 최민석이 자동투구판정시스템(ABS)을 대단히 효과적으로 활용했다고 짚었다. 국내 최고 포수 양의지의 공로도 대단히 크다고 했다. 이 해설은 “ABS는 존은 측면으로 통과해도 스트라이크 판정을 받는다. 최민석이 좌타자 몸쪽으로 붙이는 투심이 그래서 계속 스트라이크가 된다. 양의지가 앉는 자리를 계속 바꿔가면서 최민석의 최대 장점을 대단히 잘 살려주고 있다. 좌타자가 나오면 아예 좌타자 뒤에 숨어서 몸쪽 공을 유도한다”고 했다. 그러나 양의지 효과도, ABS 효과도 투수가 제대로 공을 던지지 못하면 소용이 없다. 이 해설은 “최민석이 그만큼 커맨드가 된다는 이야기다. 체력만 떨어지지 않는다면 후반기도 충분히 기대할 만하다. 지난해보다 체격이 많이 좋아져서 괜찮을 것 같다”고 했다. 최민석의 투심은 올해 전반기 KBO리그를 통틀어 가장 무시무시한 공 중 하나였다. 투구 절반 가까이(49.3%) 투심을 던졌는데 누구도 그 투심을 제대로 공략하지 못했다. 전반기 최민석의 투심 피안타율은 0.192, 피장타율은 0.256에 그쳤다. 국가대표 에이스로 우뚝 선 곽빈도 팀 후배 최민석의 전반기에 혀를 내둘렀다. 곽빈은 “(최)민석이가 있기 때문에 스스로 에이스라고 생각 안 한다. 같이 룸메이트도 해봤는데 스무 살 같지가 않다. 아직 자기 것이 없을 나이인데 민석이는 다르다. 저는 제 루틴을 만드는데 2년 반이 걸렸다”고 했다. 최민석의 활약이 워낙 컸던 만큼 두산은 9월 아시안게임 고민이 더 클 수밖에 없다. 최민석과 곽빈, 그리고 박준순까지 전반기 두산을 지탱한 셋이 빠진다. 야수로는 오스틴이 몰표를 받았다. 정 해설과 이 해설도 오스틴을 전반기 MVP로 전제하고 최민석을 언급했다. 조성환 KBS N 스포츠 해설위원은 “팀 타선이 전체적으로 침체했을 때도 오스틴이 해결한 경기가 워낙 많다”고 했다. 김선우 MBC 스포츠 플러스 해설위원도 오스틴을 첫손에 꼽으며 “모든 분야에서 다 활약했다. 중요한 상황 엄청난 임팩트를 여러 차례 보여줬다”고 했다. 최준석 SPOTV 해설은 김도영을 지목했다. 최 해설은 “김도영이 후반기 몰아치기가 나올 거라고 생각한다. 날이 더워지면 햄스트링 우려도 더 작아진다. 김도영이 후반기 온전히 자기 플레이에 집중하면서 더 힘을 낼 수 있을 것”이라고 했다. 심진용 기자 sim@kyunghyang.com",https://v.daum.net/v/GjkDignQUN
2026.07.14 03:34,"[IS 인터뷰] '야생마' 이상훈처럼? 그래도 LG 손주영은 ""세이브왕 욕심 없다""",일간스포츠,"LG 트윈스 손주영(28)이 마무리 투수로 보직을 전환한 지 2개월 만에 구원왕 경쟁에 뛰어들었다. 정작 손주영은 ""세이브 1위에 욕심이 없다""고 말했다. LG는 4월 말 유영찬의 팔꿈치 부상으로 뒷문에 비상이 걸렸다. 한동안 집단 마무리 체제를 운영하다가, 결국 선발 투수로 부상 복귀를 준비 중이던 손주영에게 SOS를 보냈다. 염경엽 LG 감독의 제안에, 손주영은 ""재밌을 것 같다""고 수락했다. 손주영의 마무리 카드는 지금까지 대성공이다. 손주영은 전반기 22경기에 등판해 1승 19세이브 평균자책점 1.40을 기록했다. 5월 13일 잠실 삼성 라이온즈전에서 개인 통산 첫 세이브를 따낸 뒤 두 달 동안 올린 성과다. 이 부문 선두 김재윤(삼성 라이온즈·22세이브)과 격차는 불과 3개. LG가 선두 경쟁을 펼쳐 세이브 기회가 많고, 손주영의 활약을 고려하면 구원왕 타이틀도 노릴 만하다. 선발 투수로 뛰다가 마무리로 전환해 2003년 구원왕에 오른 '야생마' 이상훈에 이어 23년 만의 LG 좌완 구원왕 탄생을 넘볼 수도 있다. 그러나 손주영은 ""처음에는 구원왕 욕심이 났는데, 지금은 별로 없다""고 손을 내저었다. 이유는 전문 마무리 투수가 아니기 때문이다. 그는 ""(세이브 1위에 도전하다 보면) '내 몸이 감당할 수 있을까' 걱정도 된다. (전문 마무리가 아닌 만큼) 휴식 시간을 갖고 등판했으면 좋겠다""며 ""물론 세이브 상황이 자주 찾아오는 것에 감사하게 생각한다. 일주일에 2세이브씩 꼬박꼬박 쌓았으면 한다""고 바랐다. 손주영의 9이닝당 볼넷은 지난해 2.88개에서 올해 6.31개로 많이 증가했다. 그는 ""마운드서 공을 던지면서 감각을 찾는 스타일인 데다, 선발 등판 때와 달리 압박감 탓에 쉽게 승부를 못 들어갔다""고 아쉬워했다. 그래도 10개 구단 주전 마무리 가운데 블론세이브가 단 한 번도 없는 투수는 손주영이 유일하다. 어떻게든 리드를 끝까지 지켰다는 의미다. 볼넷이 많은 편이지만, 시즌 피안타율이 고작 0.196에 불과하고 9이닝당 탈삼진도 9.12개로 뛰어나다. 손주영은 ""마무리 투수라는 색다른 경험이 재밌다""며 ""20경기 연속 등판마다 승리 혹은 세이브를 올렸더라. 이렇게까지 잘할 줄 진짜 몰랐다. 스스로 놀랍다""고 말했다. 손주영은 '헹가래 투수'를 꿈꾼다. 그는 ""개인적으로 30세이브를 달성하고, 우승하는 것이 목표""라며 ""후반기 출격을 각오하고 있다. 어떻게든 막겠다""고 다짐했다. 이형석 기자 ops5@edaily.co.kr",https://v.daum.net/v/tP7rTGyOst
2026.07.14 03:34,LG 작년엔 14경기 만에 4.5G 차 지웠다…올해도 후반기 스퍼트 가능할까,스포티비뉴스,"[스포티비뉴스=신원철 기자] LG는 지난해 전반기를 2위로 마쳤다. 1위 한화와는 4.5경기 차. 남은 55경기에서 따라잡기 쉽지 않은 차이였다. 그러나 LG는 후반기 14경기 만에 경기 차를 지우더니 15번째 경기에서 선두 탈환에 성공했다. 8월 21일에는 반대로 한화를 4.5경기 차로 밀어내고 선두 독주 체제를 갖췄다. 여기까지 28경기에서 22승 1무 5패 승률 0.815라는 압도적인 성적을 낸 덕분이다. 이 놀라운 승률의 배경에는 안정적인 선발진이 있었다. 손주영이 6경기에서 2승 무패 평균자책점 1.73을 기록했고, 임찬규가 5경기 2승 무패 평균자책점 2.05로 뒤를 받쳤다. 송승기(4경기 1승 3.54)와 요니 치리노스(6경기 3승 3.63), 그리고 이 기간 합류한 앤더스 톨허스트(2경기 13이닝 무실점)의 활약이 LG의 높은 승률로 이어졌다. 타격도 뛰어났다. 팀 타율이 0.298로 3할에 육박한 가운데 OPS는 10개 구단 유일한 0.800대(0.826)을 기록했다. 올해는 1위 삼성과 경기 차 없이 승률에서 0.002 뒤처진 2위로 전반기를 마무리했다. 순위 싸움 판도만 보면 작년보다는 낫다고 할 수 있다. 팀 상황도 작년 전반기 후반부보다는 괜찮은 편이다. 지난해 LG의 전반기 마지막 한 달 팀 선발 평균자책점은 4.91로 리그 10위였고, 팀 타율(0.270, 5위)과 OPS(0.712, 7위)는 중하위권에 머물러 있었다. 올해 전반기 마지막 한 달은 선발 평균자책점 4.13으로 4위다. 팀 타율은 0.274로 6위지만 OPS는 0.787로 3위다. 올해도 1년 전처럼 후반기 시작부터 치고 나갈 수 있을까. 지난해는 톨허스트 영입이라는 터닝 포인트가 있었지만 올해는 이미 외국인 선수 교체 카드를 한 장 소모한 상태다. 대신 한 달 넘게 휴식기를 가진 송승기가 지난해 경기력을 되찾는다면 선발진에 큰 힘이 될 수 있다. 염경엽 감독은 송승기의 후반기 마지막 시리즈 복귀를 고려했었다. 다만 완벽하게 준비하기 위해 송승기의 복귀 시기를 뒤로 미뤘다고 했다. 타선은 전반기 부진했던 주전급 선수들의 부활을 기대하는 한편, 올해 발굴한 선수들의 타석이 점차 늘어날 수 있다. 염경엽 감독은 전반기 마지막 시리즈를 치르면서 후반기에는 주전에 치우친 기용보다 컨디션 좋은 선수를 우선시하는 라인업을 내세우겠다고 밝혔다. 송찬의 문정빈이 성장한 덕분이다. <저작권자 ⓒ SPOTV NEWS. 무단전재 및 재배포 금지>",https://v.daum.net/v/uNYVend8Sh
2026.07.14 03:33,구자욱 “제대로 된 경기 하고 싶다” vs 허구연 총재 “즐기는 쪽으로 가야”…올스타전이 남긴 과제,MHN스포츠,"(MHN 황혜성 기자) “제대로 된 경기를 하고 싶다”는 구자욱과 “함께 즐기는 쪽으로 가야 하지 않겠느냐”는 허구연 KBO 총재. 두 사람의 발언에는 달라진 프로야구 올스타전을 바라보는 서로 다른 시선이 담겨 있었다. 삼성 라이온즈 구자욱은 최근 올스타전 퍼포먼스에 관한 질문을 받고 “제대로 된 경기를 하고 싶다. 너무 장난 같다는 생각이 들어 고민 중”이라며 “정말 전력으로 하고 싶은데 분장이라는 게 너무 장난이 아닌가 생각해봤다”고 솔직한 의견을 밝혔다. 퍼포먼스가 경기보다 앞서는 최근 올스타전 분위기에 대한 문제 제기였다. 구자욱은 올스타전 팬 투표를 앞두고 선수들이 춤과 각종 콘텐츠로 자신을 홍보하는 문화에 대해서도 “그런 노력보다 경기장에서 보여주고 성적으로 뽑혀야 하는 게 아닌가 생각한다”고 말했다. 실제로 KBO 올스타전의 모습은 시대에 따라 크게 달라졌다. 과거에도 선수들의 분장과 이벤트는 있었지만, 어디까지나 경기에 재미를 더하는 부수적인 요소에 가까웠다. 그러나 최근에는 선수들이 자신의 별명이나 유행하는 밈을 활용해 분장하고, 타석에 들어서기 전 춤과 상황극을 선보이는 등 퍼포먼스의 비중이 크게 높아졌다. 2019년부터는 가장 인상적인 모습을 보여준 선수에게 ‘베스트 퍼포먼스상’까지 수여하면서, 퍼포먼스는 올스타전을 상징하는 주요 볼거리로 자리 잡았다. 허구연 총재의 생각은 구자욱과 다소 달랐다. 2026 KBO 올스타전 특별 해설자로 나선 허 총재는 “올스타전은 바뀌어야 한다”며 “선수들이 전력투구하기 힘든 구조다. 그렇다면 함께 즐기는 쪽으로 가야 하는 것 아니냐”고 말했다. 이어 미국프로풋볼(NFL) 슈퍼볼의 축제 분위기를 예로 들며 경기 외적인 공연과 볼거리 역시 팬들에게 제공할 수 있는 서비스라고 강조했다. 이번 올스타전에 가수 우즈의 공연을 마련한 것 역시 이 같은 고민의 결과라고 설명했다. 다만 퍼포먼스가 지나치게 길어져 경기 흐름을 끊는 것에는 반대했다. 허 총재는 “구단에서도 노력을 많이 하겠지만 짧고 강하게 할 필요가 있다. 시간을 너무 많이 끌어서는 안 된다”며 “몇 년 전과 비교하면 지금은 많이 짧아졌다”고 말했다. 허 총재는 달라진 야구 관람 문화에 대해서도 설명했다. 그는 “예전에는 승부를 보기 위해 왔다면 지금은 야구가 생활의 일부가 됐다”며 “응원하는 팀이 이기면 기분이 좋고, 지더라도 내일 이기면 된다는 마음으로 노래하고 춤추며 함께 즐기는 장으로 변했다. 그런 부분에서 뿌듯함을 느낀다”고 말했다. 이러한 변화는 프로야구 팬층의 변화와도 연결된다. 특히 젊은 여성 팬들은 최근 프로야구 흥행을 이끄는 핵심 관객층으로 떠올랐다. 2024년 KBO 올스타전 예매자 가운데 20대 여성의 비율은 39.6%로 모든 성별·연령대 중 가장 높았다. 전체 예매자 가운데 여성 비율도 68.8%에 달했다. 팬들의 성향에 따라서도 의견은 엇갈린다. 올스타전이 선수와 팬이 함께 즐기는 무대라는 점에는 공감하지만, 연예인이 아닌 야구선수들이 지나치게 춤과 분장 등 퍼포먼스에 치중하는 모습은 불편하다는 반응도 있다. 반면 일 년에 한 번 열리는 축제에서 선수들이 정규시즌과 다른 모습을 보여주는 것 역시 중요한 팬 서비스라는 반론도 나온다. 구자욱은 ‘야구의 본질’을, 허 총재는 ‘시대에 맞는 축제’를 이야기했다 어느 한쪽이 틀렸다기보다 달라진 올스타전이 풀어야 할 과제를 보여준다.",https://v.daum.net/v/u3BmyHWIMw
2026.07.14 03:32,"'볼넷 3위 → 출루율 4할인데…' 후반기 반등이 필요해! 내년이면 33세, 홍창기의 겨울은 따뜻할까 [SC포커스]",스포츠조선,"[스포츠조선 김영록 기자] 지난해 길었던 부상, 연장계약 거절, 어느덧 서른을 훌쩍 넘긴 나이. LG 트윈스 홍창기의 2026년 각오는 야심으로 가득했다. 그 마음이 부담으로 이어진 걸까. 컸던 기대만큼이나 큰 실망으로 돌아왔다. 홍창기의 전반기 타격 성적은 타율 2할5푼9리 24타점, OPS(출루율+장타율) 0.714에 불과하다. 잠실을 홈으로 쓰는데다, 주전으로 올라선 뒤에도 시즌 홈런이 '1개'인 해가 3번이나 될 만큼 장타자는 아니지만, FA를 앞둔 올해 홈런 0개는 여러모로 아쉽다. 출루율 4할을 보장하는 남자의 명성에도 살짝 금이 갔다. 4할 4~5푼을 찍던 출루율이 지난해 3할9푼9리, 올해 전반기는 3할9푼8리다. ABS(자동볼판정 시스템)존에 고전하는 와중에도 타율과 무려 1할 4푼이나 차이나는 눈부신 클라스의 선구안을 보여줬다. 볼넷 부문 리그 3위(52개)다. 그 출루가 고스란히 오스틴의 타점으로 이어졌다곤 하지만, 기본적인 타율이 너무 낮다. 기본적으로 강한 타구를 만들어내지 못하고 있다. 삼진도 77개에 달해 팀내 1위, 리그 7위다. 그만큼 상대 투수들도 자신감있게 승부한다는 뜻이다. 리드오프인 만큼 출루율만으로도 최소한의 역할은 하고 있다. 하지만 충분하다곤 말할 수 없다. 홍창기는 올시즌이 끝나면 FA가 된다. 지난 겨울 LG의 비FA 연장계약 제안을 거절한 만큼 자신의 가치를 더 끌어올렸어야 했는데, 올시즌 성적만 보면 그렇게 말하긴 어렵다. 볼넷은 주자의 수를 늘린다는 점에선 안타와 같지만, 앞선 주자의 진루 가능성이 안타보다 낮다. 또 찬스에서 안타 하나면 바로 점수를 낼 수 있지만, 볼넷은 그렇지 못하다. 주루나 수비에서도 홍창기의 폼은 하락세다. 박해민이 없으면 LG 중견수 1순위 선수지만, 염경엽 LG 감독은 부진해도 박해민의 타순을 8, 9번으로 내릴 지언정 그를 중용하는 편이다. 여기에 내년이면 33세, 외야수에겐 적지 않은 나이인 점도 FA에겐 자칫 치명적일 수 있다. 장타력이 부족하다보니 이른바 '탈잠실 효과'를 기대하기도 어렵다. 오히려 외야가 좁아지면서 장타율이 떨어질 수도 있다. 2021, 2023, 2024년 3시즌만 봤을 때 홍창기는 4할이 넘는 출루율과 더불어 평균 174개의 안타, 18개의 도루를 했다. 장타가 없고, 수비나 주루에서 리그 톱이라고 보기 힘든 그가 해줘야하는 공격에서의 기대치다. 그나마 다행인 점은 6월을 기점으로 상승세를 타고 있다는 것. 6월 이후만 보면 타율 3할6리, OPS 0.802를 기록중이다. 조금씩 홍창기라는 이름에 어울리는 자리로 돌아가고 있다. 구단 역사상 5번째 우승을 노리는 LG로선 후반기 홍창기의 반등이 반드시 필요하다. 염경엽 감독의 동기부여 능력이 다시한번 빛을 발할 때다. 김영록 기자 lunarfly@sportschosun.com",https://v.daum.net/v/q4E2Rie4ze
2026.07.14 03:20,"'6만명 투여할 마약 밀수 총책' 전 프로야구 선수, '징역 10년' 선고 충격",스타뉴스,"[스타뉴스 | 안호근 기자] 단순한 조직원도 아닌 마약 밀수입 총책을 맡은 전 프로야구 선수가 결국 10년의 옥살이를 피할 수 없게 됐다. 뉴시스에 따르면 부산지법 형사7부는 14일 특정범죄가중처벌등에관한법률(향정) 위반 등 혐의로 기소된 A(30대)씨에게 징역 10년을 선고했다. 더불어 40시간의 약물 치료 프로그램 이수 및 10만원의 추징 명령도 내려졌다. A씨는 마약 조직의 공동 총책으로 지난해 9~10월 태국에서 3차례에 걸쳐 마약류인 케타민 약 1.9㎏(1억 2000만원 상당) 가량을 밀수한 혐의를 받고 있다. 통상 케타민 1회 투약량이 0.03g인 점을 고려하면 약 6만 3400명이 동시 투약할 수 있는 양으로 엄청난 파장을 일으켰다. A씨는 또 지난해 12월부터 올해 1월 사이 태국 내 클럽에서 필로폰을 한차례 투약한 혐의도 받고 있다. 총책의 지시를 받은 운반책은 공항의 화장실과 같이 사각지대를 이용해 마약을 주고받은 것으로 알려진다. 더불어 어린 자녀를 동반한 가족 여행객에 대해서는 세관 등의 감시가 비교적 소홀하다는 점을 이용해 한 운반책에게 '미성년자 아들과 함께 외국으로 와 마약을 받은 다음 운반하라'고 지시하기도 했을 만큼 치밀하게 움직였다. 검찰은 작년 10월 김해공항에서 태국발 밀수 운반책 C씨를 검거했는데 당시 전국에서 비슷한 유형의 마약 밀수 사건이 반복됨에 따라 부산시청, 부산세관과 함께 수사팀을 꾸린 상태였다. 대전지검에선 운반책인 D씨, 인천지검에선 또 다른 운반책 E씨를 구속 기소했다. D씨와 E씨 등의 진술을 종합한 결과 마약 종류와 은닉 방법, 상선의 텔레그램 대화명 등이 C씨와 일치하는 걸 확인했고 나아가 상선에 대해 ""충남 사람으로 보였다"", ""대전 연고 프로야구단 광팬 같았다"" 등의 단서를 얻었다. 이에 검찰은 가상화폐 지갑 추적, 압수수색 등을 통해 총책 A씨를 특정했고 전직 프로야구 선수라는 걸 확인했다. 검찰은 또 인천국제공항과 태국 수완나품 공항 화장실에서 이뤄진 마약 전달 현장의 폐쇄회로영상(CCTV) 분석을 통해 수십 초 만에 케타민을 주고받는 '릴레이 밀수'임도 입증했다. 재판부는 ""A씨가 필로폰 투약 이외 다른 혐의를 모두 부인하고 있지만 증거들을 종합했을 때 공소사실 모두 유죄로 인정된다""며 ""범행 죄질이 매우 안 좋고 수입한 케타민의 양도 매우 많아 엄벌이 불가피하다""고 밝혔다. 다만 재판부는 A씨와 함께 조직 공동 총책으로 기소된 프로그램 개발자 B(30대)씨에게는 무죄를 선고했다. 범행에 가담했다고 의심되는 정황이 많지만 유죄로 판단할 만한 증거는 부족하다는 판단을 근거로 했다. 안호근 기자 oranc317@mtstarnews.com",https://v.daum.net/v/KdHrbVKpCT
2026.07.14 03:12,"'최고의 전반기' 보낸 롯데 김진욱 ""감독님 칭찬 많이 받았다""",뉴스1,"(서울=뉴스1) 서장원 기자 = 프로야구 롯데 자이언츠 왼손 투수 김진욱은 올 시즌 껍데기를 깨고 최고의 전반기를 보냈다. 5선발로 출발해 16경기에서 5승(4패)을 거뒀다. 등판한 경기 수에 비해 승수가 많지 않지만, 절반이 넘는 9차례 퀄리티스타트(선발 6이닝 이상 3자책 이하)를 달성했다는 점과 평균자책점이 2.95라는 것을 고려하면 잘 던지고도 승운이 따르지 않은 경기도 많았다. 선발 로테이션 막차를 타고 시즌 개막을 맞이했지만, 토종 투수 중 가장 안정감 있는 투구를 하면서 오는 9월 개막하는 2026 아이치·나고야 아시안게임 야구대표팀에도 발탁됐다. 메이저리그(MLB) 디트로이트 타이거스의 에이스 타릭 스쿠발의 체인지업을 활용해 피칭을 발전시키며 팬들로부터 '사직 스쿠발'이라는 별명도 얻었다. 아울러 김진욱은 2021년 프로 데뷔 후 처음으로 올스타전에도 참가했다. 베스트12에는 들지 못했지만, 감독 추천 선수로 뽑혀 '마지막 잠실' 올스타전을 빛냈다. 전반기를 돌아본 김진욱은 ""개인적으로 성적을 보면 만족스럽게 전반기를 마친 것 같다. (올스타 휴식기에) 후반기를 잘 준비해서 팀이 계속 올라가는 데 초점을 맞춰야 할 것 같다""고 말했다. 평소 선수들에 대한 칭찬에 인색한 김태형 롯데 감독도 김진욱에게만큼은 칭찬을 아끼지 않았다. 기복 있는 모습으로 불안감을 줬던 과거에서 탈피해 올해 전반기 선발 로테이션을 꾸준히 돈 김진욱이기에 칭찬은 당연했다. 김진욱은 ""야구를 잘하니까 감독님이 칭찬도 많이 해주시는 것 같다""고 웃은 뒤 ""감독님이 조언도 많이 해주시고, 마운드에 올라갔을 때 편하게 던질 수 있게 한마디씩 걸어주셔서 좋은 결과를 낼 수 있었다는 생각이 든다""고 감사한 마음을 표했다. 김진욱은 전반기 좋은 성적을 낸 비결로 마운드에서의 '자신감'을 꼽았다. 그는 ""(과거엔) 자신감뿐 아니라 기술적인 문제들이 많았는데 결국에는 경기할 때 (성적이 좋다 보니) 자신감이 붙어서 결과도 좋게 나왔다고 생각한다""고 분석했다. 프로야구는 15일까지 올스타 휴식기를 보낸 뒤 16일부터 후반기에 돌입한다. 김진욱은 ""쉬는 것도 잘 쉬어야 하지만 운동도 꾸준히 해야 한다. 다음 등판에 집중해야 하므로 등판 시기에 맞춰서 운동을 계속할 계획""이라고 전했다. 롯데는 전반기를 8위로 마무리했지만 5위 두산 베어스와 격차가 5경기로 아주 크지 않다. 후반기 순위 싸움에 따라 가을야구도 충분히 도전할 수 있는 위치다. 롯데 도약의 선봉에 서야 할 김진욱은 ""전반기 막판에 팀 성적이 괜찮았다. 분위기는 지금 가장 좋다""며 ""잘 쉬고 나면 충분히 올라갈 수 있다고 생각한다""고 후반기 각오를 다졌다. superpower@news1.kr",https://v.daum.net/v/4HSwacNdtf
2026.07.14 02:49,"김도영이 때린 날과 못 때린 날···KIA 타선, 넉넉한 ‘상수’가 필요한 시간",스포츠경향,"지난 3월 28일 정규시즌 문학 개막전 KIA 선발 라인업에는 좌익수 카스트로와 우익수 오선우가 포함됐다. 1루수는 윤도현이었다. 다음날 경기에는 선발 유격수로 아시아쿼터 데일이 선발 라인업에 이름을 올렸다. 우익수로는 이창진이 출전했다. 전반기 내내 변화 많았던 KIA 타선이었다. 데일이 떠났고, 카스트로는 부상 병동을 긴 시간 다녀왔다. 개막 즈음에는 백업이었던 박재현이 외야 주전으로 올라왔고, 박민과 김규성 등 젊은 선수들의 지분도 커졌다. KIA는 팀타율 6위(0.269), 팀출루율 6위(0.342)로 평범했지만 팀 홈런 1위(101개)의 기세로 팀 OPS는 4위(0.770)로 끌어올리는 방향성과 함께 득점 공식도 만들었다. 여러 변수가 이어진 가운데서도 ‘상수’가 된 것은 역시 김도영이었다. 김도영은 전반기 86경기에 모두 출전해 타율 0.298에 94안타 27홈런 74타점 OPS 1.010을 찍었다. LG 오스틴 딘과 홈런 공동 선두로 OPS로는 오스틴에 이어 전체 2위다. 후반기 키맨 또한 우선은 김도영이다. KIA는 주포인 김도영이 안타를 때리면서 직접 움직인 날과 그렇지 못했던 날의 승률 차이가 크게 나는 편이었다. 전반기 김도영이 안타를 1개 이상 때린 64경기에서 KIA는 승률 0.603(38승1무25패)를 기록했다. 반대로 김도영이 안타 없이 침묵한 22경기에서 KIA 승률은 0.333(7승1무14패)로 부진했다. 중심타자가 안타 생산을 하지 못하는 날, 팀 승률이 떨어지는 건 당연하지만 이 같은 상관성을 고려해도 김도영에 대한 의존도는 상대적으로 컸던 것으로 해석할 수 있다. 김도영이 하루도 빠짐없이 안타를 때릴 수는 없다. 그래서 KIA 타선의 드러난 키맨은 김도영이지만, 실질적인 키맨은 다른 이름일 수 있다. 전반기 내내 변수 많았던 전체 라인업에서 상수를 최대치로 늘려놓는 일이다. 전반기에는 OPS 0.912의 나성범이 분발한 것이 전체 라인업이 힘들 받는 배경이기도 했다. 후반기에는 또 다른 베테랑 타자 김선빈이 현재 OPS(0.650)을 훌쩍 뛰어넘는 공격력을 끌어내야 타선 기복을 최소화할 수 있을 것으로 보인다. 아울러 좋을 때와 그렇지 않을 때의 차이가 크게 나타나는 카스트로도 외국인타자로 편차를 최소화하는 활약을 해야 한다. 더구나 카스트로는 OPS(0.848)보다 타율(0.314)가 돋보이는 컨택트형 타자로 통한다. 기복 없는 애버러지를 유지하는 것이 최선의 가치 증명일 수 있다. 박재현과 김호령이 거의 매경기 치고 달리면 좋겠지만, 후반기에도 오르내림이 있을 것을 KIA 벤치도 잘 알고 있다. 그래서 지금 KIA가 조금 더 절실한 건 김도영이 부진한 날에도 김도영이 부각되지 않게 할 상수의 다변화다. 안승호 기자 siwoo@kyunghyang.com",https://v.daum.net/v/8ftTlySrpS
2026.07.14 02:38,최강원투펀치…네일·올러 vs 곽빈·최민석 vs 톨허스트·임찬규,연합뉴스,"(서울=연합뉴스) 장현구 기자 = 지난해 프로야구 최강 원투 펀치는 한화 이글스의 코디 폰세와 라이언 와이스였다. 폰세(17승·180⅔이닝)와 와이스(16승·178⅔이닝)는 33승과 359⅓이닝을 합작했다. 1인당 평균 15승 이상, 179⅔이닝을 던진 놀라운 결과다. 둘이 미국으로 떠난 올해 최강 원투 펀치 경쟁은 삼각 구도를 형성했다. 외국인 듀오, 토종 듀오, 외국인과 토종 콤비로 모양새도 다채롭다. 먼저 KIA 타이거즈의 제임스 네일(5승·102⅔이닝)과 애덤 올러(9승·99⅓이닝)는 투구 이닝에서 다른 팀 원투 펀치를 능가한다. 신규 선수 연봉 최대치를 100만달러로 묶는 등 외국인 선수 몸값에 제한을 두는 KBO리그에서 더는 압도적인 외국인 투수를 데려오기 어려운 만큼, 각 구단은 15승을 올리는 투수보다는 선발 로테이션을 시즌 내내 꾸준히 돌아 150이닝 이상을 던져줄 견고한 이방인 투수의 가치를 높게 친다. 시즌을 완주한 두 외국인 투수가 합쳐서 300이닝만 던져도 성공작이라는 평가가 적지 않다. 그런 면에서 검증된 KBO리그 3년 차 네일과 2년 차 올러는 제 몫을 해내고 있다. 특히 올러는 다승 공동 1위, 평균자책점 2위(2.36), 탈삼진 2위(108개)로 최고의 시즌을 보내는 중이다. 두산 베어스의 곽빈과 최민석은 올해 센세이션을 일으키는 최대 기대주다. 나란히 아이치·나고야 아시안게임 한국 야구대표팀에 뽑힌 곽빈(8승·97이닝)과 최민석(9승·92⅔이닝)은 17승을 함께 올려 LG 트윈스 앤더스 톨허스트(8승·92⅓이닝)와 임찬규(9승·95⅓이닝) 콤비와 더불어 10개 구단 원투 펀치 중 최다승을 거뒀다. 최민석은 다승과 평균자책점 1위(2.33)를, 곽빈은 탈삼진 1위(112개)를 질주하는 등 '계산이 서는' 마운드 운용으로 김원형 감독을 기쁘게 한다. 데뷔 9년 차 곽빈이나 2년 차 최민석 모두 커리어 하이 시즌을 예고했다. 4년 연속 두 자릿수 승리에 1승을 남긴 임찬규와 시즌 시작 후 한 경기도 거르지 않은 톨허스트는 LG의 보배다. 날이 무더워지면서 톨허스트의 기세가 6월 이래 한풀 꺾였지만, 올스타 휴식기를 거쳐 1선발의 자존심을 회복한다면 KIA, 두산과 벌일 원투 펀치 경쟁도 한층 흥미로워진다. 임찬규는 톨허스트가 부진했던 6월과 전반기 막판에 5승을 쓸어 담아 LG 선발진을 든든히 지켰다. cany9900@yna.co.kr (끝) ▶제보는 카톡 okjebo",https://v.daum.net/v/85YCCvhDtl
2026.07.14 02:36,롯데 간판타자는 여전히 윤동희...복귀가 곧 5강 진입 모멘텀,일간스포츠,"전반기 마지막 21경기에서 승률 7할을 기록하며 5강 순위 경쟁 게임 체인저로 떠오른 롯데 자이언츠. 후반기 롯데의 키플레이어는 윤동희(23)이다. 롯데는 6월 14일 잠실 LG 트윈스전에서 패하며 10위까지 떨어졌다. 올 시즌 두 번째 최하위 추락이었다. 하지만 바로 이어진 6월 셋째 주 일정에서 SSG 랜더스·키움 히어로즈를 상대로 올 시즌 첫 주간 무패(5승 1무)를 기록했고, 중상위권 NC 다이노스·LG 트윈스와의 넷째 주 연속 3연전에서도 위닝 시리즈(2승 이상)를 해냈다. 올스타 브레이크 전 KT 위즈·KIA 타이거즈 3연전 역시 각각 2승 1패를 거뒀다. 원래 탄탄했던 선발진이 초중반 싸움을 버텨줬고, 타선의 응집력도 좋아졌다. 약점이었던 불펜진은 대체 아시아쿼터 수투 이이무라 쇼타가 가세하며 조금 더 안정감이 생겼다. 지난 시즌(2025) 8월 둘째 주까지 3위를 지키다가, 14경기 연속 무승 수렁에 빠진 뒤 5강 진출까지 실패했던 롯데다. 올해는 반대로 최하위까지 떨어진 뒤 가파른 상승세를 타고 있다. 전반기 막판 롯데가 안은 고민은 주축 타자 윤동희다. 그는 골반 부상으로 한동안 이탈했다가 롯데가 상승세를 탄 6월 셋째 주 주중 3연전 2차전에서 복귀했다. 초반에는 그가 가세한 효과로 롯데의 공격력도 좋아졌다. 개인 성적도 크게 나쁘진 않았다. 17경기에서 타율 0.281를 기록했다. 무안타는 3경기밖에 없었다. 하지만 김태형 감독은 숫자보다 타석에서 보여주는 지향점과 태세를 문제 삼았다. 팀 배팅이 필요한 상황이나 볼카운트에서 어울리는 타격을 하지 못했다는 것. 이 부분은 2024년부터 윤동희에게 강조했다. 2023년부터 4년째 주전으로 뛰고 있는 윤동희라면, 이제 타석에서 결과로 보여줘야 한다는 것. 결국 윤동희는 KIA와의 전반기 마지막 3연전을 앞두고 다른 주축 타자 나승엽과 함께 1군 엔트리에서 제외됐다. 후반기 재개 직후 다시 1군 부름을 받을 가능성도 낮다. 실전 경기를 통해 달라진 모습을 보여줘야 하는데, 1군 브레이크 기간 퓨처스팀 일정이 2경기에 불과하다. 김태형 감독이 강조한 점에서 변화를 보여줘야 한다. 윤동희가 팀 타선에 핵심 선수라는 건 분명하다. 그가 타선에 있어야 앞뒤 타자들도 '우산 효과'를 기대할 수 있다. 전반기 마지막 3주 동안 롯데가 보여준 상승세에 윤동희의 지분도 없지 않다. 김태형 감독도 그에 대해 다소 강한 표현을 쓰며 선수의 분전을 끌어내려는 것 같다. 결국 윤동희의 복귀와 퍼포먼스는 롯데 5강 도전 레이스에 모멘텀이 될 것 같다. 안희수 기자 anheesoo@edaily.co.kr",https://v.daum.net/v/Uj2gEmDgr4
2026.07.14 02:34,"“우리는 연패 없는 팀” 4.5G 역전 장담했던 박동원, 올해도 LG의 우승을 의심하지 않는다",스포츠경향,"LG는 선두 삼성과 승차 없이 승률에서 0.002 밀린 2위로 전반기를 마쳤다. 내내 선두를 달리다가 마지막 삼성과 맞대결 3연전에서 1승 2패로 밀린 게 뼈아팠다. 그러나 LG는 여전히 우승을 자신한다. 지난해 이미 전반기 열세를 뒤집고 결국 챔피언으로 시즌을 마친 경험이 있다. 지난 시즌에도 LG는 전반기를 2위로 마쳤다. 1위 한화와는 4.5경기 차이가 났다. 지난해 올스타전 MVP였던 박동원은 “4.5경기가 작은 차이는 아니지만 충분히 뒤집을 수 있다고 생각한다”고 자신감을 드러냈다. 박동원의 말대로 LG는 후반기 개막 보름여 만에 순위표 최상단을 탈환했고, 정규시즌과 한국시리즈 통합 우승까지 그대로 내달렸다. 올해도 마찬가지다. 박동원은 LG의 강함을 ‘꾸준함’에서 찾았다. 13일 잠실 팀 훈련을 소화한 박동원은 “연승을 많이 하는 팀이 강팀이 아니다. 연패를 하지 않는 팀이 강팀이다. 그게 제일 중요하다고 생각한다. 그래서 올해 후반기도 자신 있다”고 했다. 박동원의 말 대로다. LG는 전반기 성치 않은 전력으로도 꾸준히 승수를 쌓았다. 올시즌 유독 많은 팀이 연패와 연승을 극적으로 오갔지만 LG와는 관계없는 이야기였다. 전반기 3연패만 3차례 했을 뿐, 4연패 이상은 한 번도 없었다. 매달 월간 승률 6할 이상을 꼬박꼬박 챙겼다. 박동원은 “마지막이 좀 아쉬웠지만, 그래도 잘했다고 생각한다. 전반기처첨 계속해낸다면 결국은 저희가 가장 위에 있지 않겠느냐”고 했다. LG는 전반기 많은 선수가 부상으로 빠졌고, 또 부진했다. 박동원 역시 예년에 비하면 썩 만족스럽지 않은 성적을 남겼다. 지난해 전반기 OPS가 0.879였는데, 올해는 0.771이다. LG 이적 후 지난해까지 3년 연속 전반기 두 자릿수 홈런을 때렸는데 올해는 9홈런에 그쳤다. 박동원은 “원래 시즌 초반 페이스가 좋은 편인데 올해는 그게 잘 안됐다. 과정에 더 충실했어야 했는데, 결과만 쫓아다녔다는 생각을 많이 한다”며 “전반기 홈런 10개 이상씩은 꾸준히 쳤는데, 장타를 많이 치지 못한 게 특히 아쉽다”고 했다. 그런데도 LG는 강하다. 주축 자원들이 부침을 겪는 동안 송찬의, 문정빈 등 새 얼굴들이 튀어나와 활약했다. 박동원은 코칭스태프의 역할을 첫손으로 꼽았다. 박동원은 “야수들 훈련하는 거 보면 코치님들이 쉬지를 못하신다. 선수들은 하루 너무 부진해서 스트레스 때문에 그날 경기 복기도 안 하고 잘 때가 있지만, 코치님들은 그런 날이 없다. 계속 영상 보시고 피드백을 하신다. 모창민 코치님, 김재율 코치님 두 분 호흡이 정말 잘 맞으신다”고 했다. 그러면서 “코치님들이 선수들 가진 폼도 존중을 해주신다. 다른 구단들이 다 그런 건 아니다. (문)정빈이 같은 경우 서 있는 폼은 제가 봐도 나이스하다는 생각은 안 든다. 그런데도 잘 치고 있지 않나. 코치님들이 정빈이가 최대한 편하게 잘 할 수 있는 폼으로 잘 칠 수 있도록 배려를 해주시는 덕이 크다”고 했다. 타선에서 새 얼굴들이 기대 이상 활약을 했고, 마운드는 부상 이탈이 줄 잇는 동안에도 파격적인 보직 변경 모험수를 연달아 성공시키며 시련을 버텨냈다. 포수 박동원이 가장 가까이에서 그 변화와 성공을 목격했다. ‘선발 10승’ 손주영이 마무리 변신 후 ‘노 블론’으로 전반기를 마쳤다. 불펜에서도 다소 고전하던 셋업맨 장현식은 오히려 선발 전환 후 호투를 거듭했다. 박동원은 “(손)주영이는 마무리 가도 무조건 잘할 거라고 생각을 했다. 예전 플레이오프 때 주영이가 중간으로 나와서 던지는 걸 받아봤는데 그때부터 ‘얘는 마무리로 가면 더 강한 공이 나오겠다’고 생각했다”고 했다. 장현식의 선발 호투는 공을 받는 포수도 놀랄 정도다. 박동원은 “(장)현식이는 좀 의외였다. 선발로 나가면서 구위가 달라졌다. 요즘은 슬라이더를 던지면 그냥 헛스윙이다. 슬라이더 하나로 완전히 바뀌었다. 뭘 했는 지 모르겠다”고 웃었다. 후반기 LG의 목표는 당연히 선두 탈환 그리고 우승이다. 박동원 역시 더 나은 후반기를 위해 각오를 다지는 중이다. 지난 몇 년간 박동원은 전반기 화끈하게 불타올랐다가, 후반기 들어 페이스가 떨어지는 시즌을 반복했다. 올해는 전반기가 아쉬웠던 만큼 후반기를 불태워 균형을 맞추기를 기대하고 있다. 남은 시즌 박동원의 홈런포가 터져 나온다면 LG의 역전극 가능성은 더 커진다. 잠실 | 심진용 기자 sim@kyunghyang.com",https://v.daum.net/v/HiivXtZvUb
2026.07.14 02:25,전준우 이대로 2군에서 끝낼 건가 → 마지막 불꽃이 절실하다. 롯데의 반등 열쇠,스포츠조선,"[스포츠조선 한동훈 기자] 이대로 2군에서 끝낼 것인가. 롯데 자이언츠는 그의 마지막 불꽃이 절실하다. 롯데의 정신적 지주 전준우(40)가 1군에서 자취를 감춘지 1개월이 넘었다. 올해 타격 슬럼프가 길어지고 있다. 전준우가 없어도 팀이 잘 돌아간다면 모를까 아직 그런 처지는 아니다. 전준우가 반드시 해줘야 할 역할이 남았다. 롯데는 아직 반등 가능성이 충분하다. 롯데는 전반기 85경기 38승 45패 2무승부 승패마진 -7, 8위로 마감했다. 5위 두산 베어스와 승차는 5경기다. 넉넉한 사정권이다. 전반기 마지막 7차례 3연전서 6차례 위닝시리즈 포함 14승 1무 6패를 기록했다. 상승세가 반짝이 아니라 지속 가능하려면 필수 조건이 하나 있다. 득점 생산성 기복을 줄여야 한다. 타선에 레이예스 한동희 외에 꾸준히 때려줄 타자 한 명이 더 필요하다. 롯데는 일단 마운드가 탄탄하다. 팀 평균자책점 4.41로 4위다. 선발투수 평균자책점은 4.09로 3위. 구원투수 평균자책점이 5.08로 8등이지만 필승조는 구색을 갖췄다. 이이무라 쇼타와 최준용 김원중이 7회부터 3이닝은 지킬 수 있다. 이민석이 6선발과 불펜을 오가며 쓰임새가 다양하고 정철원 박정민이 후반기에 반등해주면 투수진은 큰 걱정이 없다. 득점력이 고민이다. 롯데는 팀 OPS(출루율+장타율) 0.714로 9등이다. 투수들이 잘 막아도 점수가 안 나서 내주는 경기가 많다. 타선에 '언제나 해주는' 해결사 부재가 아쉽다. 레이예스 혼자서는 역부족이다. 고승민 나승엽 한동희 윤동희 등으로 구성된 야수진이 너무 젊어서 흐름에 약하다는 지적도 있다. 타오르면 무섭게 기세를 올리지만 안 맞기 시작하면 분위기에 휩쓸려 같이 침체에 빠진다는 것이다. 이 모든 해답을 전준우가 가지고 있다. 전준우만 부활하면 전부 정리되는 고민이다. 전준우는 현재 롯데의 상징이나 마찬가지다. 올해 52경기 193타석 타율 2할2푼5리 OPS 0.567에 그쳤다. 전준우가 고전하면서 어린 선수들 위주로 경기를 풀어나가야 하니 어려움을 겪을 수밖에 없다. 전준우가 7번 8번 타순에서 중심만 잡아줘도 젊은 타자들이 부담을 덜고 시너지 효과가 기대된다. 캡틴이 돌아와서 반격에 앞장서면 팀 분위기와 사기 측면에서도 더할 나위가 없다. 전준우는 38세 시즌에 돌입한 2024년부터 4년 계약을 맺으며 '롯데 종신'을 선택했다. 올해가 계약 3년차다. 마지막이 다가온다. 이대로 2군에서 잊혀져선 안 된다. 한동훈 기자 dhhan@sportschosun.com",https://v.daum.net/v/2JghTGyOuD
2026.07.14 02:23,"'2군부터 체계적 멘탈 관리' SSG 퓨처스팀, '퍼포먼스 멘탈코칭' 도입... 추신수 보좌역 적극 추진",스타뉴스,"[스타뉴스 | 안호근 기자] SSG 랜더스가 퓨처스(2군) 선수들의 실전 경기력을 극대화하기 위한 방법으로 '퍼포먼스 멘탈코칭' 시스템을 도입한다. SSG는 기술과 체력뿐만 아니라 선수들이 훈련에서 쌓은 기량을 실제 경기에서 안정적으로 발휘할 수 있도록 돕는 멘탈 영역의 중요성에 주목했다. 특히 1군 무대 적응, 부상 및 재활 과정 등 다양한 상황에서 경기력과 멘탈은 밀접하게 연결되는 요소라고 판단했다. 이에 SSG는 선수들의 심리적 안정을 넘어 실전 경기력 향상까지 지원하는 현장 밀착형 '퍼포먼스 멘탈코칭' 시스템을 도입한다. 메이저리그(MLB) 구단들의 멘탈 훈련 기법을 벤치마킹했으며, 추신수 구단주 보좌역 겸 육성총괄이 적극적으로 도입을 추진했다. 이를 위해 SSG는 프로 및 아마추어 현장에서 풍부한 경험을 쌓은 스포츠심리학 전문가 최선호 멘탈 코치를 초빙했다. 최 코치는 경희대학교 스포츠심리학 박사로, 고려대학교와 영월 상동고 야구부 퍼포먼스 코치로 활동해 온 베테랑이다. 최 코치는 선수단과 함께 현장에 밀착해 훈련 및 경기 관찰, 선수별 심리·행동 패턴 분석, 맞춤형 경기 루틴 설계, 집중력 향상을 위한 멘탈 프로그램 운영 등을 담당한다. 코칭스태프와 협업도 강화한다. 코칭스태프 미팅을 통해 선수들의 멘탈 상태와 경기력 개선 방향을 공유하고, 기술 코치·퍼포먼스 코치·프런트가 함께 선수 육성 방향을 논의하는 체계를 구축할 계획이다. 추신수 보좌역은 ""아무리 뛰어난 기술과 피지컬을 갖추고 있어도 경기에서 자신의 기량을 발휘하지 못하면 경쟁력이 될 수 없다""며 ""멘탈 역시 기술과 피지컬처럼 체계적으로 관리하고 훈련해야 하는 영역으로 SSG만의 차별화된 선수 육성 체계를 만들어가겠다""고 말했다. 최선호 코치는 ""체계적인 시스템을 갖춘 SSG에서 퍼포먼스 멘탈코칭을 맡게 돼 감사하다. 본 코칭이 선수단에 안정적으로 정착해 팀 전력에 실질적인 도움이 될 수 있도록 최선을 다하겠다""고 소감을 전했다. SSG는 이번 운영 결과를 바탕으로 선진형 육성 시스템을 안정적으로 정착시키고, 향후 정규 운영 확대를 포함해 구단의 지속 가능한 선수 육성 체계를 더욱 발전시켜 나갈 방침이다. 안호근 기자 oranc317@mtstarnews.com",https://v.daum.net/v/7AdH8x6bvZ
2026.07.14 02:20,"문동주 수술, 원태인 난조 속 에이스로 우뚝 선 곽빈...단순히 성적만 좋아서가 아니다",스포츠조선,"[스포츠조선 김용 기자] 단순히 성적 좋아서? 두산 베어스 곽빈이 KBO리그를 대표하는 '토종 에이스'로 우뚝 서고 있다. 곽빈은 올시즌 전반기를 8승3패 평균자책점 2.60으로 마감했다. 다승은 공동 1위군 9승에 1승 부족한 8승으로 공동 4위, 평균자책점은 리그 전체 3위다. 탈삼진은 112개로 리그 전체 1등이다. 2024 시즌 15승으로 원태인(삼성)과 공동 다승왕을 할 때 전반기 7승이었는데, 올해는 1승을 더 추가했다. 최근 몇 년간 한국 야구는 원태인, 문동주(한화), 곽빈 세 사람이 선발진 축이었다고 해도 과언이 아니다. 다만 원태인, 문동주에 비해 곽빈은 2% 부족한 느낌이었다. 원태인의 경기 운영과 안정감, 문동주의 화끈한 구위 그 중간 선상에 있는 느낌이었다. 특히 곽빈은 파이어볼러로 인정받았지만, 제구에서 심한 기복을 보여왔다. 하지만 올해는 그 느낌이 없다. 원태인과 문동주의 장점을 모두 합쳐놓은 완전체의 모습이다. 그 증거는 평균자책점. 지난 두 시즌 4점대 평균자책점이 2점대로 내려왔다. 선수 스스로 ""올해 가장 좋은 건 볼삼비가 매우 좋아졌다는 것""이라고 했다. 공교롭게도 문동주가 부상으로 이탈했고, 원태인이 예비 FA 시즌 이전과 같은 활약을 보여주지 못하니 곽빈의 활약이 더욱 두드러진다. 두산 김원형 감독은 ""곽빈은 우리팀의 진정한 에이스""라고 치켜 세운다. 단순히 성적이 좋아서가 아니다. 곽빈은 올스타전 드림 올스타 선발투수로 나섰다. 영화 '와일드씽' 등장인물 최성곤 코스프레로 무더위 속 잠실구장을 찾은 팬들에게 큰 웃음을 선사했다. 이미 구단 유튜브를 통해 올스타 홍보를 똑같은 모습으로 하며 모두를 충격에 빠뜨렸던 곽빈이다. 평소 야구하는 모습 외에 무뚝뚝할 줄 알았던 곽빈이 예상 외의 반전을 보여주자, 팬들은 더욱 열광했다. 야구만 잘해도 스타로 인정받을 수 있다. 하지만 이렇게 팬들을 즐겁게 해주겠다는 일념 하나로, 자신을 망가뜨리는(?) 용기를 보여준 자체가 진정한 프로로서 박수를 받을 수 있는 일이다. 또 올스타전 투구도 인상적이었다. 사실 전력으로 던지기 쉽지 않은 상황이었다. 올스타전 개최 기준, 3일 전 SSG 랜더스전에 선발로 등판해 역투를 펼쳤었다. 회복이 다 되지 않은 상태. 그래서인지 1이닝을 다 채우지 못하고 교체되기는 했다. 그런 가운데 154km 강속구를 뿌렸다. 영광의 무대 올스타전 선발투수로서 너무 성의 없는 투구를 할 수는 없다는 마음에서였다. 최성곤 코스프레보다 더 인상적이었던 곽빈의 154km 전력 피칭이었다. 곽빈의 후반기에는 많은 것들이 걸려있다. 개인 타이틀과 팀의 가을야구 진출 뿐 아니라, 아이치-나고야 아시안게임도 곽빈을 기다리고 있다. 이미 자신은 항저우 아시안게임 금메달로 병역 혜택을 받았다. 당시 부상으로 한 경기도 던지지 못하고 금메달을 받아 지탄을 받기도 했다. 그래서인지 이번 아시안게임에 더 큰 책임감을 느끼고 있다고. 이변이 없는 한 곽빈이 대표팀 에이스 역할을 할 것이다. 이번 아시안게임에서 좋은 모습을 보여준다면, 항저우 아픔이 잊혀질 수 있다. 김용 기자 awesome@sportschosun.com",https://v.daum.net/v/qGbEbVKpU1
2026.07.14 02:17,"화제의 반바지 패션, 곽도규에게 직접 물었다…“내 바지가 점점 짧아지는 이유는”[인터뷰]",스포츠경향,"과거 프로야구에서는 ‘농군패션’이 종종 화제에 올랐다. 다리가 최대한 길어보이도록 유니폼 하의를 발등까지 내려 늘리고 몸에 딱 맞게 입는 것이 선수들 사이 멋으로 유행하던 시절이었다. 무릎까지 오는 긴 반양말을 유니폼 위에 올려신는 것을 ‘농군패션’이라고 불렀다. 멋과는 관계 없이 뛰기 편한 것을 우선시하는 선수들이 즐겨했다. 간혹 긴 연패에 빠진 팀 선수들이 삭발과 함께 단체로 농군패션으로 나서기도 해 심기일전의 상징으로 통하기도 했다. 그라운드 위에서도 패션을 생각하는 시대, 이 복장을 고수하는 선수들은 지금도 일부 있다. 박민우(NC), 서건창·최주환(이상 키움) 등은 지금도 이 농군패션으로 그라운드에서 뛴다. 7부 정도로 짧게 줄여 고무 밴드로 마감 처리한 바지에 긴 양말을 신는다. KIA에는 투수 곽도규(22)가 있다. 곽도규는 투수 중에서, 그것도 젊은 투수 중에서 매우 드물게 양말을 무릎까지 올려신는 이 복장을 선호한다. 그런데 올해는 그 바지가 점점 짧아져서 화제다. 저것은 과연 반바지인가 긴바지인가를 놓고 논쟁도 붙는다. 지난 시즌 팔꿈치 수술을 받은 곽도규는 재활을 마치고 5월19일 복귀했다. 이때 곽도규의 바지는 기존 7부 길이 그대로다. 바지가 무릎을 덮고 있었다. 그러나 시간이 지나면서 바지가 점점 짧아져 이제는 무릎 위로 올라가 있다. 킥 동작으로 무릎을 들어올릴 때는 바지 끝이 허벅지 아래까지 올라간다. 그 바지 안에는 빨간색 긴 타이즈를 신고 있다. 곽도규의 짧은 바지는 패션이 아니다. 날씨가 더워서도 아니다. 투구 동작을 위한 고민에서 얻은 답이다. 곽도규는 “원래 양말 바지를 입었는데 올해 양말이 좀 작게 나왔는지 바지 입고 신으면 종아리가 너무 타이트 하다. 무엇보다 제가 투구할 때 골반이 옆으로 움직이면서 가동 범위가 큰 편이다. 바지가 짧을수록 확실히 킥이 잘 올라가고 골반이 잘 움직이는 느낌”이라고 말했다. 곽도규는 “확률 싸움이니까 조금이라도 좋은 게 있으면 해야 된다고 생각한다. 유니폼 착용부터 그런 점에서 신경을 쓰려고 하는데, 이렇게 입고나서 기록도 좋고 해서 계속 이러고 있다”라고 설명했다. 바지는 기존의 7부 바지를 그날그날 편한 만큼 말아올린 것이다. 곽도규는 “수선한 건 아니고 원래 입던 바지를 살짝 말아올린 거다. 내년 후반기부터는 아예 좀 짧게 맞출까 생각 중”이라며 “최근에 팬들이 바지 때문에 연락이 종종 온다. 저게 긴 바지인지 반바지인지, 엄마랑 내기하다 싸웠다는 분도 있었다”고 웃었다. 곽도규는 이제 4년 차 어린 투수지만 고민을 많이 한다. 야구에 대한 생각을 깊이 하다보니 바지 길이 조절까지 생각이 미친다. 덕분인지 곽도규는 복귀 후 쾌투를 이어가고 있다. 20경기에서 14.1이닝을 던져 3실점, 평균자책 1.88로 1승 5홀드를 기록 중이다. 이제 후반기, KIA 불펜을 또 지켜나가야 할 곽도규는 한겹 더 단단해진 마음가짐으로, 섬세하게 준비하고 있다. 곽도규는 “세이브나 홀드 이런 숫자보다 잘 했을 때 돌아오는 (이동걸 투수)코치님의 피드백이 더 보람차다. 재활 마치고 1군 스프링캠프 합류했을 때를 잊을수가 없다. 몇 개월 만에 야구적인 대화를 나눴는데 그때 다시 프로야구 선수라는 느낌을 받았고, 지금도 경기 끝날 때마다 코치님과 대화하는 게 가장 보람된 순간”이라며 “그래서 올해는 개인 목표 없다. 아프지 않고 건강하게 잘 배우면서 시즌 끝까지 이렇게 던지고 싶다”라고 말했다. 김은진 기자 mulderous@kyunghyang.com",https://v.daum.net/v/XG0DKf9UpT
2026.07.14 02:16,1군 문턱에서 꺾이는 재능 막는다…SSG의 '멘털 혁명' 시작,MHN스포츠,"(MHN 정철우 기자) 프로야구 SSG 랜더스가 선수 육성의 새로운 영역에 도전장을 내밀었다. SSG는 14일 퓨처스 선수단을 대상으로 '퍼포먼스 멘털 코칭' 시스템을 도입한다고 발표했다. 메이저리그 구단들이 활용하는 심리 훈련 프로그램을 벤치마킹한 시스템이다. 추신수 구단주 보좌역 겸 육성총괄이 적극적으로 추진한 프로젝트로, 스포츠심리학 전문가인 최선호 멘털코치를 영입해 본격적인 운영에 들어간다. 겉으로 보면 심리 상담 프로그램처럼 보일 수 있다. 하지만 SSG가 기대하는 효과는 훨씬 크다. 결국 퓨처스리그에서 가장 먼저 무너지는 것은 기술이 아니라 마음인 경우가 적지 않기 때문이다. 2군 선수들은 매일 경쟁 속에 살아간다. 언제 1군으로 올라갈지 알 수 없고, 반대로 언제 방출 대상이 될지도 모른다. 잘하면 기회가 온다는 믿음을 갖고 시작하지만 시간이 길어질수록 자신감을 잃는 선수들이 적지 않다. 실제로 퓨처스리그에는 실력보다 심리적인 문제 때문에 성장 속도가 늦어지는 선수들이 적지 않다. 기술은 충분한데 실전만 되면 몸이 굳는 선수도 있고, 한 번의 실책이나 대량 실점 이후 자신감을 완전히 잃는 선수도 있다. 1군 콜업이 계속 미뤄질수록 조급함이 커지고, 조급함은 또 다른 실패를 낳는다. 결국 실력은 그대로인데 경기력만 떨어지는 악순환이 반복된다. 그래서 메이저리그에서는 오래전부터 멘털도 하나의 기술로 관리한다. 좋은 선수가 되는 것보다 좋은 경기력을 꾸준히 유지하는 것이 더 어렵다는 사실을 알고 있기 때문이다. 경기 전 루틴을 만들고, 실패를 빨리 털어내는 방법을 익히고, 긴장 상황에서도 평소와 같은 움직임을 유지하는 훈련을 반복한다. SSG가 이번에 도입한 시스템도 같은 철학에서 출발했다. 최선호 멘털코치는 퓨처스 선수단과 함께 현장에서 훈련과 경기를 관찰하며 선수별 심리와 행동 패턴을 분석한다. 여기에 개인별 경기 루틴을 설계하고 집중력 향상 프로그램을 운영한다. 단순히 상담실에서 이야기를 듣는 방식이 아니라 선수들의 일상과 경기 과정을 함께하며 문제를 찾아가는 현장형 코칭이다. 코칭스태프와의 협업도 중요한 변화다. SSG는 선수들의 멘털 상태를 코칭스태프와 공유하고 기술 코치, 퍼포먼스 코치, 프런트가 함께 육성 방향을 논의하는 시스템을 구축할 계획이다. 기술과 체력, 심리를 따로 관리하는 것이 아니라 하나의 육성 체계 안에서 함께 관리하겠다는 의미다. 추신수 보좌역이 이 시스템을 적극적으로 추진한 이유도 여기에 있다. 추 보좌역은 메이저리그에서 16시즌을 뛰며 기술만으로 살아남을 수 없는 세계를 직접 경험했다. 실력이 뛰어난 선수들이 심리적인 부담을 극복하지 못해 무너지는 사례도 수없이 지켜봤다. 반대로 압박감 속에서도 자신의 루틴을 지키는 선수들이 오랫동안 정상급 활약을 이어가는 모습도 경험했다. 그 경험을 SSG 육성 시스템에 접목하려는 것이다. 특히 젊은 선수들에게는 더욱 필요한 과정이다. 1군 주전 선수들은 어느 정도 자신만의 루틴이 만들어져 있다. 그러나 퓨처스 선수들은 아직 자신만의 경기 준비 방식도, 실패를 극복하는 방법도 완성되지 않은 경우가 많다. 기술 훈련만으로는 해결되지 않는 영역이 분명 존재한다. 멘털 코칭은 단기간에 눈에 띄는 효과를 기대하기 어려운 분야다. 타율이 하루아침에 오르거나 평균자책점이 갑자기 낮아지는 것은 아니다. 하지만 위기 상황에서 흔들리지 않는 선수, 실수를 해도 다음 플레이에 집중하는 선수, 1군 승격 기회를 받았을 때 자신의 기량을 그대로 보여주는 선수를 만드는 데는 큰 역할을 할 수 있다. 추 보좌역도 ""아무리 뛰어난 기술과 피지컬을 갖추고 있어도 경기에서 자신의 기량을 발휘하지 못하면 경쟁력이 될 수 없다""며 ""멘털 역시 기술과 피지컬처럼 체계적으로 관리하고 훈련해야 하는 영역으로 SSG만의 차별화된 선수 육성 체계를 만들어가겠다""고 밝혔다. 최선호 코치 역시 ""체계적인 시스템을 갖춘 SSG에서 퍼포먼스 멘털 코칭을 맡게 되어 감사하다""며 ""프로그램이 선수단에 안정적으로 정착해 팀 전력에 실질적인 도움이 될 수 있도록 최선을 다하겠다""고 말했다. SSG는 이번 운영 결과를 바탕으로 정규 운영 확대도 검토할 계획이다. 당장 성적을 바꾸는 프로젝트는 아닐 수 있다. 그러나 선수 한 명이 자신의 기량을 제대로 발휘하도록 만드는 시스템이 자리 잡는다면 장기적으로는 육성 경쟁력 자체를 끌어올릴 수 있다. 좋은 선수를 뽑는 것만큼 중요한 것은 좋은 선수를 끝까지 성장시키는 일이다. SSG가 퓨처스리그에서 가장 먼저 손댄 것이 기술 훈련이 아니라 '멘털'이라는 점은 결코 우연이 아니다. 선수의 가능성을 완성하는 마지막 퍼즐이 결국 마음이라는 사실을 누구보다 잘 알고 있기 때문이다.",https://v.daum.net/v/fVpKOlIki4
2026.07.14 02:12,"SSG 퓨처스팀, ‘퍼포먼스 멘탈코칭’ 도입…추신수 보좌역 직접 추진",이데일리,"[이데일리 스타in 이석무 기자] 프로야구 SSG 랜더스가 퓨처스팀 선수들의 실전 경기력을 높이기 위해 ‘퍼포먼스 멘탈코칭’ 시스템을 도입한다. SSG는 14일 “선수들이 훈련에서 쌓은 기량을 실제 경기에서 안정적으로 발휘할 수 있도록 돕기 위해 현장 중심의 멘탈코칭 프로그램을 운영한다”고 밝혔다. 이번 프로그램은 선수의 심리적 안정을 돕는 기존 상담 방식에서 벗어나 멘탈 훈련을 기술·체력 훈련과 결합하는 것이 핵심이다. 선수들이 1군 승격이나 부상·재활 등 다양한 상황에서 겪는 심리적 부담을 관리하고, 경기 중 집중력과 위기 대처 능력을 높이는 데 초점을 맞춘다. 메이저리그 구단들이 활용하는 멘탈 훈련 방식을 참고했으며, 추신수 구단주 보좌역 겸 육성총괄이 도입을 적극적으로 추진했다. SSG는 프로그램 운영을 위해 스포츠심리학 전문가인 최선호 멘탈코치를 영입했다. 경희대에서 스포츠심리학 박사 학위를 받은 최 코치는 고려대와 영월 상동고 야구부에서 퍼포먼스 코치로 활동했다. 최 코치는 퓨처스 선수단의 훈련과 경기를 직접 관찰하고 선수별 심리·행동 패턴을 분석한다. 이를 토대로 개인별 경기 준비 루틴을 설계하고 집중력 향상과 불안 조절을 위한 프로그램을 운영할 예정이다. 코칭스태프와의 협업 체계도 구축한다. 선수의 멘탈 상태와 경기력 개선 방향을 코칭스태프 회의에서 공유하고, 기술 코치와 퍼포먼스 코치, 프런트가 함께 선수별 육성 계획을 논의한다. 추신수 보좌역은 “아무리 뛰어난 기술과 신체 능력을 갖추고 있어도 경기에서 기량을 발휘하지 못하면 경쟁력이 될 수 없다”며 “멘탈도 기술과 체력처럼 체계적으로 훈련하고 관리해야 한다”고 말했다. 최선호 코치는 “퍼포먼스 멘탈코칭이 선수단에 안정적으로 정착해 팀 전력 향상에 실질적인 도움이 되도록 하겠다”고 했다. SSG는 퓨처스팀 운영 결과를 분석한 뒤 프로그램의 정규 운영과 확대 여부를 결정할 계획이다. 이석무 (sports@edaily.co.kr)",https://v.daum.net/v/pdgqlySrwK
2026.07.14 02:03,"[IS 피플] 45홈런 페이스 김도영, 2년 전 아쉬움 넘어 '후반기' 새 역사 노린다",일간스포츠,"시즌 40홈런을 향한 김도영(23·KIA 타이거즈)의 도전이 시작된다. 오는 16일 시작하는 2026시즌 KBO리그 후반기에서 눈여겨볼 개인 기록 중 하나는 김도영의 40홈런 달성 여부다. 전반기 86경기에 출전한 김도영은 홈런 27개를 터뜨리며 외국인 타자 오스틴 딘(LG 트윈스)과 공동 선두로 반환점을 돌았다. 3.19경기당 한 개꼴로 아치를 그리며 개인 한 시즌 최다인 38홈런을 기록한 2024년보다 더 가파른 페이스를 유지하고 있다. 2024시즌에는 3.71경기당 홈런 1개를 기록했다. KIA의 후반기 잔여 일정은 58경기다. 현재 페이스를 유지한다면 김도영은 홈런 18개 안팎을 추가해 시즌 45홈런까지 바라볼 수 있다. KBO리그에서 국내 타자가 '시즌 40홈런'을 해낸 건 2018년 김재환(당시 두산 베어스·44홈런) 박병호(당시 넥센 히어로즈·43홈런) 한유섬(당시 SK 와이번스·41홈런)이 마지막이다. 그해 KBO리그 전체 타율은 0.286으로 '타고투저' 기조가 뚜렷했다. 올해 전반기 리그 팀 타율은 0.267에 그친다. 현재의 타격 환경을 고려하면 김도영의 40홈런 도전은 더욱 의미가 크다. 2년 전 김도영은 40홈런 고지 앞에서 멈췄다. 리그 역대 최연소·최소 경기 30(홈런)-30(도루) 클럽에 가입한 뒤 2015년 외국인 타자 에릭 테임즈(당시 NC 다이노스) 이후 9년 만이자 역대 두 번째 40(홈런)-40(도루) 클럽에 도전했으나, 한 끗이 부족했다. 최종 성적은 38홈런 40도루. 지난 시즌에는 햄스트링(허벅지 뒤 근육) 부상으로 30경기 출전에 그치며 홈런도 7개에 머물렀다. 다시 풀타임 시즌에 도전 중인 올해, 김도영은 6할대 장타율을 기록하며 한층 강력해진 파워를 뽐내고 있다. 40홈런 도전의 최대 변수는 오는 9월 개막하는 2026 아이치·나고야 아시안게임(AG)이다. 대회 기간에도 리그가 중단 없이 진행될 예정인 만큼, 김도영처럼 국가대표로 차출되는 선수들은 개인 성적 관리에 영향받을 수밖에 없다. 예선부터 결승까지 모두 소화할 경우 최소 6경기 이상 리그 일정을 결장할 전망이다. 김도영은 전반기 막판 ""(AG으로 차출된 기간 우천 등으로 일정이) 취소되면 좋을 거 같긴 하다. 그만큼 경기를 (많이) 뛰고 싶은 마음이 있다""며 ""(햄스트링 부상 이후) 더욱더 몸 관리를 철저하게 하려고 노력하고 있다""고 말했다. 배중현 기자 bjh1025@edaily.co.kr",https://v.daum.net/v/2a4yzKqFEX
2026.07.14 02:01,"톨허스트가 될까, 벨라스케스가 될까… 삼성의 승부수, 크리스 페덱",중앙일보,"톨허스트가 될까, 벨라스케스가 될까. 삼성 라이온즈가 정규리그 우승을 위해 크리스 페덱(29) 영입 승부수를 던졌다. 삼성은 지난 11일 오른손 투수 페덱 영입을 발표했다. 페덱은 2019년 샌디에이고 파드리스 소속으로 9승 7패 평균자책점 3.33을 기록했다. 2020년엔 샌디에이고 개막전 선발로 나서기도 했다. 하지만 2022년 팔꿈치 수술을 받았고, 올 시즌엔 세 팀을 전전하며 14경기(9선발) 7패 평균자책점 6.79에 그쳤다. 빅리그 통산 132경기(선발 119경기) 성적은 32승 43패, 평균자책점 4.83. 올해 마이애미 말린스와 1년 400만 달러(약 60억원)에 계약한 페덱은 잔여연봉을 그대로 받으면서 뛰다 텍사스 레인저스에서 방출됐다. 덕분에 삼성과 계약해 추가 수입 47만 3333달러(7억원)까지 손에 넣게 됐다. 삼성도 비교적 손쉽게 화려한 경력의 투수를 영입했다. 물론 쉬운 결정은 아니었다. 전반기 1위에 오른 삼성은 페덱을 데려오면서 잭 오러클린을 포기했다. 맷 매닝의 부상 대체 선수로 계약한 오러클린은 두 차례 연장 계약을 맺고, 17경기에서 5승 5패, 평균자책점 4.86를 기록했다. 삼성으로서는 아주 뛰어나진 않아도 안정적인 카드를 포기해야 했다. 지난해에도 상위권 팀들이 외국인 투수 교체를 한 사례가 있었다. LG 트윈스와 롯데 자이언츠였다. 당시 2위였던 LG는 엘리에이저 에르난데스가 저조하자 방출했다. 대신 메이저리그 경력은 없으나 구위가 뛰어난 앤더스 톨허스트를 데려왔다. 3위 롯데는 10승 투수 터커 데이비슨을 보내고 빅리그 38승을 거둔 케인 벨라스케즈를 영입했다. 결과는 정반대였다. 톨허스트는 8경기에서 6승 2패 평균자책점 2.86을 기록했다. 한국시리즈에서는 1, 5차전 선발로 나서 2승을 따냈다. 반면 벨라스케즈는 11경기 1승 4패 평균자책점 8.23의 처참한 성적을 냈다. 롯데도 가을 야구를 하지 못했다. 삼성의 선택이 더욱 눈길을 끄는 이유다. 페덱은 올 시즌 MLB에서 평균 구속이 소폭 하락(150.9㎞→149.6㎞)했다. 하지만 KBO리그에선 충분히 통할 수 있는 구속과 구위다. 여기에 6가지 구종(빠른 공, 체인지업, 컷패스트볼, 커브, 스위퍼, 싱커)을 활용해 선발투수로서 적합하다. 세이버메트릭스(야구를 수학·통계학적으로 접근하는 방식) 전문가인 송민구 대구MBC 해설위원은 “체인지업 헛스윙률이 26%로 뛰어난 반면 직구 헛스윙률은 14%로 낮았다. 다만 KBO리그에선 변할 수 있는 부분”이라며 “구속은 오러클린보다 빠르고, MLB에서도 9이닝당 볼넷이 3개 밖에 되지 않았다”고 짚었다. 삼성은 수비가 좋고, 불펜도 강해서 도움을 받을 수 있다는 이점도 있다. 관건은 타자친화적인 삼성라이온즈파크를 써야 한다는 점이다. 지난해엔 큰 부상이 없었으나 팔꿈치 수술을 두 번이나 받은 경력도 있다. 송 위원은 “MLB에서도 삼진이 계속 줄어드는 추세였고, 피홈런은 MLB 기준이긴 하지만 9이닝 당 1.4개나 내줬다. 라이온즈파크는 홈런이 잘 나오는 구장이라 위험요소가 될 수 있다”고 짚었다. 김효경 기자 kaypubb@joongang.co.kr",https://v.daum.net/v/GlJDH1XShK
2026.07.14 01:54,"추신수 구단주 보좌역 ""멘탈 강화 중요""…SSG 랜더스 퓨처스팀 퍼포먼스 멘탈 코칭 도입",마이데일리,"[마이데일리 = 류한준 기자] 프로야구 SSG 랜더스가 퓨처스(2군) 팀 선수들을 위한 특별한 자리를 마련한다. SSG 구단은 ""퓨처스 선수들의 실전 경기력 향상을 위해 퍼포먼스 멘탈 코칭 시스템을 도입한다""고 14일 밝혔다. 구단은 ""기술과 체력뿐만 아니라 선수들이 훈련에서 쌓은 기량을 실제 경기에서 안정적으로 발휘할 수 있도록 돕는 멘탈 영역 중요성에 주목했다""며 ""특히 1군 무대 적응, 부상과 재활 과정 등 다양한 상황에서 경기력과 멘탈은 밀접하게 연결되는 요소라고 판단했다""고 설명했다. 또한 구단은 ""선수들의 심리적 안정을 넘어 실전 경기력 향상까지 지원하는 현장 밀착형 퍼포먼스 멘탈 코칭 시스템을 도입한다""고 덧붙였다. 여기에는 메이저리그(MLB) 구단들로부터 멘탈 훈련 기법을 벤치마킹했고 MLB에서 오랜 기간 선수 활동을 한 추신수 구단주 보좌역 겸 육성총괄이 적극 추진했다. 구단은 이를 위해 프로와 아마추어 현장에서 풍부한 경험을 쌓은 스포츠심리학 전문가인 최선호 멘탈코치를 초빙했다. 최 코치는 경희대학교 스포츠심리학 박사로, 고려대학교와 영월 상동고 야구부 퍼포먼스 코치로 활동했다. 최 코치는 SSG 퓨처스 선수단과 함께 훈련과 경기 관찰, 선수별 심리·행동 패턴 분석, 맞춤형 경기 루틴 설계, 집중력 향상을 위한 멘탈 프로그램 운영 등을 담당한다. 코칭스태프와 협업도 강화한다. 코칭스태프 미팅을 통해 선수들 멘탈 상태와 경기력 개선 방향을 공유한다. 구단은 ""기술 코치·퍼포먼스 코치·프런트가 함께 선수 육성 방향을 논의하는 체계를 구축할 계획""이라고 강조했다. 추 구단주 보좌역은 ""아무리 뛰어난 기술과 피지컬을 갖추고 있어도 경기에서 자신이 갖고 있는 기량을 보여주지 못하면 경쟁력이 될 수 없다""며 ""멘탈 역시 기술과 피지컬처럼 체계적으로 관리하고 훈련해야 하는 영역으로 우리팀만의 차별화된 선수 육성 체계를 만들어가겠다""고 말했다. 최 코치는 구단을 통해 ""체계적인 시스템을 갖춘 SSG에서 퍼포먼스 멘탈 코칭을 맡게 되어 감사하다""며 ""코칭이 선수단에 안정적으로 정착해 팀 전력에 실질적인 도움이 될 수 있도록 최선을 다하겠다""고 소감을 밝혔다. 구단은 ""이번 운영 결과를 바탕으로 선진형 육성 시스템을 안정적으로 정착시키고, 향후 정규 운영 확대를 포함해 구단의 지속 가능한 선수 육성 체계를 더욱 발전시켜 나갈 방침""이라고 밝혔다. 류한준 기자 hantaeng@mydaily.co.kr",https://v.daum.net/v/1PEEdLJ6EZ
2026.07.14 01:51,"'전반기 1위' 삼성, MLB리거 페덱 영입 '승부수'",에스티엔,"[STN뉴스] 배영수 기자┃올 시즌 KBO 리그 전반기를 1위로 마무리했던 삼성 라이온즈가 메이저리그(MLB) 출신의 우완투수 크리스 페덱을 영입하면서 일종의 '승부수'를 띄우는 모습이다. 구단 선수들도 그의 영입에 큰 기대를 거는 분위기가 나타나는 등 고무돼 있지만 아직 '뚜껑'을 열기는 전인 만큼 그가 얼마나 잘 적응할지의 여부도 아직 더 지켜봐야 할 것으로 보인다. 삼성은 당초 맷 매닝의 부상 대체선수인 외국인 투수 잭 오러클린과 더 계약을 연장하지 않는다고 최근 밝히고, 대신 페덱과 47만 3,333달러에 계약해 후반기부터 활약할 것이라 밝혔다. 야구 팬들 사이에서는 페덱이 바로 지난 달까지 MLB에서 뛰었고, 지금까지 KBO를 거쳐간 투수들 가운데 가장 인지도가 높은 선수라는 평가도 나온다. 특히 그가 샌디에이고에서 뛰던 시절 김하성의 동료이기도 했고 실제 그와 친분도 있어 국내 팬들에게도 그 이름이 그리 낯설지 않다. 올해 나이 만 30세에 키 196㎝, 몸무게 98㎏의 신체조건을 가진 페덱은 빅리그 통산 132경기에 등판했는데 선발로 119경기나 나왔다. MLB 통산 성적은 32승 43패, 평균자책점 4.83, 이닝당 출루허용률(WHIP) 1.26인데 마이너 성적인 40경기(선발 35경기) 13승 7패에 평균자책점 1.92, WHIP 0.82로 빅 리그 경험이 마이너보다 훨씬 많다. 특히 MLB에서 9이닝당 탈삼진 8.02개 볼넷 2.04개로 구위와 제구력 자체는 빅 리그에서도 꽤 통하는 면이 있었다는 평가. 올해 비록 MLB에서 3개의 팀을 전전하며 고전한 면이 있지만 KBO에서는 충분히 통할 거라는 예상이 많은 가운데 삼성 외에 다른 KBO 팀들도 영입에 뛰어들었을 정도로 관심을 받는 외국인 투수다. 페덱은 구단과의 계약을 마친 뒤 ""프로야구는 어떤 리그가 됐든 많이 이겨야 하는 스포츠인데 지금 1위 경쟁을 하는 삼성이 내겐 매력적으로 느껴졌다""며 ""샌디에이고에서 김하성과 함께 뛰었기 때문에 KBO도 어느 정도 알고 있다""고 밝혔다. 구단 선수들도 페덱의 이름을 잘 알고 있다는 분위기다. 주장 구자욱은 페덱의 영입 소식에 ""구단에서 좋은 투수를 영입해서 많이 기대된다""며 반색을 표하고 ""팀에 삐르게 적응하고 스며들 수 있도록 주장으로서 돕겠다""고 밝히기도 했다. 한편 오러클린은 삼성 유니폼을 입고 17경기 5승 5패, 평균자책점 4.86의 최종 성적으로 KBO를 떠나게 됐다. ※STN뉴스 보도탐사팀 제보하기 당신의 목소리가 세상을 바꾸고, 당신의 목소리가 권력보다 강합니다. STN뉴스는 오늘도 진실만을 지향하며 여러분의 소중한 제보를 기다립니다. ▷ 전화 : 1599-5053 ▷ 이메일 : news@stnsports.co.kr ▷ 카카오톡 : @stnnews / STN뉴스=배영수 기자 gigger@stnnews.co.kr ▶STN 뉴스 공식 모바일 구독 ▶STN 뉴스 공식 유튜브 구독 ▶STN 뉴스 공식 네이버 구독 ▶STN 뉴스 공식 카카오톡 구독",https://v.daum.net/v/XYlv3u0HaK
2026.07.14 01:47,"'전반기 2위→후반기 역전 우승' LG는 이미 해봤다. 2연패 열쇠는 타율 5위, 득점 6위의 그 타격이다[SC포커스]",스포츠조선,"[스포츠조선 권인하 기자]LG 트윈스가 지난해 해봤던 것을 또 도전한다. 전반기 2위의 후반기 역전 우승이다. 그리고 그것을 위해선 침체된 타선의 대반전이 절실하다. LG는 지난해 정규리그 우승을 차지했고, 한국시리즈에서도 한화 이글스를 4승1패로 물리치고 통합우승을 차지했다. 그러나 시즌 내내 1위를 달린 것은 아니다. 전반기 1위는 LG가 아닌 한화였다. 지난해 전반기만 해도 한화가 우승을 할 것 같은 분위기였다. 한화는 전반기 52승2무33패, 승률 6할1푼2리였고, LG는 48승2무38패, 승률 5할5푼8리였다. 둘의 게임차는 무려 4.5게임. LG의 역전은 쉽지 않다는 의견이 많았다. 그러나 최종 성적은 LG의 우승. 8월에 LG가 역전했고, 막판 한화의 맹추격을 끝내 뿌리치며 마지막에 웃었다. LG의 후반기 성적은 37승1무18패로 승률이 무려 6할7푼3리였다. 그리고 LG의 역전 우승의 원동력은 바로 타격이었다. LG는 지난해 팀타율 2할7푼8리, 경기당 5.5득점으로 타격 1위, 득점 1위를 기록해 최고의 타격을 자랑했다. 하지만 전반기는 아니었다. LG의 전반기 팀타율은 2할6푼5리였다. 롯데(0.280)와 삼성(0.267)에 이은 3위. 그래도 팀 득점은 경기당 5.2점으로 삼성(5.1점)과 롯데(4.9점)보다 앞선 1위였다. 후반기 여름 레이스에 불이 붙었다. 후반기 LG의 팀타율은 무려 2할9푼7리였다. 2위가 삼성이었는데 2할7푼8리로 2푼가까이 차이를 보였다. 득점 역시 경기당 5.9점으로 1위. 전반기보다 더 높아졌다. LG의 마운드는 선발은 좋았지만 불펜이 불안했다. 하지만 강력한 타선으로 여유있게 리드를 하면서 불펜 불안감을 없애면서 승리를 챙겨갔고, 접전에선 셋업맨 김진성과 마무리 유영찬이 막아내며 승리를 지켜냈다. 올시즌 전반기 LG의 타격은 예전만 못하다. KT로 이적한 김현수의 공백을 완벽하게 메우지는 못한데다 기존 주전들마저 부진하면서 송찬의 천성호 문정빈 이재원 등의 유망주들의 선전에도 불구하고 타선이 기복을 보였다. LG의 올해 전반기 팀타율은 2할7푼2리다. KT(0.282), NC(0.278), 삼성(0.275) 한화(0.274)에 이은 전체 5위. 득점력은 더 떨어졌다. LG의 경기당 득점은 5.1점으로 한화(5.9점), 삼성(5.7점) KT(5.5점), KIA(5.2점), NC(5.2점)에 이은 6위. 오스틴 딘이 타율 3할3푼9리(3위), 111안타(3위), 27홈런(공동 1위), 83타점(2위), 69득점(공동 1위), 장타율 0.661(1위) 등 MVP급 활약을 펼치고 있지만 4번 문보경이 부상으로 한달 정도 빠지는 등 제 컨디션을 보여주지 못하면서 중심이 강력한 파워를 보여주지 못한다. 문보경은 전반기에 타율 2할5푼4리, 7홈런, 39타점에 그쳤다. 올시즌 뒤 FA가 되는 홍창기(타율 0.259, 24타점) 박동원(0.240, 9홈런 38타점)도 오히려 더 부진하면서 전체적인 타선이 어려움을 겪고 있는 상황. 6일 동안 쉬는 올스타 브레이크가 LG 타자들을 지난해처럼 깨우는 계기가 될까. LG는 올해 전반기도 2위로 마쳤지만 지난해 한화처럼 1위 삼성이 멀지는 않다. 전반기 최종전서 패해 2위가 됐지만 게임차가 없어 바로 옆에 있다. 선발진이 불안한 상황이라 LG로선 타선이 초반부터 터져서 선발의 어깨를 편하게 만들 필요가 있다. LG 염경엽 감독이 매년 강조한 ""우린 타격의 팀이다""라는 의미는 LG의 전반적인 승리 공식이 타선의 힘에서 비롯되기 때문이다. 2년 연속 우승의 키 역시 타선인 것은 당연하다. 권인하 기자 indyk@sportschosun.com",https://v.daum.net/v/tlq3WXYC35
2026.07.14 01:46,"프로야구 삼성 김태훈, 넥스트크리에이티브와 매니지먼트 계약",연합뉴스,"(서울=연합뉴스) 김경윤 기자 = 스포츠마케팅 전문 기업 넥스트크리에이티브(대표 박은님)는 14일 프로야구 삼성 라이온즈 투수 김태훈, 키움 히어로즈 투수 원종현, kt wiz 내야수 오윤석, NC 다이노스 투수 윤성환, 원종해와 매니지먼트 계약을 맺었다고 밝혔다. 김태훈은 ""선수 입장을 고민해주는 파트너와 함께하게 돼 든든하다""고 소감을 밝혔다. 김태훈은 지난해 KBO리그 역대 두 번째로 6시즌 연속 두 자릿수 홀드를 올렸고, 올 시즌엔 20경기 1승 1패 4홀드 평균자책점 2.95로 맹활약 중이다. 넥스트크리에이티브는 스피드스케이팅 김민선, 쇼트트랙 박지원, 컬링 여자대표팀 경기도청 5G, 프로골프 박현경, 유현조 등의 매니지먼트를 맡고 있다. cycle@yna.co.kr (끝) ▶제보는 카톡 okjebo",https://v.daum.net/v/1pcR28V7tx
2026.07.14 01:44,"""수업이 야구다"" 창단 6년 만에 5명 프로행, 부산과기대는 '어떻게' 서울 유망주가 부산행 KTX 타게 했나",스타뉴스,"[스타뉴스 | 김동윤 기자] 2020년 창단한 2년제 대학 야구부가 대학 야구계 신흥 강호로 올라섰다. 이승종 감독이 이끄는 부산과학기술대(부산과기대)가 그 주인공이다. 부산과기대는 2020년 창단 후 3년 만에 U-리그 우승을 차지했다. 지난해에는 대통령기와 전국체전까지 제패했다. 성적만 낸 것도 아니다. 최현석(SSG 랜더스)을 시작으로 창단 6년 만에 5명의 KBO 신인드래프트 지명자를 배출했다. 육성 선수까지 포함하면 프로 유니폼을 입은 선수가 20명에 육박한다. 이제는 부산 지역 선수만 찾는 학교도 아니다. 서울 등 수도권에서 부산까지 내려오는 '야구 유학' 사례도 생겼다. 올해 대학 야구 최대어로 꼽히는 서울고 출신 곽병진(20)도 부산과기대가 야구를 잘하는 학교라는 말에 과감히 부산행 KTX에 몸을 실었다. 갓 창단한 2년제 대학이 어떻게 대학 야구 강호가 됐을까. 이승종 감독은 답을 복잡하게 돌리지 않았다. 그는 최근 스타뉴스와 만나 ""우리는 수업이 야구다. 겨울에도 매일 시합한다""고 말했다. 부산과기대는 일반적인 대학야구부와 운영 방식이 다르다. 재활운동건강과 안에 야구부만 따로 수업받는 구조가 마련돼 있다. 학교 측과 재활운동건강과 이은주 교수의 협조가 있어 가능했다. 이 감독은 ""보통 대학은 한 반에 일반 학생들과 야구부가 섞여 수업을 듣는데 우리는 야구부끼리만 수업해 자연스럽다. 이은주 교수님이 단장을 맡아 관리를 하고 계신다""고 말했다. 이어 ""월, 화, 수는 재활 마사지 같은 일반 수업을 받고, 목금은 야구 수업을 듣는다. 코치들이 수비 훈련을 하는 것도 수업이다. 아마 이런 시도는 우리가 전국 최초일 것""이라고 덧붙였다. 수업과 훈련이 분리되지 않으니 경기 수도 자연스럽게 늘었다. 부산과기대는 2월 윈터리그부터 사실상 시즌을 시작한다. 학기 중에도 오후 수업을 마치면 연습경기를 치르고, 부족한 부분은 학교로 돌아와 야간 훈련으로 채운다. 1년에 120경기 안팎을 소화하고, 필요하면 더블헤더도 치른다. 이 감독은 ""다른 학교에 비하면 훈련량이 많은 편이라 힘들 것""이라며 ""처음 시작할 때 선수 기량이 많이 늘어야 프로에 간다는 생각에 열심히 했다. 하지만 열심히만 해서 되는 게 아니었다""고 돌아봤다. 시행착오를 겪으며 자연스레 노하우도 생겼다. 이 감독은 ""처음엔 4년제를 이기는 게 쉽지 않았다. 대학교 1학년과 4학년은 힘 차이가 너무 났다. 그래서 웨이트 트레이닝부터 체계적으로 시켰다""라고 말했다. 이어 ""고등학교 때 힘이 없던 선수들도 20~21세가 되면 체격과 골격이 완성되고 힘이 많이 붙는다. 이때 기술적으로 조금만 잡아주고 경험을 많이 쌓게 하면 좋은 결과가 나온다. 운동을 해야 할 시기에 운동을 많이 하면 기량도 많이 는다""라고 덧붙였다. 빠르게 성장할 유망주를 찾기 위해 스카우트 단계부터 공을 들였다. 서울 중앙고, 부산 개성고, 순천 효천고 등에서 코치를 역임했던 이 감독은 좋은 선수라면 광주든 인천이든 전국을 다니는 걸 주저하지 않는다. 이 감독은 ""기록만 보면 잘하는 선수만 보인다. 나는 지금 당장은 조금 부족해도 가능성 있는 선수를 찾으려 한다. 신체 조건이 좋고, 던지는 폼이 괜찮고, 성실하면 기량이 많이 늘어난다. 신체 조건이 부족해도 메커니즘이 좋으면 데리고 온다""고 밝혔다. 코치진 투자도 부산과기대의 강점이다. 현재 팀에는 투수 코치 2명, 야수 코치 3명이 있다. 타격, 배터리, 내야 수비 코치까지 세분돼 있다. 보통 코치는 한두 명인 대학 야구 현실에서 이례적인 규모다. 덕분에 적어도 야수들은 외부 레슨장에 의존하는 경우가 많지 않다. 이 감독은 ""선수들이 레슨장에 가도 신경 쓰지 않는다. 정해진 훈련 시간만 지키면 된다. 다른 노는 것도 마찬가지다. 그걸로 운동에 지장이 생기면 본인만 손해다. 실력이 떨어지면 경기에도 못 나간다""라고 딱 잘라 말했다. 이어 ""특히 야수들은 레슨장 가는 선수가 거의 없다. 코치님들이 계속 피드백을 해준다. 그래서 난 우리 코치님들을 높게 평가한다. 요즘처럼 미디어가 발달한 시대에 선수들이 코치 말을 믿고 따른다는 건 훌륭한 지도자라는 것""이라고 미소 지었다. 그렇게 모인 50명 전후의 야구부원에게 최대한 많은 기회를 균등하게 제공한다. 일례로 에이스 곽병진도 지난해 공식경기에서 28⅔이닝을 던진 것이 팀 내 최다 이닝이었다. 특정 선수에게 의존하지 않겠다는 운영 철학이 드러나는 대목이다. 이 감독은 ""우스갯소리로 우리 선수들은 누가 다치면 좋아한다. 본인이 경기에 나갈 수 있다는 생각 때문이다. 연습 경기에서 잘 치고 좋은 모습을 보이면 정식 경기에 나갈 수 있다는 생각에 서로 열심히 한다""고 힘줘 말했다. 그러면서 ""대학 야구는 투구 수 제한이 없다. 성적을 내려면 한두 명에게 다 던지게 하면 되지만, 한 경기 100개씩 던지게 하지 않는다. 그러느니 다른 선수에게도 기회를 준다. 모두에게 기회를 주면서 성적을 내기 쉽지 않다. 하지만 좋은 성적을 나야 프로에도 자주 간다. 힘들어도 성적과 육성을 다 챙겨야 하는 게 감독의 역할""이라고 덧붙였다. 부산과기대가 짧은 시간 안에 신흥 강호로 올라선 건 우연이 아니었다. 야구부만을 위한 수업 구조, 1년에 120경기 안팎을 치르는 실전 경험, 코치진에 대한 투자, 그리고 한 번 지명에서 밀린 선수들에게 다시 경쟁할 기회를 주는 운영 방식이 맞물린 결과였다. 서울 유망주들이 굳이 부산행을 택하는 이유도 여기에 있다. 김동윤 기자 dongy291@mtstarnews.com",https://v.daum.net/v/Uq4rcwkLv0
2026.07.14 01:40,"SSG, 퓨처스 선수들 위한 '퍼포먼스 멘탈코칭' 도입…추신수 적극 추진",스포츠투데이,"[스포츠투데이 이상필 기자] 프로야구 SSG 랜더스가 퓨처스 선수들의 실전 경기력 향상을 위해 '퍼포먼스 멘탈코칭' 시스템을 도입한다고 14일 밝혔다. SSG는 기술과 체력뿐만 아니라 선수들이 훈련에서 쌓은 기량을 실제 경기에서 안정적으로 발휘할 수 있도록 돕는 멘탈 영역의 중요성에 주목했다. 이에 MLB 구단들의 멘탈 훈련 기법을 벤치마킹한 '퍼포먼스 멘탈코칭' 시스템을 도입한다. 추신수 구단주 보좌역(겸 육성총괄)이 적극 추진한 '퍼포먼스 멘탈코칭' 시스템 도입을 위해 SSG는 프로 및 아마추어 현장에서 풍부한 경험을 쌓은 스포츠심리학 전문가 최선호 멘탈코치를 초빙했다. 최 코치는 경희대학교 스포츠심리학 박사로, 고려대학교와 영월 상동고 야구부 퍼포먼스 코치로 활동해 온 베테랑이다. 최 코치는 선수단과 함께 현장에 밀착해 훈련 및 경기 관찰, 선수별 심리·행동 패턴 분석, 맞춤형 경기 루틴 설계, 집중력 향상을 위한 멘탈 프로그램 운영 등을 담당한다. 코칭스태프와의 협업도 강화한다. 코칭스태프 미팅을 통해 선수들의 멘탈 상태와 경기력 개선 방향을 공유하고, 기술 코치·퍼포먼스 코치·프런트가 함께 선수 육성 방향을 논의하는 체계를 구축할 계획이다. 추신수 보좌역은 ""아무리 뛰어난 기술과 피지컬을 갖추고 있어도 경기에서 자신의 기량을 발휘하지 못하면 경쟁력이 될 수 없다""며 ""멘탈 역시 기술과 피지컬처럼 체계적으로 관리하고 훈련해야 하는 영역으로 SSG만의 차별화된 선수 육성 체계를 만들어가겠다""고 말했다. 최선호 코치는 ""체계적인 시스템을 갖춘 SSG에서 퍼포먼스 멘탈코칭을 맡게 되어 감사하다. 본 코칭이 선수단에 안정적으로 정착해 팀 전력에 실질적인 도움이 될 수 있도록 최선을 다하겠다""고 소감을 전했다. SSG는 ""이번 운영 결과를 바탕으로 선진형 육성 시스템을 안정적으로 정착시키고, 향후 정규 운영 확대를 포함해 구단의 지속 가능한 선수 육성 체계를 더욱 발전시켜 나갈 방침""이라고 전했다. [스포츠투데이 이상필 기자 sports@stoo.com]",https://v.daum.net/v/3zVDRie4CD
2026.07.14 01:39,"""분명 좋은 선수 될 것"" 사령탑의 확신, 데뷔전 악몽 털어낼 기회 노리는 롯데 1R 특급유망주",스포티비뉴스,"[스포티비뉴스=박승환 기자] ""빨리 가서 좋은 모습 보여드리고 싶어요"" 동산고 3학년이었던 지난해 23경기(72⅓이닝)에서 8승 2패 평균자책점 0.88으로 경이적인 성적을 남긴 신동건은 고교 최동원상을 수상, 신인드래프트 1라운드 전체 4순위로 롯데 자이언츠의 선택을 받았다. 하지만 스프링캠프 명단에서도, 시범경기에서도 신동건의 모습을 찾아볼 순 없었다. 롯데는 신동건의 기용을 서두르는 것보다는 프로에 맞는 몸을 만드는 것이 더 중요하다고 판단했기 때문. 신동건은 2군에서 착실히 몸을 만들었고, 퓨처스리그가 개막한 직후 불펜으로 뛰며 본격 프로 무대에 뛰어들었다. 이어 1군 데뷔전 기회도 찾아왔다. 다만 결과는 1이닝 1피안타 4볼넷 2실점(2자책)으로 좋지 않았다. 다시 2군으로 향한 신동건은 불펜과 선발로 경험치를 쌓아나가는 중. 그리고 데뷔 첫 시즌부터 퓨처스 올스타전에도 출전하며 성장해 나가고 있다. 신동건의 2군 성적은 14경기에서 4홀드 평균자책점 4.43로 인상적이진 않다. 그래도 퓨처스 올스타전에도 뽑혔다는 건 그만큼 성장 가능성이 높다는 것을 보여주는 포인트다. 그렇다면 2군 지휘봉을 잡고 있는 김용희 감독은 신동건을 어떻게 보고 있을까. 퓨처스 올스타전에 앞서 취재진과 만난 김용희 감독은 ""신동건이 지금 당장 1군에 많이 올라가지는 못하고 있다. 우리나라의 경우 신인 선수들을 1군에서 조금 빨리 쓰는 경향이 있는데, 신동건은 차근차근 단계를 밟아나가고 있다고 보면 된다""며 ""앞으로 분명 좋은 선수로 성장할 것""이라고 확신했다. 지난 4월 3일 SSG 랜더스를 상대로 치른 데뷔전을 돌아보면 어땠을까. 신동건은 ""당시 아쉬움이 많이 남았다. 하지만 후회만 하고 있으면 달라지는 것이 없다고 생각해서, 2군에 내려온 뒤 메커니즘과 제구를 더 신경 써서 좋은 투수가 되기 위해 노력하고 있다. 지금은 그때보다는 더 나은 모습을 보여드릴 수 있을 것 같다. 당시 많은 관중 앞에서 던지는 것이 처음이라 긴장을 했던 것 같다. 제구만 잘 됐다면 그렇게까진 힘들진 않았을 것 같다""고 말했다. 시즌 초반부터 불펜 투수로 마운드에 올랐던 신동건은 최근 선발로 보직을 변경, 빌드업 과정을 밟고 있다. 김태형 감독도 전반기 막바지 신동건에게 1군에서 선발 기회를 줄 뜻을 공개적으로 드러내기도 했다. 신동건은 ""시즌이 시작된 후 계속 불펜 투수로 던지다가 6선발 이야기를 들었을 때 걱정도 했지만, 한 달 정도 투구수를 늘려나가는 훈련과 웨이트를 하면서, 계획대로 잘 되고 있는 것 같다""며 ""지금은 8~90구까지는 던질 수 있다. 처음에는 힘들었지만, 계속 던지고, 체력 운동을 하면서 관리를 하니, 조금씩 좋아지고 있다는 것을 느끼고 있다""고 설명했다. 특히 선발로 던지면서도 평균 140km 후반의 볼을 뿌린다는 점이 고무적. 2군에서 '베테랑' 김태혁(개명전 김상수) 등 선배들의 조언을 받으며, 많은 노력을 기울였다는 걸 보여주는 요소. 그리고 본격적으로 변화구도 다듬고 있다고. 그는 ""기존에 직구, 커브의 투 피치였는데, 최근 슬라이더나, 체인지업 등 다른 구종의 가치도 높이는 훈련을 많이 했다. 그리고 아직은 신체적으로 부족하다 보니, 그런 쪽에서 많이 나아지기 위해 훈련을 많이 했다""고 밝혔다. 신동건의 후반기 목표는 1군 데뷔전의 아쉬움을 만회하는 것이다. 롯데 특급유망주는 ""데뷔전의 아쉬움을 만회하고 싶고, 좋은 모습을 보여드리고 싶다. 그러기 위해선 2군에서 압도적인 모습을 보여줘야 한다고 생각한다. 때문에 안타를 맞아도 아쉬워하지 않고, 모든 공에 최선을 다해서 던지는 중""이라며 ""올라가다 조금 떨어져도 포기하지 않고 계속해 나간다면, 분명 좋은 모습을 보여줄 수 있을 것이라 생각한다""고 힘주어 말했다. <저작권자 ⓒ SPOTV NEWS. 무단전재 및 재배포 금지>",https://v.daum.net/v/6U92531yvw
2026.07.14 01:35,"삼성 새 외인 페덱, 등번호 59번 달고 라팍 첫 훈련…데뷔전은 언제? [오!쎈 대구]",OSEN,"[OSEN=대구, 손찬익 기자] 프로야구 삼성 라이온즈의 새 식구 크리스 페덱이 팀 훈련에 합류했다. 페덱은 지난 13일 대구삼성라이온즈파크에서 다른 투수들과 함께 외야에서 캐치볼을 소화하는 등 가볍게 몸을 풀었다. 등번호는 59번으로 확정됐다. 페덱의 첫 등판 일정은 구단 내부에서 확정된 상태다. 삼성은 지난 11일 잭 오러클린의 대체 선수로 페덱을 영입했다. 1996년생인 페덱은 키 196㎝, 몸무게 98㎏의 우완 투수다. 샌디에이고 파드리스에서 빅리그에 데뷔한 뒤 미네소타 트윈스, 디트로이트 타이거스, 마이애미 말린스, 신시내티 레즈, 텍사스 레인저스 등을 거쳤다. 2021년에는 김하성(애틀랜타 브레이브스)과 샌디에이고에서 함께 뛰기도 했다. 페덱은 메이저리그 통산 132경기(선발 119경기)에서 32승43패, 평균자책점 4.83, 이닝당 출루허용률(WHIP) 1.26을 기록했다. 마이너리그에선 통산 40경기(선발 35경기), 13승7패, 평균자책점 1.92, WHIP 0.82의 성적을 남겼다. 다양한 구종을 갖춘 페덱은 메이저리그 통산 9이닝당 탈삼진 8.02개, 9이닝당 볼넷 2.04개를 기록했다. 페덱은 ""삼성에 합류하게 돼 정말 기쁘고 영광""이라며 ""계약 전 KBO리그에 대해 많이 알아봤고, 한국에서 뛰었던 선수들과도 이야기를 나눴다. 모두 삼성에 대해 좋은 평가를 해줬다. 특히 열정적인 팬들과 외국인 선수를 잘 배려하는 팀 문화가 인상적이었다""고 입단 소감을 밝혔다. 그가 삼성행을 선택한 가장 큰 이유는 '우승에 도전하는 팀'이라는 점이었다. 페덱은 ""야구는 메이저리그든 KBO리그든 어느 무대에서든 승리를 목표로 하는 스포츠""라며 ""삼성은 상위권을 달리고 있는 데다 역사와 전통이 있는 팀이다. 과거 샌디에이고에서 김하성과 함께 뛰면서 KBO리그에 대해서도 알게 됐고, 여러 이유가 더해져 삼성을 선택하게 됐다""고 설명했다. 페덱은 이어 ""새로운 도전을 원했고, 지금 승리를 향해 달리는 팀에 보탬이 되고 싶었다. 앞으로의 몇 달이 정말 기대된다""며 후반기 활약을 다짐했다. 전반기를 1위로 마친 삼성의 한국시리즈 우승 도전에도 힘을 보태겠다고 약속했다. 페덱은 ""팀이 전반기를 1위로 마친 만큼 후반기에도 힘을 보태 팀의 목표인 우승을 이루는 데 기여하고 싶다""고 힘주어 말했다. /what@osen.co.kr",https://v.daum.net/v/WTe9q9B3Wz
2026.07.14 01:35,리오스 교체? 바꾸고 싶어도 마땅한 선발이 없다...4월부터 찾아 헤맸지만 못 구했다,MHN스포츠,"(MHN 정철우 기자) 시속 161.7㎞. 숫자만 보면 더 바랄 것이 없다. KBO리그 타자가 쉽게 경험하기 어려운 속도다. 공이 손을 떠나 타자에게 도착하는 시간만 놓고 보면 약셀 리오스는 분명 특별한 투수다. 그러나 LG 트윈스가 리오스를 바라보는 시선은 구속계에 찍힌 숫자만큼 시원하지 않다. 빠르지만 확실하지 않고, 위력은 있지만 믿음은 부족하다. 등판할 때마다 대단한 장면을 기대하게 만들면서도 언제든 흐름이 무너질 수 있다는 불안을 지우지 못하고 있다. LG가 외국인 선수 한 자리를 사용해 기대했던 모습과는 거리가 있다. 리오스는 14일 현재 KBO리그 11이닝을 던져 1승1패, 평균자책점 4.09를 기록하고 있다. 10피안타와 2볼넷을 허용했고 12개의 삼진을 잡았다. WHIP는 1.09다. 완전한 실패로 단정할 기록은 아니지만 외국인 불펜 투수에게 LG가 기대한 것은 평범한 중간계투의 성적이 아니었다. 경기 후반을 완전히 지배하는 압도감이었다. 리오스는 지난 6월 요니 치리노스를 대신해 총액 45만 달러에 LG 유니폼을 입었다. 메이저리그 통산 93경기에서 8승2패, 평균자책점 6.21을 기록했고, LG는 처음부터 그를 선발이 아닌 불펜 자원으로 구상했다. 외국인 투수 한 자리를 전문 불펜에게 배정한 것은 매우 이례적인 선택이었다. 위험은 처음부터 분명했다. 외국인 선발은 5일에 한 번씩 등판해 5~6이닝을 맡고 정상적으로 로테이션을 돌면 한 시즌 150이닝 안팎을 책임질 수 있다. 반면 불펜 투수는 아무리 강한 공을 던져도 대부분 한 경기 1이닝을 소화한다. 연투와 휴식일을 관리해야 하고 경기 상황에 따라 등판 기회도 제한된다. 외국인 선수 한 자리를 사용하면서도 팀 전력에 미치는 범위는 선발보다 좁을 수밖에 없다. 리오스가 상대 팀이 경기 후반을 사실상 포기할 정도의 압도적인 투구를 한다면 1이닝의 가치가 선발 6이닝 못지않게 커질 수 있지만 아직은 그 단계에 이르지 못했다. 리오스는 6월13일 롯데전에서 시속 160.8㎞를 던지며 당시 올 시즌 최고 구속을 기록했다. 이후 트랙맨 기준으로는 시속 161.7㎞까지 찍었다. 속도만 보면 KBO리그 역대 최고 영역이다. 그러나 투수의 가치는 가장 빠른 공 한 개로 결정되지 않는다. 시속 160㎞가 넘는 패스트볼도 가운데로 몰리거나 타자가 예상할 수 있는 코스에 반복되면 맞을 수 있다. 승부처에서 원하는 곳에 공을 던지는 제구와 빠른 공을 뒷받침할 변화구가 필요하다. 리오스는 강한 패스트볼을 갖고 있지만 이를 변화구와 연결해 타자를 완전히 제압하는 모습까지는 보여주지 못했다. 더 큰 문제는 LG 선발진의 사정이 좋지 않아 리오스의 한계가 더욱 크게 보인다는 점이다. 외국인 선발 2명과 국내 선발 3명이 안정적으로 돌아간다면 외국인 불펜이라는 파격적인 선택도 감수할 수 있다. 선발이 6이닝을 책임지고 리오스가 경기 후반을 지우는 역할 분담이 가능하기 때문이다. 지금의 LG는 그 전제가 흔들리고 있다. 외국인 에이스 앤더스 톨허스트는 올 시즌 92⅓이닝에서 8승7패, 평균자책점 4.09, WHIP 1.26을 기록하고 있다. 이닝과 승수는 일정 수준을 유지했지만 경기별 기복이 크다. 좋은 날에는 타선을 압도하지만 무너지는 날에는 긴 이닝을 버티지 못한다. 후반기와 포스트시즌에서 확실하게 계산할 수 있는 1선발이라고 단정하기 어렵다. 송승기도 불안 요소가 적지 않다. 49⅓이닝에서 3승1패, 평균자책점 5.11, WHIP 1.54를 기록했고 61피안타와 7피홈런을 허용했다. 지난해보다 내용이 크게 떨어진 데다 시즌 도중 등 근육 이상으로 약 한 달간 자리를 비운 부상 전력도 있다. 선발진에 정상적으로 합류하더라도 체력과 구위 회복 여부를 계속 확인해야 한다. 장현식은 예상 밖의 역할을 해주고 있다. 지난 4일 한화전에서는 선발로 나서 5이닝 3피안타 무실점으로 승리를 따냈다. 불펜에서 출발한 투수가 선발진의 구멍을 메운 점은 높이 평가할 만하다. 그러나 아직 확실한 5선발로 분류하기는 어렵다. 한두 경기 잘 던지는 것과 5일 간격으로 로테이션을 소화하는 것은 다르다. 투구 수가 늘어난 뒤에도 구위를 유지할 수 있는지, 상대 타순을 두 번째와 세 번째 만났을 때도 경쟁력이 있는지 확인해야 한다. 장현식의 원래 역할이 불펜이었다는 점도 부담이다. 선발 전환이 길어지면 선발진의 구멍을 메우는 대신 불펜의 힘이 약해질 수 있다. 한쪽을 막으면 다른 쪽이 비는 구조다. 현재 LG 선발진에서 가장 안정적으로 자신의 몫을 해주는 투수는 임찬규다. 평균자책점 3.78로 선발진을 지키고 있으며 6월14일 롯데전에서는 7이닝 1실점으로 시즌 7승째를 따냈다. 압도적인 구속은 없지만 경기 운영과 제구, 변화구 조합으로 꾸준히 이닝을 책임지고 있다. 하지만 우승을 노리는 팀이 임찬규 한 명에게만 안정감을 기대할 수는 없다. 톨허스트는 기복이 있고, 송승기는 부상과 부진을 관리해야 한다. 장현식은 아직 검증 과정에 있으며 아시아쿼터 선수 라클란 웰스에게 외국인 에이스 역할까지 요구하기도 어렵다. LG가 리오스를 영입하기 전부터 외국인 선발을 찾아다닌 이유다. LG는 4월부터 미국 시장을 폭넓게 살피며 치리노스를 대신할 선발을 물색했다. 그러나 구단이 원하는 수준의 투수는 좀처럼 시장에 나오지 않았다. 메이저리그 구단들이 투수층을 최대한 오래 유지했고, 선발 경험을 갖춘 투수들은 몸값과 계약 조건이 맞지 않았다. 결국 LG는 선발을 데려오지 못한 채 방향을 바꿨다. 시장에 나온 선수 가운데 가장 강한 공을 던지는 리오스를 선택해 불펜을 강화하는 쪽으로 승부수를 던졌다. 선발 자원을 찾지 못한 상황에서 전혀 다른 해법을 선택한 셈이다. 당시에는 이해할 수 있는 결정이었다. 유영찬의 시즌 아웃으로 마무리 자리에 공백이 생겼고, 손주영을 선발에서 마무리로 돌려야 했다. 리오스를 영입해 경기 후반의 힘을 높이겠다는 계산이었다. 문제는 리오스가 기대만큼 압도적이지 않은 가운데 선발진의 불안까지 커졌다는 것이다. 가장 단순한 해결책은 리오스를 교체하고 외국인 선발을 영입하는 것이다. 톨허스트와 새 외국인 투수, 웰스가 중심을 잡고 임찬규, 송승기, 장현식이 뒤를 받치는 구조를 만들 수 있다. 그러나 시장에 마땅한 투수가 없다. 교체설이 실제 움직임으로 이어지려면 리오스보다 확실히 나은 선수를 확보해야 한다. 선발 경험이 있다는 이유만으로 아무 투수나 데려올 수는 없다. 시즌 중반 교체는 적응 기간이 짧고 실패했을 때 되돌릴 방법도 거의 없다. 리오스를 내보낸 뒤 영입한 선발이 5이닝도 버티지 못한다면 LG는 강속구 불펜까지 잃는다. 교체하고 싶어도 교체할 카드가 없는 것이 현재 LG가 마주한 가장 큰 문제다. 리오스를 계속 보유하면 외국인 불펜의 구조적 한계를 감수해야 한다. 반대로 교체하면 검증되지 않은 선발에게 후반기 운명을 맡겨야 한다. 어느 쪽도 확실한 정답이 아니다. LG는 85경기를 치른 시점에서 52승33패, 승률 0.612로 2위를 달리고 있다. 팀 평균자책점은 4.49다. 성적만 놓고 보면 위기라고 표현하기 어렵지만 포스트시즌에서는 확실한 선발의 가치가 더 커진다. 불펜이 아무리 강해도 선발이 초반부터 무너지면 경기 운영은 어려워진다. 리오스의 공은 빠르다. 하지만 지금 LG에 더 필요한 것은 가장 빠른 공을 던지는 투수가 아니라 가장 많은 이닝을 안정적으로 막아줄 수 있는 투수인지도 모른다. 시속 161.7㎞는 팬들의 탄성을 끌어낼 수 있다. 그러나 외국인 선수 한 자리의 가치를 증명하려면 탄성보다 반복 가능한 결과가 필요하다. LG는 리오스가 기대만큼 압도적이지 않아 고민하고 있다. 동시에 리오스를 대신할 선발을 구하지 못해 또 고민하고 있다. 리오스의 부진보다 더 답답한 것은 선택지가 없다는 사실이다. LG의 진짜 이중고는 바로 거기에 있다.",https://v.daum.net/v/FTHJMJRfeh
2026.07.14 01:34,"SSG, 퓨처스팀에 '퍼포먼스 멘탈코칭' 도입…MLB 벤치마킹·전문가 초빙",더게이트,"[더게이트] SSG 랜더스는 퓨처스팀 선수들의 실전 경기력 향상을 위해 '퍼포먼스 멘탈코칭' 시스템을 도입했다고 14일 밝혔다. SSG는 기술과 체력뿐만 아니라 선수들이 훈련에서 쌓은 기량을 실제 경기에서 안정적으로 발휘할 수 있도록 멘탈 영역의 중요성에 주목했다. 1군 무대 적응, 부상 및 재활 과정 등 다양한 상황에서 경기력과 멘탈이 밀접하게 연결된다는 점을 고려해, 단순한 심리적 안정에 그치지 않고 실전 경기력 향상까지 지원하는 현장 밀착형 퍼포먼스 멘탈코칭 시스템을 도입했다. 이번 시스템은 미국 메이저리그(MLB) 구단들의 멘탈 훈련 기법을 벤치마킹해 도입됐으며, 추신수 구단주 보좌역(겸 육성총괄)이 적극 추진했다. SSG는 프로와 아마추어 현장에서 풍부한 경험을 가진 스포츠심리학 전문가 최선호 멘탈코치를 초빙했다. 최선호 코치는 경희대학교 스포츠심리학 박사로, 현재 고려대학교와 영월 상동고 야구부 퍼포먼스 코치로 활동하고 있다. 최선호 코치는 선수단과 함께 현장에 밀착해 훈련 및 경기 관찰, 선수별 심리와 행동 패턴 분석, 맞춤형 경기 루틴 설계, 집중력 향상을 위한 멘탈 프로그램 운영 등을 담당한다. 또한 코칭스태프와의 협업을 강화해, 코칭스태프 미팅을 통해 선수들의 멘탈 상태와 경기력 개선 방향을 공유하고, 기술 코치, 퍼포먼스 코치, 프런트가 함께 선수 육성 방향을 논의하는 체계를 구축한다. 추신수 보좌역은 ""아무리 뛰어난 기술과 피지컬을 갖추고 있어도 경기에서 자신의 기량을 발휘하지 못하면 경쟁력이 될 수 없다""며 ""멘탈 역시 기술과 피지컬처럼 체계적으로 관리하고 훈련해야 하는 영역으로 SSG만의 차별화된 선수 육성 체계를 만들어가겠다""고 말했다. 최선호 코치는 ""체계적인 시스템을 갖춘 SSG에서 퍼포먼스 멘탈코칭을 맡게 되어 감사하다. 본 코칭이 선수단에 안정적으로 정착해 팀 전력에 실질적인 도움이 될 수 있도록 최선을 다하겠다""고 밝혔다. 한편, SSG는 이번 운영 결과를 바탕으로 선진형 육성 시스템을 안정적으로 정착시키고, 향후 정규 운영 확대를 포함해 구단의 지속 가능한 선수 육성 체계를 더욱 발전시킬 계획이다.",https://v.daum.net/v/tC1hshOcFs
2026.07.14 01:27,LG 닮는 삼성 타선? 삼성 같은 LG 타선?,스포츠경향,"전반기 마지막 대구 3연전에서 가장 부각된 장면은 병살타로 경기가 끝난 3차전 9회였다. 삼성은 6-5로 어렵게 승리를 지키며 2승1패 LG전 위닝시리즈를 만들었다. LG와 게임차 없는 선두로도 올라섰다. 엔딩 장면의 잔상이 남은 시리즈가 됐지만, 두 팀 벤치에서 후반기까지 쥐고 가는 기억은 다른 곳에 있을지 모른다. 서로가 서로의 타선을 보는 시선이다. 두 팀은 3차례 맞대결에서 엇비슷한 타선의 힘을 보였다. 삼성은 3연전에서 팀타율 0.310에 장타율 0.450, 출루율 375, OPS 0.825를 기록했고 LG는 팀타율 0.299에 장타율 0.449, 출루율 0.372, OPS 0.821을 찍었다. 삼성은 3연전에서 31안타(3홈런)를 때렸고, LG는 32안타(2홈런)를 쳐냈다. 두 팀은 지난해까지만 해도 팀타선 컬러의 차별성이 선명한 팀이었다. 삼성은 장타율 1위(0.427)였고, LG는 출루율 1위(0.361)였다. 그런데 올시즌에는, 특히 최근에는 두팀 타선이 서로를 닮아가고 있다. 때때로 타선 색채를 맞바꾼 듯한 흐름도 보인다. 그간 대부분 팀 배터리들은 LG 타선을 만나 고전하는 이유로 집요함을 꼽았다. 콘택트율이 대체로 높은 LG 타자들과 상대할 때는 유리한 볼카운트를 만들어놓고도 승부를 결정짓는 데 어려움이 많았다. 투구수만 늘어나며 오히려 주도권을 내주는 경우가 잦았다. 올해 삼성 타선에서는 ‘LG’가 보인다. 삼성은 지난해 압도적 팀홈런 1위(161개)였지만 올해는 전반기를 마치며 LG와 팀홈런 공동 5위(75개)로 내려앉아 있다. 그런데 삼성은 약화된 홈런 지표를 다른 것으로 메우고 있다. 출루율 0.369로 전체 1위에 올라 있다. 타석당 삼진율도 17%로 10개구단 중 가장 낮다. 반대로 타석당 볼넷 비율은 12%로 가장 높았다. 지난해까지 LG가 독점했던 지표들을 챙겨가고 있다. 구성과 방향성의 변화가 혼재된 결과로 보인다. 외국인타자 디아즈의 홈런 생산력이 떨어진 가운데 김영웅이 햄스트링으로 긴 시간 뛰지 못했다. 그 자리를 최형우가 높은 출루율(0.425)이 동반된 타법으로 대체하면서 중심타선 흐름이 바뀌었다. 주전 또는 주전급으로 출루율 4할 이상 기록한 선수는 구자욱(0.422), 김지찬(0.409), 박승규(0.401) 등 4명에 이른다. LG는 최근 흐름만 보자면 지난해 삼성 못지않은 화력을 뿜어냈다. 지난 5월23일 이후 최근 40경기에서 팀홈런 46개로 SSG(48개)에 이어 전체 2위였다. 이 기간에는 KIA(45개), 한화(44개)보다 팀홈런이 더 많았다. 외인타자 오스틴이 시즌 홈런 27개로 KIA 김도영과 공동 선두를 달리고 있는 가운데 최근 40경기에서만 홈런 16개를 때렸다. 여기에 간판타자들이 본인 평균 타격지표를 찾는 데 시간을 보내는 사이 송찬의 문정빈 등 우타 거포형 유망주들의 지분이 넓어지면서 팀 타선을 특징하는 지표들도 달라졌다. LG가 독점하던 타석당 삼진율은 19%, 볼넷 비율은 10%로 리그 평균과 같아졌다. 후반기에도 두 팀 타선이 색깔을 바꾼 듯한 숫자를 써나갈지 예단하기는 어렵다. 다만 두 팀은 우승 경쟁에서는 서로가 서로를 대비해야 하는 ‘예민한 주제’가 될 수도 있다. 삼성이 LG 같고, LG가 삼성 같은 싸움은 언제까지 이어질까. 안승호 기자 siwoo@kyunghyang.com",https://v.daum.net/v/83gnMJRfuf
2026.07.14 01:26,"SSG, 2군 선수 위한 '퍼포먼스 멘털 코칭' 도입…최선호 초빙",뉴스1,"(서울=뉴스1) 이상철 기자 = 프로야구 SSG 랜더스가 퓨처스 선수들의 실전 경기력 향상을 위해 '퍼포먼스 멘털 코칭' 시스템을 도입한다고 14일 밝혔다. 추신수 구단주 보좌역(겸 육성총괄)이 적극적으로 추진하는 퍼포먼스 멘털 코칭 시스템은 메이저리그(MLB) 구단의 멘털 훈련 기법을 벤치마킹했다. SSG는 프로 및 아마추어 현장에서 풍부한 경험을 쌓은 스포츠심리학 전문가 최선호 멘털코치를 초빙했다. 최 코치는 경희대학교 스포츠심리학 박사로, 고려대와 영월 상동고 야구부 퍼포먼스 코치로 활동해 왔다. 최 코치는 선수단과 함께 현장에 밀착해 훈련 및 경기 관찰, 선수별 심리 및 행동 패턴 분석, 맞춤형 경기 루틴 설계, 집중력 향상을 위한 멘털 프로그램 운영 등을 담당한다. 코칭스태프와의 협업도 강화한다. 코칭스태프 미팅을 통해 선수들의 멘털 상태와 경기력 개선 방향을 공유하고 기술 코치, 퍼포먼스 코치, 프런트가 함께 선수 육성 방향을 논의하는 체계를 구축할 계획이다. 최 코치는 ""체계적인 시스템을 갖춘 SSG에서 퍼포먼스 멘털 코칭을 맡게 되어 감사하다. 본 코칭이 선수단에 안정적으로 정착해 팀 전력에 실질적인 도움이 될 수 있도록 최선을 다하겠다""고 소감을 전했다. 추신수 보좌역은 ""아무리 뛰어난 기술과 피지컬을 갖추고 있어도 경기에서 자신의 기량을 발휘하지 못하면 경쟁력이 될 수 없다""며 ""멘털 역시 기술과 피지컬처럼 체계적으로 관리하고 훈련해야 하는 영역으로 SSG만의 차별화된 선수 육성 체계를 만들어가겠다""고 말했다. SSG는 ""이번 운영 결과를 바탕으로 선진형 육성 시스템을 안정적으로 정착시키고, 향후 정규 운영 확대를 포함해 구단의 지속 가능한 선수 육성 체계를 더욱 발전시켜 나갈 계획""이라고 전했다. 한편 SSG는 KBO리그 전반기를 마친 현재 31승3무52패로 10개 구단 중 9위에 자리하고 있다. rok1954@news1.kr",https://v.daum.net/v/8denMJRft4
2026.07.14 01:25,"KT는 선두 추격, SSG는 반등…LG·KIA와 후반기 첫 시리즈",경기일보,"선두 추격과 반등, 서로 다른 목표를 품은 KT 위즈와 SSG 랜더스가 후반기 첫 시험대에 오른다. 프로야구는 16일부터 올스타 휴식기를 마치고 후반기 일정에 돌입한다. 후반기 첫 4연전부터 상위권 팀들과 맞붙는 KT와 SSG의 행보에 관심이 쏠린다. 이강철 감독이 이끄는 KT는 13일 현재 47승1무35패로 3위에 올라 있다. 시즌 초반 선두 경쟁을 벌였던 KT는 주축 선수들의 잇따른 부상 속에서도 상위권을 유지하며 전반기를 마쳤다. 안현민과 허경민의 이탈, 소형준의 부상 공백 등 악재가 이어졌지만 탄탄한 조직력과 선수층을 앞세워 버텨냈고, 전반기 마지막 3연승으로 분위기 반전에도 성공했다. KT는 16일부터 잠실구장에서 2위 LG 트윈스와 원정 4연전을 치른다. 양팀은 3.5경기 차에 불과한 만큼 이번 시리즈 결과에 따라 선두권 판도가 달라질 수 있다. 특히 KT가 상승세를 이어간다면 2위 추격은 물론 선두 경쟁에도 다시 불을 붙일 수 있다. 올 시즌 상대 전적에서는 KT가 LG에 5승3패로 우위를 보이고 있다. 양 팀 맞대결 대부분이 1~2점 차 접전으로 펼쳐졌던 만큼 이번에도 치열한 승부가 예상된다. KT는 사우어를 시작으로 소형준, 로건, 고영표가 차례로 선발 등판할 전망이다. 넓은 잠실구장 특성상 선발진의 안정감과 수비 집중력이 승부의 핵심 변수로 꼽힌다. 타선에서는 LG를 상대로 강한 모습을 보인 최원준이 중심에 선다. 최원준은 올 시즌 LG전 타율 0.400을 기록 중이며, 샘 힐리어드 역시 0.333로 좋은 타격감을 보여주고 있다. 여기에 부상 복귀 후 컨디션을 끌어올리고 있는 안현민까지 제 모습을 찾는다면 KT는 더욱 강력한 공격력을 구축할 수 있다. 반면 이숭용 감독이 이끄는 SSG는 전혀 다른 상황에 놓여 있다. 31승3무52패로 9위까지 떨어진 SSG는 외국인 선수 운용 실패와 줄부상, 마운드 붕괴가 겹치며 힘겨운 전반기를 보냈다. 팀 평균자책점 최하위, 최다 실점 등 각종 지표에서도 하위권에 머물며 기대에 미치지 못했다. SSG는 16일부터 인천 SSG랜더스필드에서 4위 KIA 타이거즈와 홈 4연전을 치른다. 가을야구 경쟁에서 밀려난 상황인 만큼 후반기 반등의 실마리를 찾기 위해선 첫 시리즈부터 결과를 만들어야 한다. 새 외국인 투수 페드로 아빌라가 무너진 선발진에 안정감을 더할 수 있을지도 관심사다. 이번 4연전은 KT에겐 선두권 도약의 기회이자 SSG에겐 무너진 시즌을 되살릴 반전의 출발점이다. 임창만 기자 lcm@kyeonggi.com",https://v.daum.net/v/XzNTojgRT8
2026.07.14 01:21,"감독님 마음에 쏙 든 ‘ERA TOP5’ 롯데 김진욱, 그 느낌 다 아니까! “야구 잘하니 칭찬 많이 해주신다” [SS시선집중]",스포츠서울,"[스포츠서울 | 이소영 기자] ERA TOP5 선수는 감독님도 춤추게 한다? 생애 첫 올스타 출전부터 아시안게임 발탁, 평균자책점 TOP5까지. 만년 유망주 꼬리표를 뗀 롯데 김진욱(24) 얘기다. 그는 “개인적으로는 만족스러운 성적”이라며 “감독님께서 조언을 많이 해주시는 덕분”이라고 말했다. 프로 데뷔 6년 차를 맞은 김진욱이 성공적인 전반기를 보냈다. 올시즌 개막 전 고민을 날려버린 유의미한 시간이었다고 해도 과언이 아니다. 스프링캠프 당시 그는 “매년 성적이 비슷해 나 역시 만족스럽지 못했다”며 “이제 연차가 쌓인 만큼 결과로 보여줘야 한다. 목표는 1군 엔트리에 꾸준히 들어가는 것”이라고 절치부심했다. 노력은 헛되지 않았다. 오는 9월 열리는 아이치·나고야 아시안게임에 발탁된 데 이어, 감독 추천으로 생애 첫 올스타에도 출전했다. 리그 평균자책점 5위는 덤. 이날 김진욱은 자신의 별명인 ‘사직 스쿠발’에서 영감을 받아 아이스크림 ‘스크류바’로 변신해 ‘퍼포먼스 맛집’의 대를 이어갔다. 무엇보다 기복 없이 자신의 몫을 해내고 있다는 점에서 의미가 크다. 김진욱은 롯데가 오랜 시간 공들여 키운 자원이지만, 좀처럼 1군에서 자리를 잡지 못해 ‘아픈 손가락’으로 여겨졌다. 그러나 올해는 다르다. 16경기에서 5승4패, 평균자책점 2.95를 기록 중이다. 반등의 비결로는 자신감을 꼽았다. 그는 “딱 하나만 짚기엔 기술적인 문제를 포함해 복합적”이라며 “결국 자신감이 붙었기 때문에 좋은 결과로 나타난 것 같다”고 돌아봤다. 사령탑의 칭찬이 자자한 이유도 여기에 있다. 김태형 감독은 김진욱을 전반기 최우수선수(MVP)로 지목했다. 김진욱은 “야구를 잘하니 칭찬도 많이 해주시는 것 같다”고 너스레를 떤 뒤 “평소 조언도 많이 해주시고, 마운드에서도 편하게 공을 던질 수 있도록 한마디씩 건네주신다”고 귀띔했다. 다만 만족은 이르다. 김진욱은 “개인적으로는 만족스럽게 전반기를 마친 것 같다”면서도 “후반기에도 준비를 잘해 팀이 더 높은 곳에 오를 수 있도록 초점을 둬야 할 것 같다”고 전했다. 이어 “잘 쉬는 것도 중요하지만, 운동도 해야 한다. 다음 등판 시기에 맞춰 이어갈 생각”이라고 덧붙였다. 개인 기록보다 시선은 팀 성적으로 향했다. 롯데는 전반기를 8위로 마쳤다. 6위 한화와 3.5경기, 7위 NC와는 2경기 차에 불과하다. 한때 최하위까지 추락하는 등 굴곡도 있었지만, 막판 스퍼트를 앞세워 추격의 불씨를 살렸다. 5위 두산과 격차는 5경기. 후반기 반전을 노려볼 만한 거리다. 김진욱도 “전반기 막바지 승률도 많이 올라왔다. 지금이 분위기도 가장 좋은 것 같다”며 “휴식기 동안 잘 쉬고 나면 충분히 올라갈 수 있을 것”이라고 힘줘 말했다. sshong@sportsseoul.coom",https://v.daum.net/v/XL35EmDghz
2026.07.14 01:15,"""김도영↔문보경 바꾸고 싶다"" 쌍둥이 캡틴의 충격 발언, 이유는? '125억' FA다운 일침 [SC포커스]",스포츠조선,"[스포츠조선 김영록 기자] ""(문)보경이랑 바꿨으면 좋겠다."" 올스타전 현장에 나선 '캡틴' 박해민의 일침이다. LG 트윈스는 13일 유튜브를 통해 올스타전 비하인드를 담은 영상을 공개했다. 이날 박해민은 아들 박이든과 함께 현장을 찾았다. 트윈스TV 카메라를 보자마자 '슈퍼스타' 김도영(KIA 타이거즈)과 허경민(KT 위즈), 김주원(NC 다이노스)를 줄줄이 섭외해 이야기를 나누는 박해민다운 넉살이 돋보였다. 김도영에게 ""미국 가려면 몇년 남았냐""고 묻는가 하면, 허경민과는 도쿄올림픽 시절 뒷이야기를 주고받고, 김주원에겐 '엘튜브 구독해주세요'를 요청하는 등 토크 센스도 돋보였다. 마냥 웃음만 챙긴 건 아니다. 박해민은 김도영과의 대화에서 후배 문보경을 향한 뼈있는 한마디도 남겼다. 이날 김도영은 ""(미국 가려면)4년 더 있어야하는데, 못갈 것 같다. 아직 부족하다""며 멋쩍게 웃은 뒤 갑자기 홈런왕 경쟁자인 오스틴(LG)의 폭풍 칭찬에 나섰다. 김도영은 ""너무 대단하다""며 엄지척을 날린 뒤 ""3루수 입장에서 너무 무섭다""고 호소했다. 이에 박해민은 ""네가 타석 들어갔을 때 3루수 입장은 생각해봤냐""고 답했지만, 김도영은 ""전 무서운 스타일은 아니다. 오스틴은 앞에서 치는 스타일이라 무섭다""며 너스레를 떨었다. 하지만 상대는 박해민이었다. 그는 ""(김도영)사직에서 홈런 치는 거 봤지? 183㎞. 김도영 나오면 외야수도 무섭다. 공이 떨어질 거 같은데 계속 멀리 간다""며 웃었다. 이어 작별을 고하려던 박해민은 ""보경이랑 바꿨으면 좋겠다""는 폭탄 발언을 던졌다. 김도영과 트윈스TV가 경악하자 ""삐지라고 한 이야기 아니고, 정신 차리라고 한 이야기""라고 못을 박았다. 문보경은 올해초 월드베이스볼클래식(WBC)에선 국가대표 4번타자로 맹활약을 펼쳤다. 김도영과 더불어 좋은 타격감을 보여준 둘 뿐인 한국 타자였다. 홈런 2개 포함 타율 4할3푼8리(16타수 7안타)의 불방망이를 휘두르며 '슈퍼문'이란 별명을 얻었다. 김도영에게 3루를 맡기고 1루로 나선 문보경은 체코전 선제 만루홈런 포함 5타점을 시작으로 일본전에서 기쿠치 유세이를 상대로 2타점 적시타, 호주전에선 선제 투런포 포함 4타점을 올렸다. WBC 타점왕, 1라운드 타점 신기록(이상 11개)의 주인공이자 기적의 2라운드 진출을 이끈 주역이었다. 하지만 정작 시즌에선 거듭된 부상에 시달리며 커리어 최악의 전반기를 보냈다. 시즌초엔 WBC에서 당한 옆구리 부상 때문에 지명타자로 출전했고, 내야 수비로 나선지 얼마 되지 않아 타구를 밟고 발목 부상을 당해 결장했다. 문성주와 함께 6월 동반 복귀했지만, 4번타자라는 기대치에 걸맞지 않게 부진했다. 올시즌 성적은 타율 2할5푼4리 7홈런 39타점, OPS(출루율+장타율) 0.758에 그쳤다. 올스타전 출전 역시 강백호(한화 이글스)에 밀려 좌절됐다. 부상으로 인한 1년 공백을 깨고 전반기에만 무려 27홈런을 쏘아올리며 오스틴과 홈런왕 경쟁을 펼치고 있는 김도영과는 나란히 서기 어려울 만큼 초라한 성적이다. 오스틴 역시 올해 4년차 외국인 선수지만, 타 팀의 전력분석에 아랑곳하지 않고 타율 3위(3할3푼9리) 홈런 공동 1위, 타점 2위(83개), OPS 1위(1.082) 등 시즌 MVP에 도전할 만한 성적을 내고 있다. 박해민 입장에선 후배를 아끼는 마음에 격려와 질책을 더한 주장다운 일침이다. LG는 6~7월 내내 10개팀 중 선두를 유지하다 전반기 마지막 시리즈에서 삼성 라이온즈에 1위를 내줬다. LG가 후반기 대반격을 통해 정규시즌 1위, 더 나아가 구단 최초의 한국시리즈 2연패, 구단 역사상 5번째 우승을 달성하려면 문보경의 각성과 부활이 반드시 필요하다. 문보경이 국대 4번타자다운 불방망이를 보여줄 수 있을까. 김영록 기자 lunarfly@sportschosun.com",https://v.daum.net/v/KY4UmCsAUI
2026.07.14 01:14,"'투수력 최하위' SSG, 멘털부터 잡는다…CHOO 적극 추진, ""뛰어난 기술 피지컬도 있어도…""",스포츠조선,"[스포츠조선 이종서 기자] ""멘털 역시 체계적으로 관리하고 훈련해야 한다."" SSG 랜더스는 14일 ""퓨처스 선수들의 실전 경기력 향상을 위해 '퍼포먼스 멘탈코칭' 시스템을 도입한다""고 밝혔다. SSG는 올 시즌 전반기 팀 평균자책점이 5.84로 10개 구단 중 최하위다. SSG는 ""기술과 체력뿐만 아니라 선수들이 훈련에서 쌓은 기량을 실제 경기에서 안정적으로 발휘할 수 있도록 돕는 멘탈 영역의 중요성에 주목했다. 특히 1군 무대 적응, 부상 및 재활 과정 등 다양한 상황에서 경기력과 멘탈은 밀접하게 연결되는 요소라고 판단했다""고 설명했다. 이에 SSG는 선수들의 심리적 안정을 넘어 실전 경기력 향상까지 지원하는 현장 밀착형 '퍼포먼스 멘탈코칭' 시스템을 도입한다. MLB 구단들의 멘탈 훈련 기법을 벤치마킹했으며, 추신수 구단주 보좌역(겸 육성총괄)이 적극 추진했다. SSG는 프로 및 아마추어 현장에서 풍부한 경험을 쌓은 스포츠심리학 전문가 최선호 멘탈코치를 초빙했다. 최 코치는 경희대학교 스포츠심리학 박사로, 現고려대학교와 영월 상동고 야구부 퍼포먼스 코치로 활동해 온 베테랑이다. 최 코치는 선수단과 함께 현장에 밀착해 훈련 및 경기 관찰, 선수별 심리·행동 패턴 분석, 맞춤형 경기 루틴 설계, 집중력 향상을 위한 멘탈 프로그램 운영 등을 담당한다. 코칭스태프와의 협업도 강화한다. 코칭스태프 미팅을 통해 선수들의 멘탈 상태와 경기력 개선 방향을 공유하고, 기술 코치·퍼포먼스 코치·프런트가 함께 선수 육성 방향을 논의하는 체계를 구축할 계획이다. 추신수 보좌역은 ""아무리 뛰어난 기술과 피지컬을 갖추고 있어도 경기에서 자신의 기량을 발휘하지 못하면 경쟁력이 될 수 없다""며 ""멘탈 역시 기술과 피지컬처럼 체계적으로 관리하고 훈련해야 하는 영역으로 SSG만의 차별화된 선수 육성 체계를 만들어가겠다""고 말했다. 최선호 코치는 ""체계적인 시스템을 갖춘 SSG에서 퍼포먼스 멘탈코칭을 맡게 되어 감사하다. 본 코칭이 선수단에 안정적으로 정착해 팀 전력에 실질적인 도움이 될 수 있도록 최선을 다하겠다""고 소감을 전했다. SSG는 ""이번 운영 결과를 바탕으로 선진형 육성 시스템을 안정적으로 정착시키고, 향후 정규 운영 확대를 포함해 구단의 지속 가능한 선수 육성 체계를 더욱 발전시켜 나갈 방침""이라고 밝혔다. 이종서 기자 bellstop@sportschosun.com",https://v.daum.net/v/2QvM10tWph
2026.07.14 01:10,"""제가 잘 던지면, 좋게 봐주시지 않을까요""…나균안도 다년계약? '하영민 80억' 기준점이 생겼다",OSEN,"[OSEN=조형래 기자] “제가 잘 던진다면, 좋게 봐주시지 않을까요.” 프로야구 올스타 휴식기를 지나가는 도중, 초대형 계약 소식이 전해졌다. 키움 히어로즈 선발 투수 하영민(31)이 8년 80억원이라는 금액에 비FA 다년계약을 맺었다. 계약기간은 8년이지만 80억원이라는 총액 기준으로 따지면 비FA 다년계약 기준으로 류현진(8년 170억원), 김광현(4년 151억원), 구창모(7년 132억원), 고영표(5년 107억원), 박세웅(5년 90억원)에 이어 여섯 번째로 큰 규모다. 하영민은 2014년 히어로즈에 2차 1라운드 전체 4순위로 입단해 통산 249경기 34승 40패 9홀드 평균자책점 4.96의 성적을 남겼다. 2024년부터 선발 로테이션 한 축으로 자리잡으면서 2년 연속 150이닝 이상을 소화했다. 지난해 9월 팔꿈치 뼛조각 제거 수술을 받았고 올해는 선발과 불펜을 오가는 스윙맨으로 역할을 하고 있다. 구단은 “중장기 전력 구상을 바탕으로 안정적인 투수진을 구축하기 위해 프랜차이즈 선수인 하영민을 반드시 지켜야 할 핵심 전력으로 판단해 이번 계약을 추진했다”라면서 “하영민은 오랜 시간 팀과 함께 성장하며 자신의 가치를 증명한 프랜차이즈 선수다. 앞으로도 지금처럼 책임감을 갖고 팀의 중심 선수로서 후배들에게 좋은 본보기가 되어주길 바란다. 히어로즈를 대표하는 선수로 오랫동안 활약해주길 기대한다”고 말했다. 하영민은 오는 2027시즌이 끝나고 프리에이전트(FA) 자격을 얻을 예정이었다. FA까지는 아직 2년이나 남았지만 키움과 하영민은 사실상 종신 계약을 맺었다. 2027년부터 시작되는 계약이고 8년 계약이 끝나면 마흔이다. 하영민과 비슷한 나이와 시기에 FA 자격을 얻게 되는 투수들은 이제 하영민의 계약이 바로미터이자 기준점이 될 수밖에 없다. 롯데 자이언츠 투수 나균안(28)도 하영민의 계약을 남다르게 바라볼 수밖에 없는 위치다. 나균안 역시 2027시즌이 끝나면 FA 자격을 얻는다. 2017년 신인드래프트 2차 1라운드로 입단했을 당시, 나균안의 포지션은 포수였다. 포수로 2018~2019년 FA 등록일수를 채우면서 FA 취득 시기가 빨라졌다. 투수로 경력은 2021년부터다. 나균안은 선발 투수로서 훈장과도 같은 규정이닝 소화는 아직 한 번도 없다. 하지만 5이닝 이상은 충분히 소화할 수 있는 토종 선발 투수로서 가치는 충분하다. 2023년부터 풀타임 선발 보직을 받았고 이 해 23경기 130⅓이닝 6승 8패 평균자책점 3.80을 기록했다. 항저우 아시안게임 대표팀에 선발돼 금메달을 목에 걸며 병역 특례를 받았다. 2024년에는 개인사 등으로 부침을 겪으면서 24경기 73이닝 평균자책점 8.51의 기록에 그쳤지만 2025년 반등, 28경기 137⅓이닝 3승 7패 평균자책점 3.87의 성적을 기록했다. 그리고 올 시즌 16경기 92⅓이닝 5승 7패 평균자책점 3.90의 성적을 기록하고 있다. 투수로 통산 155경기 22승 39패 1세이브 3홀드 평균자책점 4.64의 성적을 기록하고 있다. 승리가 부족하다고 볼 수 있지만 순전히 득점지원과 관련된 문제였다. 아울러 상대 외국인 에이스급 투수들과 맞붙는 매치업상의 불운도 있었다. 지난 2025~2026시즌 나균안의 득점 지원은 불과 2.40점으로 리그 선발 투수들 중에서도 가장 낮은 수치였다. 대신 팀 기여도는 높았다. ‘스탯티즈’ 기준 투수 WAR(대체선수대비승리기여도)를 따지면 나균안은 리그 15위에 해당한다(5.48). 10개 구단의 2~3선발급 투수의 기여도를 보여줬다. 토종 에이스 역할을 했다는 의미다. 나균안으로서도 충분히 자신의 가치를 주장해볼 수 있는 현재까지의 모습이다. 롯데 역시도 2022시즌이 끝나고 박세웅과 맺은 비FA 다년계약을 체결한 바 있듯이, 나균안의 가치도 저울질 하고 있다. 현재 롯데 선발진에서 나균안이 차지하고 있는 비중을 생각하면 다년계약을 추진해도 이상하지 않다. 더군다나 박세웅의 5년 계약도 2027시즌 이후 끝난다. 나균안과 시기가 겹친다. 동시 협상이 힘들다면 선택을 통해서 협상의 난이도를 낮추는 방향성도 고민해야 한다. 나균안 역시도 롯데에 대한 애정이 강하고 또 기다리고 있다. 나균안은 전반기 마지막 등판이 끝난 뒤 다년계약에 대해 “크게 신경쓰지 않는다. 제가 할 수 있는 영역은 아니기 때문에 제가 잘 던진다면 구단에서도 좋게 봐주시지 않을까 생각한다”라고 속내를 전했다. /jhrae@osen.co.kr",https://v.daum.net/v/0VPBTGyOWb
2026.07.14 01:01,'KS 직행 확률 57.5%' 삼성 우승가도 걸림돌은 부상...3년 연속 부상 이탈자 '최다',더게이트,"[더게이트] '왕조 시절' 이후 11년 만에 전반기를 1위로 마감한 삼성 라이온즈는 후반기가 가장 기대되는 팀이다. 삼성은 전반기 마지막 3연전에서 LG 트윈스를 상대로 2승 1패를 거두며 역전 1위로 전반기를 마무리했다. 시즌 성적 51승 2무 32패, 승률 0.614로 2위 LG(승률 0.612)와 승차 없이 승률에서 근소하게 앞선 1위로 올라섰다. 숫자만 보면 후반기에도 삼성의 독주 체제가 이어질 가능성이 크다. 삼성은 리그에서 가장 탄탄한 투타 밸런스를 자랑하는 팀이다. 전반기 경기당 평균 5.71득점으로 리그 최다 2위에 올랐고, 경기당 평균 4.45실점으로 리그에서 두 번째로 적은 실점을 허용했다. 득점과 실점으로 구한 기대승률은 0.612로, 리그에서 유일하게 6할대를 기록 중이다. 야구 통계사이트 하드힛이 산출한 삼성의 가을야구 진출 확률은 99.9%에 달한다. 남은 경기에서 승률 0.339(20승 39패)에 그쳐도 승률 5할을 지킬 만큼 승수를 넉넉하게 벌어 놨다. 정규시즌 1위 확률 역시 57.5%로 LG(35.5%)에 여유 있게 앞서 있다. 전반기가 끝나자마자 잭 오러클린과 계약을 정리하고, 메이저리그 풀타임 선발 경력의 크리스 페덱을 영입하며 마운드 전력도 보강했다. 하지만 모두에게 공평한 야구의 신은 최강팀 삼성에도 한 가지 약점을 선사했으니, 바로 주전 선수들의 잦은 '부상' 문제다. 삼성은 최근 몇 년간 줄부상 속에 온전한 100% 전력으로 시즌을 치른 기억이 드물었고, 순위 경쟁의 승부처마다 부상에 발목을 잡혀왔다. 통계사이트 하드힛 집계에 따르면 삼성의 전반기 부상자 누적 이탈 일수는 454일이다. 최하위 키움 히어로즈(573일)에 이어 리그에서 두 번째로 많다. 이는 공식 부상자 명단(IL) 등재 기준이라 실제 구단별 이탈 일수와 차이는 있을 수 있다. 단적인 예로 문동주, 엄상백이 시즌 아웃된 한화 이글스는 40일로 '최소' 팀으로 집계됐다. 그렇다 해도, 아쉬운 수치인 건 분명하다. 부상자 명단에 오른 인원 역시 21명으로 최다 부상자 팀 키움(22명)의 뒤를 이었다. 1위 팀과 꼴찌 팀이 나란히 같은 문제를 겪는 게 특이한 점이다. 반면 부상 관리가 가장 잘된 한화 이글스는 단 3명만 명단에 올랐다. 부상 공시 횟수만 따지면 삼성이 45차례로 키움(35회)을 제치고 리그에서 가장 많았다. 개막 전부터 이어진 도미노 이탈 삼성의 부상 악몽은 개막 전부터 시작됐다. 에이스 역할을 맡기려던 외국인 투수 맷 매닝이 팔꿈치 인대 파열로 공 한 개 던지지 못한 채 시즌 아웃됐고 마무리 후보 이호성도 수술대에 올랐다. 포수 김재성과 국내 에이스 원태인도 부상으로 재활하며 개막을 맞았다. 시즌이 열리자마자 외야수 이성규와 투수 김태훈이 부상자 명단에 올랐다. 한번 쓰러지기 시작한 도미노는 멈추지 않았다. 내야진의 중심 김영웅과 이재현, 외야의 핵심 구자욱과 김성윤이 번갈아 이탈하며 타선 여기저기에 구멍이 뚫렸다. 마운드도 최지광, 백정현, 최원태, 육선엽, 이승현, 김무신, 배찬승, 장찬희가 릴레이 하듯 부상자 명단을 들락거렸다. 야수 부상이야 어느정도 운과 불운의 영역이라 하더라도, 투수 부상이 이렇게 자주 나오는 건 예사롭지 않다. 이렇게 부상자가 많은데도 1위를 했다는 게 놀라울 정도. 이는 올해만의 일시적인 현상이 아니다. 삼성은 2025시즌에도 이탈 일수 415일(2위), 부상 명단 21명(최다), 공시 횟수 35회(최다)로 부상에 신음했다. 2024시즌 역시 이탈 일수 377일 등 세 부문에서 모두 리그 상위권이었다. 3년째 같은 패턴이 반복되고 있는 셈이다. 이종열 단장 부임 이후 한 차례 트레이닝 파트 개혁을 시도하면서 문제 해결에 나섰지만 아직 뾰족한 답을 찾지 못했다. 삼성이 후반기에도 선두 자리를 지키려면, 멈추지 않는 이 도미노부터 세워야 한다.",https://v.daum.net/v/Ucw4CzUZua
2026.07.14 00:54,홈런더비 상금 MLB 15억원 압도적…KBO 1천만원·NPB 900만원,연합뉴스,"(서울=연합뉴스) 장현구 기자 = '한 여름밤의 고전'으로 불리는 프로야구 올스타전의 백미는 홈런더비다. 한국과 미국, 일본 프로리그를 상징하는 간판 거포가 출전해 누가 더 많은 홈런을 날리는지를 겨루는 홈런더비는 역대로 야구팬들의 눈과 귀를 사로잡아왔다. 14일 올해 미국프로야구 메이저리그(MLB), 일본프로야구(NPB), 한국프로야구(KBO) 올스타 홈런더비 상금을 살폈더니 MLB가 100만달러(약 14억9천660만원)로 압도적인 액수를 자랑했다. MLB 사무국은 홈런더비 준우승자에게는 50만달러, 나머지 참가 선수 6명에게는 15만달러씩을 준다. 최장거리 홈런을 친 타자는 10만달러를 받는다. KBO 올스타전 홈런더비에서 처음으로 우승한 강백호(한화 이글스)는 상금 1천만원과 비스포크 AI 에어드레서를 부상으로 받았다. 오는 28∼29일 열리는 NPB 올스타전 홈런더비 우승자는 상금 100만엔(922만원)과 닛산자동차의 신형 킥스 1대를 부상으로 가져간다. 전 세계 최고 리그를 자부하는 MLB와 KBO·NPB의 홈런더비 우승 상금 액수 차가 엄청나다. MLB는 올스타전 최우수선수(MVP)에게 상금을 따로 주지 않는다. 선수들은 구단과 계약할 때 올스타 선발, 올스타전 MVP 등의 여러 조건을 충족했을 때 보너스를 받는 조항을 따로 삽입한다. MLB 올스타전 승리 팀 선수들은 MLB 노사 협약에 따라 1인당 2만5천달러(3천746만원)를 받는다. NPB는 올스타 MVP에게 상금 300만엔(2천769만원)을 준다. NPB는 올스타전 승리 팀에는 별도로 상금을 주지 않는다. KBO리그는 올스타전 출전 선수들에게 출전 수당으로 200만원, MVP에게는 상금 2천만원과 바디프랜드 안마 의자 733을 부상으로 각각 줬다. 또 승리한 팀은 상금 3천만원을 나눠 가졌다. cany9900@yna.co.kr (끝) ▶제보는 카톡 okjebo",https://v.daum.net/v/KG3AWVKp5o
2026.07.14 00:44,다년 계약 거절 후회 없다…LG 출루머신 살아난다. 6월 이후 타율 .306-출루율 .414,OSEN,"[OSEN=한용섭 기자] 프로야구 LG 트윈스 홍창기의 후반기가 기대된다. 시즌 초반 극도로 부진했던 홍창기는 6월 이후에는 예전의 타격과 출루 능력을 보여주고 있기 때문이다. 홍창기는 개막 후 4월말까지 100타석 이상 출장해 타율이 1할6푼9리였다. 처음 겪는 슬럼프였다. 5월 중순까지도 1할대 타율이었다. LG는 지난 겨울 홍창기에게 다년 계약을 제안했다. 홍창기는 올 시즌을 마치면 FA 자격을 취득한다. LG는 핵심 자원이 FA 시장에 나가기 전에 미리 붙잡고자 했다. 그런데 홍창기는 다년 계약을 거절했다. FA를 자격을 얻고 평가를 받겠다는 것. 시즌 초반 극도로 부진하자, 다년 계약을 거절한 것이 부메랑이 되는 듯 했다. 이대로 성적이 부진하면 몸값이 떨어질거라는 반응이었다. 홍창기는 지난해 5월 중순 무릎 부상으로 수술을 받았고 4개월 재활 후에 정규 시즌 막판에 복귀했다. 이로 인해 지난 시즌은 51경기 출장에 그쳤다. 몸은 정상 상태로 회복됐지만, 실전 공백이 올 시즌까지 영향을 받았는지도 모른다. 무엇보다 키가 큰 홍창기 상대로 유난히 ABS존 모서리에 걸치는 스트라이크가 결정적인 순간에 많이 나왔다. 2024년 139경기 삼진 93개, 2023년 141경기 삼진 83개였으나, 올해는 전반기 78경기 74삼진으로 늘어났다. 2024년 풀카운트에서 타율이 3할9푼7리 50볼넷 12삼진이었는데, 올해는 풀카운트에서 타율 1할7푼9리 31볼넷 20삼진으로 안 좋다. 도저히 배트가 나갈 수 없는 어이없는 루킹 삼진이 많아졌다. 홍창기는 타석에서 적극적인 모습으로 변화를 주고 있다. 초구 스트라이크를 그냥 지켜보는 비율이 높고, 2스트라이크 이후 타격이 많다. 염경엽 감독은 전반기 막판에 “창기가 이제는 주자가 있거나 득점 찬스에서는 초구부터 치는 적극적인 타격을 하고 있다”고 언급했다. 홍창기는 6월 이후 성적은 30경기에서 타율 3할6리 출루율 .414, OPS .802로 괜찮은 숫자를 찍었다. 시즌 타율은 여전히 낮지만 그래도 2할5푼대를 넘어섰다. 시즌 출루율은 어느새 .398까지 끌어올렸다. 리그 11위다. 서서히 이름값을 회복하고 있다. LG 주장 박해민은 “전반기 마지막 경기들을 봤으면 알겠지만 부진했던 선수들이 조금 좋아지고 있다. 전반기에 부진했던 선수들이 후반기에는 팀을 이끌어 나가지 않을까 생각하고 있다”고 말했다. 홍창기가 선봉에 서서 중심타선 앞에 많은 출루를 해줘야 한다. /orange@osen.co.kr",https://v.daum.net/v/F067I7pXCQ
2026.07.14 00:32,"(주)넥스트크리에이티브, KBO리그 출신 선수 5명과 매니지먼트 계약 체결",스포탈코리아,"[SPORTALKOREA] 이정엽 기자= 넥스트크리에이티브가 KBO리그 4개 구단 소속 선수 5인과 매니지먼트 계약을 체결했다고 밝혔다. 이번에 함께하게 된 선수는 삼성 라이온즈 투수 김태훈, 키움 히어로즈 투수 원종현, KT 위즈 내야수 오윤석, NC 다이노스 투수 윤성환·원종해로, 넥스트크리에이티브는 이번 계약을 계기로 프로야구 선수 매니지먼트 사업을 본격화한다. 검증된 베테랑과 성장하는 신예가 고루 포함됐다. 6시즌 연속 두 자릿수 홀드의 김태훈(삼성), 최고 시속 155㎞ 사이드암 원종현(키움), KBO리그 최초 사이클링 히트의 오윤석(KT)이 베테랑 축을, 신인드래프트 '스틸픽' 윤성환과 영건 원종해(이상 NC)가 신예 축을 이룬다. 넥스트크리에이티브는 '선수 중심' 철학 아래 다섯 선수의 커리어 관리와 브랜딩, 미디어 커뮤니케이션, 광고·스폰서십 확대 등 종합 매니지먼트를 제공할 예정이다. 선수별 프로필과 이미지는 별첨과 같다. 김태훈은 ""선수의 입장을 진심으로 고민해주는 파트너와 함께하게 되어 든든하고, 앞으로 야구에 더 집중할 수 있을 것 같다""고 소감을 전했다. 박은님 넥스트크리에이티브 대표는 ""베테랑에게는 커리어의 가치를, 신예에게는 성장의 토대를 만드는 파트너로서 선수들이 경기력에만 집중할 수 있도록 보이지 않는 영역까지 책임지겠다""고 밝혔다. 다양한 스포츠 종목에서 우수한 선수들을 매니지먼트 하고있는 넥스트크리에이티브의 소속 선수로는 新빙속여제 김민선(스피드스케이팅)과 2년 연속 크리스탈 글로브 수상자 박지원, 장성우, 김민지(이상 쇼트트랙)를 비롯한 정희단, 구경민(이상 스피드스케이팅), 김현겸, 최하빈, 김유재, 김유성(이상 피겨스케이팅), 김은지, 김수지, 김민지, 설예은, 설예지, 신동호 감독(이상 컬링), 전하영, 주예빈(이상 펜싱), 나주영, 이민우, 엄화영(이상 스쿼시), 임태경(근대5종), 전태일(철인3종), 김태훈, 원종현, 오윤석, 윤성환, 원종해(이상 프로야구), 박현경, 유현조, 김민별, 전예성, 서어진, 박혜준, 김나영, 손예빈, 이율린, 하다인, 안신애, 김시원, 고경민, 이효린, 현은지, 이세영, 김연서(이상 골프)가 소속되어 있다. 사진=넥스트크리에이티브 제공",https://v.daum.net/v/ZJ740dMVii
2026.07.14 00:31,"김병현, '홍명보 나가' 팬들 비판하더니 사과 ""히스토리 몰랐다""",한국경제,"전 야구선수 김병현이 홍명보 전 대한민국 축구 국가대표팀 감독에게 쏟아진 질타 여론을 두고 소신 발언을 냈다가 거센 비판에 부딪히며 축구 팬들을 향해 공식적으로 고개를 숙였다. 김병현은 지난 13일 자신의 유튜브 채널에 해명 영상을 올리며 ""축구 팬들에게 원성 사고 싶거나 기름을 붓고 싶지 않았다. 축구계에 팬들이 가지고 있던 히스토리를 진짜 몰랐다""고 말했다. 그는 ""전체 과정을 모르고 이야기한 건 무식했던 게 맞다""라며 ""상처받았던 축구 팬들에게 사과하고 싶다. 핀트가 엇갈렸던 것 같다""고 사과했다. 이어 김병현은 ""선후배에 대한 신념은 변함없지만 전체 상황을 모르고 말했다""며 ""축구 팬들의 울분과 그동안의 과정을 제대로 알지 못한 상태에서 이야기한 것이 잘못이었다""고 설명했다. 그러면서 ""축구 팬들에게 상처를 주려는 의도는 전혀 없었다. 누구를 옹호하려던 것도 아니었다. 억지로 하는 사과가 아니라 전 과정을 모르고 발언해 상처를 드린 축구 팬들에게 진심으로 사과하고 싶다""고 말했다. 이번 사태는 김병현이 축구계를 향한 비판적인 목소리를 단순한 예의 범절 문제로 치부하며 불거졌다. 김병현은 앞서 ""축구인은 아니고 체육인으로서 안타깝다는 생각이 들었다""며 ""누구라고 말은 안 하겠는데, 그분이 나와서 뭔가 너무 선을 넘는 듯한 발언을 한 게 귀에 거슬렸다""고 비판했다. 앞서 김영광은 대표팀 운영 방식과 축구협회의 행태를 강도 높게 비판하는 과정에서 ""홍명보 나가""라고 말한 바 있다. 이후 축구 팬들도 유사한 발언으로 홍 전 감독에게 비난과 야유를 쏟아냈다. 김병현은 ""홍명보 전 감독과 개인적으로 한 번도 만난 적은 없다. 오해하면 안 된다""면서도 ""그 자리에서 나온 표현이 같은 운동선수 출신으로서 불편하게 느껴졌다""고 설명했다. 아울러 ""단순하게 '홍명보 나가' '명보야 잘하자' 이런 얘기를 들었을 때 제 귀에 불편하게 들렸다. 우리 운동하는 사람들은 절대 이렇게 예의없게 행동하지 않는다는 얘기를 하고 싶었다. 팬들은 그렇게 말할 수 있지만 운동했던 사람이라면 기본적인 예의는 지켜야 한다""고 덧붙였다. 논란이 된 동영상에는 순식간에 1만 8000개가 넘는 항의성 댓글이 쏟아졌고 김병현 역시 ""이렇게 댓글 많이 받아본 거 처음""이라며 당혹감을 숨기지 못했다. 홍 전 감독은 본선 조별리그에서 탈락해 32강 진출에 실패한 뒤 자진 사퇴했다. 그는 지난 9일 '국민 여러분께 드리는 말씀'이라는 서면 입장문을 발표하고 ""대한민국 축구를 사랑해 주시고 응원해 주신 모든 국민 여러분께 진심으로 사과드린다""며 ""기대와 응원에 보답하지 못했고, 많은 분들께 실망과 상처를 드렸다""고 밝혔다. 그는 ""청문회가 열린다면 그 자리는 월드컵 결과에 대해 국민 여러분께 설명드리는 자리라고 생각한다. 그렇다면 그 자리에 서야 할 사람도 감독인 저""라며 출석하겠다는 뜻을 강조했다. 국회 문화체육관광위원회는 '대한축구협회 현안 관련 청문회 실시계획서 채택의 건'을 통과시켰으며, 오는 22일 열릴 청문회 증인 명단에 홍 전 감독을 포함시켰다. 김예랑 한경닷컴 기자 yesrang@hankyung.com",https://v.daum.net/v/1vFYw31yCH
2026.07.14 00:16,"KT 최원준, '과하지욕'을 아는가? 한신의 태도 배워야...친정 KIA 환경 탓 아쉬워",마니아타임즈,"2026시즌 KBO리그 전반기 가장 뜨거운 타자는 단연 KT 위즈의 최원준이다. 프로 11년 차를 맞아 타율 0.363를 기록하며 데뷔 후 최고의 전성기를 구가하고 있다. 오랜 방황 끝에 잠재력을 만개한 선수의 스토리는 분명 감동적이지만, 최근 그의 인터뷰를 바라보는 야구팬들의 시선, 특히 친정팀 KIA 타이거즈 팬들의 마음은 씁쓸하기만 하다. 최원준은 최근 스타뉴스와의 인터뷰에서 과거 KIA 시절의 부진을 두고 ""환경에 졌다"", ""가만히 내 야구를 할 수 없는 환경이었다""라며 전 소속팀과 코칭스태프를 향한 아쉬움을 여과 없이 드러냈다. 독하게 준비해 스스로를 증명해 낸 선수의 오기와 성취감은 이해하지만, 말 한마디로 지난 10년의 세월을 전적으로 '남 탓'으로 돌린 화법은 진정한 일류의 품격과는 거리가 멀어 보인다. 중국 초한지의 영웅 한신은 젊은 시절 동네 건달의 바지랑대 밑을 기어가는 치욕, 이른바 '과하지욕(胯下之辱)'을 견뎌냈다. 훗날 초왕의 자리에 오른 한신은 자신에게 모욕을 주었던 그 건달을 찾아내 보복하는 대신, 오히려 관리로 등용하며 포용했다. 과거의 시련과 모욕을 자신을 성장시킨 밑거름으로 승화시킨 승자의 여유이자 대인의 품격이었다. 최원준 역시 특급 유망주라는 왕관의 무게를 견디며 부진했던 지난 세월이 스스로에게는 지독한 '과하지욕'의 시간이었을 수 있다. 그러나 지금 타율 1위, 200안타 페이스라는 압도적인 성적으로 이미 증명을 끝마친 시점이라면, 그의 화법은 한신의 태도와 비교해 깊은 아쉬움을 남긴다. 선수가 부진할 때도 어떻게든 터뜨리기 위해 기회를 제공하고 1군 자리를 비워두며 응원했던 것은 친정팀 구단과 팬들이었다. 과거의 시스템이 본인의 기준에 맞지 않았을지언정, 그 오랜 기다림의 시간 전체를 '나를 억압한 환경'으로 치부해 버린 것은 전 구단에 대한 예의가 아니다. 만약 최원준이 ""그때의 시행착오와 팬들의 끈질긴 기다림이 밑거름이 되어 지금의 내가 있다""며 과거를 품어 안았다면, 그는 실력과 인성을 모두 갖춘 완벽한 스타로 대접받았을 것이다. 진정한 복수와 증명은 칼날 같은 인터뷰가 아니라 타석 위에서의 성적으로 완성되는 법이다. 맹활약에 도취해 주변을 돌아보지 못하는 좁은 시야는 아쉽다. 진짜 일류 선수의 위대함은 벼랑 끝에서 자신을 키워준 둥지를 원망하지 않는 법이다. [강해영 마니아타임즈 기자/hae2023@maniareport.com] 기사제보 및 보도자료 report@maniareport.com",https://v.daum.net/v/KkCD5Q8Bth
2026.07.14 00:14,"""거의 주전이다"" 56안타 중 절반이 장타...LG 송찬의 제대로 터졌다",일간스포츠,"LG 트윈스 송찬의(27)가 사령탑의 신임을 얻으며 '만년 유망주'라는 꼬리표를 뗐다. LG의 전반기 최고 수확은 송찬의의 재발견이다. 그는 전반기 56경기에 출전해 타율 0.298(188타수 56안타) 8홈런 33타점을 기록했다. 개인 한 시즌 최다안타, 2루타, 홈런, 타점, 득점 등을 달성하며 커리어하이 시즌을 예약했다. 미국 애리조나 1차 스프링캠프 명단에서 제외됐던 그가 반전의 2026시즌을 만들었다. 2018년 2차 7라운드 67순위 지명받은 송찬의는 LG의 '만년 유망주' 중 한 명이었다. 1m82㎝·80㎏으로 체구가 크진 않지만 2022년 시범경기에선 홈런 공동 1위(6개)에 오를 정도로 장타력을 갖췄다. 지난해 개막전 선발로 일찌감치 낙점받았지만, 정규시즌 타율 0.211 3홈런 20타점으로 기대에 못미쳤다. 주루 미스로 2군에 내려간 뒤 8월 이후에는 아예 1군에서 자취를 감췄다. 송찬의는 슬럼프를 견딜 만큼 한 단계 성장했다. 4월 타율 0.448를 기록한 그는 5월 타율 0.141로 부진했다. 예전 같았으면 내리막길을 탓겠지만, 6월 타율 0.394로 반등했다. 특히 장타력 향상이 눈에 띈다. 전체 56개의 안타 중 장타 비중이 정확히 50%(2루타 19개, 홈런 8개, 3루타 1개)나 된다. 올 시즌 리그에서 50안타 이상 기록한 67명 중 장타 비율이 가장 높다. 시즌 장타율은 0.537(통산 0.420)에 이른다. 지난달 11일 SSG 랜더스전에서는 리그 역대 3번째로 한 경기 2루타 4개의 진기록을 작성하기도 했다. 염경엽 LG 감독은 전반기를 돌아보며 ""여러 주전 선수가 부진했지만, 송찬의와 문정빈이 기대 이상의 좋은 활약을 보인 덕에 버텼다""며 ""송찬의는 거의 주전이라고 보면 된다. 현재 체력 관리를 위해 (중간에 휴식을 주며) 배려하고 있다""고 말했다. 송찬의는 ""지난 시즌 종료 후 많은 생각을 했다. 나이도 적지 않지 않다. 지금까지는 기회를 당연하게 받아들였는데, 올해부터 현실을 받아들였다""며 ""하루하루 절실함을 안고 뛴다""고 말했다. 이어 ""타석에서 덤비지 않는다. 또 타격 시 손을 많이 사용하지 않고, (몸통) 회전에 신경 쓰고 있다""고 달라진 점을 설명했다. 송찬의는 전반기 마지막 경기였던 9일 대구 삼성 라이온즈전에 문보경을 대신해 선발 4번 타자로 이름을 올렸다. 염경엽 감독은 ""현재 송찬의의 타격감이 좋다. 변화구에 잘 대처하며 삼진도 적은 편이다. 웬만한 공은 쳐 낸다""고 평가했다. 이형석 기자 ops5@edaily.co.kr",https://v.daum.net/v/bc0PDF5Tmq
2026.07.14 00:14,"“한국에 올 투수가 아닌데…” 페덱 영입에 술렁인 야구계, 삼성은 단박에 ‘두려움’을 샀다",MHN스포츠,"(MHN 정철우 기자) 삼성 라이온즈가 크리스 페덱을 영입했다는 소식이 전해진 뒤 야구계의 첫 반응은 놀라움이었다. 잘 던질 것이라는 기대보다 먼저 나온 반응은 “어떻게 데려왔느냐”였다. 페덱의 이름이 KBO리그 외국인 선수 시장에 등장한 것 자체가 예상 밖이었다는 뜻이다. 한 구단 단장은 “한국에 올 레벨이 아닌 투수가 왔다. 삼성이 페덱을 영입했다고 해 깜짝 놀랐다. 어떤 투구를 할지 정말 궁금하다. 솔직히 두렵다”고 말했다. 또 다른 구단의 해외 스카우트 팀장은 “삼성이 정말 발 빠르게 잘 움직여 대어를 낚았다고 본다. 우리 스카우트 라인업에는 없던 선수다. 한국에 올 가능성이 낮은 선수로 분류돼 있었다. 결과를 떠나 삼성 스카우트팀의 승리라고 본다”고 평가했다. 아직 KBO리그 마운드에서 공 한 개를 던지지 않았다. 그런데도 페덱은 단박에 타 구단이 경계해야 할 투수로 떠올랐다. 삼성이 영입한 것은 단순히 메이저리그 경력이 있는 투수가 아니다. 지난 시즌까지 메이저리그 선발 로테이션을 정상적으로 소화했고, 올 시즌에도 세 팀에서 빅리그 마운드에 올랐던 투수다. ‘전직 메이저리거’라기보다 아직 ‘현역 메이저리거’에 가까운 이력이다. 페덱은 메이저리그 통산 132경기에 등판해 119경기를 선발로 뛰었다. 638⅔이닝을 던지며 32승43패, 평균자책점 4.83, 탈삼진 569개, WHIP 1.26을 기록했다. 9이닝당 탈삼진은 8.02개, 9이닝당 볼넷은 2.04개다. 스트라이크를 던질 줄 알고 선발투수로 경기를 만들어 갈 수 있는 능력을 오랫동안 검증받은 투수라는 뜻이다. 특히 페덱의 신인 시절은 화려했다. 2019년 샌디에이고 파드리스에서 메이저리그에 데뷔한 페덱은 26경기에 모두 선발로 나서 140⅔이닝을 던졌다. 9승7패, 평균자책점 3.33, 탈삼진 153개를 기록했다. 데뷔 시즌부터 9이닝당 9.8개의 삼진을 잡으며 샌디에이고의 차세대 선발 자원으로 주목받았다. 당시 페덱을 상징했던 공은 패스트볼과 체인지업이었다. 높은 코스로 뻗어 가는 패스트볼과 떨어지는 체인지업의 조합으로 타자의 배트 궤적을 흔들었다. 제구가 뒷받침됐기 때문에 두 구종만으로도 타자와 승부가 가능했다. 짧게 끝난 2020년에는 12경기에서 4승5패, 평균자책점 4.73을 기록했고, 2021년에는 23경기에서 7승7패, 평균자책점 5.07을 남겼다. 첫 시즌 이후 성적은 다소 떨어졌지만 계속해서 메이저리그 선발투수로 기회를 받았다. 굴곡도 있었다. 페덱은 마이너리그 시절인 2016년 한 차례 팔꿈치 인대 접합 수술을 받았다. 이어 2022년 5월 오른쪽 팔꿈치에 다시 문제가 생기며 두 번째 수술대에 올랐다. 2022년 미네소타에서 5경기만 등판한 뒤 시즌을 마감했고, 2023년에도 정규시즌 막판 5경기에 구원 등판하는 데 그쳤다. 그러나 두 번째 수술 이후 다시 선발투수로 돌아왔다는 점은 높이 평가할 부분이다. 2024년 페덱은 미네소타에서 17경기에 모두 선발로 나가 88⅓이닝을 던지며 5승3패, 평균자책점 4.99를 기록했다. 오른팔 피로와 전완부 염좌로 두 차례 부상자 명단에 올랐지만 선발 복귀 가능성을 보여줬다. 2025년에는 미네소타와 디트로이트에서 33경기, 그중 28경기에 선발 등판했다. 158이닝을 던지며 5승12패, 평균자책점 5.35, 탈삼진 112개를 기록했다. 평균자책점만 보면 화려하지 않지만 158이닝은 페덱의 메이저리그 커리어 최다 이닝이었다. 부상 복귀 이후 한 시즌을 버틸 수 있다는 사실을 입증했다는 데 의미가 있었다. 삼성이 주목한 지점도 여기에 있을 가능성이 크다. 외국인 투수 영입에서 가장 중요한 조건 가운데 하나는 선발 경험이다. 강한 공을 던지는 투수는 많지만 긴 시즌 동안 선발 로테이션을 지키며 타순을 두세 차례 상대해 본 투수는 흔하지 않다. 페덱은 메이저리그에서만 119차례 선발 등판했다. 등판 준비와 경기 운영, 위기 관리, 투구 수 배분을 몸으로 익힌 투수다. 단순히 공이 빠른 선수가 아니라 선발투수로 살아남는 방법을 알고 있는 선수다. 삼성이 선두 경쟁을 벌이는 상황에서 선택할 수 있는 카드로는 상당히 매력적이다. 외국인 선수를 장기 육성하거나 가능성을 확인할 여유가 없는 시점이다. 후반기 몇 차례 등판만으로 순위가 바뀔 수 있다. 삼성이 필요로 했던 것은 적응 기간을 길게 줘야 하는 유망주가 아니라 곧바로 선발 로테이션에 들어가 경기를 맡을 수 있는 투수였다. 페덱은 적어도 경력만 놓고 보면 이 조건에 정확히 들어맞는다. 더 놀라운 점은 페덱이 2026년에도 메이저리그에서 뛰었다는 사실이다. 페덱은 올 시즌 마이애미 말린스와 신시내티 레즈, 텍사스 레인저스에서 뛰었다. 마이애미에서 7경기 가운데 6경기에 선발로 등판했고, 신시내티에서도 6경기 중 3경기를 선발로 뛰었다. 텍사스에서도 한 차례 빅리그 마운드에 올랐다. 6월29일 텍사스와 계약해 메이저리그 경기에 등판한 뒤 6월30일 양도 지명됐고, 7월2일 마이너리그 이관을 거부하고 자유계약선수가 됐다. 삼성은 그로부터 불과 열흘도 지나지 않아 계약을 끌어냈다. 시장에 나온 선수를 발견한 속도와 협상력 모두 타 구단을 놀라게 할 만했다. B구단 해외 스카우트 팀장이 “우리 라인업에는 없던 선수”라고 말한 이유도 여기에 있다. 보통 KBO리그 구단이 외국인 선수를 분류할 때는 능력뿐 아니라 영입 가능성을 함께 본다. 기량이 아무리 뛰어나도 메이저리그 계약 가능성이 높거나 선수 본인이 아시아행을 고려하지 않으면 실질적인 영입 후보군에서 제외한다. 페덱은 그동안 그런 선수에 가까웠다. 2025년 메이저리그에서 158이닝을 던졌고, 2026시즌을 앞두고 마이애미와 1년 400만 달러 규모의 계약을 맺었다. 비록 올 시즌 성적이 좋지 않아 여러 팀을 거쳤지만 미국에서 다시 기회를 얻을 가능성이 완전히 사라진 투수는 아니었다. 삼성은 그 짧은 틈을 파고들었다. 페덱이 삼성과 계약한 이유도 분명하다. 페덱은 계약 후 우승 경쟁을 하고 있는 삼성이라는 팀에 매력을 느꼈고, 구단의 전통과 팬들의 열정에도 이끌렸다고 밝혔다. 삼성이 전반기를 선두로 마친 것이 선수 설득 과정에서도 중요한 자산으로 작용한 셈이다. 그러나 영입의 충격과 실제 성적은 분리해서 봐야 한다. C팀 단장은 “화려한 메이저리그 경력이 꼭 성공으로 이어지는 것은 아니다. 길고 짧은 건 대 봐야 안다. 경력이 좋은 투수이긴 하지만 외국인 선수는 적응력이 더 큰 과제”라고 말했다. D팀 전력분석 팀장도 “롯데가 프로 경력이 없는 이이무라를 영입해 대박을 친 것과 반대로 페덱의 화려한 스펙이 KBO리그 적응에 도움이 되지 않을 수도 있다. 구속도 많이 떨어진 것으로 알고 있다. 실제 던지는 걸 확인해야 답이 나올 것 같다”고 말했다. 신중론에도 근거는 있다. 페덱은 2026년 메이저리그 14경기에서 9차례 선발 등판해 57이닝을 던졌다. 승리 없이 7패, 평균자책점 6.79, WHIP 1.67, 탈삼진 40개를 기록했다. 피안타율은 2할8푼이었고 9이닝당 탈삼진은 6.32개로 통산 수치보다 크게 떨어졌다. 반면 9이닝당 볼넷은 3.00개로 통산 기록보다 늘었다. 소속팀별로 보면 마이애미에서 30⅔이닝 동안 5패, 평균자책점 7.63을 기록했다. 신시내티에서는 22⅓이닝에서 2패, 평균자책점 6.04였다. 텍사스에서는 4이닝 2실점을 기록했다. 세 팀 모두에서 확실한 반등을 만들어 내지 못했다. 구속 저하도 부인할 수 없다. 페덱의 2026년 전체 패스트볼 평균 구속은 시속 91.3마일, 약 146.9㎞였다. 2025년 92.2마일, 약 148.4㎞보다 1마일 가까이 떨어졌다. 2024년의 93.3마일, 약 150.2㎞와 비교하면 2마일가량 낮아졌다. 복귀 직후 소량의 표본이었던 2023년에는 평균 95.5마일, 약 153.7㎞를 찍었지만 이후 2년 연속 하락했다. 전성기처럼 패스트볼의 힘만으로 타자를 압도하는 유형이라고 보기는 어렵다. 올해 포심 패스트볼 피안타율은 3할8푼, 장타율은 5할7리였다. 커터도 피안타율 2할8푼, 장타율 6할8푼으로 많은 장타를 허용했다. 포심과 커터가 가운데로 몰리면 메이저리그 타자들에게 큰 타구를 허용했다는 뜻이다. 다만 구속만 보고 실패를 단정할 수도 없다. 시속 147㎞ 안팎의 평균 구속은 KBO리그에서는 결코 느린 공이 아니다. 메이저리그에서 타자를 압도하기에는 부족했지만 KBO리그에서는 제구와 변화구 조합에 따라 충분히 경쟁력을 가질 수 있다. 페덱은 올 시즌 포심 패스트볼 34.5%, 체인지업 27.2%, 커터 13.1%, 커브 11.3%, 스위퍼 7.7%, 싱커 6.1%를 던졌다. 사실상 6개 구종을 활용할 수 있다. 직구와 체인지업 의존도가 높았던 데뷔 초와 달리 지금은 커터와 스위퍼까지 추가하며 투구 폭을 넓혔다. 특히 체인지업은 여전히 가장 주목해야 할 구종이다. 올 시즌 페덱의 체인지업 피안타율은 2할7푼, 기대 피안타율은 2할5푼6리였다. 헛스윙률도 27.5%로 페덱의 주력 구종 가운데 가장 높았다. 포심 평균 구속이 떨어졌다고 해도 체인지업과의 속도 차이, 좌우 움직임을 활용하면 KBO리그 타자를 상대로 다른 결과를 만들 수 있다. 또 하나 눈여겨볼 대목은 실제 평균자책점과 기대 지표의 차이다. 페덱의 2026년 평균자책점은 6.79지만 FIP는 4점대 후반으로 집계됐다. 타구 속도와 발사각 등을 반영한 기대 피가중출루율도 실제 피가중출루율보다 낮았다. 평균 타구 속도는 지난해 90.7마일에서 올해 88.8마일로 낮아졌고, 강한 타구 허용률도 45.6%에서 36.9%로 떨어졌다. 결과는 나빴지만 맞은 타구의 질까지 모두 나빠진 것은 아니었다. 수비와 운, 주자 처리에서 손해를 본 측면도 있었다고 해석할 수 있다. KBO리그에서 성공하려면 결국 스트라이크존 안에서 공을 얼마나 정교하게 움직이느냐가 중요하다. 페덱의 전성기 무기는 절대적인 구속만이 아니었다. 볼넷을 억제하면서 타자가 기다리는 공과 실제 던지는 공을 다르게 만드는 능력이었다. 통산 9이닝당 볼넷 2.04개가 이를 보여준다. 하지만 올해는 볼넷이 늘고 탈삼진이 줄었다. 패스트볼 구속이 떨어진 상황에서 제구까지 흔들리면 KBO리그에서도 쉽게 승부하기 어렵다. 반대로 삼성에서 다시 스트라이크존을 공격하고 체인지업을 원하는 곳에 떨어뜨릴 수 있다면 메이저리그에서의 부진은 KBO리그 성적을 예측하는 절대적인 기준이 되지 않을 수 있다. 홈구장인 대구 삼성라이온즈파크도 변수다. 타자 친화적인 구장에서 던져야 하는 만큼 제구가 흔들릴 경우 장타 위험이 커진다. 올해 페덱의 포심과 커터 장타 허용을 생각하면 가운데 높은 공과 몰리는 변화구는 철저하게 피해야 한다. 반면 삼성의 강한 타선과 안정적인 수비 지원은 페덱에게 도움이 될 수 있다. 메이저리그에서 승리 없이 7패를 기록했다고 해서 승리를 만들 능력까지 사라졌다고 볼 수는 없다. KBO리그에서는 5~6이닝을 3실점 안쪽으로 막아도 삼성 타선의 도움을 받아 승리를 쌓을 가능성이 충분하다. 결국 페덱 영입을 바라보는 평가는 두 갈래로 나뉜다. 영입 과정만 평가하면 삼성의 완승이다. 페덱 정도의 경력과 이름값을 가진 투수를 시즌 중반에 데려온 것은 분명 쉽지 않은 일이다. 다른 구단의 스카우트 후보군에도 들어 있지 않았던 선수를 현실적인 계약 대상으로 바꿨다. 삼성 스카우트팀이 시장의 빈틈을 빠르게 포착하고 선수를 설득한 결과다. 그러나 페덱이 성공적인 외국인 투수가 될지는 아직 알 수 없다. 두 차례 팔꿈치 수술을 받은 이력, 최근 3년간의 구속 저하, 올해 메이저리그 평균자책점 6.79는 가볍게 넘길 수 없는 경고 신호다. 메이저리그 통산 119차례 선발 등판이라는 경력이 KBO리그 타자의 배트를 대신 돌려주지는 않는다. 경력은 성공을 보장하는 증명서가 아니다. 다만 성공 가능성을 설명해 주는 가장 강력한 이력서다. 페덱은 삼성 유니폼을 입는 순간부터 기대와 의심을 동시에 짊어지게 됐다. 이름만으로는 이미 타 구단을 긴장시켰다. 이제 남은 것은 그 이름에 어울리는 공을 보여주는 일이다. 삼성은 외국인 투수 시장에서 누구도 예상하지 못했던 카드를 꺼냈다. 카드의 이름만으로 야구계에 신선한 충격을 줬고, 선두 경쟁팀들에는 두려움을 안겼다. 하지만 야구는 경력으로 하는 스포츠가 아니다. 페덱 영입은 이미 삼성 스카우트팀의 승리로 평가받고 있다. 그 승리가 삼성의 우승 확률을 실제로 끌어올린 선택이었는지는 마운드 위 페덱이 직접 증명해야 한다. 길고 짧은 것은 결국 대 봐야 안다. 다만 분명한 사실 하나는 있다. 삼성은 페덱을 영입하는 순간, 후반기 우승 경쟁의 공기를 바꿔 놓았다.",https://v.daum.net/v/V2cKgYTsi5
2026.07.14 00:06,'좌우로 흔들' 리듬타는 치어리더 김한슬 [치얼UP영상],마이데일리,"‘경기장의 꽃’ 치어리더는 더 이상 단순히 관중의 응원만을 이끄는 존재에 머물지 않는다. 관중과 선수를 연결하는 가교이자, 경기장 분위기를 극대화하는 주역으로 확실히 자리 잡았다. 이제 치어리더는 응원을 넘어 팬과 팀을 이어주는 중요한 스포츠 콘텐츠 창작자로 빛나고 있다. 스포츠 문화를 더욱 풍성하게 만드는 치어리더들의 매력을 <마이데일리>가 현장에서 영상으로 담아 [치얼UP영상]에서 전한다. <편집자 주> [마이데일리 = 수원 곽경훈 기자] 치어리더 김한슬이 지난달 21일 오후 경기도 수원kt위즈파크에서 진행된 '2026 신한 SOL KBO 리그' 기아 타이거즈- KT 위즈 경기에서 응원을 펼치고 있다.",https://v.daum.net/v/QC0Jr0tWEC
2026.07.13 23:59,'일본에 콜드패-타이완에 콜드승' 한국 대학야구 분위기 반전 성공...오늘 최강 미국과 맞대결,더게이트,"[더게이트] 한국 대학야구 대표팀이 일본에 당한 콜드패의 충격을 하루 만에 씻어냈다. 개최국 타이완을 콜드게임으로 누르고 첫 승을 장식했다. 한국 대학 대표팀은 13일 타이완 타이중 인터콘티넨털 야구장에서 열린 2026 세계대학야구선수권대회(WCBC) 조별리그 3차전에서 타이완을 6대 0으로 눌렀다. 5회말 2사 1, 3루에서 4번 타자 김종우 타석 중 비가 굵어지며 경기가 중단됐고, 강우콜드로 대표팀의 승리가 확정됐다. 전날 일본에 0대 10, 7회 콜드패를 당한 뒤 하루 만에 반등에 성공한 대표팀이다. 흔들리는 타이완, 빈틈 파고든 집중력 대표팀은 1회부터 타이완 마운드를 거세게 흔들었다. 타이완 선발 천자오이쉰 상대로 선두타자 원상윤의 안타와 이민준의 희생번트, 이어진 폭투로 주자 3루 찬스를 잡았다. 여기서 3번 타자 강민우가 적시타로 선취점을 뽑은 뒤 연속 안타와 타이완의 견제 실책 등을 묶어 4대 0으로 크게 앞서나갔다. 전날 일본 투수진의 구위에 꽁꽁 묶였던 대표팀 타선은 이날 140km 안팎의 '만만한' 구속대를 쉽게 공략했고, 여기에 타이완의 수비까지 무너지면서 빠르게 승기를 잡았다. 3회에 1점, 4회 또 한 점을 더해 6대 0으로 점수차를 벌렸다. 반면 타이완 타선은 한국 선발 김다운의 묵직한 구위에 눌려 좀처럼 힘을 쓰지 못했다. 전날 최강 미국을 상대로 6점을 뽑아내며 만만찮은 화력을 과시했던 모습과는 대조적. 경기 초반부터 많은 비가 내린 가운데, 수비 시간까지 길어지면서 타격까지 여파가 돌아온 것으로 풀이된다. 내내 수중전으로 펼쳐진 경기는 5회말 한국 공격 2사 1, 3루 김종우 타석에서 중단됐다. 이후 장시간 대기에도 빗줄기가 가늘어지지 않으면서 한국의 6대 0강우콜드 승리로 마침표를 찍었다. 전날 패배를 만회한 한국은 1승 1패로 조 3위를 지켰다. 반면 타이완은 2경기 2패로 조 최하위에서 벗어나지 못했다. 대표팀은 14일 조별리그 마지막 상대인 미국과 만난다. 미국은 전날 일본과의 맞대결에서 접전 끝에 승리해 2승 무패로 조 단독 선두를 달리고 있다. 이 경기에서는 UCLA 소속 이스턴 호크가 안정적인 피칭으로 일본 타선을 공략해 팀 승리를 이끌었다. 한국전 미국 선발로는 에이든 킹, 토마스 발린시우스 등이 유력하게 거론된다.",https://v.daum.net/v/X5qubNoMzk
2026.07.13 23:54,"감보아는 90이닝부터 흔들렸다...'마의 구간' 진입한 엘빈, 전임과 다른 모습 보여줄까",일간스포츠,"진짜 시험대에 올랐다. 롯데 자이언츠 1선발 엘빈 로드리게스(28) 얘기다. 지난 2월, 롯데 자이언츠 1차 스프링캠프 현장(대만 타이난) 두 번째 턴 2일 차. 팀 합류 뒤 첫 불펜 피칭에 나선 로드리게스의 공에 선수·지도자·스태프는 감탄을 감추지 못했다. 매년 1명 이상 새로 합류하는 외국인 투수다. 낯선 공에 현혹될 현장 인원은 많지 않다. 하지만 이날 로드리게스의 공은 ""다르다""라는 평가가 지배적이었다. 로드리게스는 일본프로야구(NPB)에서 뛴 경력이 있어 적응도 어렵지 않을 것 같았다. 3월 28일 삼성 라이온즈와의 데뷔전에서 5이닝 무실점 호투를 보이며 '장밋빛' 기대감이 커졌다. 하지만 이후 로드리게스는 기복 있는 투구를 보여줬다. 두 번째 등판이었던 4월 3일 SSG 랜더스전에서 4이닝 동안 9피안타(2피홈런) 8실점을 기록했다. 이후 4경기 연속 5이닝 이상 3자책점 이하 투구를 하더니, 5월 첫 3경기 연속 4점 이상 내줬다. 5월 24일 삼성 라이온즈전에서는 허리 근육이 경직되는 증세로 1회 마운드를 내려오기도 했다. 영입 시점부터 '불안 요소'를 안고 있었던 로드리게스다. 100이닝 이상 소화한 시즌이 2019년 이후 한 번도 없었다. 최근 5시즌 로드리게스가 선발 투수로 가장 많이 등판한 건 미국 무대 마이너리그 트리플A에서 뛰었던 2022년 21번이다. 시즌 총 이닝 수는 99와 3분의 1이었다. 지난 시즌(2025) 롯데가 대체 선수로 영입한 알렉 감보아도 150㎞/h 대 중반 강속구를 뿌리는 좌완 투수로 KBO리그 타자들을 제압했지만, 이닝 수가 많아진 8월 중순부터 급격히 폼이 떨어졌다. 그는 미국 마이너리그에서 뛰다가 롯데로 이적한 그는 풀타임 선발 투수 임무를 수행한 이력이 한 번도 없었다. 일단 로드리게스의 최근 페이스는 상승세다. 6월 5일 한화 이글스전에서 5와 3분의 2이닝 6실점으로 부진했지만, 이후 등판한 5경기에서 모두 5이닝 이상 2실점 이하 투구를 했다. 7이닝 이상을 3자책점 이하로 막아내는 퀄리티스타트 플러스를 3번이나 해냈다. LG 트윈스, KIA 타이거즈, 두산 베어스 등 이 기간 화력이 뜨거웠던 팀 타선을 잘 막아냈다. 로드리게스는 전반기 16경기에 등판해 88과 3분의 2이닝을 소화했다. 지난 시즌 감보아는 16번째 등판이었던 9월 3일 수원 KT 위즈전부터 흔들렸다. 90이닝을 막 넘긴 시점이었다. 로드리게스도 이제 이 구간에 왔다. 로드리게스는 스프링캠프에서 이닝 소화 우려에 대해 ""문제없다""라고 자신했다. 현재 상승세가 이어지고, 코칭스태프의 등판 관리가 동반되면 풀타임 소화도 가능하다. 전반기 마지막 3주, 7할 승률을 기록하며 반등한 롯데. 로드리게스가 이 기간 보여준 에이스 본능을 이어갈 수 있을까. 안희수 기자 anheesoo@edaily.co.kr",https://v.daum.net/v/1H5CBaLxEe
2026.07.13 23:45,"'논란의 3차 쪼개기 계약+선발 유일 105일 노 브레이크' 속 숨은 빅픽처, 삼성은 다 계획이 있었구나",스포츠조선,"[스포츠조선 정현석 기자]지난 5월 29일, 삼성 라이온즈는 외국인투수 잭 오러클린(26)과의 2차 연장계약을 공식 발표했다. 계약 기간 7월16일, 추가 연봉 10만 달러의 조건이었다. 캠프 중 팔꿈치 수술 소견으로 이탈한 맷 매닝의 부상 대체 외국인선수로 3월 라이온즈에 합류한 호주 대표팀 출신 좌완 투수. 당시 시즌 10경기에 선발 등판, 4승2패 평균자책점 3.68의 성적을 기록 중이었다. 최근 6경기 4승1패 평균자책점 2.80로 새 리그 적응을 마친데다, 이 기간 중 5연속 퀄리티스타트(QS)와 최근 4연속 선발승으로 타 팀 정식 외국인투수 못지 않은 맹활약을 펼치고 있었다. 6주 단기 계약을 통해 KBO리그 무대를 밟았던 오러클린은 지난 4월말 5월31일까지 첫번째 연장 계약에 사인한 바 있다. 벌써 삼성과의 세번째 단기계약. 당시 실력에 비해 야박해 보이는 쪼개기 연장 계약에 일부 팬들의 불만이 터져 나왔다. ""활약에 비해 너무 가혹하다"", ""왜 정식 계약을 맺어주지 않고 선수 의욕을 꺾느냐""는 동정론을 중심으로 구단을 향한 비난의 목소리가 터져 나오기도 했다. 하지만 전반기가 끝난 현재, 삼성 프런트의 이례적인 행보는 KBO 규정의 치밀한 활용 속에 이뤄진 철저히 계산된 후반기 대반격의 빅픽처였다. 삼성은 부상 복귀가 사실상 불가능한 맷 매닝의 계약을 해지하지 않고 105일 간 '재활 외국인 선수'로 등록을 유지했다. 현행 규정상 원래 외인 매닝이 적을 유지하고 있어야만, 교체 카드를 소모하지 않는 '부상 대체 외인' 신분으로 오러클린과의 계약을 연장할 수 있기 때문이었다. 삼성은 이렇게 번 시간을 활용해 후반기와 가을야구를 이끌 거물급 외인투수 찾기에 나섰고, 결국 빅리그 32승에 빛나는 현역 메이저리거 크리스 페덱(30) 영입에 성공했다. 삼성은 페덱과의 합의를 마친 뒤인 지난 10일에야 비로소 매닝을 웨이버로, 오러클린을 자유계약선수로 공시했다. 삼성이 당초 오러클린과 끝까지 갈 생각이 없었음은 다른 선발투수들과의 '관리' 차이에서 드러난다. 오러클린은 삼성 주축 선발 투수 중 유일하게 단 한 차례의 엔트리 말소 없이 105일 동안 마운드를 지킨 선수였다. 후라도, 원태인, 최원태, 장찬희 등 오러클린 외 다른 선발들은 후반기 대비를 위해 돌아가며 '열흘 특별 휴식'을 부여받으며 체력을 비축했다. 심지어 부상 회복 차 시즌 초 지각 합류한 원태인에게도 휴식이 주어졌다. 오직 오러클린 만이 휴식 없이 로테이션을 거르지 않고 완주했다. 오러클린은 개막 초반 줄부상으로 고심이 컸던 삼성 선발진에 가뭄의 단비였다. 기대 이상의 경기력으로 듬직하게 로테이션을 책임졌다. 막판 2경기에서 지친 기색 속 조기 강판했지만, 이전까지는 등판할 때마다 선발투수의 몫을 다했다. 하지만 삼성의 목표인 우승을 향한 궁극적 동행자가 될 수는 없었다. 삼성에게 필요한 외국인투수는 '후반기 스퍼트와 가을야구에서 확실하게 승리를 따낼 수 있는 1선발급 외인'이었다. 통상 전반기에는 빅리그 거물급 투수들이 시장에 나오지 않는다. 빅리그 로스터 탈락 윤곽이 드러나는 6~7월쯤 돼야 진짜 대어가 매물로 나오기 마련. 삼성 프런트는 인내심을 가지고 후반기 이적 시장에 포커스를 맞췄고, 그 사이 오러클린이 훌륭하게 버텨주면서 시간을 벌 수 있었다. 오러클린이 마운드를 지키는 105일 동안, 삼성 스카우트 팀은 교체 카드를 유지한 채 미국 시장을 샅샅이 뒤지며 후반기를 책임질 특급 외인 물색에 집중할 수 있었다. 결과적으로 오러클린의 두 차례 연장 계약과 '노 브레이크' 완주는 선수에게는 다소 가혹했을지 몰라도, 구단 입장에서는 리스크를 최소화하고 전력을 극대화할 수 있었던 최선의 선택이었다. 오러클린은 기대 이상의 프로페셔널함으로 자기 몫을 100% 완수했고, 삼성은 지친 오러클린의 손을 놓고, 가장 중요한 후반기 승부처에서 최고의 빅네임 투수를 영입하며 우승 선발진을 완성했다. 가을야구 그 이상을 바라보는 삼성 구단의 치밀한 계획 속에 던져진 승부수. 프런트의 냉철한 실리주의가 올 가을 과연 해피엔드를 맞게 될까. 결과를 떠나 적어도 후회하지 않을 선택을 한 것 만큼은 분명해 보인다. 정현석 기자 hschung@sportschosun.com",https://v.daum.net/v/U9f3pJRf0O
2026.07.13 23:45,"""타격감 안 좋다면서 안타 2개"" 류지혁이 또 감탄한 '어나더 클래스' 최형우 [오!쎈 대구]",OSEN,"[OSEN=대구, 손찬익 기자] 프로야구 삼성 라이온즈 내야수 류지혁은 절치부심의 각오로 올 시즌을 준비했다. 강도 높은 훈련과 철저한 식단 관리로 약 7~8kg을 감량했다. 단순히 체중을 줄이기 위한 게 아니었다. 자신의 역할을 극대화하기 위한 선택이었다. 당시 그는 “올 시즌 나름대로 구상한 부분이 있어 체중을 감량했다. 체력 부담을 줄이고 싶었다”며 “우리 팀에는 장타를 칠 수 있는 선수들이 많다. 저는 수비와 주루에서 좀 더 빠른 모습을 보여드리고 싶었다”고 설명했다. 변화의 효과는 시즌 초반부터 나타났다. 류지혁은 3~4월 27경기에서 타율 3할8푼1리(97타수 37안타) 3홈런 16타점 19득점 9도루를 기록하며 뜨거운 타격감을 뽐냈다. 이후 5월에는 타율 2할2푼1리(77타수 17안타) 1홈런 13타점 8득점 1도루, 6월에는 타율 2할4푼7리(73타수 18안타) 11타점 9득점 5도루로 다소 주춤했다. 하지만 이달 들어 7경기에서 타율 2할9푼2리(24타수 7안타) 1홈런 7타점 5득점 3도루를 기록하며 반등의 가능성을 보여줬다. 전반기를 타율 2할9푼2리(271타수 79안타) 5홈런 47타점 41득점 18도루 OPS 0.808로 마친 류지혁은 “팀 성적만 놓고 보면 100점을 줘도 부족하지 않다. 하지만 개인적으로는 아쉬움이 남는다. 시즌 초반에는 좋았는데 이후 타격감이 떨어졌다”며 “타격은 잘 될 때도 있고 안 될 때도 있다. 기복을 최대한 줄이는 게 후반기 목표”라고 말했다. 다행히 몸 상태에는 이상이 없다. 류지혁은 지난 8일 대구 LG 트윈스전에서 수비 도중 주자와 충돌하며 뇌진탕 증세를 보여 교체됐다. 현재는 정상적으로 훈련 일정을 소화하는 등 컨디션을 회복했고, “지금은 아무런 문제 없다. 괜찮다”며 밝게 웃었다. 이어 그는 “후반기에는 좀 더 뛰어다니고 수비에서도 집중력을 보여주고 싶다. 방망이는 잘 맞을 때도 있고 그렇지 않을 때도 있다. 찬스가 오면 어떻게든 살릴 수 있도록 집중하겠다. 출루해야 하는 상황에서는 어떻게든 살아나가겠다는 마음으로 임할 생각”이라고 후반기 각오를 밝혔다. KIA 타이거즈 시절부터 친형처럼 따르던 최형우와 삼성에서 다시 한솥밥을 먹게 된 그는 “역시 형우 형은 어나더 클래스라는 걸 늘 느낀다. 준비하는 과정도 그렇고 경기에서 보여주는 퍼포먼스도 정말 대단하다”며 “매일 함께 있으면서도 계속 놀란다. 타격감이 좋지 않다고 하면서도 안타를 두 개씩 친다. 옆에서 정말 많이 배우고 있다”고 존경심을 드러냈다. 후배들과 허물없이 지내는 류지혁은 비결을 묻자 “특별한 건 없다. 가깝게 지내다 보면 된다. 후배들이 워낙 착하고 열심히 하기 때문에 저는 하던 대로 하면 된다”며 미소를 지었다. 시즌 초반 뜨거운 타격감을 과시한 뒤 잠시 주춤했지만, 누구보다 성실하게 몸을 만들고 자신의 역할을 고민해온 류지혁이다. 뇌진탕 우려까지 말끔히 털어낸 만큼, 후반기 반등을 향한 기대감도 더욱 커지고 있다. /what@osen.co.kr",https://v.daum.net/v/YuGqbNoMTZ
2026.07.13 23:45,"‘야구여왕2’ 뉴에이스 박민서 투구 본 김광현, 눈이 번쩍",스포츠경향,"“난 집에 약속이 있어서 이만….” 채널A ‘야구여왕2’의 추신수 감독이 새 시즌에서 ‘전승’을 다짐한 지 5분 만에 ‘멘털 소멸’ 사태를 일으킨다. 16일(목) 오후 10시 2회를 방송하는 채널A ‘야구여왕2’(연출 신재호)에서는 기존 멤버 12인에 신규 선수 5명을 영입해 더욱 강팀으로 거듭난 블랙퀸즈의 출정식 현장이 전격 공개된다. 이날 추신수 감독은 ‘올 인, 올 윈(All IN, ALL WIN)’이라는 새로운 슬로건을 발표하며, “내가 가진 모든 걸 쏟아 부어 전승을 거두겠다”고 선언한다. 그러나 직후 블랙퀸즈가 상대해야 할 팀이 아시아 여자 야구 랭킹 2위 대만과 세계 여자 야구 랭킹 1위 일본의 사회인 야구팀이라는 사실이 밝혀지자, 추신수 감독는 ‘멘붕’에 빠진다. 급기야 그는 “난 집에 약속이 있어서 이만…”이라며 자리에서 일어나는 제스처를 취해 현장을 웃음바다로 만든다. 특히 일본 야구팀과의 ‘한일전’ 매치 성사에, 송아와 이수연은 곧장 아야카를 찾아가 “저 팀에서 뛰는 거 아니지?”, “한국이야? 일본이야? 빨리 선택해!”라고 ‘식구 단속’에 나서 폭소를 더한다. 아야카는 “당연히 블랙퀸즈!”라며 팀을 향한 애정을 드러낸다. 추신수 감독은 “까짓것 해보자 얘들아!”라며 승부욕을 끌어올리고, “지금 자신 없는 사람은 바로 일어나”라고 외친다. 그러자 윤석민 코치는 “예!”라고 즉답하며 ‘칼 퇴장’ 리액션을 취해 ‘대환장 케미’를 발산한다. 유쾌한 분위기 속, 블랙퀸즈는 “새로운 슬로건의 의미답게 낙장불입!”이라며 자신감을 보인다. 또, ‘승률 6할 이상 달성 실패 시 팀 해체’라는 혹독해진 목표에도 “더욱 무거운 책임감이 생겼다. 어떻게든 팀 해체를 막겠다”고 진정성 있게 다짐한다. 출정식 후, 블랙퀸즈는 집중 훈련을 받는다. 추신수 감독은 직접 랜더스 프로 선수들을 섭외해 특별 합동 훈련을 진행시킨다. 이중 블랙퀸즈의 1선발 장수영과 ‘뉴 에이스’ 박민서의 투구 훈련에는 랜더스의 ‘레전드 투수’ 김광현이 자리하는데, 그는 두 사람의 투구를 유심히 지켜보더니 “됐다, 됐어!”라며 만족감을 드러내, 더욱 강력해진 불펜 라인업을 기대케 한다. 한편 ‘야구여왕2’는 지난 9일 첫 방송에서 1.4%의 시청률(닐슨코리아 종합편성채널 유료방송가구 기준)을 기록하며 기분 좋은 출발을 알린 것은 물론, 유튜브에 공개된 본방송 클립 영상 조회 수가 합산 100만 뷰를 훌쩍 넘겨 새롭게 돌아온 블랙퀸즈를 향한 팬덤 ‘까망이’들의 뜨거운 관심을 입증했다. 또한, 신규 멤버로 영입된 ‘뉴 에이스’ 골프 박민서에 대해서는 “진짜 야구선수가 들어왔네! 던지는 게 다르다”, “박민서 선수의 피칭을 볼 수 있는 것만으로도 감사하다”라는 호평이 쏟아졌다. 최혜빈-김나영-김세현-송민지에 대해서도 “경기력이 진짜 궁금해진다”, “엄청난 수준의 실력!”이라는 ‘입덕 댓글’들이 폭주하고 있다. 블랙퀸즈의 새로운 시작을 알리는 출정식과, 신규 선수의 영입으로 강팀이 된 블랙퀸즈의 면모를 확인할 수 있는 개막전은 16일(목) 오후 10시 방송하는 채널A ‘야구여왕2’에서 공개된다. 안병길 기자 sasang@kyunghyang.com",https://v.daum.net/v/HN6oaGyOzH
2026.07.13 23:37,[한국스포츠레저-스포츠조선 공동기획] 후반기 최대변수 아시안게임 최대 수혜자는?,스포츠조선,"[스포츠조선 한동훈 기자] 2026 KBO리그가 반환점을 돌았다. 전반기 마지막 경기에서 삼성 라이온즈가 극적으로 1위를 탈환했다. LG 트윈스가 승차 없이 2등이다. 8위 롯데 자이언츠도 반등에 성공하면서 최대 8팀이 가을야구를 향해 마지막 힘을 짜낸다. 7,8월 혹서기 레이스 동안 어느 팀이 치고 올라가고 또 어느 팀이 미끄러져 내려갈지는 늘 초미의 관심사다. 9월에 열리는 아이치-나고야 아시안게임 대표팀 차출도 엄청난 변수다. 스포츠조선은 한국스포츠레저와 공동 기획을 통해 후반기 관전 포인트를 짚어 토토팬들의 궁금증을 풀어준다. ▶삼성-LG 2강 구도, KT의 3강 재합류는 가능할까 6월 중순까지만 해도 선두 싸움은 LG, 삼성, KT 위즈까지 3강 구도였다. LG가 주춤한 사이 삼성이 페이스를 높였다. KT가 흔들리면서 균열이 발생했다. 삼성과 LG는 승차 없이 1, 2위인 반면 KT는 3.5경기 뒤진 3위다. 오히려 4위 KIA와 가깝다(승차 3경기). KT가 3강에 재합류할 수 있을지, 중위권 소용돌이에 휘말릴 것인지가 관건이다. 객관적인 전력은 삼성이 가장 탄탄하다. 삼성은 후반기 시작과 함께 외국인 투수도 교체했다. 현역 메이저리거 페덱을 영입했다. 페덱은 당장 올해에도 메이저리그에서 선발투수로 9경기나 등판한 거물. 삼성 상승세에 날개를 달아줄 전망이다. 아리엘 후라도와 원태인에 페덱까지 가세한 선발진이 어마어마한 위용을 과시할 것으로 예상된다. LG는 아슬아슬한 선발진과 예년만 못한 타선이 불안요소다. 외국인투수 앤더스 톨허스트는 초반에 비해 기복을 보여주고 있고 161㎞의 강속구를 보여준 불펜 투수 약셀 리오스는 예상외로 얻어 맞는다. '대박'으로 평가받은 아시아쿼터 라클란 웰스 역시 시즌 중반을 넘어가자 체력적인 어려움을 보여주는 모습. 그러다보니 리오스가 아닌 선발 투수를 데려왔어야 하는 것 아니냐는 팬들의 목소리가 높아지고 있다. 그러나 LG의 진짜 걱정은 마운드보다는 타선이다. 2할7푼2리로 전체 5위, 평균 5.1득점으로 전체 6위의 득점력은 2023, 2025년 우승때의 LG가 아니다. LG는 그땐 모두 타율, 득점 1위였다. 중심타자 오스틴이 MVP 시즌을 향해 뚜벅뚜벅 걸어가고 있지만 혼자 힘으로는 역부족이다. LG는 좌완 선발 송승기와 주포 문보경의 부활이 절실하다. 현상 유지라면 선두 탈환은 쉽지 않아 보인다. KT는 아시안게임 전에 모든 것을 쏟아부어야 하는 상황이다. 아시안게임 때 전력누수가 상당하다. 선발투수 2명(소형준 오원석)에 리그 최고 마무리 박영현이 빠진다. 최소 2주 이상 차출이 불가피하다. KT는 이들이 빠져나가기 전에 최대한 많은 승수를 쌓아놔야 한다. KT의 승부처는 8월이다. 다행인 점은 4~6위권 팀들의 극적인 반등 요소가 부족하기 때문에 3위는 충분히 사수할 수 있을 것으로 보인다. ▶KIA 두산 한화 NC의 5강 전쟁 → 롯데의 반란 가능성은 중위권 경쟁 최대 관심사는 롯데 자이언츠의 행방이다. 롯데는 지난해 혹서기 12연패를 당하며 3위에서 7위까지 미끄러졌다. 올해는 반대로 최하위에서 역주행 시동을 걸었다. 10위로 떨어진 뒤 8위까지 치고 올라왔다. 롯데는 일단 선발진이 좋다. 박세웅 나균안 김진욱 등 국내 선발이 안정적인 모습을 보여준다. 오히려 외국인 선발이 기복을 보여주는데 엘빈 로드리게스가 6월부터 굉장히 좋은 피칭을 하고 있어 고무적이다. 새 아시아쿼터 이이무라 쇼타가 152㎞의 빠른 공을 앞세워 안정적으로 던지며 불펜이 좋아졌다. 레이예스 한동희가 외롭게 버티는 타선이 약점인데 베테랑 전준우 유강남을 비롯해 슬럼프에 빠진 윤동희의 부활 여부가 중요하다. 5위 두산과 8위 롯데의 승차가 5경기라 충분히 대혼돈이 벌어질 수 있다. 중위권 역시 아시안게임이 큰 변수다. 4위 KIA가 어려운 도전에 직면한다. KIA는 어려운 살림 속에 그나마 슈퍼스타 김도영이 팀을 이끌어나가면서 5강 싸움을 주도하고 있다. 그런데 9월 최대 승부처에 김도영이 아시안게임에 참가한다. 게다가 마무리 성영탁과 외야수 박재현 이탈도 뼈아프다. 두산도 처지가 비슷하다. 두산 역시 아시안게임 때 전력 누수가 상당하다. 국내 1~2선발 곽빈 최민석과 주전 2루수 박준순까지 대표팀에 발탁됐다. 곽빈은 대표팀 에이스로서 가장 중요한 2경기 선발 중책을 맡을텐데 돌아와서도 체력 소모 문제가 발생할 수 있고, 최민석은 전반기에 9승을 올린 두산의 실질적 에이스였기에 둘이 빠진 선발을 메우기가 쉽지 않을 듯. 한화와 NC가 반사 이익을 누릴 수 있다. 한화는 노시환 문현빈이 차출되지만 강백호 페라자가 든든하게 버티면서 출혈이 적은 편이다. 하지만 아시아쿼터 왕옌청이 대만 대표팀에 나갈 확률이 높아 선발 고민이 생길 가능성이 있다. NC는 김주원 1명만 아시안게임에 출전한다. ▶10구단 최초 4년 연속 꼴찌의 탄생인가. 9위 SSG 랜더스와 10위 키움 히어로즈는 가을야구가 사실상 멀어진 상태다. 키움은 10구단 체제 최초의 4년 연속 최하위 위기다. 아무리 선수 육성에 치중하며 훗날을 도모하는 팀이라지만 4년 연속 꼴찌는 안 된다는 내부 위기감이 느껴진다. 10구단이 자리를 잡은 2015년부터 3년 연속 꼴찌는 지금까지 3회다. KT(2015~2018) 한화(2020~2022) 키움(2023~2025)이다. 키움은 9위 SSG에 3.5경기 뒤졌다. SSG는 선발진이 무너지며 강점이던 불펜진 마저 과부하로 무너지는 참담한 결과가 빚어졌다. 결국 5강보다는 내년을 바라보는 분위기가 감지된다. '포스트 최정'을 대비해 고명준 3루수 이동 작업을 앞당겼다. 김민준 김건우 등 국내 유망주 투수들을 선발로 적극 기용하며 경험치를 주고 있다. SSG는 8위 롯데와도 7경기로 크게 벌어졌다. 하지만 마냥 손을 놓고 있지는 않다. 꼴찌는 안된다는 위기감이 크다. 외국인 투수 2명을 전부 교체하는 등 할 수 있는 조치는 최대한 취하는 모양새. 베니지아노를 퇴출하고 이번에 영입한 아빌라가 1선발 역할을 해줄 수 있느냐가 가장 중요하다. 아빌라 마저 기대 이하라면 최하위로 떨어지는 최악의 시나리오를 마주할 수도 있다. SSG는 SK 시절을 포함해도 단일시즌에서는 꼴찌를 해본 적이 없는 팀이다. 한동훈 기자 dhhan@sportschosun.com",https://v.daum.net/v/pqIgI7pXpt
2026.07.13 23:26,'설레발이라 했지만' 부진 딛고 반등...롯데 외국인 3인방의 반격,마니아타임즈,부진하던 외국인 자원들이 막판에 제 모습을 찾았다. 롯데의 외국인 3인방이 전반기 막판 위력을 과시하며 후반기 기대감을 높이고 있다. 타선에서는 레이예스가 앞장섰다. 117안타로 최다 안타 1위에 오른 그는 2위 최원준을 1개 차로 앞선 것이다. 전반기 내내 5위권을 오가던 그는 막판 10경기에서 타율 0.425로 몰아치며 선두로 올라섰다. 2024년과 지난해 최다 안타왕에 올랐던 그는 3연패에도 성큼 다가섰다. 다만 그는 안타 개수에 욕심이 없으며 팀이 필요할 때 타점을 올리고 싶을 뿐이라고 밝혔다. 마운드도 위용을 되찾았다. 로드리게스가 5월까지 부진했으나 6월 들어 1선발의 모습을 드러낸 것이다. 그는 최근 5경기에서 32이닝 7실점으로 에이스다운 투구를 보였다. 비슬리도 지난 4일 kt전에서 6이닝 1실점 호투로 두 달 만에 승리를 챙겼다. 시즌 초의 평가는 달랐다. 시즌 전 롯데의 최대 장점으로 꼽혔던 원투펀치가 뚜껑을 열자 설레발이라는 말까지 나온 것이다. 로드리게스는 피홈런에 무너졌고 비슬리는 운 없는 안타에 발목을 잡혔으며 기복도 컸다. 이제 시선은 후반기로 향한다. 두 선수가 막판 흐름을 이어간다면 토종 선발과 함께 중위권 싸움의 선봉장이 될 전망이다. 비슬리는 수비수들을 믿고 경기를 풀어가면 좋은 결과가 따를 것이라고 다짐했다. [장성훈 선임기자/seanmania2020@maniareport.com] 기사제보 및 보도자료 report@maniareport.com,https://v.daum.net/v/GN8z8wkLti
2026.07.13 23:19,10승도 못해본 5점대 투수에 80억 미친 계약? 키움은 절대 함부로 돈 쓰는 구단이 아니다,스포츠조선,"[스포츠조선 김용 기자] 확실한 건, 키움은 절대 함부로 돈 쓰는 구단이 아니라는 것. 올스타전이 끝나고, 야구가 없는 심심했던 월요일. 키움 히어로즈발 놀라운 뉴스가 전해졌다. 키움이 베테랑 선발 투수 하영민에게 계약 기간 8년, 총액 80억원의 비FA 다년 계약을 선물했다는 것. 누구도 예상하지 못한 그야말로 '깜짝 딜'이었다. 그리고 그 규모도 '헉' 소리가 나오는 '메가 딜'이기도 했다. 1995년생 31세 투수다. 지금까지 10승 한 번 해본 적 없다. 통산 평균자책점이 러긔 5점대다. 2023년까지는 1, 2군을 오가는 백업급 선수였다. 2024, 2025 시즌 연속 150이닝을 돌파하며 9승, 7승을 거둔 게 전부인 피처다. 이런 선수에게 아무리 계약 기간이 8년이라도 80억원이라? '키움이 미쳤나' 소리가 나올 수 있다. 하지만 여러 사정들을 감안하면, 말도 안 되는 계약이 아니라는 결론에 이른다. 일단 10승. 2024년이 사실상 10승 시즌이었다. 9승을 거둬놓고, 마지막 6경기에서 1승을 따내지 못했다. 물론 이것도 실력이라면 실력이겠지만, 3년 연속 압도적 최하위였던 팀 전력과 분위기를 생각하면 10승같은 9승이었다. 다른 팀에서 똑같은 투구를 했다면 13~15승을 했을 시즌이었다. 평균자책점은 분명 아쉽다. 잘 던진 두 시즌도 4점대였다. 하영민은 구위로 상대를 누르는 스타일이 아니다. 꾸준히 기회를 받고, 갑자기 야구에 눈을 뜨며 상대와 싸우는 요령을 터득한 케이스. 6~7이닝 무실점 투구는 키움에서도 기대 안 한다. 매 경기 퀄리티스타트 정도를 기대하는 투수다. 그것만으로도 가치가 있다고 판단한 것이다. 최근 KBO리그는 토종 선발 기근 현상을 보이고 있다. 규정이닝을 채우는 토종 선발이 씨가 마르는 상황이다. 하영민의 운도 좋았다. 올시즌 마치고 FA였다. 지난해 미국 메이저리그에 진출하기 전, 키움과 6년 120억원 전액 보장이라는 파격 계약을 체결했던 송성문(샌디에이고)도 마찬가지다. 그 전까지 성적이 어땠고, 야구 실력이 어땠든 그건 중요하지 않았다. 일생일대의 기회, FA를 앞두고 어떤 야구를 하느냐가 가장 중요했다. 키움은 두 사람이 반짝한 게 아니라, 뒤늦게 잠재력을 폭발시켰고 그 능력이 향후 수년간 이어질 거라 판단한 케이스다. 또 내년부터 샐러리캡 하한 규정이 도입된다. 사실상 선수단 총 연봉이 늘 터무니 없이 적은 '짠돌이 구단' 키움을 겨냥한 규정이었다. 연봉을 못 채우면 벌금이다. 이 규정을 위해서라도 고정 지출(?)을 안정적으로 해주는 대형 계약이 필요했다. 송성문 계약 때도 이 얘기가 있었는데, 송성문이 미국으로 가며 계약이 파기됐다. 그 수혜를 하영민이 받았다고도 볼 수 있다. 가장 중요한 건, 키움은 절대 함부로 돈을 쓰는 구단이 아니라는 점이다. 10개 구단 중 유일하게 모기업 지원 없이 스스로 자생하는 구단이다. 피같은 돈이다. 정말 필요하다는 판단이 들 때만 지갑을 연다. 그것도 최대한 아끼고 아껴서. 송성문 120억원 전액 보장 계약이 처음 발표됐을 때 엄청난 파장이 일었다. 하지만 물밑에서 송성문을 원하던 구단들의 오퍼가 엄청났고, 송성문이 FA로 시장에 나오면 그 이상 몸값을 기록할 수 있었다는 증거들이 계약 후 속속 확인됐다. 구단주가 ""모든 수를 동원해 송성문을 데려오라""는 지시를 한 구단도 있다는 얘기가 나왔다. 키움도 열심히 주판알을 튕겨 몸값 계산을 했을 것이다. 하영민 역시 마찬가지다. 선발 구인난 속 FA 시장에 나가면 예상 밖 후한 대우를 받을 가능성이 있었다. 키움은 하영민이 아예 시장에 나갈 마음을 접게 하기 위한 최선의 카드를 준비했다. 그렇게 8년 80억원 계약이 이뤄졌다. 김용 기자 awesome@sportschosun.com",https://v.daum.net/v/xFbbmpFYzt
2026.07.13 23:17,‘5·18 조롱’ 배재고에 광주가 손 내밀었다…형사처벌 없이 ‘종결 수순’,스포츠서울,"[스포츠서울 | 배우근 기자] 5·18 광주민주화운동을 비하하는 응원 구호로 물의를 빚은 배재고 야구부 선수들에 대한 경찰 수사가 공소권 없음으로 마무리될 전망이다. 피해 학교인 광주일고가 처벌을 원하지 않는다는 뜻을 밝혔고, 5·18 관련 단체들도 선수들에게 다시 기회를 달라고 요청했다. 박정보 서울경찰청장은 13일 서울 종로구 서울경찰청에서 열린 정례 기자간담회에서 “배재고에서 광주제일고를 찾아가 사과했고 피해자인 광주제일고 측에서도 처벌 불원 의사를 표시했다”고 밝혔다. 이어 “피해자가 처벌을 원하지 않으면 처벌할 수 없는 범죄이기 때문에 그렇게 잘 정리될 것 같다”고 말했다. 서울 양천경찰서는 배재고 야구부 선수 등을 모욕 혐의로 수사해왔다. 이번 수사는 광주일고와 무관한 일반인이 진정을 제기하면서 시작됐다. 서울경찰청 관계자는 해당 진정인이 취소장을 제출하겠다는 뜻을 밝혔으며 조만간 접수할 예정이라고 설명했다. 경찰은 사건이 공소권 없음으로 마무리될 가능성이 크다고 보고 있다. 배재고 야구부 선수들은 지난달 29일 서울 목동구장에서 열린 제81회 청룡기 전국고교야구선수권대회 겸 주말리그 왕중왕전 광주일고와의 경기에서 “스타벅스 가야지”라는 구호를 외쳤다. 해당 표현이 5·18 민주화운동을 조롱했다는 비판이 일면서 거센 논란이 벌어졌다. 대한야구소프트볼협회는 지난 1일 스포츠공정위원회를 열어 배재고의 청룡기 잔여 경기를 몰수패로 처리했다. 전국대회 6개월 출전정지 징계도 내렸다. 배재고 야구부 선수단 36명은 사건 발생 7일 만인 지난 6일 광주일고를 직접 찾아 사과했다. 배재고 주장 A군은 “부적절한 발언과 행동들로 인해 마음에 큰 상처를 입은 광주일고 선수들과 학부모님, 광주 시민분들께 진심으로 사과드린다”고 말했다. 광주일고 선수단 대표 B군은 “저희도 다른 팀에 상처를 주지는 않았는지 돌아보는 계기가 됐다”며 “다시는 이런 일이 발생하지 않도록 환경이 조성됐으면 좋겠다”고 답했다. 광주일고도 다음날 기자회견을 열어 대한야구소프트볼협회와 야구계에 배재고 야구부의 6개월 출전정지 징계를 선처해달라고 요청했다. 5·18 관련 단체들도 같은 목소리를 냈다. 5·18 유족회와 부상자회, 공로자회, 5·18 기념재단은 지난 9일 전남광주특별시 서구 5·18 기념문화센터에서 기자회견을 열었다. 이들 단체는 “오월 정신의 핵심 가치는 배제가 아닌 포용에 있다”며 “학생들이 진심으로 반성하고 성찰하고 있는 만큼 다시 한번 기회를 줘야 한다”고 밝혔다. 이어 “배재고 야구부 학생들이 보여준 진심 어린 성찰과 변화의 의지를 헤아려 봉황대기 전국고교야구대회에 출전할 수 있도록 해 달라”고 호소했다. 형사 절차는 마무리 수순에 들어갔지만, 대한야구소프트볼협회의 징계는 별개의 문제다. 광주일고와 5·18 단체들이 잇따라 선처를 요청하면서 배재고 야구부의 출전정지 징계가 조정될지 관심이 쏠린다. kenny@sportsseoul.com",https://v.daum.net/v/7x4GnTlwvc
2026.07.13 22:59,"'대전 문앞까지 왔다고?' 트로이 왓슨, 한화를 구원할 '아군 보급형 목마'냐, 한화를 침몰시킬 '침투형 전술 목마'냐",마니아타임즈,"후반기 순위 싸움을 위한 KBO 리그 외국인 선수 시장이 요동치고 있다. 가장 먼저 방전기를 켠 곳은 선두 경쟁 중인 삼성 라이온즈였다. 삼성은 지난 11일, 부상 대체 선수였던 오러클린과의 계약을 연장하는 대신 메이저리그 통산 32승 경력의 크리스 페덱을 영입하며 대권 도전을 향한 승부수를 던졌다. 삼성 이처럼 발 빠르게 전력을 보강하자, 5위 진입을 도모하는 한화 이글스의 발걸음도 한층 다급해진 모양새다. 한화의 시선이 머무는 곳은 단연 외국인 투수 교체 카드다. 현재 한화의 외국인 투수 윌켈 에르난데스는 올 시즌 3승 6패, 평균자책점 4.97로 부진하다. 최근 9경기 연속 승리를 챙기지 못하며 마운드에서의 안정감을 잃었고, 결국 1군 엔트리에서도 말소되며 사실상 결단의 시간이 다가왔음을 시사했다. 이러한 타이밍에 팬들의 레이더망에 포착된 인물이 바로 우완 투수 트로이 왓슨이다. 최근 야구 커뮤니티를 중심으로 왓슨이 한화 이글스의 공식 SNS 계정을 팔로우한 정황이 포착되면서 영입설이 걷잡을 수 없이 확산되고 있다. 외국인 선수들의 한국행 직전 행보에서 'SNS 팔로우'가 사실상 가장 확실한 이적 시그널로 작용해 왔기 때문이다. 왓슨은 지난해 말에도 롯데 자이언츠 계정을 팔로우하며 KBO 구단들의 스카우트 리스트에 꾸준히 이름을 올려왔던 인물이다. 현재 디트로이트 타이거스 산하 트리플A에서 활약 중인 왓슨은 올해 부상 복귀 이후 선발과 롱릴리프를 오가며 2.88의 빼어난 평균자책점을 기록하고 있다. 최고 94마일(약 151km/h)의 패스트볼과 예리한 슬라이더를 주무기로 삼아, 현재 구위 저하로 골머리를 앓고 있는 한화 마운드에 즉시 전력이 될 수 있는 최적의 매물이라는 평가다. KBO 리그 외국인 선수 교체 마감 시한이 점점 다가오는 가운데, '더 늦으면 시장에 매물이 없다'는 위기감이 한화 프런트를 압박하고 있다. 트로이의 한화행이 확정될 경우, 그가 한화를 구원할 '아군 보급형 목마'가 될지, 아니면 한화를 침몰시킬 '침투형 전술 목마'가 될지 주목된다. [강해영 마니아타임즈 기자/hae2023@maniareport.com] 기사제보 및 보도자료 report@maniareport.com",https://v.daum.net/v/tOL6hqu55u
2026.07.13 22:40,"‘이래서 2순위로 뽑았구나’ 고졸 신인이 퓨처스 올스타전 홈런 치다니 “전반기 아쉬워, 꾸준한 활약하고 싶다”",OSEN,"[OSEN=길준영 기자] 프로야구 NC 다이노스 신재인(19)이 후반기에는 안정적인 모습을 보여주며 성공적인 데뷔 시즌을 보내고 싶다는 목표를 내걸었다. 신재인은 지난 10일 서울 잠실구장에서 열린 ‘2026 신한 SOL KBO 퓨처스 올스타전’에 남부 올스타 3번 3루수로 선발출장해 3타수 1안타 1홈런 2타점 1득점 1볼넷을 기록했다. 남부가 1-0으로 앞선 4회말 무사 1루에서 두 번째 타석에 들어선 신재인은 우완 구원투수 조원태의 3구 시속 148km 직구를 받아쳐 좌측 담장을 넘어가는 투런홈런을 터뜨렸다. 데뷔 첫 퓨처스 올스타전 홈런이다. 남부는 신재인의 홈런에 힘입어 4-0 완승을 거뒀다. 2026 신인 드래프트 1라운드(2순위) 지명으로 NC에 입단한 신재인은 시즌 개막 엔트리에 포함돼 시즌 초반 좋은 활약을 펼쳤다. 데뷔 첫 4경기에서 2홈런을 터뜨리며 강렬한 인상을 남겼다. 하지만 이후 1군의 높은 벽을 느꼈고 39경기 타율 1할8푼8리(80타수 15안타) 3홈런 8타점 8득점 OPS .659로 고전하고 있다. 퓨처스리그에서는 13경기 타율 3할6푼6리(41타수 15안타) 2홈런 8타점 12득점 3도루 OPS 1.019로 활약했다. 데뷔 시즌 퓨처스 올스타에 선정된 신재인은 경기 전 인터뷰에서 “좋은 기회를 주셔서 퓨처스 올스타전에 올 수 있게 됐다. 정말 감사하게 생각한다”고 퓨처스 올스타전에 온 소감을 밝혔다. 프로 첫 해 1군에서도 많은 경기에 나선 신재인은 “좋지만 아쉬움도 있다. 더 기회가 있었고 더 좋은 성적을 낼 수 있었는데 그렇지 못한 것에 대해 아쉬움이 크다”면서 “1군에서 뛰는 것은 어떻게 보면 꿈이었다. 어릴 때는 그것만 보고 야구를 했다. 퓨처스 올스타전도 엄청나게 소중한 기회고 앞으로 1군에 올라가는 것도 소중한 기회다. 어린 시절 여러 꿈들을 하나하나 이뤄가는 것 같아서 좋다”고 이야기했다. 데뷔 시즌 전반기를 돌아본 신재인은 “타격적으로 가장 아쉽다. 아무래도 나에게 5툴 플레이어의 모습보다는 타격적인 면을 보고 기용을 해주신다고 생각한다. 그 부분에서 기대만큼의 모습을 보여드리지 못했기 때문에 보완을 해야한다. 나갔을 때 계산이 서는 선수가 되어야 하는데 오늘은 홈런 치고 다음날은 무안타고 그런 모습이었기 때문에 아쉬웠다”며 스스로 반성했다. “아직은 신인선수이기 때문에 자신감을 많이 주시는 것 같다”고 말한 신재인은 “성적이 안나더라도 더 좋은 타구를 칠 수 있게, 실책을 하더라도 다음 플레이에 집중할 수 있게 지도를 해주시는데 큰 힘이 된다. 덕분에 1군에서 버틸 수 있다고 생각한다”며 코칭스태프와 데이터 분석팀에 감사한 마음을 전했다. 신재인은 아직까지 NC의 주전 선수는 아니다. 후반기에도 아시안게임 전까지는 백업 역할을 맡을 가능성이 크다. “제한된 기회 속에서 팀에 보탬이 되는 모습을 보여드리고 싶다”고 말한 신재인은 “야구 뿐만 아니라 다른 부분에서도 팀에 도움을 줄 수 있는 부분이 있다고 생각한다. 나에게 타석 기회가 왔을 때는 임팩트가 있어야겠지만 수비에 나갔을 때는 너무 잘하려고 하기 보다는 누가 있었나 기억이 안 날 정도로 큰 실책없이 잘 하고 싶다. 그런 안정감 있는 모습을 보여드리겠다”며 후반기 각오를 다졌다. /fpdlsl72556@osen.co.kr",https://v.daum.net/v/Yp1y9Aaeha
2026.07.13 22:32,"""좋은 원석은 다 프로 갔다"" 대학야구 냉정한 현실, 그런데 '왜' KBO 스카우트는 U-리그 찾나",스타뉴스,"[스타뉴스 | 김동윤 기자] ""좋은 원석은 이미 다 프로에 갔다."" 대학 야구의 현실을 묻자 이승종 부산과학기술대(부산과기대) 감독은 냉정하게 답했다. 그런데도 2027 KBO 신인드래프트를 두 달여 앞둔 스카우트들은 고교야구 전국대회가 열리는 서울 신월·목동야구장뿐 아니라 대학 U-리그가 진행 중인 충북 보은까지 누비고 있다. 올해는 고교 3학년 선수들의 성장세가 기대에 미치지 못하면서 대학 선수들을 향한 관심도 예년보다 커졌다. 다만 대학 선수가 3라운드 이내 상위 지명을 받을 가능성은 여전히 높지 않다. 지난해 2라운드 전체 14순위로 롯데 자이언츠에 입단한 박정민(23)처럼 확실하게 두각을 드러낸 선수가 아직 보이지 않기 때문이다. 올해도 즉시전력감 대학 선수들이 중·하위 라운드에서 선택받을 가능성이 크다. 고교 시절 하위 지명 후보가 대학 진학 후 1라운드급 선수로 성장하는 일이 흔한 미국, 대학리그에서도 꾸준히 상위 지명자가 나오는 일본과는 다른 현실이다. 선수층과 인프라의 차이도 있지만, 가장 큰 이유는 좋은 유망주 대부분이 고교 졸업과 동시에 프로로 향한다는 데 있다. 이 감독은 ""당분간 대졸 1라운드 선수가 나오긴 쉽지 않다. 과거에는 프로 지명을 받고도 대학에 가는 경우가 있었지만, 지금은 좋은 원석이 이미 프로에 다 갔다""라며 ""대학 선수가 1라운드 지명을 받으려면 구속과 구위, 완성도도 훨씬 더 높아야 한다""고 말했다. 최근에는 프로 지명을 받지 못한 고등학교 선수들이 4년제 대학교가 아닌 2년제 대학교를 선택하는 흐름도 나타났다. 2년 안에 빠르게 프로에 재도전하겠다는 기대 때문이다. 그러나 아마야구 현장 관계자들의 생각은 또 달랐다. 이 감독은 ""최근 2년제 대학에서 지명자가 많이 나온 건 당시 선수층이 좋았기 때문이다. 내가 생각해도 지명되겠다 싶은 선수들이 프로에 못 간 경우가 몇 번 있었다. 그 선수들이 2년제를 많이 갔고 성과도 좋았다""라며 ""프로에 가려고 일부러 2년제로 가는 선수는 많지 않다. 대부분 4년제 진학이 어려워서 온다""고 설명했다. 프로에 가지 못한 제자들을 챙겨야 하는 고교 사령탑의 생각도 비슷하다. 대구고 손경호 감독은 ""2년제 대학은 선수 수도 많고 공식 경기 수가 적기 때문에 2년 만에 달라진 모습을 보여주기가 쉽지 않다. 그래서 나도 끝내 프로에 가지 못했을 때의 미래까지 생각해 4년제 대학 진학을 권하는 편""이라고 현실을 전했다. 그렇다면 KBO 스카우트들은 왜 여전히 대학리그에 전국 이곳저곳을 다닐까. 고교 시절 부상이나 출전 기회 부족으로 잠재력을 보여주지 못한 선수가 신체 성장과 훈련을 거쳐 뒤늦게 터지는 경우가 있기 때문이다. 많아야 한 자릿수에 불과하더라도 선수층이 넓지 않은 KBO 리그에서는 놓칠 수 없는 자원이다. 대학 선수만의 장점도 있다. 한 차례 지명 실패를 경험한 만큼 간절함이 크고, 일반 학생들과 생활하며 사회성과 적응력을 키운다는 평가다. 한 KBO 구단 스카우트는 ""대학 선수들은 정말 간절하게 야구한다. 그런 선수들이 팀 분위기에 주는 힘도 있다""고 말했다. 이 감독은 ""프로 구단 관계자들로부터 대학 선수들이 눈치가 빠르고, 조금만 못하면 도태된다는 사실을 잘 알아 팀 분위기 전환에도 도움이 된다는 말을 들었다""라며 ""대학 선수들이 상위 지명 고졸 선수들과는 2년이 지나도 차이가 있겠지만, 하위 라운드 선수들과 비교했을 때는 충분히 경쟁력이 있다고 생각한다""고 강조했다. 결국 인식을 바꾸는 건 실력과 결과다. 그런 면에서 박정민의 사례는 대학 야구에도 큰 힘이 된다. 올해 박정민은 대졸 신인임에도 전반기를 39경기 5승 2패 9홀드 1세이브, 평균자책점 4.46으로 1군에 안착했다. 이 감독은 '대학 야구 인식을 바꾸기 위해선 무엇이 필요할까'라는 질문에 ""박정민 같은 선수가 중요하다. 박정민 선수가 프로에서 통하면 '대학에서 저 정도 선수는 뽑을 수 있구나'라는 기준이 생긴다""고 밝혔다. 그러면서 ""실력이 부족하면 안 뽑는 게 당연하다. 그걸 불평할 생각은 없다. 다만 대학 선수들도 충분히 능력 있고 잘하는 선수들이 있으니 그 부분을 조금만 더 봐주셨으면 좋겠다""고 소망했다. 최근 KBO 구단들의 적극적인 육성 선수 영입과 3군 확대 움직임도 대학 야구에는 반갑다. 이 감독은 ""대학 야구를 말할 땐 현실적으로 할 수밖에 없다. 불평만 할 순 없다. 프로에서 육성 선수를 많이 뽑아주는 것도 우린 정말 감사하다. 대학 선수들은 육성도 안 되면 정말 갈 데가 없다""고 안타까움을 드러냈다. 이어 ""프로 유니폼을 입어본다는 것 자체가 3개월이든 6개월이든 대학 선수들에겐 정말 소중한 일이다. 그 문이 더 열리려면 선수도 지도자도 더 잘해야 한다. 현실을 탓하기보다 실력으로 증명해야 한다""고 힘줘 말했다. 김동윤 기자 dongy291@mtstarnews.com",https://v.daum.net/v/1VWWWVKphv
2026.07.13 22:21,"'종신 히어로즈 선언' 80억 돈보다 8년 기간이 우선 ""팀 로열티 있는 선수, 하영민이 의지 보였다""",스포티비뉴스,"[스포티비뉴스=박승환 기자] ""우리 팀에서 마무리하고 싶다는 의지를 보였다"" 키움 히어로즈는 13일 ""투수 하영민과 계약기간 8년(2027-2034년), 연봉과 옵션 포함 총액 80억원(세부 내용 비공개) 규모의 비FA 다년계약을 체결했다""고 공식 발표했다. 지난 2014년 신인드래프트 2차 1라운드 전체 4순위로 넥센(現 키움) 히어로즈의 선택을 받은 하영민이 본격 꽃을 피우기 시작한 것은 2024시즌. 당시 하영민은 풀타임 선발 로테이션을 소화하며 28경기에 등판해 150⅓이닝을 소화하며 9승 8패 평균자책점 4.37을 마크했다. 그리고 지난해에도 꾸준한 활약을 이어갔다. 하영민의 성적은 전체적으로 다소 떨어졌지만, 재작년보다 더 많은 153⅓이닝을 던지며, 7승 14패 평균자책점 4.99를 마크했다. 최하위 팀에서 2년 연속으로 규정이닝을 채운 것은 분명 의미가 있는 기록이었다. 이에 키움은 올 시즌 초부터 2027시즌이 끝난 뒤 FA(자유계약선수) 자격을 얻을 예정인 하영민과 연장계약(비FA 다년계약)을 검토했고, 7월 초 합의점을 찾는데 성공했다. 80억원의 금액만 놓고 본다면, 단 한 번도 두 자릿수 승리를 거두지 못한 투수에게 큰 투자를 한 것처럼 보일 수 있다. 하지만 8년이라는 계약 기간과 옵션을 모두 달성한다고 했을 때에도 연평균 금액은 10억원 수준에 머무른다. 키움 입장에서는 건강하게 풀타임 로테이션을 돌 수 있는 선수의 미래를 인정하면서, 확실한 선발 자원을 확보했다. 허승필 단장은 계약 발표 직후 '스포티비뉴스'와 통화에서 ""내부적으로는 올 시즌 초부터 검토를 하고 있었다. 그리고 (하)영민이에게 이야기를 했던 것은 7월 3일 홈 두산 베어스전 때였다. 그리고 그 주 일요일에 합의가 됐다""며 ""금액적인 부분 등에서 영민이와 크게 이견이 있거나 하진 않았기 때문에 순조롭게 빠르게 진행이 됐다""고 밝혔다. 하지만 첫 계약안 제시에 합의점을 찾은 것은 아니었다. 이유는 금액이 아닌 계약 기간 때문이었다. 히어로즈에서 프로 커리어를 시작한 하영민이 히어로즈에서 커리어를 마무리하고 싶다는 뜻을 드러낸 까닭이다. 이에 키움과 하영민이 합의점을 찾은 것이 8년 계약이었다. 허승필 단장은 ""우리도 장기계약을 생각하고 있었지만, 영민이가 8년이라는 구체적인 의견을 준 부분이 있었다. 영민이가 히어로즈에 입단했다는 상징성도 있고, 우리 팀에서 커리어를 마무리하고 싶다는 의지를 보인 것도 있었다. 그런 것들이 잘 맞아서 계약 기간과 금액을 책정하게 됐다""고 설명했다. 이어 허승필 단장은 ""하영민이 팀에 대한 로열티가 있는 선수이기 때문에 서로 잘 맞았다. 선발 투수로서 이닝 소화 능력 등을 가치 있게 봤다. 선발 투수로서 로테이션을 꾸준히 돌면서, 150이닝을 책임질 수 있다는 점에서 계산이 서는 부분이 있다. 국내에서는 이 정도 역할을 해줄 수 있는 투수도 많지 않다. 그런 것들이 반영이 됐다""고 덧붙였다. 하영민도 계약 후 소감에서 '종신 히어로즈'에 대한 기쁜 마음을 드러냈다. 그는 ""구단에서 좋은 조건을 제시해주셔서 정말 감사드린다. 이번 계약을 통해 영원한 히어로즈 선수로 남을 수 있는 기회를 얻게 돼 더욱 뜻깊게 생각한다. 나를 믿고 큰 결정을 내려주신 만큼 감사함과 동시에 큰 책임감을 느끼고 있다""고 말했다. 그리고 ""앞으로도 선배들에게 많이 배우고, 후배들에게는 좋은 본보기가 될 수 있도록 노력하겠다""며 ""팀이 더 높은 곳으로 올라갈 수 있도록 맡은 역할에 최선을 다하겠다. 끝으로 항상 응원해 주시는 팬 여러분께도 좋은 모습으로 보답드릴 수 있는 선수가 되겠다""고 강조했다. 하영민은 올해 잠깐 불펜으로 보직을 변경했었고, 봉와직염으로 인해 자리를 비우기도 했다. 하지만 올해도 15경기에서 3승 5패 평균자책점 4.16로 제 역할을 해주고 있다. 지금의 페이스라면 선발로 뛴 이후 가장 좋은 평균자책점을 기록할 전망이다. <저작권자 ⓒ SPOTV NEWS. 무단전재 및 재배포 금지>",https://v.daum.net/v/UQmFUie4v4
2026.07.13 22:13,"10승 한 번 못하고 ERA 5점대 선발투수…80억 깜짝 비FA 계약, 파격일까 합리적일까",OSEN,"[OSEN=한용섭 기자] 프로야구 키움 히어로즈가 투수 하영민(31)과 깜짝 비FA 계약을 발표했다. 키움은 13일 하영민과 계약기간 8년(2027~2034년), 연봉과 옵션을 포함한 총액 80억 원의 비FA 다년계약을 체결했다고 밝혔다. 연봉과 옵션 등 세부 계약 조건은 공개하지 않기로 했다. 키움 구단 역사상 비FA 다년계약 가운데 최대 규모다. 키움은 지난해 시즌 도중 송성문과 6년 총액 120억 원 다년 계약을 맺었지만, 송성문이 포스팅을 신청해 MLB 샌디에이고 파드리스와 계약에 성공하면서 계약은 없던 일이 됐다. KBO리그 전체에서도 규모가 큰 계약이다. 류현진(8년 170억 원), 김광현(4년 151억 원), 구창모(7년 132억 원), 고영표(5년 107억 원), 박세웅(5년 90억 원)에 이어 역대 투수 비FA 다년계약 금액 6위에 해당한다. 다소 파격적인 계약이다. 2014년 신인드래프트 2차 1라운드 전체 4순위로 히어로즈의 지명을 받아 입단한 하영민은 지난해까지 통산 234경기(선발 75경기) 582⅔이닝을 던지며 31승 35패 9홀드 평균자책점 5.05를 기록했다. 부상과 군 복무로 2019~202년 3년간 공백이 있었다. 2023년까지는 5승(2022년)이 최다승이었고, 2014년 신인 때 던진 62⅓이닝이 최다 이닝이었다. 2024년과 2025년 선발 투수로 자리 잡았다. 키움 마운드에서 토종 에이스 노릇을 했다. 2024년 28경기 9승 8패 평균자책점 4.37이었고 2025년 28경기 7승 14패 평균자책점 4.99를 기록했다. 150⅓이닝, 153⅓이닝을 던졌다. 올해는 전반기에 13경기(선발 10경기) 등판해 3승 5패 평균자책점 4.16을 기록했다. 하영민은 지금까지 10승을 한 번도 해보지 못했고, 지난해까지 통산 평균자책점은 5.05였다. 냉정하게 보면, 지난 2년 잘했을 뿐이다. 그런데 KBO리그에 선발 투수가 귀한 편이다. 144이닝 규정이닝을 던지는 국내 선발 투수가 1명도 없는 구단도 있다. 지난해 규정이닝을 채운 토종 투수는 10명 뿐이었다. 하영민이 토종 이닝 5위였다. 2024년 토종 규정이닝 투수는 9명이었다. 지난 겨울 FA 시장에서 선발 투수의 몸값은 4년 70~80억 원 규모였다. 공급이 적고, 수요가 있으니 몸값은 올라간다. 키움은 향후 안우진이 해외 진출을 시도할 경우, 토종 선발 축이 없다. 정현우, 박준현 등이 성장하기까지 마운드의 중심을 잡아줄 선수가 필요하다. 하지만 하영민의 계약 기간 8년은 32세 시즌부터 39세 시즌까지다. 계약 기간 후반에는 부담이 될 수 있다. KBO는 내년부터 경쟁 균형제(샐러리캡) 하한액을 도입한다. 최근 2년간(2023~2024)의 구단별 보수 총액 상위 40명의 최하위 구단 평균 금액인 60억 6538만원이 하한액으로 결정됐다. 하한액을 채우지 못하면 벌금(유소년 발전기금)을 낸다. 키움은 2025년 경쟁 균형세가 43억 9756만원이었다. 하한액에 한참 모자란다. 하영민의 다년 계약으로 최대 10억원이 늘어난다. 키움은 ""하영민은 오랜 시간 팀과 함께 성장하며 자신의 가치를 증명한 프랜차이즈 선수다. 앞으로도 책임감을 갖고 팀을 대표하는 선수로 후배들의 본보기가 되어주길 기대한다""고 밝혔다. 하영민은 ""좋은 조건을 제시해준 구단에 진심으로 감사드린다. 무엇보다 영원한 히어로즈 선수로 남을 수 있는 기회를 얻게 돼 더욱 뜻깊다""며 ""큰 결정을 내려준 만큼 감사함과 함께 책임감도 크다. 팀이 더 높은 곳으로 올라갈 수 있도록 맡은 역할에 최선을 다하겠다. 항상 응원해주시는 팬들께도 좋은 모습으로 보답하겠다""고 소감을 전했다. /orange@osen.co.kr",https://v.daum.net/v/K5q6y2b0hx
2026.07.13 22:11,‘야구의 성지’ 잠실의 마지막 올스타전…새로운 별 탄생!,KBS,"[앵커] 잠실에서의 마지막 올스타전에선 차세대 대형 포수 허인서가 MVP로 뽑혔고 두산 박준순이 메이저리그급 수비를 뽐냈습니다. 잠실구장이 시즌 뒤 철거되면 2027년부터 2031년까지 서울팀들은 올림픽주경기장을 대체 홈구장으로 쓰게 됩니다. 하무림 기자입니다. [리포트] 김태형 감독의 반려견으로 분장한 황성빈이 그라운드를 누비자, 잠실구장이 웃음바다가 됩니다. 44년의 추억을 품은 잠실에서 열린 마지막 올스타전, 참신한 아이디어가 돋보인 스타들은 팬들을 위해 기꺼이 망가지며 웃음을 선사했고, 축제의 끝에는 한국 야구를 이끌 새로운 별이 탄생했습니다. 그 주인공은 메이저리그 최초 60홈런 포수 칼 랄리로 변신한 허인서, 스물세 번째 생일, 첫 올스타 무대에서 4안타를 터뜨리며 랄리 못지않은 불방망이를 휘둘렀습니다. 여기에 포수로 강력한 어깨를 뽐내며 도루왕 황성빈을 아웃시켜 최우수 선수의 영예를 안았습니다. [허인서/한화 : ""처음 올스타 나와서 바로 미스터 올스타 될 줄은 솔직히 생각도 못 했고, 후반기에 들어가서 팀에 좋은 보탬이 될 수 있도록 더 많이 노력하겠습니다.""] 두산의 떠오르는 스타 박준순은 강백호의 타구를 박찬호에 토스하는 창의적인 호수비를 선보였습니다. 특히 역사의 뒤안길로 사라질 날을 앞둔 잠실구장의 마지막 올스타전이었던 만큼, 잠실구장 이후의 시대를 빛낼 재능으로 박준순이란 이름 석 자를 각인시켰습니다. 잠실을 홈으로 쓰는 LG와 두산은 내년부터 2031년까지 서울 올림픽주경기장을 대체 홈구장으로 사용할 예정입니다. KBS 뉴스 하무림입니다. 영상편집:이태희 ■ 제보하기 ▷ 전화 : 02-781-1234, 4444 ▷ 이메일 : kbs1234@kbs.co.kr ▷ 카카오톡 : 'KBS제보' 검색, 채널 추가 ▷ 유튜브, 네이버에서도 KBS뉴스를 구독해주세요! 하무림 기자 (hagosu@kbs.co.kr)",https://v.daum.net/v/pJ3AzoiPlg
2026.07.13 22:09,"삼성, 우승청부사 ‘카우보이’ 영입…롯데도 대반격 시동",KBS,"[앵커] 프로야구 삼성이 새 외국인 카우보이 투수 페덱을 전격 영입하며 승부수를 띄웠습니다. 월드컵 기간 엄청난 상승세의 롯데도 후반기 대반격을 정조준하고 있습니다. 문영규 기자의 보도입니다. [리포트] 언제나 카우보이모자를 쓰고 출근하는 것으로 유명하지만 목동이 아니라 빅리그 통산 32승 투수 크리스 페덱입니다. 삼성이 우승 청부사로 전격 영입했는데, 입단 때도 카우보이모자와 함께했습니다. [크리스 페덱/삼성 : ""보시다시피 저는 텍사스 출신이라 별명은 보안관입니다. 삼성의 우승에 작은 힘이나마 보태고 싶습니다.""] 1, 2위 승률 차이가 단 2리에 불과한 상황에서 삼성은 새 외국인 투수란 승부수를 띄웠습니다. LG도 외국인 불펜 투수를 과감하게 영입했는데, 리오스의 활약이 기대에 미치지 못해 후반기 반전이 절실합니다. 순위 싸움이 뜨거웠던 것은 선두권만이 아닙니다. 중위권 다툼도 치열했는데 5위와 8위도 5경기 차 밖에 나지 않는 등 아직 어느 팀이 가을야구에 진출할지 예측하기 힘든 상황입니다. 특히, 월드컵 개막 전 야구장을 축구장으로 착각한 듯 공을 발로 차는 어이없는 실수를 남발하던 롯데가 최근 다른 팀이 됐습니다. 김태형 감독 특유의 선수단 장악력과 세밀한 전술 지시에 힘입어 월드컵 기간 약 6할 5푼의 승률을 거뒀고, 선발진도 탄탄해 후반기 대반격이 기대됩니다. [황성빈/롯데 : ""저는 할 수 있다고 생각하거든요. 어느 누가 저희가 하위권에 있는데 올라갈 수 있냐고 비웃어도 저는 그런 거 신경 안 쓰고요.""] 흥미로운 순위 레이스에 야구장엔 구름 관중이 몰렸습니다. 전반기 역대 최다인 약 763만 관중을 기록해 올 시즌 사상 첫 1300만 관중 돌파까지 노리고 있습니다. KBS 뉴스 문영규입니다. 영상편집:하동우/보도그래픽:김지혜 ■ 제보하기 ▷ 전화 : 02-781-1234, 4444 ▷ 이메일 : kbs1234@kbs.co.kr ▷ 카카오톡 : 'KBS제보' 검색, 채널 추가 ▷ 유튜브, 네이버에서도 KBS뉴스를 구독해주세요! 문영규 기자 (youngq@kbs.co.kr)",https://v.daum.net/v/GIS2CzUZy2
2026.07.13 21:54,"'욕해도 좋다. 한화가 5강 갈 것'...'한화맨' 정민철, '4할 5푼으론 가을야구 꿈도 꾸지 마' 롯데 디스?",마니아타임즈,"프로야구 후반기 순위 싸움이 본격화된 가운데, 한화 이글스의 '레전드'이자 전 단장 출신인 정민철 해설위원의 후반기 예측이 야구판을 뜨겁게 달구고 있다. 정 위원은 최근 한 유튜브 채널에 출연해 친정팀 한화의 극적인 가을야구 진입을 예상하는 동시에, 하위권 팀들을 향한 냉정한 독설을 퍼부어 팬들 사이에서 뜨거운 논란의 중심에 섰다. 이날 방송에서 정 위원은 후반기 5강 경쟁 구도를 전망하며 매우 구체적이고 과감한 시나리오를 제시했다. 그는 ""욕을 먹어도 좋다""며 배수의 진을 친 뒤, 전반기 부진을 딛고 현재 6위까지 치고 올라온 한화 이글스가 결국 5위 두산 베어스와 치열한 혈전을 벌이며 최종 5강 티켓을 거머쥘 것이라고 전망했다. 정 위원이 내세운 가장 강력한 근거는 한화의 핵타선이다. 강력한 타선의 힘이 뒷받침된다면 가을야구 막차를 타기에 충분하다는 계산이다. 반면 승률 4할 5푼대에 머물고 있는 롯데 자이언츠 등 중하위권 경쟁 팀들을 향해서는 잔인할 정도로 냉정한 진단을 내렸다. 정 위원은 4할 5푼대 팀들이 5강에 들기 위해서는 후반기에 몇 차례 굵직한 연승을 만들어내야만 가을야구를 할 수 있다고 지적했다. '편파 해설' 특히 친한화적 발언으로 논란을 일으켰던 정 위원의 이 같은 예상에 롯데 팬들이 어떻게 반응할지 주목된다. 한편 동석한 장성호 해설위원은 ""현재 순위표 그대로 갈 것""이라며 안전주의 스탠스를 취했다. [강해영 마니아타임즈 기자/hae2023@maniareport.com] 기사제보 및 보도자료 report@maniareport.com",https://v.daum.net/v/7sObjXYCG6
2026.07.13 21:50,"'206안타 페이스' 최원준 ""사실 200안타는 데뷔 때부터 꿈꾼 목표"" [HOT 인터뷰 ③]",스타뉴스,"[스타뉴스 | 신화섭 기자] KT 위즈 최원준(29)은 올 시즌 200안타에 도전장을 내밀고 있다. 전반기 79경기(개인 기준)에서 116안타를 때린 그는 이런 페이스(경기당 1.47개)를 유지한다면 산술적으로 최종 206안타가 가능하다는 계산이 나온다. 2014년 서건창(39·당시 넥센)의 201안타, 2024년 레이예스(32·롯데)의 202안타에 이어 역대 3번째 주인공이 될 수 있다. 지난 9일 수원 KT위즈파크에서 만난 최원준은 ""200안타는 프로 데뷔 때부터 꿈꾼 목표였다""고 털어놨다. [최원준 HOT 인터뷰] ① 독하게 이뤄낸 타율 1위 ""자꾸 '멘탈' 얘기... 내가 어떤 성적 내는지 보여주고 싶었다"" ② '공주' 최원준, ""원래 말이 많나요?"" 묻자→돌아온 뜻밖의 대답 ③ '206안타 페이스' 최원준 ""사실 200안타는 데뷔 때부터 꿈꾼 목표"" 2편에서 이어집니다. - 이제 '목표'에 대해 이야기를 해보죠. FA 이적 후 첫 시즌인 올해 어떤 목표를 갖고 시작했나요. ▶ 목표라는 게 계획해두면 쫓기게 되고 신경이 쓰일까 봐 디테일하게 정하지는 않는 편인데, 작년에 가장 못했고 이제 KT에서 손을 내밀어 이렇게 왔기 때문에 타율 3할에 150안타, OPS(출루율+장타율) 0.8 정도는 꼭 달성하고 싶다는 생각을 했습니다. - 현재로선 초과 달성이네요(타율 0.363, 116안타, OPS 0.950). 타격 순위에서도 타율과 출루율(0.441)은 1위, 안타 2위, 득점(68개) 4위로 최대 4관왕도 가능한 상황인데, 특별히 꼭 따내고 싶은 타이틀이 있다면요. ▶ 저는 사실 득점을 제일 좋아해요. 왜냐하면 득점을 해야 팀이 점수를 낼 수 있고 다른 타자의 타점도 올려주고, 야구가 어쨌든 홈에 들어와야 이기는 스포츠잖아요. 그래서 득점이라는 걸 항상 가장 중요하게 생각하면서 야구를 했던 것 같아요. (득점 부문에서 최원준은 공동 1위 LG 오스틴·한화 페라자·KIA 김도영의 69개에 단 1개 뒤져 있다.) 그런데 어떤 부문이든 지금 1등이라고 해도 그게 큰 의미가 있나 싶어요. 제가 하고 싶어하고 의식한다고 되는 것도 아니기 때문에, 그냥 제 할 것 하다 보면 하늘의 뜻으로 상을 탈 수도 있다고 생각하고 있어요. - 서울고 시절 'BIC(백인천) 0.412상'과 '이영민 타격상'을 받고 2016 신인 드래프트 2차 1라운드 전체 3순위로 지명됐습니다. 데뷔 당시 프로 선수로서 목표는 무엇이었나요. ▶ 처음 입단했을 때 가장 해보고 싶었던 목표는 한 시즌 200안타였습니다. (서)건창이 형이 (2014년) 적은 경기 수(128)에도 200안타를 달성하는 걸 보고 저도 나중에 꼭 그렇게 한 번 해보고 싶다는 꿈을 갖고 입단했던 것 같아요. - 올 시즌 좋은 기회가 온 것 같은데요. ▶ 너무 하고 싶고, 꼭 달성하고 싶고, 하면 너무 좋을 것 같아요. 근데 아까 말씀드렸다시피 제가 컨트롤할 수 있는 부분은 아니기 때문에.... 지금처럼 꾸준히 열심히 하다 보면 끝나고 나서 '아, 달성했구나' 할 수 있는 거라 생각합니다. - 팀 얘기도 해보죠. KT가 시즌 초반에 비해 다소 페이스가 떨어져 3위로 전반기를 마감했는데요. 분위기는 어떻습니까. ▶ 초반에 좋을 때랑 똑같은 것 같아요. 또 좋은 형들이 워낙 많이 있어서 분위기가 흔들리지 않게끔 버팀목이 돼주고 있고. 야구라는 게 이기고 싶다고 계속 이길 수는 없는 거니까.... 여전히 1등이라는 걸 포기하지 않고 달려가고 있고, 경기가 많이 남았기 때문에 흔들리지 않고 준비하고 있습니다. - 좀더 먼 미래에 관한 이야기인데요. 선수 생활은 몇 살 정도까지 하고 싶은가요. ▶ 누구나 꿈은 꿀 수 있는 거잖아요. 그래서 저는 (최)형우(43·삼성 라이온즈) 선배님보다는 하루라도 더 오래.... (웃음) 그게 가장 큰 목표인데, 현실적으로 좀 불가능한 얘기니까 항상 '마흔 살까지 할 수 있었으면 좋겠다' 라는 생각을 갖고 있는 것 같아요. - 남은 프로 선수 생활 동안 꼭 이루고 싶은 기록이 있나요. ▶ 그것도 스무 살 프로에 딱 들어올 때 '2000경기-2000안타는 꼭 하고 은퇴하고 싶다'는 생각이 있었어요. 할 수 있을지 모르겠지만 그런 목표는 있습니다. (현재 기록은 951경기 883안타) - 마지막으로 훗날 '최원준은 어떤 선수였다'고 기억되고 싶은가요. ▶ 팬분들이 보시기에 늘 성실하고 최선을 다하는 선수였다고.... 네, 그렇게 기억에 남았으면 좋겠어요. 신화섭 기자 evermyth@mtstarnews.com",https://v.daum.net/v/BZwCNHWIWA
2026.07.13 21:44,"“우승 목표, 55패 순조롭게 되고 있다” 전반기 1위 삼성, ML 32승 투수까지 데려왔다. LG 추격 막아낼까",OSEN,"[OSEN=한용섭 기자] 목표는 55패다. 박진만 삼성 감독은 올 시즌을 시작하며 목표 승수가 아닌 패수를 언급했다. 박진만 감독은 “계획한 목표는 55패”라고 했다. 삼성은 전반기에 85경기를 치러 51승 2무 32패(승률 .614)를 기록했다. LG(52승 33패, 승률 .613)에 승차없이 승률에 앞서 1위로 마쳤다. 박진만 감독은 전반기 마지막 경기를 치르며 “시즌 시작할 때부터 올해 목표를 승수 보다는 55패 계획을 했는데, 그 계획대로 순조롭게 가고 있는 것 같다. 후반기 제일 높은 곳으로 가기 위해서 더 치열하게 준비를 해야 될 것 같다”고 말했다. 삼성은 후반기에도 지금까지 승률을 유지해 간다면 목표로 했던 55패로 마칠 수 있다. 남은 59경기에서 35승 2무 22패(승률 .614)를 한다면, 86승 4무 54패(승률 .614)로 시즌을 마칠 수 있다. 승패 마진 +32, 우승 확률이 높은 숫자다. (염경엽 LG 감독은 승패 마진 +30을 목표로 하고 있다) 박 감독은 “1위를 목표로 했기 때문에, 시즌 전에 시작할 때 승패 마진을 따져서 예상 계획을 짰고, 전반기에 우리가 힘든 시기에도 승수를 계속 쌓았다는 거는 후반기에 완전체가 되면 승수도 조금 더 많이 딸 수도 있다. 후반기에 부상 선수도 복귀해 완전체가 되면 전반기보다는 조금 더 좋은 흐름으로 가지 않을까 생각한다”고 말했다. 후반기가 시작되면 유격수 이재현, 좌완 불펜 배찬승, 6선발 장찬희가 차례로 복귀할 계획이다. 불펜 필승조 최지광이 팔꿈치 굴곡근과 회내근 손상으로 6주 재활 진단을 받은 것이 악재이지만, 전반기에 비하면 부상 선수 숫자가 대폭 줄어든다. 박 감독은 “전반기에 부상 선수들도 있었지만 잘 버틴 것 같다. 전반기 한 달 이상 6선발 체제로 가면서 선발 투수들도 자기 몫을 충분히 해줬고, 후반기는 우리가 계획했던 대로, 그 이상 할 수 있도록 다시 한 번 정비를 잘해서 가야 될 것 같다”고 말했다. 삼성은 올스타 휴식기 때 외국인 투수를 교체하는 승부수를 던졌다. 시즌 개막부터 부상 대체 선수로 뛴 오러클린과 작별하고 ML 32승 투수 크리스 페덱을 영입했다. 오러클린은 17경기 5승 5패 평균자책점 4.86을 기록했는데, 시즌 초반 좋은 활약을 하다가 6월부터 체력 이슈로 페이스가 떨어졌다. 페덱은 메이저리그 통산 132경기(선발 119경기)에서 32승 43패, 평균자책점 4.83을 기록했다. 올해는 마이애미, 신시내티, 텍사스 3개팀에서 뛰며 14경기 7패 평균자책점 6.79를 기록했다. 빅리그에서는 구속이 떨어져 방출됐지만, KBO리그에서는 충분히 통할 거라는 기대감이 있다. /orange@osen.co.kr",https://v.daum.net/v/71bOX6fzCb
2026.07.13 21:35,"페덱의 지명할당→고우석 빅리그 데뷔, 삼성 우승의 이중 잠금장치가 풀렸다",스포츠조선,"[스포츠조선 정현석 기자]삼성 라이온즈 희망이 커진 올스타브레이크였다. 미국 발 두가지 낭보가 날아들었기 때문이다. 메이저리그 통산 32승에 빛나는 선발 투수 크리스 패덱(30)의 영입과 고우석(28)의 미네소타 트윈스행에 이은 빅리그 데뷔 소식. 두가지 사건 모두 삼성의 호재였다. 대권 도전의 '이중 잠금장치'가 풀리는 순간이기도 했다. ▶고우석 빅리그 행, 흔들리는 손주영 '선발 복귀' 마스터플랜 고우석이 디트로이트 타이거즈를 떠나 미네소타 트윈스로 전격 트레이드 되며 꿈에도 바라던 빅리그 마운드를 밟았다. '인동초' 처럼 견뎌온 고우석 개인에게는 눈물겨운 인간 승리이자 경사지만, 시즌 중 KBO리그 복귀를 내심 기다리던 친정팀 LG 트윈스 입장에서는 축하해줄 수만은 없는 소식이었다. LG는 시즌 초반 마무리 유영찬의 부상 이탈 이후 선발 요원이던 손주영을 마무리로 돌려 뒷문을 막고 있다. 마이너리그에서 기회를 잡지 못하던 고우석이 복귀하면 마무리를 맡기고, 손주영을 다시 선발로 복귀시키는 시나리오가 유력했다. 전반기 차명석 단장이 직접 미국으로 날아가 구체적 설득 작업을 벌였고, 염경엽 감독도 통화를 했을 만큼 공을 들였다. 그러나 고우석의 미네소타행으로 복귀 시나리오는 끝내 사라지고 말았다. 손주영이 시즌 끝까지 마무리를 맡아야 할 가능성이 커졌다. 치리노스 대체 외인으로 새로 영입한 광속구 투수 리오스가 있지만, 현재 가장 큰 위기 상황에 먼저 등판하는 불펜 에이스 카드로 활용중이다. 평균자책점 4.11로 아직까지는 압도적 모습도 아니다. 고우석 복귀 불발은 삼성에 비해 선발진 무게감이 떨어지는 상황 속 선발진 강화의 열쇠 하나를 잃어버린 셈이다. ▶크리스 패덱 영입 성공, 선택가능한 최고의 '우승 청부사' 카드 LG의 계획이 어그러진 사이, 선두 삼성에게는 하늘이 내린 기회가 찾아왔다. 메이저리그 텍사스 레인저스에서 지명할당(DFA)된 크리스 패덱을 끈질긴 설득 끝에 영입에 성공했다. 샌디에이고 파드리스와 미네소타 트윈스 등을 거치며 빅리그 통산 132경기(선발 119경기)에서 32승을 거둔 우승청부사. 삼성은 지난 11일 페덱과 47만 3333달러에 계약을 체결했다고 공식 발표했다. 앞서 부상 대체 외인 잭 오러클린의 계약을 단기로 쪼개며 외인 교체 카드를 아껴두고 있던 삼성 프런트의 인내심이 빛을 발한 순간이었다. ▶미안, 우승은 우리가 할게...불펜 새 아쿼 날개까지 다나 이번 페덱 영입은 전반기 마지막 맞대결 승리로 승차 없는 1위로 마친 삼성의 우승 의지를 구체화 한 '사건'이었다. 페덱 영입으로 선발진 우위를 점한 삼성은 쉴 틈 없이 불펜 보강에 눈길을 돌리고 있다. 미야지 대체 아시아쿼터 선수 찾기에 분주하다. 이종열 단장은 ""새로운 대체 선수를 찾든, 단점을 고쳐서 같이 가든, 이번 (올스타) 브레이크 기간 중에 마무리를 지으려고 한다""며 ""스카우트 팀에 '우리에게 정말 필요한 선수가 있느냐 없느냐만 집중해서 찾자'고 주문했다. 현재 일본 뿐 아니라 대만, 호주까지 두루 살펴보고 있다""고 설명했다. 강력한 대권 경쟁자인 LG의 고우석 영입이 물 건너간 건 삼성에 1차 호재였다. 여기에 우승청부사 패덱의 영입 성공은 2차 호재다. 과연 삼성이 미야지 대체 아쿼 영입에 성공하며 불펜 강화까지 이뤄낼 수 있을까. 최상위권 판도를 가를 주요 변수다. 정현석 기자 hschung@sportschosun.com",https://v.daum.net/v/XiL2qgnQzk
2026.07.13 21:25,"꽉 채운 전반기, 1승이면 바뀌는 역사…한화의 '유일 선택' 틀리지 않았다, ""후반기도 궁금하네요""",스포츠조선,"[스포츠조선 이종서 기자] ""한 경기도 쉬어야겠다는 생각을 한 적이 없습니다."" 한화 이글스는 올 시즌 시행되는 아시아쿼터 제도에서 '대만인 투수'를 영입했다. 10개 구단 중 유일한 선택. 2018년 NC 다이노스가 외국인선수로 영입했던 왕웨이중에 이은 KBO리그 두 번째 대만 선수였다. 왕옌청을 향해서는 복수의 구단이 관심을 보였다. 2019년 일본 프로야구(NPB) 라쿠텐 골든이글스에서 뛰면서 일본 야구의 경험을 쌓아왔다. 150㎞대의 빠른 공과 더불어 커브 슬라이더 스위퍼 체인지업 등 변화구 완성도도 높다는 평가였다. 한화가 일찌감치 움직이면서 왕옌청 영입에 성공했다. 왕옌청은 아시아쿼터 선수 중 최고의 활약을 펼쳤다. 17경기에 등판해 7승3패 평균자책점 3.59의 성적을 남겼다. 개막 후 10경기 동안은 5이닝 미만의 피칭이 단 한 차례도 없었다. 시즌을 거듭할수록 체력적인 부침이 보이기도 했지만, 전반기 로테이션을 거르지 않고 경기를 모두 소화했다. 왕옌청이 거둔 7승은 왕웨이중이 2018년 기록했던 7승과 타이 기록이다. 1승을 더하면 KBO리그 대만인 최다승 기록도 품게 된다. 왕옌청은 전반기를 돌아보며 ""괜찮았던 반년이었던 거 같다""고 했다. 왕옌청은 지난 8일 대전 NC전에 등판할 예정이었지만, 비로 인해서 등판이 불발됐다. 전반기 최종전이었던 9일 불펜으로 활용할 수도 있었지만, 김경문 한화 감독은 휴식을 주기로 결정했다. 김 감독은 ""이미 휴식을 줬어야 했다. 그래도 본인이 워낙 괜찮다고 해서 휴식없이 전반기를 모두 소화했다""라며 ""그래서 이번 기회에 아예 경기조에서 빼서 자연스럽게 휴식을 취하게 했다""고 설명했다. 그만큼, 왕옌청은 꽉 채운 전반기를 보냈다. 왕옌청은 체력 이야기에 ""전반기를 치르면서 한 경기라도 쉬어야겠다는 생각을 한 적이 없다. 체력적인 부분에서 트레이닝 파트, 코치님과 많이 상의를 했다. 한 경기도 빠지고 싶지 않은 마음이 컸다. 한 경기 한 경기가 소중하다는 생각으로 전반기를 임했다""고 이야기했다. 올스타 브레이크를 맞아 ""푹 쉬겠다""고 밝힌 왕옌청은 후반기 활약도 함께 다짐했다. 대만에서도 왕옌청의 피칭은 최고의 관심사다. KBO 중계 서비스를 공식적으로 제공하기도 했다. 1승이면 KBO리그에 대만인 선수 새 역사를 쓰게되는 왕옌청은 ""그동안 7승도 중요하지만, 앞으로 있을 1승 1승이 더 중요하다고 생각한다. 그러나 무엇보다 팀이 이길 수 있도록 하는 게 가장 우선""이라고 했다. 왕옌청은 이어 ""볼넷, 투구수, 평균자책점 등에서 만족하지 못했다. 기록적인 부분에 있어서 조금 더 발전할 수 있도록 하겠다""라며 ""후반기에는 어떤 새로운 것을 배울 수 있을지가 궁금하다""고 각오를 밝혔다. 이종서 기자 bellstop@sportschosun.com",https://v.daum.net/v/Vm5hMImjp0
2026.07.13 21:24,"'창단 첫 5만 관중 돌파'...울산 웨일즈, 17일 최지만 팬사인회 등 특별 이벤트 개최",일간스포츠,"KBO리그 최초의 시민구단 울산 웨일즈가 창단 첫 시즌 홈 5만 관중 돌파를 기념해 울산팬들을 위한 이벤트를 준비했다. 구단은 오는 17일 오후 6시 울산 문수구장에서 열리는 삼성 라이온즈 퓨처스팀과의 홈 경기에서 다양한 이벤트를 연다고 13일 밝혔다. 올해부터 퓨처스리그에 가세한 울산은 지난 5일 홈 관중 5만명 돌파 소식을 전한 바 있다. 17일 빅이벤트는 메이저리거 출신 울산 소속 선수 최지만의 첫 단독 팬 사인회다. 더불어 구단 최초 퓨처스 올스타인 나가 타이세이, 알렉스 홀, 김서원, 노강민 등 4인 합동 팬 사인회도 열린다. 이 경기를 예매하는 이들을 대상으로 울산이 승리하면 ‘울산페이 100% 페이백’ 프로모션을 진행한다. 프리미엄석 예매자에게는 선수단의 훈련을 가까이서 직접 볼 수 있는 ‘그라운드 배팅 연습 참관’ 기회를 제공하기도 한다. 이밖에 스폰서사가 제공하는 경품이 쏟아진다. 여기에 날짜(7월 17일)를 기념, 울산이 안타 7개·홈런 1개·탈삼진 7개 중 단 하나라도 달성할 경우, 당일 입장한 전 관객에게 다음 홈 경기 시리즈(25~27일 두산 베어스전) 중 한 경기에 한해 내야지정석 무료 초청 티켓을 증정한다. 김동진 울산 단장은 ""KBO 최초의 시민구단으로 출범한 첫해에 역사적인 누적 5만 관중을 돌파할 수 있도록 문수야구장을 채워주신 울산 시민들과 팬 여러분께 깊이 감사드린다. 보내주신 사랑에 보답하기 위해 감사 혜택을 준비한 만큼, 많은 분들이 방문하셔서 선수단과 함께 즐거운 추억을 만드시길 바란다""라고 했다. 안희수 기자 anheesoo@edaily.co.kr",https://v.daum.net/v/2mTSehOcr5
2026.07.13 21:13,“이제 좀 대화가 통하네”…네일·올러 최고 외국인 투수 듀오 ‘시너지’,스포츠동아,"[스포츠동아 박정현 기자] 제임스 네일(33)과 아담 올러(32·이상 KIA 타이거즈)가 많은 대화를 나누며 동반 성장하고 있다. 네일과 올러는 KIA 선발진의 중심축이다. 네일은 올해 정규시즌 18경기서 5승5패, 평균자책점(ERA) 3.77을 기록했다. 올러는 16경기에 등판해 9승5패, ERA 2.36을 마크했다. 둘은 원투펀치의 위력을 과시했다. 올러는 퀄리티스타트(QS·선발 6이닝 이상 3자책점 이하 투구) 11회, 네일은 10회를 해냈다. 외국인 투수 2명이 모두 두 자릿수 QS를 작성한 구단은 KIA가 유일하다. 2025시즌부터 2년째 함께하는 네일과 올러는 꾸준한 대화를 통해 맹활약하고 있다. 지난해는 KBO리그 2년차 네일이 1년차 올러에게 조언하는 비중이 컸다. 하지만 올해는 다르다. KBO리그를 경험하며 쌓은 노하우를 공유하고 있다. 네일은 “이제는 의견을 주고받는 사이가 됐다. 서로에게 피드백을 하며 보완하려는 마음이 좋은 결과로 이어졌다”고 말했다. 이어 “올러는 정말 재능이 있는 투수다. 지난해 볼넷이 많아 고전했지만 올해는 공격적인 투구로 맹활약하고 있다”고 말했다. 올러는 네일과의 시너지에 대해 “등판 결과가 좋지 않을 때 투구 내용을 공유하며 이겨내려고 한다. 좋은 관계를 유지하고 있다”고 밝혔다. 네일과 올러는 KIA의 최고 외국인 투수 조합으로 불리는 아킬리노 로페즈(51)와 릭 구톰슨(49·이상 은퇴)을 뛰어 넘으려고 한다. 로페즈와 구톰슨은 KIA(전신 해태시절 포함) 구단 역사상 최초로 단일 시즌 두 자릿수 선발승과 3점대 ERA를 모두 해낸 외국인 투수 조합이다. 둘은 2009년 팀의 통합 우승(정규리그+한국시리즈)을 책임졌다. 올러는 “네일과 함께 KIA 최고의 원투펀치가 된다면 재밌을 것 같다. 벌써 자부심이 느껴진다”며 “우리는 상대 에이스와 경쟁을 즐긴다. 팀의 역사에 남을 수 있다면 큰 영광”이라고 기대했다. 올러 개인적으로는 투수 부문 타이틀 획득에도 도전한다. 그는 전반기를 다승 공동 1위, ERA와 탈삼진(108탈삼진) 2위로 마쳤다. 후반기 활약에 따라 트리플 크라운(3관왕)도 가능하다. 그는 “트리플 크라운을 하면 좋지만 욕심은 없다. 기량이 뛰어난 한국 투수들이 많아 쉽게 이뤄낼 수 없을 듯하다”며 “후반기에도 전반기 성적을 유지하고 싶다. 이대로만 해내도 성공적으로 시즌을 마무리할 수 있다”고 다짐했 박정현 기자 pjh60800@donga.com",https://v.daum.net/v/HwF0G42u7o
2026.07.13 21:13,[IS 피플] 골든포토상 예약?...올해도 황성빈은 김태형 감독의 웃음버튼,일간스포츠,"올해 프로야구 포토제닉을 예약했다. 김태형(59) 롯데 자이언츠 감독과 소속 외야수 황성빈(29)의 케미스트리가 또 빛났다. 황성빈은 지난 11일 서울 잠실구장에서 열린 2026 KBO리그 올스타전에서 베스트 퍼포먼스상을 수상했다. 5회 말 드림 올스타 대주자로 교체 출전한 그는 7회 타석을 앞두고 강아지 머리띠를 착용하고, 개껌 인형을 입에 문 뒤 그라운드에 등장했다. 2년 전 라이더 퍼포먼스로 이미 베스트 퍼포먼스상을 수상했던 그가 다시 '마성'을 드러냈다. 황성빈의 퍼포먼스를 빛나게 만든 건 김태형 감독이었다. 평소 애견가로 알려진 김 감독이 황성빈이 건넨 목줄을 쥐었다. 소속 선수의 부탁에 그라운드에 나선 그는 민망한 듯 몇 번이나 웃음을 참지 못했다. 목줄을 제대로 쥐지도 못하고 어정쩡한 손 모양과 자세로 서 있는 김 감독의 모습이 더 큰 웃음을 자아냈다. 황성빈은 김태형 감독의 '웃음 버튼'이다. 황성빈은 주루나 수비에서 미스를 범해 크게 혼나도 주눅 들지 않는다. 오히려 김태형 감독이 멋쩍어 웃게 만든다. 김 감독도 뒤끝이 없다. 그렇다 보니, 팬이나 다른 선수들이 봤을 때 심각해 보이는 기류도 이내 사라진다. 2024년 6월 27일 KIA 타이거즈전에서도 김 감독이 외야 타구에 리터치를 제대로 하지 않은 황성빈을 향해 더그아웃에서 화를 냈지만, 결국 더그아웃에 들어온 그를 향해 날린 건 애정 섞인 '꿀밤'이었다. '카리스마형' 김태형 감독에게 넉살을 부릴 수 있는 소속 선수는 많지 않다. 지난 시즌까지는 정훈(은퇴)이 그런 존재였다. 정훈은 홈런을 치고 더그아웃을 들어온 자신을 김 감독이 반기지 않고 다른 곳을 향해 시선을 두자 손으로 그의 엉덩이를 때렸다. 코치도 못할 일이었다. 정훈은 최근 공식 은퇴식을 가졌다. 현재 해설위원으로 활동 중이다. 현재 롯데 더그아웃에 정훈을 대신할 선수는 황성빈뿐이다. 김태형 감독은 넉살 있고 멘털이 강한 선수를 좋아한다. 롯데는 전반기 마지막 3주 동안 7할 승률을 기록하며 반등, 포스트시즌 진출 희망을 높였다. 황성빈은 시즌 초반에 비해 좋은 경기력을 보여주며 자신의 자리(1번 타자)를 굳혔다. 김태형 감독과 황성빈의 케미스트리가 롯데의 순위 경쟁에도 긍정적인 영향을 미칠지 시선이 모인다. 안희수 기자 anheesoo@edaily.co.kr",https://v.daum.net/v/bLWGCzUZEU
2026.07.13 21:09,"약속 지켰다 두산 양의지 퍼포먼스 ""I.O.I 차트 1위했으니 우리도 1위 올라가야죠""",마이데일리,"[마이데일리 = 류한준 기자] 반환점을 돈 KBO리그는 후반기 일정을 앞두고 있다. 순위 경쟁이 한층 치열해질 전망인 가운데 각 팀 선수들은 길진 않지만 올스타 휴식기를 통해 후반기 준비에 들어갔다. 이런 가운데 지난 11일 잠실구장에선 2026 KBO리그 올스타전이 열렸다. 이번 올스타전 최다 득표 주인공 양의지(두산 베어스)도 이날 드림올스타 일원으로 팬들과 만났다. 그는 당시 현장 취재진과 가진 인터뷰를 통해 후반기를 앞둔 각오를 밝혔다. 양의지는 ""그룹 아이오아이(I.O.I)가 부른 노래를 잘 알고 있다""고 말했다. 전반기 팬들로부터 많은 화제를 모은 '자려고 누웠는데 양의지'라는 밈(meme) 때문이다. I.O.I가 부른 노래 '갑자기' 가사 중 '자려고 누웠는데 갑자기'가 양의지 응원가 멜로디인 '두산의 안방마님 양의지'와 비슷하다는 점에서 시작됐다. 양의지는 ""I.O.I가 해당 곡으로 차트 1위를 한 것을 알고 있다. 정말 축하한다""며 ""나도 그렇고 우리팀도 힘을 내 후반기엔 1위로 올라갈 수 있도록 힘을 내겠다""고 각오를 전했다. 그러면서 ""(가사에 어울리는) 퍼포먼스를 보이겠다""고 덧붙였다. 양의지는 약속을 지켰다. 드림올스타 포수 겸 6번 타자로 선발 라인업에 이름을 올렸고 2회말 2사 주자 없는 가운데 맞이한 첫 번째 타석에 등장하기 전 잠옷을 입고 소속팀 마스코트를 손에 들고 나와 잠실구장을 가득 메운 팬들로부터 큰 환호성과 박수를 받았다. 두산은 44승 2무 41패라는 성적으로 5위에 자리하며 전반기를 마쳤다. 1위 삼성 라이온즈(51승 2무 32패) 2위 LG 트윈스(52승 33패)와 승차는 8경기다. 승차가 꽤 나는 편이지만 그렇다고 해서 아직 순위 경쟁을 접을 상황은 아니다. 양의지의 언급처럼 두산이 어디까지 올라갈지 지켜보는 것도 후반기 관전 포인트 중 하나다. 류한준 기자 hantaeng@mydaily.co.kr",https://v.daum.net/v/pgH5AZGhw2
2026.07.13 20:42,"'AI도 찍었다' 16년 만에 포수 신인왕 예감, 허인서 '21홈런+78타점+포수 프리미엄'... 대항마는 박준현보다 김민준",스타뉴스,"[스타뉴스 | 안호근 기자] 전반기가 종료되고 후반기 60여 경기씩을 남겨둔 상황. 과연 최고의 샛별은 누가 될까. 유력 후보들의 전반기 기록을 바탕으로 생성형 인공지능(AI) 프로그램을 통해 알아봤다. 가장 유력한 후보는 '중고 신인' 포수 허인서(23·한화 이글스)다. 2022년 신인 드래프트 2차 2라운드 전체 11순위로 한화에 입단해 일찌감치 국군체육부대(상무)에 입대한 뒤 지난해 전역 후 복귀했으나 출전 기록이 적어 신인왕 자격이 유지됐다. 신인상은 당해 입단한 선수를 비롯해 최근 5년 이내 입단한 선수 중 누적 기록이 투수는 30이닝, 타자는 60타석을 넘지 않는 모든 선수가 포함된다. 허인서는 지난해까지 총 49타석에 들어섰다. 올 시즌 허인서는 폭발력 있는 타격을 바탕으로 단숨에 한화 주전 안방마님 자리를 꿰찼다. 73경기에서 타율 0.292(212타수 62안타) 12홈런 45타점 39득점, 출루율 0.369, 장타율 0.495, OPS(출루율+장타율) 0.864로 활약했다. 메이저리그(MLB)를 대표하는 공격형 포수 칼 랄리(시애틀)에서 따온 '허랄리'라는 별명을 얻었고 올스타전에도 출전해 5타수 4안타 1타점 1득점 활약하며 미스터 올스타로도 선정됐다. AI가 허인서를 신인상 1순위로 꼽은 이유는 '독보적인 스탯과 생산성', '영양가 높은 타격과 서사'에 있었다. 수비 부담이 가장 큰 포수로 활약하면서도 타격에서 높은 생산성을 자랑했고 득점권 타율이 0.396에 달할 만큼 클러치 능력을 뽐내며 강렬한 임팩트를 남겼다는 것이다. 2010년 양의지(두산) 이후 16년 만의 포수로서 신인상을 받을 수 있을지에도 큰 관심이 쏟아지고 있는 상황이다. 물론 아직 60경기 가량을 남겨두고 있기 때문에 단정하긴 어렵다. 그만큼 기대가 되는 또 다른 신인들이 있기 때문이다. 그 중 하나는 무시무시한 강속구를 뿌리는 박준현(19·키움 히어로즈)이다. 북일고 출신 투수로 계약금 7억원을 받고 키움에 입단한 전체 1순위 박준현은 시즌 개막 후 한 달여 후인 지난 4월 26일 프로 데뷔전에 나서 곧바로 5이닝 무실점 호투하며 승리를 챙겼다. 이후 꾸준히 선발 로테이션을 지킨 박준현은 승운이 따르지 않으며 4연패에 빠져 있지만 10경기에서 49이닝을 소화하며 평균자책점(ERA) 3.67, 피안타율 0.231을 기록 중이다. 퀄리티스타트도 두 차례 달성했다. 최고 시속 160㎞에 육박하는 빠른 공을 뿌리는 투수라는 점도 시선을 사로잡는 이유다. 다만 AI는 박준현이 강력한 경쟁자 허인서를 제치고 신인왕을 차지하기 위해선 단 1승에 그쳐 있는 승리를 더 쌓아야 한다는 점을 강조했다. 충분히 일리 있는 말이다. 역대 신인왕을 차지했던 선발 투수들을 보면 2023년 문동주(한화)가 8승, 2021년 이의리(KIA)가 4승, 2020년 소형준(KT)이 13승, 2016년 신재영(은퇴·전 넥센)이 15승, 2013년 이재학(NC)이 10승 등 이의리를 제외하면 10승 가량을 거둬야 한다는 걸 알 수 있다. 그렇지 않을 경우 선발 투수는 매일 같이 출전할 수 있는 타자에 비해 불리하다는 게 중론이다. 경남고를 거쳐 3라운드 전체 29순위로 삼성의 지명을 받은 장찬희(19)는 시즌 초반 불펜에서 활약하다가 4월말부터 꾸준히 선발로 나서고 있다. 18경기에서 4승 4패, ERA 4.58을 기록 중인데 선발로는 8경기 중 4차례만 5이닝 이상을 소화했다. 박준현에 비해 많은 승리를 거둔 이점이지만 전반기 막판 겪은 팔꿈치 통증 회복이 관건이다. 박진만 감독은 복귀 후 우선 롱릴리프로 활용할 것이라고 했는데 이 점도 신인왕 레이스엔 불리한 요소로 작용할 가능성이 있다. 대구고 졸업 후 1라운드 5순위로 SSG에 지명된 김민준(19)도 다크호스로 꼽혔다. 부상으로 지난달 9일에서야 데뷔전을 치렀는데 5경기에서 모두 선발 등판해 23⅔이닝을 소화하며 2승 1패, ERA 4.18로 날아올랐다. 지난 7일 두산 베어스전에선 6이닝 무실점 호투를 펼치며 팀의 9연패를 끊어내며 주목을 받았다. 20개의 삼진을 잡아냈고 피안타율은 0.225, 이닝당 출루허용(WHIP)은 1.35를 기록 중이다. 아직 표본이 너무 적다는 게 변수다. AI는 만약 지금의 기세를 꾸준히 펼칠 수 있다면 김민준이 허인서의 가장 강력한 경쟁자가 될 수도 있을 것이라고 전망했다. 더불어 AI는 이들의 성적과 각종 지표를 바탕으로 올 시즌 예상 성적을 내놨다. 허인서는 120경기 출전, 타율 0.283 21홈런 78타점, OPS 0.815를 기록할 것이라고 했다. 출전 경기 수나 수치가 현재의 페이스 대비 다소 아쉬운 수준인 이유에 대해선 ""1군 풀타임 첫해를 소화하는 포수로서 체력 소모가 극심해 후반기로 갈수록 타격 지표가 소폭 하락할 것으로 예상된다""면서 ""하지만 전반기 보여준 탁월한 득점권 집중력과 장타력을 고려하면 누적 스탯은 꾸준히 쌓일 것이다. 최종적으로 '20홈런 고지를 밟은 주전 포수'라는 강력한 프리미엄을 완성할 것""이라고 전했다. 박준현은 최종 23경기에서 115이닝을 소화하며 5승 9패, ERA 3.85를 기록할 것이라고 예상했다. AI는 ""빠른 공을 앞세워 안정적으로 로테이션을 소화하겠지만 불운이 이어지며 10승 달성은 현실적으로 어려울 것""이라며 ""규정 이닝 도달도 어렵겠지만 100이닝 이상을 책임지며 선발 투수로서 가치는 충분히 입증할 것""이라고 밝혔다. 장찬희는 선발과 불펜을 오가며 35경기에서 65이닝 5승 5패 6홀드, ERA 4.30을 예상했다. ""선발에서 불펜으로 보직이 변경되면 선발승과 이닝 누적 속도가 급격히 떨어진다""며 ""짧은 이닝을 전력으로 던지게 되면서 안정감은 더 높아질 것""이라고 예상했다. 김민준에 대한 기대치가 확실히 높았다. 17경기에서 85이닝 동안 7승 4패, ERA 3.95로 시즌을 마감할 것이라고 전망했다. ""9연패를 끊어낸 강심장과 높은 탈삼진 능력을 바탕으로 후반기 투수 루키 중 가장 매서운 상승세를 탈 다크호스""라며 ""다만 데뷔 자체가 늦어 등판 횟수에 한계가 있다""고 전했다. 안호근 기자 oranc317@mtstarnews.com",https://v.daum.net/v/WxEOitZvyS
2026.07.13 20:01,"'청룡기 MVP' 서정휘 ""청주에선 오재원인 줄 알고 사인 요청도 받아요"" [IS 인터뷰]",일간스포츠,"""청룡을 품으니 야구 인생의 목표가 달라졌어요."" 제81회 청룡기 전국고교야구선수권대회 겸 주말리그 왕중왕전에서 대회 최우수선수(MVP)로 선정된 세광고 우투우타 내야수인 서정휘(18)가 입을 꽉 깨물며 말했다. 세광고 5번 타자·2루수인 서정휘는 최근 목동야구장에서 끝난 청룡기 대회 5경기에 출전해 타율 0.529(17타수 9안타) 7타점 7득점 5도루 맹활약을 펼쳐 대회 MVP에 선정됐다. 12일 경북고와 벌인 결승전에서도 4타수 2안타 1볼넷 1도루를 기록했다. 1회 초 2사 2·3루 상황에서 좌익수 앞 1타점 적시타를 쳐 이날 경기 결승타의 주인공이 됐다. MVP에 선정된 뒤 일간스포츠와 만난 서정휘는 ""MVP가 될 거라고 전혀 예상 못했다. 팀이 계속 이겼으면 좋겠다고만 생각했는데, 팀도 우승하고 나 또한 이러한 큰 상을 받으니 기분이 너무 좋다""며 ""MVP 트로피를 받았다는 게 실감이 나지 않는다. 들어 보니 깃털처럼 가볍더라. 집에 있는 장식대 가장 잘 보이는 곳에 두고 가보로 간직할 거""라며 웃었다. 청룡기를 비롯해 후반기부터 대반전을 일으키며 야구 인생의 새 전환점을 마련한 서정휘다. 그는 전반기까지는 대학 진학을 우선적으로 고려했다. 봉황대기에서 타율 0.125에 그치는 등 성적이 기대에 미치지 못해 프로 구단의 눈길을 사로잡지 못했다. 주말리그 후반기부터 타격감이 올라왔다. 주말리그서 4할대 타율(0.412)을 기록, 충청권 MVP에 오른 기세가 청룡기까지 이어졌다. 타격자세 변경이 주효했다. 서정휘는 전반기까지는 방망이를 어깨에 얹어놓고 쳤다가, 후반기부터는 배트를 들고 치는 폼으로 바꿨다. 그는 ""어차피 (테이크백 후 스트라이드를 할 때) 방망이를 톱(TOP) 포지션까지 올려야 하지 않나. 어깨에 얹어놓고 치면 타격할 때 급해지고, 톱 포지션을 잡지 못하는 문제가 발생했다""고 설명했다. 불필요한 동작을 줄이면서, 타격 타이밍이 한층 여유를 찾았다는 거다. 야구를 대하는 마음가짐 변화도 서정휘의 반전을 이끈 한 부분이다. 그는 ""멘털 변화도 컸다. 타석에서 소극적으로 하는 것 대신 (투수와의) 싸움을 좀 더 잘하려고 했다""라며 ""시즌 초반에는 '잘해야겠다'는 부담이 많았다. 욕심이 컸다. 조금 마음을 내려놓다 보니까, 청룡기 대회 시작하고 나서 계속 안타가 나오니 타격감이 좋아졌다""고 돌아봤다. 서정휘는 세광고가 위치한 충북 청주에서 '인기 스타'다. 눈썹이 유독 진해 한화 이글스의 문현빈과 오재원을 닮았다는 이야기도 듣는다고. 서정휘는 ""청주에서 다니다 보면, '오재원 선수 아니냐' '사인해 달라'는 이야기를 종종 들었다""며 ""오재원 선배와 고교야구 경기 때 마주친 적 있는데, 선배가 나한테 '너도 나처럼 눈썹 진하네'라며 농담하기도 했다""며 수줍어했다. 청룡기 MVP 트로피를 품에 안으며, 대학 진학 대신 프로 진출을 꿈꾸게 된 서정휘. 올 시즌 도루 19개를 기록할 만큼 빠른 발을 가진 그의 목표는 문현빈과 오재원처럼 프로 무대에서 그라운드를 휘젓는 거다. 서정휘는 ""우선 프로 지명을 받는 것이 가장 중요하겠다. 어느 팀에서든 지명해 주신다면 정말 감사한 마음으로 열심히 할 생각""이라고 각오를 밝혔다. 목동=김영서 기자 zerostop@edaily.co.kr",https://v.daum.net/v/PCh4gpFYIt
2026.07.13 20:01,"""내가 할 수 있을까 생각했지만…"" 프로 6년 만에 필승조 등극→홀드왕 도전장, LG '150km 사이드암' 이제 물음표 지웠다",엑스포츠뉴스,"(엑스포츠뉴스 양정웅 기자) 지난해까지 프로 5년 동안 1군 단 28경기에 등판했던 투수가, 올해는 디펜딩 챔피언의 필승조로 활약 중이다. 생애 첫 올스타에, 홀드왕 도전에 나서는 우강훈(LG 트윈스)의 2026시즌은 꽃길이 이어지고 있다. 올해 전반기 우강훈은 40경기에 등판, 승리 없이 1패 15홀드 평균자책점 3.82, 35⅓이닝 35탈삼진을 기록 중이다. 피안타율 0.216, 이닝당 출루허용률(WHIP) 1.10으로 뛰어난 세부 지표를 보이고 있다. 특히 홀드 부문에서는 팀 동료 김진성(16홀드)에 이어 2위를 달리고 있다. 지난해까지 통산 홀드가 하나도 없던 선수의 기록이라고는 믿기지 않는 수치다. 지난 2021년 롯데 자이언츠에 입단한 우강훈은 프로에 들어오기 전 토미 존 수술(팔꿈치 인대 접합 수술)을 받으며 재활에 매달렸고, 육군 현역병으로 군 복무를 마친 후 2023년 말 1군에 데뷔했다. 이후 이듬해 3월 손호영과 트레이드돼 LG 유니폼을 입었다. 그동안 150km/h가 넘는 사이드암으로 기대를 모았던 우강훈이지만 제구 문제가 단조로운 레퍼토리가 발목을 잡았다. 하지만 올해는 초반부터 안정감을 보여줬고, 결국 생애 첫 올스타에 선정되는 기쁨을 누렸다. 최근 엑스포츠뉴스와 만난 우강훈은 ""올스타라는 건 야구를 하면서 매우 뜻깊은 자리다. 베스트12에는 뽑히지 못했더라도 2위를 했다는 게 크다""라며 ""내년, 내후년에도 계속 참가할 수 있도록 열심히 하겠다""고 밝혔다. 지난해 올스타전에서 후배 박명근이 했던 '소년 명수' 퍼포먼스가 가장 인상깊었다는 우강훈은 ""준비는 했는데, 그 정도의 압도감은 없는 것 같다""며 웃었다. 그는 올스타전에서 등장곡인 영화 '토르' 주제곡에 맞춰 분장을 하고 나왔다. 첫 올스타 출전에 온 가족이 출동했다. 우강훈은 ""가족들과 할머니, 할아버지, 고모, 고모부 다 오셨다""며 ""올스타전에 나가는 모습을 보여드려서 너무 좋다""고 얘기했다. 전반기를 돌아본 우강훈은 ""초반에 '내가 할 수 있을까'라고 의문을 가졌다""며 ""이렇게 계속 시간이 지나면서 몸 상태도 알게 되고, 꾸준히 나가다 보니까 아프지도 않다""고 했다. 그러면서 ""이제 지금 루틴대로 꾸준히 하면 완주할 수 있겠다는 생각이 많이 든다. 전반기 초반에는 조금 힘들었지만 돌아보면 매우 좋았던 시간들이 많았다""고 얘기했다. 염경엽 LG 감독은 풀타임 첫 시즌인 우강훈을 배려해 3연투 등을 자제하면서 관리하고 있다. 우강훈은 ""감독님이 배려해주시는 만큼 나도 경기에 나가서는 100%, 120%를 쏟아부으려고 노력했다""고 밝혔다. 올 시즌 LG는 마무리 유영찬이 시즌아웃됐지만, 새 클로저 손주영을 필두로 우강훈과 김진성, 김진수 등이 승리조로 활약했다. 여기에 시즌 중반에는 요니 치리노스 대신 데려온 강속구 투수 약셀 리오스의 합류로 불펜 뎁스가 깊어졌다. 우강훈은 ""팀의 불펜 뎁스가 깊다고 알고 있다""며 ""여기서 중요한 상황에 나갈 수 있는 선수가 돼서 의미가 있고, 열심히 하고자 한다""고 밝혔다. 사실 순탄하게 흘러만 간 건 아니다. 4월 말 KT 위즈와 시리즈에서 2차례 등판한 우강훈은 1이닝 5피안타 2볼넷 5실점으로 크게 흔들렸다. 이 시기를 전반기 최고의 고비로 꼽은 그는 ""힘들었지만, 주변에서 다 좋은 말씀만 해주셔서 이렇게 올 수 있었다""며 고마움을 전했다. 이제 시즌은 절반을 갓 넘겼다. 우강훈은 ""잘 쉬어서 몸 잘 만들고, 후반기에 더 좋은 퍼포먼스를 보여드릴 수 있도록 열심히 준비하겠다""고 밝혔다. 사진=엑스포츠뉴스 DB 양정웅 기자 orionbear@xportsnews.com",https://v.daum.net/v/zh5UPWvmHY
2026.07.13 19:34,"하영민에 물었다! FA 왜 안 했나요? ""고민보다 걱정→저도 적은 나이가 아니라..."" [현장 인터뷰]",스타뉴스,"[스타뉴스 | 고척=박수진 기자] 키움 히어로즈가 팀의 프랜차이즈 투수 하영민(31)과 8년 총액 80억 원의 초대형 비FA 다년 계약을 체결하며 검증된 선발 자원으로 마운드 안정화를 노린다. 2027시즌부터 적용되는 이번 계약은 키움 구단 역사상 실제로 실행된 다년 계약 가운데 최대 규모이자, KBO리그 역대 투수 비FA 다년계약 기준으로도 류현진, 김광현 등에 이어 역대 6번째에 해당하는 초대형 규모다. 구단과 초대형 장기 계약을 체결하며 사실상 '원클럽맨'으로서의 미래를 약속한 하영민은 13일 서울 구로구 고척스카이돔에서 진행된 훈련을 모두 마친 뒤 스타뉴스와 만나 FA 시장을 포기하고 잔류를 선택한 진짜 속내를 덤덤하게 털어놨다. 하영민은 이번 시즌을 마친 뒤 FA(프리에이전트) 자격을 얻어 타 구단의 평가를 받아볼 수도 있었던 상황. 왜 시장에 나가지 않고 잔류를 선택했냐는 스타뉴스의 질의에 하영민은 자신의 커리어를 냉정하게 짚으며 뜻밖의 고백을 이어갔다. 2014시즌 데뷔한 하영민은 2024시즌 거둔 9승(8패)이 개인 한 시즌 최다승이다. 2016시즌(3.14)과 2022시즌(3.43) 3점대 평균자책점을 마크한 적이 있으나 이는 모두 불펜 보직이었고, 본격적으로 선발 전환을 이룬 2024시즌 이후로는 아직 3점대 평균자책점이나 두 자릿수 승리를 달성하지 못했다. 하영민은 ""처음에 계약을 제안받았을 때는 대우를 너무 잘해주셔서 감사한 마음뿐이었지만, 한편으로는 개인적인 걱정이 있었다""고 운을 뗐다. 이어 ""나는 아직 선발 투수로서 10승을 해본 시즌도 없었고, 규정 이닝을 채우며 3점대 평균자책점을 찍어본 적도 없다""고 덤덤히 털어놓으며 ""그런 냉정한 현실적인 생각들이 머릿속에 있었기에, 시장에 나가는 것에 대해 고민하기보다 걱정이 더 앞섰던 게 사실이다. 그렇기에 구단이 내밀어 준 전폭적인 신뢰에 응답해 '종신 히어로즈맨'을 선택하는 것이 가장 옳은 판단이라는 결론을 내렸다""고 전했다. 여기에 나이에 대한 현실적인 고민도 털어놨다. 하영민은 ""내 나이가 이제 결코 적은 나이가 아니라는 생각도 들었다""며 ""굳이 리스크를 감수하며 시장에 나가기보다, 8년이라는 긴 시간 동안 나를 믿어준 구단에서 원클럽맨으로 남는 것이 맞다고 봤다""고 덧붙였다. 하영민의 대형 계약 소식에 팀 동료들도 제 일처럼 기뻐했다. 하영민은 계약 후 팀 선후배들의 반응을 전하며 ""(서)건창이 형이 정말 축하를 많이 해줬다. 형에게 이런저런 조언도 많이 들었고, 내가 많이 물어보기도 했다""고 전했다. 이어 ""아무래도 동기이자 친구들이 축하를 가장 많이 해줬다. (임)병욱이나 (임)지열이, (김)웅빈이도 그렇고, 지금은 2군에 있지만 (김)태진이까지 다 연락이 와서 자기 일처럼 축하한다고 말해줘서 정말 고마웠다""며 든든한 동료애를 과시했다. 구단과 팬들의 사랑에 초대형 다년 계약으로 보답한 하영민은 이제 히어로즈의 확실한 중심으로서 마운드를 이끌 준비를 하고 있다. 하영민은 ""지금은 팀이 조금 주춤하고 있지만, 선배님들이 후배들을 잘 이끌어주려 노력하고 있고 어린 친구들도 이기는 경기에 초점을 맞추고 있다""며 ""나 역시 중간에서 선배님들을 잘 따르고 후배들에게 좋은 생각과 긍정적인 분위기를 전하면서, 팀이 더 높은 곳으로 올라갈 수 있도록 최선을 다하겠다""고 향후 각오를 다졌다. 고척=박수진 기자 bestsujin@mtstarnews.com",https://v.daum.net/v/Hjxgj7pXlO
2026.07.13 19:33,"키움, 투수 하영민과 非FA 80억 계약",동아일보,프로야구 키움이 투수 하영민(31)과 8년 총액 80억 원에 비(非)자유계약선수(FA) 다년계약을 맺었다고 13일 발표했다. 키움 투수로는 역대 최대 규모 계약이자 FA가 아닌 투수 가운데 역대 6위에 해당하는 계약이다. 하영민은 2014년도 신인드래프트 2차 1라운드로 전신 넥센에 입단한 뒤 올해까지 10시즌 통산 34승 40패 9홀드에 평균자책점 4.96을 기록 중이다. 2년 전부터 키움 선발 로테이션의 한 축을 지키고 있다.,https://v.daum.net/v/yJR9fSCEuY
2026.07.13 18:34,"최원준 제치고 1위 꿰찬 롯데 레이예스, 역대 외인 최초 3연속 안타왕 도전",스포츠동아,"[스포츠동아 김현세 기자] 롯데 자이언츠 빅터 레이예스(32)가 역대 외국인 타자 최초로 3연속 시즌 안타왕에 도전한다. 레이예스는 8일 사직 KIA 타이거즈전서 시즌 117안타를 기록해 해당 부문 1위에 올랐다. 이날 경기 전까지 최원준(KT 위즈·116안타)을 1개 차로 쫓던 레이예스는 그가 같은 날 수원 키움 히어로즈전서 1안타로 주춤한 사이 3안타의 멀티 히트로 순위를 뒤집었다. 안타 부문 1위가 바뀐 건 최원준이 선두를 차지한 5월 23일 이후 1개월 16일(46일) 만이었다. 레이예스는 최근 안타 생산 페이스를 한층 끌어올렸다. 그는 7월 8경기 중 5경기서 멀티 히트를 작성했다. 7일 사직 KIA 타이거즈전서 시즌 한 경기 최다 타이 4안타를 몰아 친 그는 2연속 경기 3안타 이상의 멀티 히트로 최다안타 경쟁에 불을 지폈다. 공교롭게 최원준이 최근 척추기립근 염좌로 1일 대전 한화 이글스전부터 3연속 경기 결장한 사이 많은 일이 일어났다. 레이예스가 최다안타 타이틀을 지킬지 주목된다. 2024년 역대 한 시즌 최다 202안타를 친 그는 지난해 187안타로 2연속 타이틀을 차지했다. 지금껏 2연속 안타왕을 차지한 건 이강돈(빙그레 이글스·1989~1990년)을 시작으로 총 7명 있었다. 외국인 타자는 호세 미겔 페르난데스(두산 베어스·2019~2020년)와 레이예스뿐이다. 레이예스가 3연속 차지하면 외국인 타자 최초이자 이병규(LG 트윈스·1999~2001년)와 역대 최다 연속 시즌 수상자가 된다. 페이스 유지가 관건이다. 올 시즌 전체 페이스로는 여전히 최원준이 레이예스를 앞선다. 지금까지 타격 지표를 144경기로 환산하면 최원준은 201안타, 레이예스는 198안타를 달성할 흐름을 보인다. 7월로 범위를 좁히면 레이예스가 타석당 안타 0.429개로 리그 전체 1위를 달리는 반면 최원준은 0.292개로 저조했다. 레이예스에게는 올스타 휴식기 이후에도 흐름을 이어가는 게 중요하다. 김현세 기자 kkachi@donga.com",https://v.daum.net/v/VPs8DKqFpC
2026.07.13 17:02,전반기 되돌아 본 키움 안우진 “가을야구 멀어지니 후배들과 가까워져”,스포츠경향,"조기 복귀에도 159.6㎞ 광속구 최근 6G 3번이나 QS 달성까지 스스로 만족하지만 팀성적 아쉬워 “힘들어진 가을야구에 바뀐 생각 져 보고 경험할수록 발전 원동력 후배들과 소통 많이 하고 있는 중” “원래 지금쯤 복귀를 했어야했죠.” 전반기를 되돌아본 키움 안우진(27)은 새삼 지금 1군 마운드에 있는 자신이 놀랍다. 안우진은 전반기 종료를 앞두고 본지와의 인터뷰에서 “몸 상태도 좋았고, 나도 욕심을 내다보니 일찍 복귀해서 거의 시즌 처음부터 같이 시작을 했다”라며 “아프지 않고 크게 이상이 없었다. 팔이 좀 무겁고 회복이 더뎠던 부분은 있었지만 다시 아파서 멈춘 적도 없었고 잘 이겨낸 것 같아서 그런 부분에서는 좋은 것 같다”고 만족했다. 2023년 9월 팔꿈치 내측 측부 인대 손상으로 수술을 받고, 군입대하며 재활을 시작한 안우진은 지난해 8월 퓨처스팀에서 몸을 만들다 오른 어깨를 다시 다쳐 또 다시 수술대에 오르는 과정을 거쳤다. 구단은 완벽해질 때까지 신중하게 복귀 시기를 기다리기로 했지만 계획을 바꿔 1군에서 1이닝씩 늘리는 방식으로 감각을 끌어올리기로 했다. 안우진은 4월 12일 고척 롯데전에서 최고 159.6㎞를 찍으며 건재함을 과시했고 5월부터는 5이닝을 소화하기 시작했고 전반기를 13경기 2승 5패 평균자책 3.70으로 마무리했다. 승운은 따르지 않았지만 6~7월에는 6경기 중 3경기에서 퀄리티스타트까지 달성했다. 안우진은 “팀에 큰 도움을 많이 못 준 것 같아 마음이 무겁지만 경기하면서 감을 찾아서 후반기에 많이 보탬이 되고 싶다는 생각을 하고 있다”라며 “처음에는 짧은 이닝을 던졌지만 그 과정을 거쳐서 6이닝도 던질 수 있는 것 같아 감사하게 생각한다”라고 전했다. 개인적인 내용에서는 만족하지만 팀 성적인 부분에서는 아쉬움이 많다. 키움은 전반기를 29승 1무 57패 승률 0.337로 최하위로 마쳤다. 4년 연속 꼴찌에 머물 위기에 놓여있다. 안우진으로서는 낯선 상황이다. 안우진이 팀 전력에서 빠지기 전까지만 해도 키움은 2022년 한국시리즈 준우승을 차지하는 등 정상의 자리까지 넘볼 수 있던 팀이었다. 당시를 돌이켜본 안우진은 “내가 들어왔을 때는 항상 상위권에 있었고 일주일에 4승을 못 하면 분위기가 처질 정도였다. 강팀에서 해봤다 보니 그때의 기억이 생각이 난다”라고 말했다. 좋은 성적이 나오면 팀 분위기가 얼마나 좋아지는지도 잘 안다. 하지만 지금은 당시의 이정후, 김혜성 등 주요 선수들이 미국으로 떠나 있거나 고참 선수들은 은퇴를 한 상태다. 이제 안우진이 선배로서 팀 분위기를 주도하려 한다. 그 이유로 “수술하기 전에 처음으로 꼴찌를 겪었다. 그 때 아등바등 어떻게 해보려고도 했지만 혼자 안 된다는 걸 알았다. 그래서 팀원들의 힘이 많이 필요하다는 걸 생각을 했고, 지금도 많이 느낀다”라고 말했다. 올해도 팀 성적이 많이 아쉽지만, 그 안에서도 희망을 찾고 있다. 안우진은 “아쉽게 진 경기가 많았다. 그런 게 다 경험인 것이다. 그래서 아쉬운 게 마냥 안 좋다고만 생각은 안 한다”라며 “올해 가을야구가 힘들어지면서 생각을 바꾸게 됐다. 져 보고 경험을 해봐야 또 비슷한 경기를 하게 될 때 뒤집을 수 있어야 한다. 그런 부분들은 더 신경을 쓰고 발판을 만들어야 된다고 생각을 해서 후배들과도 소통을 많이 하고 있다”고 전했다. 그래서 후배들에게 아낌없는 조언을 한다. 안우진은 “후배들이 물어보면 상황에 맞는 야구를 했으면 좋겠다고 이야기한다. 팀을 먼저 생각하는 플레이라던가, 팀을 생각하는 피칭을 하는 게 중요한 것 같다”라며 “투구할 때 디테일이나, 타자와 승부하는 법보다 일단 1군에 왔으면 상황에 맞게 피칭해주면 좋을 것 같다”고 말했다. 안우진 역시 후반기에는 더 분발할 예정이다. 그는 “올해까지는 재활 등판이라고 생각하고 성적을 생각하지 말자고 했지만 마운드에 올라가면 욕심이 난다. 내가 생각한 것보다는 잘 못 한 것 같다. 왜 그럴까 생각을 해보면 위기를 잘 못 넘긴 것 같다”고 자평했다. 하지만 희망을 볼 수 있는 지표가 있다. 안우진은 “전력 분석팀에서 걱정하지 말라고 하면서 FIP(수비 무관 평균자책)이나 삼진율, 볼넷 비율 등은 커리어하이라고 하더라. 어차피 평균자책은 FIP대로 따라가는 걸로 되어 있다고 하면서 나를 편하게 해주고 있다”라고 전했다. 실제로 안우진은 올 시즌 FIP 2.20을 기록 중이다. 전반기 정규이닝을 채운 선발 투수들 중 FIP 부문에서 1위를 기록하고 있는 두산 곽빈(2.93)보다 훨씬 좋은 수치다. 안우진은 “일단 올해는 크게 신경 쓸 부분은 아니지만 내가 던지는 큰 틀은 변하지 않았다는 것에 의미를 두고 있다”라고 했다. 후반기에는 위기 상황을 어떻게 넘길지에 대해 더 고민하고 집중할 계획이다. 그는 “그런 지표들보다는 내가 일정하게 마운드에서 한 시즌 동안 던지는 게 더 중요했다. 아직은 경기마다 조금 왔다 갔다 하는 부분들도 있고 컨디션이 안 좋으면 팔도 안 올라올 때도 있다”면서도 “그래도 그런 부분들은 자연스러운 것이라고 생각하고, 욕심은 부리되 무리하지 않고 팀을 많이 도와주는 방향으로 피칭하고 싶다”고 마음을 다졌다. 김하진 기자 hjkim@kyunghyang.com",https://v.daum.net/v/1cVk2hOcFO
2026.07.13 16:50,"하고하우스 ‘마뗑킴’, LG트윈스 협업 컬렉션 20일 공개",스포츠경향,"‘우리는 하나, 트윈스’ 낙서 캘리그라피와 빈티지 무드로 야구 굿즈를 새롭게 재해석한다. 브랜드 인큐베이터 하고하우스가 운영하는 ‘마뗑킴’이 LG트윈스와 함께한 협업 컬렉션을 오는 20일 공개한다. 컬렉션은 LG트윈스를 응원하며 평소 마뗑킴을 즐겨 착용하는, 두 브랜드 진심 어린 팬이라는 페르소나에서 출발하여 야구장은 물론 일상에서도 자연스럽게 착용할 수 있는 디자인으로 완성됐다. 기존 야구 굿즈와는 차별화된 마뗑킴 브랜드만의 감각적인 스타일에 러프한 매력을 담아냈으며, 그라운드 위 선수들의 열정을 상징하는 흙먼지를 트렌디한 빈티지 무드로 재해석했다. ‘마뗑킴 X LG트윈스’ 컬렉션은 의류 6종(반팔 티셔츠 4종, 점퍼 2종)과 액세서리 5종(가방 2종 및 볼캡, 비니, 키링 각 1종)으로 구성됐다. 대표 아이템으로는 잠실구장, 서울, V5를 향한 도전 등 LG 트윈스를 상징하는 키워드를 마뗑킴만의 낙서 캘리그라피로 풀어낸 덕아웃 재킷과 반팔 티셔츠가 있다. 협업을 기념해 ‘우리는 하나, 트윈스(WE ARE ONE, TWINS)’라는 컨셉의 캠페인을 선보이며, 팬과 선수 사이의 친밀한 관계성과 야구장에서 펼쳐지는 익숙한 순간들을 마뗑킴만의 시선으로 풀어냈다. 마지막 시즌을 앞둔 잠실야구장의 전경을 비롯해 덕아웃, 응원석, 치어리딩 무대 등 LG트윈스를 상징하는 공간을 곳곳에 담아 팬들의 추억과 감성을 녹여냈다. ‘마뗑킴 X LG트윈스’ 컬렉션은 7월 20일부터 26일까지 네이버 컨템포러리 패션 서비스 ‘노크잇(KNOCKIT)’에서 판매되며, 오픈 첫 날인 20일 낮 12시에는 네이버 쇼핑 라이브를 통해 특별한 혜택도 함께 선보인다. 또, 24일부터는 마뗑킴 성수 플래그십 스토어에서도 컬렉션을 직접 만나볼 수 있으며, 현장에 비치된 제품별 QR 코드를 통해 ‘노크잇’에서 구매할 수 있다. 컬렉션에는 덕아웃 재킷, 가방, 볼캡, 비니 키링 등 총 11종류 아이템이 선보인다. 손봉석 기자 paulsohn@kyunghyang.com",https://v.daum.net/v/KV31ntZv3p
2026.07.13 16:25,"""나라는 선수 보여드리겠습니다"" 5툴 기대주의 후회와 반성…'3년 차' 김현종은 어떻게 알을 깰까",스포츠조선,"[스포츠조선 이종서 기자] LG 트윈스의 '5툴 플레이어'가 잠재력을 터트릴 수 있을까. 김현종(22)은 2024년 신인드래프트 2라운드(전체 18순위)로 LG에 지명됐다. 당시 최원태 트레이드로 1라운드 지명권을 내준 LG에는 첫 지명 선수였다. LG는 공수주 모두 잠재력이 뛰어난 '5툴 플레이어'로 김현종을 평가했다. 프로 첫 해 개막전 엔트리에 드는 등 김현종을 향한 기대는 높았다. 김현종은 올해로 3년 차를 맞았다. 매년 1군 콜업을 받았지만, 총 45경기 출전에 그쳤다. 올 시즌에는 5월12일부터 24일 간 1군에 있었다. 18경기에 출전해 1할6푼7리의 성적을 남기고 다시 퓨처스 재정비에 들어갔다. 김현종은 전반기를 돌아보며 ""매년 후회하고 있다. 비시즌 때 열심히 준비하고 똑같이 후회하지 않겠다는 생각으로 준비를 하지만, 매년 후회를 하는 거 같다""라며 ""1군에 올라오면 많은 변수가 있다. 아직은 경험이 많지 않아 대처가 잘 안 된 거 같다. 왔다갔다 하면서 성과가 있으면 좋겠지만 아직은 아쉬움이 많다""고 이야기했다. LG는 올 시즌 강력한 우승 후보로 꼽히고 있다. 그만큼 팀 전력이 탄탄하다. 주전부터 백업까지 모두 각자의 장점을 앞세워 치열하게 경쟁을 펼치고 있다. 고른 능력치는 때론 독이 되기도 한다. 큰 장점이 없다고 보일 수 있다. 백업에는 수비나 주력 등 확실한 툴이 있는 선수가 들어가기 마련이다. 김현종 역시 그 부분을 잘 알고 있다. 김현종은 ""수비도 자신있고, 달리기도 자신있고 치는 것도 자신있는데 가끔 보면 어떻게 해야할까라는 생각이 들기도 한다. 그래서 어떻게 하겠다는 생각보다는 팀에 필요한 순간에 뭐든 자신있게 해놔서 미리 준비를 하려고 한다. 수비에서는 누가봐도 안정감 있는 모습을 보여드려야 한다. 감독님과 코치님께서 보실 때 대수비 혹은 대주자로 써도 되겠다는 인식을 심어드릴 수 있도록 열심히 준비하고 있다. 어떤 순간에도 나가서 원하는 모습을 보일 수 있도록 해야한다""고 강조했다. 김현종 역시 곧바로 주전으로 올라서기 보다는 단계를 밟아나가는 게 목표다. 김현종은 ""1군에서 경쟁력을 갖추고 하려면 수비나 주루에서 보여드리고 그 다음에 기회가 됐을 때 타석에 나가서도 잘쳐야 한다고 생각한다. 항상 자신있게 준비는 하고 있다""고 말했다. 잠실구장은 올해를 끝으로 철거에 들어간다. 그만큼 올 시즌의 절실함은 더 크다. 김현종은 ""3년 밖에 안 됐지만, 1군 올라올때마다 항상 여기로 출근해 이런 저런 추억이 있다. 선수 입장에서 잠실구장이 없어진다고 생각하니 아쉽다""고 했다. 김현종은 ""후반기에 확대 엔트리도 있고, 빨리 1군에 올라오는 게 목표다. 2군에서 좋은 모습을 보여드리고 열심히 해서 하루 빨리 올라올수 있도록 하겠다""라며 ""나라는 선수를 제대로 못 보여드린 거 같다. 올해에는 꼭 저라는 선수를 똑바로 보여드리고 싶은 마음이 크다. 구단에서 좋게 보여주신 것이니 기대에 맞는 선수가 될 수 있도록 하겠다""고 각오를 다졌다. 이종서 기자 bellstop@sportschosun.com",https://v.daum.net/v/x2EaWex2z5
2026.07.13 16:01,"'제2의 폰세' 기대했는데, '6패+ERA 4.97' 실망이네…한화, '9G 연속 무승' 외인 교체 승부수 띄울까",엑스포츠뉴스,"(엑스포츠뉴스 김근한 기자) 한화 이글스 외국인 투수 윌켈 에르난데스를 두고 후반기 시작 전 한화 구단의 고민이 점점 깊어지는 분위기다. 한화는 지난 겨울 총액 90만 달러(한화 약 13억원)로 베네수엘라 출신 에르난데스와 계약을 맺었다. 에르난데스는 영입 당시 제2의 코디 폰세로 기대를 받는 분위기였다. 하지만, 막상 뚜껑을 열자 에르난데스는 실망스러운 흐름을 보였다. 에르난데스는 4월 들어 기복 있는 투구 내용을 보이다 5월 초 팔꿈치 통증으로 1군 엔트리에서 말소당했다. 에르난데스는 5월 중순 복귀했지만, 지난 4월 25일 NC 다이노스전 선발 등판(7이닝 1실점) 승리 뒤 9경기 동안 단 한 번의 승리 투수 타이틀을 얻지 못했다. 이 기간 3경기 연속 퀄리티 스타트로 승리가 없는 건 불운이라는 시각도 있었지만, 에르난데스는 지난달 18일 NC전부터 3경기 연속 4실점 이상 내주는 투구 내용을 남겼다. 결국, 에르난데스는 지난 4일 잠실 LG 트윈스전에선 1⅓이닝 4피안타 4실점이라는 최악의 투구로 아쉬움을 남겼다. 에르난데스는 전반기 15경기(70⅔한이닝)에 등판해 3승6패 평균자책 4.97, 47탈삼진, 27볼넷, 이닝당 출루 허용률(WHIP) 1.49를 기록했다. 한화로서는 최소 제2선발 이상 역할을 기대했던 에르난데스에게 전혀 만족할 수 없는 숫자기도 하다. 한화는 시즌 40승2무40패로 5할 승률 맞춘 채 리그 6위로 전반기를 마무리했다. 5위 두산 베어스와 1.5경기 차, 4위 KIA 타이거즈와 3경기 차로 여전히 가시권에 있다. 후반기 상승세를 탄다면 충분히 가을야구 안정권까지 진입도 가능하다. 결국, 후반기 레이스에서 힘을 얻기 위해 외국인 선수 교체를 결단해야 할 시기가 점점 다가오고 있다. 이미 정규시즌 우승 경쟁을 펼치고 있는 삼성 라이온즈는 초거물급 외국인 투수 크리스 페덱 영입을 발표했다. 한화도 외국인 투수 교체 결정 뒤 후반기 상승세를 탈 수 있다면 그보다 더 좋은 선택지는 없다. 물론 외국인 투수 매물이 현실적으로 구하기 쉽지 않은 건 사실이지만, 한화로서는 승부수를 던지기 위해선 교체 데드라인까지 끊임없이 외국인 시장을 두들겨 볼 필요가 있다. 과연 한화가 지난해 한국시리즈 진출의 성과를 올해도 이어가기 위한 결단을 내릴지 주목된다. 사진=엑스포츠뉴스 DB 김근한 기자 forevertoss88@xportsnews.com",https://v.daum.net/v/0T4OqrEoGp
2026.07.13 15:42,프로야구는 外人 놀음?… 올해는 다르다,조선일보,"“한국 야구는 외인(外人) 놀음이다.” 국내 프로야구계에서 통용되는 말 중 하나다. 외국인 선수가 에이스 투수나 중심 타자를 도맡다 보니, 어떤 선수를 뽑았느냐에 따라 팀 전력이 좌우되는 경우가 많았다. 한화는 지난해 리그 MVP(최우수 선수)에 오른 코디 폰세와 라이언 와이스 등 외인 투수 2명이 33승을 올린 덕분에 19년 만에 한국시리즈에 나갈 수 있었다. 폰세와 MVP 경쟁을 하던 삼성 르윈 디아즈는 외국인 타자 최초로 50홈런을 때리고 KBO 단일 시즌 타점 신기록(158점)을 세웠다. 그야말로 ‘외인 전성시대’였다. 하지만 올해는 다르다. 16일 후반기 돌입을 앞둔 가운데, 투·타 주요 부문에서 국내 선수들이 선두에 오르며 활약하고 있다. 외국인이 독식하다시피 한 주요 개인 타이틀 경쟁에서 국내 선수들의 가세로 프로야구 인기를 부채질하고 있다. 투수 중 가장 눈에 띄는 선수는 프로 2년 차 ‘영건’인 두산 최민석(20)이다. 지난해 신인 드래프트 2라운드 전체 16순위로 프로에 데뷔한 그는 올해 9승 2패 평균자책점 2.33을 기록하며 리그에서 손꼽히는 에이스로 성장했다. 현재 평균자책점과 다승 부문 1위다. 최민석은 패스트볼 평균 구속은 시속 144㎞대로 빠르지 않지만, 움직임이 지저분한 투심과 커터를 주로 쓰며 타자 타이밍을 뺏는 유형이다. 슬라이더·포크볼 등 변화구 제구도 수준급이라 아이치 나고야 아시안게임 대표팀에도 발탁됐다. 최민석은 “작년과 달리 올해는 바깥쪽, 몸쪽 등 코스를 의식해서 던질 정도로 제구가 좋아졌다”고 했다. 김원형 두산 감독도 “우리나라에서 몇 안 되는 투구를 하는 선수”라고 칭찬했다. 두산 곽빈 역시 8승 3패 평균자책점 2.60으로 리그 정상급 성적을 기록 중이다. 평균자책점 3위, 다승 공동 4위다. 시속 160㎞에 육박하는 빠른 속구를 바탕으로 탈삼진 112개를 잡아내며 이 부문 전체 1위를 달리고 있다. 외국인 투수 중엔 KIA의 아담 올러가 9승 5패 평균자책점 2.36으로 다승 공동 1위, 평균자책점·탈삼진 2위로 가장 빼어난 성적을 내고 있다. 타격 부문에선 수퍼스타 김도영(KIA)과 강백호(한화)가 돋보인다. 김도영은 홈런 공동 1위(27개)에 올라 있고, 한화 강백호가 타점(85점) 선두를 달리고 있다. KT 최원준은 타율(0.363) 부문 선두에다 최다 안타에선 1개 차 2위(116개)다. 강백호와 최원준은 이번 시즌을 앞두고 각각 4년 100억원·48억원 고액 계약을 맺었는데, 기대 이상의 성적을 내며 ‘오버 페이’ 논란을 잠재웠다. 외인 오스틴 딘(LG)이 타율 0.339(3위), 27홈런(1위), 83타점(2위)으로 활약 중이라 후반기 타이틀 경쟁은 더욱 치열해질 전망이다. 올해 9월 열릴 아시안게임은 타이틀 경쟁의 최대 변수다. 야구 경기는 9월 21일부터 27일까지 진행되는데, 대표팀에 선발된 선수들은 사전 소집 기간을 포함하면 2~3주가량 공백이 예상된다. 최민석, 곽빈, 김도영 등 현재 타이틀 선두인 선수 상당수가 리그에서 빠지면서 순위 경쟁에서 뒤로 밀릴 가능성이 크다. KIA 김도영은 “솔직히 저는 홈런왕은 포기했다. 아시안게임 나가기 전까지 1위를 유지하면 그냥 제가 홈런왕이다 생각하려 한다”고 농담하기도 했다.",https://v.daum.net/v/tb3A1gnQYa
2026.07.13 15:35,"'후반기에는 터지겠지' LG, 염경엽 감독의 기대....반격 준비",마니아타임즈,[진병두 마니아타임즈 기자] 아쉽게 놓친 1위를 후반기에 되찾겠다는 각오다. 염경엽 감독이 이끄는 LG가 통합 2연패를 정조준한다. LG는 전반기를 52승33패로 마쳤다. 선두 삼성에 승차 없이 승률에서 2리 뒤진 2위로 마감한 것이다. 지난 9일 마지막 경기에서 삼성에 5-6으로 지며 1위를 놓쳤고 염 감독의 목표였던 승패 마진 +20에도 1승이 모자랐다. 그는 당장 1위 자리에 신경 쓰지 않고 목표대로 차근차근 가면 된다고 밝혔다. 전반기 성적은 예상을 웃돌았다. 팀 평균자책점과 타율이 모두 5위에 그쳤고 주축 선수들의 부상과 부진이 잇따라 온전한 전력을 가동하지 못한 것이다. 그럼에도 기대 승률을 고려하면 선방한 셈이다. 염 감독의 구상은 뚜렷하다. 그는 후반기에 승패 마진 +10 이상을 올려 최종 +30을 만들면 우승이 가능하다고 봤다. 실제로 LG는 2023년과 지난해 비슷한 마진으로 통합 우승을 이뤘다. 그는 주간 3승 3패를 기본으로 삼되 중간에 4승 2패를 올리면 목표에 가까워진다고 설명했다. 관건은 타선의 반등이다. 홍창기와 오지환 박동원 문보경 등 국가대표급 야수들의 타격감 회복이 절실한 것이다. 여기에 부진하던 톨허스트가 면담을 통해 반등을 준비하고 송승기도 복귀할 예정이다. 염 감독은 후반기에는 터질 것이라며 기대감을 드러냈다. [진병두 마니아타임즈 기자/maniareport@naver.com] 기사제보 및 보도자료 report@maniareport.com,https://v.daum.net/v/UhWR4SCEH4
2026.07.13 15:18,"울산웨일즈, ‘누적관중 5만명 돌파’ 팬 감사 이벤트",경상일보,"시민프로야구단 울산웨일즈가 누적 관중 5만명 돌파를 기념해 팬들을 위한 특별 이벤트를 마련했다. 최지만의 첫 단독 팬사인회를 비롯해 울산페이 페이백, 무료 초청권 증정 등 다양한 혜택을 선보인다. 울산웨일즈는 오는 17일 오후 6시 문수야구장에서 열리는 삼성 라이온즈와의 홈경기에서 누적 관중 5만명 돌파를 기념하는 팬 감사 이벤트를 진행한다고 13일 밝혔다. 이번 행사는 제헌절 공휴일을 맞아 야구장을 찾는 팬들에게 다양한 혜택을 제공하고 후반기 흥행 분위기를 이어가기 위해 마련됐다. 경기 전에는 최지만의 첫 단독 팬사인회가 열리며, 경기 뒤에는 구단 최초의 퓨처스 올스타인 나가, 홀, 김서원, 노강민이 함께하는 합동 팬사인회가 진행된다. 프리미엄석 예매자에게는 선수단의 훈련을 가까이에서 볼 수 있는 '그라운드 배팅 연습 참관' 기회도 제공된다. 당일 경기 예매 고객 전원을 대상으로는 울산웨일즈 승리 시 '울산페이 100% 페이백' 이벤트가 진행된다. 또 '5만 관중 달성 기념 오만가지 쏜다' 이벤트를 통해 11개 후원사가 다양한 경품을 제공한다. 특히 7월17일을 기념해 울산웨일즈가 이날 경기에서 팀 안타 7개, 홈런 1개, 탈삼진 7개 가운데 단 한 가지라도 달성하면 당일 입장한 모든 관람객에게 오는 25~27일 두산과의 홈 3연전 가운데 1경기를 관람할 수 있는 내야 지정석 무료 초청권을 증정한다. 김동진 단장은 ""KBO 최초 시민구단으로 출범한 첫해 누적 관중 5만명을 달성할 수 있도록 성원해주신 울산 시민과 팬 여러분께 감사드린다""며 ""팬들의 사랑에 보답하기 위해 다양한 감사 이벤트를 준비한 만큼 많은 분들이 야구장을 찾아 선수단과 함께 즐거운 추억을 만들길 바란다""고 말했다. 한편 삼성전 홈경기 티켓은 티켓링크에서 예매할 수 있으며, 자세한 이벤트 내용은 구단 공식 홈페이지와 사회관계망서비스(SNS)에서 확인할 수 있다. 주하연기자 joohy@ksilbo.co.kr",https://v.daum.net/v/PGjL8vhDhr
2026.07.13 15:03,"롯데의 반격, 선봉장 김진욱",중앙일보,"껍질을 깨고 나온 롯데 자이언츠 투수 김진욱(25·사진)이 후반기 반격의 선봉에 선다. 김태형 롯데 감독이 전반기 가장 많은 칭찬을 한 선수는 김진욱이었다. 승리는 5승(4패)으로 많지 않았지만, 평균자책점 5위(2.95)에 올랐다. 피안타율은 0.239로 선발 투수 중 4위다. 9월 열리는 아이치·나고야 아시안게임 대표로도 발탁됐다. 김태형 감독은 “이제 자리를 잡은 것 같다”며 흡족해했다. 생애 첫 올스타전에서 만난 김진욱은 “야구를 잘하니까 감독님이 칭찬을 많이 하시는 거 같다. 평소에도 많은 조언을 해준다”고 웃었다. 2021년 롯데 입단 이후 5년 간 주춤했던 그는 올 시즌 잠재력을 폭발시켰다. 주무기인 슬라이더 외에 왼손 타자 바깥쪽으로 휘어져 나가는 체인지업을 가다듬기 위해 각고의 노력을 펼친 덕분이었다. 메이저리거 타릭 스쿠벌(디트로이트 타이거스)의 체인지업 그립을 활용하면서 ‘사직 스쿠벌’이란 별명도 얻었다. 입단동기인 포수 손성빈의 ‘무슨 스쿠벌이야, 스크류바나 먹으라’는 말에 착안해 올스타전에선 모기업 제품인 스크류바 분장을 하고 나서기도 했다. 개인 성적은 뛰어났으나, 아쉬움도 크다. 롯데는 전반기를 8위로 마감했기 때문이다. 하지만 막판 반등에 성공했고, 포기하기엔 이르다. 5위 두산 베어스와 승차는 5경기 차다. 김진욱은 “충분히 쫓아갈 수 있는 격차다. 후반기에도 잘 준비해서 더 좋은 모습을 보여드리겠다”고 했다. 오는 18일부터 포항야구장에선 제60회 대통령배 고교야구대회가 열린다. 김진욱에겐 잊을 수 없는 대회다. 강릉고와 김진욱은 3회 연속 전국대회 결승에 고배를 마시다 2020년 54회 대회에서 첫 정상에 올랐다. 강원도 팀의 첫 전국대회 우승이었고, 에이스 김진욱은 최우수선수상(MVP)을 받았다. 김진욱은 “아직도 기억이 생생하다. 그때 팀원(KIA 최지민, 삼성 김백산, SSG 김예준, 롯데 김세민·조경민 등)들이 참 좋았다. 코치님이 우승 기념구를 챙기라고 했는데 얼싸 안고 기뻐하느라 정신없었던 게 생각난다. 코로나 시기라 더 즐기진 못한게 아쉬웠다”고 기억했다. 최근 고교 야구계는 이런 저런 논란도 많다. 하지만 그 나이, 그 시절에만 쌓을 수 있는 추억과 땀, 눈물이 담겨 있다. 김진욱은 “다시 돌아오지 않는 시간들이다. 후회로 남을 수도, 즐거운 기억이 될 수도 있다. 자신이 하고 싶은 플레이를 끝까지 하면 좋겠다. 학생답게 다 같이 ‘으쌰으쌰’ 하는 패기를 보여주길 바란다”고 후배들을 격려했다. 김효경 기자",https://v.daum.net/v/FsKqsVKpWa
2026.07.13 15:01,"'3위 노려야 하는데' KIA, '10R의 기적' 끝내 마무리 보직 바꿀까?…'1.53' 원조 파이어볼러 클로저 대안 매력적",엑스포츠뉴스,"(엑스포츠뉴스 김근한 기자) KIA 타이거즈 '10라운드의 기적' 투수 성영탁이 후반기 마무리 보직을 지킬 수 있을까. 마무리 경험이 풍부한 베테랑 조상우와 더불어 전직 마무리 정해영까지 다시 클로저 자리를 차지할 환경이 만들어진 분위기다. KIA는 시즌 45승2무39패를 기록하면서 전반기를 리그 4위로 마무리했다. KIA는 3위 KT 위즈와 3경기 차로 여전히 사정권에 있다. 후반기 초반부터 치고 올라간다면 충분히 뒤집을 만한 거리다. 다만, 후반기 레이스를 앞둔 KIA의 가장 큰 고민은 마무리 자리가 될 전망이다. KIA는 시즌 초반 극심하게 부진했던 기존 마무리 투수 정해영 대신 신예 우완 성영탁을 마무리 자리에 과감히 기용하는 결단을 내렸다. 그 결과는 성공적이었다. 성영탁은 마무리 보직을 맡은 뒤 12세이브를 거두면서 성공적인 마무리 보직 안착을 보여줬다. 하지만, 6월 중순부터 성영탁이 크게 흔들리 시작했다. 6월 평균자책이 7.20으로 치솟은 성영탁은 7월 세 차례 등판에서도 실점을 내주면서 불안한 면모를 노출했다. 특히 지난 8일 사직 롯데 자이언츠전에선 ⅔이닝 4피안타 1볼넷 4실점으로 무너졌다. 구속과 구위 모두 전반기 초반 좋았을 때와 비교해 크게 하락한 흐름이다. KIA 벤치는 전반기 막판 성영탁 대신 집단 마무리 체제를 선택할 정도로 불펜진에 대한 고민이 깊어졌다. 후반기 들어서도 KIA는 마무리 보직에 대한 선택을 내려야 할 전망이다. 오는 9월 일본 아이치 나고야 아시안게임 야구 대표팀에 발탁됐을 정도로 성장세가 뛰어난 성영탁이지만, 당장 투구 컨디션만 본다면 후반기 초반 곧바로 마무리 보직을 이어가기엔 무리가 있을 수 있다. KIA 벤치도 마무리 등판 경험이 많은 정해영과 조상우를 두고 불펜 퍼즐을 재조립할 가능성이 충분하다. 특히 조상우의 경우 올 시즌 전반기 KIA에서 가장 안정적인 불펜 역할을 보여줬다. 지난 겨울 2년 총액 15억원에 잔류한 조상우는 올 시즌 셋업맨 역할을 맡아 40경기 등판 4승1패 13홀드 평균자책 1.53으로 압도적인 성적을 거뒀다. 다소 떨어졌던 구속도 점차 회복한 흐름인 데다 변화구 움직임도 팀 내에서 가장 날카롭다고 평가받는다. 조상우는 이미 KBO리그에서 통산 89세이브를 쌓을 정도로 노련한 베테랑 불펜이다. 후반기부터 마무리 보직을 당장 맡는다고 해도 전혀 이상하지 않다. 만약 올스타 휴식기 동안 성영탁의 구위가 회복되지 않았다고 판단된다면 조상우가 후반기부터 마무리 보직을 맡는 선택지도 분명히 매력적이다. 과연 KIA 벤치가 불펜 퍼즐 조합을 다시 맞추는 결단을 내릴지 궁금해진다. 사진=엑스포츠뉴스 DB 김근한 기자 forevertoss88@xportsnews.com",https://v.daum.net/v/uUc9h6fzHC
2026.07.13 15:01,"'혐오 응원' 배재고 징계 없던 일 되나, 봉황대기 대진에 들어갔다…인천고와 1회전 편성",스포티비뉴스,"[스포티비뉴스=신원철 기자] 광주제일고를 상대로 지역 혐오 발언이 포함된 응원전을 펼쳐 사회적 물의를 빚은 배재고가 대한야구소프트볼협회(이하 협회)의 전국대회 6개월 출전 정지 징계 처분에도 다음 달 열릴 제54회 봉황대기 전국고교야구대회 대진표에 포함됐다. 단 실제 출전으로 이어질지는 아직 알 수 없다. 대한체육회 스포츠공정위에서 징계가 감경되거나, 배재고 측이 법원에 낸 효력 정지 가처분이 인용될 경우 봉황대기 출전이 가능할 전망이다. 협회는 13일 오후 다음 달 6일 개막하는 봉황대기 대진 추첨 결과를 발표했다. 협회에 등록된 모든 팀이 참가할 수 있는 대회로, 이번 54회 대회에는 모두 104개 팀이 참가할 예정이다. 지난달 청룡기 경기에서 광주제일고를 상대로 지역 혐오로 해석할 여지가 있는 단체 응원으로 물의를 빚었던 배재고 또한 대진표에 포함됐다. 체육회나 법원의 판단에 따라 배재고는 다음 달 11일 오후 5시 목동야구장에서 인천고와 1회전을 치를 수도 있다. 만약 협회의 6개월 출전 정지가 유효하다는 판단이 나온다면 인천고가 부전승으로 2회전에 진출한다. 협회는 지난 1일 스포츠공정위원회를 열고 배재고 선수단의 부적절한 응원에 대해 심의했다. 여기서 향후 6개월간 전국대회 출전 정지 징계를 받게 됐다. 배재고는 광주제일고와 1회전 경기에서 7-2 승리를 거뒀지만 응원 논란이 불거지자 2회전 기권을 예고했고, 전국대회 출전 정지 징계에 따라 순천효천고BC와 경기는 0-9 몰수패 처리됐다. 징계 시점에서 남은 전국대회는 7월 대통령배와 8월 봉황대기였다. 단 대통령기는 봄에 열렸던 신세계이마트배 8강 진출 팀과 주말리그 후반기 우수 성적팀이 참여하는 '왕중왕전' 성격이 있는 대회다. 배재고는 참가 자격을 갖추지 못했다. 표면적으로는 6개월 징계지만 실질적으로는 봉황대기에만 참가하지 못하게 된 셈이다. 한편 협회는 배재고에 대한 징계를 발표하면서 ""이번 사안의 심각성을 엄중하게 받아들이고, 공정위원회의 징계와 별도로 경기장 내 부적절한 응원 문화 근절과 재발 방지를 위한 후속 조치 및 제도 개선을 추진한다""고 밝혔다. <저작권자 ⓒ SPOTV NEWS. 무단전재 및 재배포 금지>",https://v.daum.net/v/6XpvPySrlV
