2026.07.10 23:41,"강백호, KBO 올스타 홈런더비 우승...연장 끝 오태곤 제압",마니아타임즈,"한화 이글스 강타자 강백호가 데뷔 첫 올스타 홈런더비 우승을 차지했다. 그는 2025 신한 SOL뱅크 KBO 올스타전 전야제 '컴투스 프로야구 홈런더비' 결승에서 한 차례 연장 끝에 오태곤(SSG 랜더스)을 제쳤다. 드라마는 결승 마지막 순간에 나왔다. 7아웃+1분 방식으로 진행된 결승에서 먼저 나선 오태곤은 7개를 때렸고, 6개에 멈춰 있던 강백호는 마지막 스윙에서 오른쪽 폴을 직격하는 버저비터로 동점을 만들었다. 30초 서든데스에서 오태곤이 하나도 넘기지 못한 사이, 강백호가 우승을 결정짓는 한 방을 날리고 배트를 멀리 던졌다. 이번 홈런더비는 아웃제와 시간제를 결합한 방식으로 치러졌다. 팬 투표로 전반기 홈런 공동 1위 김도영(KIA), 양의지, 강백호, 김주원(NC), 오태곤 등 8명이 출전했다. 예선에서는 오태곤·허인서·강백호가 나란히 7개를 쳤고, 동률 시 비거리로 상위 2명만 결승에 오르는 규정에 따라 145m의 강백호와 140m의 오태곤이 진출했다. 강백호는 우승 상금 1천만원과 함께 비거리 145m 1위 부상까지 챙겼다. 한화 선수의 홈런더비 우승은 2023년 채은성 이후 3년 만이며, 강백호에게는 첫 우승이다. 동료 허인서와 문현빈은 물을 뿌리며 축하했다. 한편 오스틴 딘(LG)의 허리 통증으로 대신 출전한 오태곤은 우승 문턱에서 아쉬움을 삼키며 상금 300만원을 받았다. [김선영 마니아타임즈 기자 / maniareport@naver.com] 기사제보 및 보도자료 report@maniareport.com"
2026.07.10 23:34,"극적인 버저비터! 강백호, 생애 첫 올스타 홈런 더비 정상",포모스,"강백호가 극적인 마지막 홈런으로 승부를 연장까지 끌고 간 끝에 생애 첫 올스타 홈런 더비 우승을 차지했다. 강백호는 10일 서울 잠실구장에서 열린 2026 KBO 올스타전 전야제 홈런 더비 결승에서 오태곤을 연장 승부 끝에 제압하며 정상에 올랐다. 우승 상금 1천만 원과 함께 비스포크 AI 에어드레서를 받았고, 가장 긴 145m 홈런을 기록해 비거리상까지 차지하며 LG 퓨리케어 공기청정기도 품에 안았다. 배팅볼을 던진 한준수에게는 보스 울트라 헤드폰이 부상으로 주어졌다. 이번 홈런 더비는 아웃제와 시간제를 결합한 방식으로 진행됐다. 예선에는 김도영, 양의지, 박준순, 강백호, 문현빈, 허인서, 김주원, 오태곤 등 8명이 참가했다. 예선에서는 강백호와 오태곤, 허인서가 나란히 홈런 7개를 기록했다. 동률일 경우 비거리로 결승 진출자를 가리는 규정에 따라 145m를 기록한 강백호와 140m의 오태곤이 결승행 티켓을 따냈고, 허인서는 135m로 아쉽게 탈락했다. 결승에서는 오태곤이 먼저 타석에 들어서 홈런 7개를 기록하며 우승에 다가섰다. 강백호는 마지막까지 6개에 머물렀지만 종료 직전 오른쪽 폴을 맞히는 극적인 버저비터 홈런으로 승부를 원점으로 돌렸다. 30초 동안 진행된 서든데스에서는 오태곤이 홈런을 추가하지 못한 반면, 강백호가 우승을 확정하는 한 방을 터뜨리며 포효했다. 홈런 직후 배트를 던지는 세리머니를 펼쳤고, 한화 동료 허인서와 문현빈은 물세례로 우승을 축하했다. 한화 선수가 홈런 더비 우승을 차지한 것은 2023년 채은성 이후 3년 만이다. 강백호 개인에게는 첫 홈런 더비 우승이다. 허리 통증을 호소한 오스틴 딘을 대신해 출전한 오태곤은 준우승을 차지하며 상금 300만 원과 삼성 무빙스타일 미니를 받았다. 강백호는 우승 후 ""사실 비거리상을 노리고 왔다. 잠실구장을 한 번 넘겨보고 싶었다""며 ""결승에서는 가을야구를 하는 것처럼 집중했다""고 소감을 밝혔다. 또 ""상금은 배팅볼을 던져준 한준수와 나눌 예정이고, 나머지는 방망이와 야구 용품을 구입하는 데 사용할 생각""이라고 말했다. 결승에서 맞붙은 오태곤에 대해서는 ""원래 힘이 좋은 선수라는 걸 잘 알고 있었다. 너무 잘 쳐서 결승도 어려울 줄 알았는데 마지막에 운이 따랐다""고 웃었다. 이어 ""올스타전에서도 안타 하나는 꼭 치고 싶다""며 ""최선을 다해 좋은 경기를 보여드리겠다""고 각오를 전했다. 사진 = 연합뉴스 최대영 rokmc117@fomos.co.kr"
2026.07.10 23:31,김도영과 맞붙고 싶다! 생애 첫 올스타 나서는 울산 나가의 당찬 목표,포모스,"울산 웨일즈의 일본인 투수 나가 다이세이가 프로 입단 후 처음으로 올스타 무대를 밟으며 1군 데뷔와 김도영과의 맞대결이라는 새로운 목표를 밝혔다. 나가는 10일 서울 잠실구장에서 열린 2026 KBO 퓨처스 올스타전을 앞두고 ""시즌 초반만 해도 올스타에 나설 거라고는 생각하지 못했다""며 ""퓨처스리그 외국인 투수로 올스타 무대에 서게 돼 매우 영광스럽다""고 소감을 전했다. 가장 상대해 보고 싶은 타자로는 KIA 타이거즈의 김도영을 꼽았다. 그는 ""보유한 변화구를 모두 던져보고 싶다""면서도 ""그래도 김도영이라면 다 쳐낼 것 같다""고 웃으며 기대감을 드러냈다. 일본 독립리그 다승왕 출신인 나가는 올 시즌 울산 유니폼을 입고 빠르게 적응에 성공했다. 퓨처스리그 15경기에 선발 등판해 6승 2패, 평균자책점 2.20을 기록 중이며, 탈삼진 86개로 리그 선두를 달리고 있다. 다승과 평균자책점도 상위권에 올라 꾸준한 활약을 이어가고 있다. 최고 시속 150㎞에 가까운 직구를 비롯해 커브, 커터, 포크볼, 슬라이더, 체인지업까지 다양한 구종을 앞세운 점이 강점이다. 그는 많은 실전 경험과 자동투구판정시스템(ABS)에 빠르게 적응한 것이 좋은 성적의 비결이라고 설명했다. 또한 퓨처스리그 타자들의 끈질긴 승부도 인상 깊었다고 말했다. 특히 삼성 이창용과의 맞대결을 떠올리며 ""가장 자신 있는 공을 던졌는데도 정확하게 받아치는 모습을 보고 좋은 타자라는 생각이 들었다""고 전했다. 같은 팀 일본인 투수 고바야시 주이와 오카다 아키타케의 존재도 큰 힘이 되고 있다. 나가는 ""세 명 모두 선발투수라 경기 후 서로 느낀 점을 공유하며 배우고 있다""며 ""각자의 경험을 나눌 수 있어 큰 도움이 된다""고 밝혔다. 후반기 목표도 분명했다. 나가는 ""평균자책점을 1점대로 낮추고 싶다""며 ""탈삼진도 현재 흐름을 유지하면서 좋은 시즌을 마무리하는 것이 목표""라고 각오를 다졌다. 사진 = 울산 웨일즈 제공 최대영 rokmc117@fomos.co.kr"
2026.07.10 23:28,봉황대기 운명 가를 14일…배재고 징계 재심 일정 결정된다,포모스,"5·18 민주화운동을 조롱하는 응원 구호로 6개월 출전 정지 징계를 받은 배재고 야구부의 재심 절차가 본격적으로 진행된다. 오는 14일 재심 일정이 결정되면서 봉황대기 출전 여부도 윤곽을 드러낼 전망이다. 대한체육회는 14일 스포츠공정위원회 소위원회를 열어 배재고 야구부의 재심 안건을 오는 20일 열리는 스포츠공정위원회 정식 회의에 상정할지를 결정한다. 재심 안건이 20일 회의에 상정되고 징계가 출전 정지 1개월 이하로 감경될 경우, 배재고는 다음 달 6일 개막하는 제54회 봉황대기 전국고교야구대회에 출전할 수 있다. 반면 안건 상정이 미뤄지거나 징계가 충분히 감경되지 않으면 봉황대기 출전은 사실상 어려워진다. 대한체육회 규정상 스포츠공정위원회는 징계 재심의 최종 기구로, 심의 당일 결론을 내리며 의결 즉시 효력이 발생한다. 대한체육회는 개별 안건을 별도로 처리하지 않고 정기 회의에서 여러 안건을 함께 심의하는 것이 원칙인 만큼, 현재 접수된 안건 규모를 고려해 14일 소위원회에서 상정 여부를 최종 판단할 예정이다. 배재고 야구부는 지난달 청룡기 전국고교야구선수권대회 광주제일고와의 경기 도중 상대 더그아웃을 향해 5·18 민주화운동을 연상시키는 부적절한 응원 구호를 외쳐 큰 논란을 일으켰다. 대한야구소프트볼협회는 해당 사안을 심의한 뒤 배재고 야구부에 6개월 출전 정지와 청룡기 잔여 경기 몰수패 처분을 내렸다. 징계가 유지될 경우 올해 사실상 마지막 전국대회인 봉황대기 출전이 불가능해지면서 3학년 선수들의 대학 진학과 프로 진출 일정에도 영향을 미칠 수 있다. 배재고 선수단과 학교 관계자들은 최근 광주를 찾아 광주제일고와 시민들에게 공식 사과했으며, 광주제일고 측도 징계 감경을 요청하는 입장을 밝힌 바 있다. 학교는 대한체육회 재심과 별도로 법원에도 출전 정지 처분의 효력을 멈춰달라는 가처분 신청을 제출했다. 법원이 이를 받아들이면 재심 결과와 관계없이 징계 효력이 일시 정지돼 봉황대기 출전이 가능해질 수 있다. 사진 = 연합뉴스 최대영 rokmc117@fomos.co.kr"
2026.07.10 23:20,"잠실서 첫 홈런 날린 'MVP' 함수호, 박진만 감독 향한 어필 ""1군에...",OSEN,"[OSEN=잠실, 홍지수 기자] 프로야구 퓨처스리그 남부 올스타가 홈런 두 방을 앞세워 북부 올스타를 꺾었다. 남부 올스타 승리의 주인공 함수호는 “오랜만에 많은 팬 앞에서 홈런 치고 하니 좋았다”고 소감을 말했다. 남부 올스타는 10일 잠실구장에서 열린 2026 신한 SOL KBO 퓨처스 올스타전에서 북부 올스타를 4-0으로 꺾었다. 퓨처스 올스타전에서 한 팀이 상대를 무실점으로 막고 승리한 것은 올해 남부 올스타가 처음이다. 남부 올스타는 투타가 완벽한 조화를 이뤘다. 함수호의 선제 솔로포와 신재인의 투런포로 일찌감치 승기를 잡았고, 5회에는 노강민의 적시타로 한 점을 더 보탰다. 마운드에서는 선발 박지훈을 시작으로 홍재문, 신동건, 나가 타이세이, 최예한, 장민호, 이영재, 최요한, 김백산까지 9명의 투수가 이어 던지며 북부 타선을 4안타 무득점으로 봉쇄했다. 남부 올스타는 2회 함수호의 솔로홈런으로 균형을 깼고, 4회 신재인의 투런홈런으로 격차를 벌렸다. 이어 5회 노강민의 적시타까지 더하며 승부에 쐐기를 박았다. 마지막 9회에는 삼성 김백산이 마운드에 올라 깔끔하게 경기를 끝내며 역사적인 무실점 승리를 완성했다. 이날 가장 먼저 분위기를 바꾼 선수는 함수호였다. 2회말 1사에서 북부 두 번째 투수 이도우를 상대로 좌측 담장을 넘기는 선제 솔로홈런을 터뜨리며 경기의 균형을 깼다. 6회에도 안타를 추가한 함수호는 3타수 2안타(1홈런) 1타점 1득점을 기록하며 결승타의 주인공이 됐다. 공수에서도 안정적인 모습을 보이며 남부 올스타 승리에 가장 큰 힘을 보탰다. 함수호는 MVP로 뽑혀 상금 200만 원을 받는다. MVP 수상 후 함수호는 “첫 타석부터 좋은 타격이 나와서 2, 3번째 타석 편하게 나갔다. 홈런 치고 (MVP 가능성을)생각했는데 (신)재인이도 쳐서 ‘하나 더 쳐야지’ 생각하며 집중했다”고 웃으며 말했다. 이어 그는 “오랜만에 많은 팬 앞에서 홈런 치고 하니 좋았다”면서 상금 사용 계획에 대해서는 “아직 생각 안해봤다. 상금 받고 싶었는데, 아직 (사용 계획에 대해서는) 생각 못했다”고 얘기했다. 신재인의 MVP 가능성도 있었다. 신재인도 2점 홈런을 쳤기 때문이다. 신재인의 마지막 8회 타석 결과가 볼넷이 아니었다면, MVP 주인공은 바뀔 가능성도 있었다. 함수호는 8회 마지막 신재인 타석을 두고 “재인이가 받았어도 불만 없었다”고 말했다. “잠실에서 홈런은 처음이다. 넘어갈 줄 몰랐다”던 함수호는 “잠실에서 홈런을 쳐 봤다. 손맛을 1군에서 또 느껴보고 싶다. 더 열심히 하겠다”고 각오를 다졌다. 이어 그는 “내 장점은 타격이다. 형들보다 잘 치면 뛸 수 있다고 생각한다. 수비도 중요하지만 타격에서 독보적이고 싶다. 퓨처스에서 잘 준비하고 있으니 혹시 올라가면 준비 잘 된 모습 보여드리겠다”고 강조했다. /knightjisu@osen.co.kr"
2026.07.10 23:02,'홈런 더비 우승' 강백호가 뜬금없이 KIA 주전 포수에 고맙다고 했다!...,스타뉴스,"[스타뉴스 | 잠실=박수진 기자] 한화 이글스 강백호(27)가 잠실 야구장에서 마지막으로 열린 '홈런 더비'에서 최종 왕좌에 올랐다. KT 위즈 시절 동료였던 오태곤(SSG 랜더스)과 벌인 결승전 접전 끝에 일궈낸 짜릿한 우승이었다. 특히 강백호는 우승 직후 소감에서 의외의 인물인 KIA 타이거즈 포수 한준수(27)를 깜짝 언급하며 끈끈한 동료애를 과시했다. '드래프트 동기'라는 인연을 이용해 배팅볼을 부탁해 좋은 결과가 나왔다고 짚었다. 강백호는 10일 서울 잠실야구장에서 열린 2026 KBO 올스타전 전야제 행사 '컴투스프로야구 홈런더비'에서 최종 우승 트로피를 들어 올렸다. 23홈런으로 이번 시즌 리그 최다 홈런 부문 3위를 달리고 있는 강백호는 이번 우승으로 자신의 폭발적인 거포 존재감을 완벽하게 과시했다. 이번 홈런더비 예선은 그 어느 때보다 뜨거운 거포들의 화력전이 펼쳐졌다. 강백호, 오태곤, 허인서(한화)가 각각 7개의 아치를 그리며 공동 선두를 형성했으나, KBO 규정에 따른 '최장 비거리' 원칙에 따라 강백호와 오태곤이 결승에 진출했다. 김도영은 잠실구장의 높은 담장을 넘기는 데 애를 먹으며 아쉽게 결승행이 좌절됐다. 예선에서 명승부를 펼친 강백호와 오태곤의 결승전은 손에 땀을 쥐게 하는 명불허전의 대결이었다. 두 선수는 결승에서도 나란히 7개의 홈런을 쏘아 올릴 정도로 호각세를 이뤘고, 승부는 '30초 내 최다 홈런'을 가리는 서든데스로 이어졌다. 시간 압박 속에서 강백호가 오태곤을 극적으로 따돌리고 우승을 차지했다. 경기 후 기자회견장에 들어선 강백호는 KIA 포수 한준수를 깜짝 언급해 이목을 집중시켰다. 한준수는 이번 결승 무대에서 강백호의 배팅볼 투수로 나서며 우승을 합작했다. 강백호는 ""시작 30분 정도를 앞두고 여러 선수들에게 배팅볼을 요청했는데, 그 가운데 (한)준수의 공이 가장 좋아서 파트너로 선택했다""고 설명했다. 유쾌한 비하인드 스토리도 곁들였다. 강백호는 ""준수가 내 방망이를 많이 가져가서 쓴다. 이번 시즌 벌써 4개나 가져갔다""고 폭로해 현장을 웃음바다로 만들었다. 이어 ""내 방망이를 가져갔으니 공이라도 잘 던져줘야 하는 것 아니냐""고 너스레를 떨며 ""준수가 잘 던져준 덕분에 우승할 수 있었다. 상금은 준수와 나눌 생각도 갖고 있다""는 말로 고마움을 전했다. 이번 우승으로 강백호는 우승 상금 1,000만 원과 함께 부상으로 삼성 Bespoke AI 에어드레서를 거머쥐었다. 아울러 예선에서 기록한 145m의 대형 아치로 '비거리상(LG 퓨리케어 AI 360° 공기청정기 플러스)'까지 독식하며 이번 홈런더비 최고의 주인공이 됐다. 끝까지 명승부를 펼친 준우승자 오태곤에게는 상금 300만 원이 주어졌으며, 부상으로 '컴프야상(무빙스타일 Mini LED MH70)'을 수상했다. 여기에 강백호의 우승을 뒤에서 묵묵히 도운 배팅볼 파트너 한준수 역시 '홈런 메이커상' 수상자로 선정돼 보스 QC 울트라 헤드폰 2세대를 부상으로 받았다. 강백호에 따르면 2018시즌 KT 시절이던 루키 시즌 이후 8년 만에 올스타 홈런 더비에 출전해 우승을 차지했다. 강백호는 ""사실 오늘 목표한 것은 잠실 야구장을 아예 넘겨보는 것이었는데 못 이뤄서 아쉽긴 하다. 우승하지 못하더라도 그것 하나만큼은 했으면 했는데 아쉽다. 내일 올스타 본 경기도 하는데 쉽지는 않을 것 같다""고 웃었다. 마지막으로 강백호는 ""결승 서든데스는 정말 긴장됐지만 팬분들의 함성 덕분에 집중할 수 있었다""라며 ""올스타전 기운을 이어받아 후반기 순위 싸움에 보탬이 되도록 최선을 다하겠다""고 각오를 다졌다. 잠실=박수진 기자 bestsujin@mtstarnews.com"
2026.07.10 23:01,"남부리그, 퓨처스 올스타전 승리…'결승 홈런' 함수호 MVP",일간스포츠,"남부리그 올스타가 함수호(20·삼성 라이온즈)와 신재인(19·NC 다이노스)의 홈런을 앞세워 퓨처스(2군) 올스타전서 승전고를 울렸다. 남부리그 올스타(울산 웨일즈·롯데 자이언츠·KIA 타이거즈·NC·삼성·kt wiz)는 10일 오후 서울 잠실구장에서 열린 2026 신한 SOL뱅크 KBO 퓨처스 올스타전에서 북부리그 올스타(국군체육부대·한화 이글스·LG 트윈스·고양 히어로즈·두산 베어스·SSG 랜더스)를 4-0으로 꺾었다. 경기의 주인공은 삼성 외야수 함수호였다. 그는 2회 1사 주자 없는 상황에서 이도우(SSG)의 높은 슬라이더를 공략해 오른쪽 펜스를 넘기는 선제 결승 홈런을 기록했다. 이어 4회 1사 2루에서는 2026 신인드래프트 1라운드 전체 2순위로 NC 지명을 받은 내야수 신재인이 조원태(LG)의 높은 직구를 라인드라이브 홈런으로 연결했다. 먼저 달아난 남부리그 올스타는 5회 선두타자 이재원(kt)의 3루타, 노강민(울산)의 적시타를 묶어 쐐기를 박았다. 북부리그 올스타는 이날 9명이 1이닝씩 책임진 남부리그 올스타 마운드를 상대로 4안타에 그쳤다. 함수호는 최종 3타수 2안타 1홈런 1타점을 올리며 퓨처스 올스타전 최우수선수(MVP)로 선정됐다. 퓨처스 올스타전 MVP 상금은 200만원이다. 삼성 소속 선수가 퓨처스 올스타전 MVP를 차지한 건 2010년 김종호 이후 16년 만이다. 우수타자상은 신재인, 우수투수상은 나가 다이세이(울산)의 몫이었다. 북부리그 선발로 1과 3분의 1이닝 2탈삼진 무실점을 한 강건우(한화)는 감투상을 품었다. 베스트 퍼포먼스상은 KIA 엄준현에게 향했다. 그는 걸그룹 '리센느' 미나미가 최근 열풍을 일으킨 '갸루'로 분장하고 안무를 소화해 눈길을 끌었다. 이날 퓨처스 올스타전 최종 관중은 1만2816명을 기록, 유료화된 2015년 이후 최다 관중을 기록했다. 김우중 기자 ujkim50@edaily.co.kr"
2026.07.10 22:59,‘홈런왕 배트 10자루 가져간’ 한준수는 들으세요! 한화 강백호 “보답은...,스포츠서울,"[스포츠서울 | 잠실=이소영 기자] “(한)준수에게 제가 보답받은 거라…” 잠실구장을 가른 호쾌한 방망이만큼이나 입담도 거침없었다. 2026 올스타 ‘홈런더비’ 우승자 한화 강백호(27)는 함께 호흡을 맞춘 KIA 한준수(27)를 두고 “올시즌만 해도 내 배트 10자루를 가져갔다. 오히려 내가 보답받은 것”이라며 “상금은 나누겠다”고 너스레를 떨었다. 강백호는 10일 서울 잠실구장에서 열린 2026 KBO리그 올스타 프라이데이 ‘홈런더비’ 결승전에서 SSG 오태곤과 서든데스까지 가는 접전 끝에 승리했다. 연장에서 오태곤이 홈런을 기록하지 못한 사이, 강백호는 두 번째 스윙에서 우측 담장을 넘기며 우승을 확정했다. 쟁쟁한 후보들을 제치고 정상에 섰다. 이날 예선엔 김도영(KIA), 양의지·박준순(이상 두산), 강백호·문현빈·허인서(이상 한화), 김주원(NC), 오태곤(SSG)이 출전했다. 오스틴 딘(LG)이 허리 불편함을 불참하면서 오태곤이 대체 선수로 합류했다. 결승 진출자는 나란히 7홈런과 최장 비거리 140m를 기록한 강백호와 오태곤이었다. 허인서도 7개 기록했지만, 최장 비거리 135ｍ에 그쳐 결승 진출이 무산됐다. 30초 동안 더 많은 홈런을 날리는 서든데스에서 오태곤이 홈런을 기록하지 못했고, 강백호는 두 번째 스윙에서 다시 한 번 대형 아치를 그려내며 우승을 거머쥐었다. 경기 후 취재진과 만난 강백호는 “홈런더비에 나선 건 2018년 신인 때 이후 처음”이라며 “우승하고 싶은 마음으로 최선을 다했는데 이길 수 있어 좋다”고 소감을 밝혔다. 올시즌엔 혜택도 한층 늘어났다. 강백호는 우승 상금 1000만원과 의류 관리기를 받았고, 비거리상까지 차지하며 공기청정기도 품에 안았다. 그는 “사실 비거리상을 노렸다. 잠실구장을 넘기고 싶었는데 그러지 못한 점이 가장 아쉽다”며 “상금은 방망이나 야구용품을 사는 데 사용할 계획”이라고 말했다. 우승의 기쁨도 잠시, 시선은 후반기를 향했다. 강백호는 “요즘 감이 좋은 편은 아니라 내일은 쉽지 않을 것 같다”며 “최선은 다하겠지만 안타라도 쳤으면 하는 마음”이라고 털어놨다. 이어 “가을야구처럼 집중해서 최대한 세게 치려고 했다”며 “이 기세가 후반기 순위 싸움에 도움이 됐으면 좋겠다”고 덧붙였다. 배팅볼을 맡은 한준수는 ‘홈런메이커상’을 수상했다. 강백호는 “경기 시작 30분 전에 5명의 선수와 호흡을 맞춰봤는데 준수 공이 제일 좋았다”며 “올해 준수가 내 배트를 쓰고 있다. 내가 오히려 보답받은 것”이라며 웃었다. 그러면서 “우승 상금은 준수와 나누겠다”고 약속했다. sshong@sportsseoul.com"
2026.07.10 22:52,"""아직 부족하네요"" 김태균·로사리오·채은성 소환한 강백호, 데뷔 첫 쾌거...",마이데일리,"[마이데일리 = 잠실 김경현 기자] '천재 타자' 강백호가 마지막 잠실 올스타전 홈런더비 최강자가 됐다. 10일 서울 잠실야구장에서 열린 2026 KBO 올스타전 컴투스프로야구 홈런더비에서 강백호가 도합 15개(예선 7개+결승 7개+서든데스 1개)로 우승을 차지했다. 이번 홈런더비는 아웃제와 시간제가 결합된 방식으로 펼쳐졌다. 예선은 5아웃, 결승은 7아웃이 주어졌다. 아웃 카운트가 모두 소진되면 1분간의 '피버타임'이 주어지고 추가 타격을 할 수 있다. 앞서 팬투표를 통해 출전 선수가 정해졌다. 김도영(KIA 타이거즈)이 2만 6731표를 받아 1위로 홈런더비에 진출했다. 이어 양의지, 박준순, 강백호, 문현빈, 김주원, 허인서가 이름을 올렸다. 당초 오스틴 딘도 명단에 포함됐으나, 당일 허리 불편함으로 오태곤이 출전하게 됐다. 예선은 치열했다. 강백호, 오태곤, 허인서가 각각 7개를 쳤다. 문현빈이 4개, 김주원과 김도영이 2개씩을 쳤다. 박준순은 1개를 쳤다. 규정에 따르면 상위 2명이 결승으로 향하며, 개수가 동일할 시 최장 비거리 선수가 올라간다. 강백호가 145m, 오태곤이 140m를 기록하며 결승전에 진출했다. 먼저 타석에 선 오태곤이 7개의 홈런을 쳤다. 강백호는 아웃제에서 3홈런을 쳤다. 이어 1분의 피버타임에서 극적으로 4개를 쳐 동률을 이뤘다. 마지막 1초를 남기고 친 홈런이 우측 폴대를 정확히 때렸다. 두 선수는 서든데스에 돌입했다. 30초 내 최다 홈런을 친 선수가 우승을 차지하게 된 것. 오태곤은 0홈런으로 서든데스를 마무리했다. 강백호가 깔끔하게 홈런 하나를 때려내며 최종 우승자가 됐다. 6번째 한화 선수의 홈런더비 우승이다. 앞서 김태균(2005·2007·2012), 윌린 로사리오(2017), 채은성(2023)이 가장 높은 자리에 올랐다. 취재진을 만난 강백호는 ""마지막 너무 흥분해서 빠던으로 스태프를 맞힐 뻔했다. 죄송하다""라고 입을 열었다. 이어 ""홈런더비는 (신인 시절인) 2018년도에 나가고 처음 나가본다. 우승 한 번 해봐야겠다고 왔다. 우승하게 되어 기쁘다. 강백호는 ""사실 비거리상을 노리고 왔다""며 ""목표한 바는 잠실야구장 넘기기였다. 못 넘겨서 아쉽다. 그게 제일 아쉽다. 우승 못 했더라도 그거 하나만큼은 하고 가고 싶었다. 아직 부족하다""고 말했다. 내일(11일) 본경기에서 넘기면 되지 않냐고 묻자 ""쉽지 않을 것 같다. 안타라도 쳤으면 좋겠다. 타격감이 좋지 않다. 최선을 다해 경기에 임하겠다""고 답했다. 배팅볼 투수로 한준수를 택했다. 강백호는 ""야구에 전통이 있다. 포수가 배팅볼을 잘 던진다는 말이 있다. 일단 준수와 친하고 공도 잘 던지는 것을 알고 있다. 사실 선수들 공을 쳐볼 기회가 없지 않나. 강한 공을 좋아해서 30분 전에 선수 다섯 명 정도가 저에게 공을 던져줬는데 그중 준수가 가장 좋았다. 그래서 준수 공을 쳤다""고 뒷이야기를 전했다. 한준수에게 어떤 보답을 해줄 것이냐는 질문에 ""준수는 사실 시즌 시작하고 제 방망이를 쓰고 있다. 제 것을 10자루 정도 가져갔다. 제가 보답을 해야할까""라면서 좌중을 웃겼다. 그러면서 ""준수가 잘해줬기 때문에 상금을 나눌 생각도 있다""고 했다. 한편 강백호는 우승, 비거리상을 모두 휩쓸며 상금 1000만원, Bespoke AI 에어드레서, LG 퓨리케어 AI 360° 공기청정기 플러스를 받게 됐다. 강백호와 호흡을 맞춘 한준수는 보스 QC 울트라 헤드폰 2세대를 챙겼다. 준우승자 오태곤은 상금 300만원을 받는다. 또한 오태곤은 피버타임에서 가장 많은 홈런을 쳐 무빙스타일 Mini LED(MH70)를 가져갔다."
2026.07.10 22:51,"강백호, 올스타전 홈런 더비 극적인 우승…“상금은 팀 동료 방망이에 투자...",한겨레,"2026 KBO 올스타전 홈런 더비 결승전. 강백호(한화 이글스)는 오태곤(SSG 랜더스)에게 홈런 1개 뒤처져 있었다. 하지만 피버 타임(1분) 때 휘두른 마지막 타구가 오른쪽 폴대를 강타했다. 극적인 ‘버저 비터’였다. 7 대 7 동점. 다 잡은 우승을 놓친 오태곤은 이어진 서든 데스(연장전)에서 30초 동안 단 1개의 홈런도 터뜨리지 못했다. 이에 반해 기세가 오른 강백호는 여유롭게 홈런을 기록하며 배트를 던지고 두 손을 번쩍 들었다. 함께 홈런 더비에 참가한 팀 후배 허인서와 문현빈은 물을 뿌려주면서 강백호를 축하해줬다. 강백호는 10일 잠실야구장에서 퓨처스(2군) 올스타전 직후 열린 홈런 더비에서 우승을 차지했다. 예선(5아웃·피버 타임 1분)에서 오태곤, 허인서와 함께 홈런 공동 1위(7개)에 오른 강백호는 비거리 순서(오태곤 145m, 강백호 140m)대로 오태곤과 결선(7아웃·피버 타임 1분)에 올라 진검 승부를 펼쳤다. 오태곤은 원래 홈런 더비 참가자가 아니었으나 오스틴 딘(LG 트윈스)이 허리 통증으로 불참하게 되면서 팬 투표 순위에 따라 이날 오후 출전이 갑자기 결정됐다. 전반기 홈런 공동 1위 김도영(KIA)은 예선에서 홈런 2개밖에 치지 못하며 탈락했다. 올스타전 최다 득표자 양의지(두산 베어스)는 6개를 쳤다. 문현빈은 4개, 김주원(NC 다이노스)은 2개, 박준순(두산)은 1개. 강백호가 올스타전 홈런 더비에서 우승한 것은 이번이 처음이다. 강백호는 트로피와 함께 상금 1000만원, 부상으로 삼성 비스포크(Bespoke) AI 에어드레서(일반용량)를 받았다. 최다 비거리상(145m)까지 차지하면서 엘지(LG) 퓨리케어 AI 360º 공기청정기 플러스까지 손에 넣었다. 강백호에게 공을 던져준 기아(KIA) 타이거즈 포수 한준수는 이번에 처음 신설된 홈런 메이커상(부상은 보스 QC 울트라 헤드폰 2세대)을 받았다. 강백호는 “한화를 대표해서 나와서 책임감을 갖고 했다”면서 “(한)준수가 시즌 때 내 방망이로 치는데 방망이값을 (배팅볼) 피칭으로 받은 것 같다”고 했다. 상금 용도에 대해서는 “우리 팀 선수들이 내 방망이를 많이 쓰는데 방망이에 투자할 생각이다. 한준수와도 나누겠다”라고 했다. 아깝게 홈런 더비 준우승을 차지한 오태곤은 트로피와 상금 300만원을 받았다. 예선 ‘컴프야 피버타임’ 동안 가장 많은 홈런을 터뜨려서 ‘컴프야상’도 차지했다. 부상은 삼성 무빙스타일 미니(Mini) LED(MH70). 오태곤에게는 팀 동료인 포수 조형우가 공을 던져줬다. 김양희 기자 whizzer4@hani.co.kr"
2026.07.10 22:49,"'홈런 더비 우승' 강백호 ""배팅볼 던진 한준수와 상금 천만원 나눌 것""",뉴스1,"(서울=뉴스1) 서장원 기자 = 프로야구 올스타전 홈런 더비 우승자 강백호(한화)가 ""우승을 목표로 출전했는데 뜻을 이뤄 기쁘다""고 소감을 전했다. 강백호는 10일 서울 잠실구장에서 열린 2026 KBO 올스타전 '컴투스프로야구 홈런 더비' 결승에서 오태곤(SSG)을 서든데스(연장전) 끝에 꺾고 우승했다. 배팅볼 투수 한준수(KIA)와 짝을 이룬 강백호는 예선에서 7개를 치며 허인서(한화), 오태곤과 동률을 이뤘지만, 비거리에서 145m로 1위를 차지해 2위 오태곤(140m)과 결승에 진출했다. 그리고 결승에선 오태곤과 나란히 7홈런으로 팽팽히 맞섰다. 강백호는 연장전(30초)에서 홈런 한 개를 추가, 홈런을 치지 못한 오태곤을 제치고 우승의 기쁨을 안았다. 강백호는 우승 상금 1000만 원과 에어드레서를 부상으로 받았고, 최고 비거리(145m) 상까지 받아 공기청정기까지 획득했다. 시상 후 만난 강백호는 ""신인이던 2018년 홈런 더비에 출전한 뒤 8년 만에 다시 나왔다. 한번 우승해 봐야겠다고 다짐했다. 노려볼 만하다고 생각했는데 진짜 우승해서 기쁘다""고 말했다. 강백호는 허리 불편함으로 출전을 포기한 오스틴 딘(LG) 대신 나와 결승까지 올라온 오태곤(SSG)에 대해서도 놀라움을 표현했다. 그는 ""(오)태곤이형과 KT에서 같이 생활했다. 워낙 힘 좋은 선수라는 걸 알고 있었다""며 사실 ""김도영이나 오스틴과 결승에서 만날 줄 알았는데, 예선 때 태곤이형이 너무 잘 쳐서 나는 결승에 못 올라갈 줄 알았다. 오늘 공이 잘 맞아서 좋은 결과 나왔다""고 말했다. 강백호는 홈런 더비 우승과 함께 최고 비거리 상도 받았다. 이날 여러 차례 145m 대형 홈런을 치면서 현장에 모인 선수들과 관중을 깜짝 놀라게 했다. 강백호는 ""사실 비거리 상을 노렸다. 우승했지만 잠실 야구장을 넘기고 싶은 목표를 이루지 못해 많이 아쉽다. 우승 못하더라도 그것 하나만큼은 하고 싶었다. 아직 부족하다고 느꼈다""고 말했다. 홈런 더비 전 배팅볼 투수 선택에 심혈을 기울였다는 강백호는 ""야구계엔 포수가 배팅볼 잘 던진다는 말이 있다. (한)준수와 친하고 공도 잘 던지는 걸 알고 있었다. 홈런 더비 시작 30분 전에 5명의 선수가 나에게 공을 던져줬다. 준수가 던진 공이 가장 좋아서 선택했다""고 말했다. 우승 상금 1000만 원 활용법에 대해서는 ""사적으로 쓰는 것보다 야구용품 등에 쓸 것 같다. 배팅볼을 던져준 (한)준수와 나눌 생각도 있다""고 설명했다. 커리어 하이급 성적으로 전반기를 마치고 홈런 더비까지 좋은 기운을 이어간 강백호는 ""오늘 정말 집중했다. (우승해서) 도파민이 많이 올라왔다""며 ""한화가 전반기 5할 승률을 맞췄기 때문에 후반기에도 순위 싸움할 수 있도록 보탬이 되겠다""고 후반기 각오를 전했다. superpower@news1.kr"
2026.07.10 22:49,"안 뽑혔으면 어쩔 뻔했나… ‘9시의 남자’ 오태곤, 홈런더비 ‘대체 선수...",스포츠경향,"김도영(KIA)도 오스틴(LG)도 아니었다. 비거리 145ｍ 초대형 홈런을 수도 없이 날리며 홈런더비 챔피언에 오른 강백호(한화)도 아니었다. 2026시즌 KBO리그 올스타전 홈런더비의 ‘깜짝 스타’는 대체 선수로 나와 준우승을 차지한 오태곤(SSG)이었다. 오태곤은 10일 잠실구장에서 열린 올스타전 홈런더비에서 준우승을 차지했다. 예선 7홈런으로 결선에 진출했고, 결선에서도 재차 7홈런을 때렸다. 강백호와 동률을 이뤘지만 ‘30초 서든데스’ 승부에서 홈런을 치는 데 실패했다. 오태곤의 무홈런을 확인하고, 한결 가벼운 마음으로 타석에 들어선 강백호가 15초 만에 잠실 담장을 훌쩍 넘기며 우승을 확정했다. 타고난 파워에 특유의 풀스윙이 돋보이는 강백호는 유력한 홈런더비 우승 후보였다. 올 시즌도 23홈런으로 김도영, 오스틴에 이은 홈런 공동 3위로 전반기를 마쳤다. 놀라운 건 오태곤이었다. 올 시즌 전반기 9홈런을 포함해 프로 14시즌 통산 87홈런을 때린 타자다. 한 시즌 두 자릿수 홈런도 2018년 12홈런 딱 한 번이었다. 애초 홈런더비 참가자도 아니었다. 오스틴이 전날 허리 불편을 이유로 참가를 포기하면서 오태곤한테까지 순번이 돌아갔다. KBO는 이날 오후 홈런더비 선수 교체를 알리며 “팬 투표 후순위 선수에게 순차적으로 출전 여부를 물어 SSG 오태곤의 출장이 확정됐다”고 밝혔다. 갑작스럽게 대체 선수로 홈런더비 참가가 결정됐지만, 오태곤의 방망이는 무섭게 돌아갔다. 시즌 중 경기 후반 이후로 특히 성적이 좋다고 해서 ‘9시의 남자’란 별명이 붙은 오태곤이다. 이날 오후 9시 무렵부터 시작한 홈런더비에서 ‘별명값’을 제대로 했다. 오태곤은 예선 첫 주자로 나서 7홈런을 때렸다. 정규 5아웃 동안 2번밖에 홈런을 때리지 못했는데, 30초 휴식 후 1분 동안의 추가 시간인 ‘피버 타임’에서 무려 홈런 5방을 몰아쳤다. 결승에서도 오태곤은 무서운 뒷심을 발휘했다. 정규 7아웃 중 6아웃이 될 때까지 2홈런밖에 못 때렸는데, 1아웃을 남기고 홈런 2개를 연속으로 날렸다. 그리고 휴식 후 1분 추가시간 동안 홈런 3개를 더쳤다. 예선에 이어 결승에서도 7홈런을 기록했다. 어지간하면 우승을 기대할 수 있는 숫자, 실제로도 우승 직전까지 갔다. 결선 상대 강백호가 1분 추가시간 막판까지 6홈런에 그쳤다. 그러나 시간 종료 몇 초를 남기고 강백호가 마지막으로 때린 타구가 오른 담장 폴을 직격하며 동점이 됐다. 이어진 30초간의 ‘서든 데스’ 시합에서 강백호의 승리로 결말이 났다. 우승 트로피를 앞에 놓고 취재진과 만난 강백호도 오태곤의 괴력에 혀를 내둘렀다. 강백호는 “결승에 간다면 김도영 선수나 오스틴 선수를 만날 거라고 예상했다. 그런데 예선부터 (오)태곤이 형이 너무 잘 치더라. 결승에서 그래도 여유 있게 이길 줄 알았는데, 사실 마지막에 가서는 포기했다. 진짜 운이 좋았다”고 했다. 오태곤은 전날 밤 홈런더비 통지를 받았다고 했다. SSG 후배 포수 조형우에게 급하게 배팅볼 투수를 부탁했다. 오태곤은 “목표가 정말 홈런 3개 치는 거였는데, 뜻밖에 너무 많이 나왔다”고 했다. 그러면서 “결선 가서 마지막 몇 초 남기고 (강)백호가 홈런 딱 치는 거 보고 쉽지 않겠다 싶었다. 체력이 다 떨어져서 너무 힘이 없었다”고 웃었다. 잠실 | 심진용 기자 sim@kyunghyang.com"
2026.07.10 22:47,"강백호, '동점 버저비터' 끝에 올스타 홈런 더비 첫 우승(종합)",연합뉴스,"(서울=연합뉴스) 이대호 김동한 기자 = 프로야구 한화 이글스 강타자 강백호가 데뷔 첫 올스타 홈런 더비 우승을 차지했다. 강백호는 2026 신한 SOL뱅크 KBO 올스타전 전야제 '컴투스 프로야구 홈런 더비' 결승에서 한 차례 연장전 끝에 오태곤(SSG 랜더스)을 제쳤다. 강백호는 우승 상금 1천만원과 비스포크 AI 에어드레서를 부상으로 받았다. 여기에 비거리 145ｍ로 1위를 차지해 LG 퓨리케어 공기청정기까지 가져갔다. 강백호에게 배팅볼을 던져준 한준수(KIA 타이거즈)에게는 보스 울트라 헤드폰이 돌아갔다. 홈런 더비는 아웃제와 시간제를 결합한 방식으로 진행했다. 예선전은 5아웃 동안 때린 홈런과 아웃제가 끝난 뒤 30초 휴식 후 1분 동안 진행하는 '컴프야 피버타임'으로 홈런 개수를 비교했다. 팬 투표에 따라 KBO리그 전반기 홈런 27개로 공동 1위를 차지한 김도영(KIA)을 비롯해 양의지, 박준순(이상 두산 베어스), 강백호, 문현빈, 허인서(이상 한화), 김주원(NC 다이노스), 오태곤(SSG 랜더스)까지 8명이 홈런 더비에 출전했다. 예선에서는 오태곤과 허인서, 강백호가 나란히 가장 많은 7개를 때렸다. 홈런 동률일 경우 비거리를 비교해 상위 2명만 결승에 진출한다는 규정에 따라 비거리 145ｍ의 강백호와 140ｍ인 오태곤이 올라갔고, 허인서는 비거리 135ｍ로 탈락했다. 결승은 7아웃+1분 제로 진행했다. 먼저 등장한 오태곤은 7아웃 동안 4개, 1분 동안 3개를 넘겨 7개로 마무리했다. 6개에 멈췄던 강백호는 마지막 스윙에서 오른쪽 폴을 직격하는 극적인 버저비터를 터트려 동점을 만들었다. 30초 동안 진행한 서든데스에서 오태곤은 하나도 못 넘겼고, 강백호는 우승을 결정한 한 방을 날리고 배트를 멀리 던졌다. 홈런 더비에 함께 출전했던 한화 동료 허인서와 문현빈은 강백호에게 물을 뿌리며 축하해줬다. 한화 선수가 홈런 더비 우승을 차지한 건 2023년 채은성 이후 3년 만이다. 강백호에겐 첫 우승이다. 오스틴 딘(LG 트윈스)의 허리 통증으로 대신 출전한 오태곤은 우승 문턱까지 간 데 만족해야 했다. 오태곤은 상금 300만원과 함께 이동형 텔레비전인 삼성 무빙스타일 미니를 가져갔다. 강백호는 우승 후 취재진과 만나 ""사실 비거리상을 노리고 왔다. 잠실구장을 한 번 넘겨보고 싶었다""며 ""홈런 더비가 끝난 뒤 '빠던'(배트 플립)을 했는데 스태프분이 맞을 뻔해 죄송하다. 가을야구를 치르는 것처럼 집중해서 도파민이 많이 올라왔다""고 말했다. 이어 ""상금은 배팅볼 투수를 맡아준 한준수(KIA 타이거즈)와 나눌 계획""이라며 ""나머지는 야구에 필요한 방망이와 용품을 사는 데 쓸 것 같다""고 덧붙였다. 결승에서 맞붙은 오태곤의 타격도 높이 평가했다. 그는 ""(오)태곤이형과 kt wiz 때 같이 생활하면서 힘이 좋은 선수란 건 워낙 잘 알고 있었다""며 ""오늘 너무 잘 쳐서 저는 결승에도 못 갈 줄 알았다. 마지막 타임아웃 전엔 사실 포기했는데 운이 좋았던 것 같다""고 돌아봤다. 11일 올스타전에 출전하는 강백호는 ""내일 안타라도 치면 좋겠다""면서 ""최선을 다해 경기에 임하겠다""고 각오를 말했다. 4bun@yna.co.kr (끝) ▶제보는 카톡 okjebo"
2026.07.10 22:45,'잠실의 마지막 올스타 홈런왕'은 한화 강백호,에스티엔,"[STN뉴스] 배영수 기자┃올해를 마지막으로 철거되는 잠실구장의 마지막 올스타 홈런왕 타이틀은 결국 '천재' 강백호(한화)의 품에 안겼다. 강백호는 10일 잠실구장에서 퓨쳐스 올스타전 이후 열린 홈런더비 결승에서 오태곤과 함께 올라 서든데스까지 가는 접전 끝에 오태곤(SSG)을 꺾고 우승했다. 강백호는 우승 상금 1천만 원과 삼성 에어드레서(공기청정기)를 부상으로 받았다. 더불어 강백호에게 배팅볼을 던져 준 한준수(KIA)도 홈런 메이커상을 차지했다. 또 강백호와 재미있는 경쟁을 해준 준우승자 오태곤도 300만 원의 상금과 부상을 거머쥐며 경미한 허리부상으로 출전하지 못한 오스틴 대신 출전한 타자임이 믿기 힘들 정도의 컨디션을 보여줬다. 예선 1회전에서는 오태곤, 허인서(한화), 김주원(NC), 문현빈(한화), 강백호, 박준순(두산), 양의지(두산) 김도영(KIA)의 순서로 타석에 섰다. 5아웃제(홈런을 못 치면 아웃)인 예선과 1분의 제한시간 타격을 합친 수에서 첫 주자로 나선 오태곤은 7개를 쳐냈고, 이후 허인서도 똑같은 7개를 때리며 초반부터 흥미진진한 전개를 예고했다. 이후 등장한 김주원은 2개, 문현빈 4개로 부진했지만 강백호가 7개를 때려내며 공동 선두로 올라섰다. 이어 등장한 두산 타자들 중 박준순은 1개에 그쳤고 양의지는 6개로 조금은 아쉬운 갯수가 됐다. 마지막으로 올 시즌 홈런 공동선두(27개)의 김도영은 기대를 모았으나 박찬호가 뿌려준 공을 제대로 보내지 못하며 2개에 그쳤다. 홈런더비 규칙은 결승 2인이 진출하는 것이었으나, 공동선두가 3인으로 치열했다 보니 비거리 순으로 진출자를 가렸다. 145m의 강백호와 140m 오태곤이 허인서를 제치고 진출했고, 7아웃으로 늘어난 결선에서 오태곤은 예선과 같은 7개를 때려냈다. 이어 등장한 강백호는 초반 다소 홈런을 못 쳐내는 듯한 분위기를 자아냈으나, 제한시간 1분간 무려 4개를 홈런을 날렸다. 특히 마지막 홈런은 종료 3초를 남기고 친 라인드라이브성 타구가 우측 폴대를 기적적으로 강타하며 7개로 다시 동점이 됐다. 결국 둘은 30초 서든데스에 돌입했는데, 오태곤은 서든데스를 예상하지 못했는지 다소 힘이 빠진 타격과 긴장함을 보이며 홈런을 한 개도 기록하지 못했다. 이어 타석에 선 강백호가 두 번의 시도만에 우중간 담장을 넘기면서 '끝내기'로 우승했다. 강백호는 우승 소감을 묻는 질문에 ""우리 팀을 대표해 같이 나온 두 선수(허인서, 문현빈)가 너무 못해서 책임감을 갖고 나왔다""며 너스레를 떨었다. 이어 ""사실 오늘 비거리상을 노리긴 했는데 잠실구장 장외를 넘기진 못해서 조금 아쉽다""며 웃었다. 상금의 사용 용도에 대해서는 ""우리 선수들 방망이를 위해 쓰겠다""며 팀에 공을 돌릴 것을 예고했다. ※STN뉴스 보도탐사팀 제보하기 당신의 목소리가 세상을 바꾸고, 당신의 목소리가 권력보다 강합니다. STN뉴스는 오늘도 진실만을 지향하며 여러분의 소중한 제보를 기다립니다. ▷ 전화 : 1599-5053 ▷ 이메일 : news@stnsports.co.kr ▷ 카카오톡 : @stnnews / STN뉴스=배영수 기자 gigger@stnnews.co.kr ▶STN 뉴스 공식 모바일 구독 ▶STN 뉴스 공식 유튜브 구독 ▶STN 뉴스 공식 네이버 구독 ▶STN 뉴스 공식 카카오톡 구독"
2026.07.10 22:42,‘홈런더비 우승’ 강백호 “잠실 장외 홈런이 목표였는데..(오)태곤이 형...,뉴스엔,"[잠실=뉴스엔 안형준 기자] 강백호가 홈런더비 우승 소감을 밝혔다. 한화 이글스 강백호는 7월 10일 서울 잠실구장에서 열린 올스타 프라이데이 행사 '컴투스프로야구 홈런더비'에서 우승을 차지했다. 강백호는 이날 홈런더비에서 예선 7개, 결승 8개의 홈런을 기록했다. 예선 1위로 결승에 오른 강백호는 결승전에서 오태곤(SSG)을 서든데스 승부 끝에 꺾고 우승을 차지했다. 최장 비거리 145m를 기록해 비거리상까지 거머쥐었다. 극적인 우승이었다. 결승에서 먼저 타격한 오태곤이 7홈런을 기록했고 강백호는 마지막 타구가 극적으로 폴대를 때려 서든데스를 치를 수 있었다. 그리고 서든데스에서 승리했다. 강백호는 ""폴대를 맞은 타구와 우승을 확정한 홈런 모두가 짜릿했다. 첫 홈런더비 우승이라 기쁘다""면서도 ""마지막에 너무 흥분해서 배트를 던졌는데 그게 스태프 분께 맞을 뻔했다. 죄송하다""고 말했다. 두 가지 목표를 갖고 참가한 홈런더비다. 강백호는 ""신인 때 이후 처음 참가하는 홈런더비라 우승을 한 번 해봐야겠다는 생각이었다. 우승해서 기쁘다""며 ""사실 더 큰 목표는 잠실 야구장 장외로 타구를 넘기는 것이었는데 그걸 못해서 아쉽다. 우승을 못하더라도 그건 하고 싶었는데 아직 부족한 것 같다. 내일 본게임에서 넘기는 것은 쉽지 않을 것 같다. 최근 감이 안좋았어서 내일은 안타라도 쳤으면 좋겠다""고 웃었다. 장외로 타구를 넘기지는 못했지만 우승과 비거리상 두 마리 토끼를 모두 잡았다. 강백호는 ""홈런더비를 치르며 뭔가 집중이 잘 된 것 같다. 마치 가을야구를 하는 것처럼 정말 집중했다. 정말 세게 치면서 어떻게든 우승을 해보고 싶었는데 해내서 짜릿했다. 도파민이 많이 올라온 것 같다""며 ""한화가 전반기 승률 5할을 맞춘 만큼 후반기 순위 싸움에 더 도움이 되고 싶다. 이 감을 유지하며 많은 경기에 나서고 싶다""고 말했다. 이날 강백호는 동갑내기 친구인 한준수(KIA)와 호흡을 맞췄다. 배팅볼 투수로 나선 한준수의 정확하고 강한 공이 강백호의 우승에 크게 기여했다. 강백호는 ""야구에는 전통적으로 '포수가 배팅볼을 잘 던진다'는 말이 있다. 준수랑은 워낙 친하고 공을 잘 던지는 것도 알고 있었다""며 ""사실 홈런더비 시작 30분 전에 한 5명한테 공을 던져달라고 했다. 준수와 (문)현빈이, (박)민우 형, (이)도윤이 형, (황)성빈이 형까지 던져줬다. 나는 강한 공을 좋아하는데 그 중에 준수가 제일 좋아서 준수와 함께했다""고 웃었다. 결승전에서 만난 오태곤은 예상 외의 상대였다. 오태곤은 홈런 공동 1위인 오스틴(LG)이 허리 문제로 홈런더비에 불참하며 이날 급히 '대타 출전'을 하게 된 선수. 하지만 예선에서 7홈런을 때려내며 비거리에서 밀린 2위로 결승에 올랐고 결승에서도 강백호를 서든데스까지 몰아붙인 강적이었다. 강백호는 ""태곤이 형은 KT에서 같이 뛰어서 워낙 힘이 좋은 선수라는 것은 알고 있었다. 그래도 사실은 김도영이나 오스틴과 만날 줄 알았다. 하지만 오스틴이 불참을 했다""며 ""예선을 시작했는데 (1번으로 나선)태곤이 형이 너무 잘치더라. 보면서 '나는 결승까지 못가겠다'하는 생각이 들었다. 그런데 오늘 공이 잘 맞아서 좋은 결과가 있었다. (결승에서도)너무 잘 치더라. 깜짝 놀랐다. 사실 여유있게 이길 줄 알았는데 마지막에는 거의 졌다고 포기할 정도였다. 운이 좋았다""고 감탄했다. '우승 메이커'가 된 한준수와 상금을 나누겠다는 강백호다. 강백호는 ""사실 준수가 올시즌 내 방망이를 많이 가져가서 쓰고있다. 올해 거의 10자루는 가져갔다. 그래서 오히려 오늘 내가 그 보답을 받은게 아닌가 싶다""며 ""그래도 준수가 잘해준 만큼 상금을 나눌 것이다""고 웃었다.(사진=강백호) 뉴스엔 안형준 markaj@ 기사제보 및 보도자료 newsen@newsen.com copyrightⓒ 뉴스엔. 무단전재 & 재배포 금지"
2026.07.10 22:39,"마지막 한 방으로 연장, 서든데스 3구째 끝냈다…강백호의 극적인 올스타 ...",문화일보,"잠실 = 정세영 기자 패배 직전 마지막 타구로 극적인 동점을 만든 강백호가 서든데스 끝에 올스타 홈런더비 정상에 올랐다. 강백호는 10일 잠실구장에서 열린 2026 신한 쏠(SOL) KBO 올스타전 컴투스프로야구 홈런더비 결승에서 서든데스까지 가는 치열한 승부 끝에 오태곤(SSG)을 따돌리고 정상에 올랐다. 한화 선수가 홈런더비 우승을 차지한 것은 2023년 채은성 이후 3년 만이다. 강백호는 우승 상금 1000만 원과 삼성 비스포크 AI 에어드레서를 받았다. 예선부터 치열했다. 가장 먼저 나선 오태곤이 홈런 7개를 날렸고, 허인서(한화)와 강백호도 나란히 7개를 기록했다. 홈런 수가 같을 경우 최장 비거리로 순위를 가리는 규정에 따라 강백호와 오태곤이 결승에 진출했다. 강백호는 145m, 오태곤은 140m, 허인서는 135m를 기록했다. 결승에서도 두 선수는 쉽게 우열을 가리지 못했다. 먼저 타격한 오태곤은 정규 7아웃 동안 홈런 4개를 때렸다. 이어진 1분간의 ‘컴프야 피버타임’에서 홈런 3개를 추가해 총 7개로 결승을 마쳤다. 강백호는 마지막까지 몰렸다. 홈런 6개에 머물러 패색이 짙었지만 피버타임 마지막 타구가 우측 폴대를 때렸다. 7-7 동점. 서든데스에서는 30초 동안 더 많은 홈런을 친 선수가 우승을 차지한다. 먼저 나선 오태곤은 홈런을 추가하지 못했다. 강백호는 세 번째 타구를 담장 밖으로 보내며 긴 승부에 마침표를 찍었다. 이날 강백호는 예선에서 기록한 145m짜리 홈런으로 비거리상까지 받아 2관왕에 올랐다. 오태곤은 준우승 상금 300만 원을 받았다. 예선 피버타임에서 가장 많은 홈런을 날려 ‘컴프야상’과 삼성 무빙스타일 미니 LED도 차지했다. 강백호의 배팅볼 투수를 맡은 한준수(KIA)는 홈런 메이커상과 보스 QC 울트라 헤드폰 2세대를 받았다. 강백호는 우승 뒤 “2018년 신인 때 홈런더비에 나간 뒤 처음 출전했다. 이번에는 한번 제대로 해봐야겠다는 마음으로 왔다. 우승할 수 있어서 기쁘다”고 소감을 밝혔다. 우승 상금을 어떻게 쓸지를 묻는 질문에는 “사실 비거리상을 노리고 왔는데 우승까지 하게 됐다. 상금을 어떻게 사용할지는 아직 생각하지 못했다”고 답했다. 이어 강백호는 “오늘 목표는 잠실구장 전광판을 넘기는 것이었다. 넘기지 못해 아쉽다. 우승을 못 하더라도 그것만큼은 하고 가고 싶었다. 아직 부족한 것 같다. 내일 올스타전에서도 기회가 있을 수 있다. 쉽지는 않겠지만 기회가 오면 최선을 다하겠다”고 말했다. 이날 강백호는 배팅볼 파트너로 KIA의 한준수를 선택했다. 보통 같은 팀 선수를 배팅볼 투수로 선택하지만 강백호는 다른 팀 소속인 한준수에게 공을 맡겼다. 강백호는 “(한)준수와 친하고 공을 잘 던진다는 것도 알고 있었다. 선수들이 평소에는 다른 선수가 던지는 배팅볼을 쳐볼 기회가 많지 않다. 그래서 홈런더비 시작 30분 전쯤 여러 선수에게 직접 공을 던져달라고 했다. 5명 정도가 던져줬는데 준수가 가장 좋았다. 그래서 준수에게 부탁했다”고 설명했다. 강백호는 “우리 팀이 전반기를 5할 승률로 마치면서 후반기에 순위 경쟁을 할 수 있게 됐다. 나도 팀에 더 보탬이 되고 싶다. 지금의 감을 유지해 많은 경기에 출전하고 싶다”고 후반기 각오를 전했다. 정세영 기자"
2026.07.10 22:33,"‘시즌 타점 선두’ 한화 강백호, 올스타전 홈런더비 우승",중앙일보,"한화 이글스의 중장거리 타자 강백호가 올스타전 홈런더비에서 우승했다. 강백호는 10일 서울 잠실구장에서 열린 2026 KBO 올스타전 홈런더비에서 서든 데스까지 가는 접전 끝에 오태곤(SSG 랜더스)을 꺾고 우승 타이틀의 주인공이 됐다. 우승자에게 주어지는 상금 1000만원과 부상 에어드레서에 이어 비거리 1위를 기록한 선수에게 주는 공기청정기까지 싹쓸이했다. 홈런더비 참가자는 올스타전 출전 선수 중 올 시즌 홈런 9개 이상을 기록한 선수를 대상으로 팬투표를 거쳐 선정했다. 올 시즌 홈런 공동 선두(27개) 김도영(KIA 타이거즈)과 오스틴 딘(LG 트윈스)을 비롯해 양의지, 박준순(이상 두산 베어스), 강백호, 문현빈, 허인서(이상 한화 이글스), 김주원(NC 다이노스) 등이 출전 자격을 얻었다. 하지만 오스틴이 대회에 앞서 허리 불편함을 호소해 오태곤이 대신 출전했다. 5아웃과 1분의 추가시간으로 구성한 예선에서는 오태곤과 허인서, 강백호가 나란히 7개씩의 홈런포를 쏘아 올려 공동 1위로 올라섰다. 양의지가 6개, 문현빈이 4개를 기록했고 김도영과 김주원이 나란히 2개씩, 박준순은 1개에 그쳤다. 예선에서 홈런 수 타이를 이룬 선수가 3명 이상일 경우 비거리 순으로 결승 진출자 2명을 선정하는 기준에 따라 최고 비거리 145m의 강백호와 140m의 오태곤이 결승에 올랐다. 7개의 아웃과 1분의 추가시간을 적용한 결선에서는 먼저 타석에 선 오태곤이 7개의 홈런을 기록한 가운데, 강백호가 6개의 홈런을 때려낸 상황에서 1분의 추가시간 중 마지막 1초를 남기고 친 타구가 오른쪽 폴대를 직격하며 극적으로 동률을 이뤘다. 이어진 서든 데스에서는 두 선수가 각각 30초의 추가시간을 배정 받았다. 오태곤은 단 한 개의 홈런도 만들어내지 못한 반면, 강백호가 승리를 확정 짓는 홈런포를 쏘아 올려 기나긴 승부에 마침표를 찍었다. 한화 선수로 올스타전 홈런더비 우승자가 나온 건 지난 2023년 채은성에 이어 3년 만이다. 올 시즌 홈런 공동선두 김도영과 오스틴이 갖지 못한 홈런더비 챔피언 타이틀을 시즌 타점 선두(85개) 강백호가 대신 품에 안은 셈이 됐다. 한편 앞서 열린 퓨처스 올스타전에서는 남부 올스타가 북부 올스타에 4-0 완승을 거뒀다. 남부 올스타의 5번 타자 겸 좌익수로 선발 출전해 결승 솔로홈런 포함 3타수 2안타 1타점 1득점을 기록한 함수호(삼성 라이온즈)가 최우수선수로 선정됐다. 함수호는 상금 200만원과 트로피를 받았다. 송지훈 기자 song.jihoon@joongang.co.kr"
2026.07.10 22:32,"'홈런더비 우승' 강백호, 한준수와 상금 분배 없다? ""올해 방망이 10...",스포츠한국,"[잠실=스포츠한국 심규현 기자] 2026 KBO리그 올스타전 컴투스프로야구 홈런더비 우승을 차지한 강백호가 소감을 밝혔다. 10일 오후 서울 잠실야구장에서 2026 KBO 올스타전 컴투스프로야구 홈런더비가 진행됐다. 이날 행사에는 KIA 타이거즈 김도영, 두산 베어스 양의지와 박준순, 한화 이글스 강백호, 문현빈, 허인서, NC 다이노스 김주원이 참가했다. 남은 한 명은 LG 트윈스 오스틴 딘이었으나 허리 불편함으로 SSG 오태곤이 대신 참가했다. 강백호는 예선에서 홈런 7개를 쳐 오태곤과 함께 결승에 올랐다. 이어 결승에서도 7개 동률을 기록하며 두 선수는 서든 데스까지 갔다. 오태곤이 침묵한 가운데 강백호가 홈런 1개를 극적으로 치며 생애 첫 한화 소속으로는 2023년 채은성 이후 3년 만에 우승을 차지했다. 강백호는 행사 후 ""처음 홈런더비를 우승해봤다. 마지막에 너무 흥분해서 스태프분들을 맞출뻔했다. 죄송하다. 그게 제일 신경쓰인다""며 먼저 사과의 뜻을 전했다. 우승에 대해 욕심이 있었냐는 질문에 그는 ""2018년에 나가고 처음인데 '우승 한 번 해봐야겠다'는 생각으로 왔다. 노려볼 만하다고 봤다""고 말했다. 상금 1000만원의 활용에 대해선 ""사실 비거리상을 노리고 왔는데 우승해서 얼떨떨하다. 상금은 개인 방망이 등 야구 용품 구매에 사용할 것 같다""고 말했다. 한준수에게 어느 정도 상금을 나눠줄 거냐고 묻자 ""시즌 내내 제 방망이를 사용했다. 올해 방망이 10개를 가져갔다. 사실 제가 보답을 받은 거다""라고 말해 웃음을 안겼다. 그렇다면 왜 파트너로 한준수를 선택했을까. 그는 ""이전부터 포수가 배팅볼을 잘 던진다는 말이 있다. (한)준수와 친하고 공을 잘 던지는 것도 알았다. 강한 공을 좋아해 시작 30분 전, 선수 5명이 던져줬다. 그 중 한준수가 가장 좋았다""며 이유를 공개했다. 강백호는 이날 최장 비거리 145m를 쳤다. 그는 ""사실 목표는 잠실야구장을 넘기는 것이었다. 이게 제일 아쉽다. 우승을 하지 못하더라도 이것은 하고 싶었는데 아쉽다. 11일 올스타전에는 쉽지 않을 것 같다. 안타만 치면 좋겠다""고 말했다. 그는 끝으로 ""가을야구처럼 집중을 많이 했다. 정말 강하게 쳤고 우승하고 싶었다. 굉장히 짜릿하다. 올해 한화가 5할 승률로 전반기를 마쳤다. 후반기 순위싸움에 보탬이 되도록 이 감을 유지한 채 경기에 나서고 싶다""고 각오를 밝혔다. 스포츠한국 심규현 기자 simtong96@sportshankook.co.kr"
2026.07.10 22:26,"한화 강백호, 첫 올스타전 홈런 더비 우승…1000만원·에어드레서·공기청...",서울경제,"강백호(27·한화 이글스)가 극적인 서든데스 승부 끝에 생애 첫 KBO 올스타전 홈런 더비 우승을 차지했다. 강백호는 10일 서울 잠실구장에서 열린 ‘2026 KBO 올스타 프라이데이’ 컴투스프로야구 홈런 더비 결승에서 오태곤(SSG 랜더스)과 홈런 7개로 동률을 이룬 뒤 서든데스에서 홈런 1개를 추가하며 정상에 올랐다. 2018년 프로 데뷔 이후 홈런 더비 우승은 이번이 처음이다. 한화 선수의 홈런 더비 우승도 2023년 채은성 이후 3년 만이다. 우승 상금 1000만원과 트로피를 받은 강백호는 삼성 비스포크 AI 에어드레서도 함께 부상으로 받았다. 예선에서는 145ｍ 초대형 홈런을 터뜨려 비거리상과 공기청정기까지 품었다. 배팅볼을 던진 한준수(KIA 타이거즈)는 ‘홈런 메이커상’을 수상하며 헤드폰을 부상으로 받았다. 올해 홈런 더비는 아웃제와 시간제를 결합한 방식으로 진행됐다. 선수들은 예선 5아웃, 결승 7아웃 이후 30초 휴식을 가진 뒤 1분 동안 투구 수 제한 없이 타격하는 ‘컴프야 피버타임’을 치렀다. 이번 대회에는 강백호와 문현빈, 허인서(이상 한화), 양의지·박준순(이상 두산), 김주원(NC), 오태곤이 출전했다. 당초 참가 예정이었던 지난해 우승자이자 올 시즌 홈런 공동 선두 오스틴 딘(LG)은 허리 통증으로 불참했고, 오태곤이 대체 출전했다. 예선에서는 강백호와 오태곤, 허인서가 나란히 홈런 7개를 기록했다. 그러나 최장 비거리에서 강백호(145ｍ)와 오태곤(140ｍ)이 허인서(135ｍ)를 앞서며 결승 진출권을 따냈다. 결승에서 먼저 타석에 선 오태곤은 아웃제에서 홈런 4개를 기록한 뒤 피버타임에서 3개를 더해 총 7개를 쳤다. 강백호는 7아웃 동안 홈런 3개에 그쳤지만, 피버타임에서 홈런 4개를 몰아치며 승부를 원점으로 돌렸다. 특히 마지막 타구가 우측 폴대를 맞고 넘어가는 극적인 홈런으로 승부를 서든데스까지 끌고 갔다. 30초 동안 더 많은 홈런을 친 선수가 승리하는 서든데스에서는 오태곤이 홈런을 추가하지 못한 반면 강백호는 홈런 1개를 터뜨리며 우승을 확정했다. 비록 정상에는 오르지 못했지만 대체 출전한 오태곤은 예선 피버타임에서 가장 많은 홈런 5개를 기록해 ‘컴프야상’과 무빙스타일 Mini LED를 부상으로 받았다. 김도연 AX콘텐츠랩 기자 doremi@sedaily.com"
2026.07.10 22:25,"한화 강백호, 올스타전 홈런 더비 첫 우승",조선일보,"한화 강백호가 10일 잠실 구장에서 열린 KBO(한국야구위원회) 올스타전 홈런 더비에서 우승했다. 강백호는 예선에서 홈런 7개, 결승에서 홈런 7개를 쳐 SSG 오태곤(예선 7개·결승 7개)과 타이를 이뤘다. 그는 30초간의 결승 연장에서 1개를 쳐 0개에 그친 오태곤을 따돌리고 데뷔 첫 홈런 더비 1위를 했다. 상금 1000만원도 차지했다. 강백호는 ‘비거리상’도 받았다. 예선에서 잠실 구장 왼쪽 관중석 가장 위쪽으로 타구를 보내 비거리 145m를 기록했다. SSG 오태곤은 LG 오스틴 딘을 대신해 홈런 더비에 참가, 준우승(상금 300만원)까지 했다. 오스틴은 허리에 불편감이 생겨 불참했다. 2026시즌 전반기까지 오스틴과 홈런 공동 선두(27개)를 이뤘던 KIA 김도영은 예선에서 탈락(2개)했다. 참가자 8명은 팬투표로 선정됐다. 오스틴이 출전권을 반납해 팬투표 후순위였던 오태곤이 기회를 얻었다. 예선은 5아웃(홈런 이외의 타구)이 될 때까지의 홈런, 이후 아웃 카운트 제약 없이 1분간 타격(피버 타임)을 해서 친 홈런 개수의 합산으로 순위를 가렸다. 결승은 7아웃+1분제로 진행했다. 예선에선 가장 처음 등장한 오태곤이 7개를 쳤고, 한화 허인서와 한화 강백호도 7개로 같았다. 홈런 비거리 순으로 결승 진출자 2명을 가렸는데, 오태곤(140m)과 강백호(145m)가 허인서(135m)를 제치고 결승에 올랐다. 두산 양의지(6개), 한화 문현빈(4개), NC 김주원(2개), KIA 김도영(2개), 두산 박준순(1개)은 예선 탈락했다. 결선에선 오태곤이 7개(7아웃까지 4개+1분간 3개)를 기록했다. 강백호는 7아웃까지 3개를 쳤고, 1분간의 타격에서도 3개에 머물다 종료 직전 오른쪽 폴을 때리는 홈런을 쳐 극적으로 동점을 만들었다. 30초간의 연장에선 오태곤이 0개에 그쳤고, 뒤이어 나온 강백호는 1개를 친 뒤 배트를 집어던지며 환호했다. 강백호에게 공을 던져준 KIA 한준수(포수)는 이번에 신설된 ‘홈런 메이커상(보스 QC 울트라 헤드폰)을 받았다. 27세 동갑내기이자 2018년 나란히 프로에 데뷔한 둘은 고교 시절부터 친분이 있는 사이다. 앞서 열린 프로야구 퓨처스(2군) 올스타전에선 남부(울산·롯데·KIA·NC·KT·삼성)가 북부(상무·한화·고양·LG·SSG·두산)를 4대0으로 물리치고 상금 1000만원을 받았다. MPV(최우수 선수)는 삼성 함수호에게 돌아갔다. 그는 0-0이던 2회말 우중간 담장을 넘어가는 선제 결승 솔로 홈런을 치는 등 3타수 2안타(1타점)로 활약했다. 상금은 200만원. 4회말 2점 홈런을 쳤던 NC 신인 신재인은 우수 타자상(상금 100만원)을 받았다. 남부 투수 9명은 1이닝씩을 이어 던지며 북부 타선을 4안타로 억제하고 완봉승을 합작했다. 잠실 구장엔 1만2816명의 관중이 입장해 2015년 유료화 이후 최다 관중 기록을 경신했다. 종전 기록은 2024년의 1만1869명이었다. 11일 같은 장소에선 올스타전(1군)이 열린다."
2026.07.10 22:25,"강백호, '동점 버저비터' 끝에 올스타 홈런 더비 첫 우승",연합뉴스,"(서울=연합뉴스) 이대호 김동한 기자 = 프로야구 한화 이글스 강타자 강백호가 데뷔 첫 올스타 홈런 더비 우승을 차지했다. 강백호는 2025 신한 SOL뱅크 KBO 올스타전 전야제 '컴투스 프로야구 홈런 더비' 결승에서 한 차례 연장전 끝에 오태곤(SSG 랜더스)을 제쳤다. 강백호는 우승 상금 1천만원과 비스포크 AI 에어드레서를 부상으로 받았다. 여기에 비거리 145ｍ로 1위를 차지해 LG 퓨리케어 공기청정기까지 가져갔다. 강백호에게 배팅볼을 던져준 한준수(KIA 타이거즈)에게는 보스 울트라 헤드폰이 돌아갔다. 홈런 더비는 아웃제와 시간제를 결합한 방식으로 진행했다. 예선전은 5아웃 동안 때린 홈런과 아웃제가 끝난 뒤 30초 휴식 후 1분 동안 진행하는 '컴프야 피버타임'으로 홈런 개수를 비교했다. 팬 투표에 따라 KBO리그 전반기 홈런 27개로 공동 1위를 차지한 김도영(KIA)을 비롯해 양의지, 박준순(이상 두산 베어스), 강백호, 문현빈, 허인서(이상 한화), 김주원(NC 다이노스), 오태곤(SSG 랜더스)까지 8명이 홈런 더비에 출전했다. 예선에서는 오태곤과 허인서, 강백호가 나란히 가장 많은 7개를 때렸다. 홈런 동률일 경우 비거리를 비교해 상위 2명만 결승에 진출한다는 규정에 따라 비거리 145ｍ의 강백호와 140ｍ인 오태곤이 올라갔고, 허인서는 비거리 135ｍ로 탈락했다. 결승은 7아웃+1분 제로 진행했다. 먼저 등장한 오태곤은 7아웃 동안 4개, 1분 동안 3개를 넘겨 7개로 마무리했다. 6개에 멈췄던 강백호는 마지막 스윙에서 오른쪽 폴을 직격하는 극적인 버저비터를 터트려 동점을 만들었다. 30초 동안 진행한 서든데스에서 오태곤은 하나도 못 넘겼고, 강백호는 우승을 결정한 한 방을 날리고 배트를 멀리 던졌다. 홈런 더비에 함께 출전했던 한화 동료 허인서와 문현빈은 강백호에게 물을 뿌리며 축하해줬다. 한화 선수가 홈런 더비 우승을 차지한 건 2023년 채은성 이후 3년 만이다. 강백호에겐 첫 우승이다. 오스틴 딘(LG 트윈스)의 허리 통증으로 대신 출전한 오태곤은 우승 문턱까지 간 데 만족해야 했다. 오태곤은 상금 300만원과 함께 이동형 텔레비전인 삼성 무빙스타일 미니를 가져갔다. 4bun@yna.co.kr (끝) ▶제보는 카톡 okjebo"
2026.07.10 22:24,"‘장타력 화끈하네!’ 한화 강백호, 서든데스 접전 끝 SSG 오태곤 제치...",MK스포츠,"강백호(한화 이글스)가 KBO 올스타전 홈런더비에서 우승을 차지했다. 강백호는 10일 서울 잠실야구장에서 열린 2026 프로야구 KBO 올스타전 홈런더비에서 정상에 섰다. 강백호가 홈런더비에서 우승한 것은 이번이 처음이다. 지난해 ‘시간제’ 와 ‘아웃제’ 방식이 결합한 방식을 도입한 홈런더비는 올해 진행 순서를 바꿔 더욱 극적인 승부를 연출했다. 예선 5아웃, 결승 7아웃의 정해진 아웃카운트가 소진될 때까지 타격을 진행한 뒤, 최대 30초의 휴식 후 1분간 주어지는 ‘컴프야 피버타임’ 동안 추가 타격을 이어가는 방식이었다. 출전 선수 면면도 화려했다. 강백호와 더불어 김도영(KIA 타이거즈), 양의지, 박준순(이상 두산 베어스), 문현빈, 허인서(이상 한화), 김주원(NC 다이노스), 오태곤(SSG랜더스) 등 8명이 참가했다. 당초 오스틴 딘(LG 트윈스)도 명단에 있었지만, 허리 불편감으로 빠졌다. 강백호는 예선부터 호쾌한 장타력을 뽐냈다. 7개의 타구를 담장 밖으로 날려보내며 오태곤(7홈런)과 함께 결승행 티켓을 거머쥐었다. 허인서도 7개의 홈런을 쏘아올렸으나, 비거리 135m로 강백호(145m), 오태곤(140m)에게 밀렸다. 결승에서 선공에 나선 오태곤은 먼저 7홈런을 작렬시키며 기선제압에 성공했다. 뒤이어 타석에 선 강백호는 초반 다소 주춤했다. 처음 7아웃 동안 3홈런에 그쳤다. 다행히 피버타임 때 홈런 4개을 몰아치며 승부를 연장전으로 끌고갔다. 특히 마지막 타구는 오른쪽 폴대를 맞춰 많은 환호를 불러 일으켰다. 연장전은 30초 동안 홈런을 많이 친 선수가 승리하는 서든데스 방식으로 진행됐다. 여기에서 오태곤이 홈런을 추가하지 못한 사이 강백호는 홈런 한 개를 치며 승부에 마침표를 찍었다. 강백호에게는 상금 1000만 원과 트로피, 의류관리기가 주어졌다. 더불어 145m로 비거리상까지 휩쓸며 부상인 공기청정기도 받았다. 배팅볼을 던져준 한준수(KIA)는 ‘홈런 메이커상’으로 헤드폰을 거머쥐었다. [이한주 MK스포츠 기자] [ⓒ MK스포츠, 무단전재 및 재배포 금지]"
2026.07.10 22:22,"'김도영 2개 탈락' 경악의 장외 파울 홈런, 145m 강백호 우승 미쳤...",마이데일리,"[마이데일리 = 잠실 이정원 기자] 강백호가 데뷔 후 처음으로 홈런더비 우승에 성공했다. 한화 이글스 강백호는 10일 서울 잠실구장에서 진행된 2026 KBO 올스타전 컴투스프로야구 홈런더비에서 SSG 랜더스 오태곤을 제치고 우승을 차지했다. 서든데스까지 가는 치열한 승부 끝에 우승에 성공했다. 한화 소속 선수가 홈런더비에서 우승을 차지한 건 2005년 김태균, 2007년 김태균, 2013년 김태균, 2017년 로사리오, 2023년 채은성 이후 통산 6번째다. 우승을 차지한 강백호에는 상금 1000만원과 부상으로 삼성 Bespoke AI 에어드레서가 주어진다. 또한 145m, 비거리상까지 수상하며 LG 퓨리케어 AI 360° 공기청정기 플러스를 상품으로 받는다. 이날 홈런더비에는 팬 투표를 통해 선정된 8명이 나섰다. 26,731표로 가장 많은 표를 받은 KIA 타이거즈 김도영과 두산 베어스 양의지(21,530표), 두산 박준순(18,170표), 강백호(16,863표), 한화 문현빈(12,705표), NC 다이노스 김주원(12,446표), 한화 허인서(12,318표)가 명단에 올랐다. 원래 LG 트윈스 오스틴 딘이 나서야 하나 허리 통증으로 팬투표 9위에 자리한 오태곤이 출전했다. 지난해 ‘시간제’ 와 ‘아웃제’ 방식이 결합돼 더욱 박진감 넘치는 경기를 선보였던 홈런더비는 올해 진행 순서를 바꿔 더욱 극적인 승부를 연출할 예정이다. 먼저 정해진 아웃카운트가 소진될 때까지 타격을 진행한 뒤, 1분간의 ‘컴프야 피버타임’ 동안 추가 타격을 이어가는 방식이다. 아웃카운트의 경우 예선은 5아웃, 결승은 7아웃까지 타격할 수 있다. 오태곤과 허인서가 나선 가운데 나란히 7개의 홈런을 기록했다. 최장 비거리는 오태곤 140m, 허인서 135m를 기록했다. 세 번째 주자 김주원이 주춤했다. 5아웃이 될 때까지 홈런 1개에 그쳤다. 1분의 피버타임에서도 한 개의 홈런에 그쳤다. 네 번재 주자 문현빈 역시 5아웃 동안 한 개의 홈런에 머물렀다. 1분의 피버타임에서는 3연속 홈런을 날리며 힘을 냈지만 결국 최종 4개로 결선 진출에 실패했다. 전반기 23개의 홈런을 기록한 강백호는 파트너로 같은 팀 선수가 아닌 KIA 선수 한준수를 택했다. 호흡이 좋았다. 5아웃이 되기 전까지 6개의 홈런을 기록했다. 비거리도 무려 145m. 하지만 1분의 피버타임에서는 한 개에 그쳤다. 박준순이 1개에 그쳤고, 양의지가 1분의 피버타임에서 힘을 냈지만 6개로 아쉬움을 남겼다. 마지막 예선 주자 김도영. 4아웃 만에 첫 홈런을 신고했지만 이게 전부였다. 1분의 피버타임에서도 한 개에 머물러 총 2개로 예선 탈락했다. 오태곤, 허인서, 강백호가 7개로 공동 1위에 올랐지만 개수 동타시에는 최장 비거리 순으로 결선 진출자를 가린다. 145m 강백호, 140m 오태곤이 결선 진출. 허인서가 아쉽게 떨어졌다. 오태곤이 결선에서 7개를 기록하면서 예선에서의 좋았던 감을 이어갔다. 1분의 피버타임에서 3개의 홈런을 몰아쳤다. 강백호가 부담이 컸던 탓일까. 7아웃 동안 3개에 머물렀다. 그러나 1분의 피버타임에서 4개를 폭발하며 극적 동점에 성공했다. 30초 내 최다 홈런을 날린 선수가 우승하는 서든데스가 진행됐다. 결국 치열한 승부 끝에 우승은 강백호의 몫. 오태곤이 30초 동안 0개를 기록했다. 강백호가 3초를 남기고 우측 담장을 넘기는 시원한 홈런으로 홈런 더비 우승을 차지했다. 강백호의 파트너 한준수는 홈런 메이커상을, 오태곤은 준우승과 함께 ‘컴프야 피버타임’ 동안 가장 많은 홈런을 터뜨린 선수에게 주어지는 ‘컴프야상’을 수상했다. # 2026 컴투스프로야구 홈런더비 수상자 명단 우승 : 한화 강백호, 상금 1,000만원-상품: 삼성 Bespoke AI 에어드레서 준우승 : SSG 오태곤, 상금 300만원 비거리상 : 한화 강백호, 상품 LG 퓨리케어 AI 360° 공기청정기 플러스 컴프야상 : SSG 오태곤, 상품 무빙스타일 Mini LED(MH70) 홈런 메이커상 : KIA 한준수, 상품 보스 QC 울트라 헤드폰 2세대"
2026.07.10 22:19,리그 최고 홈런타자는 강백호!…극적 서든데스행→홈런더비 최종 우승 [SD...,스포츠동아,"[잠실=스포츠동아 박정현 기자] 강백호(27·한화 이글스)가 폭발적인 펀치력을 선보이며 ‘2026 신한 SOL KBO 올스타전’ 컴투스프로야구 홈런더비 챔피언이 됐다. 강백호는 10일 잠실구장서 열린 홈런더비 결승서 오태곤(35·SSG 랜더스)을 제치고 우승했다. 그는 상금 1000만 원, 우승 트로피, 삼성 Bespoke AI 에어드레서까지 싹쓸이했다. 준우승을 거둔 오태곤은 300만 원을 수령한다. 강백호와 예선부터 합을 맞춰 배팅볼을 던진 동갑내기 한준수(27·KIA 타이거즈)는 홈런 메이커상인 보스 QC 울트라 헤드폰 2세대를 받는다. 올스타전 홈런더비는 올해 규칙을 조금 변경했다. 지난해부터 ‘시간제’와 ‘아웃제’ 방식을 결합해 사용했으나 올해는 진행 순서를 바꿔 더 극적인 승부를 연출하려 했다. 선수들은 예선전서 5개의 아웃카운트를 소진한 뒤 1분간 추가 타격을 이어가게 됐다. 전반기 27홈런으로 공동 1위였던 김도영(23·KIA)과 23홈런으로 3위를 기록한 강백호 등 8명이 참가해 분위기를 띄웠다. 예선부터 치열했다. 오태곤과 강백호, 허인서(23·한화) 등 3명이 7홈런으로 공동 1위에 올랐다. 하지만 강백호가 최장 비거리 145m, 오태곤이 140m를 기록해 결승으로 향했다. 결승서는 7개의 아웃카운트에 1분간 추가 타격할 기회가 주어졌다. 오태곤은 팀 동료 조형우(24)와 합을 맞춰 초반부터 뜨거운 타격을 이어갔다. 7홈런으로 자신의 순서를 마무리했다. 강백호는 3아웃 이후부터 홈런포를 몰아치며 레이스에 본격적으로 뛰어들었다. 마지막 타구가 우측 파울 폴대를 때리는 버저비터가 돼 홈런 7개로 승부를 서든데스로 끌고 갔다. 서든데스서는 30초가 주어졌다. 오태곤은 첫 번째 주자로 나섰지만, 단 하나의 타구도 담장을 넘기지 못했다. 강백호는 2번째 투구를 받아쳐 우측 담장을 넘기며 축포를 터트렸다. 강백호는 2023시즌 채은성(36) 이후 3년 만에 한화 소속으로 홈런더비서 우승한 선수로 이름을 남겼다. 잠실｜박정현 기자 pjh60800@donga.com"
2026.07.10 22:17,"'7홈런-7홈런-끝내기' 강백호, 데뷔 첫 홈런더비 우승…'대체 출전' ...",스포츠투데이,"[스포츠투데이 강태구 기자] 강백호가 데뷔 첫 홈런더비 우승을 거머쥐었다. 10일 오후 서울 잠실야구장에서 2026 KBO 올스타전 컴투스프로야구 홈런더비가 진행됐다. 이번 홈런더비에는 KIA 타이거즈의 김도영, 두산 베어스의 양의지와 박준순, 한화 이글스의 강백호, 문현빈, 허인서, NC 다이노스의 김주원, SSG 랜더스의 오태곤이 참가했다. 원래 김도영과 함께 홈런 공동 선두에 있는 LG 트윈스의 오스틴 딘도 출전할 예정이었으나 허리 불편함으로 오태곤이 대신했다. 예선 규칙은 5아웃+1분 형태로 진행된다. 8명 중 2명이 결승에 오르고, 만약 동점자가 3명 이상일 경우 예선 최장 비거리 기록 기준으로 상위 2명이 진출하게 된다. 결승전은 7아웃+1분이고, 최다 홈런 우승자가 결정된다. 만약 동점일 시 서든데스로 우승자가 정해진다. 첫 주자인 오태곤과 두 번째 주자인 허인서가 각각 7개를 치며 결승 유력 진출자로 떠올랐고, 뒤이어 올라온 김주원과 문현빈은 각각 2개, 4개를 치며 탈락이 확정됐다. 이후 강백호가 7개를 치며 공동 1위로 올라섰고, 양의지와 박준순은 각각 6개와 1개, 마지막 주자인 김도영도 2개에 그쳤다. 오태곤과 허인서, 강백호가 7개를 기록한 가운데 최고 비거리에서 앞선 오태곤과 강백호가 결선에 진출했다. 결승 첫 번째 주자로 나선 오태곤은 7아웃에서 4홈런, 1분 타임아웃에선 3개의 홈런을 때려 총 7홈런으로 마무리했다. 두 번째 주자로 나선 강백호는 7아웃에서 3홈런에 그쳤지만, 1분 타임아웃에서 4개의 홈런을 때려 극적으로 동률을 이뤘다. 결국 승부는 서든데스로 향했고, 30초 서든데스에서 오태곤은 한 개도 치지 못한 반면 강백호는 끝내기 홈런을 쳐 우승을 확정했다. [스포츠투데이 강태구 기자 sports@stoo.com]"
2026.07.10 22:12,"한화 강백호, 극적 뒤집기로 첫 올스타전 홈런 더비 우승",뉴스1,"(서울=뉴스1) 이상철 기자 = 강백호(27·한화 이글스)가 괴력을 뽐내며 올스타전 홈런 더비 첫 우승을 차지했다. 강백호는 10일 서울 잠실구장에서 펼쳐진 2026 KBO 올스타전 컴투스프로야구 홈런 더비 결승에서 7개의 홈런을 터뜨려 오태곤(SSG 랜더스)과 동률을 이뤘으나 서든데스에서 홈런 한 개를 더 때려 우승했다. 2018년 프로 생활을 시작한 강백호가 홈런 더비 정상에 오른 건 이번이 처음이다. 아울러 한화 소속 선수가 홈런 더비 우승한 건 2023년 채은성 이후 3년 만이다. 강백호는 상금 1000만 원과 트로피, 의류관리기인 삼성 Bespoke AI 에어드레서를 받았다. 또한 예선에서 145m짜리 홈런을 쳐서 비거리상과 공기청정기까지 획득했다. 우승을 도운 배팅볼 투수 한준수(KIA 타이거즈)는 '홈런 메이커상'으로 헤드폰을 얻었다. 올해 홈런 더비는 아웃제 이후 시간제가 이어지는 방식으로 펼쳐졌다. 선수는 예선 5개, 결승 7개의 아웃카운트를 기록하면 30초 휴식 이후 1분간 주어지는 '컴프야 피버타임'에서 투구 수 제한 없이 타격할 수 있다. 강백호, 오태곤을 비롯해 양의지, 박준순(이상 두산 베어스), 문현빈, 허인서(이상 한화 이글스), 김주원(NC 다이노스) 등 8명이 참가했다. 2024년 홈런 더비 우승자이자 이번 시즌 홈런 공동 선두인 오스틴 딘(LG 트윈스)도 출전할 예정이었으나 허리 통증으로 불참했다. 대신 오태곤이 출전 자격을 얻었다. 2명의 결승 진출자를 가리는 예선에선 강백호와 오태곤, 허인서가 나란히 7개의 홈런을 때려 공동 1위를 기록했다. 그러나 최장 비거리 기록에서 앞선 강백호(145m)와 오태곤(140m)이 허인서(135m)를 제치고 결승 무대에 올랐다. 이번 시즌 오스틴과 홈런 공동 선두에 자리한 김도영은 홈런 더비에서 홈런 2개를 치는 데 그쳐 탈락했다. 결승에서 먼저 타석에 들어선 오태곤은 아웃제에서 4개의 아치를 그렸고, 이어 1분 동안 홈런 3개를 추가하며 총 7개로 마무리했다. 뒤이어 강백호는 7아웃 동안 홈런 3개를 치는 데 그쳤으나 피버타임 때 홈런 4개를 몰아쳐 승부를 연장전으로 끌고 갔다. 특히 마지막 타구가 오른쪽 폴대를 맞히는 극적인 장면을 연출했다. 서든데스는 30초 동안 홈런을 많이 친 선수가 승리하는 방식이다. 오태곤이 홈런을 추가하지 못했으나 강백호는 홈런 한 개를 때려 승부를 갈랐다. 대체 출전으로 결승까지 오른 오태곤은 우승하지 못했으나 예선 피버타임 1분 동안 가장 많은 홈런(5개)을 기록해 컴프야상과 무빙스타일 Mini LED를 받았다. rok1954@news1.kr"
2026.07.10 22:10,"‘최강 거포 탄생’ 강백호, 올스타 홈런더비 우승!…‘대체 출전’ 오태곤...",스포츠서울,"[스포츠서울 | 잠실=김동영 기자] 2026년 ‘최강 거포’가 나왔다. 2026 올스타 ‘홈런더비’에서 한화 강백호(27)가 당당히 우승을 차지했다. 강백호는 10일 잠실구장에서 열린 2026 KBO 올스타 프라이데이 ‘홈런더비’ 결승에서 오태곤과 붙어 서든데스까지 가는 접전 끝에 승리를 따냈다. 연장 서든데스에서 오태곤이 0홈런에 그쳤다. 강백호가 두 번째 스윙에서 담장을 넘겼다. 그대로 끝났다. 정규시즌 78경기에서 타율 0.313, 23홈런 85타점, OPS 0.984 기록했다. 리그 홈런 3위다. 리그 최고 수준의 거포로 올라섰다. 올스타전 홈런더비로 도장 제대로 찍었다. 배팅볼을 던진 KIA 한준수는 ‘홈런매이커상’을 받았다. 강백호는 우승으로 상금 1000만원에 의류관리기를 챙겼고, 비거리상으로 공기청정기도 품었다. 예선에서 8명이 나섰다. 김도영(KIA) 양의지 박준순(이상 두산) 강백호 문현빈 허인서(이상 한화) 김주원(NC) 오태곤(SSG)이다. 오스틴 딘(LG)이 나서기로 했으나 허리 불편함으로 빠졌다. 그 자리에 오태곤이 들어갔다. ‘아웃제’와 ‘시간제’를 같이 쓰는 방식이다. 예선은 ‘5아웃’ 다음 ‘1분’이다. 오태곤이 가장 먼저 쳤다. 아웃 5개 당할 때까지 2개 넘겼다. 그리고 추가 1분에서 무려 5개 넘겼다. 7개다. 최장 비거리 140m가 나왔다. 허인서가 다음이다. 첫 5아웃에서 5개나 넘겼다. 대신 추가 1분에서 2홈런에 그쳤다. 오태곤과 같은 7개다. 이어 김주원이 2개, 문현빈이 2개 날렸다. 강백호 차례다. 5아웃에서 6개 넘겼다. 최장 비거리 145m까지 나왔다. 이후 추가 1분에서 1개에 그치기는 했다. 그래도 7개다. 공동 1위다. 양의지가 5아웃에서 3개, 1분 동안 3개 치면서 6개다. 아쉽게 결승 진출 실패다. 그리고 김도영이 나섰다. 감이 좋지 않았다. 5아웃에서 1개 넘겼다. 다음 1분 동안 1홈런이다. 2개로 예선에서 탈락했다. 전반기 리그 홈런 공동 1위다. 올스타 홈런더비에서는 아쉬움을 남겼다. 결승에 강백호와 오태곤이 올라왔다. 허인서까지 3명이 7개로 동률이었으나 3명 이상 동률일 경우 비거리로 결정한다. 허인서는 최장 비거리가 135m다. 아쉽게 결승 진출 실패다. 결승은 7아웃 이후 추가 1분이다. 오태곤이 먼저 쳤다. 배팅볼 투수는 조형우다. 아웃 7개 나오는 동안 홈런 4개 때렸다. 출발이 괜찮았다. 30초 쉬고 다시 1분이 주어졌다. 여기서 3개 날렸다. 최종 7개다. 강백호가 등장했다. 공은 KIA 한준수가 던졌다. 첫 7아웃제에서 3개 쳤다. 비거리는 최장 140m다. 1분 피버타임이다. 3개 날려 6개가 됐다. 마지막 스윙에서 우측 폰대를 직접 때렸다. 7개다. 연장에 들어갔다. 30초 동안 더 많이 담장을 넘긴 선수가 우승이다. 오태곤은 하나도 넘기지 못했다. 살짝 힘이 빠진 듯했다. 강백호 차례다. 첫 스윙은 홈런이 아니다. 두 번째 스윙은 제대로 걸렸다. 우측 담장을 넘어갔다. 강백호는 두 손을 번쩍 들고, 펄쩍펄쩍 뛰며 기뻐했다. raining99@sportsseoul.com"
2026.07.10 22:09,'이런 드라마가 있나' 홈런더비 무려 서든데스까지 갔다! '뒤집기' 강백...,엑스포츠뉴스,"(엑스포츠뉴스 잠실, 양정웅 기자) 강백호(한화 이글스)가 생애 첫 올스타 홈런더비 우승자가 됐다. 강백호는 10일 서울 잠실야구장에서 열린 2026 신한 SOL Bank KBO 올스타전 '컴투스프로야구 홈런더비'에서 우승과 비거리상 차지했다. 강백호는 우승 상금 1000만원과 삼성 Bespoke(비스포크) AI 에어드레서, LG 퓨리케어 AI 360 공기청정기 플러스를 차지했고, 준우승자 오태곤은 상금 300만원을 받았다. 올 시즌 홈런더비는 6월 28일 경기까지 홈런 9개 이상을 기록한 올스타 선정 선수 12인 중 팬 투표를 통해 상위 득표를 기록한 KIA 김도영, 두산 양의지, 박준순, 한화 강백호, 문현빈, 허인서, NC 김주원, SSG 오태곤이 참가하는 홈런더비는 개인전으로 진행되며 득표 역순으로 참가 순서가 결정된다. 당초 전반기 홈런 공동 1위(27개) 오스틴 딘(LG 트윈스)이 출격할 예정이었으나, 허리 불편감으로 인해 행사 당일 불참이 확정됐다. 대신 SSG 오태곤이 출전하게 됐다. 올해 홈런더비는 ‘시간제’를 먼저 진행했던 작년과 다르게 ‘아웃제’를 먼저 진행하며, 타자가 예선 5아웃, 결승 7아웃을 모두 소진하면 1분간 ‘컴프야 피버타임’이 주어진다. 아웃카운트 소진 후 30초의 휴식시간이 주어지며 피버타임 동안은 투구 수 제한 없이 자유롭게 타격할 수 있다. 예선에서 가장 먼저 출격한 오태곤은 초구부터 파울홈런을 만들더니 2연속 홈런을 터트렸다. 이후 4연속 아웃으로 물러났지만, 피버타임에서 막판 무려 3연속 홈런을 몰아치는 등 5개를 추가해 7개로 마쳤다. 최고 비거리는 140m였다. 이어 등장한 허인서는 배팅볼 투수 이도윤의 초구가 몸쪽으로 향하자 흘겨보는 듯한 모습을 보여줘 웃음을 자아냈다. 그래도 좌측 폴대 안쪽으로 살짝 넘어가는 홈런이 나오는 등 5아웃 동안 5개의 홈런을 터트렸다. 이어 피버타임 2개를 추가해 오태곤과 동률이 됐다. 지난해 배팅볼 투수로 나왔다가 올해는 출전 선수로 나온 김주원은 한 차례 실패 후 우중간을 넘기는 홈런이 나왔다. 하지만 이후 4연속 아웃이 되며 피버타임으로 넘어갔다. 추가 시간에도 펜스를 맞고 나오는 등 어려움을 보였는데, 막판 홈런 하나를 더해 2개로 마쳤다. 4번 주자로 나온 문현빈은 첫 4개의 타구가 담장을 넘기지 못했고, 5아웃 동안 홈런 1개를 기록했다. 이후 피버타임에서는 3개를 기록하면서 4개로 대결을 마쳤다. 좌타 거포 강백호는 이름값을 톡톡히 했다. 첫 타구가 실패한 후, 4연속 홈런으로 몰아치기에 나섰다. 5아웃 동안 6개를 터트린 강백호는 추가시간 1개를 더해 7개로 마쳤다. 최장 비거리는 145m가 나왔다. 3명이 7개가 된 가운데, 남은 3명은 이들과 동률을 이루지 못했다. 박준순은 1개를 기록했고, 양의지는 피버타임 2개를 몰아쳤지만 5개로 마쳤다. 홈런 1위 김도영은 4연속 실패로 위기에 몰렸고, 겨우 하나를 기록했다. 이후 피버타임에서도 담장을 좀처럼 넘기지 못했고, 5초를 남기고 1개를 추가해 2개로 홈런더비를 마감했다. 이로써 오태곤과 허인서, 강백호가 7개로 동률이 됐고, 비거리에서 앞선 강백호와 오태곤이 결승에 진출했다. 먼저 시작한 오태곤은 1아웃 이후 홈런을 기록했고, 마지막 아웃을 남기고 연속으로 넘기면서 4개를 터트렸다. 이어 피버타임에서 3개를 추가해 7홈런으로 마쳤다. 뒤이어 출격한 강백호는 7아웃 동안 3개를 기록했는데, 피버타임에서 6개가 된 상황에서 마지막 공을 극적으로 넘기며 서든데스로 향했다. 오태곤은 서든데스에서 홈런을 기록하지 못했고, 반면 강백호는 홈런을 터트리면서 결국 우승자가 됐다. 사진=잠실, 김한준·박지영 기자 양정웅 기자 orionbear@xportsnews.com"
2026.07.10 22:07,'무려 145m' 홈런더비 우승→강백호의 날! 1000만원+에어드레서+공...,스포티비뉴스,"[스포티비뉴스=잠실, 박승환 기자] 한화 이글스 강백호가 홈런더비 우승을 차지했다. 상금 1000만원, 에어드레서와 함께 최장 비거리를 기록한 선수에게 주어지는 공기청정기까지 모조리 쓸어담았다. 강백호는 10일 서울 잠실구장에서 열린 2026 KBO 올스타전 컴투스프로야구 홈런더비에서 오태곤을 꺾고 우승 타이틀을 손에 넣었다. 홈런더비에 출전한 선수들은 예년과 마찬가지로 팬들의 투표를 통해 선정됐다. 올해는 김도영(2만 6731표), 양의지(2만 1530표), 박준순(1만 8170표), 오스틴 딘(1만 7889표), 강백호(1만 6683표), 문현빈(1만 2705표), 김주원(1만 2446표), 허인서(1만 2318표)가 상위 8인에 이름을 올리게 됐다. 하지만 경기를 앞두고 선수 한 명이 교체됐다. 오스틴이 허리 불편함을 호소했고, SSG 랜더스 오태곤이 공백을 메우게 됐다. 다만 올해는 홈런더비의 룰이 조금 바뀌었다. 지난해 시간제와 아웃제 방식이 결합된 방식으로 진행이 됐다면, 올해는 해진 아웃카운트가 소진될 때까지 타격을 진행한 뒤, 1분간의 '컴프야 피버타임' 동안 추가 타격을 이어가는 방식으로 치뤄졌다. 예선은 5아웃, 결승은 7아웃. 이날 가장 먼저 타격에 나선 오태곤은 예선에서 7개의 홈런을 터뜨리면서 모두를 깜짝 놀라게 만들었다. 그러자 두 번째 주자로 나선 허인서도 7개의 아치를 그려내면서, 결승 진출 다툼에 불이 붙기 시작했다. 이후 김주원이 2홈런, 문현빈이 4개의 홈런을 기록하는데 그쳤으나, 강백호가 무려 145m의 홈런을 포함해 7개의 마사일을 쏘아올리면서, 공동 1위로 올라섰다. 이어 여섯 번째 주자로 나선 박준순이 1홈런에 머물렀고, 바통을 이어받은 양의지가 홈런 6개의 홈런을 터뜨렸으나, 상위 2명 안에 이름을 올리지 못하면서 결승 진출이 좌절됐다. 그리고 최다 득표자이자 우승 후보인 김도영이 가장 마지막에 출전했는데, 단 2홈런에 머물렀다. 이에 문현빈은 김도영을 향해 장난섞인 야유를 퍼부었다. 예선에서 홈런수 타이를 이룬 선수가 3명 이상일 경우 비거리 순으로 결승에 진출하게 되는데, 강백호(145m)와 오태곤(140m)이 허인서(135m)보다 더 큰 홈런을 때려내면서, 두 선수가 상금 1000만원을 두고 격돌하게 됐다. 먼저 타격에 나선 오태곤은 아웃카운트 7개를 소진하는 동안 4개의 홈런을 먼저 쏘아올렸다. 그리고 오태곤에게 1분의 추가 시간이 주어졌고, 3개의 홈런을 더 보태면서, 예선과 마찬가지로 7개의 홈런을 기록하게 됐다. 이어 강백호가 타석에 들어섰다. 강백호의 페이스는 오태곤에 뒤처졌다. 오태곤이 아웃카운트 7개를 사용하는 동안 4개의 아치를 그렸다면, 강백호는 3홈런에 머물렀다. 그런데 추가 1분에서 강백호가 드라마를 썼다. 마지막 1초를 남기고 친 타구가 오른쪽 파울폴대를 직격하게 되면서, 7-7로 동점을 만들었다. 이에 두 선수는 각각 30초씩 제공되는 서든데스에 돌입했다. 그런데 오태곤이 단 한 개의 홈런도 만들어내지 못했다. 여기서 강백호가 승부에 종지부를 찍는 아치를 만들어내면서, 2023년 채은성 이후 한화 선수로 또 한 번의 홈런더비 우승자가 탄생했다. <저작권자 ⓒ SPOTV NEWS. 무단전재 및 재배포 금지>"
2026.07.10 22:06,"오스틴 대신 나온 오태곤, 대이변 우승할 뻔했는데 아깝다! → 강백호, ...",스포츠조선,"[잠실=스포츠조선 한동훈 기자] 한화 이글스 강백호가 올스타 홈런더비 우승을 차지했다. 강백호는 10일 잠실구장에서 열린 2026 KBO 올스타전 홈런더비 결승에서 오태곤을 꺾고 우승했다. 강백호는 우승 상금 1000만원과 삼성 에어드레서를 부상으로 받았다. 오태곤은 준우승 상금 300만원을 챙겼다. 강백호 배팅볼을 던진 한준수도 홈런 메이커상을 차지했다. 오태곤은 오스틴 대신 나와 우승 직전까지 가는 파란을 일으켰지만 마지막에 고개를 떨궜다. 오태곤(SSG) 허인서(한화) 김주원(NC) 문현빈 강백호(이상 한화) 박준순 양의지(이상 두산) 김도영(KIA) 순서로 타석에 섰다. 오태곤은 오스틴(LG)이 컨디션 난조로 출전권을 반납하면서 팬투표 후순위 자격으로 참가했다. 예선은 20초 연습타격 후 5아웃 기회가 주어진다. 아웃카운트가 소진되면 이후 1분 이내에 계속 칠 수 있다. 아웃제와 시간제를 결합해 박진감을 더했다. 오태곤과 허인서가 차례로 7개씩 넘기며 기선을 제압했다. 김주원은 2개로 제일 먼저 탈락했다. 문현빈은 뒤늦게 발동이 걸렸다. 5아웃 동안 1개를 넘기고 이후 1분 동안 3개를 쳤지만 역부족이었다. 강백호가 7개를 때려 공동 1위로 올라섰다. 박준순은 1개에 그쳤다. 양의지는 6개로 아쉬움을 삼켰다. 마지막으로 전반기 홈런 공동 선두(27개) 김도영이 등장했다. 김도영은 5아웃 동안 1개를 간신히 넘겼다. 공동 꼴찌 위기에서 3초를 남기고 1개를 추가, 체면을 차렸다. 1위 동점자가 3명이라 최장 비거리로 결승 진출자를 가렸다. 145m 강백호와 140m 오태곤이 결승에 진출했다. 결승전은 7아웃으로 진행했다. 선공에 나선 오태곤이 결승에서도 7홈런을 때려 기세를 올렸다. 강백호는 3아웃 후 첫 홈런을 신고했다. 2호 3호가 연속해서 나왔다. 하지만 7아웃까지 침묵이 이어졌다. 1분 동안 최소 4홈런이 필요했다. 강백호는 부지런히 따라갔다. 10초를 남기고 6호를 발사했다. 3초를 남기고 때린 마지막 타격이 우측 폴을 강타, 동점 버저비터를 울렸다. 결국 30초 서든데스에 돌입했다. 오태곤은 힘이 빠졌는지 30초 동안 1개도 넘기지 못했다. 이후 강백호가 두 번째 시도만에 우중간 담장을 넘기고 우승했다. 한동훈 기자 dhhan@sportschosun.com"
2026.07.10 22:06,"강백호, 서든데스 끝에 ‘대타 출전’ 오태곤 꺾고 홈런더비 우승..비거리...",뉴스엔,"[잠실=뉴스엔 글 안형준 기자/사진 유용주 기자] 강백호가 홈런더비 우승을 차지했다. 올스타 프라이데이 최고의 행사 '컴투스프로야구 홈런더비'가 7월 10일 서울 잠실야구장에서 열렸다. 강백호는 홈런더비 챔피언에 올랐다. 홈런더비는 예선전 5아웃과 '피버타임' 1분, 결승 7아웃과 '피버타임' 1분으로 진행됐다. 아웃제와 시간제를 혼합한 방식으로 진행됐다. 허리 통증으로 홈런더비에 참가하지 못한 오스틴(LG)을 대신해 출전한 오태곤(SSG)이 첫 번째 타자로 나섰다. 오태곤은 5아웃 기회에서 홈런 2개를 기록했고 1분간 주어진 '피버타임'에 홈런 5개를 추가해 7홈런으로 예선전을 마쳤다. 두 번째 타자로는 허인서(한화)가 나섰다. 허인서는 5아웃 기회에서 홈런 5개를 쏘아올리며 젊은 거포의 패기를 보였다. 하지만 1분의 '피버타임'에서 2개를 추가하는데 그쳤다. 세 번째 타자는 김주원(NC)이 나섰다. 김주원은 5아웃 기회에서 홈런 1개를 치는데 그쳤다. 그리고 1분간의 '피버타임' 동안 홈런 1개를 추가해 2개로 예선을 마쳤다. 한화 문현빈이 4번째 타자로 들어섰다. 문현빈은 5아웃 기회에서 1홈런을 기록했다. 이어진 '피버타임'에서 홈런 3개를 추가해 4홈런으로 예선을 마쳤다. 5번째 타자로 들어선 강백호(한화)는 5아웃 기회에서 6홈런을 쏘아올리며 괴력을 선보였다. 그리고 '피버타임' 동안 홈런 1개를 추가하는데 그쳐 7홈런으로 예선을 마쳤다. 6번째 타자로는 박준순(두산)이 나섰다. 박준순은 5아웃 기회에서 홈런 1개에 그쳤다. 이어 1분의 '피버타임'에서 홈런을 하나도 추가하지 못하며 최소 1홈런으로 예선을 마쳤다. 두산 양의지가 7번째 타자로 나섰다. 양의지는 5아웃 기회에서 3홈런을 기록했다. 피버타임에서 홈런 3개를 추가해 6홈런으로 예선을 마쳤다. 마지막 8번째 타자로는 홈런 공동 1위 김도영(KIA)이 나섰다. 김도영은 5아웃 기회에서 1홈런에 그쳤다. 그리고 피버타임에서 1개를 추가해 2홈런으로 체면을 구겼다. 강백호와 오태곤, 허인서가 7개로 공동 1위로 예선을 마쳤다. 동률 선수간 순위는 비거리로 결정하는 것이 규정. 최고 비거리 145m를 기록한 강백호와 140m를 기록한 오태곤이 135m에 그친 허인서를 제치고 결승에 진출했다. 결승에서 먼저 타석에 들어선 오태곤은 7번의 타격 기회에서 홈런 4개를 기록했다. 그리고 이어진 1분의 피버타임에서 홈런 3개를 추가해 예선과 마찬가지로 7홈런을 기록했다. 이어 타석에 들어선 강백호는 7번의 타격 기회에서 3홈런을 기록했다. 이어진 1분 피버타임에서 홈런 4개를 기록하며 극적으로 동점을 만들었다. 두 선수는 30초 서든데스로 승부를 이어갔다. 먼저 나선 오태곤은 30초 동안 홈런을 하나도 기록하지 못했다. 이어 들어선 강백호가 홈런을 기록하며 승패를 결정지었다. 강백호는 홈런더비 우승과 비거리상까지 거머쥐었다. 강백호는 우승 상금 1,000만 원과 부상 에어드레서, 비거리상 상품 공기청정기를 받았다. 강백호의 배팅볼 투수로 나선 KIA 한준수는 '홈런 메이커 상' 헤드폰을 받았다. 오태곤은 준우승 상금 300만 원과 '컴프야상' 부상을 받았다.(사진=강백호) 뉴스엔 안형준 markaj@ / 유용주 yongju@ 기사제보 및 보도자료 newsen@newsen.com copyrightⓒ 뉴스엔. 무단전재 & 재배포 금지"
2026.07.10 22:06,"'홈런 공동 선두' 김도영, 홈런더비서 2개로 예선 탈락…오태곤·강백호 ...",스포츠투데이,"[스포츠투데이 강태구 기자] KBO리그 홈런 공동 1위를 달리고 있는 김도영이 홈런더비 예선에서 탈락했다. 10일 오후 서울 잠실야구장에서 2026 KBO 올스타전 컴투스프로야구 홈런더비가 진행됐다. 이번 홈런더비에는 KIA 타이거즈의 김도영, 두산 베어스의 양의지와 박준순, 한화 이글스의 강백호, 문현빈, 허인서, NC 다이노스의 김주원, SSG 랜더스의 오태곤이 참가했다. 원래 김도영과 함께 홈런 공동 선두에 있는 LG 트윈스의 오스틴 딘도 출전할 예정이었으나 허리 불편함으로 오태곤이 대신했다. 예선 규칙은 5아웃+1분 형태로 진행된다. 8명 중 2명이 결승에 오르고, 만약 동점자가 3명 이상일 경우 예선 최장 비거리 기록 기준으로 상위 2명이 진출하게 된다. 결승전은 7아웃+1분이고, 최다 홈런 우승자가 결정된다. 만약 동점일 시 서든데스로 우승자가 정해진다. 첫 주자로 나선 오태곤은 7개의 홈런을 터뜨리며 시작부터 유력한 결승 진출자로 떠올랐고, 뒤이어 두 번째 주자인 허인서도 7개를 치며 경쟁에 불을 붙였다. 이후 세 번째 주자로 나선 김주원은 2개, 네 번째 주자인 문현빈이 4개를 기록하며 탈락이 확정됐다. 다섯 번째 주자로 나선 강백호가 7개를 치며 공동 1위로 올라섰고, 양의지와 박준순은 각각 6개와 1개를 치며 탈락했다. 마지막 주자로 모습을 드러낸 김도영은 첫 5아웃에서 1홈런에 그쳤고, 추가시간 1분에서도 홈런 1개 밖에 쌓지 못하면서 탈락했다. 한편 결승엔 오태곤과 강백호가 진출했다. 허인서는 비거리에서 밀려 3위로 결승 진출에 실패했다. [스포츠투데이 강태구 기자 sports@stoo.com]"
2026.07.10 22:05,"'타점 1위' 강백호, 홈런더비까지 석권… 김도영은 2개 예선탈락(종합)",스포츠한국,"[잠실=스포츠한국 심규현 기자] 2026년 KBO리그 타점왕에 도전하는 강백호가 홈런더비 우승에 성공했다. 10일 오후 서울 잠실야구장에서 2026 KBO 올스타전 컴투스프로야구 홈런더비가 진행됐다. 이날 행사에는 KIA 타이거즈 김도영, 두산 베어스 양의지와 박준순, 한화 이글스 강백호, 문현빈, 허인서, NC 다이노스 김주원이 참가했다. 남은 한 명은 LG 트윈스 오스틴 딘이었으나 허리 불편함으로 SSG 오태곤이 대신 참가했다. 규칙은 다음과 같다. 예선은 5아웃+1분 형태로 진행된다. 8명 중 2명이 결승에 오르며 만약 동점자가 3명 이상일 경우 예선 최장 비거리 기록 기준으로 상위 2명이 진출한다. 결승전은 7아웃+1분이며 최다 홈런으로 우승자가 결정된다. 만약 동점일 경우 서든데스(30초 내 최다 홈런)로 우승자를 가린다. 첫 주자 오태곤이 무려 7개의 홈런을 치며 화려한 시작을 알렸다. 이어 한화 허인서마저 7개를 기록하며 뜨거운 경쟁을 예고했다. 이후 등장한 김주원은 2개로 아쉬움을 삼켜야 했다. 문현빈이 4개를 기록한 가운데 강백호가 7개로 오태곤, 허인서와 함께 공동 1위로 올라섰다. 양의지도 7개를 치며 4명이 1등을 놓고 격돌하게 됐다. 박준순은 1개로 탈락했다. 마지막 주자로는 정규리그 27홈런을 친 김도영이 등장했다. 하지만 부담감 때문일까. 김도영은 첫 5아웃에서 1홈런에 그쳤다. 이어 추가시간 1분에도 1개의 홈런을 쌓는 데 그치며 결국 탈락의 고배를 마셨다. 결승은 강백호와 오태곤이 올랐다. 강백호는 최고 비거리 145m, 오태곤은 140m를 쳤다. 허인서의 최고 비거리는 135m였다. 오태곤은 첫 7아웃에서 홈런 4개로 선방했다. 이후 1분 추가시간에 3개를 더 쳐 총 7개로 결승을 마무리했다. 하지만 강백호가 마지막에 극적으로 7개를 치면서 두 선수는 서든데스에 돌입했다. 서든데스에서 오태곤이 침묵한 가운데 강백호가 1개를 치며 우승자가 됐다. 한화 소속으로는 2023년 채은성 이후 3년만이다. 홈런더비를 우승한 강백호는 상금 1000만원과 Bespoke AI 에어드레서를 수령한다. 스포츠한국 심규현 기자 simtong96@sportshankook.co.kr"
2026.07.10 22:05,"‘7홈런→7홈런→끝내기 홈런’ 강백호, 데뷔 첫 홈런더비 우승…오스틴 대...",OSEN,"[OSEN=잠실, 길준영 기자] 프로야구 한화 이글스 강백호가 데뷔 첫 홈런더비 우승을 차지했다. 강백호는 10일 서울 잠실구장에서 열린 ‘2026 신한 SOL KBO 퓨처스 올스타전’ 홈런더비에서 예선 홈런 7개, 결선 홈런 7개, 서든데스 홈런 1개를 기록하며 우승을 차지했다. 올해 홈런더비에는 오태곤(SSG), 허인서(한화), 김주원(NC), 문현빈(한화), 강백호(한화), 박준순(두산), 양의지(두산), 김도영(KIA)이 출전했다. 오스틴 딘(LG)의 부상으로 인해 대신 홈런더비에 출전한 오태곤은 올 시즌 홈런이 9개로 많지 않았지만 홈런더비 예선에서는 무려 7개의 홈런을 터뜨리며 치열한 홈런 레이스의 시작을 알렸다. 최고 비거리는 무려 140m에 달했다. 올 시즌 12홈런을 기록중인 허인서는 오태곤과 동일한 7개의 홈런을 터뜨렸다. 최고 비거리는 135m를 기록했다. 전반기를 13홈런으로 마무리한 김주원은 홈런 2개를 치는데 그쳤다. 최고 비거리는 130m가 나왔다. 100홈런을 목표로 밝히며 웃음을 자아낸 문현빈(시즌 9홈런)은 타임아웃 직전 3홈런을 몰아쳤음에도 4홈런을 기록하는데 그치며 또 한 번 웃음을 자아냈다. 23홈런으로 리그 홈런 3위에 올라있는 강백호는 연신 놀라운 비거리의 홈런을 터뜨리며 7홈런을 기록했다. 최고 비거리는 145m를 기록해 오태곤을 제치고 1위로 올라섰다. 1홈런이 목표라고 말한 박준순은 정말로 1홈런으로 홈런더비를 마쳤다. 최고 비거리는 125m를 기록했다. 양의지는 6홈런을 기록했다. 최고 비거리는 125m가 나왔다. 마지막 주자이자 리그 홈런 1위(27홈런)를 달리고 있는 김도영은 5아웃 기회에서 비거리 130m짜리 홈런 하나를 치는데 그쳤고 1분 타임아웃에서도 홈런 하나를 추가하는데 그쳤다. 홈런더비 예선에서 오태곤, 허인서, 강백호가 홈런 7개로 공동 1위에 올랐다. 그렇지만 최고 비거리에서 앞선 오태곤과 강백호가 결선에 진출했고 허인서는 아쉽게 탈락했다. 결선에서 먼저 주자로 나선 오태곤은 7아웃에서 4홈런을 쳤고 1분 타임아웃에서는 홈런 3개를 추가해 7홈런으로 도전을 마무리했다. 뒤이어 타격에 나선 강백호는 7아웃에서 3홈런을 쳤다. 그렇지만 1분 타임아웃에서 4홈런을 터뜨리며 다시 한 번 동률을 이뤘다. 특히 마지막 홈런은 마지막 스윙에서 파울 폴대를 맞히며 극적으로 서든데스로 승부를 끌고 갔다. 마지막 30초 서든데스에서는 오태곤이 하나의 홈런도 치지 못했다. 강백호는 끝내기 홈런을 치며 우승을 차지했다. /fpdlsl72556@osen.co.kr"
2026.07.10 22:00,‘파라파라와 굽은 손가락’ 정수빈의 ‘잠실 야호’,KBS,"[앵커] 역사 속으로 사라질 잠실야구장에서 내일 마지막 올스타전이 펼쳐집니다. 특별한 마음으로 올스타전을 기다리는 잠실 아이돌 정수빈을 문영규 기자가 만났습니다. [리포트] 별명이 잠실 아이돌이지만, 잠실 올스타전 출전 경험은 없는 정수빈. 올해 마지막이 될 잠실 올스타전 출전을 위해 큰 결단을 했습니다. 인기 아이돌 리센느의 춤을 따라 하며 자신에게 올스타 투표를 해달라는 파격 영상을 찍은 것인데 조회수가 270만 회가 넘게 나왔습니다. [정수빈/두산 : ""잠실 '아이돌'보다 이제 잠실 '아이 둘'이 더 어울리지 않을까. 제가 이제 아기가 두 명이라‥. 그냥 제가 아니었던 것 같고요. 잠실 야구장 마지막 올스타전을 나갈 수 있어서 정말 다행이라 생각하고 너무 감사드리고 있습니다.""] 잠실의 마지막을 맞이하는 자세도 별명처럼 남달랐습니다. 수비 도중 손가락을 다쳤는데 재활 공백기를 피하기 위해 과감히 수술을 포기했습니다. 평생 새끼손가락이 굽는 후유증이 남게 됐지만, 정수빈은 상관없다고 말합니다. [정수빈/두산 : ""잠실 야구장 또 마지막인데 또 이렇게 아쉽게 끝낼 수도 없고, 여러 가지로 좀 고민해서 안 했던 것 같아요.""] 지난 2024년 수달 복장처럼 특별한 준비도 하고 있다는 정수빈은 올해 이미 6개의 홈런을 쳐낸 만큼 홈런으로 미스터 올스타도 노립니다. [정수빈/두산 : ""준비는 하고 있습니다. 홈런을 한 번 노려보려고요. 홈런을 쳐야 (미스터 올스타) 되지 않을까….""] 특별한 올스타전답게 팬들을 위한 다채로운 행사들도 함께 열립니다. 각종 전시는 물론 잠실 내야의 흙을 직접 가져가 보관할 수 있는 이벤트가 진행돼 잠실의 마지막 추억을 팬들도 간직할 수 있습니다. KBS 뉴스 문영규입니다. 촬영기자:오범석 홍병국/영상편집:이상철 ■ 제보하기 ▷ 전화 : 02-781-1234, 4444 ▷ 이메일 : kbs1234@kbs.co.kr ▷ 카카오톡 : 'KBS제보' 검색, 채널 추가 ▷ 유튜브, 네이버에서도 KBS뉴스를 구독해주세요! 문영규 기자 (youngq@kbs.co.kr)"
2026.07.10 21:53,"'미래의 별' 퓨쳐스 올스타서 남부, 북부에 4:0 완봉승",에스티엔,"[STN뉴스] 배영수 기자┃프로야구 퓨처스(2군) 올스타전에서 남부 올스타가 북부 올스타에 4:0 승리를 거두며 지난해 2:4 패배를 설욕했다. 10일 잠실야구장서 열린 2026 KBO 퓨처스 올스타전에서 남부 올스타(삼성, KT, NC, KIA, 롯데, 울산)는 북부 올스타(LG, 한화, 두산, SSG, 고양, 상무)에 4:0으로 완승했다. 북부 올스타는 지난 2007년 퓨처스 올스타전이 시작 이해 최초로 무득점 영봉패를 당했다. 이날 '잠실 레전드' 박용택(전 LG)과 김재호(전 두산)의 시구로 포문을 연 이날 경기에서 남부 올스타는 2회말 함수호(삼성)이 상대 투수 이도우(SSG)의 슬라이더를 때려 우측 담장을 넘기는 홈런으로 선취점을 뽑으며 앞서나갔다. 4회말에는 1사 주자 2루서 타석에 선 신재인(NC)이 상대 투수 조원태(LG)의 투구를 때려내 2점 홈런을 만들며 3:0으로 격차를 더 벌렸다. 이후 5회말 무사 3루에서 노강민(울산)이 우전 적시타를 때려내 한 점을 더 보탰고, 이 점수가 끝까지 진행돼 남부의 승리로 끝났다. 영봉패를 당한 남부 올스타는 각 1이닝씩 올라온 투수들(박지훈, 홍재문, 신동건, 나가, 최예한, 장민호, 이영재, 최요한, 김백산)에게 총 4안타밖에 얻지 못한 끝에 홈을 밟은 주자가 한 명도 없었다. 양팀 선수들은 퓨쳐스 올스타전만큼은 서로가 볼거리 즐길거리를 선사하며 다양한 퍼포먼스를 선보이며 야구장을 찾은 팬들에게 제대로 팬 서비스를 제공했다. '파라파라춤'을 선보인 KIA 엄준현이 퍼포먼스상을 받았다. 이날 홈런 및 멀티 히트를 기록한 함수호가 퓨쳐스 올스타 MVP의 영예를 안았고, 2점 홈런의 주인공 신재인이 우수타자 상을, 울산의 외국인 투수 나가 타이세이가 우수투수 상을 각각 수상했다. 그 외 한화 투수 강건우는 감투상을 받았다. 한편 올해 첫 창단을 한 울산의 소속 선수들은 이날 관중들에게 처음 인사드린다는 메시지를 담은 현수막과 함께 '구단 홍보'를 위해 인사를 건네기도 했다. ※STN뉴스 보도탐사팀 제보하기 당신의 목소리가 세상을 바꾸고, 당신의 목소리가 권력보다 강합니다. STN뉴스는 오늘도 진실만을 지향하며 여러분의 소중한 제보를 기다립니다. ▷ 전화 : 1599-5053 ▷ 이메일 : news@stnsports.co.kr ▷ 카카오톡 : @stnnews / STN뉴스=배영수 기자 gigger@stnnews.co.kr ▶STN 뉴스 공식 모바일 구독 ▶STN 뉴스 공식 유튜브 구독 ▶STN 뉴스 공식 네이버 구독 ▶STN 뉴스 공식 카카오톡 구독"
2026.07.10 21:47,오스틴 없으니 홈런더비 우승은 김도영?… 결과는 2개 예선탈락 '반전',스포츠한국,"[잠실=스포츠한국 심규현 기자] 홈런더비는 정규리그와 달랐다. 2026 홈런 공동 1위 김도영이 홈런더비 예선에서 탈락의 고배를 마셨다. 10일 오후 서울 잠실야구장에서 2026 KBO 올스타전 컴투스프로야구 홈런더비가 진행됐다. 이날 행사에는 KIA 타이거즈 김도영, 두산 베어스 양의지와 박준순, 한화 이글스 강백호, 문현빈, 허인서, NC 다이노스 김주원이 참가했다. 남은 한 명은 LG 트윈스 오스틴 딘이었으나 허리 불편함으로 SSG 오태곤이 대신 참가했다. 규칙은 다음과 같다. 예선은 5아웃+1분 형태로 진행된다. 8명 중 2명이 결승에 오르며 만약 동점자가 3명 이상일 경우 예선 최장 비거리 기록 기준으로 상위 2명이 진출한다. 결승전은 7아웃+1분이며 최다 홈런으로 우승자가 결정된다. 만약 동점일 경우 서든데스로 우승자를 가린다. 첫 주자 오태곤이 무려 7개의 홈런을 치며 화려한 시작을 알렸다. 이어 한화 허인서마저 7개를 기록하며 뜨거운 경쟁을 예고했다. 이후 등장한 김주원은 2개로 아쉬움을 삼켜야 했다. 문현빈이 4개를 기록한 가운데 강백호가 7개로 오태곤, 허인서와 함께 공동 1위로 올라섰다. 양의지는 6개, 박준순은 1개로 탈락했다. 마지막 주자로는 정규리그 27홈런을 친 김도영이 등장했다. 하지만 부담감 때문일까. 김도영은 첫 5아웃에서 1홈런에 그쳤다. 이어 추가시간 1분에도 1개의 홈런을 쌓는 데 그치며 결국 탈락의 고배를 마셨다. 스포츠한국 심규현 기자 simtong96@sportshankook.co.kr"
2026.07.10 21:43,“1만명 앞에서 처음 던졌어요” 나가의 KBO 첫 올스타전…“울산 알려서...,스포츠서울,"[스포츠서울 | 잠실=김동영 기자] “울산을 알릴 수 있어 좋다.” 2026 퓨처스 올스타전이 마무리됐다. 남부리그가 북부리그에 승리를 거뒀다. 지난해 패배 설욕이다. 그리고 남부에서 나가 다이세이(울산 웨일즈)가 우수투수상을 받았다. 타국에서 즐기는 올스타전. 긴장도 했지만, 충분히 즐겼단다. 나가는 10일 잠실구장에서 열린 2026 KBO 퓨처스 올스타전에 남부리그 소속으로 출전했다. 네 번째 투수로 올라와 1이닝 1삼진 무실점 기록했다. 최고 시속 148㎞까지 나온 속구가 묵직했다. 슬라이더 또한 날카로웠다. 딱 10개 던지며 1이닝 책임졌다. 우수투수상을 받으며 상금 100만원도 챙겼다. 덕분에 남부도 4-0으로 승리하며 지난해 패배를 설욕했다. 이날 잠실구장에 1만2816명이 들어왔다. 유료화된 2015년 이후 최다 관중 신기록이다. 2024년 1만1869명을 넘어섰다. 경기 후 만난 나가는 “1만명이 넘는 관중 앞에서 던진 것은 처음이다. 등판하기 전에는 엄청 긴장했다. 마운드 올라가서 관중들 응원하는 것을 보고 있으니 긴장이 풀렸다. 그때부터 즐겁게 던질 수 있었다”며 웃었다. 이어 “우수투수상 받을 것이라 생각하지는 못했다. 깜짝 놀랐다. 그리고 또 기뻤다. 축제의 장 아닌가. 엄청 재미있었다”고 말했다. 이날 울산에서 뽑힌 선수 4명이 왔다. 나가 외에 알렉스 홀, 김서원, 노강민이 왔다. 이들은 4회 다같이 현수막을 들고 나와 관중들에게 인사했다. 현수막에는 “안녕하십니까. 퓨처스 올스타에 처음 출전하는 울산 웨일즈 인사드립니다. 앞으로도 잘 부탁드립니다. KBO 팬 여러분, 울산 시민 여러분 사랑합니다”고 적었다. 나가는 “내가 계획한 것은 아니지만”이라며 웃은 후 “팀에서 기획을 해줬다. 4명이 다 같이 올라가서 인사한 것은 굉장히 좋았다고 생각한다. 나도 만족스럽다. 울산을 알릴 수 있어서 기분 좋다”고 설명했다. 전반기 퓨처스리그 최고 투수라 해도 과언이 아니다. 15경기에서 94이닝 소화하며 6승2패, 평균자책점 2.20 기록했다. 86삼진에 25볼넷으로 비율도 빼어나다. 덕분에 울산도 퓨처스 남부리그에서 당당히 1위로 전반기를 마쳤다. 창단 첫 시즌부터 돌풍을 일으키고 있다. 관중 5만명을 돌파하기도 했다. 울산 팬들의 사랑을 듬뿍 받고 있다. 나가도 그 사랑에 보답하고 싶다. “전반기 잘 마무리했다. 후반기 첫 경기 나가게 됐다. 잘 던지겠다. 후반기 팀이 최대한 좋은 성적 낼 수 있도록 힘을 보태겠다”고 각오를 다졌다. raining99@sportsseoul.com"
2026.07.10 21:41,‘무려 16년만’ 삼성 퓨처스 올스타 MVP 등장이요! ‘잠실 첫 홈런’...,스포츠서울,"[스포츠서울 | 잠실=이소영 기자] “상금 받으려고 오긴 했는데…” 최우수선수(MVP)다운 재치 있는 한마디였다. 2026 퓨처스 올스타전 MVP를 차지한 삼성 함수호(20)는 “잠실에서 홈런을 친 건 이번이 처음”이라며 “상금 받으려고 왔는데 아직 어디에 쓸지는 생각해보지 않았다”고 수줍게 웃었다. 함수호는 10일 서울 잠실구장에서 열린 2026 KBO리그 퓨처스 올스타전에서 3타수 2안타(1홈런) 1타점을 기록하며 남부 올스타의 4-0 승리를 이끌었다. 잠실 마지막 올스타전 MVP도 그의 몫이었다. 경기의 물꼬를 튼 건 함수호였다. 2회말 1사에서 바뀐 투수 SSG 이도우를 상대로 우중간 담장을 훌쩍 넘기는 선제 홈런을 터뜨렸다. 추가 득점으로 연결되진 않았지만, 후속 타석에서도 안타를 추가하며 뜨거운 타격감을 이어갔다. 경기 후 취재진과 만난 함수호는 “첫 타석부터 좋은 타구가 나와 편한 마음으로 경기할 수 있었다”며“맞는 순간 넘어갔다는 걸 알았다”고 돌아봤다. 이어 “(신)재인이도 홈런을 치는 걸 보고 하나 더 치고 싶다는 생각도 들었다”고 밝혔다. 팬들의 응원에 화답했다는 점에서 의미가 컸다. 함수호는 “많은 관중 앞에서 경기한 게 오랜만이라 정말 기분이 좋았다”며 “사실 넘어갈 줄은 몰랐다. 잠실은 처음인 만큼 의식은 했지만, 운 좋게 잘 맞은 타구가 담장을 넘어갔다”고 설명했다. 이날 함수호는 트로피와 함께 상금 200만원도 받았다. 그는 “아직 어디에 쓸지는 생각해보지 않았다”며 너스레를 떤 뒤 “재인이가 MVP를 받았어도 전혀 이견이 없었을 것이다. 서로 선의의 경쟁을 하고 있기 때문”이라고 동료에게 공을 돌렸다. 이번 올스타전을 통해 자신감도 얻었다. 함수호는 “지금 타격감이 좋다”며 “이 흐름을 유지해 빨리 1군에 올라가고 싶다. 다시 잠실서 좋은 타격을 보여드릴 수 있도록 열심히 준비하겠다”고 힘줘 말했다. 삼성 선수가 퓨처스 올스타 MVP를 차지한 건 2010년 김종호 이후 16년 만이다. 그는 “영광이라 생각한다”며 “내년엔 꼭 1군 올스타전에 출전하고 싶다”고 포부를 드러냈다. 다만 삼성 외야 경쟁은 치열하다. 함수호는 “내 장점은 타격”이라며 “수비도 중요하지만 결국 타격감에서 경쟁력을 보여줘야 한다. 기회가 있으면 좋은 모습을 보여드릴 수 있도록 계속 준비하겠다”고 각오를 다졌다. sshong@sportsseoul.com"
2026.07.10 21:31,"""미래의 1선발 되겠습니다"" 퓨처스에 이토록 진심이다…실용성과 홍보 다 ...",스포츠조선,"[잠실=스포츠조선 이종서 기자] 이보다 센스있고, 모두를 웃게한 선물이 있을까. KT 위즈는 올스타전과 포스트시즌마다 '특별 선물'을 제작해왔다. 특히 많이 얼굴을 알리지 못하는 퓨처스 선수 홍보에는 '가이드북' 및 '포토카드' 등을 만들며 진심인 모습을 보여왔다. 10일 퓨처스 올스타전이 열린 서울 잠실구장. KT는 다시 한 번 깜짝 선물을 준비했다. 퓨처스 선수들 얼굴과 각오가 담긴 부채. 투수 박지훈과 김정운, 외야수 이재원, 포수 김민석의 소개 및 각오가 담겼다. 이 중 김정운은 부상으로 장민호와 교체됐다. 박지훈은 '디그롬처럼 될게요! 빠른 공을 던지고, 피지컬이 좋은 투수입니다. kt wiz의 미래 1선발이 되고 싶습니다'라고 적혀있었고, 김민석은 '장성우 선배처럼 될게요! 끈기 있는 포수입니다. 미래의 든든한 kt wiz 안방 마님이 되고 싶습니다'라고 적었다. 이재원은 '테임즈처럼 될게요! 빠른 발과 타격에 강점이 있는 외야수입니다. 타석에서 존재감 있는 선수가 되고 싶습니다'라고 했고, 부상으로 퓨처스 올스타에 나서지 못한 김정운은 '고영표 선배처럼 될게요! 제구와 체인지업이 점점 발전하고 있습니다. 풀 시즌 치르기! 잠실 선발 등판이 목표입니다'라는 각오를 전했다. 또한 '행운을 나눠드립니다', '퓨처스 미래가 내 미래보다 밝다' 등 센스있는 문구도 함께 적혀있었다. 약 1000개 정도 준비한 KT의 선물은 '히트 상품'이 됐다. 장마 기간에 습도와 온도 모두 높았던 상황. KT 관계자가 나눠준 부채는 모두에게 단비가 됐다. KT 관계자는 이날 입장한 관중은 물론 타구단 관계자 및 뉴미디어팀, 취재진 가릴 것 없이 부채를 나눠줬다. 모두가 KT 부채를 들고다니면서 자연스럽게 홍보도 됐다. KT 관계자는 ""무더운 여름에 필요한 게 무엇일까 싶었다. 부채를 하면 모두가 유용하게 사용하고, 선수단 소개까지 같이 넣을 수 있을 거 같아 준비하게 됐다""고 설명했다. 잠실=이종서 기자 bellstop@sportschosun.com"
2026.07.10 21:25,"""감독님께서 보셨으면"" 16년 만에 퓨처스 올스타 MVP 탄생! 함수호의...",스포티비뉴스,"[스포티비뉴스=잠실, 박승환 기자] ""보셨으면 좋겠습니다"" 함수호는 10일 서울 잠실구장에서 열린 2026 KBO 퓨처스리그 올스타전 북부리그와 맞대결에 좌익수, 5번 타자로 선발 출전해 3타수 2안타(1홈런) 1타점 1득점을 기록하며 MVP로 선정됐다. 삼성 선수로서 퓨처스 올스타전 MVP로 선정된 것은 2010년 김종호 이후 16년 만이다. 함수호는 지난 2025년 신인드래프트 4라운드 전체 33순위로 삼성의 선택을 받고 프로 커리어를 시작했다. 함수호는 데뷔 첫 시즌 1군에서 6경기 밖에 나서지 못했고, 올해도 11경기 출전에 머무르고 있지만, 퓨처스리그에서의 성적은 두 눈을 사로잡기에 충분하다. 지난해 85경기에서 69안타 5홈런 38타점 타율 0.264 OPS 0.729로 활약한 함수호는 올해 45경기에서 45안타 3홈런 23타점 타율 0.306 OPS 0.842로 펄펄 날아오르면서, 퓨처스리그 올스타전에 출전할 수 있는 기쁨을 맛보게 됐다. 그리고 함수호는 내친김에 첫 퓨처스리그 올스타전에서 MVP로 선정되는 기염을 토했다. 이날 함수호는 0-0으로 팽팽하게 맞선 2회말 1사 주자 없는 첫 번째 타석에서 북부리그 바뀐 투수 이도우를 상대로 5구째 130km 슬라이더가 스트라이크존 한 가운데 높은 코스로 치기 좋게 형성되자, 거침없이 방망이를 내밀었다. 함수호가 친 타구는 의심의 여지가 없었고, 우측 담장을 넘어가는 비거리 120m의 기선제압 솔로홈런으로 연결됐다. 활약은 여기서 그치지 않았다. 함수호는 두 번째 타석에서는 중견수 뜬공으로 물러났지만, 남부리그가 4-0으로 앞선 6회초 2사 1루에서는 권우준의 초구를 받아쳐 좌익수 방면에 안타를 뽑아내며 멀티히트를 완성했다. 이후 추가로 타석에 들어설 기회는 없었지만, 남부리그의 승리를 이끌기에는 충분했다. 이에 함수호는 200만원의 상금과 함께 MVP로 선정되는 기쁨을 맛보게 됐다. 경기가 끝난 뒤 취재진과 만난 함수호는 소감을 묻자 ""첫 타석부터 좋은 타격이 나와서 두세 번째 타석에서는 마음을 편하게 가져갔는데, 그게 좋은 결과로 이어진 것 같다. 오랜만에 많은 팬들 앞에서 뛰는데, 홈런을 친 후 확실히 열기가 달라서 좋았다""고 말했다. 홈런을 친 순간 MVP를 직감했을까. 그는 ""치고 나서는 생각을 했는데, (신)재인이가 홈런을 치더라. 그래서 하나를 더 쳐야 받겠다고 생각해서 집중했다""며 네 번째 타석에 들어서지 못한 것과 관련해서는 ""나가고 싶긴 했는데, 감독님들께서 '오히려 안 나가는 게 낫다'고 하시더라""고 웃었다. 잠실에서는 첫 홈런이라고. 함수호는 ""잠실에서 홈런은 오늘 처음 쳐본다. 처음에 '넘어갔다'는 생각은 했지만, 잠실이라서 혹시나 하기도 했다. 그런데 넘어가서 기분이 좋았다. 잠실에서 홈런을 쳐봤으니, 이 손맛을 다음에는 1군에서 느껴보고 싶다. 더 열심히 하겠다""고 강조했다. 이날 경기 전 함수호는 상금을 받고 싶다는 이야기를 했었다. 그렇다면 이날 얻은 200만원은 어떤 곳에 사용할 예정일까. 함수호는 ""상금을 받기 위해서 오긴 했는데, 아직 생각은 해보지 않았다""고 답했다. 끝으로 함수호는 박진만 감독을 향해 메시지를 보냈다. ""지금 퓨처스리그에서도 감이 좋았다. 이 감으로 빨리 1군에 올라갔으면 좋겠다. 내 장점이 타격이니, 형들보다 더 잘 치면 뛸 수 있을 것이라 생각한다""며 ""오늘 경기를 안 보셨을 것 같은데, 그래도 보셨으면 좋겠다. 퓨처스리그에서 잘 준비하고 있으니, 혹시 올라가게 된다면 준비가 된 모습을 보여드리겠다""고 강조했다. <저작권자 ⓒ SPOTV NEWS. 무단전재 및 재배포 금지>"
2026.07.10 21:22,"'결승포' 삼성 함수호, 퓨처스 올스타 MVP…""내년엔 1군 올스타""",연합뉴스,"(서울=연합뉴스) 김동한 기자 = 결승 솔로 홈런을 터뜨린 남부리그 함수호(20·삼성 라이온즈)가 2026 KBO 퓨처스(2군) 올스타전 최우수선수(MVP)로 선정됐다. 함수호는 10일 서울 잠실구장에서 열린 퓨처스 올스타전에서 5번 타자 좌익수로 선발 출전해 3타수 2안타(1홈런) 1타점 1득점을 올려 남부리그의 4-0 승리를 이끌었다. 그는 2회말 1사에서 이도우(SSG 랜더스)의 높은 슬라이더를 공략해 오른쪽 펜스를 넘어가는 비거리 120ｍ 선제 결승 홈런을 때렸다. 삼성 선수가 퓨처스 올스타전 MVP에 오른 건 2010년 김종호 이후 16년 만이다. 함수호는 상금 200만원과 트로피를 받았다. 그는 경기 뒤 취재진과 만나 ""홈런을 친 뒤 MVP가 될 수도 있겠다고 생각했는데, 신재인(NC 다이노스)도 홈런을 쳐서 다시 집중했다""며 ""하나를 더 쳐야겠다는 생각이 들었다""고 말했다. 이어 ""첫 타석부터 좋은 타격이 나와 두 번째와 세 번째 타석에도 편한 마음으로 임했다""고 덧붙였다. 함수호는 잠실구장에서 처음으로 홈런을 터뜨리는 감격을 맛봤다. 그는 ""잘 맞은 타구였지만 잠실이라서 처음에 넘어갈 줄 몰랐다""며 ""홈런이 돼서 정말 기분이 좋았다""고 돌아봤다. 올 시즌 퓨처스리그에서 타율 0.306(147타수 45안타), 3홈런, 20득점, 23타점을 기록한 함수호의 다음 목표는 내년 1군 올스타전 출전이다. 그는 ""내 장점은 타격이다. 다른 선수들보다 잘 치면 기회를 받을 수 있다고 생각한다""며 ""수비도 중요하지만, 타격에서 확실한 경쟁력을 보여줘야 한다. 내년엔 1군 올스타전에 나가고 싶다""고 밝혔다. 박진만 삼성 감독을 향해서는 ""퓨처스리그에서 잘 준비하고 있다""며 ""1군에 올라가게 된다면 준비된 모습을 보여드리겠다""고 각오를 밝혔다. moved@yna.co.kr (끝) ▶제보는 카톡 okjebo"
2026.07.10 21:21,"‘잠실서 첫 홈런’ 함수호, 퓨처스 올스타전 MVP…엄준현은 베스트 퍼포...",한겨레,"함수호(20·삼성 라이온즈)가 사자 군단의 차세대 거포로 확실히 눈도장을 찍었다. 함수호는 10일 잠실야구장에서 열린 2026 KBO 퓨처스(2군) 올스타전에서 남부 올스타(울산·롯데·KIA·KT·NC·삼성)로 출전해 결승포 포함, 멀티 히트(3타수 2안타)를 작성하며 경기 최우수선수(MVP)로 선정됐다. 함수호와 신재인(NC)의 홈런을 앞세워 남부 올스타는 북부 올스타(상무·한화·두산·LG·SSG·고양)를 4-0으로 꺾었다. 지난해 2-4로 패했던 것을 설욕했다. 남부 올스타에는 상금 1000만원이 수여됐다. 함수호는 MVP로 뽑힌 뒤 “팀 승리에 보탬이 되어 기쁘다. 잠실이 10개 구장 중 가장 큰 구장인데 넘겨서 더 보람이 있다”면서 “1군에서 더 많은 경기를 하고 싶다”는 소감을 밝혔다. 2006년생으로 지난해 프로 데뷔한 외야수 함수호는 올해 1군 11경기에 나서 타율 0.063(16타수 1안타)를 기록 중이다. 작년 포함, 1군에서 홈런은 하나도 없었다. 올해 퓨처스 리그 성적은 타율 0.306, 3홈런 23타점. 삼성 소속 선수가 퓨처스 올스타전 MVP를 차지한 것은 2010년 김종호 이후 16년 만이다. 퓨처스 올스타전 MVP 상금은 200만원. 올해 신인인 신재인은 우수 타자상을 받았다. 외국인 선수 최초로 퓨처스 올스타전에 출전한 울산 웨일즈의 나가는 1이닝 무실점 투구로 우수 투수상을 수상했다. 북부 올스타 선발로 1⅓이닝 2탈삼진 무실점 투구를 한 강건우(한화)는 감투상을 받았다. 베스트 퍼포먼스 상은 기아(KIA) 타이거즈 엄준현이 받았다. 엄준현은 파라파라 갸루 분장을 하고 나와 ‘파라파라 댄스’ 춤을 췄다. 엄준현 외에 상무 소속의 고영우는 포복 자세와 수류탄 던지기 퍼포먼스와 함께 군복 차림으로 3루 수비까지 봤고, 고양 히어로즈 손힘찬은 에이티즈 ‘배드(BAD)’ 퍼포먼스를 선보였다. 박종혁(KIA)은 ‘태양의 후예’ 송중기처럼 분장하고 나와 심판에게 장미꽃을 주는 퍼포먼스를, 신명승(KIA)은 최예나의 ‘캐치 캐치’ 춤을 선보였다. 이날 퓨처스 올스타전 최종 관중은 1만2816명으로 유료화된 2015년 이후 최다 관중을 기록해 올 시즌 프로야구 인기를 반영했다. 한편, 잠실야구장에서 마지막으로 열리는 KBO 올스타전은 11일 오후 6시 열린다. 김양희 기자 whizzer4@hani.co.kr"
2026.07.10 21:14,“내 강점은 타격! 1군서도 손맛 느끼겠다”…MVP 함수호 ‘생애 첫 잠...,스포츠동아,"[잠실=스포츠동아 박정현 기자] 남부리그 올스타 함수호(20·삼성 라이온즈)가 ‘2026 퓨처스(2군) 올스타전’의 별이 됐다. 함수호는 10일 잠실구장서 열린 북부리그 올스타와 맞대결서 5번타자 좌익수로 선발출전해 3타수 2안타(1홈런) 1타점 1득점으로 팀의 4-0 승리를 이끌며 경기 최우수선수(MVP)로 선정됐다. 그는 상금 200만 원의 주인공이 됐다. 이날 승리한 남부리그는 1000만 원을 수령한다. 파라파라 갸루 댄스를 선보인 엄준현(20·KIA 타이거즈)이 베스트 퍼포먼스상에 선정됐다. 감투상에는 강건우(19·한화 이글스), 우수 투수상은 나가 타이세이(27·울산 웨일즈), 우수타자상에는 신재인(19·NC 다이노스)가 뽑혔다. 4명 모두 상금 100만 원을 받는다. 함수호는 경기 초반부터 뜨거운 타격감을 선보였다. 2회말 1사 후 이도우의 슬라이더를 받아쳐 우월 솔로포로 선취점을 냈다. 4회말 1사 1루서는 중견수 뜬공으로 물러났지만, 마지막 타석인 6회말 2사 1루서는 좌전 안타로 멀티 히트를 완성했다. 함수호는 올스타전을 마친 뒤 “첫 타석에 좋은 타격이 나왔기 때문에 두, 세 번째 타석에 편안한 마음으로 들어섰다. 그게 좋은 결과로 이어졌다”며 “(신)재인이도 홈런을 하나 쳤기에 더 좋은 결과를 내야 할 것 같아 집중력을 잃지 않았다”고 소감을 밝혔다. 삼성의 홈구장인 대구삼성라이온즈파크는 타자 친화적인 구장이다. 아마추어 시절부터 장타력에 강점을 보였던 함수호가 마음껏 재능을 발휘할 수 있는 곳이다. 그러나 야구가 마음대로 쉽게 풀리지 않는다. 올해 퓨처스리그서 45경기에 출전해 타율 0.306, 3홈런, 23타점, 장타율 0.490을 기록했지만, 1군서는 11경기 타율 0.063, 2타점, 장타율 0.063에 그쳐 1군의 벽을 실감했다. 함수호는 1군서 기회를 받기 위해 장점인 타격에 더 많은 신경을 쓰기로 했다. “내 장점인 타격서 형들보다 더 좋은 결과를 낸다면, 출전 기회를 잡을 것 같다. 수비도 중요하지만, 우선은 타격서 강점을 더 살려보려고 한다”며 “태어나서 잠실구장서 처음 홈런을 쳐봤다. 이 손맛을 1군에서도 느껴보고 싶다”고 말했다. 이어 “지금 퓨처스리그서 준비를 잘하고 있다. 1군에 올라간다면 준비 잘 된 모습을 보여주겠다”고 각오를 다졌다. 잠실｜박정현 기자 pjh60800@donga.com"
2026.07.10 21:06,"'퓨처스 올스타전 MVP' 삼성 함수호 ""잠실 홈런 짜릿…1군서도 치겠다...",뉴스1,"(서울=뉴스1) 서장원 기자 = 프로야구 퓨처스(2군) 올스타전 최우수선수(MVP)로 선정된 함수호(삼성)가 ""잠실에서 홈런 쳐봤으니 앞으로 1군에서 손맛을 또 볼 수 있게 열심히 하겠다""는 소감을 전했다. 함수호는 10일 서울 잠실구장에서 열린 2026 KBO 퓨처스 올스타전에 5번 타자 좌익수로 선발 출전해 3타수 2안타(1홈런) 1타점 1득점을 기록했다. 2회말 선제 솔로포를 터뜨리며 결승 홈런의 주인공이 된 함수호는 경기 후 MVP로 선정, 상금 200만 원과 트로피를 받았다. 삼성 선수가 2007년 첫 시행된 퓨처스 올스타전에서 MVP를 수상한 건 3번째이자 지난 2010년 김종호 이후 16년 만이다. 경기 후 만난 함수호는 ""첫 타석부터 좋은 타격이 나와서 두 번째 세 번째 타석도 편하게 임했는데 결과가 좋았다""고 소감을 전했다. 홈런을 치는 순간 MVP를 직감했다는 그는 ""홈런 치고 MVP 생각을 했는데, (신)재인이가 (홈런을) 쳐서 하나 더 쳐야겠다고 생각했다""며 웃었다. 함수호는 지난해 프로 데뷔 후 잠실구장에서 처음으로 짜릿한 손맛을 봤다. 그는 ""야구 인생에서 처음이다. 잠실에서 처음 친 거라 치고도 넘어갈 줄 몰랐다. 홈런이 돼서 너무 좋았다""고 말했다. 경기 전 인터뷰에서 ""상금을 받으러 왔다""고 전한 그는 MVP가 되며 상금 200만 원을 손에 넣었다. 함수호는 상금 활용처를 묻는 말에 ""인터뷰대로 상금 받으려고 오긴 했는데, 아직 어떻게 쓸지는 생각 안 했다""고 답했다. 함수호는 박진만 삼성 감독에게도 당찬 각오를 전했다. 그는 ""퓨처스리그에서 잘 준비하고 있으니 혹시나 1군에 올라가면 잘 준비된 모습 보여드리겠다""고 힘줘 말했다. superpower@news1.kr"
2026.07.10 21:06,"류지현호, '사회인' 일본 피했다…아시안게임서 대만·홍콩·태국과 B조 배...",스포츠투데이,"[스포츠투데이 강태구 기자] 류지현 감독이 이끄는 야구대표팀이 대만, 홍콩, 태국과 2026 아이치·나고야 아시안게임 조별리그 B조에 배정됐다. 대회 조직위원회는 10일 공식 SNS를 통해 아시안게임 야구 종목 조 배정 결과와 일정 등을 공개했다. A조에는 일본, 중국, 필리핀, 팔레스타인이, B조에는 대만, 한국, 홍콩, 태국이 배치됐다. 대표팀은 9월 21일 오후 6시 30분 일본 아이치현 오카자키 중앙종합공원 야구장에서 조별리그 B조 대만과의 첫 경기를 치른다. 이어 다음 날인 22일 오후 6시 30분 일본 아이치현 도요하시 시민구장에서 조별리그 2차전 홍콩전에 나선다. 23일 낮 12시 중앙종합공원 야구장에선 태국과의 경기를 마지막으로 조별리그를 마무리한다. 24일은 휴식일이고, 25일부터 26일까지 각 조의 1위와 2위가 다른 조의 1위와 2위 팀을, 각 조의 3위와 4위가 다른 조의 3위와 4위 팀과 한 차례씩 맞대결을 펼치는 슈퍼라운드가 진행된다. 슈퍼라운드의 성적에 따라 결승 진출팀과 동메달 결정전 진출팀이 결정되고, 동메달 결정전은 27일 낮 12시 오카자키 중앙종합공원 야구장에서, 결승전은 27일 저녁 6시 30분 도요하시 시민구장에서 펼쳐진다. [스포츠투데이 강태구 기자 sports@stoo.com]"
2026.07.10 21:05,"잠실 첫 손맛… 삼성 함수호, 결승포로 퓨처스 올스타 ‘왕별’",스포츠경향,"남부리그 올스타 함수호(삼성) 방망이가 크게 돌았다. ‘딱’ 하는 소리와 함께 타구가 쭉쭉 뻗더니 잠실 구장 오른 담장을 훌쩍 넘었다. 그 한 방으로 퓨처스 올스타전의 승부가 갈렸다. 함수호가 2026시즌 퓨처스 올스타 최우수선수(MVP)를 차지했다. 함수호는 10일 잠실에서 열린 퓨처스 올스타전에 남부리그 올스타 좌익수 5번 타자로 선발 출장해 홈런 포함 2안타로 4-0 팀 승리를 이끌었다. 함수호는 0-0 동점이던 2회말 북부리그 투수 이도우(SSG)의 슬라이더를 받아쳐 비거리 120ｍ 홈런을 날렸다. 남부리그 투수들이 북부리그 타선을 9이닝 무실점으로 꽁꽁 묶으면서 함수호의 홈런 한 방이 그대로 결승타가 됐다. 안타 하나를 더해 3타수 2안타 1타점을 기록한 함수호는 4회 투런포를 쏘아올린 남부리그 신재인(NC)을 제치고 퓨처스 MVP로 선정됐다. 함수호는 경기 후 “첫 타석 홈런 치자마자 MVP 될 거 같다고 생각했다. 그런데 (신)재인이가 바로 홈런을 때려서 하나 더 쳐야겠다 생각하고 더 집중했다”고 했다. 함수호는 2025 신인 드래프트 4라운드 전체 33순위로 삼성의 지명을 받았다. 지난해 6경기, 올해는 전반기까지 11경기 출장했다. 타격이 강점으로 꼽히지만, 아직 1군에서 홈런은 없다. 잠실 담장을 넘긴 것도 당연히 이번이 처음이다. 함수호는 “잘맞기는 했지만 넘어갈 줄은 몰랐다. 잠실이라서 더 기분이 좋다”면서 “다음에는 1군 경기에서 ‘손맛’을 다시 느끼고 싶다”고 했다. 함수호는 올 시즌 퓨처스리그에서 45경기 타율 0.306에 3홈런을 기록 중이다. 선수층 두꺼운 삼성에서 1군 벽을 뚫기 위해서는 타격을 더 끌어올려야 한다. 함수호는 “수비도 중요하지만, 제 장점은 타격이라고 생각한다”며 “퓨처스에서 잘 준비하고 있는 만큼 1군에 올라간다면 잘 보뎌드리겠다”고 각오를 다졌다. 함수호에 이어 홈런을 때린 신재인이 우수타자상을 받았다. 외국인 선수로는 사상 최초로 퓨처스 올스타전에 출전한 울산 나가 타이세이가 우수투상을 수상했다. 한화 강건우는 감투상을 차지했다. 이날 잠실 구장에는 관중 1만2816명이 몰렸다. 2015년 퓨처스 올스타전 유료화 이후 최다 관중 기록을 새로 썼다. 종전 기록인 2024년 1만1869명을 넘었다. 잠실 | 심진용 기자 sim@kyunghyang.com"
2026.07.10 21:02,"""상금 받아가겠다"" 약속 지켰다, 함수호 퓨처스 올스타 MVP 등극→16...",마이데일리,"[마이데일리 = 잠실 김경현 기자] 경기 전 인터뷰가 예언이 됐다. 삼성 라이온즈 외야수 함수호가 퓨처스 올스타 최고의 별이 됐다. 남부 올스타는 10일 서울 잠실야구장에서 열린 2026 KBO 퓨처스 올스타전에서 북부 올스타에 4-0으로 승리했다. 함수호가 펄펄 날았다. 2회 주자 없는 1사 첫 타석에서 이도우(SSG)의 5구 슬라이더를 때려 우중간 담장을 넘어가는 선제 솔로 홈런을 때려냈다. 이날의 결승타. 함수호는 6회 2사 1루에서도 좌전 안타를 때려냈다. 이날 출전한 선수 중 유일하게 멀티 히트를 신고했다. 다만 후속타 불발로 득점에는 실패. 경기 종료 후 KBO는 함수호가 퓨처스 올스타 MVP에 등극했다고 발표했다. 함수호는 상금 200만원을 받는다. 공교롭게도 함수호는 경기 전 '마이데일리'와의 인터뷰에서 ""오늘 MVP를 타고 싶다. 상금 200만원을 받아가려고 한다""고 말했다. 말이 씨가 된 좋은 예다. 삼성 출신 퓨처스 올스타전 MVP는 역대 세 번째다. 2007년 채태인, 2010년 김종호가 가장 빛난 별이 됐다. 함수호는 16년 만에 구단의 자랑이 됐다. 우수 타자상은 신재인(NC)이다. 신재인은 쐐기 투런 홈런 포함 3타수 1안타 1홈런 1득점 2타점을 기록했다. 우수 투수상은 1이닝 1탈삼진 무실점을 기록한 나가 타이세이(울산)다. 강건우(한화)는 1⅓이닝 2탈삼진 퍼펙트를 기록, 감투상을 받았다. 베스트 퍼포먼스상은 엄준현(KIA)이 받았다. 엄준현은 인기 걸그룹 '리센느'의 멤버 미나미의 갸루 퍼포먼스를 완벽하게 소화했다. 엄준현은 팬투표 총 7814표 중 2903표(37%)를 획득, 팀 동료 박종혁(2565표·33%)을 제치고 퍼포먼스상을 수상했다. 신재인, 나가, 강건우는 각각 100만원의 상금을 받는다. 우승팀 남부 올스타는 1000만원의 상금을 획득했다."
2026.07.10 21:01,"'파라파라'가 '북부대공' 넘었다! → KIA 엄준현, 걸그룹 리센느 코...",스포츠조선,[잠실=스포츠조선 한동훈 기자] KIA 타이거즈 엄준현이 '파라파라' 갸루 댄스를 펼쳐 베스트 퍼포먼스상을 거머쥐었다. 걸그룹 리센느의 멤버 미나미가 대히트를 친 춤이다. 엄준현은 10일 잠실구장에서 열린 2026 KBO 퓨처스 올스타전서 보는 이들의 입을 다물지 못하게 만든 춤사위를 뽐내며 팬들의 마음을 사로잡았다. 엄준현은 현장 팬투표 37% 득표율을 얻어 1위를 기록했다. 경기는 남부올스타(울산 롯데 NC KIA 삼성 KT)가 북부올스타(상무 한화 LG 고양 두산 SSG)를 4대0으로 제압했다. 선수들은 기발한 등장 퍼포먼스를 준비했다. 키움 손힘찬은 최근 SNS를 강타한 보이그룹 에이티즈의 '북부대공' 최산을 패러디했다. 흰색 민소매 복장으로 나타나 히트곡 BAD 챌린지를 시도했다. 롯데 조민영은 대한민국 축구 간판 손흥민으로 분장했다. 제법 외모가 닮았다. 조민영은 손흥민의 안면 보호 마스크와 유니폼을 착용하고 들어와 득점 세리머니까지 펼쳤다. 상무 고영우는 현역 군인임을 강조했다. 전투복과 위장크림을 바르고 그라운드에 섰다. 방망이를 소총 삼아 각개전투 퍼포먼스를 펼쳤다. 포복으로 전진하다가 주머니에서 공을 꺼내 마치 수류탄을 투척하는 듯한 모습을 보여줬다. 함수호(삼성)가 3타수 2안타 1홈런 1타점을 폭발하며 MVP로 뽑혔다. 2점 홈런을 폭발한 신재인(NC)이 우수타자상을 차지했다. 1이닝 무실점 호투한 일본인투수 나가(울산)가 우수투수상을 받았다. 잠실구장에서 펼쳐지는 마지막 퓨처스 올스타전은 역대 최다 관객을 모았다. KBO는 '퓨처스 올스타전이 유료화된 2015년 이후 최다 관중이다. 종전 1만1869명을 넘어 1만2816명을 기록했다'고 공식 발표했다. 한동훈 기자 dhhan@sportschosun.com
2026.07.10 20:59,"'파격적인 갸루 변신' KIA 엄준현, 베스트 퍼포먼스상…총 7814표 ...",OSEN,"[OSEN=잠실, 홍지수 기자] 프로야구 퓨처스리그 남부 올스타가 홈런 두 방을 앞세워 역대 최초의 무실점 승리를 완성했다. 그리고 올해 퓨처스 올스타 베스트 퍼포먼스상 주인공은 KIA 타이거즈 엄준현이다. 남부 올스타는 10일 잠실구장에서 열린 2026 신한 SOL KBO 퓨처스 올스타전에서 북부 올스타를 4-0으로 꺾었다. 퓨처스 올스타전에서 한 팀이 상대를 무실점으로 막고 승리한 것은 올해 남부 올스타가 처음이다. 남부 올스타는 투타가 완벽한 조화를 이뤘다. 함수호의 선제 솔로포와 신재인의 투런포로 일찌감치 승기를 잡았고, 5회에는 노강민의 적시타로 한 점을 더 보탰다. 마운드에서는 선발 박지훈을 시작으로 홍재문, 신동건, 나가 타이세이, 최예한, 장민호, 이영재, 최요한, 김백산까지 9명의 투수가 이어 던지며 북부 타선을 4안타 무득점으로 봉쇄했다. 남부 올스타는 2회 함수호의 솔로홈런으로 균형을 깼고, 4회 신재인의 투런홈런으로 격차를 벌렸다. 이어 5회 노강민의 적시타까지 더하며 승부에 쐐기를 박았다. 마지막 9회에는 삼성 김백산이 마운드에 올라 깔끔하게 경기를 끝내며 역사적인 무실점 승리를 완성했다. 우승팀 남부 올스타는 상금 1000만 원을 받는다. 개인 수상자도 정해졌다. 베스트 퍼포먼스상 주인공 엄준현은 상금 100만 원을 받는다. KBO SNS, TV 중계, 전광판 통해 QR로 접속해 진행된 퓨처스 올스타 퍼포먼스상 팬투표 결과 총 7814표 중 엄준현이 2903표(37%)를 받았다. 엄준현은 3회말 1사 때 최근 역주행 신화를 쓰는 걸그룹 '리센느'의 일본인 멤버 미나미로 변신해 타석에 들어섰다. 온라인에서 화제가 된 '거제 야호' 밈에 맞춰 1만2816명 관중을 향해 파라파라 댄스를 선보였다. 타석에서 흘러나온 응원 음원도 엄준현이 직접 녹음한 것으로 알려졌다. 2위는 KIA 박종혁으로 2565표(33%)를 받았다. 퓨처스 올스타 MVP는 삼성 라이온즈 함수호다. 함수호는 3타수 2안타(1홈런) 1타점 1득점을 기록하며 결승타의 주인공이 됐다. 상금 200만 원을 받는다. 신재인이 우수타자상을 받는다. 잠실 하늘 가른 투런포로 상금 100만 원을 받는다. 우수투수상 주인공은 울산 웨일즈의 나가 타이세이다. 1이닝 퍼펙트 투구로 상금 100만 원을 받는다. 이어 강건우(한화)가 감투상을 받았다. 상금 100만 원을 받았다. /knightjisu@osen.co.kr"
2026.07.10 20:54,‘퓨처스 올스타 MVP’ 함수호 “박진만 감독님이 보셨으면..1군 불러주...,뉴스엔,"[잠실=뉴스엔 안형준 기자] 함수호가 퓨처스 올스타전 MVP 소감을 밝혔다. 삼성 라이온즈 함수호는 7월 10일 서울 잠실구장에서 열린 '2026 KBO 퓨처스 올스타전'에서 MVP를 수상했다. 이날 남부 올스타 5번 좌익수로 출전한 함수호는 2회 결승 홈런 포함 멀티히트 맹활약을 펼쳤고 MVP에 선정됐다. 함수호는 ""첫 타석부터 좋은 타격이 나와 이후 편하게 마음을 먹고 임했다. 그게 결과가 좋았던 것 같다""고 이날 경기를 돌아봤다. 함수호는 ""첫 타석에서 홈런을 친 뒤 MVP를 받을 수 있겠다고 생각했는데 (신)재인이가 홈런을 치더라. 그래서 하나 더 쳐야 MVP를 받겠다 싶었다""고 웃었다. MVP를 목표로 올스타전에 출전했다고 밝힌 함수호다. MVP 수상과 함께 200만 원의 상금도 받은 함수호는 ""상금을 받겠다는 생각으로 오기는 했지만 아직 어떻게 쓸지는 정하지 못했다""고 밝혔다. 오랜만에 많은 팬들 앞에서 경기를 치른 함수호는 ""많은 팬들 앞에서 뛴 것이 오랜만인데 확실히 열기가 다르더라. 기분좋다""며 ""잠실 야구장에서 홈런은 처음이다. 치는 순간 잘 맞은 타구라고 생각했는데 잠실에서 쳐 본 경험이 없어서 넘어갈 것이라고는 생각 못했다. 홈런을 쳐서 좋다""고 돌아봤다. 함수호는 ""지금 타격감이 좋다. 좋은 감을 갖고 1군에 올라가고 싶다""며 ""내 장점은 수비보다는 타격이다. 타격에서 1군 형들보다 더 독보적이게 잘 쳐야 한다고 생각한다""고 말했다. 퓨처스 올스타를 석권했으니 이제 다음 목표는 1군이다. 함수호는 ""내년에는 1군 올스타에 출전할 수 있었으면 좋겠다""며 ""퓨처스리그에서 잘 준비하고 있는 만큼 (1군에)불러주시면 잘 준비된 모습을 보여드리겠다. 오늘 경기를 박진만 감독님이 꼭 보셨으면 좋겠다""고 당찬 각오도 밝혔다.(사진=함수호) 뉴스엔 안형준 markaj@ 기사제보 및 보도자료 newsen@newsen.com copyrightⓒ 뉴스엔. 무단전재 & 재배포 금지"
2026.07.10 20:53,"'16년만 삼성 소속 퓨처스 올스타전 MVP' 함수호 ""다음엔 1군에서 ...",스포츠한국,"[잠실=스포츠한국 심규현 기자] 2010년 김종호 이후 삼성 라이온즈 소속 퓨처스리그 올스타전 MVP를 수상한 함수호가 소감을 전했다. 남부 올스타는 10일 오후 6시 서울 잠실야구장에서 진행된 2026 KBO 퓨처스리그 올스타전에서 북부 올스타를 4-0으로 제압했다. 삼성 함수호는 이날 결승타 포함 3타수 2안타(1홈런) 1타점을 기록하며 퓨처스리그 올스타전 MVP에 선정됐다. 우수 타자상은 NC 다이노스 신재인, 우수 투수상은 울산 웨일즈 나가, 감투상은 한화 이글스 강건우, 베스트퍼포먼스상은 KIA 타이거즈 엄준현이다. 함수호는 경기 후 인터뷰에서 ""처음부터 좋은 타격이 나왔다. 이후 2,3번째 타석은 편한 마음으로 임했는데 그게 좋은 결과로 이어졌다. 잠실에서 처음 경기를 해봤고 홈런도 처음이었다.홈런 치고 난 뒤에는 MVP를 예상했는데 신재인이 홈런을 쳐 '하나 더 쳐야 받겠다'고 생각해 집중했다. 다만 선의의 경쟁이니 (신)재인이가 받았어도 개의치 않았을 것""이라고 수상 소감을 밝혔다. 마지막 타석을 소화하지 못한 채 경기가 끝났지만 함수호는 ""들어가고는 싶었지만 감독님들이 오히려 나가지 않는 게 낫다고 했고 받아들였다""고 웃으며 말했다. 이번 MVP가 어떤 의미냐는 질문에 그는 ""잠실에서 홈런을 쳤으니 다음에 1군에서 손맛을 느끼도록 노력하겠다. 지금 퓨처스에서 감이 좋다. 이 감을 갖고 1군에 올라가면 좋겠다""고 말했다. 끝으로 ""장점이 타격인 만큼 타격에서 형들보다 잘 치면 주전 경쟁에서 이길 수 있다고 본다. 수비도 중요하나 타격을 독보적으로 갈고 닦겠다""고 각오를 밝혔다. 스포츠한국 심규현 기자 simtong96@sportshankook.co.kr"
2026.07.10 20:46,"‘별들의 예고편’ 함수호·신재인, 잠실 밤 수놓은 홈런 두 방…남부리그,...",문화일보,"잠실 = 정세영 기자 남부리그(울산·NC·삼성·롯데·KT·KIA) 올스타가 홈런 두 방을 앞세워 퓨처스리그 올스타전에서 완승을 거뒀다. 삼성 외야수 함수호는 결승 홈런을 포함해 멀티히트를 기록하며 최우수선수(MVP)에 올랐다. 남부리그 올스타는 10일 잠실구장에서 열린 2026 KBO 퓨처스리그 올스타전에서 북부리그 올스타(상무·한화·LG·고양·SSG·두산)를 4-0으로 꺾었다. 남부리그는 지난해 2-4 패배를 설욕했다. 역대 상대 전적에서도 9승 2무 3패로 우위를 이어갔다. 승부의 균형은 2회 말 깨졌다. 1사 주자 없는 상황에서 타석에 들어선 함수호는 북부리그 두 번째 투수 이도우(한화)의 높게 들어온 시속 130㎞짜리 초구 슬라이더를 받아쳐 오른쪽 담장을 넘기는 선제 솔로 홈런을 터뜨렸다. 남부리그 올스타가 끝까지 리드를 지키면서 함수호의 홈런은 결승타가 됐다. 함수호는 6회 말 2사 1루에서도 좌전안타를 추가했다. 양 팀 타자 가운데 유일하게 멀티히트를 기록한 함수호는 경기 MVP로 선정됐다. NC 신인 신재인도 강한 인상을 남겼다. 남부리그 3번 타자 겸 3루수로 선발 출전한 신재인은 팀이 1-0으로 앞선 4회 말 쐐기 홈런을 날렸다. 1사 2루에서 LG 조원태의 높게 들어온 시속 148㎞ 직구를 놓치지 않았다. 신재인이 힘차게 돌린 방망이에 맞은 타구는 빠른 속도로 뻗어 잠실구장 왼쪽 펜스를 넘어갔다. 점수 차를 3-0으로 벌린 투런 홈런이었다. 신재인은 우수타자상을 받았다. 남부리그 올스타는 5회 이재원(KT)의 우월 3루타와 노강민의 우전 적시타를 묶어 1점을 추가, 4-0으로 점수 차를 벌리며 승기를 잡았다. 남부리그 올스타 투수들의 역투가 돋보인 무대였다. 박지훈(KT)을 시작으로 홍재문(NC), 신동건(롯데), 나가 타이세이(울산), 최예한(삼성), 장민호(KT), 이영재(롯데), 최요한(NC), 김백산(삼성)이 차례로 등판해 1이닝씩을 무실점으로 책임졌다. 남부리그의 네 번째 투수로 등판한 나가는 1이닝을 무안타 무실점으로 깔끔하게 막았다. 이날 퓨처스리그 올스타전은 선수들의 재치 있는 퍼포먼스로도 눈길을 끌었다. KIA 엄준현은 최근 유행하는 이른바 ‘파라파라 갸루’ 분장을 하고 그라운드에 등장했다. 화려한 분장에 특유의 춤과 몸짓까지 선보이며 관중의 웃음을 끌어냈다. 엄준현은 베스트퍼포먼스상을 받았다. 한편, 이날 퓨처스 올스타전 최종 관중은 1만2816명으로 유료화된 2015년 이후 최다 관중을 동원했다. 정세영 기자"
2026.07.10 20:42,잠실에 손흥민이 떴다? 'SON 유니폼 입고 등장' 롯데 134번 누구인...,마이데일리,"[마이데일리 = 잠실 이정원 기자] 잠실구장에 손흥민이 떴다? 10일 서울 잠실구장에서는 2026 KBO 퓨처스 올스타전이 진행됐다. 북부리그(한화, LG, SSG, 두산, 고양, 상무)와 남부리그(KT, NC, 롯데, 삼성, KIA, 울산) 대표로 각각 24명씩 총 48명의 선수가 출전했다. 경기 결과도 결과지만, 팬들의 눈길을 끈 건 단연 선수들의 퍼포먼스. 각기 자신의 매력을 발산하기 위해 많은 준비를 해왔다. 롯데 자이언츠 조민영. 신일고 출신으로 2024 신인 드래프트에서 지명을 받지 못했고, 2024년 3월부터 2025년 9월까지 일본 독립리그 이바라키 아스트로 플래니츠에서 활약한 바 있다. 그러다가 육성선수 신분으로 롯데에 입단했고, 올 시즌 57경기 72안타 5홈런 35타점 40득점 타율 0.341을 기록하며 좋은 모습을 보였다. 또한 시코쿠리그 및 요미우리 교류전에서도 타격에서 존재감을 뽐낸 바 있다. 조민영은 손흥민 유니폼을 입고 등장했다. 롯데 관계자는 ""손흥민 선수 닮은꼴 콘셉트로 유니폼과 마스크를 쓰고 등장했다""라고 했다. 손흥민의 득점 세리머니를 펼친 후, 마스코트를 불러 의상을 반납한 뒤 타석에 섰다. NC 신인 좌완 투수 최요한은 고교 시절 선보였던 '칼집 세리머니'를 보여줬다. 이는 2020년 내셔널리그 사이영상 수상자 트레버 바우어의 세리머니로 유명하다. 고교 시절 코치의 제안으로 해당 세리머니를 선보였으나, 지금은 불필요한 오해를 불러일으킬 수 있다 판단해하지 않고 있다. 최요한은 ""올스타전은 모두의 축제인 만큼 즐거운 마음으로 마음껏 세리머니를 펼쳐 보이겠다. 꼭 삼진을 잡고 싶다""라고 말했다. SSG 4명의 선수들도 준비한 게 많다. 평소 아기공룡 둘리에 나오는 '도우너' 별명을 가진 안재연은 도우너로 분장했고, 이원준은 '근육 희동이' 콘셉트로 함께 나왔다. 변건우는 '하이디라오 면은우'로 변신했다. 이도우는 이름을 따서 '인간 피자'로 마운드 도착 후 피자 도우 시식 퍼포먼스를 진행했다. 롯데 투수 신동건은 빼빼로로, 롯데 내야수 이지훈은 '귀멸의 칼날' 젠이치 코스프레를 해 팬들의 눈길을 끌었다. KIA 타이거즈 투수 엄준현은 최근 유행하는 '파라파라 갸루'를, KIA 포수 신명승은 '캐치캐치' 동작을 선보였다. 엄준현은 베스트 퍼포먼스상을 수상했다. 그 외 선수들도 자신들만의 개성을 살린 퍼포먼스를 준비해 야구 팬들과 인사했다. 팬들도 그런 선수들에게 환호와 박수를 보내줬다. 한편 경기는 남부 올스타팀이 4-0으로 북부 올스타팀을 제압했다."
2026.07.10 20:42,"‘신재인 쐐기포’ 2026 퓨처스 올스타전, 남부 4-0 완승으로 마무리...",MK스포츠,"2026 KBO 퓨처스(2군) 올스타전이 남부 올스타의 승리로 막을 내렸다. 남부 올스타는 10일 서울 잠실야구장에서 열린 2026 KBO 퓨처스 올스타전에서 북부 올스타를 4-0으로 제압했다. 많은 팬들은 큰 목소리로 미래의 프로야구 별들과 함께 호흡했다. 남부 올스타는 롯데 자이언츠, KIA 타이거즈, KT위즈, 삼성 라이온즈, NC 다이노스, 울산 웨일즈 선수들로 꾸려졌다. 이에 맞서 북부 올스타는 고양 히어로즈(키움 2군), SSG랜더스, LG 트윈스, 두산 베어스, 한화 이글스, 상무 선수들이 포진했다. 올스타전 답게 미래의 슈퍼 스타들은 다채로운 세리머니로 눈길을 사로잡았다. 조민영(롯데)은 손흥민 유니폼을 입고 퍼포먼스를 선보였다. 박지훈(KT)은 마운드에 올라 활을 쐈으며, 이도우(SSG)는 피자 분장 옷을 입고 등장해 많은 웃음을 안겼다. 엄준현(KIA)은 파격적인 ‘갸루 세리머니’를 펼쳤으며, 신명승(KIA)도 화려한 의상 및 분장으로 많은 관심을 끌었다. 기선제압은 남부 올스타의 몫이었다. 2회말 1사 후 함수호(삼성)가 비거리 125m의 우중월 솔로포를 쏘아올렸다. 기세가 오른 남부 올스타는 4회말 점수 차를 벌렸다. 선두타자 고준휘(NC)가 우중월 안타를 때린 뒤 상대 투수의 폭투로 2루에 안착하자 신재인(NC)이 좌측 담장을 넘어가는 비거리 110m의 벼락같은 투런포를 날렸다. 흐름을 완벽히 가져온 남부 올스타는 5회말에도 득점 행진을 멈추지 않았다. 선두타자 이재원(KT)이 우전 3루타로 포문을 열자 노강민(울산)이 1타점 우전 적시타를 쳤다. 다급해진 북부 올스타는 남은 이닝 동안 만회점을 뽑기 위해 사력을 다했지만, 더 이상의 득점 소식은 들리지 않았다. 그렇게 남부 올스타는 기분좋은 승전보에 마침표를 찍었다. 남부 올스타는 선발투수 박지훈(KT·1이닝 무실점)을 필두로 홍재문(NC·1이닝 무실점)-신동건(롯데·1이닝 무실점)-나가 타이세이(울산·1이닝 무실점)-최예한(삼성·1이닝 무실점)-장민호(KT·1이닝 무실점)-이영재(롯데·1이닝 무실점)-최요한(NC·1이닝 무실점)-김백산(삼성·1이닝 무실점)이 마운드에 올랐다. 타선에서는 단연 함수호(3타수 2안타 1홈런 1타점), 신재인(3타수 1안타 1홈런 2타점)이 빛났다. 이 밖에 노강민(3타수 1안타 1타점)도 뒤를 든든히 받쳤다. 북부 올스타는 선발 강건우(한화·1.1이닝 무실점)-이도우(0.2이닝 1실점)-김민재(상무·1이닝 무실점)-조원태(LG·1이닝 2실점)-손힘찬(고양·1이닝 1실점)-권우준(LG·1이닝 무실점)-최주형(두산·1이닝 무실점)-변건우(SSG·0.1이닝 무실점)-원종혁(한화·0.2이닝 무실점)이 등판했다. 한편 최우수선수상(MVP)은 함수호의 몫이었다. 베스트 퍼포먼스상은 엄준현에게 돌아갔으며, 감투상은 강건우가 차지했다. 우수 투수상, 우수 타자상은 각각 나가, 신재인이 받았다. [이한주 MK스포츠 기자] [ⓒ MK스포츠, 무단전재 및 재배포 금지]"
2026.07.10 20:40,'거제 야호' 춤춘 엄준현…퓨처스 올스타전 베스트퍼포먼스 수상,연합뉴스,"(서울=연합뉴스) 김동한 기자 = 갸루풍 화장을 하고 관중들을 향해 파라파라 춤을 선보인 KIA 타이거즈 내야수 엄준현이 2026 KBO 퓨처스(2군) 올스타전 베스트퍼포먼스상을 받았다. 엄준현은 10일 서울 잠실구장에서 열린 2026 KBO 퓨처스(2군) 올스타전 3회말 1사 때 최근 역주행 신화를 쓰는 걸그룹 '리센느'의 일본인 멤버 미나미로 변신해 타석에 들어섰다. 그는 온라인에서 화제가 된 '거제 야호' 밈에 맞춰 1만2천816명 관중을 향해 파라파라 댄스를 선보였다. 타석에서 흘러나온 응원 음원도 엄준현이 직접 녹음한 것으로 알려졌다. 그는 베스트퍼포먼스상 부상으로 상금 100만원을 받았다. 퓨처스 올스타 선수들은 각양각색의 퍼포먼스로 관중에게 즐거움을 안겼다. 상무 소속 고영우는 군인 신분을 적극적으로 활용했다. 전역까지 399일을 남겨둔 고영우는 3회말 수비 때 나서면서 군복을 입고 얼굴에 검은색 패치를 붙여 위장무늬를 표현했다. 4회초 1사에서 타석에 들어설 때도 군복을 그대로 입었다. 그는 방망이를 소총처럼 겨누고 'PRI' 훈련 자세를 취해 관중의 웃음을 자아냈다. 박종혁(KIA)은 인기 드라마 '태양의 후예'의 명장면을 재현했다. 7회말 2사에서 타석에 설 때 그는 선글라스를 쓰고 재킷을 입은 박종혁은 극중 배우 송중기처럼 무전기에 대고 ""예쁜이는 뒤를 돌아봅니다. 오바""라고 말한 뒤 주심에게 다가가 꽃을 건넸다. 주심이 ""나 맞아?""라고 두 차례 되물은 뒤 꽃을 받으면서 관중의 웃음을 자아냈다. 신명승(KIA)은 가수 최예나의 '캐치캐치'에 맞춰 안무를 선보여 이목을 끌었고, 박지훈(kt wiz)은 천만 영화 '왕과 사는 남자'의 단종으로 변신했다. SSG 랜더스 소속 선수들은 이날 모두 퍼포먼스를 준비했다. 안재연은 '아기공룡 둘리'의 도우너, 이원준은 '근육 희동이'로 변신했고, 변건우는 수타면을 뽑는 '면은우' 퍼포먼스를, 이도우는 피자 모양 의상을 입고 도우를 맛보는 연기를 선보였다. 올해 창단 후 처음 퓨처스 올스타전에 참가한 울산 웨일즈는 4회초 나가 다이세이의 등판에 맞춰 출전 선수 4명이 모두 마운드에서 관중에게 인사했다. moved@yna.co.kr (끝) ▶제보는 카톡 okjebo"
2026.07.10 20:38,"함수호·신재인 홈런 합창…남부리그, 퓨처스 올스타전 승리",연합뉴스,"(서울=연합뉴스) 이대호 김동한 기자 = 남부리그 올스타가 함수호(삼성 라이온즈)와 신재인(NC 다이노스)의 홈런포를 앞세워 퓨처스(2군) 올스타전에서 승리했다. 울산 웨일즈·롯데 자이언츠·KIA 타이거즈·NC·삼성·kt wiz가 한 팀을 이룬 남부리그 올스타는 10일 서울 잠실구장에서 열린 2026 신한 SOL뱅크 KBO 퓨처스 올스타전에서 국군체육부대(상무)·한화 이글스·LG 트윈스·고양 히어로즈·두산 베어스·SSG 랜더스의 북부리그 올스타를 4-0으로 제압했다. 지난해 2-4로 패했던 남부리그 올스타는 새로운 식구 울산과 함께 치른 첫 잔치에서 승전고를 울렸다. 잠잠했던 경기를 깨운 주인공은 삼성 거포 유망주 함수호다. 함수호는 2회 1사 주자 없는 상황에서 이도우(SSG)의 높은 슬라이더를 공략해 오른쪽 펜스를 넘어가는 비거리 120ｍ 선제 결승 홈런을 때렸다. 4회 1사 2루에서는 2026 신인드래프트에서 1라운드 전체 2순위로 NC 지명을 받은 유망주 신재인이 조원태(LG)의 높은 직구를 총알 같은 라인드라이브 홈런으로 연결했다. 남부리그 올스타는 5회 선두타자 이재원(kt)의 3루타와 노강민(울산)의 적시타로 1점을 보태 쐐기점을 냈다. 북부리그 올스타는 이날 9명이 1이닝씩 책임진 남부리그 올스타 마운드를 상대로 산발 4안타에 그쳐 점수를 내지 못했다. 3타수 2안타 1홈런 1타점으로 활약한 함수호는 퓨처스 올스타전 최우수선수(MVP)로 뽑혀 상금 200만원을 품었다. 삼성 소속 선수가 퓨처스 올스타전 MVP를 차지한 건 2010년 김종호 이후 16년 만이다. 우수타자상은 신재인, 우수투수상은 나가 다이세이(울산)에게 돌아갔으며 북부리그 선발로 1⅓이닝 2탈삼진 무실점을 한 강건우(한화)는 감투상을 받았다. 걸그룹 '리센느' 미나미가 최근 열풍을 일으킨 '갸루'로 분장하고 완벽하게 안무를 소화한 엄준현(KIA)은 베스트 퍼포먼스상을 차지했다. 이들은 모두 상금 100만원씩을 받는다. 이날 퓨처스 올스타전 최종 관중은 1만2천816명으로 유료화된 2015년 이후 최다 관중을 기록했다. 종전 퓨처스 올스타전 최다 관중은 2024년의 1만1천869명이었다. 2026 신한 SOL뱅크 KBO 퓨처스 올스타 전적(10일) 북부 000 000 000 - 0 남부 010 210 00X - 4 △ 승리투수 = 홍재문(NC) △ 패전투수 = 이도우(SSG) △ 홈런 = 함수호(2회1점·삼성) 신재인(4회2점·NC) 4bun@yna.co.kr (끝) ▶제보는 카톡 okjebo"
2026.07.10 20:38,"홈런 포함 멀티히트 활약 함수호, MVP 선정…'우수타자상' 신재인-'우...",OSEN,"[OSEN=잠실, 홍지수 기자] 프로야구 퓨처스리그 남부 올스타가 홈런 두 방을 앞세워 역대 최초의 무실점 승리를 완성했다. 그리고 남부 올스타 승리의 주인공은 함수호다. 남부 올스타는 10일 잠실구장에서 열린 2026 신한 SOL KBO 퓨처스 올스타전에서 북부 올스타를 4-0으로 꺾었다. 퓨처스 올스타전에서 한 팀이 상대를 무실점으로 막고 승리한 것은 올해 남부 올스타가 처음이다. 남부 올스타는 투타가 완벽한 조화를 이뤘다. 함수호의 선제 솔로포와 신재인의 투런포로 일찌감치 승기를 잡았고, 5회에는 노강민의 적시타로 한 점을 더 보탰다. 마운드에서는 선발 박지훈을 시작으로 홍재문, 신동건, 나가 타이세이, 최예한, 장민호, 이영재, 최요한, 김백산까지 9명의 투수가 이어 던지며 북부 타선을 4안타 무득점으로 봉쇄했다. 남부 올스타는 2회 함수호의 솔로홈런으로 균형을 깼고, 4회 신재인의 투런홈런으로 격차를 벌렸다. 이어 5회 노강민의 적시타까지 더하며 승부에 쐐기를 박았다. 마지막 9회에는 삼성 김백산이 마운드에 올라 깔끔하게 경기를 끝내며 역사적인 무실점 승리를 완성했다. MVP 함수호, 선제 솔로포로 결승타…상금 200만원 받는다 이날 가장 먼저 분위기를 바꾼 선수는 함수호였다. 2회말 1사에서 북부 두 번째 투수 이도우를 상대로 좌측 담장을 넘기는 선제 솔로홈런을 터뜨리며 경기의 균형을 깼다. 6회에도 안타를 추가한 함수호는 3타수 2안타(1홈런) 1타점 1득점을 기록하며 결승타의 주인공이 됐다. 공수에서도 안정적인 모습을 보이며 남부 올스타 승리에 가장 큰 힘을 보탰다. ‘우수타자상’ 신재인, 잠실 하늘 가른 투런포…상금 100만원 받는다 신재인은 결정적인 순간 해결사 본능을 보여줬다. 4회말 선두타자 고준휘의 출루 이후 타석에 들어선 그는 북부 조원태의 공을 받아쳐 좌측 담장을 넘기는 투런홈런을 터뜨렸다. 순식간에 점수 차를 3-0으로 벌린 이 한 방은 사실상 승부를 결정짓는 쐐기포였다. 신재인은 장타력과 해결 능력을 동시에 입증하며 올스타전 최고의 활약 중 하나를 펼쳤다. ‘우수투수상’ 나가 타이세이, 1이닝 퍼펙트…상금 100만 원 남부 올스타 불펜도 완벽했다. 그중에서도 울산웨일즈의 일본인 투수 나가 타이세이는 4회 마운드에 올라 1이닝을 삼자범퇴로 깔끔하게 막아냈다. 공격 흐름을 이어갈 수 있도록 안정적으로 이닝을 책임졌고, 남부 불펜 릴레이의 흐름을 이어가는 데 중요한 노릇을 했다. 강건우(한화)가 감투상을 받았다. 상금 100만 원을 받았다."
2026.07.10 20:37,"'함수호·신재인 축포' 남부, 퓨처스 올스타전서 4-0 승리…북부는 최초...",스포츠투데이,"[스포츠투데이 강태구 기자] 프로야구 퓨처스(2군) 올스타전에서 남부 올스타가 북부 올스타를 제압했다. 울산, 롯데, KIA, NC, 삼성, KT로 구성된 남부 올스타는 10일 서울 잠실구장에서 열린 2026 KBO 퓨처스 올스타전에서 상무, 한화, LG, 고양, 두산, SSG로 구성된 북부 올스타에 4-0으로 승리했다. 지난해 북부 올스타에서 2-4로 패배했던 남부 올스타는 이번 승리로 지난해 패배를 설욕했다. 반면 북부 올스타는 2007년 퓨처스 올스타전이 시작된 후 최초로 무득점 패배라는 수모를 겪게 됐다. 9명의 투수가 나온 남부 올스타는 각각 1이닝을 맡아 북부 올스타의 타선을 도합 4안타로 묶어냈다. 타선에선 함수호가 선제 솔로 홈런 포함 멀티히트를 쳤고, 신재인도 투런포로 2타점을 올렸다. 이날 경기에 앞서 잠실의 레전드로 꼽히는 박용택과 김재호가 시구에 나섰다. 기선을 제압한 쪽은 남부 올스타였다. 2회말 1사 주자 없는 상황에서 함수호(삼성)가 상대 투수 이도우(SSG)의 슬라이더를 타격해 우측 담장을 넘기는 솔로 홈런을 터뜨렸다. 남부 올스타는 기세를 올렸다. 4회말 신재인(NC)이 1사 주자 2루에서 바뀐 투수 조원태(LG)를 상대로 투런포를 쏘아 올리면서 3-0을 만들었다. 남부 올스타는 5회말에도 무사 3루 상황에서 노강민(울산)의 1타점 적시타가 나오면서 4-0을 만들었고, 탄탄한 마운드를 바탕으로 북부 올스타의 타선을 봉쇄해 승리를 지켜냈다. [스포츠투데이 강태구 기자 sports@stoo.com]"
2026.07.10 20:37,"‘결승포’ 함수호, 퓨처스 올스타전 MVP..우수타자상 신재인-우수투수상...",뉴스엔,"[잠실=뉴스엔 글 안형준 기자/사진 유용주 기자] 함수호가 퓨처스 올스타전 MVP를 수상했다. '미래 별들의 잔치' 2026 KBO 퓨처스 올스타전이 7월 10일 서울 잠실구장에서 열렸다. 올시즌을 끝으로 역사 속으로 사라지는 잠실 야구장에서 열린 마지막 퓨처스 올스타전 경기다. KT, NC, 롯데, 삼성, KIA, 울산으로 구성된 남부 올스타는 한화, LG, SSG, 두산, 고양, 상무로 구성된 북부 올스타를 4-0으로 제압했다. 남부 올스타는 퓨처스 올스타전 역대 최초로 영봉승을 거뒀다. 남부 올스타 5번 좌익수로 출전한 함수호(삼성)는 2회 결승 홈런 포함 3타수 2안타(1홈런) 1타점을 기록해 올스타전 MVP에 선정됐다. 함수호는 상금 200만 원을 받았다. 2점 홈런과 볼넷으로 2출루에 성공한 신재인(NC)은 우수타자상을 수상했다. 남부 4번째 투수로 등판해 1이닝을 완벽히 막아낸 나가(울산)는 우수투수상을 받았다. 강건우(한화)는 감투상, 엄준현(KIA)은 베스트 퍼포먼스상을 수상했다. 네 선수는 각각 상금 100만 원을 받았다.(사진=함수호) 뉴스엔 안형준 markaj@ / 유용주 yongju@ 기사제보 및 보도자료 newsen@newsen.com copyrightⓒ 뉴스엔. 무단전재 & 재배포 금지"
2026.07.10 20:36,"남부, 퓨처스 올스타전서 북부 4-0 제압…삼성 함수호 MVP(종합)",뉴스1,"(서울=뉴스1) 서장원 기자 = 프로야구 퓨처스(2군) 올스타전에서 남부 올스타가 북부 올스타를 꺾고 지난해 패배를 설욕했다. 퓨처스 올스타전 최우수선수(MVP)는 결승 홈런 포함 멀티히트를 친 함수호(삼성)에게 돌아갔다. 울산, 롯데, KIA, NC, 삼성, KT로 구성된 남부 올스타는 10일 서울 잠실 구장에서 열린 2026 KBO 퓨처스 올스타전에서 상무, 한화, LG, 고양, 두산, SSG으로 팀을 꾸린 북부 올스타에 4-0으로 승리했다. 지난해 올스타전에서 북부 올스타에 2-4로 패했던 남부 올스타는 이날 승리로 설욕에 성공했다. 아울러 상금 1000만 원을 받았다. 반면 득점에 실패한 북부 올스타는 2007년 퓨처스 올스타전이 시작된 후 최초로 '무득점 패배'를 당했다. '잠실 레전드' 박용택과 김재호의 시구로 출발한 이날 경기에서 남부 올스타가 2회말 홈런으로 선취점을 뽑았다. 5번 타자 좌익수로 출전한 함수호(삼성)가 1사 주자 없는 가운데 상대 투수 이도우(SSG)의 5구째 슬라이더를 잡아 당겨 우측 담장을 넘겼다. 기선제압에 성공한 남부 올스타는 4회말 또 홈런으로 추가점을 냈다. 이번엔 NC 루키 신재인이었다. 신재인은 1사 주자 2루에서 타석에 들어와 상대 투수 조원태(LG)에게 달아나는 투런포를 쏘아 올려 3-0을 만들었다. 기세를 올린 남부 올스타는 5회말에도 무사 3루에서 노강민(울산)의 우전 적시타가 터지면서 4-0으로 달아났고, 끝까지 리드를 지켜 승리를 확정했다. 남부 올스타에서 나온 9명의 투수는 각각 1이닝씩 맡아 북부 올스타를 4안타로 막아내고 승리를 합작했다. 타선에선 함수호가 선제 솔로 홈런 포함 멀티히트를 쳤고, 신재인도 투런포로 2타점을 올렸다. MVP가 된 함수호는 상금 200만 원과 트로피를 받았다. 우수타자상은 2점 홈런을 친 신재인에게 돌아갔고, 우수투수상은 외국인 선수 최초로 올스타전에 출전한 나가 타이세이(울산)가 받았다. 감투상은 한화의 강건우가, 베스트 퍼포먼스상은 KIA의 엄준현이 수상했다. 수상자들에게는 모두 상금 100만 원과 트로피가 수여됐다. 이날 잠실 구장엔 1만2816명의 관중이 찾아 2015년 유료화 이후 최다 관중 기록을 경신했다. 종전 기록은 2024년의 1만1869명이다. 한편 이날 양팀 선수들은 경기 외적으로도 다양한 퍼포먼스를 선보여 야구장을 찾은 팬들에게 색다른 즐거움을 선사했다. superpower@news1.kr"
2026.07.10 20:29,"“KIA 야호, 남부 야야호~!” 누가 상상이나 했나요, 올스타전서 갸루...",스포츠서울,"[스포츠서울 | 잠실=이소영 기자] “퍼포먼스상은 우리 팀 집안싸움 될 것 같다.” 경기 전 KIA 신명승(24)이 올스타전 베스트 퍼포먼스상을 겨냥해 남긴 말이다. 쟁쟁한 경쟁자들이 연이어 도전장을 내밀었지만, 호랑이 군단을 넘어서기엔 역부족이었다. 남부 올스타는 10일 서울 잠실구장에서 열린 2026 KBO리그 퓨처스 올스타전에서 마운드의 무실점 릴레이와 삼성 함수호, NC 신재인, 울산 노강민의 홈런을 앞세워 북부 올스타를 4-0으로 꺾었다. 마지막 잠실 올스타전에서 유종의 미를 거뒀다. 남부는 경기 초반부터 기선을 제압했다. 2회말 1사에서 함수호가 바뀐 투수 SSG 이도우를 상대로 우중간 담장을 훌쩍 넘기는 선제 솔로 홈런을 터뜨렸다. 4회말에도 기세를 이어갔다. 고준희의 우중간을 가르는 안타로 만든 무사 1루에서 신재인이 LG 조원태를 공략해 투런 홈런을 쏘아 올렸다. 5회말엔 선두타자 이재원이 3루타로 물꼬를 텄다. 이어 노강민이 키움 손힘찬의 초구를 통타해 대형 아치를 그려냈다. 이후 양 팀 모두 추가점을 내지 못하면서 경기는 남부 올스타의 4-0 완승으로 마무리됐다. 홈런을 포함해 멀티히트를 기록한 삼성 함수호가 최우수선수(MVP)에 선정됐다. 1이닝 1삼진 무실점으로 막은 울산 나가 타이세이는 우수투수상을 받았다. 우수타자상은 투런 홈런을 터뜨린 NC 신재인에게 돌아갔다. 승부만큼이나 뜨거웠던 건 오직 오직 올스타전에서만 만날 수 있는 이색 퍼포먼스였다. 그중에서도 KIA는 전국구 인기 구단다운 ‘트렌드 세터’의 면모를 제대로 뽐냈다. 다부진 체격의 KIA 엄준현은 갸루로 변신해 화제의 파라파라 댄스를 펼쳤다. 수줍은 갸루 피스는 덤. 결국 엄준현은 경쟁자들을 제치고 베스트 퍼포먼스상까지 품었다. 가발까지 착용하며 ‘리얼함’을 살린 신명승은 가수 예나의 히트곡 ‘캐치캐치’ 안무를 따라 했다. 경기 전 그는 “준비를 많이 했다. 아마 퍼포먼스상은 우리 팀 집안 싸움 될 것 같다. 우리가 우승 후보라 생각한다”고 귀띔했다. 박종혁은 드라마 ‘태양의 후예’를 패러디하며 힘을 보탰다. 팀은 패했지만 북부 올스타도 물러서지 않았다. 이도우는 자신의 이름을 활용해 피자 의상을 착용하고 등장했다. 국군체육무대(상무) 고영우는 전투복 차림으로 포복 퍼포먼스 선보이며 웃음을 안겼다. KBO리그 첫 시민구단 울산의 막간 재치도 돋보였다. 투수 나가와 포수 알렉스 홀 등이 출전한 가운데, 선수단은 팬들을 향한 감사 메시지를 담은 플래카드를 펼쳐 감동을 더했다. 경기 후 만난 나가는 “1만명 이상 모인 곳에서 던진 건 처음”이라며 “조금 긴장했지만, 그래도 잘 즐긴것 같다. 울산을 알릴 수 있었다는 점이 가장 좋았다”고 웃었다. sshong@sportsseoul.com"
2026.07.10 20:28,"‘대포 폭발’ 삼성 함수호-NC 신재인, ‘1군 물 먹은’ 티 나네…덕분...",스포츠서울,"[스포츠서울 | 잠실=김동영 기자] KBO리그의 미래 주역이 모였다. 퓨처스 올스타전이다. 화려한 퍼포먼스의 향연이 펼쳐졌다. '축제' 제대로 즐겼다. 경기는 경기다. 승패는 갈렸다. 그래도 '1군 물 좀 먹은' 선수들이 잘한다. 10일 잠실구장에서 2026 KBO 퓨처스 올스타전이 열렸다. 북부리그와 남부리그 유망주들이 대거 나섰다. 퓨처스 올스타도 올스타다. 적어도 퓨처스리그에서 내로라하는 선수들이 출전했다. 잠시 승부를 내려놓고 즐길 수 있는 자리다. 팬들에게 즐거움을 주는 게 중요하다. 구단별로 여러 퍼포먼스를 준비해왔다. 귀엽거나, 파격적이거나, 감동적이거나. 환호성이 나왔고, 경악성이 터지기도 했다. 올스타전도 엄연한 경기다. 승패는 갈렸다. 남부가 4-0으로 이겼다. 지난해 2-4로 패했다. 올해 설욕했다. 최근 4년간 퓨처스 올스타전 성적은 2승2패로 팽팽하다. 남부가 투타 모두 앞섰다. 그리고 1군에서 어느 정도 모습을 보였던 선수들이 좋은 활약 선보였다. 대표적으로 삼성 함수호와 NC 신재인이다. 함수호는 이날 5번 좌익수로 선발 출전해 선제 솔로포를 때리는 등 2안타 1타점 1득점 기록했다. 이날 양 팀 통틀어 유일한 멀티히트 타자다. 2025 KBO 신인드래프트 4라운드 지명자다. 지난해 1군에서 6경기 뛰었다. 14타수 3안타, 타율 0.214 기록했다. 올시즌도 1군에서 11경기 소화했다. 타율 0.063에 그쳤으나, 삼성이 팀의 미래로 생각하며 키우는 선수다. 전반기 퓨처스리그에서는 타율 0.306, 3홈런 23타점, OPS(출루율+장타율) 0.842 기록 중이다. 신재인도 있다. 1-0으로 앞선 4회말 좌월 투런 아치를 그렸다. 무사 2루 상황에서 좌측 담장을 호쾌하게 넘어가는 대포를 쐈다. 2026 KBO 신인드래프트 1라운드 지명자다. 전체 2순위로 NC가 데려갔다. 당시 드래프트 현장을 술렁이게 만드는 선택이었다. 올해 퓨처스리그에서 13경기 나서 타율 0.366, 2홈런 8타점 3도루, OPS 1.019 기록 중이다. 경기수가 13경기에 불과해 표본이 작기는 하다. 이를 고려해도 아주 좋은 수치를 찍었다. 경기 출전은 1군이 더 많다. 사실 지금도 1군 엔트리에 포함된 상태다. 1군에서 39경기 나섰고, 타율 0.188, 3홈런 8타점, OPS 0.659 만들고 있다. 빼어난 기록은 아니다. 고졸 신인이라는 점을 고려하면 분명 괜찮다. 주포지션은 유격수다. 그러나 팀 내 김주원이라는 확실한 카드가 있다. 이에 3루를 보면서 1루수로도 뛴다. 퓨처스에서 뛰는 선수들은 결국 1군에서 활약하기를 바란다. 1군에 가면 또 배우는 것이 있다. 같은 퓨처스리그에서 뛰는 선수라면, 조금이라도 1군 밥을 먹은 선수들이 조금 더 낫기 마련이다. raining99@sportsseoul.com"
2026.07.10 20:28,"'삼성·롯데·KIA·울산·KT·NC' 남부, 잠실 마지막 퓨처스 올스타전...",스타뉴스,"[스타뉴스 | 잠실=박수진 기자] 울산 웨일즈, 롯데 자이언츠, NC 다이노스, KIA 타이거즈, 삼성 라이온즈, KT 위즈로 구성된 남부 올스타가 홈런 두 방을 앞세워 상무 야구단, 한화 이글스, LG 트윈스, 고양 히어로즈, 두산 베어스, SSG 랜더스로 꾸려진 북부 올스타를 제압하고 잠실에서의 마지막 퓨처스 올스타전을 승리로 장식했다. 남부 올스타는 10일 서울 송파구에 위치한 잠실야구장에서 열린 2026 KBO 퓨처스 올스타전서 북부 올스타를 상대로 4-0의 완승을 거뒀다. 5회까지 4점의 리드를 앞세우며 경기를 잡았다. 이날 남부 올스타는 심재훈(2루수)-고준휘(우익수)-신재인(3루수)-조민영(지명타자)-함수호(좌익수)-김민석(포수)-이재원(중견수)-노강민(1루수)-엄준현(유격수)으로 라인업을 꾸렸고, 박지훈이 선발 투수로 나섰다. 이에 맞선 북부 올스타는 이도훈(중견수)-고영우(3루수)-심건보(유격수)-박한결(지명타자)-엄승원(2루수)-박채울(좌익수)-안재연(1루수)-신용석(포수)-김현종(우익수)이 선발 출전했으며, 강건우가 마운드를 지켰다. 경기는 초반부터 남부의 화력이 불을 뿜었다. 팽팽하던 0의 균형을 깬 것은 함수호의 한 방이었다. 2회말 1사 주자 없는 상황에서 타석에 들어선 함수호는 북부의 투수를 상대로 우중간 담장을 훌쩍 넘기는 시원한 솔로 홈런을 터뜨리며 팀에 선취점을 안겼다. 남부의 공세는 여기서 멈추지 않았다. 4회말 선두타자 고준휘가 우중간을 가르는 안타로 포문을 열며 기회를 잡았다. 이어 타석에 선 신재인이 좌측 담장을 넘어가는 통쾌한 투런 홈런을 쏘아 올리며 스코어를 3-0으로 벌렸다. 남부의 장타력이 빛을 발한 순간이었다. 기세를 잡은 남부는 5회말에도 추가점을 뽑아내며 북부의 추격 의지를 꺾었다. 선두타자 이재원이 우익선상을 타고 흐르는 날카로운 3루타를 작렬하며 순식간에 무사 3루의 찬스를 만들었다. 후속 타자 노강민은 기회를 놓치지 않고 우전 적시타를 때려내며 3루 주자 이재원을 홈으로 불러들였다. 점수는 4-0이 됐다. 남부는 선발 박지훈을 필두로 한 홍재문, 신동건, 나가, 최예한, 장민호, 이영재, 최요한으로 이어지는 불펜 투수진의 1이닝 무실점 호투와 타선의 집중력을 앞세워 경기 주도권을 완벽하게 쥐었다. 잠실구장에서 열린 마지막 퓨처스 올스타전의 주인공은 장타쇼를 선보인 남부 올스타였다. 잠실=박수진 기자 bestsujin@mtstarnews.com"
2026.07.10 20:27,괜히 KBO 드래프트 1라운드 2순위 뽑힌게 아니구나…19세 신재인 예사...,스포티비뉴스,"[스포티비뉴스=잠실, 윤욱재 기자] '거포 유망주' 함수호의 선제 솔로포와 '특급루키' 신재인의 투런포가 터진 남부 올스타의 승리였다. 남부 올스타는 10일 서울 잠실구장에서 열린 2026 KBO 퓨처스 올스타전에서 북부 올스타를 4-0으로 제압했다. 이날 남부 올스타는 KT 장민호, 박지훈, 김민석, 이재원, KIA 신명승, 엄준현, 박종혁, 곽동효, NC 최요한, 홍재문, 신재인, 고준휘, 롯데 신동건, 이영재, 이지훈, 조민영, 삼성 김백산, 심재훈, 최예한, 함수호, 울산 나가, 홀, 노강민, 김서원이 나섰다. 북부 올스타엔 한화 강건우, 원종혁, 이지성, 이도훈, LG 조원태, 권우준, 강민균, 김현종, SSG 변건우, 이도우, 안재연, 이원준, 두산 최주형, 박민준, 심건보, 김주오, 고양 손힘찬, 박성빈, 염승원, 박채울, 상무 김민재, 신용석, 고영우, 박한결이 이름을 올렸다. 이날 경기의 첫 득점은 홈런으로 발생했다. 2회말 1사 주자 없는 상황에서 함수호가 우중월 솔로홈런을 터뜨렸다. 비거리 125m짜리였다. 남부 올스타는 함수호의 홈런에 힘입어 1점을 선취했다. 남부 올스타는 4회말 공격에서 'NC 루키 듀오'의 맹타로 2점을 추가할 수 있었다. 선두타자 고준휘가 우중간 안타로 포문을 열자 신재인이 좌월 2점홈런을 터뜨린 것. 신재인은 2026 KBO 신인 드래프트 1라운드 전체 2순위로 NC에 지명을 받을 정도로 잠재력이 뛰어나다는 평가를 받는다. 비거리는 110m. 남부 올스타는 5회말 공격에서도 1점을 추가했다. 선두타자 이재원이 우전 3루타를 때렸고 노강민이 우전 적시타를 날려 남부 올스타가 4-0 리드를 가져갔다. 선발투수로 박지훈이 나온 남부 올스타는 박지훈에 이어 홍재문, 신동건, 나가, 최예한, 장민호, 이영재, 최요한, 김백산이 차례로 나와 북부 올스타의 득점을 봉쇄했다. 북부 올스타는 강건우가 선발투수로 나왔고 이도우, 김민재, 조원태, 손힘찬, 권우준, 최주형, 변건우, 원종혁이 차례로 등판했다. 선수들은 개성 넘치는 퍼포먼스로 관중들을 즐겁게 했다. 고영우는 상무 소속답게 군인 퍼포먼스를 펼쳐 팬들을 열광케했다. 박지훈은 영화 '왕과 사는 남자' 주연배우 박지훈과 동명이인이라는 이유로 영화 속 장면을 패러디했다. 걸그룹 리센느의 멤버 미나미의 파라파라춤을 따라한 엄준현도 돋보였다. 한편 이날 시구는 LG의 '영구결번' 레전드 박용택과 두산의 '원클럽맨' 레전드 김재호가 맡았다. 시포는 양팀 현역 선수인 LG 박해민과 두산 정수빈이 각각 나섰다. MVP는 결승 홈런 포함 3타수 2안타 1타점 1득점을 기록한 함수호의 몫이었다. 함수호에게는 상금 200만원이 주어졌다. 신재인은 우수타자상, 나가는 우수투수상, 강건우는 감투상, 엄준현은 베스트퍼포먼스상을 각각 수상했다. <저작권자 ⓒ SPOTV NEWS. 무단전재 및 재배포 금지>"
2026.07.10 20:26,"'함수호·신재인 홈런' 남부, 퓨처스 올스타전서 북부 4-0 제압",뉴스1,"(서울=뉴스1) 서장원 기자 = 프로야구 퓨처스(2군) 올스타전에서 남부 올스타가 북부 올스타를 꺾고 지난해 패배를 설욕했다. 울산, 롯데, KIA, NC, 삼성, KT로 구성된 남부 올스타는 10일 서울 잠실구장에서 열린 2026 KBO 퓨처스 올스타전에서 상무, 한화, LG, 고양, 두산, SSG으로 팀을 꾸린 북부 올스타에 4-0으로 승리했다. 지난해 올스타전에서 북부 올스타에 2-4로 패했던 남부 올스타는 이날 승리로 설욕에 성공했다. 득점에 실패한 북부 올스타는 2007년 퓨처스 올스타전이 시작된 후 최초로 '무득점 패배'를 당했다. '잠실 레전드' 박용택과 김재호의 시구로 출발한 이날 경기에서 남부 올스타가 2회말 홈런으로 선취점을 뽑았다. 5번 타자 좌익수로 출전한 함수호(삼성)가 1사 주자 없는 가운데 상대 투수 이도우(SSG)의 5구째 슬라이더를 잡아 당겨 우측 담장을 넘겼다. 기선제압에 성공한 남부 올스타는 4회말 또 홈런으로 추가점을 냈다. 이번엔 NC 루키 신재인이었다. 신재인은 1사 주자 2루에서 타석에 들어와 상대 투수 조원태(LG)에게 달아나는 투런포를 쏘아 올려 3-0을 만들었다. 기세를 올린 남부 올스타는 5회말에도 무사 3루에서 노강민(울산)의 우전 적시타가 터지면서 4-0으로 달아났고, 끝까지 리드를 지켜 승리를 확정했다. 남부 올스타에서 나온 9명의 투수는 각각 1이닝씩 맡아 북부 올스타를 4안타로 막아내고 승리를 합작했다. 타선에선 함수호가 선제 솔로 홈런 포함 멀티히트를 쳤고, 신재인도 투런포로 2타점을 올렸다. 한편 이날 양팀 선수들은 경기 외적으로도 다양한 퍼포먼스를 선보여 야구장을 찾은 팬들에게 색다른 즐거움을 선사했다. superpower@news1.kr"
2026.07.10 20:26,함수호 결승포→신재인 쐐기 투런→투수 9명 무실점 계투...남부 올스타 ...,엑스포츠뉴스,"(엑스포츠뉴스 잠실, 양정웅 기자) KBO 리그 유망주들의 잔치인 퓨처스 올스타전. 승부를 떠나 리그의 미래를 볼 수 있었던 자리였다. 남부 올스타는 10일 서울 잠실야구장에서 열린 2026 신한 SOL Bank 'KBO 올스타 프라이데이' 퓨처스 올스타전에서 북부 올스타에 4-0으로 승리했다. 이로써 지난 2007년 시작된 퓨처스 올스타전에서 남부 올스타는 9승 4패 2무로 우위를 유지하게 됐다. 2012년과 2019년은 우천 취소, 2014년은 우천 노게임, 2020~2021년은 코로나19로 열리지 않았고, 2015년은 드림-나눔 대결로 진행됐다. 남부에서는 3번 신재인(NC 다이노스)이 3타수 1안타(1홈런) 2타점 1득점 1볼넷, 5번 함수호(삼성 라이온즈)가 3타수 2안타(1홈런) 1타점 1득점을 기록하며 활약했다. 올해 남부 올스타는 울산 웨일즈, KT 위즈, 삼성 라이온즈, NC 다이노스, 롯데 자이언츠, KIA 타이거즈 선수들로 꾸려졌다. 북부 올스타는 상무 야구단, 한화 이글스, SSG 랜더스, LG 트윈스, 두산 베어스, 고양 히어로즈 선수들로 구성됐다. 남부는 심재훈(2루수·삼성)~고준휘(우익수·NC)~신재인(3루수·NC)~조민영(지명타자·롯데)~함수호(좌익수·삼성)~김민석(포수·KT)~이재원(중견수·KT)~노강민(1루수·울산)~엄준현(유격수·KIA)이 스타팅으로 나섰다. 선발투수는 박지훈(KT 위즈). 이에 맞선 북부는 이도훈(중견수·한화)~고영우(3루수·상무)~심건보(유격수·두산)~박한결(지명타자·상무)~염승원(2루수·고양)~박채울(좌익수·고양)~안재연(1루수·SSG)~신용석(포수·상무)~김현종(우익수·LG)이 출전했다. 한화 이글스 소속 강건우가 선발투수로 등판했다. 양 팀의 선발투수는 1회를 모두 세 타자로 처리했다. 남부 선발 박지훈은 첫 타자 이도훈에게 볼넷을 내줬으나 도루 시도를 저지했고, 고영우를 삼진 처리한 뒤 심건보를 3루수 땅볼로 처리하며 무실점으로 막았다. 북부 선발 강건우 역시 1회 심재훈과 신재인을 삼진으로 잡는 등 삼자범퇴 이닝을 만들었다. 선취점은 남부의 몫이었다. 2회말 남부는 1사 후 바뀐 투수 이도우(SSG)에게 함수호가 2볼-2스트라이크에서 높은 슬라이더를 통타, 우중간 담장을 넘어가는 솔로홈런을 터트렸다. 덕분에 남부는 1-0으로 앞서나갔다. 북부는 몇 차례 찾아온 기회를 놓쳤다. 2회에는 2사 후 박채울이 내야안타로 출루했지만, 포수 김민석이 다시 한번 도루 저지에 성공했다. 이어 3회에도 선두타자 안재연이 안타로 나갔으나, 1사 후 김현종이 투수 앞 병살타로 물러나면서 이닝이 마무리되고 말았다. 그러자 남부는 'NC 신인 듀오'의 활약으로 달아났다. 4회말 남부는 첫 타자 고준휘가 우익수 쪽 안타를 치고 나가 포문을 열었다. 이어 3번 신재인이 조원태(LG)의 높은 패스트볼을 잡아당겼다. 타구는 좌측 폴대 옆으로 향하면서 투런 홈런이 됐다. 한 번에 2점을 추가한 남부는 3-0으로 도망갔다. 남부는 다음 이닝에도 점수를 추가했다. 북부가 5회 5번째 투수 손힘찬(고양)을 올린 가운데, 남부는 선두타자 이재원이 오른쪽 펜스까지 가는 장타를 때리고 3루까지 내달려 살아나갔다. 이어 노강민의 우익수 쪽 안타가 나오면서 이재원이 홈으로 들어와 한 점을 더 도망갔다. 다만 남부는 연속 내야 땅볼로 2아웃이 됐고, 심재훈이 투수 견제구에 걸려 2루에서 태그아웃되면서 추가점을 올리지는 못했다. 북부 타선은 남부 마운드에 밀려 이렇다 할 기회를 잡지 못했다. 3회 신용석부터 6회 김현종까지 11타자 연속 범타로 물러나고 말았다. 7회 이도훈이 안타로 나가며 범타 행진은 끝이 났으나, 1사 후 심건보가 병살타로 아웃되면서 무득점으로 끝났다. 남부도 추가점을 올리지는 못했다. 6회 공격에서 2사 후 김서원(울산)의 볼넷과 함수호의 안타로 1, 3루 기회를 만들었는데, 대타 신명승(KIA)이 3루수 플라이로 아웃되면서 기회가 사라졌다. 그래도 남부는 투수진의 힘으로 경기를 풀어나갔다. 선발 박지훈 이후 홍재문(NC)~신동건(롯데)~나가 타이세이(울산)~최예한(삼성)~장민호(KT)~이영재(롯데)~최요한(NC)~김백산(삼성)이 연달아 던지며 무실점으로 상대 타선을 틀어막으며 끝내 승리를 지켜냈다. 사진=잠실, 김한준·박지영 기자 양정웅 기자 orionbear@xportsnews.com"
2026.07.10 20:25,"'울롯기'의 남부, 퓨처스 올스타전 4-0 북부 완파 [잠실 현장]",스포츠조선,[잠실=스포츠조선 한동훈 기자] '울롯기'의 남부 올스타가 북부 올스타를 완파했다. 남부는 10일 잠실구장에서 열린 2026 퓨처스 올스타전에서 북부를 4대0으로 제압했다. 남부는 올해부터 가세한 울산 웨일즈를 비롯해 롯데 NC KIA 삼성 KT가 연합했다. 북부는 상무 한화 LG 고양 두산 SSG가 힘을 합쳤다. 남부가 2회말 함수호(삼성)의 솔로 홈런으로 선취점을 뽑았다. 4회말에는 신재인(NC)이 2점 홈런을 폭발했다. 남부는 3-0으로 앞선 5회말 1점을 더 얻었다. 선두타자 이재원(KT)이 우익수 오른쪽을 꿰뚫는 3루타를 때렸다. 노강민(울산)이 우전 적시타를 때려 이재원을 불러들였다. 남부 투수 전원이 무실점을 기록했다. 박지훈(KT) 홍재문(NC) 신동건(롯데) 나가(울산) 최예한(삼성) 장민호(KT) 이영재(롯데) 최요한(NC) 김백산(삼성)이 1이닝씩 무실점으로 막았다. 한동훈 기자 dhhan@sportschosun.com
2026.07.10 20:24,"함수호 결승포→신재인 투런, 투수 9명 릴레이 무실점…남부 올스타, 북부...",마이데일리,"[마이데일리 = 잠실 김경현 기자] 최후의 잠실 퓨처스 올스타전 승자가 정해졌다. 남부 올스타가 투타 조화 속에 북부 올스타를 물리쳤다. 남부 올스타는 10일 서울 잠실야구장에서 열린 2026 KBO 퓨처스 올스타전에서 북부 올스타에 4-0으로 승리했다. 남부 올스타가 포문을 열었다. 2회 주자 없는 1사, 함수호(삼성)가 이도우(SSG)의 5구 슬라이더를 통타, 우중간 담장을 넘어가는 선제 솔로 홈런을 뽑았다. 다시 홈런으로 남부 올스타가 기세를 올렸다. 4회 무사 2루에서 신재인(NC)이 조원태(LG)의 3구 포심을 때려 좌측 담장을 넘어가는 투런 홈런을 때려냈다. 남부 올스타의 방망이는 멈추지 않았다. 5회 선두타자 이재원(KT)이 3루타를 치고 나갔다. 이어 노강민(울산)이 우전 적시타로 이재원을 불러들였다. 9회 김백산이 등판, 아웃 카운트 3개를 잡고 남부 올스타에 승리를 안겼다. 남부 올스타는 박지훈(KT)-홍재문(NC)-신동건(롯데)-나가 타이세이(울산)-최예한(삼성)-장민호(KT)-이영재(롯데)-최요한(NC)-김백산(삼성)이 각각 1이닝을 무실점으로 막았다. 타선은 장단 8안타로 4점을 냈다. 결승 홈런의 주인공 함수호가 3타수 2안타 1홈런 1득점 1타점을 기록했다. 신재인이 3타수 1안타 1홈런 1득점 2타점, 노강민이 3타수 1안타 1타점으로 힘을 보탰다. 북부 올스타는 강건우(한화)가 1⅓이닝 2탈삼진 퍼펙트 피칭을 펼쳤다. 이도훈(한화), 박채울(키움), 안재연, 이원준(이상 SSG)이 각각 1안타씩을 신고했다."
2026.07.10 20:24,'군복 총검술'부터 '갸루'까지… 웃음 속 끝난 2026 퓨처스 올스타전,스포츠한국,"[잠실=스포츠한국 심규현 기자] 2026 퓨처스리그 올스타전이 성황리에 마무리됐다. 올스타전의 취지에 맞게 여러 선수가 재미난 분장으로 분위기를 뜨겁게 달군 가운데 이날 사람들의 눈길을 가장 끈 선수는 바로 상무 소속으로 활약중인 고영우와 KIA 타이거즈의 엄준현이었다. 남부 올스타는 10일 오후 6시 서울 잠실야구장에서 진행된 2026 KBO 퓨처스리그 올스타전에서 북부 올스타를 4-0으로 제압했다. 올스타전인 만큼 결과보다 모두가 축제를 즐기는 듯한 분위기였다. 마운드에 등판하는 투수, 타석에 들어가는 타자들 모두 각자 준비한 퍼포먼스를 펼치면서 올스타전의 분위기를 만끽했다. 관중들의 눈길을 그 누구보다 확실하게 끈 선수들도 있었다. 첫째는 바로 현재 상무에서 복무 중인 고영우. 군인 신분인 그는 이날 군복을 입고 타석과 수비를 소화했다. 타석에 들어서기 전에는 배트로 총검술을 보여줬으며 얼굴에는 위장크림을 연상케 하는 분장까지 더해 완성도를 높였다. 이어 모두를 경악하게 한 분장이 등장했다. KIA 엄준현이 최근 유행하는 이른바 '파라파라 갸루' 분장을 하고 나선 것. 그는 특유의 춤과 몸짓까지 완벽하게 소화하며 팬들의 뜨거운 박수를 받았다. 이 밖에도 외국인 선수 최초로 퓨처스 올스타전 무대를 밟은 알렉스 홀은 조국 호주를 상징하는 캥거루 분장으로 눈길을 끌었다. 또한 NC 다이노스 최요한은 제32회 세계청소년야구선수권대회(18세 이하)에서 화제가 됐던 '칼집 세리머니'를 동료들과 함께 재현했다. 최근에는 불필요한 오해를 막기 위해 자제해 왔지만, '모두의 축제'인 올스타전에서만큼은 삼진을 잡은 뒤 해당 세리머니를 선보이겠다는 뜻을 밝힌 바 있다. 이날 경기에서 삼진을 잡아내지 못했으나 더그아웃에 돌아가는 길에 선수들과 유쾌한 세리머니를 펼쳤다. 스포츠한국 심규현 기자 simtong96@sportshankook.co.kr"
2026.07.10 20:23,"‘함수호 선제포+신재인 쐐기포’ 남부 올스타, 4-0 완승…역대 최초 무...",OSEN,"[OSEN=잠실, 길준영 기자] 프로야구 퓨처스리그 남부 올스타가 화끈한 홈런쇼를 선보이며 퓨처스 올스타전에서 승리했다. 남부 올스타는 10일 서울 잠실구장에서 열린 ‘2026 신한 SOL KBO 퓨처스 올스타전’에서 북부 올스타를 상대로 4-0 승리를 거뒀다. 퓨처스 올스타전에서 무실점 승리를 거둔 것은 올해 남부 올스타가 역대 최초다. 선발투수 박지훈은 1이닝 1볼넷 1탈삼진 무실점 호투를 선보였다. 홍재문(1이닝 무실점)-신동건(1이닝 무실점)-나가 타이세이(1이닝 무실점)-최예한(1이닝 무실점)-장민호(1이닝 무실점)-이영재(1이닝 무실점)-최요한(1이닝 무실점)-김백산(1이닝 무실점)으로 이어지는 불펜진은 팀 승리를 지켰다. 남부 올스타는 심재훈(2루수) 고준휘(우익수) 신재인(3루수) 조민영(지명타자) 함수호(좌익수) 김민석(포수) 이재원(중견수) 노강민(1루수) 엄준현(유격수)으로 선발 라인업을 꾸렸다. 함수호가 선제 솔로홈런을 포함해 3타수 2안타 1홈런 1타점 1득점으로 활약하며 결승타의 주인공이 됐다. 신재인도 쐐기 투런홈런을 터뜨리며 팬들을 열광시켰다. 북부 올스타는 이도훈(중견수) 고영우(3루수) 심건보(유격수) 박한결(지명타자) 염승원(2루수) 박채울(좌익수) 안재연(1루수) 신용석(포수) 김현종(우익수)으로 선발 라인업을 구성했다. 이도훈, 안재연, 박채울, 이원준이 안타를 쳤지만 타선 전체적으로는 산발 4안타 빈공에 시달렸다. 선발투수 강건우는 1⅓이닝 2탈삼진 무실점 호투를 펼쳤다. 하지만 이도우(⅔이닝 1실점)-김민재(1이닝 무실점)-조원태(1이닝 2실점)-손힘찬(1이닝 1실점)-권우준(1이닝 무실점)-최주형(1이닝 무실점)-변건우(⅓이닝 무실점)-원종혁(⅔이닝 무실점)으로 이어지는 불펜진도 실점을 허용하며 경기를 내줬다. 남부는 2회말 1사에서 함수호가 선제 솔로홈런을 터뜨렸다. 4회에는 선두타자 고준휘가 안타와 폭투로 2루까지 진루했고 신재인은 라인 드라이브로 좌측 담장을 넘기는 투런홈런을 터뜨렸다. 남부 올스타의 공세는 계속됐다. 5회말 선두타자 이재원이 3루타를 날렸고 노강민은 1타점 적시타를 때려내며 한 점을 더 달아났다. 엄준현과 심재훈은 연달아 땅볼을 쳐 선행주자가 잡혔고 심재훈이 2루 도루에 실패하면서 추가점은 나오지 않았다. 6회 2사에서 김서원이 볼넷을 골라낸 남부는 함수호가 안타를 치며 2사 1, 3루 찬스를 만들었다. 하지만 신명승이 3루수 뜬공으로 물러나 득점 기회를 놓쳤다. 북부 올스타는 7회초 선두타자 이도훈이 안타를 쳤지만 이지성이 삼진을 당했고 박성빈은 1-4-3 병살타를 쳤다. 남부는 8회말 선두타자 이지훈이 안타로 출루했고 폭투로 2루까지 진루했다. 곽동효는 3루수 땅볼로 물러났지만 이지훈이 3루 도루를 성공시켰고 신재인은 볼넷으로 걸어나갔다. 하지만 김서원이 6-4-3 병살타를 쳐 득점으로 연결되지 않았다. 9회초 마지막 수비에서는 김백산이 등판해 경기를 마무리했다. /fpdlsl72556@osen.co.kr"
2026.07.10 20:23,"‘신재인 2점포’ 남부올스타, 북부에 4-0 승리..퓨처스 올스타전 최초...",뉴스엔,"[잠실=뉴스엔 글 안형준 기자/사진 유용주 기자] 남부가 북부를 제압했다. '미래 별들의 잔치' 2026 KBO 퓨처스 올스타전이 7월 10일 서울 잠실구장에서 열렸다. 올시즌을 끝으로 역사 속으로 사라지는 잠실 야구장에서 열린 마지막 퓨처스 올스타전 경기다. KT, NC, 롯데, 삼성, KIA, 울산으로 구성된 남부 올스타는 한화, LG, SSG, 두산, 고양, 상무로 구성된 북부 올스타를 4-0으로 제압했다. 남부올스타는 퓨처스 올스타전 역대 최초로 영봉승을 거뒀다. 북부는 강건우가 선발등판했다. 이도훈(CF)-고영우(3B)-심건보(SS)-박한결(DH)-염승원(2B)-박채울(LF)-안재연(1B)-신용석(C)-김현종(RF)의 라인업으로 나섰다. 남부는 박지훈이 선발 마운드에 올랐다. 라인업은 심재훈(2B)-고준휘(RF)-신재인(3B)-조민영(DH)-함수호(LF)-김민석(2B)-이재원(CF)-노강민(1B)-엄준현(SS)으로 구성했다. 남부는 2회말 먼저 득점했다. 1사 후 함수호가 이도우를 상대로 선제 솔로 홈런을 쏘아올렸다. 남부는 4회말에도 장타로 2점을 추가했다. 선두타자 고준휘가 안타로 출루한 뒤 폭투로 2루에 진루했고 신재인이 2점 홈런을 터뜨렸다. 5회말에도 남부는 1점을 추가했다. 선두타자 이재원이 3루타로 찬스를 만들었고 노강민이 적시타로 불러들였다. 남부는 선발 박지훈이 1회를 무실점으로 지켰다. 이후 홍재문, 신동건, 나가, 최예한, 장민호 이영재, 최요한, 김백산이 각각 1이닝씩을 무실점으로 지켜 승리했다. 남부는 2점 홈런과 볼넷을 기록한 신재인, 2회 결승포 포함 멀티히트를 기록한 함수호가 타선을 이끌었다. 북부 선발 강건우는 1.1이닝을 무실점으로 막았다. 홈런을 허용한 이도우가 0.2이닝 1실점을 기록했고 김민재가 1이닝 무실점, 조원태가 1이닝 2실점, 손힘찬이 1이닝 1실점, 권우준이 1이닝 무실점, 최주형이 1이닝 무실점, 변건우가 0.1이닝 무실점, 원종혁이 0.2이닝 무실점을 각각 기록했다. 북부는 타선이 산발 4안타로 무기력하게 묶이며 퓨처스 올스타전 사상 최초 영패의 굴욕을 맛봤다.(사진=신재인) 뉴스엔 안형준 markaj@ / 유용주 yongju@ 기사제보 및 보도자료 newsen@newsen.com copyrightⓒ 뉴스엔. 무단전재 & 재배포 금지"
2026.07.10 20:20,"류지현호, 아시안게임서 대만·홍콩·태국과 B조 배정",연합뉴스,"(서울=연합뉴스) 김경윤 기자 = 류지현 감독이 이끄는 야구대표팀이 대만, 홍콩, 태국과 2026 아이치·나고야 아시안게임 조별리그 B조에 묶였다. 대회 조직위원회는 10일 아시안게임 야구 종목 조 배정 결과와 일정 등을 공개했다. 대표팀은 9월 21일 오후 6시 30분 일본 아이치현 오카자키 중앙종합공원 야구장에서 조별리그 B조 대만과 첫 경기를 치른다. 그리고 다음 날인 22일 오후 6시 30분 일본 아이치현 도요하시 시민구장에서 조별리그 2차전 홍콩전에 나선다. 23일 낮 12시 중앙종합공원 야구장에서는 태국과 조별리그 마지막 경기가 펼쳐진다. 24일은 휴식일이며 25일부터 26일까지 각 조 1, 2위가 다른 조의 1, 2위 팀, 각 조 3, 4위가 다른 조의 3, 4위 팀과 한 차례씩 맞붙는 슈퍼라운드가 펼쳐진다. 결승 진출팀과 동메달 결정전 진출팀은 슈퍼라운드 성적에 따라 결정된다. 동메달 결정전은 27일 낮 12시 오카자키 중앙종합공원 야구장에서, 결승전은 27일 저녁 6시 30분 도요하시 시민구장에서 열린다. A조는 실업(사회인) 선수들을 국가대표로 파견하는 개최국 일본과 중국, 필리핀, 팔레스타인이 묶였다. cycle@yna.co.kr (끝) ▶제보는 카톡 okjebo"
2026.07.10 19:54,"삼성 결단 내렸다, 오러클린 계약해지→매닝 웨이버...새 외국인 투수 계...",OSEN,"[OSEN=한용섭 기자] 프로야구 삼성 라이온즈가 외국인 투수 교체를 결정했다. 곧 새 외국인 투수 계약을 발표할 전망이다. 삼성은 10일 스프링캠프에서 팔꿈치 부상을 당한 맷 매닝을 드디어 방출했다. 또 부상 대체 선수로 활약한 오러클린과 계약을 해지했다. KBO는 10일 저녁 삼성의 외국인 투수 맷 매닝을 웨이버 공시했다. 또 매닝의 부상 대체 선수로 뛰고 있던 오러클린은 자유계약선수로 공시했다. 삼성이 매닝을 방출하고, 오러클린과 공식적으로 작별했다. 삼성이 새 외국인 투수를 영입하려면 매닝을 방출하고, 매닝의 부상 대체 선수인 오러클린의 계약을 해지해야 한다. 오러클린은 오는 16일이 계약 만료일이었다. 곧 새 외국인 투수 계약을 발표할 것으로 보인다. 이종열 단장은 최근 “3~4명의 선수를 지켜보고 있고 협상 중이다”고 말했다. 박진만 감독은 9일 LG와 경기 전에 “구단에서 지금 아마 최종적으로 협상을 하고 있는 상태인 것 같다. 올스타 기간에 변화가 있지 않을까요. 오러클린을 계속 가든지, 새로운 외국인 선수가 올지 올스타 기간에 결정이 날 것 같다. 최종적으로 협상을 하고 있는 걸로 알고 있다”고 말했다. 오러클린은 9일 대구 삼성라이온즈파크에서 전반기 마지막 LG와 경기가 끝나고 그라운드에서 삼성 팬들을 향해 작별 인사를 했다. 오러클린은 경기 후 가족과 함께 더그아웃 앞으로 나가 1루측 삼성 팬들에게 손을 흔들며 작별 인사를 했다. 이후 그라운드쪽으로 나가서 내외야를 둘러보며 팬들과 눈을 마주치며 환하게 웃으며 인사했다. 삼성 팬들은 오러클린에게 박수를 아낌없이 보냈다. 삼성 구단 관계자는 이 장면을 두고 ""오러클린이 전반기 마지막 경기를 마치고 팬들에게 인사를 한 것이다""고 숨겼지만, 오러클린은 뭔가 글귀가 적힌 A4 용지 한 장을 들고나와 팬들에게 펼쳐 보였다. 작별을 알리는 단어가 적힌 것으로 보였다. 맷 매닝이 3월초 일본 오키나와 스프링캠프에서 팔꿈치 부상을 당했고, 수술이 필요할 정도의 상태였다. 삼성은 부상 대체 선수로 3월 중순 오러클린을 6주 계약으로 영입했다. 이후 4월말과 5월말 두 차례 연장 계약으로 함께 해 왔다. 17경기에 등판해 5승 5패 평균자책점 4.86을 기록했다. 박진만 감독은 “만약에 새 외국인 선수가 오면, 그 선수들이 얼마만큼 팀의 역할을 해주느냐, 우리(KBO리그)는 외국인이 강하냐 못하느냐에 따라서 순위 차이가 많이 나기 때문에 외국인이 새롭게 온다면 그 선수들이 포인트일 것 같다”고 기대했다. /orange@osen.co.kr"
2026.07.10 19:54,"'KT 위즈 감사합니다' 더운 날씨 이겨낼 부채 선물→""미래 1선발 되고...",엑스포츠뉴스,"(엑스포츠뉴스 잠실, 양정웅 기자) 무더운 날씨에 치러진 퓨처스 올스타전. KT 위즈가 행사에 참석한 관계자들을 위해 작은 선물을 준비했다. 10일 서울 잠실야구장에서 열린 2026 KBO 퓨처스 올스타전. 이날 잠실은 오전부터 비가 내리는 등 흐린 날씨가 이어졌다. 기온도 기온이거니와 습도도 높아서 모두가 고통받기 좋은 날씨였다. 좁은 공간에 취재진과 구단 관계자 등이 몰려 3루쪽 라커룸 앞은 찜통이 됐다. 이때 '구세주'가 등장했다. KT 구단 관계자 몇 명이 박스를 들고 돌아다니면서 부채를 나눠준 것이다. 약 1000개를 준비한 이 부채에는 네잎클로버가 그려져있었고, 여기에는 이번 퓨처스 올스타전에서 KT 소속으로 뽑힌 투수 김정운(부상으로 인해 장민호로 교체)과 박지훈, 포수 김민석, 외야수 이재원이 그려져 있었다. 이 안에는 선수들의 자기소개와 각오가 적혀있었다. 남부팀 선발투수로 나온 박지훈은 ""(제이콥) 디그롬처럼 될게요! 빠른 공을 던지고, 피지컬이 좋은 투수입니다. KT 위즈의 미래 '1선발'이 되고 싶습니다""라고 했고, 이재원은 ""(에릭) 테임즈처럼 될게요!""라고 말했다. 더운 날씨에 부채를 나눠주자 다들 이를 들고 부채질을 했다. 타 구단 관계자도 부채를 받아들고는 ""KT가 정말 고맙다""며 웃음을 지었다. KT 관계자는 ""올스타전 시기가 너무 덥고 습하다. 그래서 팬들과 관계자분들이 실용적으로 사용하시라는 뜻이었다""며 ""퓨처스 선수들은 덜 알려졌기에 우리 선수들을 널리 알리기 위해 얼굴과 소개를 넣었다""고 설명했다. 해당 멘트들은 선수들이 직접 얘기했다. KT는 매년 퓨처스 올스타전에서 선수들을 소개하는 자료를 준비해 호평을 받았다. 지난해에 이어 올해도 가벼우면서도 필요한, 그리고 선수들의 정보가 담겨 있는 부채를 준비했다. 사진=잠실, 양정웅 기자 / KT 위즈 양정웅 기자 orionbear@xportsnews.com"
2026.07.10 19:52,"[오피셜] 류지현호, AG '사회인' 일본 피했다! 그런데 시작부터 왕옌...",엑스포츠뉴스,"(엑스포츠뉴스 김근한 기자) 2026 일본 아이치·나고야 아시안게임 야구 종목의 조편성이 확정됐다. 류지현 감독이 이끄는 한국 아시안게임 야구대표팀은 금메달 최대 경쟁자 대만과 조별리그부터 같은 조에 편성됐다. 아이치·나고야 아시안게임 공식 SNS 계정은 10일 야구 종목 조 편성을 공개했다. A조에는 일본, 중국, 필리핀, 팔레스타인이, B조에는 대만, 한국, 홍콩, 태국이 배치됐다. 경기 일정은 9월 21일부터 27일까지이며 오카자키 중앙종합공원 야구장과 도요하시 시민구장 두 곳에서 열린다. 이번 조편성에서 가장 눈길을 끄는 것은 한국과 대만이 B조에 함께 묶인 것이다. 대만은 국제 대회에서 꾸준히 한국의 강력한 경쟁자로 만났다. 특히 이번 대회에는 한화 이글스 아시아쿼터 투수 왕옌청의 대만 대표팀 발탁이 유력한 것으로 알려져 더욱 주목된다. 대만야구협회 린쭝청 사무총장은 ""올해 왕옌청의 성적이 출중하고 지난 아시안게임에도 국가대표로 활약한 경험이 있어 코칭스태프와 선발위원회 모두 그와 매우 낯이 익다. 소속 구단인 한화가 왕옌청의 아시안게임 출전을 동의하는 것에 대해 협회는 매우 낙관적으로 보고 있다""고 밝힌 바 있다. 왕옌청은 올 시즌 17경기 7승 3패 평균자책 3.59, 71탈삼진으로 KBO리그에서 1.5억의 기적으로 불릴 만큼 빼어난 활약을 펼치고 있다. 왕옌청이 최종 발탁된다면 한국은 조별리그부터 자국 리그에서 활약 중인 왕옌청과 마주칠 가능성이 생긴 셈이다. 사회인야구 선수들로만 구성된 일본은 중국, 필리핀, 팔레스타인과 함께 A조에 배치됐다. 일본과는 서로 다른 조에 편성됐기에 조별리그 다음 열리는 슈퍼라운드에서 맞붙을 전망이다. 류지현 감독이 이끄는 한국 대표팀은 지난달 11일 24인 최종 명단을 발표했다. 투수진은 김영우(LG), 조병현(SSG), 배찬승(삼성), 박영현·소형준·오원석(이상 KT), 최준용·김진욱(이상 롯데), 성영탁(KIA), 곽빈·최민석(이상 두산) 등 11명이 소집됐다. 야수에서는 포수 조형우(SSG)와 김건희(키움), 내야수는 문보경(LG), 노시환(한화), 정준재(SSG), 이재현(삼성), 김주원(NC), 김도영(KIA), 박준순(두산)이 선발됐고 외야수에는 문현빈(한화), 김지찬(삼성), 윤동희(롯데), 박재현(KIA) 등 4명이 이름을 올렸다. 와일드카드로는 곽빈과 문보경, 노시환이 태극마크를 달게 됐다. 24명 중 16명은 병역 미필자로 아시안게임에서 금메달을 따면 병역 특례 혜택이 주어진다. 아마추어 선수가 뽑히지 않은 것은 2018 자카르타·팔렘방 대회 이후 두 번째다. 류지현 감독은 ""목표는 금메달이다. 아시안게임은 금메달을 목표로 하는 대회다. 금메달이 아니면 의미가 없다는 인식이 있다""고 강조했다. 한국은 2010 광저우 대회부터 2014 인천, 2018 자카르타·팔렘방, 2022 항저우 대회까지 아시안게임 야구 4연속 금메달을 달성했다. 이번 아시안게임에서 5연패에 도전하는 류지현호. 그 첫 번째 관문이 B조에서 기다리고 있는 대만이 될 전망이다. 사진=엑스포츠뉴스 DB 김근한 기자 forevertoss88@xportsnews.com"
2026.07.10 19:44,"'11년 만에 전반기 1위' 일등공신, 감독이 꼽았다…1점대 ERA 좌완...",OSEN,"[OSEN=대구, 한용섭 기자] 프로야구 삼성 라이온즈는 11년 만에 전반기 1위를 차지하고 올스타 휴식기에 들어갔다. 삼성은 9일 대구 삼성라이온즈파크에서 열린 LG와 경기에서 6-5 한 점 차 승리를 거뒀다. 극적인 승리를 거둔 삼성은 51승 32패 2무(승률 .614)가 됐고, LG는 52승 33패(승률 .612)가 됐다. 삼성은 승차없이 승률에서 2리 앞서며 LG를 2위로 밀어내고 1위 자리에 올랐다. 1위 자리가 걸린 전반기 마지막 경기, 양 팀 선수들은 5회까지 3-3 동점으로 접전을 이어갔다. 삼성과 LG 모두 선발투수는 5회까지만 책임졌고, 6회부터 불펜이 가동됐다. 마지막 경기 필승조들을 아낄 이유가 없었다. 삼성은 6회초 좌완 이승민은 선발 원태인에 이어 2번째 투수로 등판했다. LG 좌타자들이 줄줄이 대기했다. 첫 타자 문보경을 중견수 뜬공 아웃을 잡고, 오지환을 볼넷으로 내보냈다. 전날 148m 초대형 홈런을 때린 우타자 문정빈이 대타로 나왔는데, 1루수 파울플라이로 아웃을 잡았다. 홍창기 타석에서 1루주자의 2루 도루를 허용했지만, 홍창기를 풀카운트에서 8구째 한가운데 높은 체인지업으로 루킹 삼진을 잡아냈다. 선구안이 좋은 홍창기는 직구와 터널링이 거의 같이 오다가 스트라이크존 위에서 뚝 떨어진 체인지업 궤적을 쳐다보기만 했다. 이승민은 1이닝 1볼넷 1탈삼진 무실점으로 막아냈다. 삼성은 6회말 강민호의 1타점 2루타, 김성윤의 1타점 적시타가 터지며 5-3으로 앞서나갔다. 8회말에는 김영웅의 시즌 1호 솔로 홈런이 터지며 6-3이 됐다. 9회초, 마무리 김재윤이 등판했다. 3점 여유있는 상황이었지만, 전반기 1위가 걸린 경기에서 LG 타자들의 집중력이 대단했다. 문성주가 볼넷을 골랐고, 홍창기가 좌측 담장을 맞는 2루타를 때렸다. 박해민이 1루수 땅볼로 1점을 추격했다. 김재윤은 직구와 슬라이더로 S존을 절묘하게 공략했는데, 오스틴, 송찬의가 끈질지게 골라내는 바람에 연속 볼넷을 허용했다. 1사 만루가 됐다. 박동원 상대로 밀어내기 볼넷을 내줘 6-5 한 점 차가 됐다. 김재윤은 천성호를 유격수 땅볼 병살타로 처리하며 1점 차 승리를 지켜냈다. 37구를 던지며 승리를 지킨 김재윤은 경기 후 ""타자들이 3점 차이로 벌려줘서 내가 다행히 막을 수 있었다""며 ""(1위가 걸린 경기라) 긴장도 좀 많이 하고, 첫 타자부터 뭔가 조금씩 비껴가는 볼이 좀 많았다. 또 LG 타선이 강하다 보니까 가운데다 던질 수도 없고, 조심스럽게 던졌던 게 악영향을 끼쳤던 것 같다. 내 템포대로 갔었어야 되는데 첫 타자부터 좀 틀어진 것 같다”고 말했다. 2020년 신인드래프트 2차 4라운드 35순위로 삼성의 지명을 받아 입단한 이승민은 지난해 62경기 3승 2패 8홀드 평균자책점 3.78을 기록하며 커리어 하이 시즌을 보냈다. 그리고 올해는 한 단계 더 올라서, 확실한 필승조로 활약하고 있다. 이승민은 전반기에 42경기에 등판해 4승 무패 13홀드 평균자책점 1.83을 기록했다. 10홀드 이상을 기록한 리그 투수들 중에서 KIA 조상우(ERA 1.53)와 함께 ‘유이’한 1점대 평균자책점 투수다. 김재윤은 전반기에 40경기에 출장해 4승 3패 22세이브 평균자책점 2.87을 기록했다. 구원 실패는 3차례 있었다. 세이브 1위 투수다. 김재윤은 5월 8일 NC전에서 KBO 역대 6번째 200세이브를 달성했다. 전반기 내내 큰 기복없이 삼성 뒷문을 든든하게 책임졌다. 박진만 감독은 9일 경기 전에 전반기 제일 고생한 선수를 꼽아달라고 하자 ""다들 고생 많이 했는데, 그래도 투수쪽에서 이승민 선수와 김재윤 선수. 전반기에 선발 투수들도 휴식을 주고 불펜도 한 번씩 휴식을 줬는데 이승민과 김재윤은 전반기 내내 풀타임으로 뛴 상황에서 그 두 선수들이 제일 고맙다”고 고생한 선수로 꼽았다. 11년 만에 전반기 1위를 차지한 후 박 감독은 ""전반기 MVP를 한 명만 꼽기는 어렵다. 선수들 모두 각자의 자리에서 훌륭한 역할을 해줬다. 그중에서도 이승민 선수와 김재윤 선수는 전반기 내내 거의 쉬지 않고 팀을 위해 헌신해줬다. 휴식기 없이 많은 부담을 안고 던져준 만큼 특히 고맙게 생각한다. 모든 선수들에게 고맙다는 말을 전하고 싶다""고 칭찬했다. /orange@osen.co.kr"
2026.07.10 19:42,한화 또 육성선수 신화 재현하나…연봉 3000만원 무명선수 대반란 꿈꾸다...,마이데일리,"[마이데일리 = 잠실 이정원 기자] ""정신 없고 떨리더라고요."" 한화 이글스 외야수 이도훈은 지난 5일을 잊을 수 없다. 육성선수 신분에서 정식 선수로 전환됐기 때문이다. 이도훈은 장충고-사이버한국외대 출신으로 2026 신인 드래프트에서 지명을 받지 못했고, 육성선수로 한화에 입단했다. 퓨처스리그에서 34경기 26안타 5타점 26득점 22도루 타율 0.382로 맹활약했고, 정식 선수 전환으로 이어졌다. 원래 일찍이 1군에서 대주자로 뛸 기회가 있었지만, 부상으로 1개월 쉬었다. 김경문 한화 감독도 ""그동안 경기를 잘 하다가 종아리에 부상을 입었다. 올스타 브레이크 전에 1군 분위기를 알게 해주고 싶었다""라고 했다. 이후 이도훈은 7월 7일 대전 NC 다이노스전 8회말에 강백호를 대신해 대주자로 들어가며 1군 데뷔의 꿈을 이뤘고, 노시환의 3루타 때 홈까지 밟았다. 7월 9일에도 교체로 출전해 1군 경험을 쌓았다. 그리고 팀 동료 최윤호의 부상으로 인해 퓨처스리그 올스타전에 출전하게 됐다. 10일 퓨처스 올스타전 시작에 앞서 만난 이도훈은 ""정신이 없다. 모든 상황이 빨리빨리 이루어진다""라고 웃으며 ""데뷔전에서 득점을 올렸는데 그냥 정신이 너무 없어 더그아웃을 지나갔다. 다시 돌아와 하이파이브 한 기억이 있다""라고 이야기했다. 퓨처스리그라 하더라도 22도루를 기록하며 빠른 발을 가졌다는 걸 보여줬다. 그는 ""더그아웃에 있을 때부터 상대 투수 습관을 파악하려고 노력했다. 또한 나가면 적극적으로 도루를 시도했고, 성공률도 괜찮게 나와 자신감을 얻었다""라고 미소 지었다. 7월 7일 1군 데뷔전을 치렀던 그날을 잊을 수 없다. 대전 한화생명볼파크를 채운 열광적인 한화 팬들 앞에서 이런 날이 올 거라 상상하지 못했다. 그는 ""관중 분들도 꽉 차 있고, 응원 소리도 웅장했다. 힘을 많이 얻었다. 야구장 안에 영구결번 레전드 선배님들의 액자가 있는데 그걸 보면서 동기부여가 된다""라고 했다. 이어 ""1군 데뷔했을 때 기분이 엄청 좋았다. 드디어 1군 무대를 밟을 날이 왔구나, 기회를 잘 잡아보고 싶은 마음이었다""라며 ""부모님도 엄청 좋아하셨다. 이제 시작이니 가서 많이 보고 배우라는 말씀을 하셨다""라고 덧붙였다. 시작은 육성선수, 대주자지만 훗날 타석에 서는 날을 꿈꾼다. 이도훈은 ""앞으로도 결과가 어떻게 됐든 자신 있게 나에 대한 모습을 보여주고 싶다""라고 미소 지었다."
2026.07.10 19:31,‘잠실구장 마지막 퓨처스 올스타전’ 시구한 두 전설 “새로운 잠실구장에 ...,뉴스엔,"[잠실=뉴스엔 안형준 기자] '잠실 시대'를 대표한 두 전설이 잠실 야구장의 마지막을 아쉬워했다. '미래 별들의 잔치' 2026 KBO 퓨처스 올스타전이 7월 10일 서울 잠실구장에서 열렸다. 올해 올스타전은 올시즌을 끝으로 팬들과 작별하는 잠실 야구장의 마지막 올스타전. 이날 시구자로는 잠실의 '한 지붕 두 가족' LG 트윈스와 두산 베어스를 상징하는 전설들이 나섰다. LG의 전설 박용택과 두산 내야의 중심이었던 김재호가 이날 함께 시구자로 나섰다. 그리고 현재 팀을 이끄는 베테랑인 LG 주장 박해민, 두산 정수빈이 시포자로 나서 '선배'들의 공을 받았다. 시구를 마친 박용택은 ""사실 시구하러 나가기 전까지는 별다른 생각이 없었는데 마운드에 올라가니 '아 이 야구장이 이제는 진짜 마지막이구나' 하는 생각이 들더라. 시즌이 끝나갈 때면 더 많이 생각이 날 것 같다""고 말했다. 김재호는 ""아직까지는 마지막이라는 생각이 들지 않는다. 하지만 용택이 형 말처럼 시즌이 끝나고 야구장이 허물어지고 나면 가슴에 와닿을 것 같다. 가슴이 쓰릴 것 같다""고 말했다. 비록 퓨처스 올스타전이지만 잠실 야구장의 마지막 올스타전 시구자로 나서는 영광을 안은 두 사람이다. 박용택은 ""정말 영광이다. 사실 처음에는 '왜 (1군 올스타전이 아닌)퓨처스 올스타전이지?'하는 생각을 했는데 내일은 총재님이 어린이들과 나오시더라. 그러면 어쩔 수 없겠다는 생각을 했다""고 웃었다. 박용택은 ""오늘 더 많은 팬들이 오셨으면 더 좋았을텐데 그래도 오늘 찾아주신 모든 팬들께 감사하다는 말씀을 드리고 싶다""고 말했다. 오락가락하는 장맛비가 팬들의 발걸음을 막았다. 김재호는 ""사실 올스타 브레이크 때는 날씨가 좋지 않았던 때가 많았다. 그 부분이 아쉽기도 하지만 그래도 이 자리에 초청을 받아 영광이다""며 ""용택이 형은 1군 올스타전 시구까지 할 수 있을만큼 실력이 대단한 선수였지만 나는 퓨처스 올스타가 딱인 것 같다. 나는 다른 은퇴 선수들에 비해 나이도 어린 편이지 않나. 이 자리에 내가 서도 되나 싶은 마음으로 왔다""고 웃었다. 한 야구장을 함께 쓰는 팀으로서 KBO리그를 대표하는 라이벌인 LG와 두산이다. 두 선수는 라이벌전의 중심으로 오랜 기간 잠실에서 혈전을 치렀다. 박용택은 ""재호에게 개인적인 감정은 없지만 내가 뛰던 시대에는 두산에 상대 전적에서 많이 열세였다. 하필 내가 주장일 때 15연패를 한 적도 있었다""며 ""두산과 경기를 하면 항상 팬들의 관심도 높았고 프런트나 모기업의 '윗분'들도 관심이 높았다""고 돌아봤다. 김재호 역시 ""모기업간의 보이지 않는 경쟁심리도 있었던 것 같다. 용택이 형이 (정)재훈이 형 팔을 맞힌 것이 기억에 남는다. LG와 경기를 하면 끝날 때까지 긴장을 늦출 수 없었다. 그 중심에 늘 용택이 형이 있었던 것 같다""고 돌아봤다. 정든 잠실 야구장에서 마지막 시즌을 치르고 있는 친정팀에 대한 기대도 나타냈다. 박용택은 ""LG는 올해 당연히 우승을 해야한다. 그래서 정말 '왕조'라는 수식어가 붙는, '2020년대는 LG였지' 할 수 있는 팀이 됐으면 좋겠다""고 말했다. 2023, 2025년 우승을 차지한 LG는 올해 구단 최초의 2연패에 도전하고 있다. 김재호는 ""두산은 김원형 감독님 첫 시즌이고 이제 만들어가는 과정이라고 생각한다. 지금 바로 우승을 바라본다기보다는 가을야구의 발판을 만드는 시즌이 되면 좋겠다""고 말했다. 올시즌을 끝으로 잠실 야구장은 철거된다. 그리고 같은 자리에 잠실 돔구장이 건립된다. 박용택은 ""LG도 두산도 마찬가지일 것이다. 잠실 야구장은 모든 야구장을 통틀어 가장 라커룸이 열악한 곳이었다. 불과 몇 년 전만 해도 잠실 원정팀은 복도에서 옷을 갈아입었다. 새로 짓는 구장은 넉넉한 시설이 있으면 좋겠다. 연습장부터 시작해 시설들을 부족함 없이 만들어주면 좋겠다. 두 팀이 한 구장을 쓰고 원정을 오는 구단들도 써야한다. 그런 시설들이 잘 갖춰지면 좋겠다""고 새 야구장에 바라는 점을 밝혔다. 김재호는 ""그동안 우리나라에는 돔구장이라는 것이 흔하지 않았다. 하지만 이제는 조금씩 돔구장이 흔해야 하는 시기라고 생각한다. 이제는 우리가 다른 나라의 돔구장을 견학하러 가는 것이 아니라 외국에서 우리나라 구장을 견학 오는 그런 돔구장을 멋지게 지었으면 좋겠다""고 말했다.(사진=박용택과 김재호) 뉴스엔 안형준 markaj@ 기사제보 및 보도자료 newsen@newsen.com copyrightⓒ 뉴스엔. 무단전재 & 재배포 금지"
2026.07.10 19:18,마지막 잠실의 ‘아쉬움’-다가올 잠실의 ‘기대’…박용택-김재호 “타국에서...,스포츠서울,"[스포츠서울 | 잠실=김동영 기자] ""올해로 마지막이네요."" 잠실구장을 두고 한국야구의 '성지'라 한다. 2026년을 끝으로 작별을 고한다. LG와 두산의 '레전드' 박용택(46) 해설위원과 김재호(41) 해설위원이 구장을 찾았다. 퓨처스 올스타전 시구자로 나섰다. 감회가 새로울 수밖에 없다. 작별은 아쉽다. 새로운 곳에 대한 기대도 품는다. 10일 잠실구장에서 2026 KBO 올스타 프라이데이가 열렸다. 고2 선수들이 모여 넥스트레벨 매치를 진행했다. 퓨처스 올스타전이 이어졌다. 이 경기 시구자로 LG를 대표하는 박용택, 두산을 대표하는 김재호가 나섰다. 각각 LG 박해민과 두산 정수빈이 시포자다. 잠실구장이 2026년을 깥으로 문을 닫는다. 새로운 '잠실돔'이 생길 예정이다. 이번이 잠실구장에서 열리는 마지막 올스타전이다. 이에 한국야구위원회(KBO)가 이번 올스타전 콘셉트를 ‘Re:잠실’로 명명했다. 박용택은 2002년 LG에 입단해 2020시즌까지 LG에서만 뛰었다. 19시즌이다. 김재호는 2004년 두산에 입단했고, 2024시즌 후 은퇴했다. 21년이다. 역시나 두산 원클럽맨이다. LG도, 두산도 홈이 잠실구장이다. 당연히 잠실구장에서 얻은 추억이 차고 넘친다. 박용택은 ""마운드 올라가기 전까지는 아무 생각이 없었다. 실제로 올라가니까 ‘이 야구장이 이제 마지막이구나’ 싶더라. 시즌 끝날 때 되면 그런 생각이 더 많이 들 것 같다""고 말했다. 이어 ""‘왜 퓨처스 올스타전 시구지?’ 했다""며 웃은 후 ""영광이다. 다른 게 뭐가 있겠나. 영광이다. 퓨처스 올스타전 찾아주신 팬들께도 감사하다는 말씀 드리고 싶다""고 강조했다. 김재호는 ""나는 (박)용택이 형보다 잠실에서 더 오랜 시간 뛰었다. 21년이다. 아직은 마지막이라는 생각이 들지는 않는다. 여기가 허물어지면 가슴에 와닿을 것 같다. 동대문구장 없어질 때도 그랬다. 철거된 후에 허전함을 많이 느꼈다. 잠실구장이 철거되면 그런 느낌이 들지 않을까 싶다""고 설명했다. 새롭게 잠실돔을 짓는다. 2032년 입주를 목표로 한다. 그사이 잠실주경기장을 임시 홈으로 활용한다. 기다리는 시간이 길다. 그만큼 잘 지었으면 하는 바람이다. 야구인 모두 그렇다. 박용택은 ""지금 잠실구장이 모든 구장 통틀어서 라커룸이 가장 열악한 구장 아닐까 싶다. 공간이 너무 없었다. 두 팀이 쓰는 데다 두 구단 사무실도 다 들어와 있다. 사설이 아무래도 열악했다""고 짚었다. 이어 ""새로운 잠실돔은 양 팀이 충분히 쓸 수 있는, 넉넉한 공간이 있으면 한다. 실내 연습 등 각종 시설부터 시작해서 모든 것이 부족함이 없었으면 좋겠다""고 강조했다. 김재호도 마찬가지다. 한 걸음 더 나아갔다. ""우리가 돔구장이 하나밖에 없다. 이제 흔해져야 할 때라 생각한다. 다른 나라 구장 견학을 다니지 않나. 이제 다른 나라에서 잠실돔을 견학하러 올 수 있도록 멋지게 만들었으면 한다""고 힘줘 말했다. raining99@sportsseoul.com"
2026.07.10 19:14,챔피언vs만들어가는 과정…LG·두산 레전드들의 유쾌한 설전 [SD 잠실 ...,스포츠동아,"[잠실=스포츠동아 박정현 기자] LG 트윈스 레전드 박용택(47)과 두산 베어스 레전드 김재호(41·이상 은퇴)가 유쾌한 장외 설전을 펼쳤다. 박용택과 김재호는 10일 잠실구장서 열린 ‘2026 퓨처스(2군) 올스타전’에 앞서 시구자로 나섰다. 둘은 모두 소속팀 후배 박해민(LG)과 정수빈(이상 36·두산)에게 시구하며 신구 조화의 감동을 선사했다. 잠실구장은 올 시즌을 마친 뒤 철거가 예정돼 있다. 서울시가 스포츠·마이스(MICE, 기업회의·포상관광·컨벤션·전시) 복합공간 조성 사업을 진행할 계획이기 때문이다. 이를 기념하기 위해 11일 열릴 ‘2026 신한 SOL KBO 올스타전’이 잠실서 치러진다. 박용택과 김재호는 LG와 두산을 대표하는 선수 자격으로 시구 행사에 나섰다. 둘은 시구 행사를 마친 뒤 취재진을 만나 시구 행사에 참가한 소감을 밝혔다. 박용택은 “마운드에 올라가니 잠실구장이 마지막이라는 생각이 들었다. 시즌이 끝나면, 더 실감이 날 것 같다”고 말했다. 김재호는 “아직은 크게 실감 나지 않지만, 시즌이 끝난다면 더 체감될 것 같다”고 밝혔다. 둘은 ‘잠실 라이벌’의 LG와 두산의 대표 선수로 잠실구장서 맞대결했던 추억을 회상했다. 박용택은 “(김)재호에게 악감정은 없지만, 내가 주장이었던 2018시즌 15연패를 한 기억이 있다”고 얘기했다. 김재호는 “2016년 (박)용택이 형의 강습타구가 (정)재훈이 형을 맞춘 기억이 난다”고 옛 기억을 떠올렸다. 박용택과 김재호는 친정팀이 잠실구장서 보낼 마지막 시즌을 응원했다. LG는 전반기를 리그 2위(52승33패)로 마무리했다. 두산은 5위(44승2무41패)로 마쳤다. 박용택은 “LG는 올해 반드시 우승해야 한다. 2020년대가 LG의 시대였으면 한다”고 격려했다. 김재호는 “김원형 감독님 부임 첫해라 만들어가는 과정이다. 당장 우승보다는 꾸준할 수 있는 발판을 만들었으면 한다”고 성원했다. 잠실｜박정현 기자 pjh60800@donga.com"
2026.07.10 19:11,마이데일리배 전국유소년야구대회 17일 횡성서 개막,뉴스1,"(서울=뉴스1) 서장원 기자 = 한국 야구의 미래를 책임질 유소년 선수들이 참가하는 전국 최대 규모의 야구 대회가 열린다. 마이데일리가 주최하고 대한유소년야구연맹이 주관하는 '제3회 마이데일리배 전국유소년야구대회'가 오는 17일부터 21일까지 강원도 횡성군 횡성베이스볼테마파크에서 열린다. 전국 각지의 대한유소년야구연맹 유소년 선수들이 참가하며, 주니어리그(16세 이하), 유소년리그(13세 이하), 꿈나무리그(11세 이하), 새싹리그(9세 이하), U12로 나눠 우승팀을 가린다. '스피드킹 콘테스트', '홈런더비 콘테스트' 그리고 제3회 대회에서 새롭게 선보이는 '제구왕 콘테스트' 등 각종 이벤트도 마련된다. superpower@news1.kr"
2026.07.10 19:00,"""시설 넉넉하게 짓기를"", ""외국서 견학 올 정도의 구장을""...'잠실 ...",엑스포츠뉴스,"(엑스포츠뉴스 잠실, 양정웅 기자) 잠실야구장에서만 프로 생활을 했던 레전드 선수들이 마지막 잠실 퓨처스 올스타전의 시구자로 나섰다. 후배들이 뛰게 될 'NEW 잠실'에 대한 생각도 언급했다. 전 LG 트윈스 출신 박용택(현 KBS 야구 해설위원)과 전 두산 베어스 출신 김재호는 10일 서울 잠실야구장에서 열린 2026 KBO 퓨처스 올스타전에서 시구자로 올라왔다. 이들은 모두 잠실 팀에서만 선수생활을 했다. 박용택은 2002년 LG에 입단, 2020년 선수 생활을 마칠 때까지 통산 2237경기(2022년 은퇴경기 포함)에 출전, 타율 0.308(8139타수 2504안타), 213홈런 1192타점 1259득점, OPS 0.821의 성적을 거뒀다. 2024년 손아섭(현 두산 베어스)이 경신하기 전까지 약 6년 동안 KBO 통산 최다안타 1위에 올랐다. 김재호 역시 2004년부터 2024년까지 21년 동안 두산의 원클럽맨으로 뛰었다. 통산 1794경기에서 타율 0.272(4534타수 1235안타), 54홈런 600타점 661득점, OPS 0.722를 기록했다. '두산 왕조'의 일원으로 유격수 골든글러브를 차지하는 등 안정적인 내야 수비를 보여줬다. 시구 후 취재진과 만난 박용택은 ""올라가기 전까지는 아무 생각 없었는데, 실제로 마운드에 올라가니까 '이제 진짜 마지막이구나' 하는 생각도 들었다""며 ""시즌 끝나갈 때쯤이면 그런 생각이 더 들 것 같다""고 얘기했다. 김재호는 ""(박)용택이 형보다 더 오래 잠실에서 경기를 뛰었다""며 ""확실히 아직까지는 마지막이라는 생각이 전혀 안 든다""고 밝혔다. 이어 과거 동대문야구장의 철거 사례를 언급하며 ""그때도 말이 많았는데, 없어지고 난 뒤에 허전함을 많이 느꼈다. 잠실도 허물어지면 마음이 쓰리지 않을까 생각한다""고 말했다. 1982년부터 올 시즌까지 45년 동안 영욕을 함께한 잠실야구장의 마지막을 대표하는 선수로 뽑힌 느낌도 남다를 것이다. 박용택은 ""'왜 퓨처스일까' 생각했다""고 농담을 던지며 ""별 얘기가 필요 없고, 영광이다""라고 했다. 이어 ""퓨처스 올스타전을 찾아주신 팬들께 감사하다는 말씀을 드리고 싶다""고 얘기했다. 김재호는 ""(박)용택이형은 1군 올스타전 시구자로 나갈 정도의 실력을 가졌던 선수고, 나는 여기에 맞춰져있는 선수다""라며 ""그래서 정말 영광이었다""고 밝혔다. 그러면서 ""선배님들에 비하면 나이가 어린 편이다. '이 자리에 서도 되나' 하는 생각을 갖고 섰다""고 말했다. LG와 두산은 40년 라이벌의 역사를 가지고 있다. LG가 강했던 적도, 두산도 강했던 적도 있을 만큼 영원한 승자가 없는 관계였다. 지난 날을 떠올린 박용택은 ""내가 뛰었을 때는 두산 상대로 열세였고, 17연패를 당한 적도 있다""며 ""두산과 할 때는 팬들이나 모기업의 관심도도 높다. 이겼어야 하는 경기를 지는 아픈 기억밖에 없다""며 웃었다. 김재호도 ""보이지 않는 경쟁심리가 있었다""고 말했는데, 특히 2016시즌 도중 박용택이 친 타구에 셋업맨 정재훈이 팔을 맞아 시즌아웃된 것을 언급하며 ""용택이 형 하면 항상 그게 떠오른다""고 얘기했다. 이를 언급하자 박용택 역시 2007년 봉중근-안경현 벤치 클리어링을 얘기하기도 했다. 이들이 원하는 '새로운 잠실구장'의 모습은 무엇일까. 박용택은 ""잠실야구장은 모든 구장을 통틀어 가장 라커룸이 열악할 수 있다. 새로 짓는 야구장은 시설도 넉넉하고, 실내연습장 등 부족함 없이 만들어줬으면 좋겠다""고 바람을 전했다. ""그동안 돔구장이 흔하지 않았다""고 얘기한 김재호는 ""이제는 조금씩 흔해져야 한다. 이제는 외국에서 견학 올 수 있는 돔구장을 멋지게 지었으면 좋겠다""고 얘기했다. 사진=잠실, 김한준·박지영 기자 양정웅 기자 orionbear@xportsnews.com"
2026.07.10 18:56,"'굿바이 잠실 시구' 박용택·김재호 ""철거하면 허전하겠죠""",뉴스1,"(서울=뉴스1) 이상철 기자 = 서울 잠실구장에서 열리는 마지막 프로야구 퓨처스 올스타전에서 시구자로 나선 박용택(47)과 김재호(41)가 '옛집'을 향해 작별을 고하면서 진한 아쉬움을 털어냈다. LG 트윈스와 두산 베어스의 '레전드'인 박용택과 김재호는 10일 잠실구장에서 열린 2026 KBO 퓨처스 올스타전에서 시구를 펼쳤다. 둘은 현역 선수인 박해민(LG)과 정수빈(두산)을 향해 힘차게 공을 던졌다. 이번 올스타전은 1982년부터 전설로 내려오는 수많은 이야기가 만들어진 잠실구장에서 펼쳐진다. 잠실구장은 올해 시즌을 끝으로 철거하고, 이 자리에 3만5000석 규모의 최신식 돔구장을 짓는다. '한 지붕 두 가족' LG와 두산은 잠실구장 인근 잠실종합운동장을 임시 홈구장으로 사용하다가 2032년 '새 보금자리'로 이사 간다. 한국야구위원회(KBO)는 그 의미를 더하기 위해 LG와 두산의 '원클럽맨'으로 활약한 박용택과 김재호를 퓨처스 올스타전 시구자로 선정했다. 박용택은 2002년부터 2020년까지 LG에서만 뛰며 KBO리그 통산 타율 0.308과 2504개의 안타를 기록했다. 2004년부터 2024년까지 두산 유니폼을 입은 김재호는 7년 연속 한국시리즈 진출과 세 차례(2015·2016·2019년) 우승을 견인했다. 박용택은 시구를 마친 뒤 취재진을 만나 ""잠실구장에서 열리는 퓨처스 올스타전의 시구자로 선정돼 영광""이라며 ""별다른 감정 없이 마운드를 밟았는데, 이 잠실구장이 곧 마지막이라는 아쉬움이 들었다""고 소감을 밝혔다. 김재호는 ""잠실구장에서 21시즌 동안 용택이 형보다 더 많은 경기를 뛰었다""며 웃은 뒤 ""시즌 종료 후 이 야구장을 허물면, 더 가슴에 와닿을 것 같다. 허전함이 커지고 마음도 더 쓰라릴 것 같다""고 말했다. 잠실구장과 작별을 앞둔 LG와 두산은 각각 2위, 5위로 전반기를 마감했다. 두 레전드는 친정팀이 '오래된 집'에서 유종의 미를 거두기를 희망했다. 박용택은 ""LG는 당연히 우승해야 한다. 그래서 '2020년대 최강팀은 LG'라는 말을 들을 수 있도록 왕조를 세웠으면 좋겠다""며 활짝 웃었다. 김재호는 ""두산은 김원형 감독님 부임 후 첫 시즌을 보내는데, 팀을 잘 만들어가는 과정""이라며 ""당장 우승을 바라보는 것보다 먼저 포스트시즌 진출의 발판을 잘 마련했으면 좋겠다""고 바람을 전했다. 두 레전드는 후배들이 최신식 돔구장에서 큰 불편함 없이 '동고동락'하며 좋은 야구를 펼치기를 기대했다. 박용택은 ""잠실구장은 1군 홈구장을 통틀어 선수대기실이 가장 열악하다. 불과 몇 년 전까지만 해도 복도에서 옷을 갈아입어야 했다""며 ""새 구장은 실내 연습장을 비롯해 각종 시설이 부족함 없이 잘 만들어졌으면 좋겠다""고 이야기했다. 김재호는 ""한국 야구도 이제 돔구장이 흔해져야 할 때""라며 ""외국에서 우리 돔구장을 보고 배우러 올 수 있도록 멋있게 한 번 지었으면 좋겠다""고 말했다. rok1954@news1.kr"
2026.07.10 18:56,"""실물이 더 잘생겼더라""…원태인 칭찬에 감격한 '깜짝스타' 김백산, '육...",OSEN,"[OSEN=잠실, 홍지수 기자] 프로야구 삼성 라이온즈의 '깜짝 스타' 김백산(22)이 프로 데뷔 첫 승에 이어 퓨처스 올스타 무대까지 밟으며 잊지 못할 한여름을 보내고 있다. 무엇보다 자신의 우상인 원태인에게 칭찬을 받은 순간을 가장 행복한 기억으로 꼽았다. 김백산은 10일 잠실구장에서 열린 2026 KBO 퓨처스 올스타전을 앞두고 ""최고의 선수들이 모인 자리에 함께하게 돼 꿈만 같다""며 ""드래프트에서 지명을 받지 못했지만 포기하지 않고 준비한 덕분에 좋은 기회가 찾아왔다. 키워주신 모리야마 료지 2군 감독님께 정말 감사드린다""고 소감을 밝혔다. 강릉고와 부산과학기술대를 거쳐 2025년 육성선수로 삼성에 입단한 김백산은 지난 2일 창원 NC 다이노스전에서 1군 데뷔전을 치렀다. 선발로 등판해 5⅔이닝 2피안타 4볼넷 3탈삼진 무실점으로 호투하며 데뷔전 선발승이라는 강렬한 인상을 남겼다. 육성선수가 선발 데뷔전에서 승리를 거둔 것은 올해 한화 박준영에 이어 KBO리그 역대 두 번째 기록이다. 김백산은 ""1군 첫 등판 때는 숨이 안 쉬어질 정도로 긴장했다""며 ""결과는 좋았지만 1군 타자들은 실투를 절대 놓치지 않는다는 걸 느꼈다. 보완해야 할 점도 많이 확인한 경기였다""고 돌아봤다. 무엇보다 큰 힘이 된 것은 삼성 에이스 원태인의 한마디였다. 원태인은 김백산의 데뷔전 다음 날 선발승을 거둔 뒤 ""백산이가 시원시원하게 던지는 모습을 보고 좋은 자극을 받았다""고 공개적으로 칭찬했다. 김백산은 환한 미소를 지으며 ""원태인 선배님 때문에 중·고등학교 시절 등번호도 18번을 달았을 정도로 가장 존경하는 선수""라며 ""항상 제 투구를 꼭 보여드리고 싶었는데 이번에 좋은 모습을 보여드린 것 같아 정말 기뻤다""고 말했다. 이어 ""직접 뵈니까 실물이 훨씬 잘생기셨더라""며 수줍게 웃어 현장을 웃음바다로 만들었다. 당초 목표는 육성선수 신분을 벗어나 정식 선수로 등록되는 것이었다. 하지만 데뷔 첫 승과 퓨처스 올스타 선정까지 이뤄내며 예상보다 훨씬 빠른 성장세를 보여주고 있다. 그만큼 자신감도 커졌지만 자만은 없었다. 김백산은 ""아직 부족한 부분이 많다는 걸 스스로 잘 알고 있다""며 ""그래서 다시 2군에서 선발 수업을 받는 것도 아쉽지 않았다. 더 보완해서 다시 1군 기회가 온다면 훨씬 좋은 투구를 보여드리고 싶다""고 힘줘 말했다. 육성선수에서 올스타로, 그리고 삼성의 미래 선발 자원으로 성장하고 있는 김백산의 도전은 이제부터가 시작이다. /knightjisu@osen.co.kr"
2026.07.10 18:55,"제3회 마이데일리배 전국유소년야구대회, 17일부터 21일까지 강원도 횡성...",엑스포츠뉴스,"(엑스포츠뉴스 김현기 기자) 마이데일리가 대한유소년야구연맹(회장 이상근)과 함께 전국 최대 규모 유소년 야구 대회인 '제3회 마이데일리배 전국유소년야구대회'를 개최한다. 이번 대회는 마이데일리가 주최하고, 대한유소년야구연맹이 주관하며 횡성군, 횡성군체육회, 국민체육진흥공단, 한국도핑방지위원회, 한국스포츠레저(주), 한미사이언스, 스포페이, 애플라인드, 한강식품, 스포노베이션, 메디앳, 유니시티코리아, 글로우핏, 보령헬스케어가 후원한다. 오는 17일부터 21일까지 강원도 횡성군 횡성베이스볼테마파크에서 열린다. 전국 각지의 대한유소년야구연맹 유소년 선수들이 참가하며 주니어리그(16세 이하), 유소년리그(13세 이하), 꿈나무리그(11세 이하), 새싹리그(9세 이하), U12로 나뉘어 우승팀을 가리게 된다. 이번 대회엔 '스피드킹 콘테스트', '홈런더비 콘테스트' 그리고 제3회 대회에서 새롭게 선보이는 '제구왕 콘테스트' 등 각종 이벤트도 준비돼 있다. 사진=마이데일리 김현기 기자 spitfire@xportsnews.com"
2026.07.10 18:55,"10개 구단 강타, 잠실은 '마법사표' 부채 앓이 중…""실용적으로 다가갈...",마이데일리,"[마이데일리 = 잠실 김경현 기자] 퓨처스 올스타전이 열리는 잠실야구장은 후텁지근하다. 날이 흐려 햇빛이 뜨겁진 않지만, 습도가 매우 높아 땀이 줄줄 흘렀다. KT 위즈가 이를 제대로 공략했다. KT는 10일 퓨처스 올스타전을 위해 '부채'를 준비했다. 부채에는 퓨처스 올스타로 뽑힌 박지훈, 김민석, 이재원, 김정운의 사진이 있다. 뒷면에는 선수들의 자기 소개와 롤모델, 앞으로 각오가 적혀있다. 아쉽게도 김정운의 대체 선수로 발탁된 장민호의 사진은 없다. 퓨처스 올스타전 하루 전인 9일 교체됐기 때문. KT 선수는 물론 모든 10개 구단 관계자들이 모두 부채를 들고 다녔다. 타팀 선수가 KT 부채를 들고 무심코 인터뷰용 사진을 찍다 놀라는 일이 다반사였다. 매번 KT는 퓨처스 올스타전, 올스타전에 맞춰 재미있는 아이템을 준비했다. 작년은 퓨처스 올스타전 가이드북과 포토카드 등을 준비했다. KT 관계자는 ""전에는 선수들의 자료를 준비했다. 팬들과 미디어에게 편하고 실용적으로 다가갈 수 있는 게 부채라고 생각했다""고 설명했다. 이어 ""네 선수의 얼굴만 넣기보단 재미있게 선수들의 각오와 어떤 선수가 되고 싶은지를 넣었다. 재미도 주고, '이런 선수구나' 인식이 될 수 있게끔, 팬들이 퓨처스 선수들에게 쉽게 다가갈 수 있게끔 만들고 싶었다""고 전했다. 한편 교체된 김정운은 큰 부상은 아니다. 휴식이 필요하단 소견을 받아 빠졌다."
2026.07.10 18:53,"'아듀 잠실'… 'LG-두산 레전드' 박용택-김재호, 새 구장에 바라는 ...",스포츠한국,"[잠실=스포츠한국 심규현 기자] 오랜 역사의 잠실야구장에서 열리는 마지막 올스타전. 10일 퓨처스 올스타전 시구를 위해 잠실을 찾은 LG 트윈스 레전드 박용택과 두산 베어스 레전드 김재호가 착공을 앞둔 새 구장에 대한 바람을 전했다. KBO는 10일 오후 6시 서울 잠실야구장에서 2026 KBO 퓨처스 올스타전을 진행한다. 이날 시구자는 박용택과 김재호였다. 박용택은 LG에서 19년간, 김재호는 두산에서 21년간 원클럽맨으로 활약했다. 의미 있는 시구를 마친 박용택은 먼저 ""사실 마운드에 올라가기 전까지 별 생각이 없었는데 실제로 올라가니까 '진짜 마지막이구나' 이런 생각이 들었다. 아마 시즌이 끝나면 더 그런 마음이 들 것 같다""고 말했다. 김재호는 ""잠실에서 어떻게 보면 (박)용택이 형보다 오랜 시간 경기를 뛰었다. 다만 아직 마지막이라는 생각은 없다. 과거 동대문 야구장이 없어진다고 했을 때도 큰 생각이 없었는데 진짜 없어지고 난 다음에는 허전함을 느꼈다. (박)용택이형 말처럼 시즌 마지막쯤 가슴에 와닿을 것 같다""고 말했다. 박용택과 김재호는 늘 서로를 라이벌로 마주했다. 박용택은 ""사실 제가 있던 시대에는 특히 두산에게 많이 열세였다. 두산에 15연패를 했을 때도 있었다. 늘 색다른 느낌이었다. 두산이랑 붙으면 팬들과 모기업의 관심도가 높아 이겼어야 했는데 많이 져서 아픈 기억밖에 없다""고 밝혔다. 김재호는 ""저희도 보이지 않은 라이벌 심리가 있었다. 저는 개인적으로 (박)용택이형 하면 가장 떠오르는 게 (정)재훈이형이 팔을 맞았을 때다. 그때 정말 필요했던 존재였는데 공교롭게도 (박)용택이형이 아끼던 후배를 맞췄다. 그러면서 저희가 준우승을 하지 않았나 싶다""고 옛 인연을 언급했다. 다만, 김재호의 기억과 달리 두산은 박용택의 타구가 정재훈의 우측 팔을 강타했던 2016년 통합 우승을 차지했다. 끝으로 두 선수는 새 야구장에 대한 바람을 전했다. 먼저 박용택은 ""두산과 LG가 모든 야구장을 통틀어 라커룸이 가장 열악했다. 공간이 부족하다 보니 몇 년 전까지는 복도에서 옷을 갈아입을 정도였다. 새 구장에는 실내 연습장부터 시작해 원정까지 정말 부족함 없이 만들어주면 좋겠다""고 말했으며 김재호는 ""흔하지 않은 돔구장이 이젠 흔해져야 하는 시기다. 이제 우리가 외국에 돔구장 견학을 가는 게 아닌 우리가 견학할 수 있을 정도의 돔구장을 지으면 좋겠다""고 말했다. 한편 잠실야구장은 올 시즌을 끝으로 철거된다. 2032년 3월, 같은 자리에 3만석 규모의 돔구장이 들어설 예정이다. 공사 기간인 2027년부터 2031년까지 LG와 두산은 잠실주경기장을 대체 경기장으로 활용한다. 스포츠한국 심규현 기자 simtong96@sportshankook.co.kr"
2026.07.10 18:43,"멀티 이닝→2연투, LG 불펜 '우승 청부사'의 실패…1위 삼성과 최하위...",OSEN,"[OSEN=대구, 한용섭 기자] 일주일 전과는 다른 결과였다. 필승조 1번카드가 멀티이닝 다음 날 2연투에서 무너졌다. 최하위팀과 1위팀의 타선은 달랐기 때문이다. 프로야구 LG 트윈스는 9일 대구 삼성라이온즈파크에서 열린 삼성 라이온즈와 전반기 마지막 경기에서 5-6으로 아쉽게 패배했다. 9회 3-6에서 밀어내기 볼넷 등으로 5-6까지 추격했고, 1사 만루 역전 찬스까지 몰아부쳤는데 병살타로 경기가 끝났다. LG는 52승 33패(승률 .612), 삼성은 51승 32패 2무(승률 .614). 삼성이 승률에서 2리 앞서며 전반기 1위를 차지했다. LG의 필승카드인 외인 불펜 리오스가 패전투수가 됐다. 리오스는 3-3 동점인 6회 등판했다. 전날 8일 경기에서 2이닝 무실점으로 홀드를 기록했고, 2연투에 나섰다. 경기 전 염 감독은 “김진수를 제외하고 모두 등판 가능하다”고 밝혔다. 리오스는 선두타자 전병우를 5구째 볼넷으로 내보냈다. 전날(8일) 경기에선 전병우를 3구삼진으로 돌려세웠는데 이날은 선두타자 출루를 허용한 것. 이어 강민호에게 3루 선상을 빠져나가는 2루타를 맞고 실점을 허용했다. 1사 3루에서 대타 김성윤에게 우익수 앞 적시타를 맞아 2점째를 내줬다. 스코어는 3-5가 됐고, 리오스를 교체됐다. LG 벤치의 기대를 한참 벗어나는 결과였다. 2연투에 나선 리오스는 직구 최고 구속이 157km에 그쳤다. 8일 삼성전에서는 최고 구속이 159km, 대부분 직구가 157km 이상이었다. 하지만 이날은 최고 구속은 딱 1번 나온 157km였고, 152~156km였다. 평균 구속은 3km 이상 떨어졌다. 제구도 정교하지 않아 타자를 압도하지 못했다. 리오스가 멀티 이닝을 던진 후 2연투를 한 것은 2번째였다. 지난 1일 키움전에서 2이닝 1실점을 기록했고, 2일 키움전에서 이틀 연속 등판해 1이닝 무실점으로 홀드를 기록했다. 그러나 8~9일 삼성을 상대로는 결과가 달랐다. 8일 2이닝 무실점으로 위력적이었으나, 9일은 삼진 하나 잡지 못하고 ⅓이닝 2실점이나 허용했다. 최하위 키움 타선과 최근 타격 사이클이 고점에 이른 1위 삼성 타선은 다르다. 리오스는 6월 17일 KIA전에서 ⅓이닝 3실점을 허용하며 패전 투수가 된 이후 2번째 멀티 실점을 허용하며 무너졌다. 리오스는 6월 치리노스가 방출되고 대체 선수로 LG 유니폼을 입었다. 외국인 선수 풀에서 선발투수가 마땅히 없자, 불펜투수를 영입했다. 리오스는 12경기에 등판해 1승 2패 2세이브 5홀드 평균자책점 4.11을 기록하고 있다. 12차례 등판에서 2번 실패했다. LG 불펜에서 가장 믿을맨이다. /orange@osen.co.kr"
2026.07.10 18:42,"성적 아닌 성장, 노원구유소년야구단이 추구하는 '야구의 가치'...마낙길...",마이데일리,"[마이데일리 = 노찬혁 기자] 마낙길 노원구유소년야구단 감독이 '제3회 마이데일리배 전국유소년야구대회' 출사표를 던졌다. 마이데일리가 주최하고 대한유소년야구연맹(회장 이상근)이 주관하는 '제3회 마이데일리배 전국유소년야구대회'가 오는 17일 횡성베이스볼테마파크에서 막을 올린다. 지난해 제2회 대회 유소년 청룡리그 준우승을 달성한 노원구유소년야구단은 이번 대회에서 다시 한번 호성적을 정조준한다. 지난 2011년 첫발을 내디딘 노원구유소년야구단은 한 차례 운영 중단이라는 고비를 맞이했으나, 2017년 3월 성공적으로 재창단됐다. 2017년 9월 코치로 합류한 마 감독은 2021년 지휘봉을 잡은 뒤, 2023년 유소년 청룡리그 우승을 차지하며 팀을 정상 궤도에 올려놓았다. 노원구유소년야구단은 최근 여러 대회에서도 고른 성과를 냈다. 스톰배 꿈나무리그 4강 진출을 비롯해 국토정중앙배 및 순창고추장배 유소년리그 16강, 순창군수배와 스톰배 주니어리그 8강을 기록하며 연맹 내 강호로서 입지를 굳혔다. 마 감독은 이번 대회를 앞두고 선수들의 성장에 초점을 맞췄다. 마 감독은 ""승패에 연연하기보다는, 그동안 땀 흘리며 연습했던 것들을 경기장에서 후회 없이 쏟아붓기를 바란다""며 ""실책이 나오더라도 서로 격려하고, 멋진 플레이에는 아낌없이 환호하며 진정으로 야구를 즐겼으면 좋겠다""고 기대감을 전했다. 마이데일리배 대회에 대한 호평도 남겼다. 마 감독은 ""아이들을 위한 많은 이벤트를 열어주시고, 경기에서 승리하게 되면 인터뷰를 하는데, 그 인터뷰가 미디어로 노출이 되어 아이들에게 색다른 추억과 큰 동기부여를 심어준다""며 장점을 꼽았다. 지난해 유소년 청룡리그 준우승을 차지했던 노원구유소년야구단은 이번 대회에서도 선전을 다짐했다. 마 감독은 ""작년에 유소년 청룡리그에서 준우승을 했는데 이번에도 선수들이 좋은 성적을 낼 것이라고 생각한다""며 ""최선을 다하는 경기를 보여드리겠다""고 밝혔다. 한편, 마이데일리가 주최하고 대한유소년야구연맹이 주관하는 제3회 마이데일배 전국유소년야구대회는 횡성군, 횡성군체육회, 국민체육진흥공단, 한국도핑방지위원회, 한국스포츠레저(주), 한미사이언스, 스포페이, 애플라인드, 한강식품, 스포노베이션, 메디앳, 유니시티코리아, 글로우핏, 보령헬스케어에서 후원한다."
2026.07.10 18:42,"'전반기 6승' KIA 24살 투수, 2군으로 내려가다…이병헌-강현우-장...",마이데일리,"[마이데일리 = 이정원 기자] 올스타 브레이크 첫날인 10일 4개 구단이 엔트리에 변화를 줬다. KIA 타이거즈는 투수 황동하와 장재혁을 엔트리에서 제외했다. 황동하는 올 시즌 18경기 6승 3패 1홀드 평균자책 4.37을 기록하며 KIA 마운드에 큰 힘이 됐다. 특히 5월에는 5경기 4승 평균자책 1.48을 기록해 KBO리그 월간 MVP 후보에 이름을 올렸다. 하지만 전반기 마지막 등판인 7월 3일 광주 NC 다이노스전에서 4⅓이닝 4피안타(2피홈런) 3사사구 2탈삼진 4실점 패전을 기록해 아쉬움을 남겼다. 장재혁은 7월 4일에 올라왔는데 일주일도 있지 못하고 다시 2군으로 내려갔다. 또한 삼성 라이온즈 포수 이병헌, KT 위즈 포수 강현우, NC 다이노스 투수 김태경도 2군행 통보를 받았다. 한편 KBO리그는 10일부터 올스타 휴식기에 들어갔다. 서울 잠실구장에서 마지막 올스타전 행사가 진행되는 가운데 10일에는 퓨처스 올스타전, 11일에는 1군 올스타전이 진행된다. 그리고 16일부터 후반기 일정을 재개한다."
2026.07.10 18:39,류지현호 긴장해라! '프로 선수 無' 일본 AG 대표팀 24인 발표…15...,더게이트,"[더게이트] 현역 일본 프로야구 선수는 단 한 명도 없다. 대신 150km/h대 강속구 투수가 즐비하고, 타선에는 국제대회 타점왕 출신 거포가 버티고 있다. 오는 9월 아이치·나고야 아시안게임에 나설 일본야구 대표팀을 결코 만만하게 볼 수 없는 이유다. 일본야구연맹(JABA)은 10일 아이치·나고야 아시안게임에 출전할 야구 대표팀 명단 24명을 발표했다. 전원 프로 선수로 대표팀을 구성하는 한국과 달리 일본은 프로 선수 없이 실업야구, 이른바 사회인야구 선수들을 대표로 내보낸다. 이번 대표팀은 투수 9명, 포수 3명, 내야수 7명, 외야수 5명으로 전력을 꾸렸다. 소속팀별로는 도요타자동차가 7명으로 가장 많은 선수를 배출했고, ENEOS가 3명으로 뒤를 이었다. 사회인 야구 최고 사령탑, 가와구치 감독 지휘봉은 가와구치 도모야스 감독이 잡았다. 가와구치 감독은 미쓰비시자동차 오카자키 감독 시절 5년간 팀을 도시대항야구대회에 네 차례나 출전시킨 지도자다. 2023년 10월 사회인 대표팀 사령탑에 오른 뒤 국제대회에서 2연속 정상에 올랐다. 부임 첫 무대였던 그해 12월 아시아선수권에서 6전 전승으로 우승했고, 2025년 9월 중국 핑탄에서 열린 아시아선수권에서도 정상을 지켰다. 중국 핑탄 대회 당시 슈퍼라운드에서는 한국에 0대 1로 완봉패를 당하기도 했다. 그럼에도 결승에 진출해 타이완(대만)을 11대 0으로 꺾고 기어이 우승컵을 들어 올렸다. 한국을 상대로 아픈 기억이 있는 만큼 이번 대회에서 설욕을 노릴 것으로 보인다. 투수진은 최고 구속 152km/h의 강속구를 뿌리는 곤도 가즈키(JR시코쿠)를 비롯해 실력파 자원들이 즐비하다. 곤도는 지난해 9월 아시아선수권에서 대회 MVP를 받으며 대표팀 마운드의 중심임을 증명했다. 2022년 사회인야구일본선수권 MVP와 2023년 도시대항야구 MVP를 석권한 에이스 가요 슈이치로(도요타자동차)도 합류했다. 가요는 2023년 항저우 아시안게임에도 출전한 경험이 있다. 좌완 마운드의 높이도 상당하다. 최고 구속 147km/h에 슬라이더, 커터, 커브, 체인지업 등 다채로운 구종을 구사하는 가토 미즈키(ENEOS)가 힘을 보탠다. 가토 역시 국제대회 경험이 풍부하다. 여기에 지난 시즌 사회인 평균자책 1위(1.25) 타이틀을 받은 신인 좌완 히구치 신(오지)이 가세했다. 최고 구속 151km/h를 자랑하는 히구치는 지난 도시대항야구에서 142구 9피안타 10탈삼진 완봉승으로 소속팀의 21년 만의 우승을 견인했다. 이 외에도 후치가미 요시키, 나가노 겐타, 아키야마 쇼, 마쓰다 와타루, 마쓰다 겐토가 마운드를 채운다. 검증된 타점왕 무코야마와 신예 시바사키 안방을 책임질 포수진은 아리마 료(ENEOS), 쓰지모토 유키(NTT니시니혼), 후쿠이 쇼고(도요타자동차) 등 세 명이 낙점됐다. 내야진은 야노 유키야(미쓰비시중공업 이스트)를 비롯해 와다 게이타(도요타자동차), 팀 주장을 맡고 있는 소에다 마나미(니혼쓰운), 구마다 도요(도요타자동차), 야마다 겐타(니혼세이메이), 사토 유키(도요타자동차), 마루야마 마사시(ENEOS) 등 일곱 명으로 짜임새 있게 구성됐다. 외야진에서 가장 경계해야 할 이름은 무코야마 모토키(NTT히가시니혼)다. 무코야마는 2023년 12월 타이완에서 열린 제30회 아시아선수권 한국전과 결승 타이완전에서 잇달아 결정적인 타점을 올렸다. 당시 10타점으로 대회 타점왕과 MVP, 베스트나인을 동시에 거머쥐었다. 국제대회 검증을 마친 거포로 이번에도 타선의 구심점 역할을 맡는다. 무서운 신예 시바사키 마사토(오지)의 기세도 매섭다. 지난 시즌 도시대항야구에서 타율 0.412(17타수 7안타)로 신인상격인 '젊은 사자상'을 받았다. 2025년 아시아윈터리그에서는 일본 사회인 선발팀 소속으로 19경기에 출전해 타율 0.319로 안타 부문 리그 전체 2위에 올랐다. 이들과 함께 아이자와 료스케, 후지사와 료스케, 미즈타니 쇼헤이가 외야 한 자리를 노린다. 이처럼 프로 선수가 없다고 안심할 수 없는 전력을 갖춘 일본이다. 시속 150km/h를 넘나드는 강속구 투수들과 국제대회에서 이미 기량을 증명한 타자들이 투타 조화를 이뤘다. 타이완만 경계 대상이 아니다. 안방에서 대회를 치르는 일본의 탄탄한 전력은 대회 5연패를 정조준하는 류지현호 한국 야구 대표팀의 큰 걸림돌이다. 아시안게임 일본 야구 대표팀 최종 명단 투수(9명): 곤도 가즈키(JR시코쿠), 히구치 신(오지), 가요 슈이치로(도요타자동차), 가토 미즈키(ENEOS), 후치가미 요시키(도요타자동차), 나가노 겐타(JFE니시니혼), 아키야마 쇼(미쓰비시자동차 오카자키), 마쓰다 와타루(닛폰세이테쓰 무로란 샤크스), 마쓰다 겐토(바이탈넷) 포수(3명): 아리마 료(ENEOS), 쓰지모토 유키(NTT니시니혼), 후쿠이 쇼고(도요타자동차) 내야수(7명): 야노 유키야(미쓰비시중공업 이스트), 와다 게이타(도요타자동차), 소에다 마나미(니혼쓰운, 주장), 구마다 도요(도요타자동차), 야마다 겐타(니혼세이메이), 사토 유키(도요타자동차), 마루야마 마사시(ENEOS) 외야수(5명): 시바사키 마사토(오지), 무코야마 모토키(NTT히가시니혼), 아이자와 료스케(도요타자동차), 후지사와 료스케(도쿄가스), 미즈타니 쇼헤이(JR도카이)"
2026.07.10 18:37,“퓨처스 미래가 내 미래보다 밝다”…무더위 잡고 유망주 띄운 재치 만점 ...,문화일보,"잠실 = 정세영 기자 “퓨처스 미래가 내 미래보다 밝다.” 프로야구 KT 관계자들이 10일 잠실구장에서 열린 2026 퓨처스리그 올스타전에서 배포한 부채에는 이런 재치 있는 문구가 적혀 있었다. KT는 매년 퓨처스 올스타전을 앞두고 구단 내 유망주들을 알리기 위한 이색 기념품을 제작한다. 올해도 선택한 물품은 부채였다. 여름철 무더위를 고려해 실용성을 앞세웠다. 이날 잠실구장은 하늘이 흐렸지만 습도가 높아 가만히 있어도 땀이 흐를 정도였다. KT가 준비한 부채는 야구 관계자들에게 더위를 식혀주는 요긴한 물품이었다. 관중은 물론 선수단과 관계자들도 부채를 손에 들었다. 이날 KT가 준비한 부채는 총 1000개였다. 부채는 퓨처스 유망주들을 알리는 홍보물 역할도 했다. 단순한 여름용품을 넘어 선수들의 이름과 장점, 목표를 팬들에게 소개하는 아이디어 상품이었다. KT가 나눠준 부채 앞면에는 김정운(61번), 박지훈(66번), 김민석(44번), 이재원(65번) 등 퓨처스 선수 4명의 사진이 담겼다. 뒷면에는 선수별 장점과 롤모델, 목표를 소개했다. 투수 김정운은 “고영표 선배처럼 될게요”라며 “잠실구장에서 선발 등판이 목표”라고 적었다. 미국프로야구 메이저리그(MLB)의 정상급 투수 제이컵 디그롬을 롤모델로 꼽은 박지훈은 “빠른 공을 던지고 피지컬이 좋은 투수”라고 자신을 소개했다. 또 포수 장성우를 롤모델로 꼽은 김민석은 자신을 “끈기 있는 포수”라고 표현했다. 외야수 이재원은 “에릭 테임즈처럼 되고 싶다. 빠른 발과 타격이 강점인 외야수다. 타석에서 존재감 있는 선수가 되고 싶다”고 다짐했다. 이 부채 가장자리에는 “행운을 나누어 드립니다”, “따봉 퓨처스야 고마워”, “퓨처스 미래가 내 미래보다 밝다” 등 팬들의 웃음을 자아내는 문구도 담겼다. KT는 해마다 다양한 아이디어를 담은 퓨처스 홍보물을 선보이고 있다. 올해는 지난해에 이어 부채를 제작했고, 실용성과 홍보 효과를 동시에 잡았다는 평가를 받았다. 정세영 기자"
2026.07.10 18:35,"치어리더 이다혜, 대만에서 인기 여전히 ing~...웨이취안 드래곤스에서...",스포츠서울,"언제: 2026.07.03 어디: 대만 프로야구 웨이취안 드래곤스 홈구장, 타이베이시 텐무야구장 무엇: 웨이취안 드래곤스 치어리더 이다혜가 ‘2026 대만 프로야구’ 웨이취안 드래곤스와 푸방 가디언스의 경기에서 열띤 응원전을 유도하고 있다. 한편 이날 경기는 6-3으로 푸방 가디언스가 승리했다. 팬들의 장난 섞인 농담에 빵터진 이다혜! “오늘도 열심히 응원 응원~” 최선을 다해 응원하는 이다혜의 열정, 대단대단해! ▼이다혜 대만 응원...영상 확인! kangmycall2@sportsseoul.com (사진, 영상=투데이스포엔트 제공)"
2026.07.10 18:12,"""상금 200만원 받아가겠다"" 이러니 2년 연속 퓨처스 올스타지, 16년...",마이데일리,"[마이데일리 = 잠실 김경현 기자] ""상금을 받아 가려 한다"" 2년 연속 퓨처스 올스타는 각오부터 다르다. 삼성 라이온즈 외야수 함수호가 목표를 'MVP'로 잡았다. 구미인동초(구미시리틀)-협성경복중-대구상원고를 졸업한 함수호는 2025 신인 드래프트 4라운드 33순위로 삼성 유니폼을 입었다. 지명 당시 삼성은 ""함수호는 차승준과 더불어 올 시즌 최고의 장타력 보유한 좌타 외야수""라면서 ""선천적으로 타고난 파워를 보유한 전형적인 장타자 유형""이라고 설명했다. 싹이 남달랐다. 퓨처스리그에서 85경기에 출전해 69안타 5홈런 37득점 38타점 타율 0.264 OPS 0.729를 기록했다. 또한 데뷔 시즌부터 퓨처스 올스타에 선정됐다. 올 시즌 더욱 성장했다. 45경기에서 45안타 3홈런 20득점 23타점 타율 0.306 OPS 0.842를 기록 중이다. 이번에도 김백산, 최예한, 심재훈과 함께 퓨처스 올스타전에 출전한다. 삼성 선수 중에선 유일하게 2년 연속 별들의 잔치에 초대받았다. '마이데일리'를 만난 함수호는 ""2년 연속 뽑히게 되어 영광이다. 기분 좋게 하고 가겠다""고 소감을 전했다. 삼성 외야진이 워낙 두텁기에 1군에서 많은 기회를 받지 못했다. 다만 박진만 감독은 함수호는 충분히 기존 주전을 압박할 수 있는 좋은 자원이라고 말한 바 있다. 함수호는 ""확실히 외야 형들, 선배님들이 계셔서 자리가 많지는 않다. 최대한 실력을 쌓아서 경쟁할 수 있게끔 연습하고 있다""고 밝혔다. 박진만 감독은 수비력을 중시하는 지도자다. 함수호는 아직 수비보다는 공격에 방점이 찍히는 선수다. 이에 대해 ""작년보다는 수비가 확실히 늘었다""라면서 ""수비가 되어야 감독님도 저를 쓸 수 있을 것 같단 생각이 들어 수비 연습을 타격보다 많이 하고 있다""고 전했다. 하반기 목표를 묻자 ""최대한 잘해서 1군에서 뛰면 좋겠다. 또 올해 상무에 지원했다. 그것도 붙었으면 좋겠다""고 말했다. 팬들에게 한 마디를 부탁하자 ""올해 초반에 기회를 많이 받았는데 잡지 못했다""며 ""후반기에는 더 열심히 해서 1군에서 경기 많이 뛸 수 있도록 하겠다""고 힘줘 말했다. 한편 지난해 함수호는 '수호천사' 세리머니를 펼쳤다. 올해도 준비한 게 있냐고 묻자 ""올해는 안 한다""며 손사래를 치더니 ""오늘 MVP를 타고 싶다. 상금 200만원을 받아가려고 한다""고 당찬 포부를 드러냈다. 삼성 선수 퓨처스 MVP로는 2007년 채태인, 2010년 김종호가 있다. 함수호는 16년 만에 삼성 '미스터 퓨처스 올스타'가 될 수 있을까."
2026.07.10 18:10,"청룡기 최다 9번째 우승 겨냥한다... 경북고, 마산용마고 17대 6 꺾...",조선일보,"경북고가 청룡기 아홉 번째 별을 딸 채비를 마쳤다. 경북고는 10일 서울 목동야구장에서 열린 제81회 청룡기 전국고교야구선수권대회 겸 주말리그 왕중왕전(조선일보·스포츠조선·대한야구소프트볼협회 공동 주최) 준결승전에서 마산용마고를 17대6으로 꺾고 결승에 올랐다. 청룡기 8회 우승에 빛나는 경북고는 이번 대회에서 정상에 오르면 경남고(9회)와 함께 청룡기 최다 우승 1위에 오르게 된다. 이날 초반부터 화끈한 타격전이 펼쳐졌다. 1회초 경북고 2학년 엄태욱이 무사 만루 기회에서 왼쪽 담장을 직격하는 3타점 2루타를 치며 3-0으로 앞서나갔지만, 1회말 용마고도 최민상과 차은성의 연속 안타로 2점을 뽑으며 응수했다. 2회말에는 연속 출루와 상대 실책이 겹치며 5-3 역전에 성공했다. 2024년 이후 2년 만에 다시 청룡기 결승 무대를 밟는 듯했다. 하지만 경북고 4번 타자 엄태욱이 해결사로 나섰다. 경북고는 3회초 피지윤의 중전 적시타 등으로 3점을 내며 6-5 재역전에 성공한 뒤, 4회 엄태욱이 상대 에이스 이윤상을 상대로 좌측 담장을 넘기는 2점포를 쏘아 올리며 8-5로 도망가는 점수를 냈다. 엄태욱은 5회에도 2타점 2루타를 터뜨리며 절정의 타격감을 과시했다. 엄태욱은 이날 6타수 4안타 7타점 맹타를 휘둘렀다. 엄태욱은 경기 후 “홈런까지 칠 줄은 몰랐는데, 좋은 타구가 나와서 정말 좋았다”며 “이번에 청룡기 우승하면 최다 우승이라는 새 역사를 쓰는 만큼 꼭 우승하고 싶다”고 했다. 포수인 엄태욱은 잔부상 때문에 이번 대회에는 지명타자로 출전했다. 그는 “제 강점 중 하나가 강한 어깨다. 롤모델인 강민호 선배님같이 수비에서 좋은 모습을 보여줄 자신이 있다”고 했다. 이준호 경북고 감독도 “2학년 선수인데도 워낙 잠재력이 있고 내년에 좋은 활약을 해서 (신인 드래프트) 지명도 잘 받을 수 있는 선수”라고 극찬했다. 경북고는 4회 도중 등판한 투수 우주영이 4이닝 무실점 호투를 펼치며 팀의 리드를 지켜냈고, 타선도 7회 이원혁의 쐐기 2타점 3루타 등으로 3점을 내고, 8회에도 1점을 보태면서 강호 용마고를 상대로 17대6 대승을 완성했다. 이준호 감독은 “주영이도 공은 빠른 편은 아니지만 커브, 슬라이더 등 변화구 제구가 좋은 수준급 투수”라며 “어려운 경기라고 생각했는데 아이들이 힘내줘서 결국 결승에 올랐다. 꼭 최다 우승 대업을 이루겠다”고 했다. 경북고는 오는 12일 청룡기 첫 우승을 겨냥하는 세광고와 정상을 향한 일전을 치른다."
2026.07.10 18:03,"'5월 4승→5G ERA 5.32' 황동하, 올스타전 휴식기 돌입과 함께...",스포탈코리아,"[SPORTALKOREA] 한휘 기자= 5월의 좋은 페이스가 최근 들어 살짝 꺾인 KIA 타이거즈 황동하가 휴식기 돌입과 함께 1군 엔트리에서 제외됐다. KIA는 10일 투수 장재혁과 함께 황동하를 1군 엔트리에서 말소했다. 지난 시즌 중 불의의 교통사고로 한동안 공백기를 가진 황동하는 올 시즌 초 불펜으로 활동하다가 선발진 공백을 틈타 로테이션 한 자리를 꿰찼다. 5월 한 달 동안 투구 내용이 정말 좋았다. 황동하는 5경기 30⅓이닝을 던지며 4승 평균자책점 1.48로 월간 평균자책점 단독 1위, 다승 공동 1위를 차지해 KBO 월간 MVP 후보에도 선정됐다. 다른 선수들이 주춤하는 사이 KIA의 새로운 토종 에이스 노릇을 했다. 하지만 6월 이후 5경기에서는 1승 3패 평균자책점 5.32로 다소 주춤하는 모습을 보였다. 지난 3일 NC 다이노스와의 경기에 선발 등판한 황동하는 4⅓이닝 4피안타(2피홈런) 3볼넷 2탈삼진 4실점으로 부진했으며, 이후 추가로 마운드에 오르지 않고 그대로 전반기를 마쳤다. 그래도 전반기 최종 성적은 18경기(11선발) 68이닝 6승 3패 1홀드 평균자책점 4.37로 당초 기대보다 훨씬 준수했다. 특히 선발로 나선 11경기에 한하면 평균자책점이 3.20까지 떨어지는 등, 충분히 KIA 선발진의 한 자리를 꿰찰 만한 자격이 있었다. 이런 가운데 황동하는 올스타전 휴식기가 시작된 오늘 1군 엔트리에서 말소됐다. 따라서 오는 20일이 돼야 다시 1군에 올라올 수 있는데, 후반기 첫 시리즈인 SSG 랜더스와의 원정 4연전이 16~19일 펼쳐지므로 황동하는 해당 4연전에는 등판하지 않게 됐다. KIA는 황동하와 함께 장재혁도 엔트리에서 말소했다. 지난 4일 지현과 자리를 맞바꿔 콜업된 장재혁은 7일 롯데 자이언츠전에서 2이닝 1실점을 소화한 것을 끝으로 다시 2군으로 내려간다. 시즌 성적은 4경기 평균자책점 4.50(6이닝 3실점)이다. 선두로 전반기를 마친 삼성 라이온즈는 백업 포수 이병헌을 1군 엔트리에서 말소했다. 이병헌은 지난 7일 김도환을 대신해 1군 엔트리에 합류했고, 8일 LG 트윈스전에서 교체로 출전했다. KT 위즈는 포수 강현우를 2군으로 내려보낸다. 강현우는 올 시즌 21경기에 출전해 타율 0.158(19타수 3안타) OPS 0.462를 기록했으며, 지난 5일 1군 엔트리에 합류했으나 이후 경기에 나서지 못한 채 다시 2군으로 이동한다. NC 다이노스는 5선발 자리를 두고 경쟁하던 김태경을 엔트리에서 제외했다. 올 시즌 13경기(7선발) 1패 평균자책점 5.03을 기록 중인 김태경은 5월 하순부터 선발 투수로 이동해 7경기에 나와 평균자책점 6.85의 성적을 남겼다. 사진=KIA 타이거즈, NC 다이노스 제공"
2026.07.10 18:03,"“스타벅스 가야지” 조롱 논란→6개월 출전정지, 배재고 재심 심의 열린다...",OSEN,"[OSEN=이후광 기자] 야구대회 도중 상대팀 연고지 비하 논란으로 징계를 받은 배재고등학교가 법원에 징계 효력 일시 정지를 요청했다. 배재고는 10일 법원에 대한야구소프트볼협회의 전국대회 6개월 출전정지 징계에 대한 효력정지 가처분 신청서를 제출한 것으로 알려졌다. 배재고 측은 학생들의 광주제일고등학교를 향한 조롱 응원이 부적절했다는 걸 인정하면서도 6개월 출전정지 징계는 과도하다는 입장이다. 이와 더불어 대한체육회는 오는 20일 오후 3시 서울 송파구 올림픽회관에서 제19차 스포츠공정위원회를 열어 6개월 출전정지 징계에 대한 재심을 심의한다고 배재고에 통보했다. 배재고는 지난 8일 대한야구소프트볼협회 스포츠공정위원회가 의결한 전국대회 6개월 출전정지 징계에 관련해 상급기관인 대한체육회 스포츠공정위원회에 재심을 청구한 바 있다. 관건은 내달 6일 개막하는 봉황대기 전국고교야구대회 출전 여부다. 봉황대기 대회는 배재고가 올해 출전 가능한 사실상 마지막 전국대회로, 법원 판단 또는 협회의 재심 결과로 참가 여부가 판가름날 것으로 보인다. 배재고는 지난달 29일 서울 목동구장에서 펼쳐진 제81회 청룡기 전국고교야구선수권대회 겸 주말리그 왕중왕전에서 광주일고를 상대하던 도중 일부 학생 선수들이 ""스타벅스 가야지"", ""탱크데이"" 등 응원 구호를 외쳐 5·18 민주화운동 비하 논란에 휩싸였다. 이에 대한야구소프트볼협회 스포츠공정위원회는 지난 1일 배재고 야구부에 전국대회 6개월 출전정지 징계를 전격 의결했다. 배재고는 지난 6일 이효준 교장을 비롯한 교직원, 지도자, 학생 선수, 학부모 등이 광주일고를 찾아 피해 학생들에게 직접 사과한 뒤 국립 5·18민주묘지를 참배했다. /backlight@osen.co.kr"
2026.07.10 17:46,제3회 마이데일리배 전국유소년야구대회 17일 개막,한겨레,"한국 야구의 미래를 이끌 꿈나무들이 초록빛 그라운드 위에서 마음껏 기량을 펼치는 축제의 장이 열린다. 마이데일리가 주최하고 대한유소년야구연맹이 주관하는 전국 최대 규모의 유소년 야구 축제인 ‘제3회 마이데일리배 전국유소년야구대회’가 오는 17일부터 21일까지 5일 동안 강원도 횡성군 횡성베이스볼테마파크에서 펼쳐진다. 이번 대회에는 전국 각지에서 모인 대한유소년야구연맹 소속 유소년 선수들이 총출동해 그동안 갈고닦은 실력을 겨룬다. 경기는 참가 선수들의 연령과 숙련도를 고려해 주니어리그(16살 이하), 유소년리그(13살 이하), 꿈나무리그(11살 이하), 새싹리그(9살 이하), U12 리그 등 총 5개 부문으로 세분화해 진행되며, 부문별 최종 우승팀을 가리게 된다. 어린 선수들이 야구 자체를 즐기고 축제 분위기를 만끽할 수 있도록 다채로운 부대 행사도 마련됐다. 전통의 인기 이벤트인 ‘스피드킹 콘테스트’와 ‘홈런더비 콘테스트’는 물론, 정확한 투구 능력을 겨루는 ‘제구왕 콘테스트’가 이번 3회 대회에서 새롭게 신설돼 참가자들의 눈길을 사로잡을 예정이다. 김양희 기자 whizzer4@hani.co.kr"
2026.07.10 17:42,"日독립리그 제패→바다 건너 1억에 신생팀 입성, 韓 2위-3위 투수 감격...",마이데일리,"[마이데일리 = 잠실 이정원 기자] ""처음 참가하는 거라 엄청 기대하고 있다."" 울산웨일즈 외국인 투수 나가 타이세이는 계약 총액 7만 달러에 울산 유니폼을 입었다. 울산은 KBO 최초 시민구단의 올해 창단한 팀. 나가는 장원진 감독과 박명환 투수코치가 직접 일본 현지에서 눈으로 확인하고 영입한 선수. 일본프로야구(NPB) 경력은 없지만 직구 최고 구속 152km에 변화구 구사능력이 우수하다. 일본 독립리그 다승왕 출신이다. 나가는 KBO 첫 시즌부터 인상적인 활약을 펼치고 있다. 15경기에 나와 6승 2패 평균자책 2.20 86탈삼진을 기록 중이다. 퓨처스리그 남부리그 탈삼진 1위, 평균자책 2위, 다승 2위에 자리하고 있다. 울산이 신생팀임에도 불구하고 에이스 노릇을 톡톡히 하고 있다. 이와 같은 활약을 바탕으로 10일 서울 잠실구장에서 진행되는 2026 KBO 퓨처스 올스타전 명단에도 포함됐다. 올스타전 직전 취재진과 만난 나가는 ""처음 참가하는 거라 엄청 기대하고 있다. 시즌 초반에는 올스타전에 나올 거라 생각하지 못했다. 퓨처스리그에서 처음 던지는 외국인 투수인데, 이렇게 올스타전까지 나가 던질 수 있게 되어 영광이라고 생각한다. 열심히 하겠다""라고 웃으며 말했다. 당연히 일본을 떠나 해외에서 던지는 건 처음이다. 나가가 느낀 한국 야구는 어떤 야구일까. 그는 ""타자에 대한 이야기를 할 수밖에 없을 것 같다. 파워도 좋고, 스윙도 좋다. 좋은 공을 던져도 다 커트를 하더라. 힘든 리그라고 생각한다""라고 했다. 이어 ""삼성의 이창용 선수가 가장 기억에 남는다. 내가 자신 있는 공을 던졌다고 생각했는데, 잘 치더라. 이런 공도 친다는 걸 느낀 후에 좋은 타자라고 생각했다""라고 덧붙였다. 올 시즌부터 도입된 아시아쿼터 제도를 통해 KBO 1군 무대도 누비고 싶은 마음이 있다. KIA 타이거즈 시라카와 케이쇼 등 일본인 투수들이 1군에서 뛰는 모습을 보며 꿈을 키운다. 나가는 ""던지는 변화구의 각 등을 컨트롤 잘할 수 있다는 부분을 다른 팀들도 인정을 해주셨다. 한 명의 팬으로서 KBO리그 1군 경기도 자주 보고 있다""라고 힘줘 말했다."
2026.07.10 17:40,"퓨처스 올스타 최초 日 에이스, 김도영과 맞대결 꿈꾼다 “내 모든 구종 ...",OSEN,"[OSEN=잠실, 길준영 기자] 프로야구 울산 웨일즈 외국인투수 나가 타이세이(27)가 1군 무대에서 KIA 타이거즈 슈퍼스타 김도영과 맞붙고 싶다는 꿈을 이야기했다. 나가는 10일 서울 잠실구장에서 열린 ‘2026 신한 SOL KBO 퓨처스 올스타전’ 사전 인터뷰에서 “처음으로 올스타전에 참가하는 것이기 때문에 엄청 기대를 하고 있다”며 퓨처스 올스타에 선정된 소감을 전했다. 프로야구 최초 시민구단 울산의 창단 멤버인 나가는 올 시즌 15경기(94이닝) 6승 2패 평균자책점 2.20을 기록중이다. 퓨처스리그 평균자책점 2위, 다승 공동 3위, 탈삼진 1위(86)에 올라있으며 퓨처스 올스타 최초로 올스타에 선발된 외국인투수다. 나가는 “처음 한국에 왔을 때 이렇게 올스타전에 나가게 될거라고는 상상하지 못했다. 내가 퓨처스리그에서 처음으로 던지는 외국인투수였는데 올스타까지 될 수 있어서 영광이다. 열심히 하겠다”고 말했다. 한국으로 건너와 반 시즌을 보낸 나가는 “내가 투수이기 때문에 타자에 대한 감상을 얘기할 수밖에 없다. 타자들이 파워도 좋고 스윙도 계속 나오고 있어서 내가 좋은 공을 던져도 커트를 한다. 정말 힘든 리그라고 생각한다”며 한국야구에 대한 인상을 밝혔다. 가장 기억에 남는 선수로 이창용(삼성)을 뽑은 나가는 “내가 가장 좋은 공을 던졌다고 생각했는데 이창용 선수가 잘 쳤다. 이런 공도 칠 수 있다니 좋은 타자라고 느꼈다”고 이야기했다. 퓨처스리그를 넘어 KBO리그 데뷔를 꿈구고 있는 나가는 “변화구 각과 무브먼트는 자신이 있다. 컨트롤도 좋다고 생각한다. 이런 강점들이 KBO리그 팀들에게 좋은 어필 포인트가 되었으면 좋겠다”고 자신의 강점을 어필했다. 평소 KBO리그도 챙겨보고 있다고 밝힌 나가는 1군에서 뛰게 되었을 때 가장 상대해보고 싶은 선수로 김도영(KIA)을 뽑았다. “내가 다양한 변화구를 던지니까 모든 구종을 던져서라도 꼭 막아보고 싶다”고 말한 나가는 “그런데 내가 모든 구종을 던져도 김도영 선수는 다 칠 수 있을 것 같다”며 웃었다. 전반기를 성공적으로 마무리한 나가는 “지금 평균자책점이 2점대인 것으로 알고 있다. 1점대로 내려가면 더 좋은 투수로 인정받겠다는 생각이 든다. 탈삼진도 90개 가까이 잡았는데 후반기에도 지금과 같은 페이스를 유지하고 싶다”며 남은 시즌 목표를 내걸었다. /fpdlsl72556@osen.co.kr"
2026.07.10 17:37,"'홈런 1위' LG 오스틴, 홈런더비서 못 본다→SSG 오태곤으로 교체....",엑스포츠뉴스,"(엑스포츠뉴스 잠실, 양정웅 기자) 전반기 홈런 공동 1위인 오스틴 딘(LG 트윈스)이 홈런더비에서 모습을 볼 수 없을 전망이다. 한국야구위원회(KBO)는 10일 ""올스타 프라이데이에 개최되는 2026 KBO 올스타전 컴투스프로야구 홈런더비에 출전할 예정이었던 LG 오스틴이 허리 불편감으로 출전이 불가하다는 의사를 KBO에 전달했다""고 전했다. 이어 ""이에 따라 팬 투표 후순위 선수에게 순차적으로 출전 가능 여부를 확인하는 절차를 거쳐, SSG 오태곤의 출장이 확정됐다""고 밝혔다. 오스틴은 올 시즌 전반기 85경기에서 타율 0.339(327타수 111안타), 27홈런 83타점 69득점, OPS 1.082의 성적을 거두고 있다. 홈런은 김도영(KIA 타이거즈)과 함께 공동 1위이고, 타점 2위, 장타율(0.661) 1위 등 여러 부문에서 상위권에 위치하고 있다. 이에 오스틴은 팬 투표에서 1만 7889표를 획득해 4위를 기록, 8위까지 주어지는 올스타 홈런더비 출전권을 얻었다. 하지만 짧고 강하게 힘을 써야 하는 홈런더비 특성상 허리에 무리가 올 수 있어 결국 출전을 단념하게 됐다. 그래도 본 경기에서는 오스틴을 볼 수 있다. KBO는 ""11일 개최되는 올스타전 경기에는 출전할 예정이다""라고 전했다. 오스틴을 대신해 선정된 오태곤은 전반기 74경기에서 타율 0.230, 9홈런 27타점, 7도루, OPS 0.695를 기록 중이다. 홈런더비 출전은 이번이 처음이다. 사진=엑스포츠뉴스 DB 양정웅 기자 orionbear@xportsnews.com"
2026.07.10 17:34,"'외인 최초 올스타' 울산 나가 ""선발 영광…김도영 상대하고파""",뉴스1,"(서울=뉴스1) 서장원 기자 = 외국인 선수 최초로 KBO 퓨처스(2군) 올스타전에 참가하는 울산 웨일즈 투수 나가 타이세이가 벅찬 소감을 밝혔다. 10일 KBO 퓨처스 올스타전을 앞두고 만난 나가는 ""올스타에 선발될 거라고는 생각도 못했다""며 ""퓨처스리그에서 처음 던지는 외국인 투수인데 올스타전에도 나가게 돼 영광""이라고 말했다. 올 시즌을 앞두고 창단한 울산에 입단한 나가는 팀 동료 알렉스 홀(포수), 김서원(외야수), 노강민(내야수)과 함께 남부 올스타 멤버로 이름을 올렸다. 성적이 나가를 올스타로 이끌었다. 올해 퓨처스리그 15경기에 선발 등판해 6승2패, 평균자책점 2.20의 호성적을 냈다. 일본프로야구(NPB) 경험은 없지만, 퓨처스리그에서 존재감을 뽐내며 더 밝아질 미래를 그리는 중이다. 한국 야구를 경험한 소감을 묻자 ""타자들이 힘이 좋고 스윙도 적극적으로 한다. 좋은 공을 던져도 다 커트해내서 어려운 리그라고 생각한다""고 답했다. 나가가 후반기에도 눈에 띄는 활약을 보이면 1군에서 외국인 선수 문제를 겪는 구단의 영입 대상이 될 수 있다. 나가는 ""지금 2점대 평균자책점인데, 1점대로 내려가면 좋은 투수로 인정받을 수 있어 목표로 삼고 있다""면서 ""삼진도 90개 가까이 잡았는데 후반기에도 지금 페이스를 이어가고 싶다""고 각오를 전했다. 가장 기억에 남는 한국 선수로 삼성 라이온즈 이창용을 꼽은 나가는 ""가장 좋은 공을 던졌다고 생각했는데, 이창용이 잘 쳤다. 정말 좋은 타자라는 생각이 들었다""고 말했다. 상대하고 싶은 선수로 KIA 타이거즈 김도영을 꼽았다. 나가는 ""이전에 방송 인터뷰에서도 만나고 싶은 선수로 김도영을 언급했는데, 지금도 변함없다""면서 ""(김도영을 만나면) 내가 던질 수 있는 변화구가 많기에 어떻게든 잡고 싶은 마음이 있다. 그래도 김도영은 다 칠 것 같다""며 김도영과 상대할 미래를 그렸다. superpower@news1.kr"
2026.07.10 17:31,잠실서 열리는 마지막 ‘별들의 축제’…미스터 올스타는 누가 될까,한겨레,"한국 야구의 역사를 고스란히 품어온 서울 잠실야구장이 ‘마지막 별들의 축제’를 맞이한다. 1982년 프로야구 원년 준공 이후 수많은 명승부를 낳았던 잠실야구장에서 열리는 14번째이자 마지막 KBO 올스타전이 11일 오후 6시 열린다. 시대를 풍미한 베테랑의 기록 도전부터 리그의 미래를 책임질 새내기들의 등장까지, 이번 올스타전은 잠실과의 작별을 고하는 뜻깊은 별들의 무대가 될 전망이다. 가장 눈길을 끄는 이는 역대 팬 투표 최다 득표 신기록(260만5510표)을 세우며 통산 15번째 올스타에 뽑힌 두산 베어스 양의지다. 양의지는 이번 축제에서 통산 두 번째 올스타전 최우수선수(MVP)인 ‘미스터 올스타’에 도전한다. 그가 다시 한 번 MVP를 거머쥐면 김용희, 이대호(이상 전 롯데 자이언츠) 등에 이어 역대 KBO 올스타전에서 두 차례 MVP를 수상한 6번째 선수가 된다. 드림 올스타의 최정(SSG 랜더스)과 나눔 올스타의 최형우(삼성 라이온즈) 역시 개인 두 번째 MVP를 겨냥하고 있어 베테랑들의 자존심 대결이 뜨거울 것으로 보인다. 올해 MVP 수상자에게는 2000만원 상금과 로봇 안마기가 수여된다. 나이를 잊은 베테랑들의 품격 있는 기록 행진도 관전 포인트다. 야수 중에서는 42살의 최형우가 양준혁(전 삼성 라이온즈)이 보유한 올스타전 최고령 출장 및 홈런 기록(41살1개월28일) 경신을 눈앞에 두고 있다. 마운드에서는 한화 이글스 류현진이 눈길을 끈다. 그는 2009년 이후 17년 만에 감독추천선수로 올스타전을 맞이한다. 메이저리그에서 KBO리그로 복귀한 이후로는 두 번째로 나서는 별들의 축제다. 앞서 2024년에 올스타전 최고령 승리 투수(37살3개월11일) 기록을 세운 류현진은 39살3개월16일의 나이로 맞이하는 이번 올스타전을 통해 또 한 번 새로운 기록 수립에 도전한다. 최정 역시 3루수 역대 최다인 10회 베스트 선정을 포함해 통산 14번째 올스타 무대를 밟는다. 올스타전에 처음 초대된 ‘샛별’들의 활약도 기대를 모은다. 이번 대회에 처음 출전하는 선수는 총 27명으로 전체 명단의 절반을 넘겼다. 두산의 우완 파이어볼러 곽빈이 데뷔 8년 만에 첫 올스타전 선발 마운드에 오르고, 기아(KIA) 타이거즈 올러는 지난해 부상으로 출전하지 못했던 아쉬움을 씻어낸다. 고졸 신인 박준현(키움 히어로즈)과 대졸 신인 박정민(롯데 자이언츠)이 데뷔 첫해 올스타의 영예를 안았으며, 아시아쿼터 선수로는 유일하게 키움의 마무리 투수 유토가 이름을 올렸다. 최원준(KT 위즈)은 프로 데뷔 10년 만에 감격스러운 첫 올스타 출전을 앞뒀다. 잠실을 안방으로 쓰는 박준순(두산), 구본혁, 문성주(이상 LG) 등도 홈팬들 앞에서 특별한 시간을 보낸다. 팀 간의 자존심 대결도 치열하다. 2015년 시작된 드림 올스타(SSG, 삼성, KT, 롯데, 두산)와 나눔 올스타(LG, 한화, KIA, NC, 키움)의 맞대결에서는 현재 나눔이 5승4패(2020, 2021년 코로나19로 미개최)로 한발 앞서 있다. 특히 나눔은 2022년부터 지난해까지 4연승을 달리며 매서운 상승세를 타고 있다. 5연승을 노리는 나눔의 기세에 맞서, 드림 올스타는 2019년 이후 7년 만의 승리를 따내며 연패의 사슬을 끊겠다는 각오다. 김양희 기자 whizzer4@hani.co.kr"
2026.07.10 17:30,"'김태형 특명'으로 선발 수업 → 롯데 1라운더 신동건, 투구수 90개까...",스포츠조선,"[잠실=스포츠조선 한동훈 기자] 롯데 우완 유망주 신동건이 퓨처스 올스타전에 참가, 1군 희망을 꿈꿨다. 신동건은 김태형 감독의 특명을 받고 6월부터 선발 수업에 돌입했다. 신동건은 10일 잠실구장에서 열리는 2026 KBO리그 퓨처스 올스타전에 앞서 취재진을 만나 ""너무 영광이고 오늘 정말 재밌게 즐기다 가고 싶다""고 기대했다. 신동건은 2026 신인드래프트 1라운드 전체 4번에 뽑힌 특급 유망주다. 올해 1군에서는 딱 1경기 던지고 2군에서 기량을 연마했다. 홈 개막 시리즈였던 4월 3일 부산 SSG전 1이닝 1피안타 4볼넷 2실점 혼쭐이 났던 것. 이후 퓨처스리그에서는 구원투수 임무를 받았다. 김 감독이 신동건을 예비 선발 요원으로 낙점했다. 신동건은 5월 30일 퓨처스 울산전 이후 실전을 중단하고 선발투수가 되기 위한 빌드업에 돌입했다. 신동건은 6월 24일 NC전에 구원투수로 나와 3이닝을 소화한 뒤 5일 LG전에 선발투수로 나왔다. 신동건은 데뷔전을 떠올리며 ""그렇게 많은 사람들 앞에서 던지는 게 처음이었다. 긴장을 많이 했다. 많이 아쉬웠다. 그래도 그렇게 후회만 하고 있으면 달라지는 게 없다. 바로 2군에서 내가 왜 그랬을까 원인을 분석하고 메커니즘과 제구를 가다듬으며 더 좋은 투수가 되기 위해 노력했다""고 돌아봤다. 당시 승부가 크게 기운 상황. 신동건이 볼넷을 연속해서 허용했는데 김 감독은 투수를 바꾸지 않았다. 신동건을 그대로 뒀다. 데뷔전이지만 책임을 지라는 메시지. 신동건은 ""안타 맞고 볼넷 볼넷을 줬는데 바꾸시지 않았다. 내가 끝내야만 끝나겠구나 싶어서 최선을 다해서 던졌다""고 떠올렸다. 프로 첫 시즌이라 배울 게 산더미다. 신동건은 ""김상수 선배님께 아침 루틴이나 고등학교때 몰랐던 몸 관리 비법을 많이 배웠다. 일단 다치지 않는 게 첫 번째라고 하셨다. 이외에 웨이트 트레이닝과 투구수를 늘리는 과정을 거쳤다. 지금은 80개에서 90개까지 던진다""고 설명했다. 신동건은 1군은 당연히 가고 싶지만 서두를 이유가 없다고 했다. ""2군을 완전히 압도해야 1군에 올라갈 수 있다. 안타 하나를 맞아도 아쉽다는 마음으로 공 하나 하나 최선을 다해서 던지려고 노력하고 있다. 언제 올라간다는 마음 없이 포기하지 않고 꾸ㅜㄴ하게 해나간다면 좋은 모습 보여드릴 수 있을 것이다. 팀이 제시하는 방향으로 가려고 열심히 노력하겠다."" 한동훈 기자 dhhan@sportschosun.com"
2026.07.10 17:26,“꼴찌로 뽑혔지만 꿈은 1등”…‘전체 110순위’ SSG 변건우 퓨처스 ...,문화일보,"잠실 = 정세영 기자 프로야구 신인드래프트에서 가장 마지막에 이름이 불린 선수가 퓨처스 올스타 무대에 당당히 섰다. SSG의 우완 강속구 유망주 변건우(21)의 이야기다. 변건우는 2024 KBO 신인드래프트에서 마지막 순번인 11라운드 전체 110순위로 SSG의 지명을 받았다. 드래프트 하위 지명자는 상위 라운드 선수보다 관심과 기회가 적을 수밖에 없다. 하지만 변건우는 올해 1군 무대에 섰고, 퓨처스리그 북부리그 올스타에도 선발됐다. 지난 6월 20일에는 NC전에서 1군 데뷔전을 치렀다. 변건우는 1이닝 2실점을 기록한 뒤 엔트리에서 빠졌다. 결과는 아쉬웠지만 전체 110순위 투수가 입단 후 처음 1군 마운드를 밟았다는 점에서 의미가 있었다. 10일 잠실야구장에서 열린 2026 퓨처스 올스타전을 앞두고 만난 변건우는 “신인드래프트 마지막 라운드에서 지명을 받았을 때는 분한 마음도 있었다. 늦게 주목받은 만큼 남들보다 더 많이 해야겠다고 생각했다”면서 “솔직히 제가 퓨처스 올스타에 뽑힐 것이라고 생각하지 못했다. 구단 관계자와 감독님께서 좋게 봐주신 덕분에 영광스러운 자리에 설 수 있었다”고 말했다. 변건우의 올해 퓨처스리그 성적은 6경기에서 1패 1홀드, 평균자책점 5.74다. 기록만 놓고 보면 눈에 띄지 않는다. 그러나 SSG는 성적보다 변건우의 가능성에 주목한다. 가장 큰 무기는 빠른 공이다. 변건우는 올해 최고 시속 153㎞를 찍었다. SSG의 간판 좌완 김광현도 “프로에서 통할 직구”라며 변건우의 직구를 높이 평가했다. 변건우은 “빠른 구속이 가장 큰 장점”이라며 “빠른 공을 던지기 위해 노력하는 선수가 많은데, 저는 어느 정도 타고난 부분도 있다고 생각한다”고 설명했다. 변건우는 군 복무도 일찌감치 마쳤다. 39사단 조교로 현역 복무를 한 뒤 올해 1월 전역했다. 군 복무 기간에도 틈틈이 개인 훈련을 이어갔다. 변건우는 “다른 선수들이 운동할 때 군대에 있다고 쉴 수는 없다고 생각했다. 군 생활을 하면서도 정말 열심히 운동했다”고 떠올렸다. 변건우는 전반기 1군 마운드에 오른 경험에 대해 “1군에 처음 올라가 선배들과 밥을 먹고 선수단 버스를 함께 타는 것까지 모든 것이 신기했다. 경기에서는 너무 긴장해 기억도 잘 나지 않는다. 원하는 투구를 하지 못했지만 다음 기회에는 더 잘하고 싶다”고 말했다. 팀 내 롤모델은 문승원이다. 변건우는 “문승원 선배가 위기에서도 흔들리지 않고 타자를 상대하는 모습이 인상적이었다. 문승원 선배처럼 타자를 요리하는 투수가 되고 싶다”고 말했다. 자신의 과제도 정확히 알고 있다. 변건우는 “제구가 좋은 날은 괜찮지만 좋지 않은 날에는 기복이 크다. 현재 자신 있게 던지는 변화구는 슬라이더 하나다. 체인지업을 연습하고 있고, 제3의 구종을 만드는 것이 필요하다”고 전했다. 전체 110순위로 출발했지만 목표는 작지 않다. 변건우는 “프로에서 오래 살아남는 데 만족하지 않고 KBO리그에 자신의 이름을 남기겠다”고 강조했다. 변건우는 “올해 2군에서 제가 할 수 있는 것을 하자는 목표로 시작했다. 예상하지 못한 좋은 기회가 빠르게 찾아왔다. 생각했던 것보다 훨씬 잘 풀리고 있다”면서 “야구 선수라면 FA 대박도 터뜨리고 싶다. 꿈은 크게 가져야 한다. KBO리그 역사에 제 이름 석 자를 남기는 선수가 되겠다”고 힘주어 말했다. 정세영 기자"
2026.07.10 17:25,"""미쳤다"" 왕옌청 감격, 왜 LG 시구 행사만 기다렸나…한국에 와서 11...",스포티비뉴스,"[스포티비뉴스=윤욱재 기자] 아마 지금 쯤이면 '한국에 오기를 참 잘 했다'라는 생각이 들 것이다. KBO는 올 시즌부터 아시아쿼터 제도를 도입했다. 한화가 선택한 아시아쿼터 선수는 대만 출신 좌완투수 왕옌청(25)이었다. 한화의 선택은 대성공이었다. 왕옌청은 꾸준히 선발로테이션을 돌면서 17경기 85⅓이닝 7승 3패 평균자책점 3.59로 활약, 웬만한 외국인투수 부럽지 않은 퍼포먼스를 보여줬다. KBO 리그 첫 승을 거두고 눈물을 훔쳤던 왕옌청은 최근 또 한번 감격적인 순간을 맞았는데 바로 지난 4일 한화와 LG의 경기가 열린 잠실구장에서였다. 왕옌청은 이날만 손꼽아 기다렸다. 다름 아닌 LG의 홈 경기 시구 행사 때문이었다. 이날 LG에서는 걸그룹 트와이스의 멤버 나연을 시구자로 초청했다. 트와이스의 열렬한 팬인 왕옌청은 처음 한국에 올 때부터 ""고등학생 때부터 좋아했다""라고 밝힐 정도로 팬심을 숨기지 않았다. 왕옌청은 LG 구단의 협조로 시구자 대기실에서 나연과 함께 사진을 찍을 수 있었다. 이러한 장면은 최근 한화 구단 공식 유튜브 채널에서도 공개됐다. ""11년 동안 원스(트와이스 공식 팬클럽)였다""라고 밝힌 왕옌청은 나연과 사진을 찍은 뒤 한국어로 ""미쳤다""라고 소리를 지르며 벅찬 감정을 여과 없이 드러냈다. 한국이라는 낯선 곳에 와서 '11년의 꿈'을 이룬 셈이다. 왕옌청은 자신의 인스타그램에 나연과 함께 찍은 사진을 게재했고 이는 폭발적인 반응을 일으켰다. 이에 한화 우완투수 이상규는 ""왕아 내 지분있다""라는 댓글을 남겨 웃음을 자아냈다. 과거 LG에서 뛰었던 이상규는 LG에서 함께 뛰었던 동료들에게 나연의 시구 연습 시간을 물어보는 등 '조력자' 역할을 했다. 메이저리그 뉴욕 양키스에서 뛰었던 일본의 레전드 투수 다나카 마사히로도 이모티콘으로 댓글을 남기며 관심을 보였다. 왕옌청과 다나카는 일본프로야구 라쿠텐 골든이글스에서 같이 뛰었던 전력이 있다. <저작권자 ⓒ SPOTV NEWS. 무단전재 및 재배포 금지>"
2026.07.10 17:25,“실물이 훨씬 더 잘생기셨더라고요” 롤모델 원태인에게 ‘영감 됐다’ 극찬...,스포츠경향,"신인 드래프트에서 두 번이나 낙방했다. 김백산은 그러나 꿈을 포기하지 않았다. 2025년 삼성 육성 선수로 프로 유니폼을 입었고, 올해 프로 1군 첫 승을 거뒀다. 그리고 이제는 퓨처스 올스타로 마운드에 오른다. 김백산은 10일 잠실에서 퓨처스 올스타전을 앞두고 취재진과 만나 “꿈만 같다. 저를 믿고 잘 키워주신 부모님께 감사드린다”고 소감을 전했다. 긴장은 되지만, 1군 첫 등판 만큼은 아니다. 김백산은 지난 2일 창원 NC전 프로 첫 등판에서 5.2이닝 무실점으로 선발승을 따냈다. 육성선수 출신이 1군 데뷔전에서 선발승을 따낸 건 지난 5월 한화 박준영에 이어 역대 2번째다. 김백산은 “(1군 첫 등판 때는) 숨이 안 쉬어질 정도로 떨렸는데, 지금은 그래도 괜찮은 것 같다”고 웃었다. 드래프트 최상위 순번으로 스포트라이트 속에 프로 입단한 각 구단 유망주들과 한 곳에서 경쟁한다는 말에 그는 “이제 저도 좀 다른 선수들하고 비벼볼 수 있을 것 같다”고 했다. 김백산의 프로 첫 목표는 두 자리수 등번호, 그러니까 정식 선수가 되는 것이었다. 입단 1년 만에 1군을 경험했고, 선발승까지 따냈으니 올해 목표는 초과 달성한 셈이다. 1경기 만에 다시 2군으로 내려갔지만 아쉬움은 없다. 김백산은 “아직 많이 부족한 걸 안다. (2군에서) 더 많이 개선하고 공부하겠다”고 했다. 딱 한 차례 등판이었지만 의미가 컸다. 선발진에 갑작스럽게 구멍이 났는데, 대체 선발로 막 2군에서 올라온 투수가 기대를 훨씬 뛰어넘는 투구로 팀 승리를 이끌었다. 박진만 감독은 “더 말할 게 없을 정도로 능력을 보여줬다”고 칭찬했다. 에이스 원태인은 “나에게도 큰 영감이 됐다”고 했다. 김백산은 “(원)태인이 형이 늘 롤 모델이었다. 그래서 고등학교, 대학교 때도 태인이 형 등 번호 18번을 달았다. 태인이 형이 2군에 잠깐 내려왔을 때 그 앞에서 던지는 걸 보여주고 싶었는데 그러지 못했다”고 했다. 그런 원태인에게 ‘영감이 되는 피칭’이라는 말을 들었으니 그 이상 극찬이 없다. 늘 TV로만 보던 원태인을 직접 본 것도 김백산에게는 의미가 크다. 원태인을 직접 보니 어땠느냐는 말에 김백산은 “실물이 훨씬 더 잘생기셨더라”고 웃었다. 잠실 | 심진용 기자 sim@kyunghyang.com"
2026.07.10 17:22,"'생애 첫 올스타' 울산 일본인 투수 나가 ""김도영과 승부 꿈꿔""",연합뉴스,"(서울=연합뉴스) 김동한 기자 = 프로야구 울산 웨일즈 선수로는 처음 올스타 무대를 밟은 일본인 오른손 투수 나가 다이세이(26)가 1군 무대에서 김도영(KIA 타이거즈)과의 승부를 꿈꿨다. 나가는 10일 서울 잠실구장에서 열리는 2026 KBO 퓨처스(2군) 올스타전을 앞두고 ""시즌 초반만 해도 올스타전에 출전할 것이라고는 생각하지 못했다""면서 ""퓨처스리그에서 뛰는 첫 외국인 투수로서 올스타 무대까지 오르게 돼 영광""이라고 소감을 밝혔다. 이어 ""김도영과 꼭 한번 대결해보고 싶다""며 ""제가 던질 수 있는 변화구가 많기 때문에 그에게 전부 던져보고 싶다. 하지만 그렇게 던져도 김도영은 다 칠 것 같다""고 웃으면서 말했다. 일본 독립 리그 다승왕 출신 나가는 올 시즌 울산 유니폼을 입고 퓨처스리그에 빠르게 적응했다. 15경기에 선발 등판해 6승 2패 평균자책점 2.20을 기록 중이다. 남부 리그 기준 다승과 평균자책점 부문 2위에 올라 있고, 특히 삼진은 86개를 잡아내며 2위 고바야시 주이(69개·울산)를 제치고 이 부문 압도적인 선두다. 시속 150㎞를 넘나드는 직구와 커브, 커터, 포크볼, 슬라이더, 체인지업 등 다양한 변화구를 구사하는 게 그의 장점이다. 꾸준한 활약의 비결로 많은 투구 기회와 자동투구판정시스템(ABS) 적응을 꼽았다. 나가는 ""시즌 초반에 기회를 많이 받아 ABS에 적응할 수 있었다""며 ""경기를 치르면서 여러 부분을 배우고 익힌 것이 좋은 성적으로 이어진 것 같다""고 설명했다. 이어 ""변화구의 각도가 좋고, 원하는 곳에 던질 수 있는 제구력이 제 장점""이라며 ""다른 팀에서도 그런 부분을 좋게 평가해주는 것 같다""고 덧붙였다. 직접 경험한 퓨처스리그에 대해선 타자들이 끈질기게 승부하는 점이 인상적이었다고 평가했다. 특히 이창용(삼성 라이온즈)과의 승부가 기억에 남는다고 했다. 그는 ""가장 자신 있는 공을 잘 던졌다고 생각했는데 이창용이 정확하게 받아쳤다""며 ""이런 공까지 칠 수 있기에 좋은 타자라는 생각이 들었다""고 말했다. 일본프로야구(NPB) 경험이 있는 같은 팀의 두 일본 출신 투수 고바야시와 오카다 아키타케는 나가에게 든든한 버팀목이 되고 있다. 그는 ""저를 제외한 두 선수는 모두 NPB 경험이 있어 여러 조언을 받고 있다. 일본인 선수 3명이 한 팀에서 함께 생활하다 보니 서로 잘 의지하며 지내고 있다""며 ""세 명 모두 선발 투수지만, 경기에 등판한 뒤 느끼는 점은 저마다 다르다. 각자 경험한 내용을 공유하고 종합해 활용할 수 있다는 점이 큰 도움이 된다""고 했다. 남은 시즌 나가의 목표는 좋은 성적으로 시즌을 마치는 것이다. 그는 ""평균자책점을 1점대로 낮추면 좋은 투수로 인정받을 수 있을 것 같다""며 ""탈삼진도 현재 90개 가까이 기록하고 있는데, 후반기에도 지금과 같은 페이스를 유지하고 싶다""고 각오를 밝혔다. moved@yna.co.kr (끝) ▶제보는 카톡 okjebo"
2026.07.10 17:22,'지역 비하 구호' 배재고 야구부 징계 재심의…14일 일정 결정,이데일리,"[이데일리 스타in 주미희 기자] 경기 중 지역 비하성 구호를 외쳐 전국대회 6개월 출전 정지 징계를 받은 서울 배재고등학교 야구부에 대해 대한체육회가 오는 14일 재심의 일정을 결정하기로 했다. 이르면 이달 20일 재심의가 진행될 수 있으나, 안건 상정 여부에 따라 다음 달로 넘어갈 가능성도 있다. 10일 연합뉴스에 따르면, 배재고 야구부의 재심의 일정은 14일 열리는 스포츠공정위원회 산하 징계심의소위원회의 논의 결과에 따라 달라진다. 소위원회가 오는 20일로 예정된 스포츠공정위 전체 회의에 배재고 재심의 안건을 상정하기로 의결하면 당일 재심의와 최종 의결이 이뤄진다. 반면 소위원회가 해당 안건 처리를 미룰 경우, 재심의는 다음 달 차기 회의로 연기된다. 대한체육회는 “일단 규정에 따라 배재고 측에 공정위 출석 요구서를 발송했으나, 이달 내 재심의 여부는 아직 확정되지 않았다”고 밝혔다. 다만 재심 신청일(8일)로부터 60일 이내에 결론을 내려야 하는 규정상 늦어도 다음 달 회의에서는 심의가 완료될 전망이다. 앞서 배재고 야구부는 지난달 29일 청룡기 전국고교야구선수권대회 광주제일고등학교와의 경기 도중 상대 팀을 향해 부적절한 구호를 외쳐 논란을 빚었다. 이에 대한야구소프트볼협회(KBSA)는 이달 1일 배재고에 스포츠 정신 위반 및 경기장 질서 문란 책임을 물어 6개월간 전국대회 출전 정지 징계를 내렸다. 배재고 측은 징계 이후인 지난 6일 광주제일고를 방문해 공식 사과하고 국립 5·18 민주묘지를 참배한 뒤, 8일 대한체육회에 재심을 신청했다. 피해 당사자인 광주제일고의 이규연 교장 역시 “용서와 화해의 모습을 고려해 학생들이 새롭게 출발하도록 지혜를 모아달라”며 선처를 요청하는 입장문을 냈다. 이번 재심의 일정과 결과는 배재고 야구부의 시즌 잔여 대회 출전 여부를 가를 분수령이 될 것으로 보인다. 20일 공정위에서 안건이 다뤄지고 징게 수위가 출전 정지 1개월 이하로 대폭 감경될 경우, 배재고는 다음 달 6일 개막하는 봉황대기 전국고교야구대회에 정상 출전할 수 있다. 그러나 이달 내 안건 상정이 불발되거나 중징계가 유지될 경우 봉황대기 출전은 불가능해진다. 주미희 (joomh@edaily.co.kr)"
2026.07.10 17:21,강렬한 1군 데뷔전 후 ‘퓨처스 올스타’ 선정된 김백산 “(원)태인이 형...,뉴스엔,"[잠실=뉴스엔 안형준 기자] 김백산이 퓨처스 올스타 선정 소감을 밝혔다. '미래 별들의 잔치' 2026 KBO 퓨처스 올스타전이 7월 10일 서울 잠실구장에서 열린다. 전반기 퓨처스리그를 빛낸 선수들이 참가해 '내일의 스타'로서 팬들에게 선을 보인다. 삼성 라이온즈 김백산은 남부 올스타에 선정됐다. 육성선수 출신으로 지난 2일 1군 데뷔전에서 5.2이닝 무실점 승리까지 따낸 김백산은 올시즌 퓨처스리그에서는 20경기 35.2이닝, 3승 2패 1홀드, 평균자책점 2.78의 호성적을 기록했다. 김백산은 ""너무 꿈만같고 기분좋다. 올스타에 뽑힐 줄 몰랐는데 계속 잘 키워주신 모리야마 감독님께 감사드린다""고 올스타 선정 소감을 밝혔다. 김백산은 ""긴장이 정말 많이 된다""면서도 ""1군 데뷔전보다는 아니다. 그 때는 정말 숨이 안쉬어질 정도로 떨렸다""고 웃었다 육성선수 출신인 김백산은 올해 정식선수 전환과 함께 1군 데뷔까지 많은 것을 이뤘다. 김백산은 ""드래프트에서 두 번이나 지명을 못받았다. 2군에 있으면서 1군에서 2군으로 오는 형들을 보면서 많은 것을 느끼고 포기하지 않으려고 했다. 그러다보니 좋은 기회도 온 것 같다""며 ""올해 목표는 정식선수 전환이었는데 데뷔전 승리까지 목표 이상을 이룬 것 같다. 올스타전은 최고의 선수들만 모이는 자리니 나도 이제 드래프트 지명을 받은 선수들과 경쟁을 할 수 있지 않을까 싶다""고 돌아봤다. 1군 데뷔전에 대해 김백산은 ""평생 한 번 올까말까하는 기회라 정말 마지막이라고 생각하고 던졌다. 후회없이만 하자는 생각으로 임했더니 결과가 좋았던 것 같다""고 돌아봤다. 김백산은 ""확실히 2군과 1궁은 다르다는 것을 느꼈다. 몰리는 공은 무조건 맞아나가더라. 그런 부분을 개선해야겠다는 생각이 많이 들었다""고 말했다. 데뷔전에서 인상적인 활약을 펼쳤지만 1군에 잔류하지는 못했다. 김백산은 ""아쉽지는 않았다. 많이 부족하다는 것을 나도 알고 있었고 2군에서 더 개선을 하고 싶었다. 많은 공부를 한 것 같다""며 ""(박진만)감독님이 2군에 다시 내려갈때 '멋있었다'고 해주셨다. 그게 너무 심금을 울렸다. 그 말을 듣고 현실감이 없었다. 다음 날 아침에 일어나면서도 이게 꿈인가 현실인가 구분이 안될 정도로 너무 기분이 좋았다""고 웃었다. 삼성 에이스 원태인은 김백산의 데뷔전 호투를 두고 '영감을 받았다'고 말했다. 김백산은 ""태인이 형은 TV로만 보는 사람이었는데 그렇게 말을 해주시니 정말 친구들한테 자랑을 하고 싶었다""며 ""태인이 형을 실제로 보니 훨씬 잘생긴 것 같았다""고 활짝 웃었다. 원태인은 김백산의 롤모델이었다. 김백산은 ""태인이 형은 내 롤모델이었다. 그래서 고등학교, 대학교 때 모두 등번호 18번을 따라 달았다""며 ""태인이 형이 2군에 내려왔을 때 내가 던지는 것을 보여주고 싶었는데 기회가 없었다. 이번에 잘 보여준 것 같아 너무 좋다""고 말했다. 롤모델 앞에서 활약한 것에 대한 뿌듯함이 엿보였다. 강렬한 데뷔전을 치른 만큼 후반기 1군에서 다시 기회를 얻을 가능성도 얼마든지 있다. 김백산은 ""기회가 온다면 더 좋은 모습을 보여드리겠다""고 각오를 다졌다.(사진=김백산) 뉴스엔 안형준 markaj@ 기사제보 및 보도자료 newsen@newsen.com copyrightⓒ 뉴스엔. 무단전재 & 재배포 금지"
2026.07.10 17:15,"'왜 이제야 왔니?' 롯데 153km 日 복덩이의 약속 ""배우고 성장하는...",스포티비뉴스,"[스포티비뉴스=박승환 기자] ""후반기에도 많은 응원 부탁드립니다"" 이이무라 쇼타가 10일 SNS를 통해 롯데 자이언츠 소속으로 전반기를 마친 소감을 밝혔다. ""매일 배우고 성장하는 시간""이라고 돌아봤다. 롯데는 올 시즌에 앞서 아시아쿼터로 요코하마 DeNA 베이스타스 출신의 쿄야마 마사야를 영입했다. 쿄야마는 일본에서는 통산 6시즌 동안 14승 23패 6홀드 평균자책점 4.60을 기록하는데 그쳤지만, 롯데는 최고 155km의 패스트볼을 뿌리는 만큼 KBO리그에서는 충분히 통할 수 있을 것으로 내다봤다. 특히 ABS 시스템을 사용하는 만큼 정교하진 않더라도, 스트라이크존에 비슷하게만 던져준다면 손색이 없을 것으로 판단했다. 하지만 쿄야마는 올해 연습경기를 시작으로 시범경기에 이어 정규시즌에서도 경쟁력이 있는 모습을 보여주지 못했다. 이에 쿄야마는 1군보다는 2군에 머무르는 시간이 길었고, 롯데는 어떻게든 1군에서 활용할 수 있는 아시아쿼터를 찾기 위해 부단히 노력했다. 그 결과 프로 경험은 없지만, 일본 사회인리그를 거쳐 대만 실업팀에서 뛰고 있는 이이무라를 주목했다. 이이무라는 고등학생 2학년 때까지만 하더라도 야수를 했던 선수. 하지만 투수로 전향한 뒤 130km 대에 머물렀던 구속을 140km 이상으로 끌어올렸다. 특히 대학 시절에 최고 146km를 뿌렸고, 일본 사회인 리그로 향한 뒤에는 최고 153km까지 뿌릴 수 있는 선수로 성장했다. 이에 대만 중신 브더스에서도 이이무라를 주목했지만, 롯데의 움직임이 더 빨랐다. 프로 경험이 없다는 것은 분명 우려스러운 요소였다. 하지만 이이무라는 실력으로 자신을 향한 평가를 바꿔나가는 중이다. 데뷔전에서 LG 트윈스를 상대로 ⅔이닝 3실점(3자책)으로 다소 아쉬운 결과를 남겼던 이이무라는 두 번째 등판이었던 LG전에서 2이닝 2실점을 기록하며 김태형 감독으로부터 칭찬을 이끌어냈다. 당시 김태형 감독은 ""앞으로 더 좋아질 것 같다. 스트라이크존을 상하로 조금 더 넓게 쓰면 훨씬 더 좋아질 것 같다. 전부 자기 공을 던지고 있다. 보고를 받았던 것보다 구속도 더 잘나오고 있고, 생각했던 것보다 더 좋은 것 같다. 치는 것은 타자의 몫이지만, 자기 볼만 던지면 괜찮을 것 같다""고 엄지를 치켜세웠다. 칭찬은 고래도 춤추게 하는 법. 이이무라는 이후 더 좋아졌다. 지난 1일 두산 베어스전에서 구원 등판해 1⅓이닝을 무실점으로 막아내며 프로 커리어 첫 번째 승리를 손에 넣는 등 7월 5경기에 등판해 모든 경기를 무실점으로 막아내는 중이다. 이이무라의 합류로 인해 이이무라-최준용-김원중으로 연결되는 롯데의 필승조도 상당히 안정이 됐다. 아직까지 7경기 밖에 나서지 않았지만, 그래도 프로 무대에서 처음으로 전반기를 마친 소감은 어떨까. 이이무라는 10일 SNS를 통해 소감을 전했다. 그는 ""어제(9일)로 전반기가 끝났다. 6월 말 처음 프로야구 팀에 합류한 이후, 매일 배우고 성장하는 2주였다""고 돌아봤다. 그러면서 ""아직도 개선해야 할 부분이 많다는 것을 느꼈고, 앞으로 더 발전할 수 있도록 노력하겠다""며 ""후반기에도 최선을 다하겠다. 매일 많은 팬분들께서 경기장에 찾아와 응원해 주셔서 진심으로 감사드린다. 후반기에 팀을 위해 최선을 다할 테니 많은 응원 부탁드린다""고 강조했다. 프로 첫 승울 수확한 뒤 ""우리 팀은 좋은 팀이고, 더 높은 순위로 올라갈 수 있는 힘을 가졌다고 생각한다""고 했던 이이무라가 지금도 기대 이상의 모습을 보여주고 있지만, 후반기 더 발전된 퍼포먼스를 보여주겠다고 약속했다. <저작권자 ⓒ SPOTV NEWS. 무단전재 및 재배포 금지>"
2026.07.10 17:15,"롯데 선발진 ‘미래’가 큰다…1라운더 신동건, 불펜→선발 전환 “많이 던...",스포츠서울,"[스포츠서울 | 잠실=김동영 기자] 롯데 후반기 선발진 '비밀병기'가 크고 있다. 주인공은 2026년 1라운더 신동건(19)이다. 아직 신인이다. 시간이 필요하다. 대신 '잘 크고 있다'는 점은 확실해 보인다. 신동건은 2026 KBO 신인드래프트 1라운드 지명자다. 전체 4번이다. 신장 193㎝ 장신 투수다. 동산고 시절 에이스로 활약했다. 올해 퓨츠스리그 14경기 등판해 22.1이닝 소화하며 4홀드, 평균자책점 4.43 기록했다. 1군 무대도 밟았다. 시즌 초반인 4월3일 콜업됐고, 경기도 나갔다. 1이닝 1안타 4볼넷 1삼진 2실점이다. 당장 성적이 빼어난 것은 아니다. 그러나 롯데의 '미래'다. 2026 KBO 퓨처스 올스타도 선정됐다. 동기인 내야수 이서준(19)과 2025년 입단한 투수 이영재(20)와 같이 잠실로 왔다. ""올스타에 꼭 뽑히고 싶었다. 영광이다""고 운을 뗐다. 프로의 매서운 맛을 보고 있다. 초고교급 투수라 하지만, 프로는 얘기가 또 다르다. 신동건은 ""프로는 다르더라. 타자들 선구안부터 다르다. 고교 레벨에서는 쉽게 공략하지 못할 것 같은 공인데 프로 선배님들은 가볍게 친다. 1군뿐만 아니라 2군도 마찬가지다""고 말했다. 당연히 자신도 잘하고 싶다. 열심히 훈련 중이다. ""제구가 많이 좋아지지 않았나 싶다. 슬라이더와 체인지업도 많이 던지면서 좋아진 것 같다. 타자를 좀 더 쉽게 상대할 수 있게 됐다. 몸도 많이 좋아졌다""고 설명했다. 또한 ""입단 후 6㎏ 정도 쪘다. 단순히 살이 찐 게 아니다. 운동으로 몸을 키웠다. 몸이 느려진 것은 없고, 힘이 좋아진 느낌이다""고 덧붙였다. 될성부른 떡잎이다. 롯데도 그렇게 봤다. 일단 불펜으로 시작했다. 현재는 선발 수업을 받고 있다. 쉬운 일은 아니다. 잘 적응하고 있는 모습이다. 신동건은 ""현재 투구수를 늘리는 과정이다. 불펜으로 뛸 때와 선발로 나갈 때 속구 스피드는 비슷하다. 이건 괜찮은 부분 아닐까 싶다. 회전수 등도 수치상 나쁘지 않게 나오고 있다""고 짚었다. 이어 ""차근차근 해야 한다. 웨이트 많이 하고, 투구수도 계속 늘리고 있다. 러닝도 엄청 많이 뛴다. 그러면서 지금까지는 괜찮게 가는 것 같다""고 강조했다. 딱 한 경기이기는 해도, 1군의 맛을 봤다. 4월3일 사직 SSG전이다. 2만3200명 매진을 기록한 날이기도 하다. 그 기분을 잊지 못한다. 당연히 아쉬움도 크다. 신동건은 ""그렇게 많은 사람들 앞에서 처음 던져봤다. 신인드래프트 지명도 꿈이지만, 1군 등판은 진짜 꿈이 이뤄지는 것 아닌가. 긴장 많이 했다""고 돌아봤다. 이어 ""1군 콜업 소식을 들었을 때부터 긴장한 것 같다. 올라가니 정말 제대로 실감이 나더라. 긴장해서 내 기량을 발휘하지 못한 게 가장 아쉽다. '더 잘할 수 있었는데' 싶다""고 말했다. 결국 목표는 1군일 수밖에 없다. ""최선을 다해 준비하고 있다. 공 많이 던지고, 웨이트 많이 하고, 러닝도 많이 한다. 밥도 단순히 많이 먹는 게 아니다. 영양분까지 생각하면서 먹는다. 영양제도 안 챙겨 먹었는데 이제는 계속 먹고 있다""고 했다. 프로는 녹록지 않다. 19살 소년이 1군에서 바로 한 자리 차지하기 쉬운 리그가 아니다. 롯데는 기본적으로 탄탄한 선발진을 보유한 팀이다. 그러나 '미래'는 언제나 대비해야 하는 법이다. 신동건도 그중 하나다. 쑥쑥 크고 있다. 선발로서 1군에 자리를 잡으면 가장 좋다. raining99@sportsseoul.com"
2026.07.10 17:14,‘데뷔전 선발승→올스타 입성’ 기특한 아기 라이온즈! 김백산 “그땐 숨이...,스포츠서울,"[스포츠서울 | 잠실=이소영 기자] “그땐 숨이 안 쉬어질 정도로 떨렸는데…” 육성선수 출신 역대 두 번째 KBO리그 데뷔전 선발승을 거둔 삼성 김백산(23)이 생애 첫 퓨처스 올스타전 출전을 앞두고 설렘을 감추지 못했다. 그는 “긴장은 되지만 첫 1군 등판 때와 비교하면 좀 괜찮은 것 같다”고 웃었다. 전반기 막판 꿈에 그리던 1군 무대를 밟은 김백산은 이번엔 올스타전에도 이름을 올렸다. 그는 10일 서울 잠실구장에서 열리는 2026 KBO리그 퓨처스 올스타전 남부 리그 투수로 출전한다. 지난 2일 창원 NC전에서는 선발 등판해 5.2이닝 무실점으로 호투하며 데뷔전 선발승을 따냈다. 김백산의 깜짝 활약은 삼성에도 반가운 소식이다. 2025년 육성선수로 입단한 그는 현재 2군에서 선발 수업을 받고 있다. 올시즌 퓨처스리그 20경기에서 평균자책점 2.78을 마크하며 가능성을 입증했고, 마침내 1군의 부름을 받았다. 6월엔 퓨처스리그 3경기에서 14이닝 평균자책점 0.00, WHIP(이닝당 출루 허용률) 0.71을 기록, 퓨처스 루키상 투수 부문 수상자로 선정됐다. KBO리그 최대 축제답게 경기장 안팎은 선수들의 활기로 가득했다. 퓨처스 올스타전엔 북부리그(한화·LG·SSG·두산·고양·상무)와 남부리그(KT·NC·롯데·삼성·KIA·울산)를 대표하는 선수 48명이 출전한다. 수줍은 모습에서도 신인다운 패기가 엿보였다. 경기에 앞서 취재진과 만난 김백산은 “너무 꿈만 같다”며 “올스타전에 출전하게 될 줄 몰랐다. 잘 키워주신 감독님께 감사드린다”고 소감을 밝혔다. 이어 “여러 선수가 한 자리 모이는 자리라 긴장이 많이 된다”면서도 “1군 첫 등판 땐 숨이 안 쉬어질 정도로 떨렸는데, 오늘은 그때보다 괜찮은 것 같다”고 덧붙였다. 데뷔전의 기억도 생생했다. 그는 “평생에 한 번밖에 없는 기회라고 생각했다. 마지막이라는 마음으로 후회 없이 던지자는 마음뿐이었다”며 “덕분에 좋은 결과로 이어진 것 같다”고 돌아봤다. 그러면서 “1군에서 좋은 모습을 보여드렸기 때문에 올스타전에도 출전할 수 있었던 것 같다”며 “하루하루가 감사하고 다행”이라고 미소 지었다. sshong@sportsseoul.com"
2026.07.10 17:09,"휴식기 첫날부터 엔트리 칼바람, KIA 황동하-장재혁 나란히 1군 말소…...",OSEN,"[OSEN=이후광 기자] 프로야구 휴식기 첫날 총 5명의 선수가 1군 엔트리에서 제외됐다. 프로야구 KIA 타이거즈는 올스타 브레이크 첫날인 10일 우완투수 황동하, 장재혁을 나란히 1군 엔트리에서 제외했다. 황동하는 전반기 KIA 선발진의 한 축을 맡아 18경기 6승 3패 1홀드 평균자책점 4.37을 기록했다. 최근 등판이었던 3일 광주 NC 다이노스전에서 4⅓이닝 4실점 난조 속 패전투수가 되며 아쉽게 전반기를 마무리했다. 장재혁은 지난 4일 이범호 감독의 부름을 받고 6일 동안 1군 선수단과 함께 했다. 1군 등판 기회도 얻었는데 7일 사직 롯데 자이언츠전에 구원으로 나서 2이닝 3피안타 무사사구 3탈삼진 1실점 투구를 펼쳤다. 장재혁은 1군 4경기 승패 없이 평균자책점 4.50을 남기고 일주일 만에 1군에서 제외됐다. 삼성 라이온즈는 포수 이병헌을 1군 엔트리에서 뺐다. 개막과 함께 100일 넘도록 2군에서 지낸 이병헌은 지난 7일 1군에 등록됐고, 8일 대구 LG 트윈스전에서 교체로 그라운드를 밟았다. 나흘만에 2군행이다. 그밖에 NC 다이노스는 투수 김태경, KT 위즈는 포수 강현우를 1군 말소했다. 휴식기에 돌입한 KBO리그는 엿새 간 휴식을 거쳐 오는 16일부터 후반기에 돌입한다. 그 전에 10일 퓨처스 올스타전, 11일 올스타전이 야구팬들을 기다리고 있다. 서울 잠실구장에서 열리는 마지막 올스타전이다. /backlight@osen.co.kr"
2026.07.10 17:07,"'6개월 출전정지' 배재고 야구부 재심, 20일 열린다… 효력정지 가처분...",스포츠투데이,"[스포츠투데이 이상필 기자] 5.18 민주화운동을 비하하는 응원 구호로 전국대회 6개월 출전정지 징계를 받은 배재고 야구부에 대한 재심이 오는 20일 열린다. 10일 서울시교육청에 따르면, 대한체육회는 오는 20일 오후 3시 스포츠공정위원회를 열어 배재고의 재심 청구 안건에 대해 심의한다고 학교 측에 통보했다. 배재고는 지난달 29일 서울 목동구장에서 열린 제81회 청룡기 전국고교야구선수권대회 광주제일고와의 경기에서 '가야지 가야지 스타벅스 가야지' '탱크데이' 등의 구호를 외쳐 큰 파문을 일으켰다. 이에 대한야구소프트볼협회는 지난 1일 스포츠공정위원회를 개최하고 배재고 야구부에 전국대회 6개월 출전정지 중징계를 내렸다. 이후 배재고 야구부는 광주일고를 찾아 자신들의 잘못을 사과하고 용서를 구했다. 광주일고 측에서도 배재고 야구부에 대한 선처를 호소했다. 이러한 가운데 배재고는 재심 청구를 할 수 있는 마지막 날인 지난 8일 대한체육회에 재심을 청구했다. 또한 법원에는 징계 효력정지 가처분을 신청했다. 오는 8월 6일 봉황대기 전국고교야구대회가 개막하는 가운데, 재심 또는 징계 효력 정지 가처분 신청 결과에 따라 배재고의 봉황대기 출전 가능 여부가 결정될 것으로 보인다. [스포츠투데이 이상필 기자 sports@stoo.com]"
2026.07.10 17:06,"등 번호 1번, 트윈스 고우석이 빅리그 마운드에 올랐다… 꿈이 이루어졌다",스포츠경향,"등 번호 1번, 미네소타 유니폼을 입은 고우석이 홈구장 타겟필드 마운드에 올랐다. 미국행 2년 반 만에 고우석의 메이저리그 데뷔가 이뤄졌다. 꿈이 현실로 이뤄지는 순간이었다. 고우석은 10일 클리블랜드전 2-4로 뒤지던 9회초 팀 4번째 투수로 등판했다. 홈런 하나를 맞고 1이닝 1실점 했다. 빅리그 첫 탈삼진도 솎아냈다. 고우석은 9회 첫 타자 다니엘 슈니먼을 1루 땅볼로 잡아냈다. 초구가 크게 빠졌지만 2구, 3구를 존 안으로 집어넣으며 볼 카운트 싸움에서 앞섰다. 4구 스플리터로 땅볼을 유도했다. 고우석은 후속 패트릭 베일리에게 홈런을 맞았다. 2구 슬라이더가 복판으로 몰렸다. 샌프란시스코에서 이정후와 한솥밥을 먹다 트레이드로 클리블랜드 유니폼을 입은 베일리가 실투를 놓치지 않고 오른 담장 바깥으로 공을 보냈다. 빅리그 첫 피홈런 이후 첫 탈삼진이 나왔다. 좀처럼 삼진을 당하지 않는 교타자 스티븐 콴과 10구 풀카운트 승부 끝에 헛스윙 삼진을 끌어냈다. 미국에서 새로 장착한 고우석의 스플리터에 콴의 방망이가 헛돌았다. 고우석은 트래비스 바자냐를 다시 내야 땅볼로 잡아내고 메이저리그 첫 등판을 마쳤다. 드래프트 전체 1순위 출신으로 지난 3월 월드베이스볼클래식(WBC)에서 호주 대표로 한국과 대결했던 바자냐를 맞아 고우석은 2구째 빠른공으로 1루 땅볼을 유도했다. 빅리그 데뷔까지 고우석은 지난한 인내의 시간을 보냈다. 2024년 1월 샌디에이고와 ‘1+1’ 총액 940만 달러 계약을 맺었지만, 개막 두 달 만에 마이애미로 트레이드됐고 이적 직후 얼마 지나지 않아 방출 대기(DFA) 신분이 됐다. 빅리그 마운드를 한번 밟기도 전 저기 귀국 가능성까지 거론됐다. 고우석은 그러나 버티고 또 버텼다. 마이애미와 마이너리그 계약을 맺었고, 방출 이후 지난해 6월 디트로이트와 다시 마이너리그 계약을 맺었다. 부상 악재가 겹쳤고, 마이너리그에서도 이렇다 할 성적은 내지 못했다. 빅리그 콜업은 요원해 보였다. 올해 고우석은 마지막 도전을 택했다. 빠르게 시즌을 준비하며 기회를 노렸다. 월드베이스볼클래식(WBC) 대표팀에 선발됐고, 사이판 전지훈련에서 가장 빠르게 불펜 피칭을 시작하는 등 각오를 다졌다. 올해 5월 고우석은 미국까지 찾아온 차명석 LG 단장의 복귀 권유를 고사하며 혹시 올지 모를 기회를 기다렸다. 고된 마이너리그 생활에 국내 복귀를 충분히 생각할 수 있었지만 빅리그를 향한 꿈이 워낙 컸다. 버티고 버틴 끝에 고우석은 드디어 꿈을 현실로 바꿔냈다. 불펜 강화가 필요했던 미네소타가 트레이드로 그를 영입했고, 빅리그 콜업을 보장했다. 같은 ‘트윈스’ 유니폼을 입고 끝내 인내의 결실을 맛봤다. 고우석의 메이저리그 커리어는 이제 시작이다. 고우석의 빅리그 커리어가 어디까지 이어질지는 냉정히 말해 아직 알 수 없다. 대형 계약을 맺고 미국 무대에 진출한 이정후(샌프란시스코)나 김혜성(LA 다저스), 송성문(샌디에이고) 등과 비교하면 고우석의 입지는 불안정할 수밖에 없다. 그러나 고우석의 인내와 도전은 그 자체로 의미가 크다. 비교적 불펜이 허술한 미네소타 팀 사정상 고우석이 꾸준히 성적을 낸다면 중용될 가능성 또한 충분하다. 심진용 기자 sim@kyunghyang.com"
2026.07.10 17:01,"“호세(호미페)도 좋았지만…거의 최고죠, 사람이 되게 괜찮아요” 레이예스...",마이데일리,"[마이데일리 = 부산 김진성 기자] “사람이 되게 괜찮아요.” 롯데 자이언츠 김태형 감독은 2015년 두산 베어스에서 사령탑 생활을 시작해 어느덧 10년 넘게 지휘봉을 잡고 있는, 이젠 KBO리그 대표 베테랑 사령탑이다. 비록 롯데를 상위권으로 끌어올리지 못하고 있지만, 경기운영능력과 선수에 대한 직관력은 여전히 빼어나다. 그런 김태형 감독이 이제까지 호흡을 맞춘 외국인타자 중 빅터 레이예스(32)는 몇 번째 정도 될까. 9일 부산 KIA 타이거즈전을 앞두고 “타자로서는 거의 최고라고 봐야죠. 감독으로 얘기할 수 있는 건 최고다. 호세(호세 미구엘 페르난데스, 두산 시절)도 좋았지만, 이 친구는 모든 면에서 굉장히 높게 평가를 해주고 싶어요”라고 했다. 레이예스는 2024년 김태형 감독 부임과 함께 롯데 유니폼을 입었다. 지난 2년간 최다안타와 2루타 1위를 놓치지 않았다. 올 시즌에도 85경기서 336타수 117안타 타율 0.348 11홈런 61타점 43득점 1도루 OPS 0.915 득점권타율 0.405로 맹활약한다. KBO리그에서 전통적으로 외국인타자에게 원하는 홈런타자가 아니다 보니 평가절하하는 시선도 있지만, 영양가 측면에서 레이예스를 뛰어넘을 타자는 거의 없다. 올해도 전반기 최다안타 1위, 2루타 8위, 타율 2위로 전반기를 마쳤다. 타격도 지난 2년간 2위와 4위였다. 수비력이 아주 좋다는 평가는 못 받았지만 올해는 수비에서의 공헌도도 높다. 그리고 이미 지난 2년 내내 전 경기에 나갔고, 올해도 전반기 전경기에 출전했다. 3년 연속 전경기 출전에 도전한다. 이런 부분들도 레이예스의 가치를 높인다. 김태형 감독은 “수비도 나 나가지. 전 경기를 다 뛰잖아”라고 했다. 김태형 감독은 그라운드 밖에서의 레이예스도 높게 평가했다. 자세히 언급하지 않았지만 “되게 애가, 사람이 괜찮은 것 같아요. 그냥 얌전하니…그냥 자기 거 묵묵히 하는 스타일이다”라고 했다. 베네수엘라 출신인데, 중남미 선수가 종종 지나치게(?) 활발한 경우가 많다. 그러나 레이예스는 그렇지도 않다. 한 마디로 어떤 감독이든 좋아할 스타일로 보인다. 물론 롯데도 그동안 레이예스보다 홈런을 더 많이 치는 외국인타자를 생각해보지 않았던 건 아닐 것이다. 그러나 레이에스는 정말 장점이 많은 선수다. 인내심을 갖고 이 선수와 동행하는 건 구단이 잘 하는 일 중의 하나라는 평가가 나온다."
2026.07.10 17:01,"""허리가 불편해서..."" 홈런 1위 '오'스틴, 홈런더비에서 못 본다, ...",더게이트,"[더게이트] 홈런 공동 선두 '오'스틴 딘의 시원한 홈런 스윙을 올스타 프라이데이에서 볼 수 없게 됐다. 대신 '오'태곤이 출전한다. KBO는 10일 서울 잠실구장에서 열리는 '2026 KBO 올스타전 컴투스프로야구 홈런더비'를 앞두고 LG 트윈스 오스틴 딘이 허리 통증으로 불참 의사를 밝혔다고 발표했다. 오스틴의 빈자리는 팬 투표 차순위 선수 중 출전 뜻을 밝힌 SSG 랜더스 오태곤이 채운다. 오스틴은 전반기 27개의 홈런을 터뜨리며 KIA 타이거즈 김도영과 홈런 공동 선두로 전반기를 마쳤다. 홈런더비에서도 치열한 타이틀 경쟁을 이어갈 것으로 예상됐다. 앞서 진행된 홈런더비 출전 선수 팬 투표에서도 1만 7889표를 얻어 최종 8인 명단에 당당히 이름을 올린 상태였다. 대신 기회를 잡은 선수는 오태곤이다. 오태곤은 올 시즌 74경기에 출전해 홈런 9개를 기록 중이다. 오태곤의 투표 순위는 12명의 후보 중 9330표로 12위에 그쳤지만, 9위 최정, 10위 최형우, 11위 르윈 디아즈가 모두 이번 홈런더비 출전을 고사하면서 출전 기회를 잡았다. 다만 오스틴은 11일 올스타전 본경기엔 정상 출전할 예정이다. 홈런더비에 나서려면 짧은 시간 안에 허리 회전력을 극대화한 스윙을 반복해야 한다. 실전 타석에선 투구 사이사이 회복할 틈이 있지만, 홈런더비는 짧은 시간 안에 전력 스윙을 연속으로 쏟아내야 한다. 이미 통증이 있는 상태에서 무리하게 스윙을 반복할 경우 부상이 커질 위험이 있어, 이번 출전을 포기한 것으로 풀이된다. 이날 홈런더비엔 오태곤을 포함해 김도영, 양의지, 박준순, 강백호, 문현빈, 허인서, 김주원까지 총 8명이 출전한다. 방식도 새로워졌다. 정해진 아웃카운트가 소진될 때까지 타격한 뒤, 1분간의 '컴프야 피버타임' 동안 추가 타격을 이어가는 구조다. 예선은 5아웃, 결승은 7아웃까지 타격할 수 있다. 우승자에게는 트로피와 상금 1000만원, 준우승자에게는 상금 300만원이 주어진다."
2026.07.10 17:00,"삼성 전반기 1위 등극에 힘보탠 심재훈 ""더그아웃서 쫄깃했다→주어진 역할...",스타뉴스,"[스타뉴스 | 잠실=박수진 기자] 삼성 라이온즈가 LG 트윈스와의 전반기 마지막 3연전에서 위닝 시리즈를 확정 지으며 전반기를 1위로 기분 좋게 마감했다. 치열했던 LG 트윈스와 3연전 맞대결에 모두 선발로 출장해 기여한 내야수 심재훈(20)이 경기 다음 날인 10일 안도의 한숨을 내쉬며 후반기를 향한 단단한 각오를 전했다. 지난 7일부터 9일까지 대구삼성라이온즈파크에서 열린 LG 트윈스전에 모두 선발 출장한 심재훈은 10일 잠실야구장에서 열리는 2026 KBO 퓨처스 올스타전을 앞두고 ""앞으로도 항상 주어진 상황에서 최선을 다하려고 노력하고 있다""는 시즌 각오를 전했다. 지난 7일 LG 선발 투수로 나선 앤더스 톨허스트를 상대로 2루타까지 치며 최근 타격감이 점차 살아나고 있다는 평가에는 ""타석에서 그동안 준비한 대로 하려고 했다. 선배님들과 코치님들께서 많은 도움을 주신 덕분""이라며 주변에 공을 돌렸다. 전반기 막판 치러진 LG와의 전반기 1위 결정전은 그야말로 숨 막히는 접전이었다. 9일 경기에서 선발 유격수 겸 8번 타자로 나선 심재훈은 경기 도중 교체되어 더그아웃에서 동료들의 플레이를 지켜봤던 순간을 떠올렸다. 심재훈은 ""정말 '쫄깃쫄깃'했다""면서 ""더그아웃에서 경기를 보는데 긴장감이 고스란히 느껴졌다. 경기장을 찾아주신 팬분들은 정말 재미있게 보셨을 것 같다""라며 미소를 지었다. 전반기 1위가 걸린 중요한 경기였던 만큼 압박감이 클 법도 했지만, 심재훈은 대범함을 잃지 않았다. 팀의 중심을 잡아주는 베테랑 선배들의 조언이 큰 힘이 됐다고 한다. 심재훈은 ""경기 시작 전 미팅 때 (구)자욱이 형이나 (강)민호 형이 '우리가 충분히 이길 수 있다'고 격려해 주셨다""며 ""덕분에 큰 경기라고 의식하기보다는 정규 시즌의 수많은 경기 중 한 경기일 뿐이라고 생각하고 편하게 임했다. 무조건 이긴다는 마음으로 '내가 할 수 있는 것만 하자'고 다짐했다""고 3연전을 앞뒀던 당시의 심경을 전했다. 이재현의 부상 공백 등으로 인해 그의 역할이 더욱 중요해진 상황 속에서, 심재훈은 흔들림 없이 자신만의 페이스를 유지하겠다는 계획이다. 후반기 활약에 대한 각오를 묻자 그는 ""앞으로도 경기 전 준비 과정부터 늘 해오던 제 루틴을 철저하게 지켜나갈 것""이라며 ""제가 제어할 수 있는 부분은 오직 철저한 준비뿐이다. 후반기에도 준비한 플레이를 경기장에서 후회 없이 보여드릴 수 있도록 최선을 다하겠다""고 포부를 밝혔다. 잠실=박수진 기자 bestsujin@mtstarnews.com"
2026.07.10 16:56,데뷔전 선발승→퓨처스 올스타전까지… 삼성 김백산이 꿈꾸는 육성선수 신화,스포츠한국,"[잠실=스포츠한국 심규현 기자] 두 번의 드래프트 낙방 후 육성선수로 삼성 라이온즈에 입단해 어느덧 퓨처스 올스타까지 선정된 김백산이 행사 참가 소감을 밝혔다. KBO는 10일 오후 6시 서울 잠실야구장에서 2026 KBO 퓨처스 올스타전을 진행한다. 삼성 중 이번 퓨처스 올스타에 참가한 선수는 총 4명. 2025 2라운드 13순위 내야수 심재훈, 2025년 4라운드 33순위 내야수 함수호, 그리고 2025년 육성선수로 입단한 김백산과 최예한이다. 김백산은 얼마 전 자신의 이름을 삼성, 그리고 KBO리그에 확실히 각인시켰다. 그는 지난 2일, NC 다이노스에서 꿈에 그리던 1군 선발 데뷔전을 가졌다. 그리고 이날 5.2이닝 무실점으로 승리 투수가 되면서 한화 이글스 박준영에 이어 역대 두 번째 육성선수 데뷔전 선발승이라는 진기록을 세웠다. 김백산의 이런 기록은 결코 우연이 아니었다. 그는 올 시즌 퓨처스리그에서 20경기 3승2패 1홀드 평균자책점 2.78의 준수한 성적을 남겼다. 1군 콜업 전 퓨처스리그 10경기에서는 3승 평균자책점 0.65의 눈부신 활약을 펼친 바 있다. 김백산은 이날 취재진으로부터 뜨거운 관심을 받았다. 그는 먼저 퓨처스 올스타에 선정된 것에 대해 ""너무 꿈만 같고 기분 좋다. 뽑힐 줄 몰랐는데 믿고 잘 키워주신 감독님께 너무 감사하다""고 소감을 전했다. 비록 약 1주일이 흘렀지만 김백산은 여전히 1군 데뷔전 당시의 긴장감을 잊지 못했다. 그는 ""그때는 숨도 안 쉬어질 정도로 떨렸다. 정말 평생 한 벌 올 기회니까 마지막이라 생각하고 후회없이 던지자고 생각한 것이 좋은 결과로 이어졌다""고 말했다. 그는 ""확실히 2군과 다르다는 걸 느꼈다""며 ""몰리는 공이 있으면 무조건 스윙이 나오더라. 그런 걸 개선해야 겠다는 생각이 들었다""고 덧붙였다 박진만 감독은 김백산이 등판을 마친 뒤 ""멋있었다""고 말했다. 이를 들었던 김백산은 ""정말 현실감이 떨어져 '이게 진짜 맞나' 계속 생각이 들었다. 너무 좋았다""고 웃으며 말했다. 삼성은 김백산의 등판 이후 거침없이 질주했고 후반기 마지막 경기에서 LG 트윈스를 제압, 1위로 전반기를 마쳤다. 강백산은 ""기회가 더 올지는 모르겠지만 만약 등판한다면 진짜 더 좋은 모습 보여드리겠다""고 각오를 밝혔다. 스포츠한국 심규현 기자 simtong96@sportshankook.co.kr"
2026.07.10 16:56,"'롤모델' 원태인 칭찬 받은 삼성 김백산 ""좋은 모습 보여줘 기뻐""",뉴스1,"(서울=뉴스1) 서장원 기자 = 육성선수로는 역대 두 번째로 KBO리그 데뷔전 선발승을 따낸 삼성 라이온즈 투수 김백산(23)은 '롤모델'이자 팀 선배 원태인 이야기가 나오자 함박 웃음을 지었다. 첫 선발승만큼이나 우상 앞에서 호투를 펼친 사실이 김백산을 더욱 기쁘게 했기 때문이다. 실제로 김백산은 고교 시절과 대학 시절 모두 원태인의 등번호 '18번'을 달고 뛰었다. 10일 잠실 구장에서 열리는 퓨처스 올스타전을 앞두고 만난 김백산은 ""TV로만 봐왔던 태인이형이 그렇게 말씀해주셔서 주위에 자랑하고 싶었다""고 말했다. 2025년 삼성에 육성선수로 입단해 주로 퓨처스(2군)리그에서 활약하던 김백산은 2군에서의 호성적을 발판으로 1군의 부름을 받았다. 그리고 지난 2일 NC 다이노스를 상대로 치른 1군 선발 데뷔전에서 5⅔이닝 무실점으로 선발승을 따내며 육성선수 출신으로는 역대 두 번째 데뷔전 승리 투수가 됐다. 김백산의 호투 이후 원태인은 ""김백산의 투구를 보면서 나도 큰 영감을 얻었다""며 후배에게 힘을 실어줬다. 김백산은 ""예전에 태인이형이 2군에 내려왔을 때 태인이형 앞에서 던지고 싶었는데 한 번도 못 보여줬다""라면서 ""그래서 이번에 잘 보여준 것 같아서 너무 좋다""고 말했다. 1군 데뷔전을 돌아본 김백산은 ""평생 한 번 올까 말까한 기회라서서 마지막이라고 생각하고 후회없이 던지자는 생각으로 던졌는데 결과도 잘 나왔다""고 소감을 밝혔다. 등판 후 깨달은 점도 명확했다. 김백산은 ""확실히 2군과 1군 타자가 다르다는 걸 느꼈다. 몰리는 공이 있으면 바로 타격하더라. 그 부분을 개선해야겠다고 생각했다""고 말했다. 2군과 1군에서의 활약에 힘입어 퓨처스 올스타로도 선정된 그는 ""꿈만 같다. 저를 믿고 키워주신 모리야마 감독님께 감사드린다""고 고마움을 전했다. 프로 입단 후 정식 선수로 전환해 두 자릿수 등번호를 다는 것이 최초 목표였던 김백산은 데뷔전 선발승과 더불어 올스타 선정으로 이미 자신의 목표를 초과 달성했다. 데뷔전 승리 투수가 된 직후 1군 엔트리에서 말소됐지만, 김백산은 아쉬워하지 않았다. 그는 ""아직 많이 부족하다는 걸 알기에 2군에서 더 개선하고 싶어 내려간 것""이라면서 ""(후반기에) 다시 기회가 온다면 더 좋은 모습을 보여드리겠다""고 각오를 다졌다. superpower@news1.kr"
2026.07.10 16:51,"최형우-양창섭 하드캐리…삼성, 2015년 이후 11년 만에 전반기 1위",동아일보,"삼성이 프로야구 전반기 레이스를 가장 높은 곳에서 마쳤다. 선두 경쟁을 벌이던 LG와 9일 안방 대구에서 전반기 마지막 경기를 치러 6-5, 한 점 차 승리를 따내며 선두에 올랐다. 삼성(승률 0.614)은 2위 LG(0.612)에 승차 없이 승률에서 2리 앞선다. 삼성은 전반기 팀 평균자책점 2위(4.11), 타율 3위(0.275)로 투타에서 모두 안정적인 경기력을 펼쳤다. 한국시리즈 통산 8회 우승에 빛나는 삼성이 1위로 반환점을 돈 건 2015년 이후 11년 만이다. 삼성은 그해 정규시즌도 결국 1위로 마쳤다. 삼성은 그 뒤로 정규시즌 1위를 차지한 적이 없다. 10구단 체제가 된 2015년 이후 전반기 1위 팀 가운데 81.8%(11회 중 9회)가 정규시즌 1위로 한국시리즈 무대에 직행했다. 삼성의 상승세는 KIA로 건너갔다가 10년 만에 복귀한 ‘베테랑’ 최형우(43) 효과를 빼놓고 설명할 수 없다. 최형우는 리그 최고령 선수라는 타이틀이 무색하게 출루율 4위(0.425), 타점 7위(66개), 타율 8위(0.329) 등에 이름을 올려놓고 있다. 홈런도 12개나 쳤다. 외국인 타자 디아즈(30)가 지난해에 비해 다소 주춤한 가운데 최형우가 무게중심을 잡으면서 삼성은 3~5번 타순 타율에서 리그 1위(0.302)를 기록 중이다. 디아즈(382타석)에 이어 두 번째로 많은 348타석을 소화하고 있는 최형우는 올 시즌 출장, 안타, 홈런, 도루 부문 등에서 최고령 기록을 갈아치웠고, 7일 경기에서는 리그 최초 1800타점 고지에도 올랐다. 김지찬(25), 이재현(23) 등 젊은 타자들의 성장세가 빠른 팀 타선에서도 최형우의 활약은 그라운드 안팎으로 긍정적인 영향을 끼치고 있다. 최형우는 “생각한 대로 완벽하게 전반기를 보낸 것 같다. 지금 팀 분위기면 충분히 우승에 도전할 수 있다”고 자신감을 드러냈다. 박진만 삼성 감독도 “(왼쪽) 골반이 좋지 않은 상황에서도 최형우가 최고참으로 중심역할을 잘 해줬다”고 말했다. 타선에 비해 무게감이 떨어진다는 평가를 받았던 마운드도 선두 싸움의 든든한 버팀목이 되고 있다. 특히 2018년 데뷔 후 줄곧 선발, 불펜을 오가던 양창섭(27)이 선발진 한 자리를 책임지면서 마운드 운용에 계산이 서게 됐다. 5월 중순 이후 붙박이 선발투수 자리를 꿰찬 양창섭은 전반기에 팀 내 최다인 7승(무패)을 기록했다. 신인 시절 세운 개인 최다승(7승) 기록을 전반기에 이미 채웠다. 5월 24일 사직 롯데전에서는 개인 통산 첫 완봉승을 무사사구로 장식하기도 했다. 불펜진도 강해졌다. 지난해 4.48이던 삼성 구원투수 평균자책점은 올해 3.78로 10개 구단 중 가장 좋다. 셋업맨 이승민(26), 마무리 김재윤(36)으로 이어지는 필승조도 안정적이다. 팬들도 힘을 보탰다. 전반기 삼성 안방 경기 42번 중 33번이 매진(2만4000명)이었다. 총관중 수도 97만6271명으로 LG(100만8068명)에 이어 두 번째로 많다. 강홍구 기자 windup@donga.com"
2026.07.10 16:51,"'벼락스타' 삼성 김백산, 거의 기자회견 열었다! → ""TV로만 보던 (...",스포츠조선,"[잠실=스포츠조선 한동훈 기자] 공식 기자회견급 취재 열기였다. 삼성 라이온즈 '육성선수 신화' 김백산(23)이 자신의 달라진 위상을 실감했다. 김백산은 10일 잠실구장에서 열리는 2026 KBO리그 퓨처스 올스타전에 출전한다. 경기 전 취재진이 가장 먼저 인터뷰를 요청한 선수는 바로 김백산이었다. 김백산은 KBO리그 역사상 두 번째 진기록의 주인공. 육성선수가 데뷔전에 선발투수로 출전해 승리투수가 됐다(역대 최초는 한화 박준영 2026년 5월 10일 대전 LG전). 김백산은 지난 2일 창원 NC전 5⅔이닝 2피안타 무실점 호투했다. 삼성은 6대1로 승리했다. 잠실에서 취재진에 포위당한 김백산은 ""너무 꿈만 같다. 너무 기분 좋다. 뽑힐 줄 몰랐는데 믿고 계속 잘 키워주신 모리야마 감독님께 정말 감사드린다""며 2군 감독에게 고마움을 전했다. 데뷔전 보다는 지금이 덜 떨리는 모양이다. 김백산은 ""그땐(첫 등판) 숨이 안 쉬어질 정도로 떨렸다. 지금은 그래도 괜찮다. 진짜 평생 한 번 올 기회니까 진짜 마지막이라 생각하고 후회 없이만 하자고 생각하고 던졌다. 결과가 좋았다""고 돌아봤다. 첫 승의 여운은 아직도 가시지 않았다. 김백산은 ""(박진만) 감독님께서 멋있다고 해주셨는데 그 한 마디가에 심금이 울렸다. 진짜 현실감이 너무 떨어져서 이게 진짜 맞나 싶었다. 계속 아침에 일어나서도 꿈인가 현실인가 구분이 안 될 정도로 너무 좋았다""고 솔직하게 말했다. 삼성 에이스 원태인이 김백산의 영웅이다. 김백산은 ""태인이 형은 진짜 TV로만 봤었는데 진짜 다 자랑하고 싶었다. 실물로 보니까 훨씬 잘생기셨다. 태인이 형 때문에 고등학교 때부터 등번호 계속 18번 달았다""며 팬심을 있는 그대로 나타냈다. 김백산의 프로 커리어는 이제 시작이다. 김백산은 ""기회가 또 언제 올지 모른다. 또 오게 된다면 진짜 더 좋은 모습 보여드리겠다""고 각오를 다졌다. 한동훈 기자 dhhan@sportschosun.com"
2026.07.10 16:40,"""말 같다. 어린데도 스태미너 안 떨어진다"" 꽃감독도 놀란 19살 리드오...",OSEN,"[OSEN=이선호 기자] 후반기도 펄펄 날까? KIA 타이거즈가 전반기를 무난하게 마감했다. 45승39패1무로 단독 4위를 기록했다. 전반기 막판 주루와 수비실책이 나오며 4연패에 빠졌으나 롯데 자이언츠와의 9일 마지막 경기를 잡고 가슴을 쓸어내렸다. 약체라는 평가 속에서도 선수들이 똘똘 뭉쳐 가을야구행 가능성을 높였다. 투수진도 잘 버텼지만 야수진의 힘이 강해졌다. 작년 세 차례의 햄스트링 부상을 당한 김도영과 캡틴 나성범이 부상없이 풀타임으로 중심타선을 이끌었다. 한준수가 3할 타자로 올라섰고 김호령도 공수에서 듬직했다. 여기에 새 얼굴 박재현의 등장은 최대의 호재였다. 루키였던 2025시즌 62타수 5안타 타율 8푼1리에 불과했다. 올해도 백업전력으로 시작했지만 이범호 감독이 과감하게 외야주전으로 기용하자 화끈하게 응답했다. 단타가 아닌 장타도 뿜어내더니 출루하면 도루를 성공시키는 등 공수주에서 맹활약을 펼쳤다. 리드오프로 펄펄 날아다니자 자연스럽게 중심타선으로 찬스가 이졌고 팀 득점력도 높아졌다. 새로운 타이거즈 리드오프의 등장이었다. 타선의 활력소이자 더그아웃에서도 활기 넘치는 분위기 메이커였다. 아이치-나고야 아시안게임 국가대표까지 발탁받았다. 6월 갑자기 슬럼프에 빠졌다. 상대의 견제에 기나긴 슬럼프도 겪기도 했다. 월간 타율 2할2푼2리에 그치면서 3할 타율도 붕괴되었다. 그럼에도 최근 10경기 3할1푼6리의 타율을 기록하며 전반기를 무사히 마쳤다. 전반기 성적은 2할8푼3리 8홈런 39타점 49득점 16도루 OPS .743 득점권 타율 3할5푼6리. 특급은 아니지만 우등생이었다. 황당 주루로 패배의 단초도 제공했다. 4일 NC와의 광주경기에서 9회말 한 점차로 뒤진 가운데 1사3루 주자로 김호령의 좌익수 뜬공때 백스킵과 리터치를 하지 않고 그대로 홈으로 달리는 통에 동점에 실패했다. 팬들의 원성을 사기도 했으나 다음날 우천취소되자 사죄의 퍼포먼스로 미안함을 전하기도 했다. 감독도 ""이런 플레이를 다시 하면 안된다""면서도 ""재현이 때문에 이긴 경기가 더 많다""며 감싸기도 했다. 이범호 감독이 주목하는 점은 슬럼프에 빠졌지만 무너지지 않고 반등했다는 점이다. ""이 정도만 해도 너무 잘한 것이다. 부상 없이 경기 나가고 있다. 스태미너도 잘 안 떨어진다. 거의 말 같다. 좋은 몸과 근육을 가졌다. 어린데도 피곤해하지 않고 잘 달린다. 컨디션을 유지하는 방법도 바로 터특하더라. 계속 성장하고 있다. 지금의 페이스만 유지해도 바랄 것이 없다""고 극찬과 기대를 아끼지 않았다. KIA가 후반기에서 가을티켓을 거머쥐기 위해서는 박재현의 꾸준한 활약이 필요하다. 아시안게임 출전 공백이 아쉽지만 전반기의 경험을 바탕으로 공수주에서 더욱 발전된 플레이를 펼친다면 팀에게는 큰 힘이 된다. 감독은 지금 정도만 해줘도 만족이지만 본인의 목표치는 그 이상일 것이다. 그래서 박재현의 후반기 모습이 더욱 궁금해진다. /sunny@osen.co.kr"
2026.07.10 16:38,[기고] 리틀야구 대표팀이 우리에게 던진 가장 큰 메시지,이데일리,"[박용후/관점 디자이너] 최근 한국 리틀야구 대표팀이 아시아·태평양·중동(APAC) 지역대회에서 우승하며 7년 만에 리틀리그 월드시리즈 진출권을 따냈다는 반가운 소식이 전해졌다. 어린 선수들은 강호 대만을 꺾고 당당히 아시아 정상에 올랐다. 누구도 대신 뛰어줄 수 없는 경기에서 아이들은 끝까지 포기하지 않았고, 결국 대한민국이라는 이름을 세계무대로 다시 올려놓았다. 무엇보다 먼저 박수를 받아야 할 사람은 이 어린 선수들이다. 또 묵묵히 아이들을 지도한 지도자들과 뒷바라지를 해온 부모들, 그리고 보이지 않는 곳에서 대회를 준비한 모든 관계자들에게도 우리는 감사의 마음을 전해야 한다. 최근 체육계 뉴스는 안타깝게도 갈등과 분쟁, 정치적 논란이 중심이 되는 경우가 적지 않았다. 누가 누구와 싸웠는지, 어떤 조직이 충돌했는지, 어떤 문제가 발생했는지가 뉴스의 대부분을 차지한다. 물론 잘못된 일은 바로잡아야 한다. 그러나 그것보다 더 많이 소개되어야 하는 것은 스포츠의 본질을 보여주는 이야기다. 바로 아이들의 성장이다. 스포츠는 메달보다 사람을 키우는 교육이다 리틀야구 선수들은 아직 어린 학생들이다. 그러나 그들은 이미 팀을 위해 희생하는 법을 배우고, 패배를 견디는 법을 배우며, 승리를 함께 나누는 법을 익힌다. 한 명의 스타가 아니라 모두가 자신의 역할을 다할 때 팀이 승리한다는 사실도 몸으로 체험한다. 이 과정에서 길러지는 책임감과 협동심, 배려와 인내는 교과서만으로는 배우기 어려운 삶의 자산이다. 그래서 스포츠는 단순한 경기나 취미가 아니다. 사람을 성장시키는 교육이며, 공동체를 배우는 학교다. 이번 리틀야구 대표팀의 성과 역시 우승이라는 결과보다 그 과정이 더 값지다. 수많은 훈련과 실패를 견디며 결국 꿈을 현실로 만든 경험은 아이들의 인생 전체를 지탱하는 자신감으로 남을 것이다. 체육계가 만들어야 할 뉴스는 이런 뉴스다 우리는 종종 체육계를 바라보며 실망한다. 그러나 체육계에는 여전히 묵묵히 자신의 역할을 다하는 선수와 지도자들이 훨씬 많다. 아이들이 세계무대에서 최선을 다했다는 뉴스가 더 자주 들려오고, 새로운 유망주가 성장했다는 소식이 더 많이 소개되며, 지역 스포츠클럽이 활기를 되찾았다는 이야기가 언론의 중심이 되어야 한다. 이런 뉴스가 많아질수록 아이들은 스포츠를 꿈꾸게 되고, 부모들은 안심하고 운동장을 찾게 되며, 사회는 스포츠를 갈등의 공간이 아니라 희망을 만드는 공간으로 바라보게 된다. 좋은 뉴스는 또 다른 좋은 뉴스를 만든다. 아이들이 보여준 희망을 어른들이 이어가야 한다 리틀야구 대표팀은 이번 우승으로 우리에게 중요한 질문을 던졌다. “우리는 아이들이 마음껏 꿈꿀 수 있는 체육 환경을 만들어주고 있는가.” 선수들은 자신의 몫을 다했다. 이제 어른들의 차례다. 정책을 만드는 사람은 더 좋은 환경을 만들고, 체육단체는 공정한 시스템을 구축하며, 지도자는 아이들의 성장을 최우선 가치로 삼아야 한다. 언론 역시 갈등만 조명하는 데 그치지 않고, 희망을 키우는 현장을 더 많이 비춰야 한다. 체육의 미래는 회의실이 아니라 운동장에서 만들어진다. 그리고 그 운동장에서 오늘도 땀 흘리는 아이들이 대한민국 스포츠의 미래다. 이번 리틀야구 대표팀의 우승은 단순한 한 번의 승리가 아니다. 대한민국 체육이 어떤 방향으로 나아가야 하는지를 보여준 작은 이정표다. 체육계에 이런 소식이 더 많아질 때 국민은 스포츠를 더욱 사랑하게 되고, 아이들은 더 큰 꿈을 꾸게 될 것이다. 그것이 우리가 리틀야구 대표팀에게 가장 큰 박수를 보내야 하는 이유다. 김현아 (chaos@edaily.co.kr)"
2026.07.10 16:32,울산 웨일즈 나가 “1점대 평균자책점 목표..KIA 김도영과 대결해보고 ...,뉴스엔,"[잠실=뉴스엔 안형준 기자] 나가가 퓨처스 올스타전 출전 소감을 전했다. '미래 별들의 잔치' 2026 KBO 퓨처스 올스타전이 7월 10일 서울 잠실구장에서 열린다. 전반기 퓨처스리그를 빛낸 선수들이 참가해 '내일의 스타'로서 팬들에게 선을 보인다. 울산 웨일즈 외국인 투수 나가 타이세이도 퓨처스 올스타에 선정됐다. 나가는 올해 창단한 울산 마운드를 이끌고 있다. 나가는 전반기 15경기에 등판해 94이닝을 투구하며 6승 2패, 평균자책점 2.20, 86탈삼진을 기록했다. 퓨처스리그 평균자책점 2위, 다승 공동 3위에 이름을 올리고 있다. 나가는 ""올스타전에 처음 참가해보는 것이라 많이 기대가 된다""며 ""시즌 초만 해도 올스타전에 나갈 수 있을 것이라는 상상은 못했다. 퓨처스리그를 처음 경험하는 외국인 투수인데 올스타까지 선정돼 영광이다""고 소감을 전했다. 퓨처스리그지만 한국 야구를 반 시즌 동안 경험한 나가는 ""타자들이 파워가 좋다. 스윙도 공격적이다. 내가 좋은 공을 던졌다고 생각해도 다 커트를 해낸다. 쉽지 않은 리그라고 생각한다""고 밝혔다. 새로운 리그에서 안정적인 시즌을 보내고 있는 나가다. 나가는 ""시즌 초반 많은 공을 던지며 ABS에 적응을 할 수 있었다. 리그에 적응이 된 덕분에 지금 좋은 성적을 쓰고 있는 것 같다""고 비결을 돌아봤다. 올해부터 KBO리그에 아시아쿼터 제도가 도입되며 아시아 선수들이 KBO리그 1군 무대에 뛸 수 있는 기회가 늘어났다. 비록 퓨처스리그지만 뛰어난 성적을 쓰고 있는 나가를 지켜보는 KBO리그 구단들도 있을 수 있다. 나가는 ""나는 변화구의 각도, 변화량이 좋고 변화구 컨트롤이 좋다는 것이 강점인 것 같다. 이런 부분들이 좋은 어필 포인트가 되면 좋겠다""고 말했다. KBO리그에서 상대해보고 싶은 선수도 있다. 바로 KIA의 김도영. 나가는 ""예전에도 그랬고 지금도 김도영과 대결을 해보고 싶다""며 ""김도영을 만난다면 다양한 변화구를 다 던져서 막아보고 싶다. 하지만 김도영이 워낙 잘하는 선수인 만큼 다 칠 것 같기는 하다""고 웃었다. 나가는 ""지금 평균자책점이 2점대인데 1점대까지 내릴 수 있다면 좋은 투수로 인정을 받을 수 있겠다는 생각이 든다. 그게 목표다. 탈삼진도 지금 90개 근처인데 후반기도 같은 페이스로 기록할 수 있으면 좋을 것 같다""고 후반기 목표를 밝혔다.(사진=나가) 뉴스엔 안형준 markaj@ 기사제보 및 보도자료 newsen@newsen.com copyrightⓒ 뉴스엔. 무단전재 & 재배포 금지"
2026.07.10 16:31,"우상 원태인 칭찬에 감격한 삼성 김백산 ""실물이 훨씬 잘생겨""",연합뉴스,"(서울=연합뉴스) 이대호 기자 = ""진짜 평생 한 번 올 기회니까 마지막이라 생각하고 후회 없이 던지자고 마음먹었습니다."" 프로 데뷔전에서 깜짝 선발승을 거둔 뒤 KBO 퓨처스(2군) 올스타전 마운드까지 밟게 된 삼성 라이온즈 우완 투수 김백산(22)은 여전히 구름 위를 걷는 듯한 표정이었다. 10일 서울 잠실구장에서 열리는 퓨처스 올스타전에 앞서 만난 김백산은 ""최고의 선수들만 모인 자리에 오게 돼 너무 꿈만 같다""며 ""드래프트 지명은 안 됐지만 2군 내려오는 형들을 보며 많이 느끼고 포기하지 않은 덕분에 좋은 기회가 온 것 같다. 키워주신 모리야마 료지 (2군) 감독님께 진심으로 감사드린다""고 감격스러운 소감을 밝혔다. 강릉고와 부산과학기술대를 졸업하고 2025년 육성선수로 삼성에 입단한 김백산은 지난 2일 창원 NC 다이노스전에서 1군 무대에 혜성처럼 등장했다. 선발 투수 중책을 맡아 5⅔이닝 2피안타 4볼넷 3탈삼진 무실점 호투로 당당히 승리 투수가 됐다. 육성선수가 선발 데뷔전에서 승리를 따낸 것은 올해 박준영(한화 이글스)에 이어 프로야구 역대 두 번째다. 김백산은 ""1군 첫 등판 때는 진짜 숨이 안 쉬어질 정도로 떨렸다""고 털어놓으며 ""결과가 좋았지만, 확실히 1군 타자들은 몰리는 공을 무조건 쳐 내더라. 개선해야 할 점을 많이 느꼈다""고 되돌아봤다. 김백산의 역투는 삼성의 '푸른 피의 에이스' 원태인에게도 큰 자극제가 됐다. 원태인은 김백산의 등판 다음 날인 3일 인천 SSG 랜더스전에서 선발승을 거둔 뒤 ""시원시원하게 던지는 백산이의 투구가 큰 영감을 줬다""고 칭찬했다. 이에 대해 김백산은 활짝 웃으며 ""원태인 선배님 때문에 중·고등학교 때 등번호 18번을 달았을 정도로 제일 본받고 싶은 선수""라며 ""항상 선배님께 내가 던지는 걸 보여주고 싶었는데, 이번에 잘 보여준 것 같아 너무 좋다. 실물로 뵈니 훨씬 잘생기셨더라""고 팬심을 드러냈다. 두 자릿수 등번호를 달고 정식 선수로 전환되는 것이 당초 목표였지만, 선발승과 올스타 선정으로 이미 기대를 훌쩍 뛰어넘었다. 데뷔전 직후 1군 엔트리에서 말소돼 퓨처스리그에서 선발 수업을 받는 것에 대해서도 의연했다. 그는 ""아직 부족하다는 걸 알기에 2군에서 더 개선하고 싶어 내려간 것이 아쉽지 않았다""며 ""다시 기회가 온다면 진짜 더 좋은 모습을 보여드리겠다""고 후반기 당찬 각오를 다졌다. 4bun@yna.co.kr (끝) ▶제보는 카톡 okjebo"
2026.07.10 16:31,"홈런 공동 선두 오스틴, 허리 불편에 홈런더비 불참...SSG 오태곤 대...",마니아타임즈,"리그 홈런 공동 선두를 달리는 LG 트윈스 오스틴 딘(32)이 허리 불편감으로 10일 잠실구장에서 열리는 2026 KBO 올스타전 컴투스프로야구 홈런더비에 나서지 못한다. KBO는 이날 홈런더비 출전 예정이던 오스틴이 허리 불편감으로 출전이 어렵다는 뜻을 전해왔다고 밝혔다. 이에 팬 투표 후순위 선수들에게 순차적으로 확인한 결과 SSG 오태곤의 출전이 확정됐다. 다만 오스틴은 11일 올스타전에는 정상 출전할 예정이다. 오스틴은 올 시즌 전 경기(85경기)에 나서 타율 0.339, 27홈런, 83타점, OPS 1.082를 기록 중이다. 홈런 부문에서는 김도영(KIA)과 공동 선두다. 대신 나서는 오태곤은 올 시즌 74경기에서 타율 0.230, 9홈런, 27타점을 기록했다. [김선영 마니아타임즈 기자 / maniareport@naver.com] 기사제보 및 보도자료 report@maniareport.com"
2026.07.10 16:23,"외인 첫 퓨처스 올스타전 출전… 울산 나가 ""언젠가 KIA 김도영과 상대...",스포츠한국,"[잠실=스포츠한국 심규현 기자] 외국인 선수 최로 알렉스 홀과 함께 퓨처스 올스타전에 출전하는 울산 웨일즈의 나가 타이세이가 향후 KBO리그에서 상대하고 싶은 타자로 KIA 타이거즈 김도영을 언급했다. KBO는 10일 오후 6시 서울 잠실야구장에서 2026 KBO 퓨처스 올스타전을 진행한다. 이번 올스타전에는 올 시즌 앞두고 창단된 울산 웨일즈 소속 선수들도 이름을 올렸다. 남부 올스타에 배정된 울산은 투수 나가, 포수 알렉스 홀, 마지막 외야수 김서원이 당당히 이름을 올렸다. 한국 팬들에게는 독특한 이름으로 먼저 알려진 나가는 올 시즌 퓨처스리그에서 15경기 6승2패 평균자책점 2.20의 준수한 성적을 남기고 있다. 같은 팀의 오카다 아키타케, 고바야시 주이와 달리 일본프로야구(NPB) 경험은 없지만 퓨처스리그를 평정하며 미래를 기대하게 만들고 있다. 이날 경기 전 취재진과 만난 나가는 ""시즌 초반에는 올스타전에 참가할거라 생각도 못했다. 퓨처스리그에서 처음 던지는 외국인 투수였는데 이렇게 올스타전까지 선발 돼 영광""이라고 전했다. 짧은 시간 한국 야구를 경험해본 소감을 묻자 그는 ""타자들이 파워도 좋고 스윙도 적극적이다. 좋은 공을 던져도 다 커트하기에 힘든 리그라 생각한다""고 말했다. 가장 기억에 남는 선수로는 삼성 라이온즈 이창용, 만나고 싶은 선수로는 KIA 김도영을 뽑았다. 먼저 이창용에 대해선 ""가장 좋은 공을 던졌다고 생각했는데 이창용 선수가 잘 쳐 '정말 좋은 타자다'라는 생각이 들었다""며 이유를 공개했다. 이어 김도영에 대해서는 ""전에 방송 인터뷰에서도 비슷한 질문을 받은 적이 있었는데 그때도 김도영이라 말했었다. 지금도 마찬가지다. 보유한 변화구가 많기에 김도영 선수에게 이를 던져 어떻게든 막고 싶다는 생각이 강하다. 그런데 아마 김도영 선수는 다 칠 것 같다""고 웃으며 말했다. 나가는 향후 목표로 ""현재 2점대 방어율인데 1점대로 내려가면 좋은 투수로 인정받겠다는 생각이 들어 이를 목표로 삼고 있다. 또 지금 삼진도 90개(현재 86개) 정도를 잡았는데 후반기에도 이 페이스를 이어가고 싶다""고 밝혔다. 스포츠한국 심규현 기자 simtong96@sportshankook.co.kr"
2026.07.10 16:13,"'탱크데이 조롱' 배재고, 징계 재심의 일정 14일에 확정",스포츠한국,"[스포츠한국 김성수 기자] 청룡기 대회 중 광주일고를 향해 지역 비하 의미가 담긴 조롱을 해 논란을 일으킨 배재고 야구부의 징계 재심의 가능성이 생겼다. 10일 연합뉴스에 따르면 대한체육회는 오는 14일 스포츠공정위원회 소위원회를 열어 배재고 야구부의 6개월 출전 정지 징계 재심의 일정을 확정하기로 했다. 소위원회의 안건 상정 후 공정위가 징계를 재심의 한다. 만약 출전 정지 1개월 이하 등으로 징계가 크게 감경하면, 배재고 야구부는 8월6일 개막하는 제54회 봉황대기 전국고교야구대회에 나서게 된다. 하지만 안건 상정이 20일 이후로 미뤄지면 해당 대회 출전은 어렵다. 봉황대기는 배재고가 올해 출전할 수 있는 사실상 마지막 전국대회라고 봐야 한다. 논란의 시작은 지난달 29일 광주제일고와의 청룡기 1회전에서 발생했다. 당시 배재고 선수들은 더그아웃에서 ""가야지, 가야지, 스타벅스 가야지"", ""탱크데이"" 등 지역 비하 응원을 펼쳤다. 이는 지난 5월, 스타벅스가 진행한 행사가 5.18 민주화 운동 당시 계엄군의 탱크를 연상시켰다는 이유로 논란이 됐던 '탱크데이' 사태를 그대로 모방한 것이다. 이를 들은 광주일고 코치는 경기 중 강하게 항의했고 배재고는 경기 후 사과문을 올렸다. 하지만 논란은 좀처럼 사그라지지 않았고 1일, 대한야구소프트볼협회는 배재고 야구부에게 6개월 대회 출전 정지 징계를 내렸다. 청룡기 2회전은 몰수패 처리됐다. 배재고 야구부원 36명 전원과 학부모 일부, 교직원 등 86명은 지난 6일 광주일고를 방문해 사과의 뜻을 전했다. 스포츠한국 김성수 기자 holywater@sportshankook.co.kr"
2026.07.10 16:08,"한화 '6위+5할 수성' 잘 버텼다! ""불펜 승리조 완전히 무너졌었는데""...",엑스포츠뉴스,"(엑스포츠뉴스 대전, 김근한 기자) 한화 이글스가 전반기 예상하기 힘들었던 필승조 불펜진 붕괴에도 승률 5할을 수성하며 전반기를 마무리했다. 한화는 지난 9일 대전 한화생명볼파크에서 2026 신한 SOL뱅크 KBO리그 NC 다이노스전을 치러 6-4로 승리했다. 한화는 전반기 최종전 승리로 시즌 40승2무40패로 승률 5할과 6위 자리를 수성했다. 한화 김경문 감독은 전반기 최종전 승리 뒤 ""오늘 경기 승리는 5할 승률로 상반기를 마칠 수 있어 의미가 있는 승리""라며 흡족한 미소를 지었다. 한화는 6위로 전반기를 마무리했지만, 여전히 4위 KIA 타이거즈(3경기 차)와 5위 두산 베어스(1.5경기 차)까지 사정권에 있다. 후반기부터 다시 5강 가을야구 합류 경쟁에 나서고자 한다. 김경문 감독은 후반기 팀 전력에 대한 솔직한 시각을 전했다. 먼저 전반기와 달라진 불펜진 사정부터 짚었다. 김 감독은 ""초반에 시작할 때 불펜 승리조가 완전히 무너져서 팀이 많이 힘들었다. 그런데 지금은 6~9회 사이 불펜 투수가 어느 정도 생겼다""고 고갤 끄덕였다. 실제 한화는 시즌 초반 필승조로 기대했던 김서현과 정우주가 동반 부진에 빠져 큰 어려움을 겪었다. 임시 대체 외국인 투수로 데려온 잭 쿠싱을 마무리 투수로 돌려 쓸 정도였다. 하지만, 전반기 중반부터 마무리 투수 이민우를 중심으로 이상규, 조동욱 등이 필승조로 자리 잡아 불펜 안정화 흐름을 보였다. 전반기 최종전에서도 4-4 동점 상황에서 이상규과 이민우가 무실점 투구를 펼치며 팀 승리를 지켰다. 후반기 체력 관리에 대한 우려는 있다. 한화는 전반기 가장 적은 경기(82경기)를 치른 팀이다. 후반기 막판 일본 아시안게임 야구대표팀 차출 기간도 겹치는 가운데 빡빡한 경기 일정을 소화할 전망이다. 김 감독은 ""불펜 투수들이 후반기 일정을 버텨야 하는데 내가 볼 때는 일정이 좀 빡빡하다. 우리가 3~4경기 정도를 못 했더라. 그러면 체력적으로 그걸 조금 잘 이겨내야 하지 않을까 생각하고 있다""고 바라봤다. 이어 ""상대 팀들이 쉴 때 몇 경기 더한다고 생각해야지 어떡하겠나. 일단 그렇게 준비해야 한다. 아시안게임 차출 공백은 다른 팀들도 다 마찬가지""라고 덧붙였다. 부상으로 이탈 중인 베테랑 내야수 채은성의 복귀 시점에 대해서도 조심스러운 입장을 밝혔다. 채은성은 쇄골 부상 뒤 최근 재활 경기를 치르다 통증이 재발해 복귀가 또 미뤄졌다. 김 감독은 ""퓨처스 경기를 하고 또 와야 하지 않을까 감이 있는데 오는 것보다는 충분히 거기서 경기를 조금 더 해야 할 듯싶다. 퓨처스 경기 중에 또 부위가 아팠으니까 지금은 딱히 복귀 날짜를 정하기 어렵다""고 전했다. 이어 ""본인이 완전히 괜찮다고 할 때 얘기를 하지 않을까 생각한다""고 덧붙였다. 불펜 필승조가 안정을 찾아가고 있는 것은 분명히 긍정적인 신호다. 그러나 빡빡한 후반기 일정과 채은성의 불확실한 복귀 시점은 김경문 감독이 올스타 휴식기 동안 가장 고민해야 할 숙제로 남아있다. 사진=한화 이글스 김근한 기자 forevertoss88@xportsnews.com"
2026.07.10 16:05,"체육회 스포츠공정위, 14일 '배재고 징계' 재심 채택 여부 결정",뉴스1,"(서울=뉴스1) 이상철 기자 = '5·18 민주화운동 비하 응원'으로 6개월 출전정지 징계를 받은 배재고 야구부에 대한 재심의가 20일 열리는 대한체육회 스포츠공정위원회에 상정될지 14일 결정된다. 대한체육회 관계자는 10일 뉴스1에 ""20일 서울 송파구 올림픽회관에서 열리는 제19차 스포츠공정위원회에서 배재고 야구부의 징계를 재심의할지는 아직 확정되지 않았다""고 말했다. 이번 스포츠공정위는 별건으로 배재고 야구부 재심의를 위해 개최되는 게 아니라 밀려있는 재심 청구 안건을 다루기 위해 일정이 잡혀있다. 대한체육회에 따르면 14일 열리는 징계 심의 소위원회에서 다음 스포츠공정위 안건을 다루는데, 배재고 야구부의 재심 청구도 포함된다. 앞서 서울시교육청은 대한체육회가 배재고에 20일 스포츠공정위를 개최해 재심을 심의한다는 일정을 전달했다고 밝혔다. 그러나 대한체육회는 해당 내용의 사실이 일부 틀린 부분이 있다면서 ""재심의 진행 시 7일 전 이 사실을 통보해야 한다. (징계 심의 소위원회가 스포츠공정위 개최 6일 전에 열리기 때문에) 안건이 채택될 경우를 대비해 관계자 출석 등 준비 차원으로 다음 스포츠공정위 개최 날짜를 알린 것""이라고 설명했다. 배재고는 지난달 29일 서울 목동구장에서 열린 제81회 청룡기 전국고교야구선수권대회 광주제일고와 1회전에서 ""스타벅스 가야지"", ""탱크데이"" 등의 구호를 외쳐 5·18 민주화운동을 비하했다는 비판을 받았다. 대한야구소프트볼협회 스포츠공정위원회는 지난 1일 해당 사안을 심의해 배재고 야구부에 전국대회 6개월 출전정지 처분을 내렸다. 배재고는 이에 불복, 8일 대한체육회 스포츠공정위에 재심을 청구했다. 대한체육회는 특별한 문제가 없는 한 재심의 요청 건에 대해 60일 이내 스포츠공정위를 개최해야 한다. 대한체육회 스포츠공정위가 재심 청구 후 2주도 채 지나지 않은 안건을 다루는 건 매우 이례적인 일이다. 다만 배재고 야구부의 징계가 사회적 이슈로 대두된 만큼 체육계에선 대한체육회 스포츠공정위가 해당 안건을 질질 끌고 갈 가능성이 작다는 의견이 지배적이다. 배재고는 이달 열리는 대한체육회 스포츠공정위에서 해당 안건이 심의돼 6개월 출전 정지 징계를 대폭 감경 받는다면 다음 달 6일 개막하는 봉황대기에 출전할 수 있다. 두 학교 간 사과와 용서가 이뤄지면서 바뀐 기류를 대한체육회 스포츠공정위가 참작할 여지도 있다는 의견도 제기된다. rok1954@news1.kr"
2026.07.10 15:53,"잠실의 마지막 밤, 별들이 뜬다…양의지·최형우, 기록 도전 관심",이데일리,"[이데일리 스타in 이석무 기자] 한국 프로야구의 추억이 켜켜이 쌓인 잠실야구장에서 마지막 ‘별들의 축제’가 열린다. 2026 신한 SOL KBO 올스타전이 11일 서울 잠실야구장에서 펼쳐진다. 1982년 문을 연 잠실야구장에서 열리는 14번째이자 마지막 올스타전이다. 베테랑들의 기록 도전과 새 얼굴들의 패기, 드림과 나눔 올스타의 자존심 대결이 잠실의 마지막 밤을 수놓는다. 가장 주목받는 선수는 두산 포수 양의지다. 양의지는 팬 투표에서 역대 최다인 260만5510표를 얻어 통산 15번째 올스타에 선정됐다. 강민호, 양준혁과 함께 역대 공동 2위다. 16차례 선정된 KT 김현수만이 양의지보다 앞서 있다. 양의지는 개인 두 번째 ‘미스터 올스타’에도 도전한다. 2020년 비대면 방식으로 진행된 올스타 행사에서 기자단 투표 82표 중 65표를 얻어 MVP에 올랐다. 이번에도 MVP를 차지하면 김용희, 박정태, 정수근, 이대호, 홍성흔에 이어 역대 여섯 번째로 올스타전 MVP를 두 차례 받은 선수가 된다. 최정과 최형우도 각각 두 번째 MVP를 노린다. 잠실과 작별하는 베테랑들의 기록 도전도 관심거리다. 삼성 최형우는 42세6개월25일의 나이로 올스타전에 출전한다. 2010년 양준혁이 세운 올스타전 최고령 출장과 최고령 홈런 기록을 동시에 갈아치울 수 있다. 올 시즌 정규리그에서도 최고령 출장과 안타, 홈런, 도루 기록을 새로 쓴 최형우가 별들의 무대에서도 다시 빛날지 주목된다. 한화 류현진은 2009년 이후 17년 만에 감독 추천 선수로 올스타전에 나선다. 2024년 37세3개월11일의 나이로 올스타전 최고령 승리 투수가 됐던 류현진은 이번 대회에서 39세3개월16일로 자신의 기록 경신에 도전한다. 3루수 역대 최다인 10차례 베스트에 선정된 최정은 개인 14번째 올스타전을 준비한다. 구자욱도 통산 11번째 올스타 선정과 9번째 출전을 앞뒀다. 새로운 별도 대거 등장한다. 이번 올스타전 첫 출전 선수는 27명으로 전체 명단의 절반이 넘는다. 드림 올스타 선발 곽빈은 프로 데뷔 8년 만에 처음으로 별들의 무대에 선다. 나눔 올스타 선발 올러는 지난해 부상으로 출전하지 못했던 아쉬움을 씻는다. 키움 신인 박준현은 올해 유일한 고졸 신인 올스타다. 롯데 박정민은 대졸 신인으로 데뷔 첫해 올스타에 뽑혔다. 키움 마무리 유토는 아시아쿼터 선수 가운데 유일하게 출전 명단에 이름을 올렸다. KT 최원준은 프로 데뷔 10년 만에 처음으로 올스타전 무대를 밟는다. 잠실을 홈으로 쓰는 두산 박준순과 LG 우강훈, 구본혁, 문성주, 송찬의도 생애 첫 올스타전에서 잠실의 마지막을 함께한다. 팀 대결에서는 나눔 올스타가 5연승에 도전한다. 2015년 시작된 드림과 나눔의 맞대결에서 나눔은 5승4패로 앞서 있다. 2022년부터는 4년 연속 승리했다. 지난해에는 박동원이 홈런을 포함해 4타수 3안타 3타점을 올리며 MVP를 차지했고, 김태군도 쐐기 홈런을 터뜨려 8-6 승리를 이끌었다. 드림 올스타는 2019년 창원NC파크에서 거둔 9-7 승리 이후 7년 만의 승리를 노린다. 이석무 (sports@edaily.co.kr)"
2026.07.10 15:52,배재고 징계 재심의 일정 14일에 결정…봉황대기 출전 분수령(종합),연합뉴스,"(서울=연합뉴스) 김경윤 오보람 기자 = 대한체육회는 오는 14일 스포츠공정위원회(위원장 이영진·이하 공정위) 소위원회를 열어 배재고 야구부의 6개월 출전 정지 징계 재심의 일정을 확정하기로 했다. 대한체육회 관계자는 10일 연합뉴스와 통화에서 ""소위원회에서 배재고 징계 재심의 안건을 오는 20일에 열리는 차기 공정위 안건으로 상정할지 결정할 예정""이라고 전했다. 소위원회가 해당 안건을 20일 공정위에 상정하고, 공정위가 배재고 야구부 징계를 출전 정지 1개월 이하로 대폭 감경하면 배재고 야구부는 다음 달 6일 개막하는 제54회 봉황대기 전국고교야구대회에 출전할 수 있다. 반면 소위원회가 해당 안건 상정을 20일 이후로 미루면 봉황대기 출전은 무산된다. 안건이 20일 공정위에 상정되더라도 징계가 충분히 감경되지 않으면 대회 출전은 불가능하다. 대한체육회 규정에 따르면, 공정위는 산하 단체 징계에 관한 최종심 역할을 하며 심의 당일 결론을 내린다. 재심의 결과는 공정위 의결 직후 효력이 발생한다. 아울러 공정위는 개별 안건을 따로 처리하지 않고, 정해진 일정에 맞춰 개최해 여러 안건을 함께 심의하는 것을 원칙으로 한다. 대한체육회 관계자는 ""현재 접수된 안건이 많은 만큼 배재고 안건을 20일 공정위에서 심의할지 확답하기 어렵다""며 ""14일 소위원회에서 위원들이 결정할 것""이라고 설명했다. 배재고 야구부 일부 선수들은 지난달 29일 서울 양천구 목동구장에서 열린 제81회 청룡기 전국고교야구선수권대회 광주제일고(광주일고)와 경기에서 상대 팀 더그아웃을 향해 ""가야지, 가야지, 스타벅스 가야지"", ""탱크 데이""라는 구호를 외쳐 파문을 일으켰다. 이에 대한야구소프트볼협회 스포츠공정위원회는 지난 1일 배재고 야구부에 6개월 출전 정지와 함께 청룡기 전국고교야구선수권대회의 남은 경기 몰수패를 의결했다. 이 징계로 배재고는 올해 출전할 수 있는 사실상 마지막 전국대회인 봉황대기 출전이 어려워졌고, 3학년 학생 선수들의 대학 입시와 프로야구 진출에도 영향을 받게 됐다. 배재고 야구부와 학교 관계자들은 최근 광주일고를 찾아 사과했으며 이규연 광주일고 교장은 7일 입장문을 통해 징계 감경 선처를 요청했다. 배재고는 지난 8일 대한체육회 공정위에 6개월 출전 정지 징계에 관한 재심의를 신청했다. 이와 별도로 이날 법원에 6개월 출전정지 처분에 대한 효력 정지 가처분 신청서도 냈다. 법원이 배재고의 신청을 인용할 경우, 출전정지 처분의 효력이 즉시 정지돼 재심의 일정과 관계없이 대회에 출전할 수 있게 된다. cycle@yna.co.kr rambo@yna.co.kr (끝) ▶제보는 카톡 okjebo"
2026.07.10 15:32,"'전반기 1위' 2026 삼성은 사실 투수의 팀입니다…""제일 고맙다"" 박...",마이데일리,"[마이데일리 = 김경현 기자] 삼성 라이온즈가 전반기를 1위로 마쳤다. 타격의 팀이라는 이미지와는 달리, 전반기 선전의 비결은 투수력이다. 박진만 감독이 뽑은 전반기 수훈갑은 구원진에 있었다. 삼성은 9일 대구 삼성 라이온즈파크에서 열린 2026 신한 SOL KBO리그 LG 트윈스와 홈 경기에서 6-5로 승리했다. 이날 승리로 승률 0.614(51승 2무 32패)를 기록, LG(0.612·52승 33패)를 간발의 차로 제치고 전반기 1위를 확정 지었다. 2015년 이후 11년 만에 전반기 1위 마무리다. 박진만 감독은 ""우여곡절이 있었다. 초반에 7연패도 하고, 중간 연패도 있었지만 전반기를 버틸 수 있던 힘은 투수력이다. 타격 사이클이 좋았다가 확 떨어졌을 때 투수들이 잘 버텨줬기 때문에 1위 경쟁을 하고 있다""고 돌아봤다. 그러면서 ""선발도 그렇고 불펜도 잘 버텨줬다. 후반기 들어가면 페이스를 끌어 올리고 목표로 했던 그 이상의 순위로 올라갈 수 있게끔 잘 준비를 하겠다""고 했다. 타격의 팀이란 이미지가 있지만, 사실은 투수도 강하다. 팀 OPS(0.778) 2위, 타율(0.275) 3위로 상위권이긴 하지만 '최강'이란 시즌 전 전망과는 약간 다르다. 팀 홈런(75개) 역시 LG와 함께 공동 5위다. 반면 팀 평균자책점(4.11)은 2위다. 특히 구원 평균자책점이 3.78로 압도적 1위다. 2위 두산 베어스(4.35)와도 차이가 크다. 박진만 감독은 ""수술하고 복귀하는 파이어볼러들이 많았다. 그 선수들이 복귀하면 분명 (불펜진이) 탄탄해질 거라 긍정적으로 생각했다. 그 선수들로 인해서 다른 선수들까지 안정감이 생길 거란 부분은 예상 못 했다. 불펜진으로 전반기를 버텨서 지금까지 올 수 있었다""고 밝혔다. 그렇다면 전반기를 돌아봤을 때 제일 고마운 선수는 누구일까. 박진만 감독은 ""다들 고생 많이 했는데, 그래도 투수 쪽에 이승민과 김재윤이다. 전반기 선발들은 휴식을 주고, 불펜도 한 번씩 휴식을 줬는데, 이승민과 김재윤은 전반기 내내 풀타임으로 뛰었다. 두 선수가 지금 제일 고맙다""고 말했다. 이승민은 42경기 4승 무패 13홀드 평균자책점 1.83으로 펄펄 날고 있다. 리그 홀드 공동 3위. 지난해 8홀드를 기록하더니 올 시즌 리그 탑급 필승조로 거듭났다. 김재윤은 올해 40경기에서 4승 3패 22세이브 평균자책점 2.87을 기록했다. 리그 세이브 1위다. KT 위즈 시절인 2023년 이후 3년 만에 20세이브 고지를 밟았다. 삼성은 전반기 1위를 넘어 가장 높은 곳을 노린다. 이승민과 김재윤은 후반기 어떤 활약을 선보일까."
2026.07.10 15:16,"‘허리 불편’ 오스틴이 빠졌다… 홈런왕 맞대결 무산, 김빠진 홈런 더비",스포츠경향,"KIA 김도영과 LG 오스틴 딘의 올스타전 ‘홈런 더비’ 맞대결이 무산됐다. 전반기 27홈런을 때려내며 김도영과 공동 1위를 기록한 오스틴이 허리 불편으로 출장을 고사하면서다. KBO는 올스타전을 하루 앞둔 10일, 오스틴이 홈런 더비에서 빠지고 SSG 오태곤이 대신 나간다고 밝혔다. KBO는 “홈런 더비에 출전할 예정이던 LG 오스틴이 허리 불편감으로 출전히 불가하다는 의사를 KBO에 전달했다”며 “팬 투표 후순위 선수에게 순차적으로 출전 여부를 물어 SSG 오태곤의 출장이 확정됐다”고 밝혔다. LG 구단 관계자는 “오스틴이 전반기 전경기(85경기)를 출장하면서 피로가 쌓이면서 근육 뭉침 증세가 있었다. 9일 삼성전에 지명타자로 나간 것도 그런 이유”라며 “홈런 더비의 경우 순간적으로 힘을 크게 써야 하는 만큼 우려가 있었다”고 전했다. 홈런 더비는 빠졌지만 경기 출장이 불가능한 부상은 아니다. 11일 잠실 구장에서 열리는 올스타전도 일단은 정상 출장할 예정이다. 오스틴은 올스타전 팬 투표에서 전체 2위인 239만2848표를 받아 나눔 올스타 1루수로 뽑혔다. 오는 16일 시작하는 후반기도 현재로선 출장을 걱정할 단계는 아니다. 부상을 걱정한 조치라고 하지만 아쉬움이 남는다. 오스틴은 김도영과 치열하게 홈런 경쟁을 벌이며 27홈런 동률로 전반기를 마쳤다. 국내 최고 김도영과 외국인 최고 오스틴의 홈런 경쟁은 전반기 KBO리그 가장 큰 관심사 중 하나였다. 올스타전 홈런 더비 역시 두 사람의 정면대결에 시선이 집중될 예정이었다. 오스틴이 빠지면서 김도영을 비롯해 양의지, 박준순(이상 두산), 강백호, 문현빈, 허인서(이상 한화), 김주원(NC) 그리고 오태곤(SSG) 등 8명이 홈런 더비에서 경쟁한다. 심진용 기자 sim@kyunghyang.com"
2026.07.10 15:15,하루 만에 부산→광주→서울→홈런더비…슈퍼스타 김도영의 올스타 대장정 “그...,스포츠경향,"KIA 선수들은 지난 9일 사직구장에서 롯데 3연전을 마친 뒤 광주로 이동했다. 심야에 집으로 돌아간 선수들 중 김도영, 정해영, 박재현, 한준수는 10일 각자 서울로 이동했다. 잠실구장에서 11일 열리는 올스타전 출전 멤버들이다. 전반기 마지막 경기를 원정지에서, 그것도 서울과 가장 먼 부산에서 치른 터라 올스타전 참가를 위해 대장정을 거치게 됐다. KIA는 투표로 선정된 올스타 베스트에 가장 많은 5명이 선발됐고, 한준수가 감독추천선수로 합류했다. 6명 중 선발 투수 애덤 올러는 전반기를 이미 마쳐 사직 3연전에 동행하지 않고 먼저 서울로 이동했다. 성영탁은 광주로 가지 않고 부산에 남았다. 부모님과 함께 10일 서울로 이동했다. 10일 소집되는 KIA의 올스타 6명 중에서도 김도영의 일정은 더욱 고되다. 이날 저녁 열리는 올스타 홈런더비에 바로 출전하기 때문이다. 5아웃제의 예선과 7아웃제의 결승으로 치러지는 홈런더비에는 리그 대표 홈런타자 8명이 출전한다. 그 중 김도영이 전반기 마지막 날 27호 홈런을 쳐 오스틴 딘(LG)과 다시 홈런 공동 1위가 된 채로 정면대결을 펼치게 돼 큰 기대를 모았다. 이번 올스타 최고의 이벤트로 꼽혔다. 그러나 오스틴은 당일인 10일 ‘허리 불편’을 이유로 불참을 선언했다. 김도영은 KIA 선수 중 유일하게 퍼포먼스를 준비하지 않았다. 애초에 선발됐을 때부터 “퍼포먼스는 하지 않겠다. 올스타전에 집중하겠다”고 ‘진지모드’로 임하겠다고 했던 김도영에게 홈런더비는 이번 올스타전에서 보여줄 수 있는 가장 큰 퍼포먼스이자 팬서비스다. 2024년에 이어 두번째 올스타전, 홈런 더비도 두번째다. 당시에도 김도영은 오스틴과 붙었다. 7아웃제 예선에서 똑같이 4홈런을 쳐 서든데스로 결승 진출자를 가렸다. 오스틴이 바로 홈런을 친 반면 첫 시도에 못 친 김도영은 결승 진출권을 내줬다. 당시 리그의 신성이었고 홈런과 도루까지 폭발했던 김도영이 올해는 더 파워 넘치는 홈런 타자가 돼 있다. 리그가 가장 기대했던 오스틴과의 홈런 더비 재대결은 불발됐지만 김도영은 상관 없다. 24시간도 안 되는 사이 부산에서 광주로, 다시 서울로, 잠시 잠만 자고 이동하면서 홈런더비까지 팬들 앞에 나선다. 김도영은 “일단 코치님은 그냥 빨리 탈락하고 나오라고 하셨는데”라고 웃으며 “진짜 연습하듯이 치면 되지 않을까. 좋게 생각하고 좋은 공만 잘 치면 좋은 결과 나올 수 있다고 생각한다”라고 대충 하지는 않겠다는 의지를 드러냈다. 10일 홈런더비를 거치고 11일 올스타전을 치른 뒤 김도영은 12일 광주로 이동한다. 13일부터는 사흘간 팀이 다시 훈련을 시작한다. 올스타전에 출전하는 선수들은 13일 하루 휴식이 주어질 계획이다. 김도영도 총 6일의 올스타 휴식기 중 사실상 월요일 하루 쉬고 후반기 준비에 다시 돌입한다. 김도영은 9일까지 KIA가 치른 86경기에 전부 출전했다. 지난해 반복된 부상으로 30경기밖에 출전하지 못한 한을 풀듯 매경기 그라운드에 나갔다. 4월 0.255로 출발했던 타율을 0.298로 만들고 전반기를 마쳤다. 김도영은 “전반기에 타율 3할을 달성했다면 딱 좋았을 것 같은데 아쉽지만 그래도 건강히 끝낸 것에 굉장히 만족한다”라며 “홈런 순위에 의미를 부여하지는 않지만 전반기 마지막 경기를 좋은 기억으로 끝낼 수 있어서 휴식기도 잘 보낼 수 있을 것 같다”라고 말했다. 김도영이 30경기밖에 뛰지 못한 지난해 8위로 추락했던 KIA는 올해 4위로 전반기를 마쳤다. 대부분이 5강 전력에 포함하지 않았던 KIA는 달라진 선수단 구성이 조금씩 자리잡으면서 가진 것보다 좋은 성과를 낸 채로 후반기 이어갈 준비를 한다. 김도영은 “정말 쉽지 않았던 전반기에 우리는 계속 진짜 한 팀이었다. 아시다시피 우리가 그렇게 강하다는 평가를 받지 못했는데도 똘똘 뭉쳐서 4위로 마무리했다. 시즌 치르다보면 100% 만족은 없고 선수로서는 아쉬움도 당연히 많다. 그래도 최선을 다했기 때문에 결과에 승복할 수 있다. 후반기가 남아 있으니 전력을 쏟아부으면 결과가 순위로 나올 것”이라고 후반기 활약도 다시 다짐했다. 김은진 기자 mulderous@kyunghyang.com"
2026.07.10 15:12,"LG 오스틴, '경미한 부상'으로 홈런더비는 '불참'",에스티엔,"[STN뉴스] 배영수 기자┃올스타전 홈런더비에 참가할 예정이었던 LG의 홈런왕 오스틴 딘이 허리의 경미한 부상을 이유로 불참하게 됐다. 다만 오스틴은 올스타전 본경기는 출전한다. 10일 한국야구위원회(KBO)에 따르면 ""이날 올스타 개최되는 2026 KBO 올스타전 '컴투스 프로야구 홈런더비'에 출전할 예정이었던 오스틴이 허리 부위에 불편함을 느껴 출전이 불가하다는 의사를 KBO 측에 전달한 상태다. 오스틴은 전반기 홈런 27개를 기록, KIA 타이거즈의 김도영과 함께 현재 홈런 공동 1위다. 당초 두 선수 모두 참가가 확정돼 홈런경쟁을 이벤트로 보는 즐거움이 생겼다는 반응도 많았는데, 아쉽게도 9일 삼성전 이후 부상이 발생한 것으로 알려졌다. 이 때문이었는지 당시 경기에서 오스틴은 사구 하나를 얻긴 했으나 3타수에 안타를 기록하지는 못했었다. KBO는 팬투표 후순위 선수에게 순차적으로 출전 여부를 확인하는 등의 절차를 거쳐 현재 SSG 랜더스 오태곤(홈런 9개 기록 중)의 출전을 확정한 상태다. 다만 오스틴은 11일 올스타전 본경기에는 정상 출전할 예정으로 알려졌다. ※STN뉴스 보도탐사팀 제보하기 당신의 목소리가 세상을 바꾸고, 당신의 목소리가 권력보다 강합니다. STN뉴스는 오늘도 진실만을 지향하며 여러분의 소중한 제보를 기다립니다. ▷ 전화 : 1599-5053 ▷ 이메일 : news@stnsports.co.kr ▷ 카카오톡 : @stnnews / STN뉴스=배영수 기자 gigger@stnnews.co.kr ▶STN 뉴스 공식 모바일 구독 ▶STN 뉴스 공식 유튜브 구독 ▶STN 뉴스 공식 네이버 구독 ▶STN 뉴스 공식 카카오톡 구독"
2026.07.10 15:08,"오스틴 vs 김도영 ‘홈런왕 맞대결’ 무산…오스틴, 허리 불편감으로 홈런...",MHN스포츠,"(MHN 황혜성 기자) 전반기 홈런 공동 선두 오스틴 딘(LG 트윈스)과 김도영(KIA 타이거즈)의 올스타 홈런더비 맞대결이 무산됐다. KBO는 10일 “2026 KBO 올스타전 컴투스프로야구 홈런더비에 출전할 예정이었던 오스틴이 허리 불편감으로 출전이 어렵다는 의사를 전달했다”고 밝혔다. 이에 따라 KBO는 홈런더비 팬 투표 후순위 선수들을 대상으로 순차적으로 출전 가능 여부를 확인했고, SSG 랜더스 오태곤의 대체 출전이 확정됐다. 오스틴의 불참으로 이번 홈런더비에서 가장 큰 관심을 모았던 김도영과의 ‘미리 보는 홈런왕 결정전’도 볼 수 없게 됐다. 두 선수는 전반기를 나란히 27홈런으로 마치며 홈런 부문 공동 선두에 올랐다. 치열한 공방전 끝에 김도영은 전반기 마지막 경기였던 9일 롯데 자이언츠전에서 시즌 27호 홈런을 터뜨리며 오스틴과 어깨를 나란히 했다. 정규시즌 홈런왕 경쟁을 벌이는 두 선수가 올스타 무대에서는 순수 홈런 생산으로 자존심 대결을 펼칠 예정이었다. 김도영은 홈런더비 팬 투표에서 전체 1위를 차지했고, 오스틴 4위로 출전 명단에 이름을 올렸다. 그러나 오스틴이 허리 불편감을 호소하면서 맞대결은 불발됐다. 짧은 시간 동안 많은 스윙을 해야 하는 홈런더비의 특성상 부상 악화를 막기 위해 출전을 포기한 것으로 보인다. 다만 오스틴의 올스타전 참가가 모두 무산된 것은 아니다. KBO에 따르면 오스틴은 11일 열리는 올스타전 본경기에는 예정대로 출전할 계획이다."
2026.07.10 15:07,"전력 누수 탓에 성적 나빴다구요? 삼성, LG를 보고도 그런 말이 나오십...",MHN스포츠,"(MHN 정철우 기자) 프로야구에서 성적이 떨어지면 늘 비슷한 말이 나온다. 주전 선수가 다쳤고, 외국인 선수가 기대에 미치지 못했고, 핵심 투수가 빠졌다고 한다. 틀린 말은 아니다. 144경기를 치르는 장기 레이스에서 부상은 분명 치명적인 변수다. 그러나 2026시즌 전반기 순위표를 보고도 계속 같은 말을 할 수 있을지는 의문이다. 삼성 라이온즈와 LG 트윈스가 있기 때문이다. 삼성은 전반기를 1위로 마쳤고 LG는 2위에 올랐다. 중요한 것은 두 팀 모두 완벽한 전력으로 여기까지 온 것이 아니라는 점이다. 특히 삼성은 다른 팀들이라면 얼마든지 ‘성적 부진의 이유’로 내세울 만한 악재를 안고 싸웠다. 김영웅이 빠졌고 이재현도 이탈했다. 여기에 외국인 1선발 역할을 해야 할 투수까지 정상적으로 로테이션을 지키지 못했다. 중심 타선과 센터라인, 선발 로테이션의 핵심이 동시에 흔들린 셈이다. 김영웅은 단순한 주전 3루수가 아니다. 장타 한 방으로 경기 흐름을 바꿀 수 있는 타자다. 이재현 역시 수비만 잘하는 유격수가 아니다. 센터라인의 중심을 잡으면서 타선에서도 계산이 가능한 선수다. 이런 두 선수가 동시에 빠지면 공격과 수비가 함께 흔들릴 수밖에 없다. 외국인 1선발급 투수의 공백은 더 크다. 선발 한 자리가 비는 데서 끝나지 않는다. 다른 선발이 부담을 나눠 져야 하고 불펜 소모가 늘어나며 그 여파가 다음 경기와 다음 주까지 이어진다. 이 정도면 핑계를 만들기에 충분하다. “정상 전력이 아니었다”고 말해도 이상하지 않다. 그러나 삼성은 그렇게 하지 않았다. 버텼고, 메웠고, 결국 전반기 1위에 올랐다. 김영웅이 없으면 다른 방식으로 점수를 만들었고 이재현이 빠지면 다른 선수가 그 자리를 맡았다. 선발진에 구멍이 생기면 불펜과 대체 자원을 움직였다. 완벽해서 1위를 한 것이 아니다. 완벽하지 않은데도 무너지지 않았기 때문에 1위를 했다. LG도 마찬가지다. LG는 투타 모든 지표에서 리그를 압도한 팀이 아니다. 팀 타격과 마운드 성적을 놓고 보면 여러 부문에서 중위권 수준에 머문 지표가 있다. 순위표의 위치만큼 모든 숫자가 화려했던 것은 아니다. 그런데 LG는 전반기 2위였다. 그것도 선두와 사실상 맞붙어 달리는 위치에서 전반기를 끝냈다. 이 차이를 가볍게 봐선 안 된다. 야구는 팀 타율 순서대로 순위가 정해지는 종목이 아니다. 팀 평균자책점 하나로 우승팀이 결정되지도 않는다. 강한 팀은 필요한 순간에 점수를 내고 지켜야 할 경기를 지킨다. 연패가 시작되면 가능한 한 빨리 끊고, 잡을 수 있는 경기를 허무하게 내주지 않는다. 선발이 흔들리면 불펜이 메우고 타선이 침묵하면 수비와 주루로 한 점을 만든다. LG는 전반기에 바로 그 힘을 보여줬다. 그래서 삼성과 LG의 전반기 1, 2위는 하위권 팀 감독과 프런트에 상당히 불편한 결과다. 이제는 ‘누가 다쳤다’는 말만으로 성적 부진을 설명하기 어려워졌기 때문이다. 주전 한 명이 빠졌다고 한다. 삼성은 김영웅과 이재현이 빠졌다. 외국인 투수가 문제였다고 한다. 삼성도 외국인 선발 핵심 카드가 흔들렸다. 타선이 기대만큼 터지지 않았다고 한다. LG 역시 모든 공격 지표를 압도한 팀이 아니다. 마운드가 완벽하지 않았다고 한다. LG 역시 투수력 하나로 리그를 찍어 누른 팀이 아니었다. 그런데 삼성은 1위였고 LG는 2위였다. 그렇다면 질문은 달라져야 한다. 정말 부상 때문에 못한 것인가. 아니면 부상 선수를 대신할 준비를 하지 못한 것인가. 정말 외국인 선수 때문에 무너진 것인가. 아니면 외국인 선수 한 명이 흔들렸을 때 팀 전체가 같이 무너질 정도로 전력 구조가 허약했던 것인가. 이 책임에서 감독도 자유로울 수 없고 프런트도 빠져나갈 수 없다. 감독은 없는 선수를 한탄하는 자리가 아니다. 지금 가진 전력을 조합해 가장 많은 승리를 만들어내야 하는 자리다. 프런트 역시 마찬가지다. 주전 선수가 다치지 않기만을 바라며 시즌을 설계했다면 그것은 운용이 아니라 도박에 가깝다. 144경기에서 부상이 없을 것이라고 믿는 것 자체가 비현실적이다. 특히 하위권 팀들이 새겨봐야 할 대목이다. 성적이 떨어질 때마다 부상자 명단을 먼저 꺼내는 것은 가장 쉬운 설명이다. 하지만 그 부상자가 빠졌을 때 누구를 쓸 것인지 준비하는 것이 프런트의 일이다. 2군에서 대체 자원을 키우는 것도 구단의 책임이고, 올라온 선수를 제대로 활용하는 것은 감독의 몫이다. 특정 선수 한 명이 빠졌다고 팀 전체 시스템이 무너졌다면 문제는 부상 자체가 아니라 그 선수에게 지나치게 의존한 구조에 있을 가능성이 크다. 삼성과 LG는 전반기에 완벽하지 않았다. 바로 그래서 더 의미가 있다. 삼성은 핵심 야수와 외국인 선발 전력에 공백이 생겼는데도 1위를 했다. LG는 투타 모든 부문에서 압도적인 숫자를 찍지 못했는데도 2위를 했다. 두 팀은 좋은 조건에서만 이기는 법을 보여준 것이 아니라 좋지 않은 조건에서도 승리를 쌓는 법을 보여줬다. 순위표는 냉정하다. 누가 다쳤는지는 기록하지 않는다. 외국인 선수가 얼마나 오래 빠졌는지도 적지 않는다. 감독이 얼마나 어려운 조건에서 팀을 운영했는지, 프런트가 얼마나 예상 밖의 악재를 만났는지도 승패 옆에는 남지 않는다. 결국 남는 것은 이겼느냐, 졌느냐다. 그래서 다른 팀들은 이제 핑계를 줄여야 한다. 특히 하위권 팀 감독과 프런트라면 더 그렇다. 부상자가 많았다는 말, 외국인 선수가 기대에 못 미쳤다는 말, 중심 선수가 부진했다는 말은 상황 설명은 될 수 있어도 면죄부가 될 수는 없다. 삼성은 김영웅과 이재현이 빠지고 외국인 1선발급 투수의 공백까지 안고도 전반기 1위를 했다. LG는 투타가 리그를 압도하지 못했는데도 2위에 올랐다. 두 팀이 이미 보여줬다. 강팀은 악재가 없는 팀이 아니다. 악재를 핑계로 쓰지 않는 팀이다. 그리고 하위권 팀들이 정말 먼저 돌아봐야 할 것은 부상자 명단이 아니다. 그 부상자를 대신할 준비를 왜 하지 못했는지, 있는 전력마저 왜 제대로 쓰지 못했는지다. 이제 ‘누가 빠져서 못했다’는 말은 그만할 때가 됐다. 적어도 삼성과 LG 앞에서는 통하지 않는 핑계다."
2026.07.10 15:06,김도영·오스틴·강백호 삼파전을 못 보다니…홈런더비 출전 선수 교체 오스틴...,스포츠동아,"[스포츠동아 박정현 기자] 오스틴 딘(33·LG 트윈스)이 잠실구장서 열릴 ‘2026 신한 SOL KBO 올스타전’ 컴투스프로야구 홈런더비에 출전하지 못한다. KBO는 10일 “오스틴은 올스타 프라이데이에 열릴 홈런더비에 ‘허리 불편감으로 출전이 힘들다’는 의사를 전했다”며 “팬 투표 후순위 선수에게 순서대로 출전 가능 여부를 확인해 오태곤(35·SSG 랜더스)을 대체 선수로 발탁했다”고 알렸다. 오스틴은 LG가 전반기 치른 전 경기(85)에 출전해 타율 0.339, 27홈런, 83타점, 2도루, OPS(출루율+장타율) 1.082로 맹활약했다. 쉬지 않고 출전했기 때문에 허리에 피로감이 더해진 상태다. 오스틴의 결장으로 올스타전 최대 관전 거리였던 홈런더비의 열기가 한층 시들해졌다. 27홈런으로 전반기 홈런 공동 1위 김도영(23·KIA 타이거즈)과 오스틴, 3위 강백호(27·한화 이글스)의 정면 승부를 볼 수 없게 됐다. 오스틴은 홈런더비에 출전할 수 없지만, 11일 열릴 본 경기서는 정상 출전해 팬들의 성원에 감사 인사를 할 계획이다. 그는 총점 54.04점(팬 투표 239만2848표, 선수단 투표 267표)을 받아 1루수로 나눔 올스타 베스트12에 선정됐다. 한편 홈런더비에는 김도영, 강백호, 김주원(24·NC 다이노스·13홈런), 허인서(23·한화·12홈런), 양의지(39)와 박준순(20·이상 두산 베어스·11홈런), 문현빈(22·한화·9홈런), 오태곤(9홈런) 등 8명이 출전해 각축을 벌인다. 박정현 기자 pjh60800@donga.com"
2026.07.10 15:05,"울산 웨일즈, 창단 첫 퓨처스 올스타전 기념 '특별 유니폼' 공개",스타뉴스,"[스타뉴스 | 박수진 기자] 한국 야구 최초이자 유일한 프로야구 시민 구단으로 이번 시즌 퓨처스리그에서 돌풍을 일으키고 있는 울산웨일즈가 올스타전 무대에서 특별한 유니폼을 선보인다. 울산웨일즈는 10일 ""이날 오후 6시 서울 잠실야구장에서 열리는 2026 KBO 퓨처스 올스타전에 출전하는 나가, 홀, 김서원, 노강민 선수가 특별 제작된 유니폼을 입는다""고 밝혔다. 이번 유니폼은 구단 역사상 첫 퓨처스 올스타전 출전을 기념해 제작됐다. 선수들의 소속감과 자긍심을 고취하기 위해 올스타전 공식 패치를 부착한 특별 사양으로 구성된 것이 특징이다. 울산웨일즈 측은 창단 첫 시즌부터 퓨처스리그에서 뛰어난 활약을 펼친 선수들이 올스타 무대에 참가하게 된 것을 기념하고, 선수 개인에게도 뜻깊은 추억을 남겨주기 위해 이번 특별 유니폼을 기획했다. 이번 퓨처스 올스타전에는 팀의 주축으로 활약 중인 투수 나가와 홀, 타자 김서원과 노강민이 선발되는 영예를 안았다. 이들은 울산웨일즈 창단 첫 시즌에 배출된 '제1호 올스타'라는 점에서 의미를 더한다. 선수들은 잠실야구장에서 열리는 올스타전 행사와 경기에서 해당 유니폼을 착용하고 울산웨일즈를 대표해 팬들과 만날 예정이다. 특별 유니폼을 선물 받은 노강민은 ""구단에서 올스타전을 기념해 제작된 유니폼을 입으니 울산웨일즈 선수로서 자부심을 느낀다""며 ""구단을 대표해 마음껏 기량을 뽐내고 울산웨일즈를 전국에 알리겠다""는 소감을 전했다. 김동진 울산웨일즈 단장 역시 ""창단 첫 시즌에 퓨처스 올스타 선수를 배출하게 되어 매우 뜻깊게 생각한다""며 ""이번 특별 유니폼이 선수들에게 자부심과 동기부여가 되길 바란다. 우리 선수들이 올스타전에서 큰 활약을 펼치기를 기대한다""고 격려했다. 한편 울산웨일즈는 창단 첫 시즌부터 퓨처스리그 선두권 경쟁을 펼치며 남다른 경쟁력을 보여주고 있다. 이번 퓨처스 올스타전에는 총 4명의 선수가 출전해 구단의 성장 가능성을 전국 야구팬들에게 각인시킬 계획이다. 박수진 기자 bestsujin@mtstarnews.com"
2026.07.10 15:02,"[공식발표] '오스틴 VS 김도영' 홈런왕 정면승부 무산, '허리 불편감...",스포탈코리아,"[SPORTALKOREA] 한휘 기자= 전반기를 나란히 홈런 공동 선두로 마무리한 오스틴 딘(LG 트윈스)과 김도영(KIA 타이거즈)의 '정면승부'가 아쉽게 무산됐다. KBO는 10일 ""오늘 올스타 프라이데이 행사로 열리는 2026 KBO 올스타전 컴투스프로야구 홈런더비에 출전할 예정이었던 오스틴이 허리 불편감으로 출전이 불가하다는 의사를 KBO에 전달했다""라고 알렸다. 오스틴은 홈런더비 참가 대신 휴식을 취한 후 내일(11일) 열리는 올스타전 본경기에는 정상 출전할 예정이다. 올해로 KBO리그 4년 차를 맞는 오스틴은 전반기 리그 최고의 타자로 군림했다. 85경기 타율 0.339 27홈런 83타점 OPS 1.082라는 훌륭한 성적으로 홈런 공동 1위, 타점 2위, 타율 3위, OPS 1위 등 대다수 지표에서 최상위권을 석권했다. 특히나 타자에게 불리한 잠실을 홈으로 쓰면서 이런 성적을 낸 터라 더욱 놀랍다. 실제로 구장 보정 수치가 반영된 wRC+(조정 득점 생산력·스탯티즈 기준) 지표에서 오스틴은 무려 193.0을 기록해 독보적인 선두로 치고 나왔다. 이에 올스타에도 무난히 선정됐다. 나눔 올스타 1루수 부문 후보로 오른 오스틴은 베스트12 팬 투표에서 239만 2,848표를 받아 나눔에서 가장 많은 표를 얻었고, 선수단 투표에서도 267표를 쓸어 담으며 총점 54.04로 이 역시 나눔 전체 1위에 올랐다. 이어진 홈런더비 팬 투표에서도 1만 7,889표로 12명의 후보 중 4위에 올라 홈런더비 출전이 결정됐다. 오스틴과 함께 홈런 공동 선두를 달리는 김도영도 참전하면서 기대를 모았지만, 아쉽게도 둘의 맞대결은 불발됐다. 한편, 오스틴을 대신할 선수로는 SSG 랜더스 오태곤이 선정됐다. KBO는 ""팬 투표 후순위 선수에게 순차적으로 출전 가능 여부를 확인하는 절차를 거쳤다""라고 밝혔다. 오태곤은 올 시즌 74경기에 출전해 타율 0.230 9홈런 27타점 OPS 0.695를 기록했고, 이번에 드림 올스타 감독 추천 선수로 선정돼 프로 입단 16년 만에 처음으로 올스타전 무대를 밟는다. 홈런더비 팬 투표에서는 9,330표를 받아 12명의 후보 중 12위에 그쳤지만, 오스틴의 출전 불발에 이어 오태곤보다 더 많은 표를 얻은 다른 선수들도 불참 의사를 밝히며 홈런더비에 참가할 수 있게 됐다. 사진=LG 트윈스 제공, 뉴스1, SSG 랜더스 제공"
2026.07.10 15:01,“내가 박수 한번 쳐줬는데” 김태형이 롯데 29세 마황의 매력에 푹 빠졌...,마이데일리,"[마이데일리 = 부산 김진성 기자] “내가 박수 한번 쳐줬는데…” ‘마황’ 황성빈(29, 롯데 자이언츠)은 올해 66경기서 타율 0.289 20타점 38득점 32도루 OPS 0.700 득점권타율 0.295다. 시즌 초반 잠시 부상으로 빠진 걸 제외하면 붙박이 리드오프로 공수주에서 영양가 높은 활약을 펼친다. 생애 첫 도루왕에 도전한다. 전반기 도루 1위를 차지했다. 2위 박민우(NC 다이노스, 26개)에게 6개 차로 앞서간다. 가능성은 충분하다. 김태형 감독으로부터 사실상 그린라이트를 받은 듯하다. 또 2022년 1군 데뷔 후 제법 경험도 쌓았다. 김태형 감독은 9일 부산 KIA 타이거즈전을 앞두고 “너무 잘하고 있다. 내가 박수 한번 쳐줬는데…”라고 했다. 도루를 많이 해서가 아니다. 황성빈이 더 진중하고 무게감 있는 선수로 탈바꿈했기 때문이다. 그리고 자신보다 팀을 생각하는 플레이를 하기 때문이다. 실제 김태형 감독이 8일 부산 KIA전서 황성빈에게 박수를 보낸 장면은 평범한 타구를 치고 아웃됐을 때다. 미친 듯이 1루까지 질주하는 모습에 사령탑츤 저절로 박수가 나왔다. 매일 유니폼이 더러워지는 건 기본이다. 도루를 많이 하기도 하지만 수비할 때도 매일 이 타구 저 타구에 몸을 날리기 때문이다. 과거 황성빈은 좀 가볍다는 평가를 받았다. 1루에서 정상적인 스킵이 아닌 팔과 다리를 과도하게 사용한 ‘갈까말까’한 동작으로 투수들의 기분을 언짢게 했던 것도 사실이다. 김태형 감독조차 얼굴이 화끈거린다고 한 적이 있었다. 그러나 사람은 늘 시행착오를 겪는 법이다. 그땐 황성빈이 프로에서 생존하는 방법을 막 터득해가던 시기였다. 요즘 황성빈은 전혀 그렇지 않다. 김태형 감독은 “1번타자로서 자기 역할을 충분히 잘 한다. 작년, 재작년과 다르게 경기에 임하는 자세가 굉장히 진지해졌고, 팀에서 어느 정도 자기가 리더가 되려고 하는 모습도 많이 보이고 있다”라고 했다. 그러면서 “상황에 맞게 잘 뛴다. 사실 도루를 저렇게 하기가 힘들거든. 체력적으로. 어제는 평범한 타구 치고도 1루까지 전력으로 뛰고, 그래서 내가 박수 한번 쳐줬는데, 그런 모습이 팀에 필요하거든요”라고 했다. 김태형 감독은 주전선수라면, 나아가 팀을 대표하는 간판이라면 진지하고 묵직해야 한다고 믿는다. 올해 주전포수로 막 거듭난 손성빈에게도 그런 모습을 기대한다. 그래야 팀에 무게감이 생기고, 선수들간의 케미스트리가 탄탄해질 수 있다. 야구는 개인스포츠지만 팀 스포츠다. 물론 황성빈의 빠른 발이 롯데 야구에 엄청난 득을 안겨주는 것은 말할 것도 없다. 김태형 감독은 “빠른 주자가 나가면 볼배합도 달라지고, 포수의 능력을 봐서 주자를 잡기 힘들겠다 싶으면 그냥 (도루를 하든 말든)포기하고 타자와 카운트 싸움하는 게 훨씬 낫다”라고 했다. 지금 황성빈은 9개 구단에 그 정도 주자가 됐다."
2026.07.10 14:58,배재고 징계 재심의 일정 14일에 결정…봉황대기 출전 분수령,연합뉴스,"(서울=연합뉴스) 김경윤 기자 = 대한체육회는 오는 14일 스포츠공정위원회(위원장 이영진·이하 공정위) 소위원회를 열어 배재고 야구부의 6개월 출전 정지 징계 재심의 일정을 확정하기로 했다. 대한체육회 관계자는 10일 연합뉴스와 통화에서 ""소위원회에서 배재고 징계 재심의 안건을 오는 20일에 열리는 차기 공정위 안건으로 상정할지 결정할 예정""이라고 전했다. 소위원회가 해당 안건을 20일 공정위에 상정하고, 공정위가 배재고 야구부 징계를 출전 정지 1개월 이하로 대폭 감경하면 배재고 야구부는 다음 달 6일 개막하는 제54회 봉황대기 전국고교야구대회에 출전할 수 있다. 반면 소위원회가 해당 안건 상정을 20일 이후로 미루면 봉황대기 출전은 무산된다. 안건이 20일 공정위에 상정되더라도 징계가 충분히 감경되지 않으면 대회 출전은 불가능하다. 대한체육회 규정에 따르면, 공정위는 산하 단체 징계에 관한 최종심 역할을 하며 심의 당일 결론을 내린다. 재심의 결과는 공정위 의결 직후 효력이 발생한다. 아울러 공정위는 개별 안건을 따로 처리하지 않고, 정해진 일정에 맞춰 개최해 여러 안건을 함께 심의하는 것을 원칙으로 한다. 대한체육회 관계자는 ""현재 접수된 안건이 많은 만큼 배재고 안건을 20일 공정위에서 심의할지 확답하기 어렵다""며 ""14일 소위원회에서 위원들이 결정할 것""이라고 설명했다. 배재고 야구부 일부 선수들은 지난달 29일 서울 양천구 목동구장에서 열린 제81회 청룡기 전국고교야구선수권대회 광주제일고(광주일고)와 경기에서 상대 팀 더그아웃을 향해 ""가야지, 가야지, 스타벅스 가야지"", ""탱크 데이""라는 구호를 외쳐 파문을 일으켰다. 이에 대한야구소프트볼협회 스포츠공정위원회는 지난 1일 배재고 야구부에 6개월 출전 정지와 함께 청룡기 전국고교야구선수권대회의 남은 경기 몰수패를 의결했다. 이 징계로 배재고는 올해 출전할 수 있는 사실상 마지막 전국대회인 봉황대기 출전이 어려워졌고, 3학년 학생 선수들의 대학 입시와 프로야구 진출에도 영향을 받게 됐다. 배재고 야구부와 학교 관계자들은 최근 광주일고를 찾아 사과했으며 이규연 광주일고 교장은 7일 입장문을 통해 징계 감경 선처를 요청했다. 또한 배재고는 지난 8일 대한체육회 공정위에 6개월 출전 정지 징계에 관한 재심의를 신청했다. cycle@yna.co.kr (끝) ▶제보는 카톡 okjebo"
2026.07.10 14:57,"한화 초대형 유망주 드디어 터졌다! 중견수 아닌 좌익수로 등장한 오재원,...",스포탈코리아,"[SPORTALKOREA] 이정엽 기자= 한화 이글스 초대형 유망주 오재원이 마침내 알을 깨고 리그를 정복할 준비를 마쳤다. 전반기 마지막 경기에서 맹타를 휘두르며 다가올 후반기에 대한 기대감이 커졌다. 오재원은 지난 9일 대전 한화생명 볼파크에서 열린 2026 신한 SOL뱅크 KBO리그 정규시즌 NC 다이노스와의 경기에서 1번 타자-좌익수로 선발 출전했다. 1회 말 선두 타자로 나선 오재원은 142km/h 패스트볼을 공략했으나 유격수 정면으로 향해 아쉬움을 삼켰다. 그러나 1-0으로 앞선 2회, 2사 1, 2루 기회에선 중견수 앞으로 향하는 1타점 적시타를 날렸다. 5회에도 오재원은 기회를 놓치지 않았다. NC 수비진의 실수로 만든 무사 3루 기회에서 131km/h 슬라이더를 받아쳐 우익수 방면으로 1타점 적시타를 쳤다. 이후 그는 문현빈의 타구 때 홈까지 밟으며 득점도 추가했다. 6회 유격수 플라이로 물러난 오재원은 4-4로 맞선 8회 2사 1루 상황에서 타석에 들어섰다. 그는 바뀐 투수 토다 나츠키의 한복판에 몰린 146km/h 패스트볼을 당겨쳐 우중간을 가르는 장타를 터트렸다. 오재원의 타구에 1루 주자 심우준은 홈을 밟았고, 오재원은 3루까지 향한 뒤 포효했다. 이후 오재원은 대타 황영묵의 안타로 1점을 더 올렸고, 한화는 6-4로 짜릿한 승리를 거뒀다. 수원 유신고등학교를 졸업한 오재원은 2026 신인 드래프트에서 1라운드 전체 3순위로 한화의 부름을 받았다. 고교 시절부터 메이저리그의 관심을 받는 등 최고 유망주로 꼽혔던 그는 스프링캠프에서 인상적인 활약을 펼치며 김경문 한화 감독의 눈도장을 찍었다. 이후 김 감독은 리그 개막을 앞두고 파격적인 결정을 내렸다. 오재원을 개막 로스터에 포함시키는 것에 더해 주전 중견수로 낙점했다. 한화는 종전부터 중견수 문제로 골머리를 앓았고, 오재원을 팀의 현재와 미래를 동시에 책임질 선수로 선택했던 것이다. 하지만 오재원의 1군 적응기는 생각보다 험난했다. 지난 4월 타율은 0.114 OPS 0.306을 기록할 정도로 타격 성적이 떨어졌고, 5월에도 부진이 이어지자 벤치로 내려갔고, 6월에는 1군에서 말소되기도 했다. 그러나 7월 이후 오재원은 맹타를 휘두르며 분위기를 탔다. 그는 타율 0.625 OPS 1.667을 기록하는 등 엄청난 활약을 펼치고 있다. 올스타 브레이크가 아쉬울 정도로 기세가 좋다. 오재원이 성공적으로 한화 타선에 안착할 경우 한화는 타선에 짜임새가 더 좋아진다. 한화는 올해 요나단 페라자-문현빈-강백호-노시환-허인서로 이어지는 중심 타선은 리그 최고 수준이지만, 이들에게 기회를 만들어 줄 선수가 부족했다. 9번 타자로 나서는 심우준이 종전 시즌에 비해 나아졌지만, 채은성, 하주석 등의 부진, 부상이 이어지면서 고민이 깊었다. 사진=한화 이글스 제공"
2026.07.10 14:56,"‘마성의 남자’ 황성빈, 타구질도 남다르다… '빗맞은 타구가 최고의 타구...",MHN스포츠,"(MHN 황혜성 기자) 롯데 자이언츠 황성빈에게는 강한 타구보다 힘없이 굴러가는 땅볼이 오히려 상대 수비를 더 위협한다. 황성빈은 올 시즌 롯데의 리드오프로 활약하며 타율 0.289, 69안타, 20타점, 38득점을 기록하고 있다. 도루는 32개로 리그 선두를 달리고 있다. 황성빈의 타석에서는 유독 자주 나오는 장면이 있다. 크게 튀어 오른 뒤 힘없이 굴러가는 땅볼이다. 잘 맞은 타구와는 거리가 멀다. 빗맞은 타구가 홈플레이트 앞이나 3루 쪽으로 짧게 굴러간다. 평범한 타자라면 빗맞은 땅볼로 물러날 가능성이 크지만, 황성빈이 타격과 동시에 전력 질주를 시작하면 이야기가 달라진다. 수비수는 마음이 급해질 수밖에 없다. 앞으로 달려 나오며 타구를 잡은 뒤 불안정한 자세에서도 빠르고 정확하게 1루로 송구해야 한다. 황성빈의 빠른 발을 의식하다 보면 실책까지 자주 나온다. 지난 8일 KIA 타이거즈전은 황성빈의 이런 특성을 그대로 보여준 경기였다. 1회 선두타자로 나선 황성빈은 3루 쪽으로 짧게 굴러가는 타구를 내야안타로 만들었다. 곧바로 2루 도루까지 성공한 뒤 후속 타자의 땅볼과 희생플라이 때 홈을 밟았다. 4회에도 유격수 앞 쪽으로 힘없이 굴러가는 타구로 내야안타를 만들어냈다. 이후 곧바로 2루를 훔쳤고, 포일과 적시타를 틈타 다시 득점했다. 이날 황성빈은 5타수 2안타 2도루 2득점으로 롯데의 11-3 승리를 이끌었다. 두 안타가 모두 내야를 벗어나지 않았지만, 경기에는 장타 못지않은 영향을 미쳤다. 타구 지표에서도 황성빈의 특성이 뚜렷하게 나타난다. 올 시즌 황성빈의 땅볼 타구 비율은 64%로, 리그에서 두 번째로 높은 수치다. 또한 전체 안타 가운데 21.7%를 내야안타로 만들었다. 내야안타 비율은 리그 1위다. 의도적으로 빗맞은 타구를 생산하는 것은 아니겠지만, 비슷한 형태의 타구가 반복되고 실제 안타와 출루로 이어지고 있다면 단순히 운이 좋다고만 볼 수는 없다. 황성빈은 홈런 타자처럼 타구를 멀리 보내는 대신 자신의 주력을 활용할 수 있도록 공을 인플레이시키고 곧바로 1루를 향해 달린다. 삼진을 당하지 않고 공을 그라운드 안에 넣는 것 자체가 상대 수비에는 압박이다. 출루 이후에는 더욱 위협적이다. 황성빈은 올 시즌 37차례 도루를 시도해 32번 성공하며 리그 도루 부문 선두를 달리고 있다. 도루 성공률도 86.5%에 달한다. 상대의 집중 견제 속에서도 높은 성공률을 유지하며 롯데 공격의 활로를 열고 있다. 상대 투수는 황성빈이 1루에 나가는 순간부터 타자에게만 집중하기 어렵다. 황성빈의 리드 폭과 스타트 타이밍까지 계속 신경 써야 한다. 조금이라도 방심하면 단숨에 2루를 내주며 득점권 위기에 몰릴 수 있다. 김태형 감독도 황성빈의 야구 센스를 높이 평가했다. 김 감독은 “타율이 2할3푼에 그쳐도 어떤 순간이 오면 딱 칠 것 같은 선수가 있는데, 그게 황성빈이다. 도루 타이밍을 잡는 것만 봐도 야구 센스가 남다르다”고 평가했다. 황성빈은 올 시즌 활약을 바탕으로 감독 추천 선수로 올스타전에도 출전한다. 화려한 장타를 생산하는 선수는 아니지만, 자신만이 보여줄 수 있는 열정적인 플레이로 경기장 분위기를 단숨에 바꾸는 선수다. 롯데 팬들은 황성빈이 그라운드에 등장하면 무슨 일이 벌어질 것이라는 기대감이 생긴다. 팬들을 미치게 만들면서 계속 시선을 끌어당긴다. '마성의 황성빈'이라는 별명이 나온 이유다."
2026.07.10 14:56,"'이럴수가' 오스틴, 허리 불편→올스타 홈런 더비만 불참이라니! 대체자는...",스타뉴스,"[스타뉴스 | 잠실=박수진 기자] LG 트윈스 '외국인 타자' 오스틴 딘(33)이 허리 통증으로 인해 올스타전 홈런더비 출전을 포기했다. 빈자리는 SSG 랜더스 오태곤이 채운다. KBO(한국야구위원회)는 10일 ""금일 올스타 프라이데이에 개최되는 '2026 올스타전 컴투스프로야구 홈런더비'에 출전할 예정이었던 LG 오스틴이 허리 불편감으로 출전이 불가하다는 의사를 전달해 왔다""고 밝혔다. 이번 시즌 27홈런으로 KIA 타이거즈 김도영과 함께 최다 홈런 공동 1위에 올라있는 오스틴은 팬들의 열성적인 지지를 받으며 이번 홈런더비의 유력한 우승 후보 중 한 명으로 기대를 모았다. 하지만 허리 불편 증세로 인해 무리하게 홈런더비에 나서기보다는 휴식을 취하는 방향을 선택했다. KBO는 오스틴의 불참 선언 이후 팬 투표 후순위 선수들을 대상으로 순차적인 출전 가능 여부를 확인했고, 최종적으로 SSG 오태곤이 대체 선수로 합류해 배트를 쥐게 됐다. 다행히 오스틴의 부상 상태가 심각한 수준은 아닌 것으로 파악됐다. 오스틴은 홈런더비에는 나서지 않지만, 11일 열리는 본 행사인 '2026 KBO 올스타전' 본 경기에는 정상적으로 출전해 팬들 앞에 설 예정이다. 잠실=박수진 기자 bestsujin@mtstarnews.com"
2026.07.10 14:55,"프로야구, 올해 전반기 763만 관중 동원… '역대최다'",에스티엔,"[STN뉴스] 배영수 기자┃지난 9일을 끝으로 절반 일정을 끝낸 프로야구가 총 424경기를 통해 763만 관중이 입장한 것으로 나타났다. 한국야구위원회(KBO)는 이 수치가 역대 최다관중이라고 밝히고 이런 추세라면 1,300만 돌파도 기대할 수 있다는 입장이다. KBO에 따르면 지난 9일 마무리된 프로야구는 올 시즌 전반기 424경기에서 총 관중 763만 3,775명이 입장해 전반기 역대 최다 관중을 기록해 종전 최다관중 기록이 쓰인 지난해 대비 7% 증가한 기록을 보였다. 한국 프로야구는 지난해 사상 최초로 1,200만 관중을 돌파한 바 있는데 이러한 인기를 증명하듯 올해도 관중들을 많이 입장시킨 끝에 지난 1일 역대 최소경기 700만 관중을 돌파 기록을 남긴 바 있다. KBO가 밝힌 올 시즌 전반기 평균 관중은 1만 8,004명으로 지난해 1만 7,228명 수준을 더 넘었다. 특히 전체 424경기 중 54.5%에 해당하는 231경기가 매진 기록을 남겼고, 전반기 평균 좌석점유율은 87.1%를 보였다. 특히 본격 장마비가 쏟아져 노게임까지 나왔던 지난 9일에도 대구에서 2만 4천 명, 사직에서 2만 3천 명의 만원 관중을 기록하는 등 프로야구의 흥행은 당분간 이어질 것으로 보인다. 관객 동원을 구단별로 나눠보면 LG 트윈스가 홈 43경기 중 35경기를 매진시키며 10개 구단 중 유일하게 전반기 관중 100만 명(100만 8,068명·평균 2만 3,443명)을 돌파했다. 전반기를 1위로 마친 삼성 라이온즈의 경우 홈 42경기 중 33경기를 매진, 총 97만 6,271명(평균 2만 3,245명)을 모았는데, 삼성의 좌석점유율은 99.2%로 10개 구단 중 가장 높았다. 10개 구단의 전반기 총 입장 수입을 합치면 1,400억 원 이상으로 집계됐다. KBO리그는 지난 2024년 사상 첫 천만 관중을 달성하며 공중파 뉴스에서도 주목한 바 있다. 지난해에는 역대 최다수인 1,231만 2,519명을 기록했는데, KBO는 올해 나타난 관중 추세가 후반기에도 유지된다면 1,300만 관객 돌파도 바라볼 수 있겠다고 보고 있다. KBO는 올 시즌 총 관중은 현재 추세를 대입해 봤을 때 1,296만 명 정도로 계산이 된다며 순위경쟁 등 분위기에 따라 1,300만 관중을 넘어설 가능성도 있다고 보고 있다. 한편 프로야구는 지난 9일 경기들을 끝으로 약 1주일여의 올스타 휴식기를 가진다. 휴식기 동안 10일 퓨쳐스에 이어 11일 본경기 올스타전을 치르면, 구단 별로 재정비 후 오는 16일부터 후반기 일정이 시작될 예정이다. ※STN뉴스 보도탐사팀 제보하기 당신의 목소리가 세상을 바꾸고, 당신의 목소리가 권력보다 강합니다. STN뉴스는 오늘도 진실만을 지향하며 여러분의 소중한 제보를 기다립니다. ▷ 전화 : 1599-5053 ▷ 이메일 : news@stnsports.co.kr ▷ 카카오톡 : @stnnews / STN뉴스=배영수 기자 gigger@stnnews.co.kr ▶STN 뉴스 공식 모바일 구독 ▶STN 뉴스 공식 유튜브 구독 ▶STN 뉴스 공식 네이버 구독 ▶STN 뉴스 공식 카카오톡 구독"
2026.07.10 14:47,"""실망스러웠다"" 감독은 교체 신호 보냈다, 전반기 1위 삼성 새 외인 승...",일간스포츠,"11년 만에 전반기를 1위로 마친 삼성 라이온즈가 외국인 선수 교체로 후반기에 승부수를 띄울 조짐이다. 박진만 삼성 라이온즈 감독이 외국인 투수와 아시아쿼터 선수 교체를 희망했다. 박 감독은 지난 9일 LG 트윈스와 전반기 최종전을 앞두고 잭 오러클린(호주)과 미야지 유라에 대해 ""구단에서 움직이고 있다. 곧 결정날 것""이라고 밝혔다. 맷 매닝의 부상 대체 선수로 삼성 유니폼을 입은 오러클린은 호주 출신으로 두 차례 연장 계약을 맺고 5승 5패 평균자책점 4.86을 기록했다. 다만, 6월 이후 6차례 등판에서 평균자책점 6.67로 부진하다. 이종열 삼성 단장은 외국인 투수 교체설에 대해 ""아직 결정된 것은 없지만 3~4명의 후보를 보고 있다""고 인정했다. 박진만 감독은 ""구단에서 (새 외국인 투수 후보와) 최종 협상 단계인 듯하다""라며 ""오러클린과 동행을 하든지 새 외국인 투수가 올지 올스타 휴식기에는 최종 결론이 날 것""이라고 예고했다. 현역 메이저리거 크리스 페덱이 삼성의 교체 외국인 선수로 거론된다. 아시아쿼터 선수 미야지도 벼랑 끝에 서 있다. 올 시즌 중간 성적표는 33경기에서 1패 3홀드 평균자책점 3.97에 머무른다. 고질적인 제구력 난조에 발목이 잡혀 스스로 무너지는 패턴을 반복했다. 1군 복귀전이었던 지난 8일 경기에선 첫 타자와의 승부에서 공 3개를 던지고 헤드샷 퇴장을 당했다. 박진만 감독은 ""재정비를 거친 뒤 나왔는데 분명 아쉬운 부분이 많았다. 실망스러웠다""며 ""구단에서도 여러 방안을 염두에 두고 움직이지 않을까 생각한다""고 사실상 교체를 시사했다. 이어 ""KBO리그는 외국인 선수 활약 여부에 따라 팀 성적이 큰 차이가 난다""며 ""만일 새 외국인 선수가 후반기에 가세한다면, 어떤 모습을 보이느냐가 포인트가 될 것""이라고 꼽았다. 대구=이형석 기자 ops5@edaily.co.kr"
2026.07.10 14:45,"‘허리 불편감’ 오스틴, 홈런더비 출전 불발…‘vs 김도영’ 최고 흥행카...",스포츠서울,"[스포츠서울 | 김동영 기자] LG 오스틴 딘(33)과 KIA 김도영(23). 현재 리그 홈런 공동 1위다. 올스타전 홈런더비에서 붙을 예정이었다. 결과적으로 불발이다. 오스틴 부상 때문이다. 한국야구위원회(KBO)는 10일 ""올스타 프라이데이에 개최되는 2026 KBO 올스타전 컴투스프로야구 홈런더비에 출전할 예정이었던 LG 오스틴이 허리 불편감으로 출전이 불가하다는 의사를 KBO에 전달했다""고 전했다. 이어 ""이에 따라 팬 투표 후순위 선수에게 순차적으로 출전 가능 여부를 확인하는 절차를 거쳐, SSG 오태곤의 출장이 확정됐다. 오스틴은 11일 개최되는 올스타전 경기에는 출전할 예정이다""고 덧붙였다. 팬들로서는 아쉬움이 남을 수밖에 없다. 홈런더비를 두고 올스타전의 '꽃'이라 한다. 현재 오스틴과 김도영은 2026 KBO리그 홈런 공동 1위다. 나란히 27개씩 치고 있다. 김도영이 전반기 최종전인 9일 롯데전에서 홈런을 날리면서 나란히 27개가 됐다. 이번 홈런더비 출전도 일찌감치 확정됐다. 팬 투표를 통해 결정됐다. 김도영과 오스틴의 격돌은 이번 홈런더비 최고 흥행 카드라 해도 과언이 아니다. 정작 대회 당일 오스틴이 허리가 좋지 못하다. 온몸을 써야 하는 홈런더비 출전이 만만치 않다. 끝내 출전 불발이다. 대신 출전하는 선수는 오태곤이다. 올시즌 74경기 나서 홈런 9개 때렸다. 홈런더비에 출전하는 박준순(두산) 문현빈(한화)과 같은 숫자다. 오스틴 출전이 불발됐고, 차순위인 최정(SSG) 최형우 디아즈(이상 삼성) 등이 출전을 고사하면서 오태곤이 나서게 됐다. raining99@sportsseoul.com"
2026.07.10 14:45,[굿모닝위즈·번외] 인생사 새옹지마,경인일보,"키움 : kt (우천 취소) / 7.9(목) 수원 kt wiz의 전반기 마지막 경기였던 9일 키움 히어로즈전이 4회말 우천 중단 이후 끝내 취소됐다. 3-0으로 앞서 있던, 최근 상승세 흐름을 타며 시리즈 스윕을 노렸던 kt로선 참 아쉽게 됐다. 선발 배제성이 호투를 펼치며 시즌 첫 승을 바라보고 있었고 안현민은 오랜만에 시원한 홈런포를 가동한 상황이었기에 아쉬움이 더 컸다. 과거 우천 중단 이후 3시간 30분만에 경기가 재개된 적이 있었다. 2023년 9월 17일 한화 이글스와의 원정경기. 이날은 더블헤더로 치러졌다. 1차전은 kt가 7-0으로 이겼다. 선발 쿠에바스가 7이닝을 무실점으로 틀어막았고, 지금은 한화 소속인 강백호가 1회초 1타점 적시타를 때린 게 결승타가 됐다. 8회부터 마운드에 오른 이상동은 안타를 1개도 내주지 않고 2이닝을 막아 팀 승리를 지켰다. 30여 분의 휴식 뒤에 2차전이 시작됐다. 1차전에서 예열을 마친 kt 방망이는 2차전 때도 식지 않았다. 2회초 장성우가 2점 홈런으로 선취점을 올렸고, 양 팀은 3회에 1점씩을 주고받으며 kt가 3-1로 앞서가고 있었다. 하지만 5회말 한화의 선두타자 문현빈 타석에서 비로 인해 경기가 멈췄다. 이미 우천 취소에 따른 더블헤더를 치르는 중이었기에 심판진은 어떻게든 경기를 진행해야 했다. 오후 6시 33분에 중단된 경기는 무려 204분(3시간 24분)이 지난 오후 9시 57분에 다시 시작됐다. 앞서 1차전을 치른 상황에서 또 3시간 30분 가까이 대기한 뒤 경기를 뛰게 된 선수들의 피로도는 극에 달해 있었다. 경기는 재개됐지만 양 팀 모두 더 이상의 득점은 없었다. 3-1 그대로 경기가 끝나며 kt가 승리를 챙겼다. 2차전 종료 시간이 오후 11시 26분이었다. 1차전 시작 이후 9시간 26분 만이었다. 천재지변은 불가항력의 영역이다. 운이 따를 때도 있고 그렇지 않을 때도 있다. 9일 전엔 0-7로 지고 있던 경기가 우천 취소되며 득을 봤던 kt였다. 인생사 새옹지마다. kt가 시즌 전반기를 3위(47승 1무 35패)로 마무리했다. 선수들 모두 수고 많았다. 후반기에도 선전을 기대해 본다. /황성규 기자 homerun@kyeongin.com"
2026.07.10 14:42,"""허리가 안좋아서…"" 오스틴 VS 김도영 보너스 홈런왕 대결, 끝내 불발...",스포츠조선,"[스포츠조선 나유리 기자]리그 홈런 공동 선두 타자들의 장외 홈런왕 경쟁은 아쉽지만 볼 수 없게 됐다. KBO는 10일 잠실구장에서 열리는 '올스타 프라이데이'에서 홈런 더비 선수 교체를 밝혔다. 이날 홈런 더비에 출전할 예정이었던 LG 트윈스 오스틴 딘이 빠지고, SSG 랜더스 오태곤이 참가한다. KBO는 ""오스틴이 허리 불편감으로 인해 출전이 불가하다는 의사를 KBO에 전달했다""면서 ""이에 따라 팬 투표 후순위 선수에게 순차적으로 출전 가능 여부를 확인하는 절차를 거쳐 SSG 오태곤의 출전이 확정됐다""고 설명했다. 오스틴은 나눔올스타의 '베스트12' 투표에서 1루수 부문 1위를 차지했다. 홈런 더비는 불참하지만 11일 개최되는 올스타전 경기에는 출전할 예정이다. 홈런 더비는 팬 투표를 통해 참가 선수를 결정한다. KBO는 지난 6월 30일부터 7월 2일까지 KBO 홈페이지와 공식 앱에서 투표를 진행했다. KIA 김도영이 2만 6731표로 가장 많은 표를 받아 최다 득표자에 이름을 올렸다. 이어 두산 양의지(2만 1,530표), 박준순(1만 8,170표), LG 오스틴(1만 7,889표), 한화 강백호(1만 6,863표), 문현빈(1만 2,705표), NC 김주원(1만 2,446표), 한화 허인서(1만 2,318표)가 득표수 상위 8명에 이름을 올리며 홈런더비 출전 명단에 올랐다. 특히 김도영과 오스틴은 나란히 27홈런을 치며 전반기를 홈런 부문 공동 1위로 마쳤다. 오스틴이 1개 차로 앞서있었으나 김도영이 9일 부산 롯데전에서 27호 홈런을 쏘아올리면서 또다시 공동 선두가 됐다. 홈런 더비에서 과연 이들의 잠실구장을 몇번이나 넘길 수 있을지 관심을 모았으나, 오스틴의 미출전으로 진검승부는 후반기로 미뤘다. 한편 지난해 '시간제' 와 '아웃제' 방식이 결합돼 변화를 선보였던 홈런더비는 올해 진행 순서를 바꿔 더욱 극적인 승부를 연출할 예정이다. 먼저 정해진 아웃카운트가 소진될 때까지 타격을 진행한 뒤, 1분간의 '컴프야 피버타임' 동안 추가 타격을 이어가는 방식이다. 아웃카운트의 경우 예선은 5아웃, 결승은 7아웃까지 타격할 수 있다. 박진감 넘치는 경쟁을 위한 상금 증액도 이뤄졌다. 홈런더비 우승자에게는 기존 500만원에서 2배 오른 상금 1000만원이 주어지고, 트로피와 함께 삼성 Bespoke AI 에어드레서(일반용량)가 수여된다. 준우승 선수도 기존 100만원에서 200만원 오른 상금 300만원과 트로피가 주어진다. 최장거리 홈런을 날린 선수에게는 LG 퓨리케어 AI 360º 공기청정기 플러스가 제공된다. 올해 신설된 특별상 시상도 재미를 더한다. 예선에 진행되는 '컴프야 피버타임' 동안 가장 많은 홈런을 터뜨린 선수에게는 '컴프야상'과 함께 부상으로 삼성 무빙스타일 Mini LED(MH70)가 수여된다. 아울러 홈런더비 우승자의 배팅볼 투수에게는 '홈런 메이커상'이 주어지며, 보스 QC 울트라 헤드폰 2세대가 수여되는 등 더 다채롭고 흥미로운 구성으로 야구팬들을 찾아갈 예정이다. 나유리 기자 youll@sportschosun.com"
2026.07.10 14:41,"대학야구대표팀, 세계대학야구대회 출전...미국·일본·대만과 챔피언 경쟁",마니아타임즈,"고천주(송원대) 감독이 이끄는 한국 대학야구 대표팀이 신설된 세계대학야구대회에 나선다. 대회는 11일부터 15일까지 대만 타이중 인터콘티넨털 야구장에서 열린다. 대한야구소프트볼협회는 10일 이 대회가 미국야구협회·대만야구협회·일본대학야구연맹이 공동 창설한 대회라며, 한국은 와일드카드 초청을 받아 미국·대만·일본과 첫 챔피언을 다툰다고 밝혔다. 대표팀은 지난 8일 대만에 도착해 대회를 준비 중이다. 대회는 11일부터 13일까지 4개국이 풀리그를 치른 뒤, 14일 준결승에서 1-4위와 2-3위가 맞붙고 15일 결승에서 챔피언을 가린다. 한국은 11일 미국, 12일 일본, 13일 대만과 조별리그를 치른다. 마운드는 대학야구 최대어로 꼽히는 곽병진(부산과기대)을 필두로 정원진(고려대), 김도균(부산과기대), 조영우(연세대) 등이 이끈다. 야수진에는 원상윤(강릉영동대), 강민우(고려대) 등 내야수와 김종우(성균관대), 이민준(인하대) 등 외야수가 합류했다. 한편 협회는 KBO로부터 국제 경쟁력 강화 지원금 3억원을 받아 이번 파견을 포함한 연령별 대표팀 운영을 지원하게 됐다고 전했다. [김선영 마니아타임즈 기자 / maniareport@naver.com] 기사제보 및 보도자료 report@maniareport.com"
2026.07.10 14:33,"제3회 마이데일리 전국유소년야구대회, 17~21일 강원도 횡성서 개최",스타뉴스,"[스타뉴스 | 박정욱 기자] 한국 야구 미래를 이끌 꿈나무들의 경연장인 제3회 마이데일리 전국유소년야구대회가 오는 17일부터 21일까지 강원도 횡성베이스볼테마파크에서 열린다. 대한유소년야구연맹(회장 이상근)이 주관하고 마이데일리가 주최하는 이번 대회는 주니어리그(16세 이하), 유소년리그(13세 이하), 꿈나무리그(11세 이하), 새싹리그(9세 이하) 등으로 나눠 펼쳐진다. 총 150여개 팀, 2000여명의 선수가 참가하는 전국 최대 규모의 유소년 야구대회다. 유소년 선수들이 즐길 수 있는 스피드킹, 홈런더비, 제구왕 콘테스트 등 각종 이벤트도 마련된다. 횡성군, 횡성군체육회, 국민체육진흥공단, 한국도핑방지위원회, 한국스포츠레저(주), 한미사이언스, 스포페이, 애플라인드, 한강식품, 스포노베이션, 메디앳, 유니시티코리아, 글로우핏, 보령헬스케어가 후원한다. 박정욱 기자 wookiee0901@mtstarnews.com"
2026.07.10 14:29,얼굴이 얼마나 작길래? 마스크로 얼굴 다 가린 차영현 치어리더 [치얼UP...,마이데일리,"‘경기장의 꽃’ 치어리더는 더 이상 단순히 관중의 응원만을 이끄는 존재에 머물지 않는다. 관중과 선수를 연결하는 가교이자, 경기장 분위기를 극대화하는 주역으로 확실히 자리 잡았다. 이제 치어리더는 응원을 넘어 팬과 팀을 이어주는 중요한 스포츠 콘텐츠 창작자로 빛나고 있다. 스포츠 문화를 더욱 풍성하게 만드는 치어리더들의 매력을 <마이데일리>가 현장에서 영상으로 담아 [치얼UP영상]에서 전한다. <편집자 주> [마이데일리 = 유진형 기자] LG 차영현 치어리더가 지난달 23일 서울 잠실구장에서 열린 '2026 신한 SOL KBO리그' 한화 이글스와 LG 트윈스의 경기가 시작되기 전 리허설을 하고 있다."
2026.07.10 14:28,"'홈런 공동 1위' LG 오스틴, 허리 통증으로 올스타전 홈런 더비 불참",뉴스1,"(서울=뉴스1) 이상철 기자 = 올해 프로야구 홈런 공동 선두에 올라있는 오스틴 딘(LG 트윈스)이 올스타전 홈런 더비에 불참한다. 한국야구위원회(KBO)는 10일 ""오스틴이 허리 불편감을 느껴 서울 잠실구장에서 펼쳐지는 2026 KBO 올스타전 컴투스프로야구 홈런 더비에 출전이 불가하다는 의사를 전달했다""고 밝혔다. 오스틴은 이번 시즌 홈런 27개를 터뜨려 김도영(KIA 타이거즈)과 함께 이 부문 공동 선두에 이름을 올렸다. 나눔 올스타 1루수 부문에 선정된 오스틴은 11일 열리는 올스타전 본경기에 출전할 예정이다. 오스틴 대신 오태곤(SSG 랜더스)이 홈런 더비에 나선다. KBO는 ""팬 투표 후순위 선수에게 순차적으로 출전 가능 여부를 확인하는 절차를 거쳐 오태곤의 출전이 확정됐다""고 설명했다. 홈런 더비에는 김도영을 필두로 양의지, 박준순(이상 두산 베어스), 강백호, 문현빈, 허인서(이상 한화 이글스), 김주원(NC 다이노스), 오태곤 등 8명이 참가한다. 우승자는 상금 1000만 원과 트로피, 의류관리기인 삼성 Bespoke AI 에어드레서를 받는다. rok1954@news1.kr"
2026.07.10 14:28,"'홈런 공동 1위' 오스틴, 홈런더비 출전 전격 취소 왜?…SSG 오태곤...",스포티비뉴스,"[스포티비뉴스=최원영 기자] 출전 선수가 바뀌었다. 한국야구위원회(KBO)는 10일 오후 ""금일 올스타 프라이데이에 개최되는 2026 KBO 올스타전 컴투스프로야구 홈런더비에 출전할 예정이었던 LG 트윈스 오스틴 딘이 허리 불편감으로 출전이 불가하다는 의사를 KBO에 전달했다""며 ""이에 따라 팬 투표 후순위 선수에게 순차적으로 출전 가능 여부를 확인하는 절차를 거쳤다. SSG 랜더스 오태곤의 출장이 확정됐다""고 공식 발표했다. 이어 ""오스틴은 11일 펼쳐지는 올스타전 경기에는 출전할 예정이다""고 덧붙였다. 올해 올스타전은 LG와 두산 베어스의 홈구장인 서울 잠실야구장에서 열린다. 10일은 올스타 프라이데이로 퓨처스 올스타전이 먼저 개최된다. 경기 후엔 리그를 대표하는 거포들이 참가하는 홈런더비가 이어진다. 이번 홈런더비 출전 선수는 100% 팬 투표로 결정됐다. KIA 타이거즈 김도영이 2만6731표로 가장 많은 표를 받아 최다 득표의 영광을 누렸다. 두산 양의지(2만1530표)와 박준순(1만8170표), LG 오스틴(1만7889표), 한화 이글스 강백호(1만6863표)와 문현빈(1만2705표), NC 다이노스 김주원(1만2446표), 한화 허인서(1만2318표)가 상위 8명에 이름을 올려 출전 선수 명단에 포함됐다. 그러나 오스틴이 이탈하면서 오태곤이 새로이 추가됐다. 올 시즌 전반기 오스틴은 85경기에 출전해 타율 0.339(327타수 111안타) 27홈런 83타점 69득점, 장타율 0.661, 출루율 0.421, OPS(출루율+장타율) 1.082, 득점권 타율 0.388(98타수 38안타) 등을 뽐냈다. 리그 홈런 공동 1위, 득점 공동 1위, 장타율 1위, OPS 1위, 타점 2위, 타율 3위, 안타 3위 등에 자리 잡았다. 엄청난 활약을 선보였다. 오태곤은 74경기에 나서 타율 0.230(196타수 45안타) 9홈런 27타점 27득점, 장타율 0.403 등을 만들었다. 이번 홈런더비는 개인전으로 진행되며 득표 역순으로 참가 순서가 결정된다. 지난해 홈런더비에서는 '시간제'와 '아웃제' 방식을 결합했는데, 올해는 진행 순서를 바꿨다. 예선 5아웃, 결승 7아웃의 정해진 아웃카운트가 소진될 때까지 타격한 뒤 최대 30초의 휴식 후 1분간 주어지는 피버타임 동안 추가 타격을 할 수 있다. 홈런더비 우승자에게는 트로피, 상금 1000만원과 함께 에어드레서가 제공된다. 준우승 선수는 트로피와 상금 300만원을 받을 수 있다. 최장거리 홈런을 날린 선수에게는 공기청정기가 주어진다. 또한 홈런더비 최종 우승자를 도운 배팅볼 투수에게는 '홈런 메이커상'과 함께 헤드폰이 제공되며, 예선 피버타임 동안 가장 많은 홈런을 터트린 선수에게는 '컴프야상'과 함께 이동형 TV가 수여된다. <저작권자 ⓒ SPOTV NEWS. 무단전재 및 재배포 금지>"
2026.07.10 14:26,"허리 통증 LG 오스틴, 올스타전 홈런더비 불참…SSG 오태곤 출전",연합뉴스,"(서울=연합뉴스) 김동한 기자 = 리그 홈런 공동 선두를 달리는 프로야구 LG 트윈스 오스틴 딘(32)이 허리 불편감으로 10일 서울 잠실구장에서 열리는 2026 KBO 올스타전 컴투스프로야구 홈런 더비에 출전하지 않는다. 한국야구위원회(KBO) 측은 ""KBO 올스타전 홈런더비에 출전할 예정이었던 LG 오스틴이 허리 불편감으로 출전하기 어렵다는 의사를 KBO에 전달했다""며 ""이에 따라 팬 투표 후순위 선수에게 순차적으로 출전 가능 여부를 확인한 결과 SSG 오태곤의 출전이 확정됐다""고 이날 밝혔다. 다만 오스틴은 11일 잠실구장에서 열리는 2026 KBO리그 올스타전엔 출전할 예정이다. 오스틴은 올 시즌 전 경기(85경기)에 출전해 타율 0.339(327타수 111안타), 27홈런, 69득점, 83타점에 OPS(출루율+장타율) 1.082를 기록 중이다. 홈런 부문에선 김도영(KIA 타이거즈)과 리그 공동 선두, 타점 부문에선 강백호(85점·한화 이글스)에 이은 2위다. 오스틴을 대신해 홈런더비에 나서는 오태곤은 올 시즌 74경기에 나와 타율 0.230(196타수 45안타) 9홈런 27득점 27타점을 작성했다. moved@yna.co.kr (끝) ▶제보는 카톡 okjebo"
2026.07.10 14:25,"롯데, 21~26일 사직서 '보노보노 40주년' 이벤트 진행...26일 ...",스포탈코리아,"[SPORTALKOREA] 오상진 기자= 롯데 자이언츠가 롯데월드와 함께 글로벌 인기 IP(지식재산권) '보노보노' 40주년을 맞아 특별한 이벤트를 진행한다. 이번 협업은 7월 21일부터 26일까지 진행하며, 마지막 날인 26일은 '보노보노데이'로 연다. 협업 기간 중 사직야구장 광장에 보노보노 가로등 배너와 대형 에어벌룬을 설치하며, 롯데자이언츠 유니폼을 착용한 보노보노와 함께 포토타임을 가질 수 있는 기회도 제공된다. 보노보노데이로 열리는 26일에는 입장 관중 전원에게 보노보노 볼캡을 지급하며, 보노보노 작가인 '이가라시 미키오'가 보노보노 캐릭터와 함께 시구에 나선다. 또한, 보노보노와 어린이 팬이 함께하는 응원 타임을 비롯해 캐릭터 맞추기 등 다양한 경기 중 이벤트도 준비되어 있다. 아울러 오는 16일부터는 보노보노 아트워크를 활용한 카카오톡 이모티콘이 첫 선을 보인다. 이어 21일에는 유니폼을 비롯해 짝짝이, 크로스백, 그립톡 등 다양한 굿즈 라인업을 출시할 예정이다. 이번 협업 상품에 대한 자세한 정보는 구단 공식 상품 채널을 통해 확인할 수 있다. 한편, 롯데 구단은 앞으로도 다양한 IP 협업을 통해 팬 서비스 경험을 제공할 계획이다 사진=롯데 자이언츠 제공"
2026.07.10 14:21,"""폼 살아있네!"" 박용택·김재호 '잠실 레전드' 올스타전 시구 낙점!",에스티엔,"[STN뉴스] 정아람 기자┃잠실구장의 흙냄새를 가장 잘 아는 두 레전드, LG의 '영원한 33번' 박용택과 두산의 '천재 유격수' 김재호가 다시 그라운드에 선다. ​한국야구위원회(KBO)는 10일 서울 잠실구장에서 열리는 '2026 KBO 퓨처스 올스타전'의 서막을 여는 공동 시구자로 박용택과 김재호를 낙점했다. 시포자로는 양팀 현역 LG 박해민과 두산 정수빈이 나선다. ​박용택은 2002년 LG에 입단해 은퇴까지 한 팀에서만 활약한 '원클럽맨'의 상징이다. KBO리그 통산 2,504안타를 기록하며 개인 통산 최다 안타 4위에 올라 있고, 특히 잠실구장에서만 1,442개의 안타를 때려내 이 부문 역대 최다 기록을 보유하고 있다. 네 차례 골든글러브를 수상하며 '꾸준함의 대명사'로 불린 그는 구단 통산 세 번째 영구결번(33번)의 주인공이다. 김재호 또한 2004년 두산 입단 이후 지난해까지 한 팀의 유니폼만 입은 프랜차이즈 스타다. '천재 유격수'로 불린 그는 영리한 수비를 앞세워 두산의 7년 연속 한국시리즈 진출과 세 번의 우승을 견인했다. 두산 은퇴 선수 중 잠실구장 최다 출장 기록을 보유한 그는 유격수 골든글러브 2회 수상과 2015 프리미어 12 국가대표 주전 유격수로서 대한민국 야구의 황금기를 함께했다. ​잠실의 역사를 써 내려갔던 두 거장의 재회는 그 자체로 특별한 의미를 지닌다. 올 시즌을 끝으로 철거를 앞둔 잠실구장은 2032년 3만 석 규모의 돔구장으로 재탄생할 예정이다. 한 시대를 풍미한 두 레전드가 고별을 앞둔 잠실구장에서 퓨처스 유망주들에게 건네는 투구는 한국 야구의 미래를 잇는 상징적인 장면이 될 전망이다. ​한편, 이날 퓨처스 올스타전은 가수 규빈의 애국가 제창으로 시작되며, 본경기는 11일 같은 장소에서 이어진다. ※STN뉴스 보도탐사팀 제보하기 당신의 목소리가 세상을 바꾸고, 당신의 목소리가 권력보다 강합니다. STN뉴스는 오늘도 진실만을 지향하며 여러분의 소중한 제보를 기다립니다. ▷ 전화 : 1599-5053 ▷ 이메일 : news@stnsports.co.kr ▷ 카카오톡 : @stnnews / STN뉴스=정아람 기자 gooutside@stnsports.co.kr ▶STN 뉴스 공식 모바일 구독 ▶STN 뉴스 공식 유튜브 구독 ▶STN 뉴스 공식 네이버 구독 ▶STN 뉴스 공식 카카오톡 구독"
2026.07.10 14:19,[IS 포커스] 올림픽+월드컵+지방선거 '트리플 악재' 이겨낸 KBO리그...,일간스포츠,"2026 KBO리그가 사상 최초로 단일 시즌 1300만 관중을 향해 돌진하고 있다. 지난 9일 전국 4개 구장에서 열린 KBO리그 경기에는 총 7만3966명의 관중이 입장했다. 이날 수원 경기가 비로 취소됐지만, 서울 잠실(SSG 랜더스-두산 베어스·1만2961명) 대전(NC 다이노스-한화 이글스·1만3805명) 대구(LG 트윈스-삼성 라이온즈·2만4000명) 부산(KIA 타이거즈-롯데 자이언츠·2만3200명)에 전반기 마지막 경기를 즐기러 온 팬들의 발길이 이어졌다. 무더위와 장마가 시작된 계절에도 팬들의 야구 사랑은 좀체 꺾이지 않고 있다. 2026시즌 KBO리그는 전반기 424경기에서 총 763만3775명의 관중을 기록했다. 지난해 사상 최초로 전반기 700만 관중을 돌파했는데, 1년 만에 그 기록을 크게 경신했다. 코로나 팬데믹에서 완전히 벗어난 2024년, KBO리그는 1982년 출범 후 처음으로 단일 시즌 1000만 관중을 돌파했다. 지난해에는 정규시즌 720경기에서 총 1231만 관중을 돌파했다. 올해 페이스를 보면 1300만 관중도 충분히 가능하다. 2026년 관중 추이는 기록의 연속이었다. 월드베이스볼클래식(WBC) 기간과 겹친 3월 시범경기에서 역대 최다 관중(60경기 44만247명)을 기록했다. 정규시즌을 시작하자마자 역대 최소인 14일·55경기 만에 100만 관중을 돌파했다. 이후에도 200만(117경기) 300만(166경기) 400만(222경기) 500만(275경기), 600만 관중(350경기)을 모두 역대 최소 경기로 넘어섰다. 6월 30일에는 388경기 만에 700만 관중을 돌파했다. 지난해 같은 기록(405경기)보다 17경기 빠른 페이스다. 단지 '야구 관람'이 아니라 '놀이 문화'가 된 KBO리그는 올 시즌 만만치 않은 환경에서 시작했다. WBC에서 17년 만에 8강에 진출하긴 했지만, 한국 대표팀이 2006년 4강, 2009년 준우승을 거뒀을 때만큼의 폭발력은 아니었다. 오히려 올해 초 밀라노·코르티나 동계 올림픽과 현재 열기를 더하고 있는 2026 북중미 축구 월드컵에 관심을 빼앗기는 상황이었다. 게다가 6월 치러진 지방 선거도 야구에선 호재로 볼 수 없었다. 정치권 선거가 스포츠 레이스와 유사한 점이 많아 큰 선거가 야구 시즌 중 열리면 흥행에는 악재로 보는 게 전통적인 시각이다. 그러나 야구팬들은 다른 스포츠, 또는 정치 일정과 상관 없이 매일 야구를 즐기고 있다. 오는 9월에는 일본에서 2026 아이치-나고야 아시안게임(AG)이 열린다. 한국 대표팀 선수들이 열흘가량 소속팀을 떠나는 동안 KBO리그 일정은 계속된다. 지금까지 병역 혜택이 걸린 AG 기간에는 정규시즌을 중단하고 최정예 멤버를 뽑았다. 그러나 올해는 25세 이하 젊은 선수들로 대표팀을 구성하고, 리그는 중단 없이 치러진다. 지금 추세를 보면 AG도 KBO리그 흥행에 큰 영향을 미치지는 못할 것으로 보인다. 김식 기자 seek@edaily.co.kr"
2026.07.10 14:18,"이정후, 대타로 나와 2루타 폭발…3경기 만에 안타",KBS,"미국 프로야구 샌프란시스코의 이정후가 대타로 나와 2루타를 터트렸습니다. 이정후는 오늘(10일) 열린 콜로라도와의 홈 경기에서 대수비로 출전해 2타수 1안타를 기록했습니다. 3경기 만에 나온 안타입니다. 이정후의 시즌 타율은 0.308에서 0.309(320타수 99안타)로 약간 올랐습니다. 최근 2경기 연속 무안타에 시달렸던 이정후는 이날 선발 라인업에서 제외됐으나 4대 2로 앞선 6회초 우익수 대수비로 나섰습니다. 이정후는 7회말 2사 1루 첫 타석에서 콜로라도 불펜 TJ 슈크를 상대로 우익선상 2루타를 터뜨렸습니다. 볼카운트 2스트라이크에서 낮게 떨어지는 체인지업을 마치 골프 치듯 스윙해 퍼 올렸고, 타구는 우익수 오른쪽 깊숙한 곳으로 향하면서 장타로 이어졌습니다. 이정후는 7일 토론토 블루제이스전 이후 3경기 만에 안타, 5일 콜로라도전 이후 5경기 만에 장타를 생산했습니다. 샌프란시스코는 8대 2로 승리했습니다. [사진 출처 : AP=연합뉴스] ■ 제보하기 ▷ 전화 : 02-781-1234, 4444 ▷ 이메일 : kbs1234@kbs.co.kr ▷ 카카오톡 : 'KBS제보' 검색, 채널 추가 ▷ 유튜브, 네이버에서도 KBS뉴스를 구독해주세요! 문영규 기자 (youngq@kbs.co.kr)"
2026.07.10 14:14,"‘2024년 챔피언’ LG 오스틴, 허리 불편감으로 홈런더비 불참..SS...",뉴스엔,"[잠실=뉴스엔 안형준 기자] 오스틴이 홈런더비에 불참한다. KBO는 7월 10일 '2026 KBO 올스타전 컴투스프로야구 홈런더비' 출전선수 교체를 발표했다. KBO에 따르면 홈런더비에 출전할 예정이었던 LG 오스틴은 허리에 불편함을 느껴 KBO에 불참 의사를 전했다. 2024년 홈런더비 우승자였던 오스틴은 올해 홈런더비에서도 활약할 것으로 기대를 모았지만 부상으로 불참하게 됐다. KBO는 ""팬 투표 후순위 선수에게 순차적으로 출전 가능 여부를 확인하는 절차를 거쳐 SSG 오태곤의 홈런더비 출전이 확정됐다""고 전했다. 오태곤은 올시즌 74경기에서 .230/.292/.403 9홈런 27타점을 기록했다. 다만 오스틴은 11일 열리는 올스타전 본경기에는 출전할 예정이다. 오스틴은 이번 올스타 선발 과정에서 합산 1위를 기록해 나눔올스타 1루수 부문 베스트 12에 선정됐다.(사진=오스틴/뉴스엔DB) 뉴스엔 안형준 markaj@ 기사제보 및 보도자료 newsen@newsen.com copyrightⓒ 뉴스엔. 무단전재 & 재배포 금지"
2026.07.10 14:09,"'홈런 공동 1위' 오스틴, 올스타전 홈런더비 불참…오태곤 합류",스포츠투데이,"[스포츠투데이 이상필 기자] 오스틴(LG 트윈스)이 2026 KBO 올스타전 컴투스프로야구 홈런더비에 불참한다. KBO는 10일 서울 잠실구장에서 펼쳐지는 올스타 프라이데이 홈런더비에 출전할 예정이었던 오스틴이 허리 불편감으로 인해 출전이 불가하다는 의사를 전달했다고 밝혔다. 오스틴은 전반기에 27홈런을 쏘아 올리며 김도영(KIA 타이거즈, 27홈런)과 홈런 공동 1위에 자리하고 있다. 이번 홈런더비의 유력한 우승후보로 기대를 모았지만, 아쉽게 참가하지 않게 됐다. 오스틴은 11일 열리는 올스타전 경기에는 출전할 예정이다. 한편 오스틴의 빈 자리는 오태곤(SSG 랜더스)이 채운다. 이에 따라 이번 홈런 더비에는 김도영, 오태곤, 양의지(두산 베어스), 박준순(두산 베어스), 강백호(한화 이글스), 문현빈(한화 이글스), 김주원(NC 다이노스), 허인서(한화 이글스)가 출전한다. [스포츠투데이 이상필 기자 sports@stoo.com]"
2026.07.10 14:08,‘이럴 수가’ 홈런 공동 1위 오스틴 허리 부상→홈런더비 출전 불발…‘9...,OSEN,"[OSEN=이후광 기자] 프로야구 전반기 홈런 1위 오스틴 딘(LG 트윈스)이 올스타전 홈런더비에 불참한다. KBO(한국야구위원회)는 ""10일 올스타 프라이데이에 개최되는 2026 KBO 올스타전 컴투스프로야구 홈런더비에 출전할 예정이었던 LG 오스틴이 허리 불편감으로 출전이 불가하다는 의사를 KBO에 전달했다""라고 발표했다. 오스틴은 전반기 홈런 27개를 때려내며 김도영(KIA 타이거즈)과 함께 홈런 공동 1위에 오른 KBO리그 대표 홈런타자. 자연스럽게 홈런더비를 향한 기대감이 높아졌는데 전날 대구 삼성 라이온즈전에서 3타수 무안타 1볼넷 1사구를 기록한 뒤 허리에 부상이 발생, 참가가 무산됐다. KBO는 이에 따라 팬 투표 후순위 선수에게 순차적으로 출전 가능 여부를 확인하는 절차를 거쳐, SSG 랜더스 오태곤의 출장을 확정했다. 오태곤은 전반기 홈런 9개를 기록했다. 오스틴은 11일 개최되는 올스타전 경기에는 출전할 예정이다. /backlight@osen.co.kr"
2026.07.10 14:07,"[공식 발표] 김도영과 맞대결 불발됐다, 오스틴 허리 불편감으로 홈런더비...",마이데일리,"[마이데일리 = 김경현 기자] 너무나 아쉽다. 오스틴 딘과 김도영의 홈런더비 맞대결이 불발됐다. KBO는 10일 ""올스타 프라이데이에 개최되는 2026 KBO 올스타전 컴투스프로야구 홈런더비에 출전할 예정이었던 LG 오스틴이 허리 불편감으로 출전이 불가하다는 의사를 KBO에 전달했다""고 전했다. 오스틴은 올 시즌 27홈런을 때려내며 리그 홈런 공동 1위를 달리고 있었다. 김도영 역시 27홈런으로 오스틴과 어깨를 나란히 했다. 양 선수는 나란히 홈런더비 팬투표에 뽑혀 맞대결이 기대됐다. 그러나 오스틴의 부상으로 두 선수의 대결을 볼 수 없게 됐다. KBO는 ""팬 투표 후순위 선수에게 순차적으로 출전 가능 여부를 확인하는 절차를 거쳐, SSG 오태곤의 출장이 확정됐다""고 전했다. 한편 오스틴은 11일 올스타전 본 경기에는 출전할 예정이다."
2026.07.10 14:07,"울산, 첫 올스타전 기념 특별 유니폼 선보인다",에스티엔,"[STN뉴스] 배영수 기자┃올해 결성돼 첫 퓨쳐스 올스타전에 출전하는 울산 웨일즈의 선수들이 구단이 제작해준 특별유니폼을 입고 경기에 출전한다. 10일 울산 웨일즈는 이날 오후 6시 서울 잠실야구장서 열리는 '2026 신한 KBO 퓨처스 올스타전'에 출전하는 나가, 홀, 김서원, 노강민 선수가 특별 제작된 유니폼을 착용하고 경기에 참가할 예정이다. 이들 선수들은 올 시즌 울산의 주축 선수로 활약하면서 결국 퓨처스 올스타전에 선발됐는데 구단 역사에서 처음 배출된 올스타 선수들이라는 의미도 있다. 구단은 이번 유니폼 제작에 대해 창단 첫 해 퓨처스 올스타전 출전을 기념한 것으로, 선수들의 소속감과 자긍심을 높이기 위해 올스타전 공식 패치를 부착한 특별 사양으로 제작됐다고 밝히고 있다. 창단 첫 시즌 리그에서 좋은 활약을 펼친 선수들의 올스타전 참가를 기념하고 선수 개인에게도 좋은 추억을 주기 위한 일환인 것. 네 명의 선수들은 이번 올스타전 행사와 경기에서 특별 유니폼을 착용하고 울산웨일즈를 대표해 팬들과 만날 예정이다. 노강민은 ""구단에서 올스타전 기념 제작한 유니폼을 입어보니 자부심이 더 생긴다""며 ""우리 선수들을 대표해 기량도 뽐내고 구단도 많이 알리겠다""고 밝혔다. 한편 김동진 울산웨일즈 단장은 ""창단 첫 시즌에 뜻깊은 의미로 제적한 특별 유니폼이 선수들에게 자부심과 동기부여가 되길 바라고, 또 우리 선수들이 올스타전에서 좋은 활약을 해주길 기대한다""고 덧붙였다. ※STN뉴스 보도탐사팀 제보하기 당신의 목소리가 세상을 바꾸고, 당신의 목소리가 권력보다 강합니다. STN뉴스는 오늘도 진실만을 지향하며 여러분의 소중한 제보를 기다립니다. ▷ 전화 : 1599-5053 ▷ 이메일 : news@stnsports.co.kr ▷ 카카오톡 : @stnnews / STN뉴스=배영수 기자 gigger@stnnews.co.kr ▶STN 뉴스 공식 모바일 구독 ▶STN 뉴스 공식 유튜브 구독 ▶STN 뉴스 공식 네이버 구독 ▶STN 뉴스 공식 카카오톡 구독"
2026.07.10 14:03,"'양현종 버티고 홈런 세 방 터졌다'... KIA, 롯데 5-2 제압, ...",에스티엔,"[STN뉴스] 류승우 기자┃부산 사직의 흐름을 바꾼 것은 KIA의 장타 한 방이었다. 최근 연패에 빠졌던 KIA는 카스트로의 선제포로 분위기를 가져왔고, 김도영과 나성범까지 담장을 넘기며 롯데 마운드를 흔들었다. 베테랑 양현종은 위기마다 버티며 개인 통산 192승 고지에 올랐다. 전날까지 뜨거웠던 롯데 타선은 결정적인 순간 침묵했고, KIA는 4연패 탈출이라는 결과물을 손에 넣었다. 사직 깨운 첫 폭발… 카스트로 선제포, 김도영이 흐름 잡았다 KIA 타선은 9일 부산 사직구장에서 열린 2026 신한 SOL KBO리그 롯데 원정 경기에서 홈런 3방을 앞세워 5-2 승리를 거뒀다. 출발은 카스트로였다. 2회초 선두타자로 타석에 들어선 카스트로는 롯데 선발 김진욱의 슬라이더를 놓치지 않았다. 타구는 그대로 오른쪽 담장을 넘어갔다. 시즌 6호 홈런. 최근 답답했던 KIA 공격에 처음 나온 시원한 장면이었다. 추가점은 김도영의 방망이에서 나왔다. 3회 2사 후 박재현이 2루타로 기회를 만들자 김도영은 중전 적시타로 주자를 불러들였다. 롯데도 쉽게 물러서지는 않았다. 4회말 한태양의 2루타 뒤 손호영이 적시 2루타를 때려 1점을 따라붙었다. 그러나 앞선 득점권 기회를 놓친 장면들이 끝내 발목을 잡았다. 130m 대형 아치에 사직 침묵… 김도영, 다시 경기 지배했다 6회초 선두타자로 나선 김도영은 김진욱의 초구 146㎞ 직구를 그대로 잡아당겼다. 맞는 순간 홈런을 직감할 수 있는 타구였다. 공은 왼쪽 담장을 훌쩍 넘어갔고 비거리는 130m가 찍혔다. 시즌 27호 홈런. 김도영은 이날 홈런과 적시타를 묶어 4타수 2안타 2타점으로 공격 선봉에 섰다. 마지막 해결사는 주장 나성범이었다. 8회초 박재현의 안타와 포일로 만든 무사 2루 기회. 김도영이 삼진으로 물러나며 흐름이 끊기는 듯했지만 나성범은 그대로 승부를 끝냈다. 좌측 담장을 넘기는 투런포. 점수는 5-1까지 벌어졌고, 롯데의 추격 분위기도 함께 꺾였다. 양현종의 시간은 계속된다… 통산 192승으로 증명한 관록 양현종은 베테랑답게 복잡하게 경기를 끌고 가지 않았다. 화려한 삼진쇼는 아니었다. 하지만 필요한 순간마다 맞혀 잡았고, 주자가 나가도 크게 흔들리지 않았다. 5이닝 동안 69개의 공으로 5피안타 1볼넷 1탈삼진 1실점. 효율적인 투구로 시즌 6승, 양현종은 69구만 던지고도 승리 요건을 만들었다. 개인 통산 192승째를 챙겼다. 이후 KIA는 전상현, 조상우, 곽도규, 정해영을 차례로 투입하며 리드를 지켰다. 롯데는 9회말 박건우의 적시 2루타로 한 점을 따라갔지만 거기까지였다. 전날까지 이틀 동안 21점을 몰아쳤던 롯데 타선은 이날 2점에 묶였다. 김진욱은 6이닝 3실점 퀄리티스타트로 제 몫을 했지만 타선 지원 부족 속에 시즌 4패째를 기록했다. ※STN뉴스 보도탐사팀 제보하기 당신의 목소리가 세상을 바꾸고, 당신의 목소리가 권력보다 강합니다. STN뉴스는 오늘도 진실만을 지향하며 여러분의 소중한 제보를 기다립니다. ▷ 전화 : 1599-5053 ▷ 이메일 : invguest@stnsports.co.kr ▷ 카카오톡 : @stnnews / STN뉴스=류승우 기자 invguest@stnsports.co.kr ▶STN 뉴스 공식 모바일 구독 ▶STN 뉴스 공식 유튜브 구독 ▶STN 뉴스 공식 네이버 구독 ▶STN 뉴스 공식 카카오톡 구독"
2026.07.10 14:01,[영상] 해설위원도 믿을 수 없다는 김도영의 홈런,KBS,"프로야구 KIA의 슈퍼스타 김도영이 해설위원도 믿을 수 없다고 말할 정도로 환상적인 홈런을 쳤습니다. 김도영은 롯데전 6회, 김진욱을 상대로 시즌 17호 1점 홈런을 쳤습니다. 타구 소도가 무려 183.2km/h이었고 발사각도는 22도, 해설위원은 감탄사를 쏟아내며 믿을 수 없다고 말했습니다. 한편, 이 경기에서 롯데 포수 손성빈은 미트에 맞고 튄 타구를 다시 잡아 아웃시키는 묘기 같은 포구로 시선을 사로잡았습니다. ■ 제보하기 ▷ 전화 : 02-781-1234, 4444 ▷ 이메일 : kbs1234@kbs.co.kr ▷ 카카오톡 : 'KBS제보' 검색, 채널 추가 ▷ 유튜브, 네이버에서도 KBS뉴스를 구독해주세요! 정충희 기자 (leo@kbs.co.kr)"
2026.07.10 13:59,"‘불꽃야구2’ 김성근 애착인형 정근우, 위기의 계절",스포츠경향,“유튜브나 하지 왜 왔어?” 불꽃 파이터즈가 ‘고교야구 절대 강자’ 성남고전에 나설 최정예 멤버를 구성하는 과정에서 치열한 내부 라인업 전쟁을 벌인다. 오는 13일 오후 8시 공개되는 스튜디오C1 야구 예능 프로그램 ‘불꽃야구2’ 9화에서는 경기 출전을 갈망하는 불꽃 파이터즈의 눈물겨운 노력이 그려진다. 라커룸에 들어서자마자 오승환은 82년생 동갑내기 이대호로부터 “유튜브나 하지 왜 왔어?”라는 저격을 당한다. 지난 단국대전 첫 등판 이후 약 3주간 마운드에 오르지 못한 채 휴업 중(?)이기 때문. 이대호의 장난스러운 농담에 오승환은 “니가 부른 거 아니잖아”라고 받아치며 물오른 예능감을 뽐내 현장을 폭소케 한다. 의도치 않게 등판이 미뤄진 오승환이 이번 경기에서는 마운드에 올라 또 한 번 ‘파이널 보스’의 면모를 보여줄 수 있을지 관심이 쏠린다. 김성근 감독의 ‘애착 인형’ 정근우는 갑작스러운 고용 불안에 마음을 졸인다. 장시원 단장이 훈련 참여 순위를 공개하자 그는 심상치 않은 분위기를 감지한다. 이어 웜업 도중 그라운드에 등장한 김성근 감독의 시선을 의식해 열정적인 타격을 선보이지만 훈련은 뜻대로 풀리지 않는다. 과연 정근우가 치열한 경쟁을 뚫고 라인업에 이름을 올릴 수 있을지 관심이 집중된다. 성남고 웜업 현장에는 정체불명의 ‘성난(?) 사람들’이 등장해 시선을 사로잡는다. 비교적 적은 출전 기회로 성이 난 송승준과 정훈이 일일 리포터로 변신해 성남고 주장과 에이스를 직접 만나기 위해 나선 것. 특히 NC다이노스 이호준 감독의 아들이자 성남고 주장인 이동욱은 아버지에게 전수받은 ‘파이터즈 투수 공략법’을 공개해 송승준을 진땀 흘리게 만들었다는 후문이다. 이어 정훈 역시 성남고 에이스를 향해 사심 가득한 질문을 던지며 현장을 웃음바다로 만든다. 과연 경기 전부터 존재감을 드러낸 ‘성난 사람들’이 본 경기에서도 활약을 이어갈 수 있을지 기대를 모은다. 불꽃 파이터즈가 강호 성남고에 맞서 내세울 최정예 라인업은 오는 13일 저녁 8시 스튜디오C1 공식 유튜브 채널을 통해 확인할 수 있다. 손봉석 기자 paulsohn@kyunghyang.com
2026.07.10 13:43,"39살에 팬투표 1위 위엄…152억 포수, 내친 김에 ‘미스터 올스타’ ...",OSEN,"[OSEN=이후광 기자] 39살에 올스타 팬투표 전체 1위를 차지한 양의지(두산 베어스)가 내친 김에 미스터 올스타를 노린다. 11일 서울 잠실구장에서 열리는 14번째이자 마지막 별들의 축제인 2026 신한 SOL KBO 올스타전이 하루 앞으로 다가왔다. KBO는 10일 프로야구 원년인 1982년 준공돼 한국 야구 역사와 함께해 온 잠실야구장과의 작별을 준비하는 올스타전의 관전 포인트를 짚어보는 시간을 가졌다. ▲ 통산 최다 올스타 선정 2위 두산 양의지, 개인 2번째 ‘미스터 올스타’도 도전장 두산 양의지는 팬 투표 최다 득표 신기록(260만 5,510표)을 세우며 통산 15번째 올스타에 선정됐다. 삼성 양준혁, 강민호(이상 15회)와 함께 이 부문 1위 KT 김현수(16회)를 잇는 공동 2위에 이름을 올렸다. 기세를 이어 개인 두 번째 올스타전 MVP를 노린다. 양의지는 코로나19로 인해 언택트 올스타 레이스로 펼쳐진 2020년 올스타전에서 한국야구기자회 소속 기자단 투표 총 82표 중 65표를 획득해 첫 ‘미스터 올스타’에 선정됐다. 이번 축제에서 다시 MVP에 오르면 역대 KBO 올스타전에서 두 차례 MVP를 수상한 6번째 선수가 된다. 앞서 김용희(1982, 1984년), 박정태(1998, 1999년), 정수근(2004, 2007년), 이대호(2005, 2008년), 홍성흔(2006, 2010년)만이 이 기록을 가지고 있다. 양의지를 비롯해 이번 올스타전에 함께 출전하는 최정(2017년 MVP), 최형우(2024년 MVP)도 2번째 수상을 노린다. ▲ 별들의 축제 빛낼 베테랑들의 품격 오랜 기간 KBO 리그를 누비는 베테랑들이 잠실 마지막 올스타전을 함께 한다. 야수 중에서는 삼성 최형우의 이름이 눈에 띈다. 1983년 12월 16일생인 최형우는 이미 올해 정규시즌 최고령 출장, 안타, 홈런, 도루 기록 등을 새로 썼다. 7월 11일 기준, 42세 6개월 25일인 최형우는 올스타전에서도 각종 기록을 겨냥한다. 양준혁(삼성, 이스턴)이 2010년 올스타전에서 세운 최고령 출장과 홈런(41세 1개월 28일) 기록을 경신할 수 있다. 마운드에서는 류현진의 존재감이 남다르다. 2009년 이후 17년 만에 감독추천선수로 올스타전을 맞이한다. 메이저리그에서 KBO 리그로 복귀한 이후로는 2번째로 나서는 별들의 축제다. 앞서 2024년에 올스타전 최고령 승리(37세 3개월 11일) 기록을 세운 류현진은 39세 3개월 16일의 나이로 맞이하는 이번 올스타전을 통해 또 한 번 새로운 기록 수립에 도전한다. 이외에도 3루수 역대 최다인 10회 베스트에 선정된 최정(SSG)도 감독추천선수 출전 포함 개인 14번째 올스타전을 준비한다. 구자욱도 어느새 11번째 올스타에 선정되며 9번째 출전을 앞두고 있다. ▲ 올스타 샛별들 대거 합류, 올스타 첫 출전선수 27명 별들의 축제에 처음 합류하는 수많은 선수가 잠실 올스타전 고별전을 준비한다. 드림, 나눔을 통틀어 데뷔 첫 올스타전에 나서는 선수만 총 27명으로 전체 출전 명단의 절반을 넘겼다. 선발 맞대결부터 눈에 띈다. 리그를 대표하는 우완 파이어볼러 곽빈(두산)이 데뷔 8년 만에 첫 올스타전에 나선다. 나눔 선발 아담 올러(KIA)는 지난해 감독추천선수로 이름을 올렸다가 부상으로 출전이 불발된 아쉬움을 씻는다. 박준현(키움)은 감독추천선수에 이름을 올려 올해 유일한 고졸신인으로 올스타전을 누비고, 대졸 선수로는 박정민(롯데)이 데뷔 첫해부터 출전 영광을 안았다. 키움 마무리투수로 활약하는 유토는 첫 시즌부터 두자릿수 세이브를 올리는 활약과 함께 아시아쿼터 선수로는 유일하게 이번 올스타전에 나선다. 이외에도 최원준(KT)이 10년 만에 감격스러운 첫 올스타 출전을 앞뒀다. 잠실을 홈구장으로 사용하는 박준순(두산), 우강훈, 구본혁, 문성주, 송찬의(이상 LG)도 올스타전에 처음 출전해 잠실의 뜻깊은 마지막을 기념할 예정이다. ▲ 역대 상대 전적 5승 4패, 5연승 노리는 나눔 올스타 vs 연패 탈출 다짐하는 드림 올스타 2015년부터 펼쳐진 드림과 나눔의 맞대결에서는 나눔이 5승 4패(2020, 2021년 코로나19로 미개최)로 미세한 우위를 점하고 있다. 특히 2022년부터 4연승을 내달리며 불리했던 상성을 뒤집었다. 지난해에도 4타수 3안타 3타점 1홈런으로 MVP에 오른 LG 박동원과 쐐기 홈런을 터뜨린 KIA 김태군 등의 활약으로 8-6 승리를 거뒀다. 올해도 기세를 이어 5연승에 도전한다. 드림 올스타도 물러서지 않는다. 2019년 당시 새로 개장한 창원NC파크에서 거둔 9-7 승리 이후 7년 만의 승리를 노린다. /backlight@osen.co.kr"
2026.07.10 13:40,'전반기 5강? 다 믿진 마세요' 작년엔 3팀이나 바뀌었습니다,스타뉴스,"[스타뉴스 | 신화섭 기자] 2026 KBO리그 정규시즌이 지난 9일 전반기를 마쳤다. 전체 720경기의 58.9%(424경기)를 소화한 가운데 가을야구의 마지노선인 5위를 기준으로 각팀의 희비도 엇갈렸다. 그러나 현재 순위를 다 믿기는 어렵다. 어느 팀도 아직 안심이나 포기는 이르다. 10개 구단 체제로 4-5위간 와일드 카드 제도가 도입된 2015년 이후 전반기와 시즌 최종 5강팀을 비교하면 적지 않은 변화가 있었음을 확인할 수 있다. 2015년부터 지난해까지 11년 사이 2020년에는 코로나 19로 인해 5월 5일에야 정규시즌이 개막해 중간에 휴식기가 없었다. 나머지 10시즌에서 전반기와 시즌 5강팀이 달라진 사례는 총 12번 있었다. 평균 1.2번이므로 매년 1개 이상 팀이 바뀌었다는 의미다. 가장 큰 변동이 일어난 시즌은 무려 3개 팀이 달라진 지난해였다. 전반기를 마감한 7월 10일 현재 5강은 한화, LG, 롯데, KIA, KT 순이었다. 1, 2위 한화와 LG의 승차는 4.5경기였고, 3위 롯데와 8위 삼성의 간격도 4.5경기였다. 최종 결과는 달랐다. LG가 한화를 1.5경기 차로 제치고 역전 우승을 이뤄냈을 뿐 아니라 전반기 3~5위 롯데, KIA, KT가 줄줄이 5강 탈락의 고배를 마셨다. 대신 SSG(전반기 6위)와 삼성(8위) NC(7위)가 각각 3~5위로 포스트시즌 티켓을 거머쥐었다. 10년 동안 전반기와 시즌 최종 5강팀이 모두 일치한 시즌은 2019년과 2022년, 단 두 차례밖에 없었다. 2016년과 2021년에는 2개 팀씩이 자리를 맞바꿨다. 특히 2021년에는 전반기 7위였던 두산이 4위로 페넌트레이스를 마친 뒤 와일드 카드 결정전부터 한국시리즈까지 진출(준우승)했고, 2023년 KT 역시 전반기 7위에서 정규시즌 최종 2위까지 뛰어오른 뒤 한국시리즈 무대(준우승)를 밟았다. 2017년 롯데도 전반기는 7위에 그쳤으나 3위까지 도약해 준플레이오프에 직행했다. 올 시즌 순위별 간격도 지난해와 비슷한 양상을 띠고 있다. 승차 없는 1, 2위 삼성, LG와 3위 KT의 격차는 지난해 한화와 LG보다 작은 3.5경기이다. 또 4위 KIA부터 두산, 한화, NC와 8위 롯데까지 5개 팀이 각각 1.5~2경기 차이로 촘촘하게 늘어서 있어 2~3경기 결과에 따라 언제든지 순위가 뒤바뀔 수 있는 상황이다. 이제 막 반환점을 돌았다. 과연 어느 팀이 가을에 웃을지는 안개 자욱한 언덕 너머 결승 테이프가 눈에 들어올 때까지는 아무도 모른다. 신화섭 기자 evermyth@mtstarnews.com"
2026.07.10 13:37,"세광고, 배명고 10대2 제압… 창단 첫 청룡기 결승 진출",조선일보,"세광고가 창단 첫 결승 진출에 이어 청룡기 우승까지 노린다. 세광고는 10일 서울 목동야구장에서 재개된 제81회 청룡기 전국고교야구선수권대회 겸 주말리그 왕중왕전(조선일보·스포츠조선·대한야구소프트볼협회 공동 주최) 4강전에서 배명고를 10대2로 꺾었다. 종전 최고 성적이 2020년 4강이었던 세광고는 처음으로 청룡기 우승에 도전한다. 이 경기는 전날인 9일 세광고가 1-0으로 앞선 1회말 배명고 공격 도중 폭우로 중단됐다. 오전 10시 19분 우천 서스펜디드 게임이 선언됐고, 10일 오전 10시 1회말 무사 1루 상황에서 경기가 재개됐다. 배명고는 재개 직후 강승재의 도루와 홍준서의 진루타로 1사 3루 기회를 만들었다. 이어 최주환이 세광고의 전진 수비를 뚫는 중전 적시타를 날려 1-1 동점을 만들었다. 이후 4회까지 팽팽한 흐름이 이어졌다. 세광고는 4회초 선두 타자 이시윤의 안타와 희생번트, 몸에 맞는 공으로 1사 1·3루 기회를 잡았다. 배명고는 우천 연기로 등판이 가능해진 2학년 김민수를 투입했고, 김민수는 후속 두 타자를 막아내며 실점 없이 위기를 넘겼다. 그러나 세광고는 5회초 김민수를 무너뜨렸다. 선두 타자 김우진이 중견수 뒤로 향하는 2루타를 쳤고, 전영훈의 희생번트로 1사 3루를 만들었다. 이홍석이 몸에 맞는 공으로 출루한 뒤 서정휘가 유격수 옆을 빠져나가는 2타점 좌전 적시타를 터뜨렸다. 이어 사사구와 상대 실책까지 묶어 넉 점을 뽑으며 5-1로 달아났다. 배명고는 5회말 1사 만루 기회를 잡았지만 득점하지 못했다. 양지훈의 짧은 우익수 뜬공을 세광고 우익수 이상준이 앞으로 몸을 날려 잡아냈고, 이어 폭투 때 홈을 노리던 3루 주자까지 잡히면서 세광고가 위기를 넘겼다. 이후 6회말 대타 조하진의 좌측 담장 직격 적시 3루타로 5-2까지 따라붙었다. 그러나 세광고는 7회초 다시 승부를 갈랐다. 전영훈의 볼넷과 이홍석의 우전 안타로 만든 2사 1·2루에서 이상준이 좌익수 뒤로 떨어지는 2타점 2루타를 날렸다. 이어 이성준도 좌전 적시타를 보태 점수를 8-2로 벌렸다. 세광고는 8회초 상대 폭투 두 개로 한 점을 추가했고, 9회초에는 김시우의 우익수 희생플라이로 10점째를 채웠다. 앞선 경기들에 이어 3경기 연속 두 자릿수 득점이었다. 안타 6개에 사사구 15개를 묶어 두 자릿수 득점을 올린 세광고의 이상준이 3타점, 서정휘가 2타점으로 공격을 이끌었다. 배명고는 실책 3개와 사사구 15개를 내주며 스스로 무너졌다. 마운드에서는 2학년 언더핸드 김동유가 전날과 이날을 합쳐 2와 3분의 2이닝을 3피안타 1실점(비자책)으로 막았다. 이후 노수민과 박상민, 박준모 등이 이어 던지며 배명고의 추격을 차단했다. 박준모는 9회말 삼자범퇴로 경기를 끝냈다. 탈삼진 2개도 곁들였다. 방진호 세광고 감독은 “초반엔 정말 어려운 경기였는데 선수들이 잘 풀어갔다”며 “창단 후 처음 청룡기 결승에 오른 만큼 이제 뒤는 없다. 무조건 우승을 향해 가보겠다”고 했다. 그는 “올해는 아래 학년 선수들이 경험을 쌓는다는 생각으로 엔트리를 짰는데, 경기를 치르며 실력과 자신감이 함께 늘고 있다”며 “선수단 분위기가 좋은 만큼 결승에서도 최선을 다해 꼭 우승 트로피를 들고 싶다”고 말했다. 전영훈은 이날 포수로 선발 출전해 투수진을 이끌고 세 차례 출루했다. 이번 4강 진출 학교 선수 가운데 유일하게 청소년대표 포수로 뽑힌 그는 “대표팀에 선발됐다고 자만하지 않고, 이번 대회 우승만 생각하며 간절하게 뛰었다”고 했다. 전영훈은 “체격이 큰 편이 아니라 큰 스윙보다는 짧고 간결하게 쳐 출루하려 한다”며 “수비와 파이팅이 강점이다. 투수들에게도 과감하되 가운데만 보지 말고 코너워크를 정교하게 하자고 주문했다”고 말했다. 삼성 강민호와 한화 문현빈을 롤모델로 꼽은 그는 “세광고가 아직 청룡기 우승이 없는 만큼 반드시 정상에 서겠다”고 했다. 2017년 곽빈(두산)의 활약을 앞세워 청룡기 정상에 올랐던 배명고는 2019년 이마트배 우승 이후 7년 만에 전국대회 4강에 진출했지만 결승 문턱에서 탈락했다. 세광고는 마산용마고와 경북고 경기의 승자와 청룡기 정상을 다툰다."
2026.07.10 13:31,"잠실의 마지막 올스타전, 팬들이 볼 '이모저모'는?",에스티엔,"[STN뉴스] 배영수 기자┃올 시즌을 끝으로 철거 수순에 들어가는 서울종합운동장 야구장(잠실야구장)의 마지막 올스타전에 대한 야구 팬들의 관심이 어느 때보다 높아지는 듯한 분위기다. 이번 올스타전의 최다 득표 영예를 두산의 포수 양의지가 안았고 최형우와 류현진은 각각 타자와 투수 부문에서 최고령 기록에 도전하는 등 올해 올스타전의 의미는 다양하게 조명되고 있다. 2026 신한 SOL KBO 올스타전은 10일과 11일 잠실야구장에서 열린다. 10일은 퓨쳐스리그의 올스타전과 함께 홈런더비로 전야제를 꾸미고, 11일에는 올스타전 본경기가 열릴 예정이다. 홈런더비 부문 최다득표인 KIA 김도영를 비롯 LG 오스틴, 한화 강백호 등의 흥미로운 대결이 예상된다. 지난 올스타전과 마찬가지로 삼성-KT-두산-롯데-SSG의 선수들이 포진된 '드림 올스타' 팀과, LG-한화-NC-KIA-키움에서 선택된 선수들의 '나눔 올스타'가 '사실상 축제'의 대결을 펼친다. 팬들의 가장 주목했던 이번 올스타전의 최다 득표는 두산의 양의지. 팬 투표 최다 득표 신기록(260만 5,510표)을 세우며 통산 15번째 올스타에 선정됐다. 참고로 양의지의 15번 올스타 선정은 양준혁·강민호와 함께 통산 공동 2위(1위는 김현수(kt, 16회))의 기록이다. 양의지는 지난 2020년 '미스터 올스타'에 선정된 바 있는데 이번 연도에도 욕심을 숨기지 도전하겠다고 밝히고 있는데 만약 올해 양의지의 수상이 현실화되면 그는 역대 6번째로 두 번을 수상하는 선수가 된다. 양의지가 드림 올스타 팀인 관계로 드림 최다 득표는 자연스럽게 양의지의 타이틀이 됐고, 나눔 최다득표는 LG의 오스틴 딘이 239만 2,848표로 선정됐다. 특히 오스틴은 외국인 선수임에도 나눔 팀 최다득표를 기록, LG팬들의 꾸준한 사랑을 받는 선수임을 증명했다. 최고령 기록에서는 삼성 최형우와 한화 류현진이 나서게 된다. 올 시즌 이미 정규시즌 최고령 출장과 안타, 홈런 등의 기록을 경신한 바 있는 최형우는 이번 올스타전에서도 최고령 출장 및 홈런 기록 경신에 도전한다. 참고로 이 기록은 지금까지는 지난 2010년 양준혁(41세 1개월 28일)이 세웠던 바 있다. 올해 감독 추천자격으로 출전하게 된 류현진은 39세 3개월 16일의 나이로 최고령 승리 기록에 다시 도전한다. 현재의 기록 역시 그가 2024년에 세웠던 것(37세3개월11일)이었다. 그 외 3루수 역대 최다 베스트에 선정(10회)된 SSG 최정도 감독 추천자격으로 출전하며 개인 14번째 올스타전에 나서며, 삼성 구자욱도 9번째 출전을 예정하고 있다. 한편 올스타전의 선발투수는 드림 올스타에 두산 곽빈이 나선다. 데뷔 8년만에 처음으로 나서는 올스타전이어서 개인에게는 감회가 남다를 터. 나눔팀 선발 예정인 KIA 애덤 올러는 지난해 부상으로 인한 올스타전의 아쉬움을 해갈하겠다는 각오다. 또 키움 박준현은 감독 추천선수에 이름을 올려 올해 유일한 고졸신인으로 출전하게 됐고, 롯데 박정민은 대졸선수로서 프로데뷔 첫 해에 출전하는 영예를 안았다. 아시아쿼터 중에서는 키움의 마무리 투수 카나쿠보 유토가 유일하게 올스타전에 참가한다. 한편 지난 2015년부터 펼쳐진 드림과 나눔의 맞대결에서는 나눔이 5승 4패로 살짝 앞서있다. 특히 나눔은 2021년까지는 밀리는 분위기였다가 지난 2022년부터 계속 드림을 이겨오고 있는 상태. 지난해도 나눔이 드림에 8:6으로 승리했었다. ※STN뉴스 보도탐사팀 제보하기 당신의 목소리가 세상을 바꾸고, 당신의 목소리가 권력보다 강합니다. STN뉴스는 오늘도 진실만을 지향하며 여러분의 소중한 제보를 기다립니다. ▷ 전화 : 1599-5053 ▷ 이메일 : news@stnsports.co.kr ▷ 카카오톡 : @stnnews / STN뉴스=배영수 기자 gigger@stnnews.co.kr ▶STN 뉴스 공식 모바일 구독 ▶STN 뉴스 공식 유튜브 구독 ▶STN 뉴스 공식 네이버 구독 ▶STN 뉴스 공식 카카오톡 구독"
2026.07.10 13:05,"울산, 첫 올스타전 '자긍심 고취' → 특별 유니폼까지 만들었다",스포츠조선,"[스포츠조선 한동훈 기자] 울산 웨일즈는 10일 오후 6시 서울 잠실야구장에서 열리는 2026 KBO 퓨처스 올스타전에 출전하는 나가, 홀, 김서원, 노강민 선수가 특별 제작된 유니폼 입는다고 10일 밝혔다. 이번 유니폼은 창단 첫 해 퓨처스 올스타전 출전을 기념해 제작된 것으로, 선수들의 소속감과 자긍심을 높이기 위해 올스타전 공식 패치를 부착한 특별 사양으로 제작됐다. 울산은 창단 첫 시즌부터 퓨처스리그에서 뛰어난 활약을 펼친 선수들이 올스타 무대에 참가하게 된 것을 기념하고, 선수 개인에게도 의미 있는 추억을 남겨주기 위해 이번 특별 유니폼을 준비했다. 투수 나가와 홀, 타자 김서원과 노강민은 올 시즌 팀의 주축 선수로 활약하며 퓨처스 올스타전에 선발되는 영예를 안았다. 특히 울산 창단 첫 시즌에 배출된 올스타 선수들이라는 점에서 더욱 의미를 더하고 있다. 선수들은 잠실야구장에서 열리는 올스타전 행사와 경기에서 해당 유니폼을 착용하며 울산웨일즈를 대표해 팬들과 만날 예정이다. 특별 유니폼에 대해 노강민은 ""구단에서 올스타전을 기념해 제작된 유니폼을 입으니, 울산웨일즈 선수로서 자부심을 느낀다, 울산웨일즈 선수들을 대표해 마음껏 기량을 뽐내고, 울산웨일즈를 알리겠다""도 소감을 밝혔다. 김동진 울산 단장은 ""창단 첫 시즌에 퓨처스 올스타 선수를 배출하게 되어 매우 뜻깊게 생각한다""며 ""이번 특별 유니폼이 선수들에게 자부심과 동기부여가 되길 바란다. 우리 선수들이 올스타전에서 큰 활약 하기를 기대한다""고 말했다. 한동훈 기자 dhhan@sportschosun.com"
2026.07.10 13:04,"'잠실 레전드' 박용택·김재호, 퓨처스 올스타전 공동 시구",이데일리,"[이데일리 스타in 허윤수 기자] 현역 시절 잠실을 누볐던 박용택 해설위원과 김재호 해설위원이 KBO리그 퓨처스 올스타전에서 공동 시구에 나선다. 한국야구위원회(KBO)는 10일 서울 잠실구장에서 열리는 KBO 퓨처스 올스타전의 서막을 잠실의 레전드들이 연다며 박용택과 김재호의 시구 소식을 전했다. 두 레전드의 공은 각각 LG 트윈스 박해민과 두산 베어스 정수빈이 받는다. 프로야구 기대주들이 총출동하는 퓨처스 올스타전은 이날 오후 6시 잠실구장에서 열린다. 잠실구장은 올해를 끝으로 철거되고 2032년 3만 석 규모의 돔구장으로 새롭게 문을 연다. LG 트윈스 프랜차이즈 스타이자 구단 영구 결번인 박용택은 2002년부터 LG 유니폼만 입었다. 독보적인 안타 생산능력을 바탕으로 KBO리그 통산 2504 안타를 기록했고, 잠실야구장에서만 1442안타를 기록하며 이 부분 최다 안타 기록 보유자다. 또 현역 시절 네 차례 골든글러브 수상과 더불어 꾸준함의 대명사로 불리며 구단 통산 3번째 영구 결번(33번)의 주인공이 됐다. 함께 마운드에 오르는 김재호는 2004년 두산 입단 이후 잠실야구장에서 은퇴할 때까지 팀의 전성기를 지탱한 원클럽맨이다. ‘천재 유격수’라는 별명답게 안정적이고 영리한 수비로 두산의 7년 연속 한국시리즈 진출과 세 번의 우승을 견인했다. 오랜 시간 두산의 유격수 자리를 지키며 구단 은퇴 선수 중 잠실야구장 최다 출장자다. 유격수 부문 골든글러브 2회 수상은 물론, 2015 프리미어12 국가대표팀의 주전 유격수로 활약하며 대한민국 야구의 위상을 높이는 데 이바지했다. 시포를 맡는 LG의 박해민은 리그를 대표하는 중견수다. 폭넓은 수비 범위와 탁월한 타구 판단, 빠른 발과 뛰어난 야구 감각을 앞세워 공·수에서 팀의 중심 역할을 수행해 왔다. 현재 LG의 주장을 맡고 있으며, 2023년과 2025년 팀의 통합 우승을 함께했다. 또한 2023년 KBO 수비상 중견수 부문 초대 수상자로 선정되며 최고의 수비력을 인정받았다. 한편, 이번 퓨처스 올스타전에서는 가수 규빈이 애국가 제창을 맡는다. KBO 스타들이 출동하는 올스타전 본 경기는 11일 같은 장소에서 열린다. 허윤수 (yunsport@edaily.co.kr)"
2026.07.10 13:02,'얼마나 좋을까' 韓 최초 시민구단 창단 첫해 올스타 배출→특별 유니폼 ...,마이데일리,"[마이데일리 = 이정원 기자] ""의미 있는 추억을 남겨주기 위해 특별 유니폼을 준비했다."" 특별한 선물을 준비했다. 울산웨일즈는 10일 ""서울 잠실구장에서 열리는 2026 KBO 퓨처스 올스타전에 출전하는 나가, 홀, 김서원, 노강민 선수가 특별 제작된 유니폼을 입는다""라고 전했다. 이번 유니폼은 창단 첫해 퓨처스 올스타전 출전을 기념해 제작된 것으로, 선수들의 소속감과 자긍심을 높이기 위해 올스타전 공식 패치를 부착한 특별 사양으로 제작됐다. 창단 첫 시즌부터 퓨처스리그에서 뛰어난 활약을 펼친 선수들이 올스타 무대에 참가하게 된 것을 기념하고, 선수 개인에게도 의미 있는 추억을 남겨주기 위해 이번 특별 유니폼을 준비했다. 노강민은 “구단에서 올스타전을 기념해 제작된 유니폼을 입으니, 울산웨일즈 선수로서 자부심을 느낀다, 울산웨일즈 선수들을 대표해 마음껏 기량을 뽐내고, 울산웨일즈를 알리겠다”라고 이야기했다. 김동진 울산 단장은 “창단 첫 시즌에 퓨처스 올스타 선수를 배출하게 되어 매우 뜻깊게 생각한다. 이번 특별 유니폼이 선수들에게 자부심과 동기부여가 되길 바란다. 우리 선수들이 올스타전에서 큰 활약 하기를 기대한다”라고 말했다."
2026.07.10 13:01,"“2024년 전혀 기억 안나, 그냥 지웠다” 김도영은 2년 전 영광을 잊...",마이데일리,"[마이데일리 = 부산 김진성 기자] “2024년은 전혀 기억이 안 난다. 그냥 지웠다.” 김도영(23, KIA 타이거즈)과 올 시즌 인터뷰를 하면서 위와 같은 얘기를 몇 차례 들었다. 정말 2024년이 1도 기억 안 나는 것은 아닐 것이다. 그냥 2024년의 영광을 애써 잊으려고 노력한다는 의미라고 봐야 한다. 대부분 선수가 다치거나 고전하면, 과거의 좋았던 시절로 돌아가려는 습성이 강하다. 그러나 과거의 좋았던 시절의 몸과 지금의 몸은 다를 수밖에 없다. 참고는 할 수 있지만, 좋았던 시절로의 회귀가 부활을 보장하는 것은 절대 아니다. 그런 측면에서 김도영은 바람직한 마인드를 갖고 있다. 마찬가지 의미로 김도영은 작년 햄스트링 세 차례 부상도 잊었다. 그는 9일 부산 롯데 자이언츠전을 마치고 “작년도 기억에 나지 않는다”라고 했다. 악몽과도 같은 2025년도 잊고 새출발하겠다는 의지로 올 시즌을 준비했다. 결과는? 알다시피 놀랍다. KIA가 전반기에 치른 전 경기(86경기)에 나갔다. 그 중 74경기를 3루수로 선발 출전했다. 건강을 완벽히 회복했다. 그러자 성적이 따라왔다. 315타수 94안타 타율 0.298 27홈런 74타점 69득점 장타율 0.616 출루율 0.394. 홈런 공동 1위, 득점 1위, 장타율 2위, 타점 4위다. 오스틴 딘(LG 트윈스)이 타격 전 부문에서 탑3~탑5에 들었기 때문에 정규시즌 MVP 레이스에선 가장 앞서간다고 봐야 한다. 그러나 김도영도 야구통계사이트 스탯티즈 기준 WAR(5.17) 1위에 조정득점생산력(167.5) 2위다. 김도영은 “2024년 전반기는 전혀 기억인 안 난다. 2024년은 그냥 지워버린 상태다. 작년 전반기에도 내가 뭐 했는지 사실 잘 모르고 있다. 그냥 올해는 이렇게 앞만 보고 가고 있는 중이다. 뭐 (SNS에)한번씩 뜰 때 ‘이때 이렇게 쳤지’ 그런 생각이 들었는데 그냥 추억으로 남겨뒀다. 그리고 굳이 뭐 돌아가려고 하지도 않고, 찾아보지도 않고 그냥 그렇다”라고 했다. 사실 전반기에 시행착오가 있었는데 이 정도 성적을 냈다. 무라카미 무네타카(시카고 화이트삭스)의 폼을 따라하다 미니 슬럼프가 왔고, 전반기 내내 타율관리에 어려움을 겪었다. 그래도 김도영은 김도영이다. 이제 스스로도 타격감이 좋고 자신감이 있다고 말한다. 김도영은 “전반기에 타격폼도 많이 바꿨고 신경 쓸 것도 많았다. 끝날 땐 내 타격폼을 완전히 정착했다. 이제 후반기엔 올라갈 일만 남지 않았을까. 후반기가 더 기대된다”라고 했다. 2년 전엔 못한 홈런왕까지 차지할 경우, 오스틴의 가장 강력한 MVP 대항마가 될 전망이다."
2026.07.10 12:59,"'LG 두산 레전드' 박용택 김재호, 잠실 마지막 퓨처스 올스타전 시구 ...",스포츠조선,"[스포츠조선 한동훈 기자] 10일 잠실야구장에서 열리는 'KBO 퓨처스 올스타전'의 서막을 잠실의 레전드들이 연다. 이번 퓨처스 올스타전 시구는 LG의 '영구결번' 박용택과 두산의 '천재 유격수' 김재호가 맡아 의미를 더한다. 특히 두 레전드의 공을 받는 시포자로 양 팀 현역 선수인 박해민과 정수빈이 나서 신구 조화의 감동을 선사할 예정이다. 시구에 나서는 박용택은 2002년 LG에 입단해 은퇴까지 한 팀에서 활약한 구단을 대표하는 프랜차이즈 스타다. 독보적인 안타 생산능력을 바탕으로 KBO 리그 통산 2,504 안타를 기록했고 잠실야구장에서만 1,442안타를 기록하며 이 부분 최다안타 기록을 가지고 있다. 또한 현역 시절 네차례의 골든글러브 수상과 더불어 꾸준함의 대명사로 불린 박용택은 은퇴할 때까지 녹슬지 않는 모습을 보여주며 구단 통산 3번째 영구결번(33번)의 주인공이 되었다. 함께 마운드에 오르는 김재호는 2004년 두산 입단 이후 잠실야구장에서 은퇴할 때까지 팀의 전성기를 지탱한 원클럽맨이다. '천재 유격수'라는 별명답게 안정적이고 영리한 수비로 두산의 7년 연속 한국시리즈 진출과 세 번의 우승을 견인했다. 오랜 시간 두산의 유격수 자리를 지키며 두산 은퇴 선수 중 잠실야구장 최다 출장 기록을 가지고 있다. 유격수 부문 골든글러브 2회 수상은 물론, 2015 프리미어 12 국가대표팀의 주전 유격수로 활약하며 대한민국 야구의 위상을 높이는 데 기여했다. 시포를 맡는 LG의 박해민은 리그를 대표하는 중견수다. 폭넓은 수비 범위와 탁월한 타구 판단, 빠른 발과 뛰어난 야구 센스를 앞세워 공·수에서 팀의 중심 역할을 수행해 왔다. 현재 LG의 주장을 맡고 있으며, 2023년과 2025년 팀의 통합 우승을 함께했다. 또한 2023년 KBO 수비상 중견수 부문 초대 수상자로 선정되며 최고의 수비력을 인정받았다. 함께 시포자로 나서는 정수빈은 2009년 입단 후 두산의 외야를 책임져온 프랜차이즈 스타다. 정수빈 역시 두산 현역 선수 가운데 잠실야구장 최다 출장 기록을 보유하고 있으며, 특유의 허슬 플레이로 잠실야구장 외야에서 수많은 명장면을 연출해 왔다. 아울러 2015년 우승 당시 한국시리즈 MVP 수상 및 구단 프랜차이즈 최다 경기 출장 기록까지 거머쥔 그는 여전히 '잠실 아이돌'로서 팬들의 압도적인 사랑을 받고 있다. 한편, 이번 퓨처스 올스타전에서는 가수 규빈이 애국가를 제창하며 경기 시작을 알린다. 규빈은 데뷔곡 'Really Like You'로 싱그럽고 청량한 에너지를 선사하며 K-POP 팬들의 큰 사랑을 받았고, 이후 첫 미니앨범 'Flowering'을 통해 싱어송라이터로서 한층 성장한 음악적 역량과 독보적인 감성을 입증하며 5세대 대표 솔로 아티스트로 확고히 자리매김했다. 최근에는 일본 최대 음악 기업인 소니뮤직레이블즈를 통해 일본 메이저 데뷔 싱글 'You Light Up My Life'를 발매하고 정식 데뷔하며 글로벌 활동의 폭을 넓히고 있다. 맑고 파워풀한 음색과 뛰어난 라이브 실력을 겸비한 규빈은 이번 퓨처스 올스타전 애국가 제창을 통해 야구장을 찾은 팬들의 이목을 사로잡을 것으로 기대된다. 한동훈 기자 dhhan@sportschosun.com"
2026.07.10 12:57,잠실의 마지막 추억 별들과 함께… 프로야구 올스타전 관전 포인트는,세계일보,"서울 잠실구장은 한국 야구의 상징과 같은 존재다. 프로야구 원년인 1982년 준공돼 한국 야구 역사와 함께해 온 잠실구장은 이번 시즌을 끝으로 역사 속으로 사라지며 새로운 돔구장으로 다시 태어난다. 이 잠실의 추억을 최고의 별들과 함께 하는 축제의 장이 열린다. 2026 KBO 올스타전이 11일 잠실구장에서 열리며 ‘잠실의 추억’을 아로새긴다. 이번 올스타전은 잠실에서 열리는 14번째이자 마지막 축제다. 양의지(두산)가 그 중심에 선다. 팬 투표 최다 득표 신기록(260만5510표)으로 통산 15번째 올스타에 선정된 그는 양준혁·강민호와 함께 최다 선정 공동 2위에 올랐다. 1위는 16회의 김현수(KT)다. 양의지는 2020년에 이어 개인 두 번째 ‘미스터 올스타’ 수상에도 도전한다. 성사되면 김용희, 박정태, 정수근, 이대호, 홍성흔에 이어 역대 6번째 2회 수상자가 된다. 2017년 올스타 최우수선수(MVP) 최정(SSG)과 2024년 MVP 최형우(삼성)도 두 번째 수상을 노린다. 이번 올스타전은 베테랑들의 활약에 시선이 쏠린다. 1983년생 최형우(삼성)는 올 시즌 최고령 출장·안타·홈런·도루 기록을 새로 쓴 데 이어, 양준혁이 2010년 세운 올스타전 최고령 출장·홈런(41세 1개월 28일) 기록 경신을 겨냥한다. 마운드에서는 류현진(한화)이 감독 추천선수로 별들의 축제에 나선다. 지난 2024년 올스타전 최고령 승리(37세 3개월 11일) 기록을 세웠던 그는 39세 3개월 16일의 나이로 또 한 번의 기록에 도전한다. 3루수 역대 최다 10회 베스트에 뽑힌 최정은 개인 통산 14번째, 구자욱(삼성)은 11번째 올스타에 이름을 올렸다. 데뷔 첫 올스타전에 나서는 샛별도 27명에 달해 출전 명단의 절반을 넘겼다. 곽빈(두산)이 데뷔 8년 만에 드림팀 선발로 첫 올스타전에 나서고, 나눔팀 선발 애덤 올러(KIA)는 지난해 부상으로 불발된 올스타전 아쉬움을 씻는다. 올해 유일한 고졸 신인인 박준현(키움), 대졸 신인 박정민(롯데), 아시아 쿼터 가나쿠보 유토(키움)도 첫 무대를 밟는다. 팀 대결에서는 통산 5승 4패로 앞선 나눔팀(LG·한화·NC·KIA·키움)이 5연승을, 드림팀(SSG·삼성·kt·롯데·두산)은 2019년 이후 7년 만의 승리를 노린다. 지난해 나눔팀은 MVP 박동원(LG)과 김태군(KIA)의 활약을 앞세워 8-6으로 이겼다. 송용준 선임기자 eidy015@segye.com"
2026.07.10 12:51,"한지붕 라이벌의 두 장남, 마지막 잠실에 선다…박용택-김재호, 퓨처스 올...",스포츠경향,"LG와 두산의 은퇴한 프랜차이즈 스타가 잠실의 마지막 올스타전에서 나란히 시구한다. 박용택과 김재호가 10일 잠실구장에서 열리는 KBO 퓨처스 올스타전에서 공동 시구한다. 한국야구위원회(KBO)는 “두 레전드의 공은 LG 박해민과 두산 정수빈이 받을 예정”이라고 밝혔다. 박용택은 2002년 LG에 입단해 은퇴까지 한 팀에서 활약한 LG 프랜차이즈 스타다. KBO리그 통산 2504안타를 기록해 역대 4위에 올라 있다. 지금은 손아섭, 최형우, 김현수에게 한 칸씩 자리를 내줬지만 한때 리그 통산 최다 안타 기록 보유자였다. 잠실구장 최다 안타 기록(1442개)도 박용택이 가졌다. 김재호는 2004년 두산에 입단해 2024년 은퇴까지 뛰었다. 두산의 7년 연속 한국시리즈 진출과 세 번의 우승을 이끌며 전성기 왕조를 구축했던 팀 역사의 유격수다. 프로야구가 현재의 잠실구장에서 열리는 것은 올해가 마지막이다. 잠실구장은 올해를 끝으로 철거되고 2032년 3만석 규모의 돔구장으로 새롭게 탄생한다. 그 마지막을 기념해 올스타전을 개최하는 잠실에서, ‘한지붕 라이벌’ LG와 두산의 프랜차이즈 스타 둘이 퓨처스올스타의 서막을 연다. 김은진 기자 mulderous@kyunghyang.com"
2026.07.10 12:50,"‘놀랍다!’ 183.2km, 괴력의 김도영... 오스틴과 홈런 경쟁이 더...",MHN스포츠,"(MHN 이상준 기자) 지치지 않는다. 외려 치열한 '홈런 레이스' 예고편까지 찍었다. 기아 타이거즈는 9일 부산 사직 야구장에서 열린 2026 신한 SOL KBO리그 롯데 자이언츠와 맞대결에서 5-2로 이겼다. 4연패에서 탈출할 기아는 45승 2무 39패(4위)로 전반기를 마쳤다. 김도영은 3번 타자 3루수로 선발 출전, 3타수 2안타 2타점 1홈런으로 힘을 보탰다. 특히 이날 홈런은 여러 측면에서 큰 임팩트를 남겼다. 6회초 선두타자로 들어선 김도영은 김진욱의 초구 146km 패스트볼을 그대로 통타, 비거리 130m 대형 솔로포를 만들어냈다. 올 시즌 사직에서 터트린 첫 홈런이다. 팀이 2-1, 근소한 리드를 가져갈 때 터진 천금 같은 한 방이다. 추격 의지를 제대로 꺾었다. 눈에 띄는 건 단연 타구속도다. 무려 183.2km가 찍혔다. 스윙 스팟에 잘 맞기만 하면 강한 타구를 생산하는 김도영의 힘을 제대로 엿볼 수 있었다. 매섭게 홈런을 때려낸다. 김도영은 현재 시즌 27홈런을 기록 중이다. 이제 전반기가 끝난 것을 감안하면, 커리어하이인 2024시즌 38홈런보다 더 빠른 페이스다. 2025시즌 부상으로 ‘잠시 멈춤’을 가진 후, 더 정교해지고 강렬해졌다. 끊임없는 연구와 고민 끝에 나온 결과다. 시즌 중 무라카미 무네타카(시카고 화이트삭스)의 타격폼을 따라하는 등, 맞는 타격폼 정립을 위해 할 수 있는 건 다 했다. 그러면서 밀어치는 타구가 많았던 2024시즌보다 당겨쳐 만드는 타구 비율도 늘어났다. 타율 0.298 94안타 74타점 OPS 1.010, 그야말로 압도적인 전반기를 보냈다. 후반기가 더 기대를 모으는 이유다. 오스틴 딘(LG 트윈스)과 홈런왕 경쟁에서 앞서 나갈지도 주목된다. 김도영과 오스틴은 6월 나란히 홈런 11개를 때려내며 치열한 타이틀 경쟁을 시작했다. 오스틴이 앞서가면, 김도영이 원점으로 되돌리는 형국이었다. 이날 김도영이 대형포를 때려내며, 같은 그림이 반복됐다. 둘은 홈런 공동 선두(27개)로 전반기를 마쳤다. 누가 더 낫다고 판단하기도 어렵다. 이런 와중 10일 열리는 올스타전 홈런 더비에서 ‘미리보는 홈런왕 타이틀 경쟁’에 나서기도 한다. 김도영은 오스틴에 ""존경한다""라며, 선의의 경쟁을 이어갈 것을 알렸다. 최종 결과물이 벌써부터 궁금해진다."
2026.07.10 12:40,"ERA 3점대에 6승, “KIA에 누구 있다고?”…양현종이 선발이라 다행...",스포츠경향,"양현종(38·KIA)은 올시즌 최대 5이닝씩만 던진다. 4월7일 삼성전(5.2이닝 1실점)과 4월14일 키움전(6이닝 2실점)을 제외하고는 6회 마운드에 올라간 적이 없다. 지난해까지 이미 통산 2600이닝 이상을 던진 30대 후반의 양현종을 보호하기 위한 팀의 강제 조치다. 양현종을 위한 것이지만 본인에게는 세월을 의식하게 만드는 씁쓸한 현실이기도 하다. 리그 대부분 팀들처럼 KIA도 매년 선발투수들의 부상으로 고비를 맞는다. 그 와중에도 지난 10년 이상을 한 해도 빠짐 없이 안 다치고 던져온 유일한 투수가 양현종이다. 오랫동안 이닝이터였고 에이스였던 양현종의 쾌투는 너무도 당연하게 여겨져왔다. 언젠가부터는 그 ‘당연한 것’을 못한다는 꼬인 시선도 양현종에게 향했다. 과거와 달라지지 않은 것이 한 가지 있다. KIA 안에서 양현종의 선발 등판은 보이는 것 이상의 의미가 있다. 비슷한 사례를 찾기 어려울 정도로 팀에 대한 충성도가 높아 한 길만 왔고 리그 레전드의 길로 가는 양현종은 KIA의 상징이다. 양현종이 등판하는 경기는 KIA 선수들에게 ‘꼭 이겨야 하는 경기’로 통한 지 오래다. 지난 9일 사직 롯데전도 그랬다. 광주에서 NC에 2연패를 당하고 사직으로 이동해 7~9일 롯데와 전반기 최종 3연전을 앞둔 KIA는 총력전을 준비했다. 포스트시즌처럼 불펜을 빠르고 적극적으로 운용하겠다고 계획했다. 그러나 이틀간 KIA는 알 수 없는 분위기에 휩쓸려 단체로 실수를 쏟아내며 졸전 끝에 대패했다. 7월 들어 선발투수들이 전부 무너졌고 4연패, 최악의 분위기에서 전반기 마지막 경기의 선발 순서가 양현종이었던 것은 KIA에게 오히려 다행이었다. 반드시 이겨야 하는 경기에 나선 양현종은 올시즌 가장 전력으로 던졌고, 선수들은 선배 양현종이 던지는 뒤에서 다시 뭉쳐 최고의 경기를 펼쳤다. 막내 외야수 박재현은 1회말 선두타자 황성빈의 큰 타구를 전력으로 달려 잡아내느라 펜스에 부딪혀가며 몸을 던졌고, 일주일간 침묵했던 중심타자 김도영, 나성범, 카스트로가 모두 홈런을 쳤다. 앞선 4연패 때와 달리, KIA가 가장 강한 팀일 때 보여주는 모습으로 이날 KIA는 승리했다. 양현종은 주어진 5이닝을 5피안타 1볼넷 1실점으로 끝냈다. 14살 어린 롯데 좌완 김진욱(6이닝 7피안타 3실점)과 멋진 투수전을 했다. 눈빛부터 달랐다. 자신의 투구 결과에 팀의 전반기 마지막, 그리고 후반기 시작이 어떻게 달라질지 누구보다 잘 아는 양현종은 올시즌 들어 처음으로 1회 첫공부터 전력으로 던졌다. 2회초 카스트로가 선제 솔로홈런을 치고 더그아웃으로 와 모두가 떠들썩하게 세리머니 할 때도 일부러 다른 곳으로 시선을 돌리며 차분히 자기 페이스를 지켰다. KIA에는 연패 기간 등판하지 못한 필승계투조 전원이 투입될 힘이 남아 있었다. 이날 양현종의 공은 올시즌 가장 좋았고 69개밖에 던지지 않았지만 KIA는 준비했던대로 3-1로 앞선 6회말 불펜을 가동했다. 양현종은 팀이 바랐던 최상의 시나리오대로, 최고의 5이닝을 던지고 마운드를 내려왔다. 2700이닝 넘게 던져온 동안 자신의 위기와 팀의 위기를 수없이 넘어왔던 양현종은 언제 어떤 식으로 던져야 할지를 잘 아는 투수다. 양현종은 “이틀간 경기를 보며 롯데 타자들 감이 너무 좋구나 생각했고 거기 맞춰 준비했다. 피하기보다는 공격적으로 들어가야 인플레이 타구를 빨리빨리 만들어 아웃카운트를 잡을 수 있다고 생각했는데, 오늘 내 컨디션도 좋았다. 많은 이닝은 아니지만 5회를 무사히 잘 마치고 내려온 것 같다”고 말했다. 경기 전 양현종이 받은 ‘주문’을 통해 KIA에게 이 경기가 얼마나 중요했는지 더욱 확인할 수 있다. 양현종은 등판 당일에는 ‘입에 지퍼를 채웠다’고 할 정도로 누구와도 말을 하지 않고 주변을 차단한다. 그런 양현종을 잘 알지만 메시지가 전해져왔다. 양현종은 “선발 당일에는 많이 예민해서 다른 얘기를 잘 안 들으려고 하는데, 감독님께서 꼭 전달하라고 하셨다며 코치님이 얘기하셨다. 전반기 마지막 경기고 중간 투수들이 많이 쉰 상태라 일찍 교체할 수 있으니 매 타자 전력으로 던져달라고 하셨다”고 소개했다. 꼭 이겨야 하는 경기, 이닝 상관 없으니 최대한 초반을 실점 없이 꽉 막아달라는 뜻이었다. 양현종은 완수했다. 경기 뒤 이범호 감독은 “양현종이 베테랑의 역할을 정말 잘 해냈다. 양현종의 호투 덕에 계획대로 투수를 기용할 수 있었다”고 했다. 이날 양현종의 최고구속은 시속 144㎞였다. 전성기 시절의 강속구는 던지지 못하지만 최근 ‘좋은 날’의 양현종은 이렇게 140㎞대 중반까지 공을 뿌린다. 양현종은 “구속은 잘 모르겠지만 예전에 좋았던 무브먼트가 느껴졌고 무엇보다 후련하게 던진 느낌”이라며 “이게 100%는 아닌 것 같다. 아프거나 한 데가 없고 나도 내 몸을 (얼마나 더 좋아질지) 아직 모르기 때문에 더 기대가 된다. 앞으로 어떤 모습을 보여줄 수 있을지 이제 나도 조금은 기대가 된다”라고 말했다. 양현종은 시즌 6승(5패)째를 거뒀다. 평균자책을 3.91로 낮추고 전반기를 마쳤다. 5이닝씩만 던지느라 규정이닝이 안 돼 공식 순위에는 없지만 KIA에서 애덤 올러(9승5패) 다음으로 많이 이겼고, 올러(2.36)·제임스 네일(3.77) 다음으로 평균자책이 좋다. 올해도 토종 1선발은 양현종임을, 과거처럼 지금도 위기 돌파에는 양현종이 최강임을 전반기 마지막 경기에서 KIA는 재차 확인했다. 부산 | 김은진 기자 mulderous@kyunghyang.com"
2026.07.10 12:36,"잠실서 열리는 마지막 '별들의 축제'...양의지 최다 득표, 류현진·최형...",마니아타임즈,"프로야구 원년인 1982년 준공돼 한국 야구 역사와 함께해 온 잠실야구장이 마지막 '별들의 축제'를 맞는다. 2026 신한 SOL KBO 올스타전은 11일 잠실구장에서 열리며, 10일에는 퓨처스 올스타전과 홈런더비가 팬들을 먼저 반긴다. 이번 올스타전은 잠실에서 열리는 14번째이자 마지막 무대로, 리그를 대표하는 별들이 총출동해 고별 무대를 수놓는다. 가장 빛나는 별은 양의지(두산)다. 그는 팬 투표 최다 득표 신기록(260만5천510표)으로 통산 15번째 올스타에 선정돼 양준혁·강민호와 함께 최다 선정 공동 2위에 올랐다. 1위는 16회의 김현수(kt)다. 2020년에 이어 두 번째 '미스터 올스타'에도 도전하는 양의지가 수상하면 역대 6번째 2회 수상자가 된다. 베테랑들의 기록 도전도 볼거리다. 1983년생 최형우(삼성)는 올 시즌 최고령 기록들을 새로 쓴 데 이어, 양준혁이 2010년 세운 올스타전 최고령 출장·홈런 기록 경신을 노린다. 류현진(한화)은 감독 추천으로 나서 39세 3개월 16일의 나이로 자신이 세운 최고령 승리 기록에 다시 도전한다. 신예들의 무대이기도 하다. 데뷔 첫 올스타에 나서는 샛별이 27명으로 명단의 절반을 넘겼다. 파이어볼러 곽빈(두산)이 드림팀 선발로 데뷔 8년 만에 첫 올스타에 나서고, 나눔팀 선발 애덤 올러(KIA)는 지난해 부상으로 놓친 아쉬움을 씻는다. 팀 대결에서는 통산 5승 4패로 앞선 나눔팀이 5연승을, 드림팀은 2019년 이후 7년 만의 승리를 노린다. 지난해에는 나눔팀이 8-6으로 이겼다. [김선영 마니아타임즈 기자 / maniareport@naver.com] 기사제보 및 보도자료 report@maniareport.com"
2026.07.10 12:32,"강민호 2556G 중 처음이다, 이런 순간 예상했을까…""코치님이 민호야!...",마이데일리,"[마이데일리 = 대구 김경현 기자] 산전수전 다 겪은 강민호(삼성 라이온즈)에게도 특별한 경기였다. 삼성이 전반기를 1위로 마무리했다. 강민호도 팀의 승리를 위해 몸이 부서저라 뛰었다. 그날의 특별한 경험을 직접 들어봤다. 삼성은 9일 대구 삼성 라이온즈파크에서 열린 2026 신한 SOL KBO리그 LG 트윈스와 홈 경기에서 6-5로 승리했다. 이날 승리로 전반기 1위를 확정 지었다. 경기 전 기준 삼성이 50승 2무 32패로 2위, LG가 52승 32패로 1위를 달리고 있었다. 삼성이 1점 차 승리를 거두고 승률 0.614에 도달, LG(0.612)를 2리 차이로 제쳤다. 11년 만에 전반기 1위다. 종전 기록은 2015년이다. 삼성의 정규리그 마지막 우승 시즌이기도 하다. 또한 라이온즈파크를 홈으로 쓴 뒤 첫 전반기 1위다. 강민호는 커리어 처음으로 전반기 1위를 경험했다는 후문이다. 23시즌 2556경기 만에 찾아온 경사다. 이날 강민호는 6번 타자 포수로 선발 출전해 4타수 2안타 2득점 1타점으로 맹활약했다. 결승타도 강민호의 몫. 공수는 물론 날렵한 주루까지 선보이며 팀을 승리로 이끌었다. 2회 1사 첫 타석부터 안타를 신고했다. 후속타 불발로 득점에는 실패. '폭풍 주루'를 통해 동점을 만들었다. 4회 선두타자로 등장한 강민호는 유격수와 좌익수 사이로 향하는 애매한 타구를 날렸다. 유격수 오지환의 포구 실책으로 출루에 성공했다. 김영웅의 안타로 2루에 안착했고, 심재훈의 우익수 뜬공 때 3루 태그업에 성공했다. 이어진 1사 1, 3루에서 양우현이 중견수 방면 짧은 뜬공을 만들었다. 강민호는 과감하게 홈으로 뛰었다. 중견수 박해민의 송구가 정확하게 왔으나, 강민호는 태그를 피하며 홈을 찍었다. 3-3 동점을 만드는 귀중한 플레이. 본인의 손으로 경기를 뒤집었다. 3-3 동점으로 이어진 6회 무사 1루. 강민호는 3루선상을 타고 빠져나가는 2루타를 때려냈다. 타구가 빠르지 않았다. 1루 주자 전병우가 2루와 3루를 거쳐 홈을 여유롭게 밟았다. 강민호는 대타 김성윤의 적시타 때 득점을 올렸다. 다만 7회 시작과 함께 무릎 통증으로 대수비 장승현과 교체됐다. 삼성 관계자는 보호차원 교체라고 전했다. 삼성은 8회 김영웅의 솔로포로 쐐기를 박았다. 9회 김재윤이 우여곡절 끝에 세이브에 성공, 삼성은 6-5로 승리했다. 경기 종료 후 취재진을 만난 강민호는 ""모든 선수들이 중요한 경기라는 것을 인지하고 있었다. 우리가 할 수 있는 것만 하자고 했는데, 실점을 먼저 했지만 뒤집을 수 있어서 기분 좋게 전반기를 마무리했다""고 소감을 전했다. 동점 희생플라이 득점에 대해 묻자 ""중요한 경기라는 걸 알고 있기 때문에 모든 것을 쏟아붓자고 생각하고 있었다. 희생플라이가 좀 짧아서 무조건 살아야 된다는 생각에 열심히 뛰었다""고 했다. 공교롭게도 전날(9일) 홈에서 아웃된 경험이 있다. 5회 2사 1, 2루에서 김성윤이 우전 안타를 쳤다. 2루 주자 강민호가 홈을 노렸는데 우익수 홍창기의 정확한 송구에 아웃됐다. 홈 아웃의 잔상은 없었냐고 묻자 ""희생플라이 타구가 나왔을 때 이종욱 코치님이 '민호야!'라고 하시더라. '아 모르겠다, 죽더라도 홈에서 죽자'라는 생각으로 뛰었다""며 껄껄 웃었다. 6회 결승타에 대해서는 ""추가 점수가 필요했다. 최대한 병살타는 치지 말자는 생각으로 타석에 임했다. 그게 적시타까지 돼서 기분이 좋다""고 전했다. 무릎 상태는 어떨까. 강민호는 ""(6회초) 이승민 선수 공 잡을 때부터 약간 느낌이 왔다. (6회말) 3루로 태그업 플레이 때 슬라이딩하면서 약간 삐끗한 것 같다. 심하지 않다""고 했다. 더그아웃에서 9회 김재윤의 진땀 1이닝 2실점 세이브를 지켜봤다. 강민호는 ""서 있는 위치를 두 번인가 바꿨다. 여기 있어서 자꾸 볼넷이 나오나 싶더라. 그만큼 간절하게 봤다. 그래도 기분 좋다""고 말했다. 전반기 1위에 대해서 ""프로 입단해서 1위로 전반기를 마무리해 보기는 처음이다. 오늘은 모든 선수들이 모든 체력을 쏟아부었기 때문에 이뤄낸 결과라고 생각한다""고 밝혔다. 그러면서 ""오늘은 다른 것보다도 전반기 기분 좋게 끝낼 수 있어서 기분 좋고, 선수들 모두 푹 쉬고 후반기에도 좋은 분위기로 함께 잘할 수 있었으면 좋겠다""고 강조했다."
2026.07.10 12:28,"‘역대급 홈런왕 경쟁’ 오스틴 vs 김도영, 올스타전 ‘홈런 더비’에서 ...",스포츠서울,"[스포츠서울 | 김동영 기자] 2026년 최고의 스타들이 모이는 ‘별들의 잔치’ 올스타전이 열린다. 볼거리 풍성한 이벤트 매치다. 눈길이 가는 쪽이 있다. ‘홈런더비’다. LG 오스틴 딘(33)과 KIA 김도영(23)이 정면으로 붙는다. 2026 KBO 올스타전이 11일 열린다. 리그 최고 스타들이 드림과 나눔으로 나뉘어 팬들 앞에 선다. 각종 퍼포먼스에 대한 기대도 높다. 구단들도 고민하고 있다. 하루 앞선 10일 올스타 프라이데이다. ‘미래’를 볼 수 있는 시간이다. 고교 2학년 선수들이 ‘넥스트레벨 매치’를 치른다. 퓨처스 올스타전을 통해 KBO리그 미래 스타들도 만나볼 수 있다. 그리고 ‘홈런더비’가 열린다. 올스타전의 꽃이라 한다. 거포들이 대거 등장한다. 호쾌한 스윙으로 공을 담장 밖으로 넘긴다. 많이 넘기면 넘길수록 좋다. ‘최고 거포’ 타이틀과 함께 상금 1000만원을 받을 수 있다. 부상도 있다. 팬 투표를 통해 출전 선수를 정했다. KIA 김도영, 두산 양의지 박준순, LG 오스틴, 한화 강백호 문현빈 허인서, NC 김주원이 나선다. 총 8명이다. 나올 선수들이 두루 나왔다. 김도영-오스틴에 눈길이 쏠릴 수밖에 없다. 현재 둘이 홈런 공동 1위다. 나란히 27개씩 쳤다. 8일까지 오스틴 27홈런-김도영 26홈런이었다. 김도영이 9일 홈런을 날리며 27홈런이 됐다. 전반기 홈런 레이스를 주도한 두 명이다. 초반은 김도영이 앞섰다. 홈런을 펑펑 쏘아 올렸다. 오스틴이 추격을 거듭한 끝에 뒤집기에 성공했다. 그리고 김도영이 다시 추격했다. 누군가 단독 1위가 되면, 또 추격해서 어깨를 나란히 하는 양상이 계속됐다. 이 둘이 홈런더비에서 만난다. 다른 것 생각할 필요가 없다. 진루타가 필요한 것도 아니고, 적시타가 나와야 하는 것도 아니다. 스코어 상황도 볼 필요 없다. ‘홈런’ 아니면 ‘아웃’이다. 마운드에서 배팅볼 투수가 던지는 공을 담장 밖으로 보내는 것만 생각하면 된다. 시즌 홈런 타이틀과 무관한 대결이기는 하다. 그러나 오스틴과 김도영, 김도영과 오스틴을 한 번에 볼 수 있다는 점 자체로 이슈가 된다. 둘이 결승에서 붙는다면 더 활활 타오를 수 있다. 매 스윙마다 자존심이 걸린다고 해도 과언이 아니다. 파워라면 뒤질 이유가 없는 두 선수이기도 하다. 물론 김도영-오스틴 둘만 있는 것은 아니다. 홈런 3위 강백호도 강력한 우승 후보다. 전반기 막판 페이스만 보면 강백호도 뒤질 이유가 없다. 다른 선수들 역시 당일 컨디션에 따라 무슨 일이든 낼 수 있다. raining99@sportsseoul.com"
2026.07.10 12:18,"‘잠실 레전드’ 박용택·김재호, 퓨처스 올스타전 시구 맡는다…애국가 제창...",MK스포츠,"각각 LG 트윈스, 두산 베어스에서 활약했던 박용택, 김재호가 퓨처스(2군) 올스타전 시구를 맡는다. 한국야구위원회(KBO)는 “10일 잠실야구장에서 열리는 KBO 퓨처스 올스타전에서 박용택, 김재호가 시구를 한다”고 같은 날 밝혔다. 2002년 LG에 입단한 박용택은 쌍둥이 군단의 프랜차이즈 스타다. 독보적인 안타 생산 능력을 바탕으로 KBO리그 통산 2504안타를 쳐냈다. 잠실야구장에서만 1442안타를 터뜨리며 이 부분 최다 안타 기록을 가지고 있다. 현역 시절 네 차례의 골든글러브 수상할 정도로 꾸준히 활약했으며, 구단 통산 3번째 영구결번(33번)의 주인공이 됐다. 함께 마운드에 오르는 김재호는 2004년 두산 입단 이후 잠실야구장에서 은퇴할 때까지 팀의 전성기를 지탱한 원클럽맨이다. ‘천재 유격수’라는 별명답게 안정적이고 영리한 수비로 두산의 7년 연속 한국시리즈 진출과 세 번의 우승을 견인했다. 오랜 시간 두산의 유격수 자리를 지키며 두산 은퇴 선수 중 잠실야구장 최다 출장 기록을 가지고 있다. 유격수 부문 골든글러브 2회 수상은 물론, 2015 프리미어 12 국가대표팀의 주전 유격수로 활약하며 대한민국 야구의 위상을 높이는 데 기여했다. 시포는 박해민(LG), 정수빈(두산)이 책임진다. 먼저 박해민은 리그를 대표하는 중견수다. 폭넓은 수비 범위와 탁월한 타구 판단, 빠른 발과 뛰어난 야구 센스를 앞세워 공·수에서 팀의 중심 역할을 수행해 왔다. 현재 LG의 주장을 맡고 있으며, 2023년과 2025년 팀의 통합 우승을 함께했다. 2023년 KBO 수비상 중견수 부문 초대 수상자에 뽑힐 정도로 최고의 수비력을 자랑한다. 정수빈은 2009년 입단 후 두산의 외야를 책임져온 프랜차이즈 스타다. 두산 현역 선수 가운데 잠실야구장 최다 출장 기록을 보유하고 있으며, 특유의 허슬 플레이로 잠실야구장 외야에서 수많은 명장면을 연출해 왔다. 2015년 우승 당시 한국시리즈 MVP를 차지했으며, ‘잠실 아이돌’로서 팬들의 압도적인 사랑을 받고있다. 한편 이번 퓨처스 올스타전에서는 가수 규빈이 애국가를 제창하며 경기 시작을 알린다. [이한주 MK스포츠 기자] [ⓒ MK스포츠, 무단전재 및 재배포 금지]"
2026.07.10 12:13,"SSG 랜더스·대한항공 점보스, 19일 '점보스 데이' 개최…정지석 시구...",더게이트,"[더게이트] SSG 랜더스가 프로배구 대한항공 점보스와 함께 스포츠 마케팅과 이웃 사랑을 동시에 실천하는 특별한 하루를 보낸다. SSG는 19일 인천 SSG랜더스필드에서 열리는 KIA 타이거즈와의 홈경기에서 '대한항공 점보스 데이'를 진행한다. 연고지 팬들을 위한 협업 이벤트와 지역사회 공헌을 목적으로 기획된 이 행사는 지난 2021년 첫걸음을 뗀 뒤 올해로 어느덧 6년째를 맞이했다. 행사의 서막은 따뜻한 나눔이 장식한다. 두 구단은 그동안 쌓아 올린 기부금을 모아 전달식을 갖는다. 이번 기부금은 2025년 12월 8일부터 2026년 7월 5일까지 경기 결과에 따라 착실히 적립한 1330만원이다. 대한항공이 홈경기에서 서브 에이스 1개당 10만원씩을 쌓아 68개로 680만원을 만들었다. SSG는 홈경기 투수의 탈삼진 1개당 2만원을 책정해 325개로 650만원을 보탰다. 인천사회복지공동모금회로 기탁되는 이 기부금은 전액 인천 지역 아동과 청소년의 꿈을 지원하는 데 쓰인다. 정지석·김규민 마운드 등장…다채로운 광장 이벤트 경기 전 그라운드에서 열리는 전달식에는 SSG 주장 오태곤과 정준재가 야구단을 대표해 참석한다. 배구단에서는 대한항공 간판스타 정지석과 김규민이 나서며, 인천사회복지공동모금회 박용훈 사무처장이 뜻깊은 자리를 함께한다. 1루 광장 프론티어 스퀘어에서는 경기 시작 3시간 전부터 야구와 배구를 가볍게 즐길 수 있는 미니 게임 부스가 문을 연다. 경기 시작 1시간 전에는 3번 게이트 앞에서 SSG 마스코트 '랜디'와 대한항공 마스코트 '점보'가 팬들과 손바닥을 맞추는 하이파이브 행사로 야구팬을 맞이한다. 승리를 기원하는 시구 역시 배구 스타들이 책임진다. 대한항공 정지석이 시구자로, 김규민이 시타자로 나서 사직벌 못지않은 인천의 야구 열기를 깨운다. 이닝 교체 타임에는 팬들이 직접 참여하는 '점보스 퀴즈' 이벤트가 열리며, 양 팀 마스코트가 응원단상에 함께 올라 합동 응원전으로 잊지 못할 볼거리를 선사한다."
2026.07.10 12:12,'팬투표 1위' 양의지 MVP 도전…잠실 마지막 올스타전 관전 포인트,뉴스1,"(서울=뉴스1) 서장원 기자 = 잠실 야구장에서 열리는 '마지막 올스타전'이 하루 앞으로 다가왔다. 프로야구 원년인 1982년 준공돼 한국 야구 역사와 함께해 온 잠실 야구장과 작별을 준비하는 올스타전의 주요 관전 포인트를 짚어봤다. 두산 베어스 안방마님 양의지는 팬 투표 최다 득표 신기록(260만 5510표)을 세우며 통산 15번째 올스타에 선정됐다. 양의지는 삼성 양준혁(은퇴), 강민호(이상 15회)와 함께 이 부문 1위 KT 김현수(16회)를 잇는 공동 2위에 이름을 올렸다. 또한 양의지는 개인 두 번째 올스타전 최우수선수(MVP)를 노린다. 양의지는 코로나19로 인해 '언택트' 올스타 레이스로 펼쳐진 2020년 올스타전에서 기자단 투표 총 82표 중 65표를 획득해 첫 '미스터 올스타'에 선정된 바 있다. 이번에 다시 MVP에 오르면 역대 KBO 올스타전에서 두 차례 MVP를 수상한 6번째 선수가 된다. 앞서 김용희(1982·1984년), 박정태(1998·1999년), 정수근(2004·2007년), 이대호(2005·2008년), 홍성흔(2006·2010년)만 보유한 기록이다. 양의지를 비롯해 이번 올스타전에 함께 출전하는 SSG 최정(2017년 MVP), 삼성 최형우(2024년 MVP)도 2번째 수상을 노린다. 오랜 기간 KBO리그를 누비는 베테랑들이 잠실 마지막 올스타전을 함께 한다. 야수 중에서는 최형우의 이름이 눈에 띈다. 1983년생 최형우는 이미 올해 정규시즌 최고령 출장, 안타, 홈런, 도루 기록 등을 새로 썼다. 11일 기준 42세6개월25일인 최형우는 올스타전에서도 각종 기록을 겨냥한다. 양준혁(삼성)이 2010년 올스타전에서 세운 최고령 출장과 홈런(41세1개월28일) 경신에 도전한다. 마운드에서는 류현진의 존재감이 남다르다. 2009년 이후 17년 만에 감독 추천선수로 올스타전에 참가한 류현진은 앞서 2024년에 올스타전 최고령 승리(37세3개월11일) 기록을 세웠다. 39세3개월16일의 나이로 맞이하는 이번 올스타전을 통해 또 한 번 새로운 기록 수립에 도전한다. 이외에도 3루수 역대 최다인 10회 베스트에 선정된 최정도 감독 추천선수 출전 포함 개인 14번째 올스타전을 준비한다. 삼성 구자욱도 11번째 올스타에 선정되며 9번째 출전을 앞두고 있다. 이번 올스타전엔 드림, 나눔을 통틀어 총 27명의 선수가 처음 올스타전에 나선다. 데뷔 8년 만에 첫 올스타전에 나서는 곽빈(두산)이 아담 올러(KIA)와 선발 맞대결을 펼치며 박준현(키움)은 감독 추천선수에 이름을 올려 올해 유일한 고졸신인으로 올스타전에 출전한다. 대졸 선수로는 박정민(롯데)이 데뷔 첫해부터 출전 영광을 안았고, 키움 마무리 투수 카나쿠보 유토는 아시아쿼터 선수로는 유일하게 이번 올스타전에 나선다. 2015년부터 펼쳐진 드림과 나눔의 맞대결에서는 나눔이 5승4패로 근소한 우위를 점하고 있다. 특히 2022년부터 4연승을 달리며 좋은 분위기를 이어오고 있는 나눔은 올해도 기세를 이어 5연승에 도전한다. 드림 올스타는 2019년 새로 개장한 창원NC파크에서 거둔 승리 이후 7년 만의 승리를 노린다. 한편 프로야구 올스타전은 오는 11일 개최된다. superpower@news1.kr"
2026.07.10 12:10,'리빙 레전드' 류현진·강민호·최정·최형우의 신기록 릴레이…'역대 최다 ...,OSEN,"[OSEN=손찬익 기자] 기록의 향연이었다. 치열한 순위 경쟁 속에 막을 내린 2026 신한 SOL KBO리그 전반기는 수많은 대기록과 새 역사의 연속이었다. KBO는 10일 2026시즌 전반기를 빛낸 주요 기록들을 발표했다. 박성한(SSG)의 개막 후 최다 연속 안타부터 강민호(삼성)의 통산 2500경기 출장, 류현진(한화)의 한·미 통산 200승, 최형우(삼성)와 최정(SSG)의 살아있는 전설 행진까지 다양한 기록들이 팬들의 눈길을 사로잡았다. 가장 먼저 새 역사를 쓴 선수는 SSG 박성한이었다. 박성한은 개막전이었던 3월 28일 KIA 타이거즈전부터 22경기 연속 안타를 기록하며 김용희(전 롯데)의 개막 후 18경기 연속 안타 기록을 뛰어넘었다. KBO리그 최초의 기록이었다. 3~4월에는 타율 4할4푼1리, 45안타를 몰아치며 생애 첫 월간 MVP까지 품에 안았다. 삼성 강민호도 KBO 역사에 자신의 이름을 새겼다. 강민호는 4월 1일 대구 두산 베어스전에서 KBO리그 최초로 통산 2500경기 출장이라는 전인미답의 기록을 세웠다. 지난해 역대 최다 출장 기록을 경신했던 그는 또 하나의 이정표를 세우며 '살아있는 전설'임을 입증했다. 한화 류현진도 기록 행진을 이어갔다. 4월 7일 SSG전에서 역대 최고령(39세 13일)·최소 경기(246경기) 1500탈삼진을 달성했고, 5월 24일 두산 베어스전에서는 한·미 통산 200승 고지를 밟았다. 현재 한·미 통산 2500탈삼진에도 단 1개만을 남겨두고 있다. 최고령 선수 최형우(삼성)의 기록 행진도 계속됐다. 개막전부터 최고령 출장과 안타 기록을 새로 쓴 그는 최고령 홈런, 최고령 도루 기록까지 갈아치웠다. 여기에 KBO리그 최초 4500루타, 최초 1000장타를 달성했고 역대 두 번째 19시즌 연속 두 자릿수 홈런도 기록하며 여전한 존재감을 과시했다. SSG 최정 역시 새 역사를 썼다. 지난 5월 시즌 10호 홈런으로 KBO리그 최초 21시즌 연속 두 자릿수 홈런이라는 대기록을 세웠다. 이어 역대 두 번째 4500루타도 달성했다. 전반기 19개의 홈런을 기록한 최정은 후반기 20홈런과 11시즌 연속 20홈런이라는 또 다른 금자탑에 도전한다. 육성선수들의 감동 스토리도 빛났다. 한화 박준영이 육성선수 출신 최초로 데뷔전 선발승을 거둔 데 이어 삼성 김백산도 7월 2일 NC 다이노스전에서 5⅔이닝 무실점으로 육성선수 출신 두 번째 데뷔전 선발승의 주인공이 됐다. SSG는 홈런 기록도 쏟아냈다. 김재환은 자신의 첫 3연타석 홈런과 함께 팀 사이클링 홈런을 이끌었고, 고명준 역시 개인 첫 3연타석 홈런을 기록하며 프랜차이즈 최연소 기록까지 세웠다. LG 오스틴은 외국인 타자 통산 100홈런을 달성한 아홉 번째 선수가 됐고, 외국인 타자 역대 다섯 번째 4시즌 연속 20홈런도 작성했다. LG 김진성은 최고령 800경기 출장 기록을 새로 쓰며 베테랑의 가치를 다시 한번 증명했다. 팬들의 뜨거운 관심도 기록으로 이어졌다. 전반기 424경기에 763만3775명의 관중이 입장해 지난해 세웠던 전반기 최다 관중 기록(758만228명)을 넘어섰다. 평균 관중은 1만8004명으로 지난해보다 7% 증가했고, 전체 경기의 약 55%인 231경기가 매진됐다. 좌석 점유율도 87.1%를 기록하며 역대 최고 흥행 시즌을 향해 순항하고 있다. /what@osen.co.kr"
2026.07.10 12:08,올스타 홈런 더비의 저주? 허인서가 특별하게 더 조심해야 하는 이유,MHN스포츠,"(MHN 정철우 기자) 한화 이글스 포수 허인서는 성공적인 전반기를 보냈다. 단순히 가능성을 보여준 정도가 아니다. 1군에서 통할 수 있는 공격력을 증명했고, 무엇보다 포수라는 희소성 높은 포지션에서 장타력을 갖춘 타자로 자신의 존재감을 키웠다. 올스타 선정은 그 결과다. 홈런더비 출전은 한 걸음 더 나아간 의미를 갖는다. 이제 허인서는 ‘힘 좋은 젊은 포수’가 아니라 리그의 거포들과 같은 무대에서 장타력을 겨룰 선수로 인정받았다. 분명 축하할 일이다. 그러나 한화 입장에서 홈런더비는 마냥 즐기기만 할 이벤트가 아닐 수 있다. 허인서에게는 우승보다 중요한 일이 있기 때문이다. 자신의 스윙을 그대로 가지고 돌아오는 것이다. 홈런더비는 야구 경기처럼 보이지만 정규시즌 타격과 목적부터 다르다. 정규시즌 타자는 홈런만 치려고 타석에 들어서지 않는다. 빠른 공에 늦지 않아야 하고 변화구에는 중심을 남겨야 한다. 몸쪽 공은 당기되 바깥쪽 공까지 억지로 끌어당겨서는 안 된다. 투 스트라이크 이후에는 스윙을 줄여야 할 때도 있다. 반면 홈런더비는 다르다. 넘겨야 한다. 그것도 반복해서 넘겨야 한다. 바로 이 차이가 문제다. 홈런 한 개를 만드는 스윙과 좋은 타격을 만드는 스윙은 언제나 같은 것이 아니다. 타자는 담장을 의식하는 순간 평소보다 타격 포인트를 앞에 둘 수 있다. 배트 헤드를 빨리 돌리려 하고 당겨 치는 비율을 높이려 한다. 타구를 띄우기 위해 스윙 궤도에 변화를 줄 수도 있다. 처음에는 아주 작은 변화다. 그러나 같은 동작을 짧은 시간에 수십 차례 반복하면 이야기가 달라질 수 있다. 몸은 생각보다 빨리 배운다. 문제는 잘못 익힌 동작도 몸에 남는다는 점이다. 메이저리그에서는 오래전부터 이른바 ‘홈런더비 저주’가 논쟁거리였다. 가장 대표적으로 거론되는 사례가 2005년 바비 아브레우다. 아브레우는 당시 더비에서 엄청난 홈런 쇼를 펼치며 우승했지만 이후 후반기 장타 생산력이 크게 떨어졌다. 2006년 데이비드 라이트 역시 더비 이후 홈런 생산 감소로 자주 언급됐고, 2017년 홈런더비를 지배한 애런 저지도 후반기 부진 때문에 같은 논쟁의 중심에 섰다. 물론 이들의 부진을 홈런더비 하나로 설명할 수는 없다. 부상과 체력 저하, 상대 투수의 대응, 전반기 성적에 대한 평균 회귀 등 여러 변수가 존재한다. 실제로 통계적으로도 ‘홈런더비에 나가면 반드시 망한다’는 결론은 성립하지 않는다. 미국야구연구협회(SABR)를 비롯한 여러 분석에서도 더비 참가 자체와 후반기 부진 사이의 직접적인 인과관계를 확정하기 어렵다는 결과가 나왔다. 전반기에 워낙 잘했기 때문에 더비에 초청된 선수들이 후반기에 평소 수준으로 돌아오는 평균 회귀 효과도 무시할 수 없다. 더비에 참가하지 않은 올스타급 타자들 역시 후반기 성적이 떨어지는 경우가 있다. 그렇다고 위험까지 없다고 말할 수는 없다. 특히 허인서는 조금 다르게 봐야 한다. 허인서는 이미 자신의 타격 메커니즘을 완성한 베테랑 거포가 아니다. 지금 1군에서 통하는 스윙을 만들어 가는 과정에 있는 젊은 타자다. 이 점이 중요하다. 수년 동안 수백 개의 홈런을 친 베테랑은 이벤트에서 일부러 공을 띄우고 당겨 친 뒤에도 정규시즌이 시작되면 원래 타격 포인트를 되찾을 가능성이 높다. 수천 타석을 통해 만들어진 자기 메커니즘이 있기 때문이다. 그러나 허인서는 이제 그 메커니즘을 굳혀가는 단계다. 성공적인 전반기를 통해 ‘이렇게 치면 1군에서도 통한다’는 답을 찾아가고 있는데 올스타 휴식기에 전혀 다른 목적의 스윙을 집중적으로 반복하게 된다. 더 멀리 보내야 하고, 더 높이 띄워야 하며, 더 강하게 당겨야 한다. 젊은 타자에게는 이 변화가 생각보다 크게 남을 수 있다. 예를 들어 타격 포인트가 공 하나만큼 앞으로 이동했다고 가정해 보자. 홈런더비에서는 도움이 될 수 있다. 일정한 속도로 들어오는 공을 앞에서 잡아당기면 비거리를 만들기 쉽다. 하지만 정규시즌에서는 이야기가 완전히 달라진다. 상대 투수는 허인서에게 치기 좋은 공을 반복해서 던져주지 않는다. 빠른 공을 보여준 뒤 바깥쪽 변화구를 던지고, 몸쪽 공으로 시선을 묶은 뒤 낮은 유인구를 떨어뜨린다. 타격 포인트가 조금만 앞으로 나가도 변화구를 기다리는 시간이 짧아진다. 앞쪽 어깨가 먼저 열리면 바깥쪽 공 대처도 어려워진다. 홈런을 만들기 위해 커진 스윙이 실전에서는 약점이 될 수 있다. 허인서에게 더 큰 위험은 따로 있다. 포수라는 점이다. 포수는 후반기로 갈수록 체력 부담이 커지는 포지션이다. 경기 내내 앉았다 일어나기를 반복하고 블로킹과 송구를 해야 한다. 파울 타구를 몸으로 막아야 할 때도 있다. 투수의 공을 받는 것만으로 끝나지 않는다. 매 타자 볼 배합을 생각해야 하고 경기 전체 흐름까지 읽어야 한다. 전반기의 하체와 후반기의 하체가 같을 수 없다. 이 지점에서 홈런더비식 스윙의 흔적이 남으면 문제가 생길 수 있다. 하체가 충분히 버텨주지 못하는데 배트는 더 크게 돌리려 한다. 그러면 상체가 먼저 나간다. 머리가 움직이고 앞쪽 어깨가 열린다. 배트가 나오는 길은 길어진다. 처음에는 파울 하나가 늘어나는 정도일 수 있다. 이후 변화구 헛스윙이 늘고, 결국 빠른 공까지 늦을 수 있다. 타격 슬럼프는 때로 거창한 기술적 결함에서 시작되지 않는다. 공 하나를 더 멀리 보내려는 작은 욕심에서 시작될 수도 있다. 그래서 허인서에게 이번 홈런더비는 몇 개를 넘기느냐보다 끝난 뒤가 더 중요하다. 예선에서 떨어져도 문제 될 것이 없다. 우승하지 못한다고 해서 허인서의 장타력이 사라지는 것도 아니다. 오히려 한화가 세심하게 살펴야 할 시간은 홈런더비 직후다. 허인서의 타격 포인트가 전반기와 같은지, 배트가 필요 이상으로 아래에서 올라오지는 않는지, 몸쪽 공을 의식한 나머지 앞쪽 어깨가 빨리 열리지 않는지 확인해야 한다. 무엇보다 ‘넘기려는 스윙’이 ‘강하게 맞히는 스윙’을 밀어내지 않도록 해야 한다. 후반기는 전반기보다 어렵다. 이제 상대 팀도 허인서를 안다. 어느 코스에서 장타가 나오는지, 어떤 변화구에 배트가 나오는지, 불리한 카운트에서 어떤 공에 약한지 데이터가 쌓였다. 전반기에 성공한 젊은 타자는 후반기에 반드시 상대의 반격을 받는다. 그런 상황에서 스윙까지 커지면 상대 배터리가 원하는 그림이 될 수 있다. 한화가 정말 원하는 것은 7월의 홈런더비 스타가 아니다. 8월에도 치고 9월에도 치는 포수다. 더 나아가 내년에도, 그 다음 해에도 중심 타선에 들어갈 수 있는 거포 포수다. 허인서의 전반기는 충분히 성공적이었다. 올스타 선정도 우연이 아니고 홈런더비 출전도 장타력을 인정받은 결과다. 이제 중요한 것은 그 성공을 한 시즌의 결과로 연결하는 일이다. 홈런더비는 하루다. 허인서의 야구는 훨씬 길다. 메이저리그 사례가 홈런더비 참가 자체를 두려워해야 한다고 말해주는 것은 아니다. 통계적으로 ‘저주’가 입증된 것도 아니다. 하지만 타격은 통계만으로 설명되지 않는 영역이 있다. 특히 자신의 스윙을 완성해 가는 젊은 타자라면 작은 변화가 큰 흔들림으로 이어질 가능성을 무시할 수 없다. 허인서는 마음껏 즐겨도 된다. 다만 홈런더비가 끝난 순간 더 멀리 치려 했던 스윙도, 더 높이 띄우려 했던 의식도, 하나라도 더 넘기려 했던 욕심도 내려놓을 필요가 있다. 허인서에게 정말 필요한 홈런은 홈런더비의 한 개가 아니다. 후반기의 한 개다. 그리고 그 한 개를 계속 만들어낼 수 있는 자신의 스윙이다. 홈런더비에서 가장 조심해야 할 선수는 홈런을 못 치는 타자가 아닐 수 있다. 이제 막 홈런 치는 법을 알아가고 있는 타자일 수 있다. 허인서는 지금 바로 그 지점에 서 있다."
2026.07.10 12:02,90억 캡틴 두 달 넘게 빠졌는데 한화 어떻게 버텼나…이 선수 없었으면 ...,마이데일리,"[마이데일리 = 이정원 기자] 채은성의 빈자리를 김태연이 훌륭하게 메웠다. 김경문 감독이 이끄는 한화 이글스는 전반기를 40승 40패 2무 5할 승률과 함께 6위로 마쳤다. 전반기 마지막 경기에서 NC 다이노스를 상대로 승리를 가져오며 기분 좋게 올스타 휴식기에 들어갔다. 물론 지난 시즌 전반기를 1위로 마쳤던 걸 생각하면 아쉽기는 하다. 한화는 전반기 악재가 있었다. 바로 캡틴 채은성이 두 달 넘게 나오지 못한 것. 채은성은 좌측 쇄골 만성 염좌 소견을 받아 5월 6일 1군 엔트리에서 제외됐다. 그러다가 퓨처스리그 경기를 소화한 후 6월 30일 대전 KT 위즈전에 복귀할 예정이었는데 불발됐다. 당시 한화 관계자는 ""쇄골 염증(흉쇄관절염)으로 인한 통증이 지속돼 퓨처스 잔류가 결정됐다. 통증 호전으로 퓨처스리그 경기에 출전했으나 지난 28일 경기 종료 후 통증이 재발해 29일 경기에 출장하지 못했다. 퓨처스 잔류가 결정됐다""라고 전한 바 있다. 채은성이 누구인가. 공수는 물론 주장으로서 그라운드 안팎에서 힘이 되는 선수. 2022시즌이 끝난 후 6년 최대 90억을 받는 조건으로 한화로 온 채은성은 2023시즌 137경기 137안타 23홈런 84타점 71득점 타율 0.263, 2024시즌 124경기 118안타 20홈런 83타점 61득점 타율 0.271, 그리고 2025시즌에는 132경기 138안타 19홈런 88타점 54득점 타율 0.288을 기록하며 한화가 19년 만에 한국시리즈에 진출하는데 큰 힘을 더했다. 올 시즌에는 부상 이탈 전까지 28경기 25안타 2홈런 12타점 10득점 타율 0.245를 기록했다. 예상보다 회복이 더뎌지면서 그를 볼 수 없는 게 아쉬웠지만, 그래도 이 선수가 채은성의 공백을 훌륭하게 메웠다. 바로 김태연. 72경기에 나와 63안타 5홈런 18타점 34득점 타율 0.300을 기록했다. 111안타 9홈런 32타점 60득점 타율 0.300 페이스다. 김태연은 덕수중-야탑고 출신으로 2016 신인 드래프트 2차 6라운드 59순위로 한화에 입단한 선수. 2017시즌 1군 무대에 데뷔했고, 점차 기회를 얻다가 2022시즌 119경기에 나와 97안타 7홈런 53타점 46득점 타율 0.240을 기록하며 이름을 날렸다. 그리고 2024시즌 126경기에 나와 120안타 12홈런 61타점 59득점 타율 0.291로 커리어 하이 시즌을 만들었고, 2025시즌에도 120경기에 나와 79안타 3홈런 20타점 40득점 타율 0.261로 쏠쏠한 활약을 펼쳤다. 올 시즌에는 공격은 물론 수비도 깔끔했다. 채은성 대신 1루 수비를 봤는데 전반기 실책이 단 한 개도 없었다. 또한 임시 캡틴으로 동료들을 하나로 모으는 리더십도 발휘했다. 김경문 감독도 ""태연이가 은성이 빈자리를 잘 메워주고 있다""라고 말하기도 했다. 채은성이 두 달 넘게 빠졌지만, 김태연이 있었기에 한화는 중위권에서 버틸 수 있었다. 김태연은 시즌 중에 ""팀원들이 열심히 하고 있기 때문에 고마운 마음이다. 솔직히 개인적인 목표는 없다. 그냥 내가 팀이 한경기 한경기 이겨서 결국 가을야구 갈 수 있도록 기여하는 것이 목표다""라고 이야기하며 팀을 향한 마음을 보여준 바 있다. 김태연이 있어 한화 팬들은 행복하다."
2026.07.10 12:02,[공식발표] '둘이 합쳐 4031경기-3739안타' 잠실 레전드들이 퓨처...,스포탈코리아,"[SPORTALKOREA] 한휘 기자= 21세기 잠실야구장의 역사를 함께 한 '레전드'들이 잠실에서 열리는 마지막 올스타전의 시구자로 나선다. KBO는 10일 ""오늘 잠실야구장에서 열리는 2026 KBO 퓨처스 올스타전의 시구자로 박용택과 김재호가 나선다""라고 알렸다. 둘 다 현역 시절 내내 잠실을 홈으로 쓴 '전설'들이다. 박용택은 LG 트윈스, 김재호는 두산 베어스의 '원 클럽 맨'으로 오랜 기간 활약했다. 박용택은 2002년 LG에 입단해 줄무늬 유니폼을 입고 19시즌을 활약하며 통산 2,237경기에 출전해 2,504개의 안타를 날리며 KBO리그 통산 최다 안타 4위를 마크하고 있다. 특히 잠실에서만 1,442개의 안타를 기록해 이 부문 최다안타 기록도 갖고 있다. 이와 함께 통산 4번의 골든글러브 수상 등 LG를 대표하는 '프랜차이즈 스타'로 활약했고, 이에 그의 등번호 33번은 LG의 영구 결번으로 지정됐다. 함께 시구자로 나서는 김재호는 2004년 두산에 입단해 2024시즌까지 20년 동안 활약했고, 특히 2010년대 후반 두산의 전성기 시절 주전 유격수로 활동하며 3번의 한국시리즈 우승을 함께 했다. '천재 유격수'라는 칭호에서 드러나듯 기민한 수비력을 바탕으로 2번의 골든글러브를 수상했고, 통산 1,794경기 1,235안타를 기록했다. 특히 두산 은퇴 선수 중 잠실야구장 최다 출장 기록도 갖고 있다. 시포를 맡는 선수들은 올해 올스타로 선정된 각 팀의 주전 중견수들이 맡는다. 박해민은 2022시즌부터 LG 유니폼을 입고 있으며, 탁월한 타구 판단과 넓은 수비 범위 잊을만 하면 나오는 '슈퍼 캐치' 등 잠실의 중앙을 호령하는 최고의 수비수로 활약 중이다. 정수빈 역시 박해민과 함께 리그 최고의 중견수 수비력을 자랑하는 선수로 꼽히며, 특히 2009년 두산 입단 후 현재까지 두산에서만 활동 중인 '프랜차이즈 스타'이기도 하다. 아울러 유독 포스트시즌에 강한 면모를 드러내는 등 스타성으로 '잠실 아이돌'이라는 별명도 갖고 있다. 한편, 이번 퓨처스 올스타전에서는 가수 규빈이 애국가를 제창하며 경기 시작을 알린다. 맑고 파워풀한 음색과 뛰어난 라이브 실력을 겸비한 규빈은 이번 퓨처스 올스타전 애국가 제창을 통해 야구장을 찾은 팬들의 이목을 사로잡을 것으로 기대된다. 사진=뉴시스, 두산 베어스, LG 트윈스 제공"
2026.07.10 11:57,"양의지·최정·최형우·류현진, 노장들의 '미스터 올스타' 도전...잠실 마...",더게이트,"[더게이트] 잠실야구장에서 열리는 14번째이자 마지막 별들의 축제가 카운트다운에 들어갔다. 프로야구 원년인 1982년 준공돼 한국 야구의 역사를 고스란히 품어온 잠실구장과의 작별을 앞두고, 2026 신한 SOL KBO 올스타전의 주요 관전 포인트를 짚었다. 두산 베어스 안방마님 양의지는 팬 투표 최다 득표 신기록인 260만 5510표를 받으며 통산 15번째 올스타에 선정됐다. 삼성 라이온즈 양준혁, 강민호와 어깨를 나란히 하며 이 부문 1위인 KT 위즈 김현수(16회)를 바짝 추격하는 공동 2위 기록이다. 시선은 자연스럽게 개인 두 번째 올스타전 MVP로 향한다. 양의지는 코로나19 여파로 언택트 레이스로 치러진 2020년 올스타전에서 기자단 투표 82표 중 65표를 싹쓸이해 첫 '미스터 올스타' 트로피를 품었다. 이번에 다시 MVP를 차지하면 김용희, 박정태, 정수근, 이대호, 홍성흔에 이어 역대 6번째로 두 차례 MVP를 수상한 선수가 된다. 이번 올스타전에 나서는 최정과 최형우 역시 두 번째 수상 후보로 꼽힌다. 기록 파괴 나선 베테랑 최형우, 류현진 베테랑 중의 베테랑 삼성 최형우도 있다. 1983년 12월생인 최형우는 이미 올해 정규시즌 최고령 출장과 안타, 홈런, 도루 기록을 모조리 갈아치웠다. 7월 11일 기준 42세 6개월 25일이 되는 최형우가 이번 무대에서 타석에 들어서거나 홈런을 치면, 양준혁이 2010년에 세운 올스타전 최고령 출장 및 홈런 기록(41세 1개월 28일)을 동시에 깨뜨리게 된다. 마운드에서는 한화 이글스 류현진이 베테랑의 자존심을 세운다. 2009년 이후 17년 만에 감독추천선수로 올스타전 마운드에 오른다. 메이저리그 생활을 마치고 국내로 복귀한 뒤 맞이하는 두 번째 축제다. 지난 2024년 올스타전 최고령 승리(37세 3개월 11일) 기록을 썼던 류현진은 39세 3개월 16일의 나이로 또 하나의 이정표를 세울 준비를 마쳤다. 여기에 3루수 역대 최다인 10회 베스트에 뽑힌 SSG 랜더스 최정이 개인 14번째 올스타전을 맞이하고, 삼성 구자욱도 11번째 별들의 무대를 밟는다. 세대교체의 바람도 거세다. 이번 대회는 드림과 나눔 올스타를 통틀어 데뷔 후 처음으로 올스타 무대를 밟는 선수만 27명에 달한다. 두산의 우완 파이어볼러 곽빈이 데뷔 8년 만에 첫 올스타전 선발 중책을 맡았고, 나눔 선발인 KIA 타이거즈 애덤 올러는 지난해 부상으로 출전이 무산됐던 아쉬움을 털어내려 한다. 고졸 신인으로는 유일하게 키움 히어로즈 박준현이 감독추천선수로 합류했고, 롯데 자이언츠 박정민은 대졸 신인으로 첫해부터 출전 영광을 안았다. 키움의 뒷문을 잠그는 가나쿠보 유토는 아시아쿼터 선수로는 유일하게 별들의 무대에 초대됐다. KT 최원준은 프로 10년 만에 감격스러운 첫 출전을 앞뒀으며, 잠실을 홈으로 쓰는 박준순(두산), 우강훈, 구본혁, 문성주, 송찬의(이상 LG)도 안방에서 뜻깊은 경기를 치른다. 팀 간의 자존심 대결도 뜨겁다. 2015년 시작된 드림과 나눔의 맞대결에서는 나눔이 5승 4패로 한 발 앞서 있다. 나눔은 2022년부터 4연승을 내달리며 판세를 뒤집었다. 지난해에도 MVP를 차지한 LG 박동원과 KIA 김태군의 홈런포를 앞세워 8대 6으로 웃었다. 올해 나눔이 5연승을 정조준하는 가운데, 드림 올스타는 2019년 창원 올스타전 승리 이후 7년 만에 승전고를 울리겠다는 각오다."
2026.07.10 11:57,"프로야구, 전반기 763만 관중 동원…'역대 최다 신기록'",이데일리,"[이데일리 스타in 주미희 기자] 한국 프로야구가 역대 전반기 최다 관중 신기록을 쓰며 전반기 일정을 마무리했다. KBO는 9일 마무리된 올 시즌 전반기 424경기에 관중 763만 3775명이 입장해 전반기 역대 최다 관중을 기록했다고 발표했다. 종전 최다 관중 기록이 쓰인 지난해 대비 7% 증가한 기록이다. 지난해 사상 최초로 1200만 관중을 달성했던 프로야구는 지난 1일 역대 최소 경기 만에 700만 관중을 돌파한 바 있다. 올 시즌 전반기 평균 관중은 1만 8004명으로 지난해(1만 7228명) 수준을 웃돌았다. 전체 424경기 중 54.5%에 해당하는 231경기가 매진됐으며, 전반기 평균 좌석 점유율은 87.1%를 기록했다. 장마철이었던 지난 9일에도 대구(2만 4000명)와 사직(2만 3000명) 경기가 만원 관중을 기록하는 등 흥행세가 이어졌다. 구단별로는 LG 트윈스가 홈 43경기 중 35경기를 매진시키며 10개 구단 중 유일하게 전반기 관중 100만명(100만 8068명·평균 2만 3443명)을 돌파했다. 전반기 1위로 마친 삼성 라이온즈는 홈 42경기 중 33경기를 매진시켜 총 97만 6271명(평균 2만 3245명)을 동원했다. 삼성의 좌석 점유율은 99.2%로 10개 구단 중 가장 높았다. 10개 구단의 전반기 총입장 수입은 1400억 원을 넘어선 것으로 집계됐다. KBO리그는 2024년 사상 첫 1000만 관중을 달성한 데 이어, 지난해에는 역대 최고치인 1231만 2519명을 기록했다. 현재의 관중 추세가 후반기에도 유지될 경우 산술적으로 올 시즌 총관중은 1296만 명에 달할 것으로 예상되며, 후반기 순위 경쟁에 따라 역대 최초 1300만 관중 돌파도 가능할 전망이다. 전반기 일정을 마친 KBO리그는 올스타 브레이크에 들어간다. 오는 11일 서울 잠실구장에서 올스타전을 치른 뒤, 재정비 기간을 거쳐 오는 16일부터 후반기 일정을 재개한다. 주미희 (joomh@edaily.co.kr)"
2026.07.10 11:57,"야구 꿈나무들 모여라!…제3회 마이데일리배 전국유소년야구대회, 17일~2...",MK스포츠,"제3회 마이데일리배 전국유소년야구대회가 17일 막을 올린다. 17일부터 21일까지 강원도 횡성베이스볼테마파크에서는 제3회 마이데일리배 전국유소년야구대회가 열린다. 이번 대회는 대한유소년야구연맹이 주관하고 마이데일리가 주최한다. 이번 대회에는 전국 각지의 대한유소년야구연맹 유소년 선수들이 참가한다. 주니어리그(16세 이하), 유소년리그(13세 이하), 꿈나무리그(11세 이하), 새싹리그(9세 이하) 등으로 나눠 우승팀을 가리는 방식이다. 다양한 행사들도 준비돼 있다. 스피드킹 콘테스트, 홈런더비 콘테스트, 그리고 제3회 대회에서 새롭게 선보이는 제구왕 콘테스트 등이 유소년 선수들을 기다리고 있다. [이한주 MK스포츠 기자] [ⓒ MK스포츠, 무단전재 및 재배포 금지]"
2026.07.10 11:55,"잠실 추억 소환 미쳤다! LG 박용택·두산 김재호, 퓨처스 올스타전 공동...",스포츠서울,"[스포츠서울 | 이소영 기자] LG ‘영구결번’ 박용택(47)과 두산 ‘천재 유격수’ 김재호(41)가 퓨처스 올스타전 시구에 나서며 마지막 잠실 올스타전의 서막을 연다. 한국야구위워회(KBO)는 “10일 잠실구장에서 열리는 ‘KBO 퓨처스 올스타전’에 잠실의 레전드 박용택과 김재호가 시구를 맡는다”고 밝혔다. 시포는 양 팀 현역인 박해민과 정수빈이 맡아 신구 조화의 의미를 더할 예정이다. 박용택은 2002년 LG에 입단해 은퇴까지 한 팀에서만 활약한 구단의 대표 프랜차이즈 스타다. 독보적인 안타 생산능력을 바탕으로 KBO리그 통산 2504안타를 기록했으며, 잠실구장에서만 1442안타를 때려 이 부문 최다 기록을 보유하고 있다. 현역 시절 골든글러브를 네 차례 수상했고, 꾸준함의 대명사로 불리며 구단 통산 세 번째 영구결번(33번)의 주인공이 됐다. 함께 마운드에 오르는 김재호는 2004년 두산 입단 이후 은퇴할 때까지 한 팀에서만 뛴 원클럽맨이다. ‘천재 유격수’라는 별명답게 안정적이고 영리한 수비로 두산의 7년 연속 한국시리즈(KS) 진출과 세 번의 우승을 이끌었다. 오랜 시간 두산의 유격수를 맡으며 은퇴 선수 가운데 잠실구장 최다 출장 기록도 세웠다. 유격수 부문 골든글러브를 두 차례 수상했고, 2015 프리미어12 국가대표 주전 유격수로 활약하며 한국 야구의 위상을 높이는 데 힘을 보탰다. 시포를 맡는 LG 박해민은 리그를 대표하는 중견수다. 폭넓은 수비 범위와 탁월한 타구 판단, 빠른 발과 뛰어난 야구 센스를 앞세워 공수에서 팀의 중심 역할을 해왔다. 현재 LG 주장을 맡고 있으며, 2023년과 2025년 팀의 통합 우승을 함께했다. 2023년엔 KBO 수비상 중견수 부문 초대 수상자로 선정돼 최고의 수비력을 인정받았다. 정수빈은 2009년 입단 후 두산 외야를 책임져온 프랜차이즈 스타다. 현역 두산 선수 가운데 잠실구장 최다 출장 기록을 보유하고 있으며, 특유의 허슬 플레이로 잠실 외야에서 수많은 명장면을 만들어냈다. 2015년 우승 당시 KS 최우수선수(MVP)를 수상했고, 구단 프랜차이즈 최다 경기 출장 기록까지 거머쥐었다. 한편 애국가는 가수 규빈이 제창한다. sshong@sportsseoul.com"
2026.07.10 11:52,"방출의 연속, 쓰라린 3년 도전 끝에 빅리거 된 고우석",국민일보,"고우석(미네소타 트윈스)이 3년 동안 이어진 도전 끝에 미국 메이저리그(MLB) 마운드에 올랐다. 고우석은 MLB 경기에 출전한 역대 30번째 한국인 빅리거로 이름을 올렸다. 고우석은 10일(한국시간) 미국 미네소타주 미니애폴리스 타깃필드에서 열린 클리블랜드 가디언스와의 2026 MLB 정규리그 경기에서 팀이 2-4로 뒤진 9회초 등판했다. 2024년 미국 진출 후 처음으로 빅리그 마운드를 밟은 것이다. 고우석은 1994년 박찬호 이후 30번째 한국인 빅리거가 됐다. 오랜 기다림 끝에 기회를 잡았지만 데뷔전 성적은 만족스럽지 못했다. 고우석은 이날 1이닝 1피안타(1피홈런) 1탈삼진 1실점을 기록했다. 18개의 공을 뿌리는 동안 최고 구속은 시속 95.7마일(약 154㎞)까지 나왔다. 고우석은 첫 타자 대니얼 슈니먼을 땅볼로 처리했다. 하지만 후속 타자 패트릭 베일리와 승부에서 홈런을 허용하며 첫 실점을 기록했다. 고우석은 스티븐 콴과 승부에서 헛스윙 삼진을 잡아냈고, 트래비스 바자나를 땅볼로 돌려세우며 이닝을 매듭지었다. KBO리그 LG 트윈스에서 뛰었던 고우석은 2024년 샌디에이고 파드리스와 2+1년 계약을 맺고 미국 진출에 성공했다. 그러나 마이너리그에 머물며 빅리그 데뷔 기회를 얻지 못했다. 그해 5월 트레이드로 마이애미 말린스에 새 둥지를 튼 고우석은 이듬해 방출의 아픔을 겪었다. 하지만 도전은 계속 됐다. 마이애미와 마이너리그 계약을 맺고 재기를 노렸다. 돌아온 결과는 또 한 번의 방출이었다. 고우석은 지난해 6월과 올해 1월 디트로이트 타이거스와 두 차례나 마이너리그 계약을 맺으며 빅리그 진출 의지를 놓지 않았다. 그 사이 한 차례 더 방출을 겪으며 입지는 점점 좁아졌다. 지난 5월에는 LG 구단이 국내 복귀를 권유하기도 했다. 하지만 그는 험난한 도전을 이어가는 쪽을 택했다. 고우석은 지난 6일 현금 트레이드로 미네소타 유니폼을 입으면서 사실상 마지막 기회를 열었다. 당시 고우석은 매니지먼트사를 통해 “큰 기대를 하고 있지 않았는데 좋은 결과에 많은 응원과 기대를 보내주셔서 너무 감사한 마음”이라며 “이제 다시 출발점에 서게 됐으니, 응원해주신 만큼 또 최선을 다하는 모습을 보여드리겠다”는 소감을 전했다. 그는 미네소타 이적을 두고 “행운이 제게 찾아왔다”면서 자신을 믿고 묵묵히 기다려준 아내에게도 감사한 마음을 표했다. 빅리그 26인 로스터 입성에 성공한 그는 이날 감격의 첫 등판까지 이뤄냈다. 박구인 기자 captain@kmib.co.kr GoodNews paper ⓒ , 무단전재 및 수집, 재배포 및 AI학습 이용 금지"
2026.07.10 11:51,"'잠실 레전드' 박용택·김재호, 퓨처스 올스타전서 시구",뉴스1,"(서울=뉴스1) 서장원 기자 = 잠실 야구장을 홈으로 쓰며 한 시대를 풍미한 '레전드' 선수들이 KBO 퓨처스 올스타전의 서막을 연다. 한국야구위원회(KBO)는 ""오늘 잠실 야구장에서 열리는 KBO 퓨처스 올스타전에서 박용택과 김재호가 시구를 한다""고 10일 밝혔다. 시구에 나서는 박용택은 2002년 LG에 입단해 은퇴까지 한 팀에서 활약한 구단을 대표하는 프랜차이즈 스타다. 독보적인 안타 생산능력을 바탕으로 KBO리그 통산 2504 안타를 기록했고 잠실 야구장에서만 1442안타를 기록하며 이 부분 최다안타 기록을 가지고 있다. 현역 시절 네차례의 골든글러브 수상과 더불어 꾸준함의 대명사로 불린 박용택은 은퇴할 때까지 녹슬지 않는 모습을 보여주며 구단 통산 3번째 영구결번(33번)이 됐다. 김재호는 2004년 두산 입단 이후 잠실 야구장에서 은퇴할 때까지 팀의 전성기를 지탱한 원클럽맨이다. '천재 유격수'라는 별명답게 안정적이고 영리한 수비로 두산의 7년 연속 한국시리즈 진출과 세 번의 우승을 견인했다. 오랜 시간 두산의 유격수 자리를 지키며 두산 은퇴 선수 중 잠실 야구장 최다 출장 기록을 가지고 있다. 유격수 부문 골든글러브 2회 수상은 물론, 2015 프리미어 12 국가대표팀의 주전 유격수로 활약하며 대한민국 야구의 위상을 높이는 데 기여했다. 두 레전드의 공을 받는 시포자로는 양 팀 현역 선수인 박해민(LG)과 정수빈(두산)이 나선다. 한편 이번 퓨처스 올스타전에서는 가수 규빈이 애국가를 제창하며 경기 시작을 알린다. superpower@news1.kr"
2026.07.10 11:47,"'보노보노와 자이언츠의 만남' 롯데, 26일 '보노보노데이' 개최…작가 ...",더게이트,"[더게이트] 보노보노가 사직야구장에 뜬다. 롯데 자이언츠가 롯데월드와 손잡고 글로벌 인기 IP '보노보노'의 40주년을 기념하는 특별한 이벤트를 마련했다. 롯데는 7월 21일부터 26일까지 사직야구장에서 보노보노 협업 행사를 진행한다고 10일 밝혔다. 행사 마지막 날인 26일은 아예 '보노보노데이'로 지정해 팬들을 맞이할 예정이다. 협업 기간 사직야구장 광장에는 보노보노 가로등 배너와 대형 에어벌룬이 설치된다. 구단 유니폼을 입은 보노보노 캐릭터와 함께 사진을 찍을 수 있는 포토타임도 마련해 야구장을 찾는 팬들에게 색다른 추억을 선사한다. 26일 관중 전원 선물…원작자 마운드 오른다 하이라이트는 보노보노데이로 치러지는 26일이다. 이날 사직야구장을 찾는 입장 관중 전원에게 보노보노 볼캡을 지급한다. 경기 전 시구는 보노보노 원작 작가인 이가라시 미키오가 캐릭터와 함께 나서 의미를 더한다. 경기 중에는 보노보노와 어린이 팬이 함께하는 응원 타임, 캐릭터 맞추기 등 다채로운 이벤트가 이어진다. 이번 협업을 기념해 팬들의 소장욕구를 자극하는 다양한 상품도 베일을 벗는다. 7월 16일부터 보노보노 아트워크를 활용한 카카오톡 이모티콘을 처음으로 선보인다. 이어 21일에는 콜라보 유니폼을 비롯해 응원 도구인 짝짝이, 크로스백, 그립톡 등 굿즈 라인업을 정식 출시한다. 협업 상품의 상세 정보는 구단 공식 상품 채널에서 확인할 수 있다."
2026.07.10 11:46,"'KBO 예산 추가 지원' 대학야구 국가대표팀, 대만 세계대학야구대회 출...",스포츠조선,"[스포츠조선 나유리 기자]대한야구소프트볼협회(KBSA)가 KBO의 지원을 통해 7월 11일부터 7월 15일까지 대만 타이중에서 열리는 2026 세계대학야구대회에 파견한 대학 국가대표 선수단이 지난 7월 8일 대만에 도착해 현지에서 대회 준비에 한창이다. 2026 세계대학야구대회는 미국야구협회·대만야구협회·일본대학야구연맹이 공동으로 창설한 초대 대회로 세계랭킹 4위인 한국은 개최국인 대만으로부터 와일드카드 초청을 받아 미국, 대만 일본과 함께 초대 챔피언 자리를 놓고 경쟁한다. 송원대 고천주 감독을 비롯해 신경현(경남대 감독), 정성훈(홍익대 감독), 이선우(한일장신대 감독)과 김영혁(원광대 코치) 불펜코치가 이끄는 이번 대표팀은 대학 최정예 선수 26명으로 선수단을 구성했다. 마운드에는 대학야구 최대어로 꼽히는 곽병진(부산과기대)이 중심을 잡는다. 191cm의 큰 체격에서 최고 시속 150km의 강속구를 뿜어내는 곽병진은 대학 2년간 7승 무패, 평균자책점 1.29의 빼어난 성적을 기록하며 프로무대에서도 즉시전력감으로 평가받는다. 정기 연고전에서 완봉승을 거뒀던 좌완 정원진(고려대)이 정교한 제구와 노련한 완급조절로 선발진을 이끌고, 제구력이 최대 장점인 부산과기대 김도균이 힘을 보탠다. 불펜에는 한화이글스배 고교·대학 올스타전에서 대학팀 투수 최우수선수로 선정된 박세준(동의과학대)과, 대학 최정예 우완으로 꼽히는 김도윤(중앙대), 경기 후반 상대 상위타선을 틀어막는 연세대 불펜의 핵심 조영우가 가세해 두꺼운 투수층을 형성한다. 안방은 대학 무대에서 손꼽히는 포수 권희재(부산과기대)와 안정적인 리드로 경기 운영이 뛰어난 이헌영(동의과학대), 탄탄한 블로킹과 수비를 자랑하는 김우성(동의과학대)이 두텁게 지킨다. 내야진에서는 넓은 수비 범위를 뽐내는 원상윤(강릉영동대)과 김범준(송원대)이 키스톤 콤비를 이뤄 수비안정감을 더한다. 빠른 발과 정교한 콘택트를 갖춘 강민우(고려대)는 중심타선에서 공격을 이끌고, 187cm·95kg의 당당한 체격을 지닌 강동혁(동원과기대)이 코너 내야에서 중심을 잡는다. 여기에 스위치히터 전수완(경희대)과 윤승민(동국대), 유비(홍익대) 등이 가세해 짜임새 있는 내야진을 완성한다. 외야에서는 교타자 김종우(성균관대)와 김경환(동국대)이 중심을 잡고, 지승기(한일장신대)와 좌타 이민준(인하대), 현빈(대덕대)이 넓은 외야 수비범위를 책임진다. 이번 대회는 7월 11일부터 13일까지 4개국이 풀리그(조별리그)를 치른 뒤, 14일 준결승에서 1위-4위, 2위-3위가 맞붙고, 15일 결승에서 초대 챔피언을 가리게 된다. 한국은 11일 미국, 12일 일본, 13일 대만과 차례로 대만 타이중 인터컨티넨탈 야구장에서 조별리그를 치를 예정이다. 특히, KBO가 올해에 국가대표팀의 국제 경쟁력 강화를 위해 협회로 관련 예산 3억원을 추가 지원함에 따라 세계대학야구대회를 비롯한, 아시아유소년야구대회(12세 이하), 아시아청소년야구선수권대회(18세 이하), 세계야구선수권대회(23세 이하) 등 각급 연령별 국가대표 선수단 파견 및 운영에 더 많은 지원이 가능하게 되었다. 나유리 기자 youll@sportschosun.com"
2026.07.10 11:46,눈물과 환희가 모두 담겨 있는 곳...잠실벌 양분했던 레전드 퓨처스 올스...,MHN스포츠,"(MHN 정철우 기자) 10일(금) 잠실야구장에서 열리는 'KBO 퓨처스 올스타전'의 서막을 잠실의 레전드들이 연다. 이번 퓨처스 올스타전 시구는 LG의 '영구결번' 박용택과 두산의 '천재 유격수' 김재호가 맡아 의미를 더한다. 특히 두 레전드의 공을 받는 시포자로 양 팀 현역 선수인 박해민과 정수빈이 나서 신구 조화의 감동을 선사할 예정이다. 시구에 나서는 박용택은 2002년 LG에 입단해 은퇴까지 한 팀에서 활약한 구단을 대표하는 프랜차이즈 스타다. 독보적인 안타 생산능력을 바탕으로 KBO 리그 통산 2,504 안타를 기록했고 잠실야구장에서만 1,442안타를 기록하며 이 부분 최다안타 기록을 가지고 있다. 또한 현역 시절 네차례의 골든글러브 수상과 더불어 꾸준함의 대명사로 불린 박용택은 은퇴할 때까지 녹슬지 않는 모습을 보여주며 구단 통산 3번째 영구결번(33번)의 주인공이 됐다. 올 시즌을 끝으로 역사 속으로 사라지는 잠실 구장에서 특별한 기억이 많은 레전드다. 비록 우승이라는 결실을 맺는데는 실패 했지만 그랬기에 더욱 아련하게 남아 있는 전설이라 할 수 있다. '울보택'이라는 별명이 있을 정도로 눈물을 자주 보였던 스타 플레이어이기도 하다. 그만큼 잠실 구장은 박용택에게 특별한 의미가 있는 장소다. 누구보다 많이 웃고 누구보다 많이 눈물을 흘렸던 잠실 구장이다. 개인의 영광과 미련이 모두 남아 있는 공간이다. 이번 퓨처스올스타 시구자로 더 없이 잘 어울리는 야구인이라 할 수 있다. 잠실이라는 상징성이 있고 퓨처스 올스타전에 나서는 유망주들에겐 선망의 대상이 될 수 있다. 박용택을 롤 모델로 삼는 선수들 또한 많을 것이다. 현역 시절 최고의 성과를 냈던 성지서 후배들에게 다시 한 번 강한 인상을 심어 줄 기회다. 함께 마운드에 오르는 김재호는 2004년 두산 입단 이후 잠실야구장에서 은퇴할 때까지 팀의 전성기를 지탱한 원클럽맨이다. '천재 유격수'라는 별명답게 안정적이고 영리한 수비로 두산의 7년 연속 한국시리즈 진출과 세 번의 우승을 견인했다. 오랜 시간 두산의 유격수 자리를 지키며 두산 은퇴 선수 중 잠실야구장 최다 출장 기록을 가지고 있다. 유격수 부문 골든글러브 2회 수상은 물론, 2015 프리미어 12 국가대표팀의 주전 유격수로 활약하며 대한민국 야구의 위상을 높이는 데 기여했다. 김재호에게도 잠실 구장은 특별하다. 누구 보다 긴 무명 생활을 지나왔던 스타 플레이어다. 1차 지명을 받았을 정도로 각광받던 유망주 출신이다. 하지만 1군에서 활약을 펼치기 까지는 오랜 시간이 필요했다. 그 어떤 선수보다 잠실에서 활약하는 꿈을 많이 꿨던 선수다. 출발은 조금 늦었지만 확실하게 주전이 된 이후로는 더 없이 화려한 선수 생활을 했다. 모든 야구 포지션 중 가장 힘든 자리로 꼽히는 유격수다. 그 자리에서 최고의 시간을 보냈던 김재호다. 그 모든 추억이 잠실 구장에 녹아 있다. 힘든 시절 꿈 꿔왔던 곳이고 전성기 시절이 고스란히 녹아 있는 곳이기도 하다. 김재호에게 잠실 구장은 꿈과 희망, 그리고 좌절까지 묻어 있는 곳이다. 시포를 맡는 LG의 박해민은 리그를 대표하는 중견수다. 폭넓은 수비 범위와 탁월한 타구 판단, 빠른 발과 뛰어난 야구 센스를 앞세워 공·수에서 팀의 중심 역할을 수행해 왔다. 현재 LG의 주장을 맡고 있으며, 2023년과 2025년 팀의 통합 우승을 함께했다. 또한 2023년 KBO 수비상 중견수 부문 초대 수상자로 선정되며 최고의 수비력을 인정받았다. 함께 시포자로 나서는 정수빈은 2009년 입단 후 두산의 외야를 책임져온 프랜차이즈 스타다. 정수빈 역시 두산 현역 선수 가운데 잠실야구장 최다 출장 기록을 보유하고 있으며, 특유의 허슬 플레이로 잠실야구장 외야에서 수많은 명장면을 연출해 왔다. 아울러 2015년 우승 당시 한국시리즈 MVP 수상 및 구단 프랜차이즈 최다 경기 출장 기록까지 거머쥔 그는 여전히 '잠실 아이돌'로서 팬들의 압도적인 사랑을 받고 있다."
2026.07.10 11:45,"""무조건 초구 노렸다"" 시즌 첫 홈런이 전반기 1위 결정짓는 한방…삼성엔...",스포츠조선,"[대구=스포츠조선 김영록 기자] 삼성 라이온즈에 왜 김영웅이 필요한지를 보여줬다. 시즌 첫 홈런이 전반기 1위를 결정짓는 홈런이었다. 삼성은 9일 대구 삼성 라이온즈파크에서 열린 LG 트윈스와의 전반기 마지막 경기에서 6대5, 1점차 진땀승을 거뒀다. '미리보는 한국시리즈'이자 이번 시리즈 위너가 전반기 1위를 가져가는 1위 결정전이었다. 삼성은 1차전에서 9대2로 승리하며 선두를 빼앗았지만, 2차전에서 2대8로 패하며 내줘야했다. 하지만 3차전 승리를 따내며 기어코 LG를 제치고 전반기 1위의 깃발을 꽂았다. 7번타자 3루수로 선발출전한 김영웅은 이날 4타수 2안타(홈런 1) 1타점 1득점을 기록했다. 첫 타석에선 LG 선발 라클란 웰스에 삼진으로 돌아서야했다. 하지만 2-3으로 끌려가던 4회말 무사 1루에서 안타를 쳐냈다. 삼성은 김영웅이 이어준 1사 2,3루에서 양우현의 희생플라이로 3-3 균형을 맞췄다. 삼성이 5-3으로 역전에 성공한 8회말 1사 상황. LG는 마무리 손주영을 조기투입한 상황. 여기서 김영웅의 시즌 첫 홈런이 터졌다. 김영웅은 손주영의 150㎞ 직구 초구를 때려 그대로 중앙 담장을 넘겼다. 비거리는 131m. 2003년생, 물금고 출신 김영웅은 2022년 2022년 2차 1라운드(전체 3번)에 삼성 유니폼을 입었다. 동갑내기 친구인 이재현과 각각 유격수-3루수 자리를 꿰찼다. 특히 3년차였던 2024년 타격에 눈을 떴다. 28홈런을 쏘아올리며 명가 부활, 삼성의 한국시리즈 준우승을 이끌었다. 지난해에도 22홈런을 때리며 리그의 새로운 젊은 거포로 이름을 알렸다. 올시즌엔 부상에 시달리며 출전조차 쉽지 않았다. 6월까지 타율 1할6푼(50타수 8안타) 13경기 출전에 그쳤을 정도. 특히 6월 23일 복귀전을 치렀다가 자기 파울타구에 골타박상을 입는 바람에 다시 말소되는 비운을 겪기도 했다. 하지만 슈퍼스타는 위기에 강하고, 영웅은 난세에 탄생하는 법. 김영웅은 다시한번 자신의 스타성을 증명하는 한방을 과시했다. 9회초 마무리 김재윤이 흔들리며 한때 삼성은 벼랑끝에 몰렸다. 5-6 1점차로 쫓긴 가운데 1사 만루까지 갔다. 김재윤이 LG 천성호를 2008 베이징올림픽을 연상시키는 병살타로 잡아내며 경기를 마무리지었다. 김영웅의 한방이 사실상의 결승포가 된 모양새다. 경기 후 만난 김재윤은 ""끝나고 내려오자마자 (김)영웅이부터 찾아서 고맙다고 했다""며 활짝 웃었다. 전반기 불펜 평균자책점 1위를 이끌며 구원 1위를 달렸고, 박진만 감독이 꼽은 전반기 MVP인 그다. 마지막 경기에서 올해 최다인 37구를 던졌지만, 어떻게든 기어코 승리를 지켜냈다. 김영웅은 ""무조건 초구를 쳐야겠다는 생각으로 타석에 들어갔다. 주자도 없었으니까 최대한 편하게 치고자 했다""고 돌아봤다. 이어 ""원래는 우익수 쪽으로 당겨 칠 생각이었는데 타이밍이 빨랐다 보니까 센터 쪽으로 간 것 같다""고 설명했다. ""후반기에도 최대한 오늘처럼 뛰려고 한다. 팬들의 응원이 정말 많아 기대에 부응하고 싶은 마음이 컸다. 후반기에는 더 좋은 모습으로 보답하겠다."" 대구=김영록기자 lunarfly@sportschosun.com"
2026.07.10 11:42,'와 이 조합 실화냐' 박용택-박해민+김재호-정수빈 배터리 호흡 맞춘다…...,마이데일리,"[마이데일리 = 이정원 기자] 10일 서울 잠실구장에서 열리는 KBO 퓨처스 올스타전의 서막을 잠실의 레전드들이 연다. 이번 퓨처스 올스타전 시구는 LG의 '영구결번' 박용택과 두산의 '천재 유격수' 김재호가 맡아 의미를 더한다. 특히 두 레전드의 공을 받는 시포자로 양 팀 현역 선수인 박해민과 정수빈이 나서 신구 조화의 감동을 선사할 예정이다. 시구에 나서는 박용택은 2002년 LG에 입단해 은퇴까지 한 팀에서 활약한 구단을 대표하는 프랜차이즈 스타다. KBO리그 통산 2504 안타를 기록했고 잠실구장에서만 1442안타를 기록하며 이 부분 최다안타 기록을 가지고 있다. 은퇴할 때까지 녹슬지 않는 모습을 보여주며 구단 통산 3번째 영구결번(33번)의 주인공이 되었다. 김재호는 2004년 두산 입단 이후 잠실구장에서 은퇴할 때까지 팀의 전성기를 지탱한 원클럽맨이다. '천재 유격수'라는 별명답게 안정적이고 영리한 수비로 두산의 7년 연속 한국시리즈 진출과 세 번의 우승을 견인했다. 오랜 시간 두산의 유격수 자리를 지키며 두산 은퇴 선수 중 잠실야구장 최다 출장 기록을 가지고 있다. 시포를 맡는 LG의 박해민은 리그를 대표하는 중견수다. 폭넓은 수비 범위와 탁월한 타구 판단, 빠른 발과 뛰어난 야구 센스를 앞세워 공·수에서 팀의 중심 역할을 수행해 왔다. 현재 LG의 주장을 맡고 있다. 2023년과 2025년 팀의 통합 우승을 함께했다. 또한 정수빈은 2009년 입단 후 두산의 외야를 책임져온 프랜차이즈 스타다. 정수빈 역시 두산 현역 선수 가운데 잠실구장 최다 출장 기록을 보유하고 있다. 특유의 허슬 플레이로 잠실구장 외야에서 수많은 명장면을 연출해 왔다. 아울러 2015년 우승 당시 한국시리즈 MVP 수상 및 구단 프랜차이즈 최다 경기 출장 기록까지 거머줬다. 한편 퓨처스 올스타전에서는 가수 규빈이 애국가를 제창하며 경기 시작을 알린다."
2026.07.10 11:42,"'잠실 레전드' 박용택-김재호, 퓨처스 올스타전 시구자로 동시 등판",일간스포츠,"서울 잠실야구장에서 열리는 마지막 올스타전에 잠실의 프랜차이즈 스타들이 동시에 등판한다. LG 트윈스의 레전드 박용택 해설위원과 두산 베어스 레전드 김재호 해설위원이 프로야구 유망주들이 출전하는 KBO 퓨처스(2군) 올스타전에서 함께 마운드에 올라 시구한다. 한국야구위원회(KBO)는 ""두 은퇴 선수는 오늘 서울 잠실구장에서 열리는 퓨처스 올스타전의 서막을 연다. 두 레전드의 공은 LG 박해민과 두산 정수빈이 받을 예정""이라고 10일 전했다. 박용택 위원은 2002년 LG에 입단해 은퇴까지 줄무늬 유니폼만 입은 프랜차이즈 스타다. KBO리그 통산 2504안타를 기록한 그는 이 부문 역대 4위에 올라 있다. 아울러 잠실구장 최다 안타 기록(1442개)을 갖고 있다. 김재호는 2004년부터 두산 입단 이후 2024년까지 한 팀에서만 뛴 유격수다. 이 기간 7년 연속 한국시리즈 진출과 세 번의 한국시리즈 우승을 이끌며 '두산 왕조'의 주역으로 활약했다. 퓨처스 올스타전 애국가는 가수 규빈이 맡는다. 올스타전 경기는 11일 같은 장소에서 열린다. 잠실구장은 올 시즌을 끝으로 철거되고 2032년 3만석 규모의 돔구장으로 새롭게 탄생한다. 이 기간 LG와 두산은 잠실 종합운동장을 리모델링해서 홈으로 사용한다. 김식 기자 seek@edaily.co.kr"
2026.07.10 11:39,곽병진·정원진·박세준·김도윤 등 대학 정상급 투수 총출동...세계대학선수...,더게이트,"[더게이트] '대학 최대어' 곽병진을 비롯해 대학야구 간판 선수들이 세계 패권에 도전한다. 대한야구소프트볼협회는 7월 11일부터 15일까지 타이완(대만) 타이중에서 열리는 2026 세계대학야구대회에 대학 국가대표 선수단을 파견했다. 송원대 고천주 감독이 지휘봉을 잡은 대표팀은 대학 최정예 선수 26명으로 진용을 꾸렸다. 지난 8일 현지에 도착해 적응 훈련이 한창이다. 이번 대회는 미국야구협회, 타이완야구협회, 일본대학야구연맹이 공동 창설한 초대 대회다. 세계 랭킹 4위인 한국은 개최국 타이완으로부터 와일드카드 초청을 받았다. 미국, 타이완, 일본과 초대 챔피언 자리를 놓고 격돌한다. 대표팀 마운드는 대학야구 최대어로 꼽히는 곽병진(부산과기대)이 중심을 잡는다. 191cm의 큰 체격에서 최고 시속 150km의 패스트볼을 던진다. 곽병진은 대학 2년간 7승 무패, 평균자책 1.29라는 빼어난 성적을 남겼다. 프로 무대에서도 즉시전력감으로 평가받는 자원이다. 여기에 정기 연고전에서 완봉승을 거뒀던 좌완 정원진(고려대)이 정교한 제구와 노련한 완급조절로 선발진을 이끈다. 제구력이 장점인 부산과기대 에이스 김도균도 힘을 보탠다. 한화이글스배 고교·대학 올스타전에서 대학팀 투수 최우수선수로 선정된 박세준(동의과학대)과 대학 정상급 우완 김도윤(중앙대), 연세대 불펜의 핵심 조영우가 뒷문을 지킨다. 곽병진, 정원진, 김도균, 박세준 출격 안방은 대학 무대에서 손꼽히는 포수 권희재(부산과기대)와 경기 운영이 뛰어난 이헌영(동의과학대), 탄탄한 블로킹을 자랑하는 김우성(동의과학대)이 지킨다. 내야진은 넓은 수비 범위의 원상윤(강릉영동대)과 김범준(송원대)이 키스톤 콤비를 이뤄 안정감을 더했다. 빠른 발과 정교한 콘택트를 갖춘 강민우(고려대)가 중심타선에서 공격을 지휘하고, 당당한 체격(187cm·95kg)의 강동혁(동원과기대)이 코너 내야를 맡는다. 스위치히터 전수완(경희대)과 윤승민(동국대), 유비(홍익대)도 힘을 보탠다. 외야는 교타자 김종우(성균관대), 김경환(동국대)과 함께 지승기(한일장신대), 좌타 이민준(인하대), 현빈(대덕대)이 책임진다. 이번 대회는 11일부터 13일까지 4개국이 풀리그를 치른다. 이어 14일 준결승에서 1위-4위, 2위-3위가 맞붙고 15일 결승전에서 초대 챔피언을 가린다. 한국은 11일 미국전을 시작으로 12일 일본, 13일 타이완과 차례로 타이중 인터컨티넨탈 야구장에서 조별리그를 치를 예정이다. KBO는 올해 국가대표팀의 국제 경쟁력 강화를 위해 협회에 관련 예산 3억원을 추가 지원했다. 이번 세계대학야구대회를 비롯해 아시아유소년야구대회(12세 이하), 아시아청소년야구선수권대회(18세 이하), 세계야구선수권대회(23세 이하) 등 각급 연령별 국가대표 선수단 파견과 운영에 숨통이 트였다."
2026.07.10 11:39,"대학야구대표팀, 11일 대만서 개막하는 세계대학야구대회 출전",연합뉴스,"(서울=연합뉴스) 김경윤 기자 = 고천주(송원대) 감독이 이끄는 한국 대학야구 대표팀이 11일부터 15일까지 대만 타이중 인터콘티넨털 야구장에서 열리는 2026 세계대학야구대회에 출전한다. 대한야구소프트볼협회는 10일 ""이 대회는 미국야구협회·대만야구협회·일본대학야구연맹이 공동으로 창설한 초대 대회로, 한국은 와일드카드 초청을 받아 미국, 대만, 일본과 초대 챔피언 자리를 놓고 경쟁한다""며 ""대표팀은 지난 8일 대만에 도착해 대회 준비 중""이라고 전했다. 이번 대회는 11일부터 13일까지 4개국이 풀리그를 치른 뒤 14일 준결승에서 1-4위, 2-3위가 맞붙는다. 준결승에서 승리한 두 팀은 15일 결승에서 챔피언을 가린다. 한국은 11일 미국, 12일 일본, 13일 대만과 조별리그를 치를 예정이다. 대표팀 마운드는 대학야구 최대어로 꼽히는 곽병진(부산과기대)을 비롯해 정원진(고려대), 김도균(부산과기대), 박세준(동의과학대), 김도윤(중앙대), 조영우(연세대) 등이 이끈다. 내야는 원상윤(강릉영동대), 김범준(송원대), 강민우(고려대), 강동혁(동원과기대), 전수완(경희대), 윤승민(동국대), 유비(홍익대) 등이 합류했다. 외야는 김종우(성균관대), 김경환(동국대), 지승기(한일장신대), 이민준(인하대), 현빈(대덕대) 등이 책임진다. 정성훈 홍익대 감독과 이선우 한일장신대 감독, 김영혁 원광대 코치는 대표팀 코치로 합류했다. 한편 협회는 ""한국야구위원회(KBO)로부터 국제 경쟁력 강화를 위한 지원금 3억원을 받아 이번 대회 파견을 포함한 각급 연령별 대표팀 운영에 많은 지원을 하게 됐다""고 전했다. cycle@yna.co.kr (끝) ▶제보는 카톡 okjebo"
2026.07.10 11:32,"‘2위’로 전반기 마친 디펜딩 챔피언… ‘운영’과 ‘뎁스’로 버텼지만, ...",스포츠경향,"전반기 마지막 3연전, LG가 무너졌다. 3연전 이전까지 한 달 이상 지켜왔던 1위 자리를 내줬고, 사령탑이 목표로 삼았던 승패 마진 +20도 지키지 못했다. 적지 않은 고민거리와 숙제를 안고 ‘디펜딩 챔피언’ LG가 후반기로 향한다. LG는 9일 대구 삼성전 5-6으로 패했다. 마무리 손주영을 8회말 투입하는 강수를 뒀고, 9회초 2점을 뽑아내며 턱밑까지 추격했지만 1점이 모자랐다. 1사 만루에서 천성호가 초구에 병살타를 쳤다. 결과적으로 8회말 손주영이 김영웅에게 내준 1점 홈런이 아쉬움으로 남았다. LG는 전날 삼성을 꺾고 시리즈 균형을 맞추며 1위 자리를 다시 가져왔다. 그러나 이날 다시 삼성에 패하면서 루징 시리즈가 확정됐고, 승차 없이 승률 0.002 차이 2위로 주저 앉았다. LG가 52승 33패 승률 0.612로 전반기를 마쳤다. 삼성은 51승 2무 32패 승률 0.614로 후반기를 시작한다. 기록만 놓고 보면 전반기 LG는 다른 구단들을 압도하지 못했다. 경기당 5.12득점으로 리그 5위에 그쳤고, 경기당 실점도 4.69점으로 두산(4.37실점), 삼성(4.45실점), KIA(4.67실점) 다음이었다. 득실 마진을 기반으로 하는 피타고라스 승률만 따지면 LG는 0.543으로 리그 4위에 불과했다. 그런데도 LG는 꾸준히 6할대 승률을 달리며 순위표 최상단을 지켰다. ‘뎁스’와 ‘운영’의 승리였다. 송찬의, 문정빈 등이 튀어나와 타선의 활력소 역할을 했다. 마운드 빈 자리가 꾸준히 나왔지만 파격적인 선택을 이어가며 버텼다. 접전 승부가 잦았지만 지난 3년 동안 2차례 통합우승을 차지한 챔피언의 저력을 발휘했다. 3점 차 이하 경기에서 LG는 36승 17패 승률 0.679로 압도적인 1위를 달렸다. 같은 조건에서 그다음으로 성적이 좋았던 KT(24승 17패·승률 0.585)와 비교해도 차이가 대단히 컸다. LG가 피타고라스 승률을 훌쩍 뛰어넘는 전적으로 전반기를 마칠 수 있었던 건 결국 접전을 이겨내는 힘 덕분이었다. 그러나 지난 시즌과 비교해 투타 전반의 힘이 떨어졌다는 걸 부인하기는 어렵다. 지난해 LG는 피타고라스 승률에서도 0.645로 경쟁 팀들을 멀찍이 따돌렸다. 후반기 투타 재정비가 간절하다. 전반기 LG는 앤더스 톨허스트와 임찬규, 두 명만이 규정이닝을 넘겼다. 치리노스가 떠나면서 톨허스트가 대안 없는 1선발이 됐지만 부침을 겪고 있다. 전반기 마무리도 좋지 못했다. 지난달 30일 키움전 5.1이닝 5실점으로 무너졌고, 지난 7일 삼성전도 5이닝 4실점에 그쳤다. 올스타 브레이크 이후 손주영을 다시 선발로 돌리는 옵션을 고려할 수 있겠지만, 그 경우 뒷문 불안은 감수할 수밖에 없다. 치리노스 대신 데려온 약셀 리오스는 KBO리그 최고 구속 기록을 갈아치우며 위력적인 공을 던지고 있지만, 결과물 자체가 압도적인 수준은 아니다. 타선에서도 결국은 ‘해줘야 할 타자’들이 해줘야 한다. 아직 풀타임 시즌을 치러보지 않은 선수들에게 기대를 이어가기에는 남은 시즌이 아직 너무 길다. 심진용 기자 sim@kyunghyang.com"
2026.07.10 11:29,노브랜드배 티켓 잡아라!...횡성서 막 올리는 생활체육 전국야구·베이스볼...,더게이트,"[더게이트] 국내 생활체육 야구 최강자를 가리는 축제의 장이 강원 횡성에서 펼쳐진다. 올해로 17회째를 맞이한 대한체육회장기 대회가 새로운 모습으로 동호인들을 맞이한다. 대한야구소프트볼협회는 11일부터 12일까지 이틀간 강원특별자치도 횡성군 횡성베이스볼파크와 횡성국민체육센터에서 제17회 대한체육회장기 생활체육 전국 야구·베이스볼5 대회를 개최한다. 이번 대회는 참가 문턱을 대폭 조정하고 부문을 세분화해 참여 폭을 넓혔다. 야구 부문은 기존 2·3부 체제에서 3부와 실버부로 개편했다. 전국 시도 대표 20개 팀, 700여 명의 동호인이 참가해 토너먼트로 격돌한다. 3부는 선수 출신이 출전할 수 없으며, 신설된 실버부는 1976년생부터 마운드와 그라운드를 밟을 수 있다. 부별 우승과 2·3위 팀에는 상금이 주어지며, 참가 팀들에는 출전보조비 등 혜택을 제공한다. 도심형 야구 베이스볼5, 남성부 신설로 역동성 더해 '주먹 야구'로 불리는 도심형 스포츠 베이스볼5 부문은 오픈부와 남성부로 확대 개편했다. 남녀 혼성으로 치르는 오픈부와 달리, 이번에 베일을 벗는 남성부는 빠른 경기 전개와 역동적인 플레이로 종목 특유의 매력을 전할 것으로 기대된다. 시도 대표 11개 팀이 두 부문으로 나뉘어 풀리그를 치른 뒤 1·2위 팀 간 결승전으로 최종 승자를 가린다. 이번 대회는 동호인 선수들에게 강력한 동기 부여가 될 촉매제도 마련했다. 야구 부문 3부 우승팀과 베이스볼5 부문 오픈부 우승팀은 오는 10월 열리는 '이마트 노브랜드배 챔피언십' 출전권을 거머쥔다. 해당 챔피언십은 협회가 주최하는 전국대회와 리그 우승팀이 모여 국내 최강을 가리는 왕중왕전이다. 협회는 이를 통해 생활체육과 엘리트체육의 연계를 강화한다는 구상이다. 경기가 열리는 횡성군은 우수한 야구 인프라와 쾌적한 기후를 갖춘 지역이다. 주최 측은 횡성군, 횡성군체육회, 강원특별자치도야구소프트볼협회와 손잡고 안전사고 예방을 최우선으로 두고 대회를 운영할 방침이다. 대회 일정과 대진표 등 상세 정보는 협회 홈페이지와 통합정보시스템에서 확인 가능하다."
2026.07.10 11:27,"'한화 캡틴' 채은성, 후반기엔 1군 돌아오나… ""완전히 괜찮아질 때 콜...",대전일보,"'한화이글스 캡틴' 채은성의 복귀 시점이 불투명해졌다. 쇄골 염증(흉쇄관절염)으로 인한 통증으로 전반기 1군 복귀가 무산되면서 후반기 합류가 예상되고 있지만, 정확한 복귀 시기는 부상 회복 경과에 달려 있다. 채은성은 당초 지난달 30일 KT 위즈와의 홈 경기를 앞두고 1군 엔트리에 합류할 예정이었지만 끝내 복귀하지 못했다. 복귀를 위해 출전한 연습경기에서 통증이 재발하면서 2군 잔류가 결정됐다. 김경문 감독은 후반기 복귀를 염두에 두고 있지만, 부상 특성상 선수 몸 상태를 최우선으로 지켜본다는 입장이다. 김 감독은 지난 9일 대전 한화생명볼파크에서 열린 NC 다이노스와의 경기에 앞서 채은성의 복귀 시점에 대해 ""연습경기를 하던 중 다시 통증이 생겼다. 본인이 완전히 괜찮다고 할 때 복귀 시점을 이야기할 것""이라며 ""현재로서는 일정을 확정할 수 없다""고 말했다. 채은성은 올 시즌 28경기에 출전해 타율 0.245(102타수 25안타), 2홈런, 12타점, 10득점을 기록했다. 퓨처스리그에서는 19타수 6안타, 7볼넷, 3타점, 1득점을 올리며 복귀를 준비해왔다. 한화는 전반기 마지막 경기를 승리로 장식하며 승률 5할로 전반기를 마쳤다. 현재 김태연이 1루수로 채은성의 공백을 메우고 있지만, 중심 타선과 주장으로서의 존재감을 고려하면 채은성의 복귀는 후반기 5위권 경쟁과 상위권 도약의 원동력으로 꼽힌다."
2026.07.10 11:27,"'잠실의 전설' 박용택·김재호, 퓨처스 올스타전 시구…박해민·정수빈 시포...",더게이트,"[더게이트] 잠실야구장을 빛낸 과거와 현재의 전설들이 미래의 주역들을 격려하기 위해 한자리에 모인다. LG 트윈스의 영구결번 박용택과 두산 베어스의 '천재 유격수' 김재호가 퓨처스 올스타전 마운드에 오른다. 두산과 LG는 10일 서울 잠실야구장에서 열리는 KBO 퓨처스 올스타전에서 공동 시구를 진행한다. 박용택과 김재호가 시구자로 나서는 가운데, 두 레전드의 공을 받는 시포자로는 양 팀 현역 주축 선수인 박해민과 정수빈이 나선다. 시구자로 나서는 박용택은 2002년 LG에 입단해 은퇴할 때까지 한 팀에서만 뛴 프랜차이즈 스타다. 독보적인 안타 생산능력으로 KBO 리그 통산 2504안타를 쳤다. 잠실야구장에서만 1442안타를 기록하며 이 부문 최다안타 기록을 보유하고 있다. 현역 시절 네 차례 골든글러브를 수상한 박용택은 꾸준함의 대명사로 불리며 LG 구단 통산 세 번째 영구결번(33번) 주인공이 됐다. 함께 마운드에 오르는 김재호는 2004년 두산 입단 이후 잠실에서 은퇴할 때까지 팀의 전성기를 지탱한 원클럽맨이다. 안정적이고 영리한 수비로 두산의 7년 연속 한국시리즈 진출과 세 차례 우승을 견인했다. 두산 은퇴 선수 중 잠실야구장 최다 출전 기록을 갖고 있다. 유격수 부문 골든글러브 2회 수상과 함께 2015 프리미어 12 국가대표팀 주전 유격수로 활약했다. 현역 주축 박해민·정수빈 시포 참여 시포를 맡는 LG 박해민은 리그를 대표하는 중견수다. 폭넓은 수비 범위와 탁월한 타구 판단, 빠른 발로 공수에서 팀의 중심 역할을 수행했다. 현재 LG 주장을 맡고 있으며 2023년과 2025년 팀의 통합 우승을 함께했다. 2023년에는 KBO 수비상 중견수 부문 초대 수상자로 선정되며 최고의 수비력을 인정받았다. 정수빈은 2009년 입단 후 두산의 외야를 책임져온 프랜차이즈 스타다. 두산 현역 선수 가운데 잠실야구장 최다 출장 기록을 보유하고 있다. 특유의 허슬 플레이로 잠실 외야에서 수많은 명장면을 연출했다. 2015년 우승 당시 한국시리즈 MVP를 수상했고 구단 프랜차이즈 최다 경기 출장 기록을 가졌다. 이번 퓨처스 올스타전에서는 가수 규빈이 애국가를 제창하며 경기 시작을 알린다. 규빈은 데뷔곡 'Really Like You'로 청량한 에너지를 선사하며 팬들의 사랑을 받았다. 이후 첫 미니앨범 'Flowering'을 통해 음악적 역량을 입증했다. 최근에는 일본 소니뮤직레이블즈를 통해 메이저 데뷔 싱글 'You Light Up My Life'를 발매하고 글로벌 활동의 폭을 넓히고 있다. 맑고 파워풀한 음색을 가진 규빈의 라이브가 잠실야구장에 울려 퍼진다."
2026.07.10 11:27,"'KIA 꼴찌라며?' 얼마나 한 맺혔으면, 대반전에도 만족 없다…""후반기...",스포츠조선,"[부산=스포츠조선 김민경 기자] ""아직 만족하지 않는다. 후반기 무조건 더 높은 자리까지 올라갈 것이다."" KIA 타이거즈 주장 나성범이 전반기를 마친 선수단에 던진 메시지다. KIA는 올 시즌 최약체라는 평가를 뒤집고 전반기를 4위로 마무리했다. 시즌 성적 45승2무39패를 기록했다. 1위 삼성 라이온즈, 2위 LG 트윈스와는 6.5경기차로 벌어져 있지만, 3위 KT 위즈와는 3경기차다. 후반기에 충분히 반전을 노릴 만한 거리다. KIA는 9일 부산에서 치른 롯데 자이언츠와 전반기 마지막 경기에서 5대2로 이겼다. 충격적이었던 4연패를 끊는 데는 주축 선수들의 활약이 빛났다. 선발 양현종이 5이닝 1실점 쾌투를 펼치며 베테랑의 저력을 보여줬고, 지난 이틀 동안 어쩔 수 없이 봉인했던 전상현 조상우 곽도규 정해영 등 필승조의 힘도 여전했다. 김도영과 나성범, 해럴드 카스트로가 홈런 합창을 하며 롯데 선발 김진욱을 공략하는 데 앞장섰고, 박재현도 멀티히트를 치며 중심타선에 연결하는 임무를 톡톡히 해냈다. 이범호 KIA 감독은 ""양현종의 호투 덕에 오늘(9일) 경기 플랜대로 투수를 기용할 수 있었다. 뒤이어 나온 불펜 투수들도 팀의 리드를 잘 지켰다. 야수들의 집중력도 돋보였다. 다들 연패를 끊기 위해 타석과 수비에서 끝까지 집중하는 모습을 보였다""고 총평했다. 나성범은 ""연패를 끊을 수 있어 기분 좋은 경기였다. 모든 선수들이 이기기 위해서 최선을 다했고, 그 과정에서 달아나는 홈런을 칠 수 있어 더욱 기쁘다. 오늘 패배했다면 안 좋은 분위기가 후반기 시작 때까지 나올 것이라 생각해 어떻게든 연패를 끊으려고 했다""고 했다. 우여곡절은 많았지만, KIA 나름대로 성공적인 전반기를 보냈다. 마운드의 주축이었던 선발 이의리와 마무리투수 정해영의 초반 부진으로 팀이 흔들릴 때 대체 선수들이 빈자리를 잘 채워줬다. 황동하와 김태형, 나중에 합류한 시리카와 케이쇼가 돌아가며 선발 약점을 어느 정도 지웠고, 정해영의 빈자리는 2년차 성영탁이 훌륭하게 채워줬다. 조상우의 반등과 곽도규의 성공적인 부상 복귀, 셋업맨으로 전향한 정해영의 부활도 긍정적인 포인트였다. FA와 2차 드래프트로 올해 KIA에 합류한 김범수와 이태영의 시즌 초반 헌신도 빼놓을 수 없다. 올해 최고 히트상품 박재현을 비롯해 박상준 변우혁 김민규 등 젊은 야수들의 발견도 분명 고무적이었다. 중견수 김호령이 주전으로 완전히 정착하고, 김도영 나성범 김선빈이 모두 건강히 전반기를 완주한 것도 고무적이었다. 외국인 타자 해럴드 카스트로가 시즌 초반 부진하다 부상으로 이탈했을 때는 단기 대체 외국인 선수 아데를린 로드리게스가 홈런을 펑펑 치며 타선을 이끌어줬다. ""국내 선발진이 약하다""는 평가를 뒤집진 못했지만, 적어도 ""최형우(삼성 라이온즈)와 박찬호(두산 베어스)의 공백이 클 것""이란 우려는 어느 정도 지웠다. 주전 유격수는 여전히 없는 현실이지만, 김규성 박민 정현창 등 '집단 유격수 체제'로 잘 버텨 나가고 있다. 이 감독은 ""(박)재현이가 굉장히 잘해줬다. 우리가 생각지도 못했는데, 정말 잘해줬다. (김)호령이도 마찬가지고, (김)도영이도 왜 팀에 도영이가 있어야 하는지 잘 보여주고 있다. (나)성범이도 굉장히 힘든 시기를 보냈는데, 근래는 부상 없이 잘 가고 있다. 그런 면에서 올 시즌 야수들은 자기들이 낼 수 있는 베스트를 하고 있는 것 같다. 부족한 자리들이 굉장히 많았는데, 조금씩 찾아가는 모습이 보이긴 한다""고 전반기를 되돌아봤다. 이 감독은 이어 ""불펜에서는 (조)상우도 잘하고 있고, (곽)도규도 다시 와서 좋았다. (성)영탁이도 초반에 잘 던져줬고, (양)현종이는 조금 힘들 것이라 생각했는데 전반기는 자기 몫은 충분히 해줬다고 생각한다""고 덧붙였다. 나성범은 ""스프링캠프 때부터 약팀이라는 평가를 받았기 때문에 그 평가를 뒤집고 싶었다. 주장으로서 선수들이 가진 능력을 믿고 있었고 그 능력만 잘 발휘된다면 좋은 결과는 따라올 것이라 생각했다""고 말했다. 김도영은 ""진짜 쉽지 않은 전반기였다. 후반기가 남았지만, 일단 지금까지는 정말 진짜 한 팀이었다고 생각한다. 우리 팀 자체가 그렇게 강하다는 평가는 아시다시피 받지 못했는데, 그래도 우리 팀이 이렇게 똘똘 뭉쳤기 때문에 4위라는 좋은 기록으로 마무리할 수 있었던 것 같다""고 했다. 후반기는 아시안게임이라는 변수가 존재한다. 순위 싸움이 가장 치열한 시기에 투타 핵심인 김도영 박재현 성영탁이 차출된다. 아시안게임 이전에 가능한 많은 승수를 쌓는 게 관건이 될 전망이다. 이 감독은 ""전반기에 좋았던 선수, 안 좋았던 선수를 떠나서 지금부터라도 자기들이 하고 있는 페이스를 잘 유지하고, 끌어올릴 수 있는 상황을 만들면 된다. 지금까지 했던 것들을 다 잊고, 다시 처음 시작한다는 생각으로 움직여줘야 남은 시즌 대등한 경기를 펼칠 수 있으리라 생각한다""고 강조했다. 나성범은 ""아직 만족하진 않는다. 후반기 무조건 더 높은 자리까지 올라갈 것이다. 더위와 싸움이 본격적으로 시작된다. 나를 포함한 모든 선수들이 지치지 않고 좋은 모습을 시즌 끝까지 보여드리고 싶다""고 각오를 다졌다. 부산=김민경기자 rina1130@sportschosun.com"
2026.07.10 11:27,"'잠실 레전드' 박용택·김재호, KBO 퓨처스 올스타전 시구자 선정",스포츠투데이,"[스포츠투데이 이상필 기자] 현역 시절 잠실구장을 누빈 전설들이 KBO 퓨처스 올스타전 시구에 나선다. 박용택과 김재호는 10일 서울 잠실구장에서 열리는 KBO 퓨처스 올스타전 시구자로 선정됐다. 박용택과 김재호는 현역 시절 각각 LG 트윈스와 두산 베어스의 핵심 선수로 활약한 '레전드'다. 특히 두 레전드의 공을 받는 시포자로 양 팀 현역 선수인 박해민과 정수빈이 나서 신구 조화의 감동을 선사할 예정이다. 박용택은 2002년 LG에 입단해 은퇴까지 한 팀에서 활약한 구단을 대표하는 프랜차이즈 스타다. KBO 리그 통산 2504 안타를 기록했고 잠실야구장에서만 ,442안타를 기록하며 이 부분 최다안타 기록을 가지고 있다. 은퇴할 때까지 녹슬지 않는 모습을 보여주며 구단 통산 3번째 영구결번(33번)의 주인공이 됐다. 함께 마운드에 오르는 김재호는 2004년 두산 입단 이후 잠실야구장에서 은퇴할 때까지 팀의 전성기를 지탱한 원클럽맨이다. '천재 유격수'라는 별명답게 안정적이고 영리한 수비로 두산의 7년 연속 한국시리즈 진출과 세 번의 우승을 견인했다. 두산 은퇴 선수 중 잠실야구장 최다 출장 기록을 가지고 있다. 유격수 부문 골든글러브 2회 수상은 물론, 2015 프리미어 12 국가대표팀의 주전 유격수로 활약하며 대한민국 야구의 위상을 높이는 데 기여했다. 시포를 맡는 LG의 박해민은 폭넓은 수비 범위와 탁월한 타구 판단, 빠른 발과 뛰어난 야구 센스를 자랑하는 선수다. 현재 LG의 주장을 맡고 있으며, 2023년과 2025년 팀의 통합 우승을 함께했다. 또한 2023년 KBO 수비상 중견수 부문 초대 수상자로 선정되며 최고의 수비력을 인정받았다. 함께 시포자로 나서는 정수빈은 2009년 입단 후 두산의 외야를 책임져온 프랜차이즈 스타다. 정수빈 역시 두산 현역 선수 가운데 잠실야구장 최다 출장 기록을 보유하고 있으며, 특유의 허슬 플레이로 잠실야구장 외야에서 수많은 명장면을 연출해 왔다. 한편 이번 퓨처스 올스타전에서는 가수 규빈이 애국가를 제창하며 경기 시작을 알린다. [스포츠투데이 이상필 기자 sports@stoo.com]"
2026.07.10 11:27,"'잠실 레전드' 박용택·김재호, 퓨처스 올스타전 시구 맡는다…시포는 박해...",스포티비뉴스,"[스포티비뉴스=최원영 기자] 10일 서울 잠실야구장에서 2026 신한 SOL KBO 퓨처스 올스타전이 열린다. 잠실 레전드들이 문을 연다. 이번 퓨처스 올스타전 시구는 LG 트윈스의 '영구결번' 박용택과 두산 베어스의 '천재 유격수' 김재호가 맡는다. 두 레전드의 공을 받는 시포자로 양 팀 현역 선수인 LG 박해민과 두산 정수빈이 나서 신구 조화의 감동을 선사할 예정이다. 시구에 나서는 박용택은 2002년 LG에 입단해 은퇴할 때까지 한 팀에서 활약한 구단을 대표하는 프랜차이즈 스타다. 독보적인 안타 생산 능력을 바탕으로 KBO리그 통산 2504안타를 기록했다. 특히 잠실야구장에서만 1442안타를 때려내며 이 부문 최다 안타 기록을 가지고 있다. 현역 시절 네 차례의 골든글러브 수상과 더불어 꾸준함의 대명사로 불린 박용택은 은퇴할 때까지 녹슬지 않는 모습을 보여주며 구단 통산 3번째 영구결번(33번)의 주인공이 됐다. 박용택의 통산 성적은 2237경기, 타율 0.308, 2504안타, 213홈런, 1192타점, 1259득점, 장타율 0.451, 출루율 0.370이다. 함께 마운드에 오르는 김재호는 2004년 두산 입단 이후 잠실야구장에서 은퇴할 때까지 팀의 전성기를 지탱한 원클럽맨이다. '천재 유격수'라는 별명답게 안정적이고 영리한 수비로 두산의 7년 연속 한국시리즈 진출과 세 번의 우승을 견인했다. 오랜 시간 두산의 유격수 자리를 지키며 두산 은퇴 선수 중 잠실야구장 최다 출장 기록을 보유했다. 김재호는 유격수 부문 골든글러브 2회 수상을 비롯해 2015 프리미어12 한국 야구 국가대표팀의 주전 유격수로 활약하며 대한민국 야구의 위상을 높이는 데 기여했다. 현역 시절 통산 1794경기에 출전한 김재호는 타율 0.272, 1235안타, 54홈런, 600타점, 661득점, 장타율 0.366, 출루율 0.356 등을 빚었다. 시포를 맡는 LG의 박해민은 리그를 대표하는 중견수다. 폭넓은 수비 범위와 탁월한 타구 판단, 빠른 발과 뛰어난 야구 센스를 앞세워 공수에서 팀의 중심 역할을 수행해 왔다. 현재 LG의 주장을 맡고 있으며 2023년과 2025년 팀의 통합우승을 함께했다. 2023년엔 KBO 수비상 중견수 부문 초대 수상자로 선정되며 최고의 수비력을 인정받았다. 정수빈은 2009년 입단 후 두산의 외야를 책임져온 프랜차이즈 스타다. 정수빈 역시 두산 현역 선수 가운데 잠실야구장 최다 출장 기록을 보유하고 있다. 특유의 허슬 플레이로 잠실야구장 외야에서 수많은 명장면을 연출해 왔다. 아울러 2015년 우승 당시 한국시리즈 MVP 수상 및 구단 프랜차이즈 최다 경기 출장 기록까지 거머쥐었다. 여전히 '잠실 아이돌'로 팬들의 압도적인 사랑을 받고 있다. 이번 퓨처스 올스타전에서는 가수 규빈이 애국가를 제창하며 경기 시작을 알린다. 맑고 파워풀한 음색과 뛰어난 라이브 실력을 겸비한 규빈은 이번 퓨처스 올스타전 애국가 제창을 통해 야구장을 찾은 팬들의 이목을 사로잡을 전망이다. <저작권자 ⓒ SPOTV NEWS. 무단전재 및 재배포 금지>"
2026.07.10 11:19,"자이언츠 유니폼 입은 보노보노 등장! 롯데, 21~26일 40주년 특별 ...",스포츠서울,"[스포츠서울| 이소영 기자] 롯데가 롯데월드와 손잡고 ‘보노보노’ 40주년 특별 이벤트를 연다. 롯데는 “롯데월드와 함께 글로벌 인기 지식재산권(IP) 보노보노 40주년을 기념해 특별 이벤트를 마련했다”고 10일 밝혔다. 이번 행사는 21일부터 26일까지 이어지며, 마지막 날인 26일은 ‘보노보노데이’로 꾸며진다. 행사 기간 사직구장 광장엔 보노보노 가로등 배너와 대형 에어벌룬이 설치된다. 롯데 유니폼을 입은 보노보노와 함께 사진을 찍을 수 있는 포토타임도 마련된다. 26일엔 입장 관중 전원에게 보노보노 볼캡을 증정한다. 보노보노 작가 이가라시 미키오가 보노보노 캐릭터와 시구에 나서며, 보노보노와 어린이 팬이 함께하는 응원 타임, 캐릭터 맞추기 등 다양한 경기 중 이벤트도 펼쳐질 예정이다. 오는 16일부터는 보노보노 아트워크를 활용한 카카오톡 이모티콘을 처음 선보인다. 이어 21일엔 유니폼을 비롯해 짝짝이, 크로스백, 그립톡 등 다양한 협업 굿즈를 출시한다. 자세한 정보는 구단 공식 상품 채널에서 확인할 수 있다. 롯데는 “앞으로도 다양한 IP 협업을 통해 팬 서비스 경험을 제공할 계획”이라고 전했다. sshong@sportsseoul.com"
2026.07.10 11:19,"LG 박용택·두산 김재호, KBO 퓨처스 올스타전서 공동 시구",연합뉴스,"(서울=연합뉴스) 김경윤 기자 = LG 트윈스 영구결번 박용택 해설위원과 두산 베어스 프랜차이즈 스타 김재호 해설위원이 프로야구 기대주들이 출전하는 KBO 퓨처스 올스타전에서 공동 시구한다. 한국야구위원회(KBO)는 10일 ""두 은퇴 선수는 오늘 서울 잠실구장에서 열리는 퓨처스 올스타전의 서막을 연다""며 ""두 레전드의 공은 LG 박해민과 두산 정수빈이 받을 예정""이라고 전했다. 박용택 위원은 2002년 LG에 입단해 은퇴까지 한 팀에서 활약한 LG 프랜차이즈 스타다. 그는 KBO리그 통산 2천504안타를 기록해 개인 통산 최다 안타 4위에 이름을 올렸다. 아울러 잠실구장 최다 안타 기록(1천442개)을 갖고 있다. 김재호는 2004년부터 두산 입단 이후 2024년까지 한 팀에서만 뛰었다. 두산의 7년 연속 한국시리즈 진출과 세 번의 우승을 이끌며 전성기를 함께 했다. 퓨처스 올스타전 애국가는 가수 규빈이 맡는다. 올스타전이 열리는 잠실구장은 올해를 끝으로 철거되고 2032년 3만석 규모의 돔구장으로 새롭게 탄생한다. 올스타전 본 경기는 11일 같은 장소에서 열린다. cycle@yna.co.kr (끝) ▶제보는 카톡 okjebo"
2026.07.10 11:19,"""보노보노 탄생 40주년 축하해요"" 롯데, 사직구장서 특별 이벤트 마련",마이데일리,"[마이데일리 = 류한준 기자] 프로야구 롯데 자이언츠가 국내를 포함해 세계적으로 많은 인기를 얻고 있는 캐릭터이자 IP(지식재산권)으로 자리 잡은 보노보노 40주년을 맞이해 특별한 행사를 진행한다고 10일 밝혔다. 구단과 보노보노 사이 협업이다. 이번 행사는 오는 21일부터 26일까지 홈 6연전 기간 동안 열린다. 마지막 날인 26일 KT 위즈전은 '보노보노데이'로 지정해 관련 행사도 진행할 예정이다. 이번 협업 기간 중 사직구장 광장은 보노보노 가로등 배너와 대형 에어벌룬을 설치한다. 또한 사직구장을 찾은 팬들에게는 롯데 유니폼을 착용한 보노보노와 함께 포토타임을 가질 수 있는 기회도 제공된다. 보노보노데이로 열리는 26일 홈 경기 입장 관중 모두에게는 보노보노 볼캡을 지급한다. 또한 이날 경기 전 시구자는 보노보노 작가인 이가라시 미키오가 보노보노 캐릭터와 함께 나선다. 보노보노와 어린이 팬이 함께하는 응원 타임을 비롯해 캐릭터 맞추기 등 다양한 경기 중 이벤트도 준비된다. 16일부터는 보노보노 아트워크를 활용한 카카오톡 이모티콘도 첫 선을 보인다. 주중 3연전 첫날인 21일 SSG 랜더스전 당일부터는 보노보노 유니폼을 비롯해 짝짝이, 크로스백, 그립톡 등 다양한 굿즈 라인업도 출시된다. 구단은 ""보노보노 협업에 대한 자세한 정보는 구단 공식 상품 채널을 통해 확인할 수 있다""며 ""앞으로도 다양한 IP 협업을 통해 팬들에게 다양한 서비스를 제공할 계획""이라고 덧붙였다. 류한준 기자 hantaeng@mydaily.co.kr"
2026.07.10 11:17,[영상] 초구 노린 천성호…1사 만루 역대급 엔딩,KBS,"프로야구 삼성이 LG를 물리치고 단독 선두로 전반기를 마쳤습니다. 삼성은 3점 앞선 9회, 마무리 김재윤이 흔들리면서 한 점 차까지 추격당했지만, 1사 만루 위기에서 천성호를 병살 처리하며 6대 5로 이겼습니다. 3연속 볼넷을 내준 김재윤이 정면 대결할 것으로 판단해 초구를 친천성호의 노림수는 결과적으로 실패로 끝났고 유격수 수비 위치를 조금 앞으로 당긴 명품 유격수 출신 박진만 감독의 승부수는 통했습니다. ■ 제보하기 ▷ 전화 : 02-781-1234, 4444 ▷ 이메일 : kbs1234@kbs.co.kr ▷ 카카오톡 : 'KBS제보' 검색, 채널 추가 ▷ 유튜브, 네이버에서도 KBS뉴스를 구독해주세요! 정충희 기자 (leo@kbs.co.kr)"
2026.07.10 11:15,'아듀 잠실' 퓨처스 올스타전 시구자 떴다! LG-두산 전설들 뜬다…박용...,OSEN,"[OSEN=이후광 기자] 잠실의 전설들이 잠실구장 마지막 퓨처스 올스타전에 뜬다. 10일 서울 잠실구장에서 열리는 'KBO 퓨처스 올스타전'의 서막을 잠실의 레전드들이 연다. 퓨처스 올스타전 시구는 LG 트윈스 '영구결번' 박용택과 두산 베어스 '천재 유격수' 김재호가 맡아 의미를 더한다. 특히 두 레전드의 공을 받는 시포자로 양 팀 현역 선수인 박해민과 정수빈이 나서 신구 조화의 감동을 선사할 예정이다. 시구에 나서는 박용택은 2002년 LG에 입단해 은퇴까지 한 팀에서 활약한 구단을 대표하는 프랜차이즈 스타다. 독보적인 안타 생산능력을 바탕으로 KBO 리그 통산 2,504 안타를 기록했고 잠실야구장에서만 1,442안타를 기록하며 이 부분 최다안타 기록을 가지고 있다. 또한 현역 시절 네차례의 골든글러브 수상과 더불어 꾸준함의 대명사로 불린 박용택은 은퇴할 때까지 녹슬지 않는 모습을 보여주며 구단 통산 3번째 영구결번(33번)의 주인공이 됐다. 함께 마운드에 오르는 김재호는 2004년 두산 입단 이후 잠실야구장에서 은퇴할 때까지 팀의 전성기를 지탱한 원클럽맨이다. '천재 유격수'라는 별명답게 안정적이고 영리한 수비로 두산의 7년 연속 한국시리즈 진출과 세 번의 우승을 견인했다. 오랜 시간 두산의 유격수 자리를 지키며 두산 은퇴 선수 중 잠실야구장 최다 출장 기록을 가지고 있다. 유격수 부문 골든글러브 2회 수상은 물론, 2015 프리미어12 국가대표팀의 주전 유격수로 활약하며 대한민국 야구의 위상을 높이는 데 기여했다. 시포를 맡는 LG 박해민은 리그를 대표하는 중견수다. 폭넓은 수비 범위와 탁월한 타구 판단, 빠른 발과 뛰어난 야구 센스를 앞세워 공·수에서 팀의 중심 역할을 수행해 왔다. 현재 LG의 주장을 맡고 있으며, 2023년과 2025년 팀의 통합 우승을 함께했다. 또한 2023년 KBO 수비상 중견수 부문 초대 수상자로 선정되며 최고의 수비력을 인정받았다. 함께 시포자로 나서는 정수빈은 2009년 입단 후 두산의 외야를 책임져온 프랜차이즈 스타다. 정수빈 역시 두산 현역 선수 가운데 잠실야구장 최다 출장 기록을 보유하고 있으며, 특유의 허슬 플레이로 잠실야구장 외야에서 수많은 명장면을 연출해 왔다. 아울러 2015년 우승 당시 한국시리즈 MVP 수상 및 구단 프랜차이즈 최다 경기 출장 기록까지 거머쥔 그는 여전히 '잠실 아이돌'로서 팬들의 압도적인 사랑을 받고 있다. 한편 이날 퓨처스 올스타전은 가수 규빈이 애국가를 제창하며 경기 시작을 알린다. /backlight@osen.co.kr"
2026.07.10 11:12,"언제까지나 '최정 동생'으로만 살 수는 없다…방출 최항, 정말 야구가 끝...",MHN스포츠,"(MHN 정철우 기자) 최항이 롯데 자이언츠를 떠난다. 롯데는 선수단 정리 과정에서 최항에게 방출 의사를 전달했다. 프로야구에서 방출은 냉정하다. 구단이 더 이상 해당 선수를 전력 구상에 포함하지 않겠다는 뜻이다. 특히 30대에 접어든 선수에게 방출은 단순한 이적과 다르다. 다시 기회를 얻지 못하면 그대로 현역 생활이 끝날 수도 있다. 그러나 최항의 이름 앞에는 방출보다 먼저 따라붙는 말이 있다. '최정 동생'이다. 어쩌면 최항은 프로 생활 내내 이 네 글자와 싸워 왔는지도 모른다. 형이 너무 대단했다. 최정은 KBO리그 통산 홈런 역사를 새로 쓴 타자다. 오랜 시간 리그를 대표하는 거포로 활약했고 SSG 랜더스를 상징하는 선수가 됐다. 그런 선수의 친동생으로 프로에 들어왔으니 비교를 피할 방법이 없었다. 최항이 안타를 치면 '최정 동생도 친다'는 말이 나왔고 홈런을 치면 형과 비교됐다. 부진하면 역시 형과는 다르다는 평가를 받아야 했다. 하지만 이제는 한 번쯤 최항을 최정의 동생이 아니라 야구선수 최항으로 볼 필요가 있다. 그렇게 놓고 보면 이번 방출은 조금 다른 질문을 남긴다. 최항은 정말 더 이상 쓸 수 없는 선수인가. 숫자만 보면 쉽게 그렇다고 단정하기 어렵다. 최항은 1군 통산 388경기에 출전해 853타수 228안타를 기록했다. 통산 타율은 2할6푼7리다. 11홈런과 107타점, 112득점도 남겼다. 물론 주전급 스타의 기록은 아니다. 그러나 프로야구에서 1군 통산 타율 2할6푼7리를 기록한 내야수를 아무 가치가 없는 선수라고 평가하기도 어렵다. 더구나 최항은 800타수 이상을 경험했다. 단순히 몇 경기 반짝하고 사라진 선수가 아니다. 빠른 공과 변화구 승부를 경험했고 대타로 나가야 하는 상황도 알고 있다. 선발 출전과 벤치 대기를 모두 겪었다. 1군에서 살아남기 위해 어떤 준비를 해야 하는지 몸으로 배운 선수다. 최항의 가장 큰 매력은 분명하다. 우투좌타 내야수다. 183㎝, 88㎏의 체격을 갖고 있고 2루와 1루를 중심으로 활용할 수 있다. 팀 상황에 따라 대타 카드로도 쓸 수 있다. 여기에 아주 못 치는 타자가 아니다. 오히려 이것이 중요하다. 최항을 평가할 때 사람들은 자꾸 형 최정을 떠올린다. 홈런을 얼마나 쳤는지부터 보고 장타력이 얼마나 되는지 따진다. 그러나 최항은 애초부터 최정과 같은 유형의 타자가 아니었다. 최정이 홈런으로 경기를 바꾸는 타자라면 최항은 배트에 공을 맞히고 상황에 따라 안타를 만들어내는 쪽에 더 가깝다. 그래서 최항의 가치를 보려면 홈런 숫자가 아니라 1군에서 얼마나 타격 경쟁력을 보여줬는지를 봐야 한다. 통산 타율 2할6푼7리는 화려하지 않지만 아주 나쁘다고 말하기도 어렵다. 특히 백업 내야수에게 요구되는 조건을 생각하면 그렇다. 모든 백업 선수가 20홈런을 칠 필요는 없다. 주전이 빠졌을 때 며칠간 선발로 나갈 수 있고 경기 후반 대타로 나서 안타 하나를 기대할 수 있으며 좌우 매치업에 따라 활용할 수 있으면 된다. 최항은 적어도 그런 계산을 해볼 수 있는 선수다. 롯데 이적 첫해였던 2024년에도 완전히 실패했다고 보기는 어렵다. 최항은 72경기에 출전해 132타수 33안타, 타율 2할5푼을 기록했다. OPS는 0.596이었다. 장타 생산력까지 포함하면 좋은 공격 성적이라고 말하기 어렵지만 역할을 감안할 필요가 있다. 132타수는 풀타임 주전의 타석 수가 아니다. 경기마다 꾸준히 4타석씩 보장받은 것도 아니다. 백업 선수는 출전 간격이 일정하지 않다. 며칠 동안 벤치에 있다가 갑자기 대타로 나가기도 하고 주전의 체력 안배 때문에 선발 출전한 뒤 다시 벤치로 돌아가기도 한다. 그런 환경에서 타율 2할5푼을 기록했다. 압도적이지는 않지만 '1군에서 전혀 칠 수 없는 타자'의 기록도 아니다. 오히려 최항의 문제는 이후 충분한 기회를 받지 못했다는 데 있다. 지난해와 올해를 합쳐 1군 출전은 12경기에 그쳤고 올해는 4경기에서 11타수 2안타, 타율 1할8푼2리를 기록했다. 물론 좋은 성적은 아니다. 하지만 11타수다. 안타 하나만 더 나왔어도 타율은 크게 달라진다. 이 정도 표본으로 한 선수의 현재 타격 능력을 완전히 평가하기는 어렵다. 프로야구에서 기회는 실력만으로 주어지지 않는다. 팀 사정이 있다. 롯데에는 젊은 내야수들이 있고 구단은 미래를 봐야 한다. 비슷한 성적이라면 30대 선수보다 20대 선수를 선택할 수 있다. 장기적인 팀 구성을 생각하면 자연스러운 판단이다. 그렇다면 최항의 방출을 반드시 '실력이 없어서'라고만 해석할 필요는 없다. 롯데의 방향과 최항의 위치가 맞지 않았다고 볼 수도 있다. 한 구단에서 자리가 없다는 것과 KBO리그 전체에서 쓸 수 없다는 것은 같은 말이 아니다. 팀마다 필요한 선수는 다르다. 왼손 대타가 부족한 팀이 있고 1루와 2루 백업이 필요한 팀도 있다. 젊은 내야수만으로 시즌을 운영하기 부담스러운 구단도 있다. 주전과 백업의 격차가 큰 팀이라면 1군 경험이 있는 30대 내야수의 가치가 달라질 수 있다. 특히 최항은 활용법이 비교적 분명한 선수다. 매일 선발로 내보내 중심 타선을 맡길 선수는 아닐 수 있다. 그러나 좌타 대타가 필요할 때 한 타석을 맡길 수 있고 주전 내야수의 휴식일에 선발로 기용할 수 있다. 1루와 2루의 뎁스를 보강해야 하는 팀이라면 검토할 이유가 있다. 물론 약점도 분명하다. 장타력이 뛰어난 선수는 아니다. 빠른 발로 경기를 흔드는 유형도 아니다. 수비 하나만으로 1군 엔트리를 보장받는 특급 수비형 내야수라고 보기도 어렵다. 그래서 애매할 수 있다. 하지만 프로야구에는 이런 선수도 필요하다. 시즌은 144경기다. 주전 9명만으로 끝까지 갈 수 없다. 부상이 나오고 체력이 떨어진다. 상대 선발 유형에 따라 라인업을 바꿔야 하고 경기 후반 한 타석이 필요하다. 갑자기 내야수가 빠졌을 때 며칠을 버텨 줄 선수도 있어야 한다. 그럴 때 필요한 것은 반드시 스타가 아니다. '계산이 되는 선수'다. 최항은 1군에서 388경기를 뛰었고 228개의 안타를 쳤다. 107명의 주자를 홈으로 불러들였다. 통산 타율 2할6푼7리를 기록했다. 이 숫자는 적어도 최항이 1군 무대에서 전혀 경쟁하지 못했던 선수가 아니라는 사실을 보여준다. 더구나 방출 선수 영입은 대형 투자가 아니다. 거액의 보상금이 필요한 것도 아니고 신인 지명권을 내줘야 하는 것도 아니다. 상대적으로 낮은 비용으로 1군 경험이 있는 좌타 내야수를 확보할 수 있다. 성공하면 전력의 깊이가 생기고 실패해도 위험 부담은 크지 않다. 최항에게 가장 불리했던 것은 어쩌면 자신의 성적이 아니라 비교 대상이었는지도 모른다. 형은 KBO리그 홈런 역사를 새로 쓴 최정이다. 최항이 아무리 좋은 타격을 해도 형과 비교하면 부족해 보일 수밖에 없다. 하지만 최항은 최정이 아니다. 최정처럼 홈런을 치지 못한다고 해서 가치가 없는 것도 아니다. 1군 통산 타율 2할6푼7리의 좌타 내야수, 388경기의 경험, 1루와 2루를 중심으로 활용할 수 있는 백업 자원, 상황에 따라 대타로 기용할 수 있는 타자라면 다른 구단이 한 번쯤 검토해 볼 이유는 있다. 최항이 기록한 228개의 1군 안타는 형이 대신 쳐 준 것이 아니다. 최정의 홈런이 동생의 안타로 기록된 것도 아니다. 최항이 직접 1군 투수들의 공을 상대하며 만든 숫자다. 언제까지나 '최정 동생'으로만 살 수는 없는 일이다. 롯데에서는 더 이상 자리가 없었다. 그러나 그것이 곧 최항이라는 선수의 가치가 완전히 사라졌다는 뜻은 아니다. 최항도 이미 자신의 기록을 가진 선수다. 이제 필요한 것은 형의 이름이 아니다. 다시 한 번 자신을 증명할 기회다."
2026.07.10 11:11,"창단 첫 올스타, 더 특별하게…울산웨일즈, 기념 유니폼 입고 잠실 뜬다",OSEN,"[OSEN=손찬익 기자] 창단 첫 시즌부터 퓨처스리그에 새 바람을 일으키고 있는 울산웨일즈가 첫 올스타 무대를 더욱 특별하게 장식한다. 울산웨일즈는 10일 ""2026 KBO 퓨처스 올스타전에 출전하는 나가, 홀, 김서원, 노강민이 특별 제작한 기념 유니폼을 착용한다""고 밝혔다. 이번 유니폼은 창단 첫해 퓨처스 올스타 선수를 배출한 의미를 기념하기 위해 제작됐다. 올스타전 공식 패치를 부착한 특별 사양으로 선수들의 소속감과 자긍심을 담아냈다. 울산웨일즈는 창단 첫 시즌부터 퓨처스리그에서 인상적인 성적을 거두며 4명의 올스타를 배출했다. 투수 나가와 홀, 야수 김서원과 노강민이 그 주인공이다. 창단 첫해부터 올스타 선수를 배출했다는 점에서 구단에도 의미가 남다르다. 네 선수는 10일 오후 6시 서울 잠실야구장에서 열리는 퓨처스 올스타전과 각종 행사에서 특별 유니폼을 착용하고 울산웨일즈를 대표해 팬들과 만난다. 노강민은 ""구단에서 올스타전을 기념해 특별 유니폼을 제작해 주셔서 울산웨일즈 선수라는 자부심을 더욱 느낀다""며 ""울산웨일즈를 대표한다는 책임감을 갖고 가진 기량을 모두 보여드리겠다. 많은 팬들에게 울산웨일즈를 알릴 수 있도록 최선을 다하겠다""고 소감을 밝혔다. 김동진 울산웨일즈 단장은 ""창단 첫 시즌에 퓨처스 올스타 선수를 배출하게 돼 매우 뜻깊게 생각한다""며 ""특별 유니폼이 선수들에게 자부심과 동기부여가 되길 바란다. 올스타전에서도 좋은 활약을 펼쳐 울산웨일즈의 이름을 전국 야구팬들에게 알렸으면 좋겠다""고 기대했다. 창단 첫 시즌부터 퓨처스리그 선두권 경쟁을 펼치며 돌풍을 일으키고 있는 울산웨일즈는 이번 올스타전 4명의 선수 출전을 통해 구단의 성장 가능성과 경쟁력을 다시 한번 전국 야구팬들에게 알릴 예정이다. /what@osen.co.kr"
2026.07.10 11:09,'굿바이 잠실' 올스타전서 최형우·류현진 최고령 기록 도전,연합뉴스,"(서울=연합뉴스) 이대호 기자 = 프로야구 원년인 1982년 준공돼 한국 야구 역사와 함께해 온 잠실야구장에서의 마지막 '별들의 축제'가 눈앞에 다가왔다. 2026 신한 SOL KBO 올스타전은 11일 잠실구장에서 열리며, 10일에는 퓨처스 올스타전과 홈런더비가 팬들을 먼저 맞이한다. 이번 올스타전은 잠실에서 열리는 14번째이자 마지막 축제로, 리그를 대표하는 별들이 총출동해 고별 무대를 수놓는다. 가장 빛나는 별은 양의지(두산 베어스)다. 팬 투표 최다 득표 신기록(260만5천510표)으로 통산 15번째 올스타에 선정된 그는 양준혁·강민호와 함께 최다 선정 공동 2위에 올랐다. 1위는 16회의 김현수(kt wiz)다. 양의지는 2020년에 이어 개인 두 번째 '미스터 올스타' 수상에도 도전한다. 성사되면 김용희, 박정태, 정수근, 이대호, 홍성흔에 이어 역대 6번째 2회 수상자가 된다. 2017년 올스타 최우수선수(MVP) 최정(SSG 랜더스)과 2024년 MVP 최형우(삼성 라이온즈)도 두 번째 수상을 노린다. 베테랑들의 활약도 관심을 끈다. 1983년생 최형우는 올 시즌 최고령 출장·안타·홈런·도루 기록을 새로 쓴 데 이어, 양준혁이 2010년 세운 올스타전 최고령 출장·홈런(41세 1개월 28일) 기록 경신을 겨냥한다. 마운드에서는 류현진(한화 이글스)이 감독 추천선수로 별들의 축제에 나선다. 지난 2024년 올스타전 최고령 승리(37세 3개월 11일) 기록을 세웠던 그는 39세 3개월 16일의 나이로 또 한 번의 기록에 도전한다. 3루수 역대 최다 10회 베스트에 뽑힌 최정은 개인 통산 14번째, 구자욱(삼성)은 11번째 올스타에 이름을 올렸다. 데뷔 첫 올스타전에 나서는 샛별도 27명에 달해 출전 명단의 절반을 넘겼다. 오른팔 파이어볼러 곽빈(두산 베어스)이 데뷔 8년 만에 드림팀 선발로 첫 올스타전에 나서고, 나눔팀 선발 애덤 올러(KIA 타이거즈)는 지난해 부상으로 불발된 올스타전 아쉬움을 씻는다. 올해 유일한 고졸 신인인 박준현(키움 히어로즈), 대졸 신인 박정민(롯데 자이언츠), 아시아 쿼터 가나쿠보 유토(키움)도 첫 무대를 밟는다. 팀 대결에서는 통산 5승 4패로 앞선 나눔팀(LG·한화·NC·KIA·키움)이 5연승을, 드림팀(SSG·삼성·kt·롯데·두산)은 2019년 이후 7년 만의 승리를 노린다. 지난해 나눔팀은 MVP 박동원(LG 트윈스)과 김태군(KIA)의 활약을 앞세워 8-6으로 이겼다. 4bun@yna.co.kr (끝) ▶제보는 카톡 okjebo"
2026.07.10 11:09,"2026 KBO리그 전반기, 불멸의 기록 쏟아졌다",국민일보,"2026 프로야구 KBO리그 전반기가 대기록의 향연 속에 막을 내렸다. 당분간 리그에서 깨지기 어려운 불멸의 기록들도 여럿 탄생했다. 베테랑들이 대기록 행진에 앞장섰다. 삼성 최형우는 개막전부터 역대 최고령 출장 및 안타(42세 3개월 12일) 기록을 새로 썼다. 3월 31일 두산전에서 최고령 홈런(42세 3개월 15일), 6월 24일 LG전에서 최고령 도루(42세 6개월 8일) 기록의 주인공이 됐다. 이밖에 리그 최초 4500루타, 1000장타 등 기록도 남겼다. SSG 최정은 지난 5월 12일 KT전에서 역대 최초 21시즌 연속 두 자릿수 홈런을 쳐냈다. 전반기 19홈런을 기록한 최정은 후반기에 최초 11시즌 연속 20홈런에 도전한다. 삼성 포수 강민호는 역대 최초 2500경기 출장 기록을 달성했다. 2004년 롯데 유니폼을 입고 프로에 데뷔한 강민호는 4월 1일 두산전에서 대기록을 완성했다. 한화 류현진은 전반기에 최고령(39세13일), 최소경기(246경기) 1500탈삼진 기록을 세웠다. 5월 24일에는 한·미 통산 200승 고지를 밟았다. 후반기에는 최초의 프로 통산 2500탈삼진에 도전한다. 기록 달성까지는 1개의 탈삼진만을 남겨뒀다. LG 베테랑 투수 김진성은 지난달 17일 KIA전에 등판해 통산 7번째 800경기 출장에 성공했다. 41세 3개월 10일의 나이로 부문 최고령 출장 기록을 갈아치웠다. 통산 176홀드를 기록 중인 김진성은 앞으로 1개만 더 보태면 부문 1위 기록 보유자인 안지만(177홀드)과 어깨를 나란히 한다. SSG 박성한은 리그 최초로 개막 22경기 연속 안타를 때려내는 신기록을 세웠다. 박성한은 지난 3월 28일 KIA전부터 22경기 연속 안타 생산에 성공하며 1982년 김용희의 18경기 연속 기록을 넘어섰다. 3~4월 27경기에서 45안타를 몰아친 박성한은 타율 0.441, 출루율 0.543 등 활약으로 생애 첫 월간 최우수선수(MVP)에도 올랐다. LG 장수 외국인 타자 오스틴 딘은 전반기에 통산 100홈런 고지를 밟았다. 그는 지난달 16일 KIA전에서 4시즌 연속 20홈런까지 달성했다. KIA 김도영과 함께 전반기 27홈런(공동 1위)을 때려낸 오스틴은 후반기에도 거포 경쟁을 이어간다. 박구인 기자 captain@kmib.co.kr GoodNews paper ⓒ , 무단전재 및 수집, 재배포 및 AI학습 이용 금지"
2026.07.10 11:02,"'선수 12명' 전주 완산 유소년야구단, 전국대회 전승으로 우승",연합뉴스,"(전주=연합뉴스) 최영수 기자 = 선수 12명으로 꾸려진 유소년 야구단이 예선부터 한 경기도 내주지 않고 전국대회 정상에 올라 큰 감동을 주고 있다. 전북 전주시 완산구 유소년야구단은 지난 4∼7일 열린 횡성군수배 전국유소년야구대회 유소년리그(U-13)에서 무패 우승을 차지했다고 10일 밝혔다. 완산구 유소년야구단은 예선에서 구리시, 인천 연수구, 서울 동작구 팀을 차례로 꺾고 조 1위에 올랐다. 예선 3경기에서 30득점의 막강한 화력을 뽐냈다. 완산구 유소년야구단은 준결승에서는 서울 도봉구 팀을 9-2로 완파했다. 특히 결승에서는 수원 루키즈에 6회까지 0-2로 뒤지다가 이정진의 솔로포와 김관우의 끝내기 2점 홈런으로 짜릿한 3-2 역전승을 완성했다. 김관우가 대회 최우수선수상, 이정진이 우수선수상, 조일현 감독이 감독상을 받았다. 조 감독은 ""규모가 큰 팀도, 이름난 팀도 아니지만 선수들이 끝까지 포기하지 않고 뛰어 큰 성과를 거뒀다""며 ""이번 우승이 전주 지역 유소년야구에 더 많은 관심과 응원으로 이어지길 바란다""고 말했다. kan@yna.co.kr (끝) ▶제보는 카톡 okjebo"
2026.07.10 11:02,"‘150km 던지는 191cm’ 대학야구 최대어, 국제대회 뜬다…미국 일...",OSEN,"[OSEN=이후광 기자] 대한야구소프트볼협회가 KBO의 지원을 통해 11일부터 15일까지 대만 타이중에서 열리는 2026 세계대학야구대회에 파견한 대학 국가대표 선수단이 지난 8일 대만에 도착해 현지에서 대회 준비에 한창이다. 2026 세계대학야구대회는 미국야구협회·대만야구협회·일본대학야구연맹이 공동으로 창설한 초대 대회로 세계랭킹 4위인 한국은 개최국인 대만으로부터 와일드카드 초청을 받아 미국, 대만, 일본과 함께 초대 챔피언 자리를 놓고 경쟁한다. 송원대 고천주 감독을 비롯해 신경현(경남대 감독), 정성훈(홍익대 감독), 이선우(한일장신대 감독)과 김영혁(원광대 코치) 불펜코치가 이끄는 이번 대표팀은 대학 최정예 선수 26명으로 선수단을 구성했다. 마운드에는 대학야구 최대어로 꼽히는 곽병진(부산과기대)이 중심을 잡는다. 191cm의 큰 체격에서 최고 시속 150km의 강속구를 뿜어내는 곽병진은 대학 2년간 7승 무패 평균자책점 1.29의 빼어난 성적을 기록하며 프로무대에서도 즉시전력감으로 평가받는다. 정기 연고전에서 완봉승을 거뒀던 좌완 정원진(고려대)이 정교한 제구와 노련한 완급조절로 선발진을 이끌고, 제구력이 최대 장점인 부산과기대 김도균이 힘을 보탠다. 불펜에는 한화이글스배 고교·대학 올스타전에서 대학팀 투수 최우수선수로 선정된 박세준(동의과학대)과, 대학 최정예 우완으로 꼽히는 김도윤(중앙대), 경기 후반 상대 상위타선을 틀어막는 연세대 불펜의 핵심 조영우가 가세해 두꺼운 투수층을 형성한다. 안방은 대학 무대에서 손꼽히는 포수 권희재(부산과기대)와 안정적인 리드로 경기 운영이 뛰어난 이헌영(동의과학대), 탄탄한 블로킹과 수비를 자랑하는 김우성(동의과학대)이 두텁게 지킨다. 내야진에서는 넓은 수비 범위를 뽐내는 원상윤(강릉영동대)과 김범준(송원대)이 키스톤 콤비를 이뤄 수비안정감을 더한다. 빠른 발과 정교한 콘택트를 갖춘 강민우(고려대)는 중심타선에서 공격을 이끌고, 187cm·95kg의 당당한 체격을 지닌 강동혁(동원과기대)이 코너 내야에서 중심을 잡는다. 여기에 스위치히터 전수완(경희대)과 윤승민(동국대), 유비(홍익대) 등이 가세해 짜임새 있는 내야진을 완성한다. 외야에서는 교타자 김종우(성균관대)와 김경환(동국대)이 중심을 잡고, 지승기(한일장신대)와 좌타 이민준(인하대), 현빈(대덕대)이 넓은 외야 수비범위를 책임진다. 이번 대회는 11일부터 13일까지 4개국이 풀리그(조별리그)를 치른 뒤, 14일 준결승에서 1위-4위, 2위-3위가 맞붙고, 15일 결승에서 초대 챔피언을 가리게 된다. 한국은 11일 미국, 12일 일본, 13일 대만과 차례로 대만 타이중 인터컨티넨탈 야구장에서 조별리그를 치를 예정이다. 대한야구소프트볼협회는 ""KBO가 올해에 국가대표팀의 국제 경쟁력 강화를 위해 협회로 관련 예산 3억 원을 추가 지원함에 따라 세계대학야구대회를 비롯한, 아시아유소년야구대회(12세 이하), 아시아청소년야구선수권대회(18세 이하), 세계야구선수권대회(23세 이하) 등 각급 연령별 국가대표 선수단 파견 및 운영에 더 많은 지원이 가능하게 됐다""라고 감사를 표했다. /backlight@osen.co.kr"
2026.07.10 10:59,전국 야구 꿈나무 횡성 집결…마이데일리배 17일 개막,더팩트,"제3회 마이데일리배 전국유소년야구대회, 17~21일 횡성베이스볼테마파크 '열전' [더팩트 | 박순규 기자] 전국 유소년 야구 꿈나무들이 참가하는 ‘제3회 마이데일리배 전국유소년야구대회’가 오는 17일부터 21일까지 닷새간 강원도 횡성군 횡성베이스볼테마파크에서 열린다. 마이데일리가 주최하고 대한유소년야구연맹이 주관하는 이번 대회에는 전국 각지의 연맹 소속 유소년 야구팀과 선수들이 참가해 기량을 겨룬다. 대회는 연령별로 주니어리그(16세 이하), 유소년리그(13세 이하), 꿈나무리그(11세 이하), 새싹리그(9세 이하), U12 부문으로 나뉘어 진행된다. 각 부문별 예선과 토너먼트를 거쳐 우승팀을 가린다. 경기 외에도 선수들이 개인 기량을 뽐낼 수 있는 다양한 이벤트가 마련된다. 투구 속도를 겨루는 ‘스피드킹 콘테스트’와 장타력을 겨루는 ‘홈런더비 콘테스트’가 진행되며, 올해 대회에서는 투구 정확도를 평가하는 ‘제구왕 콘테스트’가 새롭게 선보인다. 올해로 3회째를 맞는 마이데일리배 전국유소년야구대회는 유소년 선수들에게 전국대회 경험을 제공하고, 한국 야구의 미래를 이끌 유망주를 발굴하기 위해 마련됐다. 이번 대회는 횡성군과 횡성군체육회, 국민체육진흥공단, 한국도핑방지위원회, 한국스포츠레저㈜, 한미사이언스, 스포페이, 애플라인드, 한강식품, 스포노베이션, 메디앳, 유니시티코리아, 글로우핏, 보령헬스케어가 후원한다. 대회는 17일 금요일 개막해 21일 화요일까지 횡성베이스볼테마파크에서 진행된다. skp2002@tf.co.kr 발로 뛰는 더팩트는 24시간 여러분의 제보를 기다립니다. ▶카카오톡: '더팩트제보' 검색 ▶이메일: jebo@tf.co.kr ▶뉴스 홈페이지: http://talk.tf.co.kr/bbs/report/write"
2026.07.10 10:55,"창단 첫 시즌 ‘올스타 4명’, 그냥 있을 수 없지…울산 웨일즈, ‘특별...",스포츠서울,"[스포츠서울 | 김동영 기자] 울산 웨일즈가 10일 잠실구장에서 열리는 2026 KBO 퓨처스 올스타전에 맞춰 특별한 준비를 마쳤다. 나가 다이세이, 알렉스 홀, 김서원, 노강민까지 4명이 선발됐다. 이들은 특별 제작한 유니폼을 입는다. 이번 유니폼은 창단 첫 해 퓨처스 올스타전 출전을 기념해 제작됐다. 선수들의 소속감과 자긍심을 높이기 위해 올스타전 공식 패치를 부착한 특별 사양으로 제작됐다. 창단 첫 시즌부터 퓨처스리그에서 뛰어난 활약을 펼친 선수들이 올스타 무대에 참가하게 된 것을 기념했다. 선수 개인에게도 의미 있는 추억을 남겨주기 위해 이번 특별 유니폼을 준비했다. 투수 나가와 홀, 타자 김서원과 노강민은 올시즌 팀의 주축 선수로 활약하며 퓨처스 올스타에 선발되는 영예를 안았다. 특히 울산 창단 첫 시즌에 배출된 올스타라는 점에서 더욱 의미를 더하고 있다. 선수들은 잠실구장에서 열리는 올스타전 행사와 경기에서 해당 유니폼을 착용하며 울산을 대표해 팬들과 만날 예정이다. 특별 유니폼에 대해 노강민은 “구단에서 올스타전을 기념해 제작된 유니폼을 입으니, 울산 선수로서 자부심을 느낀다. 울산 선수들을 대표해 마음껏 기량을 뽐내고, 울산을 알리겠다”도 소감을 밝혔다. 김동진 단장은 “창단 첫 시즌에 퓨처스 올스타 선수를 배출하게 되어 매우 뜻깊게 생각한다”며 “이번 특별 유니폼이 선수들에게 자부심과 동기부여가 되길 바란다. 우리 선수들이 올스타전에서 큰 활약 하기를 기대한다”고 말했다. 한편 울산은 창단 첫 시즌부터 퓨처스리그 선두권 경쟁을 펼치며 주목받고 있다. 이번 퓨처스 올스타전에는 총 4명의 선수가 출전해 구단의 성장 가능성과 경쟁력을 전국 야구팬들에게 알릴 예정이다. raining99@sportsseoul.com"
2026.07.10 10:54,"제3회 마이데일리배 전국유소년야구대회, 17일부터 21일까지 횡성베이스볼...",OSEN,"[OSEN=한용섭 기자] 마이데일리가 대한유소년야구연맹(회장 이상근)과 함께 전국 최대 규모 유소년 야구 대회인 '제3회 마이데일리배 전국유소년야구대회'를 개최한다. 한국 야구의 미래를 이끌 꿈나무들이 기량을 마음껏 펼칠 수 있는 무대를 마련했다. 제3회 마이데일리배 전국유소년야구대회는 17일부터 21일까지 강원도 횡성군 횡성베이스볼테마파크에서 열린다. 전국 각지의 대한유소년야구연맹 유소년 선수들이 참가해 주니어리그(16세 이하), 유소년리그(13세 이하), 꿈나무리그(11세 이하), 새싹리그(9세 이하), U12로 나눠 우승팀을 가리게 된다. 다양한 이벤트도 준비되어 있다. '스피드킹 콘테스트', '홈런더비 콘테스트' 그리고 제3회 대회에서 새롭게 선보이는 '제구왕 콘테스트'가 마련돼 있다. ◆ 제3회 마이데일리배 전국유소년야구대회 - 일시 : 2026년 7월 17일(수)~21일(화) - 장소 : 강원도 횡성군 횡성베이스볼테마파크 /orange@osen.co.kr"
2026.07.10 10:52,"인천 팸 모여라! ‘대한항공 우승 멤버’ 정지석·김규민, 19일 랜필 마...",스포츠서울,"[스포츠서울 | 이소영 기자] SSG가 대한항공과 함께 ‘대한항공 점보스 데이’를 진행한다. SSG는“19일 인천SSG랜더스필드에서 열리는 2026 KBO리그 KIA전에서 ‘대한항공 점보스 데이’를 개최한다”고 10일 밝혔다. 이번 행사는 인천을 연고로 하는 두 프로구단이 스포츠 팬들을 위한 다양한 협업 이벤트와 지역사회 공헌 활동을 위해 기획됐다. 2021년 시작해 올해로 6년째를 맞았다. 양 구단은 공동 기부금을 전달한다. 기부금은 2025년 12월8일부터 2026년 7월5일까지 적립된 총 1330만원이다. 대한항공은 홈경기 서브 에이스 1개당 10만원(68개·680만 원), SSG는 홈경기 투수 삼진 1개당 2만 원(325개·650만 원)을 각각 적립했다. 기부금은 인천사회복지공동모금회를 통해 인천지역 아동·청소년에게 전달될 계획이다. 경기 전 열리는 전달식엔 SSG 주장 오태곤과 정준재, 대한항공 정지석과 김규민, 인천사회복지공동모금회 박용훈 사무처장이 참석한다. 다양한 협업 이벤트도 마련된다. 프론티어 스퀘어(1루 광장)에서는 경기 시작 3시간 전부터 야구·배구 미니 게임 부스를 운영한다. 경기 시작 1시간 전엔 3번 게이트에서 SSG 마스코트 ‘랜디’와 대한항공 마스코트 ‘점보’가 팬 그리팅(하이파이브) 행사를 통해 팬들을 맞이한다. 한편 이날 승리기원 시구와 시타는 정지석과 김규민이 각각 맡는다. 경기 중엔 ‘점보스 퀴즈’ 이벤트와 양 구단 마스코트가 함께하는 합동 응원 타임도 진행될 예정이다. sshong@sportsseoul.com"
2026.07.10 10:52,"1점 차 1사 만루? 병살타로 막았잖아...37구 진땀 세이브, 삼성 1...",OSEN,"[OSEN=대구, 한용섭 기자] 프로야구 삼성 라이온즈 마무리 투수 김재윤이 아슬아슬 진땀 세이브를 기록하며, 삼성의 전반기 1위를 지켜냈다. 김재윤은 9일 대구 삼성라이온즈파크에서 열린 LG와 경기에서 6-3으로 앞선 9회 마운드에 올랐다. 삼성이 승리하면, 승률에서 LG를 2리 앞서며 1위로 전반기를 마칠 수 있었다. 여유있는 3점 리드였는데, 첫 타자 문성주를 볼넷으로 내보내면서 살짝 불안했다. 홍창기에게 좌측 펜스를 맞고 나오는 2루타를 허용했고, 박해민의 1루수 땅볼 아웃으로 1점을 허용했다. 1사 3루에서 오스틴을 볼넷, 송찬의도 볼넷으로 내보냈다. LG 타자들의 집중력이 대단했다. 어려운 볼은 파울로 걷어냈고, 아슬아슬한 유인구도 잘 참아냈다. 1사 만루에서 박동원도 볼넷, 밀어내기로 실점하며 스코어는 6-5 한 점 차가 됐다. 이제는 역전까지도 위험했다. 천성호를 초구 직구로 유격수 정면 땅볼을 유도, 2루-1루로 이어지는 병살타로 경기를 끝냈다. 극적인 승리, 짜릿한 세이브였다. 삼성은 2015년 왕조 시절 이후 11년 만에 전반기 1위를 차지했다. 경기 후 땀 범벅인 김재윤은 “중요한 경기에서 큰일 날 뻔했다”고 안도했다. 이어 “마지막에 내가 X를 뿌리긴 했지만, 타자들이 잘 쳐줘서 3점 차이로 벌려줘서 내가 다행히 막을 수 있었다. (전반기) 1위로 끝내고 싶었는데 잘 막아서 다행이다”고 웃었다. 투구 수가 37개였다. 김재윤은 “마지막에는 힘든 줄도 몰랐다. 그냥 세게 던져야 되겠다는 생각밖에 안 들었다”고 말했다. 천성호가 치는 순간, 어떤 생각이 들었을까. 김재윤은 “됐다 싶었다. 잘 맞은 타구이긴 했는데, 바운드도 크긴 했는데, 타구가 좀 빨라서 코스가 딱 정면일 것 같아서 됐다 싶었다. 내야수들이 잘해줬다”고 말했다. 215세이브를 기록한 베테랑이다. 이날 세이브는 잊혀지지 않을 세이브 중 하나일 거다. 김재윤은 “그럴 것 같다. 오늘 긴장도 좀 많이 하고, 첫 타자부터 뭔가 조금씩 비껴가는 볼이 좀 많았다. 또 LG 타선이 강하다 보니까 가운데다 던질 수도 없고, 조금 조심스럽게 던졌던 게 악영향을 끼쳤던 것 같다. 내 템포대로 갔었어야 되는데 첫 타자부터 좀 틀어졌던 것 같다”고 되돌아봤다. 미리보는 한국시리즈, 포스트시즌과 다름없는 경기였다. 김재윤은 “그런 느낌이었다. 오늘 먼저 매 한 번 맞은 느낌이다”고 웃었다. 이어 “잘 마무리해서 다행이다. 긴장 좀 많이 했었는데, 모두 1위로 전반기를 마치고 싶다는 생각이 컸다. 나도 잘 던지고 싶은 마음이 많이 컸다”고 말했다. 3타자 연속 볼넷으로 밀어내기로 실점을 했고, 1사 만루 역전 위기까지 몰렸다. 김재윤은 “내가 계속 볼넷을 줬지만 감독님이 계속 믿어주셔서, 개수가 좀 많아지면서 혹시나 바꿀 수 있지 않을까도 생각했었는데, 감독님께서 안 바꿔 주셔서 감사드립니다. 제가 마무리하고 싶었다”고 말했다. 투구 수가 40개로 다가갔지만, 직구 스피드는 떨어지지 않고 조금 올라갔다. 김재윤은 “마지막에는 힘든 것도 모르고 그냥 세게 세게 던진 것밖에 없다. 무조건 막아야겠다는 생각밖에 안 들었다”고 말했다. 1점 차로 승리하면서 결과적으로 8회말 터진 김영웅의 솔로 홈런이 컸다. 김재윤은 “맞다. 경기 끝나고 영웅이한테 바로 고맙다, 너 때문에 세이브 할 수 있었다고 고맙다고 얘기했다”고 웃으며 말했다. 22세이브로 1위다. 2위 LG 손주영(19세이브)에 3개 앞서 있다. 김재윤은 아직 세이브 타이틀은 한 번도 없다. 김재윤은 “열심히 던지고 있다. 욕심은 당연히 있고, 최대한 열심히 던지고 있다. 일단 30세이브를 먼저 채운 다음에, 그 다음에 더 힘을 내보겠다”고 세이브왕에 대한 욕심도 드러냈다. /orange@osen.co.kr"
2026.07.10 10:52,"4점 리드 날린 한화, 8회 오재원이 다시 깨웠다... NC 추격 뿌리친...",에스티엔,"[STN뉴스] 류승우 기자┃비로 한 차례 멈춘 대전의 밤, 마지막까지 살아남은 쪽은 한화였다. 4점 차 리드가 순식간에 사라지며 분위기를 내줄 뻔했지만 신인 오재원의 방망이가 다시 흐름을 돌렸다. 선발 오웬 화이트가 버틴 마운드와 경기 막판 터진 집중력을 앞세운 한화는 NC의 거센 추격을 따돌리고 전반기를 6위 자리에서 마무리했다. 신인 오재원의 배짱… 대전 승부를 가른 마지막 한 방 한화 이글스가 9일 대전 한화생명볼파크에서 열린 2026 신한 SOL KBO리그 NC 다이노스와 홈경기에서 6-4 승리를 거뒀다. 최근 2연패로 주춤했던 한화는 이날 승리로 시즌 40승 2무 40패, 정확히 승률 5할을 맞추며 전반기를 마쳤다. 순위 경쟁 상대였던 NC와의 맞대결을 잡아내며 6위 자리도 지켰다. 주인공은 신인 오재원이었다. 1번 타자로 선발 출전한 오재원은 경기 초반 선취점 과정부터 이름을 남겼다. 2회말 허인서와 김태연이 만든 기회에서 심우준의 적시타에 이어 오재원까지 안타를 보태며 한화는 먼저 2점을 가져갔다. 장맛비로 경기가 47분간 멈췄지만 흐름은 쉽게 식지 않았다. 5회말에는 심우준의 안타와 NC 수비 실책으로 만들어진 기회에서 다시 오재원이 해결사로 등장했다. 적시타로 한 점을 추가했고, 이후 문현빈의 안타 때 홈까지 밟으며 점수는 4-0까지 벌어졌다. 4점 차도 안심 못 했다… NC 홈런 두 방에 다시 원점 한화 쪽으로 기울던 경기는 화이트가 내려간 뒤 흔들렸다. 한화 선발 오웬 화이트가 5이닝 5피안타 무실점으로 임무를 마치고 내려가자 NC 타선이 깨어났다. 6회초 김형준이 반격의 신호탄을 쐈다. 2사 2루에서 박상원의 시속 150㎞ 직구를 잡아당겨 좌중간 담장을 넘겼다. 시즌 10호 홈런. 동시에 3시즌 연속 두 자릿수 홈런 기록까지 완성한 한 방이었다. NC의 추격은 여기서 멈추지 않았다. 7회초 2사 1루 상황에서 박민우가 동점 투런포를 터뜨렸다. 한화 불펜 조동욱의 슬라이더를 공략했고, 스코어는 순식간에 4-4가 됐다. 조동욱이 이어가던 18경기 연속 무실점 기록도 이 순간 끝났다. 무너질 뻔한 한화 깨운 8회… 오재원이 직접 끝냈다 8회말 2사 이후 심우준이 우전 안타로 살아나갔다. 추가 득점 기회가 거의 사라지는 듯했던 순간, 오재원이 우중간을 가르는 3루타를 터뜨렸다. 1루 주자 심우준이 홈을 밟았고 한화가 다시 5-4로 앞섰다. 승부처에서 나온 신인의 과감한 스윙이었다. 이어 대타 황영묵까지 적시타를 기록하며 오재원이 홈으로 들어왔다. 한화는 한 점 차 불안한 리드를 두 점으로 벌리며 NC의 추격권에서 벗어났다. 마지막 문은 이민우가 닫았다. 9회초 선두 타자에게 안타를 내줬지만 김주원을 병살타로 처리하며 경기를 끝냈다. 화이트의 안정적인 선발 투구, 불펜의 마무리, 그리고 신인 오재원의 결정적인 한 방. 전반기 마지막 경기에서 후반기 경쟁을 앞두고 의미 있는 마침표였다. 한화는 이날 경기를 승리로 마감하며 후반기 순위 싸움을 위한 최소한의 발판을 마련했다. ※STN뉴스 보도탐사팀 제보하기 당신의 목소리가 세상을 바꾸고, 당신의 목소리가 권력보다 강합니다. STN뉴스는 오늘도 진실만을 지향하며 여러분의 소중한 제보를 기다립니다. ▷ 전화 : 1599-5053 ▷ 이메일 : invguest@stnsports.co.kr ▷ 카카오톡 : @stnnews / STN뉴스=류승우 기자 invguest@stnsports.co.kr ▶STN 뉴스 공식 모바일 구독 ▶STN 뉴스 공식 유튜브 구독 ▶STN 뉴스 공식 네이버 구독 ▶STN 뉴스 공식 카카오톡 구독"
2026.07.10 10:49,유소년 야구 꿈나무들 한자리에…제3회 마이데일리배 전국대회 열려,세계일보,"유소년 야구 꿈나무들이 자신의 기량을 마음껏 펼칠 무대가 마련됐다. ‘제3회 마이데일리배 전국유소년야구대회’가 17일부터 21일까지 강원도 횡성군 횡성베이스볼테마파크에서 열린다. 이번 대회는 전국 각지의 대한유소년야구연맹 유소년 선수들이 참가해 자웅을 겨룬다. 주니어리그(16세 이하), 유소년리그(13세 이하), 꿈나무리그(11세 이하), 새싹리그(9세 이하), U12로 나눠 우승팀을 가린다. 유소년들의 야구 축제인 만큼 각종 이벤트도 준비됐다. ‘스피드킹 콘테스트’, ‘홈런더비 콘테스트’ 가 열리고 이번 대회 ‘제구왕 콘테스트’가 새롭게 선보인다. 제3회 마이데일리배 전국유소년야구대회는 마이데일리가 주최하고, 대한유소년야구연맹이 주관합니다. 횡성군, 횡성군체육회, 국민체육진흥공단, 한국도핑방지위원회, 한국스포츠레저(주), 한미사이언스, 스포페이, 애플라인드, 한강식품, 스포노베이션, 메디앳, 유니시티코리아, 글로우핏, 보령헬스케어에서 후원한다. 송용준 선임기자 eidy015@segye.com"
2026.07.10 10:47,류현진 한미 200승부터 전반기 최다 관중까지…기록 쏟아진 2026 KB...,스포츠투데이,"[스포츠투데이 이상필 기자] 2026 신한 SOL KBO 리그 전반기가 막을 내렸다. 올 시즌에는 전반기부터 다양한 기록들이 쏟아지며 야구 팬들의 시선을 사로 잡았다. ▲ SSG 박성한 개막 이후 22경기 연속 안타 신기록 박성한은 개막전이었던 3월 28일 문학 KIA전부터 22경기 연속 안타를 기록, 1982년 김용희(롯데)가 가지고 있던 개막 18경기 연속 안타 기록을 넘어서며 신기록을 작성했다. 박성한은 3-4월 27경기에서 45안타를 몰아치며 타율 0.441, 출루율 0.543을 기록하며 생애 첫 월간 MVP까지 거머쥐었다. ▲ 삼성 강민호 역대 최초 2500경기 출장 강민호는 지난 4월 1일 대구 두산전에 선발 포수 마스크를 쓰며 KBO 최초 2500경기 출장을 달성했다. 2004년 롯데에서 프로 데뷔를 알린 강민호는 롯데와 삼성을 거치며 줄곧 주전 포수로 활약했다. 2024년 3월 28일 잠실 LG전에서 2238번째 경기를 치러 KBO 통산 최다 경기출장 신기록을 작성했고, 이후로도 꾸준히 그 숫자를 늘린 끝에 2500경기 출장을 이뤄냈다. ▲ 한·미 넘나든 류현진의 신기록 행진 '코리안 몬스터' 한화 류현진은 지난 4월 7일 문학 SSG전에서 통산 7번째이자 최고령(39세13일), 최소경기(246경기) 1500탈삼진을 기록했다. 이어 5월 24일 대전 두산전에서는 한·미 통산 200승 위업을 달성했다. 류현진은 한·미 통산 2500탈삼진에도 단 한 개의 탈삼진만 남겨뒀다. 류현진이 이 기록을 달성하게 되면, 프로 통산 2500탈삼진 고지를 밟은 유일한 국내 투수로 이름을 남기게 된다. ▲ '최고령 선수' 삼성 최형우의 기록 열전 1983년생 최형우는 개막전이었던 지난 3월 28일 대구 롯데전부터 역대 최고령 출장 및 안타(42세 3개월 12일) 기록을 모두 새로 썼다. 이어 3월 31일 대구 두산전에서 최고령 홈런(42세 3개월 15일), 6월 24일 잠실 LG전에서 최고령 도루(42세 6개월 8일) 등 각종 최고령 기록의 주인공이 됐다. 5월 10일 창원 NC전에서는 리그 최초 4500루타 고지를 점령했다. 5월 31일 대구 두산전에서는 최초의 1000장타(2루타 553개, 3루타 20개, 홈런 427개)를 기록했고, 7월 1일 창원 NC전에서는 최정을 잇는 역대 2번째 19시즌 연속 두 자릿수 홈런을 달성했ㄷ. ▲ SSG 최정 최초 21시즌 연속 두 자릿수 홈런 지난해 KBO 리그 최초의 500홈런을 기록한 SSG 최정의 기록 수립이 올해도 이어진다. 지난 5월 12일 수원 KT전 시즌 10호 홈런으로 최초의 21시즌 연속(2006-2026년) 두 자릿수 홈런을 작성했다. 이어 7월 1일에는 최형우(삼성)에 이어 역대 2번째 4500루타까지 달성했다. 전반기 19홈런을 기록한 최정은 홈런 1개만 추가하면 최초의 11시즌 연속 20홈런도 기록할 수 있다. ▲ 연달아 터진 육성선수 출신 데뷔 첫 경기 선발승 한화 육성선수 출신 박준영(68번)은 지난 3-4월 퓨처스 루키상을 따내며 가능성을 보인 끝에 지난 5월 10일 대전 LG전에서 감격의 1군 데뷔전을 치렀다. 5이닝 무실점 호투와 함께 육성선수 출신 최초의 데뷔전 선발승이라는 값진 기록을 쌓았다. 삼성 김백산도 존재감을 뽐냈다. 김백산은 7월 2일 창원 NC전에서 5.2이닝 무실점 호투로 육성선수 출신 2번째 데뷔전 선발승을 만들어냈다. 2025년 삼성 육성선수로 등록된 잊지 못할 데뷔전으로 눈도장을 찍었다. ▲ SSG가 쏟아낸 홈런 진기록 장타력을 앞세운 SSG가 전반기에 다양한 홈런 기록을 남겼다. 지난 6월 20일 창원 NC전이었다. 올해 SSG 유니폼을 입은 거포 김재환이 시즌 첫 번째, 통산 59번째이자 자신의 첫 3연타석 홈런으로 눈도장을 찍었다. 김재환이 솔로, 투런, 만루홈런을 기록한 가운데, 김성욱이 스리런포를 더한 SSG는 통산 24번째 팀 사이클링 홈런이라는 진기록까지 작성했다. 고명준이 김재환의 바통을 받았다. 7월 3일 문학 삼성전의 2연타석 홈런에 이어 4일 문학 삼성전 첫 타석에서도 홈런을 추가해 시즌 2번째, 통산 60번째 그리고 자신의 첫 번째 3연타석 홈런을 기록했다. 프랜차이즈 최연소 3연타석 홈런(23세 11개월 26일)을 세우며 존재감을 각인시켰다. ▲ LG 오스틴, 외국인 타자 9번째 100홈런 & 5번째 4시즌 연속 20홈런 오스틴이 KBO 리그 역사에서 손꼽히는 외국인 타자로 거듭났다. 지난 6월 2일 수원 KT전에서 시즌 14호포를 터뜨리며 외국인 타자 9번째로 KBO 리그 통산 100홈런 고지를 밟았다. 흐름을 이어간 오스틴은 6월 16일 광주 KIA전에서 20호 홈런을 쏘아올리며 4시즌 연속 20홈런을 써냈다. 우즈(전 두산), 로맥(전 SSG), 데이비스(전 한화), 로하스(전 KT)를 잇는 외국인 타자 5번째 대기록이다. ▲ LG 김진성 최고령 800경기출장 LG의 김진성이 베테랑의 가치를 보여줬다. 지난 6월 17일 광주 KIA전에 등판하며 통산 7번째 800경기 출장을 달성했다. 특히 41세 3개월 10일의 나이로 이 기록을 달성해 가득염(SK)이 가지고 있던 종전 최고령 800경기 출장 기록을 갈아치웠다. 한편, 김진성은 KBO 리그 통산 홀드 부문에서도 176홀드로 안지만(177홀드)에 이어 2위다. 1개의 홀드만 추가하면 통산 홀드 공동 1위로 올라갈 수 있다. ▲ KBO 리그 전반기 최다 관중 신기록 2026 신한 SOL KBO 리그는 팬들의 뜨거운 열기 속에 진행되고 있다. 7월 9일까지 열린 424경기에 763만 3775명의 관중을 동원하며 지난해 기록한 역대 전반기 최다 관중 기록(758만 228명)을 새로 썼다. 또한 100만 관중부터 700만 관중 돌파까지 매번 역대 최소 경기 신기록을 작성하며, 역대 최다 관중(1231만 2519명)을 기록한 지난해보다 더 빠른 속도를 보이고 있다. 평균 관중은 1만 8004명으로 지난해 대비 7% 증가했으며, 424경기 중 약 55%에 달하는 231경기를 매진시키며 전반기 좌석 점유율 87.1%를 기록했다. [스포츠투데이 이상필 기자 sports@stoo.com]"
2026.07.10 10:46,‘최다 선정 2위’ 양의지 MVP 도전-최형우·류현진·최정 베테랑의 힘-...,스포츠서울,"[스포츠서울 | 김동영 기자] 잠실구장에서 열리는 14번째이자 마지막 별들의 축제인 2026 KBO 올스타전이 하루 앞으로 다가왔다. 프로야구 원년인 1982년 준공돼 한국 야구 역사와 함께해 온 잠실구장과의 작별을 준비하는 올스타전의 주요 관전 포인트를 짚어봤다. ◇통산 최다 올스타 선정 2위 두산 양의지, 개인 2번째 ‘미스터 올스타’도 도전장 두산 양의지는 팬 투표 최다 득표 신기록(260만5510표)을 세우며 통산 15번째 올스타에 선정됐다. 삼성 양준혁 강민호와 함께 최다 선정 공동 2위가 됐다. 1위는 KT 김현수(16회)다. 기세를 이어 개인 두 번째 올스타전 MVP를 노린다. 양의지는 코로나로 인해 언택트 올스타 레이스로 펼쳐진 2020년 올스타전에서 한국야구기자회 소속 기자단 투표 총 82표 중 65표를 획득해 첫 ‘미스터 올스타’에 선정됐다. 이번 축제에서 다시 MVP에 오르면 역대 KBO 올스타전에서 두 차례 MVP를 수상한 6번째 선수가 된다. 앞서 김용희(1982, 1984년), 박정태(1998, 1999년), 정수근(2004, 2007년), 이대호(2005, 2008년), 홍성흔(2006, 2010년)만이 이 기록을 가지고 있다. 양의지를 비롯해 이번 올스타전에 함께 출전하는 최정(2017년 MVP), 최형우(2024년 MVP)도 2번째 수상을 노린다. ◇별들의 축제 빛낼 베테랑들의 품격 오랜 기간 KBO리그를 누비는 베테랑들이 잠실 마지막 올스타전을 함께 한다. 야수 중에서는 삼성 최형우의 이름이 눈에 띈다. 1983년 12월16일생인 최형우는 이미 올해 정규시즌 최고령 출장, 안타, 홈런, 도루 기록 등을 새로 썼다. 7월11일 기준, 42세6개월25일인 최형우는 올스타전에서도 각종 기록을 겨냥한다. 양준혁(삼성, 이스턴)이 2010년 올스타전에서 세운 최고령 출장과 홈런(41세1개월28일) 기록을 경신할 수 있다. 마운드에서는 류현진의 존재감이 남다르다. 2009년 이후 17년 만에 감독추천선수로 올스타전을 맞이한다. 메이저리그(ML)에서 KBO리그로 복귀한 이후로는 2번째로 나서는 별들의 축제다. 앞서 2024년에 올스타전 최고령 승리(37세3개월11일) 기록을 세운 류현진은 39세3개월16일의 나이로 맞이하는 이번 올스타전을 통해 또 한 번 새로운 기록 수립에 도전한다. 이외에도 3루수 역대 최다인 10회 베스트에 선정된 최정(SSG)도 감독추천선수 출전 포함 개인 14번째 올스타전을 준비한다. 구자욱도 어느새 11번째 올스타에 선정되며 9번째 출전을 앞두고 있다. ◇올스타 샛별들 대거 합류, 올스타 첫 출전선수 27명 별들의 축제에 처음 합류하는 수많은 선수가 잠실 올스타전 고별전을 준비한다. 드림, 나눔을 통틀어 데뷔 첫 올스타전에 나서는 선수만 총 27명으로 전체 출전 명단의 절반을 넘겼다. 선발 맞대결부터 눈에 띈다. 리그를 대표하는 우완 파이어볼러 곽빈(두산)이 데뷔 8년 만에 첫 올스타전에 나선다. 나눔 선발 아담 올러(KIA)는 지난해 감독추천선수로 이름을 올렸다가 부상으로 출전이 불발된 아쉬움을 씻는다. 박준현(키움)은 감독추천선수에 이름을 올려 올해 유일한 고졸신인으로 올스타전을 누비고, 대졸 선수로는 박정민(롯데)이 데뷔 첫해부터 출전 영광을 안았다. 키움 마무리 투수로 활약하는 나가토모 유토는 첫 시즌부터 두 자릿수 세이브를 올리는 활약과 함께 아시아쿼터 선수로는 유일하게 이번 올스타전에 나선다. 이외에도 최원준(KT)이 10년 만에 감격스러운 첫 올스타 출전을 앞뒀다. 잠실을 홈구장으로 사용하는 박준순(두산) 우강훈 구본혁 문성주 송찬의(이상 LG)도 올스타전에 처음 출전해 잠실의 뜻깊은 마지막을 기념할 예정이다. ◇역대 상대 전적 5승 4패, 5연승 노리는 나눔 올스타 vs 연패 탈출 다짐하는 드림 올스타 2015년부터 펼쳐진 드림과 나눔의 맞대결에서는 나눔이 5승4패(2020, 2021년 코로나로 미개최)로 미세한 우위를 점하고 있다. 특히 2022년부터 4연승을 내달리며 불리했던 상성을 뒤집었다. 지난해에도 4타수 3안타 3타점 1홈런으로 MVP에 오른 LG 박동원과 쐐기 홈런을 터뜨린 KIA 김태군 등의 활약으로 8-6 승리를 거뒀다. 올해도 기세를 이어 5연승에 도전한다. 드림 올스타도 물러서지 않는다. 2019년 당시 새로 개장한 창원NC파크에서 거둔 9-7 승리 이후 7년 만의 승리를 노린다. raining99@sportsseoul.com"
2026.07.10 10:43,78억 FA 충격 2군행→왜 1루수 걱정 사라졌나…‘타율 0.429’ 보...,OSEN,"[OSEN=잠실, 이후광 기자] 1루수 양석환이 거듭된 부진 속 2군으로 내려갔는데 두산은 오히려 1루수 걱정을 지웠다. 강승호가 등장해 미친 타격감을 과시하며 주전 1루수 자리를 꿰찼기 때문이다. 프로야구 두산 베어스 내야수 강승호는 지난 9일 서울 잠실구장에서 열린 2026 신한 SOL KBO리그 SSG 랜더스와의 전반기 최종전에 9번 1루수로 선발 출전해 3타수 2안타(1홈런) 2타점 1득점 1볼넷 활약하며 팀의 7-0 완승 및 5연속 위닝시리즈를 이끌었다. 첫 타석부터 홈런을 터트렸다. 2-0으로 앞선 2회말 2사 1루를 맞이한 강승호는 볼카운트 1B-1S에서 SSG 선발 토마스 해치의 3구째 가운데로 몰린 슬라이더(138km)를 공략, 비거리 135m 좌월 홈런을 쏘아 올렸다. 3일 고척 키움전 이후 엿새 만에 나온 시즌 6번째 홈런이었다. 강승호는 이에 그치지 않고 4회말 좌전안타, 8회말 볼넷을 추가하며 2경기 연속 3출루 경기를 치렀다. 강승호는 경기 후 “시즌 초반 우여곡절이 있었지만, 좋은 감으로 전반기를 잘 마무리한 것 같다. 사이클이 좋을 때 쉬는 게 아쉽지는 않다. 오히려 좋은 타이밍에 잘 쉬는 것 같다”라고 전반기 유종의 미를 거둔 소감을 전했다. 강승호의 말대로 그의 전반기는 우여곡절의 연속이었다. 4월 월간 타율 1할9푼4리, 6월 1할에 머무르면서 두 차례 2군행을 통보받았고, 7월의 첫날 4타수 무안타 침묵하며 시즌 타율이 2할8리까지 떨어졌다. 강승호는 2일 잠실 롯데 자이언츠전 2안타(1홈런) 2타점을 계기로 감을 되찾은 뒤 7월 8경기에서 타율 4할2푼9리 3홈런 14타점 9득점 맹타를 휘두르는 반전을 이뤘다. 시즌 타율이 2할5푼5리로 껑충 뛰어오른 이유다. 강승호는 “슬럼프는 많은 훈련과 가족으로 이겨내고자 했다. 야구장에서 내가 할 수 있는 모든 걸 쏟아낸 뒤 집에서 사랑하는 아내와 아이들을 보며 회복을 했다. 훈련과 가족 덕분이다”라고 반등 비결을 전했다. 주전 1루수를 꿰찬 만큼 1루 수비에도 각별한 노력을 기울이고 있다. 강승호는 “타격도 중요하지만, 수비에서 내 역할에 신경을 쓰고 있다”라며 “경험이 적은 젊은 선수 두 명(안재석, 박준순)이 내야에 포진해있기 때문에 포구에 더 집중한다. 나 역시 송구를 잘못했던 경험이 있는데 그때마다 (양)석환이 형을 비롯한 1루수들이 잘 잡아준 덕분에 다음 수비에 집중할 수 있었다. 말보다는 몸으로 후배들에게 도움이 되고 싶다”라고 선배미를 뽐냈다. 타격감이 좋은 상황에서 휴식기가 찾아왔지만, 아쉬움은 없다. 엿새의 휴식을 발판 삼아 지금보다 더 좋은 퍼포먼스로 팀에 보탬이 되고 싶다. 강승호는 “지금의 감이 식지 않도록 브레이크 기간에도 잘 쉴 예정이다. 후반기 첫 경기부터 나도, 우리 팀도 더 높은 위치까지 올라갈 수 있도록 최선을 다하겠다”라고 남다른 각오를 다졌다. /backlight@osen.co.kr"
2026.07.10 10:41,KBO 전반기 역대 최다 관중…1300만 넘나,한겨레,"올해도 프로야구 열기는 뜨거웠다. 2026시즌 프로야구가 역대 최다 관중 신기록을 쓰며 전반기를 마쳤다. 한국야구위원회(KBO)는 “9일 열린 경기까지 전반기 424경기에 총 763만3775명 관중이 입장했다. 이는 전반기 최다 관중 기록인 지난해 440경기 758만228명보다 7% 증가한 수치”라며 “100만 관중부터 700만 관중 돌파까지 매번 역대 최소 경기 신기록을 작성하며, 역대 최다 관중을 기록한 지난해보다 더 빠른 속도를 보이고 있다”고 10일 밝혔다. 올 시즌 전반기 평균 관중은 1만8004명으로 지난해 1만7228명보다 많다. 특히 424경기 중 약 55%에 달하는 231경기를 매진시키며 전반기 좌석 점유율은 87.1%를 기록했다. 실제 장마가 계속된 9일에도 대구(LG 트윈스-삼성 라이온즈·2만4000명)와 사직(기아 타이거즈-롯데 자이언츠·2만3200명)에는 만원 관중이 몰려들었고, 잠실(SSG 랜더스-두산 베어스·1만2961명)과 대전(NC 다이노스-한화 이글스·1만3805명)에도 많은 팬들이 경기장을 찾았다. 구단별로 보면, 엘지는 전반기 안방 43경기 중 35경기를 매진시키며 10개 구단 중 유일하게 관중 100만명(100만8068명·평균 2만3443명)을 돌파했다. 전반기를 1위로 마친 삼성도 안방 42경기 중 33경기를 매진시키며, 97만6271명(평균 2만3245명)을 기록했다. 좌석 점유율은 99.2%로 가장 높았다. KBO리그는 2024년 1000만 관중 고지를 처음 밟은 뒤, 지난 시즌엔 역대 최고인 1200만 관중을 돌파했다. 지난해 정규리그 최종 관중 수는 1231만2519명이었는데, 올해는 이 기록을 깰 가능성이 크다. 단순 계산상 지금 추세가 이어질 경우 올 시즌 총 1296만여명의 관중이 야구장을 찾을 것으로 예상된다. 시즌 막판 순위 경쟁이 본격화되면 역대 최초로 1300만 관중 돌파도 노려볼 만한 기세다. 참고로 10개 구단 입장 수입은 전반기 1400억원을 넘어섰다. 뜨거운 전반기를 마친 KBO리그는 이날부터 올스타 브레이크에 돌입했다. 11일 서울 잠실구장에서 올스타전을 치른 뒤, 닷새간 재정비 시간을 갖고 오는 16일부터 후반기를 시작한다. 손현수 기자 boysoo@hani.co.kr"
2026.07.10 10:41,"“유격수 제가 장담하는데요, 잡는 건 3루수보다…” 김도영도 2027 유...",마이데일리,"[마이데일리 = 부산 김진성 기자] “유격수는 제가 장담하는데요, 잡는 건 3루수보다 쉽지 않을까요.” KIA 타이거즈 간판스타 김도영은 전반기 622.2이닝 동안 단 3개의 실책만 범했다. 자신보다 많은 이닝을 소화한 12명의 선수 중 3실책 이하 선수는 팀 동료 김호령, 정수빈(두산 베어스), 박해민(LG 트윈스), 정준재(SSG 랜더스) 등 4명이다. 상대적으로 실책이 적은 외야수 3명을 빼면, 전반기에 김도영은 정준재와 함께 가장 안정적인 내야 수비를 한 선수였다. 피 나는 노력의 산물이다. 올 시즌을 준비하면서 정말 수비훈련을 많이 했다. 햄스트링 재활을 사실상 마치고 개인적으로도 수비훈련을 많이 했다. 올해 3루수 수비상에 도전할 만하다. 골든글러브도 유력하다. 김도영은 9일 부산 롯데 자이언츠전을 마치고 “정말 펑고를 많이 받았다. 몸이 3루에 적응이 끝났다고 정확히 말하고 싶다. 연습을 정말 많이 하다 보니까 타구가 오면 다리가 저절로 움직인다. 글러브를 대면 공이 들어와 있다. 그런 상황이 반복되고 있고, 실책도 안 나오고 결과가 좋다 보니까 수비에 자신감을 얻었다”라고 했다. 그런 김도영은 2027시즌 주전 유격수에 도전한다. 이범호 감독은 박찬호(두산 베어스)가 떠난 뒤 고심 끝에 김도영의 유격수 전환을 결심했다. 단, 올해는 징검다리 시즌으로 여겼다. 올해는 김도영의 건강한 복귀 및 건재를 확인하면 된다고 생각했다. 제리드 데일이 실패한 카드가 됐지만, 박민과 김규성, 정현창이 나름대로 유격수를 잘 맡아오고 있다. 단, 이들의 공격력이 아무래도 살짝 떨어지는 측면이 있다. 이범호 감독이 궁극적으로 김도영의 유격수 전환이 필요하다고 보는 이유다. 이젠 유격수도 수비만 잘 하면 안 되는 시대이긴 하다. 김도영은 고교 시절까지 유격수를 봤다. 단, 프로에서 타자들의 타구를 많이 안 받아봤다. 유격수 움직임에 다시 적응하고, 타구에 적응하는 시간이 필요하다는 게 이범호 감독 견해다. 이범호 감독은 시즌 후 마무리훈련 기간엔 김도영을 푹 쉬게 하고, 내년 스프링캠프에서 본격적으로 유격수 훈련을 시킬 방침이다. 김도영은 감독의 지시라면 당연히 언제든 따라야 한다는 생각이다. 유격수에 대한 욕심도 당연히 있다. 그는 “유격수는 제가 장담하기에…3루수보다 잡는 것은 더 쉽지 않을까. 그렇게 생각한다”라고 했다. 앞뒤로 많이 움직이는 3루수와 달리, 유격수는 앞뒤에 좌우로도 많이 움직여야 한다. 그러나 김도영은 자신있다. 김도영은 “항상 수비 연습을 많이 했기 때문에 기대된다”라고 했다. 내년 스프링캠프에서 지옥의 수비훈련을 소화할 각오가 돼 있다. 건강하면 KBO리그 유격수 판도까지 바꿀 수 있다."
2026.07.10 10:40,"고우석, 드디어 30번째 한국인 메이저리그 됐다…빅리그 데뷔전 1이닝 1...",세계일보,"오랜 도전에 나섰던 고우석(미네소타 트윈스)이 드디어 빅리그 마운드에 오르며 30번째 한국인 메이저리거가 됐다. 고우석은 10일(한국시간) 미국 미네소타주 미니애폴리스 타깃필드에서 열린 2026 미국프로야구 메이저리그(MLB) 클리블랜드 가디언스와 홈 경기 2-4로 뒤진 9회초에 등판해 1이닝 1피안타(1피홈런), 1탈삼진, 1실점을 기록했다. 이로써 고우석은 1994년 박찬호 이후 MLB 정규시즌 경기 잔디를 밟은 30번째 한국인 빅리거가 됐다. 투수로는 16번째이고, 2021년 텍사스 레인저스 소속으로 빅리그 무대에 선 양현종(KIA) 이후 5년 만이다. KBO리그 LG의 마무리 투수로 활약하던 고우석은 2024년 샌디에이고 파드리스와 2+1년 최대 총액 940만 달러(약 141억7000만원)에 계약했으나 마이너리그를 전전하다 그해 5월 트레이드를 통해 마이애미 말린스로 이적했다. 그는 이적 한 달도 안 돼 방출 대기(DFA·designated for assignment) 신분이 된 뒤 마이너리그로 이관됐다. 2025년엔 완전히 방출된 뒤 디트로이트 타이거스와 마이너리그 계약을 맺었고, 그해 11월 다시 방출됐으나 한 달여 만에 디트로이트와 다시 마이너리그 계약을 맺었다. 그리고 이달 초 현금 트레이드를 통해 미네소타로 이적한 뒤 지난 8일 빅리그 26인 로스터에 이름을 올렸고, 10일 경기에서 마침내 꿈을 이뤘다. 고우석은 이날 코디 펀더버크의 뒤를 이어 팀의 4번째 투수로 등판했다. 첫 상대 타자는 대니얼 슈니먼을 상대로 초구 시속 93.6마일(150.6㎞)의 직구로 자신의 빅리그 경력을 시작했다. 슈니먼을 4구째 스플리터로 1루 땅볼로 잡은 고우석은 후속 타자 패트릭 베일리와는 아쉬운 대결을 펼쳤다. 볼카운트 1볼에서 던진 2구째 몸쪽 슬라이더를 베일리가 강타했고, 공은 우측 담장을 넘어가며 MLB 데뷔전에서 첫 피홈런을 기록했다. 그래도 고우석은 다시 마음을 다잡고 다음 상대 스티븐 콴을 풀카운트 싸움을 펼치다 10구째 스플리터로 헛스윙 삼진을 잡았다. 이어 트래비스 바자나를 2구째 직구로 1루 땅볼을 유도해 아웃 처리하며 이닝을 마무리했다. 이날 고우석의 투구 수는 18개(직구 9개·스플리터 6개·슬라이더 3개), 직구 최고 구속은 시속 95.7마일(약 154㎞)을 찍었다. 미네소타는 9회말 마지막 공격에서 경기를 뒤집지 못하고 2-5로 패했다. 송용준 선임기자 eidy015@segye.com"
2026.07.10 10:39,‘전반기 너 때문에 웃었다’③ 롯데 김진욱-SSG 김민준-키움 안우진 전...,스포츠경향,"주축 선수들의 부상, 부진이 속출한 2026시즌 KBO리그 전반기. 치열한 순위 경쟁에서 깜짝 스타들의 활약이 유독 두드러졌다. 큰 기대가 없었던 백업, 이적생, 신인, 부상 복귀 선수 등이 활력소가 되면서 팬들을 열광시켰다. 아울러 시즌 레이스에도 중요한 변수로 작용했다. ■롯데 김진욱 김진욱은 롯데팬들에게 ‘사직 스쿠발’로 불린다. 전반기 활약은 미국 메이저리그에서 2년 연속 사이영상을 수상한 스쿠발과 비교될 만큼 임팩트가 있었다. 롯데는 최근 몇 년간 5선발을 찾지 못해 로테이션 운용에 어려움을 겪었다. 김진욱이 그 해답이 됐다. 2021년 데뷔해 만년 유망주에만 머물렀던 그는 올 시즌 자신을 향한 물음표를 느낌표로 바꿨다. 스프링캠프에서 김태형 감독의 눈도장을 받은 김진욱은 선발로 88.2이닝을 던지며 5승(3패)을 따내 자신의 시즌 최다승, 최다 이닝 기록을 갈아치웠다. 이같은 활약으로 시즌 목표 중 하나인 아시안게임 엔트리에도 승선에도 성공했다. ■SSG 김민준 SSG는 선발진의 부진으로 전반기를 9위로 마감했다. 핵심 전력인 외국인 투수들이 기대에 미치지 못했고, 토종 선발 두 축인 김건우와 최민준의 난조도 길어졌다. 마운드 재정비로 후반기 성적 반등을 꾀하는 SSG에 김민준이 다크호스로 떠올랐다. 고졸 신인 우완 김민준은 자신의 프로 5번째 등판이던 지난 7일 잠실 두산전에서 6이닝 4피안타 무실점으로 생애 첫 퀄리티스타트를 달성하며 팀의 9연패를 끊는 귀한 승리를 따냈다. 김민준은 씩씩하게 자신의 공을 던지는 기대주로 평가받았다. 다만 1군 무대에 대한 적응력이 관건이었는데, 다행히 경기를 거듭하며 점차 좋은 성적을 보였고 자신의 인생투로 전반기를 마감했다. 이숭용 SSG 감독은 “막내가 아닌 베테랑 에이스 같은 투구를 보여줬다”며 “앞으로도 팀 마운드를 책임질 진정한 에이스로 성장해 나가길 기대한다”고 했다. ■키움 안우진 안우진이 군 복무, 두 번의 수술과 재활까지 오랜 공백을 지우고 마운드에 올랐다. 전반기는 13경기 2승 5패 56이닝 74탈삼진 평균자책 3.70의 성적으로 마쳤다. 15승(8패 196이닝) 평균자책 2.11을 기록한 2021시즌의 경기력은 아니지만 복귀 첫 시즌을 무리없이 소화했다. 구위 자체는 최상급이지만, 경기 운영 등 실전 감각을 완전히 회복하지 못한 모습이다. 선발 재편을 통해 탈꼴찌를 노리는 키움 입장에서는 안우진의 부활에 거는 기대가 클 수밖에 없다. 이정호 기자 alpha@kyunghyang.com"
2026.07.10 10:34,'역사상 최초 22연속 안타 → 21년 대기록까지' 3위로 시작해 9위로...,스포츠조선,"[스포츠조선 나유리 기자]비록 3위에서 9위까지 미끄러지며 전반기를 마쳤지만, 자부심은 있었다. 전반기 KBO리그 대기록을 SSG 랜더스가 여러 차례 달성했다. KBO리그는 10일부터 올스타 브레이크에 돌입한다. 11일 올스타전에서 리그를 대표하는 스타 선수들이 모여 팬들과 함께하는 시간을 보내고, 짧은 휴식기를 맞이한다. KBO리그는 16일부터 다시 후반기 페넌트레이스에 돌입한다. 전반기 가장 충격적인 추락을 한 팀은 SSG 랜더스다. 5월초까지 팀 순위 3위를 기록했던 SSG는 5월 중순 13연패를 시작으로 투타 동반 부진을 겪으면서 9위까지 추락했다. 전반기 막판 9연패에 빠지는 등 승률을 끌어올리지 못했고, 이제 휴식 이후 후반기 반등을 노려야하는 상황이다. 그러나 그래도 자존심은 세웠다. KBO의 전반기 결산에서 SSG는 여러 차례 리그 대기록을 달성한 주인공이다. 시작은 박성한이었다. SSG의 주전 유격수인 박성한은 개막 초반 팀의 상승세를 이끈 원동력이었다. 박성한은 정규 시즌 개막전이었던 3월 28일 인천 KIA 타이거즈전부터 안타 행진을 시작해 22경기 연속 안타를 쳐냈다. KBO리그 최초 기록이었다. 1982년 롯데 자이언츠 김용희가 가지고 있던 개막 이후 18경기 연속 안타 기록을 뛰어넘어 신기록의 주인공이 됐다. 또 박성한은 3~4월 27경기에서 45안타를 몰아치며 타율 4할4푼1리, 출루율 0.543 등으로 활약해 생애 첫 월간 MVP까지 수상했다. SSG의 자부심, '리빙 레전드' 최정 역시 올해도 대기록 작성을 이어갔다. KBO 통산 최다 홈런 기록 보유자이기도 한 최정은 지난해 리그 최초로 500홈런까지 달성했다. 그리고 올해에는 사상 최초 21시즌 연속 두자릿수 홈런 기록을 이어갔다. 최정은 5월 12일 수원 KT 위즈전에서 시즌 10호 홈런을 쏘아올렸는데, 무려 21년 연속 두자릿수 홈런을 달성한 리그 역사상 유일한 선수다. 프로 2년차였던 2006년 12개 홈런을 터뜨리며 '소년 장사'의 시작을 알렸던 최정은 올해까지 21년 연속 이 기록을 이어왔다. 또 7월 1일에는 삼성 라이온즈 최형우에 이어 역대 두번째로 4500루타 대기록까지 세웠다. 전반기 19홈런을 기록한 최정은 홈런 1개만 추가하면 최초의 11시즌 연속 20홈런도 기록할 수 있다. 홈런 기록의 주인공은 최정만은 아니었다. SSG는 지난 6월 20일 창원 NC 다이노스전에서 팀 사이클링 홈런이라는 진귀한 기록도 세웠다. 김재환이 시즌 첫번째, 통산 59번째이자 자신의 데뷔 첫 3안타석 홈런을 터뜨리며 시작을 알렸다. 김재환은 당시 첫 타석 솔로 홈런, 두번째 타석 투런 홈런, 세번째 타석 만루 홈런을 기록했다. 이어 김성욱이 3점 홈런을 더하면서 통산 24번째 팀 사이클링 홈런 대기록을 세울 수 있었다. 기록은 또 이어졌다. '거포 기대주' 고명준이 7월 3일 인천 삼성전 2연타석 홈런에 이어 다음날인 4일 삼성전 첫 타석에서 홈런을 또 치면서, 3연타석 홈런을 기록했다. 올 시즌 두번째, 통산 60번째이자 자신의 데뷔 첫번째 3연타석 홈런이었다. 또 전신 SK 와이번스를 포함해 프랜차이즈 역대 최연소 3연타석 홈런(23세11개월26일) 기록까지 세웠다. 나유리 기자 youll@sportschosun.com"
2026.07.10 10:32,'최고 154km' 빅리거 고우석의 강렬한 MLB 데뷔전...편한 길 마...,더게이트,"[더게이트] ""평생 후회했을 게 분명했다. 마이너리그 계약이었지만, 일단 버텨서 꿈을 이뤄보자고 결심했다."" 빅리그 문이 열릴 만하면 부상이 찾아왔고, 잘 던지다가 크게 무너지거나 소속팀에서 방출당하는 아픔도 겪었다. 나중엔 아무리 잘 던져도 콜업 전화가 걸려오지 않는 시간이 길었다. 굳게 닫힌 것처럼 보인 메이저리그의 문, 그래도 고우석은 포기하지 않고 두드렸다. 2년 8개월의 도전 끝에, 고우석이 마침내 메이저리그 마운드를 밟았다. 고우석은 10일(한국시간) 미국 미네소타주 미니애폴리스 타깃필드에서 열린 2026 메이저리그 클리블랜드 가디언스와의 홈경기에 팀의 네 번째 투수로 등판해 빅리그 데뷔전을 치렀다. 팀이 2대 4로 뒤진 9회초 마운드에 오른 고우석은 1이닝 동안 18개의 공을 던지며 1피안타(1피홈런) 1탈삼진 1실점을 기록했다. 패스트볼 최고 구속은 시속 95.7마일(약 154km/h)까지 찍혔다. 미네소타는 이날 2대 5로 패했다. 베일리에게 솔로포 허용, 그러나 흔들리지 않았다 출발은 산뜻했다. 첫 타자 대니얼 슈니먼을 상대로 4구째 스플리터로 1루 땅볼을 유도하며 데뷔 첫 아웃카운트를 잡아냈다. 그러나 후속 타자 패트릭 베일리에게 던진 몸쪽 슬라이더가 가운데로 몰리며 우측 담장을 넘어가는 솔로 홈런을 내줬다. 지난 5월까지 샌프란시스코 자이언츠에서 뛰다 트레이드된 베일리는 고우석의 처남 이정후와 한솥밥을 먹었던 선수이기도 하다. 실점 이후에도 고우석은 흔들리지 않았다. 메이저리그에서 가장 정교한 타자이자 삼진 잡기가 까다롭기로 유명한 스티븐 콴을 상대로 풀카운트 승부 끝에 낙차 큰 스플리터로 헛스윙 삼진을 솎아냈다. 이어 호주 대표팀 소속으로 지난 3월 WBC(월드베이스볼클래식)에서 한국과 맞붙었던 특급 유망주 트래비스 바자나를 1루 땅볼로 돌려세우며 데뷔전을 마무리했다. 1이닝은 짧은 시간이지만 마운드에 선 고우석의 머릿속엔 지난 2년 8개월이 주마등처럼 스쳐갔을 법하다. 2023년 LG 트윈스의 한국시리즈 우승을 이끈 뒤 포스팅 시스템을 통해 미국 진출을 타진한 고우석은 샌디에이고 파드리스와 계약하며 미국 땅을 밟았다. 그러나 스프링 트레이닝 경쟁에서 밀려 시즌 개막을 앞두고 마이너리그로 강등됐고, 2024년 5월 4일 루이스 아라에스 트레이드에 엮여 마이애미 말린스로 이적했다. 마이애미에서도 빅리그의 벽은 높았다. 산하 트리플 A와 더블A를 전전하던 고우석은 2025시즌을 앞두고 오른쪽 검지 골절이라는 악재까지 겹쳤고, 결국 그해 6월 방출 대기(DFA) 처분을 받았다. KBO리그 복귀설도 나왔지만 메이저리그의 꿈을 이어가는 쪽을 선택한 고우석은 그해 12월 디트로이트 타이거스와 마이너리그 계약을 다시 맺었다. 하지만 스프링 트레이닝 초청조차 받지 못한 채 또 한 번 기약 없는 마이너리그 생활을 시작해야 했다. 고우석은 현지 취재진과 인터뷰에서 ""미국에서 보낸 첫 2년은 생각한 대로 흘러가지 않았지만, 그 시간 동안 미국 야구를 정말 많이 배웠고 선수로서도 성장했다""고 털어놨다. 이어 ""올해 돌아오지 않았다면 평생 후회했을 게 분명했다. 마이너리그 계약이었지만, 일단 버텨서 꿈을 이뤄보자고 결심했다""고 덧붙였다. 올시즌 초반엔 최대 고비를 맞았다. 지난 4월엔 트리플A에서 치른 첫 2경기에서 1패 평균자책 20.25로 크게 무너지며 더블A로 강등당한 것. 비슷한 시기 마무리 유영찬의 시즌아웃 부상으로 비상이 걸린 친정 LG가 고우석에게 복귀를 타진했고, 차명석 단장이 직접 미국으로 건너가 여러 차례 협상을 진행하기도 했다. 보통 사람이라면 그만 포기하고 편안한 국내 무대를 택할 법한 순간이었지만, 고우석은 LG 복귀 대신 도전을 이어가는 쪽을 택했다. 미국에 남은 고우석은 실력으로 반전을 만들었다. 더블A에서 구위를 회복한 뒤 다시 트리플A로 승격했고, 올 시즌 두 리그를 합쳐 41이닝 동안 평균자책 1.96, WHIP 0.823을 기록했다. 9이닝당 탈삼진은 11.8개에 달했고 볼넷은 2.8개만 내줬다. 트리플A 성적만 떼어보면 27.2이닝 동안 평균자책 2.60, 탈삼진 32개를 기록했고 홈런은 단 한 개도 내주지 않았다. 고우석은 호투 비결에 대해 ""한국에서 쓰던 구종에 새 구종을 하나 더 얹었다. 원래는 속구, 슬라이더, 커브가 전부였는데 미국에 온 뒤 스플리터를 새로 장착했다""며 ""마이너리그에서 던지면 던질수록 타자들을 상대하는 자신감이 붙었다. 스트라이크존을 공격적으로 공략하고, 긍정적인 마음을 유지하자는 게 내 마음가짐이었다""고 말했다. 7월이 되며 열린 기회의 문...미네소타 이적과 함께 빅리그 승격 호투에도 좀처럼 열리지 않던 빅리그 기회는 7월이 되면서 극적으로 해결됐다. 고우석의 마이너리그 계약에는 특정 시점까지 40인 로스터에 이름을 올리지 못하면 선수 쪽에서 계약 해지를 요구할 수 있는 옵트아웃 조항이 딸려 있었고, 고우석은 지난 1일 이 조항을 전격 발동했다. 디트로이트는 48시간 안에 자체 40인 로스터에 즉시 등록하거나 트레이드, 방출해야 하는 상황에서 미네소타에 현금을 받고 고우석을 넘겼다. 고우석의 계약엔 상위 리그 이동 조항이 포함돼 있어 미네소타는 영입과 함께 즉각 40인 로스터 등록을 결정했다. 미네소타는 지난달 24일 오스틴 보스를 방출 대기 처분하며 비워둔 40인 로스터 한 자리를 고우석에게 배정했고, 코디 로리슨을 트리플A로 내리며 곧바로 26인 메이저리그 로스터에 등록했다. 제레미 졸 미네소타 단장은 ""이런 조항이 항상 맞아떨어지는 건 아니다. 상황과 기회가 맞아야 하는데, 이번엔 고우석의 성적과 우리 팀 상황을 봤을 때 한번 데려와 볼 만한 좋은 기회라고 판단했다""고 영입 배경을 밝혔다. 이어 ""지난 몇 년간 눈여겨봐 온 선수다. 디트로이트 산하 더블A와 트리플A에서 올해 좋은 모습을 보여줬다""고 평가했다. 데렉 셸턴 미네소타 감독 역시 ""그의 공을 몇 년간 좋게 봐왔다. WBC 한국 대표팀에서도 던졌고, 영입 기회가 생겼을 때 잡은 것""이라며 기대감을 드러냈다. 이날 등판으로 고우석은 1994년 박찬호 이후 메이저리그 정규시즌 경기에 나선 30번째 한국인 선수가 됐다. 투수로는 16번째이며, 2021년 텍사스 레인저스 소속이던 양현종 이후 5년 만에 탄생한 한국인 투수 빅리거이기도 하다. 마이애미 시절 몸담았던 더블A 펜사콜라 블루 와후스 구단은 자체 소셜미디어를 통해 고우석이 이 구단 출신으로는 160번째로 메이저리그 무대를 밟은 선수가 됐다고 축하 메시지를 전했다. 공교롭게도 고우석은 KBO리그 시절 몸담았던 친정팀과 같은 이름의 '트윈스' 유니폼을 입고 데뷔전을 치렀다. 길었던 기다림과 도전의 시간을 뒤로하고, 고우석은 이제 메이저리그의 꿈을 이뤘다. 그의 승격 소식에 한국 야구팬들도 마치 자신의 일처럼 기뻐하며 축하를 보내고 있다. 포기하지 않고 버텨온 고우석의 도전은, 지금 이 순간에도 각자의 자리에서 도전을 이어가는 이들에게 위안과 용기를 준다."
2026.07.10 10:32,"외국인 선수 6인 체제, 꼼꼼히 한 번 따져 보자...이게 꼭 반대만 할...",MHN스포츠,"(MHN 정철우 기자) KBO리그가 또 한 번 큰 변화를 준비하고 있다. 이번에는 외국인 선수다. KBO는 최근 단장회의인 실행위원회를 통해 외국인 선수 보유 인원을 늘리는 방안을 논의하고 있다. 아직 최종 확정된 것은 아니다. 구단별 이해관계도 다르고 한국프로야구선수협회와 협의해야 할 문제도 남아 있다. 그러나 논의의 방향만 놓고 보면 분명한 변화가 읽힌다. 이제 KBO리그도 '외국인 선수를 몇 명까지 제한할 것인가'보다 '외국인 선수를 어떻게 더 효율적으로 보유하고 활용할 것인가'를 고민하기 시작했다. 현재 논의되는 핵심은 이른바 '외국인 선수 6명 체제'다. 올해부터 도입된 아시아쿼터까지 포함해 구단이 보유할 수 있는 외국인 자원의 폭을 넓히되, 1군 등록과 출전은 일정 수준으로 제한하는 방식이다. 쉽게 말해 외국인 선수 숫자를 무작정 늘려 1군을 외국인 선수로 채우겠다는 것이 아니다. 1군에서 실제 활용할 수 있는 숫자에는 제한을 두면서 구단이 더 많은 외국인 자원을 보유할 수 있도록 하자는 것이다. 이 차이는 대단히 중요하다. 외국인 선수 증원을 반대하는 쪽에서는 가장 먼저 국내 선수들의 일자리를 이야기할 수밖에 없다. 외국인 선수가 늘어나면 국내 선수의 출전 기회가 줄어들 수 있다는 논리다. 선수협이 민감하게 반응할 가능성도 충분하다. 그러나 1군 등록과 출전 인원을 제한한다면 이야기는 달라진다. 외국인 선수를 더 보유한다고 해서 그 숫자만큼 국내 선수의 1군 자리가 곧바로 사라지는 것은 아니다. 오히려 추가 외국인 선수를 퓨처스리그와 대체 자원으로 활용하면 구단 운영의 안정성을 높이고 2군 리그의 경쟁 수준까지 끌어올릴 수 있다. 무엇보다 가장 큰 이유는 부상이다. KBO리그에서 외국인 선수 한 명의 부상은 단순히 선수 한 명이 빠지는 문제가 아니다. 팀 전체 시즌 계획이 흔들리는 사건이다. 특히 외국인 투수는 대부분 구단에서 선발 로테이션의 1, 2선발 역할을 맡는다. 외국인 타자 역시 중심 타선의 핵심으로 계산하고 시즌을 시작한다. 이들 가운데 한 명이 장기 부상으로 이탈하면 구단은 곧바로 선택의 기로에 선다. 기다릴 것인가, 바꿀 것인가. 기다리면 전력 공백이 길어진다. 바꾸면 새로운 선수를 찾아야 한다. 문제는 외국인 선수를 교체하는 일이 생각처럼 간단하지 않다는 점이다. 시즌 중 좋은 선수를 찾는 것부터 어렵다. 미국과 일본, 대만 등 해외 시장을 다시 뒤져야 한다. 메이저리그 40인 로스터와 마이너리그 계약 상황을 확인해야 하고, 원소속 구단이 있는 선수라면 이적 가능 여부도 따져야 한다. 몸 상태를 확인하고 계약 조건을 맞춘 뒤 비자와 행정 절차까지 밟아야 한다. 선수를 찾았다고 끝나는 것도 아니다. 한국에 입국한 뒤 새로운 리그에 적응해야 한다. 시차를 극복해야 하고 공인구와 마운드, 스트라이크존, 포수의 사인, 상대 타자들의 성향까지 새롭게 익혀야 한다. 외국인 타자라면 KBO리그 투수들의 변화구 승부와 유인구 패턴에 적응하는 시간도 필요하다. 돈도 든다. 기존 선수와 계약을 정리하는 비용이 발생할 수 있고 새로운 선수의 몸값도 지불해야 한다. 경우에 따라서는 이적료까지 필요하다. 스카우트 인력이 다시 움직여야 하고 실패 위험도 감수해야 한다. 결국 지금의 제도는 외국인 선수 한 명이 다쳤을 때 구단이 시간과 돈을 동시에 잃을 수밖에 없는 구조다. 외국인 선수 보유 확대는 이 문제를 상당 부분 해결할 수 있다. 예를 들어 1군에서 뛰는 외국인 선발 투수가 부상으로 이탈했을 때 퓨처스리그에서 이미 뛰고 있던 외국인 투수를 곧바로 대체 자원으로 활용할 수 있다. 그 선수는 이미 한국에 있다. 비자 문제도 없다. KBO 공인구를 경험했고 한국 타자들의 성향도 알고 있다. 구단의 훈련 시스템과 포수, 코칭스태프와도 호흡을 맞춰 왔다. 차이는 크다. 미국에서 새로운 선수를 찾아 데려오는 것과 이미 국내에서 준비된 선수를 올리는 것은 전혀 다른 문제다. 이것이 외국인 선수 확대 논의의 가장 현실적인 출발점이다. KBO리그는 이제 외국인 선수의 '최고점'만 관리해서는 안 된다. 외국인 선수의 부상과 부진까지 포함한 '리스크 관리'가 필요하다. 실제로 외국인 선수는 시즌 전 예상대로 움직이지 않는다. 아무리 철저하게 메디컬 체크를 해도 부상은 나온다. 메이저리그 경력이 화려해도 KBO리그에 적응하지 못하는 선수가 있다. 시속 150㎞가 넘는 공을 던져도 제구가 흔들리면 실패하고, 마이너리그에서 홈런을 많이 친 타자도 한국 투수들의 변화구 승부에 무너질 수 있다. 외국인 선수 농사는 원래 변수가 많다. 그런데 현재 제도에서는 실패 한 번의 대가가 지나치게 크다. 외국인 선수 한 명이 무너지면 새로운 선수를 찾는 동안 한 달 이상 전력 공백이 발생할 수도 있다. 순위 싸움이 치열한 시즌 중반이라면 그 한 달이 가을야구 진출 여부를 결정할 수 있다. 그렇다면 구단이 미리 대체 자원을 확보할 수 있도록 하는 것이 더 합리적이다. 퓨처스리그 경쟁력 강화도 빼놓을 수 없다. 현재 KBO리그가 안고 있는 중요한 고민 가운데 하나는 1군과 2군의 수준 차이다. 퓨처스리그에서 좋은 성적을 낸 선수가 1군에 올라오자마자 전혀 다른 야구를 경험하는 경우가 적지 않다. 특히 공의 속도에서 차이가 난다. 1군에서는 시속 150㎞가 더 이상 특별한 숫자가 아니다. 국내 투수들의 구속이 빨라졌고 외국인 투수들은 150㎞ 중후반의 패스트볼을 던진다. 불펜에는 짧은 이닝 동안 강한 공을 던지는 투수가 계속 등장한다. 그러나 2군에서는 이런 공을 지속적으로 경험하기 어렵다. 여기서 문제가 생긴다. 타자는 시속 150㎞가 넘는 공을 영상으로 배울 수 없다. 타격 기계로 어느 정도 훈련할 수는 있지만 실제 투수가 던지는 150㎞는 다르다. 릴리스 포인트가 있고 공의 회전이 있으며 변화구와의 조합이 있다. 빠른 공을 의식하는 순간 슬라이더와 스플리터에 대응해야 한다. 결국 1군에서 150㎞를 쳐야 하는 타자라면 2군에서도 150㎞를 경험해야 한다. 외국인 선수 보유 확대는 이 지점에서도 의미가 있다. 젊고 강한 공을 던지는 외국인 투수가 퓨처스리그에서 뛰면 국내 유망주들은 자연스럽게 더 높은 수준의 공을 경험하게 된다. 외국인 타자가 2군에 있다면 국내 투수들은 더 강한 타자를 상대로 자신의 공을 시험할 수 있다. 2군 선수의 자리를 빼앗는다는 시각만으로 볼 일이 아니다. 어떤 상대와 경쟁하며 성장하느냐도 중요하다. 국내 유망주가 2군에서 상대적으로 느린 공만 치다가 1군에 올라와 150㎞ 이상의 패스트볼을 처음 경험하는 구조가 과연 선수 육성에 도움이 되는지 따져봐야 한다. 퓨처스리그가 진정한 육성 무대가 되려면 단순히 경기를 많이 하는 것으로는 부족하다. 경기의 질이 높아져야 한다. 외국인 선수 증원은 퓨처스리그의 속도를 높일 수 있는 가장 직접적인 방법 가운데 하나다. 여기에 한 걸음 더 나아간 구상이 외국인 육성선수 제도다. 일본프로야구가 활용해 온 방식처럼 아직 완성되지 않았지만 가능성이 있는 젊은 외국인 선수를 비교적 낮은 비용으로 영입해 구단 시스템 안에서 육성하는 것이다. 이 제도가 도입되면 외국인 선수 영입의 개념 자체가 달라진다. 지금까지 KBO리그 외국인 선수 영입은 기본적으로 '완성품 구매'에 가까웠다. 당장 1군에서 10승을 해야 하고 중심 타선에서 20홈런 이상을 쳐야 한다. 기다려 줄 시간이 많지 않다. 외국인 선수는 육성 대상이 아니라 즉시 전력으로 인식됐다. 그러나 외국인 육성선수 제도가 생기면 다른 시장이 열린다. 아직 메이저리그 수준에는 도달하지 못했지만 좋은 패스트볼을 가진 20대 초반 투수, 신체 조건은 뛰어나지만 변화구 완성도가 떨어지는 투수, 타구 속도는 좋지만 수비와 선구안 보완이 필요한 타자 등을 선점할 수 있다. 이들을 한국으로 데려와 가르치는 것이다. 투구 메커니즘을 수정하고 변화구를 장착시킬 수 있다. 웨이트트레이닝 프로그램을 제공하고 구단 데이터 분석 시스템을 활용할 수 있다. 타자라면 스윙 궤적을 조정하고 수비 포지션을 개발할 수 있다. 성공하면 구단의 자산이 된다. 이것은 단순한 외국인 선수 증원이 아니다. KBO리그 구단이 해외 유망주를 발굴하고 육성하는 단계로 넘어가는 것이다. 물론 반발은 피하기 어렵다. 국내 선수들은 일자리를 걱정할 수밖에 없다. 특히 퓨처스리그에서 뛰는 선수들에게 외국인 선수 증가는 직접적인 경쟁자 증가로 받아들여질 수 있다. 선수협이 문제를 제기할 가능성이 높은 이유다. 그 우려는 충분히 존중해야 한다. 따라서 제도를 만들 때 1군 등록 인원과 동시 출전 인원을 명확하게 제한하고, 육성형 외국인 선수의 계약 규모와 퓨처스리그 출전 방식도 세밀하게 설계해야 한다. 무제한 영입으로 국내 선수의 자리를 잠식하는 구조는 경계해야 한다. 그러나 반발이 예상된다는 이유만으로 논의 자체를 막는 것도 현실적이지 않다. 프로야구는 선수의 일자리만으로 운영되는 조직이 아니다. 구단은 막대한 비용을 투자하고 팬은 돈과 시간을 지불한다. 리그는 더 좋은 경기력을 제공해야 한다. 구단은 부상 위험에 대비해야 하고 2군은 더 강한 경쟁력을 갖춰야 한다. 무엇보다 KBO리그를 둘러싼 환경이 달라졌다. 올해부터 아시아쿼터가 도입됐다. KBO리그의 선수 시장은 이미 한국과 미국만 보는 구조에서 벗어나고 있다. 일본과 대만, 호주를 비롯해 더 넓은 시장에서 선수를 찾기 시작했다. 실제 아시아쿼터의 등장은 중요한 신호다. 일본프로야구 2군에서 경험을 쌓은 선수가 KBO리그 1군에서 경쟁력을 보여줄 수 있다면, 반대로 KBO리그 구단이 해외의 젊은 선수를 먼저 확보해 성장시키지 못할 이유도 없다. 선수 시장의 국경은 이미 낮아지고 있다. 이제 외국인 선수 제도를 '한국 선수 보호 장치'로만 바라보는 시각도 바뀔 필요가 있다. 보호가 반드시 경쟁력을 만들지는 않는다. 오히려 더 좋은 공을 보고, 더 강한 타자와 상대하고, 더 치열한 경쟁을 경험해야 국내 선수의 수준도 올라갈 수 있다. 2군 타자가 150㎞ 이상의 공을 계속 경험해야 1군에서도 살아남을 수 있다. 2군 투수가 강한 외국인 타자를 상대해야 자신의 공이 어디까지 통하는지 확인할 수 있다. KBO리그는 이미 1000만 관중 시대를 경험했다. 팬들의 눈높이도 높아졌다. 이제는 단순히 국내 선수만 많이 뛰는 리그가 아니라 경기의 질을 어떻게 높일 것인가를 고민해야 한다. 외국인 선수 6명 체제는 그 출발점이 될 수 있다. 핵심은 1군을 외국인 선수로 채우는 것이 아니다. 부상자가 나오면 즉시 대체할 수 있는 자원을 확보하고, 부진한 선수가 생기면 시즌 전체를 포기하지 않고 대응하며, 퓨처스리그의 경쟁 수준을 높이고, 장기적으로는 가능성 있는 외국인 유망주까지 직접 키우는 구조를 만드는 것이다. 지금까지 KBO리그는 외국인 선수를 '데려다 쓰는 리그'였다. 앞으로는 '보유하고 경쟁시키고 키우는 리그'로 바뀔 수 있다. 물론 제도 설계는 정교해야 한다. 국내 선수의 기회를 보호할 장치도 필요하다. 선수협과 충분한 협의도 거쳐야 한다. 구단의 자금력 차이가 외국인 선수 보유 격차로 이어지지 않도록 비용 제한도 고민해야 한다. 하지만 큰 흐름까지 거꾸로 돌리기는 쉽지 않아 보인다. 외국인 선수의 부상과 부진에 매년 같은 방식으로 당하고, 문제가 생긴 뒤 해외 시장을 뒤져 대체 선수를 찾고, 그 사이 한 달 가까운 전력 공백을 감수하는 시스템은 더 이상 효율적이지 않다. 2군 선수들이 150㎞의 공을 경험하지 못한 채 1군에 올라와 적응하기를 기다리는 것도 육성이라고 보기 어렵다. 가능성 있는 해외 유망주를 다른 리그가 모두 데려간 뒤 완성된 선수만 비싼 돈을 주고 사오는 방식 역시 한계가 있다. 그래서 외국인 선수 증원은 단순한 숫자의 문제가 아니다. KBO리그가 선수 시장과 육성 시스템, 부상 리스크 관리 방식을 바꾸는 문제다. 반발은 있을 수 있다. 그러나 프로의 경쟁력은 결국 더 좋은 선수와 더 높은 수준의 경기에서 나온다. 외국인 선수 6명 시대. 아직 확정된 것은 아니지만, 이제는 거스를 수 없는 대세가 되고 있다."
2026.07.10 10:28,탈삼진+서브 에이스로 모은 1330만원…‘인천 연고’ SSG-대한항공 뜻...,OSEN,"[OSEN=이후광 기자] 프로야구 SSG 랜더스가 19일 인천SSG랜더스필드에서 열리는 KIA 타이거즈와의 홈경기에 대한항공 점보스와 함께 ‘대한항공 점보스 데이’를 진행한다. SSG는 10일 이번 행사에 대해 ""인천을 연고로 하는 두 프로구단이 스포츠 팬들을 위한 다양한 협업 이벤트와 지역사회 공헌 활동을 위해 기획됐으며, 2021년 시작해 올해로 6년째를 맞았다""라고 설명했다. 행사를 기념해 양 구단은 기부금을 전달한다. 기부금은 2025년 12월 8일부터 2026년 7월 5일까지 적립된 총 1,330만 원으로, 대한항공은 홈경기 서브 에이스 1개당 10만 원(68개, 680만 원), SSG는 홈경기 투수 탈삼진 1개당 2만 원(325개, 650만 원)을 각각 적립해 조성했다. 해당 기부금은 인천사회복지공동모금회를 통해 인천지역 아동·청소년에게 전달될 계획이다. 이날 경기 전 그라운드에서 열리는 전달식에는 SSG 주장 오태곤과 정준재를 비롯해 대한항공 점보스 정지석, 김규민, 그리고 인천사회복지공동모금회 박용훈 사무처장이 참석한다. 팬들을 위한 다양한 협업 이벤트도 마련된다. 프론티어 스퀘어(1루 광장)에서는 경기 시작 3시간 전부터 야구, 배구 미니 게임 부스가 운영된다. 또한 경기 시작 1시간 전에는 3번 게이트에서 SSG 마스코트 ‘랜디’와 대한항공 마스코트 ‘점보’가 ‘팬 그리팅(하이파이브)’ 행사를 통해 팬들을 맞이한다. 이날 승리기원 시구와 시타는 대한항공 정지석, 김규민이 각각 맡는다. 경기 중에는 ‘점보스 퀴즈’ 이벤트와 양 구단 마스코트가 함께하는 ‘합동 응원 타임’이 펼쳐질 예정이다. /backlight@osen.co.kr"
2026.07.10 10:27,"“BTS가 참여한 그 브랜드?”…KBO, 올스타전서 ‘아리’와 현장 이벤...",스포츠서울,"[스포츠서울 | 이소영 기자] 한국야구위원회(KBO)가 팔도·hy와 손잡고 글로벌 브랜드 ‘아리(ARIH)’와 현장 이벤트를 진행한다. KBO는 “10일부터 11일까지 잠실구장에서 열리는 ‘2026 KBO 올스타전’에서 올스타전 공식 굿즈 구매 고객을 대상으로 팔도·hy의 글로벌 신제품 브랜드 아리와 연계한 현장 이벤트를 운영한다”고 10일 밝혔다. 이번 행사는 잠실구장을 찾은 팬들에게 시원한 혜택을 제공하기 위해 마련됐다. 프로모션은 올스타전 공식 굿즈를 판매하는 잠실구장 외야 캐치볼장 내 ‘KBO 마켓’ 부스에서 올스타 프라이데이와 올스타전 본 행사 양일간 진행된다. 아리는 팔도·hy가 선보인 글로벌 브랜드다. 기획 단계부터 방탄소년단이 참여해 맛과 패키지 디자인 등에 아티스트의 의견을 반영하며 큰 화제를 모았다. 미국 출시 직후 월마트 베스트셀러에 올랐고, 국내 사전 출시 기획세트도 당일 완판되는 등 높은 관심을 받고 있다. 행사 기간 KBO 마켓에서 올스타 공식 MD 제품을 구매한 고객에게는 ‘아리 모던 누들’ 1팩을 선착순으로 증정한다. 제공되는 제품은 특화된 면 텍스처로 탄력 있는 식감을 살린 볶음면이다. 참여형 SNS 이벤트도 진행된다. 현장 안내에 따라 아리 한국 공식 인스타그램 계정을 팔로우한 관람객에게는 hy가 독자 개발한 포스트바이오틱스 5종과 프리바이오틱스를 함유한 ‘아리 듀얼 바이오틱 소다’ 2캔을 랜덤으로 증정한다. 또 야구장의 추억을 필수 해시태그(#ARIH, #잠실야구장)와 함께 인스타그램에 공유하면 추첨을 통해 추가 제품도 증정할 예정이다. 팔도·hy 관계자는 “한국 프로야구 최대 축제인 KBO 올스타전에서 야구팬들과 직접 만나 글로벌 시장에서 주목받고 있는 아리를 선보이게 돼 기쁘다”며 “무더운 여름 잠실구장을 찾은 팬들이 아리와 함께 한층 더 시원하고 즐거운 추억을 남기시길 바란다”고 전했다. 한편 본 이벤트는 준비된 수량이 모두 소진될 경우 조기 종료된다. sshong@sportsseoul.com"
2026.07.10 10:22,"'韓 배구 우승팀 멤버' 정지석-김규민이 랜필에 온다…SSG, 19일 '...",마이데일리,"[마이데일리 = 이정원 기자] SSG 랜더스가 19일 인천 SSG랜더스필드에서 열리는 KIA 타이거즈와의 홈경기에 대한항공과 함께 ‘대한항공 점보스 데이’를 진행한다. 이번 행사는 인천을 연고로 하는 두 프로구단이 스포츠 팬들을 위한 다양한 협업 이벤트와 지역사회 공헌 활동을 위해 기획됐으며, 2021년 시작해 올해로 6년째를 맞았다. 행사를 기념해 양 구단은 기부금을 전달한다. 기부금은 2025년 12월 8일부터 2026년 7월 5일까지 적립된 총 1330만 원으로, 대한항공은 홈경기 서브에이스 1개당 10만 원(68개, 680만 원), SSG는 홈경기 투수 탈삼진 1개당 2만 원(325개, 650만 원)을 각각 적립해 조성했다. 해당 기부금은 인천사회복지공동모금회를 통해 인천지역 아동·청소년에게 전달될 계획이다. 이날 승리기원 시구와 시타는 대한항공 정지석, 김규민이 각각 맡는다. 경기 중에는 ‘점보스 퀴즈’ 이벤트와 양 구단 마스코트가 함께하는 ‘합동 응원 타임’이 펼쳐질 예정이다."
2026.07.10 10:12,‘전반기 너 때문에 살았다’② KIA 성영탁-두산 최민석-한화 조동욱-N...,스포츠경향,"주축 선수들의 부상, 부진이 속출한 2026시즌 KBO리그 전반기. 치열한 순위 경쟁에서 깜짝 스타들의 활약이 유독 두드러졌다. 큰 기대가 없었던 백업, 이적생, 신인, 부상 복귀 선수 등이 활력소가 되면서 팬들을 열광시켰다. 아울러 시즌 레이스에도 중요한 변수로 작용했다. ■KIA 성영탁 KIA는 개막전에서 정해영, 조상우의 부진으로 역전패 하며 시즌을 시작했다. 회복하기만을 기다리기에는 너무 시즌이 많이 남았다. 조기에 마무리 교체 강수를 뒀다. 전상현마저 부상 중이던 KIA는 막내 성영탁을 선택했다. 지난해 45경기에서 평균자책 1.55의 빼어난 활약으로 필승조에 있었지만 마무리 부담을 떠안기에는 너무 어리다 했던 2년 차 투수 성영탁은 팀이 위기에서 자신을 선택한 이유를 보여주었다. 개막 2주 만인 4월11일 한화전부터 마무리로 등판해 세이브 행진을 펼쳤다. 6월 말 이후 고비를 겪으면서 전반기 막판 잠시 마무리 부담을 내려놨지만, 성영탁은 부상당했던 전상현·곽도규가 돌아와 KIA 불펜이 완전체가 될 때까지 버틸 수 있게 한 결정적인 동력을 제공했다. 시즌 전 5강 후보에 꼽히지 못했던 KIA가 전반기 4위로 순위싸움을 하며 기대 이상 성적을 거둘 수 있게 한 가장 중요한 선수였다. ■두산 최민석 두산은 전반기 투수력으로 치열한 5강 다툼을 이어올 수 있었다. 프로 2년 차 최민석의 발견이 큰 동력이 됐다. 최민석은 올해 전반기를 평균자책 1위(2.33), 다승 공동 1위(9승)로 마감했다. 16경기 중 11경기에서 퀄리티스타트를 달성했다. 아직 어린 투수인 만큼 체력 관리 차원에서 5번째 선발 로테이션에 이름을 올렸을 뿐 활약은 여느 팀의 에이스 투수 못지 않았다. 김원형 두산 감독은 “최민석에게는 몇 점을 줘도 모자를 정도다. 계산이 서는 투수고 20살 답지 않게 마운드에서 본인의 투구를 했다”며 “최민석이 등판할 때는 (토종 에이스인)곽빈이 선발로 나갈 때 느낌이 들 정도”라며 칭찬했다. ■한화 조동욱 지난 시즌 최강이던 한화 마운드는 전반기 붕괴했다. 선발에서 외인 1선발 오웬 화이트와 토종 에이스 문동주가 부상 이탈했다. 불펜 상황은 더 심각했다. 필승조였던 한승혁(KT), 김범수(KIA)가 이적한 가운데 지난 시즌 33세이브를 올린 김서현의 슬럼프까지 장기화됐다. 51경기에 등판해 평균자책 2.85의 우완 셋업맨 정우주도 심각한 2년 차 징크스에 빠졌다. 한화 벤치는 전반기 내내 필승조 재구성을 위해 힘썼는데, 그 실마리를 입단 3년 차 좌완 조동욱이 풀어냈다. 조동욱은 2024년 신인드래프트에서 한화가 2라운드에 지명한 기대주다. 매 시즌 주력 불펜조로 많은 기회를 얻은 조동욱은 이번에 알을 깨고 나온 모습이다. 5월 한 달 팀 내 불펜투수 중 가장 많은 10.1이닝을 던지면서 평균자책 0을 찍었다. 이 기간 4사구는 하나도 내주지 많았다. 삼진은 10개를 잡았다. 7월 2경기(2.1이닝)에서도 단 1피안타만 내주고 탈삼진 3개를 추가하는 등 ‘미스터 제로’로 거듭났다. ■NC 임지민 임지민마저 없었다면 NC 불펜은 과연 전반기를 어떻게 버텼을까. 베테랑들이 부상과 부진으로 흔들릴때 23세 젊은 파이어볼러 임지민은 종횡무진 활약하며 팀을 뒷문을 어떻게든 지켜냈다. 8일까지 전반기에만 벌써 42차례 등판해 40이닝 동안 평균자책 4.50으로 9홀드 3세이브를 올렸다. 제구가 아직 불안정한데다, 장타 허용에도 약점을 노출하며 블론 세이브 6개를 기록했지만 그렇다고 임지민을 탓할 수는 없다. 42차례 등판은 리그 전체에서 김민(SSG), 김범수(KIA) 다음으로 많은 숫자. 올해가 첫 풀타임 시즌인만큼 후반기 관리가 필요하다는 지적도 나온다. 지난해까지 임지민은 1군에서 불과 9경기만 나왔다. 이정호 기자 alpha@kyunghyang.com"
2026.07.10 10:11,"“선수들 자신감 생겼다” 롯데 ‘상승세’로 전반기 마무리, 김태형 감독의...",스포츠서울,"[스포츠서울 | 사직=강윤식 기자] “선수들 자신감이 생긴 것 같다.” 롯데가 상승세와 함께 전반기를 마쳤다. 김태형(59) 감독은 선수들 자신감이 붙었다고 본다. 이제 중요한 건 일주일 잘 쉰 후 후반기에도 분위기를 이어가는 거다. 사령탑이 그리는 그림이 있다. 롯데는 9일 부산 사직구장에서 열린 2026 KBO리그 정규시즌 KIA전에서 2-5로 졌다. 전반기 마지막 경기서 패했지만, 그래도 위닝시리즈를 챙겼다. 6월 중순부터 분위기를 확 끌어올렸다. NC, LG 등 상대전적에서 밀리던 팀을 맞아 위닝시리즈를 거둔 게 고무적이다. 김태형 감독은 “선수들이 조금 더 자신감이 생긴 것 같다”며 상승세 원인을 분석했다. 그러면서 “프로 선수들에게 자신감 얘길 하면 조금 그렇긴 한데, 어쨌든 팀 전체적으로 좋은 분위기를 이어가고 있다. 그러면서 선수들이 경기를 잘 풀어나가는 것 같다”고 돌아봤다. 전반기 막판 상승세를 제대로 타면서 멀어 보였던 중위권에 바짝 붙었다. 후반기에도 흐름을 이어가야지 가을야구 진출에 성공할 수 있다. 그러기 위해서는 타선이 기복을 줄여줘야 한다. 그래도 중심타선과 그 뒤를 받치는 한태양, 박찬형 등의 컨디션이 좋은 건 긍정적이다. 김 감독은 “타선 기복이 있다. 타선이 골고루 해줘야 한다. 하위 타선도 쳐줄 때 쳐주면 괜찮을 것 같다”며 “그래도 지금 중심타선이 좋다. 고승민도 좋다. 1~4번이 힘이 있다. 뒤에 (한)태양이도 들어와서 자기 역할 잘해주고 있고, (박)찬형이도 상황 대처를 잘 해내고 있다”고 설명했다. 기존 주전 자원이라고 볼 수 있는 나승엽, 윤동희, 전준우 등이 컨디션 난조로 2군에 있다. 이들을 대신해 경기에 나서는 선수들이 제 몫을 해주고 있는 덕분에 지금의 흐름이 가능했다. 이런 팀적인 모습이 후반기에도 나와야 한다. 여기에 선발진들의 컨디션 유지도 필수다. 김 감독은 “선발이 후반기 끝까지 로테이션이 돌아가야 한다. 야수 쪽에선 빠져있는 선수들이 있다. 그래도 일단 지금 뛰는 선수들이 주전이다. 그런 부분을 봤을 때 지금 있는 선수들이 잘 해내고, 투수들도 지금처럼 잘 돌아가면 좋은 결과 나올 것”이라고 말했다. 그러면서 “물론 야구라는 게 그렇게 마음대로 되는 건 아니다. 어떤 상황에서 뭔가 안 좋을 때 대처할 수 있는 선수를 준비해 놔야 한다. 그만큼 대처를 할 수 있느냐가 중요할 것 같다”고 강조했다. skywalker@sportsseoul.com"
2026.07.10 10:02,"‘굿바이 잠실’! ‘44년 추억’의 한 페이지 장식할 올스타전, ‘잠실라...",스포츠서울,"[스포츠서울 | 강윤식 기자] 잠실구장이 올해를 끝으로 야구팬들에게 작별을 고한다. 이번 올스타전은 잠실구장에서 열리는 마지막 올스타전이다. 44년 추억의 한 페이지를 장식할 올스타전. 경기에 나설 ‘잠실라이벌’ LG·두산의 ‘별’들에게도 관심이 쏠린다. KBO리그가 전반기를 마쳤다. 후반기에 앞서 일주일의 재정비 기간을 갖는다. 이 기간 팬들의 이목이 쏠릴 이벤트가 열린다. 바로 올스타전이다. 10일 퓨처스리그 올스타전과 홈런 더비 등 전야행사를 진행한다. 그리고 11일 대망의 본경기를 치른다. 올스타전 장소는 잠실구장이다. 프로야구 원년인 1982년 준공 이후 KBO리그 역사와 함께해온 잠실구장은 올해를 끝으로 철거 예정이다. 잠실구장에서 열리는 14번째 올스타전인 동시에, 마지막으로 열리는 올스타전이다. 이를 기념해 한국야구위원회(KBO)도 다양한 행사를 준비했다. 리그를 함께 만들어가는 팬들도 화답했다. 잠실구장을 홈으로 쓰는 LG와 두산 팬들이 특히 힘을 냈다. 올스타 투표 기간 LG, 두산 팬들은 잠실구장 마지막 올스타전에 자신들이 응원하는 팀 선수를 보내기 위해 ‘화력’을 뽐냈다. 선수단 투표까지 합산한 결과 드림 올스타(두산 삼성 롯데 KT SSG) 베스트12에는 두산 선수 6명이 뽑혔다. 곽빈, 이영하, 양의지, 박준순, 박찬호, 정수빈이 주인공이다. LG에서는 박해민과 오스틴 딘이 나눔 올스타(LG KIA 한화 키움 NC) 베스트12에 이름을 올렸다. 이중 양의지는 팬투표서 무려 260만5510표를 받았다. ‘역대 최다’ 득표다. 여기에 감독 추천으로 뽑힌 LG 선수 4명(문성주 송찬의 우강훈 구본혁) 등을 합치면 총 12명의 ‘잠실라이벌’ 별들이 올스타전에 나선다. 팬들의 뜨거운 지지와 잠실구장을 홈으로 쓰는 선수들의 열의가 함께 불탄다. 올스타전서 ‘잠실라이벌’ 소속 12명이 펼칠 활약에 관심이 가는 게 당연하다. 두산은 올스타 투표 기간 팬들의 ‘표심’을 잡기 위해 후보 선수들과 함께 촬영한 재밌는 영상을 꾸준히 올렸다. 이게 팬들 사이에서 화제가 됐다. 본경기서 보여줄 퍼포먼스에 대한 기대감도 커진다. LG의 경우 지난해 ‘미스터 올스타’(박동원)를 배출했다. 내친김에 2년 연속 MVP 수상을 노린다. 오스틴은 홈런 더비에도 출전해 볼거리를 제공할 예정이다. 44년 동안 KBO리그와 함께한 잠실구장. 이미 많은 추억이 쌓였다. 그리고 팬들에게 또 하나의 추억을 선사할 준비 중이다. 잠실구장이 홈인 선수들도 올스타전 출전 준비를 끝냈다. 팬들은 그저 즐기기만 하면 된다. skywalker@sportsseoul.com"
2026.07.10 10:00,"2년 반 기다림, 마침내 MLB 무대 밟은 고우석… 빅리그 데뷔전 1이닝...",매일경제,"고우석(미네소타 트윈스)이 긴 인내 끝에 미국프로야구 메이저리그(MLB) ‘빅리그’ 마운드를 밟았다. 데뷔전부터 시원시원한 속구를 선보이면서 올 시즌 활약을 예고했다. 고우석은 10일(한국시간) 미국 미네소타주 미니애폴리스 타깃필드에서 열린 MLB 정규리그 클리블랜드 가디언스와 경기에서 9회초 미네소타의 네 번째 투수로 등판했다. 마이애미 말린스 산하 트리플A 팀에서 활동하던 고우석은 지난 6일 미네소타와 마이애미 간 현금 트레이드를 통해 미네소타 유니폼으로 갈아입었다. 이어 지난 8일 미네소타의 빅리그 26인 로스터에 오른 뒤, 10일 빅리그 마운드에 올랐다. 지난 2024년 샌디에이고 파드리스와 계약했지만, 주전 경쟁에서 밀려 마이너리거를 전전한지 2년 반 만에 마침내 꿈에 그리던 MLB 경기에 나선 것이다. 고우석은 1994년 한국인 최초 MLB 무대를 밟은 박찬호 이후 한국 선수로는 30번째 MLB 경기에 출전한 기록을 세웠다. 투수로는 16번째고, 2021년 텍사스 소속으로 빅리그 무대를 밟았던 양현종(현 KIA 타이거즈) 이후 5년 만이다. 미네소타가 2대4로 뒤진 상황에서 등판한 고우석은 9회 한 회를 책임졌다. 18개 공을 던졌고, 최고 구속 시속 95.7마일(약 154㎞)을 찍는 등 속구가 단연 눈길을 끌었다. 고우석은 첫 타자 대니얼 슈니먼을 1루 땅볼로 잡았지만, 후속 타자 패트릭 베일리에게 2구째 몸쪽 슬라이더를 던졌다 우월 솔로 홈런을 허용해 흔들렸다. 그러나 곧장 나선 스티븐 콴을 상대로 10구 승부 끝에 헛스윙 삼진을 잡고, MLB 개인 첫 탈삼진을 기록했다. 이어 트래비스 바자나를 1루 땅볼로 잡으면서 이날 1이닝 1피안타 1탈삼진 1실점으로 경기를 마쳤다."
2026.07.10 09:59,"""제가 이렇게 잘 칠 줄 몰랐죠"" 홈런 치는 두산 '순이', 장타 의심 ...",스타뉴스,"[스타뉴스 | 김동윤 기자] 두산 베어스 팬들이 사랑하는 '순이'가 잠실야구장을 넘어 KBO 리그의 주목받는 젊은 내야수로 성장했다. 박준순(20)은 덕수고 시절부터 타격 하나는 기가 막히게 잘하는 선수로 유명했다. 좀처럼 주눅 들지 않는 멘탈과 야구에 대한 태도에 덕수고 정윤진 감독은 박준순을 매일 야구장까지 출·퇴근을 같이할 정도로 챙겼다. 단 한 가지 의문 부호가 있었다. 고교 3년간 타율 0.425, 39도루를 기록하며 정교함과 주루 능력은 인정받았지만, 프로 무대에서 장타력까지 보여줄 수 있을지에는 의문부호가 붙었다. 부단한 노력 끝에 벌크업한 3학년 시즌에 5개의 홈런을 쳤지만, 몇 개월 만에 그 인식을 뒤집기엔 역부족이었다. 아쉬운 평가에도 탁월한 콘택트 능력만큼은 확실했다. 메이저리그 스카우트들의 관심도 받았던 박준순은 결국 2025 KBO 신인드래프트 1라운드 전체 6순위로 두산 유니폼을 입었다. 지명된 해 11월에는 '2024 퓨처스 스타대상' 스타상도 수상했다. 당시 수상자 선정위원회는 ""박준순은 아마추어 선수답지 않은 변화구 대처 능력을 갖추고 있다. 속구에 대한 반응과 밀어치는 능력도 좋다""고 평가했다. 박준순은 그 평가를 프로 1년 차부터 입증했다. 데뷔 첫해인 지난해 91경기 타율 0.284(282타수 80안타), 2루타 11개, 3루타 2개, 홈런 4개, 19타점, OPS(출루율+장타율) 0.687을 마크했다. 2년 차인 올해는 장타력에 대한 의심까지 지웠다. 5월 허벅지 부상에도 꾸준한 타격을 보이며 전반기를 54경기 타율 0.336(217타수 73안타) 11홈런 39타점, OPS 0.956으로 마쳤다. 특히 드넓은 잠실야구장을 쓰면서도 홈런 11개, 장타율 0.576을 기록한 점이 인상적이다. 단순히 잘 맞히는 타자를 넘어, 이제는 한 방까지 갖춘 내야수로 성장했다. 박준순 자신도 예상하지 못한 변화였다. 최근 잠실야구장에서 스타뉴스와 만난 박준순은 ""컨디션은 쉬고 나오니까 괜찮았던 것 같다. 2군에서 경기를 나간 게 도움이 됐다""라며 ""내가 이렇게 잘 칠 줄은 나도 몰랐다. 치다 보니까 홈런도 나오고 좋은 타구도 많이 나왔다""고 웃었다. 타격폼에 큰 변화가 있었던 것은 아니다. 다만 지난해 퓨처스리그 시절부터 이어온 감각이 올해까지 이어지고 있다. 박준순은 ""폼 자체는 지난해랑 달라진 게 없다. 지난해 5~6월쯤에 퓨처스리그에서 혼자 야간 운동을 하다가 '상체를 조금 펴서 쳐보자'고 시도한 폼이다. 그때부터 잘 맞기 시작했고 지금까지 이어가고 있다""고 설명했다. 고교 시절부터 따라붙었던 장타력에 대한 의문도 크게 의식하지 않았다. 박준순은 ""그런 건 딱히 생각해 본 적 없다. 타이밍이 잘 맞으면 장타는 따라오는 거니까 크게 신경 쓰지 않았다""라고 담담히 말했다. 대신 프로 입단 후 꾸준히 몸을 만들었다. 물론 모든 것이 쉬운 것은 아니다. 박준순은 올해 처음으로 풀타임 시즌을 치르고 있다. 그는 ""첫 풀타임이니까 체력 관리가 좀 힘든 것 같다. 식단 관리는 따로 하는 건 없고, 그냥 많이 자려고 한다. 먹는 건 잘 먹는다""고 미소 지었다. 주변의 도움도 크다. 박준순은 ""(박)찬호 형과 (양)의지 선배님이 많이 조언해주신다""라며 ""특히 찬호 형은 장난도 많이 치고 수비에서 자세를 낮추는 부분 등을 자주 짚어준다. 덕분에 이제는 익숙해지기도 했고 적응도 돼서 딱히 어려운 건 없다""고 밝혔다. 성장은 결과로 이어졌다. 박준순은 잠실야구장에서 마지막으로 열리는 이번 올스타전에 팬 투표로 드림 올스타 2루수로 당당히 뽑혔다. 두산 공식 유튜브를 통해 공개된 올스타전 투표 독려 영상 '날 봐 준순'은 조회수 40만 회를 기록하며 폭발적인 인기를 자랑했다. 팬들이 붙여준 별명도 마음에 든다. 박준순은 ""순이라는 별명이 제일 마음에 든다. 부르기도 쉽고 입에도 착 붙는다. 형들도 '순이'라고 부른다""고 말했다. 박준순은 9월 열릴 2026 아이치·나고야 아시안게임 대표팀에도 이름을 올리며 태극마크까지 달게 됐다. 그는 ""올스타전은 그냥 즐기고 오는 자리라고 생각해서 즐기고 올 예정""이라며 ""대표팀 때문에 2~3주 정도 자리를 비우게 되지만, 우리 팀에 좋은 형들이 많아서 걱정은 없다""고 믿었다. 자신을 향한 의문부호를 빠르게 지워가고 있는 박준순은 이제 잠실에서도 홈런을 치는 내야수로 성장했다. 박준순은 ""안 다치고 전반기에 남은 경기에서 많이 이기고, 후반기에 또 열심히 달려 보겠다""고 당찬 포부를 밝혔다. 김동윤 기자 dongy291@mtstarnews.com"
2026.07.10 09:55,"[사고] 제3회 마이데일리배 전국유소년야구대회, 17일부터 21일까지 개...",마이데일리,"[마이데일리 = 김건호 기자] 마이데일리가 대한유소년야구연맹(회장 이상근)과 함께 전국 최대 규모 유소년 야구 대회인 '제3회 마이데일리배 전국유소년야구대회'를 개최합니다. 한국 야구의 미래를 이끌 꿈나무들이 기량을 마음껏 펼칠 수 있는 무대를 마련했습니다. 제3회 마이데일리배 전국유소년야구대회는 17일부터 21일까지 강원도 횡성군 횡성베이스볼테마파크에서 열립니다. 전국 각지의 대한유소년야구연맹 유소년 선수들이 참가합니다. 주니어리그(16세 이하), 유소년리그(13세 이하), 꿈나무리그(11세 이하), 새싹리그(9세 이하), U12로 나눠 우승팀을 가리게 됩니다. 각종 이벤트도 준비되어 있습니다. '스피드킹 콘테스트', '홈런더비 콘테스트' 그리고 제3회 대회에서 새롭게 선보이는 '제구왕 콘테스트'가 마련돼 있습니다. 제3회 마이데일리배 전국유소년야구대회는 마이데일리가 주최하고, 대한유소년야구연맹이 주관합니다. 횡성군, 횡성군체육회, 국민체육진흥공단, 한국도핑방지위원회, 한국스포츠레저(주), 한미사이언스, 스포페이, 애플라인드, 한강식품, 스포노베이션, 메디앳, 유니시티코리아, 글로우핏, 보령헬스케어에서 후원합니다. ◆ 제3회 마이데일리배 전국유소년야구대회 - 일시 : 2026년 7월 17일(수)~21일(화) - 장소 : 강원도 횡성군 횡성베이스볼테마파크"
2026.07.10 09:42,"'미쳤다' 한화 23살 괴물 포수 이런 날 상상했나…""너무 잘해"" 11년...",마이데일리,"[마이데일리 = 이정원 기자] 최고의 전반기를 보낸 허인서는 신인왕과 골든글러브를 모두 가져올 수 있을까. 허인서는 여수중-효천고 출신으로 2022 신인 드래프트 2차 2라운드 11순위로 한화 지명을 받은 선수. 2022시즌이 끝난 후 곧장 국군체육부대(상무)로 향해 군 문제를 해결했다. 지난 시즌 1군 20경기에 나서며 경험을 쌓았고, 퓨처스리그에서는 KBO 역대 3호 4연타석 홈런을 날리며 팬들의 주목을 받았다. 그리고 올 시즌 최재훈을 넘어 한화의 주전 포수로 당당하게 자리 잡았다. 기록이 말해준다. 73경기에 나와 62안타 12홈런 45타점 39득점 타율 0.292로 맹활약했다. 특히 5월 활약이 돋보였다. 5월에만 9홈런을 폭발시켜 5월 홈런 단독 1위에 이름을 새겼다. 장타율 0.728로 강백호 이어 2위, 타점 역시 25타점으로 노시환과 함께 공동 2위에 올랐다. 5월 29일 대전 SSG 랜더스전에서는 10홈런을 날리며 데뷔 첫 두 자릿수 홈런도 기록했다. 한화 소속 포수가 두 자릿수 홈런을 날린 건 2015년 조인성 이후 무려 11년 만이었다. 6월 타율 0.275(69타수 19안타)로 다소 주춤했지만, 7월 6경기에서 8안타 1홈런 5타점 6득점 타율 0.364를 폭발하며 전반기를 아름답게 마무리했다. 특히 전반기 마지막 10경기 타율은 0.371(35타수 13안타)에 달했다. 전반기의 활약을 바탕으로 올스타전에도 나선다. 1990년 유승안 이후 36년 만에 올스타 베스트에 뽑힌 한화 포수가 되었다. 팬투표를 통해 홈런더비에도 나선다. 한화 주전 포수, 올스타 포수를 넘어 신인왕, 골든글러브를 바라본다. 결코 꿈이 아니다. 지난 시즌까지 누적 타석 수가 49타석, 이제 5년 차다. KBO 신인상은 '최근 5년 이내 입단' 및 '타자 누적 60타석 이하'면 조건 충족이다. 조건을 갖췄다. 1987년 이정훈(빙그레), 2001년 김태균, 2006년 류현진, 2023년 문동주 다음으로 이글스 역대 5번째 신인왕이 될 수 있다. 또한 2011년 이래 지난 시즌까지 두산 베어스 양의지와 삼성 라이온즈 강민호가 양분해왔는데, 허인서가 새롭게 도전장을 내밀었다. 후반기에도 전반기와 같은 활약을 이어간다면 불가능은 아니다. 시즌 시작 전에 최재훈은 허인서를 두고 ""한화도 포수가 강하다고 생각한다. 인서는 나중에 국가대표에 뽑힐 선수다. 너무 잘하고 있어서 너무 뿌듯하고 내가 없어도 잘할 거라 생각한다""라고 말한 바 있다. 최재훈이 말한 것처럼 허인서가 리그를 대표하는 포수로 성장하고 있다."
2026.07.10 09:42,"그래도 아직, 양현종이다…위기의 KIA 수렁에서 건진 혼신의 144km,...",OSEN,"[OSEN=부산, 조형래 기자] “예전의 좋았던 게 느껴졌다.” 5연패로 전반기를 끝낼 위기, 그래도 KIA 타이거즈에는 영원한 에이스 양현종이 있었다. 양현종은 9일 부산 사직구장에서 열린 프로야구 정규시즌 롯데 자이언츠와의 경기에 선발 등판해 5이닝 5피안타 1볼넷 1탈삼진 1실점의 역투를 기록하고 마운드를 내려왔다. 승리 투수 요건을 갖추고 마운드를 내려왔고 시즌 6승째를 수확했다. 팀도 4연패를 탈출하고 전반기를 마무리 지을 수 있었다. 양현종에 앞서 치른 2경기, KIA는 모두 두 자릿수 실점을 하면서 대패를 당했다. 양현종의 어깨는 무거울 수밖에 없었다. 이범호 감독은 이번 롯데 3연전 총력전을 선언했는데, 총력전을 실행할 수도 없을 정도로 일찌감치 무너졌다. 이날 경기도 패할 수 없었던 KIA는 에이스 양현종에게도 특별히 부탁을 했다. “1회부터 전력으로 던져달라”고 주문했다. 불펜진도 빠르게 가동하겠다는 의지를 내비쳤다. 이후 또 다른 선발 자원 황동하가 준비하고 있었고 이틀간 쉰 필승조 자원들도 빠르게 투입하겠다는 의지를 내비쳤다. 하지만 그럴 필요가 없었다. 양현종이 롯데 타자들을 효과적으로 틀어막았다. 이틀간 두 자릿수 득점으로 마운드를 두들긴 롯데 타자들을 힘으로 제압했다. 올 시즌 양현종의 패스트볼 평균 구속은 130km대를 형성했다. 하지만 이날 양현종은 최고 구속 시속 144km, 평균 구속 140km를 찍었다. 말 그대로 전력을 다해 던졌다. 양현종의 올해 구위를 생각한 롯데 타자들은 예상 외의 구속과 구위에 배트가 밀렸다. 그렇게 양현종의 호투, KIA의 4연패 탈출이 완성됐다. 경기 후 양현종은 “이틀 간 롯데 타자들의 컨디션이 정말 좋다는 생각을 했고 거기에 맞게 준비를 했다. 피하기 보다는 그래도 공격적으로 들어가서 인플레이 타구를 빨리 만들고 아웃카운트로 바꾼다는 식으로 던졌다”며 “컨디션이 좋았고 공격적으로 들어가서 많은 이닝은 아니지만 그래도 5이닝을 잘 마치고 내려갔다”라고 되돌아봤다. 양현종은 코칭스태프의 부탁을 받아들였다. 그는 “선발 당일에는 많이 예민해져서 이런저런 얘기를 많이 안 들으려고 한다. 그런데 감독님께서 오늘은 중간 투수들도 많이 쉬었고 전반기 마지막 경기라서 일찍 교체할 수도 있다. 이기는 경기를 하고 싶다고 말씀을 하셔서 전력을 다해 던져줬으면 하는 요청을 하셨다. 크게 생각은 안했지만 공격적으로 던지다 보니까 1회부터 강하게 던졌다”고 설명했다. 이날 구속에 대해서는 전성기의 좋았던 느낌을 되찾았다고 언급했다. “오늘은 예전의 좋았던 느낌, 그런 무브먼트가 느꼈다. 저도 정말 후련하게 공을 던진 것 같다”고 말하는 양현종이다. 구속에 대해서는 “더 좋아지지 않을까 하는 생각도 한다. 아직 100%는 아니지만 아픈 건 없다. 오늘 전력으로 던졌기 때문에 앞으로 어떤 모습 보여줄 지는 더 기대가 된다”라고 힘주어 말했다. 올해 양현종은 퀄리티스타트가 없다. 6이닝 이상 소화한 경기도 없다. 스스로도 “부족하다”고 고백한다. 그러면서 “예전에는 제가 한 경기를 책임질 수 있는 힘이 있었지만 지금은 그런 힘이 없다. 항상 중간 투수들에게 부탁하는 입장이었다. 올해 6이닝 이상 던진 적이 없어서 미안하고 고맙게 생각을 한다”고 고개를 숙였다. 그러면서 더 많은 이닝, 예전의 양현종처럼 한 경기를 오롯이 책임지는 투수로 돌아가고 싶은 마음도 전했다. 그는 “한 경기를 책임질 수 있는 힘이 있었던 옛날 생각도 나긴 한다”면서 “더 많이 던지고 싶고 중간 투수들의 부담을 덜어주고 싶은 마음도 있다. 후반기도 그렇가 야구 유니폼을 벗는 날까지 항상 그 마음을 자고 있을 것 같다”라고 강조했다. /jhrae@osen.co.kr"
2026.07.10 09:41,"미국행 2년8개월 만에, 고우석 빅리그 데뷔…1이닝 1실점",한겨레,"고우석(27·미네소타 트윈스)이 드디어 빅리그 마운드에 올랐다. 메이저리그에 도전장을 내민 지 2년8개월 만이다. 고우석은 10일(한국시각) 미국 미네소타주 미니애폴리스 타깃필드에서 열린 2026 미국 메이저리그(MLB) 클리블랜드 가디언스와 안방 경기에서 팀이 2-4로 뒤진 9회초 네 번째 투수로 등판했다. 고우석은 1995년 박찬호 이후 30번째 한국인 빅리거가 됐다. 투수로는 16번째다. 1이닝을 책임진 고우석은 1피안타(1피홈런) 1탈삼진 1실점을 기록했다. 그는 속구 9개, 스플리터 6개, 슬라이더 3개 등 모두 18개 공을 던졌다. 빠른 공 최고 구속은 시속 95.7마일(약 154㎞)을 기록했다. 고우석은 첫 타자 대니얼 슈니먼을 상대로 1루 땅볼을 유도하며 산뜻하게 출발했다. 하지만 두 번째 타자 패트릭 베일리에게 솔로 홈런을 맞았다. 데뷔전에서 첫 홈런을 맞은 고우석은 더 이상 흔들리지 않고 남은 타자들을 삼진과 땅볼로 처리하며 이닝을 마무리했다. 미네소타는 9회말 마지막 공격에서 경기를 뒤집지 못하고 2-5로 패했다. 엘지(LG) 트윈스 마무리 투수로 활약했던 고우석은 2023년 시즌 뒤 메이저리그 진출을 선언했고 포스팅 시스템을 통해 샌디에이고 파드리스와 2년 총액 450만 달러(약 68억원)에 계약했다. 하지만 이후 마이너리그를 전전하며 메이저리그 데뷔 기회를 잡지 못했다. 고우석은 지난 8일 미네소타로 이적한 뒤, 마침내 빅리그 26인 로스터에 이름을 올렸고, 10일 꿈에 그리던 빅리그 마운드에 올랐다. 손현수 기자 boysoo@hani.co.kr"
2026.07.10 09:37,"‘폼 바꾸러 간 것 아니다’ 김서현 일본행, ‘내 몸의 정답’ 찾기 위한...",MHN스포츠,"(MHN 정철우 기자) 한화 이글스 김서현이 일본으로 떠났다. 단순한 휴식도, 분위기 전환을 위한 여행도 아니다. 자신의 투구를 다시 들여다보기 위한 단기 연수다. 김서현은 권민규와 함께 지난 7일 일본 지바현 이치카와시에 위치한 스포츠 과학 훈련 시설 ‘넥스트 베이스 애슬레틱스 랩(NEXT BASE ATHLETES LAB)’으로 출국했다. 예정된 연수 기간은 약 2~3주. 7월 말 귀국할 계획이다. 시선은 자연스럽게 김서현의 투구 폼으로 향한다. 그럴 수밖에 없다. 김서현은 프로 입단 이후 끊임없이 투구 폼 논쟁의 중심에 서 있었다. 팔 높이가 달라졌고, 준비 동작이 바뀌었으며, 밸런스를 잡기 위한 여러 시도가 이어졌다. 잘 던질 때는 독특한 리듬이 장점으로 평가받았지만 제구가 흔들리면 같은 동작이 불안정성의 원인으로 지목됐다. 그러나 이번 일본 연수를 단순한 ‘폼 수정 프로젝트’로 규정하는 것은 넥스트 베이스 애슬레틱스 랩의 성격과도, 김서현에게 필요한 처방과도 조금 거리가 있다. 오히려 반대일 가능성이 크다. 김서현에게 지금 필요한 것은 남들이 보기 좋은 투구 폼이 아니다. 자신의 신체 능력을 가장 효율적으로 사용할 수 있는 메커니즘을 찾는 일이다. 그리고 바로 그 지점에서 이번 일본행의 의미가 커진다. 넥스트 베이스 애슬레틱스 랩은 단순히 영상을 보고 “팔을 조금 올려라”, “상체를 닫아라”, “축발을 더 버텨라”고 주문하는 전통적인 형태의 투수 교정 시설과는 성격이 다르다. 이곳은 모션캡처 시스템과 포스플레이트, 구질 추적 장비, 하이스피드 카메라 등을 활용해 투수의 움직임을 세밀하게 측정한다. 핵심은 ‘모양’이 아니라 ‘힘의 흐름’이다. 투수가 마운드에서 공 하나를 던질 때 힘은 갑자기 오른팔에서 만들어지는 것이 아니다. 지면을 밟고 밀어내는 과정에서 시작해 하체와 골반, 몸통, 어깨와 팔을 거쳐 마지막 순간 손가락을 통해 공으로 전달된다. 어느 구간에서 힘을 충분히 만들고 있는지, 만들어진 힘이 다음 단계로 제대로 넘어가는지, 특정 관절이 다른 부위의 부족분을 과도하게 떠안고 있지는 않은지를 분석하는 것이 이 시설의 중요한 특징이다. 김서현에게 이 접근법이 특별히 의미 있는 이유가 있다. 김서현은 평범한 신체 능력을 가진 투수가 아니다. 고교 시절부터 시속 150㎞ 중후반의 강속구를 던졌고, 순간적으로 폭발적인 힘을 만들어내는 능력은 국내 투수 가운데서도 최상급으로 평가받았다. 문제는 힘이 없어서가 아니었다. 오히려 너무 뛰어난 신체 능력을 어떻게 통제하고, 어떻게 반복 가능한 형태로 연결하느냐가 늘 숙제였다. 때문에 김서현에게 다른 투수의 성공 공식을 그대로 입히는 것은 위험할 수 있다. 어떤 투수는 높은 팔 각도에서 안정성을 얻는다. 어떤 투수는 디딤발을 강하게 고정해야 힘을 제대로 전달한다. 또 다른 투수는 빠른 골반 회전이 장점이지만, 누군가에게 같은 움직임을 강요하면 오히려 상·하체 타이밍이 깨질 수 있다. 투구 폼에는 정답이 하나가 아니다. 중요한 것은 그 투수의 관절 가동 범위와 근력, 유연성, 회전 능력, 지면 반력 사용 방식에 맞는 동작인가 하는 점이다. 김서현의 투구 폼 논란도 결국 여기서 다시 볼 필요가 있다. 그동안 김서현을 둘러싼 논쟁은 주로 겉으로 보이는 동작에 집중됐다. 팔이 너무 낮다는 지적이 있었고, 동작이 급하다는 평가가 나왔다. 릴리스 포인트가 일정하지 않다는 분석도 뒤따랐다. 실제로 김서현은 투구 폼을 두고 적지 않은 시행착오를 겪었다. 2024년에는 고교 시절 폼으로 돌아간 뒤 “투구 폼을 헤맨 시간이 아깝다”는 취지의 말까지 했다. 한 번의 수정이 또 다른 수정으로 이어질 경우 투수 스스로 자신의 감각을 잃을 수 있다는 것을 이미 경험한 셈이다. 그래서 이번에는 접근이 달라야 한다. ‘어떤 폼으로 던져야 하는가’를 먼저 정해 놓고 몸을 거기에 맞추는 것이 아니라, ‘김서현의 몸은 어떤 방식으로 움직일 때 가장 효율적인가’를 먼저 찾아야 한다. 넥스트 베이스 애슬레틱스 랩의 특성은 바로 이 질문과 맞닿아 있다. 이곳의 투구 바이오메카닉스 프로그램은 투구 중 생성되는 역학적 에너지의 크기와 전달 효율을 측정한다. 포스플레이트를 통해 지면에서 힘을 어떻게 받아들이고 사용하는지 살피고, 모션캡처로 신체 각 부위의 움직임을 추적한다. 여기에 구속과 회전수, 변화량 같은 공의 결과를 함께 놓고 본다. 신체의 움직임과 실제 공의 질을 따로 떼어 보지 않는 것이다. 더 흥미로운 것은 손가락 움직임까지 분석 대상에 포함된다는 점이다. 김서현 같은 투수에게는 이 대목도 중요할 수 있다. 강한 팔 스피드를 갖고 있다고 해서 반드시 좋은 패스트볼이 만들어지는 것은 아니다. 마지막 순간 손가락이 공에 어떤 힘을 가하는지, 릴리스가 어느 방향으로 이뤄지는지에 따라 회전축과 회전 효율, 공의 움직임은 달라질 수 있다. 몸 전체에서 만들어진 에너지가 마지막 손끝에서 제대로 공으로 전달되지 못한다면 그 앞 과정의 힘도 상당 부분 낭비될 수 있다. 결국 이번 연수에서 기대할 수 있는 것은 ‘새로운 김서현 만들기’가 아니다. 오히려 ‘원래 김서현이 가진 것을 가장 효율적으로 쓰는 방법 찾기’에 가깝다. 예를 들어 분석 결과 김서현이 하체에서 충분한 힘을 만들고도 골반과 몸통 사이에서 에너지를 잃고 있다는 결론이 나올 수 있다. 반대로 하체 사용 자체가 자신의 신체 특성과 맞지 않아 상체가 급하게 열리고 있을 수도 있다. 디딤발이 문제처럼 보였지만 실제 원인은 그 이전 단계인 중심 이동에 있을 수도 있다. 릴리스 포인트의 흔들림 역시 팔 자체의 문제가 아니라 골반 회전과 몸통 기울기의 타이밍에서 시작됐을 가능성을 배제할 수 없다. 겉으로는 모두 ‘제구 불안’이라는 하나의 결과로 나타난다. 그러나 원인은 전혀 다를 수 있다. 바로 그래서 데이터가 필요하다. 김서현은 올 시즌 극심한 제구 난조를 겪었다. 1군 12경기에서 1승 2패 1세이브, 평균자책점 12.38. 8이닝 동안 사사구가 19개에 달했다. WHIP는 3.00까지 치솟았다. 지난해 69경기에서 33세이브를 거두며 한화의 마무리로 자리 잡았던 투수라고 보기 어려운 추락이었다. 공이 갑자기 사라진 것은 아니다. 신체 능력이 한순간에 없어진 것도 아니다. 그러나 자신이 가진 힘을 스트라이크존 안에서 반복적으로 구현하지 못했다. 여기에 김서현 문제의 본질이 있다. 시속 155㎞를 던지는 능력과 시속 155㎞의 공을 원하는 곳에 반복해서 던지는 능력은 전혀 다른 영역이다. 전자는 폭발력의 문제지만 후자는 메커니즘과 재현성의 문제다. 마무리 투수에게 필요한 것은 한 번의 최고 구속이 아니라, 압박이 가장 큰 순간에도 같은 동작을 다시 만들어낼 수 있는 능력이다. 김서현은 이미 자신에게 맞지 않는 변화가 얼마나 큰 혼란을 만들 수 있는지 경험했다. 따라서 이번 일본 연수의 성패를 “팔 높이가 달라졌는가”, “투구 폼이 간결해졌는가”로 평가해서는 안 된다. 오히려 폼이 거의 바뀌지 않을 수도 있다. 그것도 충분히 성공일 수 있다. 측정을 통해 현재의 팔 각도가 김서현의 어깨 가동 범위와 몸통 회전 특성에 가장 자연스럽다는 결론이 나온다면 굳이 바꿀 이유가 없다. 대신 하체가 힘을 만드는 시점, 골반이 열리는 타이밍, 몸통이 회전하는 순서, 디딤발 착지 이후 중심 이동 같은 세부 요소를 조정할 수 있다. 외형은 비슷하지만 내부의 힘 전달 방식은 달라질 수 있다. 이것이 김서현에게 가장 필요한 변화일 가능성이 있다. 김서현의 투구는 늘 강렬했다. 하지만 강렬함과 안정성은 좀처럼 함께 가지 못했다. 좋을 때는 타자가 알고도 치기 어려운 공을 던졌지만, 흔들리기 시작하면 스트라이크 하나를 잡는 것조차 힘겨워졌다. 그 극단적인 편차를 줄이는 것이 지금 가장 중요한 과제다. 넥스트 베이스 애슬레틱스 랩이 강조하는 것도 결국 개인화다. 선수마다 다른 신체 특성을 측정하고, 그 결과에 맞춰 훈련 방향을 제시한다. 측정에서 끝나는 것이 아니라 분석 결과를 실제 트레이닝으로 연결하는 구조를 갖고 있다. 전문 분석 인력뿐 아니라 퍼포먼스와 컨디셔닝 영역을 연결해 처방한다는 점도 특징이다. 김서현에게 필요한 것은 바로 이런 과정일 수 있다. 누군가의 눈에 이상적인 폼이 아니라 자신이 반복할 수 있는 폼. 가장 빠른 공을 한 번 던지는 동작이 아니라 1년 동안 유지할 수 있는 동작. 힘을 억지로 끌어내는 방식이 아니라 이미 갖고 있는 폭발력을 가장 적은 손실로 공까지 전달하는 방식. 이번 연수에서 김서현이 찾아야 할 답은 어쩌면 투구 폼 자체가 아닐 수 있다. 자신의 몸을 이해하는 법일 수 있다. 어디서 힘이 만들어지고, 어디서 힘을 잃으며, 어떤 움직임에서 릴리스가 흔들리는지 숫자로 확인할 수 있다면 그동안 감각에 의존했던 시행착오를 줄일 수 있다. “오늘은 느낌이 좋다”와 “오늘은 뭔가 안 맞는다” 사이를 오가는 대신, 무엇이 달라졌는지를 확인할 기준을 만들 수 있다. 2~3주는 길지 않다. 이 기간 안에 무너진 마무리 투수가 완전히 재탄생할 것이라고 기대하는 것은 무리다. 일본에서 돌아오자마자 제구가 완벽해질 것이라고 단정할 수도 없다. 하지만 방향을 찾기에는 의미 있는 시간이 될 수 있다. 김서현은 이미 빠른 공을 던질 수 있다. 이미 KBO리그에서 33세이브를 거둔 경험도 있다. 새 능력을 처음부터 만들어야 하는 투수가 아니다. 자신이 갖고 있는 능력을 다시 꺼내고, 그것을 반복할 수 있는 구조를 찾으면 된다. 그래서 이번 일본행은 ‘투구 폼 개조’라는 말보다 ‘김서현 사용 설명서 찾기’에 더 가깝다. 팔을 올릴 것인가, 내릴 것인가가 먼저가 아니다. 다리를 어떻게 들 것인가도 출발점은 아니다. 김서현의 몸이 어떤 순서로 움직일 때 가장 큰 힘을 만들고, 그 힘을 가장 안정적으로 공에 전달할 수 있는지를 찾아야 한다. 어쩌면 김서현이 일본에서 가져와야 할 것은 새로운 폼이 아닐지 모른다. 자신의 몸에 맞는 메커니즘. 그 답을 찾는다면 160㎞의 강속구보다 더 중요한 것을 얻어 올 수 있다. 다시 흔들렸을 때 돌아갈 수 있는 기준이다."
2026.07.10 09:23,"삼성, 11년 만에 전반기 1위 확정…KIA는 4연패 탈출 [9일 상보 ...",MHN스포츠,"(MHN 황혜성 기자) 삼성 라이온즈가 LG 트윈스와의 전반기 마지막 맞대결에서 승리하며 11년 만에 전반기 1위를 차지했다. 삼성은 9일 대구 삼성라이온즈파크에서 열린 2026 신한 SOL Bank KBO리그 LG와의 홈 경기에서 6-5로 승리했다. 경기 초반부터 치열한 공방전이 펼쳐졌다. 삼성은 1회 박승규의 2루타와 구자욱의 적시타를 묶어 선취점을 뽑았지만, LG가 2회 오지환의 2타점 적시타로 경기를 뒤집었다. LG는 3회에도 희생플라이로 한 점을 추가했다. 삼성은 최형우의 적시타와 양우현의 희생플라이로 3-3 균형을 맞춘 뒤 경기 후반 승부를 뒤집었다. 김영웅은 8회 시즌 첫 홈런을 터뜨리며 승리에 힘을 보탰다. 이승민이 승리투수, 약셀 리오스가 패전투수가 됐다. 삼성은 51승 32패 2무, 승률 0.614로 전반기를 1위로 마쳤다. 52승 33패, 승률 0.612를 기록한 LG를 승률 2리 차로 따돌렸다. 삼성이 전반기 1위를 차지한 것은 2015년 이후 11년 만이다. KIA 타이거즈는 사직에서 롯데 자이언츠를 5-2로 꺾고 연패에서 벗어났다. 선발 양현종이 5이닝 1실점 호투하며 롯데 타선을 막아냈다.타선에서는 헤럴드 카스트로가 2회 결승 솔로 홈런을 터뜨렸고, 김도영은 3회 적시타와 6회 시즌 27호 솔로포를 기록했다. 나성범은 8회 쐐기 투런포를 보탰다. 앞선 두 경기에서 롯데에 연달아 패했던 KIA는 전반기 마지막 경기에서 설욕에 성공하며 4연패를 끊었다. 양현종이 승리투수, 김진욱이 패전투수가 됐다. 두산 베어스는 잠실에서 SSG 랜더스를 7-0으로 완파하고 전반기 마지막 경기를 승리로 장식했다. 선발 잭 로그가 SSG 타선을 5이닝 무실점으로 봉쇄하며 승리의 발판을 놓았다. 타선에서는 안재석과 강승호가 나란히 투런 홈런을 터뜨렸다. 안재석은 2회 선제 결승 투런포를 쏘아 올렸다. 경기 도중 비로 인해 44분 동안 경기가 중단됐지만, 두산은 흐름을 잃지 않고 리드를 끝까지 지켰다. 로그가 승리투수, 토마스 해치가 패전투수가 됐다. 두산은 2연승과 함께 SSG와의 전반기 마지막 3연전을 위닝시리즈로 마쳤다. 한화 이글스는 대전에서 NC 다이노스를 6-4로 제압했다. 한화는 경기 초반 2-0으로 앞선 가운데 3회말 종료 후 폭우로 경기가 47분 동안 중단되는 변수를 맞았다. 경기 재개 후 2점을 보태 4-0까지 달아났지만, NC에 추격을 허용하며 7회 4-4 동점을 내줬다. 승부는 8회말 갈렸다. 오재원이 우중간을 가르는 적시 3루타를 터뜨렸다. 이어 대타 황영묵의 적시타까지 나오며 한화가 6-4로 달아났다. 오재원은 결승 3루타를 포함해 3안타 3타점 2득점으로 활약했다. 이상규가 승리투수, 이민우가 세이브를 기록했고 토다 나츠키가 패전투수가 됐다. 한화는 2연패를 끊고 전반기 마지막 경기를 승리로 마쳤다. 수원 KT위즈파크에서 열린 KT 위즈와 키움 히어로즈의 경기는 비로 인해 노게임이 선언됐다. KBO리그는 전반기 일정을 모두 마친 뒤 올스타 휴식기에 들어간다."
2026.07.10 09:21,"[오피셜]KBO리그 흥행 대폭발, 역대 전반기 최다 관중 신기록",MHN스포츠,"(MHN 정철우 기자) KBO리그가 최다 관중 기록을 다시 썼다. 역대 전반기 최다 관중 기록을 세웠다. 한국야구위원회(KBO)는 9일 전반기(424경기) 기준 총 관중이 763만3775명으로 집계됐다고 밝혔다. 지난해 전반기 440경기에서 기록한 이전 최다 기록 758만228명보다 7% 증가한 수치다. 경기 수는 줄었는데 관중은 오히려 더 늘어났다. 경기당 평균 관중은 1만8004명으로 지난해 전반기 평균 1만7228명을 넘어섰다. KBO는 현재 추세가 이어질 경우 올 시즌 총관중이 1296만2880명에 이를 것으로 전망했다. 전반기 마지막 날인 이날에도 관중들이 줄을이었다. 전국 5개 구장에 7만3966명이 입장했다. 와 2만4000석이 매진 됐다. 와 가 맞붙은 부산 경기 역시 2만3200명으로 경기장이 가득 찼다. 와 의 잠실 경기에는 1만2961명, 와 NC 다이노스의 대전 경기에는 1만3805명이 찾았다. 폭우가 쏟아지는 와중에도 많은 관중이 야구장을 찾았다. KBO리그는 전반기를 마치고 올스타 브레이크에 돌입한다. 올스타전은 11일 서울 잠실구장에서 열린다. 후반기 시작은 16일이다. 10개 구단은 휴식과 재정비를 거쳐 후반기를 맞이 한다."
2026.07.10 09:11,"병살타보다 더 충격적이었다…천성호 가족 향한 도 넘은 악성 DM, 이건 ...",OSEN,"[OSEN=손찬익 기자] 야구는 사람이 하는 스포츠다. 승부는 냉정하지만, 그 결과가 선수와 가족을 향한 무차별적인 악성 메시지로 이어져서는 안 된다. LG 트윈스 내야수 천성호가 전반기 마지막 경기에서 아쉬운 병살타를 기록한 뒤 가족을 향한 도를 넘은 악성 메시지가 이어지면서 프로야구 선수와 가족을 향한 온라인 폭력이 다시 도마 위에 올랐다. 천성호는 지난 9일 대구삼성라이온즈파크에서 열린 삼성 라이온즈와의 전반기 마지막 경기에서 5-6으로 뒤진 9회 2사 만루에서 김재윤의 초구를 받아쳤지만 병살타로 연결되며 경기가 끝났다. 그는 어떻게든 살기 위해 1루까지 헤드 퍼스트 슬라이딩을 시도했지만 아웃 판정을 받았고, LG는 전반기를 2위로 마감했다. 경기 직후 일부 팬들의 비난은 선수 개인을 넘어 가족에게까지 향했다. 천성호의 아내 인스타그램에는 자녀를 거론하며 입에 담기 어려운 욕설과 저주성 메시지가 담긴 다이렉트 메시지(DM)가 공개됐다. 단순한 경기 비판이나 아쉬움의 표현을 넘어 가족까지 겨냥한 인신공격이었다. 선수의 플레이에 대한 평가는 있을 수 있다. 하지만 가족을 향한 욕설과 협박성 표현은 스포츠의 영역을 벗어난 명백한 온라인 폭력이다. 더욱이 천성호는 이날 병살타만 기록한 선수가 아니었다. 멀티히트를 기록하며 끝까지 팀 승리를 위해 뛰었고, 올 시즌 전반기 74경기에 출전해 타율 2할8푼1리, 56안타, 26타점, 33득점, 5도루를 기록하며 LG 내야의 한 축을 맡아왔다. 경기 결과 하나로 선수의 모든 노력과 가족의 일상까지 공격받아야 할 이유는 없다. 이 같은 악성 행위에 대해 한국프로야구선수협회도 강경 대응 방침을 분명히 하고 있다. 선수협은 지난달 11일 보도자료를 통해 선수들을 향한 SNS 악성 댓글과 협박, 스토킹, 성추행 등 피해 사례가 예상보다 훨씬 심각한 수준이라고 밝혔다. 지난해부터 피해 사례를 접수해 법적 대응에 나섰고, 국내 대형 로펌 김앤장과 업무협약을 맺어 대응 체계를 구축했다. 선수협은 현재 일부 사건의 경우 해외 플랫폼과 국제 공조를 거쳐 피의자가 특정돼 경찰 수사가 진행 중이라고 밝혔다. 장동철 선수협 사무총장은 당시 ""악플러들의 행위는 범죄의 영역을 넘나들 만큼 갈수록 심각해지고 있다""며 ""실제 처벌 사례가 많지 않아 오히려 더 기승을 부리고 있다. 선수들이 더 이상 혼자 감당하지 않도록 원칙대로 강경 대응하겠다""고 강조했다. 선수는 경기장에서 평가받는다. 잘하면 박수를 받고, 못하면 비판도 감수해야 한다. 하지만 가족은 다르다. 가족은 경기 결과와 아무런 관련이 없다. 익명성 뒤에 숨어 선수의 배우자와 자녀를 향해 저주와 욕설을 퍼붓는 행위는 결코 팬심으로 포장될 수 없다. 이는 비판의 영역을 넘어선 명백한 범죄 행위다. 선을 넘은 악성 댓글과 DM에 대해서는 더 이상 '팬이니까', '감정이 격해서'라는 이유로 넘어가서는 안 된다. 피해를 입은 선수와 가족들도 혼자 감내하지 말고 주저 없이 법적 대응에 나설 필요가 있다. 그래야 또 다른 피해를 막을 수 있고, 무엇보다 선수와 가족, 그리고 대다수 선량한 팬들까지 함께 보호받는 건강한 야구 문화를 만들 수 있다. /what@osen.co.kr"
2026.07.10 09:07,'ML 러브콜' 엄준상·하현승·김지우 총출동→즉시전력 2학년 배터리도 가...,스타뉴스,"[스타뉴스 | 김동윤 기자] 최선의 한국 야구 18세 이하(U-18) 청소년대표팀이 꾸려졌다. 미국프로야구 메이저리그(MLB) 도전에 나선 덕수고 유격수 엄준상(18)을 비롯해 고교 최대어 하현승(18·부산고)와 '빅3' 김지우(18·서울고)까지 모두 모였다. 대한야구소프트볼협회는 오는 9월 7일부터 9월 13일까지 대만 타이베이에서 개최되는 제14회 아시아청소년야구선수권대회에 참가할 청소년 국가대표 코치진과 선수를 확정했다. 협회는 지난 6일 경기력 향상위원회 회의를 개최했다. 정윤진 덕수고 감독이 이끄는 이번 대표팀은 청원고 김수관 감독(수석코치), 순천효천고BC 정진 감독(투수코치), 전주고 최대곤 감독(야수코치), 중앙고 남인환 감독(불펜코치)를 각 분야별 코치로 선임했다. 이번 대표팀에서 눈에 띄는 건 크게 두 가지다. 예년과 달리 MLB 계약을 체결한 유망주들도 태극마크를 달았다는 것과 2학년 선수들의 발탁이다. 먼저 MLB의 뜨거운 러브콜을 받은 초고교급 이도류 유망주들이 대거 승선했다. 메이저리그 애리조나 다이아몬드백스와 공식 입단 계약을 체결한 덕수고 엄준상이 대표적이다. 엄준상은 지난달 17일 애리조나와 150만 달러 계약을 체결하고 미국 도전에 나섰다. 투타 겸업으로 뉴욕 양키스의 파격적인 제안을 거절하고 국내 무대를 택한 부산고 하현승과 150만 달러 이상의 계약금을 제시받은 서울고 김지우 등 다른 빅3 유망주도 승선했다. 비공식 최고 시속 157㎞ 강속구를 자랑하는 윤예성(17·인창고)은 한화이글스배 고교·대학 올스타전 MVP를 차지한 박근서(18·서울디자인고 3)와 함께 대표팀 마운드를 이끈다. 195㎝ 장신에서 강속구를 뿜어내는 우완 정통파 곽도현(18·부산공고 3)과 묵직한 직구를 앞세운 김민훈(18·광주진흥고 3)이 합류해 마운드의 철벽을 세운다. 대표팀 관계자는 스타뉴스에 ""미국 진출 여부와 상관없이 최고의 전력을 꾸리려 노력했다""고 밝혔다. 2학년 선수들이 포함된 것도 눈에 띈다. 그동안 U-18 대표팀에 2학년 학생 1~2명을 발탁한 건 잠재력 높은 유망주에게 국제대회 경험을 미리 경험시켜주기 위함이 강했다. 2학년 신분으로 U-18 대표팀에 발탁된다는 건 같은 나이대 최고 유망주로 인정받았다는 증거이기도 했다. 하지만 올해는 실질적으로 경기에도 도움이 될 수 있는 최고 유망주들이 참가했다. 대전고 2학년 좌완 한규민(17)은 올해 13경기 6승 1패 평균자책점 1.11, 57이닝 68탈삼진으로 최고의 성과를 낸 유망주다. 지난 황금사자기 준우승 역시 그의 역할이 지대했다. 세광고 2학년 전영훈(17)은 공격력과 수비력을 모두 갖춘 고교 최고 포수 중 하나로 통한다. 1학년 때부터 주전으로 활약하며 경험을 쌓았고 올해는 19경기 타율 0.421(57타수 24안타) 2홈런 23타점 18득점 4도루, 출루율 0.560 장타율 0.667 OPS 1.227을 마크하며 타격도 일취월장했다. 올해 3학년 포수들이 부상과 부진으로 고전하는 가운데, 전영훈은 수비에 강점이 있는 원지우(18·강릉고)의 뒤를 든든히 받쳐줄 선수로 기대된다. 내야진에는 탁월한 수비 능력을 자랑하는 우주로(18·대전고)와 남현우(18·서울컨벤션고)가 탄탄한 그물망 수비로 내야 전체를 진두지휘한다. 여기에 날카로운 스윙과 주력을 겸비한 강인규(18·청주고)도 활력을 더한다. 외야와 안방 역시 견고한 짜임새를 갖췄다. 황금사자기 우승 주역인 공수 겸장 외야수 장민제(18·충암고)와 빠른 발을 활용해 공격의 첨병 역할을 할 조희성(18·유신고)이 타선을 이끈다. 타선에서는 폭발적인 장타력을 보유한 이호민(18·경남고)과 키 188cm, 몸무게 110kg의 체격에서 파괴력을 뿜어내는 황성현(18·덕수고)이 엮어내는 막강한 거포 라인이 중심타선에서 맹활약할 것으로 기대된다. 이번 제14회 아시아 청소년야구선수권대회(18세 이하)는 총 8개국이 참가한다. 2개 조 예선 라운드 상위 2팀이 슈퍼라운드에 진출해 예선 라운드 상대 전적(1경기)과 슈퍼라운드 성적(2경기)을 합산한 종합 성적 최종 상위 2팀이 결승전에 진출한다. 한편, 협회는 아시아 정상 탈환을 목표로 8월 중순 선수단을 소집해 국내 강화훈련을 실시하고 팀 전력과 조직력을 극대화한 후 대만으로 출국할 예정이다. 특히 KBO에서 올해부터 국가대표팀의 국제 경쟁력 강화를 위해 관련 예산 3억 원을 추가 지원함에 따라, 동 대회를 비롯한 세계대학 야구대회, 아시아 유소년야구대회(12세 이하), 세계야구선수권대회(23세 이하) 등 각급 연령별 국가대표 선수단 파견 및 운영에 더 많은 지원이 가능하게 됐다. 김동윤 기자 dongy291@mtstarnews.com"
2026.07.10 09:05,"두산, SSG 잡고 5연속 위닝시리즈... 전반기 '유종의 미'",에스티엔,"[STN뉴스] 정아람 기자┃두산 베어스가 파죽의 5연속 위닝시리즈를 달리며 전반기를 기분 좋게 마무리했다. 두산은 9일 잠실구장에서 열린 2026 신한 SOL KBO리그 SSG 랜더스와의 홈 경기에서 홈런 두 방을 포함한 타선의 집중력과 선발 잭 로그의 호투를 앞세워 7-0 완승을 거뒀다. 이로써 2연승을 달린 두산은 최종 성적 44승 41패 2무를 기록하며 전반기를 마쳤다. 반면, SSG는 2연패에 빠지며 31승 52패 3무로 전반기를 마감했다. 선발 잭 로그의 위기관리 능력이 돋보인 경기였다. 로그는 1회와 2회 연이은 만루 위기를 맞았으나 실점 없이 SSG 타선을 잠재우며 5이닝 5피안타 2볼넷 6탈삼진 무실점으로 시즌 4승(5패)째를 수확했다. 이어 등판한 이용찬, 김정우, 타카다 타구토, 박신지는 완벽한 이어던지기로 SSG의 추격 의지를 꺾었다. 두산 타선은 SSG의 실책을 놓치지 않고 득점으로 연결하며 승기를 잡았다. 2회말 무사 1루에서 안재석이 SSG 선발 토머스 해치를 상대로 우중월 투런포(시즌 4호)를 터뜨려 기선을 제압했다. 이어 2사 2루에서 강승호가 비거리 135m의 대형 좌월 투런 홈런(시즌 6호)을 쏘아 올려 4-0으로 달아났다. 3회에는 박찬호의 2타점 적시타, 4회에는 박준순의 적시타가 이어지며 7-0까지 격차를 벌렸다. 의미 있는 대기록들도 나왔다. 두산 박찬호는 2회 볼넷 출루 후 도루에 성공하며 KBO리그 통산 17번째 '5시즌 연속 20도루'라는 대기록을 달성했다. SSG 최정은 5회 2루타를 기록하며 우타자 최초 개인 통산 450 2루타 고지를 밟았으나, 팀의 완패로 기록의 빛이 바랬다. 한편, 이날 경기를 끝으로 2026 KBO리그 전반기 일정이 모두 마무리됐다. 삼성 라이온즈가 극적으로 1위를 차지했으며, KIA 타이거즈와 한화 이글스도 각각 승전보를 울렸다. 수원 키움-kt전은 우천으로 노게임 선언됐다. 올 시즌 전반기는 역대 최다인 763만 3,775명의 관중을 동원하며 뜨거운 열기 속에 마침표를 찍었다. 10개 구단은 10~11일 잠실구장에서 열리는 올스타전을 마친 뒤, 오는 16일부터 후반기 레이스에 돌입한다. ※STN뉴스 보도탐사팀 제보하기 당신의 목소리가 세상을 바꾸고, 당신의 목소리가 권력보다 강합니다. STN뉴스는 오늘도 진실만을 지향하며 여러분의 소중한 제보를 기다립니다. ▷ 전화 : 1599-5053 ▷ 이메일 : news@stnsports.co.kr ▷ 카카오톡 : @stnnews / STN뉴스=정아람 기자 gooutside@stnsports.co.kr ▶STN 뉴스 공식 모바일 구독 ▶STN 뉴스 공식 유튜브 구독 ▶STN 뉴스 공식 네이버 구독 ▶STN 뉴스 공식 카카오톡 구독"
2026.07.10 09:03,‘전반기 너 때문에 웃었다’① LG 장현식-삼성 장찬희-KT 최원준 전반...,스포츠경향,"주축 선수들의 부상, 부진이 속출한 2026시즌 KBO리그 전반기. 치열한 순위 경쟁에서 깜짝 스타들의 활약이 유독 두드러졌다. 큰 기대가 없었던 백업, 이적생, 신인, 부상 복귀 선수 등이 활력소가 되면서 팬들을 열광시켰다. 아울러 시즌 레이스에도 중요한 변수로 작용했다. ■LG 장현식 전반기 LG는 해줘야 할 타자들이 부진하고, 믿었던 투수들이 부상으로 이탈했지만 여전히 강했다. 선발 손주영이 마무리로 변신해 9회를 지켰다. 1군에서 전혀 성과를 남기지 못했던 송찬의, 문정빈 등이 맹타를 휘두르며 부족한 화력을 메웠다. 그러나 가장 놀라운 건 역시 장현식이다. 롱릴리프로 호투를 이어가더니 이제는 아예 선발진 한 축으로 자리를 잡았다. 지난달 23일 잠실에서 삼성을 상대로 9년 만에 선발승을 거뒀다. 선발 등판만 따졌을 때 8일까지 4경기 17.1이닝 6실점으로 평균자책 3.12다. 지난해 장현식은 LG와 4년 52억원 대형 계약을 맺었다. 몸값에 비해 활약이 아쉽다는 비판을 받았지만, ‘선발 장현식’이 지금처럼 던져준다면 이야기는 완전히 달라진다. ■삼성 장찬희 지난해 삼성의 히트 상품은 루키 배찬승이었다. 올해도 고졸 루키에서 즉시 전력감인 ‘물건’이 나왔다. 스프링캠프에서부터 쟁쟁한 선배들을 제치고 선발 후보로 떠오른 장찬희가 박진만 감독을 웃게 만든다. 장찬희는 프로 첫 무대에서 씩씩한 투구로 전반기 18번의 등판(9번 선발)에서 4승4패 평균자책 4.58의 준수한 성적을 올렸다. 빠른 성장세를 보인 그는 전반기 마지막 등판인 26일 대구 KT전에서 5이닝을 5피안타 2볼넷 4탈삼진 1실점의 역투를 선보이기도 했다. 이후 장찬희는 오른쪽 팔꿈치 부종 증세로 1군에서 빠져 후반기를 위한 휴식에 돌입했다. 선발, 불펜으로 모두 활용 가능한 장찬희는 ‘가을야구’ 정상을 노리는 삼성의 복덩이가 아닐 수 없다. ■KT 최원준 KT가 자유계약선수(FA) 시장에서 최원준을 영입했을 때만 하더라도 ‘잘했다’는 칭찬보다 ‘왜?’라는 의문부호가 더 컸다. 최원준은 2020시즌에 타율 0.326, 2021시즌에 174안타 40도루에 성공시킨 호타준족형 수준급 좌타자다. 그러나 꾸준하지 못했다. FA를 앞둔 지난해에는 커리어 최악의 성적까지 기록했다. 몸값도 높아 FA 등급도 A로 분류되면서 크게 관심받지 못할 것이란 전망도 나왔다. 오프시즌 톱타자 보강을 우선순위에 둔 KT가 FA 시장에서 LG의 우승 주역 박해민을 놓친 뒤 최원준을 대체 카드로 영입했다. 독기를 품은 최원준은 아무도 예상치 못한 반전 스토리를 쓰고 있다. 전반기 타격 1위에 오르는 등 타격 전 부문에서 자신의 커리어 하이를 찍을 기세다. 작전 수행, 기동력, 콘택트까지 3박자를 고루 갖춘 이상적인 톱타자를 얻은 KT는 막강 화력을 자랑하는 팀으로 탈바꿈했다. <야구팀>"
2026.07.10 09:03,"미친 듯 때렸는데 우열 못 가렸다…김도영 vs 오스틴, 진짜는 후반기에",서울신문,"전반기 최대 격전이 펼쳐진 홈런왕 대결에서 결국 누구도 우위를 점하지 못했다. 김도영(KIA 타이거즈)과 오스틴 딘(LG 트윈스)이 나란히 27홈런으로 전반기를 마감하며 후반기 치열한 경쟁을 예고했다. 김도영은 9일 부산 사직구장에서 열린 롯데 자이언츠와의 방문 경기에 3번 타자 3루수로 출전해 2-1로 앞선 6회초 선두 타자로 나와 롯데 선발 김진욱의 초구 빠른 볼을 잡아당겨 왼쪽 스탠드에 떨어지는 비거리 130ｍ짜리 솔로포를 날렸다. 김도영의 홈런에 힘입어 KIA는 5-2로 승리하며 앞선 2경기 패배를 갚아줬다. 이날 오스틴이 대구 삼성라이온즈파크에서 열린 삼성 라이온즈와의 맞대결에서 홈런을 추가하지 못하면서 전반기 홈런왕 대결은 두 선수의 공동 1위로 마감됐다. 오스틴의 침묵 속에 공교롭게도 LG는 삼성에 5-6으로 패하며 선두 자리를 내주고 2위로 내려왔다. 부상을 털고 이번 시즌 부활한 김도영, 원래도 잘하지만 올해 한층 더 진화한 오스틴의 홈런 대결은 프로야구 최대 뉴스거리 중 하나였다. 4월까지만 해도 오스틴이 6홈런 김도영이 10홈런으로 김도영의 방망이가 더 매섭게 돌았지만 김도영이 5월에 4홈런, 오스틴이 7홈런으로 분위기가 바뀌었다. 6월에 나란히 11홈런으로 양보 없는 대결을 펼치더니 기어코 전반기를 나란히 27홈런으로 끝냈다. 두 사람이 건전한 선의의 경쟁을 펼치고 있다는 점에서 지켜보는 팬들도 흐뭇하다. 오스틴은 “김도영은 정말 놀랍도록 대단하고 미래가 밝은 선수”라며 “김도영을 존경한다. 좋은 경쟁 관계”라고 말했다. 김도영은 “KBO 최고의 타자가 박수를 쳐주셔서 너무 영광스러웠고 보면서도 배우는 게 너무 많다”고 치켜세웠다. 지난달 맞대결에서 오스틴은 김도영이 홈런을 치자 박수를 보내면서 화제가 됐다. 외국인 선수와 국내 선수, 지난해 우승팀 주역과 지지난해 우승팀 주역이라는 대결 구도도 흥미롭지만 서로 홈런의 성격이 다른 것도 재미를 주는 요소다. 오스틴은 높은 포물선을 그리는 홈런이 많고 김도영은 직선으로 날아가는 홈런이 많다. 그러면서도 비거리에는 큰 차이가 없다는 것도 재미난 부분이다. 오스틴은 평균 123.1m와 총 3325m, 김도영은 123.7m와 총 3340m를 기록했다. 두 사람이 전반기에는 우위를 가리지 못하면서 팬들의 관심은 10일 열리는 올스타전 홈런 더비에 쏠린다. 시즌이 끝나고 누가 홈런왕에 오를지, 미리 열리는 홈런왕 타이틀 더비에 팬들의 관심도 뜨거워지고 있다. 류재민 기자"
2026.07.10 09:02,"올해도 어김없이 빛난 ‘뉴페이스’…‘예측 불허’ 신인왕 경쟁, 진짜 승부...",스포츠서울,"[스포츠서울 | 김민규 기자] 올해도 KBO리그는 새로운 얼굴들의 등장으로 뜨거웠다. 팀의 미래를 책임질 특급 신인들이 하나둘 존재감을 드러냈다. 자연스레 ‘신인왕’ 레이스도 어느 때보다 흥미롭게 흘러가고 있다. 전반기가 끝났지만 진짜 승부는 이제부터다. 후반기 활약에 따라 신인왕 주인공도 얼마든지 바뀔 수 있다. 전반기만 놓고 보면 가장 앞선 선수는 한화 포수 허인서(23)다. ‘중고 신인’이기는 하다. 사실상 올해가 첫 시즌이다. 존재감은 베테랑 못지않다. 전반기 72경기에서 타율 0.293, 12홈런 45타점, OPS(출루율+장타율) 0.866을 올렸다. 공격형 포수의 장점을 유감없이 보여줬다. 수비에서도 빠르게 성장하며 주전 자리를 꿰찼다. 신인왕 자격도 갖췄다. 2022년 입단했으나 지난해까지 1군 누적 타석이 49타석에 불과해 올해 신인왕 대상이 됐다. 전반기에반 두 자릿수 홈런을 터뜨리며 가장 강력한 후보로 올라섰다. 추격자들도 만만치 않다. 삼성 장찬희(19)는 고졸 신인답지 않은 완성도를 보여줬다. 선발과 불펜을 오가며 18경기서 4승4패, 평균자책점 4.58을 기록했다. 140㎞ 중후반 속구에 커터, 포크, 커브, 스위퍼까지 다양한 구종을 자유롭게 활용한다. 삼성 핵심 자원으로 자리 잡았다. 팔꿈치 부종으로 전반기를 조금 일찍 마쳤다. 후반기 복귀 후 다시 존재감을 보여준다면 충분히 판도를 흔들 수 있다. 키움 박준현(19)도 빼놓을 수 없다. 올해 신인드래프트 전체 1순위다운 재능을 증명하고 있다. 올해 10경기 선발 등판해 1승4패, 평균자책점 3.67을 기록했다. 평균 시속 153.5㎞의 강속구와 뛰어난 탈삼진 능력으로 강한 인상을 남겼다. 승운이 따르지 않은 감은 있다. 꾸준히 선발 기회를 받는다는 점은 후반기 신인왕 경쟁에서 큰 무기가 될 수 있다. 롯데 박정민(23)의 상승세도 주목된다. 대졸 신인인 그는 올해 39경기에서 5승2패9홀드1세이브, 평균자책점 4.46을 기록하며 추격조에서 필승조까지 올라섰다. 안정적인 투구를 인정받아 감독 추천으로 올스타 무대까지 밟게 됐다. 후반기에도 셋업맨 역할을 이어간다면 충분히 경쟁에 뛰어들 수 있다. 그래서일까. 허인서는 한화 포수로 36년 만에 올스타 베스트12에 선정됐다. 여기에 팬 투표를 통해 김도영, 양의지, 강백호, 김주원 등과 함께 홈런더비에도 나선다. 그뿐만 아니라 장찬희, 박준현, 박정민까지 모두 올스타전을 밟는다. 신인왕 경쟁의 최대 변수는 결국 후반기다. 허인서는 현재 가장 앞서 있지만 포수라는 포지션 특성상 체력 관리가 중요하다. 장찬희 박준현 박정민 등도 후반기 활약에 따라 얼마든지 추격이 가능하다. 전반기는 허인서가 웃었다고 볼 수 있다. 그러나 신인왕 트로피의 주인은 아직 결정되지 않았다. 미래를 책임질 특급 신인들의 진짜 승부는 이제부터 시작이다. kmg@sportsseoul.com"
2026.07.10 09:01,"'전반기 1위' 삼성, 오러클린과 웃으며 안녕?…LG전 종료 후 팬들과 ...",엑스포츠뉴스,"(엑스포츠뉴스 대구, 김지수 기자) 삼성 라이온즈의 2026시즌 전반기 1위 등극에 힘을 보탰던 호주 출신 좌완 잭 오러클린이 '사자군단'과 동행에 마침표가 찍힐 것으로 보인다. 박진만 감독이 이끄는 삼성은 9일 대구 삼성 라이온즈파크에서 열린 2026 신한 SOL KBO리그 LG 트윈스와의 팀 간 11차전에서 6-5로 이겼다. 전날 2-8 패배를 설욕, 전반기 마지막 3연전을 위닝 시리즈로 장식했다. 삼성은 이날 승리로 시즌 51승32패2무, 승률 0.614를 기록하면서 LG(52승33패, 승률 0.612)에 승차 없이 승률에서 앞서게 됐다. 하루 만에 1위를 재탈환, 2015시즌 이후 11년 만에 선두로 전반기를 마쳤다. 삼성은 6-3으로 앞선 9회초 마운드에 오른 마무리 김재윤이 1피안타 4사구 2실점으로 고전했지만, 마지막 순간 고비를 넘겼다. 6-5로 점수 차가 좁혀진 1사 만루 위기를 천성호를 병살타로 처리하면서 승부에 마침표를 찍었다. 삼성 선수들은 그라운드에서 짜릿한 1점 차 승리와 전반기 1위 등극의 기쁨을 만끽했다. 이때 오러클린은 잠시 그라운드로 나와 가족들과 간단히 기념 촬영을 진행한 뒤 대구 홈 팬들에게 고개 숙여 인사했다. 삼성팬들도 오러클린의 이름을 연호하면서 뜨거운 박수를 보냈다. 오러클린은 지난 3월 호주 국가대표로 2026 월드베이스볼클래식(WBC) 출전을 마친 뒤 삼성과 인연이 닿았다. 삼성이 당초 1~2선발로 점찍고 영입한 맷 매닝이 스프링캠프 기간 팔꿈치 부상과 수술로 KBO리그 데뷔도 전에 팀을 떠나게 되면서 오러클린이 단기 대체 외국인 선수로 영입됐다. 오러클린은 2026시즌 개막 후 지난 5월까지 11경기 4승2패 평균자책점 3.99로 준수한 피칭을 보여줬다. 삼성은 새 외국인 투수 영입도자는 한국 야구에 순조롭게 적응 중이던 오러클린과 두 차례 연장 계약을 체결했다. 하지만 오러클린은 6월 이후 6경기 1승3패 평균자책점 6.67로 부진에 빠졌다. 이 기간 퀄리티 스타트(6이닝 이상, 3자책점 이하 투구)는 한 차례 뿐이었다. 지난 8일 LG전에서도 3⅔이닝 10피안타 4탈삼진 5실점으로 패전투수가 됐다. 삼성은 오러클린의 단기 계약이 오는 16일 종료되는 가운데 사실상 새 외국인 투수 영입 쪽으로 결론을 내릴 것으로 보인다. 올해 '대권' 도전을 위해서는 오러클린보다 더 확실한 에이스급 투수가 필요하다는 점을 인정하고 있다. 박진만 감독은 9일 경기에 앞서 오러클린 거취 관련 질문을 받은 뒤 ""구단에서도 아마 최종적으로 협상을 하고 있는 상태인 것 같다""며 ""올스타 브레이크 기간에는 변화가 있지 않을까 싶다. 오러클린으로 계속 가든지 새로운 외국인 투수를 데려올지는 올스타 휴식기 기간에 결정이 날 것 같다""고 말했다. 또 ""새 외국인 투수가 오면 그 선수들이 얼마나 역할을 해줄 수 있느냐가 중요하다. 외국인이 강하냐 아니냐에 따라서 (최종) 순위에서 차이가 많이 난다""며 ""외국인 선수가 새롭게 오면 그 선수들이 후반기 운영에 포인트일 것 같다""고 덧붙였다. 오러클린이 구단으로부터 언질을 받았는지는 알 수 없지만, 전반기 최종전을 마친 뒤 그라운드로 나가 팬들에게 인사한 점을 비춰볼 때 어느 정도 작별에 대한 마음의 준비를 하고 있는 것으로 보인다. 사진=삼성 라이온즈 김지수 기자 jisoo@xportsnews.com"
2026.07.10 08:51,"고우석, MLB 데뷔하며 꿈 이뤄…1이닝 1실점",KBS,"고우석이 마침내 꿈에 그리던 미국 프로야구 메이저리그 무대를 밟았습니다. 미네소타 트윈스의 고우석은 오늘(10일) 클리블랜드 가디언스와의 홈 경기에 출전하며 메이저리그에 출전한 역대 30번째 한국인이 됐습니다. 고우석은 팀이 4대 2로 뒤진 9회 초에 팀의 네 번째 투수로 등판해 1이닝을 던졌습니다. 고우석은 첫 타자를 땅볼로 처리했지만, 다음 타자 패트릭 베일리에게 홈런을 허용했습니다. 그러나 이후 두 타자를 상대로는 삼진과 땅볼 아웃을 잡아내며 이닝을 마쳤습니다. 투구 수는 18개였고, 직구 최고 구속은 시속 154㎞를 기록했습니다. LG 트윈스의 마무리 투수로 활약하던 고우석은 2024년 샌디에이고 파드리스와 2+1년 계약을 맺고 미국 프로야구로 진출했습니다. 고우석은 그러나 마이너리그를 전전했고, 트레이드와 방출을 겪으며 마이애미 말린스, 디트로이트 타이거스, 미네소타로 팀을 옮겼습니다. 그사이 LG 구단으로부터 국내 복귀를 제안 받기도 했지만 거절했습니다. 고우석은 지난 8일 빅리그 26인 로스터에 이름을 올렸고, 마침내 오늘 메이저리그 경기에 출전하는 꿈을 이뤘습니다. [사진 출처 : AP=연합뉴스] ■ 제보하기 ▷ 전화 : 02-781-1234, 4444 ▷ 이메일 : kbs1234@kbs.co.kr ▷ 카카오톡 : 'KBS제보' 검색, 채널 추가 ▷ 유튜브, 네이버에서도 KBS뉴스를 구독해주세요! 심병일 기자 (sbis@kbs.co.kr)"
2026.07.10 08:47,"'롯데 아픈 손가락' 8월 복귀설 솔~솔, 재활 속도 상관 없다...아프...",MHN스포츠,"(MHN 정철우 기자) '롯데 아픈 손가락' 윤성빈의 시간이 다시 움직이기 시작했다. 아직 복귀 날짜를 찍을 단계는 아니다. 불펜 피칭을 마쳤다거나 실전 등판 일정이 확정된 것도 아니다. 그러나 가장 중요한 변화가 있다. 현재 윤성빈은 아프지 않다. 재활 과정도 비교적 순조롭게 진행되고 있는 것으로 전해졌다. 윤성빈에게는 이 말이 무엇보다 중요하다. 그동안 윤성빈의 야구 인생을 막아선 것은 재능 부족이 아니었다. 197㎝의 큰 키에서 내리꽂는 강속구, 타자를 힘으로 압도할 수 있는 구위는 프로 입단 전부터 높은 평가를 받았다. 문제는 늘 그 다음이었다. 좋은 공을 던지기 시작하면 몸이 멈췄고, 다시 올라올 만하면 또 재활이 필요했다. 이번에도 마찬가지였다. 윤성빈은 올 시즌 다시 한 번 기대를 모았다. 그러나 5월 12일 NC전을 끝으로 마운드에서 모습을 감췄다. 이후 어깨 문제가 확인됐고 재활에 들어갔다. 특히 윤성빈은 과거에도 어깨 문제로 긴 시간을 보낸 경험이 있다. 단순히 몇 주 쉬고 다시 공을 던지면 되는 선수와는 상황이 달랐다. 그래서 이번 재활의 첫 번째 기준은 '얼마나 빨리 돌아오느냐'가 아니었다. '다시 아프지 않느냐'였다. 그런 점에서 현재 상태는 분명 긍정적으로 볼 수 있다. 적어도 지금은 통증 때문에 재활 프로그램이 중단된 상황이 아니다. 아프지 않은 상태에서 정해진 과정을 밟고 있다는 것은 복귀 가능성을 다시 계산할 수 있게 됐다는 뜻이다. 물론 여기서 서두르면 안 된다. 어깨 재활은 단순히 통증이 사라졌다고 끝나는 과정이 아니다. 캐치볼 거리를 늘리고, 어깨에 가해지는 부하를 단계적으로 높인 뒤 하프 피칭과 불펜 피칭, 타자 상대 투구, 실전 등판으로 넘어가야 한다. 각 단계에서 통증이 다시 나타나지 않는지를 확인해야 한다. 윤성빈은 더욱 그렇다. 그에게 필요한 것은 '한 번 던지는 몸'이 아니다. 1군 일정 속에서 반복적으로 던질 수 있는 몸이다. 불펜 피칭 한 번에서 150㎞를 찍는 것과 실제 경기에서 연속 등판을 견디는 것은 전혀 다른 문제다. 선발로 활용한다면 투구 수를 60개, 80개, 100개 가까이 끌어올리는 과정까지 필요하다. 그래서 롯데도 윤성빈의 복귀를 단순한 날짜 계산으로 접근해서는 안 된다. 빠르면 몇 월, 늦으면 몇 월이라는 예상보다 중요한 것은 재활 단계를 하나도 건너뛰지 않는 것이다. 지금 아프지 않다는 사실은 분명 좋은 신호지만, 동시에 가장 조심해야 할 시점일 수도 있다. 몸이 좋아졌다는 느낌 때문에 속도를 높였다가 다시 통증이 생기면 지금까지의 재활이 원점으로 돌아갈 수 있기 때문이다. 그럼에도 윤성빈의 향후 전망을 마냥 어둡게 볼 필요는 없다. 이유는 분명하다. 윤성빈은 건강하기만 하면 여전히 롯데 마운드에서 활용 가치가 있는 투수다. 지난해 퓨처스리그에서는 그 가능성을 다시 보여줬다. 4월 KIA 2군전에서 5이닝 무실점 10탈삼진, 삼성 2군전에서 6이닝 무실점 8탈삼진, LG 2군전에서는 4⅓이닝 동안 10개의 삼진을 잡아냈다. 당시 최고 구속은 156㎞까지 측정됐다. 한 경기의 우연이 아니었다. 연속된 등판에서 삼진을 만들어냈다는 점이 중요했다. 윤성빈의 공은 건강할 때 여전히 타자를 이길 수 있었다. 이것이 롯데가 쉽게 포기할 수 없는 이유다. 프로에서 오랜 시간을 보냈지만 윤성빈의 재능 자체가 사라진 것은 아니다. 150㎞를 훌쩍 넘는 패스트볼을 던질 수 있고, 변화구가 함께 들어가는 날에는 퓨처스 타자들을 압도할 수 있다. 롯데 마운드 전체를 놓고 봐도 이런 원초적인 구위를 가진 투수는 흔하지 않다. 다만 이제는 방향을 분명히 해야 한다. 윤성빈에게 더 이상 필요한 것은 '최고 158㎞' 같은 숫자가 아니다. 이미 빠른 공을 던질 수 있다는 사실은 충분히 증명했다. 문제는 그 공을 얼마나 오래, 얼마나 안정적으로, 얼마나 아프지 않게 던질 수 있느냐다. 윤성빈의 남은 야구 인생은 구속 경쟁이 아니라 지속 가능성과의 싸움에 가깝다. 그런 점에서 복귀 후 보직도 중요한 문제다. 선발 투수는 가장 큰 매력을 가진 선택이다. 장신에서 내려오는 빠른 공을 앞세워 긴 이닝을 책임질 수 있다면 롯데 입장에서는 최상의 시나리오다. 그러나 선발은 그만큼 어깨에 가해지는 부담도 크다. 한 경기 투구 수뿐 아니라 5일 간격으로 반복되는 준비 과정까지 견뎌야 한다. 반대로 짧은 이닝에 집중하는 불펜 활용은 윤성빈의 장점을 극대화할 수 있다. 한 이닝에 모든 힘을 쏟는다면 패스트볼의 위력을 유지하기 쉽고, 복잡한 볼 배합보다 자신의 가장 좋은 공을 앞세울 수 있다. 하지만 불펜이라고 해서 무조건 몸에 부담이 적은 것은 아니다. 연투와 잦은 준비 투구가 오히려 어깨에 부담을 줄 수도 있다. 결국 보직은 이름이 아니라 윤성빈의 몸 상태를 기준으로 결정해야 한다. 현재 단계에서 가장 현실적인 전망은 복귀 시점을 서두르지 않는 것이다. 재활이 계속 순조롭게 진행되고 캐치볼 강도가 올라간 뒤 불펜 피칭까지 무리 없이 통과해야 한다. 이후 실전 점검에서도 구속보다 회복 속도를 봐야 한다. 던진 다음 날 어깨 상태가 어떤지, 다시 공을 잡았을 때 불편함이 없는지, 반복 등판 과정에서 통증이 생기지 않는지가 더 중요하다. 윤성빈은 이미 너무 많은 시간을 기다렸다. 그래서 역설적으로 이제 몇 주를 더 기다리는 것을 두려워할 필요가 없다. 롯데가 원하는 것은 8월이나 9월 어느 하루 윤성빈이 155㎞를 던지는 장면이 아니다. 다시는 부상 때문에 사라지지 않는 윤성빈이어야 한다. 한 번의 복귀가 아니라 다음 시즌까지 이어질 수 있는 복귀여야 한다. 현재 아프지 않다는 것은 분명 출발점이다. 재활도 순조롭게 진행되고 있다면 희망을 말할 근거도 생겼다. 다만 윤성빈의 과거를 생각하면 희망보다 더 필요한 것은 인내다. 조금 늦더라도 모든 단계를 통과해야 한다. 윤성빈은 아직 끝난 투수가 아니다. 건강한 몸으로 다시 150㎞ 이상의 공을 던질 수 있다면 롯데 마운드의 계산은 달라질 수 있다. 선발이든 불펜이든, 그 정도 구위를 가진 투수의 복귀는 단순한 선수 한 명의 추가가 아니다. 마운드 운용 자체에 새로운 선택지가 생기는 일이다. 관건은 하나다. 얼마나 빨리 돌아오느냐가 아니다. 이번에는 정말 아프지 않은 채 돌아올 수 있느냐다. 현재까지는 그 첫 단계가 나쁘지 않다. 윤성빈은 아프지 않고, 재활은 진행되고 있다. 롯데가 다시 한 번 기다려 볼 이유는 충분하다."
2026.07.10 08:42,최강 삼성 히어로 누구? 초구 원샷 원킬→팀에 1위 선사하는 '마수걸이 ...,마이데일리,"[마이데일리 = 대구 김경현 기자] 스타성은 그 어느 선수도 따라올 수가 없다. '히어로' 김영웅이 한 번의 스윙으로 삼성 라이온즈를 구했다. 김영웅은 9일 대구 삼성 라이온즈파크에서 열린 2026 신한 SOL KBO리그 LG 트윈스와의 홈 경기에서 4타수 2안타 1홈런 1득점 1타점을 기록했다. 대구에 울려 퍼진 한 방이었다. 팀이 5-3으로 앞선 8회 주자 없는 1사. LG 마무리 손주영과 맞대결. 김영웅은 초구 바깥쪽 150km/h 포심을 통타, 중앙 담장을 넘기는 솔로 홈런을 때려냈다. 시즌 1호다. 올해 햄스트링 부상만 두 번을 당해 오랜 시간 재활을 거쳤다. 6월 말 1군에 올라왔지만 자신의 파울 타구에 복숭아뼈를 맞아 2군으로 내려갔다. 지난 7일 다시 콜업됐고, 시즌 16경기 만에 손맛을 봤다. 이 홈런이 승부를 갈랐다. 9회 김재윤이 마무리를 위해 등판했다. 그런데 볼넷과 2루타를 내주면서 흔들렸다. 무사 2, 3루에서 박해민의 1루 땅볼로 아웃 카운트와 득점을 맞바꿨다. 이후 연속 볼넷으로 1사 만루 위기에 몰렸고, 박동원에게 밀어내기 볼넷을 내줬다. 1점 차 위기. 김재윤은 천성호를 유격수-2루수-1루수 병살로 잡고 간신히 경기를 끝냈다. 김영웅의 홈런이 없었다면 삼성은 승리를 장담할 수 없었다. 이 홈런 덕분에 삼성은 2015년 이후 11년 만에 전반기 1위를 확정 지었다. 경기 종료 후 박진만 감독은 ""오늘 경기에서는 김영웅 선수의 경기 막판 홈런이 결과적으로 승리에 큰 영향을 미쳤다""고 엄지를 치켜세웠다. 김재윤은 ""(김)영웅이에게 내려와서 바로 '고맙다. 네 덕분에 세이브 할 수 있었다'고 바로 이야기했다""고 고마움을 전했다. 김영웅은 ""무조건 초구를 쳐야겠다는 생각이었고, 주자도 없었기 때문에 최대한 편하게 치고자 했다. 원래는 우익수 쪽으로 당겨 칠 생각이었는데 타이밍이 빨랐다 보니까 센터로 간 것 같다""고 전했다. 이어 ""후반기에도 최대한 오늘처럼 많은 생각을 하지 않고 하려고 한다. 팬분들이 응원을 많이 해주셔서 정말 기대에 부응하고 싶었다. 후반기에는 더 좋은 모습으로 보답할 수 있도록 하겠다""고 힘줘 말했다. 한편 김영웅은 올 시즌 16경기에서 11안타 1홈런 3득점 5타점 타율 0.180 OPS 0.468을 기록했다. 전반기 아쉬움을 딛고 뜨거운 후반기를 만들 수 있을까."
2026.07.10 08:41,"KIA 명필은 붓을 가린다? ‘연봉 30억’ 최고 에이스가 이상하다, 내...",스포티비뉴스,"[스포티비뉴스=사직, 김태우 기자] 제임스 네일(33·KIA)은 지난 2년간 리그 최정상급 성적을 낸 팀의 에이스였다. 2024년 26경기에서 평균자책점 2.53, 2025년 27경기에서 평균자책점 2.25를 기록하며 정상급 성적을 거뒀다. 그 결과 올 시즌을 앞두고 총액 200만 달러(보장 180만 달러·인센티브 20만 달러, 한화 약 30억 원)에 계약했다. 외국인 선수 연봉 상한제가 있는 상황에서 사실상 연봉이 더 오르기도 힘든 최고 대우를 받았다고 봐도 크게 틀리지 않았다. 네일 기량에 대한 신뢰가 있지 않다면 불가능한 일이었다. 올해도 좋은 성적으로 팀 로테이션을 이끌 것으로 기대했다. 하지만 올해 전반기 성적은 기대에 못 미쳤다. 건강하게 로테이션을 소화하며 18경기에 나가 102⅔이닝을 던진 공헌도는 인정할 수 있지만, 평균자책점은 3.77로 지난 2년에 비해 크게 떨어졌다. 마지막 두 번의 등판 부진이 평균자책점을 끌어올렸다. 2일 SSG전에서 5이닝 5실점을 기록한 것에 이어 8일 사직 롯데전에서는 3⅓이닝 5실점으로 역시 부진했다. 네일이 5회 이전에 등을 보인 것도 흔치 않은 일이었다. 구위 자체가 떨어졌다는 평가도 있지만, 한 가지 주목해서 볼 대목은 포수가 바뀌었다는 것이다. 네일은 지난 2년은 물론, 올해도 베테랑 포수 김태군과 호흡을 맞췄다. 사실상의 전담 포수였다. 김태군과 배터리를 이뤘을 때, 그리고 다른 포수와 뛰었을 때의 성적 차이가 꽤 크다는 점도 분명했다. 그래서 굳이 이 조합에 변화를 주려고 하지 않았고, 네일의 등판에 맞춰 포수 로테이션을 돌리기도 했다. 그런데 지난 두 경기는 포수가 김태군이 아니었다. 김태군이 1일 광주 SSG전에서 타격 이후 1루로 뛰다 햄스트링을 다쳐 전열에서 이탈했기 때문이다. 그래서 2일 경기에서는 한준수, 그리고 8일 경기에서는 주효상과 각각 호흡을 맞췄다. 공교롭게도 두 경기 모두 부진했다. 올 시즌 성적을 보면 포수에 따른 성적 차이가 더 크게 벌어지는 양상이다. 김태군과 뛴 경기에서 네일의 평균자책점은 2.71, 피안타율은 0.219, 피OPS(피출루율+피장타율)는 0.552에 불과했다. 반대로 한준수와 호흡을 맞췄을 때는 평균자책점 4.91, 피안타율 0.282, 피OPS 0.758을 기록하며 확연히 다른 모습을 보였다. 물론 투수에 따라 선호하는 포수가 있을 수도 있고, 성적이 좋으면 벤치도 그 조합을 유지할 수 있도록 배려하는 편이다. 포수들이 모든 전력 분석 자료를 공유한다고 해도 순간적인 감각의 호흡은 다를 수 있기 때문이다. 네일이 김태군의 리드를 더 선호한다는 것은 어느 정도 사실이다. 그러나 시즌을 치르면서 매번 특정 선수와 경기를 같이 할 수는 없다. 부상이나 상황적 문제도 있다. 이범호 KIA 감독도 네일의 부진에 대해 “(김)태군이가 빠지고 난 뒤에는 영 힘을 못 쓴다. 이동걸 코치와도 이야기를 했는데 에이스라면 팀이 제일 중요한 상황에서 누가 포수로 앉든지 간에 베스트로 던져줘야 한다”고 고개를 갸웃거리면서 “아무래도 선발이 무너지니까 한 번 해보지도 못하고 그냥 게임이 넘어가는 것 같다”고 아쉬움을 드러냈다. 만약 이런 흐름이 계속 이어진다면 내년 재계약 전선에도 영향을 줄 수 있다는 분석이 나온다. 앞으로 김태군보다는 더 젊고 타격 성적이 뛰어난 한준수의 포수 출전 비중이 높아질 수밖에 없고, 네일도 한준수와 더 많이 뛰어야 하기 때문이다. 그런데 이런 성적의 흐름이 이어진다면 구단도 고민이 될 수밖에 없다. 이미 엄청난 고액 연봉자에, 지난 2년에 비해 구위가 다소 떨어졌다는 평가 또한 고민을 깊게 할 수 있다. 어쨌든 후반기 KIA 전력에 키를 쥐고 있는 선수임은 분명하다. 이범호 감독은 “선발진이 강한 편은 아니기 때문에 제일 걱정되는 것 같다”면서 “선발 투수들이 그래도 5회까지는 3점 이내로 막아줘야 그 다음이 생기는데 지금 그러지 못하고 있는 경기가 너무 많다. 후반기에 선발 로테이션을 어떻게 해야 하나의 걱정이 제일 큰 것 같다”며 네일을 투수진의 가장 중요한 키 플레이어로 뽑았다. <저작권자 ⓒ SPOTV NEWS. 무단전재 및 재배포 금지>"
2026.07.10 08:28,"“후반기 올라갈 일만 남았다” 슈퍼스타 김도영의 ‘자신감’, 4위 그 이...",스포츠서울,"[스포츠서울 | 사직=강윤식 기자] “후반기 올라갈 일만 남았다.” 다사다난한 전반기를 보냈다. 부침도 있었지만, 역시 ‘슈퍼스타구나’라는 말이 절로 나오는 모습과 함께 전반기를 끝냈다. 본인도 좋아진 걸 느낀다. 자신감이 넘친다. 4위 그 이상을 바라본다. KIA 김도영(23) 얘기다. KIA는 9일 부산 사직구장에서 열린 2026 KBO리그 정규시즌 롯데전에서 5-2로 이겼다. 전날까지 4연패를 기록했다. 연패를 끊기 위한 선수들 집중력이 돋보였다. 덕분에 연패 탈출과 함께 전반기를 마무리할 수 있었다. 김도영의 활약이 눈부셨다. 2안타(1홈런) 1볼넷 2타점을 적었다. 팀이 2-1로 추격당한 6회초 3-1을 만드는 귀중한 솔로포를 때렸다. 이 홈런으로 LG 오스틴 딘과 함께 홈런 공동 선두가 됐다. 다만 본인은 홈런 순위에 대해선 크게 의식하지 않는다. 좋은 기억으로 전반기를 마친 게 기쁠 뿐이다. 경기 후 취재진을 만난 김도영은 “(홈런 공동 1위에) 의미를 부여하진 않는다. 이제 일주일을 쉬게 되는데, 전반기 마지막 경기를 좋은 기억으로 끝낼 수 있어서 좋다. 후반기 들어가기 전까진 기분 좋을 것 같다”고 소감을 밝혔다. 그러면서 “전반기 치르면서 타격폼도 많이 바꾸고 신경 쓸 것도 많았다. 그래도 마지막엔 타격폼을 정착했다. 후반기에 올라갈 일만 남았다. 기대된다”며 미소 지었다. 김도영 전반기 성적은 타율 0.298, 27홈런 74타점, OPS(출루율+장타율) 1.010이다. 어려움을 겪은 시기를 이겨냈다. 만족스러운 성적표라고 할 수 있다. KIA도 좋았다. 4위다. 지난시즌 종료 후 전력 누수가 있었다. 성적에 대한 우려의 목소리가 나온 것도 사실이다. 김도영은 그 우려를 날린 게 기쁘다. 김도영은 “쉽지 않은 전반기였다. 그래도 우리가 한 팀이었다고 생각한다. 우리가 강하다는 평가를 받진 못했는데, 똘똘 뭉치면서 4위로 전반기 마무리할 수 있었다. 남은 후반기도 열심히 해야 할 것 같다”고 힘줘 말했다. 물론 지금 위치에 만족하진 않는다. 모든 걸 쏟아부은 끝에 받은 결과이기에 인정할 순 있다. 그래도 여기서 멈출 생각은 없다. 일주일의 재정비 기간을 잘 활용할 생각이다. 재충전 후 후반기에 순위를 더욱 끌어올릴 생각이다. 김도영은 “시즌 치르다 보면 100% 만족스러운 건 없다. 아쉬움이 있지만, 최선을 다했기 때문에 지금 성적에 승복할 수 있다. 아직 후반기 남아있다. 전력으로 쏟아부으면 좋은 순위 나올 것 같다”고 각오를 다졌다. skywalker@sportsseoul.com"
2026.07.10 08:26,"1위 못 지킨 LG, 믿었던 리오스-손주영 무너졌다…삼성에 밀린 불펜 싸...",엑스포츠뉴스,"(엑스포츠뉴스 대구, 김지수 기자) 염경엽 감독이 이끄는 LG 트윈스가 2026시즌 전반기 최종전에서 뼈아픈 역전패를 당했다. 믿었던 약셀 리오스-손주영 듀오가 무너지면서 2위로 올스타 휴식기에 돌입하게 됐다. LG는 9일 대구 삼성 라이온즈파크에서 열린 2026 신한 SOL KBO리그 삼성 라이온즈와의 팀 간 11차전에서 5-6으로 졌다. 전날 8-2 승리의 기세를 이어가지 못하고 역전패를 당했다. LG는 이날 패배로 시즌 52승33패, 승률 0.612로 삼성(51승32패2무, 승률 0.614)에 승차 없이 승률에서 밀린 2위로 밀려났다. 당장 큰 의미를 부여할 필요는 없지만, 전반기 선두 마감이 불발됐다. LG의 게임 초반 분위기는 나쁘지 않았다. 0-1로 끌려가던 2회초 오지환의 역전 2타점 적시타, 3회초 1사 만루에서 박동원의 1타점 외야 희생 플라이로 3-1 리드를 잡았다. LG는 선발투수 라클란 웰스가 3회말 2사 1·3루에서 최형우에 1타점 적시타를 허용하기는 했지만, 디아즈를 중견수 뜬공으로 처리하고 추가 실점을 막았다. 문제는 4회말 수비였다. 웰스가 선두타자 강민호를 실책으로 출루시킨 뒤부터 게임 흐름이 꼬이기 시작했다. 좌익수 송찬의가 강민호의 평범한 뜬공 타구 낙구 지점을 찾지 못했고, 공이 보이지 않는다는 콜을 외쳤다. 이때 유격수 오지환이 외야까지 뛰어나가 글러브를 뻗었지만, 포구에 실패했다. 기록상 오지환의 에러였지만 송찬의의 미스가 아쉬웠다. 웰스는 강민호의 실책 출루 직후 곧바로 김영웅에 안타를 허용했다. 강민호는 심재훈의 우익수 뜬공 때 3루 진루, 양우현의 중견수 뜬공 때 득점하면서 3-3 동점이 됐다. LG 입장에서는 허무하게 리드를 날렸다. 염경엽 감독은 3-3으로 팽팽하게 맞선 6회말 수비 시작 전 전날 2이닝 무실점을 기록했던 리오스를 6회말 이닝 시작과 동시에 투입했다. 하지만 리오스는 선두타자 전병우를 볼넷으로 출루시킨 뒤 곧바로 강민호에 역전 1타점 2루타를 맞았다. 1사 3루에서는 대타 김성윤에게 적시타를 헌납하면서 스코어가 3-5로 벌어졌다. 리오스는 이날 패스트볼 최고구속 157km/h를 찍는 등 컨디션에 큰 문제는 없어 보였다. 그러나 전체적으로 영점이 잡히지 않는 모습이었고, 패전의 멍에를 썼다. LG는 3-5로 끌려가던 8회말 마무리 손주영을 투입, 실점을 막고 9회초 정규이닝 마지막 공격에서 반격을 노렸다. 손주영은 선두타자 장승현을 1루수 라인드라이브 아웃으로 잡았지만, 1사 후 김영웅에게 솔로 홈런을 내줬다. 150km/h짜리 초구 직구가 스트라이크 존 한 가운데 몰리는 실투가 되면서 가운데 담장을 넘어가는 비거리 131m의 홈런으로 연결됐다. LG 타선이 9회초 삼성 마무리 김재윤을 상대로 2점을 얻어낸 점을 고려하면 손주영의 8회말 피홈런이 더 뼈아프게 느껴졌다. 9회초 1사 만루에서 천성호가 유격수-2루수-1루수로 이어지는 병살타를 치면서 LG는 다소 무거운 분위기 속에 엿새 동안의 올스타 브레이크에 돌입하게 됐다. 사진=엑스포츠뉴스 DB 김지수 기자 jisoo@xportsnews.com"
2026.07.10 08:17,"한화 1R 신인, 데뷔 첫 3루타에 깜짝 물세례라니→'강백호 전력투' 로...",엑스포츠뉴스,"(엑스포츠뉴스 대전, 김근한 기자) 한화 이글스 신인 외야수 오재원이 전반기 마지막 타석을 가장 빛나는 장면으로 장식했다. 오재원은 9일 대전 한화생명볼파크에서 열린 2026 신한 SOL뱅크 KBO리그 NC 다이노스전에 1번 좌익수로 선발 출전해 5타수 3안타 3타점 2득점 맹활약을 펼쳤다. 특히 8회말 동점 상황에서 우중간을 가르는 데뷔 첫 3루타를 터트리며 역전 결승 타점을 만들었다. 오재원은 경기 종료 뒤 노시환으로부터 마치 끝내기를 친 것처럼 거친 물세례를 받았다. 이어 강백호가 전력으로 던진 로진백이 날아오는 걸 보고 웃기도 했다. 경기 뒤 취재진과 만난 오재원은 ""물셰례를 준비하고 있는 지 몰랐다. 왜 맞았는지도 모르겠다(웃음)""며 ""이어 (강)백호 형이 로진백을 던지길래 또 놀랐다""고 미소 지었다. 오재원은 데뷔 첫 3루타보다 역전 결승타에 더 방점을 찍었다. 그는 ""데뷔 첫 3루타보다 그 상황에서 역전타를 쳤다는 거에 의미를 두고 있다. 3루타는 원래 2루타인데 코스가 좋으면 3루타가 나오는 것이니까""라고 담담하게 전했다. 3타점 경기도 처음이라는 질문에 오재원은 ""기분 좋고 그만큼 팀 승리에 크게 기여했다는 의미라 좋다""며 ""3루타 타구는 생각보다 높은 탄도라 안 잡혔으면 좋겠다고 기도하면서 뛰었다. 다행히 코스가 좋은 곳으로 떨어져서 좋았다""고 답했다. 8회말 결승타 타석에서의 심리도 솔직하게 털어놨다. 오재원은 ""직전 타석에서 기회를 살리지 못해서 다음 타석이 오면 좋은 결과를 내고 싶었다. 전광판을 봤는데 8~9회쯤 중요한 순간에 타석이 올 것 같아서 후회 없이 하고 싶었다. 특히 전반기 마지막 타석이라고 생각하니까 더 간절해지더라. 생각했던 공이 와서 잘 쳤던 것 같다""고 설명했다. 4회초 우천 중단 상황에서의 마음가짐도 솔직하게 전했다. 오재원은 ""취소가 안 됐으면 좋겠다고 생각했다. 전반기 최종전인데 그래도 마지막 경기를 잘하고 싶었다""고 말했다. 데뷔 첫 시즌 전반기를 돌아본 소감도 전했다. 그는 ""좋다고만 말할 수 없고 아쉬웠던 게 훨씬 많았다. 처음 겪어보는 거라 정신없이 지나갔던 것 같다. 그래도 후반기에는 더 잘할 수 있을 것 같은 마음이 들어서 전반기도 좋은 경험이었다고 생각한다""고 밝혔다. 개막 초반 1군 선발로 나서다 2군으로 내려갔던 경험도 자양분이 됐다. 오재원은 ""2군에 내려가니까 코치님들께서 마음을 편하게 해주셨다. 특히 타격 부분에서 초반에 잘 칠 때 영상을 다시 돌려보면서 왜 지금 이렇게 급해졌는지 점검하면서 많이 쳤던 것 같다""고 전했다. 1군 첫 시즌에서 가장 어려운 점을 묻자 매일 경기가 있다는 것 자체의 압박감을 꼽았다. 그는 ""매일 경기가 있다는 게 처음엔 조금 압박이었다. 아마추어 때는 일주일에 한 번 경기했는데 여기서는 바로바로 경기하니까 하루 결과가 안 나와도 다음 경기 또 해야 한다. 한번 꺾이면 기세 올리는 게 아직 저한테는 겪어야 할 부분인 것 같다""고 솔직하게 답했다. 전반기 마무리를 잘한 것이 후반기에 좋은 영향을 줄 것 같냐는 질문에 오재원은 ""마지막 경기 마무리를 괜찮게 했다. 마지막 경기 승리로 좋은 팀 분위기 속에 후반기를 시작할 수 있어 더 기분이 좋다""고 힘줘 말했다. 전반기 마지막 타석을 3루타 역전 결승타로 장식한 오재원. 한화의 후반기 반등을 이끌 신인의 성장이 더욱 기대된다. 사진=대전, 김근한 기자 / 한화 이글스 김근한 기자 forevertoss88@xportsnews.com"
2026.07.10 08:15,한화 100억 FA는 왜 타팀 후배를 살뜰히 챙기나…배트 선물+특급 조언...,OSEN,"[OSEN=잠실, 이후광 기자] 프로야구 두산 베어스 내야수 안재석의 타격 반등 뒤에는 한화 이글스에 있는 고교 선배 강백호의 특급 케어가 있었다. 안재석은 지난 9일 서울 잠실구장에서 열린 2026 신한 SOL KBO리그 SSG 랜더스와의 전반기 최종전에 5번 3루수로 선발 출전해 2타수 1안타(1홈런) 2타점 1득점 2볼넷 활약하며 팀의 7-0 완승 및 5연속 위닝시리즈를 이끌었다. 첫 타석에서 결승홈런을 터트렸다. 0-0이던 2회말 무사 1루에서 등장한 안재석은 SSG 선발 토마스 해치의 초구 스트라이크를 지켜본 뒤 2구째 147km 하이패스트볼을 받아쳐 비거리 130m 우월 홈런으로 연결했다. 5월 1일 고척 키움 히어로즈전 이후 약 두 달 만에 나온 시즌 4호 홈런이었다. 안재석은 이에 그치지 않고 3회말 1사 2, 3루에서 볼넷 출루해 박찬호의 2타점 중전 적시타를 뒷받침했다. 그리고 4회말 2사 1, 2루에서 다시 볼넷을 골라내며 3출루 경기를 치렀다. 두산 김원형 감독은 “안재석이 완벽한 타이밍에서 결승홈런을 때려냈다”라고 흡족한 미소를 지었다. 경기 후 만난 안재석은 “홈런을 쳐서 너무 좋다. 최근 장타를 의식하지 않고 안타와 출루를 목표로 삼았는데 이렇게 강한 타구가 나오면서 담장을 넘어갔다”라며 “타율이 아직 한참 낮긴 하지만, 최근 안타가 많이 나오고 출루도 많이 하면서 조금씩 타이밍이 좋아지고 있다. 후반기를 조금 더 자신 있게 시작할 수 있을 거 같다”라고 소감을 전했다. 지난달 23일 대전 한화 이글스전까지 시즌 타율 2할2푼1리 부진에 시달리며 마음고생이 심했던 안재석. 그런 가운데 24일 한화전에서 3안타를 터트리며 반등 계기를 마련했고, 기세를 이어 전날까지 14경기 타율 3할6푼(50타수 18안타) 1홈런 11타점 6득점 OPS .950 반전을 이뤘다. 시즌 타율도 2할5푼6리까지 끌어올린 상황. 안재석에게 비결을 묻자 주저없이 서울고 선배 강백호의 이름을 언급했다. 그는 “얼마 전 대전 원정에서 (강)백호 형을 만나 ‘방망이가 너무 안 맞는다. 도저히 어떻게 쳐야할지 모르겠다’라고 조언을 구했다. 백호 형이 40분 넘도록 타격 조언, 목표 설정, 미래 설계 등을 해줬다. 방망이 선물도 많이 해주셨는데 그 때부터 타격이 잘 되고 있다. 방망이는 작년부터 백호 형이 주는 것만 쓰고 있다”라고 밝혔다. 강백호의 어떤 조언이 인상적이었냐고 묻자 “너무 한 경기, 한 경기에 연연하지 말라는 말을 해줬다. 내가 설정한 목표로 가는 데 있어 안 된다고 처지지 말고 차근차근 해보라고 했다. 그러다보면 언젠가 형처럼 100억 FA 계약을 할 수 있다는 말을 해줬는데 그 이후 천천히 차분하게 하다보니 나도 할 수 있겠다는 자신감이 생겼다”라고 말했다. 안재석은 “형이 서울고 3년 선배다. 연락을 꾸준히 못하는데도 만날 때마다 잘 챙겨주신다. 항상 고가의 배트를 3~4개씩 주신다. 너무 감사드리고 앞으로도 많이 챙겨주셨으면 좋겠다. 서울고가 역시 끈끈하다”라고 진심을 표현했다. 전반기 본인의 수비는 어땠을까. 유격수에서 3루수로 변신해 각종 시행착오를 겪은 그는 “많이 힘들었다. 수비가 무너지면서 공격도 무너졌다. 안 풀리니까 답답했다”라고 털어놓으며 “최근 타격 페이스가 올라오면서 수비 실책이 나와도 멘털적으로 흔들리지 않았다. 내가 3루수로 이동한 이유는 타격에 더 집중하라는 의미가 크다. 타격이 좋아지면서 멘털도 좋아졌다. (박)찬호 형, 홍원기, 손시헌 코치팀이 많은 도움을 주셨다”라고 되돌아봤다. 이어 “늘 믿고 기용해주시는 김원형 감독님께 너무 감사드린다. 솔직히 내가 주전으로 뛸 정도의 성적을 내지 못했다고 생각한다. 물론 최근 들어 좋아지고 있지만, 꾸준히 주전으로 뛸 수 있다는 거에 감사한 마음이 크다”라고 덧붙였다. 안재석의 후반기 목표는 지난해 후반기 영광을 재현하는 것이다. 작년 7월 전역과 함께 35경기 타율 3할1푼9리 4홈런 20타점의 화력을 뽐낸 그는 “지난해 후반기 장타를 엄청 많이 쳤다. 타구의 코스도 다 좋았다. 올해 후반기도 작년 후반기처럼 해보겠다”라고 다짐했다. /backlight@osen.co.kr"
2026.07.10 08:11,"“많이 부족하죠, 뭐 옛날 얘기하면 안 되지만…” KIA 양현종 ‘아 세...",마이데일리,"[마이데일리 = 부산 김진성 기자] “많이 부족하죠. 뭐 옛날 얘기하면 안 되지만…” KIA 타이거즈 베테랑 좌완 양현종(38)이 전반기를 16경기서 6승5패 평균자책점 3.91로 마쳤다. 9일 부산 롯데 자이언츠전서 김진욱과의 맞대결을 잡았다. 5이닝 5피안타 1탈삼진 1볼넷 1실점으로 승리투수가 됐다. 포심 최고 144km에 슬라이더, 체인지업, 커브를 섞었다. 늘 같은 래퍼토리인 듯하지만, 올해 양현종은 슬라이더를 커터성으로 구사하고, 기존 커브를 버리고 너클커브를 장착했다. 단, 너클 커브를 많이 던지는 편은 아니다. 양현종은 전반기 내내 후배 투수들에게 고맙고 미안한 마음을 드러냈다. 자신이 옛날의 양현종이 아니다 보니, 5이닝 이상 소화하지 못하고, 후배 불펜 투수들에게 짐을 많이 짊어지게 한다고 생각하기 때문이다. 이범호 감독은 전성기보다 구위가 떨어진 양현종을 5이닝 이상 활용할 생각은 없다. 팀을 위해, 그리고 양현종의 롱런을 위한 결정이다. 양현종은 전반기 최종전을 마치고 “롯데 타자들이 지난 이틀간 감이 좋았다. 거기에 맞춰서 준비했다. 공격적으로, 인플레이 타구를 빨리 만들어서 아웃카운트로 바꾸려고 했다. 컨디션이 좋았고 공격적으로 들어가서 무사히 5이닝을 잘 마치고 내려갔다”라고 했다. 이범호 감독은 전반기 최종전이니만큼 총력전을 선언했다. 어쩌면 1회부터 바뀔 수도 있었다. 양현종은 “선발 당일에는 많이 예민해서 이런저런 얘기를 안 들으려고 하는데 감독님이 꼭 전해달라고 하셔서…전반기 마지막 게임이고 중간투수도 많이 쉬어서 일찍 교체할 수 있다고 했다. 꼭 이기는 게임을 하고 싶다고 했다. 나도 컨디션이 좋아서 좀 더 공격적으로 던졌다”라고 했다. 전반기를 돌아봤다. 양현종은 “개인적으로 많이 부족하죠. 옛날 얘기를 하면 안 되지만 옛날엔 한 경경기를 책임질 힘이 있었지만 지금은 그런 힘이 없고 중간투수들에게 부탁하는 입장이다. 전반기에도 6이닝 이상 던져본 적이 없어서 항상 투수들에게 미안하고 고맙다. 솔직히 옛날 생각도 나고 그렇다”라고 했다. 그러면서 “더 많이 던지고 싶고 더 많이 던짐으로써 중간투수들에게 부담을 덜 주고 싶은 마음이다. 야구 유니폼을 벗는 날까지 항상 그 마음을 갖고 있을 것 같다. 그래도 오늘은 후련하게 던졌다. 후반기에 중요한 게임도 있고 컨디션도 나쁘지 않아서 좋아질 것 같다”라고 했다. 20년차지만 늘 배운다. 양현종은 “지금 연차에도 항상 배운다. 오늘도 (곽)도규가 ‘와 밸런스 진짜 좋다. 공을 그렇게 던져야지’ 나도 배우고 그랬다. 상대 팀 투수들도 마찬가지고. 그냥 야구를 오래 하고 싶은 마음에 너무 즐겁고, 재밌고 행복하다. 더 잘 하고 싶은 마음이다”라고 했다. 아직 100% 컨디션이 아니다. 후반기에 더 좋아질 여지가 있다. 양현종은 “100%는 아닌데 아프지 않기 때문에, 정말 전력으로 던졌지만 나도 내 몸을 모르기 때문에 앞으로 어떤 모습을 보여줄지 나도 기대된다”라고 했다."
2026.07.10 08:11,"음바페, PK 실축 딛고 결승포…모로코 벽 넘은 프랑스 4강 行",한국경제,"프랑스가 4년 만에 모로코와의 리턴 매치에서 승리해 2026 국제축구연맹(FIFA) 북중미 월드컵 4강행 티켓을 거머쥐었다. 프랑스는 10일(한국시간) 미국 매사추세츠주 폭스버러의 보스턴 스타디움에서 열린 대회 8강전에서 후반전 터진 킬리안 음바페의 선제 결승골과 우스만 뎀벨레의 쐐기포를 앞세워 모로코를 2-0으로 물리쳤다. 1998년과 2018년 대회 정상에 올랐고 직전 2022년 카타르 대회에서 준우승을 거뒀던 프랑스는 이로써 3회 연속 월드컵 4강 진출이라는 성과를 얻었다. 통산 세 번째 우승컵을 노리는 프랑스는 오는 15일 미국 댈러스 스타디움에서 스페인-벨기에 경기(11일)의 승리 팀과 결승 길목에서 맞붙는다. 반면 카타르 대회 당시 준결승에서 프랑스에 막혀 4위로 돌풍을 마감했던 모로코는 아프리카 팀 최초로 2회 연속 8강행이라는 이정표를 세운 것에 만족해야 했다. 모로코의 탈락으로 이번 대회에 생존했던 아프리카 대륙 국가는 전멸했다. 이날 프랑스는 최전방의 음바페를 필두로 데지레 두에, 마이클 올리스, 뎀벨레로 2선을 구축해 공세에 나섰다. 3골을 넣은 핵심 공격수 이스마엘 사이바리가 햄스트링 부상으로 이탈한 모로코는 브라힘 디아스를 중심으로 맞섰다. 경기 초반은 프랑스의 일방적인 공세였다. 전반 슈팅 수에서 13 대 1로 압도했으나 모로코의 골키퍼 야신 부누의 선방 쇼에 막혀 결실을 보지 못했다. 전반 4분 음바페의 중거리 슛과 다요 우파메카노의 헤더가 차례로 막혔고, 전반 막판 루카 디뉴의 슛은 골대를 강타하는 불운이 겹쳤다. 결정적인 기회도 날아갔다. 전반 25분 음바페가 누사이르 마즈라위의 반칙으로 페널티킥을 유도했으나 비디오 판독(VAR)으로 지체된 뒤 시도한 오른발 슛이 부누의 손에 걸렸다. 전반 35분 두에의 날카로운 슛마저 무위에 그치며 전반은 0-0으로 마감됐다. 전반 페널티킥 실축으로 고개 숙였던 음바페는 후반 15분 두에의 패스를 받아 페널티 지역 왼쪽에서 상대 수비수 이사 라예 디오프를 앞에 두고 전매특허인 절묘한 오른발 감아차기 슛으로 모로코의 골망을 흔들었다. 이 득점으로 음바페는 이번 대회 8호 골을 기록하며 리오넬 메시(아르헨티나)와 득점 공동 선두로 올라섰다. 아울러 통산 월드컵 20고지를 밟으며 역대 최다 득점자인 메시(21골)를 1골 차로 추격했다. 자신이 갖고 있던 월드컵 토너먼트 통산 최다 득점 기록도 12골로 늘렸다. 기세를 올린 프랑스는 후반 21분 뎀벨레가 페널티 아크 정면에서 과감한 오른발 중거리 슛으로 추가 골을 뽑아내며 승부에 쐐기를 박았다. 승기를 잡은 프랑스는 다리 통증을 호소한 음바페를 후반 32분 장필리프 마테타로 교체해주며 체력을 안배했다. 이어 두에 대신 브래들리 바르콜라를, 후반 42분에는 쥘 쿤데를 빼고 말로 귀스토를 투입하는 등 안정적인 경기 운영 끝에 두 골 차 완승을 확정했다. 김예랑 한경닷컴 기자 yesrang@hankyung.com"
2026.07.10 08:02,오스틴 대 김도영?…강백호도 무시할 순 없잖아,스포츠경향,"KBO리그 2026시즌 전반기를 방망이로 뜨겁게 달군 오스틴 딘(LG)과 김도영(KIA)이 장외 홈런왕 경쟁에도 돌입한다. 10일 잠실구장에서 열리는 KBO리그 2026 올스타전 홈런더비에 김도영과 오스틴, 양의지, 박준순(이상 두산), 강백호(사진), 문현빈, 허인서(이상 한화), 김주원(NC)이 참가한다. 출전 선수들은 예선 5아웃, 결승 7아웃의 아웃카운트가 소진될 때까지 타격한 뒤 최대 30초의 휴식 시간을 가진 뒤 1분간 또 추가 타격을 한다. 가장 많은 홈런을 생산한 선수는 우승 트로피와 상금 1000만원, 에어드레서를 받는다. 김도영과 오스틴은 전반기 내내 엎치락뒤치락하며 최다 홈런 부문 1위 자리를 다퉜다. 전반기 1경기만 남겨둔 8일 현재 오스틴이 27홈런, 김도영이 26홈런을 때렸다. 3위 강백호가 23개로 바싹 쫓는다. 홈런 더비 이벤트에서 갈리는 승부가 야구팬들에게 큰 재미 요소가 될 것으로 보인다. 지난해 홈런 더비 우승은 르윈 디아즈(삼성)가 차지했다. 11일 올스타전 경기에 앞서서는 선수와 팬, 구단별 마스코트가 한 팀이 돼 장애물 달리기 경주를 벌이는 썸머레이스가 펼쳐진다. 나눔팀은 LG 우강훈-구본혁, 한화 허인서-이도윤, NC 전사민-류진욱, KIA 박재현-성영탁, 키움 박준현-김건희가 출전한다. 드림팀은 SSG 정준재-김건우, 삼성 이승민-양창섭 KT 손동현-전용주, 롯데 현도훈-박정민, 두산 이영하-곽빈이 호흡을 맞춘다. 우승 팀은 상금 350만원을 받는다. 지난해에는 삼성 이호성-배찬승이 우승을 차지했다. 11일 오후 6시에 시작되는 올스타전 경기에서는 3루쪽 더그아웃을 쓰는 나눔팀이 초공격, 1루쪽 더그아웃의 드림팀이 말공격을 한다. 이번 올스타전에는 베테랑 선수들이 대거 이름을 올렸다. 팬 투표 역대 최다 득표(260만 5510표)를 한 양의지는 2018년 팬 투표 최다 득표에 이어 8년 만에 같은 타이틀을 챙겼다. 최고령 현역 선수인 최형우(삼성)는 선수단 투표에서 278표를 쓸어 베스트 12에 들었다. 2023년 이정후(276표)를 넘고 역대 선수단 투표 최다 득표 신기록을 세웠다. 김경문 한화 감독이 공개적으로 올스타전 출전을 응원했던 류현진(한화)은 감독 추천으로 승선했다. 개인 통산 9번째이자 2년 만에 참가하는 올스타전이다. 올해 올스타전 MVP인 ‘미스터 올스타’에게는 트로피와 상금 2000만원 상금, 안마의자가 주어진다. 지난해는 박동원(LG)이 타이틀을 챙겼다. 올스타 경기 중 안타나 홈런이 나오면 관중석에 시원한 물줄기가 분사된다. 5회말 종료 후 클리닝 타임에는 가수 우즈(WOODZ)의 축하 공연이 펼쳐지고 경기 종료 후에는 불꽃놀이가 잠실구장의 마지막 올스타전을 기념한다. 유새슬 기자 yooss@kyunghyang.com"
2026.07.10 08:01,"삼성 전반기 1위, '영웅'이 있어 가능했다…""후반기 더 좋은 모습 보여...",엑스포츠뉴스,"(엑스포츠뉴스 대구, 김지수 기자) 삼성 라이온즈 내야수 김영웅이 그토록 고대하던 2026시즌 마수걸이 홈런을 쏘아 올렸다. 팀의 전반기 선두 마감에 힘을 보태고 기분 좋게 올스타 휴식기를 즐기게 됐다. 박진만 감독이 이끄는 삼성은 9일 대구 삼성 라이온즈파크에서 열린 2026 신한 SOL KBO리그 LG 트윈스와의 팀 간 11차전에서 6-5로 이겼다. 전날 2-8 패배의 아픔을 씻고 전반기 최종 3연전을 위닝 시리즈로 장식했다. LG를 제치고 1위로 전반기를 마쳤다. 김영웅은 이날 7번타자 겸 3루수로 선발출전, 4타수 2안타 1홈런 1타점 1득점을 기록했다. 2회말 첫 타석에서 LG 선발투수 라클란 웰스에 삼진으로 물러났지만, 두 번째 타석에서 침묵을 깼다. 삼성이 2-3으로 끌려가던 4회말 무사 1루에서 웰스를 상대로 우전 안타를 생산해 무사 1·2루 찬스를 연결했다. 삼성은 김영웅의 안타로 2루로 진루한 강민호가 심재훈의 우익수 뜬공 때 3루 진루, 양우현의 중견수 뜬공 때 득점하면서 3-3으로 승부의 균형을 맞출 수 있었다. 김영웅은 기세를 몰아 삼성이 5-3으로 앞선 8회말 1사 주자 없는 상황에서 LG 마무리 손주영을 상대로 짜릿한 손맛을 봤다. 초구를 받아쳐 가운데 넘어가는 솔로 홈런을 쏘아 올리고 스코어를 6-3으로 만들었다. 김영웅은 스트라이크 존 한 가운데 몰린 손주영의 150km/h짜리 패스트볼을 완벽하게 공략했다. 가운데 담장을 넘어가는 비거리 131m의 아치를 그려내면서 시즌 1호 홈런을 수확했다. 삼성은 9회초 마무리 김재윤이 1피안타 4볼넷 2실점으로 고전했던 가운데 김영웅의 8회말 솔로 홈런이 없었다면, 자칫 동점을 허용한 뒤 9회말 공격에 돌입할 뻔했다. 김영웅의 홈런 한 방이 승부에 큰 영향을 끼쳤다. 김영웅은 경기 종료 후 ""홈런 타석 때는 무조건 초구를 쳐야겠다는 생각이었다. 주자도 없었기 때문에 최대한 편하게 치고자 했다""며 ""원래는 우익수 쪽으로 당겨 칠 생각이었는데 타이밍이 빨랐다 보니까 센터 쪽으로 간 것 같다""고 소감을 전했다. 또 ""후반기에도 최대한 오늘처럼 많은 생각을 하지 않고 하려고 한다. 팬분들이 응원을 많이 해주셔서 정말 기대에 부응하고 싶었다. 후반기에는 더 좋은 모습으로 보답할 수 있도록 하겠다""고 각오를 밝혔다. 2003년생인 김영웅은 2022년 삼성에 입단한 뒤 3년차였던 2024시즌 주전 3루수 자리를 꿰찼다. 28홈런을 때려내며 삼성의 통합 준우승에 결정적인 역할을 했다. 2025시즌에도 22홈런을 쳐내고 리그를 대표하는 거포 3루수로 성장했다. 김영웅은 다만 2026시즌에는 부상과 부진이 겹치면서 6월까지 13경기 타율 0.160(50타수 8안타) 3타점에 그쳤다. 햄스트링 부상으로 2개월 넘게 1군에서 자리를 비웠다. 지난 6월 23일 잠실 LG전에서 복귀한 뒤 이틀 후 자신의 파울 타구에 다리를 맞고 다치면서 한 차례 더 2군행을 겪기도 했다. 김영웅은 몸 상태를 회복한 뒤 지난 7일 삼성이 전반기 최종 3연전을 앞둔 가운데 콜업됐다. 올스타 휴식기 전 마지막 경기에서 시즌 마수걸이 홈런을 터뜨리면서 후반기 활약에 대한 기대감을 높였다. 사진=삼성 라이온즈 김지수 기자 jisoo@xportsnews.com"
2026.07.10 07:42,"""크게 부진했다"" ERA 7점대 난타→방출→6억에 인천 입성…156km ...",마이데일리,"[마이데일리 = 이정원 기자] ""기대에 미치지 못했다."" SSG 랜더스 유니폼을 입은 페드로 아빌라는 팀의 희망이 될 수 있을까. SSG는 지난 9일 아빌라 영입 소식을 전했다. SSG 관계자는 ""신장 180cm, 체중 95kg의 단단한 신체 조건을 갖췄다. 평균 150km 이상, 최고 156km에 달하는 위력적인 패스트볼을 보유했다. 커터, 체인지업, 커브, 스플리터 등 다양한 변화구를 활용해 전략적으로 상대를 압박할 수 있는 유형의 투수""라고 기대했다. 총액 40만 달러(약 6억)에 영입했다. 아빌라는 베네수엘라 출신으로 2014년 국제 아마추어 자유계약을 통해 워싱턴 내셔널스와 계약했다. 이후 2019년 샌디에이고 파드리스에서 메이저리그 데뷔의 꿈을 이뤘다. 2024시즌 중반 트레이드를 통해 클리블랜드 가디언스 소속으로 뛰기도 했다. 메이저리그 통산 72경기 8승 4패 1세이브 1홀드 평균자책 3.51의 기록이 있다. 지난 시즌에는 일본프로야구(NPB) 야쿠르트 스왈로스에서 15경기 7승 8패 ERA 4.04를 기록했다. SSG 오기 전까지는 클리블랜드 산하 트리플A에서 15경기 3승 7패 평균자책 7.50을 기록했다. 마이너리그 통산 기록은 189경기 42승 46패 3세이브 7홀드 평균자책 4.54. 메이저리그트레이드루머스(MLBTR)는 ""아빌라는 메이저리그에서 146⅓이닝을 던지며 평균자책 3.51을 기록했다. 주로 롱릴리프, 스윙맨 역할을 맡았다. 2025년에는 야쿠르트 소속으로 뛰며 선발 14경기, 불펜 1경기를 소화했다. 이후 마이너리그 계약을 통해 클리블랜드로 복귀했다""라고 전했다. 이어 ""하지만 기대에 미치지 못했다. 60이닝 동안 ERA 7.50으로 크게 부진했다. 탈삼진율과 볼넷률, 땅볼 유도율 모두 이전보다 나빠졌다. 평균 직구 구속도 92.1마일(약 148km)로 메이저리그 통산 평균인 93.6마일(약 151km)보다 크게 떨어졌다""라며 ""다만 불펜에서 활약하던 투수가 선발로 전환해 한 경기 4~6이닝씩 던졌던 만큼, 어느 정도 구속 저하는 예상됐다""라고 덧붙였다. 또한 MLBTR는 ""KBO와 계약하면서 아빌라는 미국 마이너리그에서 뛰었을 때보다 더 많은 수입을 보장받게 됐다. 만약 이번 시즌 후반기 좋은 활약을 펼친다면, SSG 또는 다른 KBO 구단과 2027시즌 재계약을 맺을 가능성도 있다. 그렇게 되면 70만~100만 달러(약 11억~15억) 수준의 보장 계약을 받을 가능성도 충분하다""라고 이야기했다. 아빌라는 구단을 통해 ""되어 매우 기쁘다. 새로운 도전을 통해 좋은 퍼포먼스를 보여드리고, 팀 승리에 기여할 수 있도록 하겠다""라고 전했다. SSG는 전반기를 9위로 마쳤다. 무엇보다 외국인 투수들의 힘을 전혀 받지 못했다. 과연 아빌라가 힘이 될 수 있을까."
2026.07.10 07:42,"김동주 150m-이대호 150m…LG 문정빈의 148m 장외 홈런, 19...",OSEN,"[OSEN=대구, 한용섭 기자] 홈런 파워 하나는 KBO 레전드들과 비견할 만한 엄청난 기록이다. 프로야구 LG 트윈스 문정빈(23)이 잊지 못할 초대형 홈런을 터뜨렸다. 2007년 이후로는 최장 비거리 148m 홈런포를 기록했다. 문정민은 지난 8일 대구 삼성라이온즈파크에서 열린 삼성과 경기에서 8회 대타로 출장했다. 삼성 좌완 투수 이승현과 승부에서 풀카운트에서 142km 직구가 한가운데로 몰리자, 벼락같은 스윙으로 가운데 담장을 넘어서 장외로 날아가는 솔로 홈런(시즌 7호)을 쏘아올렸다. 라이온즈파크 야구장 밖으로 날아갔다. KBO 공식 기록은 비거리 145m, 삼성 구단이 트랙맨으로 측정한 비거리는 148m였다. KBO 공식 기록은 5m 단위로 끊어서 비거리를 발표한다. 올 시즌 KBO 홈런 비거리가 145m인 홈런은 문정빈이 3번째였다. 한화 강백호가 5월 28일 창원 NC전에서 김태경 상대로 우중간 담장을 넘어가는 145m 솔로 홈런을 터뜨렸다. 또 NC 김형준이 5월 30일 창원 롯데전에서 현도훈 상대로 좌측 담장을 넘어가는 145m 솔로 홈런을 쏘아올렸다. NC 구단에 확인한 결과, 트랙맨으로 측정한 비거리는 강백호의 홈런은 144.2m, 김형준의 홈런은 143.1m였다. 문정빈의 홈런이 올해 최장 비거리 홈런이다. 문정빈은 경기 후 홈런 비거리를 알려주자 깜짝 놀라며 ""맞는 순간 워낙 잘맞은 느낌이라 홈런을 직감했는데, 그렇게 멀리 날아간 줄은 몰랐다""고 웃었다. 더불어 문정빈의 148m 홈런은 KBO 역대 최장 비거리 150m 홈런 다음이다. KBO 역사에서 150m 홈런은 단 4명 밖에 없다. 모두 대스타들이다. 2000년대 실제 측정한 비거리 150m 홈런은 김동주와 이대호가 주인공이다. 김동주는 2000년 5월 4일 잠실 롯데전에서 1-1 동점인 3회 롯데 투수 에밀리아노 기론을 상대로 KBO리그 역사에서 최초 잠실구장 장외홈런을 터뜨렸다. KBO 공식 기록은 150m(실제 측정은 152m). 좌측 담장을 넘어서 보도에 떨어졌는데, 이후 잠실구장 첫 장외홈런을 기념하는 동판을 설치했다. 이대호는 2007년 4월 21일 사직 현대전에서 1회 현대 투수 정민태 상대로 좌측 담장을 넘어서 사직구장 장외로 날아가는 문샷을 날렸다. 당시 기록원은 두세 차례 수정을 해서 공식 기록 150m로 발표했다. 실제 측정 151.2m. 이대호의 장외 홈런공이 떨어진 곳에도 기념 동판이 설치돼 있다. 프로야구 원년 1982년 MBC 백인천은 4월 8일 동대문구장에서 OB와 경기에서 강철원 상대로 150m 솔로 홈런을 터뜨렸다. 양준혁은 1997년 8월 1일 부산 롯데전에서 김태석 상대로 사직구장 우측 관중석 최상단 담장 끝에 맞는 솔로 홈런을 쏘아올렸다. 이대호 홈런과 달리 장외홈런은 아니었는데, 비거리는 150m로 발표됐다. 기록원에 따르면, 타구가 떨어진 위치를 기준으로 하지 않고 구장 밖으로 나갔더라면 어디에 떨어졌을까를 추측해서 결정한 비거리였다고 한다. /orange@osen.co.kr"
2026.07.10 07:41,171cm 롱다리 계유진 치어리더 '핫팬츠에 흰티만 입어도 완벽' [치얼...,마이데일리,"‘경기장의 꽃’ 치어리더는 더 이상 단순히 관중의 응원만을 이끄는 존재에 머물지 않는다. 관중과 선수를 연결하는 가교이자, 경기장 분위기를 극대화하는 주역으로 확실히 자리 잡았다. 이제 치어리더는 응원을 넘어 팬과 팀을 이어주는 중요한 스포츠 콘텐츠 창작자로 빛나고 있다. 스포츠 문화를 더욱 풍성하게 만드는 치어리더들의 매력을 <마이데일리>가 현장에서 영상으로 담아 [치얼UP영상]에서 전한다. <편집자 주> [마이데일리 = 수원 곽경훈 기자] 치어리더 계유진 치어리더가 지난달 21일 오후 경기도 수원kt위즈파크에서 진행된 '2026 신한 SOL KBO 리그' 기아 타이거즈- KT 위즈 경기에서 응원을 펼치고 있다."
2026.07.10 07:32,삼성의 전반기 최대 수확 양창섭 “아내와 올스타전 갑니다”,중앙일보,"삼성 라이온즈가 1위로 올스타 휴식기에 돌입했다. 전반기 삼성 마운드에서 최대 수확은 양창섭(27)의 재발견이다. 양창섭은 선발 로테이션에 들지 못한 채 개막을 맞이했지만, 7승(무패 평균자책점 4.26)을 거두면서 전반기를 마쳤다. 지난 5월 24일 부산 롯데 자이언츠전에선 데뷔 첫 완봉승을 거두기도 했다. 그런 양창섭에게 하나의 선물이 왔다. 꿈에 그리던 올스타전이다. 당초 감독 추천으로 선발된 신인 투수 장찬희가 팔꿈치 굴곡근 부종으로 빠지면서 양창섭이 대체 선수로 가게 됐다. 박진만 삼성 감독은 “투수가 빠졌으니 내세울 선수가 투수인데 양창섭이 제일 좋지 않느냐. 처음이니까 기념비적이다”라며 흐뭇해했다. 2018년 데뷔한 양창섭이 올스타전에 가기까지는 9년이 걸렸다. 덕수고를 졸업할 당시 큰 기대를 모았지만 부상과 부진으로 고전했던 그다. 하지만 군복무를 마치고 복귀한 지난해 반등했고, 어렵게 잡은 기회를 놓치지 않았다. 양창섭은 “뭐가 잘 됐는지도 모르겠다”고 웃으며 “작년에 롱 릴리프로 뛰면서 긴 이닝을 던지는 데 적응이 됐다. 그래도 목표는 선발이니까 캠프부터 준비를 했다. 덕분에 이렇게 던질 수 있었다”고 했다. 양창섭은 “(올스타로 추천해주셔서)감독님께 감사드린다. 올스타전은 야구를 하면서 꼭 나가보고 싶었던 자리였다. 좋은 기회를 주셔서 재밌게 즐기려 한다”고 했다. 올 시즌 일요일(5승 무패 평균자책점 3.65)에 자주 등판해 승리를 많이 챙겨 ‘일요일의 사나이’란 별명을 얻은 그는 “(의미가)좋은 별명이라 나도 좋다”고 했다. 당초 양창섭은 올스타 휴식기를 아내와 아이들과 보낼 계획이었다. 양창섭은 “아내가 전반기 힘들었으니까, 집에서 푹 쉬지고 했다. 아내도 올스타전을 보러오기로 했다. 나보다 더 좋아한다”고 미소지었다. 양창섭은 평소 아내의 응원이 큰 힘이 됐다고 자주 말했다. 아내 박정민 씨는 양창섭이 선발 등판하는 날마다 절에 가 기도를 올린다. 이제 절반을 살짝 넘겼지만 아직 시즌은 길다. 치열한 1위 싸움을 벌이고 있는 만큼 양창섭의 역할도 작지 않다. 박진만 감독은 5선발 체제를 예고한 만큼, 팀내 경쟁도 치열하다. 양창섭은 “후반기에도 선발로 나서게 된다면 매 경기 5이닝 이상 던지고 싶다. 목표라면 시즌 100이닝(현재 61과 3분의 1이닝)이다. 거기까지 갈 수 있도록 최선을 다하고 싶다”고 했다. 김효경 기자 kaypubb@joongang.co.kr"
2026.07.10 07:31,‘야구여왕2’ 골프 박민서 포함 완전체 떴다,스포츠경향,"시즌2의 완전체가 탄생했다. 채널A ‘야구여왕2’의 국내 50번째 여자 야구단 블랙퀸즈가 트라이아웃을 통해 총 다섯 명의 신규 선수를 영입하며 새로운 출발을 알렸다. 9일 첫 방송된 채널A ‘야구여왕2’(연출 신재호)에서는 블랙퀸즈의 원년 멤버 김민지-김성연-김온아-박하얀-송아-신소정-아야카-이수연-장수영-정유인-주수진-최현미와 추신수 감독, 이대형·윤석민 코치가 비시즌기 혹독한 훈련을 거쳐 ‘업그레이드’된 모습으로 자리한 가운데, 시즌2를 맞아 블랙퀸즈와 함께할 선수 출신 지원자들을 선발하는 트라이아웃 현장이 공개됐다. 트라이아웃에서는 총 47개 종목 308명 지원자 중 제작진의 사전 테스트를 통과한 단 18명만이 참가 기회를 얻었다. 제작진은 “선발 인원은 단 3명!”이라고 공지했다. 1조 선수로는 올림픽 은·동메달리스트인 펜싱 여제 윤지수를 비롯해 주수진의 직속 후배인 축구 강수진, 김온아의 직속 후배인 핸드볼 김설희, 태권도 엄지민, 필드하키 김나영이 인사를 나눴다. 먼저 캐치볼 평가가 실시됐는데, 윤지수와 엄지민, 강수지, 김설희가 고른 실력을 자랑했다. 반면 캐치볼이 미흡했던 김나영은 블랙퀸즈가 가장 필요로 하는 수비력에서 두각을 드러냈고, 타격에서는 김나영, 엄지민이 완벽한 자세로 정타를 쳐냈다. 논의 끝에 추신수 감독과 이대형·윤석민 코치는 핸드볼 김설희를 제외한 4인을 1차 합격시켰다. 김설희는 “너무 긴장한 나머지 실력의 반도 안 나온 것 같다”라며 아쉬움을 내비쳤다. 2조에서는 ‘블퀸 에이스’ 송아와 장수영의 뒤를 잇겠다는 테니스 엄선영·김세현, 올림픽 배드민턴 동메달리스트 김소영과 김소정·송민지가 출격했다. 이들은 ‘라켓조’답게 피칭과 타격에서 압도적인 기량을 과시했다. 배드민턴 선수들은 세 자릿수 구속으로 스트라이크 존을 관통하는 ‘美친 제구력’을 뽐냈고, 테니스 선수들은 완벽한 자세와 타이밍, 파워로 교과서 같은 스윙을 선보여 감코진의 함박웃음을 자아냈다. 캐치와 송구에서도 고른 능력을 드러낸 이들은 “너무 뛰어나서 누구도 탈락시킬 수 없었다”라는 추신수 감독의 평가와 함께 전원 1차에 합격했다. 3조는 창던지기 선출 박보경·김지민·유정래, 소프트볼 최혜빈이 자리했다. 이중 창던지기 김지민은 대포알 같은 송구 능력을 비롯해 블랙퀸즈 역대 최고 구속인 110km/h로 스트라이크를 꽂아 넣어 모두의 물개박수를 받았다. 최혜빈은 안정적인 수비력과 타격으로 “안구 정화가 된다”라는 감코진의 극찬을 자아냈으며, 포수 포지션에서 장수영과 배터리 호흡을 맞추며 ‘주루 1티어’ 이수연·김민지의 도루 시도를 저지해 원년 멤버들을 ‘실직 위기’에 몰아넣었다. 논의 결과 김지민·최혜빈이 1차 합격했다. 마지막으로 4조에서는 아시안게임 3회 연속 동메달의 ‘여자 축구 레전드’ 전가을과 KLPGA 통산 5승 기록을 보유한 골프 김시원(김민선), 플래그 풋볼 서가은, 골프 박민서가 참여했다. 이중 시즌1의 마지막을 장식했던 ‘야구 유망주’ 박민서는 “리틀야구 선수단에서 유일한 여자 선수로 최연소 여성 선수 홈런 기록을 보유했지만, 고교 진학 후 뛸 수 있는 팀이 사라져 골프로 전향하게 됐다”라고 야구에 대한 그리움을 드러냈다. 본격 테스트에서 박민서는 몸풀기부터 깔끔한 일자 송구를 보여준 뒤, 내·외야를 가리지 않는 정확한 수비력을 뽐냈다. 윤석민 코치의 투구에 홈런성 강타를 쳐내는가 하면, ‘6할 타자’ 송아를 상대로 110km/h의 공을 뿌리며 삼진을 잡아내 “더 볼 것도 없다”라는 찬사가 터졌다. 예상대로 박민서가 만장일치 1순위 합격자가 됐고, 탈락한 전가을과 김시원은 “즐거운 추억으로 남을 것 같다, 앞으로 야구를 보면서 절대 욕하지 않겠다”라는 소감을 전했다. 1차 합격자 12명 중 골프 박민서와 소프트볼 최혜빈의 최종 합격이 확정된 가운데, 나머지 10명의 최종 선발을 위한 2차 평가가 진행됐다. 감코진은 “실전에 즉시 투입 가능한 내야 수비 능력을 우선적으로 체크하자”라며 꼼꼼한 심사에 나섰고, 타격에서는 윤석민 코치가 직접 강속구를 던져 컨택에 성공할 수 있는지를 봤다. 기나긴 테스트가 끝난 후, 추신수 감독은 박민서, 최혜빈에 이어 마지막 합격자로 필드하키 김나영을 호명했다. 그러면서 그는 “너무 훌륭한 선수들이 많아 구단과의 논의 끝에 추가 합격자를 선정했다”라며 테니스 김세현, 배드민턴 송민지를 추가 호명해 총 다섯 선수의 영입을 확정했다. 새로운 동료를 맞게 된 블랙퀸즈 멤버들의 축하가 이어진 가운데, 아쉽게 탈락한 선수들은 “선수로서 가슴이 다시 뜨거워질 수 있다는 걸 알았다”며 눈물을 흘렸다. 같이 눈시울이 붉어진 추신수 감독은 “나도 현역을 은퇴한 지 얼마 안 됐기에, 필드 위에 섰을 때의 떨림은 말로 표현할 수 없다는 걸 안다”라며 “블랙퀸즈가 오래 가는 팀이 되어서 다시 만날 날을 기약하겠다”라고 진심 어린 위로를 건넸다. 마지막으로 추신수 감독은 새롭게 한 팀이 된 블랙퀸즈 전원에게 “시즌2 개막전까지 단 2주의 시간이 남았다”면서, “팀이 보강된 만큼 감코진 모두가 많은 시간을 투자해 더욱 강력한 팀으로 만들 테니, 선수들도 잘 따라와 주길 바란다”라고 당부했다. 비시즌기 꾸준한 훈련 및 역대급 기량의 신규 선수들을 영입해 ‘초강팀’ 면모를 갖춘 블랙퀸즈의 새 시즌 개막전은 16일(목) 오후 10시 방송되는 채널A ‘야구여왕2’ 2회에서 만날 수 있다. 안병길 기자 sasang@kyunghyang.com"
2026.07.10 07:26,"KIA 팬들에게 슬픈 소식, 양현종은 알고 있다 ""옛날에는 한 게임 책임...",스타뉴스,"[스타뉴스 | 부산=김우종 기자] 세월의 무게는 그 누구도 거스를 수 없는 법이다. KIA 타이거즈 팬들에게는 슬픈 소식이지만, 타이거즈의 '살아있는 레전드' 양현종(38) 역시 과거와 같은 '언터처블' 투구를 보여줄 수 없다는 사실을 스스로 잘 알고 있었다. KIA는 9일 부산 사직야구장에서 펼쳐진 롯데 자이언츠와 2026 신한 SOL KBO 리그 정규시즌 원정경기에서 5-2로 승리했다. 이날 승리로 KIA는 4연패에서 탈출, 45승 2무 39패의 성적으로 전반기를 마감했다. 리그 순위 단독 4위다. 연패 탈출의 일등 공신. 바로 '백전노장' 양현종이었다. 그는 이날 막중한 책임감을 안고 선발 등판, 5이닝(총 69구) 5피안타 1볼넷 1탈삼진 1실점(1자책) 호투를 펼치며 시즌 6승 달성에 성공했다. 경기 후 양현종은 취재진과 인터뷰에서 ""앞서 이틀 동안 경기를 보면서 정말 롯데 타자들의 컨디션과 감이 좋다고 생각했다. 거기에 맞춰서 준비했다. 피하기보다는 그래도 공격적으로 들어가야 인플레이 타구를 만든 뒤 아웃카운트로 연결할 수 있다고 생각했다. 그래도 컨디션이 좋아 공격적으로 들어갈 수 있었다. 많은 이닝은 아니지만 5이닝을 무사히 잘 마치고 내려갈 수 있었다""고 입을 열었다. 이날 경기에 앞서 이범호 감독은 총력전을 선언했다. 이 감독은 ""투수 코치와 상의했는데, (황)동하 역시 1회부터 대기할 것이다. 불펜도 1회부터 바로 대기를 시킬 생각이다. (양)현종이한테도 1회부터 베스트로(최선을 다해) 던져달라 했다. 만약 초반에 점수 차가 벌어지면 따라가기 힘드니까, 그렇게 준비하자고 했다""고 말했다. 사실상 여차하면 아무리 양현종이라고 할지라도 상황에 벌어지면 빼겠다는 의미였다. 양현종은 ""사실 선발 당일에는 제가 좀 많이 예민해서 이런저런 이야기를 잘 듣지 않는 편이다. 그래도 감독님께서 코치님 통해 꼭 전해달라고 한 부분이었다. 전반기 마지막 경기이기도 하고, 중간 투수들도 많이 쉬었기에 상황에 따라 일찍 교체할 수도 있다는 말씀이었다. 꼭 이기는 경기를 하고 싶다고 이야기해주셨다""고 전했다. 양현종은 전반기 총평에 관해 ""많이 부족하죠""라면서 ""옛날이야기를 하면 안 되겠지만, 그래도 옛날에는 제가 한 게임을 좀 책임질 수 있는 그런 힘이 있었다. 하지만 지금은 그런 힘이 없고, 항상 중간 투수들에게 부탁하는 입장에서 공을 던졌던 것 같다""고 되돌아봤다. 이어 ""올 시즌 전반기에도 보면 6이닝 이상 던져본 적이 없다. 그래서 항상 불펜 투수들에게 미안하고 고맙다는 생각을 갖고 있다. 이게 제 역할이기도 하지만, 그래도 예전에는 저도 한 경기를 책임질 수 있던 때가 있었는데…. 옛날 생각도 나고, 항상 그러는 것 같다. 더 많이 던지고 싶고, 그러면서 중간 투수들의 부담을 덜어주고 싶다. 그런 마음은 후반기는 물론, 유니폼을 벗는 그날까지 항상 갖고 있을 것 같다""며 진심을 전했다. 끝으로 그는 ""시즌 초반에 감독님께서 관리를 해주셨다. 체력적으로 힘든 건 전혀 없다. 그냥 마운드에 올라가서 던지는 게 좋다. 재미있고, 지금 연차에도 항상 배우는 것 같다. 이날도 (곽)도규 던지는 모습을 보면서 '밸런스가 진짜 좋다. 공을 이렇게 던져야지'라고 생각했다. 그냥 야구를 오래 하고 싶다. 이게 너무 즐겁고, 재미있고, 행복하다. 더 많이 배우면서 잘하고 싶은 마음이 항상 있다. 저도 제 몸을 모르기 때문에 앞으로 더 기대된다""며 각오를 다졌다. 부산=김우종 기자 woodybell@mtstarnews.com"
2026.07.10 07:25,"'공포의 183.2㎞' 기어코 1위 찍고 끝냈다, KIA 진짜 김도영 때...",스포츠조선,"[부산=스포츠조선 김민경 기자] ""후반기에는 올라갈 일만 남아 있지 않을까 생각한다."" KIA 타이거즈는 역시나 김도영 때문에 산다. 지난해 햄스트링 부상으로 최악의 시즌을 보내고, 걱정과 우려 속에 올해를 맞이했는데 김도영답게 잘 헤쳐 나갔다. 김도영은 9일 부산에서 열린 롯데 자이언츠와 전반기 마지막 경기에 3번타자 3루수로 선발 출전해 3타수 2안타(1홈런) 1볼넷 2타점 활약을 펼쳐 5대2 승리를 이끌었다. KIA는 4연패를 끊고, 45승2무39패 4위로 전반기를 마쳤다. 김도영은 전반기 KIA가 치른 86경기에 개근 도장을 찍고, 타율 2할9푼8리(315타수 94안타), 27홈런, 74타점, OPS 1.010을 기록했다. 시즌 초반 타격 페이스가 올라오지 않아 애를 먹었음에도 타율을 제외한 모든 타격 지표에서 최상위권을 찍었다. 이범호 KIA 감독은 ""(김)도영이는 왜 팀에 도영이가 있어야 하는지 잘 보여주고 있다""고 총평했다. 김도영은 이날 2-1로 앞선 6회초 시즌 27호포를 터트려 기어코 오스틴 딘(LG 트윈스)과 홈런 공동 1위를 찍었다. 스트라이크존 높이 들어온 김진욱의 초구 시속 146㎞ 직구를 제대로 통타했다. 타구 속도 183.2㎞에 이르는 총알탄이었고, 비거리는 130m였다. 김도영은 ""평소와 똑같이 쳤는데, 실투가 들어와서 좋은 결과로 이어졌다. 최근에 상대 투수들이 너무나도 좋은 공을 던지다 보니까 실투가 많이 안 들어왔었다. 오늘(9일)은 그 실투 하나를 잡아내서 결과가 좋았다""고 덤덤하게 말했다. MVP 시즌이었던 2024년과 비교하면 타율과 도루를 제외한 모든 지표가 우상향 곡선을 그리고 있다. 도루는 구단이 햄스트링 부상 재발 방지를 위해 막았으니 어쩔 수 없는 일. 2024년 전반기는 23홈런 60타점을 기록했는데, 올해는 중심타자로서 훨씬 무게감 있는 성적을 내줬다. 김도영은 홈런 공동 1위로 전반기를 마친 것과 관련해 ""의미를 부여하진 않는다. 일주일 정도 쉬게 되는데, 일단 전반기 마지막 경기를 좋은 기억으로 끝낼 수 있어서 기분 좋게 쉴 수 있을 것 같다. 후반기 들어가기 전까지 기분 좋을 것 같다""며 미소를 지었다. 전반기까지 타율 3할을 회복하겠다는 목표는 이루지 못했지만, 목표까지 2리만 남겨두고 있다. 지난달 초만 해도 타율 2할 중반대였던 것을 고려하면 엄청난 상승세다. 김도영은 ""전반기에 딱 3할을 달성했다면 좋았을 것 같은데, 그래도 건강히 끝낸 것에 정말 만족스럽다""며 ""전반기 치르는 동안 타격폼도 많이 바꾸고 신경 쓸 것도 많이 있었다. 전반기 끝날 때쯤에는 타격폼을 완전히 정착해서 이제 후반기에는 올라갈 일만 남아 있지 않을까 생각한다""고 자신감을 보였다. 지난해 김도영이 없어 8위까지 추락했던 KIA는 올해 김도영 복귀 효과를 톡톡히 누리고 있다. 최근에는 김도영 나성범 카스트로가 시너지효과를 내면서 타선에 훨씬 무게감이 생겼다. 후반기 상위권 도약을 위해서는 김도영이 아시안게임 대표팀에 차출되기 전까지 가능한 많은 승수를 쌓아야 한다. 김도영은 ""항상 시즌을 치르다 보면 100% 만족스러운 것은 없다. 당연히 우리 선수로서는 아쉽고, 그래도 최선을 다했기 때문에 충분히 결과에 승복할 수 있을 것 같다. 아직 후반기가 많이 남아 있기 때문에 전력으로 쏟아부으면 좋은 순위가 나올 것 같다""고 힘줘 말했다. 부산=김민경기자 rina1130@sportschosun.com"
2026.07.10 07:16,"첫 도입 ‘亞쿼터’, 누가 웃고-누가 울었나…‘확실한 성공’은 왕옌청·웰...",스포츠서울,"[스포츠서울 | 강윤식 기자] 올해 KBO리그는 새롭게 아시아쿼터를 도입했다. 시즌 시작 전부터 10개구단은 ‘고효율’ 자원을 뽑기 위해 애를 썼다. 전반기 동안 울고 웃은 팀이 갈렸다. 대박을 터트린 팀, 참고 참은 끝에 교체 ‘초강수’를 둔 팀이 나왔다. 지난해 1월 한국야구위원회(KBO)는 아시아쿼터 도입을 발표했다. 아시아 국적 전체 및 호주 국적 선수가 대상이다. 신규 영입 시 지출할 수 있는 최대 비용은 20만달러(월 최대 2만달러)다. ‘외국인 선수급’은 안 되더라도, 좋은 효율로 팀에 도움을 줄 선수를 뽑기 위해 10개구단이 바쁘게 움직였다. 예상했던 대로 투수가 대세였다. 9팀의 첫 선택이 투수다. KIA만이 프리에이전트(FA)로 팀을 떠난 박찬호 공백을 메우기 위해 야수(제리드 데일)를 영입했다. 그렇게 결정된 10명의 아시아쿼터가 기대와 함께 시즌을 맞았다. 그러나 승부의 세계에서 모두가 웃기는 힘들었다. 일단 긍정적인 사례부터 먼저 보면 LG와 한화가 확 눈에 띈다. LG는 지난해 부상대체외국인선수로 키움서 뛴 라클란 웰스를 품었다. 한화는 대만 국가대표 경험을 가진 왕옌청을 영입했다. 경력 등으로 볼 때 애초 기대가 컸던 선수들이긴 하다. 그리고 변수 없이 그 기대에 부응 중이다. 두 명 모두 선발을 돌고 있다는 점이 크다. 웰스는 시즌 초반 부상으로 빠진 손주영 대신 ‘임시 선발’로 로테이션을 돌았다. 경기력이 워낙 좋았다. 결국 선발로 남는 데 성공했다. 현재 LG에서 가장 폼이 좋은 선발이라고 해도 과언이 아니다. 왕옌청 역시 선발 역할을 잘 수행하는 중이다. 류현진과 함께 부상과 부진이 겹친 한화 선발진을 지탱하고 있다. 이들과 달리 아쉬움을 남긴 자원도 있다. 교체를 선택한 팀이 3팀이다. 5월 KIA가 가장 먼저 칼을 빼 들었다. 데일을 방출했다. 같은 날 오후 두산도 타무라 이치로를 웨이보 공시했다. 6월에는 롯데도 쿄야마 미사야를 내보내는 결정을 했다. 이후 KIA는 시라카와 게이쇼, 두산은 타카다 타쿠토를 영입했다. 롯데는 이이무라 쇼타를 데려왔다. 시라카와는 선발을 돌고 있다. 지금까진 만족스럽다. 이이무라는 김태형 감독의 마음을 단번에 사로잡았다. 필승조에 합류했다. 타카다는 아직 애매하다. 2군에서 선발을 준비 중이다. 전반기 결과만 놓고 보면 아시아쿼터로 좋은 자원을 영입하는 게 쉽지만은 않아 보인다. 그래도 어떻게든 그 안에서 팀에 도움이 될 방안을 찾아야 한다. 희비가 갈린 전반기. 후반기에는 아시아쿼터를 둘러싸고 또 어떤 일들이 펼쳐질까. skywalker@sportsseoul.com"
2026.07.10 07:13,"김도영, 괴력의 27호포로 홈런 1위 재등극",KBS,"[앵커] 프로야구에서는 홈런왕에 도전하는 KIA 김도영이 전반기 마지막 경기에서 27호 포를 터뜨려 LG 오스틴과 공동 선두가 됐습니다. 타구 속도가 무려 시속 183.2km, 비거리 130미터로 측정됐을 정도로 무시무시한 괴력이 돋보였습니다. 하무림 기자의 보도입니다. [리포트] 6회 선두 타자 김도영의 방망이가 초구부터 매섭게 돌아갑니다. 순식간에 총알처럼 뻗어간 타구는 사직구장 왼쪽 담장을 훌쩍 넘기는 시즌 27호 대형 홈런이 됐습니다. 비거리 130미터에 더욱 놀라운 것은 타구 속도로 무려 시속 183.2km로 측정됐습니다. 메이저리그 대표 홈런왕 오타니의 올시즌 최고 기록인 184.4km/h에 육박할 정돕니다. 타구가 뻗자마자 롯데 선발 김진욱 등 모두가 홈런임을 직감할 정도로 김도영의 괴력이 돋보였습니다. 전반기 마지막 경기에서 대형 아치를 그리며 LG 오스틴과 함께 홈런 공동 선두가 됐습니다. 김도영은 홈런 포함 2안타 2타점의 맹타를 휘둘렀습니다. 김도영의 선배 거포 나성범은 3대 1로 앞서가던 8회 승리를 앞당기는 두 점짜리 홈런을 쏘아 올렸습니다. KIA는 전반기 마지막 경기를 승리로 장식했고, 4연패 사슬도 끊어냈습니다. LG의 거포 오스틴은 전반기 마지막 경기에서 침묵한 가운데, 김영웅의 시즌 첫 홈런이 터진 홈팀 삼성이 LG를 제압했습니다. 삼성은 LG와의 3연전을 2승 1패로 앞서 전반기를 단독 선두로 마쳤습니다. KBS 뉴스 하무림입니다. 영상편집:이태희 ■ 제보하기 ▷ 전화 : 02-781-1234, 4444 ▷ 이메일 : kbs1234@kbs.co.kr ▷ 카카오톡 : 'KBS제보' 검색, 채널 추가 ▷ 유튜브, 네이버에서도 KBS뉴스를 구독해주세요! 하무림 기자 (hagosu@kbs.co.kr)"
2026.07.10 07:10,"'새 외인도 ERA 7.33' 후반기엔 달라질까, '믿을 수밖에' 암울한...",스타뉴스,"[스타뉴스 | 잠실=안호근 기자] 10구단 중 선발진은 최악으로 평가를 받은 SSG 랜더스의 새로운 희망으로 불린 토마스 해치(32)가 5번째 경기에서도 고전을 면치 못했다. 해치는 9일 서울 잠실야구장에서 열린 두산 베어스와 2026 신한 SOL KBO리그 방문경기에 선발 등판해 3이닝 동안 62구를 던져 5피안타(2피홈런) 2사사구 3탈삼진 6실점(3자책점)을 기록했다. 경기 초반부터 피홈런 두 방을 맞고 분위기를 내줬고 결국 팀의 큰 점수 차를 뒤집지 못하고 0-7로 패해 해치는 1승 후 3연패에 빠졌다. 최고 시속 151㎞의 두 가지 패스트볼을 섞어 17구만 뿌렸고 슬라이더(평균 140㎞)를 가장 많은 29구, 체인지업(평균 136㎞) 9구, 스위퍼(평균 132㎞) 7구를 섞어 던졌다. 통상 선발 투수들의 직구 비율은 절반 가량을 차지하지만 해치는 27.5%에 그쳤다. 물론 변화구를 카운트를 잡는 것은 물론이고 결정구로도 자유자재로 사용하는 투수들은 변화구 비율이 더 높기도 하지만 해치는 전혀 타자들을 압도하지 못하고 있다. 지난 4경기에서 평균 5이닝 이상씩은 던졌지만 피안타율이 0.337에 달할 만큼 상대팀 타자들은 공략에 어려움을 겪지 않았다. SSG가 해치에게 기대하는 것은 분명했다. SSG는 올 시즌 리그에서 가장 취약한 마운드를 갖추고 있다. 특히 선발이 좀처럼 긴 이닝을 소화하지 못하며 그 부담이 지난해 최강이었던 불펜에게도 전가되고 있다. 팀 퀄리티스타트(선발 6이닝 이상, 3자책점 이하)가 단 10회로 선두 두산(40회)의 4분의 1에 불과하고 SSG보다 더 많은 퀄리티스타트를 작성한 투수도 5명에 달한다. 우선 최소한의 선발 역할을 해주길 바랐다. 기대가 큰 신인 김민준과 새로 합류한 페드로 아빌라까지 세 명의 새로운 선발진이 중심을 잡아주면 김건우와 타케다 쇼타, 김민준 등도 덩달아 기세를 탈 것이라는 기대가 있었다. 이숭용 감독은 ""그래서 (앤서니) 베니지아노도 바꾼 것이고 한 명, 두 명 조금만 견고하게 가주면 그 시너지로 인해 다 좋아질 것이라고 생각하고 있다. 3년째 감독을 하고 있지만 경험을 봤을 때도 그런 부분들에서 해주고 분위기를 바꿔줄 수 있는 역할을 해줬으면 좋겠다""고 말했다. 그럼에도 해치는 2회부터 무너졌다. 야수 실책으로 선두 타자를 내보낸 뒤 안재석에게 선제 투런 홈런을 맞았고 이어 박찬호를 볼넷으로 내보낸 뒤엔 삼진 2개를 잡아낸 뒤에도 강승호를 상대로 실투가 나왔다. 결과는 뼈아픈 투런 홈런이었다. 3회에도 연속 안타와 볼넷에 이어 2타점 적시타를 맞은 해치는 결국 4회를 앞두고 최민준과 교체됐다. 해치는 1선발 미치 화이트의 부상이 장기화되며 그 자리를 메우기 위해 영입된 투수지만 다시 한 번 고개를 숙였다. 평균자책점(ERA)은 7.08에서 7.33까지 더 치솟았다. 실책으로 인해 6실점 중 비자책점이 3점에 달했으나 3이닝 소화에 그쳤기 때문이다. 이숭용 감독은 경기 전 ""아빌라가 와서 (선발진을) 견고하게 잡아주면 해치도 더 좋아질 것이다. (최)민준이나 (김)건우나 타케다도 더 좋아질 것""이라고 기대감을 나타냈다. 아빌라는 아직 후반기에나 첫 선을 보일 예정이다. 김민준은 이미 감탄을 자아내는 투구로 팀의 9연패를 끊어내며 주목을 받았다. 둘 모두 후반기 활약에 기대를 걸어볼 만하다. 다만 해치는 전반기 등판한 5경기에서 아쉬움만 남겼다. 영입할 때와 달리 스스로 기대감을 많이 떨어뜨린 상황. 그럼에도 이미 교체 카드 2장을 모두 활용한 SSG로선 믿는 것 외에는 할 수 있는 게 없는 암울한 상황 속에 후반기를 맞이하게 됐다. 잠실=안호근 기자 oranc317@mtstarnews.com"
2026.07.10 07:07,"프로 23년차 감격적인 강민호 ""전반기 1위는 처음이에요""...몸 내던진...",일간스포츠,"삼성 라이온즈 포수 강민호(41)가 흙투성이 유니폼으로 취재진 앞에 섰다. 한 경기에서 세 차례나 슬라이딩을 해 왼 무릎 통증으로 교체된 뒤였다. 그는 ""프로 입단 후 1위로 전반기를 마무리한 건 처음""이라고 환하게 웃었다. 삼성은 지난 9일 홈 대구 삼성라이온즈파크에서 열린 LG 트윈스와 전반기 마지막 경기에서 6-5로 승리했다. 승률 0.614(51승 2무 32패)를 기록한 삼성은 LG(52승 33패·0.612)를 0.002 차로 따돌리고, 하루 만에 1위 자리를 탈환했다. 삼성이 전반기 1위를 차지한 건 2015시즌 이후 11년 만이다. 강민호는 더욱 감격적이다. 프로 입단 후 23년 만에 처음이다. 2004년 롯데 자이언츠에 입단한 그는 2018년 삼성으로 FA(자유계약선수) 이적했다. 그는 ""프로 입단 후 1위로 전반기를 마무리한 건 올해가 처음""이라고 웃었다. 이날 6번 타자 포수로 선발 출전한 강민호는 전반기 1위를 위해 몸을 내던졌다. 2-3으로 뒤진 4회 말 상대 유격수 플라이 실책으로 출루한 그는 후속 김영웅의 안타 때 2루까지 진루했고, 심재훈의 우익수 뜬공 때 태그업해 3루에 벤트 레그 슬라이딩으로 들어갔다. 이어 양우현의 다소 짧은 중견수 뜬공 때 과감하게 홈으로 질주, 헤드퍼스트 슬라이딩으로 동점 득점을 만들었다. LG 벤치에서 비디오 판독을 요청했지만, 판정 번복 없이 일찍 결론이 났다. 그는 ""죽어도 홈에서 죽자는 생각으로 전력을 다해서 달렸다""며 ""모든 선수들이 모든 체력을 쏟아부으면서 이뤄낸 결과""라고 말했다. 강민호는 6회 무사 1루에서 LG 약셀 리오스의 시속 156㎞ 직구를 공략해 좌익선상을 빠져나가는 1타점 결승 2루타를 쳤다. 이어 김영웅의 중견수 뜬공 때 다시 한 번 태그업을 시도했고, 역시나 벤트 레그 슬라이딩으로 3루까지 진루했다. 김성윤의 적시타 때 5-3으로 달아나는 득점을 추가했다. 강민호는 7회 초 수비 시작과 동시에 장승현으로 교체됐다. 삼성 구단은 ""강민호는 (주루 과정에서) 왼 무릎 통증을 호소해 선수 보호차원에서 교체됐다""고 밝혔다. 불혹을 넘긴 강민호는 전반기 60경기에 출장해 타율 0.256 6홈런 35타점을 기록했다. 득점권 타율도 0.339로 좋다. 국가대표 포수 출신으로 개인 통산 골든글러브만 6차례나 품에 안았지만, 아직 우승 경험은 한 번도 없다. 2024년 한국시리즈 무대를 밟았지만, KIA 타이거즈의 벽에 막혀 준우승에 머물렀다. 강민호는 ""전반기를 기분 좋게 끝낼 수 있어서 기분이 좋다""라며 ""모두 푹 쉬고 후반기에도 좋은 분위기로 함께 잘할 수 있었으면 좋겠다""고 바랐다. 강민호에게는 평생 잊을 수 없는 전반기 최종전이었다. 대구=이형석 기자 ops5@edaily.co.kr"
2026.07.10 07:03,"승률 6할 우승, 5할이면 5강? 올시즌은 아니되옵니다…2026 프로야구...",스포츠경향,"꾸준한 LG·롤러코스터 탄 삼성 뎁스의 힘으로 굳건한 양강 체제 ‘3할대 승률’ SSG-키움 나비효과 5위 두산부터 8위 롯데까지 반타작 승률해도 PS 낙마 가능성 KBO리그 2026시즌이 ‘양강 구도’ 속 후반기로 접어든다. LG와 삼성 두 팀이 나란히 6할대 승률(8일 기준)로 선두 경쟁을 벌이고 있다. 접전 중인 두 팀의 시즌 곡선은 사뭇 달랐다. ‘디펜딩 챔피언’ LG는 개막 3연패 충격을 떨쳐낸 뒤로 꾸준히 승수를 쌓으며 전반기 내내 순위표 최상단을 지켰다. 우천취소 등을 제외하고 온전히 3경기를 다 치른 24차례 3연전 중 위닝 시리즈만 18차례 기록했다. 4, 5, 6월 석 달 연속 월간 승률 6할 이상을 달렸다. 4월 초반 8연승을 달린 것 외에 긴 연승은 없었지만, 그렇다고 긴 연패도 없었다. 개막 3연패가 전반기 LG의 최다 연패였다. 그만큼 안정적으로 시즌을 치러왔다. 삼성의 흐름은 사뭇 달랐다. 4월까지 시즌 첫 한 달을 간신히 승률 5할로 마쳤다. 5월 한 달 동안 18승 7패로 폭주하며 기세를 바짝 끌어올렸지만, 6월은 14승 1무 10패로 다소 아쉬웠다. 7월은 5승 2패로 다시 페이스를 올렸다. 한번 분위기를 타면 무섭게 연승을 달렸지만, 그에 못지않게 연패로 신음하는 기간도 길었다. 전반기 84경기를 치르는 동안 삼성은 3연승 이상만 8차례 기록했다. 동시에 4월 말 7연패를 포함해 3연패 이상도 3차례였다. 그러나 이들 양강은 공통점 또한 분명했다. ‘뎁스’의 힘으로 리그 경쟁자들을 압도했다. LG도 삼성도 전반기 내내 부상 악재에 시달렸다. LG는 손주영 없이 시즌을 출발했고, 개막 한 달 만에 마무리 유영찬이 이탈했다. 4번 문보경도 허리와 발목 부상으로 제대로 경기를 치르지 못했다. 그러나 송찬의, 문정빈, 천성호 등이 활약하며 팀을 지탱했다. 삼성도 마찬가지다. 새로 계약한 외국인 투수 맷 매닝은 부상으로 시즌을 시작하기도 전에 팀을 이탈했고, 국내 1선발 원태인도 팔꿈치 부상으로 팀 합류가 늦었다. 젊은 내야수 이재현과 김영웅은 둘이 합쳐 전반기 53경기밖에 뛰지 못했다. 그러나 타선에서 박승규, 전병우, 김도환 등이 돋보이는 역할을 했고 마운드에서는 양창섭, 장찬희 등이 빈자리를 채웠다. 선수층의 양과 질에서 확실한 우위를 보인 두 팀은 후반기에도 치열한 선두 싸움을 벌일 공산이 크다. LG와 삼성이 선두권에서 질주할 때 SSG와 키움은 승률 4할 아래로 주저앉았다. 키움은 객관적 전력 열세를 끝내 극복하지 못했다. 유력한 5강 후보였던 SSG는 최근 몇 년간 팀을 지탱해왔던 불펜이 무너지면서 그대로 침몰했다. 두 팀 모두 한번 연패에 빠지면 좀처럼 헤어나오지 못했다. 키움은 5월23일부터 5월31일까지 8연패를 기록했고, 6월16일부터 6월26일까지는 10연패를 기록했다. SSG는 더 심했다. 5월17일부터 6월2일까지 13연패로 구단 기록을 갈아치웠다. 한 달 뒤인 6월25일부터는 10경기 1무 9패로 다시 9연패를 기록했다. 3할대 승률이 두 팀이나 나오면서 오히려 선두 싸움이 더 가혹해졌다. 승률 6할이면 정규시즌 1위는 무난히 가져가는 게 통상적이지만, 올해는 그걸 장담할 수가 없다. 2019시즌 이후 7년 만에 승률 6할로 2위 아래 순위를 받아들여야 할 수도 있다. SSG와 키움이 일찌감치 뒤로 빠지면서 중위권 다툼 또한 격랑에 빠졌다. 3위 KT와 4위 KIA가 어느 정도 안정적인 자리를 지키고 있을 뿐 5위 두산부터 8위 롯데까지 4개 팀이 촘촘한 간격으로 늘어서 있다. 승률 6할로도 정규시즌 우승을 장담 못 하는 것처럼 5할 이상 승률을 기록하고도 가을야구에 초대받지 못할 가능성이 생겼다. 한여름 더위와 함께 시작하는 후반기 순위 싸움은 불펜에서 갈릴 공산이 크다. 올 시즌 유례없이 많은 구단이 허술한 불펜으로 고전했다. 불펜 팀 평균자책 3점대가 삼성(3.77) 하나뿐이다. 불펜 투수들의 9이닝당 볼넷을 4개 아래로 묶은 팀은 LG(3.86개)가 유일하다. 전반기 10개 구단의 전체 경기 대비 역전패 비율은 평균 22.5%에 달한다. 후반기에 역시 비슷한 흐름이 이어질 수 있다. 무더위에 체력 부담이 더해진다는 걸 감안하면 뒷문 고민이 더 커질 가능성 또한 충분하다. 순위 경쟁권 팀들의 살얼음판 레이스 또한 계속될 수 있다는 것이다. 심진용 기자 sim@kyunghyang.com"
2026.07.10 07:01,"LG 특급 ‘WAR’RIOR 오스틴…WAR 5.54, 리그 투타 통틀어 ...",스포츠경향,"프로야구 LG 오스틴 딘은 전반기 내내 변동성이 컸던 팀 타선의 중심축을 지키고 있다. 지난 8일에는 KBO 공식 6월 MVP로 선정되기도 했다. 7월로 접어들며 살짝 주춤했지만 지난 7일 대구 삼성전에서는 0-2이던 3회 좌익선상을 타고 가는 1타점 2루타로 팀이 주도권을 가져오는 길을 열었다. 특정시즌 특정구단의 특정선수가 얼마나 역할이 컸는지 헤아려볼 수 있는 지표 중 하나로는 WAR(대체선수대비 승리기여도)이 있다. WAR 수치는 업체별 계산법에 따라 조금씩 차이가 나타나지만, 여러 각도로 조명한 기록들의 총합체로 팀내 승리 지분을 들여다보기에는 용이한 기준점이 되고 있다, 국내프로야구에서는 KBO 공식 기록업체인 스포츠투아이와 스탯티즈가 WAR을 다루고 있다. 오스틴은 7일 현재 스포츠투아이 WAR로는 5.54, 스탯티즈 WAR로는 5.00으로 투타 통틀어 전체 1위에 올라 있다. WAR은 마이너스 수치를 달고 주저앉기도 하지만 선수 활약이 꾸준하면 시즌 종착역에 이를 때까지 계속 불어난다. 오스틴은 이 대목에서 LG 역사의 레전드들과도 경쟁 중이다. 해당 시즌을 떠올리면 바로 연상되는 이름을 불러들이고 있다. MBC 청룡을 모태로 1990년 창당한 LG 트윈스 역사에서 단일시즌 WAR이 가장 높았던 선수는 1995시즌의 좌완 에이스 이상훈이었다. 그해 이상훈은 20승5패 평균자책 2.01을 기록했다. 그 시절 WAR까지 확인할 수 있는 스탯티즈 기준 7.79를 찍었다. 1994시즌의 유격수 겸 톱타자 류지현은 WAR 7.49로 역대 2번째로 높은 수치를 기록했다. 타율 0.301 15홈런 51도루에 수비에서의 공헌도까지 반영한 수치였다. 류지현은 1998시즌 WAR 7.03으로 7점대 고지를 한번 더 밟았다. 2021시즌에는 ‘신의 눈’ 톱타자 홍창기가 WAR 7.14로 날았다. 홍창기는 그해 0.452에 이르는 놀라운 출루율을 기록하며 팀공헌도를 극대화했다. 1999년에는 ‘적토마’ 이병규가 WAR을 6.94까지 올렸다. 타율 0.349 192안타 30홈런 31도루로 ‘30-30 클럽’에도 가입하며 광폭 행보를 한 시즌이었다. LG의 또 다른 ‘원클럽맨’ 오지환 또한 출중한 유격수로 공격 지표까지 알차게 꾸린 2022시즌 WAR 6.52를 기록했다. 오지환은 그에 앞서 2020시즌에도 WAR 6.41로 야수진을 리드했다. LG 역대 외국인선수 가운데 단일 시즌 WAR 가장 높았던 선수는 2000시즌 우완 에이스 데니 해리거였다. 해리거는 팀당 133경기를 치르던 그해 31경기에 등판해 225이닝을 던지며 17승10패 평균자책 3.12를 기록했다. 그해 해리거의 WAR은 6.88로 계산됐다. LG 역대 외국인타자로는 2009시즌 WAR 5.99를 기록한 로베르토 베타지니가 팀 역사 한줄에 녹아 있다. 그해 페타지니는 타율 0.332에 26홈런을 때리면서 OPS 1.043을 기록했다. 오스틴은 7일 현재 홈런 1위(27개), 타점 2위(83), OPS 1위(1.088), 타율 3위(0.343), 최다안타 3위(111개) 등 타격 거의 전 부문을 끌어가고 있다. LG의 통합 2연패 도전 여정과도 깊이 연동된 오스틴이 숫자로 남길 2026시즌의 족적에 대한 주목도가 커지고 있다. 안승호 기자 siwoo@kyunghyang.com"
2026.07.10 07:00,그래서 바꾸나요? '파란만장' 오러클린의 운명…박진만 감독에게 직접 물었...,스포츠조선,"[대구=스포츠조선 김영록 기자] ""어젠 내가 오러클린 교체 타이밍을 잘못 잡아서 진 것 같다."" 9일 대구 삼성라이온즈파크. 경기전 만난 박진만 삼성 라이온즈 감독은 뜻밖의 이야기를 꺼냈다. 전날 삼성은 LG 트윈스에 2대8로 졌다. 잠시 탈환했던 1위 자리도 다시 내줬다. 선발 오러클린이 3⅔이닝 10피안타 5실점으로 무너진 영향이 가장 컸다. 오러클린은 시즌 시작전부터 맷 매닝의 대체 외국인 선수로 합류했고, 두번이나 연장계약을 체결하며 전반기를 책임졌다. 올시즌 성적은 17경기 83⅓이닝, 5승5패 평균자책점 4.86이다. 외국인 2선발에게 만족할만한 성적은 아니지만, 갑작스럽게 합류한 대체 선수인데다 정식 계약 전환 없이 단기 대체 연장계약을 2번이나 받아들였다는 점에서 크게 탓할 만한 성적도 아니다. 다만 가뜩이나 최근 구위 저하로 교체설이 나오고 있는 상황. 오러클린의 2번째 연장계약 기간은 오는 16일까지다. 딱 올스타휴식기가 끝난 뒤 후반기가 시작하는 첫날이다. 오러클린의 다음 등판이 있으려면 연장계약이 필수적이라는 뜻. 오러클린의 마지막 등판일지도 모를 경기라서 교체를 망설인 걸까. 사령탑은 단호하게 고개를 저었다. ""내 경기 운영이 서툴러서 진 경기다. 요즘 오러클린은 구속이 떨어진게 문제였는데, 경기 초반 140㎞대 후반으로 구속이 잘 나왔다. 안타도 2스트라이크까진 잘 잡는 모습이었고, 약점이었던 날리는 볼도 특별히 눈에 띄지 않았고, 제구나 내용적으로 괜찮다고 판단했다. 그래서 밀고 나간 건데, 결과적으론 아쉽게 됐다."" 특히 2-0으로 앞서고 있던 3회초 주자 없는 상황에서 박해민의 내야안타가 불씨가 됐다. 삼성 1루수 디아즈는 약간 1루 뒤쪽에서 공을 잡았고, 오러클린은 투구 후 몸이 3루쪽으로 쏠리는 스타일이라 스타트가 늦었다. 두 선수의 스타트가 모두 늦어진 상황에서 타자가 박해민인 점이 불운이었다. 박진만 감독은 ""이닝을 깔끔하게 끝낼 수 있었으니까 아쉽긴 한데, 투수가 투구에 전념하느라 그렇게 된 거라 어쩔 수 없었다고 본다""고 했다. 오러클린은 지난 월드베이스볼클래식(WBC)에서 호주 국가대표로 한국 야구팬들에게 첫 선을 보였다. 이후 삼성이 1선발로 점찍었던 맷 매닝이 스프링캠프 기간 팔꿈치 수술로 이탈하면서 오러클린이 단기 대체 외국인 선수로 합류했다. 개막 직후 5월까진 11경기 4승2패 평균자책점 3.99로 준수했지만, 이후 급격히 체력이 떨어지며 부진에 빠졌다. 그렇다면 오러클린의 운명은 어떻게 될까. 익히 알려진 소문대로 메이저리그 출신 투수로 바뀌는 걸까. 일단 삼성은 올해 12년만의 한국시리즈 우승을 정조준하는 입장. 전반기 1위를 통해 이 목표는 더욱 선명해졌다. 그렇다면 오러클린보다 더 강력한 외국인 선발투수가 필요하다는 공감대가 있다. 앞서 3연전의 첫날, 박진만 감독은 오러클린의 특정 선수 교체설에 대해 ""여러가지 옵션의 하나일 뿐이고, 논의중이다. 그 선수로의 교체가 확정됐다는 건 나도 처음 듣는 이야기""라고 답한 바 있다. ""구단에서 최종적인 협상을 하는 상황인 것 같다. 오러클린이 가고 새로운 외국인이 오게 될까? 올스타 휴식기 안에는 결정이 날 거라고 본다."" 또 ""새 외국인 투수가 오면 그 선수들이 얼마나 역할을 해줄 수 있느냐가 중요하다. 외국인이 강하냐 아니냐에 따라서 (최종) 순위에서 차이가 많이 난다""며 ""외국인 선수가 새롭게 오면 그 선수들이 후반기 운영에 포인트일 것 같다""고 덧붙였다. 전반기 최종전을 마친 뒤 오러클린과 팬들 사이의 감동적인 인사. 구단이 오러클린에게 작별을 통보했는지는 알수 없지만, 적어도 오러클린은 이미 그 분위기를 몸으로 느끼고 있는 모양새다. 2군에서 재조정을 거친 미야지 유라는 복귀전에서 단 3구만에 152㎞ 직구로 헤드샷 사구를 범한 뒤 교체됐다. 깜짝 놀라 당황스러워하는 미야지의 모습만 봐도 고의가 아니었음은 명백했다. 하지만 아직도 이렇게 실전에서 긴장한다면, 구단 입장에선 더욱 냉정해질 수밖에 없다. ""솔직히 실망스러웠다. 그래도 퓨처스에서 재정비를 하고 첫 경기였는데…아마 구단에서도 생각이 많지 않을까. 프로선수가 1군 무대에서 아직도 그렇게 긴장한다면, 더이상 어떻게 케어를 해줄 수도 없고, 버티기 어렵다고 봐야할 것 같다. 여러모로 아쉬웠다."" 대구=김영록기자 lunarfly@sportschosun.com"
2026.07.10 06:53,"이재현·류지혁 없어도, 디아즈 빠져도…11년 만의 전반기 1위, 삼성은 ...",OSEN,"[OSEN=손찬익 기자] 우승하는 팀에는 이유가 있다. 프로야구 삼성 라이온즈가 11년 만에 전반기를 1위로 마칠 수 있었던 원동력 가운데 하나는 흔들리지 않는 수비였다. 삼성은 지난 9일 대구삼성라이온즈파크에서 열린 LG 트윈스와의 전반기 마지막 맞대결에서 6-5 승리를 거두며 2015년 이후 처음으로 전반기 1위를 차지했다. 삼성의 저력은 경기 막판 가장 극적인 순간에 드러났다. KBO리그 최소 실책 1위를 달리는 탄탄한 수비가 승리를 지켜냈다. 6-3으로 앞선 9회초. 삼성 마무리 김재윤이 대타 문성주에게 볼넷, 홍창기에게 좌측 펜스 상단을 직격하는 2루타를 허용하며 무사 2, 3루 위기에 몰렸다. 타석에는 박해민. 김재윤의 초구 포크볼을 강하게 잡아당겼고 타구는 1루 선상으로 빠져나가는 듯했다. 하지만 어지럼증을 느낀 르윈 디아즈 대신 5회부터 1루를 맡은 전병우가 몸을 날려 타구를 걷어냈다. 장타가 될 수 있었던 타구를 막아내며 타자 주자를 잡아냈고, 실점도 최소화했다. KBSN 스포츠 조성환 해설위원은 ""장타가 나왔다면 주자 두 명이 모두 들어오고 무사 3루가 될 수 있는 상황이었다. 굉장히 잘 잡았다""고 감탄했다. 그러나 위기는 끝나지 않았다. 삼성은 이후 오스틴 딘, 송찬의, 박동원에게 3타자 연속 볼넷을 내주며 6-5, 1점 차까지 쫓겼다. 계속된 1사 만루. 타석에는 이날 멀티히트를 기록한 천성호가 들어섰다. 천성호가 김재윤의 초구 바깥쪽 직구를 밀어친 타구는 유격수 김상준 정면으로 향했다. 김상준은 침착하게 2루수 양우현에게 연결했고, 다시 1루수 전병우에게 이어지는 병살 플레이가 완성됐다. 천성호는 헤드 퍼스트 슬라이딩으로 끝까지 살기 위해 몸을 던졌지만 결과는 아웃이었다. 경기 후 박진만 감독은 KBSN 스포츠와의 방송 인터뷰를 통해 흥미로운 뒷이야기를 공개했다. 그는 ""2008년 베이징 올림픽이 생각나 유격수 김상준을 조금 전진시켰는데 결과적으로 잘 됐다""고 말했다. 박진만 감독이 언급한 장면은 2008년 베이징 올림픽 결승전이다. 당시 한국은 9회 1사 만루에서 유격수 박진만이 병살타를 완성하며 금메달을 확정했다. 17년 전 자신의 경험이 삼성의 전반기 1위를 결정짓는 마지막 수비에도 녹아든 셈이다. 병살 플레이를 완성한 양우현은 구단 공식 유튜브 채널 '라이온즈 TV'를 통해 ""마지막 타구가 제게 올 것 같았는데 상준이에게 가더라. 무조건 아웃시켜야 한다고 생각했다. 상준이가 잘 던져줘서 마무리할 수 있었다""고 말했다. 더 의미 있는 건 삼성 내야진이 '베스트 멤버'가 아니었다는 점이다. 주전 유격수 이재현은 허리 통증으로 1군 엔트리에서 빠졌고, 류지혁은 전날 충돌 여파로 뇌진탕 증세를 보여 결장했다. 디아즈마저 경기 도중 어지럼증으로 교체됐다. 김영웅을 제외하면 평소의 주전 내야진이 아니었다. 그럼에도 전병우와 김상준, 양우현은 결정적인 순간 흔들리지 않았다. 누가 나가도 빈틈을 허용하지 않는 삼성의 수비는 올 시즌 최소 실책 1위를 기록한 이유를 다시 한번 증명했다. 11년 만의 전반기 1위 뒤에는 실점을 막아내는 탄탄한 수비가 있었다. 삼성이 가장 큰 자부심으로 여기는 철벽 수비가 전반기 마지막 승부에서도 팀을 정상으로 이끌었다. /what@osen.co.kr"
2026.07.10 06:46,외국인 농사 ‘흉작’→토종 투수 ‘약진’…ERA ‘톱5’에 국내 투수가 ...,스포츠서울,"[스포츠서울 | 김동영 기자] 2026시즌 전반기 키워드를 꼽자면 ‘외국인 선수’를 들 수 있다. 정확히는 ‘흉작’이라는 단어가 떠오른다. 적잖은 팀들이 애를 먹었다. 대신 국내 투수가 힘을 냈다. 리그 에이스 소리를 ‘토종 투수’가 듣고 있다. 투수를 평가는 주요 지표 가운데 하나가 평균자책점이다. 최근 몇 년간 외국인 투수 잔치였다. 2023~2025년 3년간 ‘톱5’는 모두 외국인 투수가 차지했다. 2026시즌은 얘기가 다르다. 톱5에 토종 투수가 4명이나 있다. 전체 1위부터 놀랍다. 두산 최민석이다. 올시즌 16경기 92.2이닝, 9승2패, 평균자책점 2.33 찍고 있다. 당당히 평균자책점 부문 선수다. 고졸 2년차 투수가 리그를 뒤흔든다. 2위는 KIA 외국이 에이스 아담 올러다. 평균자책점 2.36이다. 최민석을 바짝 추격한다. 3위가 두산 곽빈이다. 시즌 8승3패, 평균자책점 2.60 기록 중이다. 단연 커리어 하이 시즌을 쓰는 중이다. 4위 또한 놀랍다. 한화 ‘코리안 몬스터’ 류현진이다. 시즌 8승2패에 평균자책점이 2.67이다. 올해가 복귀 3년차다. 앞서 2024시즌과 2025시즌도 물론 좋았다. 올시즌은 전성기를 방불케 하는 활약이 터진다. 5위도 토종 투수다. 올해 완전히 알을 깬 롯데 김진욱이다. 평균자책점 2.95 기록 중이다. 내용에 비해 승운은 없는 편이다. 5승4패다. 나갈 때마다 안정적으로 자기 몫을 해낸다는 점이 크다. 게다가 왼손이다. 오랜만에 보는 광경이다. 시즌 평균자책점 톱5에 토종 투수가 2명 이상 들어간 경우가 드물다. 2022시즌까지 거슬러 올라가야 한다. 당시 키움 안우진이 2.11로 1위, SSG 김광현이 2.13으로 2위다. 2021년에는 삼성 백정현(2.63·2위), KT 고영표(2.92·3위), 삼성 원태인(3.06·5위)이 올랐다. 그만큼 올시즌이 특별하다. 상대적으로 외국인 투수들이 힘을 쓰지 못하는 면도 있다. 규정이닝 채우면서 3점대 이하 평균자책점 만드는 투수가 총 4명이 전부다. 올러 외에 삼성 아리엘 후라도(3.11), 키움 라울 알칸타라(3.32), KIA 제임스 네일(3.77)이다. 아시아쿼터 한화 왕옌청(3.59)을 포함하면 5명이 된다. 그나마도 2점대는 올라 딱 하나다. 어느 팀이나 외국인 투수는 있다. 그러나 진짜는 토종이다. 외국인 투수는 언제 떠날지 모른다. 잘해도 문제, 못해도 문제다. 국내투수는 아니다. 계속 그 자리에 있다. ‘토종이 강해야 진짜 강팀’이라는 얘기가 괜히 나오는 게 아니다. 그래서 올시즌 리그 마운드 양상이 반갑다. 한편으로는 씁쓸한 맛도 있다. 그만큼 외국인 투수들이 좋지 못했다는 얘기도 되기 때문이다. 큰돈 들여 데려오는 선수들이다. 이들이 잘해야 리그 경쟁력도 생기는 법이다. 후반기 외국인 투수들이 반등하면 그만큼 리그가 더 재미있어질 수 있다. raining99@sportsseoul.com"
2026.07.10 06:28,"“본인도 머릿속이 복잡할 것” 김선빈의 극심한 ‘타격 부진’, 꽃감독 플...",스포츠서울,"[스포츠서울 | 사직=강윤식 기자] “본인도 머릿속이 복잡할 거다.” KIA 김선빈(37)의 부진이 심상찮다. 6월부터 페이스가 ‘확’ 떨어졌다. 7월 들어서도 반등 계기를 만들지 못하는 중이다. 이범호(45) 감독의 고민도 깊어진다. 부족한 내야 자원 상황상 김선빈을 빼는 것도 쉽지 않다. 여러모로 플랜이 꼬이고 있다. 지난시즌 종료 후 KIA는 내야에서 전력 누출이 있었다. 프리에이전트(FA) 자격을 얻은 박찬호가 팀을 떠났다. 이에 아시아쿼터로 유격수인 제리드 데일을 영입하는 등 방법을 마련했다. 다만 지금까지 결과가 좋다고 보기 힘들다. 데일을 방출하면서 ‘아시아쿼터 내야 카드’는 실패로 끝났다. 그 외 자원들도 애를 먹고 있다. 이 감독은 “지금 내야수가 부족한 상황이다. (박)민이나 (김)규성이도 방망이가 잘 안 맞고, (정)현창이는 대수비로 놔두고 있는 거다. 2루수와 유격수를 볼 수 있는 선수들이 공격에서 부침을 겪고 있다”고 며 복잡한 심경을 드러냈다. 여기에 또 하나의 치명적인 요소가 있다. 김선빈의 부진이다. 타이거즈를 대표하는 선수다. 그러나 올해 어려운 시기를 겪고 있다. 개막 직후 잠깐 좋았을 때를 제외하면 좀처럼 타격이 말을 듣지 않는다. 6월에는 월간 타율 0.214에 머물렀다. 7월의 경우 타율 1할을 넘기지 못하고 있다. 이런 상황이지만, 라인업에서 김선빈을 빼긴 쉽지 않다. 내야 자원이 부족하기 때문이다. 김 감독은 일단 김선빈을 선발로 쓴 후 경기 후반에 교체하는 걸 ‘베스트’로 보고 있다. 이 감독은 “(김)선빈이가 잘 돌아가 주면 유격수 한자리만 어떻게 커버하면 된다. 그런데 선빈이를 선발에서 빼면 후반에 수비할 수 있는 여력이 부족해진다. 선빈이를 먼저 내고 이기고 있을 때 뒤에 교체하는 방법이 지금 제일 좋은 방법”이라고 설명했다. 다행인 건 올스타 브레이크가 다가왔다는 점이다. 30대 중후반의 나이다. 체력적인 부담이 지금의 타격 부진으로 이어지는 것일 수도 있다. 푹 쉬면서 재정비할 필요가 있다. 이 감독은 김선빈이 올라올 거로 믿는다. 제임스 네일과 함께 후반기 해줘야 하는 인물로 김선빈을 꼽았다. 이 감독은 “아직 60경기 정도 남았다. 선빈이는 페이스만 찾으면 금방 올라갈 수 있는 능력을 갖춘 선수다. 아마 본인도 머릿속이 복잡할 것 같다. 어떻게든 해내야 한다. 후반기에 가장 중요하게 생각하는 건 제임스 네일과 선빈이다. 그 선수들이 힘을 내줘야 후반기에 우리가 더 버틸 수 있다“고 강조했다. skywalker@sportsseoul.com"
2026.07.10 06:13,"""화가 확 나, 걱정도 됐다"" 김원형 놀란 가슴 쓸어내렸다…마무리투수 올...",스포티비뉴스,"[스포티비뉴스=잠실, 최원영 기자] 다행히 큰 부상은 피한 듯하다. 두산 베어스 김원형 감독은 9일 서울 잠실야구장에서 2026 신한 SOL KBO리그 SSG 랜더스와의 홈경기를 앞두고 마무리투수 이영하의 이름을 언급하며 안도의 한숨을 내쉬었다. 이영하는 지난 8일 잠실 SSG전에 구원 등판했다. 7-3으로 앞선 9회초 출격해 선두타자 최정과 9구까지 가는 접전을 펼쳤다. 헛스윙 삼진으로 미소 지었다. 후속 김재환의 타구엔 2루수 이유찬의 엄청난 호수비가 나왔다. 안타성 타구에 이유찬이 몸을 날려 슈퍼 다이빙 캐치로 2아웃을 만들었다. 이어 이영하는 전의산과 맞붙었다. 2스트라이크서 3구째로 패스트볼을 던졌고 전의산이 이 공을 때려냈다. 그런데 타구가 빠르게 날아가 이영하의 오른발을 강타했다. 3루수 안재석이 이영하의 발에 맞고 높게 뜬 공을 잡아내 3아웃을 완성했다. 이영하는 통증이 있는 듯 한 손으로 입을 막았고 약간 절뚝이기도 했다. 경기는 그렇게 7-3으로 종료됐다. 이튿날인 9일 잠실서 만난 김원형 감독은 ""아 진짜, 깜짝 놀라서 진짜…""라며 말을 잇지 못했다. 김 감독은 ""포수가 하이존 공을 요구하더라. 속으로 '그냥 슬라이더 던져~낮게 던지면 되는데'라고 생각했다""며 ""점수 차가 있었고 전의산은 강하게 스윙하는 선수라 조금만 낮게 던지면 될 것 같다고 봤다. 그런데 빡 (하고 이영하가 공에 맞아), 화가 확 났다. 걱정도 됐다""고 돌아봤다. 김 감독은 ""큰일 났다고 생각했다. 경기 끝나고 (이)영하를 봤는데 그 부위가 좀 부었더라. 다행히 영하가 스스로 움직여 봤을 때 괜찮다고 했다""며 ""오늘(9일)도 확인했는데 괜찮다고 한다. 투수코치가 체크했고 본인도 경기에 등판까지 할 수 있다고 이야기했다. 상황을 보려 한다. 다행이다""고 설명했다. 이어 ""확실히 영하는 이런 부분에 있어 괜찮다. 마운드에서 굉장히 강하게 맞았는데, 그러면 뒹굴거나 누워야 한다. 하지만 영하는 그런 모습이 없다""며 ""마운드에서 그런 모습은 선수로서 정말 괜찮았던 것 같다""고 전했다. 이영하는 오는 11일 열리는 올스타전에도 출전할 예정이다. 드림 올스타 베스트12 마무리투수 부문에 당당히 이름을 올렸다. 생애 첫 베스트12 선정의 기쁨을 누렸다. 올스타전 당일 경기에 앞서 펼쳐지는 '썸머레이스'에도 곽빈과 함께 참여한다. 팬, 마스코트와 한 팀을 이뤄 장애물 달리기 경주를 소화할 계획이다. 김 감독은 ""(몸에) 문제가 생겼다면 어쩔 수 없이 올스타전에서 뺄까 생각하기도 했다""고 말했다. 이영하는 4월 15일 올 시즌 첫 등판이던 SSG전에 선발투수로 나선 뒤 이후 줄곧 중간계투진에 몸담았다. 4월 29일부터는 부상으로 자리를 비웠던 김택연을 대신해 마무리 중책을 맡았다. 올해 이영하는 31경기 37이닝에 등판해 3승3패 13세이브 평균자책점 4.38을 기록 중이다. <저작권자 ⓒ SPOTV NEWS. 무단전재 및 재배포 금지>"
2026.07.10 06:11,“딱 오늘 3할을 달성했다면 좋았을 것 같은데…” KIA 김도영 전반기 ...,마이데일리,"[마이데일리 = 부산 김진성 기자] “딱 오늘 3할을 달성했다면 좋았을 것 같은데…” KIA 타이거즈 간판스타 김도영은 전반기 내내 오스틴 딘(LG 트윈스)과의 홈런 레이스에는 1도 신경 쓰지 않았다. 대신 아프지 않고 아시안게임에 가기 전까지 전 경기에 나가는 것, 아울러 타율 3할을 하고 싶다고 밝혔다. 현대야구에서 3할의 가치는 많이 희석됐다. 그러나 김도영은 매번 타석에서 전광판이 비추는 타율을 절대 무시하면 안 된다고 강조했다. 3할을 쳐야 좋은 타자의 정석이라는 생각을 갖고 있다. 데뷔한 2022년을 빼면 매년 규정타석과 무관하게 3할을 쳐왔다. 김도영은 3할을 쳐야 다른 타격기록들도 좋을 수 있다고 믿는다. 이런 사고방식은 좋다. 전반기 마지막 10경기서 타율 0.361을 쳤다. 2할4~5푼대에 머무르던 타율을 0.298까지 올렸다. 9일 부산 롯데 자이언츠전을 마치고 “오늘 딱 3할을 달성했다면 좋았을 것 같은데, 아쉽게 안 됐다. 그래도 건강하게 끝낸 것에 너무 만족스럽다”라고 했다. 3할 실패를 제외하면 뜻대로 된 전반기다. 86경기서 315타수 94안타(11위) 타율 0.298(15위) 27홈런(1위) 74타점(4위) 69득점(1위) 장타율 0.616(2위) 출루율 0.394(12위) OPS 1.010 득점권타율 0.359. MVP급 성적이다. KIA가 치른 전 경기에 나갔고, 살아있다는 걸 다시 보여줬다. 야구통계사이트 스탯티즈 기준 WAR 5.17로 1위, 조정득점생산력 167.5로 2위다. 건강하면 KBO리그 최고타자임을 증명했다. 수비력은 ‘요정’ 수준으로 일취월장했다. 전반기 실책이 단 3개밖에 없었다. 팀이 4위로 전반기를 마친 것에 100% 만족은 못하지만, 하위권에 허덕이던 작년보다 좋았다. 김도영은 “쉽지 않은 전반기였다. 팀 자체가 그렇게 강하다는 평가는 못 받았는데 똘똘 뭉쳐서 4위라는 좋은 순위로 마무리했다. 후반기도 열심히 해야 한다. 선수들이 더 밝고 긍정적인 생각을 갖고 승리 하나만 보고 뛰었다”라고 했다. 그러면서 김도영은 “시즌을 치르다 보면 100% 만족스러운 건 없고, 선수로선 아쉬운 부분도 있다. 그래도 최선을 다했기 때문에 결과에 승복할 수 있다. 후반기에 전력으로 쏟아 부으면 좋은 순위가 나올 것이다”라고 했다. 후반기에 대한 자신감은 있다. 김도영은 “전반기를 치르면서 타격폼도 많이 바꾸고 신경 쓸 것도 많았는데 끝날 때 내 타격폼을 완벽히 장착해서 후반기에 올라갈 일만 남았다. 전반기를 끝냈으니 잘 쉬고 후반기를 치르겠다”라고 했다."
2026.07.10 06:09,고우석 30번째 한국인 메이저리거 데뷔…1이닝 1실점 1탈삼진,중앙일보,"오랜 기다림과 우여곡절 끝에 마침내 꿈이 실현됐다. 고우석이 미네소타 트윈스 유니폼을 입고 고대하던 빅리그 데뷔전을 치렀다. 역대 30번째 한국인 메이저리거가 탄생하는 순간이었다. 고우석은 10일(한국시간) 미국 미네소타주 미니애폴리스의 타깃 필드에서 열린 클리블랜드 가디언스와의 홈경기에서 2-4로 뒤진 9회 마운드에 올랐다. 홈 팬들의 따뜻한 박수를 받으며 마운드에 오른 고우석은 첫 단추를 깔끔하게 채웠다. 선두타자 다니엘 슈니먼을 상대로 4구째 88.6마일(약 142.6㎞)의 날카로운 스플리터로 1루수 땅볼을 유도했다. 하지만 후속 타자 패트릭 베일리에게 홈런을 내줬다. 2구째 89마일(약 143.2㎞) 슬라이더 궤적이 다소 밋밋했고, 오른쪽 담장을 넘어가는 솔로 홈런으로 연결됐다. 빅 리그 첫 안타 겸 첫 실점이 뼈아픈 피홈런과 함께 작성된 순간이었다. 고우석은 흔들리지 않았다. 후속타자 스티븐 콴을 상대로 10구까지 가는 접전을 펼친 끝에 89마일 스플리터를 앞세워 삼진으로 돌려세웠다. 이어진 트래비스 바자나와의 승부도 94.3마일(약 151.7㎞) 포심 패스트볼을 앞세워 1루 땅볼로 마무리했다. 최종 성적표는 1이닝 1피안타(1피홈런) 1탈삼진 1실점. 총 18개의 공을 뿌렸고 그중 12개가 스트라이크 존을 통과했다. 실점이 있었지만 볼넷을 내주지 않고 데뷔전을 마무리한 건 긍정적이다. 고우석은 지난 6일 전 소속팀 디트로이트 타이거스의 현금 트레이드를 통해 미네소타 유니폼으로 갈아입었다. 앞서 디트로이트와 계약할 때 ‘이적 시 메이저리그 26인 로스터 포함’ 옵션을 넣어둔 상태라 이적 직후 곧장 빅리그에 합류했다. 미네소타는 지난 8일 코디 로어리슨을 트리플A로 내려 보내 불펜에 고우석의 자리를 만들었고, 이틀 만에 마운드에 불러올렸다. 한편 2-5로 패한 미네소타는 최근 연승 행진을 4경기에서 멈췄다. 패하긴 했지만 클리블랜드를 상대로 위닝시리즈(2승1패)를 기록하며 전반기 막판 상승세를 이어갔다. 오는 11일부터 시작하는 로스앤젤레스 에인절스와의 홈 3연전이 전반기 마지막 일정이다. 송지훈 기자 song.jihoon@joongang.co.kr"
2026.07.10 06:02,'전반기 2강' 굳힌 LG·삼성…롯데는 'AGAIN 2017' 기대,뉴스1,"(서울=뉴스1) 이상철 기자 = 2026 신한SOL KBO리그 전반기는 '디펜딩 챔피언' LG 트윈스와 '대항마 1순위' 삼성 라이온즈의 2강 체제가 펼쳐졌다. 삼성이 전반기 최종전인 9일 경기에서 LG에 6-5로 승리하며 2015년 이후 11년 만에 1위로 반환점을 돌았다. 10구단 체제가 된 2015년 이래 전반기 1위 팀의 정규시즌 우승 확률은 81.8%(11회 중 9회)에 달한다. 5월 30일부터 1위를 놓치지 않았던 LG는 전반기 마지막 3연전에서 흔들리며 2위로 전반기를 마감했다. 삼성과 LG는 시즌 개막 전부터 2강으로 꼽혔는데, 그 예상대로 레이스 맨 앞에서 치열한 경쟁을 벌였다. 2024년 한국시리즈 준우승, 지난해 플레이오프 탈락의 성적을 낸 삼성은 올해 팀 평균자책점 2위(4.11), 타율 3위(0.275)로 투타가 조화를 이루고 있다. 프리에이전트(FA) 최형우의 영입으로 타선은 더더욱 막강해졌다. 르윈 디아즈, 구자욱, 김지찬, 김성윤, 박승규 등과 시너지 효과를 내며 10개 구단 중 가장 많은 485점을 뽑았다. 외국인 투수 맷 매닝이 스프링캠프 중 이탈했으나 대체 외국인 투수 잭 오러클린이 그 빈자리를 잘 메웠다. 여기에 양창섭이 부진을 털어내고 팀 내 최다 7승을 기록, 삼성 마운드의 높이를 올려줬다. 창단 첫 2연패에 도전장을 던진 LG는 팀 타율 0.272(5위)와 평균자책점 4.49(5위)로 다른 팀과 비교해 투타가 압도적이진 않다. 여기에 마무리투수 유영찬의 부상, 외국인 투수 요니 치리노스의 부진 등 예상하지 못한 악재도 발생했다. 손주영이 마무리투수로 변신하고, 불펜 경험이 풍부한 외국인 투수 약셀 리오스를 영입하면서 마운드 불안 요소를 지워갔다. 선발투수로 보직을 바꾼 장현식도 두 차례 선발승을 따냈다. 오스틴 딘은 홈런 및 득점 공동 1위, 장타율 1위, 타점 2위, 타율 및 안타 3위 등 최우수선수(MVP)급 퍼포먼스를 펼치며 쌍둥이 군단을 구했다. 삼성과 LG의 격차는 승차 없이 승률 2리에 불과해 후반기 성적에 따라 순위가 뒤바뀔 수 있다. 삼성과 LG 모두 59경기가 남았으며, 그중 5차례 맞대결을 펼친다. 시즌 막판 펼쳐지는 2026 아이치·나고야 아시안게임이 선두권 경쟁에 변수로 작용할 수 있다. 삼성은 배찬승, 이재현, 김지찬이 야구대표팀에 발탁됐으며, LG는 김영우와 문보경이 태극마크를 달았다. 지난해 포스트시즌 진출에 실패한 KT 위즈와 KIA 타이거즈, 두산 베어스가 나란히 3~5위에 자리한 것도 눈길을 끈다. KT는 외국인 선수를 물갈이고 김현수, 한승택, 최원준 등 외부 FA를 영입하며 전력 강화에 성공했다. 특히 최원준은 타율 1위, 안타 2위, 득점 4위 등 기대 이상의 성적을 내며 타선을 이끌었다. KT는 삼성, LG와 선두권 경쟁을 벌이다가 3위로 밀려났으나 두 팀을 3.5경기 차로 추격 중이다. 부상으로 이탈한 안현민과 소형준이 돌아왔고, 전반기 막판엔 3연승으로 상승세를 탔다. KIA는 지난해 잦은 햄스트링으로 쓰러진 '슈퍼스타' 김도영이 건강하게 전반기를 보내면서 좋은 성적을 냈다. 김도영은 홈런 27개로 오스틴과 이 부문 공동 선두에 자리했다. 나성범, 김호령, 박재현도 홈런을 몰아치면서 KIA는 팀 홈런 1위(101개)에 올랐다. 김원형 감독이 지휘봉을 잡은 두산은 팀 평균자책점 1위(3.90)의 마운드를 앞세워 포스트시즌 진출 경쟁을 이어갔다. '토종 에이스' 곽빈과 '2년 차' 최민석이 나란히 2점대 평균자책점을 기록하는 등 견고한 마운드를 지탱하고 있다. 부상 대체 외국인 투수로 왔다가 정식 계약을 맺은 웨스 벤자민도 두산 마운드에 큰 힘이 됐다. 강백호가 가세한 한화 이글스는 승률 5할로 6위에 자리했다. 지난해 전반기를 1위로 마친 것과 비교하면 만족할 수 없는 성적이다. 메이저리그로 떠난 '최강 원투 펀치' 코디 폰세와 라이언 와이스의 이탈이 큰데, 윌켈 에르난데스와 오웬 화이트가 합작한 승리는 8승에 그쳤다. 그래도 류현진이 8승, 대만 출신 아시아쿼터 출신 왕옌청이 7승을 따낸 덕분에 후반기 반등을 도모할 수 있게 됐다. 시범경기 1위를 차지한 롯데 자이언츠는 정규시즌 들어 8위에 그쳤다. 하위권을 전전하다가 꼴찌까지 떨어졌으나 지난달 16일 이후 21경기에서 14승(6무1패)을 거두며 반등했다. 롯데는 2017년 전반기까지 7위에 머물렀으나 후반기 약진으로 가을 야구 무대를 밟은 적이 있다. 점점 좋아지고 있는 롯데 선수단은 9년 전처럼 후반기 반등을 기대한다. 뚜렷한 전력 보강이 없어 약체로 평가받은 NC 다이노스는 예상을 깨고 7위로 선전, 포스트시즌 진출 희망을 키웠다. '3할 타자' 박민우, 이우성, 김주원이 타선을 이끌고 박건우도 홈런을 15개나 쳤다. 마운드가 불안하지만, 구창모와 라일리 톰슨이 원투펀치로 위력을 떨쳤다. 김광현이 시즌 개막 전 어깨 수술을 받은 SSG 랜더스는 외국인 선수 농사까지 실패하며 최악의 전반기를 보냈다. 5월 중순까지 선두권 경쟁을 펼치기도 했지만, 주축 선수의 이탈과 불펜의 난조로 팀 최다 13연패의 불명예를 안았다. 이 기간 신세계그룹 계열사인 스타벅스코리아의 '탱크데이' 마케팅 논란까지 겹쳐 선수단 분위기가 어수선했다. 전반기 막판엔 9연패까지 당하며 9위로 추락했다. 키움 히어로즈는 3년 연속 메이저리거를 배출했지만, 전력 약화가 두드러지며 4년 연속 최하위 위기에 처했다. 돌아온 에이스 안우진이 13경기 2승5패 평균자책점 3.70으로 버텼지만, 리그 최약체 타선(팀 타율 0.234)으로는 승수를 쌓기 어려웠다. 한편 올해 프로야구는 더 뜨거운 흥행 열기를 누리는 중이다. 역대 최소 경기로 100만명 단위 관중 돌파 기록을 갈아치우더니 전반기 최다 763만3775명 기록을 세웠다. 이 흐름이면 시즌 총관중은 역대 최다인 1296만2880명이 예상된다. rok1954@news1.kr"
2026.07.10 06:01,'비 덕분에 삭제된 KKKK' 외국인 타자 2명 파격 승부수→4경기 패패...,스타뉴스,"[스타뉴스 | 수원=신화섭 기자] 키움 히어로즈의 당면한 과제는 탈꼴찌이다. 4년 연속 최하위의 불명예만큼은 피해야 한다는 게 구성원 모두의 절실한 목표이다. 그래서 최근 던진 파격적인 승부수가 외국인 선수 라인업에 타자를 2명 포함시킨 것이다. 올 시즌 10개 구단 중 유일한 선택이다. 키움은 기존 히우라(30)에 최근 NC 다이노스와 결별한 데이비슨(35)를 발빠르게 영입했다. 장타력을 갖춘 두 명의 외국인 타자를 중심 타선에 배치해 시너지를 노리겠다는 구상이었다. 그러나 아직 효과는 그다지 눈에 띄지 않는다. 지난 4일 데이비슨이 합류한 뒤 4경기를 치렀으나 팀은 공교롭게도 4연패에 빠지고 말았다. 우천 노게임이 된 9일 수원 KT 위즈전에서도 3번 데이비슨과 4번 히우라는 상대 선발 배제성에게서 1회와 3회 연거푸 2개씩의 삼진을 당했다. 비 덕분에 공식 기록에서는 삭제된 게 다행이었다. NC 시절인 2024년과 2025년 각각 46개(1위)와 36개(2위)의 홈런을 때린 데이비슨은 올 시즌 들어 장타력이 떨어진 모습을 보이고 있다. 시즌 67경기에서 홈런이 8개에 그치고 키움 이적 후에는 아직 대포 신고를 하지 못했다. 4경기에서 타율은 0.200(15타수 3안타), 특히 타점이 단 1개도 없다. 미국 메이저리그 통산 50홈런을 날린 히우라는 영입 초반 놀라운 해결 능력을 보여줘 기대를 키웠다. 5월 30일 KBO리그 데뷔 후 6월 9일까지 9경기에서 무려 0.727(11타수 8안타 3홈런)의 득점권 타율을 기록했다. 그러나 이후 25경기에서는 득점권에서 타율 0.087(23타수 2안타)의 극심한 부진에 빠져 버렸다. 설종진(53) 키움 감독은 9일 KT전을 앞두고 전반기를 돌아보며 ""투수 쪽은 어느 정도 자리를 잡아가고 있는데 공격력에서 득점권 타율이 조금 안 좋았던 부분이 아쉽다""고 털어놨다. 그럼에도 후반기 반격의 희망 요소로 두 외국인 타자를 첫손에 꼽았다. 설 감독은 ""이제 대형 타자 두 명이 들어왔으니 지금보다는 더 좋아지지 않을까 생각한다""고 기대를 나타냈다. 수원=신화섭 기자 evermyth@mtstarnews.com"
2026.07.10 06:01,삼성 날벼락? 갑자기 줄부상 '빨간불'…강민호 무릎 → 김지찬 허벅지 →...,스포츠조선,"[대구=스포츠조선 김영록 기자] 전반기 마지막 경기라 차라리 다행인 걸까. 아니면 전반기에 무리가 쌓였던 걸까. 삼성 라이온즈가 갑작스런 줄부상에 직면했다. 류지혁처럼 어쩔 수 없는 사례도 있지만, 갑작스런 부상이 대다수다. 삼성은 9일 대구 삼성라이온즈파크에서 LG 트윈스와 전반기 마지막 시리즈, 마지막 경기를 치르고 있다. 전날까지 0.5경기 차로 뒤진 2위, 이날 이기면 전반기 1위 확정이다. 그런데 갑자기 부상 소식이 줄지어 이어진 것. 가벼운 부상도 자칫하면 큰 부상으로 발전할 수 있다. 다행히 올스타 휴식기가 있는 만큼, 삼성 벤치는 이날의 승리보단 일찌감치 적극적인 교체 후 선수 보호에 힘쓰는 분위기다. 리드오프 김지찬은 4회초 수비에 앞서 교체됐다. 이날 성적은 2타수 무안타. 첫 타석에선 삼진으로 물러났고, 3회말 삼성의 반격 과정에서 땅볼로 출루한 뒤 최형우의 적시타 때 홈을 밟았다. 하지만 곧바로 교체됐다. 질주 과정에서 오른쪽 햄스트링에 불편감을 느꼈기 때문. 이어 5회초 수비를 앞두고는 이날 5번타자 1루수로 나섰던 외국인 타자 르윈 디아즈도 교체됐다. 삼성 구단은 ""디아즈가 약간의 어지러움 증상이 있어 교체했다""고 설명했다. 베테랑 포수 강민호는 7회초 수비 직전 교체됐다. 직전 6회말 주루 과정에서 무릎 통증을 느껴 교체가 결정됐다. 세 선수 모두 선수 보호차원에서의 빠른 교체다. 현 시점에선 부상이라 말할 단계는 아니다. 올시즌 전반기 선두다툼의 원동력은 평균자책점 1위를 질주중인 불펜이다. 하지만 경기전 불펜에서 부상 소식이 잇따라 나왔다. 전날 1군에서 말소된 필승조 최지광은 굴곡근 손상 그레이드1 소견을 받아 당분간 재활에 전념할 예정. 큰 부상은 아니지만, 아직까진 복귀 시점을 말하기 어려운 상황이다. 박진만 감독은 ""생각보다 큰 문제가 있는 건 아니지만, 손상이 있다고 한다""고 답했다. 근육 손상인 만큼 회복과 재활, 퓨처스 등판 등을 거친다면 3~4주 정도는 필요할 전망이다. 이날 베테랑 백정현도 말소됐다. 이두근 불편감을 느꼈다는 설명이다. 또 삼성은 전날 경기 중 뜻하지 않은 충돌로 베테랑 류지혁이 큰 부상을 당할 뻔 했다. CT 촬영 결과 부상까진 아니지만, 충돌 과정에서 상체 근육 등이 크게 놀라 현재로선 거동이 힘들 정도라고. 박진만 감독은 ""목이나 어깨, 상체 쪽은 거의 움직이기 힘든 상황이라 체크만 하고 바로 귀가시켰다""고 설명했다. 다만 류지혁의 경우 1군 말소가 확정된 상황은 아니다. 1군 말소 후 복귀하려면 열흘이 필요한데, 올스타 휴식기는 오는 15일까지기 때문. 박진만 감독은 ""휴식기에 꾸준히 체크하면서 엔트리에서 뺄지 여부는 좀더 지켜본 뒤 결정하겠다""고 답했다. 대구=김영록 기자 lunarfly@sportschosun.com"
2026.07.10 05:56,‘출전·안타·홈런까지’ 최고령 기록 싹쓸이 예약? 삼성 최형우의 더 특별...,스포츠동아,"[스포츠동아 강산 기자] 최형우(43·삼성 라이온즈)는 KBO리그 최고령 선수다. 타자 부문 최고령 기록은 대부분 그의 몫이다. KBO 역대 최초로 1800타점 고지를 밟았고, 통산 최다 안타 역시 최형우의 차지다. 11일 열릴 올스타전서도 최고령 기록을 새로 쓸 준비를 마쳤다. 최형우는 드림올스타 지명타자 부문서 팬투표 179만4109표, 선수단 투표 278표 등 총점 46.45점을 받아 베스트 12에 이름을 올렸다. 올스타 베스트 선정만 벌써 9번째다. 2022년부터 5년 연속 ‘베스트 12’로 별들의 잔치에 나선다. 지난 시즌 베스트에 선정되고도 부상으로 불참한 아쉬움을 씻을 기회다. 최형우는 ‘선수들의 선수’로 꼽힌다. 철저한 자기관리로 불혹을 훌쩍 넘긴 나이에도 팀의 주축으로 활약 중이다. 2023년 키움 히어로즈 이정후(현 샌프란시스코 자이언츠)의 276표를 넘어 역대 선수단 투표 최다 득표 기록을 새로 쓴 것도 그 연장선상에 있다. 최형우와 올스타전은 떼려야 뗄 수 없는 관계다. 2017년(당시 KIA 타이거즈) 팬 투표 최다득표(118만7481표)를 획득했다. 2024년에는 4타수 3안타 1홈런 2타점을 뽑아 최고령(당시 40세7개월4일) ‘미스터 올스타(올스타전 최우수선수)’ 기록을 새로 썼다. 최형우가 올해 올스타전 그라운드를 밟으면 2010년 양준혁(당시 41세1개월28일)을 넘어 최고령 출전 기록을 새로 쓴다. 그뿐만 아니라 2011, 2017, 2024년 올스타전서 총 3개의 아치를 그린 최형우는 김용희(현 롯데 2군 감독), 양준혁, 홍성흔, 이대호가 보유한 통산 최다 홈런(4개)에도 도전한다. 이 경우 2010년 양준혁의 올스타전 최고령 홈런과 안타 기록도 뛰어넘는다. 이번 올스타전은 대부분의 최고령 기록에 최형우가 이름을 아로새길 수 있는 무대라 그만큼 의미가 크다. 강산 기자 posterboy@donga.com"
2026.07.10 05:55,"“나는 아직 60점, 더 성장해야”…영글어가는 KIA 안방마님의 꿈 [S...",스포츠동아,"[스포츠동아 박정현 기자] “아직 완벽하지 않죠.” KIA 타이거즈는 올 시즌을 앞두고 안방에 변화를 줬다. 지난해까지 베테랑 김태군(37)이 주전 포수로 나섰지만, 올해부터는 한준수(27)가 그 자리를 맡았다. 포수로 474이닝을 소화해 237.2이닝을 소화한 김태군보다 더 많은 시간 안방을 지켰다. 이범호 KIA 감독(45)은 개막 직전 “이제 (한)준수에게 맡겨도 충분히 제 몫을 해낸다. 포수로서 팀을 이끌어가길 바란다”고 기대했다. 한준수는 이 감독의 기대에 충분히 부응하고 있다. 8일까지 정규리그 73경기에 출전해 타율 0.324, 6홈런, 26타점, OPS(출루율+장타율) 0.930을 기록했다. 유망주의 알을 깨뜨리며 한 단계 도약하는 한 해가 되고 있다. 광주동성고 출신 한준수는 2018 신인드래프트 1차 지명으로 KIA 유니폼을 입었다. 고향팀의 안방마님으로 도약하는 목표를 가지고 프로 생활을 시작했지만, 쉽게 성장하지 못했다. 퓨처스(2군)팀서 꾸준히 출전하며 결과를 냈지만, 최고 수준의 1군서는 경험이 부족해 고전하는 모습을 보였다. 최근 3년은 한준수가 안방마님으로 성장하는 과정을 잘 보여준다. 2024시즌 115경기에 출전해 타율 0.307을 기록하며 KIA의 통합 우승(정규시즌+한국시리즈(KS))에 혁혁한 공을 세웠지만, 지난해 103경기서 타율 0.225로 부침을 겪었다. 볼배합과 수비적인 부분서 불안한 모습을 노출했고, 그 영향이 강점인 타격에 미치며 힘겨운 시즌을 보냈다. 실패는 좋은 자양분이 됐다. 한준수는 비 시즌 공수서 부족한 부분을 확실하게 깨닫고 이를 채우기 위해 구슬땀을 흘렸다. 타격은 멘탈 관리에 집중했다. 모든 공에 반응하지 않고, 최대한 많이 출루할 수 있도록 타격 방향성을 재정립했다. 수비는 더 넓은 시야를 가지고 경기의 흐름을 파악하고 대비하려고 한다. 이러한 노력과 쌓아온 경험이 맞물려 그라운드서 결과가 나오고 있다. 한준수는 “지난해 실패한 경험을 토대로 올해는 스프링캠프부터 준비를 많이 했다. 비 시즌의 노력이 좋은 결과로 나타난다”며 “어릴 때는 생각하지 못했던 방향으로 경기 흐름이 흘러가 어려웠다. 지금은 꾸준히 출전하며 경기의 상황을 읽으려고 한다. 그러면서 조금씩 나아진다”고 밝혔다. 이어 “도루 저지, 블로킹 등 수비력은 아직 부족하다. 60점의 활약이지만, 올해가 끝날 때까지 확실히 더 발전할 것”이라고 덧붙였다. 박정현 기자 pjh60800@donga.com"
2026.07.10 05:47,"캡틴 숨 넘어가는데 동생이 홈런…안재석, 헉헉대는 양의지 입꼬리 올렸다[...",스포츠조선,"[잠실=스포츠조선 허상욱 기자] 두산 베어스가 9일 잠실야구장에서 열린 SSG 랜더스와의 홈경기에서 7대0 완승을 거두며 전반기 마지막 3연전을 위닝시리즈로 마감했다. 이로써 두산은 5연속 위닝시리즈를 달성하며 전반기를 뜨겁게 마무리했다. 두산은 2회말 선취점을 뽑으며 경기 주도권을 잡았다. 선두타자 양의지가 SSG 선발 해치를 상대로 친 3루 앞 땅볼이 상대 3루수 고명준의 악송구로 이어지며 1루 세이프에 성공했다. 전력질주의 여파로 1루에서도 거친 숨을 몰아쉬던 양의지, 뒤를 이어 타석에 들어선 안재석이 쐐기를 박았다. 안재석은 볼카운트 1스트라이크에서 해치의 2구째 147km 직구를 힘껏 당겨 우측 담장을 훌쩍 넘기는 선제 2점 홈런을 완성했다. 홈플레이트를 밟은 뒤에도 숨을 몰아쉬던 양의지의 어깨에 안재석이 손을 얹었고 두 선수는 눈을 마주치며 홈런의 기쁨을 함께 나눴다. 숨이 찰 땐 동료의 홈런을 보고 웃으면 그만이었다. 홈런 불씨는 꺼지지 않았다. 2사 2루, 강승호가 해치의 3구째 슬라이더를 좌측 담장 너머로 날려 보냈다. 안재석의 홈런으로 달아오른 열기를 한층 더 끌어올리는 2점 홈런이었다. 이닝 하나에 홈런 두 방, 두산의 방망이는 거침이 없었다. 두산은 이후에도 추가점을 쌓아 7대0 완봉승을 완성했다. 전반기 마지막 3연전마저 위닝시리즈로 마감한 두산은 5연속 위닝시리즈라는 값진 성과와 함께 후반기를 향한 강한 상승 기류를 이어갔다."
2026.07.10 05:42,"'베이징 올림픽 결승전인가' 1점 차 1사 만루서 병살 SV, 흔들릴지언...",마이데일리,"[마이데일리 = 대구 김경현 기자] 2008 베이징 올림픽 결승전을 연상시키는 세이브였다. 삼성 라이온즈 '클로저' 김재윤이 극적인 세이브를 해냈다. 김재윤은 9일 대구 삼성 라이온즈파크에서 열린 2026 신한 SOL KBO리그 LG 트윈스와의 홈 경기에서 1이닝 1피안타 4볼넷 2실점 세이브를 기록했다. 팀이 6-3으로 앞선 9회 마무리를 위해 마운드에 올랐다. 김재윤은 선두타자 문성주에게 볼넷을 내주더니, 홍창기에게 2루타를 맞고 무사 2, 3루에 몰렸다. 박해민에게 1루수 땅볼을 유도, 아웃 카운트와 득점을 맞바꿨다. 위기가 계속됐다. 이어진 1사 3루에서 오스틴 딘에게 볼넷을 내줬다. 홈런을 피하기 위해 최대한 구석으로 공을 던졌다. 오스틴은 김재윤의 절묘한 공들을 참고 출루했다. 이어 송찬의와 9구 승부 끝에 다시 볼넷을 허용했다. 이번에도 김재윤은 슬라이더 위주의 보더라인 피칭을 했다. 송찬의는 직구를 기다리며 끈질기게 버텼고, 풀카운트에서 9구 직구가 몸쪽으로 크게 빠져 볼넷이 됐다. 1사 만루에서 박동원과 맞대결. 이번에도 김재윤은 바깥쪽 슬라이더를 주로 사용했다. 2스트라이크를 선점한 뒤 연달아 절묘한 코스에 슬라이더를 뿌렸다. 하지만 박동원의 방망이는 나오지 않았다. 다시 풀카운트 승부 끝에 8구 슬라이더가 빠져 밀어내기 볼넷이 됐다. 어느새 1점 차. 기가 막힌 끝맺음이었다. 1사 만루서 천성호와 승부. 초구 148km/h 직구를 바깥쪽으로 꽂았다. 천성호가 이를 때렸는데 유격수 방면 땅볼이 됐다. 전진해 있던 김상준이 공을 잡자마자 2루로 송구, 양우현도 2루를 찍고 1루로 뿌렸다. 천성호는 헤드 퍼스트 슬라이딩. 포구가 완료된 순간 심판은 아웃 판정을 내렸다. 끝내기 유격수-2루수-1루수 병살. 삼성이 2015년 이후 11년 만에 전반기 1위를 완성한 순간이다. 경기 종료 후 박진만 감독은 ""2008년 베이징올림픽 생각이 나서 유격수 김상준 선수를 조금 전진시켰는데 결과적으로 잘 되었다""고 밝혔다. 김재윤은 ""코스가 정면인 것 같아서 '됐다' 싶었다. 내야수들이 잘해줬다""며 쑥스럽게 웃었다. 경기 전 박진만 감독은 김재윤과 이승민을 전반기 수훈갑으로 꼽으며 휴식을 주지 못해 고생이 정말 많았다고 치하했다. 김재윤은 ""저도 빠지는 것을 원하지 않는다. 매년 풀 시즌을 목표로 임한다. 스스로 체력 관리하는 법도 알고 있다. 회복하는 법도 알고 있어서 잘 버틸 수 있다""고 말했다. 시작부터 어려운 싸움을 했다. 김재윤은 ""긴장도 많이 하고, 첫 타자부터 조금씩 비껴가는 부분이 많았다. 그런데 LG 타선이 강하다 보니 가운데로 던질 수도 없었다. 그래서 조심스럽게 던졌던 게 악영향을 끼쳤던 것 같다. 제 템포대로 갔어야 했는데 그게 첫 타자부터 들어진 것 같다""고 돌아봤다. 그러면서 ""거의 가을야구 느낌이었다. 먼저 매 한 번 맞은 느낌""이라고 했다. 무려 37구를 던졌다. 올 시즌 최다 투구 수. 투구 수가 불어나도 박진만 감독은 김재윤을 믿고 밀어붙였다. 이에 대해 김재윤은 ""벤치에서 교체 사인은 없었다. 제가 볼넷을 내줬어도 감독님이 계속 믿어주셨다""며 ""바꾸지 않아주셔서 감독님께 감사드린다. 제가 마무리하고 싶었다""고 밝혔다. 공교롭게도 마지막 타자가 KT 위즈에서 한솥밥을 먹던 천성호다. 김재윤은 ""원래 타격에 재능이 있는 선수다. LG 가서 더 잘 치는 것을 알고 있어서 몰리는 공은 던지지 않으려고 했다. 바깥쪽으로 던졌는데 다행""이라고 전했다. 8회 터진 김영웅의 솔로 홈런이 아니었다면 삼성의 승리는 장담할 수 없었다. 김재윤은 ""(김)영웅이에게 내려와서 바로 '고맙다. 네 덕분에 세이브 할 수 있었다'고 바로 이야기했다""고 뒷이야기를 전했다. 얼마나 긴장하고 온 힘을 쏟은 것일까. 김재윤은 땀범벅이 된 채로 취재진을 만났다. 인터뷰가 끝날 때까지 긴장과 흥분을 떨쳐내지 못한 모습. 그만큼 김재윤과 삼성에 중요한 세이브였다. 시즌 22호이자 통산 315호 세이브. 흔들릴지언정 쓰러지지 않았다. 삼성 팬들의 기억에 오래도록 새겨질 기억이다."
2026.07.10 05:41,'안타-안타-볼넷-안타' 9번타자가 이 정도였다…'100% 출루' 심우준...,OSEN,"[OSEN=대전, 조은혜 기자] 프로야구 한화 이글스 심우준이 전반기 마지막 경기에서 3안타 맹타를 휘두르고 팀의 승리를 이끌었다. 한화는 9일 대전 한화생명 볼파크에서 열린 2026 신한 SOL KBO리그 NC 다이노스와의 홈경기에서 6-4로 승리하고 5할 승률과 6위로 전반기를 끝냈다. 이날 유격수 겸 9번타자로 선발 출전한 심우준은 3안타 1볼넷으로 전 타석 출루, 1타점 2득점으로 1번타자 오재원과 시너지를 내며 맹활약을 펼쳤다. NC 선발 구창모를 상대로 첫 타석부터 타점을 올렸다. 허인서가 투수 실책, 김태연이 중전안타로 출루한 1사 1·2루에서 볼 2개를 지켜본 뒤 직구에 헛스윙을 했지만 4구 포크볼을 받아쳐 좌익수 왼쪽에 떨어지는 적시타로 2루주자 허인서를 불러들였다. 한화의 선취점. 한화가 2-0으로 앞선 5회초에는 선두타자로 나서 구창모의 초구 직구를 타격해 중전안타를 만들어냈고, 이때 중견수 실책이 나오며 3루까지 진루했다. 그리고 곧바로 나온 오재원의 우전안타에 여유있게 홈을 밟았다. 4-0으로 앞선 6회말에는 볼넷으로 출루했고, 4-4 동점이 된 8회말 NC 토다 나츠키 상대 2사 후 우전안타를 치고 나가 기회를 살렸다. 이어 오재원의 3루타가 나오며 홈인, 이날 결승 득점의 주인공이 됐다. 경기 후 심우준은 ""첫 타석 2볼에서 직구를 놓쳐 아쉬웠는데, 그 다음 공에 좀 더 욕심을 버리고 콘택트에 집중했던 게 좋은 결과로 이어져다""고 돌아봤다. 그는 ""최근 타격감이 그렇게 좋지는 않다. 그래도 전반기 마지막 경기에서 3안타를 쳤고, 팀도 이겨 5할 승률이 되면서 올스타 휴식기를 기분 좋게 쉬고 후반기를 잘 준비할 수 있을 것 같다""고 전했다. /thecatch@osen.co.kr"
2026.07.10 05:40,"전반기 이미 ‘750만’, KBO 흥행 대폭발…1088만→1231만→다음...",스포츠서울,"[스포츠서울 | 강윤식 기자] ‘야구 열기’가 대단하다. 기록에 또 기록을 경신 중이다. 지난해 1200만 관중을 찍으면서 ‘초대박’을 냈다. 올해는 속도가 더 빠르다. 전반기에 이미 750만 관중을 넘어섰다. 1300만 관중을 정조준하는 KBO리그다. KBO리그가 전반기를 마쳤다. 엊그제 개막한 거 같은데 시간이 빠르게도 갔다. 벌써 리그 절반 이상을 소화했다. 순위 싸움도 격해지는 중이다. 최상위권에서 LG와 삼성이 더 높은 곳에 서기 위해 부딪힌다. KIA, 두산, 한화, NC, 롯데까지 뒤엉킨 중위권 경쟁도 그야말로 ‘박 터진다’. 눈을 뗄 수 없는 순위 싸움 덕일까. KBO리그 인기도 하늘을 찌른다. 야구장을 찾는 팬들의 발길이 끊이질 않는다. 6월까지 나름 괜찮았던 날씨가 7월 들어 심상치 않아졌다. 그러나 무더워진 날씨에도 야구장은 언제나 그랬듯이 꽉 찬다. 2024시즌 KBO리그는 사상 최초로 1000만 관중 시대를 열었다. 그리고 2025시즌에는 더 나아가 1200만 관중을 돌파했다. 매 순간이 기록이었다. 한국야구위원회(KBO)는 100만 단위로 관중 집계를 발표한다. 지난해 100만을 넘을 때마다 ‘최소 경기 신기록’을 갈아치웠다. 그런 기록이 쌓여 1200만이라는 결과가 됐다. 올해는 지난해보다 더욱 빠르게 관중이 모인다. 개막전부터 전구장 매진이다. 4년 연속으로 리그 첫날 전국 5개구장이 ‘꽉’ 찼다. 이튿날도 마찬가지다. 역대 두 번째로 개막시리즈 2연전 티켓이 모두 팔렸다. 이걸 시작으로 100만, 200만, 300만, 400만, 500만, 600만까지 최소 경기만에 관중 신기록을 달성했다. 그리고 지난 6월30일. 700만 관중도 역대 최소 경기만에 넘어섰다. 종전 기록은 2025시즌 405경기였다. 올해는 400경기 안으로 들어왔다. 388경기 만에 700만에 도달했다. 기세를 몰아 전반기 마지막 3연전 2일차인 8일에 750만 관중을 돌파했다. 성적이 좋은 팀들이 흥행도 주도하고 있다. 1,2위를 다투는 LG와 삼성이 가장 많은 누적 관객을 자랑한다. LG는 이미 100만 관중을 넘섰다. 여기에 치열하게 중위권에서 싸우는 중인 두산, KIA 등도 100만을 향해 나아가고 있다. 전반기 막판 분위기를 끌어 올린 롯데 역시 이 시점부터 관중 동원에 힘을 내는 중이다. 2024년 1088만 관중이 야구장을 찾았다. 2025년에는 1231만이다. KBO리그는 ‘1000만’이라는 벽을 넘어선 후에도 관중 기록에서 우상향 그래프를 그린다. 올해도 빠르게 관중을 채우고 있다. ‘1300만 페이스’라는 말이 호들갑으로 느껴지지 않는 이유다. skywalker@sportsseoul.com"
2026.07.10 05:27,"전반기 9위 추락 누구 책임인가…만루 2번 무산, 외인 농사 흉년→새 외...",OSEN,"[OSEN=잠실, 이후광 기자] 이 팀은 지난 시즌 대체 어떻게 3위에 오른 걸까. 프로야구 SSG 랜더스는 9일 서울 잠실구장에서 열린 2026 신한 SOL KBO리그 두산 베어스와의 시즌 9차전에서 0-7 완패를 당하며 씁쓸하게 전반기를 마무리했다. 분명 이길 수 있는 경기였다. 두산 선발 잭로그가 경기 초반 급격한 제구 난조를 보이면서 SSG가 1회초와 2회초 연달아 만루 기회를 잡았다. 그러나 지독한 득점권 빈타에 발목이 잡히면서 단 1점도 뽑지 못하는 최악의 상황을 마주했다. 1회초 김성욱이 안타와 도루, 고명준이 8구 끝 볼넷, 오태곤이 9구 끝 볼넷으로 만루를 채웠지만, 채현우가 초구 우익수 뜬공으로 이닝을 끝냈다. 2회초 선두타자 최지훈, 조형우의 연속 안타, 정준재의 사구로 맞이한 1사 만루는 김성욱, 최정이 연달아 헛스윙 삼진을 당해 무산됐다. 두 차례 만루 찬스 침묵의 대가는 가혹했다. 선발 토마스 해치가 2회말 안재석, 강승호에게 나란히 2점홈런을 헌납하며 초반 주도권을 내준 것. 선두타자 양의지 타석 때 발생한 3루수 고명준의 허무한 1루 송구 실책도 뼈아팠다. 해치는 3회말 1사 후 박준순(내야안타)과 양의지(2루타)에게 연달아 안타를 맞은 뒤 안재석을 볼넷으로 내보내며 만루 위기를 자초했다. 이어 박찬호에게 2타점 중전 적시타를 허용, 사실상 승기를 내줬다. 해치는 지난달 6일 총액 59만 달러에 SSG와 계약한 미치 화이트의 대체 외국인투수. 경기 전 4경기 1승 2패 평균자책점 7.08로 적응의 시간을 갖고 있었는데 이날도 KBO리그의 높은 벽을 실감하며 3이닝 5피안타(2피홈런) 2볼넷 3탈삼진 6실점(3자책) 난조와 함께 패전투수가 됐다. 미치 화이트, 앤서니 베니지아노, 히라모토 긴지로 등 역대급 외인 농사 흉년을 겪은 SSG는 여전히 마운드에서 용병 효과를 보지 못하고 있다. SSG 타선은 경기 내내 득점권 빈타에 시달렸다. 3회초 1사 후 우전안타로 출루한 오태곤이 도루로 2루를 훔쳤으나 최지훈이 범타로 물러났고, 5회초 1사 후 최정의 2루타 또한 고명준이 우익수 뜬공, 오태곤이 헛스윙 삼진에 그치며 빛을 보지 못했다. 8회초 오태곤의 볼넷, 최지훈의 사구로 맞이한 2사 1, 2루 찬스도 조형우가 헛스윙 삼진으로 물러나며 득점과 인연을 못 맺었다. SSG는 2연패를 당하며 시즌 31승 3무 52패 9위라는 초라한 성적으로 전반기를 마무리했다. 지난해 정규시즌 3위 돌풍을 일으키며 삼성 라이온즈와 준플레이오프 승부를 펼쳤고, 올해도 5월 초까지 상위권을 호시탐탐 노렸으나 13연패, 9연패를 한 차례씩 당하며 8위 롯데 자이언츠와 승차가 7경기까지 벌어졌다. 오히려 꼴찌 키움 히어로즈에 3.5경기 차 쫓기는 신세다. 새 외국인투수 페드로 아빌라와 함께 후반기 반전을 노리는 SSG 이숭용 감독은 “전반기 나 자신을 되돌아보는 계기가 됐다. 후반기 할 수 있는 건 최대한 다 해볼 것이다. 이길 수 있는 경기는 최대한 많이 이기면서 경험을 줘야하는 어린 선수들에게는 과감하게 경험을 주는 운영을 하겠다. 선수들 모두 야구장에서 최선을 다하는 모습을 보일 수 있게끔 잘 준비하겠다”라고 출사표를 던졌다. /backlight@osen.co.kr"
2026.07.10 05:25,"'타점 1위' 100억 가치 전부 아니다…""왜 물 뿌려?"" 어리둥절, 막...",스포츠조선,"[대전=스포츠조선 이종서 기자] ""기특하고 기분이 좋네요."" 한화 이글스는 9일 대전 한화생명볼파크에서 열린 NC 다이노스와의 홈 경기에서 6대4로 승리했다. 전반기 마지막 경기. 한화로서는 의미가 깊었던 승리였다. 6위 한화는 40승2무40패로 5할 승률을 맞추며 전반기를 마쳤다. NC에 패배했다면 승패 마진 -2에 순위도 7위로 밀려났다. '막내' 오재원의 불방망이가 승리에 한몫했다. 1번타자 겸 좌익수로 선발 출전한 오재원은 첫 타석은 유격수 직선타로 돌아섰지만, 1-0으로 앞선 2회말 주자 1,2루에서 적시타를 치면서 팀 공격 분위기를 끌어올렸다. 5회말에는 선두타자 심우준이 3루타를 치자 득점으로 만드는 적시타를 다시 한 번 때려내기도 했다. 이날 오재원의 활약 '백미'는 8회말. 4-4로 맞선 8회말 2사에 심우준이 안타를 치고 나갔다. 오재원은 우중간을 완벽하게 가르는 3루타를 치면서 다시 한 번 경기 흐름을 한화로 가지고 왔다. 이후 황영묵의 적시타까지 터지면서 한화는 6-4로 달아났고 승리를 잡았다. 경기 후 오재원은 중계사 인터뷰를 진행했다. 오재원이 인터뷰를 하는 동안 노시환과 문현빈이 아이스박스에 물을 채워놓고 기다리고 있었다. 오재원이 인터뷰를 마치자 노시환과 문현빈은 오재원에게 물을 끼얹었다. 이어 강백호가 로진백을 던지는 장난을 치기도 했다. 끝내기도, 첫 안타도 아닌 순간. 이들은 왜 물을 뿌렸을까. 물을 뿌리던 문현빈과 노시환도 ""(강)백호 형이 하자고 했다""고 미소를 지었다. 물을 맞은 오재원도 ""왜 맞았는지 모르겠다""고 어리둥절했다. 강백호의 숨은 마음이 있었다. 전반기 마지막 경기에서 결승타를 치고 유종의 미를 거둔 만큼, 인상 깊은 세리머니로 확실하게 기를 살려주고 싶다는 생각이었다. 강백호는 올 시즌을 앞두고 한화와 4년 총액 100억원에 계약했다. 한화는 강백호가 문현빈 노시환, 요나단 페라자 등과 시너지를 내길 바랐다. 강백호는 전반기 78경기에 출전해 타율 3할1푼3리 23홈런 85타점 OPS(장타율+출루율) 0.984로 활약했다. 타점 1위, 홈런 3위, OPS 4위 등을 달렸다. 강백호의 가치는 '타석'에서만 나온 건 아니었다. 1999년생으로 아직 20대 중후반의 나이지만, 어린 선수가 많은 한화에서 중고참으로 분위기를 이끌었다. 강백호 덕분에 물 세례를 맞은 오재원은 강백호와 스프링캠프 룸메이트로 지냈던 사이다. 오재원은 ""백호 형과 이렇게 한 팀, 한 그라운드에서 뛰는 것 자체가 신기하다""라며 ""잘 챙겨주시고 많이 알려주신다. 백호 형과 많이 붙어다니려고 했다""고 이야기했다. KT에서 한솥밥을 먹은 뒤 먼저 한화로 이적했던 심우준도 강백호의 정신적 성장에 미소를 지었다. 심우준은 ""백호와 한화에서 전반기를 함께 해보니 전보다 팀을 생각하는 모습이 더 많이 보여 기특하고 기분이 좋다. 전에도 팀 생각을 안하는 건 아니었지만 지금은 본인 기록은 전혀 생각 안하고 전보다 훨씬 팀 위하는 모습이 많이 보이더라. 어린 선수들이 많은 가운데서 중간 역할을 잘해주고 있다""고 했다. 심우준은 ""'이제 형의 마음을 알겠더라'고도 하더라""라며 ""도움도 받는다. 타격 쪽 스트레스 받을 때 백호가 한마디씩 해주는 게 큰 힘이 된다. 나도 반대로 백호가 달아오를 때 진정시켜주기도 하고 서로 시너지가 난다고 생각한다""고 기특한 마음을 전했다. 대전=이종서 기자 bellstop@sportschosun.com"
2026.07.10 05:20,"'삼성에 큰 거 온다?' 오러클린, 미야지 '동시 교체설' 확산",마니아타임즈,"삼성 라이온즈가 외국인 투수진 재편이라는 승부수를 던질 전망이다. 구단 안팎에서는 잭 오러클린의 계약 만료 시점과 맞물려 아시아쿼터 투수 미야지 유라까지 동시에 교체할 것이라는 관측이 지배적이다. 오러클린은 지난 8일 대구 LG 트윈스전에 선발 등판했으나 3⅔이닝 10피안타 5실점으로 무너지며 아쉬움을 남겼다. 오는 16일 계약 만료를 앞둔 마지막 시험대였으나 후반기 구위 저하 우려를 불식시키지 못했다. 설상가상으로 같은 날 1군 복귀전을 치른 미야지마저 대형 악재를 만났다. 제구 불안으로 2군에서 재정비를 거쳤던 미야지는 5회 구원 등판했으나, 첫 타자 박동원에게 던진 3구째 직구가 헬멧을 강타하며 헤드샷으로 자동 퇴장당했다. 단 3구 만에 마운드를 내려간 미야지의 투구를 두고 박 감독은 실망스럽다는 감정을 숨기지 않았다. 박 감독은 올스타 기간에 여러 방안을 생각하면서 구단도 움직이지 않을까 싶다며 미야지의 교체 가능성을 시사한 것으로 알려졌다. 크리스 페덱의 신체검사 루머가 떠도는 가운데, 전반기 막판 나란히 무너진 오러클린과 미야지가 동시에 짐을 싸게 될지 삼성의 결단에 관심이 쏠린다. [강해영 마니아타임즈 기자/hae2023@maniareport.com] 기사제보 및 보도자료 report@maniareport.com"
2026.07.10 05:05,"각성한 최민석, 든든한 곽빈… 최강 두산 ‘원투 펀치’",서울신문,"2년차 최민석 평균자책점 ‘선두’ 투심 패스트볼에 정교한 제구력 곽빈 160㎞ 강속구 갖춘 에이스 슬라이더·체인지업… 탈삼진 1위 퀄리티스타트 나란히 11차례씩 외국인투수 잔혹사 묵묵히 극복 프로야구 두산 베어스의 전반기 마무리가 깔끔하다. 폭발적이지는 않지만 조용히 상승곡선을 그리며 저력을 과시하고 있다. 4월 승률은 0.440에 머물렀지만 5월엔 승률을 5할로 맞추더니 6월엔 0.583으로 끌어올렸다. 7월에도 두산의 묵직한 발걸음은 계속 이어지고 있다. 8일 기준 5위에 머물고 있지만 위쪽이 훨씬 가깝게 느껴지는 행보다. 팀 평균자책점(3.94) 선두를 달리는 탄탄한 마운드의 힘이 돋보이는데 그 중심에는 최민석과 곽빈, 두 영건이 있다. 최민석은 피칭에 눈을 떴다. 데뷔 시즌이었던 지난해 3승 3패 평균자책점 4.40의 무난한 성적표를 받았던 최민석은 올 시즌엔 완전히 다른 투수가 됐다. 전반기를 9승 2패로 마감해 이미 지난해 성적을 훌쩍 뛰어넘었다. 다승은 공동선두지만 평균자책점은 2.33으로 단독 선두다. 눈부신 각성이다. 시속 150㎞를 넘지 않는 평범한 구속임에도 불구하고 자로 잰 듯한 정교한 제구력과 홈플레이트 앞에서 지저분하게 변화하는 투심 패스트볼로 타자들을 윽박지른다. 상대 타자들은 알고도 정타를 만들어내지 못하며 고개를 숙였다. ABS존을 영리하게 이용할 줄 알고 새로운 구종에 대한 습득력이 뛰어나다. 자신의 장점을 최대한 활용하는 피칭을 한다는 얘기다. 어린 나이에 걸맞지 않은 침착함과 담력도 일품이다. 곽빈은 ‘완성형 에이스’의 면모를 유감없이 보여주고 있다. 최고 시속 160㎞에 육박하는 불같은 강속구에 구종의 완성도가 더해졌고 기복 없는 경기 운영 능력과 위기관리 능력까지 장착했다. 8일 SSG 랜더스와의 경기가 대표적이다. 1회 박성한에게 던진 5구째 직구의 구속은 159㎞로 지난 5월 28일 kt 위즈와의 홈경기에서 기록한 158.7㎞를 넘어서 커리어하이를 찍었다. 이날 던진 97개의 공 가운데 직구는 45개였고 평균 구속도 152㎞나 됐다. 어지간한 투수의 직구 스피드로 들어오다 살짝 꺾이는 커터와 변하는 각이 큰 슬라이더를 각각 18개, 17개 섞었다. 여기에 타이밍을 뺏는 체인지업과 커브로 타자들을 농락하다시피 했다. 직구를 기반으로 이닝마다 다른 구종을 배합해 효과를 극대화했다. 그가 탈삼진(112개) 1위로 전반기를 마친 것은 결코 우연이 아니다. 둘의 활약이 더 반가운 것은 ‘외국인투수 잔혹사’를 깔끔하게 지워 버렸기 때문이다. 두산은 시즌 초부터 외국인투수들의 부상과 부진으로 선발 로테이션이 무너질 위기를 겪었다. 그런 가운데서도 최민석과 곽빈이 묵묵히 이닝을 책임지며 마운드를 지탱했다. 두산 선발진은 올 시즌 10개 구단 가운데 가장 많은 40차례 퀄리티스타트(QS)를 기록했는데 최민석과 곽빈이 나란히 11차례씩을 책임졌다. 두 선수보다 더 많은 QS를 기록한 투수는 삼성 라이온즈의 아리엘 후라도(13개) 뿐이다. 같은 우완이지만 변형 패스트볼을 주무기로 삼고 있는 기교파와 불같은 강속구를 앞세운 정통파로 완전히 다른 스타일의 피칭을 한다는 점도 주목해야 한다. 상반된 스타일이 만드는 시너지가 어마어마하기 때문이다. 특히 포스트시즌이라면 더 큰 전술적 우위를 보장한다. 확실한 국내파 원투펀치를 장착한 두산이 뜨거운 가을을 기대하는 이유다. 박현진 전문기자"
2026.07.10 05:05,꼴찌 → 위닝 시리즈 6회 드라마… ‘진격의 거인’ 롯데 후반기 다크호스...,서울신문,"프로야구 롯데 자이언츠가 올해는 봄이 아닌 여름에 야구를 잘하는 모습을 보여주면서 격변을 예고했다. 지난달 한때 최하위를 찍을 정도로 부진했지만 최근 ‘진격의 거인’ 모드로 변신하면서 후반기 반등을 이뤄낼지 주목된다. 롯데는 전반기 마지막 일정에서 KIA 타이거즈를 상대로 위닝 시리즈를 기록하며 기분 좋게 전반기를 마무리하게 됐다. 시즌 초반부터 타선 부진에 시달렸지만 KIA 마운드를 초토화하며 지난 7일 장단 18안타를 때려 10-2로 승리했고, 8일에도 17안타로 11-3 승리를 거뒀다. 이로써 롯데는 지난달 16일 SSG 랜더스전을 시작으로 최근 7개 팀과 맞붙어 6번을 위닝 시리즈로 장식하는 드라마같은 성적을 냈다. 불과 하루 전인 15일 기준 24승 1무 39패로 리그 꼴찌로 처지며 승패 마진이 -15까지 벌어졌지만 전반기를 38승 2무 45패로 5할 승률 승패마진을 -7로 줄였다. 지난달 SSG전부터 KIA전까지 롯데는 평균자책점이 3.33으로 전체 1위였고 101득점(4위), 193안타(4위) 등 투타에서 고루 좋은 성적을 남겼다. 무엇보다 최근 LG 트윈스, kt 위즈, KIA 등 상위권 팀을 상대로 위닝 시리즈를 만들었다는 점에서 의미가 컸다. 김태형 롯데 감독이 “전반기 활약이 이 정도면 이제는 달라졌다고 봐도 된다”고 칭찬한 김진욱과 최근 2경기 연속 7이닝 1실점 호투로 리그에 완전히 적응한 모습을 보인 엘빈 로드리게스 등 여전히 탄탄한 선발진은 롯데의 가장 강력한 무기다. 롯데는 선발진 평균자책점이 4.09로 전체 3위다. ‘야구는 투수놀음’이란 말을 생각했을 때 8위보다는 분명 위에 올라갈 수 있는 성적이다. 올스타전 휴식기를 마치면 롯데는 이날 LG 트윈스를 꺾고 1위에 오른 삼성 라이온즈를 만난다. 부담되는 일정이지만 전반기 막판 기세를 이어 삼성과의 대결에서도 위닝 시리즈를 만든다면 후반기 상승세에 탄력을 붙일 수 있다. 2020년 허문회 전 감독의 “8월에 치고 올라간다”(8치올)는 발언 이후 롯데는 안타깝게도 가을야구까지 제대로 치고 올라간 적이 없다. 그러나 현재 분위기만 보면 올해만큼은 제대로 ‘치올’할 수 있는 분위기다. 류재민 기자"
2026.07.10 05:02,롯데 후반기 대반전?→바로 '이 선수' 때문에 심상치 않다... 5G '...,스타뉴스,"[스타뉴스 | 부산=김우종 기자] 롯데 자이언츠가 후반기 대도약을 이뤄낼 수 있을 것인가. 전반기 막판 팀적으로 좋은 모습을 보여준 가운데, 복덩이 이방인을 향한 기대감이 더욱 높아지고 있다. 그 주인공은 바로 아시아쿼터 일본인 투수 이이무라 쇼타(26)다. 롯데는 9일 부산 사직야구장에서 펼쳐진 KIA 타이거즈와 2026 신한 SOL KBO 리그 정규시즌 홈경기에서 2-5로 패했다. 이날 패배로 롯데는 38승 2무 45패의 성적으로 전반기를 마쳤다. 리그 순위는 8위. 비록 8위라고 하지만 후반기 롯데의 움직임은 심상치 않을 전망이다. 7위 NC 다이노스와 승차는 2경기, 5위 두산 베어스와 승차는 5경기다. 충분히 남은 경기 결과에 따라 5강 싸움에 합류할 수 있는 성적과 실력을 안고 있는 롯데다. 후반기 롯데의 필승조는 이이무라, 김원중, 최준용으로 꾸려질 전망이다. 특히 이이무라의 안정감에 주목할 필요가 있다. 이이무라는 지난달 18일 롯데가 총액 7만 달러(약 1억 700만원)에 영입한 대체 아시아쿼터 투수다. 롯데 구단은 ""평균 147㎞, 최고 153㎞에 달하는 묵직한 속구 구위를 바탕으로 스트라이크 존 낮은 코스를 정교하게 공략할 수 있는 제구력까지 겸비했다. 싱커를 비롯해 슬라이더와 커브, 스플리터까지 자유자재로 활용할 수 있다""고 평가했다. 롯데 입단 전, 올해 대만 춘계리그에서 29이닝을 소화하는 동안 평균자책점 0.93의 좋은 성적을 냈다. 이이무라는 6월 27일 LG 트윈스를 상대로 KBO 리그 데뷔전을 치른 가운데, 총 7경기에 구원 등판 1승 1패 2홀드 평균자책점 5.63을 기록 중이다. 총 8이닝 동안 7피안타(1피홈런) 7탈삼진 5실점(5자책) 이닝당 출루허용률(WHIP) 1.00, 피안타율 0.233의 성적을 마크하고 있다. 초반에는 고전했다. 6월 27일 LG전에서는 ⅔이닝 2피안타 1볼넷 3실점(3자책), 이어 28일 LG전에서도 2이닝 4피안타(1피홈런) 3탈삼진 2실점(2자책)으로 각각 흔들렸다. 그런데 부진은 딱 2경기까지였다. 이후 7월에 치른 5경기에서 모두 무실점 경기를 해냈다. 지난 1일 두산 베어스전에서는 1⅓이닝 퍼펙트, 3일 KT 위즈전에서는 1이닝 퍼펙트, 4일 KT전에서는 1이닝 1탈삼진 퍼펙트 투구를 각각 펼쳤다. 이어 8일 KIA전에서 1이닝 1피안타 2탈삼진 무실점 투구를 해낸 뒤 9일 KIA전에서도 1이닝 1탈삼진 퍼펙트 투구에 성공했다. 이 5경기 동안 평균자책점은 '0'. 이 기간 출루를 허용한 것도 단 1번에 불과하다. 사령탑도 믿음을 갖고 있다. 김태형 롯데 감독은 9일 경기를 앞두고 이이무리에 관한 질문에 ""좋죠. 지금 마운드에서 모습도 당당하다. 일단 제구가 된다""며 신뢰를 보냈다. 과연 이이무라가 롯데의 후반기 반등에 있어서 어떤 기여를 할 것인가. 벌써 롯데 팬들의 기대감이 높아지고 있다. 부산=김우종 기자 woodybell@mtstarnews.com"
2026.07.10 04:42,'적시타→적시타→결승 3루타 대폭발' 와 괜히 한화 최초 역사 쓴 게 아...,마이데일리,"[마이데일리 = 이정원 기자] 이래서 이 선수를 한화의 슈퍼루키라 불렀나 보다. 전반기 마지막 경기에서 맹활약을 펼치며 한화에 승리를 가져다줬다. 오재원은 9일 대전 한화생명볼파크에서 열린 2026 신한 SOL Bank KBO리그 NC 다이노스와 경기에 1번타자 중견수로 선발 출전해 3안타 3타점 2득점을 기록하며 팀의 6-4 승리에 기여했다. 한화는 오재원의 활약 덕분에 40승 40패 2무 5할 승률로 전반기를 마무리했다. 5위 두산 베어스(44승 41패 2무)와는 1.5경기에 불과하고, 4위 KIA 타이거즈(45승 39패 2무)와도 3경기에 불과하다. 오재원의 이날 활약은 뛰어났다. 1회 첫 타석은 유격수 직선타로 물러났다. 2회말 팀이 1-0으로 앞서던 2사 1, 2루에서 구창모를 상대로 1타점 적시타를 날렸다. 5회에도 무사 3루에서 구창모를 상대로 1타점 적시타를 기록하며 구창모를 흔들었다. 6회는 유격수 뜬공으로 물러났다. 하이라이트는 8회였다. 4-4로 팽팽하던 2사 1루에서 NC 투수 토다 나츠키를 상대로 우중간을 가르는 3루타를 날렸다. 1루에 있던 심우준이 2, 3루를 돌아 홈을 밟았다. 오재원은 3루까지 갔다. 오재원의 데뷔 첫 3루타, 3타점이 기록되는 날이었다. 이어 황영묵의 안타 때 홈까지 밟았다. 전반기 마지막 경기에서 최고의 활약을 펼친 오재원은 67경기 23안타 9타점 29득점 타율 0.215로 전반기를 마무리했다. 오재원은 2026 KBO 신인 드래프트 전체 3순위로 한화에 입단했고, 호주 멜버른-일본 오키나와에서 진행된 연습경기에서는 11안타 1홈런 5타점 7득점 타율 0.379 출루율 0.455 장타율 0.517을 기록했다. 팀 내 유일 두 자릿수 안타를 기록한 선수였다. 3월 28일 대전 키움 히어로즈와 리그 개막전에는 1번타자 중견수로 선발 출전했다. 고졸 신인 선수가 리드오프로 나선 건 구단 최초며, KBO리그 역대 세 번째. 2009년 김상수, 2022년 김도영이 있었다. 데뷔전에서 3안타 1득점 맹활약을 펼치며 앞으로의 활약을 기대케했다. 하지만 4월 타율 0.114(44타수 5안타)로 뚝 떨어졌다. 5월에는 선발이 아닌 대주자, 대수비 요원으로 주로 나섰다. 6월 7일 부산 롯데 자이언츠전에서 데뷔 첫 4안타 경기를 만들기도 했지만, 흐름을 잇지는 못했다. 그러다가 6월 20일 2군으로 내려갔다. 2군에서 재정비 시간을 가졌다. 열흘 휴식후 돌아온 오재원은 쏠쏠한 활약을 펼치고 있다. 7월 단 6경기뿐이지만, 타율 0.625(8타수 5안타)로 뜨거웠다. 후반기 활약이 기대된다."
2026.07.10 04:41,'가성비와 효율성 폭망 수준' LG 리오스는 교체 검토 대상,마니아타임즈,"LG 트윈스의 외국인 구원투수 약셀 리오스를 향한 우려의 목소리가 커지고 있다. 시속 160km의 강속구를 앞세워 불펜의 한 축을 맡아줄 것으로 기대했으나, 실제 마운드에서 보여주는 효율성과 가성비는 외국인 선수 기준에 한참 미치지 못한다는 지적이다. 최근 12경기 등판 기록을 뜯어보면 리오스의 한계가 명확히 드러난다. 리오스는 12경기 중 4경기에서 실점을 허용했다. 무실점 경기 비율은 66.7%로, 국내 투수라면 준수한 롱릴리프 수준으로 평가받을 수 있다. 그러나 총액 45만 달러를 투자한 외국인 투수라는 특수성을 고려하면 이야기가 달라진다. 등판할 때마다 세 번 중 한 번꼴(33.3%)로 실점하는 외국인 불펜은 벤치에 계산이 서는 야구를 제공하지 못한다. 특히 실점한 경기에서의 구위 저하와 대량 실점 성향이 치명적이다. 리오스는 실점한 4경기 중 2경기에서 각각 3실점, 2실점하며 무너졌다. 이닝을 길게 끌어주는 '멀티 이닝' 소화력 덕분에 전체 평균자책점(ERA)은 4.11을 유지하고 있으나, 팽팽한 승부처에서 한 번 흔들릴 때 경기를 완전히 내주는 치명적인 약점을 노출했다. 압도적인 구위로 뒷문을 잠그는 역할을 기대했던 구단 입장에서는 4점대 평균자책점의 추격조급 활약이 당혹스러울 수밖에 없다. 따라서 LG는 리오스와의 동행을 끝내고 하루빨리 전문 선발 투수 영입으로 선회해야 한다. KBO리그에서 외국인 쿼터는 팀 전력의 핵심인 1, 2선발을 구축하는 데 사용하는 것이 정석이다. 불펜 과부하를 막기 위해 임시방편으로 불펜 외인을 택했으나, 현재 리오스가 보여주는 효율성으로는 선발진 공백으로 발생하는 기회비용을 전혀 메우지 못하고 있다. 체력 부담이 커지는 후반기 레이스와 포스트시즌을 고려하더라도 이닝을 확실하게 책임져줄 외국인 선발 투수의 존재는 필수적이다. LG가 대권을 노리기 위해서는 가성비와 효율성이 폭망 수준에 이른 리오스의 교체 타이밍을 앞당겨 마운드의 근본적인 높이를 높여야 할 시점이다. [강해영 마니아타임즈 기자/hae2023@maniareport.com] 기사제보 및 보도자료 report@maniareport.com"
2026.07.10 04:34,“잠실구장 첫인상 그야말로 어마어마… ‘잔디 상한다’는 이유로 훈련 제한...,동아일보,"“자동차 보닛 위에 올라타 잠실구장 그라운드를 한 바퀴 돌았죠. 그날 밤은 평생 잊을 수 없을 겁니다.” 싱싱한 청춘이었던 그의 머리에 어느덧 하얀 눈이 내려앉았다. 하지만 60대 노감독은 43년전 그날을 생생히 기억하고 있었다. 1983년 7월 4일, 서울 송파구 잠실구장에서 처음으로 프로야구 올스타전이 열린 날이다. OB(현 두산) 유니폼을 입고 동군 올스타 1루수로 나선 신경식 화성코리요 감독(65)은 5회말 희생플라이로 결승타의 주인공이 됐다. 그해에는 올스타전을 두 번 치렀다. 나흘 전 대구에서 열린 1차전 때도 1점 홈런을 포함해 4타수 3안타 맹타를 휘둘렀던 신 감독은 해태(현 KIA) 김성한(68)을 제치고 잠실구장 1호 ‘미스터 올스타’가 됐다. 독립구단 화성코리요가 안방으로 쓰는 경기 화성시 비봉체육공원 야구장에서 7일 만난 신 감독은 “올스타전 최우수선수(MVP)로 뽑힌 뒤 삼성 김시진(68) 선배가 ‘야야, 큰절 한번 해라’고 해서 관중석을 향해 절을 올렸다”며 웃고는 “당시 부상으로 로얄프린스 승용차를 받았는데 나는 운전면허도 없어서 박용민 OB 단장께 차를 넘기고 차 값으로 회식비를 냈다”고 말했다. 큰 키(188cm)에 긴 다리를 180도 찢는 수비 동작으 로 ‘학다리’라 불렸던 신 감독은 그해 올스타 팬투표에서도 7만4692표를 받아 1위에 올랐다. 신 감독의 잊지 못할 추억도 이제 곧 역사 속 페이지로 남게 된다. 2032년 완공을 목표로 잠실돔구장이 신축되면서 잠실구장은 올 시즌 뒤 철거될 예정이기 때문이다. 한국야구위원회(KBO)는 10, 11일 잠실구장에서 마지막 올스타전을 개최한다. 한국 야구의 메카로 통하는 잠실구장은 개장 이듬해인 1983년을 시작으로 그동안 가장 많은 13번의 올스타전을 치렀다. 공주고를 졸업하고 실업야구 상업은행에서 뛰다 프로 원(1982년) OB에 합류한 신 감독에게 잠실구장은 더욱 각별한 곳이다. 삼성, 쌍방울을 거치며 총 14시즌 동안 프로 선수 생활을 한 신 감독은 은퇴 후 잠실구장을 공동 안방으로 사용하는 두산, LG에서 코치로 활동했다. 신 감독은 “잠실은 신경식이라는 이름 석자를 알린 곳”이라고 했다. 신 감독은 “선수 시절 처음 본 잠실구장은 그야말로 어마어마했다. 특히 홈플레이트에서 가운데 담장까지 거리(125m)가 너무 멀어서 잠실에 오면 투수들이 ‘홈런 안 맞는다’고 좋아했던 기억이 난다”며 웃었다. 또 “1988년 서울 올림픽이 열리기 전까지는 잔디가 상한다는 이유로 훈련이 제한돼 근처 고교 야구장을 빌려써야만 했다”고 회상했다. 이어 “우리 때는 주말에 (대표 인기 구단) 해태가 와야 겨우 매진이 되곤 했는데 요즘은 연일 매진인 걸 보면 놀랍기도 하고 부럽기도 하다”며 “프로야구가 지금껏 성장하는 데 있어 잠실구장이 기여한 부분을 야구인 모두가 잊지 않아야 할 것”이라고 강조했다. 기회가 된다면 자신이 지키던 잠실구장 1루 베이스 위에 서보고 싶다는 신 감독은 “1루에 서 있으면 팬들의 목소리가 특히 잘 들린다. 아직도 등 뒤에서 응원과 야유 소리가 들리는 것 같다”며 “한 분이라도 더 많은 팬이 잠실구장에서 열리는 마지막 올스타전을 눈에 담아가길 바란다”고 말했다. 마지막 ‘잠실 미스터 올스타’ 후보에 대해서는 “김도영(KIA), 강백호(한화)가 페이스에선 앞서지만 그날이 돼봐야 안다. 미스터 올스타는 하늘이 정한다”며 웃었다. 올해 올스타전은 10일 ‘넥스트레벨 매치’를 시작으로 이틀간 축제를 벌인다. 올해 처음 신설된 넥스트레벨 매치는 KBO 넥스트레벨 캠프를 수료한 고등학교 2학년 유망주 38명이 자신의 기량을 선보이는 무대다. 이어 퓨처스리그(2군) 올스타전과 홈런 더비가 열린다. 11일에는 팬 사인회, 서머레이스에 이어 본행사가 진행된다. 이 밖에도 가수 우즈의 클리닝 타임쇼, 불꽃놀이 등 풍성한 볼거리가 팬들을 기다린다. 화성=강홍구 기자 windup@donga.com"
2026.07.10 04:01,김도영 vs 오스틴 2년만에 빅뱅…KIA 슈퍼스타 복수혈전? “코치님은 ...,마이데일리,"[마이데일리 = 부산 김진성 기자] “코치님은 그냥 빨리 탈락하고 나오라고…” KBO리그 전반기가 9일로 끝났다. 10일과 11일은 올스타전이다. 본 경기는 11일이지만, 사실 하이라이트는 10일에 열린다. 퓨처스 올스타전이 끝나고 진행하는 올스타 홈런더비다. 27홈런으로 전반기 홈런 공동 1위를 차지한 김도영(KIA 타이거즈)과 오스틴 딘(LG 트윈스)이 올스타 홈런더비서 우승을 다툰다. 두 사람은 2024년에도 나란히 홈런더비에 참가했다. 당시 김도영에게 아픈 기억이 있다. 7아웃제 예선서 나란히 4홈런을 치면서, 결승진출자를 가리기 위한 서든데스를 실시했다. 9홈런을 친 요나단 페라자(한화 이글스)는 결승 선착. 여기서 오스틴이 김도영을 눌렀다. 오스틴은 곧바로 홈런을 친 반면 김도영은 치지 못했기 때문. 극적으로 결승에 진출한 오스틴은 결승서 페라자마저 누르고 우승을 차지했다. 10아웃제로 치른 결승서 나란히 4홈런을 쳤고, 오스틴은 서든데스서 다시 한번 페라자를 잡았다. 이번 홈런더비에는 페라자가 참가하지 않는다. 그러나 김도영과 오스틴은 나란히 참가한다. 김도영이 2년전의 아픔을 되갚을 기회다. 9일 부산 롯데 자이언츠전을 마치고 만난 김도영은 문현빈(한화 이글스)이 배팅볼을 던진다고 했다. 김도영은 2년 전 홈런더비를 기억하지 못한 듯했다. 하루 앞으로 다가온 이벤트지만, 김도영은 별 다른 생각은 하지 않고 있었다. 그는 웃더니 “코치님이 그냥 빨리 탈락하고 나오라고 말씀하는데, 그냥 진짜 연습하듯이 치면 되지 않을까 싶다. 오히려 좋게 생각하고 좋은 공만 잘 쳐서 좋은 결과를 내보겠다”라고 했다. 홈런더비서 우승하려면 기본적으로 홈런치는 능력이 좋아야 한다. 김도영과 오스틴은 그런 점에서 우승후보 1순위다. 그러나 대놓고 홈런을 치는 홈런더비가 절대 쉬운 이벤트가 아니다. 당일 컨디션, 배팅볼 투수와의 호흡, 다른 타자들의 결과 인지 등 변수가 상당히 많다. 홈런을 평소에 많이 안 치는 타자가 우승하는 경우도 꽤 많다. 어쨌든 김도영은 최근 타격감이 좋다. 9일 전반기 최종전서 타구속도 183.2km짜리 미사일을 터트렸다. 그는 “그냥 똑같이 쳤는데 실투가 들어와서 좋은 결과로 이어졌다. 최근 투수들이 너무 좋은 공을 던져서 실투가 안 왔다. 실투 하나를 쳐서 결과가 좋았다”라고 했다. 끝으로 김도영은 “홈런 1위는 의미부여를 하지 않는다. 일주일 정도 쉬는데 전반기 마지막 경기를 좋게 끝낼 수 있어서 기분 좋게 쉴 수 있을 것 같다. 후반기 들어가기 전까지는 기분 좋을 것 같다”라고 했다."
2026.07.10 03:56,"'신인 오재원 3안타 3타점' 한화, NC 6-4 꺾고 5할 복귀로 전반...",마니아타임즈,[김민성 마니아타임즈 기자] 신인의 방망이가 5할 복귀를 이끌었다. 한화가 NC를 6-4로 꺾고 승률 5할로 전반기를 마무리했다. 한화는 7월 9일 대전 한화생명 볼파크에서 열린 2026 신한 SOL뱅크 KBO리그 NC와의 홈경기에서 6-4로 신승했다. 이날 승리로 5할 승률에 복귀하며 전반기를 마친 것이 의미가 있었다. 그중에서도 5타수 3안타 3타점에 8회 결승 타점을 올린 신인 오재원이 수훈갑이었다. 한화가 앞서 나갔다. 선발 화이트와 구창모가 맞선 가운데 한화가 5회 오재원의 적시타와 상대 실책을 묶어 4-0으로 달아난 것이다. 경기 도중 폭우로 47분간 중단되는 변수도 있었다. 그러나 NC도 물러서지 않았다. 6회 김형준의 투런포로 추격한 데 이어 7회 박민우의 투런포로 4-4 동점을 만든 것이다. 승부를 다시 가른 것은 오재원이었다. 8회 2사 후 그가 적시 3루타로 5-4 리드를 잡은 것이다. 이어 대타 황영묵의 적시타로 6-4까지 달아난 한화는 9회 마무리 이민우를 올려 경기를 매듭지었다. 이날 승리투수는 이상규 세이브는 이민우가 챙겼다. 전반기를 6위와 7위로 마친 한화와 NC는 올스타 브레이크 뒤 7월 16일부터 각각 키움과 두산을 상대한다. [김민성 마니아타임즈 기자/maniareport@naver.com] 기사제보 및 보도자료 report@maniareport.com
2026.07.10 03:25,9회 1사 만루 위기→병살타 엔딩 승리→11년 만에 전반기 1위...박진...,OSEN,"[OSEN=대구, 한용섭 기자] 11년 만에 전반기 1위다. 극적이었다. 1점 차 앞선 9회 1사 만루 역전 위기에서 병살타로 처리해 승리를 지켰다. 프로야구 삼성 라이온즈가 전반기 마지막 경기에서 LG 트윈스를 꺾고 2015년 이후 11년 만에 전반기 1위를 차지했다. 삼성은 9일 대구 삼성라이온즈파크에서 열린 LG와 경기에서 6-5로 승리했다. 삼성은 51승 32패 2무(승률 .614), LG는 52승 33패(승률 .612). 삼성이 승률에서 2리 앞서 1위가 됐다. 경기 초반 점수를 주고 받는 접전이 이어졌다. 5회까지 3-3 동점이었다. 6회 희비가 엇갈렸다. LG는 필승카드 리오스를 2번째 투수로 올렸는데, 삼성 선두타자 전병우가 볼넷을 골라 출루했다. 강민호가 3루 선상을 빠지는 2루타를 때렸다. 좌익수가 공을 한 차례 더듬었고, 1루주자는 홈까지 달려 득점에 성공했다. 삼성은 4-3으로 역전했다. 이후 1사 3루에서 김성윤의 우전 적시타로 5-3으로 달아났다. 삼성은 8회 1사 후 김영웅이 LG 마무리 손주영 상대로 중월 솔로 홈런을 터뜨렸다. 김영웅의 시즌 1호 홈런이었다. 삼성은 6-3으로 앞선 9회 마무리 김재윤이 등판했다. 김재윤이 선두타자 문성주를 볼넷으로 내보냈고, 홍창기에게 좌측 담장을 맞고 나오는 2루타를 맞았다. 박해민의 1루수 땅볼로 1점을 내줬다. 1사 3루에서 오스틴, 송찬의를 연속 볼넷으로 내보내 만루 위기. 박동원에게 밀어내기 볼넷을 내주며 스코어는 6-5, 이제 1점 차가 됐다. 김재윤은 역전 위기에서 천성호를 초구에 유격수 땅볼 병살타로 경기를 끝냈다. 강민호가 2안타 1타점 2득점으로 활약하며 결승타를 때렸다. 선발투수 원태인은 5이닝 8피안타 1사구 4탈삼진 3실점을 기록했다. 6회 이승민, 7회 이승현(우완), 8회 김태훈이 무실점으로 철벽 불펜을 자랑했다. 마무리 김재윤은 1점 차 승리를 지켜내 시즌 22세이브를 기록했다. 박진만 감독은 경기 후 승리 소감으로 “오늘 경기에서는 김영웅 선수의 경기 막판 홈런이 결과적으로 승리에 큰 영향을 미쳤다. 또한 2008년 베이징올림픽 생각이 나서 유격수 김상준 선수를 조금 전진시켰는데 결과적으로 잘 됐다”고 말했다. 마지막 유격수 수비 위치 조정이 결정적인 병살타로 승리를 지켜낼 수 있었다. 2008년 베이징올림픽 야구 결승전, 한국이 1점 앞선 9회 1사 만루 위기에서 유격수였던 박진만 감독이 땅볼을 잡아 2루수 고영민에게 토스했고, 1루로 이어지는 병살타로 올림픽 금메달을 획득했다 박 감독은 “중간에서 불펜 투수들이 안정적으로 경기를 막아줬고, 타선에서는 강민호 선수가 공주에서 좋은 활약을 펼쳐주며 팀 승리에 힘을 보탰다”고 칭찬했다. 삼성은 2015년 왕조 때 이후 11년 만에 전반기 1위다. 박 감독은 “전반기 동안 타격감이 좋을 때도 있었고 좋지 않을 때도 있었지만, 선수들이 꾸준한 활약을 보여준 덕분에 좋은 성적을 유지하며 1위에 오를 수 있었다고 생각한다. 후반기에는 부상 선수들이 복귀하면 더욱 좋은 분위기 속에서 경기를 운영할 수 있을 것으로 기대한다”고 말했다. 박 감독은 “전반기 MVP를 한 명만 꼽기는 어렵다. 선수들 모두 각자의 자리에서 훌륭한 역할을 해줬다. 그중에서도 이승민 선수와 김재윤 선수는 전반기 내내 거의 쉬지 않고 팀을 위해 헌신해줬다. 휴식기 없이 많은 부담을 안고 던져준 만큼 특히 고맙게 생각한다”고 말했다. 또 그는 “최형우 선수는 골반 상태가 완벽하지 않은 상황에서도 중심타선에서 팀의 중심을 잘 잡아줬다. 주장 구자욱 선수 역시 선수들을 하나로 묶고 팀 분위기를 이끌며 주장으로서 훌륭한 역할을 해줬다. 모든 선수들에게 고맙다는 말을 전하고 싶다”고 전반기 1위 소감을 전했다. /orange@osen.co.kr"
2026.07.10 03:01,"'어나더 레벨' KIA 김도영의 몸값은 '측정 불가', 노시환 307억 ...",마니아타임즈,"한화 이글스가 간판타자 노시환과 11년 총액 307억 원이라는 KBO 역사상 전무후무한 초대형 비FA 다년계약을 체결하면서 프로야구 몸값 지형도가 완전히 뒤집혔다. 시장의 눈은 자연스럽게 그다음 주자인 KIA 타이거즈의 '천재 타자' 김도영에게로 쏠린다. 기준점이 307억 원으로 잡힌 이상, 김도영의 가치는 이를 아득히 뛰어넘을 것이라는 게 지배적인 시각이다. 구단의 고민이 깊어질 수밖에 없는 대목이다. 냉정하게 비교했을 때 김도영의 시장 가치는 노시환을 넘어선다. 김도영은 KBO 최초 월간 10홈런-10도루, 최연소 30-30 클럽 가입 및 정규시즌 MVP(2024년)를 거머쥔 '어나더 레벨'의 5툴 플레이어다. 비록 부상 악재로 연봉이 일시 삭감되는 우여곡절이 있었지만, 올 시즌 전반기에만 27홈런을 터뜨렸다. 홈런 공동 선두로 전반기를 마친 기세라면 야구계에서 조심스럽게 나오는 '400억 가치론'도 결코 과장이 아니다. 호남 야구의 절대적인 아이콘이라는 마케팅적 상징성까지 더하면 KIA가 감당해야 할 액수는 천문학적으로 치솟는다. 그러나 KIA가 노시환의 307억 원을 훌쩍 넘는 초대형 다년계약 수표를 제안하더라도, 김도영을 국내에 주저앉히기는 쉽지 않을 전망이다. 오히려 그가 보여주는 압도적인 퍼포먼스는 KBO 무대가 좁다는 것을 증명하고 있으며, 이는 포스팅 시스템(비공개 경쟁입찰)을 통한 메이저리그(MLB) 진출 가능성을 더욱 키우고 있다. 메이저리그 스카우트들은 이미 김도영의 가공할 만한 타구 속도와 세계 수준의 주력, 그리고 내야수로서의 희소성에 엄청난 점수를 주고 있다. 이정후가 6년 1억 1,300만 달러(약 1,500억 원)의 대형 계약을 맺으며 빅리그에 입성했듯, 김도영 역시 국제 무대와 리그에서 커리어를 쌓아간다면 조 단위 자본이 움직이는 MLB에서 수천만 달러의 계약을 따낼 잠재력이 충분하다. 선수 본인의 야망과 동기부여 측면에서도 최고 무대로의 도전은 당연한 수순이다. 결국 KIA의 고민은 '얼마를 주느냐'의 단계를 넘어섰다. 노시환의 307억 원 계약으로 국내 잔류 비용의 하한선은 너무 높아졌고, 선수의 시선은 이미 태평양 건너를 향하고 있다. KIA로서는 김도영이 국내에 머무는 동안 팀의 우승을 최대한 이끌어내고, 향후 메이저리그 진출 시 구단에 막대한 포스팅를 안겨주는 시나리오가 가장 현실적이면서도 효율적인 방향이 될 수 있다. KIA의 천재 타자를 둘러싼 가치 측정은 이미 KBO 리그의 한계를 시험하고 있다. [강해영 마니아타임즈 기자/hae2023@maniareport.com] 기사제보 및 보도자료 report@maniareport.com"
2026.07.10 03:01,"'막내가 해냈다' 한화, 5할로 전반기 마감…김경문 감독 ""오재원 맹활약...",OSEN,"[OSEN=대전, 조은혜 기자] 프로야구 한화 이글스가 NC 다이노스를 제압하고 6위, 5할 승률로 전반기를 마감했다. 김경문 감독이 이끄는 한화는 9일 대전 한화생명 볼파크에서 2026 신한 SOL KBO리그 NC 다이노스와의 홈경기에서 6-4로 승리했다. 이날 승리로 2연패를 끊은 한화는 시즌 전적 40승40패2무를 만들었다. 반면 4연승에 실패한 NC는 39승42패1무, 7위로 전반기를 마무리했다. 선발 오웬 화이트가 5이닝 무실점을 기록한 뒤 박상원(1이닝 2실점)과 조동욱(⅔이닝 2실점)이 등판했고, 이상규와 이민우가 각각 1⅓이닝, 1이닝 무실점으로 승리와 세이브를 올렸다. 리드오프로 선발 출전한 오재원이 3안타 3타점으로 개인 한 경기 최다 타점을 기록했고, 심우준도 3안타 1타점 2득점으로 팀 승리를 이끌었다. 한화는 2회말 2점을 내고 앞섰다. 선두 노시환이 헛스윙 삼진으로 물러났으나 허인서가 구창모의 송구 실책으로 출루했다. 이후 한화가 김태연의 중전안타로 1·2루 찬스를 잡았고, 이도윤 삼진 후 심우준과 오재원의 연속 적시타로 2-0을 만들었다. 4회초를 앞두고 비가 내려 오후 7시 33분부터 경기가 중단됐다 오후 8시 20분 재개됐고, 한화는 5회말 NC의 실책을 틈타 2점을 더 달아났다. 선두 심우준이 구창모의 초구를 받아쳐 중전안타를 만들었는데, 중견수 천재환이 이 공을 흘리면서 심우준이 3루까지 진루했다. 이어 나온 오재원의 안타에 곧바로 홈인. 이후 문현빈의 안타 때도 천재환이 공을 흘리면서 오재원이 홈을 밟았다. NC가 김형준과 박민우의 투런포로 4-4 동점을 만들었으나 8회말 한화가 다시 2점을 더 내고 리드를 가져왔다. 심우준 우전안타 후 오재원의 3루타로 한화가 5-4 리드를 가져왔고, 바뀐 투수 전사민 상대 대타 황영묵의 적시타까지 터지며 점수를 벌렸다. 경기 후 김경문 감독은 ""오늘 경기의 승리로 5할 승률로 상반기를 마칠수 있어 의미가 있는 승리""라며 ""화이트가 선발투수로 본인의 역할을 다했다. 타선에서는 1번타자로 선발 출장한 오재원이 3루타를 포함해 3안타 3타점으로 공격에서 맹활약해 칭찬하고 싶다""고 박수를 보냈다. /thecatch@osen.co.kr"
2026.07.10 02:01,"""실망스럽다"" 1위 감독의 직격, 삼성 외국인 투수 전면 개편 예고인가",스포티비뉴스,"[스포티비뉴스=대구, 신원철 기자] 전반기를 1위로 마무리한 삼성이 후반기 '완전체'로 굳히기에 나선다. 삼성 박진만 감독이 전반기 최종전을 앞두고 외국인 투수 개편을 예고했다. 잭 오러클린이 16일 만료를 앞둔 가운데 아시아쿼터로 영입한 미야지 유라까지 교체할 가능성이 있다고 밝혔다. 박진만 감독은 9일 경기 전 전날(8일) 벌어진 미야지의 헤드샷 퇴장 교체에 대해 ""어제는 퓨처스 팀에서 정비를 하고 나서 첫 경기여서 기대를 했다. 그래도 실망스러운 경기이지 않았나 싶다""라며 ""올스타 브레이크 기간에 여러 방안을 생각해봐야 한다. 구단에서도 움직이지 않을까""라고 말했다. 아시아쿼터 선수 교체 가능성을 내비친 것이다. 그러면서 ""프로야구 선수가 1군 무대에서 긴장감을 갖고 자기 공을 못 던진다면 어떻게 관리를 해준다고 될 일도 아니다. 아무튼 어제는 아쉬운 점이 많았다""고 덧붙였다. 미야지는 8일까지 33경기에 등판하면서 1패 3홀드 평균자책점 5.97을 기록했다. 16일을 끝으로 연장 계약이 만료되는 오러클린에 대해서도 교체에 무게를 둔 것 같은 뉘앙스를 보였다. 오러클린은 8일 LG전에서 3⅔이닝 10피안타 5실점으로 패전을 안았다. 전반기 내내 로테이션을 거르지 않고 17경기에 선발 등판한 점은 높이 살 수 있지만 점점 페이스가 떨어진 점은 우려할 만했다. 오러클린은 첫 9경기에서 3승 2패 평균자책점 3.33으로 활약하더니 이후 8경기에서 2승 3패 평균자책점 6.75에 그쳤다. 박진만 감독은 ""구단에서 (새 외국인 투수와)최종적으로 협상을 하고 있는 상태인 것 같다. 올스타 브레이크 중에는 변화가 있지 않을까 싶다. 오러클린으로 가거나 새로운 외국인 투수가 오거나 아무튼 올스타 휴식기에는 결정이 날 것 같다""고 말했다. 삼성은 9일 LG를 6-5로 꺾고 전반기를 1위로 마무리했다. 2015년 이후 11년 만의 전반기 1위다. 박진만 감독은 ""시즌 시작하면서 승리보다 패배 쪽에, 55패로 계획을 했다. 그 계획대로 순조롭게 잘 가고 있는 것 같다. 후반기에는 제일 높은 곳으로 가기 위해 더 치열하게 준비해야 할 것 같다""며 ""전반기에 힘든 시기가 있었는데도 승수를 잘 쌓았다. 후반기에 완전체가 되면 전반기보다는 더 좋은 흐름으로 가지 않을까 생각한다""고 밝혔다. <저작권자 ⓒ SPOTV NEWS. 무단전재 및 재배포 금지>"
2026.07.10 01:54,"‘흥행 열풍’ 프로야구, 전반기 최다 관중 신기록…763만3775명",중앙일보,"프로야구 KBO리그가 역대 전반기 최다 관중 기록을 새로 썼다. 한국야구위원회(KBO)는 9일 전반기 424경기 종료 기준 총관중이 763만3775명으로 집계됐다고 밝혔다. 지난해 전반기 440경기에서 기록한 종전 최다 기록 758만228명보다 7% 증가한 수치다. 경기당 평균 관중도 1만8004명으로 지난해 전반기 평균 1만7228명을 넘어섰다. 현재 추세가 이어질 경우 올 시즌 총관중은 1296만2880명에 이를 것으로 KBO는 전망했다. 전반기 마지막 날인 이날에도 전국 5개 구장에 7만3966명이 입장했다. 삼성 라이온즈와 LG 트윈스의 선두 맞대결이 열린 대구 경기는 2만4000석이 모두 팔리며 매진됐고, KIA 타이거즈와 롯데 자이언츠가 맞붙은 부산 경기 역시 2만3200명이 입장해 만원을 이뤘다. 중부지방에 폭우가 내린 가운데서도 야구 열기는 이어졌다. 두산 베어스와 SSG 랜더스의 잠실 경기에는 1만2961명, 한화 이글스와 NC 다이노스의 대전 경기에는 1만3805명이 찾았다. KBO리그는 전반기를 마치고 올스타 브레이크에 돌입한다. 올스타전은 11일 서울 잠실구장에서 열리며, 10개 구단은 휴식과 재정비를 거쳐 16일부터 후반기 순위 경쟁을 이어간다. 박종서 기자 park.jongsuh@joongang.co.kr"
2026.07.10 01:43,9위 충격→감독 교체 승부수 통했다! 5연속 위닝+전반기 5강 진입 성공...,OSEN,"[OSEN=잠실, 이후광 기자] 지난 시즌을 9위로 마친 두산 베어스가 ‘우승 사령탑’ 김원형 감독 선임과 함께 안정적인 전력을 구축하며 전반기 5강 진입에 성공했다. 프로야구 두산 베어스는 9일 서울 잠실구장에서 열린 2026 신한 SOL KBO리그 SSG 랜더스와의 시즌 9차전에서 7-0 완승을 거뒀다. 선발로 나선 외국인 좌완 잭로그가 5이닝 5피안타 3사사구 6탈삼진 무실점 84구 호투로 시즌 4승(5패)째를 챙겼다. 4회초 44분 간 우천 중단에도 페이스를 잃지 않고 자신의 임무를 다했다. 이어 이용찬(1이닝 무실점)-김정우(1이닝 무실점)-타카다 타쿠로(1이닝 무실점)-박신지(1이닝 무실점) 순으로 뒤를 든든히 지켰다. 타선에서는 박준순이 4타수 3안타 1타점 1득점, 강승호가 3타수 2안타(1홈런) 2타점 1득점 1볼넷으로 활약했다. 안재석은 2회말 선제 투런포를 터트리며 결승타의 주인공이 됐다. 김원형 감독은 경기 후 “선발 잭로그가 경기 초반 위기가 있었지만, 포수 양의지와 좋은 호흡을 보이며 잘 극복했다. 우전 중단으로 컨디션 조절에 애를 먹었을 텐데 5회까지 자기 몫을 충분히 해줬다”라고 칭찬했다. 이어 “타석에서는 홈런 두 방이 결정적이었다. 안재석이 완벽한 타이밍에서 결승홈런을 때려냈고, 강승호가 최근 상승세의 페이스를 증명하는 홈런을 날렸다. 개막부터 사실상 전 경기를 소화하고 있는 박찬호도 수비에서 안정적인 모습을 보인 것은 물론 2타점 적시타로 공수에서 맹활약했다”라고 박수를 보냈다. 5위 두산은 2연승과 함께 5연속 위닝시리즈에 성공하며 전반기를 기분 좋게 마무리했다. 시즌 44승 2무 41패. 한화 이글스를 시작으로 KIA 타이거즈, 롯데 자이언츠, 키움 히어로즈에 이어 SSG까지 모두 우세시리즈를 거뒀다. 김원형 감독은 “전반기 마지막 경기에서 우리 선수들이 똘똘 뭉쳐 위닝시리즈를 달성할 수 있었다. 궂은 날씨에도 끝까지 응원해주신 팬들께 감사드린다”라고 선수단을 대표해 인사했다. 전반기 두산 타선을 이끈 2년차 신예 박준순은 ""부상으로 빠져있던 기간이 있어서 아쉬움이 남지만, 그래도 잘 회복하고 돌아와 전반기를 만족스럽게 마무리한 것 같다. 스스로 점수를 주자면 100점 만점에 80점을 주고 싶다. 후반기도 잘 준비해서 남은 20점을 채우고 싶다""라고 밝혔다. 그러면서 ""팬분들 덕분에 처음으로 올스타전에 출전하게 됐다. 다시 한 번 진심으로 감사드린다. 팬분들과 함께 마지막 잠실야구장 올스타전 분위기를 즐기고 오겠다""라고 다짐했다. 두산은 10일부터 15일까지 올스타 휴식기를 갖는다. 10~12일 휴식을 통해 체력을 보충한 뒤 13~15일 팀 훈련을 거쳐 16일부터 창원NC파크에서 7위 NC 다이노스를 상대로 후반기 첫 4연전에 돌입한다. /backlight@osen.co.kr"
2026.07.10 01:42,"'충격' 13억 투자→ERA 6점대 패패패패패 방출 엔딩, 9위팀도 이럴...",마이데일리,"[마이데일리 = 이정원 기자] ""홈런을 너무 많이 내줬다."" 이 선수를 영입할 때만 하더라도 이 정도의 성적을 낼 줄은 몰랐을 것이다. SSG 랜더스는 최근 좌완 투수 앤서니 베니지아노와 결별했다. 이유는 성적 때문이다. 베니지아노는 16경기에 나왔는데 2승 5패 평균자책 6.10에 머물렀다. 퀄리티스타트(선발 6이닝 3자책점 이하)는 단 1회뿐이었다. 한국에 처음 올 때만 하더라도 기대감이 컸다. 구단 메디컬 테스트를 통과하지 못한 드류 버하겐을 대신해 SSG 유니폼을 입었다. 메이저리그 통산 40경기 1승 5홀드 평균자책 3.98의 성적표를 작성한 선수. 지난해 12월 텍사스 레인저스와 마이너 계약을 체결했으나, 아시아리그 진출을 위해 방출되었다. 그리고 SSG 손을 잡았다. 196cm 95kg의 뛰어난 체격을 갖췄다. SSG 관계자는 ""베니지아노의 젊고 강력한 구위, 좌완 선발이라는 희소성, 그리고 풍부한 이닝 소화 능력과 공격적인 투구 스타일을 높이 평가하고 있으며, 팀 컬러에 부합하는 특성을 갖춘 베니지아노가 향후 선발 로테이션에서 핵심 역할을 할 것으로 기대한다""라고 이야기했다. 하지만 베니지아노는 힘을 내지 못했다. 시범경기 3경기 2승 1패 평균자책 3.65로 나쁘지 않았다. 그러나 정규 시즌 들어서 달라졌다. 16경기를 소화하는 동안 6이닝을 소화한 건 단 두 번뿐이다. 79⅔이닝을 소화했다. 경기당 평균 5이닝이 되지 않는다. 또한 피홈런이 너무 많았다. 14개. 15개의 피홈런을 허용한 라울 알칸타라(키움 히어로즈)에 이어 2위. 알칸타라는 103이닝을 소화하는 등 많은 이닝을 끌었다. 베니지아노와 다르다. 메이저리그트레이드루머스(MLBTR)도 ""베니지아노는 ""SSG와 보장 75만 달러, 최대 10만 달러의 옵션이 포함된 1년 계약을 맺었다. 하지만 선발 16경기에서 ERA 6.10, 탈삼진율 18.3%에 그치며 부진했다. 볼넷률은 8.6%로 나쁘지 않았지만, 장타를 너무 많이 허용했다. 79⅔이닝 동안 홈런 14개, 9이닝당 1.58개를 내주며 크게 흔들렸다""라고 아쉬워했다. 이제는 새로운 팀을 찾아야 한다. 과연 미국에서 다시 성공할 수 있을까. MLBTR는 ""베니지아노는 메이저리그에서 구원투수로 40⅔이닝 동안 ERA 3.98을 기록한 바 있다. 평균 직구 구속은 94마일(약 151km) 이상을 유지했다""라며 ""KBO리그에서 선발로 좋은 성적을 내 미국 무대에서 선발 기회를 얻기를 기대했을 것이다. 비록 그 목표는 이루지 못했지만, 좌완 불펜 자원을 찾는 메이저리그 구단들이 마이너리그 계약 형태로 관심을 보일 가능성은 여전히 남아 있다""라고 전망했다."
2026.07.10 01:31,"'LG 제치고 1위!' 삼성, 국민유격수 뚝심이 김재윤 살렸다…""마무리 ...",엑스포츠뉴스,"(엑스포츠뉴스 대구, 김지수 기자) 삼성 라이온즈 마무리 김재윤이 천신만고 끝에 팀의 전반기 1위 등극을 이끌었다. 절체절명의 위기를 극복하고 기분 좋게 올스타 휴식기를 맞게 됐다. 박진만 감독이 이끄는 삼성은 9일 대구 삼성 라이온즈파크에서 열리는 2026 신한 SOL KBO리그 LG 트윈스와의 팀 간 11차전에서 6-5로 이겼다. 전날 2-8 패배를 설욕하고 전반기 최종 3연전 위닝 시리즈와 함께 단독 선두로 올라섰다. 김재윤은 이날 삼성이 6-3으로 앞선 9회초 마운드에 올랐다. 3점의 리드를 지켜내고 승부에 마침표를 찍는다면 삼성은 2015시즌 이후 11년 만에 페넌트레이스 전반기를 1위로 마감할 수 있었다. 하지만 김재윤의 출발은 좋지 못했다. 선두타자 대타 문성주를 풀카운트 승부 끝에 볼넷으로 출루시켰다. 이어 곧바로 홍창기에게 좌측 펜스 상단을 직격하는 2루타를 허용, 무사 2·3루 위기에 몰렸다. 김재윤은 일단 박해민을 1루수 땅볼로 잡아냈다. 그 사이 3루 주자 문성주가 득점하면서 스코어가 6-4로 좁혀졌다. 계속된 1사 3루에서는 오스틴 딘과 송찬의를 연속 볼넷으로 출루시키면서 1사 만루로 상황이 악화됐다. 김재윤은 설상가상으로 박동원까지 볼넷으로 1루에 내보내면서 밀어내기로 LG에 한 점을 더 헌납했다. 계속된 1사 만루 동점 및 역전 위기에서는 이날 멀티 히트를 기록 중이던 천성호와 대결을 펼쳐야 했다. 삼성 벤치는 이 고비에서 투수 교체 대신 김재윤을 그대로 믿고 갔다. 결과론이지만, 박진만 감독의 결단은 승리로 이어졌다. 김재윤은 초구 148km/h짜리 직구를 과감하게 스트라이크 존에 꽂아 넣었고, 김재윤의 구위에 밀린 천성호의 땅볼 타구가 유격수-2루수-1루수로 이어지는 끝내기 병살타로 연결돼 승부에 마침표가 찍혔다. 벼랑 끝에 몰려 있던 삼성과 김재윤은 전반기 최종전을 해피 엔딩으로 끝낼 수 있었다. 김재윤은 프로 데뷔 후 한 경기 최다인 37구를 뿌리고 시즌 22세이브를 수확, 세이브 부문 1위로 전반기를 마치면서 생애 첫 타이틀 홀더를 향한 힘찬 도전을 이어가게 됐다. 김재윤은 경기 종료 후 공식 수훈선수 인터뷰에서 ""마지막에 내가 좋지 못한 모습을 보이긴 했지만, 그래도 타자들이 잘 쳐준 덕분에 3점 차이로 벌려줘서 막을 수 있었다""며 ""투구수가 30개를 넘겼지만 힘든 줄도 몰랐다. 그냥 세게 던져야겠다는 생각밖에 안 들었다""고 돌아봤다. 또 ""천성호가 초구를 딱 쳤을 때는 '됐다' 싶었다. 잘 맞은 타구이기는 했어도 바운드도 컸고 타구 속도도 빨랐다. 코스가 유격수 정면일 것 같았는데 내야수들이 병살타로 잘 연결해 줬다""고 안도의 한숨을 쉬었다. 김재윤은 앞선 등판이었던 지난 3일 SSG 랜더스전 1이닝 무실점 이후 닷새 동안 충분한 휴식을 취한 상태였다. 컨디션과 구위에도 문제가 없었지만, '미리 보는 한국시리즈'로 불렸던 LG와의 전반기 1위 결정전은 경험이 많은 김재윤도 긴장할 수밖에 없었다. 김재윤은 ""사실 긴장이 많이 됐다. 첫 타자(문성주)를 상대할 때 조금씩 스트라이크 존에서 벗어나는 공들이 많았다. LG 타선이 워낙 강하기 때문에 가운데 던질 수도 없었고, 조심스럽게 승부했던 게 악영향을 끼쳤다""며 ""거의 가을야구를 치르는 느낌이었다. (포스트시즌에 앞서) 매 한 번 맞은 느낌이다. 투구수가 많았기 때문에 교체될 수 있을 거라고도 생각했는데 마무리 기회를 주신 감독님께 감사하다""고 강조했다. 사진=삼성 라이온즈 김지수 기자 jisoo@xportsnews.com"
2026.07.10 01:25,"강백호, 타 팀 후배에 40분 조언+방망이 퍼주기까지…동생은 ""형 배트로...",스포티비뉴스,"[스포티비뉴스=잠실, 최원영 기자] 끈끈한 선후배 사이다. 두산 베어스 안재석(24)은 9일 서울 잠실야구장에서 열린 2026 신한 SOL KBO리그 SSG 랜더스와의 홈경기에 5번 타자 겸 3루수로 선발 출전했다. 결승타를 책임지며 2타수 1안타(1홈런) 2볼넷 2타점 1득점으로 맹활약했다. 3출루 경기를 펼쳤다. 두산은 이날 7-0 완승으로 2연승과 함께 위닝시리즈를 완성했다. 전반기를 5위로 끝마쳤다. 안재석은 0-0으로 맞선 2회말 무사 1루서 첫 타석을 소화했다. SSG 선발투수 토마스 해치의 2구째, 147km/h 포심 패스트볼을 정조준했다. 비거리 130m의 우중월 투런 홈런을 때려내며 2-0 선취점을 올렸다. 4-0으로 앞선 3회말 1사 2, 3루서 안재석의 타석이 돌아왔다. 해치와 6구 승부 끝 볼넷을 골라내 1사 만루로 기회를 이었다. 후속 박찬호의 2타점 좌중간 적시타로 두산은 6-0까지 달아났다. 그런데 3회말 종료 후 경기가 우천 중단됐다. 오후 7시 46분부터 8시 30분까지 멈춰선 끝에 게임은 재개됐다. 안재석은 7-0이던 4회말 2사 1, 2루서 투수 최민준과 맞붙어 스트레이트 볼넷으로 출루했다. 2사 만루로 연결했지만 후속타 불발로 더 나아가진 못했다. 안재석의 전반기 최종 성적은 55경기 타율 0.256(195타수 50안타) 4홈런 27타점 24득점, 장타율 0.400, 출루율 0.319가 됐다. 시즌 타율은 비교적 낮은 편이지만 7월 8경기서 타율 0.355(31타수 11안타) 1홈런 7타점으로 타격감을 끌어올렸다는 점이 고무적이다. 승리 후 만난 안재석은 홈런 관련 질문에 ""최근 장타를 의식하지 않고 안타와 출루를 목표로 했다. 이번엔 강한 타구가 나와 넘어간 것 같다""고 답했다. 전반기를 돌아본 안재석은 ""3루수로서 시행착오를 많이 겪었다. 스스로 힘들었다""며 ""수비에서 무너지면서 타격도 같이 무너지는 모습을 많이 보였다. 너무 힘들었고 잘 안 풀리니 답답한 마음이 들었다""고 속마음을 내비쳤다. 그는 ""최근 타격 페이스가 올라오면서 수비에서 실책이 나와도 멘털이 안 흔들리는 듯하다""고 덧붙였다. 타격감이 좋아진 계기가 있을까. 안재석은 ""2주 전 대전 원정을 갔는데 3연전의 첫날이던 화요일(6월 23일) 강백호 형을 만났다. 형에게 '너무 안 맞는다. 도저히 어떻게 쳐야 할지 모르겠다'고 했다""며 ""아주 자세히 기억나진 않지만 형이 그때 40분 넘게 내게 이야기를 해줬다. 타격을 어떻게 해야 하는지, 목표 설정은 어떻게 하면 되는지 등 미래까지 생각해 하나하나 다 알려줬다""고 밝혔다. 강백호는 한화 이글스의 주축 타자다. 안재석의 서울고 선배이기도 하다. 안재석은 ""(강)백호 형이 방망이도 많이 주셔서 그때부터 그 배트를 쓰고 있다. 그 배트로만 치는데 계속 안타가 나온다""며 ""백호 형과 대화한 이후 뭔가가 계속 된다. (타격감이) 올라온 계기인 것 같다""고 말했다. 이어 ""작년에도 올해도 형이 주는 방망이만 쓰고 있다. 형의 모델을 (방망이 제작 회사에) 그대로 보내서 새로 만들거나, 아니면 형이 주는 걸 쓰는 중이다""며 ""형이 나보다 3년 선배인데 항상 연락을 드리진 못하는데도 만날 때마다 잘 챙겨주신다. 늘 배트를 3~4개씩 주신다. 그것도 비싼 걸로 말이다""고 전했다. 안재석은 ""백호 형에게 항상 너무 감사드린다. 그리고 앞으로도 많이 챙겨주셨으면 좋겠다""며 미소 지었다. 강백호의 조언 중 마음에 와닿았던 내용은 무엇이었을까. 안재석은 ""형이 너무 한 게임, 한 게임에 치우치지 말라고 했다. 설정한 목표까지 가는 데 있어서 계속 막 빠져 있지 말고, '괜찮아 이렇게 하면 돼'라고 생각하며 차근차근 하라고 했다""며 ""그러다 보면 나도 언젠간 형처럼 100억 FA를 할 수 있다고 말해주셨다. 그런 마음을 갖고 '나도 할 수 있다'고 여기며 천천히 해나갔다""고 설명했다. 이어 ""형과 서로 다른 팀이지만 서울고는 끈끈하다. 너무 감사하다""고 덧붙였다. 김원형 두산 감독에게도 감사 인사를 남겼다. 안재석은 ""감독님께서 항상 나를 믿고 기용해 주시는데 진짜 너무너무 감사드린다. 솔직히 난 주전으로 뛸 만큼의 성적이 아니었다""며 ""최근 좋아지고 있지만, 이렇게 주전으로 뛸 수 있다는 것에 정말 감사하다. 아직 타율이 한참 낮은데 조금씩 타이밍이 좋아지고 있으니 후반기엔 더 자신 있게 시작하려 한다""고 목소리를 높였다. <저작권자 ⓒ SPOTV NEWS. 무단전재 및 재배포 금지>"
2026.07.10 01:23,이게 얼마 만이야! 11년 만에 1위…삼성팬들 눈물 난다 왕조의 추억 솔...,서울신문,"한때 프로야구는 삼성 라이온즈의 우승으로 귀결되던 때가 있었다. 2011~2014년 역대 최초로 4연속 통합우승을 달성하던 시절의 일이다. 그러나 2015년 준우승을 시작으로 삼성은 우승과 거리가 멀었다. 이듬해부터 5년 연속 가을야구 진출에 실패했고 2021년 가을야구를 경험했으나 이후 2년 연속 또 가을야구와 멀어졌다. 왕조의 붕괴 속도가 너무 급격했고 여파가 오래갔다. 2024년 준우승을 차지하며 다시 포효하기 시작한 사자 군단이 마침내 11년 만의 전반기 정규리그 1위를 확정했다. 삼성은 9일 대구 삼성라이온즈파크에서 열린 ‘미리 보는 한국시리즈’에서 LG 트윈스를 6-5로 꺾으며 51승 2무 32패 승률 0.614로 LG(52승 33패·0.612)를 2위로 밀어내고 정상에 올랐다. 어느덧 아련해진 왕조 시절 이후 처음 달성한 기록이니 삼성팬들로서는 눈물 나는 성적이 아닐 수 없다. 전반기 1위가 뭐 대수냐 싶지만 기록상으로 살펴보면 꽤 의미가 있다. 전·후반기, 양대 리그를 제외한 역대 35번의 단일 시즌에서 전반기 1위 팀이 정규리그 우승까지 한 경우는 35번 중 23번(65.7%)이었다. 2001년 이후로 한정하면 25번 중 18번(72%)으로 그 확률이 더 높다. 그리고 더 중요한 것은 단일 시즌에서 정규리그 우승팀의 한국시리즈 우승 확률이 35번 중 30번으로 무려 85.7%에 이른다는 사실이다. 무리하지 않고 후반기를 준비할 수도 있었지만 하필 전반기 마지막 상대로 서로를 만난 삼성과 LG가 사활을 걸 수밖에 없던 이유다. 삼성으로서는 LG가 낼 수 있는 가장 강한 불펜 카드를 상대로 이겼다는 점에서도 의미가 있었다. 삼성은 리그 역대 최고 구속 기록 보유자인 약셀 리오스가 등판한 6회말 선두타자 전병우의 볼넷, 강민호의 2루타, 김성윤의 적시타로 3-3이던 경기를 5-3으로 만들었다. 8회말 김영웅의 홈런으로 6-3으로 달아났고 9회초 LG가 삼성 마무리 김재윤을 상대로 2점을 추가하며 턱밑까지 추격했지만 무사히 승리를 지켜냈다. 김재윤은 위기 속에서도 올 시즌 개인 한 경기 최다인 37구를 던지며 투혼을 보여줬다. 이날 경기를 끝으로 전반기를 마친 가운데 삼성은 팀 타율 0.275(3위), 팀 평균자책점 4.11(2위)로 투타 균형을 보여줬다. 관중 동원력에서도 남다른 인기를 자랑했다. 100만 8068명의 LG에 이어 97만 6271명으로 2위다. 대구에서 총 40경기가 열렸는데 31경기가 매진됐고 평균 관중이 2만 3801명으로 객석 점유율이 99.17%에 달했다. 포항에서 열린 2경기 역시 모두 매진됐다. LG가 쓰는 잠실구장이 다른 구단들의 원정 응원단 규모가 만만치 않다는 점을 고려하면 삼성이 순도 면에서는 가장 높다고 볼 수 있다. 프로야구는 11일 올스타전을 전후해 휴식기에 들어간다. 삼성은 이승민, 르윈 디아즈, 구자욱, 최형우, 양창섭, 김도환이 올스타전에 선발돼 팬들에게 색다른 즐거움을 선사할 예정이다. 류재민 기자"
2026.07.10 01:22,"'30억 밥값' 분명 못했다, KIA 왜 부활 기대하나…""2시즌 성공했지...",스포츠조선,"[부산=스포츠조선 김민경 기자] ""지난 2시즌 다 성공했으니까. (김)태군이가 자기를 가장 잘 안다고 신뢰할 수는 있죠."" KIA 타이거즈 에이스 제임스 네일은 2024년 처음 한국에 온 이래 가장 힘든 전반기를 보냈다. 18경기에서 5승5패, 102⅔이닝, 82삼진, 평균자책점 3.77을 기록했다. 땅볼 유도를 선호하는 투수지만, 삼진이 줄었고 평균자책점도 4점대에 가깝다. 리그에서 평균자책점 1, 2위를 다퉜던 지난 2시즌과 비교하면 분명 마운드 위에서 압도하는 느낌은 떨어진다. 올해 외국인 선수 최고 몸값 200만 달러(약 30억원)에 걸맞은 성적은 아니었다. 특히 전반기 마지막 2경기 결과가 아쉽다. 지난 2일 광주 SSG 랜더스전은 5이닝 5실점, 8일 부산 롯데 자이언츠전은 3⅓이닝 5실점에 그쳤다. 난타를 당하면서 제구도 흔들리는 문제가 발생했다. 공교롭게도 네일의 전담 포수와 다름없는 김태군의 햄스트링 부상 공백 이후 크게 흔들리고 있다. SSG전은 한준수, 롯데전은 주효상과 호흡을 맞췄다. 이범호 KIA 감독은 9일 부산 롯데전에 앞서 ""네일이 (김)태군이가 빠지고 난 뒤에 영 힘을 못 쓰고 있다. 팀이 지금 제일 중요한 상황인데. 어떤 포수가 앉아도 베스트로 던져야 하는데, 선발이 무너지니까 뭐 한번 해보지 못하고 그냥 계속 경기가 넘어갔다""며 ""후반기에 가장 중요하게 생각하는 게 네일과 (김)선빈이다. 그 친구들이 더 힘을 내야 후반기에 우리가 그래도 버틸 수 있다""고 했다. 김태군은 후반기에도 상당 기간은 복귀하기 어렵다. 포수와 호흡 문제는 네일이 마음가짐을 바꾸는 쪽이 빠르다. 이동걸 KIA 투수코치는 8일 경기 후 바로 네일과 면담을 진행할 때 마음가짐을 바꿀 것을 강조했다. 이동걸 코치는 ""아무래도 한국에서 3년차니까. 지난 두 시즌 다 성공했고, 태군이랑 호흡을 맞추면서 본인의 성향이라든가. 어쨌든 투심패스트볼과 스위퍼를 혼합해서 던지는 투수인데, 하이존을 써야 할 때 낮은 존을 써야 할 때 구종 선택에 대해서 태군이가 자기를 가장 잘 안다고 신뢰하고 있다. 또 태군이와 호흡을 통해 성공을 많이 거둔 선수라 아무래도 영향력이 있다는 생각은 들 것""이라고 먼저 공감했다. 이 코치는 이어 ""충분히 네일은 '태군이었으면 어땠을까'라는 생각을 할 수밖에 없다. 사람이다 보니까. 결과에 대한 아쉬움을 에둘러 그렇게 찾을 수 있다. 하지만 태군이가 부상으로 빠졌을 때는 결국 한준수 주효상과 해야 한다. 본인은 그런 아쉬움을 표현할 수 있지만, 팀의 상황으로선 어쨌든 해결해야 할 문제다. 포수를 같이 믿고 가야 한다. 이게 문제다 아니다를 떠나서 어쨌든 네일의 마음가짐이 중요하다고 생각한다""고 덧붙였다. 최근 2경기는 분명 구위가 좋진 않았다. 이 코치는 ""리그 3년차이기에 겪을 수 있는 고충이라 생각한다. 연도별로 봤을 때는 중요한 순간에 삼진율이 조금씩 떨어지고 있다는 생각은 든다. 어제(8일)는 실투가 많았다. 아무래도 안타 허용이 많아지고, 인플레이 타구 비율도 높아지고. 맞기 시작하면 본인이 선택한 구종에 대한 아쉬움, 로케이션에 대한 아쉬움을 토로할 수 있다. 왜 타자들이 쉽게 공략했는지, 왜 그런 타이밍에 그런 구종 선택을 했는지 그런 아쉬움을 토대로 다시 같이 이야기하면서 준비해야 할 일이다. 지금은 (후반기를 위해) 다시 잘 준비하는 게 중요하다""고 했다. 네일이 스태미나가 좋은 선수는 아니지만, 단순히 체력 문제는 아닐 것으로 내다봤다. 이 코치는 ""지난해 네일이 팔꿈치 염증으로 일찍 시즌을 마감했는데, 돌아와서 준비를 잘했다. 100이닝을 돌파했기에 스태미나 문제는 충분히 있을 수 있다고 생각한다. 최근 2년 동안 많이 던진 선수기도 하니까. 그런데 어쨌든 우리가 올해 네일이 100개 이상 던지게 한 적이 없다. 엄청 신경을 많이 썼다. 100구를 넘긴 적이 없기에 전반기 끝날 때까지 스태미나 조절은 큰 문제가 없다고 생각한다. 어제는 실투성 공을 롯데 타자들이 잘 대처한 것이다. 땅볼 유도형이다 보니 병살도 나오면서 경기를 풀어가야 하는데, 땅볼이 병살로 처리가 안 되면서 어려워했다. SSG전도 똑같은 현상이 벌어졌었다""고 진단했다. 올스타 휴식기 동안 네일과 함께 돌파구를 찾아보려 한다. 이 코치는 ""문제를 계속 짚어서 선수한테 불안을 주고 싶지는 않다. 어떤 변화를 통해서 좋아질 수 있다는 것을 이야기하는 게 좋다고 생각한다. 5월에도 비슷한 문제가 한번 불거졌을 때 투구 패턴을 우리가 바꾼 적이 있다. 그러면서 다시 상승 무드를 탔다. 그런 변화를 같이 잘 준비해 보겠다""고 강조했다. 부산=김민경기자 rina1130@sportschosun.com"
2026.07.10 01:22,오러클린 작별인사? 전반기 1위 세리머니 중 돌발 호명 → 2만4000명...,스포츠조선,"[대구=스포츠조선 김영록 기자] 마지막 작별인사에 걸맞은 교감이었다. 연장계약 두번을 불평없이 받아들이고, 17경기 83⅓이닝을 책임져준 투수에게 아낌없는 박수가 쏟아졌다. 구단 측 설명처럼, 단지 그것뿐이었을까. 전반기 1위는 삼성 라이온즈의 차지였다. 그리고 이를 기념하는 세리머니 도중, 잭 오러클린과 홈팬들이 뜨거운 인사를 나눴다. 삼성은 9일 대구 삼성라이온즈파크에서 열린 LG 트윈스와의 전반기 마지막 경기에서 6대5, 1점차 진땀승을 거뒀다. 이날 승리로 삼성은 51승째(2무32패)를 기록, LG보다 승률에서 앞서며 2026년 전반기 1위에 깃발을 꽂았다. 삼성이 전반기를 1위로 끝낸 건 2015년 7월 16일 이후 11년만이다. 전반기 마지막 시리즈가 운명처럼 LG와 삼성의 맞대결로 펼쳐졌고, 첫 경기에서 삼성이 승리하며 1위가 바뀌었다. 2번째 경기에서 LG가 승리하며 다시 탈환했고, 삼성이 마지막 경기를 잡아내며 시리즈는 물론 전반기 위닝으로 올스타 휴식기를 맞이하게 됐다. '1위 사령탑' 박진만 삼성 감독이 방송 인터뷰에 임했고, 강민호와 김재윤 등 올해 전반기와 이날의 주인공들이 줄지어 인터뷰를 하던 시간, 그라운드에서 어쩌면 특별할지도 모를 순간이 있었다. 오러클린은 더그아웃에서 통역, 지인들과 함께 흐뭇하게 현장을 지켜보다 문득 그라운드로 올라와 사진을 찍었다. 그 모습을 본 김상헌 응원단장이 오러클린을 크게 호명했고, 홈팬들의 박수가 쏟아졌다. 오러클린은 멋지게 손을 들어 환호에 답했다. 돌아선 그는 통역과도 뜨거운 하이파이브를 나눴다. 오러클린의 가족으로 보이는 지인들 역시 박수를 치며 축하했다. 오러클린은 전날인 8일 LG전에 선발등판, 3⅔이닝 5실점을 기록했다. 팀이 2대8로 패하면서 패전투수가 됐다. '전반기' 최종 성적은 5승5패 평균자책점 4.86이 됐다. 어쩌면 한국팬들과의 마지막 만남이 될 수도 있는 순간이었다. 이제 KBO리그는 올스타전 휴식기로 접어든다. 박진만 감독은 전날 오러클린에 대해 ""한동안 구속이 떨어져서 문제였는데, 어제 경기에선 140㎞대 후반으로 잘 나왔다. 특별히 날리는 볼도 없었고, 내용적으로 괜찮다고 봤다. 그래서 밀어붙였는데, 결과적으로 내 운영 실패로 진 경기""라고 돌아봤다. 시즌전 맷 매닝의 부상으로 인한 단기 대체 외인으로 합류했고, 2번의 계약 연장을 거쳤다. 이번 계약의 종료일은 7월 16일. 후반기 첫 등판을 소화하려면 최소한 3번째 연장계약이 필요하다. 추가 연장계약이나 정식 계약이 없다면, 오러클린은 더이상 삼성 팬들 앞에서 공을 던질 수 없다. 다만 익히 알려진대로 교체설이 파다하게 퍼진 상황. 일각에서는 크리스 페덱(전 텍사스 레인저스)의 이름이 거론되고 있다. 전반기 마지막날이었던 이날 대구는 2만4000장의 티켓이 모두 팔려 올시즌 33번째 매진을 기록했다. 오러클린을 향한 홈팬들의 환호, 박수에는 정식 아닌 연장계약의 연속에도 기꺼이 헌신해준 외인을 향한 감사와 작별의 마음이 가득 담겨있었다. 삼성 관계자는 일관되게 부인했다. ""김상헌 응원단장의 돌발 행동이었을 뿐이다. 현재로선 (이종열)단장님과 (박진만)감독님이 설명하신 대로 결정된 내용이 아무것도 없다""고 해명했다. 단순히 전반기를 책임진 외국인 선수와 팬들의 교감이었다는 설명이다. 다만 이날 경기 후 교체 가능성이 전혀 없는 에이스 아리엘 후라도나 '푸른피의 에이스' 원태인, 그외 최원태 양창섭, 박진만 감독이 전반기 MVP로 꼽은 김재윤 등은 인터뷰 이후에도 오러클린처럼 별도로 팬들과 인사하는 일이 없었다. 앞서 3연전 첫날 박진만 감독은 오러클린의 교체 여부에 대해 ""구단에서 고민 중인 여러가지 옵션이 있다. 앞서 거론된 크리스 페덱(전 텍사스 레인저스)도 그 리스트에 있는 선수인 건 맞다. 구단에서 최종 협상을 하는 상황인 것 같다. 오러클린이 가고 새로운 외국인이 오게 될지, 올스타 휴식기 안에는 결정이 날 것""이라고 설명했다. 이날 경기전에도 후반기 변수를 묻는 질문에 ""만약 새로운 외국인 선수가 오게 되면 가장 큰 변수가 될 거다. KBO리그는 외국인 선수의 강함에 따라 순위가 결정되는 경우가 많으니, 그 선수들이 핵심 포인트가 될 것""이라고 답했다. 대구=김영록 기자 lunarfly@sportschosun.com"
2026.07.10 01:22,"1위 삼성 승부수 던진다...오러클린, 라팍 팬들과 작별 인사→미야지 헤...",OSEN,"[OSEN=대구, 한용섭 기자] 프로야구 삼성 라이온즈가 전반기를 1위로 마치고, 후반기를 앞두고 외국인 투수와 아시아쿼터를 동시에 교체하는 승부수를 던진다. 삼성은 부상 대체 선수 오러클린과 연장 계약이 오는 16일 만료된다. 오러클린은 9일 대구 삼성라이온즈파크에서 전반기 마지막 LG와 경기가 끝나고 그라운드에서 삼성 팬들을 향해 작별 인사를 했다. 오러클린은 경기 후 가족과 함께 더그아웃 앞으로 나가 1루측 삼성 팬들에게 손을 흔들며 작별 인사를 했다. 이후 그라운드쪽으로 나가서 내외야를 둘러보며 팬들과 눈을 마주치며 환하게 웃으며 인사했다. 삼성 팬들은 오러클린에게 박수를 아낌없이 보냈다. 서로 작별을 알고 있다. 삼성은 오러클린과 계약이 만료되면, 새 외국인 투수를 영입하는 수순이다. 오러클린은 개막 전에 부상 대체 선수로 영입했고, 4월말과 5월말 두 차례 연장 계약으로 함께 해 왔다. 17경기에 등판해 5승 5패 평균자책점 4.86을 기록했다. 박진만 감독은 9일 경기 전에 “구단에서 지금 아마 최종적으로 협상을 하고 있는 상태인 것 같다. 올스타 기간에 변화가 있지 않을까요. 오러클린을 계속 가든지, 새로운 외국인 선수가 올지 올스타 기간에 결정이 날 것 같다. 최종적으로 협상을 하고 있는 걸로 알고 있다”고 말했다. 이종열 단장은 “3~4명의 선수를 지켜보고 있고 협상 중이라고 했다. 아직 결정된 것은 없다”고 했다. 조만간 새 외국인 투수의 소식이 들려올 것으로 보인다. 박 감독은 “만약에 새 외국인 선수가 오면, 그 선수들이 얼마만큼 팀의 역할을 해주느냐, 우리(KBO리그)는 외국인이 강하냐 못하느냐에 따라서 순위 차이가 많이 나기 때문에 외국인이 새롭게 온다면 그 선수들이 포인트일 것 같다”고 말했다. 아시아쿼터로 영입한 미라지는 여전히 적응을 하지 못하고 있다. 고민 끝에 결단을 내릴 것으로 보인다. 미야지는 2군에서 11일간 재정비를 하고 돌아와 복귀전에서 첫 타자 상대로 헤드샷을 던져 퇴장당했다. 지난 8일 LG전에서 5회 2사 2루에서 등판해 첫 타자 박동원과 승부에서 헬멧 챙을 맞혀, 공 3개 던지고 퇴장된 것. 박진만 감독은 9일 전반기 최종전을 앞두고 미야지에 대해 “퓨처스에서 어느 정도 정비를 하고 첫 경기였는데, 좀 기대를 했는데 실망스러운 부분이 있지 않았나 싶다”고 말했다. 이어 “이제 올스타 기간에 여러 방안을 생각하면서, 구단에서도 움직이지 않을까 그렇게 생각하고 있다”고 말했다. 교체에 대해 논의하고 진행할 것으로 보인다. 마운드에서 긴장한 것처럼 보였다고 하자, 박 감독은 “그러면 못 버틴다. 프로 선수가 1군 무대에서 그런 긴장감을 갖고 자기 볼을 못 던지면, 어떻게 케어를 해준다고 되는 것도 아니다. 여러가지로 어제는 아쉬운 부분이 좀 많았던 것 같다”고 실망감을 드러냈다. 미야지는 33경기에 등판해 1패 3홀드 평균자책점 5.97을 기록하고 있다. 150km 초반의 빠른 볼을 던지는데, 제구력이 아쉽다. /orange@osen.co.kr"
2026.07.10 01:21,"이범호도 “모르겠다” 당황… 천하의 타격 장인이 어쩌다 이렇게, KIA ...",스포티비뉴스,"[스포티비뉴스=사직, 김태우 기자] 이범호 KIA 감독은 2011년 KIA에 입단했고, 은퇴할 때까지 KIA에서 뛰었다. 은퇴 직후에는 프런트·기술 코치를 거쳐 2024년 시즌을 앞두고 팀의 감독으로 취임했다. 적어도 2011년부터 지금까지 15년 넘는 시간 동안 한 팀에 있었던 셈이다. 현재 팀 내 최고참급 선수들인 양현종 김선빈 등 선수들을 어린 시절부터 동료로 봐왔고, 또 코치와 감독으로 지도하기도 했다. 그런 이범호 KIA 감독도 도대체 이해할 수 없는 이링 하나 있다. 바로 김선빈(37)의 끝 모를 타격 부진이다. 이렇게 못 치는 선수가 아닌데, 타격만 놓고 보면 개인 경력에서 가장 힘든 시기를 보내고 있다. 김선빈은 전반기가 마무리된 현재 시즌 83경기에 나가 타율 0.243을 기록 중이다. 지난 몇 년간 하체 부상이 잦아 고생했던 김선빈은 올 시즌을 앞두고 몸 관리를 철저하게 하는 등 기대감을 불러 일으켰다. 그 결과 시즌을 정상적으로 보내고 있다는 것은 하나의 성과라고 할 만하다. 하지만 정작 건강하게 뛰고 있는데도 타격 성적이 예전처럼 나오지 않는다. 김선빈은 KBO리그 1군 통산 1792경기에서 타율 0.303을 기록 중인 타자다. 장타력이 뛰어난 선수는 아니지만 타의 추종을 불허하는 콘택트 능력을 바탕으로 고타율을 유지해 왔다. 실제 김선빈의 타율이 가장 낮았던 시즌은 자신의 1군 첫 시즌이었던 2008년 112경기에서 기록한 0.255다. 그 외 시즌에서는 시즌 타율이 0.280 밑으로 내려간 적이 한 번도 없다. 그런데 올해 0.245라는 최악의 성적에 처져 있는 것이다. 홈런 타자는 아니지만 고타율과 클러치 상황에서의 콘택트 능력으로 자신의 가치를 인정받은 김선빈이기에, 타율 저하는 김선빈의 선수 가치에도 큰 영향을 줄 수밖에 없다. 선수도 극복하기 위해 애를 쓰고 있다. 평소보다 타격 훈련량을 많이 가져간 시기도 있었고, 이범호 감독이 훈련량이 너무 많다고 자제를 시킨 적도 있었다. 그러나 한 번 떨어진 감은 좀처럼 살아나지 않는다. 기술적인 측면에서 큰 문제가 생겼다고 말하기도 쉽지 않다. 이미 자신의 타격이 확실하게 정립된 선수고, 4월까지 타율도 0.290으로 그렇게 나쁜 수치가 아니었기 때문이다. 체력적인 부분을 고려할 수도 있지만, 아직 본격적인 무더위가 찾아오기 전이라 이 문제를 의심하는 것도 명쾌한 답이 되지는 않는다. 이범호 KIA 감독 또한 또렷한 답을 내놓지 못하고 있다. 이 감독 또한 김선빈 경력에서 이렇게 타율이 떨어진 시기를 기억하기 쉽지 않다고 동의했다. 이 감독은 “모르겠다”고 솔직하게 말했다. 하지만 타격 슬럼프 중에도 계속 경기에 넣을 수밖에 없는 현실적인 고민도 털어놨다. 김선빈이 선발로 나가 좋은 타격을 하는 게 팀에는 가장 좋은 시나리오라는 것이다. 이 감독은 “우리 내야수가 부족한 상황이고 내야에 박민이나 김규성도 방망이가 잘 안 맞고 있다. 유격수와 2루수를 볼 수 있는 선수들이 공격력에서 다들 부침을 가지고 있다. 양 사이드 코너에서 김도영이나 카스트로나 이런 친구들이 힘을 내주고 있는 상황에서 김선빈만 잘 돌아가고 있으면 유격수 한 자리만 어떻게든 커버를 해서 가면 된다”고 고민을 드러내면서 “또 김선빈을 스타팅에서 빼면 후반에 수비를 할 수 있는 여력들이 조금 부족하다. 그렇다 보니 선빈이를 먼저 내고 이기고 있을 때 교체를 해 가는 방법이 지금은 가장 좋은 방법”이라고 설명했다. 반등할 것이라는 기대감도 숨기지 않았다. 이 감독은 “아직 남은 경기가 60경기 이상 남았으니 선빈이가 페이스만 찾으면 금방 올라갈 수 있는 능력을 친구”라면서 “아마 머릿속으로 조금 복잡할 것 같은데 그래도 어떻게든 해내야 한다. 후반기에 가장 중요하게 생각하는 게 제임스(네일)와 김선빈이지 않을까 생각한다. 그 친구들이 조금 더 힘을 내줘야 후반기에 우리가 조금 버틸 수 있다고 생각한다”고 기대했다. <저작권자 ⓒ SPOTV NEWS. 무단전재 및 재배포 금지>"
2026.07.10 01:21,"'날벼락' 부상 악재, 569안타 기적 이렇게 끝나나 ""대체 선수까지 검...",스포츠조선,"[잠실=스포츠조선 나유리 기자]KBO리그에서 뛴 4시즌 동안 무려 569안타를 쳤다. 타격왕의 전설도 이렇게 끝이 나는 걸까. SSG 랜더스 외국인 타자 기예르모 에레디아가 부상으로 전력에서 이탈했다. SSG는 9일 에레디아를 1군 엔트리에서 말소했다. 이미 8일 경기부터 뛰지 못하고 있었다. 7일 잠실 두산 베어스전 경기 도중 왼쪽 어깨 통증이 심해지면서 빠졌고, 병원 정밀 검진을 받았다. 그 결과 왼쪽 어깨 회전근개 손상 소견을 받았다. 2주 후 재검진을 실시할 예정이다. 상태가 좋지 않다. 에레디아는 왼쪽 어깨 부위가 좋지 않아 꾸준히 관리를 받아왔다. 하지만 통증이 극심해지면서 결국 경기를 정상적으로 뛸 수 없는 상태가 됐고, 그레이드 1~2 수준의 어깨 손상 진단까지 받았다. 2주 후에 재검진을 받는다고 해도 그게 빠른 회복을 의미하지는 않는다. 현재 느끼고 있는 통증의 강도나 손상 정도를 감안했을때 훨씬 더 긴 시간이 소요될 것으로 예상된다. 이숭용 감독도 ""아마 그것(2주)보다 오래 갈 것 같다""며 안타까워했다. 에레디아의 부상은 이번이 처음은 아니다. 지난해 시즌 초반에도 허벅지 모낭염이 심해지면서 전력에서 이탈했었고, 당시 SSG는 단기 대체로 라이언 맥브룸을 영입한 바 있다. 그러나 그때와 지금은 부상의 정도가 다르다. 특히 왼 어깨 부상은 정상적인 수비는 물론이고 타격에도 지장을 주기 때문이다. 결국 SSG는 다시 단기 대체 타자를 찾아야 할 것으로 보인다. 일단 올 시즌에 쓸 수 있는 외국인 선수 교체 카드 2장은 이미 다 소진했다. 미치 화이트(부상)와 앤서니 베니지아노(부진)가 교체됐고, 현재 토마스 해치와 새 얼굴 페드로 아빌라를 영입한 상태다. 에레디아까지 부상으로 이탈하면서 사실상 SSG는 올 시즌 외국인 3인방을 전부 교체해야 하는 위기에 놓여있다. 교체 카드를 다 소진했기 때문에 에레디아를 완전 교체할 방법은 없고, 단기 대체를 활용하는 것이 최선이다. 문제는 리그 규정상 8월 15일이 외국인 선수 등록 마감일이고, SSG의 경우 교체 카드가 없기 때문에 새로운 타자를 데려오더라도 포스트시즌은 뛸 수 없는 상황이다. 하지만 현재 9위로 순위 경쟁에서 밀려나있는데다 당장 매 경기를 소화하느라 허덕이는 팀 사정을 감안했을 때, 외국인 타자 한명을 없이 치르기도 부담이다. 에레디아의 부상이 과연 올 시즌 안에 정상적으로 회복될 수 있을지 장담도 하지 못하기 때문이다. 에레디아는 올해로 KBO리그에서 4시즌째 뛴 타자다. 두번째 시즌이었던 2024년 3할6푼의 타율에 195안타 21홈런을 터뜨리며 '타격왕' 타이틀을 차지했고, 강한 어깨와 정확한 송구를 앞세운 외야 수비도 최상급 수준이었다. 다만 이제 30대 중반에 접어든 나이와 타석에서 지나치게 공격적인 성향을 감안해서 SSG도 결별을 고민하기도 했다. 올 시즌을 앞두고 바꿀만 한 새로운 후보들을 검토했고, 실제 접촉하기도 했다. 하지만 계획대로 흘러가지 않았고 결국 검증이 된 에레디아와의 재계약을 체결했다. 올 시즌 에레디아의 성적은 84경기에서 타율 2할8푼2리 15홈런 75타점으로 2% 아쉬운 상태였다. 교체 이야기도 나왔었지만 당장 투수쪽이 더 시급한 상황에서 후순위가 될 수밖에 없었는데, 하필 교체 카드 2장을 모두 쓴 시점에 에레디아의 어깨 부상이 터지면서 팀의 고민이 더욱 깊어졌다. 내년 시즌까지 염두에 둔 단기 대체 타자를 데려올 수 있다면, 어쩌면 에레디아와의 결별이 현실이 될지도 모른다. 잠실=나유리 기자 youll@sportschosun.com"
2026.07.10 01:18,LG·삼성 흥행몰이… 사상 첫 1300만 관중 시대,국민일보,"올해도 프로야구 흥행 열기는 식을 줄 모르고 있다. 가장 가파른 속도로 관중을 끌어모은 KBO리그는 사상 첫 1300만 관중 시대를 바라보고 있다. 전반기 내내 치열한 선두 경쟁을 펼친 삼성 라이온즈와 LG 트윈스가 역대급 관중몰이를 주도했다. 2026 KBO리그는 전반기 마지막 날인 9일까지 763만3775명의 관중을 불러 모았다. 전반기 기준 역대 최다 기록이다. 현재 추세라면 시즌 최종 관중은 1296만3014명에 이를 전망이다. 지난해 세운 최다 관중(1231만2519명)을 넘어 한국 프로스포츠 최초의 1300만 관중 시대도 가시권에 들어왔다. 전반기 마지막까지 1위 쟁탈전을 벌인 삼성과 LG가 흥행의 선봉에 섰다. LG는 전반기가 끝나기도 전에 홈 관중 100만명을 돌파했다. 43경기 만에 달성한 최소 경기 기록이다. 삼성도 경기당 홈 평균 관중 2만3245명으로 LG에 이어 2위에 올랐다. 삼성은 가장 최근 정규시즌 1위를 차지했던 2015년 이후 11년 만에 순위표 꼭대기에서 전반기를 마무리했다. 전반기 마지막 LG와의 미리 보는 한국시리즈를 위닝시리즈로 장식하며 선두를 탈환했다. 지난해 아쉬움을 남겼던 타선과 불펜이 한층 안정됐다. 10년 만에 복귀한 최형우와 김재윤이 투타에서 중심을 잡았다. ‘디펜딩 챔피언’ LG는 올 시즌에도 강팀의 면모를 과시했다. 부상 악재와 외국인 투수 교체, 홍창기와 신민재 등 주축 타자들의 부진 속에서도 무너지지 않았다. 앤더스 톨허스트와 라클란 웰스, 임찬규가 ‘원투쓰리 펀치’를 형성했고, 한국 무대 4년 차 오스틴 딘은 리그를 대표하는 타자로 거듭났다. 이번 시즌 처음 시행된 아시아쿼터의 성패도 전반기 주요 관전 요소였다. 웰스와 한화 이글스 왕옌청, 키움 히어로즈 카나쿠보 유토를 제외하면 대부분 기대에 미치지 못했다. 롯데 자이언츠와 KIA 타이거즈, 두산은 일찌감치 아시아쿼터 교체를 단행했다. 굵직한 대기록도 쏟아졌다. 류현진(한화)은 한국 선수 최초로 한·미 통산 200승 고지를 밟았다. 최형우는 통산 최다 안타를 비롯해 첫 4500루타와 1000장타, 1800타점을 잇달아 작성했다. 최정(SSG 랜더스)은 21시즌 연속 두 자릿수 홈런을 쏘아 올렸다. 최원준 기자 1jun@kmib.co.kr GoodNews paper ⓒ , 무단전재 및 수집, 재배포 및 AI학습 이용 금지"
2026.07.10 01:10,"아, 이렇게 잔인한 병살타 엔딩→2위 추락…헤드퍼스트 슬라이딩까지 했지만...",OSEN,"[OSEN=대구, 한용섭 기자] 9회 1사 만루 찬스에서 최악의 결과였다. 잘 맞은 타구가 야수 정면으로 향하면서 병살타, 1점 차 패배로 경기가 끝났다. 아쉬움에 그라운드에 쓰러져 한동안 일어서지 못했다. 11일 대구 삼성라이온즈파크에서 열린 LG 트윈스와 삼성 라이온즈의 전반기 마지막 경기. 승자는 전반기 1위를 차지하는 빅매치였다. 경기 내용은 접전이었다. 삼성이 선취점을 뽑았지만 LG가 역전시켜 3-1로 뒤집었다. 이후 삼성의 추격을 허용해 3-3 동점이 됐다. LG는 필승카드 리오스가 6회 2점을 허용하며 다시 끌려갔다. 8회 마무리 손주영까지 투입했는데, 김영웅에게 솔로 홈런을 허용했다. 3-6으로 뒤진 9회초, LG는 집중력을 발휘해 삼성 마무리 김재윤을 공략해 나갔다. 문성주의 볼넷, 홍창기의 좌측 2루타, 박해민의 내야 땅볼로 1점을 추격했다. 오스틴과 송찬의가 연속으로 풀카운트 접전 끝에 볼넷을 골라 1사 만루를 만들었다. 박동원도 파울을 걷어내며 풀카운트에서 밀어내기 볼넷을 골라내 5-6 한 점 차로 추격했다. 천성호 타석이었다. 2회 우중간을 가르는 2루타를 때려 역전의 발판을 만들었고, 3회는 내야 안타를 때려냈다. 최소 동점은 기대되는 상황. 김재윤의 초구 직구(148km)가 스트라이크존 가운데서 약간 바깥쪽으로 들어왔다. 초구부터 공격적으로 임한 천성호는 주저없이 강하게 때렸는데, 잘 맞은 타구는 타석 앞에서 원바운드, 유격수 정면으로 향했다. 타구가 빨라서 유격수가 잡고서 2루로 던졌고, 다시 1루로 이어지는 병살타가 됐다. 경기 후 박진만 삼성 감독은 ""2008년 베이징올림픽 생각이 나서 유격수 김상준 선수를 조금 전진시켰는데 결과적으로 잘 됐다""고 말했다. 삼성 마무리 김재윤은 경기 후 “성호가 원래 타격에 재능이 있는 선수였는데 LG 가서 더 잘 치는 걸 알고 있어서, 초구부터 몰리는 공을 안 던지려고 했다. 좀 바깥쪽으로 던졌는데 다행히 하늘이 도와줬네요”라고 말했다. 동점 내지는 역전 찬스에서 병살타로 경기 종료였다. 혼신을 다해 1루로 달려간 천성호는 헤드퍼스트 슬라이딩을 했지만 병살을 막지 못햇다. 그대로 그라운드에 쓰러졌다. 천성호는 엎드린 채 한동안 일어서지를 못했다. 김용의 1루 주루코치가 와서 등을 두드리며 위로했지만, 천성호의 몸은 움직이지 않았다. 조금 있다가 LG 동료들이 팬들에게 인사하기 위해 1루 파울라인으로 모여들자, 천성호는 일어났다. 천성호는 올 시즌 2할8푼1리 1홈런 26타점 33득점을 기록 중이다. 4월말까지 타율 3할6푼9리 1홈런 10타점 17득점으로 맹활약하며 시즌 초반 주전들의 타격감이 바닥일 때 LG 타선을 이끌었다. 하지만 전반기 마지막 경기에서 결정적인 병살타로 웃지 못했다. LG는 이날 패배로 승률에서 2리 차이 뒤져, 1위 자리를 삼성에 내줬다. 전반기 1위는 삼성이 차지했다. /orange@osen.co.kr"
2026.07.10 01:06,"전반기 끝나자 '이례적 인사' 건넨 오러클린…""전반 최종전이기에 인사했을...",마이데일리,"[마이데일리 = 대구 김경현 기자] 교체설에 휩싸인 잭 오러클린(삼성 라이온즈)이 전반기 최종전이 끝난 뒤 팬들을 향해 고개를 숙였다. 오러클린은 맷 매닝의 부상 대체 외인 선수로 삼성에 합류했다. 첫 6경기까지는 승리 없이 2패만 떠안았다. 구위는 나쁘지 않았는데 결과가 따르지 않았다. 오러클린도 한국 야구에 적응이 완벽하지 않아 자충수를 두곤 했다. 5월부터 분위기를 바꿨다. 5경기에서 4승 무패 평균자책점 3.49로 펄펄 날았다. 150km/h를 넘나드는 빠른 공으로 타자들을 압도했다. 박진만 감독도 오러클린의 호투에 여러 차례 박수를 보냈다. 두 번이나 계약을 연장, '정규직' 전환을 꿈꿨다. 앞서 오러클린은 6주 계약을 체결했다. 지난 4월말 5월 31일까지 첫 번째 연장 계약을 맺었고, 5월말 다시 7월 16일까지 두 번째 연장 계약을 체결했다. 체력 문제가 대두됐다. 오러클린은 25-26시즌 겨울 호주야구리그(AUBL)에서 48⅓이닝, 2026 월드 베이스볼 클래식(WBC)에서 6⅓이닝을 소화한 뒤 한국에 들어왔다. 6월 중순부터 구속이 떨어지는 모습이 포착됐다. 박진만 감독도 오러클린의 힘이 떨어진 것 같다고 했다. 특히 최근 2경기에서 도합 6⅓이닝 16피안타 12실점으로 크게 무너졌다. 교체설이 나돌기 시작했다. 크리스 페덱이라는 구체적인 이름까지 나왔다. 이종열 단장과 박진만 감독은 입을 모아 정해진 것은 없다고 했다. 페덱은 협상 중인 선수 중 한 명이라고 못을 박았다. 다만 박진만 감독은 ""올스타 기간에는 변화가 있지 않을까. 오러클린으로 가든, 새로운 외국인이 오든 결정날 것""이라고 묘한 뒷맛을 남겼다. 오러클린은 자신의 전반기 최종전인 8일 대구 LG 트윈스전을 3⅔이닝 10피안타 5실점으로 마무리했다. 연장 계약이 없다면 마지막 등판일 것으로 보인다. 계약이 끝나는 16일은 후반기 개막전이다. '에이스' 아리엘 후라도가 등판할 가능성이 높다. 의미심장한 모습이 나왔다. 삼성은 9일 전반기 최종전에서 6-5로 승리, 전반기를 1위로 마무리했다. 경기를 마친 뒤 오러클린이 더그아웃에서 나와 팬들에게 인사를 했다. 팬들도 뜨거운 박수로 오러클린을 맞이했다. 등판하지 않은 선수가 인사를 하다니. 매우 의례적이다. 다만 통역에 따르면 오러클린은 ""전반기 최종전이기에 인사를 했을 뿐""이라고 확대 해석을 경계했다."
2026.07.10 00:31,“왜 KIA에 (김)도영이가 있어야 되는지 잘 보여줬다” 전반기 홈런 1...,마이데일리,"[마이데일리 = 부산 김진성 기자] “왜 KIA에 (김)도영이가 있어야 되는지 잘 보여줬다.” KIA 타이거즈 간판스타 김도영(23)의 2026시즌 전반기는 MVP에 선정된 2024년의 전반기보다 결코 뒤처지지 않았다. 오히려 나은 측면도 있다. 김도영은 2024년 전반기에 320타수 109안타 타율 0.341 출루율 0.408 장타율 0.622 OPS 1.030 23홈런 60타점 26도루 78득점을 기록했다. 2026년 전반기는 315타수 94안타 타율 0.298 출루율 0.394 장타율 0.616 OPS 0.996 27홈런 74타점 5도루 69득점을 기록했다. 비율스탯에선 2024년이 우위지만, 홈런과 타점은 2024년 전반기보다 올해 전반기에 더 많이 수확했다. 9일 부산 롯데 자이언츠전 홈런으로 오스틴 딘(LG 트윈스)과 함께 홈런 공동 1위로 전반기를 마쳤다. 2년 전과 달리 도루만 자제했다고 보면 된다. 결정적으로 30실책을 범한 2024년의 경우, 전반기에 실책이 쏟아졌다. 그러나 올해 김도영은 단 3개의 실책만 범했다. 전반기에 622⅔이닝으로 리그 13위이자 3루수 2위다. 자신보다 많은 이닝을 소화한 12명의 선수 중 적은 실책을 범한 선수는 단 4명. 그런데 그 중 3명은 외야수다. 내야수는 정준재(SSG 랜더스)만 김도영보다 많은 이닝을 소화하면서 실책이 더 적었다. 올해 김도영은 정말 안정감 있는 수비를 하고 있다. 김도영은 올 시즌 내내 아무런 목표가 없고, 그냥 아시안게임에 가기 전까지 전 경기에 나가면 좋겠다고 했다. 오스틴 딘(LG 트윈스)과의 홈런 레이스는 정작 본인은 큰 관심이 없다. 오히려 오스틴이 자신이 데뷔한 뒤 모든 외국인타자 중 최고라고 인정했다. 그래도 김도영은 전반기에 자신의 존재감을 확실하게 보여줬다. 역시 건강하면 리그 최고의 타자라는 걸 확실하게 증명했다. 유독 타율 관리가 안 되는 전반기이긴 했지만, 여름 이후로 힘을 내며 3할에 도달하기 일보직전이다. 춘추전국시대였던 KBO리그 3루도 김도영이 깔끔하게 정리하는 분위기다. 김도영이 아시안게임에 가기 전까지 전 경기에 나가면, 건강에 대한 우려를 상당 부분 씻을 전망이다. 아시안게임에서 금메달을 목에 걸면 병역특례도 받고 메이저리그 포스팅도 사실상 2029시즌 직후로 확정될 전망이다. 건강한 김도영은 메이저리그 스카우트들도 숨 죽이고 체크하는 대목이다. 이범호 감독에게 9일 전반기 최종전, 부산 롯데 자이언츠전을 앞두고 전반기 MVP를 꼽아달라고 하자 어김없이 김도영 얘기가 나왔다. 이범호 감독은 굳이 긴 말을 하지 않았다. “왜 팀에 도영이가 있어야 되는지 잘 보여줬다”라고 했다."
2026.07.10 00:28,"“많이 부족하다” 대투수 양현종, 요즘 부쩍 드는 ‘옛 생각’…“불펜투수...",스포츠서울,"[스포츠서울 | 사직=강윤식 기자] “많이 부족하다.” ‘대투수’ 양현종(38)이 KIA의 연패 탈출에 앞장섰다. 양현종이 ‘타이거즈의 심장’다운 투구를 펼친 덕분에, KIA는 전반기를 웃으며 마칠 수 있었다. 다만 양현종은 전반기 전체를 돌아봤을 때 스스로 만족하지 않는다. 옛날 생각이 많이 나는 요즘이다. 그래도 좌절하고 있진 않는다. 나아지기 위해 노력한다. KIA는 9일 부산 사직구장에서 열린 2026 KBO리그 정규시즌 롯데전에서 5-2로 이겼다. 선발투수 양현종이 빛났다. 4연패 기간 선발이 무너지며 고생했던 KIA. 양현종 덕분에 초반을 잘 넘겼다. 5이닝 5안타 1사사구 1삼진 1실점이다. 평균자책점을 3점대로 떨어트렸고, 시즌 6승째를 달성했다. 연패를 끊어야 했다. 사령탑 주문도 있었다. 여러모로 중요했던 경기. 마침 컨디션이 좋았다. 그래서 더욱 과감하게 승부했다. 경기 후 양현종은 “감독님이 코치님 통해서 주문한 게 있다. 나도 선발 당일에는 예민해서 이런저런 얘기 안 들으려고 한다. 그런데 감독님이 꼭 전해달라고 하셨다고 한다”고 말했다. 이어 “‘전반기 마지막 경기고, 중간투수들 많이 쉬었으니까 상황에 따라 일찍 교체할 수 있다. 오늘은 꼭 이기는 경기하고 싶다. 많은 이닝을 맡기기보다는 한 타자, 한 타자 전력으로 던졌으면 좋겠다’고 요청하셨다. 모르겠다. 크게 신경 안 쓰려고 했는데, 컨디션이 좋다 보니까 더 공격적으로 던졌던 것 같다”고 경기를 돌아봤다. 전반기 마지막 경기를 잘 끝냈다. 그러나 본인의 부족함을 다시 한번 느낀 경기다. 30대 후반의 나이다. 당연히 전성기 때와 같을 수 없다. 한 경기를 오롯이 책임지지 못하는 지금 상황이 아쉽다. 불펜투수들에게 미안한 마음뿐이다. 양현종은 “개인적으로는 많이 부족하다. 옛날얘기를 하면 안 되겠지만, 예전에는 한 경기를 책임질 수 있는 힘이 있었다. 지금은 그런 힘이 없고 중간투수에게 늘 부탁하는 입장이다. 전반기에 6이닝 이상 던진 경기가 거의 없어서 불펜투수들에게 미안하고 고맙다”고 말했다. 그러면서 “옛날 생각 많이 난다. 더 많이 던지고 싶고 그렇게 던지면서 중간투수들 부담을 줄여주고 싶다. 후반기도 그렇고 야구 유니폼 벗는 날까지 항상 그런 마음을 가지고 있을 것 같다”고 강조했다. 본인이 느끼기에 아직 컨디션이 100%는 아니다. 다만 아픈 곳은 없다. 그래서 오히려 더 기대된다. 여기서 더 나은 모습을 보여줄 수 있을 거란 기대감이 넘친다. 양현종은 “아직 100%는 아니다. 그래도 아프거나 그런 게 없다. 내 몸에 있어서 전력으로 던졌다. 나도 내 몸을 아직 모른다. 그래서 앞으로 경기에서 어떤 모습을 보여줄 수 있을지 나도 조금은 더 기대된다”고 힘줘 말했다. skywalker@sportsseoul.com"
2026.07.10 00:23,"'와 5할이다' 47분 중단→약속의 8회에 웃었다…전반기 유종의 미, ""...",스포츠조선,"[대전=스포츠조선 이종서 기자] 한화 이글스가 5할로 전반기를 마쳤다. 한화는 9일 대전 한화생명볼파크에서 열린 NC 다이노스와의 홈 경기에서 6대4로 승리했다. 6위 한화는 40승2무40패로 5할 승률을 맞추며 전반기를 마쳤다. 7일 대전 NC전 패배로 2연패에 빠진 한화는 승률이 5할 아래로 떨어졌다. 8일 경기가 우천으로 취소된 가운데 전반기 마지막 경기인 9일 승부가 중요했다. 2회말 한화가 선취점을 냈다. 1사 후 허인서의 투수 땅볼 타구가 송구 실책으로 이어졌다. 김태연이 안타를 치면서 찬스를 이었고, 2사 후 심우준과 오재원의 연속 적시타로 2-0을 만들었다. 3회말을 마친 뒤 변수를 맞았다. 굵어진 빗줄기에 중단 선언이 내려졌다. 47분의 기다림 끝에 경기는 재개됐다. 한화는 5회말 선두타자 심우준의 중전 안타 타구가 포구 실책으로 이어지면서 무사 3루를 만들었다. 오재원의 적시타로 한 점을 더한 한화는 이후 문현빈의 안타 때 다시 한 번 중견수 실책이 나와 추가 점수를 올렸다. 점수는 4-0. 6회초와 7회초 NC의 반격이 있었다. 김형준과 박민우가 각각 투런 홈런을 쏘아올렸고, 4-4 동점이 됐다. 8회말 한화가 다시 한 번 리드를 가지고 왔다. 2사 후 심우준의 안타에 이어 오재원의 적시 3루타가 터졌다. 대타로 황영묵이 나왔고, 오재원을 불러들이는 적시타를 치면서 6-4로 앞서 나갔다. 9회초 마무리투수 이민우가 무실점으로 승리를 지켰고, 한화는 연패 탈출과 함께 5할 승률을 맞출 수 있었다. 경기를 마친 뒤 김경문 한화 감독은 ""오늘 경기의 승리로 5할 승률로 전반기를 마칠수 있었다. 의미가 있는 승리""라고 했다. 김 감독은 이어 ""화이트가 선발투수로 본인의 역할을 다해줬다""라며 ""타선에서는 1번타자로 선발 출장한 오재원이 3루타를 포함해 3안타 3타점으로 공격에서 맹활약해 주었고, 칭찬하고 싶다""고 이야기했다. 한화는 올스타 휴식기를 거친 뒤 16일부터 홈인 대전에서 키움 히어로즈와 4연전을 한다. 대전=이종서 기자 bellstop@sportschosun.com"
2026.07.10 00:21,"'22세이브 뒤 가려진 암운' 김재윤, 정말 LG에 '팁스(투구 습관)'...",마니아타임즈,"삼성 라이온즈가 치열한 접전 끝에 전반기 1위를 확정 지었지만, 마무리의 뒷문 불안이라는 숙제를 안고 올스타 브레이크를 맞이하게 됐다. 삼성 마무리 투수 김재윤은 대구 LG 트윈스전에서 팀의 6대 5 승리를 지켜내며 시즌 22세이브째를 수확했으나, 마운드를 내려오는 그의 표정은 굳어 있었다. 9회초 무려 37구를 던지는 투혼을 발휘했지만, 2실점을 허용하며 안팎으로 진한 아쉬움과 우려를 남겼기 때문이다. 가장 뼈아픈 대목은 LG 타자들이 김재윤의 투구 패턴을 완전히 꿰뚫고 있었다는 점이다. 이날 경기에서 LG 타선은 김재윤의 전매특허이자 결정구인 포크볼 유인구에 전혀 배트를 내지 않았다. 볼카운트가 불리하게 흘러가는 상황에서도 철저하게 포크볼을 골라내자, 김재윤은 결국 스트라이크 존 안으로 정직한 속구를 집어넣을 수밖에 없었다. 타자들의 뇌리에서 포크볼이라는 선택지가 완전히 지워지자, 노림수를 맞이한 LG 타자들은 끈질긴 커트와 정타로 김재윤을 괴롭혔다. 한 이닝 37구라는 비정상적인 투구수는 결국 주도권을 완전히 빼앗긴 싸움의 결과물이었다. 이는 LG 전력분석팀이 김재윤의 미세한 투구 습관, 즉 '팁스(Tips)'를 완벽하게 간파한 것이 아니냐는 합리적인 의심이 제기되고 있다. 속구와 포크볼을 던질 때 글러브 안에서 그립을 바꾸며 발생하는 미세한 들썩임이나 세트포지션에서의 팔 각도, 혹은 구종에 따른 투구 인터벌의 차이를 LG 타자들이 이미 인지하고 타석에 들어섰다는 분석이다. 손가락을 깊숙이 끼워야 하는 포크볼의 특성상 준비 과정에서 습관이 노출되었을 가능성은 매우 높다. 체력 저하로 인해 두 구종의 릴리스 포인트가 달라져 타자 앞에서 공의 궤적이 일찍 구별되는 터널링 붕괴 현상일 수도 있으나, 어느 쪽이든 김재윤에게는 치명적인 약점이 노출된 셈이다. 단조로운 투피치 형태의 피칭 디자인도 한계를 드러냈다. 슬라이더나 커브 등 타자의 시선을 분산시킬 제3의 구종 구사율이 극히 낮다 보니, 상대는 50%의 확률만 계산하면 된다. 유인구가 통하지 않는 상태에서 억지로 던지는 직구는 구위 저하와 맞물려 장타로 연결되기 십상이다. 더욱이 마무리의 투구수 증가는 필승조의 과부하로 이어지는 도미노 붕괴의 신호탄이 될 수 있다는 점에서 가볍게 넘길 문제가 아니다. 결과는 승리였지만 과정은 험난했고 과제는 무거웠다. KBO리그의 철저한 전력분석 시스템을 고려할 때, 오늘 LG가 증명한 공략법은 후반기 모든 팀의 교본이 될 것이다. 다행히 내일부터 주어지는 올스타 브레이크는 김재윤에게 단순한 휴식 이상의 의미를 갖는다. 비디오 분석을 통해 투구 폼의 미세한 균열을 찾아내 지워내고, 볼 배합의 변화를 주는 피칭 디자인 리셋이 선행되어야만 후반기 삼성의 대권 도전도 힘을 얻을 수 있다. [강해영 마니아타임즈 기자/hae2023@maniareport.com] 기사제보 및 보도자료 report@maniareport.com"
2026.07.10 00:21,"“안현민 있었다면 어땠을까” KT, ‘전반기 3위’ 만족하면서도 아쉬운 ...",OSEN,"[OSEN=수원, 길준영 기자] 프로야구 KT 위즈가 간판타자 안현민의 부상이라는 대형 악재를 극복하고 리그 3위라는 좋은 성적으로 전반기를 마감했다. KT는 9일 수원 KT위즈파크에서 열린 ‘2026 신한은행 SOL Bank KBO리그’ 키움 히어로즈와의 경기에서 3-0으로 앞섰지만 우천 노게임으로 전반기 마지막 경기를 마쳤다. 개막 4연승으로 시즌을 시작한 KT는 시즌 초반부터 리그 선두권으로 치고 나가며 1위 다툼을 했다. 하지만 얼마 지나지 않아 큰 악재를 만났다. 간판타자 안현민이 햄스트링 부상을 당해 전력에서 이탈한 것이다. 뿐만 아니라 허경민, 장성우, 류현인, 케일럽 보쉴리 등 크고 작은 부상 악재가 계속해서 터졌다. 안현민은 지난 시즌 112경기 타율 3할3푼4리(395타수 132안타) 22홈런 80타점 72득점 7도루 OPS 1.018을 기록하며 리그를 대표하는 강타자로 떠올랐다. 올해도 33경기 타율 3할1푼5리(108타수 34안타) 4홈런 23타점 21득점 2도루 OPS .981로 좋은 성적을 기록하고 있고 이날 경기에서도 우천 노게임으로 기록이 취소되기는 했지만 투런홈런을 터뜨렸다. 다만 부상으로 결장한 경기가 많아 아쉬움을 남겼다. 그렇지만 KT는 공백을 메워줄 선수들이 꾸준히 등장하며 리그 3위로 전반기를 마칠 수 있었다. 팀의 핵심전력인 안현민이 두 달 가량 경기에 나서지 못한 것을 감안하면 아쉽지만 충분히 만족할 수 있는 성과다. KT 이강철 감독은 이날 경기 전 인터뷰에서 전반기를 돌아보며 “처음 스타트에 비해서는 아쉽다”면서도 “안현민, 장성우 등이 빠진 상태에서도 선수들이 잘 버텨줬다. 전반기 70점 정도는 되지 않을까”라고 말했다. 전반기를 충분히 성공적으로 마무리했지만 안현민의 부상이 아쉬운 것도 사실이다. 이강철 감독은 “‘(안)현민이가 안 빠졌다면 어땠을까’라는 생각은 들었다. 왜냐하면 그 때 현민이가 너무 좋았다. 1, 2, 3, 4번이 너무 좋았기 때문에 진짜 아깝다. 현민이가 빠지고도 그렇게 버텼으니까 안 빠졌다면 몇 승은 더 했을 것”이라고 아쉬워했다. “현민이는 원래도 볼넷이 많은데 투수들이 승부를 못해서 정말 많이 나갔다”고 말한 이강철 감독은 “초반 힐리어드가 좋지 않은 상황에서도 그렇게 잘 버텼는데 힐리어드까지 좋아졌을 때 현민이가 있었다면 정말 어땠을까 싶다”면서도 “아쉽지만 지금 3위도 감사하게 생각하고 있다”며 웃었다. /fpdlsl72556@osen.co.kr"
2026.07.10 00:21,"한화 0.500 본능 살아났다!…'4회 7-0' 우천 노게임 악몽, 그러...",엑스포츠뉴스,"(엑스포츠뉴스 대전, 김근한 기자) 한화 이글스가 전반기 마지막 경기를 승리로 장식하며 5할 승률로 전반기를 마무리했다. 한화는 9일 대전 한화생명볼파크에서 2026 신한 SOL뱅크 KBO리그 NC 다이노스전을 치러 6-4로 승리했다. 이날 승리로 한화는 시즌 40승 2무 40패로 리그 6위 자리를 유지한 채 전반기를 마쳤다. 경기 뒤 한화 김경문 감독은 전반기 마지막 경기 승리의 의미부터 짚었다. 김 감독은 ""오늘 경기의 승리로 5할 승률로 전반기를 마칠 수 있어 의미가 있는 승리""라고 전했다. 한 시간여 우천 중단 뒤 다시 마운드에 올라 5이닝 무실점 쾌투를 펼친 선발 투수 화이트에 대해서도 ""선발 투수로 본인의 역할을 다 해줬다""고 칭찬했다. 이날 경기의 최고 공신은 단연 신인 외야수 오재원이었다. 김 감독은 ""타선에서는 1번 타자로 선발 출장한 오재원이 3루타를 포함해 3안타 3타점으로 공격에서 맹활약해줬다. 칭찬하고 싶다""고 힘줘 말했다. 실제 오재원은 2회말 2사 1, 2루 기회에서 적시타로 선제 득점을 만드는 데 기여했고 5회말에도 1타점 우전 적시타로 4-0까지 달아났다. 8회말 2사 1루에서는 우중간을 가르는 1타점 적시 3루타로 NC의 동점 이후 한화가 다시 앞서가는 결정적인 한 방을 날렸다. 3안타 3타점 모두 찬스에서 나온 클러치 히트였다. 이날 NC의 반격도 만만치 않았다. NC는 6회초 김형준의 120m짜리 좌월 2점 홈런으로 두 점 차로 추격했고, 7회초에는 박민우가 120m짜리 우월 2점 홈런으로 2-2 동점까지 따라왔다. 동점을 허용한 한화는 8회말 오재원의 적시 3루타와 황영묵의 추가 적시타로 두 점을 추가하며 승기를 굳혔다. 9회초 이민우가 이닝을 마무리하며 전반기 마지막 경기를 6-4 승리로 장식했다. 한화는 지난달 30일 대전 KT 위즈전에서 7-0으로 앞선 4회초 시작 전 거센 비가 내리기 시작해 끝내 우천 노게임이란 악몽을 겪은 바 있다. 이날 경기에서도 4회초를 앞두고 우천 중단이 이뤄져 불안감을 자아냈지만, 경기 재개 뒤 짜릿한 전반기 최종전 승리를 거둘 수 있었다. 결국, 5할 승률로 마무리한 한화의 전반기였다. 신인 오재원의 폭발적인 타격감과 화이트의 안정적인 선발 투구가 맞물린 전반기 마지막 승리는 후반기 도약의 발판이 될 전망이다. 사진=한화 이글스 김근한 기자 forevertoss88@xportsnews.com"
2026.07.10 00:17,잠실구장서 열리는 마지막 '별들의 잔치',이데일리,"[이데일리 스타in 이석무 기자] 지난 45년간 한국 야구의 심장이었던 서울 잠실야구장이 ‘별들의 잔치’로 팬들에게 작별을 고한다. 한국야구위원회(KBO)는 오는 11일 잠실야구장에서 ‘2026 신한 SOL KBO 올스타전’을 개최한다. 잠실야구장은 올 시즌을 끝으로 철거돼 2031년 말 3만 5000석 규모의 최신식 돔구장으로 다시 태어난다. 1982년 프로야구 원년에 문을 연 ‘야구의 메카’에서 열리는 마지막 올스타전이다. 축제는 이틀간 이어진다. 10일 오후 3시10분에는 고교 2학년 유망주들이 나서는 넥스트레벨 매치가 먼저 열려 2028 신인 드래프트 후보들을 미리 볼 수 있다. 오후 6시에는 북부리그와 남부리그가 맞붙는 퓨처스 올스타전이 이어지고, 경기 뒤에는 거포 8명이 참가하는 홈런더비가 잠실의 밤을 달군다. 올해 홈런더비는 예선 5아웃, 결승 7아웃 방식으로 진행된다. 11일 본행사에서는 오후 3시 팬 사인회와 선수·팬·마스코트가 한 팀을 이뤄 달리는 썸머레이스에 이어 오후 6시 나눔 올스타(LG·한화·NC·KIA·키움)와 드림 올스타(SSG·삼성·KT·롯데·두산)가 맞붙는다. 나눔 올스타가 3루 덕아웃을 쓰며 선공에 나선다. 경기 전에는 공군 특수비행팀 블랙이글스가 잠실 하늘을 가른다. 5회말 클리닝타임에는 가수 우즈(WOODZ)가 대표곡 ‘드라우닝’(Drowning) 등을 라이브로 선보인다. 경기 후에는 불꽃놀이가 마지막 올스타전의 밤하늘을 수놓는다. 경기 중 안타와 홈런이 나올 때마다 물줄기가 쏟아지는 워터페스티벌도 함께 진행된다. 이별을 앞둔 만큼 추억을 간직하기 위한 행사도 마련됐다. ‘Re:잠실’을 주제로 꾸며지는 팬 페스트존에서는 실제 잠실야구장 내야 흙을 DIY 공병에 담아 소장할 수 있다. 45년 세월이 밴 흙 한 줌이 팬들의 손에 들려 집으로 돌아간다. 특별 전시 공간 ‘Re:cord 잠실’에서는 잠실야구장의 연혁과 한국 야구사의 명장면을 영상으로 되돌아보고, 과거 유니폼과 빛바랜 티켓, 트로피 등 상징적인 물품들도 만날 수 있다. 1982년 7월 개장한 잠실야구장은 수많은 명승부와 우승 순간을 함께 했다. KIA타이거즈는 12번 우승 중 9번을, 삼성라이온즈는 8번 중 5번을 이곳에서 완성했다. 해질녘 외야 너머로 번지던 노을과 한강 바람 속 함성까지, 잠실야구장은 서울시민에게 야구장 그 이상의 공간이었다. 서울시는 오는 12월 철거 작업에 들어간다. 잠실야구장을 홈으로 사용한 LG트윈스와 두산베어스는 돔구장이 완공되는 2031년까지 올림픽 주경기장을 임시 홈으로 사용한다. 잠실의 추억과 기록은 새 돔구장의 기념관에 보존된다. 이석무 (sports@edaily.co.kr)"
2026.07.10 00:12,1994년 정명원 이후 31년간 없었다…올스타전 투수 MVP 나올까?,스포츠동아,"[스포츠동아 장은상 기자] 32년 만에 투수 ‘미스터 올스타’가 나올 수 있을까. 11일 잠실구장서 열리는 ‘2026 신한 SOL KBO 올스타전’에는 올해 가장 빛나는 활약을 펼치고 있는 선수 50명이 참가한다. 이번 별들의 축제 속 최고 볼거리는 역시 별중에 별인 ‘미스터 올스타(MVP)’ 타이틀이 누구에게 향하는가이다. KBO는 올해 올스타전 MVP에게 주어지는 부상 규모를 지난해 대비 대폭 늘렸다. 기존 상금에 1000만 원이 증액된 상금 2000만 원과 트로피 그리고 바디프랜드 733 제품과 메디힐 시상품이 MVP에게 돌아간다. 올스타전 자체가 이벤트 경기인 만큼, MVP 트로피는 대부분 가장 강한 ‘임팩트’를 남긴 선수에게 주어진다. 이 때문에 상대적으로 투수보다는 야수가 MVP에 선정될 확률이 높다. 투수들은 대개 1~2이닝 내 짧은 이닝을 돌아가며 나눠 막지만, 타석을 도는 야수들은 투수들보다 더 많은 경기 시간을 소화하기 때문이다. 실제 최근 30여 년 동안의 미스터 올스타는 모두 야수였다. 2025년 박동원, 2024년 최형우, 2023년 채은성 등이 최근 MVP의 영광을 안았고, 90~2000년대 초반에도 박정태(1998~1999), 이종범(2003), 홍성흔(2010) 등 야수들이 대부분 이름을 올렸다. KBO 올스타전의 마지막 투수 MVP를 찾으려면 무려 1994년까지 거슬러 올라가야 한다. 당시 태평양 돌핀스 소속으로 올스타전에 출전한 정명원이 3이닝 무실점 퍼펙트를 기록하며 그해 미스터 올스타에 선정된 바 있다. 1994년 정명원 이전으로 시곗바늘을 더 돌려도 투수 MVP는 1985년이 되어서야 다시 나타난다. 당시 삼성 라이온즈 소속이었던 김시진이 MVP에 올랐고, 이는 KBO 올스타전 최초의 투수 MVP 수상이었다. 짧은 이닝을 소화할 투수들이 MVP 후보로 임팩트를 남기려면 1994년 정명원과 마찬가지로 퍼펙트 행진을 벌여야 승산이 높을 수 있다. 올해는 시속 155㎞ 이상의 빠른 볼을 던질 수 있는 파이어볼러들이 대거 올스타전에 출전한다. 곽빈, 안우진, 박준현 등 구위로 타자들을 압도할 수 있는 투수들이 어느 정도의 퍼포먼스를 보여줄지가 관건이다. 개인 통산 9번째 KBO 올스타전 초대장을 받은 류현진의 투구에도 관심이 쏠린다. 류현진은 나눔 올스타 최고참으로 이번 올스타전에 출전한다. 빠른 볼 외에도 체인지업, 커터, 커브, 스위퍼 등 여러 변화구 패턴을 가지고 있는 투수인 만큼, 야구팬들에게 다양한 퍼포먼스를 보일 것으로 기대가 모아진다. 장은상 기자 award@donga.com"
2026.07.10 00:11,"""2024년 완전히 잊었다"" 또 한 번 MVP 도전...김도영은 올해, ...",OSEN,"[OSEN=부산, 조형래 기자] KIA 타이거즈 김도영이 MVP급 시즌의 전반기 마지막 경기를 원맨쇼로 마무리 지었다. 다시 한 번 MVP 시즌을 준비하는 김도영이다. 김도영은 9일 부산 사직구장에서 열린 프로야구 정규시즌 롯데 자이언츠와의 경기, 3번 3루수로 선발 출장해 3타수 2안타(1홈런) 2타점 활약으로 팀의 5-2 승리를 이끌었다. 이날 김도영은 팀의 5연패 탈출을 진두지휘했다. 1회 첫 타석 볼넷으로 출루한 김도영은 3회 2사 후 응집력을 발휘했다. 2사 후 박재현이 중견수 키를 넘기는 2루타를 뽑아냈고 김도영은 중전 적시타를 때려내며 2-0 달아나는 점수를 만들었다. 그리고 6회초 선두타자로 등장해 승부의 추를 더 가져오게끔 했다. 롯데 선발 김진욱의 초구 146km 패스트볼을 받아쳐 좌월 솔로포를 터뜨렸다. 27번째 홈런으로 LG 오스틴과 함께 홈런 공동 선두로 올라섰다. 경기 후 김도영은 전반기를 마무리 하면서 “쉽지 않은 전반기였다. 하지만 일단 진짜 한 팀이 되었다고 생각한다. 팀 자체가 강하다는 평가를 받지 못했는데, 그래도 저희 팀이 또 이렇게 똘똘 뭉쳐서 4위라는 좋은 기록으로 마무리 할 수 있었다. 남은 후반기도 열심히 해야할 것 같다”고 설명했다. 그러면서 “100% 만족스러운 것은 없지만 최선을 다했다. 후반기도 아직 남아있기 때문에 전력으로 쏟아 부으면 좋은 순위가 나올 것 같다”고 전하면서 개인적으로는 “전반기 동안 타격폼도 많이 바꾸고 신경 쓸 것도 많았는데 이제는 타격폼을 완전히 정착했다. 후반기에는 올라갈 일만 남았고 더 기대가 된다”라고 힘주어 말했다. 앞서 2경기, KIA는 대패를 당했다. 2경기 모두 두 자릿수 실점을 하면서 연패가 이어졌다. 분위기가 아무래도 쳐질 수밖에 없었다. 그는 “선수들이 어두워진 게 맞는데, 코치님들이 더 밝게 하자고 했다. 그래서 오늘은 모두가 긍정적인 생각을 갖고 승리 하나만 보고 뛰었다”고 밝혔다. 이날 6회 홈런 타구의 속도는 무려 시속 182.3km. 그는 “똑같이 쳤다. 실투가 들어와서 좋은 결과로 이어졌다. 최근 상대 투수들이 너무 좋은 공을 던지다 보니까 실투가 많이 안왔는데 실투 하나를 잡아내서 결과가 좋았다”고 설명했다. 현재까지 김도영의 최고 시즌은 2024년이다. 이 해 MVP를 수상했고 각종 기록들을 갈아치웠다. 2024년 김도영은 타율 3할4푼7리 189안타 38홈런 109타점 40도루 OPS 1.067의 엄청난 기록을 세웠다. 올해 타율은 3할에 못 미치지만 홈런과 타점은 2024년을 뛰어넘을 기세다. 일단 김도영은 2024년을 잊었다. 그는 “이제 2024년은 완전히 지워버렸다. 작년 전반기에도 제가 뭐 했는지 잘 모르겠다”라면서 “올해는 앞만 보고 가고 있다. 한 번씩 2024년 제 기록들이나 영상이 뜰 때마다 ‘어떻게 쳤지’라는 생각이 든다. 2024년은 그냥 추억으로 남겨둔 채 굳이 돌아가려고 하지도 않고 찾아보지도 않는다”고 강조했다. /jhrae@osen.co.kr"
2026.07.10 00:09,"삼성, LG 제치고 2026시즌 프로야구 전반기 선두로 마쳐",조선일보,"삼성이 11년 만에 프로야구 전반기를 1위로 마쳤다. 삼성은 9일 LG와의 대구 홈경기에서 6대5로 승리하며 51승 32패 2무(승률 0.614)를 기록했다. LG(52승 33패·승률 0.612)와의 3연전을 2승 1패로 앞서며 하루 만에 선두를 되찾았다. 삼성은 3-3이던 6회 말에 안타 2개와 볼넷 1개, 외야 플라이 등을 묶어 2점을 뽑았다. 8회엔 김영웅이 솔로 홈런을 터뜨려 승기를 굳혔다. 삼성이 10구단 체제에서 전반기 1위를 차지한 것은 2015년 이후 처음이다. 삼성은 당시 정규리그 후반기까지 1위를 지켰다. 2011년부터 2014년까지 4년 연속 정규리그·한국시리즈 통합 우승을 했던 기세를 이어갔다. 하지만 2015년 한국시리즈에선 정규리그 3위를 했던 두산에 정상을 내줬다. 4위 KIA는 8위 롯데를 5대2로 누르고 4연패에서 벗어났다. 선발 투수 양현종이 5이닝을 1실점(5피안타 1볼넷)으로 막고 시즌 6승(5패)째를 거뒀다. KIA 김도영은 2-1로 쫓기던 6회에 1점 홈런(27호)을 쏴 LG 오스틴 딘과 홈런 부문 공동 선두를 이뤘다. KIA 나성범은 8회 2점 홈런(17호)을 터뜨리며 개인 통산 300홈런에 1개를 남겼다. 두산은 안방 잠실에서 SSG를 7대0으로 완파하고 5위를 지켰다. 안재석과 강승호가 2회에 나란히 2점 홈런을 쏴 기선을 잡았다. 6위 한화는 대전에서 7위 NC를 6대4로 물리쳤다. 4-4이던 8회 말 1사 1루에서 오재원의 3루타로 역전했고, 황영묵의 적시타로 쐐기 득점을 올렸다. KT와 키움의 수원 경기는 우천 노게임이 됐다. 4회초까지 KT가 3-0으로 앞선 상태에서 많은 비가 내려 경기가 중단됐고, 106분 뒤 노게임이 선언됐다. 이날 4경기엔 총 7만3966명의 관중이 입장, 전반기 424경기에서 763만3775명(평균 1만8004명)의 관중을 모았다. 작년 전반기의 758만228명(440경기·평균 1만7228명)을 넘어 역대 전반기 최다 관중 기록을 세웠다. 10일엔 잠실구장에서 퓨처스(2군) 올스타전이, 11일엔 같은 장소에서 올스타전이 열린다. 정규리그 후반기는 16일 재개된다."
2026.07.10 00:09,"""양현종 덕분에 플랜대로""...4연패 탈출하고 올스타 휴식기, KIA 최...",OSEN,"[OSEN=부산, 조형래 기자] KIA 타이거즈가 연패 탈출에 성공하고 올스타 휴식기를 보낼 수 있게 됐다. 이범호 감독이 이끄는 KIA 타이거즈는 9일 부산 사직구장에서 열린 프로야구 정규시즌 롯데 자이언츠와의 경기에서 5-2로 승리를 거뒀다. 이로써 KIA는 4연패에서 탈출하며 45승 39패 2무를 기록하며 전반기를 4위로 마무리 지었다. 2회초 선두타자 카스트로가 우월 솔로포를 터뜨렸다. 카스트로는 2회초 선두타자로 등장해 2볼 1스트라이크에서 김진욱의 132km 슬라이더를 걷어 올려 우월 선제 솔로포를 만들었다. 시즌 6번째 홈런. 3회에는 2사 후 응집력을 발휘했다. 2사 후 박재현이 중견수 키를 넘기는 2루타를 뽑아냈고 김도영이 중전 적시타를 만들어내면서 2-0으로 달아났다. KIA는 6회초 다시 한 번 홈런을 쏘아올려 달아났다. 이번에도 김도영이다. 김도영은 6회초 선두타자로 등장해 김진욱의 초구 146km 패스트볼을 받아쳐 좌월 솔로포를 터뜨렸다. 27번째 홈런으로 홈런 공동 선두로 올라섰다. 그리고 KIA는 8회초 쐐기를 박았다. 선발 김진욱 이후 이이무라 최준용 등 필승조들을 올려서 추격 의지를 보였다. 하지만 KIA는 8회초 선두타자 박재현이 좌전안타를 치고 나갔다. 포일로 무사 2루가 됐고 김도영은 삼진을 당했다. 하지만 나성범이 좌월 투런포를 터뜨리면서 5-1로 쐐기를 박았다. KIA는 선발 양현종이 5이닝 69구 5피안타 1볼넷 1탈삼진 1실점의 관록피칭을 선보이면서 시즌 6승을 수확했다. 양현종 이후 전상현 조상우 곽도규 정해영이 올라와서 연패 탈출을 마무리 지었다. 경기 후 이범호 감독은 “선발 양현종이 베테랑의 역할을 다했다. 효율적인 투구로 상대 타선을 5이닝 1실점으로 잘 막아냈다. 포수 한준수와의 호흡도 좋았다. 양현종의 호투 덕에 오늘 경기 플랜대로 투수를 기용할 수 있었다. 뒤이어 나온 불펜 투수들도 팀의 리드 잘 지켰다”고 전했다. 이어 “야수들의 집중력도 돋보였다. 다들 연패를 끊기 위해 타석과 수비에서 끝까지 집중하는 모습 보였다. 카스트로, 김도영 홈런과 나성범 쐐기 홈런 칭찬한다”고 덧붙였다. 그러면서 “팬분들의 응원 덕에 연패를 끊어냈다. 더운 날씨에 원정에서도 큰 응원 보내주신 팬분들께 감사드린다. 올스타 브레이크 기간 재정비 잘 해서 후반기에도 좋은 경기 펼치겠다”고 다짐했다. /jhrae@osen.co.kr"
2026.07.10 00:08,"[프로야구전반기] ②투수 타이틀 경쟁, 국내 선수 강세…타격 부문은 혼전...",연합뉴스,"(서울=연합뉴스) 김경윤 기자 = 최근 프로야구 정규시즌 최우수선수(MVP)는 외국인 선수들의 몫인 경우가 많았다. 10개 구단 체제가 된 2015년부터 지난해까지 11시즌 동안 외국인 선수가 MVP를 차지한 건 7차례나 됐다. 지난해엔 투수 코디 폰세(전 한화 이글스)와 야수 르윈 디아즈(삼성 라이온즈)가 MVP를 놓고 2파전 양상을 보였고, 결국 폰세가 트로피를 들고 미국프로야구 메이저리그(MLB)로 떠났다. 그러나 올해는 분위기가 다르다. 전반기를 마친 9일 현재 2026 KBO리그 개인 투타 타이틀 경쟁에서는 국내 선수들의 활약이 두드러진다. 특히 투수 부문에서 토종 선수들의 강세가 뚜렷하다. 국내 투수들은 평균자책점, 다승, 탈삼진, 승률, 세이브, 홀드 투수 타이틀 6개 부문 모두 1위를 달렸다. 두산 베어스의 2년 차 우완 투수 최민석은 평균자책점 2.33으로 단독 선두에 올랐고, 다승 부문에서도 최민석과 LG 트윈스 임찬규가 KIA 타이거즈 애덤 올러와 함께 9승으로 공동 1위다. 탈삼진 부문에선 두산 곽빈이 112개로 선두에 올랐다. 승률은 삼성 라이온즈 양창섭이 7승 무패(1.000)로 1위를 달리는 가운데 최민석과 임찬규가 0.818로 공동 2위에 이름을 올렸다. 불펜 부문에서도 토종 선수들이 선두에 자리잡았다. 최다 세이브는 삼성 김재윤(22세이브), 최다 홀드는 LG 김진성(16홀드)이 1위다. 한화의 간판 투수 류현진은 전반기에서 8승 2패, 평균자책점 2.67로 다승 공동 4위, 평균자책점 4위, 승률 공동 4위(0.800)를 기록하며 녹슬지 않은 기량을 과시했다. 올해 전반기에선 유독 부상으로 이탈한 외국인 투수들이 많아 국내 투수들의 약진으로 이어졌다는 평가가 나온다. 타격 타이틀 경쟁은 하루가 다르게 1위 선수가 바뀔 만큼 치열하다. 타율 부문에선 kt wiz 최원준이 0.363으로 선두에 올라 있다. 그는 득점 부문에서도 공동 1위인 LG 오스틴 딘, 한화 이글스 요나탄 페라자, KIA 타이거즈 김도영(이상 69점)에게 1점 뒤진 68득점으로 4위다. 홈런 경쟁도 뜨겁다. 김도영과 오스틴이 27개로 공동 1위에서 어깨를 나란히 했다. 타점 부문에선 한화 강백호가 85점으로 1위, 오스틴이 83점으로 2위다. 오스틴은 장타율(0.661)에서도 선두를 달리는 등 여러 타격 부문에서 정상 경쟁을 벌이고 있다. 최원준은 출루율(0.441)도 1위를 달린다. 도루 부문에서는 롯데 자이언츠 황성빈(32개)이 NC 다이노스 박민우(26개)를 크게 앞서있다. 다만 후반기 타이틀 경쟁에는 많은 변수가 남아 있다. 대표적으로 9월에 개막하는 2026 아이치·나고야 아시안게임이 있다. 대표팀에 선발된 최민석과 곽빈, 김도영은 대회 기간 KBO리그 경기에 출전할 수 없어서 개인 타이틀 경쟁에도 영향을 미칠 전망이다. 신인왕 경쟁도 치열하다. 한화 포수 허인서는 가장 앞선 후보로 평가받는다. 그는 73경기에 출전해 타율 0.292, 12홈런, 45타점을 기록하며 공수에서 모두 인상적인 활약을 펼쳤다. 키움 히어로즈의 선발 투수 박준현은 허인서의 가장 강력한 경쟁자다. 박준현은 전반기 10경기에서 1승 4패, 평균자책점 3.67의 성적을 냈다. 타선의 도움을 받지 못해 승운이 따르지 않았지만, 선발 로테이션을 안정적으로 소화하며 최하위 키움 마운드의 버팀목 역할을 한다. cycle@yna.co.kr (끝) ▶제보는 카톡 okjebo"
2026.07.10 00:06,"2015년 이후 11년만에 처음! 사자, 부활을 노래하다…""전반기 MVP...",스포츠조선,"[대구=스포츠조선 김영록 기자] 왕조의 최후를 알렸던 2015년 이후 11년만. 삼성 라이온즈가 전반기 1위를 거머쥐었다. 명가의 진정한 부활을 알리는 신호탄이 될까. 삼성은 9일 대구 삼성라이온즈파크에서 열린 LG 트윈스와의 전반기 마지막 경기에서 196분 혈투 끝에 6대5, 1점차 진땀승을 거뒀다. 이날 승리로 삼성은 51승째(2무32패)를 기록, 전반기 마지막 1위에 깃발을 꽂았다. 전반기 마지막 시리즈가 운명처럼 LG와 삼성의 맞대결로 펼쳐졌고, 첫 경기에서 삼성이 승리하며 1위가 바뀌었고, 2번째 경기에서 LG가 승리하며 다시 탈환했다. 그리고 삼성이 마지막 경기를 잡고 시리즈는 물론 전반기 위닝으로 올스타 휴식기를 맞이하게 됐다. 삼성이 전반기를 1위로 끝낸 건 2015년 7월 16일 이후 11년만이다. 이후 삼성은 구단 역사상 최악의 암흑기인 99688378을 겪었다. 하지만 삼성은 2024년 한국시리즈 준우승을 차지하며 명가 부활을 알렸고, 지난해에도 플레이오프 진출에 성공하며 강팀으로 거듭난 이미지를 공고히 했다. 이어 올해는 마침내 11년만의 전반기 1위에 오르는 구단 나름의 기념비적인 회귀의 이정표에 입맞춤했다. 경기전 만난 박진만 감독은 ""1위를 목표로 올시즌을 준비했다. 승수보다는 '55패'에 초점을 맞추고 승패 마진을 짰는데, 현재까진 계획대로 순조롭다. 휴식기에 더 치열하게 준비하겠다""며 다짐했다. 전반기 MVP로는 ""선발투수들과 달리 휴식없이 헌신했다""는 이유로 필승조 이승민과 마무리 김재윤, 후반기 더 잘해줘야할 선수는 선발 최원태와 원태인을 꼽았다. 마침내 전반기 1위를 확정지은 뒤에도 박진만 감독은 침착했다. 앞서 ""1위를 위해 최선을 다하겠지만, 3연투는 없다""고 힘주어 말할 때와 같은 속내였다. 이날 경기에선 5-3이던 8회말에 LG 손주영 상대로 김영웅이 터뜨린 솔로포가 사실상의 결승점이 됐다. 9회초 김재윤이 고전 끝에 2실점했지만, 1사 만루에서 LG 천성호를 병살로 잡아내며 경기를 마무리지었기 때문. 박진만 감독은 ""김영웅의 막판 홈런이 결과적으로 승리에 큰 영향을 미쳤다. 또한 2008년 베이징올림픽 생각이 나서 유격수 김상준을 조금 전진시켰는데, 결과적으로 잘 됐다""며 활짝 웃었다. 이어 ""중간에서 불펜 투수들이 안정적으로 경기를 막아줬고, 타선에서는 강민호 선수가 공주에서 좋은 활약을 펼쳐주며 팀 승리에 힘을 보탰다""고 돌아봤다. 전반기 전체를 돌아보는 소감으로는 ""타격감이 좋을 때도 있었고 좋지 않을 때도 있었지만, 선수들이 꾸준한 활약을 보여준 덕분에 좋은 성적을 유지하며 1위에 오를 수 있었다고 생각한다""면서 ""후반기에는 부상 선수들이 복귀하면 더욱 좋은 분위기 속에서 경기를 운영할 수 있을 것으로 기대한다""고 설명했다. 또 ""전반기 MVP를 한 명만 꼽기는 어렵다. 선수들 모두 각자의 자리에서 훌륭한 역할을 해줬다. 그중에서도 이승민과 김재윤은 전반기 내내 거의 쉬지 않고 팀을 위해 헌신해줬다. 휴식기 없이 많은 부담을 안고 던져준 만큼 특히 고맙게 생각한다""는 속내를 전했다. 베테랑 최형우와 주장 구자욱도 잊지 않았다. 박진만 감독은 ""최형우는 골반 상태가 완벽하지 않은 상황에서도 중심타선에서 팀의 중심을 잘 잡아줬다. 주장 구자욱 역시 선수들을 하나로 묶고 팀 분위기를 이끌며 주장으로서 훌륭한 역할을 해줬다. 모든 선수들에게 고맙다는 말을 전하고 싶다""고 강조했다. 대구=김영록기자 lunarfly@sportschosun.com"
2026.07.10 00:06,"""베이징 올림픽 생각났다"" 국민 유격수 머릿속에서 그려졌다, 삼성 전반기...",스타뉴스,"[스타뉴스 | 대구=김동윤 기자] 삼성 라이온즈가 9회 1사 만루 위기를 극복하고 11년 만에 전반기 1위를 확정했다. 그 배경에는 18년 전 영광의 기억을 떠올린 국민 유격수 박진만(50) 삼성 감독이 있었다. 삼성은 9일 대구삼성라이온즈파크에서 열린 2026 신한 SOL KBO 리그 정규시즌 홈경기에서 LG에 6-5로 승리했다. 하마터면 경기를 내줄 뻔했다. 삼성이 6-3으로 앞선 9회초 마무리 김재윤은 큰 위기를 맞았다. 먼저 무사 2, 3루에서 박해민의 1루 땅볼에 한 점을 내줬다. LG 타자들의 집중력이 돋보였다. 오스틴이 7구, 송찬의가 9구 끝에 볼넷으로 모든 베이스를 채웠다. 박동원마저 밀어내기 볼넷으로 출루하며 상황은 5-6 한 점 차, 1사 만루가 됐다. 이때 삼성 유격수 김상준이 전진 수비로 병살을 노렸다. 그리고 그 전략은 적중해 김재윤이 천성호에게 유격수 땅볼을 끌어내면서 6-4-3 병살로 삼성의 한 점 차 진땀승이 확정됐다. 놀랍게도 사령탑이 직접 그린 그림이었다. 박진만 감독은 선수 시절 KBO 리그를 대표하는 명 유격수 출신이다. 특히 2008 베이징 올림픽에서는 주전 유격수로 출전해 8전 전승 금메달 신화의 주역이 되면서 국민 유격수란 별명도 얻었다. 그 결정적인 장면이 베이징올림픽 쿠바와 결승전이었다. 그때도 한국이 쿠바에 3-2, 한 점 차로 앞선 9회초 1사 만루였고, 마운드에는 정대현, 유격수에는 박진만 감독이 있었다. 율리에스키 구리엘이 정대현의 싱커를 건드려 평범한 유격수 앞 땅볼 타구가 됐다. 이 공을 박진만 감독이 2루로 토스, 이어받은 고영민이 1루 송구로 병살을 합작하면서 한국은 사상 최초 야구 올림픽 금메달을 수확했다. 이때를 떠올린 사령탑이다. 경기 후 박진만 감독은 ""2008년 베이징 올림픽 생각이 나서 유격수 김상준 선수를 조금 전진시켰는데 결과적으로 잘 됐다""고 소감을 밝혔다. 리드에 만족하지 않고 계속해서 추가점을 낸 덕분에 LG의 맹추격을 뿌리칠 수 있었다. 강민호는 3-3 동점인 6회말 무사 1루에서 약셀 리오스의 시속 156㎞ 직구를 통타해 좌익선상 2루타로 연결하며 결승타를 쳤다. 삼성은 김성윤의 우전 1타점 적시타로 한 점 더 달아났고 8회말 1사에서 나온 김영웅의 중월 솔로포가 쐐기를 박았다. 박진만 감독은 ""오늘 경기에서는 김영웅의 경기 막판 홈런이 결과적으로 승리에 큰 영향을 미쳤다. 중간에서 불펜 투수들이 안정적으로 경기를 막아줬고, 타선에서는 강민호가 공·수에서 좋은 활약을 펼쳐주며 팀 승리에 힘을 보탰다""고 칭찬했다. 이로써 2승 1패 위닝시리즈에 성공한 삼성은 51승 2무 32패(승률 0.614)로, 52승 33패(승률 0.612)가 된 LG와 승차를 지우고 승률에서 앞선 1위로 올라섰다. 삼성이 전반기를 1위로 마무리한 건 2015년 7월 16일 이후 11년 만의 기록이다. 박진만 감독은 ""전반기 동안 타격감이 좋을 때도 있었고 좋지 않을 때도 있었다. 하지만 선수들이 꾸준한 활약을 보여준 덕분에 좋은 성적을 유지하며 1위에 오를 수 있었다""고 고마움을 나타냈다. 이어 ""전반기 MVP를 한 명만 꼽기는 어렵다. 선수들 모두 각자의 자리에서 훌륭한 역할을 해줬다. 후반기에는 부상 선수들이 복귀하면 더욱 좋은 분위기 속에서 경기를 운영할 수 있을 것으로 기대한다""고 덧붙였다. 그래도 눈에 밟히는 선수는 몇 있었다. 불펜에선 마무리 김재윤과 좌완 필승조 이승민이 그 대상이었다. 올해 삼성 3년 차인 김재윤은 전반기 40경기 4승 3패 22세이브 평균자책점 2.87, 37⅔이닝 40탈삼진으로 뒷문을 든든히 지켰다. 프로 7년 차의 이승민 역시 42경기 4승 무패 13세이브 평균자책점 1.83, 39⅓이닝 28탈삼진으로 선발과 김재윤 사이의 징검다리 역할을 제대로 했다. 박진만 감독은 ""그중에서도 이승민과 김재윤은 전반기 내내 거의 쉬지 않고 팀을 위해 헌신했다. 휴식기 없이 많은 부담을 안고 던져준 만큼 특히 고맙게 생각한다""고 진심을 전했다. 어린 선수들이 많은 삼성 야수진을 잡아준 맏형 최형우(43)와 캡틴 구자욱(33)의 공도 잊지 않았다. 박진만 감독은 ""최형우는 골반 상태가 완벽하지 않은 상황에서도 중심타선에서 팀의 중심을 잘 잡아줬다. 구자욱 역시 선수들을 하나로 묶고 팀 분위기를 이끌며 주장으로서 훌륭한 역할을 해줬다. 모든 선수에게 고맙다는 말을 전하고 싶다""고 칭찬을 아끼지 않았다. 대구=김동윤 기자 dongy291@mtstarnews.com"
2026.07.10 00:03,"세월도 이기는 괴물…전반기 마친 류현진 “한 게임, 한 게임이 소중해”",중앙일보,"여전히 류현진(한화 이글스)은 ‘류현진’이다. 프로 21년 차 투수 류현진은 올 시즌 전반기를 평균자책점 4위(3.26), 다승 공동 4위(8승)로 마쳤다. 이닝당 출루 허용(WHIP)은 1.06으로 전체 2위. 심지어 타자들이 타석에서 체감하는 류현진의 노련미는 숫자 그 이상이다. 메이저리그(MLB)까지 호령했던 백전노장의 현란한 수 싸움과 정교한 제구력에 타자들은 연신 타이밍을 빼앗긴다. 힘만 조금 떨어진, ‘전성기 류현진’을 보는 듯한 투구다. 김경문 한화 감독은 “류현진이 사실상 외국인 투수 역할을 해줬다. 나갈 때마다 6회까지 던지면서 자기 역할을 100% 이상 해냈다”고 박수를 보냈다. 류현진은 성공적으로 마무리한 전반기를 돌아보며 “선발 투수가 해야 할 일을 했을 뿐이다. 내게 주어진 역할을 잘 해냈다는 점에서 뿌듯하다”고 했다. 류현진은 올해 39세다. 나이를 한 살 더 먹었다. 그런데 지난 2년보다 더 기복 없이 안정적인 피칭을 한다. 올 시즌 선발 등판한 15경기 중 5이닝을 못 채운 경기가 하나도 없고, 그중 10경기에서 6이닝 이상을 책임졌다. 마흔을 바라보는 나이에 스위퍼를 새로 장착하고, 최근까지 또 다른 새 구종을 연마하는 등 ‘더 잘 던지기 위한’ 노력과 진화를 멈추지 않은 덕분이다. 특히 효율적인 투구로 체력 소모는 줄이고 투구 이닝을 늘린 게 주효했다. 그는 지난달 등판한 5경기에서 모두 6이닝을 2자책점 이하로 막아냈는데, 투구 수가 86구-83구-81구-79구-81구에 불과했다. 류현진은 “지난 시즌엔 거의 매 경기 90구 이상 던졌는데, 올해는 감독님과 코치님이 웬만하면 80구 안팎에서 끊으면서 관리를 잘 해주신다”며 “확실히 (투구 수가 적은 게) 몸 회복이나 다음 등판 준비에 도움이 된다. 후반기에도 등판할 때마다 공 80개로 6이닝을 책임지는 게 목표”라고 말했다. 류현진은 지난 5월 24일 대전 두산 베어스전에서 한국 투수 최초로 한미 통산 200승(한국 122승, MLB 78승) 고지를 밟았다. 또 한국 투수 최초의 한미 통산 2500탈삼진 기록까지 단 한 개만 남겨뒀다. 이변이 없는 한 후반기 첫 등판에서 달성할 가능성이 크다. 그러나 류현진은 “이제 기록은 내게 큰 의미가 없다. 크게 의식하지도 않는다”고 했다. 개인의 승리도 마찬가지다. 지난달 초까지 ‘다승왕 페이스’로 달리다 최근 3경기 연속 승수 쌓기에 실패했지만, 개의치 않는다. “내 승리가 날아가는 건 정말 상관없다. 우리 팀만 이기면 된다”고 강조했다. 이미 많은 걸 이룬 류현진에게 지금 가장 중요한 가치는 첫째도, 둘째도 한화의 승리다. 현재 한화는 6위 자리에서 중위권 싸움을 하고 있다. 지난 시즌엔 전반기를 1등으로 마무리했지만, 올해는 5강에 들지 못한 채 후반기를 맞이하게 됐다. 류현진은 “야구는 무조건 이겨야 재밌는 경기”라고 단언하면서 “지난달부터 (팀 승률) 5할 언저리를 맴도는 기간이 길어지면서 더 치고 올라가지 못하고 있는 게 아쉽다”고 했다. 2006년 데뷔하자마자 부동의 에이스 자리를 꿰찼던 19세 투수. 세계 최고의 리그에서 정상을 찍고 금의환향해 여전히 대전 마운드에 서 있는 그는 2026년에도 변함없는 팀의 기둥이다. 류현진은 후반기 도약을 준비해야 할 팀 후배들에게 이렇게 당부하고 싶다고 했다. “한 게임, 한 게임의 소중함을 알았으면 좋겠다. 매 경기 집중하자.” 배영은 기자"
2026.07.10 00:03,"'10승 5패→5연속 위닝' 두산 전반기 5위 마감, ""초반엔 걱정도 많...",스타뉴스,"[스타뉴스 | 잠실=안호근 기자] 시즌을 앞둔 두산 베어스는 새로운 감독을 선임했고 자유계약선수(FA)로 그간의 큰 고민이었던 유격수 자리까지 해결했다. 그럼에도 모두가 손꼽는 5강 후보는 아니었다. 그렇기에 더욱 만족할 만한 성과다. 김원형(54) 감독이 이끄는 두산은 9일 서울시 송파구 잠실야구장에서 열린 SSG 랜더스와 2026 신한 SOL KBO리그 홈경기에서 7-0 완승을 거뒀다. 44승 41패 2무를 기록한 두산은 4위 KIA 타이거즈와 승차를 2경기로 유지한 채 전반기를 5위로 마쳤다. 특히나 전반기 막판 5번의 시리즈에서 10승 5패로 '5연속 위닝'까지 달성하며 마무리를 할 수 있어 더욱 의미가 깊었다. 완연한 상승세 속 후반기를 더 기대케 만들었다. 지난해 9위로 추락했던 두산은 시즌 초반 선발진의 줄 부상이 생기며 고민이 컸다. 그럼에도 놀라운 상승곡선을 그린 2년차 최민석을 앞세워 탄탄한 선발 야구를 펼칠 수 있었고 결국 완벽한 전반기 마무리를 해냈다. 이날 4회초를 앞두고 우천으로 경기가 중단되며 컨디션 관리가 쉽지 않았음에도 선발 잭로그가 5이닝을 무실점으로 막아냈고 타선에선 일찌감치 안재석과 강승호가 나란히 투런포를 날리며 잭로그의 어깨를 가볍게 했다. 뒤이어 오른 4명의 불펜 투수도 단 한 점도 내주지 않는 짠물투구로 깔끔한 대승을 홈팬들에게 안겼다. 경기 후 김원형 감독은 ""선발 잭로그가 경기 초반 위기가 있었지만 포수 양의지와 좋은 호흡을 보이며 잘 극복했다. 우전 중단으로 컨디션 조절에 애를 먹었을텐데 5회까지 자기 몫을 충분히 해줬다""고 호평했다. 이어 ""타석에서는 홈런 두방이 결정적이었다. 안재석이 완벽한 타이밍에서 결승 홈런을 때렸고 강승호가 최근 상승세의 페이스를 증명하는 홈런을 날렸다""며 ""개막부터 사실상 전경기를 소화하고 있는 박찬호도 수비에서 안정적인 모습을 보인 것은 물론 2타점 적시타로 공수에서 맹활약했다""고 칭찬했다. 만족스러운 결과다. 김원형 감독은 경기 전 ""선발 투수 5명이 큰 부상 없이 로테이션을 돌아줘 전체적인 투수들이 안정감을 찾을 수 있었다. 거기에 이영하나 (김)택연이도 부상으로 돌아오고 (이)용찬이 같은 베테랑들이 중심을 잘 잡아줬다""며 ""전반기 걱정을 많이 했는데 특히 투수 쪽에서 잘해줘서 좋은 성과를 가져올 수 있었다""고 만족감을 표했다. 이어 ""야수진에서도 젊은 선수들이 경기에 계속 나가면서 수비 지표는 조금 안 좋지만 초반보단 덜 긴장하면서 중요한 상황에서도 좋은 수비가 점점 나오고 있다. 이런 모습들이 후반기에도 계속 이어졌으면 하는 생각""이라고 전했다. 그 바람을 전반기 마지막 경기까지 이어갔다. 김 감독은 ""전반기 마지막 경기에서 우리 선수들이 똘똘 뭉쳐 위닝시리즈를 달성할 수 있었다""며 ""궂은 날씨에도 끝까지 응원해주신 팬들께 감사드린다""고 말했다. 잠실=안호근 기자 oranc317@mtstarnews.com"
2026.07.10 00:03,"‘외쳐 최강 삼성!’ 11년 만에 전반기 1위 확정한 사자군단, 후반기에...",MK스포츠,"삼성이 후반기에도 상승세를 이어가며 대권 도전의 꿈을 이룰 수 있을까. 박진만 감독이 이끄는 삼성 라이온즈는 9일 대구 삼성 라이온즈 파크에서 열린 2026 프로야구 KBO리그 정규시즌 홈 경기에서 염경엽 감독의 LG 트윈스를 6-5로 제압했다. 경기 초반부터 삼성은 집중력을 발휘했다. 1회말 1사 후 박승규가 좌전 2루타로 포문을 열자 구자욱이 1타점 좌전 적시타를 때렸다. LG의 반격도 거셌다. 2회초 박동원의 좌전 안타와 천성호의 우중월 2루타로 연결된 2사 2, 3루에서 오지환이 2타점 우중월 적시타를 쳤다. 3회초에는 홍창기의 우전 안타와 박해민의 우전 안타, 오스틴 딘의 사구, 송찬의의 1루수 땅볼로 완성된 1사 만루에서 박동원이 중견수 방면 희생플라이를 날렸다. 삼성도 보고만 있지 않았다. 3회말 양우현의 볼넷과 김지찬의 2루수 땅볼, 박승규의 볼넷, 구자욱의 중견수 플라이로 만들어진 2사 1, 3루에서 최형우가 1타점 우전 적시타를 터뜨렸다. 4회말에는 강민호의 플라이 타구에 나온 상대 유격수의 포구 실책과 김영웅의 우전 안타, 심재훈의 우익수 플라이로 연결된 1사 1, 3루에서 양우현이 중견수 방면 희생플라이를 쏘아올렸다. 기세가 오른 삼성은 6회말 리드를 잡았다. 선두타자 전병우가 볼넷을 골라 나가자 강민호가 1타점 좌전 적시 2루타를 때렸다. 김영웅의 중견수 플라이로 이어진 1사 3루에서는 대타 김성윤이 1타점 우전 적시타를 쳤다. 분위기를 가져온 삼성은 8회말 한 점 보탰다. 1사 후 김영웅이 비거리 130m의 중월 솔로 아치를 그렸다. 김영웅의 시즌 마수걸이 홈런이 나온 순간이었다. 하지만 LG도 만만치 않았다. 9회초 문성주의 볼넷과 홍창기의 좌전 2루타로 완성된 무사 2, 3루에서 박해민의 1루수 땅볼에 문성주가 홈을 파고들었다. 오스틴, 송찬의의 볼넷으로 계속된 1사 만루에서는 박동원이 밀어내기 볼넷을 얻어냈다. 단 삼성은 흔들리지 않았다. 이어진 1사 만루에서 마운드에 있던 마무리 김재윤이 천성호를 6-4-3(유격수-2루수-1루수) 병살타로 유도했다. 삼성의 승리가 확정된 순간이었다. 너무나 값진 결과였다. 이로써 전날(8일) 2-8 패배를 설욕함과 동시에 위닝시리즈를 따낸 삼성은 51승 2무 32패를 기록, LG(52승 33패)를 제치고 단독 선두에 오른 채 전반기를 마치게 됐다. 삼성이 전반기를 1위로 끝낸 것은 지난 2015년 이래 11년 만이다. 10개 구단 체제가 된 2015년 이후 전반기 1위 팀의 정규리그 우승 확률은 81.8%(9/11)에 달한다. 2025시즌 최종 4위를 마크한 삼성은 지난 겨울 스토브리그 때부터 더 높은 곳을 바라보며 알찬 전력 보강을 했다. 자유계약(FA)를 통해 KIA 타이거즈에서 활동하던 최형우를 복귀시켰으며, 강민호 또한 붙잡는데 성공했다. 최형우는 르윈 디아즈, 구자욱 등과 함께 리그 최강의 중심 타선을 구축했으며, 강민호 역시 안방을 든든히 지키고 있다. 약점으로 지적됐던 불펜진도 짜임새가 생겼다. 지난해 경험을 통해 영건들이 한층 노련해진 덕분이다. 그 결과 삼성은 올 시즌 초반부터 막강한 면모를 보였다. 4월 중순에는 한때 7연패에 빠지기도 했지만, 5월 3일~5월 12일 8연승을 달렸다. 이후에도 안정적인 레이스를 펼쳤고, 결국 1위로 전반기를 마칠 수 있었다. 이제 삼성은 16일부터 시작되는 후반기에도 기세를 이어가고자 한다. 과연 삼성은 상승세를 이어가며 올해 대권 도전의 꿈을 이룰 수 있을까. [이한주 MK스포츠 기자] [ⓒ MK스포츠, 무단전재 및 재배포 금지]"
2026.07.10 00:03,"김도영·오스틴, 올스타전서도 홈런왕 경쟁",중앙일보,"올 시즌 KBO리그 홈런왕 타이틀을 놓고 경쟁 중인 김도영(KIA 타이거즈)과 오스틴 딘(LG 트윈스·등록명 오스틴)이 무대를 옮겨 맞대결을 벌인다. 이번엔 올스타전 홈런 레이스다. 올스타전은 10일과 11일 서울 잠실구장에서 열린다. 10일에는 퓨처스 올스타전과 홈런 더비, 11일엔 올스타전 본 경기가 열린다. 홈런 더비는 사상 최초로 팬 투표를 거쳐 참가자를 정했다. 9개 이상 홈런을 기록한 올스타 선수 중 팬들의 선택을 받은 상위 8명이 나선다. 지난해 우승자 르윈 디아즈(삼성 라이온즈)는 투표에서 11위에 그쳐 출전 자격을 놓쳤다. 우승 후보는 단연 오스틴과 김도영이다. 전반기에 나란히 27개씩을 쳐 홈런 공동 1위다. 홈런왕 경쟁은 오스틴에 유리하다. 김도영이 9월에 열리는 아이치·나고야 아시안게임에 참가하게 돼 리그에 10경기 이상 결장하기 때문이다. 하지만 올스타 홈런 레이스는 두 선수에게 동등한 기회가 주어진다. 오스틴은 국내에서 가장 넓은 잠실구장에서 11개의 홈런을 쳤다. LG 입단 첫 해 120.9m였던 홈런 비거리가 올해는 123.4m까지 늘었다. 몰아치는 능력도 뛰어나 지난달 28일부터 지난 2일 사이 4경기에서 5개를 때려냈다. 타구가 높은 포물선을 그리는 오스틴과 달리 김도영은 빨랫줄처럼 뻗어 나가는 라인 드라이브 위주다. 하지만 비거리엔 차이가 없다. 6월에만 세 차례나 멀티 홈런(1경기 2홈런 이상)을 기록하는 등 한 번 불이 붙으면 무섭다는 점도 공통점이다. 변수는 달라진 경기 방식이다. 올해 홈런 더비는 아웃 카운트와 시간 제한을 결합한 형태다. 예선은 5아웃, 결선은 7아웃을 각각 적용하는데, 양쪽 모두 1분간의 추가 타격 시간을 준다. 양강 구도에 도전할 선수로는 한화 이글스 강백호가 꼽힌다. 프로 데뷔 첫해인 2018년 29홈런을 때려낸 게 개인 최고 기록인데, 올해는 전반기에만 23개(3위)를 담장 밖으로 날려 보냈다. 프리미어 12와 월드베이스볼클래식 등 국제대회에서 프리배팅할 때 타구를 잇달아 담장 밖으로 넘겨 해외 스카우트들의 눈길을 끌기도 했다. 8명의 출전자 중 유일하게 우승 경력(2020년)이 있는 양의지(두산 베어스)도 다크호스다. 스위치 히터 김주원(NC 다이노스)이 타격 성적이 더 좋은 좌타석을 선택할 지 여부도 흥미로운 관전 포인트다. 김효경 기자"
2026.07.10 00:02,"37구 역투로 삼성 11년 만의 전반기 1위 지킨 김재윤 ""큰일 날 뻔했...",일간스포츠,"""중요한 경기인데, 큰일 날 뻔했다."" 전반기 1위 자리가 걸린 승부, 삼성 라이온즈 마무리 투수 김재윤(36)은 스스로 자초한 위기를 끝까지 책임졌다. 경기 뒤 더그아웃에서 만난 김재윤의 얼굴은 땀으로 범벅이 돼 있었다. 인터뷰 중에도 연신 땀을 닦아냈다. 그는 ""마지막에 큰 위기를 만들었는데 리드를 끝까지 지켜 다행이다""고 거친 숨을 내쉬었다. 삼성은 9일 홈 대구 삼성라이온즈파크에서 열린 LG 트윈스와 전반기 마지막 경기에서 6-5로 승리, 2015년 이후 11년 만에 전반기를 1위로 마쳤다. 삼성은 승률 0.614(51승 2무 32패)를 기록, LG(52승 33패·0.612)를 2리 차로 따돌리고, 하루 만에 1위 자리를 탈환했다. 8회 말 김영웅의 쐐기 홈런으로 삼성 쪽으로 기울었던 경기는 9회 초 안갯속으로 접어들었다. 마무리 김재윤이 선두 타자 문성주를 볼넷, 후속 홍창기에게 2루타를 맞은 뒤 박해민의 내야 땅볼 때 6-4 추격을 허용했다. 이어 오스틴 딘과 송찬의, 박동원과 7구·9구·8구 풀카운트 승부에서 3연속 볼넷으로 밀어내기 득점까지 내줬다. 김재윤은 어느덧 올 시즌 개인 한 경기 최다 투구 수를 돌파했다. 김재윤은 천성호와 승부에서 유격수 앞 병살타를 유도하며 가까스로 승리를 확정 지었다. 그는 ""마지막에 힘든 줄도 전혀 몰랐다. LG 타선이 강해 가운데 던질 수도 없고 조심스럽게 승부하면서 '세게 던져야 한다'는 생각뿐이었다""라며 ""워낙 중요한 경기여서 긴장을 많이 했다. 마운드에 오른 직후부터 공이 살짝 비껴나가면서 어려움을 겪었다""고 돌아봤다. 이날 총 투구 수는 시즌 최다인 37개(종전 30개)였다. 그는 ""연속 볼넷을 내준 데다 투구 수도 많았는데 감독님이 끝까지 믿어주셔서 내 손으로 마무리하고 싶었다""고 감사 인사를 전했다. 박진만 삼성 감독은 ""2008년 베이징 올림픽 (쿠바와의 결승전) 생각이 나서 유격수 김상준을 조금 전진시켰는데 결과적으로 잘 됐다""라고 말했다. 김재윤은 ""천성호의 타구가 워낙 빨라 맞는 순간 '아, 됐구나' 싶었다. 내야수들이 도와줬다""고 공을 돌렸다. 박진만 감독은 전반기를 결산하며 ""이승민과 김재윤이 전반기 내내 거의 쉬지 않고 팀을 위해 헌신했다. 특히 고맙다""고 수훈 선수로 꼽았다. 김재윤은 ""나도 (휴식 차원에서) 빠지는 것을 별로 원하지 않는다. 매년 풀 타임 활약을 각오로 다진다""며 ""체력 관리 및 회복하는 법을 터득해 잘 버틸 수 있다""고 말했다. 김재윤은 전반기 40경기에 등판해 4승 3패 22세이브 평균자책점 2.87을 올렸다. 세이브 부문 단독 선두. 개인 첫 타이틀에 도전하는 그는 ""구원왕 욕심도 당연히 있다. 일단 30세이브를 목표로 더 힘을 내겠다""고 다짐했다. 그는 삼성으로 FA(자유계약선수) 이적하기 전인 2023년까지 KT 위즈 소속으로 3시즌 연속 30세이브를 돌파한 적 있다. 대구=이형석 기자 ops5@edaily.co.kr"
2026.07.10 00:02,SSG의 '날개 없는 추락'...해결책은 없나 [김대호의 야구생각],더팩트,"여러 악재들 겹치면서 성적 급전직하 2028년 청라돔 입성 앞두고 재정비 필요 [더팩트 | 김대호 전문기자] 정용진 신세계그룹 회장 겸 프로야구 SSG 랜더스 구단주는 ‘야구’에 진심이다. 이런 구단주는 이전에도 없었고, 지금도 없다. 프로야구를 진정한 스포츠 산업으로 발전시키려고 다양한 시도를 했다. 대표적인 사업이 청라돔 건설이다. 내년 말 완공 예정인 청라돔은 100% 민간 자본으로 세워지는 우리나라 최초의 경기장이다. 정용진 구단주의 강력한 의지와 집념이 없었다면 범접할 수 없는 도전이다. 청라돔은 스포츠 패러다임을 바꿀 획기적인 전환점이 될 것이다. 이 한 가지만으로도 정용진 구단주는 ‘명예의 전당’에 헌액될 자격이 있다. 40억 원을 들여 클럽하우스를 개조한 구단주는 없었다. 선수들을 진심으로 아꼈다. SNS를 통해 팬들과 직접 소통하고 선수들을 찾아다니며 격려했다. 아마추어 야구를 살리기 위해 신세계이마트배 전국고교야구대회를 만들었다. 야구계는 정용진 구단주의 ‘파격적인 행보’에 아낌없는 박수를 보냈다. 하지만 정용진 구단주가 요즘들어 야구장, 그리고 팬들과 소통에 소극적이란 말이 나오고 있다. 2024년 이후 즐겨 찾던 야구장 발걸음도 뚝 끊었고, SNS 활동도 중단했다. 그룹 경영에 전념하려는 뜻으로 풀이되지만 SSG팬들로서는 아쉬운 부분이 많다. 2022시즌 통합 우승 뒤 김원형 감독 경질, 프랜차이즈 스타 김강민 한화 이적 파문, 박정태 퓨처스 감독 선임 등의 문제도 연이어 터졌다. SSG는 점차 활기를 잃었다. 팀 분위기는 가라 앉았다. 그러던 차에 초대형 악재가 터지고 말았다. 5·18 스타벅스 탱크데이 파문이다. 신세계그룹 전체에 비상이 걸렸다. 팬들과 직접 만나는 야구단은 직격탄을 맞았다. SSG 선수들은 죄인마냥 고개를 숙였다. 제 기량을 발휘하기 어려운 상황이 됐다. SSG는 5월 17일까지 22승1무19패, 승률 .537로 4위를 달리고 있었다. 1위와 고작 3경기 차밖에 나지 않았다. 5월 18일 이후 팀은 믿기 힘들 정도로 무너졌다. 7월 8일까지 9승2무32패로 급전직하했다. 승률 .220이다. 같은 팀이 맞나 싶다. 9위로 곤두박질쳤다. 5위 두산 베어스와 11경기 차가 난다. 포스트시즌 진출은 사실상 물건너 갔다. 선발 투수진은 난조에 빠졌고, 외국인 투수 교체는 실패의 연속이다. 강력했던 불펜진도 덩달아 무너졌다. 어느 팀보다 견고했던 내야진은 실책을 남발한다. 이숭용 감독의 리더십이 작동하지 않고 있다. 팀 전체가 와해됐는데 구단은 손을 놓고 있다. 정용진 구단주만 바라보고 있다. SSG는 좋든 싫든 정용진 구단주의 관심에 길들여져 있다. 오너가 직접 구단 운영에 적극적으로 관여해 왔다. 야구단을 포기한 게 아니라면 구단주가 나서야 한다. 이런 처참한 모습으로 이번 시즌을 끝낸다면 그 후유증은 오래갈 것이다. 정용진 구단주는 2021년 1월 SK로부터 야구단을 인수했다. 야구를 그룹 주력 사업인 유통과 연계시키겠다는 야심 찬 계획을 갖고 있었다. 2028년이면 그 꿈이 실현된다. 인천 청라지구에 대형 쇼핑몰인 스타필드가 돔구장과 함께 들어선다. 정용진 구단주는 청라돔 시대를 누구보다 학수고대해 왔다. 지금이야말로 정 구단주가 팀에 관심을 가질 때다. daeho9022@tf.co.kr 발로 뛰는 더팩트는 24시간 여러분의 제보를 기다립니다. ▶카카오톡: '더팩트제보' 검색 ▶이메일: jebo@tf.co.kr ▶뉴스 홈페이지: http://talk.tf.co.kr/bbs/report/write"
2026.07.10 00:02,"'4연패 끝' 이범호 감독이 언급한 '5명', 그리고... ""더운 날씨 ...",스타뉴스,"[스타뉴스 | 부산=김우종 기자] 전반기 최종전에서 승리를 거둔 KIA 타이거즈의 '승장' 이범호 감독이 승리 소감을 밝혔다. KIA는 9일 부산 사직야구장에서 펼쳐진 롯데 자이언츠와 2026 신한 SOL KBO 리그 정규시즌 원정경기에서 5-2로 승리했다. 이날 승리로 KIA는 4연패에서 탈출, 45승 2무 39패의 성적으로 전반기를 마감했다. 리그 순위는 단독 4위다. 타이거즈의 살아있는 전설 양현종과 KBO 리그 슈퍼스타 김도영의 활약이 팀 승리를 이끌었다고 해도 과언이 아니었다. 양현종은 5이닝(총 69구) 5피안타 1볼넷 1탈삼진 1실점(1자책)으로 시즌 6승 달성에 성공했다. 총 9안타를 몰아친 타선에서는 박재현과 김도영, 카스트로가 멀티히트로 활약했다. 나성범도 쐐기 투런포로 팀 승리에 일조했다. 특히 김도영은 6회초 선두타자로 등장, 김진욱의 초구 속구를 그대로 잡아당겨 좌측 담장을 넘어가는 솔로 아치를 그렸다. 이 홈런으로 김도영은 LG 트윈스 외국인 타자 오스틴(27개)과 함께 홈런 부문 공동 선두로 올라섰다. 비거리는 130m. 타구 속도는 무려 183.2km였다. 이날 경기에 앞서 이범호 감독은 총력전을 선언했다. 이 감독은 ""투수 코치와 상의했는데, (황)동하 역시 1회부터 대기할 것이다. 불펜도 1회부터 바로 대기를 시킬 생각이다. (양)현종이한테도 1회부터 베스트로(최선을 다해) 던져달라 했다. 만약 초반에 점수 차가 벌어지면 따라가기 힘드니까, 그렇게 준비하자고 했다""고 말했다. 그리고 양현종의 뒤를 이어 전상현(1이닝 무실점), 조상우(1이닝 무실점), 곽도규(1⅓이닝 1실점), 정해영(⅔이닝)이 차례로 마운드에 올라 팀 승리를 지켜냈다. 승리 후 이 감독은 총 5명의 이름을 꺼냈다. 그는 ""선발 양현종이 베테랑의 역할을 다했다. 효율적인 투구로 상대 타선을 5이닝 1실점으로 잘 막아냈다. 포수 한준수와 호흡도 좋았다. 양현종의 호투 덕에 이날 경기 플랜대로 투수를 기용할 수 있었다. 뒤이어 나온 불펜 투수들도 팀의 리드를 잘 지켰다""며 투수진을 칭찬했다. 이어 ""야수들의 집중력도 돋보였다. 다들 연패를 끊기 위해 타석과 수비에서 끝까지 집중하는 모습 보였다. 카스트로, 김도영의 홈런과 나성범의 쐐기 홈런 역시 칭찬한다""며 야수들을 향해서도 엄지를 치켜세웠다. 끝으로 이 감독은 ""팬분들의 응원 덕에 연패를 끊어냈다. 더운 날씨에 원정에서도 큰 응원 보내주신 팬분들께 감사드린다. 올스타 브레이크 기간 재정비 잘해서 후반기에도 좋은 경기 펼치겠다""며 각오를 다졌다. 부산=김우종 기자 woodybell@mtstarnews.com"
2026.07.10 00:00,"""프로 입단해 전반기 1위는 처음"" 41세 베테랑 강민호 함박웃음, 무릎...",OSEN,"[OSEN=대구, 한용섭 기자] 프로야구 삼성 라이온즈가 LG 트윈스 상대로 극적인 승리를 거두며 11년 만에 전반기 1위를 기록했다. 베테랑 강민호(41)는 프로 데뷔 후 23년 차 시즌에 처음으로 전반기 1위를 경험했다. 삼성은 9일 대구 삼성 라이온즈파크에서 열린 LG와 경기에서 6-5로 승리했다. 삼성은 51승 32패 2무(승률 614), LG는 52승 33패(승률 .612)가 됐다. 삼성이 승률에서 앞서 1위가 됐다. 6-3으로 앞선 9회말 마무리 김재윤이 등판해 1점 차까지 쫓겼다. 밀어내기 볼넷을 허용하며 1사 만루 위기였다. 천성호를 유격수 땅볼 병살타로 처리해 극적인 1점 차 승리를 지켰다. 강민호는 이날 포수로 선발 출장해 3타수 2안타 1타점 2득점으로 활약했다. 결승타의 주인공이었다. 2회 1사 후 우전 안타로 출루했는데, 후속타자가 연속 삼진으로 이닝이 끝났다. 2-3으로 뒤진 4회 선두타자로 나와 행운으로 출루했다. 좌측 뜬공을 때렸는데, 좌익수가 조명탑 불빛에 타구를 놓쳤고 유격수가 달려가 잡으려 했으나 놓쳤다. 유격수 포구 실책. 이후 김영웅의 안타와 심재훈의 우익수 뜬공 때 3루로 진루했다. 양우현의 중견수 희생플라이 때 홈으로 뛰어 득점을 올렸다. 3-3 동점 득점이었다. LG가 비디오판독을 신청했지만, 원심 그대로 세이프였다. 강민호는 6회 무사 1루에서는 좌선상 2루타를 때려 1루주자가 홈으로 들어와 4-3 역전 적시타를 기록했다. 이후 김영웅의 중견수 뜬공 때 3루로 태그업했고, 김성윤의 우전 적시타 때 득점을 올렸다. 많은 주루 플레이를 한 탓인지 왼쪽 무릎 통증이 생겼다. 7회초 수비 때 포수 장비를 차고 나왔다가 몸 상태를 체크한 뒤 교체됐다. 강민호는 경기 후 ""프로 입단해서 1위로 전반기를 마무리 해보기는 처음이다. 오늘은 모든 선수들이 모든 체력을 쏟아부었기 때문에 이뤄낸 결과라고 생각한다""고 즐거워했다. 또 그는 ""태그업 상황에서는 죽어도 홈에서 죽자는 생각으로 전력을 다해서 달렸다. 오늘은 다른 것보다도 전반기 기분 좋게 끝낼 수 있어서 기분 좋고, 선수들 모두 푹 쉬고 후반기에도 좋은 분위기로 함께 잘할 수 있었으면 좋겠다""고 말했다. /orange@osen.co.kr"
