2026.07.09 23:35,지난해 보다 더 늘었다…KBO리그 역대 전반기 최다 관중 신기록,마이데일리,"[마이데일리 = 류한준 기자] '인기몰이와 흥행은 여전히 진행형이다. 프로야구 KBO리그가 역대 전반기 최다 관중 기록을 다시 썼다. 한국야구위원회(KBO)는 ""전반기 424경기 종료 기준 총 763만3775명이 입장했다. 종전 전반기 최다 관중 기록인 지난해(2025년) 440경기 758만228명보다 7％ 증가한 수치""라고 9일 밝혔다. 전반기 평균 관중은 1만8004명이다. 해당 수치도 지난해 1만7228명보다 많다. KBO리그는 9일 경기를 끝으로 전반기 일정을 마무리했다. 이날 수도권을 포함한 중부지방엔 장맛비가 내렸고 남부지방은 폭염이 찾아왔지만 야구장에는 전반기 최종전을 맞이해 모두 7만3966명이 입장했다. 전반기 1위 자리를 두고 맞대결한 삼성 라이온즈와 LG 트윈스 경기가 열린 대구 삼성라이온즈파크에는 2만4000명이 입장해 매진됐다. 사직구장에서 치러진 롯데 자이언츠와 KIA 타이거즈전 2만3000명이 찾아 역시 매진됐다. 입장권이 다 팔렸다. KIA 타이거즈와 롯데 자이언츠가 맞붙은 부산 경기의 관중 역시 2만3200명으로 매진을 기록했다. 우천으로 경기 중단과 재개가 반복된 잠실구장에서 열린 두산 베어스와 SSG 랜더스전에도 1만2961명이, 한화 이글스와 NC 다이노스가 만난 대전 한화생명 볼파크 경기에도 1만3805명이 찾았다. 우천으로 경기 개시 시간이 연기됐다가 4회말 시작과 함께 중단됐던 KT 위즈와 키움 히어로즈전이 열린 수원 케이티위즈파크에도 많은 관중이 찾았지만 결국 우천 노게임이 돼 이날 관중 입장 공식 집계에선 제외됐다. 전반기 일정을 마친 KBO리그는 오는 11일 잠실구장에서 '별들의 잔치'인 올스타전이 열릴 예정이다. 전날(10일)에는 같은 장소에서 퓨처스(2군) 올스타전도 치러진다. 올스타 휴식기는 10일부터 15일까지다. KBO리그 10개 구단은 16일부터 후반기 일정에 들어간다. 류한준 기자 hantaeng@mydaily.co.kr"
2026.07.09 23:27,"'첫 3루타' 오재원 ""생각한 공이 와서 잘 쳤다… 팀 분위기 좋게 후반...",대전일보,"""전반기 마지막 타석이었던 만큼 간절했는데, 생각했던 공이 와서 잘 쳤다."" 한화이글스의 '루키' 오재원이 9일 NC 다이노스와의 전반기 마지막 경기에서 8회말 자신의 첫 3루타로 결승타를 기록한데 대해 이 같은 소감을 밝혔다. 한화는 이날 대전 한화생명볼파크에서 열린 경기에서 NC를 6대 4로 이겼다. 4대 2로 앞서다 7회말 NC의 추격으로 동점을 내준 상황에서 8회말 다시 승리의 기운을 불어넣는 역할을 한 그다. 오재원은 ""전 타석에서 기회가 있었는데, 잡지 못해서 8-9회 때 좋은 기회가 올 거 같았고 전반기 마지막 타석인 만큼 간절해졌다""며 ""그러다 생각하던 공이 와서 잘 치게 됐다. 결정타로 팀 승리에 기여했다는 점에서 기분이 좋다""고 말했다. 이날 3회말 이후 갑작스럽게 내린 장마비로 우천 중단됐던 순간, 오재원의 마음은 더 간절해졌다. 전반기 타석에 오를 수 있는 기회만을 간절히 기다렸다는 이유에서다. 오재원은 ""(비 내리기 전에도) 치기도 했었고, 전반기 마지막 경기를 꼭 뛰고 싶다는 생각이 있어서 취소만 되지 말라고 생각하며 기다렸던 것 같다""고 말했다. 이날의 활약을 후반기의 좋은 흐름의 기반으로 삼겠다는 의지도 드러냈다. 그는 전반기에 대해 ""좋은 것 보다는 아쉬운 게 더 많았다. 후반기엔 더 잘할 수 있을 것 같다는 생각이 든다""며 ""우선 이번 승리로 팀 분위기가 좋은 상태로 후반기를 시작할 수 있다는 점에서 기분이 좋다""고 했다."
2026.07.09 23:17,"11년 만에 전반기 선두! 삼성, LG 꺾고 극적인 1위…KIA·두산·한...",포모스,"삼성 라이온즈가 전반기 마지막 맞대결에서 LG 트윈스를 꺾고 11년 만에 KBO리그 전반기 1위를 차지했다. 승률 단 2리 차로 선두를 확정하며 치열했던 전반기 우승 경쟁의 마침표를 찍었다. 삼성은 9일 대구 삼성라이온즈파크에서 열린 LG와의 경기에서 6-5 승리를 거뒀다. 시즌 성적 51승 2무 32패, 승률 0.614를 기록한 삼성은 52승 33패(승률 0.612)의 LG를 제치고 하루 만에 선두를 되찾았다. 삼성이 전반기를 1위로 마친 것은 2015년 이후 처음이다. 양 팀은 경기 내내 접전을 이어갔다. 삼성이 1회 선취점을 올리자 LG는 2회 오지환의 적시타로 역전에 성공했고, 이후에도 서로 점수를 주고받으며 팽팽한 승부를 펼쳤다. 승부를 가른 장면은 6회였다. 강민호가 좌선상 적시 2루타를 터뜨려 결승점을 만들었고, 이어 김성윤의 적시타까지 나오며 삼성은 5-3으로 달아났다. 8회에는 김영웅이 비거리 130m의 시즌 첫 홈런을 터뜨리며 승부에 쐐기를 박았다. LG는 9회 밀어내기 볼넷 등으로 한 점 차까지 추격했지만, 마지막 만루 기회에서 병살타가 나오며 아쉽게 무릎을 꿇었다. 부산에서는 KIA 타이거즈가 롯데 자이언츠를 5-2로 꺾고 4연패를 끊었다. 김도영은 시즌 27호 홈런과 적시타를 더해 2안타 2타점을 기록하며 LG 오스틴과 홈런 공동 선두에 복귀했다. 나성범도 투런 홈런을 보탰고, 양현종은 5이닝 1실점으로 시즌 6승과 개인 통산 192승을 달성했다. 잠실에서는 두산 베어스가 SSG 랜더스를 7-0으로 완파했다. 안재석과 강승호가 나란히 투런 홈런을 터뜨리며 초반 분위기를 가져왔고, 박찬호와 박준순도 적시타를 보태며 대승을 완성했다. 대전에서는 한화 이글스가 NC 다이노스를 6-4로 제압했다. 신인 오재원이 3안타 3타점의 맹활약을 펼쳤고, 8회 결승 3루타로 승부를 갈랐다. NC는 김형준과 박민우의 투런 홈런으로 추격했지만 역전에는 실패했다. 수원에서 열린 kt와 키움의 경기는 잇따른 비로 두 차례 중단된 끝에 4회 노게임이 선언됐다. 올 시즌 KBO리그는 전반기까지 총 424경기를 치르며 763만3천775명의 관중을 기록해 역대 전반기 최다 관중 신기록을 세웠다. 올스타 휴식기를 마친 뒤 후반기 일정은 오는 16일부터 다시 시작된다. 사진 = 삼성 라이온즈 제공, KIA 타이거즈 제공, 두산 베어스 제공, 한화 이글스 제공 / 연합뉴스 최대영 rokmc117@fomos.co.kr"
2026.07.09 23:13,"'쌍포에 잭로그 무실점' 두산, SSG 7-0 완봉하고 위닝 시리즈 장식",마니아타임즈,[진병두 마니아타임즈 기자] 두 방의 투런포가 승부를 일찌감치 갈랐다. 두산이 SSG를 7-0으로 완봉하며 전반기 마지막 3연전을 위닝 시리즈로 장식했다. 두산은 9일 서울 잠실야구장에서 열린 2026 신한 SOL KBO리그 SSG와의 홈경기에서 7-0으로 승리했다. 이로써 2연승을 달린 두산은 44승2무41패로 5위를 지켰고 2연패에 빠진 SSG는 31승3무52패로 9위에 머물렀다. 경기 초반 기회를 놓친 쪽은 SSG였다. 1회와 2회 잇달아 만루 기회를 잡고도 후속타 불발로 득점에 실패한 것이다. 위기를 넘긴 두산은 방망이로 응답했다. 2회 안재석이 해치를 상대로 투런포를 터뜨려 선취점을 뽑은 데 이어 강승호도 비거리 135m의 투런포를 보태 4-0으로 달아난 것이다. 3회에는 박찬호의 2타점 적시타로 6-0까지 벌렸다. 경기 도중 변수도 있었다. 3회말 공격 뒤 폭우로 44분간 중단된 것이다. 그러나 흐름은 끊기지 않았다. 두산은 재개 후 4회 박준순의 적시타로 7-0을 만들며 승기를 굳혔다. 이날 선발 잭로그가 5이닝 무실점으로 시즌 4승을 챙겼고 마무리 박신지가 9회를 매듭지으며 완봉승을 지켰다. [진병두 마니아타임즈 기자/maniareport@naver.com] 기사제보 및 보도자료 report@maniareport.com
2026.07.09 23:13,"김도영 공동 홈런왕 복귀! KIA, 롯데 꺾고 4연패 탈출…전반기 4위 ...",포모스,"KIA 타이거즈가 김도영과 나성범의 홈런포, 양현종의 안정적인 호투를 앞세워 연패를 끊고 전반기를 기분 좋게 마무리했다. KIA는 9일 부산 사직구장에서 열린 2026 KBO리그 원정 경기에서 롯데 자이언츠를 5-2로 제압했다. 최근 4연패에서 벗어난 KIA는 전반기를 45승 2무 39패, 리그 4위로 마감했다. 롯데는 38승 2무 45패로 8위에 자리한 채 올스타 휴식기에 들어간다. 경기 초반부터 KIA가 흐름을 가져갔다. 2회 해럴드 카스트로가 우월 솔로 홈런을 터뜨리며 선취점을 올렸고, 이후 김도영의 적시타까지 더해 리드를 이어갔다. 승부의 흐름을 확실히 바꾼 선수는 김도영이었다. 6회 김진욱의 초구 직구를 받아쳐 좌측 담장을 넘기는 시즌 27호 솔로 홈런을 터뜨리며 점수 차를 벌렸다. 비거리 130m의 대형 홈런을 기록한 김도영은 LG 오스틴과 함께 리그 홈런 공동 선두에 다시 이름을 올렸다. 김도영은 홈런뿐 아니라 적시타까지 보태며 2안타 2타점으로 공격을 이끌었고, 8회에는 나성범이 좌월 투런 홈런을 쏘아 올리며 승부에 쐐기를 박았다. 마운드에서는 베테랑 양현종이 제 몫을 다했다. 선발로 등판해 5이닝 동안 5안타 1실점으로 롯데 타선을 막아내며 시즌 6승을 따냈다. 개인 통산 승수도 192승으로 늘리며 또 하나의 기록을 추가했다. 롯데 선발 김진욱은 6이닝 3실점으로 비교적 안정적인 투구를 펼쳤지만 타선의 지원을 받지 못해 시즌 4패째를 기록했다. 연패를 끊어낸 KIA는 분위기 반전에 성공하며 후반기 상위권 경쟁에 대한 기대를 높였고, 롯데는 아쉬운 패배 속에 전반기를 마무리하게 됐다. 사진 = KIA 타이거즈 제공 / 연합뉴스 최대영 rokmc117@fomos.co.kr"
2026.07.09 23:12,"""3명이 초구 쳐서 죽어도 오케이"" 그게 LG의 팀 컬러인데…하필 거기서...",스포티비뉴스,"[스포티비뉴스=대구, 신원철 기자] 그야말로 통한의 병살타였다. 마무리를 무너트릴 수 있는 1점 차 1사 만루 기회에서 하필이면 병살타가, 그것도 초구 타격에서 나왔다. LG의 전반기 1위가 그렇게 좌절됐다. 염경엽 감독이 강조하던 적극적인 타격, 초구 공략이 이번에는 최악의 결과로 돌아왔다. LG 트윈스는 9일 대구 삼성라이온즈파크에서 열린 삼성 라이온즈와 '전반기 1위 결정전'에서 5-6으로 졌다. 한때 3-1로 앞서다 8회말이 끝났을 때는 3-6으로 역전당한 상태였다. 9회초 등판한 삼성 마무리 김재윤으로부터 2점을 내고 1사 만루로 계속해서 압박하는 상황이었는데 천성호가 유격수 병살타를 치면서 경기가 막을 내렸다. 천성호는 헤드퍼스트슬라이딩으로 몸을 날린 뒤 한참을 일어나지 못한 채 아쉬워했다. 김재윤이 이미 36구를 던진 상태였다. LG는 선두타자로 나온 대타 문성주가 9구 승부 끝에 볼넷을 골라내며 추격의 발판을 마련했다. 이어 홍창기가 완전한 부활을 알리는 2루타를 날렸다. 무사 2, 3루 기회에서 박해민이 땅볼로 1점을 만회했다. 이후 중심타자들이 놀라운 집중력으로 3연속 볼넷 출루에 성공했다. 오스틴이 7구, 송찬의가 9구, 박동원이 8구 승부에서 볼넷을 골라냈다. 박동원의 볼넷으로 밀어내기 점수가 나면서 LG가 1점 차로 삼성을 압박했다. 1사 만루 상황, 타석에는 이미 멀티히트를 기록하고 있던 천성호가 섰다. 천성호는 김재윤의 초구를 때려 유격수 쪽 땅볼을 쳤다. 김상준이 양우현에게, 양우현이 전병우에게 공을 연결하면서 6-4-3 병살타가 만들어졌다. 1루 베이스로 몸을 날린 천성호는 한동안 일어나지 못한 채 아쉬움을 삼켰다. 사실 초구 공략은 염경엽 감독이 LG 사령탑으로 취임한 뒤 꾸준히 강조하던 타격 방식이다. 볼카운트 싸움에 약점이 있는 선수들은 더더욱 2스트라이크가 되기 전에 공격적으로 쳐서 결과를 내야 한다고 강조하고 있다. 그래서 나온 말이 ""우리는 세 명이 다 초구 쳐서 죽어도 아무 말도 안 한다""였다. 그래도 만루에서, 상대가 볼넷을 4개나 내준 가운데 나온 초구 병살타는 분명 아쉬운 결과였다. LG는 이 패배로 삼성을 2.0경기 차로 밀어낼 기회를 놓치고 경기 차 없는 2위가 됐다. 올스타브레이크를 통해 재정비한 뒤 1위 탈환을 노려야 하는 위치에 섰다. <저작권자 ⓒ SPOTV NEWS. 무단전재 및 재배포 금지>"
2026.07.09 23:10,"충격적인 부상 장면 반복 노출 논란…KBO, 전광판 리플레이 가이드라인 ...",포모스,"삼성 라이온즈 내야수 류지혁의 부상 장면이 경기장 전광판과 중계 화면에 반복 재생되면서 팬들의 우려가 커지고 있다. 특히 현장을 찾은 어린이 관중들이 충격을 받았다는 반응이 이어지자 KBO도 관련 운영 방침을 재검토하겠다는 입장을 내놨다. 논란은 지난 8일 대구삼성라이온즈파크에서 열린 LG와 삼성의 경기에서 발생했다. 류지혁은 6회 수비 도중 희생번트를 시도한 뒤 1루로 달리던 LG 구본혁과 강하게 충돌했다. 얼굴을 크게 부딪힌 그는 그라운드에 쓰러졌고 어지럼증을 호소한 뒤 트레이닝 코치의 부축을 받아 경기장을 빠져나갔다. 이후 LG가 판정에 대해 비디오 판독을 요청하는 과정에서 경기장 전광판에는 충돌 장면이 여러 차례 반복 재생됐다. 방송 중계 역시 슬로 화면으로 해당 장면을 반복해서 내보냈다. 경기를 직접 관람한 팬들은 온라인 커뮤니티와 SNS를 통해 당시 상황을 전하며 충격을 호소했다. ""눈을 돌리고 싶을 정도였다"", ""슬로 화면으로 계속 보여줘 힘들었다"", ""교통사고를 보는 것 같은 충격이었다""는 반응이 이어졌다. 어린이 관중들이 놀랐다는 증언도 잇따랐다. 일부 부모들은 아이들이 경기 후에도 부상 장면이 계속 떠오른다며 불안해했고, 놀라 울음을 터뜨려 경기장을 일찍 떠났다는 경험을 전하기도 했다. 중계 화면에는 전광판을 바라보다 눈물을 흘리는 어린이 관중의 모습이 포착되기도 했다. 이번 상황은 KBO의 비디오 판독 운영 방침과도 관련이 있다. KBO는 2023시즌부터 팬들의 이해를 돕기 위해 비디오 판독 장면을 전광판과 중계 화면에 제공하도록 권고해왔으며, 현재 규정에도 관련 내용이 포함돼 있다. 이에 따라 각 구단은 비디오 판독이 진행될 때마다 해당 장면을 반복 재생하는 방식을 운영해왔다. 하지만 선수의 심각한 부상 장면까지 같은 방식으로 노출하는 것이 적절한지를 두고 논란이 커지면서 제도 개선 필요성이 제기됐다. KBO는 이번 사례를 계기로 관중들에게 미치는 영향을 종합적으로 검토해 부상 장면이 포함된 비디오 판독의 전광판 리플레이 운영 기준을 마련하는 방안을 논의하겠다고 밝혔다. 한편 삼성 구단은 류지혁이 경기 후 병원에서 CT 검사를 받은 결과 특별한 이상은 발견되지 않았으며, 뇌진탕 증상 여부를 포함한 상태를 계속 확인할 예정이라고 전했다. 사진 = 티빙 중계화면 캡처, 연합뉴스 최대영 rokmc117@fomos.co.kr"
2026.07.09 23:08,"메시냐, 음바페냐, 홀란이냐…월드컵 득점왕 경쟁 역대급으로 뜨겁다",포모스,"2026 북중미 월드컵이 8강에 접어든 가운데 리오넬 메시, 킬리안 음바페, 엘링 홀란, 해리 케인이 치열한 득점왕 경쟁을 이어가고 있다. 세계 최고의 공격수들이 나란히 폭발적인 골 감각을 선보이면서 이번 대회 골든부트의 주인공에도 관심이 집중되고 있다. 현재 가장 앞선 선수는 아르헨티나의 메시다. 메시는 8골 1도움을 기록하며 득점 선두를 달리고 있다. 뒤를 이어 프랑스의 음바페와 노르웨이의 홀란이 나란히 7골을 기록 중이며, 잉글랜드의 케인은 6골 1도움으로 추격하고 있다. 영국 BBC는 이번 대회를 두고 ""최근 월드컵에서 보기 드문 수준의 치열한 득점왕 경쟁""이라고 평가했다. 과거에는 한 명의 독주 체제로 끝나는 경우가 많았지만, 이번 대회는 정상급 공격수 4명이 끝까지 경쟁을 이어가고 있다는 분석이다. 월드컵 역사에서 두 자릿수 득점을 기록한 선수는 극소수다. 1958년 쥐스트 퐁텐의 13골을 비롯해 샨도르 코츠시스와 게르트 뮐러까지 단 세 명만이 10골 이상을 기록했다. 하지만 이번 대회는 참가국이 48개국으로 늘어나면서 경기 수가 증가해 다득점 가능성도 커졌다는 평가가 나온다. 메시는 29차례 슈팅으로 8골을 터뜨리며 뛰어난 결정력을 보여주고 있다. 기대 득점보다 많은 골을 기록할 만큼 마무리 능력이 돋보이며, 토너먼트에서도 꾸준히 득점을 이어가고 있다. 직전 카타르 월드컵 득점왕인 음바페도 7골 2도움으로 강력한 경쟁을 펼치고 있다. 모로코와의 8강전에서 한 골만 추가하면 두 대회 연속 8골 이상을 기록하는 역사적인 선수로 이름을 올리게 된다. 홀란 역시 무서운 골 감각을 자랑한다. 18개의 슈팅으로 7골을 기록하며 득점 성공률은 38.9%로 경쟁자 가운데 가장 높다. 조별리그와 토너먼트에서 고르게 골을 터뜨리며 노르웨이의 돌풍을 이끌고 있다. 2018 러시아 월드컵 득점왕인 케인도 두 번째 골든부트를 노린다. 6골 1도움을 기록 중인 그는 결정적인 순간마다 득점을 올리며 잉글랜드 공격을 이끌고 있다. 8강 대진도 득점왕 경쟁에 큰 변수가 될 전망이다. 홀란과 케인은 맞대결을 펼치게 돼 한 명은 8강에서 탈락하게 된다. 반면 메시는 스위스, 음바페는 모로코를 상대로 추가 득점에 도전한다. 득점왕은 가장 많은 골을 넣은 선수에게 돌아가며, 득점 수가 같으면 도움 수, 이후에는 출전 시간이 적은 선수가 우선한다. 우승 경쟁만큼 치열한 골든부트 레이스가 월드컵 후반부 최대 관전 포인트로 떠오르고 있다. 사진 = 로이터, AFP, AP / 연합뉴스 최대영 rokmc117@fomos.co.kr"
2026.07.09 23:07,"“1회부터 베스트로 던져달라” 꽃감독 신뢰에 답한 ‘대투수’, 팀 구한 ...",스포츠서울,"[스포츠서울 | 사직=강윤식 기자] “1회부터 베스트로 던져달라고 했다.” 팀이 4연패에 빠져있었다. 경기 전 사령탑이 1회부터 전력을 다해주길 당부했다. 책임감을 가지고 마운드에 올랐다. 그리고 제 몫을 해줬다. 팀 연패 탈출을 이끌었다고 해도 과언이 아니다. ‘타이거즈의 심장’ 양현종(38) 얘기다. 양현종은 9일 부산 사직구장에서 열린 2026 KBO리그 정규시즌 롯데전에 선발 등판해 5이닝 5안타 1사사구 1삼진 1실점을 기록했다. 속구 최고 구속은 시속 144㎞다. 여기에 슬라이더와 체인지업을 섞으며 효율적인 투구를 펼쳤다. 투구수가 69개에 불과했다. 1회초 출발이 좋았다. 첫 타자 황성빈을 상대로 좌익수 뜬공을 잡아냈다. 고승민은 삼진으로 돌려세웠다. 빅터 레이예스를 유격수 땅볼 처리하며 삼자범퇴를 완성했다. 2회초에는 1사 1,2루 위기를 맞기도 했다. 손호영, 김세민을 맞아 연속으로 땅볼을 유도해 실점하지 않았다. 3회초도 무실점으로 넘긴 양현종은 4회초에 한 점을 줬다. 5회초 선두타자 손성빈에게 2루타를 맞아 추가 실점 위기가 찾아왔다. 흔들리지 않았다. 황성빈을 투수 앞 땅볼로 잡아냈다. 고승민은 중견수 뜬공이다. 레이예스를 유격수 땅볼로 잡으며 점수를 주지 않았다. 그렇게 이날 본인 임무를 마쳤다. 이날 경기 전까지 KIA는 4연패를 기록 중이었다. 모두 선발이 초반부터 무너지며 힘든 경기를 했다. 3일 NC전에서 황동하가 4.1이닝 4실점 했다. 4일 NC전에선 시라카와 게이쇼가 4이닝 4실점을 기록했다. 7~8일 롯데전에서는 김태형과 제임스 네일이 각각 2.2이닝 8실점, 3.1이닝 5실점으로 부진했다. 이렇다 보니 이범호 감독 또한 “선발이 무너지니까 뭐 한 번 해보지도 못하고 경기가 그냥 넘어간다. 우리가 선발이 강한 편이 아니다. 후반기 제일 걱정하는 부분”이라며 “선발투수들이 어떻게든 5회까지 3점 이내로 막아줘야 그다음이 생긴다. 지금 그러지 못한 경기가 많다”며 아쉬움을 드러냈다. 연패를 끊기 위해서는 기본적으로 선발 싸움이 이뤄져야 했다. 그렇기에 이날 양현종 역할이 중요했다. 이 감독은 경기 전 “1회부터 베스트로 던져달라고 했다”며 양현종의 호투를 기대했다. 결과적으로 5이닝 1실점으로 사령탑 기대에 부응했다. 선발이 버텨주니 연패도 끊을 수 있었다. KIA를 상징하는 선수다. ‘불혹’을 앞둔 나이에도 빛나는 투구로 위기에 빠진 KIA를 구해냈다. 덕분에 전반기를 연패로 마치지 않게 됐다. 6월부터 좋은 페이스를 이어갔다는 점에서 양현종 개인에게도 긍정적이다. KIA 입장에선 여러모로 후반기 기대감을 키운 9일 롯데전이다. skywalker@sportsseoul.com"
2026.07.09 23:04,외국인 교체 승부수 통할까? 전반기 10명 떠난 KBO…후반기 새 얼굴이...,포모스,"KBO리그에서 외국인 선수의 활약은 시즌 성적을 좌우하는 핵심 요소다. 특히 선발진의 중심을 맡는 외국인 투수가 제 역할을 해내느냐에 따라 팀 성적이 크게 갈리는 만큼, 전반기에도 각 구단의 희비가 뚜렷하게 엇갈렸다. 올 시즌에는 외국인 선수 30명과 아시아 쿼터 선수 10명 가운데 10명이 전반기 안에 팀을 떠났다. 투수가 7명, 타자가 3명이었고 아시아 쿼터 선수도 3명이 교체됐다. 여기에 부상 대체 선수 활용 사례도 8차례나 나오면서 어느 해보다 변화가 잦은 전반기가 됐다. 순위 경쟁에도 외국인 투수의 영향은 컸다. 삼성과 LG, kt, KIA는 외국인 선발진이 비교적 안정적으로 로테이션을 소화하며 상위권을 유지했다. 반면 외국인 투수들의 부상과 부진이 이어진 SSG는 선발진 전체가 흔들리며 하위권으로 밀려나는 어려움을 겪었다. 가장 큰 변화를 겪은 팀 가운데 하나는 SSG였다. 미치 화이트와 앤서니 베니지아노가 기대에 미치지 못하면서 모두 전반기 안에 팀을 떠났다. LG 역시 지난해 우승에 힘을 보탰던 요니 치리노스가 부진 끝에 방출됐고, 두산은 크리스 플렉센이 부상으로 시즌을 이어가지 못했다. 삼성의 맷 매닝도 부상으로 전반기 내내 실전에 나서지 못했다. 아시아 쿼터에서도 변화가 이어졌다. 롯데의 쿄야마 마사야, KIA의 제리드 데일, 두산의 타무라 이치로가 전반기 중 교체되며 새로운 선수들에게 기회가 돌아갔다. 반면 대체 선수 가운데는 팀의 기대를 뛰어넘는 활약으로 자리를 굳힌 사례도 나왔다. 두산의 웨스 벤자민은 플렉센의 부상 공백을 메우며 안정적인 투구를 이어갔고, 결국 정식 계약까지 이끌어냈다. 삼성의 잭 오러클린 역시 선발진 공백을 메우며 꾸준한 활약을 펼쳤다. KIA는 시즌 초반 부진했던 해럴드 카스트로가 다시 기회를 얻었다. 부상 대체 선수 아데를린 로드리게스가 뛰어난 장타력을 보여줬지만 계약 연장을 하지 않으면서 카스트로가 다시 주전 경쟁에 나서게 됐다. NC에서 방출됐던 맷 데이비슨은 키움으로 팀을 옮겨 새로운 출발에 성공하며 생존에 성공한 사례로 남았다. 후반기를 앞두고 각 구단은 전력 보강에도 속도를 내고 있다. 두산은 벤자민을 정식 계약으로 묶은 데 이어 외국인 타자를 교체했고, 아시아 쿼터까지 바꾸며 모든 교체 카드를 사용했다. SSG도 토머스 해치와 페드로 아빌라를 영입해 선발진 개편에 나섰고, 키움은 케스턴 히우라와 맷 데이비슨을 앞세워 타선 강화에 집중했다. LG는 불펜 강화를 위해 약셀 리오스를 영입했고, NC는 장타력을 갖춘 블레인 크림을 데려와 중심 타선에 힘을 실었다. 롯데와 KIA 역시 아시아 쿼터 선수를 교체하며 후반기 반등을 준비하고 있다. 전반기 순위표를 흔든 외국인 선수들의 희비는 후반기에도 중요한 변수로 작용할 전망이다. 새롭게 합류한 선수들이 빠르게 리그에 적응하느냐에 따라 순위 경쟁의 흐름도 달라질 가능성이 크다. 사진 = 연합뉴스 최대영 rokmc117@fomos.co.kr"
2026.07.09 23:03,KT-키움 수원경기 폭우로 결국 '노게임',에스티엔,"[STN뉴스] 배영수 기자┃장마전선의 영향으로 전국적으로 많은 비가 내리면서 이 영향으로 KT위즈와 키움 히어로즈의 주중 3연전 마지막 경기가 결국 노게임 선언으로 우천 취소됐다. 취소경기는 우천순연과 사실상 같은 결과로, 추후 재편성된다. 9일 수원 KT위즈파크에서 열린 KT와 키움의 경기는 KT가 3회말 타격의 집중력을 보이며 득점에 성공, 3:0의 상황을 만들었다. 1사 상황에서 타석에 선 권동진이 우중간 3루타를 만들었고 최원준이 중견수 희생플라이로 선취점을 만들었다. 이어 김현수가 우전안타를 치며 진루했고 안현민이 키움 선발 하영민으로부터 중견수 뒷담장을 넘기는 홈런을 때려내 3:0 스코어를 만들었다. 그러나 경기는 4회말 KT 공격이 시작되려던 오후 7시 45분 경 주심에 의해 중단 선언됐다. 경기장엔 방수포가 깔렸고 이후 소강상태에 접어들자 심판진들이 모여 21시 30분경 경기를 재개키로 하고 제반 작업을 준비하고 있었는데, 이후 다시 빗방울이 굵어지기 시작했다. 현장 중계진도 ""이 상태로는 어려울 것 같다""는 코멘트가 있었고, 결국 심판진은 경기 중단 1시간 45분여가 지난 9시 31분 경 우천 취소를 최종 선언해 결국 노게임이 됐다. 많이 앞서있던 건 아니지만 어쨌든 경기를 리드하고 있었던 KT로서는 사실 좀 아쉬운 결과였다. 꼴찌팀 키움으로부터 3점을 얻었고 선발 배제성이 4이닝 동안 단 한 개의 안타만 내줬을 정도로 우중 경기 컨트롤을 잘 하고 있었기 때문. 또 이날 홈런쇼를 보여준 안현민 역시 이날 홈런기록이 우천취소 선언과 함께 지워졌다. 결국 양 팀은 KT가 전반기를 47승 1무 35패 중간 순위 3위를, 키움이 29승 1무 57패로 중간 순위 10위로 각각 마감하고 올스타전 이후 후반기를 준비하게 됐다. ※STN뉴스 보도탐사팀 제보하기 당신의 목소리가 세상을 바꾸고, 당신의 목소리가 권력보다 강합니다. STN뉴스는 오늘도 진실만을 지향하며 여러분의 소중한 제보를 기다립니다. ▷ 전화 : 1599-5053 ▷ 이메일 : news@stnsports.co.kr ▷ 카카오톡 : @stnnews / STN뉴스=배영수 기자 gigger@stnnews.co.kr ▶STN 뉴스 공식 모바일 구독 ▶STN 뉴스 공식 유튜브 구독 ▶STN 뉴스 공식 네이버 구독 ▶STN 뉴스 공식 카카오톡 구독"
2026.07.09 23:01,"국민 유격수가 베이징 올림픽을 재현했다…1점 차 만루 위기→병살 유도, ...",스포티비뉴스,"[스포티비뉴스=대구, 신원철 기자] 베이징 올림픽 전승 금메달 신화의 한 페이지를 썼던 '국민 유격수' 박진만 감독이 이제는 사령탑 자리에서 그때 그 명장면을 재현했다. 전반기 1위가 걸린 중요한 경기에서 마무리가 흔들리는 가운데 수비 위치 조정으로 병살 플레이를 이끌어냈다. 삼성은 2015년 이후 11년 만에 처음 전반기를 1위로 마쳤다. 삼성 라이온즈는 9일 대구 삼성라이온즈파크에서 열린 '2026 신한 SOL KBO리그' LG 트윈스와 경기에서 6-5 접전 끝 승리를 거뒀다. 8회말 김영웅의 솔로포가 터지면서 9회를 6-3으로 맞이했는데, 9회초 등판한 마무리 김재윤이 볼넷을 남발하면서 1점 차까지 추격을 허용했다. 1사 만루로 역전 위기가 펼쳐졌지만 천성호를 유격수 병살타로 잡고 경기를 끝냈다. 경기 후 박진만 감독은 ""오늘 경기에서는 김영웅 선수의 경기 막판 홈런이 결과적으로 승리에 큰 영향을 미쳤다. 또한 2008년 베이징올림픽 생각이 나서 유격수 김상준 선수를 조금 전진시켰는데 결과적으로 잘 됐다""고 말했다. 김재윤이 불안한 투구를 했지만 6회 이승민과 7회 우완 이승현, 8회 김태훈은 안정적으로 자신의 이닝을 실점 없이 책임졌다. 박진만 감독은 ""중간에서 불펜 투수들이 안정적으로 경기를 막아줬고, 타선에서는 강민호 선수가 공수에서 좋은 활약을 펼쳐주며 팀 승리에 힘을 보탰다""고 밝혔다. 또 ""전반기 동안 타격감이 좋을 때도 있었고 좋지 않을 때도 있었지만, 선수들이 꾸준한 활약을 보여준 덕분에 좋은 성적을 유지하며 1위에 오를 수 있었다고 생각한다. 후반기에는 부상 선수들이 복귀하면 더욱 좋은 분위기 속에서 경기를 운영할 수 있을 것으로 기대한다""고 말했다. 전반기 MVP로는 불펜에서 헌신한 두 명의 투수를 꼽았다. 박진만 감독은 ""전반기 MVP를 한 명만 꼽기는 어렵다. 선수들 모두 각자의 자리에서 자기 몫을 해줬다. 그중에서도 이승민 선수와 김재윤 선수는 전반기 내내 거의 쉬지 않고 팀을 위해 헌신해줬다. 휴식기 없이 많은 부담을 안고 던져준 만큼 특히 고맙게 생각한다""고 칭찬했다. 또한 ""최형우 선수는 골반 상태가 완벽하지 않은 상황에서도 중심타선에서 팀의 중심을 잘 잡아줬다. 주장 구자욱 선수 역시 선수들을 하나로 묶고 팀 분위기를 이끌며 주장으로서 훌륭한 역할을 해줬다. 모든 선수들에게 고맙다는 말을 전하고 싶다""고 얘기했다. <저작권자 ⓒ SPOTV NEWS. 무단전재 및 재배포 금지>"
2026.07.09 23:01,김도영 183.2km 초강력 미사일…그런데 1위 아니다? KIA 1위는 ...,마이데일리,"[마이데일리 = 부산 김진성 기자] 183.2km. KIA 타이거즈 간판스타 김도영이 2일 광주 SSG 랜더스전 이후 1주일만에 홈런을 가동했다. 김도영은 9일 부산 롯데 자이언츠전서 3번 3루수로 선발 출전, 2-1로 앞선 6회초 선두타자로 등장, 롯데 선발투수 김진욱의 초구 146km 약간 높게 들어온 포심을 공략, 비거리 130m 좌월 솔로포로 연결했다. 올 시즌 부산에서 기록한 첫 홈런이다. 올 시즌 김도영은 전 구단 상대 홈런을 기록했고, 전 구장 홈런도 가능하다. 이날 부산에서 홈런을 쳤고, 이제 수원과 인천만 남았다. 인천은 후반기 첫 4연전이 예정됐고, 수원은 1경기 남았는데 추후 일정이라서 김도영이 아시안게임에 차출될 가능성이 있다. 오스틴 딘(LG 트윈스)과의 전반기 홈런 레이스는 결국 무승부로 끝났다. 김도영과 오스틴 모두 27홈런으로 전반기를 마쳤다. 김도영도 이날 1주일만에 홈런을 쳤지만, 오스틴의 마지막 홈런도 2일 고척 키움 히어로즈전이었다. 오스틴은 이후 이날 대구 삼성 라이온즈전까지 계속 홈런을 치지 못했다. 또 하나 놀라운 건 타구속도다. 이날 김도영 홈런의 타구속도는 무려 183.2km였다. KIA 관계자에 따르면 올 시즌 김도영이 기록한 가장 빠른 타구속도다. 단, 올해 KIA 타자들이 기록한 타구속도 1위는 아니다. 올해 KIA에서 가장 빠른 타구는 놀랍게도 박상준(25)이다. 박상준은 5월19일 광주 LG 트윈스전서 앤더스 톨허스트를 상대로 홈런을 쳤다. KIA 관계자는 이 타구의 속도가 184.7km였다고 했다. 박상준의 그 타구가 1위이고, 김도영의 이날 타구가 2위인 듯하다. 어쨌든 김도영은 방망이 스윗 스팟에 맞기만 하면 빠른 타구, 강한 타구를 만들어 멀리 보내는 능력이 탁월한 선수다. 김진욱의 포심이 실투라고 볼 수도 있지만, 김도영이 가운데에서 약간 몸쪽과 높은 쪽으로 들어오는 코스의 공을 정말 잘 친다. 그리고 이범호 감독이 왜 박상준을 중용하는지도 잘 드러났다. 좌타자 박상준은 이날 롯데가 좌완 김진욱을 선발투수로 내면서 선발 출전하지 않았다. 그러나 김진욱이 내려가고 바로 등장했다. 전반기 24경기서 타율 0.290 2홈런 8타점 10득점 OPS 0.8315를 기록했다. 부드럽고 파워풀한 스윙이 정말 보기 좋다는 호평이 자자하다. KIA의 붙박이 주전 1루수가 될 가능성이 충분하다는 평가를 받는다."
2026.07.09 22:56,"'흥행 열풍' 프로야구, 전반기 최다 관중 신기록 '763만3775명'",뉴스1,"(서울=뉴스1) 이상철 기자 = 프로야구 KBO리그가 역대 전반기 최다 관중 기록을 세웠다. 한국야구위원회(KBO)는 9일 ""전반기 424경기 종료 기준 총 763만3775명이 입장했다. 이는 전반기 최다 관중 기록인 지난해 440경기 758만228명보다 7% 증가한 수치""라고 밝혔다. 전반기 평균 관중은 1만8004명으로, 지난해 1만7228명보다 많다. 이 흐름이면 시즌 총관중은 1296만2880명이 예상된다. 이날 전반기 최종전에는 7만3966명이 입장했다. 삼성 라이온즈와 LG 트윈스의 1위 싸움이 펼쳐진 대구 경기는 2만4000장의 입장권이 다 팔렸다. KIA 타이거즈와 롯데 자이언츠가 맞붙은 부산 경기의 관중 역시 2만3200명으로 매진을 기록했다. 중부 지방에 폭우가 쏟아졌지만, 야구팬의 열기는 뜨거웠다. 두산 베어스와 SSG 랜더스의 잠실 경기는 1만2961명, 한화 이글스와 NC 다이노스의 대전 경기는 1만3805명으로 1만명 이상 관중이 자리했다. 전반기를 마친 KBO리그는 올스타 브레이크에 돌입했다. 11일 서울 잠실구장에선 올스타전이 펼쳐진다. 10개 구단은 재정비의 시간을 보낸 뒤 16일 후반기를 시작, 본격적인 순위 경쟁을 벌인다. rok1954@news1.kr"
2026.07.09 22:56,"최형우 돌아오니 사자 왕조도 부활했다...삼성, LG 잡고 2015년 이...",더게이트,"[더게이트] 삼성 라이온즈가 역전과 재역전을 주고받는 접전 끝에 LG 트윈스를 잡고 하루 만에 선두를 되찾았다. 삼성은 '왕조 시절'이던 2015년 이후 무려 11년 만에 페넌트레이스 전반기를 1위로 마감하게 됐다. 삼성은 9일 대구 삼성라이온즈파크에서 열린 2026 KBO리그 LG와의 홈경기에서 6대 5, 한 점 차 진땀승을 거뒀다. 안방 3연전을 위닝시리즈로 장식한 삼성은 51승 2무 32패(승률 0.614)로 52승 33패(승률 0.612)의 LG를 승차 없이 승률에서 앞서 선두에 올랐다. 삼성이 전반기를 1위로 마친 것은 마지막 정규리그 우승 시즌이었던 2015년 이후 11년 만이다. 당시 리그 최강 전력을 자랑한 삼성은 2011년부터 2015년까지 5시즌 연속 정규시즌 우승을 차지한 바 있다. 공교롭게도 당시 멤버였던 최형우가 KIA로 떠났다가 돌아온 올시즌 다시 1위 자리를 되찾은 삼성이다. 9회초 살 떨리는 극장 승리 경기는 초반부터 엎치락뒤치락했다. 삼성이 1회말 1사 후 박승규와 구자욱의 연속 안타로 선취점을 뽑았다. LG도 곧바로 2회초 박동원과 천성호의 안타로 만든 2사 2, 3루 기회에서 오지환이 2타점 적시타를 터뜨려 2대 1로 역전했다. LG는 3회초 홍창기, 박해민의 안타와 오스틴 딘의 몸에 맞는 공으로 만든 무사 만루에서 박동원의 희생플라이로 1점을 추가했다. 삼성도 가만있지 않았다. 3회말 최형우의 적시타로 한 점을 따라붙었고, 4회말에는 양우현의 희생플라이로 3대 3 균형을 맞췄다. 6회말엔 선두타자 전병우가 볼넷으로 출루한 뒤 강민호가 좌익선상 2루타를 날려 주자를 불러들였다. 김성윤의 우전 적시타가 더해지며 삼성은 5대 3으로 격차를 벌렸다. 8회말에는 김영웅이 쐐기를 박았다. 1사 후 타석에 나온 김영웅은 LG 마무리 손주영의 초구를 걷어 올려 비거리 130m짜리 대형 솔로 홈런을 터뜨렸다. 손주영의 이번 시즌 첫 피홈런. 6대 3으로 승기를 굳힌 삼성은 9회초 마무리 김재윤을 올렸다. 그러나 얌전하게 끝날 경기가 아니었다. 김재윤은 선두타자 볼넷과 홍창기의 2루타로 무사 2, 3루 위기를 자초한 뒤 박해민의 땅볼 타구로 한 점을 내줬다. 이어 오스틴 딘과 송찬의, 박동원에게 3연속 볼넷을 내줘 6대 5, 한 점 차까지 쫓겼다. 한 방이면 뒤집기도 가능한 찬스. 그러나 1사 만루에서 초구를 건드린 천성호의 타구가 6-4-3 병살타가 되면서 경기는 그대로 끝났다. 6회를 무실점으로 막은 이승민이 승리투수가 됐고, 막판 진땀을 뺀 김재윤은 시즌 22호 세이브를 수확했다. KIA는 홈런 3방으로 연패 탈출 한편 부산 사직구장에서는 KIA 타이거즈가 연패에서 벗어났다. KIA는 롯데 자이언츠와의 원정 경기에서 해럴드 카스트로와 김도영, 나성범의 홈런 세 방을 앞세워 5대 2로 승리했다. 4연패를 끊은 KIA는 45승 2무 39패로 전반기를 4위로 마쳤고, 3연승에 실패한 롯데는 8위로 올스타 브레이크를 맞이한다. KIA 선발 양현종은 5이닝 5피안타 1실점 호투로 시즌 6승이자 통산 192승째를 거뒀다. 타석에서는 김도영이 6회초 시즌 27호 홈런을 기록해 오스틴 딘과 함께 홈런 부문 공동 선두에 다시 올랐다. 8회초에는 나성범이 1사 2루에서 시즌 17호이자 개인 통산 299호에 해당하는 2점 홈런을 터뜨려 승부에 쐐기를 박았다. 이날 경기를 끝으로 2026시즌 KBO리그는 전반기 424경기를 모두 마쳤다. 관중 수는 763만 3775명(경기 평균 1만 8004명)으로 집계돼, 종전 기록인 2025년 440경기 758만 228명(평균 1만 7228명)을 넘어서며 역대 전반기 최다 관중 기록을 새로 썼다. 전년 대비 증가율은 7%다. 이날 하루에만 전국 4개 구장에 7만 3966명이 몰렸다. 매진을 기록한 사직구장에 2만 3200명, 역시 매진된 대구구장에 2만 4000명이 들어찼고, 대전 1만 3805명, 잠실 1만 2961명이 뒤를 이었다. 수원 경기는 KT가 앞선 상황에서 우천으로 취소됐다."
2026.07.09 22:54,[프로야구전반기] ④외국인 농사 희비…전체 25%가 전반기에 짐 싸(종합...,연합뉴스,"(서울=연합뉴스) 김동한 기자 = 프로야구에서 '외국인 농사'는 한 해 성적을 좌우하는 핵심 요소다. 빅리그에서 화려한 경력을 쌓은 선수라도 KBO리그에 적응하지 못하거나 부상으로 이탈하면 팀 성적은 크게 흔들린다. 특히 올해부터 기존 외국인 선수 3명에 아시아 쿼터 선수 1명이 더해지면서 각 팀의 외국인 선수 운용법도 한층 복잡해졌다. 그중에서도 선발 로테이션의 한 축을 맡는 외국인 투수의 비중은 절대적이다. 외국인 투수 2명이 버티면 긴 시즌을 안정적으로 치를 수 있지만, 한 명이라도 무너지면 불펜 과부하와 연패로 이어지기 쉽다. 올 시즌 전반기엔 이런 외국인 투수들의 부상과 부진, 교체가 많았다. 외국인 선수(30명)와 아시아 쿼터(10명) 전체 선수 가운데 전반기에 KBO리그를 떠난 선수는 모두 10명에 달했다. 투수가 7명, 타자가 3명이다. 이 중 아시아 쿼터 선수는 투수 2명, 타자 1명이다. 부상 대체 외국인 선수를 활용한 사례도 8건이었다. 투수가 7명, 타자가 1명이었다. 결국 전반기 순위표는 외국인 투수진의 성패와 맞물려 움직였다. 외국인 투수가 로테이션을 지킨 팀은 상위권 경쟁을 이어간 반면, 부상·부진으로 이탈한 팀은 선발진 전체가 흔들렸다. 9일 현재 1∼4위에 오른 삼성 라이온즈와 LG 트윈스, kt wiz, KIA 타이거즈는 비교적 외국인 투수들이 마운드를 잘 지키며 상위권 경쟁을 이어가고 있다. 반면 SSG 랜더스는 외국인 투수진 붕괴 속에 9위로 밀렸고, 2021년 SSG로 새 출발한 뒤 처음으로 승률 3할대라는 불명예를 떠안았다. 떠난 자…투수 7명·타자 3명, 짐 쌌다 외국인 선수 농사에 가장 실패한 팀은 SSG다. SSG는 지난 시즌 11승을 거둔 미치 화이트가 6경기 1승 1패, 평균자책점 4.11에 그치고, 올 시즌 앞두고 영입한 앤서니 베니지아노도 16경기 2승 5패, 평균자책점 6.10으로 부진했다. 결국 이들은 모두 방출됐다. 개별 선수로 보면 기대와 달리 일찍 짐을 싼 선수도 있다. LG의 요니 치리노스는 지난 시즌 30경기에서 13승 6패, 평균자책점 3.31을 기록하며 통합 우승에 힘을 보탰지만, 올해는 8경기에서 2승 3패, 평균자책점 6.68로 부진했고 결국 방출됐다. 6년 만에 돌아온 두산 베어스의 크리스 플렉센은 시즌 두 번째 등판에서 어깨 부상으로 장기 이탈했고 다시 마운드에 오르지 못한 채 짐을 쌌다. 빅리그 출신인 삼성 선발 맷 매닝은 스프링캠프 때 입은 팔꿈치 부상 여파로 전반기 내내 쉬었다. 아시아 쿼터에선 부진을 거듭하던 롯데 자이언츠의 쿄야마 마사야, KIA의 제리드 데일, 두산의 타무라 이치로가 교체됐다. 남은 자…부상 대체 선수 선전 부상 대체 선수들 가운데 일부는 기회를 살려 자리를 잡았다. 두산의 웨스 벤자민이 대표적이다. 플렉센의 부상 대체 선수로서 14경기에 나와 4승 7패, 평균자책점 2.71을 기록하며 정규직 전환에 성공했다. 삼성 매닝의 부상 대체 선수로 합류한 잭 오러클린 역시 17경기에서 5승 5패, 평균자책점 4.86의 준수한 성적을 냈다. 지난 3월 이후 두 차례 계약을 연장해 이달 16일까지 삼성 유니폼을 입게 됐다. KIA의 외국인 타자 해럴드 카스트로는 시즌 초반 부진과 햄스트링 부상으로 입지가 좁아졌다가 살아남았다. 부상 대체 선수 아데를린 로드리게스가 32경기에서 홈런 10개를 터뜨리며 존재감을 과시했지만, 개인 사정을 이유로 계약을 연장하지 않아 카스트로에게 다시 기회가 주어졌다. NC 다이노스에서 방출된 후 키움 히어로즈 유니폼을 입은 맷 데이비슨은 '떠난 자'이면서도 '남은 자'다. 타선 강화를 위해 '외국인 타자 2명 체제'로 전환한 키움에서 새 기회를 얻었다. 아시아 쿼터에선 한때 교체 후보로 거론됐던 선수들이 용케 전반기를 버텼다. 시즌 중반부터 KBO리그에 적응하며 기량을 끌어올린 데다 마땅한 대체 자원도 없어 교체를 피했다는 분석이 나온다. SSG의 타케다 쇼타는 15경기에서 1승 7패, 평균자책점 7.43으로 부진했고, 삼성의 미야지 유라도 33경기에서 승리 없이 1패에 평균자책점 5.97로 기대에 미치지 못했지만 일단 팀에 남았다. kt의 스기모토 고키 역시 42경기에서 1승 2패, 9홀드, 평균자책점 5.44로 기복을 보였지만 전반기를 마쳤다. 새로 온 자…후반기 반등의 열쇠 후반기 도약을 노리는 팀들은 새 외국인 선수 영입에 열을 올리고 있다. 두산은 외국인 투수 벤자민과 정식 계약한 데 이어 외국인 타자 다즈 카메론을 유니오르 세베리노로 바꾸며 외국인 선수 교체 카드 2장을 모두 썼다. 또 아시아 쿼터에선 타무라 이치로 대신 타카다 다쿠토를 영입해 10개 구단 가운데 처음으로 모든 교체 카드를 소진했다. SSG와 키움도 외국인 교체 카드 두 장을 다 사용했다. SSG는 지난달 토머스 해치를 영입한 데 이어 8일 베네수엘라 출신 페드로 아빌라까지 데려오며 선발진 재편에 나섰다. 키움은 트렌턴 브룩스 대신 빅리그 통산 50홈런의 케스턴 히우라를 영입한 데 이어 데이비슨까지 데려오며 타선에 힘을 줬다. LG는 치리노스의 대체 선수로 구원 투수인 약셀 리오스를 데려와 불펜진을 강화했고, NC는 장타력을 갖춘 블레인 크림을 새 외국인 타자로 데려와 중심 타선에 화력을 더했다. 아시아 쿼터에선 롯데와 KIA가 각각 이이무라 쇼타와 시라카와 게이쇼를 영입하며 전력 재정비에 나섰다. 2026시즌 KBO리그 전반기 외국인·아시아 쿼터 선수 현황 moved@yna.co.kr (끝) ▶제보는 카톡 okjebo"
2026.07.09 22:53,"천성호 끝내기 병살→삼성 전반기 1위, 박진만 감독 '촉' 통했다…""베이...",엑스포츠뉴스,"(엑스포츠뉴스 대구, 김지수 기자) 박진만 감독이 이끄는 삼성 라이온즈가 혈투 끝에 '미리 보는 한국시리즈'에서 LG 트윈스를 꺾고 2026시즌 전반기를 1위로 마감했다. 삼성은 9일 대구 삼성 라이온즈파크에서 열린 2026 신한 SOL KBO리그 LG와의 팀 간 11차전에서 6-5로 이겼다. 전날 2-8 패배를 설욕하고 전반기 마지막 3연전에서 위닝 시리즈를 챙겼다. 삼성은 이날 승리로 시즌 51승32패2무, 승률 0.614를 기록하면서 LG(52승33패, 승률 0.612)를 승차 없이 승률에서 앞서며 2위에서 1위로 올라섰다. 류중일 전 감독이 지휘봉을 잡고 있던 2015시즌 이후 11년 만에 페넌트레이스 전반기를 1위로 마치는 기염을 토했다. 삼성은 선발투수로 마운드에 오른 토종 에이스 원태인이 5이닝 8피안타 1사구 4탈삼진 3실점으로 최소한의 역할을 해줬다. 뒤이어 투입된 이승민과 우완 이승현, 김태훈이 나란히 1이닝 무실점으로 LG 타선을 봉쇄했다. 삼성 마무리 김재윤은 9회초 제구 난조 여파로 1피안타 4볼넷 2실점으로 흔들렸지만, 1사 만루에서 천성호를 병살타로 잡아내면서 팀 승리와 전반기 1위를 지켜냈다. 삼성 타선에서는 박승규 3타수 2안타 1볼넷 1득점, 구자욱 4타수 1안타 1타점, 르윈 디아즈 3타수 1안타 1타점, 강민호 3타수 2안타 1타점 2득점, 김영웅 4타수 2안타 1홈런 1타점 1득점, 김성윤 1타수 1안타 1타점 등으로 고른 활약을 펼쳤다. 결과론이지만 박진만 감독이 6-5로 쫓긴 9회초 1사 만루에서 더블 플레이로 위기를 넘기기 위해 유격수 김상준을 조금 전진시키는 승부수가 완벽하게 적중했다. 박진만 감독은 순간적으로 현역 시절 2008 베이징 올림픽 결승에서 쿠바를 상대로 9회말 1사 만루에서 병살타로 승부를 끝내고 금메달을 목에 걸었던 순간을 떠올리며 결단을 내렸다고 밝혔다. 박진만 감독은 경기 종료 후 ""오늘 게임에서는 김영웅의 8회말 솔로 홈런이 결과적으로 승리에 큰 영향을 미쳤다""며 ""(9회초 1사 만루 병살타는) 2008년 베이징 올림픽 때가 생각이 나서 유격수 김상준을 조금 전진시켰는데 결과적으로 잘 되었다""고 소감을 전했다. 또 ""불펜 투수들이 안정적으로 경기를 막아줬고, 타선에서는 강민호가 공주에서 좋은 활약을 펼쳐주며 팀 승리에 힘을 보탰다""며 ""전반기 동안 타격감이 좋을 때도 있었고 좋지 않을 때도 있었지만, 선수들이 꾸준한 활약을 보여준 덕분에 좋은 성적을 유지하며 1위에 오를 수 있었다고 생각한다""고 만족감을 나타냈다. 사진=삼성 라이온즈 김지수 기자 jisoo@xportsnews.com"
2026.07.09 22:53,"'오재원 3안타' 한화, 우천 중단 끝에 NC 제압…2연패 탈출",스포츠투데이,"[스포츠투데이 신서영 기자] 한화 이글스가 전반기 마지막 경기를 기분 좋은 승리로 장식했다. 한화는 9일 대전 한화생명볼파크에서 열린 2026 신한 SOL KBO리그 NC 다이노스와 홈 경기에서 6-4로 제압했다. 이로써 2연패를 탈출한 한화는 40승 2무 40패를 기록, 6위로 전반기를 마감했다. 반면 3연승을 마감한 NC는 39승 1무 42패로 7위에 자리했다. 한화의 선발 화이트는 5이닝 5피안타 1사사구 4탈삼진 무실점으로 호투했지만 불펜이 동점을 허용하며 승리를 챙기지 못했다. 이상규가 1.1이닝 2탈삼진 무실점으로 승리투수가 됐다. 타선에선 오재원이 5타수 3안타 3타점 2득점으로 펄펄 날았다. NC 선발 구창모는 5이닝 9피안타 1사사구 4탈삼진 4실점(1자책)을 했다. 토다가 2.2이닝 4피안타 2사사구 4탈삼진 2실점으로 패전의 멍에를 썼다. NC가 아쉬움을 삼켰다. 2회초 블레인과 박건우가 연속 안타로 출루한 뒤 김휘집의 희생번트로 각각 한 베이스씩 진루하며 1사 2, 3루 찬스를 만들었다. 그러나 후속타가 터지지 않으면서 득점에는 실패했다. 한화가 공격의 물꼬를 텄다. 2회말 1사 후 허인서가 투수 송구 실책, 김태연이 중전 안타로 출루했다. 이도윤은 삼진으로 물러났지만 심우준과 오재원의 연속 적시타가 터지면서 한화는 2-0으로 앞서 나갔다. 반면 NC는 또다시 기회를 살리지 못했다. 3회초 고준휘의 중전 안타와 권희동의 볼넷으로 1사 1, 2루 기회를 잡았지만 이번에도 후속 타선이 침묵했다. 3회말 한화의 공격이 끝난 뒤 우천으로 경기가 중단됐고, 47분 만인 오후 8시 20분 재개됐다. 다시 시작된 경기에서 한화는 흐름을 이어갔다. 5회말 선두타자 심우준이 중견수 방면 안타를 친 뒤 중견수 실책으로 3루까지 진루했다. 이후 오재원의 우전 적시타로 홈을 밟았다. 계속된 1사 1루에서는 문현빈의 안타 때 또다시 중견수 포구 실책이 나오면서 3루 주자 오재원이 득점을 추가했다. 끌려가던 NC도 반격에 나섰다. 6회초 박건우의 2루타에 이어 김형준이 투런포를 터뜨리며 2점을 만회했다. 7회초에는 권희동의 볼넷과 박민우의 투런포로 4-4 균형을 맞췄다. 그러나 한화는 쉽게 물러서지 않았다. 8회말 2사 후 심우준이 우중간 안타를 치고 나갔고, 오재원의 3루타 때 득점했다. 이어 대타 황영묵의 적시타까지 터지며 6-4로 달아났다. 한화는 2점 차 리드를 안은 채 9회초 마무리 이민우를 투입했다. 이민우는 선두타자 천재환에게 안타를 허용했지만 이우성을 좌익수 뜬공, 김주원을 병살타로 돌려세우며 팀의 승리를 지켜냈다. [스포츠투데이 신서영 기자 sports@stoo.com]"
2026.07.09 22:50,"[프로야구전반기] ③류현진 한미 통산 기록 행진, 최정 홈런 부문 새 역...",연합뉴스,"(서울=연합뉴스) 이대호 기자 = 2026년 KBO리그 정규시즌 전반기에도 기록 잔치는 이어졌다. 리그를 대표하는 베테랑들이 세월을 무색게 하는 발자국을 남겼고, 젊은 선수들은 새로운 이정표를 세웠다. 그라운드 밖에서는 관중석도 기록 행진을 벌였다. '코리안 몬스터' 류현진(한화 이글스)은 국경을 뛰어넘는 기록으로 전반기를 장식했다. 류현진은 지난 5월 24일 대전 두산 베어스전 승리로 한미 통산 200승(KBO 122승, MLB 78승) 고지를 밟았다. KBO리그와 미국프로야구 메이저리그(MLB)를 오가며 쌓아 올린 승수로, 한국인 투수 최초의 위업이다. 2006년 한화에서 프로 데뷔한 뒤 MLB 로스앤젤레스 다저스와 토론토 블루제이스를 거쳐 다시 한화로 돌아온 그의 경력이 상징적인 숫자로 정리된 순간이었다. 이후 류현진은 3승을 더해 올 시즌 전반기를 8승으로 마감했다. 류현진은 후반기에는 한미 통산 2천500탈삼진을 달성할 참이다. 그는 KBO리그 통산 1천565개의 삼진을 잡았고, MLB에서는 934번 타자를 돌려세워 기록에 삼진 1개만을 남겼다. 이변이 없다면 그가 후반기에 등판하는 첫날이 기록 탄생의 순간이 될 전망이다. 'KBO 홈런왕' 최정(SSG 랜더스)은 자신이 세운 기록을 다시 자신이 갈아치웠다. 지난해 KBO리그 최초로 20시즌 연속 두 자릿수 홈런을 달성했던 최정은 5월 12일 수원 kt wiz전 시즌 10호 홈런으로 올 시즌 그 기록을 21시즌 연속으로 늘렸다. 전반기를 17홈런으로 마친 그는 통산 537홈런으로 후반기 550홈런 달성에 도전한다. 여기에 최정은 통산 4천500루타 고지까지 밟으며 KBO리그 역사에 발자취를 남겼다. '철인' 강민호(삼성 라이온즈)는 KBO리그 역사에 또 한 번 이름을 새겼다. KBO리그 최초의 2천500경기 출장을 달성한 것이다. 체력 소모가 가장 큰 포수 마스크를 쓴 채 이룬 업적이라 더욱 빛나는 결과다. 강민호의 전반기까지 통산 출전 경기는 2천556으로 이 부문 2위 최정(2천458경기)보다 98경기 더 나갔다. '최고령 현역' 최형우(삼성)의 기록 행진은 전설이 됐다. 지난해 KBO리그 최초로 1천700타점 고지에 올랐던 최형우는 올 전반기에도 꾸준히 안타와 타점을 쌓으며 자신의 통산 기록을 매 경기 갱신했다. 올 시즌 시작 전에 KBO리그 통산 최다 안타 기록을 보유했던 손아섭(두산 베어스)이 주춤한 사이, 최형우는 그를 추월해 통산 2천676안타, 1위로 나섰다. 또 최형우는 지난 5월 31일 대구 두산전에서 2루타를 터트려 KBO리그 최초로 1천 장타를 달성했고, 전반기 막바지인 7일 대구 LG전에서는 전인미답의 통산 1천800타점을 정복했다. 1983년생으로 올 시즌 KBO리그 최고령 선수인 최형우는 전반기를 3할을 훌쩍 넘는 타율로 마감하며 녹슬지 않은 기량을 뽐냈다. 전반기까지 그는 2천681안타(1위), 559 2루타(1위), 1천803타점(1위)을 남겼다. 젊은 선수들의 도전도 만만치 않았다. SSG 랜더스 유격수 박성한은 시즌 개막전부터 22경기 연속 안타 행진을 이어가며 KBO리그 '개막 이후 최다 연속 경기 안타' 신기록을 수립했다. 꾸준한 콘택트 능력과 안정된 수비를 겸비한 박성한은 국가대표 유격수의 위상을 다시 한번 확인했다. 육성 선수로 어렵게 KBO리그에 입성한 선수들의 감동적인 선발승 사례도 두 번이나 탄생했다. 박준영(한화 이글스)은 5월 10일 대전 LG 트윈스전에 선발 등판해 5이닝 무실점으로 KBO리그 역사상 최초의 육성선수 출신 데뷔전 선발승에 성공했다. 그리고 2일에는 김백산(삼성)이 창원 NC 다이노스전 5⅔이닝 무실점으로 박준영에 이어 역대 두 번째 육성선수 데뷔전 선발승을 달성했다. 그라운드 안팎에서는 팬들도 함께 역사를 썼다. 지난 시즌 1천231만2천519명이 입장해 2년 연속 1천만 관중과 역대 최다 관중 기록을 썼던 KBO리그는 올해 또 기록 경신을 눈앞에 뒀다. 더 가팔라진 관중 입장 추이와 함께 역대 최소 경기 100만 관중부터 700만 관중까지 연달아 달성했다. KBO리그 전반기 최종 관중 수는 763만3천775명으로, 지난해보다 7% 증가해 역대 최고를 기록했다. 4bun@yna.co.kr (끝) ▶제보는 카톡 okjebo"
2026.07.09 22:48,"삼성 팬 행복하겠다, 11년 만에 전반기 1위 마무리!…박진만 ""베이징 ...",마이데일리,"[마이데일리 = 대구 김경현 기자] 2015년 이후 처음이다. 삼성 라이온즈가 전반기를 1위로 마무리했다. 삼성은 9일 대구 삼성 라이온즈파크에서 열린 2026 신한 SOL KBO리그 LG 트윈스와의 홈 경기에서 6-5로 승리했다. 공교롭게도 전반기 마지막 3연전에서 당시 '2위' 삼성과 '1위' LG가 맞붙었다. 1차전 삼성이 9-2로 승리, 1위로 올라섰다. 2차전은 LG가 8-2로 이기며 1위를 탈환했다. 그리고 9일 3차전은 전반기 1위 결정전으로 치러졌다. 경기는 매우 치열했다. 삼성이 1회 구자욱의 선제 1타점 적시타로 리드를 잡았다. 2회 LG가 오지환의 2타점 적시타로 경기를 뒤집었다. 3회초 박동원의 1타점 희생플라이로 다시 1점을 달아났다. 삼성은 3회말 최형우의 1타점 적시타, 4회 양우현의 1타점 희생플라이로 3-3 균형을 맞췄다. 삼성의 뒷심이 더 강했다. 6회 강민호가 역전 1타점 2루타, 김성윤이 달아나는 1타점 적시타를 쳤다. 이어 8회 김영웅이 솔로 홈런을 기록, 흐름을 가져왔다. 9회말 3점 차 세이브를 위해 김재윤이 등판했다. 무사 2, 3루에서 박해민에게 1루수 땅볼을 유도, 아웃 카운트와 실점을 맞바꿨다. 이어 연속 볼넷으로 1사 만루에 몰렸고, 박동원에게 밀어내기 볼넷을 허용했다. 위기 상황에서 천성호를 유격수-2루수-1루수 병살로 정리, 김재윤이 6-5 승리를 지켰다. 11년 만에 역사다. 지난 2015년 7월 16일 이후 처음으로 전반기를 1위로 마쳤다. 이때 삼성은 정규리그 1위를 달성했다. 선발 원태인이 5이닝 8피안타 1볼넷 4탈삼진 3실점으로 승패 없이 물러났다. 두 번째 투수 이승민이 1이닝 무실점으로 승리투수가 됐다. 이승현(1이닝 무실점)-김태훈(1이닝 무실점)이 각각 홀드, 김재윤(1이닝 2실점)이 세이브를 기록했다. 결승타의 주인공 강민호가 3타수 2안타 2득점 1타점으로 펄펄 날았다. 김영웅이 4타수 2안타 1홈런 1득점 1타점, 박승규가 3타수 2안타 1득점, 최형우가 3타수 1안타 1득점 1타점, 구자욱이 4타수 1안타 1타점으로 힘을 보탰다. 경기 종료 후 박진만 감독은 ""오늘 경기에서는 김영웅 선수의 경기 막판 홈런이 결과적으로 승리에 큰 영향을 미쳤다. 또한 2008년 베이징올림픽 생각이 나서 유격수 김상준 선수를 조금 전진시켰는데 결과적으로 잘 되었다""고 승리 소감을 전했다. 이어 ""중간에서 불펜 투수들이 안정적으로 경기를 막아줬고, 타선에서는 강민호 선수가 공주에서 좋은 활약을 펼쳐주며 팀 승리에 힘을 보탰다""고 돌아봤다. 박진만 감독은 ""전반기 동안 타격감이 좋을 때도 있었고 좋지 않을 때도 있었지만, 선수들이 꾸준한 활약을 보여준 덕분에 좋은 성적을 유지하며 1위에 오를 수 있었다고 생각한다""면서 ""후반기에는 부상 선수들이 복귀하면 더욱 좋은 분위기 속에서 경기를 운영할 수 있을 것으로 기대한다""고 했다. 사령탑이 뽑은 전반기 MVP는 누구일까. 박진만 감독은 ""한 명만 꼽기는 어렵다. 선수들 모두 각자의 자리에서 훌륭한 역할을 해줬다. 그중에서도 이승민 선수와 김재윤 선수는 전반기 내내 거의 쉬지 않고 팀을 위해 헌신해줬다. 휴식기 없이 많은 부담을 안고 던져준 만큼 특히 고맙게 생각한다""고 했다. 이어 ""최형우 선수는 골반 상태가 완벽하지 않은 상황에서도 중심타선에서 팀의 중심을 잘 잡아줬다. 주장 구자욱 선수 역시 선수들을 하나로 묶고 팀 분위기를 이끌며 주장으로서 훌륭한 역할을 해줬다. 모든 선수들에게 고맙다는 말을 전하고 싶다""고 전했다."
2026.07.09 22:43,"삼성, LG 꺾고 11년 만에 전반기 1위…KIA 4연패 탈출(종합)",뉴스1,"(서울=뉴스1) 이상철 기자 = 프로야구 삼성 라이온즈가 혈투 끝에 LG 트윈스를 잡고 전반기 1위를 차지했다. 삼성은 9일 대구 삼성라이온즈파크에서 열린 2026 신한SOL KBO리그 홈 경기에서 LG와 엎치락뒤치락한 끝에 6-5로 이겼다. 이로써 삼성은 51승2무32패(승률 0.614)를 기록, 52승33패(승률 0.612)의 LG를 '2리' 차로 제치고 전반기 1위로 올라섰다. 삼성이 전반기를 1위로 마친 건 2015년 이후 11년 만이다. 기분 좋게 올스타 휴식기를 맞은 삼성은 오는 16일 롯데 자이언츠를 상대로 후반기를 시작한다. 삼성은 정규시즌 우승 및 한국시리즈 직행 가능성도 키웠다. 10구단 체제가 된 2015년 이래 전반기 1위 팀의 정규시즌 우승 확률은 81.8%(11회 중 9회)에 달한다. 창단 첫 2연패에 도전하는 LG는 선두를 달리다가 삼성과 전반기 마지막 3연전에서 루징시리즈를 당해 2위로 내려앉았다. 삼성은 1회말 박승규의 2루타와 구자욱의 적시타를 묶어 선취점을 뽑았다. LG도 저력을 발휘, 곧바로 전세를 뒤집었다. LG는 2회초 박동원의 안타와 천성호의 2루타로 만든 2사 2, 3루에서 오지환이 2타점 적시타를 때려 역전에 성공했다. 이어 LG는 3회초 1사 만루에서 박동원의 중견수 희생플라이로 한 점을 보탰다. 이번에는 삼성이 힘을 냈다. 3회말 2사 1, 3루에서 최형우가 1점 적시타를 쳤고 4회말 1사 1, 3루에선 양우현의 중견수 희생플라이를 앞세워 3-3 동점을 만들었다. 삼성 타선은 6회말 구원 등판한 LG 두 번째 투수 약셀 리오스를 공략했다. 선두타자 전병우가 볼넷을 골라낸 뒤 강민호가 3루 옆으로 빠지는 2루타를 때려 4-3으로 뒤집었다. 김영웅의 중견수 뜬공에 3루를 밟은 강민호는 김성윤의 적시타 때 홈에 들어와 5-3으로 벌렸다. 8회말엔 김영웅이 LG 마무리 투수 손주영을 상대로 전반기 1위를 자축하는 솔로포를 터뜨렸다. LG도 끝까지 포기하지 않았다. 9회초 무사 1, 2루에서 박해민의 내야 땅볼로 한 점을 뽑았다. 오스틴 딘과 송찬의, 박동원이 제구가 흔들린 삼성 마무리 투수 김재윤을 상대로 연이어 볼넷을 얻어 1점 차까지 추격했다. 그러나 LG의 뒤집기는 이뤄지지 않았다. 김재윤은 계속된 1사 만루 위기에서 천성호를 병살타로 처리, 힘겹게 승리를 지켜냈다. KIA 타이거즈는 부산 경기에서 홈런 세 방을 몰아쳐 롯데를 5-2로 제압, 4연패에서 벗어났다. 45승2무39패가 된 KIA는 4위로 전반기 일정을 소화했다. 3연승이 무산된 8위 롯데는 시즌 45패(38승2무)째를 기록했다. KIA 선발투수 양현종은 5이닝을 5피안타 1볼넷 1탈삼진 1실점으로 막고 시즌 6승(5패)째를 수확했다. 김도영은 시즌 27호 아치를 그려 오스틴(LG)과 홈런 부문 공동 선두에 올랐다. 통산 홈런 299개를 기록한 나성범은 역대 16번째 통산 300홈런까지 한 개만을 남겨뒀다. KIA는 2회초 해럴드 카스트로의 솔로포로 기선을 제압했다. 3회초에는 2사 이후 박재현의 2루타와 김도영의 적시타를 묶어 2-0으로 벌렸다. 끌려가던 롯데는 4회말 한태양과 손호영의 연속 2루타로 한 점을 만회했지만, 계속된 2사 2루에서 김세민이 3루수 직선타로 아웃돼 동점 기회를 놓쳤다. KIA는 6회초 김도영의 홈런이 터지며 한숨을 돌렸다. 김도영은 지난 2일 SSG 랜더스전 이후 7일 만에 홈런을 추가했다. 나성범은 8회초 1사 2루에서 시즌 17호 2점 홈런을 때려 승부를 갈랐다. 롯데는 9회말 박건우의 1타점 2루타로 한 점을 만회했으나 승패를 뒤집기엔 역부족이었다. 롯데 선발투수 김진욱은 6이닝 3실점으로 자기 몫을 했지만, 타선의 지원을 받지 못해 시즌 4패(5승)째를 떠안았다. 폭우 속에 펼쳐진 잠실 경기에선 두산 베어스가 SSG 랜더스에 7-0 승리를 거두며, 44승2무41패로 5위 자리를 지켰다. 시즌 52패(31승3무)째를 당한 9위 SSG는 포스트시즌 진출 마지노선인 두산과 격차가 12경기로 벌어졌다. 두산은 2회말 안재석과 강승호가 나란히 2점 홈런을 쏘아 올려 기세를 높였다. 3회말 1사 만루에선 박찬호가 2타점 적시타를 터뜨려 6-0으로 벌렸다. 4회초 시작을 앞두고 44분간 우천 중단됐지만, 두산 타선의 화력은 식지 않았다. 4회말 1사 1, 2루에서 박준순이 1타점 적시타를 때려 7-0으로 달아났다. 두산 선발투수 잭로그는 5이닝 5피안타 2볼넷 6탈삼진 무실점 호투를 펼쳐 시즌 4승(5패)째를 기록했다. SSG 최정은 역대 6번째 통산 450호 2루타를 달성했으나 팀 패배로 빛바랬다. 한화 이글스는 대전 경기에서 6-4로 승리, NC 다이노스의 4연승을 저지했다. 시즌 40승(2무40패) 고지를 밟은 6위 한화는 승률 5할 회복과 함께 5위 두산과 1.5경기 차를 유지했다. 승리 시 6위에 오를 수 있었던 NC는 뒷심 싸움에서 밀려 시즌 42패(39승1무)째를 당했다. 한화가 2회말과 5회말 2점씩을 뽑으며 우위를 잡았으나 NC는 홈런으로 반격을 펼쳤다. 6회초 김형준이 2점 홈런을 쳤고, 7회말엔 박민우가 2점 아치로 4-4 균형을 맞췄다. 한화는 4점 차 우위를 지키지 못했으나 '루키' 오재원이 해결사로 등장했다. 오재원은 8회말 1사 1루에서 3루타를 터뜨려 결승타를 기록했다. 이어 황영묵의 적시타 때 홈을 밟아 쐐기 득점을 올렸다. 수원에서 열린 KT 위즈와 키움 히어로즈의 경기는 '우천 노게임' 처리됐다. KT는 안현민의 2점 홈런과 선발투수 배제성의 호투를 앞세워 4회초까지 3-0으로 앞섰다. 그러나 폭우가 내려 경기는 중단됐고, 1시간 46분의 기다림 끝에 우천 노게임이 선언됐다. 3위 KT는 47승1무35패로, 최하위 키움은 29승1무57패로 전반기를 마감했다. rok1954@news1.kr"
2026.07.09 22:42,[프로야구전반기] ①전문가 예상 적중했다…삼성·LG 양강 체제(종합),연합뉴스,"[※ 편집자 주 = 지난 3월 28일 개막해 역대 가장 빠른 속도로 관중 700만명을 돌파한 2026 프로야구가 9일 경기를 끝으로 전반기를 마감합니다. 연합뉴스는 전반기 순위 판도, 투타 타이틀 경쟁 현황, 전반기에 탄생한 대기록, 그리고 유난히 분주했던 외국인 선수 이동 현황을 아우르는 전반기 결산 기획 기사 4건을 송고합니다.] (서울=연합뉴스) 장현구 기자 = 출범 45번째 시즌인 2026 프로야구의 전반기는 삼성 라이온즈와 LG 트윈스 양강 체제로 요약된다. 두 팀은 시즌 초반부터 선두권을 형성하고 치열하게 1위를 다투다가 7∼9일 대구 삼성라이온즈파크에서 전반기 마지막 3연전을 치렀다. 1승씩 주고받은 뒤 3차전에서 삼성이 6-5로 짜릿한 1점 차 승리를 거둬 LG를 승률 '2리' 차이로 따돌리고 10개 구단 체제에서 11년 만에 전반기 1위를 차지했다. 정규리그 개막에 맞춰 연합뉴스 취재에 응한 방송사 해설위원 7명은 LG의 독주 또는 삼성과 LG의 양강 체제를 예측했다. 예상대로 올 시즌 전반기 1위 다툼은 LG의 독주 구도로 흘러가다가 막판 대공세를 편 삼성의 역전극으로 더욱 흥미진진해졌다. 마무리 유영찬의 이탈과 선발 투수 요니 치리노스의 방출로 마운드 운용에 비상이 걸린 LG는 선발 손주영을 마무리로, 불펜 장현식을 선발로 돌려 약점을 메웠다. 새 외국인 투수 약셀 리오스를 영입해 허리진을 강화하며 2년 연속 통합 우승을 향한 준비를 마쳤다. 타선에서는 한국 무대 4년 차 오스틴 딘의 파워가 원맨쇼에 가까울 정도로 돋보였다. 한국시리즈를 2년 연속 제패한 팀은 2015년과 2016년을 석권한 두산 베어스가 마지막이었다. 게다가 정규리그와 한국시리즈를 싹쓸이하는 통합 우승을 2년 연속 이룬 마지막 팀은 2011∼2014년 4년 연속 통합 우승을 달성한 삼성이다. 이런 측면에서 전반기를 최상위에서 보낸 LG의 행보는 후반기에도 비상한 관심을 끈다. 삼성은 100만달러를 주고 영입한 투수 맷 매닝을 한 번도 써보지 못하고도 투타의 탄탄한 전력으로 우승 후보답게 잘 싸웠다. 자유계약선수(FA)로 이적한 최형우가 르윈 디아즈, 구자욱과 함께 공포의 좌타라인을 구축하며 공격력이 작년보다 배가됐다. 이승민, 배찬승 좌완 불펜 듀오의 견고함도 눈여겨볼 만했다. 전문가 예상이 맞아떨어진 또 하나의 사례는 kt wiz의 3위 도약과 '다크호스' 두산 베어스의 약진을 들 수 있다. 외국인 선수 3명을 모조리 교체하고 FA 김현수, 최원준, 한승택을 영입해 적재적소에 배치한 kt는 삼성, LG와 선두권에서 싸우며 지난해를 6위로 마친 아쉬움을 털어내고 벌떡 일어섰다. 김원형 감독에게 새로 지휘봉을 맡인 두산 역시 팀 평균자책점 1위(3.90)의 안정적인 마운드를 바탕으로 지난 시즌 9위에서 5위로 상승해 포스트시즌 경쟁자로 돌아왔다. 이에 반해 어깨를 수술한 김광현의 이탈과 외국인 농사 흉작이 겹친 SSG 랜더스는 31승 3무 52패, 9위로 급추락했다. 승패 차가 '-21'에 달해 가을 야구에 도전하기가 어려워졌다. 모기업의 5·18 광주민주화운동 폄훼 논란까지 겹쳐 SSG는 구단 최장 13연패에 최근에 또 9연패를 당하는 등 하염없이 고꾸라졌다. 키움은 에이스 안우진이 돌아왔는데도 역대 가장 약한 타선 탓에 10개 구단 체제 정립 후 최초로 4년 연속 최하위라는 불명예를 못 피할 판이다. 라울 알칸타라를 제외하곤 투수 네이선 와일스, 타자 트렌턴 브룩스 모두 낙제점을 받았다. 결국 NC 다이노스와 작별한 맷 데이비슨을 영입해 케스턴 히우라와 외국인 타자 2명을 기용하는 고육책으로 후반기를 준비한다. 시즌 전 하위권으로 평가된 KIA 타이거즈는 햄스트링 부상을 딛고 돌아온 김도영을 앞세워 팀 홈런 1위(101개)를 질주하며 4위로 선전했고, 작년에 19년 만에 한국시리즈에 오른 한화는 FA 강백호와 허인서 등 젊은 타자들의 패기로 득점력을 높였지만, 코디 폰세와 라이언 와이스 두 외국인 투수의 이탈에 따른 마운드 약화로 6위로 처졌다. NC 다이노스는 전반기 막판 5할 승률에 근접하며 5위 싸움에 불을 댕겼고, 전지 훈련지에서 도박장을 출입했다가 징계받은 선수들 때문에 시작부터 삐걱거렸던 롯데 자이언츠는 전력이 완전체를 이루면서 조금씩 탄력을 받아 중위권 판세를 바꿀 복병으로 떠올랐다. 2026 프로야구는 100만명부터 700만명까지 역대 최소 경기로 100만명 단위 관중 돌파 기록을 모조리 갈아치우며 흥행 태풍을 일으켰다. 9일 현재 424경기에 들어온 시즌 누적 관중은 역대 전반기 최다인 763만3천775명으로 2년 연속 1천200만명을 향해 순항 중이다. cany9900@yna.co.kr (끝) ▶제보는 카톡 okjebo"
2026.07.09 22:41,"'3-0 리드도 지웠다' 키움-KT 전반기 마지막 대결, 우천 노게임으로...",마니아타임즈,앞서가던 리드도 기록도 빗물에 씻겨 내려갔다. 키움과 KT의 전반기 마지막 맞대결이 우천 노게임으로 끝났다. 두 팀은 9일 수원KT위즈파크에서 2026 신한 SOL KBO리그 전반기 마지막 경기를 치렀다. 이날 경기는 시작 전 내린 비로 예정보다 17분 늦게 시작됐으나 4회말을 앞두고 다시 폭우가 쏟아지며 중단됐다. 심판진은 오후 9시 30분 재개를 예고했으나 정비 도중 또 굵은 빗줄기가 쏟아지자 결국 노게임을 선언했다. 아쉬운 쪽은 KT였다. 3회 권동진의 3루타와 최원준의 희생플라이로 선취점을 뽑은 것이다. 이어 안현민이 하영민을 상대로 중월 투런포를 터뜨려 3-0까지 달아났다. 그러나 경기가 노게임으로 끝나면서 KT의 리드와 안현민의 시즌 5호 홈런 기록이 모두 사라지게 됐다. [김선영 마니아타임즈 기자 / maniareport@naver.com] 기사제보 및 보도자료 report@maniareport.com
2026.07.09 22:35,"삼성, LG 2리 차로 따돌리고 11년 만에 프로야구 전반기 1위(종합)",연합뉴스,"(서울=연합뉴스) 장현구 김동한 기자 = 삼성 라이온즈가 LG 트윈스를 승률 2리 차로 따돌리고 2026 신한 SOL KBO리그 전반기 1위를 극적으로 차지했다. 삼성은 9일 대구 삼성라이온즈파크에서 LG와 벌인 홈경기에서 LG 외국인 강속구 불펜 투수 약셀 리오스를 무너뜨리고 6-5로 승리했다. 이로써 삼성은 51승 2무 32패, 승률 0.614를 기록해 0.612(52승 33패)에 그친 LG를 2위로 밀어내고 하루 만에 선두를 되찾았다. 삼성이 10개 구단 체제에서 전반기 1위를 차지한 건 2015년 이래 11년 만이다. 전반기 1위가 걸린 마지막 대결답게 두 팀은 일진일퇴의 공방전을 벌였다. 삼성이 1회 박승규의 2루타와 구자욱의 좌전 안타를 묶어 1점을 먼저 내자 LG는 2회 2사 2, 3루에서 오지환의 우중간 적시타로 2-1로 뒤집었다. LG가 3회 무사 만루 황금 찬스에서 희생플라이로 1점을 보태는 데 그치자 삼성은 3회말 최형우의 1타점 우전 안타, 4회 양우현의 희생플라이로 3-3 동점을 이뤘다. 이때 3루에서 태그업해 귀중한 동점 득점을 낸 포수 강민호가 6회 무사 1루에서 좌선상을 타고 흐르는 1타점 2루타로 결승타를 책임졌다. 삼성은 계속된 1사 3루에서 대타 김성윤의 우전 적시타로 5-3으로 도망갔다. 삼성 거포 김영웅은 8회 6-3으로 승리를 굳히는 비거리 130ｍ짜리 솔로 홈런을 LG 마무리 손주영에게서 뽑아냈다. 김영웅의 시즌 1호 홈런이자 손주영의 시즌 1호 피홈런이었다. 리오스는 6회 구원 등판해 안타 2개와 볼넷 1개를 주고 2실점 해 패전 투수가 됐다. LG는 9회 무사 2, 3루에서 박해민의 땅볼로 1점을 만회한 뒤 삼성 마무리 김재윤을 끈질기게 물고 늘어져 3연속 볼넷을 얻어내 밀어내기 득점을 내 5-6으로 추격했다. 그러나 계속된 1사 만루에서 천성호가 유격수 병살타로 물러나 그대로 무릎을 꿇었다. 부산에서는 KIA 타이거즈가 롯데 자이언츠를 5-2로 제압하고 4연패에서 벗어나 후반기를 맞이한다. 맥 빠진 플레이로 롯데에 연패한 KIA는 이날 2회 해럴드 카스트로의 우월 솔로 홈런으로 먼저 점수를 냈다. 이어 2-1로 앞선 6회 김도영의 시즌 27호 홈런에 힘입어 3-1로 달아났다. 김도영은 롯데 선발 김진욱의 초구 빠른 볼을 잡아당겨 왼쪽 스탠드에 떨어지는 비거리 130ｍ짜리 솔로포를 날렸다. 일주일 만에 대포를 재가동한 김도영은 오스틴 딘(LG)과 더불어 홈런 공동 선두에 복귀했다. 김도영은 3회 두 번째 타석에서는 1타점 중전 적시타를 터뜨려 2안타 2타점을 기록했다. 8회에는 나성범이 좌월 투런 홈런으로 쐐기를 박았다. KIA 선발 양현종은 5이닝 동안 롯데 타선을 산발 5안타 1점으로 막고 시즌 6승째이자 통산 192승째를 수확했다. 서울 잠실구장에서는 두산 베어스가 홈런 2방을 앞세워 SSG 랜더스를 7-0으로 완파했다. 2회말 무사 1루에서 안재석이 우중월 투런 아치를, 이어진 2사 2루에서 강승호가 좌월 2점 포물선을 차례로 그렸다. 3회말엔 1사 만루에서 박찬호가 좌중간 2타점 적시타를 쳤다. 4회말엔 1사 1, 2루에서 박준순이 SSG 바뀐 투수 최민준을 상대로 7-0으로 벌리는 좌전 적시타를 때렸다. 6위 한화 이글스는 대전에서 7위 NC 다이노스를 6-4로 물리치고 격차를 1.5경기로 벌렸다. 한화 신인 오재원이 3안타 3타점을 올리며 승리에 앞장섰다. 1-0으로 앞선 2회 1타점 중전 안타, 5회 3-0으로 도망가는 우전 안타를 친 오재원은 4-4로 팽팽히 맞선 8회 2사 1루에서 우중간을 가르는 결승 1타점 3루타를 작렬하고 포효했다. 오재원은 곧바로 터진 대타 황영묵의 우전 안타 때 홈을 밟았다. NC는 0-4로 끌려가다가 김형준, 박민우의 투런포 두 방으로 동점을 이루는 데 만족해야 했다. 키움 히어로즈와 kt wiz의 수원 경기는 비로 두 차례, 시간으로는 총 2시간 3분간 중단된 끝에 kt가 3-0으로 앞선 4회말 노게임으로 선언됐다. 이날까지 424경기를 치른 2026 프로야구는 역대 전반기 최다인 763만3천775명의 관중을 동원했다. 10개 구단은 10∼11일 잠실구장에서 퓨처스(2군) 올스타전과 올스타전을 차례로 치른 뒤 16일부터 후반기 레이스를 이어간다. cany9900@yna.co.kr (끝) ▶제보는 카톡 okjebo"
2026.07.09 22:33,"[IS 승장] 전반기 1위 확정 박진만 감독 ""2008 베이징 올림픽 떠...",일간스포츠,"삼성 라이온즈가 11년 만에 전반기를 1위로 마쳤다. 삼성은 9일 홈 대구 삼성라이온즈파크에서 열린 LG 트윈스와 전반기 마지막 경기 9회 말 1사 만루에서 병살타를 유도하며 6-5로 이겼다. 삼성은 승률 0.614(51승 2무 32패)를 기록, LG(52승 33패·0.612)를 승률 0.002 차로 따돌리고, 하루 만에 1위 자리를 탈환했다. 올 시즌 LG와의 상대 전적에서도 6승 5패 우위를 확보했다. 삼성은 6-3으로 앞선 9회 초 마무리 투수 김재윤이 2점을 내준 뒤 1사 만루에 몰렸으나, 천성호를 유격수 앞 병살타로 처리하며 경기를 매조졌다. 박진만 삼성 감독은 ""김영웅의 경기 막판 홈런이 결과적으로 승리에 큰 영향을 미쳤다""리며 ""2008년 베이징 올림픽 (쿠바와의 결승전) 생각이 나서 유격수 김상준을 조금 전진시켰는데 결과적으로 잘 됐다""고 말했다. 이어 ""불펜 투수들이 안정적으로 경기를 막아줬고, 타선에서는 강민호가 공격과 주루에서 좋은 활약을 펼쳐 팀 승리에 힘을 보탰다""고 덧붙였다. 삼성이 전반기 1위를 차지한 건 2015시즌 이후 12년 만이다. 2015년 10구단 체제가 시작된 후 전반기 1위 팀의 정규시즌 우승 확률은 81.8%(11회 중 9회)에 달한다. 박 감독은 전반기를 돌아보며 ""타격감이 좋을 때도 있었고 좋지 않을 때도 있었지만, 선수들이 꾸준한 활약을 보여준 덕분에 좋은 성적을 유지하며 1위에 오를 수 있었다""며 ""후반기에는 부상 선수들이 복귀하면 더욱 좋은 분위기 속에서 경기를 운영할 수 있을 것으로 기대한다""고 전했다. 이어 ""전반기 MVP를 한 명만 꼽기는 어렵다. 이승민과 김재윤이 전반기 내내 거의 쉬지 않고 팀을 위해 헌신했다. 특히 고맙다""라며 ""최형우는 골반 상태가 완벽하지 않은 상황에서도 중심타선에서 팀의 중심을 잘 잡아줬다. 주장 구자욱 역시 선수들을 하나로 묶고 팀 분위기를 이끌며 주장으로서 훌륭한 역할을 해줬다. 모든 선수에게 고맙다""고 공을 돌렸다. 대구=이형석 기자 ops5@edaily.co.kr"
2026.07.09 22:32,"'와' KS 뺨쳤다! 9회 1사 만루 김재윤 투혼의 37구 SV, 삼성 ...",스타뉴스,"[스타뉴스 | 대구=김동윤 기자] 한국시리즈(KS)를 방불케 하는 경기였다. 삼성 라이온즈가 마무리 김재윤의 투혼에 힘입어 LG 트윈스를 꺾고 2026시즌 전반기 1위를 확정했다. 삼성은 9일 대구삼성라이온즈파크에서 열린 2026 신한 SOL KBO 리그 정규시즌 홈경기에서 LG에 6-5로 승리했다. 이로써 2승 1패 위닝시리즈에 성공한 삼성은 51승 2무 32패(승률 0.614)로, 52승 33패(승률 0.612)가 된 LG와 승차를 지우고 승률에서 앞선 1위로 올라섰다. 삼성이 전반기를 1위로 마무리한 건 2015년 7월 16일 이후 11년 만의 기록이다. 승부처는 삼성이 6-3으로 앞선 9회초였다. 마무리 김재윤이 등판했고 타석엔 대타 문성주가 들어섰다. 문성주는 시작부터 0B2S 불리한 볼카운트에 놓였으나, 9구 승부 끝에 볼넷으로 출루했다. 홍창기가 좌익선상 2루타로 무사 2, 3루를 만들고 박해민이 1루 땅볼로 한 점을 만회했다. LG 타자들의 집중력이 돋보였다. 오스틴이 7구, 송찬의가 9구 끝에 볼넷으로 모든 베이스를 채웠다. 스윙이 큰 박동원마저 김재윤의 모든 공을 걷어내고 밀어내기 볼넷을 얻었다. LG의 5-6 추격. 치열했던 승부는 허무하게 끝났다. 천성호가 김재윤의 초구 직구를 공략했고 이 공이 평범한 유격수 땅볼이 되면서 6-4-3 병살타가 됐다. 9회에만 37개의 공을 던진 김재윤은 시즌 22번째 세이브를 거두며 구원왕 레이스에서도 단독 1위를 사수했다. 선발 맞대결은 무승부였다. 삼성 원태인이 5이닝 8피안타 1몸에 맞는 공 4탈삼진 3실점, LG 라클란 웰스가 5이닝 5피안타 2볼넷 5탈삼진 3실점(2자책)으로 우열을 가리지 못했다. 삼성이 9안타, LG가 10안타로 양 팀 합쳐 19안타를 주고 받은 가운데, 홈팀의 집중력이 조금 더 돋보였다. 삼성은 박승규가 3타수 2안타 1볼넷 1득점, 강민호가 3타수 2안타 1타점 2득점, 김영웅이 4타수 2안타(1홈런) 1타점으로 맹활약했다. LG는 홍창기가 5타수 3안타, 송찬의, 천성호가 멀티히트를 쳤으나, 팀 패배에 빛이 바랬다. 이날 LG는 홍창기(우익수)-박해민(중견수)-오스틴 딘(지명타자)-송찬의(좌익수)-박동원(포수)-천성호(1루수)-문보경(3루수)-오지환(유격수)-신민재(2루수)로 타선을 꾸렸다. 선발 투수는 라클란 웰스. 이에 맞선 삼성은 김지찬(중견수)-박승규(우익수)-구자욱(좌익수)-최형우(지명타자)-르윈 디아즈(1루수)-강민호(포수)-김영웅(3루수)-심재훈(유격수)-양우현(2루수)으로 타선을 구성했다. 선발 투수는 원태인. 선취점은 홈팀의 몫이었다. 1회말 1사에서 박승규가 좌측 담장으로 향하는 2루타를 쳤다. 구자욱은 좌전 1타점 적시타로 선취점을 뽑았다. 곧 역전을 허용했다. 2회초 1사에서 박동원이 좌전 안타, 천성호가 우중간 2루타로 찬스를 만들었다. 오지환은 우중간 외야를 꿰뚫는 2타점 적시타로 2-1 역전을 해냈다. LG로선 더 점수를 뽑지 못한 것이 아쉬웠다. 3회초 선두타자 홍창기, 박해민이 연속 우전 안타로 출루하고 오스틴이 몸에 맞아 무사 만루가 됐다. 박동원의 중견수 희생플라이 1타점으로 한 점을 더 달아났다. 뒤이어 천성호가 내야 안타로 출루했지만, 문보경이 우익수 뜬공을 치면서 3회초가 끝났다. 삼성도 3회말 양우현, 박승규이 볼넷을 골라 2사 1, 3루 찬스가 생겼다. 여기서 최형우가 우전 1타점 적시타로 한 점을 더 따라갔다. 기어코 균형을 맞춘 삼성이다. 4회말 선두타자 강민호의 뜬공 타구를 좌익수 송찬의가 찾지 못하면서 유격수 오지환이 잡으려 했으나, 실패했다. 김영웅이 우전 안타를 쳤고 심재훈의 우익수 뜬공 때 1, 3루가 됐다. 양우현의 중견수 희생플라이 1타점이 나오면서 3-3이 됐다. 양 팀이 3-3으로 맞선 6회말이었다. 바뀐 투수 약셀 리오스를 상대로 6회말 선두타자 전병우가 볼넷을 골랐다. 뒤이어 강민호가 좌익선상 1타점 적시 2루타, 김성윤이 우전 1타점 적시타로 삼성의 5-3 리드를 만들었다. 8회말 김영웅이 중월 솔로포를 추가했고 이 점수를 LG가 뒤집지 못하며 삼성의 승리가 확정됐다. 대구=김동윤 기자 dongy291@mtstarnews.com"
2026.07.09 22:28,장맛비도 못 막은 한화… NC 6대 4 꺾고 전반기 마지막 경기 승리,대전일보,"장맛비도 한화의 설욕전을 가리지 못했다. 초반부터 호투와 화력 타선이 맞물리며 NC 다이노스의 추격 속에서도 전반기 마지막 경기의 승리를 지켜냈다. 한화는 9일 대전 한화생명볼파크에서 열린 2026 신한 SOL Bank KBO리그 NC 다이노스와의 마지막 경기에서 6대 4로 이겼다. 연패를 끊어낸 한화는 40승 2무 40패로 리그 6위 자리를 지켜냈고, NC는 39승 2무 42패로 7위에 머물렀다. 한화는 2회말 선취점을 뽑으며 기선제압했다. 허인서가 투수 실책으로 출루한 뒤 김태연이 141km/h 직구를 안타를 때리며 무사 1·2루 상황을 만들었다. 여기에 심우준과 오재원의 연속 안타가 얹어지며 2대 0으로 앞섰다. 3회말엔 문현빈의 안타와 강백호의 볼넷으로 만든 찬스에서 노시환이 병살타를 기록하며 추가 득점을 내진 못했다. 이후 오후 7시 30분쯤 장맛비가 쏟아지면서 경기는 약 50분간 중단됐고, 오후 8시 20분 재개됐다. 흐름은 바뀌지 않았다. 5회말 심우준이 구창모의 141km/h 직구를 1루타 받아쳐 단번에 3루까지 진루했고, 오재원의 안타까지 터지며 3대 0으로 달아났다. 여기에 문현빈까지 131km/h 슬라이더를 좌중간 안타로 받아쳤고, 상대 마운드의 실책이 이어지면서 3루주자 오재원이 한 점을 더 올렸다. 선발 화이트는 5이닝 5피안타 무실점으로 호투한 뒤 6회초 마운드를 박상원에 넘겼다. 한화의 마운드가 흔들리자, 위기가 찾아왔다. 이후 박상원이 박건우의 안타와 김형준의 투런 홈런으로 2실점하면서, 7회초 조동욱으로 다시 교체됐다. 7회초 박민우가 조동욱의 127km/h 슬라이더를 우익수 뒤 담장으로 넘기며 4대 4 동점이 됐다. 하지만 한화는 승기를 쉽게 놓지 않았다. 8회초 이상규가 상대 타선을 연속 범실타하게 만들었다 여기에 한화 공격 8회말 심우준이 우중간 1루타, 오재원이 자신의 첫 3루타를 날린데 이어 대타 황영묵까지 안타를 더하며 6대 4로 승리를 손에 넣었다. 김경문 감독은 ""5할 승률로 전반기를 마칠 수 있어 의미가 있는 승리""라며 ""화이트가 선발투수로 본인의 역할을 다해줬고, 타선에선 1번타자 오재원이 3루타를 포함해 3안타 3타점으로 공격에서 맹활약해 줘서 칭찬하고 싶다""고 말했다. 한화는 10-11일 올스타 브레이크를 보낸 뒤 16일부터 대전에서 키움 히어로즈와 후반기 첫 4연전을 치른다. 안정적인 중위권 도약을 위해선 최대한 승률을 대거 확보, 후반기 흐름을 상승세로 가져가야 하는 만큼, 길지만 무게감 있는 승부가 될 것으로 보인다."
2026.07.09 22:27,"역전 위기에서 병살 엔딩…'최강 삼성' 11년 만에 전반기 1위, 주전 ...",스포티비뉴스,"[스포티비뉴스=대구, 신원철 기자] 삼성이 전반기를 1위로 마쳤다. 주전이 줄줄이 이탈하는 악재 속에서도 타선이 승부처에서 응집력을 발휘했다. 김영웅은 시즌 첫 홈런을 기록하며 사실상의 결승타점을 올렸다. 김영웅의 홈런으로 3점 차가 되지 않았다면 9회초 위기가 또다른 분위기로 흘러갈 수 있었다. 삼성 라이온즈는 9일 대구 삼성라이온즈파크에서 열린 '2026 신한 SOL KBO리그' 와 경기에서 6-5로 이겼다. 승자가 전반기 1위를 차지하는 '고지전'에서 얻은 귀중한 승리다. 김지찬(4회, 햄스트링 통증)과 르윈 디아즈(5회, 어지럼증), 강민호(7회, 왼쪽 무릎 통증)가 빠지는 악재 속에서도 중요한 경기를 잡았다. 삼성은 전반기 최종전 승리로 1위를 되찾았다. 51승 2무 32패로 승률은 0.615가 됐다. 삼성이 전반기를 1위로 마친 것은 5년 연속 정규시즌 1위에 올랐던 '왕조' 2015년 이후 처음이다. 경기 차 없는 2위 LG는 52승 33패로 승률 0.612를 기록하고 있다. LG는 홍창기(우익수)-박해민(중견수)-오스틴 딘(지명타자)-송찬의(좌익수)-박동원(포수)-천성호(1루수)-문보경(3루수)-오지환(유격수)-신민재(2루수)를 선발 라인업에 넣었다. 원태인에게 강했던 박동원과 천성호를 전진 배치하면서 '부동의 4번'이었던 문보경을 7번으로 내렸다. 문보경은 이 경기 전까지 선발 출전한 모든 경기에서 4번타자로 나왔다. 삼성은 김지찬(중견수)-박승규(우익수)-구자욱(좌익수)-최형우(지명타자)-르윈 디아즈(1루수)-강민호(포수)-김영웅(3루수)-심재훈(유격수)-양우현(2루수)이 선발 출전했다. 주전 2루수 류지혁이 8일 수비 과정에서 뇌진탕 증세를 보여 9일 경기에서 빠졌다. CT 촬영 결과에는 특이사항이 없었지만 움직임에 제약이 있어 9일 출근 후 치료만 받고 귀가했다. 평균자책점 2.77의 웰스, 최근 3경기에서 평균자책점 1.69를 기록하고 있는 원태인의 선발 맞대결인데 초반부터 득점 공방전이 펼쳐졌다. 두 팀 모두 4회까지 3점을 뽑았다. 웰스와 원태인 모두 5이닝 3실점에서 교체됐다. 웰스는 5이닝 5피안타 2볼넷 5탈삼진 3실점(2자책점), 원태인은 5이닝 8피안타 4탈삼진 3실점을 남기고 마운드에서 내려갔다. 삼성은 1회 1사 후 박승규의 좌익수 키를 넘기는 2루타와 구자욱의 좌전 적시타로 먼저 점수를 뽑았다. LG는 2회 '원태인 저격수'를 맡은 박동원 천성호의 연속 안타로 1사 2, 3루 역전 기회를 얻었다. 여기서 오지환이 2타점 적시타를 날려 경기를 뒤집었다. 3회에는 1사 만루에서 박동원의 희생플라이로 1점을 더 달아나 3-1이 됐다. 삼성이 차근차근 만회에 나섰다. 삼성은 3회 2사 후 최형우의 적시타로 1점 차로 따라가더니, 4회에는 강민호의 유격수 실책 출루와 김영웅의 안타에 이어 양우현의 희생플라이로 3-3 동점을 만들었다. 삼성은 LG 불펜을 공략해 역전에 성공했다. 6회 선두타자 전병우가 약셀 리오스를 상대로 볼넷을 골라냈다. 이어 강민호의 좌익수 왼쪽으로 빠지는 2루타 때 전병우가 1루에서 홈까지 단번에 파고들었다. 1사 3루에서는 대타 김성윤의 적시타가 터지면서 삼성이 5-3으로 점수 차를 벌렸다. 8회에는 김영웅의 쐐기포가 터졌다. 김영웅은 LG 마무리 손주영을 상대로 1사 주자 없는 상황에서 가운데 담장을 넘는 솔로포를 기록했다. 한가운데 실투를 놓치지 않았다. 부상으로 결장이 잦았던 김영웅의 개막 후 첫 홈런이었다. 삼성은 6회부터 불펜을 가동해 LG 타선을 제압했다. 6회 이승민, 7회 우완 이승현, 8회 김태훈까지 등판한 모든 불펜투수들이 자신이 맡은 이닝을 실점 없이 막았다. 9회말 나온 마무리 김재윤은 볼넷으로 위기를 자초하며 2점을 빼앗겼지만 1사 만루에서 천성호를 병살타로 잡고 어렵게 경기를 끝냈다. <저작권자 ⓒ SPOTV NEWS. 무단전재 및 재배포 금지>"
2026.07.09 22:26,"'승률 2리 차' 삼성, LG 꺾고 11년 만에 전반기 선두 차지",마니아타임즈,마지막 맞대결에서 승률 2리 차의 짜릿한 역전이 완성됐다. 삼성이 LG를 따돌리고 2026 신한 SOL KBO리그 전반기 1위를 극적으로 차지했다. 삼성은 9일 대구 삼성라이온즈파크에서 열린 LG와의 홈경기에서 6-5로 승리했다. 이로써 51승2무32패 승률 0.614를 기록한 삼성은 0.612의 LG를 2위로 밀어내고 하루 만에 선두를 되찾은 것이다. 삼성이 10개 구단 체제에서 전반기 1위에 오른 것은 2015년 이래 11년 만이다. 경기는 1위가 걸린 마지막 대결답게 팽팽했다. 삼성이 1회 선취점을 뽑자 LG가 2회 오지환의 적시타로 2-1로 뒤집은 것이다. 이후 삼성이 최형우의 적시타와 양우현의 희생플라이로 3-3 동점을 만들며 균형을 맞췄다. 승부를 가른 것은 강민호였다. 앞서 동점 득점을 올린 그가 6회 무사 1루에서 1타점 결승 2루타를 터뜨린 것이다. 삼성은 곧바로 대타 김성윤의 적시타로 5-3까지 달아났다. 8회에는 김영웅이 손주영을 상대로 시즌 1호 솔로포를 뽑아 6-3으로 승리를 굳혔다. LG도 끝까지 물러서지 않았다. 9회 박해민의 땅볼과 3연속 볼넷에 이은 밀어내기로 5-6까지 추격한 것이다. 그러나 1사 만루에서 천성호가 병살타로 물러나며 무릎을 꿇었다. [김선영 마니아타임즈 기자 / maniareport@naver.com] 기사제보 및 보도자료 report@maniareport.com
2026.07.09 22:26,"'안재석·강승호 투런포' 두산, SSG 7-0 완파…위닝시리즈로 전반기 ...",스포츠투데이,"[스포츠투데이 신서영 기자] 두산 베어스가 전반기 마지막 3연전을 위닝 시리즈로 장식했다. 두산은 9일 서울 잠실야구장에서 열린 2026 신한 SOL KBO리그 SSG 랜더스와 홈 경기에서 7-0으로 승리했다. 이로써 2연승을 달린 두산은 위닝 시리즈를 달성했다. 시즌 전적 44승 2무 41패가 된 두산은 5위를 유지했다. 반면 2연패에 빠진 SSG는 31승 3무 52패를 기록, 9위에 머물렀다. 두산의 선발투수 잭로그는 5이닝 5피안타 3사사구 6탈삼진 무실점으로 시즌 4승(5패)을 수확했다. 타선에선 안재석과 강승호가 투런포를 터뜨리며 승리를 이끌었다. SSG의 선발 해치는 3이닝 5피안타(2피홈런) 2사사구 3탈삼진 6실점(3자책)으로 패전의 멍에를 썼다. SSG가 잇따라 득점 기회를 놓쳤다. 1회초 김성욱의 안타와 고명준, 오태곤의 볼넷으로 2사 만루를 만들었지만 후속타 불발로 득점에는 실패했다. 2회초에도 기회를 살리지 못했다. 최지훈, 조형우의 연속 안타와 최지훈의 도루로 무사 1, 3루를 만든 뒤 1사 후 정준재가 사구로 출루해 만루를 채웠다. 하지만 김성욱과 최정이 모두 삼진으로 물러나며 아쉬움을 삼켰다. 위기를 넘긴 두산은 대포로 기선을 제압했다. 2회말 선두타자 양의지가 3루수 송구 실책으로 출루했고, 안재석이 해치의 2구째 147km 직구를 받아쳐 우중간 담장을 넘기는 투런포를 터뜨리며 선취점을 뽑았다. 박찬호의 볼넷과 도루로 이어진 2사 2루에서는 강승호가 비거리 135m의 좌월 투런포를 쏘아 올리며 4-0까지 달아났다. 두산의 흐름은 계속됐다. 3회말 1사 후 박준순의 내야안타와 양의지의 2루타, 안재석의 볼넷으로 만루를 만든 뒤 박찬호의 2타점 적시타로 6-0까지 격차를 벌렸다. 3회말 두산의 공격이 끝난 뒤 잠실야구장에는 갑작스러운 폭우가 쏟아졌다. 결국 경기는 오후 7시 46분 우천 중단됐고, 44분간 멈춘 끝에 오후 8시 30분 재개됐다. 중단에도 불구하고 두산의 흐름은 끊기지 않았다. 4회말에는 1사 1, 2루에서 박준순의 1타점 적시타로 7-0을 만들며 승기를 굳혔다. 이후 두 팀은 추가 득점 없이 팽팽한 투수전을 이어갔다. 두산은 7점 차 리드를 안고 9회초 마무리 투수 박신지를 투입했다. 박신지는 2사 후 김성욱에게 볼넷을 내줬지만 대타 이지영을 좌익수 뜬공으로 돌려세우며 팀의 승리에 마침표를 찍었다. [스포츠투데이 신서영 기자 sports@stoo.com]"
2026.07.09 22:24,[프로야구] 전적 종합(9일),뉴스1,(서울=뉴스1) 이상철 기자 = ◆잠실 SSG 000 000 000 | 0 두산 042 100 00X | 0 △승리투수=잭로그(4승5패) △패전투수=해치(1승3패) △홈런=안재석 4호(2회2점) 강승호 6호(2회2점·이상 두산) ◆대구 L G 021 000 002 | 5 삼성 101 102 01X | 6 △승리투수=이승민(4승) △세이브=김재윤(4승3패22세이브) △패전투수=리오스(1승2패2세이브) △홈런=김영웅 1호(8회1점·삼성) ◆부산 KIA 011 001 020 | 5 롯데 001 000 001 | 2 △승리투수=양현종(6승5패) △패전투수=김진욱(5승4패) △홈런=카스트로 6호(2회1점) 김도영 27호(6회1점) 나성범 17호(8회2점·이상 KIA) ◆대전 N C 000 002 200 | 4 한화 020 020 02X | 6 △승리투수=이상규(3승1패) △세이브=이민우(1승4패6세이브) △패전투수=토다(4승6패) △홈런=김형준 10호(6회2점) 박민우 5호(6회2점·이상 NC) rok1954@news1.kr
2026.07.09 22:24,[프로야구 대전전적] 한화 6-4 NC,연합뉴스,▲ 대전전적(9일) N C 000 002 200 - 4 한화 020 020 02X - 6 △ 승리투수 = 이상규(3승 1패) △ 세이브투수 = 이민우(1승 4패 6세이브) △ 패전투수 = 토다(4승 6패) △ 홈런 = 김형준 10호(6회2점) 박민우 5호(7회2점·이상 NC) (서울=연합뉴스) (끝) ▶제보는 카톡 okjebo
2026.07.09 22:22,"'2-0 리드→47분 중단' 결국에는 웃었다…한화, NC 제압! 전반기 ...",스포츠조선,"[대전=스포츠조선 이종서 기자] 한화 이글스가 5할 승률로 전반기를 마쳤다. 한화는 9일 대전 한화생명볼파크에서 열린 NC 다이노스와의 홈 경기에서 6대4로 승리했다. 6위 한화는 40승2무40패로 전반기를 마쳤다. 7위 NC는 한화와 순위를 바꿀 수 있었지만, 3연승 행진을 멈추며 39승1무42패를 기록했다. 이날 한화는 오재원(좌익수)-요나단 페라자(우익수)-문현빈(중견수)-강백호(지명타자)-노시환(3루수)-허인서(포수)-김태연(1루수)-이도윤(2루수)-심우준(유격수)이 선발 출전했다. NC는 김주원(유격수)-권희동(좌익수)-박민우(2루수)-블레인 크림(1루수)-박건우(우익수)-김휘집(3루수)-김형준(포수)-천재환(중견수)-고준휘(지명타자)가 선발 라인업에 이름을 올렸다. 2회말 한화가 선취점을 냈다. 1사 후 허인서가 투수 실책으로 출루에 성공했고, 김태연의 안타가 이어졌다. 이도윤이 삼진으로 돌아섰지만, 심우준과 오재원의 적시타로 2-0 리드를 잡았다. 경기 중 변수가 발생했다. 4회초에 돌입하기 전 갑작스럽게 빗줄기가 굵어졌고, 우천 중단이 됐다. 47분 경기가 멈춘 뒤에야 4회초에 돌입할 수 있었다. 한화는 5회말 추가점을 냈다. 심우준이 중전 안타를 쳤고, 포구 실책으로 이어졌다. 심우준은 3루에 안착. 이후 오재원의 적시타가 나왔다. 페라자가 아웃이 됐지만, 문현빈 타석에서 다시 한 번 중견수 실책이 나왔다. 오재원이 홈으로 들어오기에 충분한 시간이었다. NC는 홈런 두 방에 추격에 성공했다. 6회초 1사 후 박건우의 2루타가 나왔고, 김형준의 투런 홈런으로 이어졌다. 김형준의 시즌 10호 홈런. 김형준은 3년 연속 두 자릿수 홈런을 기록했다. 7회초에는 '캡틴'의 한 방이 터졌다. 2사 후 권희동의 볼넷이 나왔고, 박민우가 조동욱을 공략해 몬스터월을 넘겼다. 조동욱은 18경기 연속 무실점 행진을 멈추게 됐다. 점수는 4-4. 분위기가 NC로 넘어가는 듯 했지만, 8회말 한화가 다시 리드를 가지고 오며 승기를 잡았다. 2사 후 집중력이 빛났다. 2사에서 심우준이 안타를 치고 나갔고, 오재원이 적시 3루타를 치면서 흐름을 가지고 왔다. 이어 대타 황영묵의 적시타로 6-4까지 점수를 벌렸다. NC는 9회초 선두타자 천재환의 안타가 있었지만, 득점으로는 이어지지 않았다. 한화는 선발 오웬 화이트가 우천 중단 변수를 딛고 5이닝 무실점으로 호투를 펼쳤다. 이어 박상원(1이닝 2실점)-조동욱(⅔이닝 2실점)-이상규(1⅓이닝 무실점)-이민우(1이닝 무실점)가 차례로 올라와 승리를 지켰다. NC는 8일 우천 취소로 토다 나츠키를 불펜으로 기용하는 승부수를 띄웠지만 아쉬움을 삼켰다. 선발 구창모가 5이닝 4실점(1자책)을 했고 토다(2⅔이닝 2실점)-전사민(⅓이닝 무실점)이 차례로 등판했다. 대전=이종서 기자 bellstop@sportschosun.com"
2026.07.09 22:21,"'슈퍼루키 폭발했다' 오재원 3안타 3타점 펄펄…연패 끊은 한화, 5할 ...",OSEN,"[OSEN=대전, 조은혜 기자] 프로야구 한화 이글스가 NC 다이노스를 잡고 전반기 마지막 경기에서 승리, 5할 승률을 맞추고 후반기를 준비한다. 김경문 감독이 이끄는 한화는 9일 대전 한화생명 볼파크에서 2026 신한 SOL KBO리그 NC 다이노스와의 홈경기에서 6-4로 승리했다. 이날 승리로 2연패를 끊은 한화는 시즌 전적 40승40패2무를 만들었다. 반면 4연승에 실패한 NC는 39승42패1무, 7위로 전반기를 마무리했다. NC는 김주원(유격수) 권희동(좌익수) 박민우(2루수) 블레인(1루수) 박건우(우익수) 김휘집(3루수) 김형준(포수) 천재환(중견수) 고준휘(지명타자) 순으로 선발 라인업을 구성했다. 구창모가 선발투수로 등판했다. 한화는 오웬 화이트가 선발로 나섰고, 오재원(좌익수) 페라자(우익수) 문현빈(중견수) 강백호(지명타자) 노시환(3루수) 허인서(포수) 김태연(1루수) 이도윤(2루수) 심우준(유격수) 순으로 선발 라인업을 구성했다. 한화는 2회말 2점을 내고 앞섰다. 선두 노시환이 헛스윙 삼진으로 물러났으나 허인서가 구창모의 송구 실책으로 출루했다. 이후 한화가 김태연의 중전안타로 1·2루 찬스를 잡았고, 이도윤 삼진 후 심우준과 오재원의 연속 적시타로 2-0을 만들었다. NC는 3회초 고준휘 중전안타 후 김주원 투수 앞 땅볼, 권희동 볼넷, 박민우 2루수 땅볼로 2사 2·3루 찬스를 만들었다. 그러나 블레인이 헛스윙 삼진으로 돌아서면서 점수로 연결하지는 못했다. 3회말 한화는 선두 문현빈이 중전안타를 치고 나갔으나 견제사를 당했고, 강백호가 볼넷으로 출루했으나 노시환의 병살타로 이닝을 끝냈다. 이후 비가 내려 오후 7시 33분부터 경기가 중단됐다 오후 8시 20분 재개됐다. 한화는 5회말 NC의 실책을 틈타 2점을 더 달아났다. 선두 심우준이 구창모의 초구를 받아쳐 중전안타를 만들었는데, 중견수 천재환이 이 공을 흘리면서 심우준이 3루까지 진루했다. 이어 나온 오재원의 안타에 곧바로 홈인. 이후 문현빈의 안타 때도 천재환이 공을 흘리면서 오재원이 홈을 밟았다. NC는 화이트가 내려간 6회초 추격을 시작했다. 박상원 상대 박건우가 우전 2루타로 출루한 2사 2루 상황, 김형준이 1볼-2스트라이크의 불리한 카운트에서 4구 150km/h 직구를 받아쳐 좌중간 담장을 넘어가는 투런포를 터뜨렸다. 김형준의 3시즌 연속 두 자릿 수 홈런을 만드는 10호 홈런으로, 점수는 2-4. 점수 차를 좁힌 NC는 또 한 방의 홈런으로 승부를 원점으로 돌렸다. 7회초 조동욱 상대 이우성이 초구 아웃, 김주원이 4구에 삼진 아웃됐으나 권희동이 볼넷으로 걸어나갔고, 박민우가 조동욱의 6구 127km/h 슬라이더를 받아쳐 몬스터월을 넘어가는 투런포를 터뜨렸다. 4-4 동점. 5월 23일 대전 두산전부터 이어진 조동욱의 18경기 연속 무실점 행진도 끝이 났다. 균형은 8회말에 깨졌다. 전날 선발 예정이었으나 비로 등판이 밀린 토다가 이날 구창모 뒤로 6회부터 던졌고, 8회에도 올라와 김태연과 이도윤을 각각 3루수 땅볼, 우익수 뜬공으로 처리했다. 하지만 심우준 우전안타 후 오재원의 3루타로 한화가 5-4 리드를 되찾았고, 바뀐 투수 전사민 상대 대타 황영묵의 적시타에 오재원까지 들어와 한화가 6-4를 만들었다. 리드를 가져온 한화는 9회초 마무리 이민우가 올라와 그대로 경기를 끝냈다. 선두 천재환에게 중전안타를 허용했으나 이우성을 좌익수 뜬공 처리했고, 김주원에게 병살타를 이끌어내면서 그대로 경기를 끝냈다. 이날 한화는 화이트가 5이닝 무실점을 기록, 이상규와 이민우가 각각 1⅓이닝, 1이닝 무실점으로 승리와 세이브를 작성했다. 리드오프로 선발 출전한 오재원이 3안타 3타점으로 개인 한 경기 최다 타점을 기록했고, 심우준도 3안타 1타점 2득점으로 팀 승리를 이끌었다. /thecatch@osen.co.kr"
2026.07.09 22:21,"한화, 전반기 5할+6위 수성! '1R 신인' 대형 사고 쳤다!…NC 6...",엑스포츠뉴스,"(엑스포츠뉴스 대전, 김근한 기자) 한화 이글스가 1라운더 신인 외야수 오재원의 3안타 3타점 맹활약 속에 NC 다이노스를 꺾고 전반기 5할과 6위 수성에 성공했다. 한화는 9일 대전 한화생명볼파크에서 2026 신한 SOL뱅크 KBO리그 NC전을 치러 6-4로 승리했다. 이날 승리로 한화는 시즌 40승2무40패로 리그 6위 자리를 유지한 채 전반기를 마쳤다. 이날 한화는 오재원(좌익수)~요나단 페라자(우익수)~문현빈(중견수)~강백호(지명타자)~노시환(3루수)~허인서(포수)~김태연(1루수)~이도윤(2루수)~심우준(유격수)으로 이어지는 선발 타순을 앞세워 NC 선발 투수 구창모와 맞붙었다. 한화는 지난 8일 우천에 따른 그라운드 사정 취소로 선발 등판이 취소된 왕옌청을 불펜으로 활용하지 않고 미출전 선수로 올렸다. 한화 김경문 감독은 ""(왕옌청은) 휴식을 더 빨리 주고 싶었는데 이번 기회에 오늘 아예 출전 선수 명단에서 빼 버렸다. 올스타 휴식기와 맞물려서 자연스럽게 휴식을 취해주는 게 좋지 않겠나 싶었다""고 전했다. 이에 맞선 NC는 김주원(유격수)~권희동(좌익수)~박민우(2루수)~블레인 크림(1루수)~박건우(우익수)~김휘집(3루수)~김형준(포수)~천재환(중견수)~고준휘(지명타자)로 이어지는 선발 타순을 구성해 한화 선발 투수 오웬 화이트와 상대했다. 전날 취소됐던 경기 선발 라인업과 비교해 지명타자 자리에 이우성이 빠지고 고준휘가 들었다. 고준휘는 지난 7일 대전 한화전에서 결승 3점 홈런을 때리는 활약상을 펼쳤다. NC 이호준 감독은 ""아무래도 상대 선발이 좌완에서 우완으로 바뀌는 점을 고려했다. 상대 선발이 어려운 공이긴 한데 이틀 전 홈런을 친 분위기를 한 번 또 이어갈까 싶어서 고준휘를 넣었다""라며 ""어제 선발 등판하려고 했던 토다는 오늘 구창모 바로 뒤에서 불펜 대기한다""고 설명했다. NC는 1회초 김주원이 헛스윙 삼진을 당한 뒤 권희동과 박민우가 연속 범타로 물러나 삼자범퇴 이닝에 그쳤다. 한화는 1회말 1사 뒤 페라자가 우전 안타로 첫 출루한 뒤 문현빈의 진루타로 2사 2루 첫 득점권 기회를 맞이했다. 하지만, 강백호가 좌익수 뜬공으로 물러나 득점을 만들지 못했다. NC는 2회초 블레인과 박건우의 연속 안타, 그리고 김휘집의 희생 번트로 1사 2, 3루 기회를 맞이했다. 하지만, 김형준과 천재환이 각각 헛스윙 삼진과 3루수 땅볼에 그쳐 득점 없이 이닝을 마쳤다. 선취점은 한화의 몫이었다. 한화는 2회말 상대 투수 송구 실책과 김태연의 안타로 만든 2사 1, 2루 기회에서 심우준과 오재원의 연속 적시타로 2-0 리드를 먼저 잡았다. NC는 고준휘의 중전 안타와 권희동의 볼넷, 그리고 박민우의 진루타로 만든 2사 2, 3루 기회에서 블레인이 헛스윙 삼진을 당해 또 득점에 실패했다. 한화는 3회말 선두타자 문현빈이 중전 안타를 친 뒤 견제사 아웃을 당해 아쉬움을 삼켰다. 이어 강백호가 볼넷으로 걸어 나갔지만, 후속타자 노시환이 유격수 방면 병살타를 때려 이닝을 마쳤다. 4회초 시작 전 갑작스러운 폭우로 우천 중단이 이뤄졌다. 오후 7시33분에 중단된 경기는 오후 8시20분 재개됐다. 4회초와 4회말 양 팀 공격이 무득점으로 끝난 가운데 NC는 5회초 선두타자 고준휘가 우전 안타로 출루했지만, 후속타 불발로 득점 없이 이닝을 끝냈다. 한화는 추가 득점을 뽑았다. 한화는 5회말 선두타자 심우준의 중전 안타 때 상대 중견수 포구 실책으로 무사 3루 기회를 얻었다. 이어 오재원이 1타점 우전 적시타를 때려 추가 득점이 나왔다. 한화는 이어진 1사 1루 상황에서 문현빈의 좌중간 안타 뒤 또 나온 상대 중견수 포구 실책을 틈타 추가 득점을 또 만들어 4-0까지 달아났다. 반격에 나선 NC는 6회초 박건우의 2루타로 2사 2루 기회를 맞이했다. 이후 김형준이 바뀐 투수 박상원의 4구째 150km/h 속구를 노려 비거리 120m짜리 좌월 2점 홈런을 쏘아 올려 추격 득점에 성공했다. 한화는 6회말 허인서의 우중간 2루타와 심우준의 볼넷으로 만든 2사 1, 2루 기회에서 오재원이 유격수 뜬공으로 물러나 득점에 실패했다. NC는 7회초 2사 뒤 권희동의 볼넷으로 만든 2사 1루 상황에서 박민우가 바뀐 투수 조동욱을 상대로 6구째 127km/h 슬라이더를 통타해 비거리 120m짜리 우월 2점 홈런을 날려 2-2 동점을 이끌었다. 팽팽하던 승부는 8회말 다시 소용돌이 속에 빠졌다. 한화는 8회말 2사 뒤 심우준이 우중간 안타로 출루했다. 이어 오재원이 우중간을 가르는 1타점 적시 3루타로 다시 앞서가는 득점을 만들었다. 이후 대타 황영묵이 우전 적시타를 때려 한 점을 더 도망갔다. 한화는 9회초 마운드에 마무리 투수 이민우를 올려 경기를 마무리했다. 사진=한화 이글스 김근한 기자 forevertoss88@xportsnews.com"
2026.07.09 22:21,"6위 수성한 채 전반기 마쳤다!…‘오재원 3안타 3타점’ 한화, NC 꺾...",MK스포츠,"한화가 기분좋게 올스타 브레이크를 맞이하게 됐다. 김경문 감독이 이끄는 한화 이글스는 9일 대전 한화생명 볼파크에서 열린 2026 프로야구 KBO리그 정규시즌 홈 경기에서 이호준 감독의 NC 다이노스를 6-4로 제압했다. 이로써 2연패에서 벗어난 한화는 40승 2무 40패를 기록, 5할 승률을 맞춤과 동시에 6위를 수성한 채 전반기를 마치게 됐다. 반면 4연승이 좌절된 NC는 42패(39승 1무)째를 떠안았다. 한화는 투수 오웬 화이트와 더불어 오재원(좌익수)-요나단 페라자(우익수)-문현빈(중견수)-강백호(지명타자)-노시환(3루수)-허인서(포수)-김태연(1루수)-이도윤(2루수)-심우준(유격수)으로 선발 명단을 꾸렸다. 이에 맞서 NC는 김주원(유격수)-권희동(좌익수)-박민우(2루수)-블레인 크림(1루수)-박건우(우익수)-김휘집(3루수)-김형준(포수)-천재환(중견수)-고준휘(지명타자)로 타선을 구축했다. 선발투수는 구창모. 기회는 NC에게 먼저 다가왔다. 2회초 블레인의 좌중월 안타와 박건우의 우전 안타, 김휘집의 희생 번트로 1사 2, 3루가 연결된 것. 단 김형준, 천재환이 삼진, 3루수 땅볼로 돌아서며 득점과 인연을 맺지 못했다. 위기를 넘긴 한화는 2회말 기선제압에 성공했다. 허인서의 땅볼 타구에 나온 상대 투수의 송구 실책과 김태연의 중전 안타로 완성된 2사 1, 2루에서 심우준, 오재원이 1타점 좌전 적시타, 1타점 중전 적시타를 때렸다. 3회말이 끝난 오후 7시 33분에는 승부에 영향을 줄 수 있는 변수가 발생했다. 빗줄기가 굵어지며 경기가 중단된 것. 다행히 비는 곧 잦아들었고, 정비 작업을 거친 뒤 오후 8시 20분 재개됐다. 잠시 숨을 고르던 한화는 5회말 점수 차를 벌렸다. 심우준의 중전 안타와 상대 중견수의 포구 실책으로 만들어진 무사 3루에서 오재원이 1타점 중전 적시타를 쳤다. 페라자의 유격수 플라이로 이어진 1사 1루에서는 문현빈이 좌중월 안타를 쳤는데, 이때 상대 중견수의 포구 실책이 겹친 틈을 타 오재원이 홈을 파고들었다. 연달아 일격을 당한 NC는 6회초 추격에 시동을 걸었다. 1사 후 박건우가 좌중월 2루타로 포문을 열었다. 이어 김휘집은 삼진으로 돌아섰지만, 김형준이 비거리 120m의 좌중월 투런포를 쏘아올렸다. 김형준의 시즌 10호포. 분위기를 추스른 NC는 7회초 경기 균형을 맞췄다. 2사 후 권희동이 볼넷을 골라 출루하자 박민우가 오른쪽 몬스터 월을 살짝 넘기는 비거리 120m의 동점 투런포(시즌 5호)를 날렸다. 하지만 승리를 향한 한화의 열망은 컸다. 8회말 2사 후 심우준이 우중월 안타로 물꼬를 트자 오재원이 우중간을 가르는 1타점 적시 3루타를 작렬시켰다. 이어 대타 황영묵도 1타점 우전 적시타를 쳤다. 다급해진 NC는 9회초 만회점을 뽑기 위해 사력을 다했으나, 더 이상의 득점 소식은 들리지 않았다. 그렇게 한화는 기분좋게 전반기를 마무리하게 됐다. 한화 선발투수 화이트는 88개의 공을 뿌리며 5이닝을 5피안타 1사사구 4탈삼진 무실점으로 막아냈다. 이어 박상원(1이닝 2실점)-조동욱(0.2이닝 2실점)-이상규(승, 1.1이닝 무실점)-이민우(세, 1이닝 무실점)가 마운드를 지킨 가운데 타선에서는 단연 결승타의 주인공 오재원(5타수 3안타 3타점)이 빛났다. 이 밖에 심우준(3타수 3안타 1타점), 문현빈(5타수 2안타)도 뒤를 든든히 받쳤다. NC는 불펜으로 등판한 토다 나츠키(2.2이닝 4피안타 2사사구 4탈삼진 2실점)가 8회말 흔들린 점이 뼈아팠다. 시즌 6패(4승)가 따라왔다. 김형준(4타수 2안타 1홈런 2타점), 박민우(4타수 1안타 1홈런 2타점), 고준휘(2타수 2안타)는 분전했지만, 팀 패배를 막기엔 힘이 모자랐다. [이한주 MK스포츠 기자] [ⓒ MK스포츠, 무단전재 및 재배포 금지]"
2026.07.09 22:12,"5연속 위닝 미쳤다! 두산 최고의 전반기 피날레, 안재석 결승 투런포+잭...",OSEN,"[OSEN=잠실, 이후광 기자] 두산 김원형호가 전반기를 기분 좋게 마무리지었다. 프로야구 두산 베어스는 9일 서울 잠실구장에서 열린 2026 신한 SOL KBO리그 SSG 랜더스와의 시즌 9차전에서 7-0 완승을 거뒀다. 5위 두산은 2연승과 함께 5연속 위닝시리즈에 성공하며 전반기를 기분 좋게 마무리했다. 시즌 44승 2무 41패. 반면 2연패에 빠진 9위 SSG는 31승 3무 52패가 됐다. 홈팀 두산은 SSG 선발 토마스 해치 상대 김민석(좌익수) 정수빈(중견수) 박준순(2루수) 양의지(포수) 안재석(3루수) 박찬호(유격수) 김인태(지명타자) 류승민(우익수) 강승호(1루수) 순의 선발 라인업을 꾸렸다. 전날과 비교해 손아섭이 빠지고 류승민이 복귀했다. 원정길에 나선 SSG는 두산 좌완 선발 잭로그를 맞아 정준재(2루수) 김성욱(좌익수) 최정(지명타자) 고명준(3루수) 오태곤(1루수) 채현우(우익수) 최지훈(중견수) 조형우(포수) 박성한(유격수) 순의 오더를 제출했다. 외국인타자 길레르로 에레디아는 왼쪽 어깨 회전근개 손상 소견을 받아 1군 엔트리에서 제외됐다. 2주 뒤 재검진을 받는 스케줄이 잡혔다. 초반 흐름을 SSG가 차지할 수 있었으나 1회초, 2회초 만루 기회가 모두 득점권 빈타에 무산됐다. 1회초 김성욱이 안타와 도루, 고명준이 8구 끝 볼넷, 오태곤이 9구 끝 볼넷으로 만루를 채웠지만, 채현우가 초구 우익수 뜬공으로 이닝을 끝냈다. 2회초 선두타자 최지훈, 조형우의 연속 안타, 정준재의 사구로 맞이한 1사 만루는 김성욱, 최정이 연달아 헛스윙 삼진을 당해 무산됐다. 두산이 2회말 기선을 제대로 제압했다. 선두타자 양의지가 3루수 고명준의 1루 송구 실책으로 출루한 가운데 안재석이 0의 균형을 깨는 선제 투런포를 날렸다. 해치의 초구 스트라이크를 지켜본 뒤 2구째 147km 하이패스트볼을 받아쳐 비거리 130m 우월 홈런으로 연결했다. 5월 1일 고척 키움 히어로즈전 이후 약 두 달 만에 나온 시즌 4호 홈런이었다. 두산은 박찬호의 7구 끝 볼넷으로 기회를 이어갔다. 김인태, 류승민이 연달아 삼진으로 물러난 상황에서 강승호가 2점홈런으로 격차를 벌렸다. 볼카운트 1B-1S에서 해치의 3구째 가운데로 몰린 슬라이더(138km)를 공략해 비거리 135m 좌월 홈런을 쏘아 올렸다. 3일 고척 키움전 이후 엿새 만에 시즌 6호포를 신고했다. 3회말에는 1사 후 박준순이 3루수 내야안타, 양의지가 2루타, 안재석이 볼넷으로 만루 밥상을 차렸다. 이어 박찬호가 중견수 방면으로 달아나는 2타점 적시타를 때려냈다. 4회초가 시작되려던 찰나 폭우가 쏟아지며 약 45분 간 경기가 중단된 잠실. 비는 두산 타선의 화력을 꺾을 수 없었다. 해치가 내려가고 최민준이 올라온 4회말 선두타자 강승호가 좌전안타, 김민석이 사구로 무사 1, 2루에 위치했다. 강승호가 견제사를 당한 가운데 정수빈이 볼넷으로 다시 1, 2루를 만들었고, 박준순이 1타점 좌전 적시타에 성공했다. 두산 선발 잭로그는 5이닝 5피안타 3사사구 6탈삼진 무실점 84구 호투로 시즌 4승(5패)째를 챙겼다. 이어 이용찬(1이닝 무실점)-김정우(1이닝 무실점)-타카다 타쿠로(1이닝 무실점)-박신지(1이닝 무실점) 순으로 뒤를 지켰다. 타선에서는 박준순이 4타수 3안타 1타점 1득점, 강승호가 3타수 2안타(1홈런) 2타점 1득점 1볼넷으로 활약했다. 안재석은 결승홈런의 주인공이 됐다. SSG 선발 해치는 3이닝 5피안타(2피홈런) 2볼넷 3탈삼진 6실점(3자책) 62구 난조 속 시즌 3패(1승)째를 당했다. 2025시즌에 앞서 메디컬테스트 불합격을 이유로 계약 해지된 두산을 처음 만나 고전했다. 두산은 당시 해치 대신 잭로그를 영입했는데 계약해지 더비를 맞아 잭로그가 판정승을 거뒀다. 두 팀은 10일부터 15일까지 올스타 휴식기를 갖는다. 10일 퓨처스 올스타전, 11일 올스타전이 야구팬들을 기다리고 있다. /backlight@osen.co.kr"
2026.07.09 22:11,[프로야구 잠실전적] 두산 7-0 SSG,연합뉴스,▲ 잠실전적(9일) SSG 000 000 000 - 0 두산 042 100 00X - 7 △ 승리투수 = 잭 로그(4승 5패) △ 패전투수 = 해치(1승 3패) △ 홈런 = 안재석 4호(2회2점) 강승호 6호(2회2점·이상 두산) (서울=연합뉴스) (끝) ▶제보는 카톡 okjebo
2026.07.09 22:11,"'강민호 결승타+김영웅 쐐기포' 삼성, LG에 6-5 신승…1위로 전반기...",스포츠투데이,"[스포츠투데이 신서영 기자] 삼성 라이온즈가 LG 트윈스를 꺾고 전반기를 단독 선두로 마무리했다. 삼성은 9일 대구 삼성라이온즈파크에서 열린 2026 신한 SOL KBO리그 LG와 홈 경기에서 6-5로 승리했다. 이로써 삼성은 51승 2무 32패를 기록, LG(52승 33패)를 제치고 전반기를 단독 선두로 마감했다. 삼성의 선발 원태인은 5이닝 8피안타 1사사구 4탈삼진 3실점으로 승패 없이 물러났다. 두 번째 투수로 나선 이승민이 1이닝 1사사구 1탈삼진 무실점으로 승리투수가 됐다. 타선에선 강민호가 결승타 포함 3타수 2안타 1타점 2득점으로 승리를 이끌었다. 김영웅도 시즌 첫 아치를 그리며 힘을 보탰다. LG의 선발로 나선 웰스는 5이닝 5피안타 2사사구 5탈삼진 3실점(2자책)을 했다. 리오스가 0.1이닝 2피안타 1사사구 2실점으로 패전의 멍에를 썼다. 기선을 제압한 팀은 삼성이었다. 1회말 1사 후 박승규가 좌전 2루타를 때려낸 뒤 구자욱의 적시타 때 홈을 밟으며 선취점을 뽑았다. LG는 곧바로 반격했다. 2회초 박동원의 안타와 천성호의 2루타로 2사 2, 3루 찬스를 만들었고, 오지환이 우중간 적시타로 주자 2명을 모두 홈으로 불러들이며 2-1로 경기를 뒤집었다. 기세를 탄 LG는 3회초 추가점을 올렸다. 홍창기와 박해민의 연속 안타, 오스틴의 사구로 무사 만루를 만든 뒤 박동원의 희생플라이로 한 점을 추가하며 3-1로 달아났다. 삼성도 쉽게 물러서지 않았다. 3회말 2사 1, 3루에서 최형우의 적시타로 한 점을 만회한 데 이어 4회말 1사 1, 3루에서는 양우현의 희생플라이로 3-3 균형을 맞췄다. 흐름을 가져온 삼성이 승부를 뒤집었다. 6회말 선두타자 전병우가 볼넷을 골라냈고, 강민호가 좌전 2루타를 터뜨리며 4-3으로 앞서 나갔다. 이어 김성윤의 적시타 때 강민호가 홈을 밟으며 5-3으로 점수 차를 벌렸다. 삼성이 승기를 굳혔다. 8회말 1사 후 김영웅이 바뀐 투수 손주영의 초구 150km 직구를 받아쳐 가운데 담장을 넘기는 솔로 홈런을 쏘아 올리며 승부에 쐐기를 박았다. 3점 차 리드를 안은 삼성은 9회초 마무리 투수로 김재윤을 투입했다. 그러나 LG도 끝까지 포기하지 않았다. 선두타자 문성주가 9구까지 가는 접전 끝에 볼넷으로 출루했고, 홍창기도 좌전 2루타를 때려내며 무사 2, 3루 찬스를 만들었다. 이어 박해민의 내야 땅볼 때 3루 주자 문성주가 홈을 밟으며 1점을 만회했다. 삼성의 마운드는 계속 흔들렸다. 오스틴과 송찬의가 연속 볼넷을 얻어 1사 만루가 됐다. 이후 박동원이 밀어내기 볼넷을 골라내며 5-6, 한 점 차까지 따라붙었다. 하지만 계속된 1사 만루에서 천성호가 초구를 공략했지만 유격수 병살타로 물러나면서 경기는 삼성의 6-5 승리로 막을 내렸다. [스포츠투데이 신서영 기자 sports@stoo.com]"
2026.07.09 22:09,"'김도영 27호포·양현종 192승' KIA, 롯데 5-2 꺾고 4연패 탈...",마니아타임즈,이어지던 연패를 끊고 홀가분하게 전반기를 마쳤다. KIA가 롯데를 5-2로 꺾고 4연패에서 벗어났다. KIA는 9일 부산 사직구장에서 열린 2026 신한 SOL KBO리그 롯데와의 방문 경기에서 5-2로 이겼다. 이로써 45승2무39패로 4위에 오른 KIA는 8위 롯데와 함께 올스타 휴식기를 맞이한다. KIA는 초반부터 앞서 나갔다. 2회 카스트로의 솔로포로 선취점을 뽑은 것이다. 이어 2-1로 앞선 6회 김도영이 시즌 27호 솔로포로 달아났다. 김진욱의 초구를 잡아당겨 비거리 130m짜리 대포를 쏘아 올린 것이다. 일주일 만에 홈런을 재가동한 김도영은 오스틴 딘과 홈런 공동 선두에 복귀했다. 그는 3회에도 적시타를 더해 2안타 2타점으로 활약했다. 승부에 쐐기를 박은 것은 나성범이었다. 8회 좌월 투런포로 점수 차를 벌린 것이다. 이날 선발 양현종이 5이닝 1실점으로 롯데 타선을 막아 시즌 6승이자 통산 192승을 챙겼다. 반면 롯데 선발 김진욱은 6이닝 3실점으로 잘 던지고도 패전을 안았다. [장성훈 선임기자/seanmania2020@maniareport.com] 기사제보 및 보도자료 report@maniareport.com
2026.07.09 22:09,"'노게임 됐으면 어쩔 뻔' 두산, 압도적 승리로 전반기 마감... SSG...",스타뉴스,"[스타뉴스 | 잠실=안호근 기자] 두산 베어스가 완벽한 엔딩으로 전반기를 마쳤다. 선발 투수의 깔끔한 투구와 타선의 화끈한 타격, 불펜의 릴레이 무실점 투구로 100점짜리 승리를 챙겼다. 두산은 9일 서울시 송파구 잠실야구장에서 열린 SSG 랜더스와 2026 신한 SOL KBO리그 홈경기에서 7-0 완승을 거뒀다. 2연승의 두산은 44승 41패 2무를 기록, 4위 KIA 타이거즈와 승차를 2경기로 유지한 채 전반기를 5위로 마감했다. 반면 SSG는 9연패를 끊어낸 뒤 다시 2연패에 빠지며 31승 52패 3무로 9위에 머물렀다. 두산은 이날 김민석(좌익수)-정수빈(중견수)-박준순(2루수)-양의지(지명타자)-안재석(3루수)-박찬호(유격수)-김인태(지명타자)-류승민(우익수)-강승호(1루수)로 타선을 구성했다. 선발 잭로그가 선발 등판했다. SSG는 정준재(2루수)-김성욱(좌익수)-최정(지명타자)-고명준(3루수)-오태곤(1루수)-채현우(우익수)-최지훈(중견수)-조형우(포수)-박성한(유격수)으로 맞섰다. 토마스 해치가 선발로 나섰다. SSG는 경기 초반부터 잭로그를 괴롭혔다. 1회 1사에서 김성욱이 우전 안타에 이어 2루를 훔쳤고 2사에서 고명준이 8구, 오태곤이 9구 승부 끝에 연이어 볼넷을 얻어냈다. 그러나 잭로그는 채현우를 우익수 뜬공으로 돌려세우며 2사 만루 위기를 실점 없이 지워냈다. 2회에도 잭로그는 최지훈과 조형우에게 연속 안타를 맞으며 불안하게 시작했고 1사에서 정준재에게 몸에 맞는 공을 허용ㅎ애 1사 만루 위기를 자초했으나 김성욱을 커터, 최정을 하이 패스트볼로 연속 삼진으로 돌려세웠다. 2이닝 연속 잔루 3개를 남긴 SSG가 감당해야 할 대가는 컸다. 2회말 선두 타자 양의지의 타구를 3루수 고명준이 잘 잡아낸 뒤 송구 실책을 범했고 이후 해치는 안재석에게 선제 투런 홈런을 맞았다. 안재석의 시즌 4번째 홈런. 비거리 130m의 대형 아치였다. 이번엔 볼넷이 화근이 됐다. 해치는 박찬호와 7구 승부 끝 볼넷을 내줬고 김인태와 류승민을 연이어 삼진으로 돌려세웠으나 강승호의 던진 슬라이더가 가운데로 몰리며 다시 한 번 홈런포에 고개를 숙였다. 2사 2루에서 강승호의 타구는 좌중간 담장을 넘기는 비거리 135m의 대형 투런포가 됐다. 강승호의 시즌 6번째 홈런이었다. SSG는 3회초에도 득점하지 못했고 두산은 3회말 1사에서 박준순의 내야 안타에 이어 양의지의 2루타로 1사 2,3루 기회를 잡았고 안재석의 볼넷에 이어 박찬호의 2타점 적시타로 6-0까지 달아났다. 양 팀의 희비가 갈리는 또 다른 순간이 있었다. 갑작스레 빗줄기가 굵어졌고 오후 7시 46분 4회초를 앞두고 경기가 중단된 것. 두산은 6점 차로 앞서 있고 SSG는 선발이 무너진 상황이었기에 경기 재개 여부를 바라보는 마음은 다를 수밖에 없었다. 그러나 10분여를 기다린 끝에 빗줄기가 잦아들었고 방수포를 걷기 시작했다. 다만 그라운드 정비를 위해 30분 가량의 시간이 더 필요했다. 최초 경기 중단 후 44분이나 걸려 재개된 경기. 잭로그가 다시 마운드에 올랐다. 어깨가 식었을 법도 했지만 삼자범퇴로 깔끔히 이닝을 마쳤다. SSG는 해치를 대신해 최민준을 다음 투수로 등판시켰다. 4회를 삼자범퇴, 5회도 1사 2루에서 실점 없이 막아내 5이닝을 채우고 승리 요건을 챙겼다. 전반기 마지막 경기였고 비로 인한 중단도 있었기에 잭로그를 무리시킬 필요가 없었다. 투구수는 84구에 불과했지만 두산은 6회부터 불펜을 가동했다. 이용찬이 6회, 김정우가 7회, 타카다 타쿠토가 8회를 책임졌다. 8회 오태곤에게 볼넷, 최지훈에게 몸에 맞는 공을 허용해 2사 1,2루 위기에 몰렸으나 조형우를 삼진으로 돌려세워 스스로 불을 껐다. 타카다의 시속 146㎞ 직구에 우측 손목 부위를 맞고 괴성을 내지르며 통증을 호소한 최지훈은 곧바로 교체됐다. 9회초 두산은 박신지를 마운드에 올려 실점 없이 기분 좋은 승리를 거뒀다. 5이닝 무실점 호투한 잭로그는 시즌 4승(5패)째를 챙겼다. 잠실=안호근 기자 oranc317@mtstarnews.com"
2026.07.09 22:08,"'완벽' 두산 5연속 위닝으로 전반기 마무리, SSG에 7-0 완승......",마이데일리,"[마이데일리 = 잠실 심혜진 기자] 두산 베어스가 5연속 위닝시리즈와 함께 전반기를 마무리했다. 두산은 9일 서울 잠실구장에서 열린 2026 신한 SOL KBO리그 SSG 랜더스와 경기서 7-0 완승을 거뒀다. 이로써 2연승에 성공한 두산은 44승41패2무를 기록했다. 5연속 위닝시리즈로 전반기를 마무리했다. 반면 SSG는 2연패에 빠졌고, 31승52패3무를 마크했다. 타선의 힘이 컸다. 홈런 2방 포함 8안타를 쳤다. 박준순이 3안타 맹타를 휘둘렀고, 안재석과 강승호가 홈런 포함 2타점을 올렸다. 선발 잭 로그는 약 40분의 우천 중단에도 5이닝 5피안타 2볼넷 6탈삼진 무실점 호투로 시즌 4승을 챙겼다. 이날 두산은 1회와 2회 만루 위기를 맞았다. 선발 잭 로그가 흔들렸지만 실점 없이 막아내자 두산에게 기회가 왔다. 2회 홈런 두 방이 터졌다. 선두타자 양의지가 실책으로 출루한 뒤 안재석이 투런포를 날렸다. SSG 선발 해치의 2구째 직구를 노려 우중간 담장을 넘겼다. 시즌 4호. 이어 박찬호가 볼넷을 골라나가며 다시 기회를 만들었다. 김인태와 류승민이 연속 삼진으로 물러났지만 강승호가 해치의 138km 슬라이더를 공략해 좌측 펜스를 넘기는 또 하나의 2점 홈런을 작렬시켰다. 시즌 6호. 비거리 135m의 큰 홈런이었다. 2회 홈런 두 방으로 4-0으로 앞서나갔다. 3회에 더 달아났다. 1사 후 박준순 내야 안타와 양의지 2루타, 안재석 볼넷으로 만루 찬스를 잡았다. 여기서 박찬호가 2타점 적시타를 쳐 6-0으로 격차를 벌렸다. 3회말 종료 후 갑작스럽게 비가 쏟아지기 시작했다. 두산 선수들이 수비를 하러 나왔지만 심판진들이 우천 중단을 선언하면서 철수했다. 오후 7시 46분 우천 중단됐다. 얼마 지나지 않아 비가 소강상태로 접어들었다. 오후 8시경부터 그라운드 재정비에 들어갔다. 오후 8시 30분 재개됐다. 두산 방망이는 흐름이 끊기지 않았다. 4회말 더욱 격차를 벌렸다. 1사 1, 2루에서 박준순이 바뀐 투수 최민준을 상대로 적시타를 쳤다."
2026.07.09 22:08,"안재석·강승호 투런포 터졌다…두산, 전반기 마지막 3연전서 위닝시리즈 수...",스포츠동아,"[잠실=스포츠동아 장은상 기자] 두산 베어스가 전반기 마지막 3연전을 위닝시리즈로 마쳤다. 두산은 9일 잠실구장서 열린 ‘2026 신한 SOL KBO리그’ SSG 랜더스전서 2회말 터진 안재석과 강승호의 투런포 두 방 등을 앞세워 최종 7-0으로 크게 이겼다. 이로써 두산은 SSG와 전반기 마지막 주중 3연전을 2승1패로 마치며 위닝시리즈를 거뒀다. 전반기 성적은 44승2무41패로 5위다. 반면, SSG는 지난 7일 경기서 승리하며 9연패서 탈출했으나 8~9일 경기를 내리 패해 다시 연패 늪에 빠졌다. 전반기 성적은 31승3무52패로 9위다. 두산은 경기 초반부터 타선이 대거 폭발하며 기선제압에 성공했다. 2회말 무사 1루 상황에서 타석에 들어선 안재석이 SSG 선발투수 토마스 해치를 상대로 우중간 담장을 넘기는 선제 2점 홈런을 날렸다. 이후 2사 2루 찬스에서는 강승호가 다시 해치를 상대로 좌월 투런포를 터트려 4-0까지 점수 차를 벌렸다. 3회말에도 두산의 화력은 식지 않았다. 1사 이후 박준순과 양의지가 연속 안타를 날렸고, 안재석이 볼넷까지 얻으면서 1사 만루 찬스가 만들어졌다. 후속타자 박찬호가 좌중간에 떨어지는 2타점 적시타를 때려 두 점을 더 보탰다. 두산은 4회말 1사 1·2루 찬스에서 박준순이 1타점 적시 좌전 안타를 때려 승부에 쐐기를 박았다. 이날 두산 타선은 장단 8안타로 7점을 뽑는 극강의 효율을 보였다. 안재석이 2타수 1안타 1홈런 2타점 1득점을, 강승호가 3타수 2안타 1홈런 2타점 1득점을 기록하며 타선을 이끌었다. 박준순도 4타수 3안타 1타점 1득점으로 맹타를 휘둘렀다. 두산 선발투수로 나선 잭 로그는 4회초 우천 중단 변수 속에서도 5회까지 마운드를 지키며 5이닝 5안타 2볼넷 1사구 6탈삼진 무실점 호투를 펼쳤다. 6회부터 가동된 두산 불페진은 4명의 투수(이용찬, 김정우, 타카다 타쿠토, 박신지)가 나란히 1이닝 무실점을 기록했다. 승리 요건을 채운 뒤 마운드를 내려간 잭 로그는 시즌 4승(5패)째를 거두며 전반기를 기분 좋게 마무리했다. 잠실｜장은상 기자 award@donga.com"
2026.07.09 22:08,박준순·안재석·박찬호·강승호 다 터졌다!…두산 전반기 5위 마무리→SSG...,스포티비뉴스,"[스포티비뉴스=잠실, 최원영 기자] 깔끔한 승리였다. 두산 베어스는 9일 서울 잠실야구장에서 열린 2026 신한 SOL KBO리그 SSG 랜더스와의 홈경기에서 7-0 완승을 거뒀다. 2연승과 함께 위닝시리즈를 달성했다. 전반기를 5위로 마무리했다. 이날 타선에서 박준순이 3안타 1타점, 안재석이 1안타(1홈런) 2타점, 박찬호가 1안타 2타점, 강승호가 2안타(1홈런) 2타점 등을 뽐냈다. 박찬호는 KBO리그 역대 17번째로 5시즌 연속 20도루를 완성했다. 선발투수 잭로그는 5이닝 5피안타 3사사구 6탈삼진 무실점, 투구 수 84개를 만들었다. 시즌 4승째를 챙겼다. 한편 SSG 최정은 이번 경기에서 개인 통산 2루타 450개를 작성했다. 리그 역대 6번째이며 우타자 최초로 기록을 세웠다. SSG는 2연패에 빠지며 전반기를 9위로 끝마쳤다. ◆선발 라인업 -두산: 김민석(좌익수)-정수빈(중견수)-박준순(2루수)-양의지(포수)-안재석(3루수)-박찬호(유격수)-김인태(지명타자)-류승민(우익수)-강승호(1루수). 선발투수 잭로그 / 엔트리 변동: 최주형 말소, 타카다 타쿠토 등록. -SSG: 정준재(2루수)-김성욱(좌익수)-최정(지명타자)-고명준(3루수)-오태곤(1루수)-채현우(우익수)-최지훈(중견수)-조형우(포수)-박성한(유격수). 선발투수 토마스 해치 / 엔트리 변동: 기예르모 에레디아, 이준기 말소. 최민준 등록. 에레디아는 왼쪽 어깨 회전근개 손상 그레이드 1~2 소견을 받았다. 2주 뒤 재검진 예정이다. ◆1~3회: 두산 다득점과 우천 중단 1회초 선두타자 정준재의 타구가 잭로그의 글러브에 맞은 뒤 튀었다. 유격수 땅볼로 아웃됐다. 김성욱의 우중간 안타, 최정의 루킹 삼진, 김성욱의 도루, 고명준과 오태곤의 볼넷으로 2사 만루. 채현우가 우익수 뜬공으로 물러났다. 1회말 해치는 김민석과 정수빈을 좌익수 뜬공, 박준순을 중견수 뜬공으로 돌려세웠다. 공 6개로 이닝을 끝냈다. 2회초 최지훈의 좌전 안타, 조형우의 우전 안타, 최지훈의 3루 도루, 박성한의 헛스윙 삼진, 정준재의 몸에 맞는 볼로 1사 만루. 김성욱이 3구 헛스윙 삼진, 최정이 헛스윙 삼진으로 고개를 떨궜다. 2회말 선두타자 양의지가 3루수 고명준의 송구 실책으로 출루했다. 후속 안재석은 해치의 2구째, 147km/h 포심 패스트볼을 강타해 비거리 130m의 우중월 투런포를 터트렸다. 2-0 선취점을 올렸다. 박찬호의 볼넷, 김인태의 헛스윙 삼진, 박찬호의 도루, 류승민의 포수 스트라이크 낫아웃 상태서 포수 태그아웃으로 2사 2루. 후속 강승호가 해치의 3구째, 138km/h 슬라이더를 조준해 비거리 135m의 좌월 투런 홈런을 때려냈다. 4-0 점수를 벌렸다. 김민석은 3루 뜬공으로 돌아섰다. 3회초 고명준의 중견수 뜬공, 오태곤의 우전 안타, 채현우의 좌익수 뜬공, 오태곤의 도루로 2사 2루. 최지훈이 3루 직선타에 그쳤다. 3회말 정수빈의 1루 땅볼, 박준순의 3루수 방면 내야안타, 양의지의 좌전 2루타, 안재석의 볼넷으로 1사 만루. 박찬호가 2타점 좌중간 적시타로 6-0을 선보였다. 김인태의 헛스윙 삼진, 류승민의 우익수 뜬공으로 3회말이 종료된 후 오후 7시 46분 우천 중단이 결정됐다. 비는 금세 그쳤고 그라운드 정비 후 오후 8시 30분 경기가 재개됐다. ◆4~6회: 확 달라진 잭로그+두산 추가점 우천 중단 후에도 마운드에 오른 잭로그는 4회초 조형우를 3구 루킹 삼진, 박성한을 1루 땅볼, 정준재를 2루 땅볼로 정리했다. 4회말 SSG는 투수를 최민준으로 바꿨다. 강승호의 좌전 안타, 김민석의 몸에 맞는 볼로 무사 1, 2루. 정수빈의 타석서 2루 주자 강승호가 견제사아웃을 기록했다. 정수빈의 볼넷으로 1사 1, 2루가 됐다. 이어 박준순이 1타점 좌전 적시타로 7-0을 빚었다. 양의지의 헛스윙 삼진, 안재석의 스트레이트 볼넷으로 2사 만루. 박찬호가 좌익수 뜬공으로 아쉬움을 삼켰다. 5회초 김성욱의 포수 파울플라이, 최정의 우전 2루타로 1사 2루. 고명준의 우익수 뜬공, 오태곤의 헛스윙 삼진으로 또 다시 득점엔 실패했다. 5회말 최민준은 김인태를 1루 땅볼, 류승민을 중견수 뜬공, 강승호를 우익수 뜬공으로 제압했다. 6회초 두산은 투수 이용찬을 기용했고 SSG는 채현우의 대타로 전의산을 냈다. 전의산의 헛스윙 삼진, 최지훈의 좌익수 뜬공 후 조형우가 중전 안타를 쳤다. 이용찬은 박성한의 중견수 뜬공으로 3아웃을 채웠다. 6회말 SSG는 우익수 김성욱, 좌익수 오태곤, 1루수 전의산으로 야수진을 정비했다. 김민석과 정수빈의 2루 땅볼, 박준순의 중전 안타로 2사 1루가 됐지만 양의지가 우익수 뜬공으로 아웃됐다. ◆7~9회: 무난한 마무리 7회초 두산은 투수 김정우, 포수 김기연, 좌익수 조수행을 투입했다. 김정우가 정준재, 김성욱의 헛스윙 삼진, 최정의 유격수 땅볼로 이닝을 삭제했다. 7회말 SSG 투수 서진용이 등판했다. 안재석을 우익수 뜬공, 박찬호를 헛스윙 삼진, 김인태의 대타 손아섭을 헛스윙 삼진으로 요리했다. 두산은 8회초를 투수 타카다에게 맡겼다. 고명준의 헛스윙 삼진, 오태곤의 스트레이트 볼넷, 전의산의 헛스윙 삼진, 최지훈의 몸에 맞는 볼로 2사 1, 2루. 최지훈이 공에 오른쪽 손목을 맞아 대타로 최준우가 투입됐다. SSG 구단에 따르면 병원 검진 계획은 없다. 조형우의 헛스윙 삼진으로 공격은 막을 내렸다. 8회말 SSG는 투수 한두솔, 유격수 홍대인, 중견수 김성욱, 우익수 최준우를 활용했다. 류승민의 1루 땅볼, 강승호의 볼넷, 조수행의 투수 땅볼로 2사 2루. 정수빈이 유격수 땅볼로 물러났다. 9회초 두산은 투수 박신지를 투입해 경기를 매듭 지었다. <저작권자 ⓒ SPOTV NEWS. 무단전재 및 재배포 금지>"
2026.07.09 22:07,"'우천 중단 44분 → 더 크게 이겼다' 두산, 5위 굳히며 전반기 종료...",스포츠조선,"[잠실=스포츠조선 나유리 기자]두산 베어스가 우천 중단에도 확실한 집중력을 보여주며 위닝시리즈를 장식했다. 두산은 9일 잠실구장에서 열린 SSG 랜더스와의 시즌 9차전 맞대결에서 7대0으로 대승을 거뒀다. 이날 승리로 두산은 전반기 마지막 3연전을 2승1패 '위닝시리즈'로 마무리했다. 전반기 44승2무41패의 성적을 기록한 두산은 5위의 성적으로 후반기 시작을 기다리게 됐다. 반면 SSG는 연패 탈출 후 다시 2연패에 빠졌다. 올 시즌 두팀의 상대 전적에서는 두산이 5승4패로 근소하게 앞선다. ▶SSG 선발 라인업=정준재(2루수)-김성욱(좌익수)-최정(지명타자)-고명준(3루수)-오태곤(1루수)-채현우(우익수)-최지훈(중견수)-조형우(포수)-박성한(유격수) 선발투수 해치 ▶두산 선발 라인업=김민석(좌익수)-정수빈(중견수)-박준순(2루수)-양의지(포수)-안재석(3루수)-박찬호(유격수)-김인태(지명타자)-류승민(우익수)-강승호(1루수) 선발투수 잭로그 두산은 초반부터 해치를 흔들었다. 2회말 홈런 2방으로 쉽게 4점을 뽑았다. 이닝 선두타자 양의지가 3루수 고명준의 송구 실책으로 출루했고, 곧바로 안재석의 투런 홈런이 터졌다. 안재석은 해치의 147km 직구를 통타해 우중간 담장을 넘겼다. 여기서 끝이 아니었다. 이어진 2사 2루 찬스에서 강승호도 좌측 담장을 넘기는 투런포를 쏘아올렸다. 두산이 4-0으로 일찌감치 앞섰다. 3회말 1아웃 이후 박준순이 3루수 방면 내야안타를 치고 출루했고, 양의지의 2루타로 주자 2명이 순식간에 득점권에 진루했다. 1사 2,3루 찬스에서 안재석도 볼넷을 골라 걸어나갔고 만루 찬스를 박찬호가 살렸다. 박찬호는 초구를 강타해 좌중간에 떨어지는 적시타를 만들었고, 주자 2명이 홈을 밟았다. 두산은 6-0으로 크게 앞섰다. 4회초 SSG 공격을 앞두고 갑자기 굵은 비가 내리면서 경기가 중단됐다. 약 44분간 중단됐던 경기는 비가 그친 후 그라운드 정비를 거쳐 재개됐다. 두산은 4회말 SSG의 두번째 투수 최민준을 상대로 추가점까지 올렸다. 강승호의 안타와 김민석의 몸에 맞는 볼로 주자가 쌓였다. 2루주자 강승호가 견제 아웃되며 허망하게 물러났지만, 정수빈이 볼넷으로 다시 주자를 쌓았다. 이어 박준순이 주자 1,2루 상황에서 좌익수 앞에 떨어지는 적시타를 기록하면서 2루주자 김민석이 3루를 돌아 홈까지 들어왔다. 두산은 7-0으로 크게 앞섰다. 이어진 만루 찬스에서는 추가점을 내지 못한 두산은 이후 7점의 리드를 계속 이어갔다. SSG 타선은 단 1점도 얻지 못했다. 잭로그가 우천 중단에도 5이닝 동안 5안타 6탈삼진 3볼넷 무실점 호투를 펼친 후 물러났고, 이후 이용찬과 김정우, 타카다가 전부 무실점 릴레이를 이어갔다. 두산이 여전히 7점 앞선 마지막 9회초. 두산은 박신지가 등판해 마지막 아웃카운트 3개를 깔끔하게 잡았다. 잠실=나유리 기자 youll@sportschosun.com"
2026.07.09 22:06,삼성·LG·KT 3강 전반기 마무리…김도영·오스틴 활약 속 흥행 이상무,한겨레,"월드컵의 열기도 프로야구의 기세를 꺾지 못했다. 2026 KBO리그가 역대급 흥행과 치열한 순위 싸움 속에 전반기를 마무리했다. 삼성 라이온즈와 엘지(LG) 트윈스, 케이티(KT) 위즈의 3강 구도를 중심으로, 김도영(KIA 타이거즈)과 오스틴 딘(LG) 등의 활약 그리고 관중 대박까지, 올해도 야구는 팬들의 심장을 뜨겁게 했다. 삼성과 엘지, 케이티는 1~3위를 오가며 치열한 순위 다툼을 이어갔다. ‘타격의 팀’ 삼성은 구자욱-르윈 디아즈-최형우로 이어지는 중심 타선의 힘을 앞세워, 2위 엘지와 승차없이 승률에 앞서 전반기를 선두로 마쳤다. 삼성은 팀 타율(리그 3위) 못지 않게 평균자책점(2위)도 좋다. 불안 요소로 꼽혔던 불펜의 평균자책점은 3.77로 1위다. 박진만 삼성 감독이 “전반기는 투수력으로 버틸 수 있었다”고 말할 정도다. 마무리 김재윤은 세이브 부문 1위(22개)에 올랐고, 홀드 3위 필승조 이승민의 평균자책점은 1.83이다. ‘디펜딩 챔피언’ 엘지는 ‘내용’보다 ‘결과'를 챙기는 실리 야구를 펼쳤다. ‘피타고리안 승률’로 알려진 득실차 기반 기대 승률에 따르면, 엘지의 승률은 0.612인데 기대 승률은 0.543에 그친다. 팀 타율(5위)과 평균자책점(5위)이 중위권인데도 순위는 높다. 엘지의 미스터리한 선전 뒤에는 손주영과 오스틴이 있다. 선발 손주영은 부상 재활 뒤 5월 중순부터 마무리로 기용됐는데 19세이브(2위)를 올렸다. 오스틴은 도루, 출루율을 제외한 타격 6개 부문에서 선두권 경쟁을 펼치며 팀 타선을 이끌고 있다. 홈런은 27개로 김도영과 함께 공동 1위를 달리고 있고, 장타율(0.661)과 득점(69점)도 선두다. 케이티는 자유계약선수(FA)로 영입한 최원준의 활약이 결정적이었다. 불과 1년 전, 3 대 3 트레이드로 기아에서 엔씨(NC) 다이노스 유니폼을 입은 최원준은 시즌 뒤 FA(4년 총액 48억원)로 케이티에 입단했다. 그리고 그는 타율(0.363) 1위, 안타(116개) 2위, 출루율(0.441) 2위 등 팀에 없어선 안 될 존재가 됐다. 부상으로 빠졌던 안현민과 허경민의 복귀도 천군만마다. 타자들의 활약은 흥행 불쏘시개가 됐다. 홈런 27개(공동 1위)를 치며 오스틴과 경쟁 중인 김도영은 2024년 시즌 최우수선수상(MVP)을 받았을 때보다 장타력과 득점권 해결 능력이 향상됐다는 평가다. 한화 이글스 강백호는 찬스마다 홈런과 타점을 쓸어 담았다. 강백호는 타점(85개) 1위, 홈런(23개) 3위, 장타율(0.606) 4위 등 클러치 능력을 뽐냈다. 투수 쪽 최고 화제는 두산 베어스 2년 차 최민석이다. 평균자책점 2.33(1위)의 눈부신 투구를 펼친 그는 전반기에만 9승(2패)을 챙기며, 애덤 올러(KIA), 임찬규(LG)와 함께 다승 공동 선두에 올랐다. 최민석과 탈삼진 1위(112개) 곽빈의 활약은 지난해 9위 두산이 전반기를 5위로 마치는 데 큰 힘이 됐다. 나이를 잊은 ‘베테랑’ 류현진(한화)은 8승(2패) 평균자책점 2.67(4위)로 건재함을 뽐냈다. 흥행은 거칠 것이 없다. KBO리그는 지난달 30일 불과 388경기 만에 700만 관중을 돌파했다. 지난해 종전 역대 최소 경기 기록(405경기)을 17경기나 단축했다. 프로야구 역사상 400경기 전에 700만 관중을 넘어선 것은 이번이 처음이다. 8일 기준 755만9809명의 관중이 야구장을 찾았다. 이 추세라면 지난해 역대 최다 관중 기록(1231만2519명)을 무난히 뛰어넘을 전망이다. 손현수 기자 boysoo@hani.co.kr"
2026.07.09 22:03,"183.2km/h 괴력 홈런! 김도영, 27호포로 홈런 1위 재등극",KBS,"[앵커] 프로야구에서는 홈런왕에 도전하는 KIA 김도영이 전반기 마지막 경기에서 27호 포를 터뜨려 LG 오스틴과 공동 선두가 됐습니다. 타구 속도가 무려 시속 183.2km, 비거리 130미터로 측정됐을 정도로 무시무시한 괴력이 돋보였습니다. 하무림 기자의 보도입니다. [리포트] 6회 선두 타자 김도영의 방망이가 초구부터 매섭게 돌아갑니다. 순식간에 총알처럼 뻗어간 타구는 사직구장 왼쪽 담장을 훌쩍 넘기는 시즌 27호 대형 홈런이 됐습니다. 비거리 130미터에 더욱 놀라운 것은 타구 속도로 무려 시속 183.2km로 측정됐습니다. 메이저리그 대표 홈런왕 오타니의 올시즌 최고 기록인 184.4km/h에 육박할 정돕니다. 타구가 뻗자마자 롯데 선발 김진욱 등 모두가 홈런임을 직감할 정도로 김도영의 괴력이 돋보였습니다. 전반기 마지막 경기에서 대형 아치를 그리며 LG 오스틴과 함께 홈런 공동 선두가 됐습니다. 김도영은 홈런 포함 2안타 2타점의 맹타를 휘둘렀습니다. 김도영의 선배 거포 나성범은 3대 1로 앞서가던 8회 승리를 앞당기는 두 점짜리 홈런을 쏘아 올렸습니다. KIA는 전반기 마지막 경기를 승리로 장식했고, 4연패 사슬도 끊어냈습니다. LG의 거포 오스틴은 전반기 마지막 경기에서 침묵한 가운데, 김영웅의 시즌 첫 홈런이 터진 홈팀 삼성이 LG를 제압했습니다. 삼성은 LG와의 3연전을 2승 1패로 앞서 전반기를 단독 선두로 마쳤습니다. KBS 뉴스 하무림입니다. 영상편집:이태희 ■ 제보하기 ▷ 전화 : 02-781-1234, 4444 ▷ 이메일 : kbs1234@kbs.co.kr ▷ 카카오톡 : 'KBS제보' 검색, 채널 추가 ▷ 유튜브, 네이버에서도 KBS뉴스를 구독해주세요! 하무림 기자 (hagosu@kbs.co.kr)"
2026.07.09 22:03,강민호 결승타… 삼성 1위 되찾고 전반기 마무리,중앙일보,"삼성 라이온즈가 1위로 전반기를 마쳤다. 삼성은 9일 대구 삼성라이온즈파크에서 열린 LG와 경기에서 6-5로 이겼다. 7일 경기 승리로 1위로 올라섰던 삼성은 8일 경기에서 패해 2위로 내려앉았다. 51승 2무 32패를 기록한 삼성은 LG(52승 33패)를 승차 없이 제치고 1위를 되찾았다. 삼성은 1회 말 박승규의 2루타와 구자욱의 적시타로 선제점을 뽑았다. LG는 2회 초 곧바로 뒤집었다. 2사 2, 3루에서 오지환이 2타점 적시타를 날렸다. 3회 1사 만루에선 박동원이 중견수 방면 희생플라이를 날려 3-1을 만들었다. 삼성은 3회 최형우의 적시타로 추격한 뒤, 4회 양우현의 희생플라이로 균형을 맞췄다. 삼성은 6회 말 재역전에 성공했다. 강민호가 1타점 좌전 적시 2루타를 쳤다. 이후 대타 김성윤의 안타까지 나오면서 5-3이 됐다. 8회엔 김영웅이 LG 손주영을 상대로 시즌 첫 홈런을 터트려 3점 차를 만들었다. LG의 반격은 매서웠다. 9회 초 문성주가 9구 승부 끝에 볼넷을 고르고 홍창기가 2루타를 쳐 기회를 만들었다. 박해민의 내야 땅볼로 한 점을 따라붙은 LG는 오스틴 딘, 송찬의, 박동원의 3연속 볼넷으로 마침내 한 점 차까지 추격했다. 하지만 천성호가 유격수 앞 병살타를 치면서 경기가 마무리됐다. KIA 타이거즈는 부산 사직구장에서 롯데 자이언츠를 5-2로 물리치고 4연패에서 벗어났다. 선발 양현종이 5이닝 5피안타 1사사구 1삼진 1실점하면서 시즌 6승째를 올렸다. 카스트로와 김도영, 나성범의 홈런이 터졌다. 김도영은 시즌 27호 홈런으로 오스틴과 공동 1위에 오르며 전반기를 마무리했다. 두산 베어스는 잠실에서 SSG 랜더스를 7-0으로 꺾었다. 2회 말 안재석이 선제 투럼포를 터트렸고, 강승호는 투런 홈런 2개를 때려냈다. 두산 선발 잭 로그는 4회 우천으로 경기가 중단됐으나 5회까지 버티면서 5피안타 3사사구 6탈삼진 무실점했다. 한화 이글스는 대전에서 NC 다이노스를 6-4로 물리쳤다. 한화는 NC와 승차를 1.5경기로 벌리면서 6위를 지켰다. 한화는 4-0으로 앞서다 4-4 동점을 허용했다. 그러나 8회 말 심우준의 안타, 오재원의 3루타, 황영묵의 안타가 나오면서 승리했다. 지난달 30일 한화전에서 0-7로 뒤지다 노게임이 돼 패배를 모면했던 KT는 반대 상황을 맞이했다. KT는 키움 히어로즈와 수원 경기에서 4회까지 3-0으로 앞섰으나 폭우로 취소되고 말았다. 안현민이 13경기 만에 때려낸 시즌 5호 아치도 사라졌다. 김효경 기자 kaypubb@joongang.co.kr"
2026.07.09 21:56,[프로야구 대구전적] 삼성 6-5 LG,연합뉴스,▲ 대구전적(9일) L G 021 000 002 - 5 삼성 101 102 01X - 6 △ 승리투수 = 이승민(4승) △ 세이브투수 = 김재윤(4승 3패 22세이브) △ 패전투수 = 리오스(1승 2패 2세이브) △ 홈런 = 김영웅 1호(8회1점·삼성) (서울=연합뉴스) (끝) ▶제보는 카톡 okjebo
2026.07.09 21:56,"삼성, LG 리오스 무너뜨리고 11년 만에 프로야구 전반기 1위",연합뉴스,"(서울=연합뉴스) 장현구 기자 = 삼성 라이온즈가 LG 트윈스를 승률 2리 차로 따돌리고 2026 신한 SOL KBO리그 전반기 1위를 극적으로 차지했다. 삼성은 9일 대구 삼성라이온즈파크에서 LG와 벌인 홈경기에서 LG 외국인 강속구 불펜 투수 약셀 리오스를 무너뜨리고 6-5로 승리했다. 이로써 삼성은 51승 2무 32패, 승률 0.614를 기록해 0.612(52승 33패)에 그친 LG를 2위로 밀어내고 하루 만에 선두를 되찾았다. 삼성이 10개 구단 체제에서 전반기 1위를 차지한 건 2015년 이래 11년 만이다. 전반기 1위가 걸린 마지막 대결답게 두 팀은 일진일퇴의 공방전을 벌였다. 삼성이 1회 박승규의 2루타와 구자욱의 좌전 안타를 묶어 1점을 먼저 내자 LG는 2회 2사 2, 3루에서 오지환의 우중간 적시타로 2-1로 뒤집었다. LG가 3회 무사 만루 황금 찬스에서 희생플라이로 1점을 보태는 데 그치자 삼성은 3회말 최형우의 1타점 우전 안타, 4회 양우현의 희생플라이로 3-3 동점을 이뤘다. 이때 3루에서 태그업해 귀중한 동점 득점을 낸 포수 강민호가 6회 무사 1루에서 좌선상을 타고 흐르는 1타점 2루타로 결승타를 책임졌다. 삼성은 계속된 1사 3루에서 대타 김성윤의 우전 적시타로 5-3으로 도망갔다. 삼성 거포 김영웅은 8회 6-3으로 승리를 굳히는 비거리 130ｍ짜리 솔로 홈런을 LG 마무리 손주영에게서 뽑아냈다. 김영웅의 시즌 1호 홈런이자 손주영의 시즌 1호 피홈런이었다. 리오스는 6회 구원 등판해 안타 2개와 볼넷 1개를 주고 2실점 해 패전 투수가 됐다. LG는 9회 무사 2, 3루에서 박해민의 땅볼로 1점을 만회한 뒤 삼성 마무리 김재윤을 끈질기게 물고 늘어져 3연속 볼넷을 얻어내 밀어내기 득점을 내 5-6으로 추격했다. 그러나 계속된 1사 만루에서 천성호가 유격수 병살타로 물러나 그대로 무릎을 꿇었다. 부산에서는 KIA 타이거즈가 롯데 자이언츠를 5-2로 제압하고 4연패에서 벗어나 후반기를 맞이한다. 맥 빠진 플레이로 롯데에 연패한 KIA는 이날 2회 해럴드 카스트로의 우월 솔로 홈런으로 먼저 점수를 냈다. 이어 2-1로 앞선 6회 김도영의 시즌 27호 홈런에 힘입어 3-1로 달아났다. 김도영은 롯데 선발 김진욱의 초구 빠른 볼을 잡아당겨 왼쪽 스탠드에 떨어지는 비거리 130ｍ짜리 솔로포를 날렸다. 일주일 만에 대포를 재가동한 김도영은 오스틴 딘(LG)과 더불어 홈런 공동 선두에 복귀했다. 김도영은 3회 두 번째 타석에서는 1타점 중전 적시타를 터뜨려 2안타 2타점을 기록했다. 8회에는 나성범이 좌월 투런 홈런으로 쐐기를 박았다. KIA 선발 양현종은 5이닝 동안 롯데 타선을 산발 5안타 1점으로 막고 시즌 6승째이자 통산 192승째를 수확했다. 키움 히어로즈와 kt wiz의 수원 경기는 비로 두 차례, 시간으로는 총 2시간 3분간 중단된 끝에 kt가 3-0으로 앞선 4회말 노게임으로 선언됐다. cany9900@yna.co.kr (끝) ▶제보는 카톡 okjebo"
2026.07.09 21:56,"안현민 투런포도 '없던 일'…수원 키움-KT전, 1시간 46분 대기 끝 ...",스포츠투데이,"[스포츠투데이 신서영 기자] 프로야구 키움 히어로즈와 KT 위즈의 맞대결이 결국 우천 노게임으로 끝났다. 키움과 KT는 9일 수원KT위즈파크에서 2026 신한 SOL KBO리그 전반기 마지막 맞대결을 치렀다. 이날 경기는 시작 전 내린 비로 예정 시각보다 17분 늦은 오후 6시 47분에 시작됐다. 그러나 4회말 KT의 공격을 앞두고 다시 폭우가 쏟아지면서 오후 7시 45분 중단됐다. 비가 잦아들자 심판진은 오후 9시 30분 경기 재개를 예고했지만, 그라운드 정비 도중 다시 굵은 빗줄기가 쏟아졌다. 결국 중단된 지 1시간 46분 만인 오후 9시 31분 심판진은 우천 노게임을 선언했다. 아쉬운 쪽은 KT였다. 3회말 1사 후 권동진이 우중간을 가르는 3루타를 때려냈고, 최원준의 희생플라이 때 홈을 밟으며 선취점을 뽑았다. 김현수의 안타로 이어진 1사 1루에서는 안현민이 하영민의 2구째 126km 스위퍼를 받아쳐 중월 투런포를 터뜨리며 3-0까지 달아났다. 하지만 경기가 노게임으로 끝나면서 KT의 리드와 안현민의 시즌 5호 홈런 기록이 모두 사라지게 됐다. [스포츠투데이 신서영 기자 sports@stoo.com]"
2026.07.09 21:54,안현민 13경기 만의 ‘시즌 5호’ 홈런포…106분 기다렸지만 결국 노게...,서울경제,"프로야구 kt wiz 안현민의 시즌 5호 홈런이 폭우로 지워졌다. 안현민은 9일 수원 케이티위즈파크에서 열린 2026 신한 SOL KBO리그 키움 히어로즈와 홈경기에서 1-0으로 앞선 3회 투런 홈런을 터뜨렸다. 지난달 23일 SSG 랜더스전 이후 13경기 만에 나온 시즌 5호 홈런이었다. 하지만 kt가 3-0으로 앞선 4회말 시작을 앞두고 폭우가 쏟아지면서 경기는 오후 7시 45분 중단됐다. 빗줄기가 잦아들자 심판진은 그라운드 정비를 거쳐 오후 9시 30분 경기를 재개하겠다고 발표했다. 그러나 정비 작업이 진행되던 중 다시 비가 거세게 내렸고, 결국 오후 9시 31분 우천 노게임이 선언됐다. 예정 시각보다 17분 늦게 시작한 이날 경기는 경기 중단 이후 106분을 기다렸지만 끝내 재개되지 못했다. 노게임이 선언되면서 경기 결과는 물론 안현민의 투런 홈런과 기록도 모두 취소됐다. 시즌 5호 홈런은 다음 경기에서 다시 도전하게 됐다. 노게임 선언으로 경기 결과와 함께 안현민의 홈런 기록도 모두 사라졌다. 시즌 5호 홈런은 다음 경기에서 다시 도전해야 한다. 김도연 AX콘텐츠랩 기자 doremi@sedaily.com"
2026.07.09 21:53,1시간 46분 동안 기다렸지만…우천 '노게임' 9일 KT-키움전 추후 편...,마이데일리,"[마이데일리 = 수원 류한준 기자] 경기 재개를 기다렸지만 날씨가 돕지 않았다. 9일 수원 케이티위즈파크에선 KT 위즈와 키움 히어로즈의 주중 3연전 마지막 날 맞대결이 열렸다. 이날 경기 시작을 5분여 앞둔 오후 6시 25분께부터 빗줄기가 거세졌다. 시구와 시타 행사는 정상적으로 치러졌으나 경기 시작 시간이 뒤로 밀렸다. 다행히 빗줄기가 약해지면서 당초 개시 시간인 오후 6시 30분에서 17분 지난 6시 47분 '플레이볼'이 선언됐다. KT가 기선제압했다. 3회말 1사 주자 없는 가운데 타석에 나온 권동진이 3루타를 쳤고 후속타자 최원준이 중견수 희생플라이를 쳐 3루 주자 권동진이 태그업 플레이로 선취점을 뽑았다. 추가점도 바로 나왔다. 김현수가 안타를 쳤고 이어 타석에 나온 안현민이 키움 선발투수 하영민을 상대로 2점 홈런을 쏘아 올려 3-0으로 달아났다. 그러나 타점과 홈런은 공식 기록으로 인정되지 않았다. 4회말 KT 공격을 앞두고 허경민 타석 때 빗줄기가 다시 굵어졌고 오후 7시 45분 경기가 중단됐다. 빗줄기가 가늘어지고 그칠 기미가 보이자 그라운드를 덮고 있던 방수포를 걷어냈다. 그라운드 키퍼를 포함한 관리 요원들이 나왔고 정비에 들어갔다. 그라운드 재정비 후 오후 9시 30분 경기 재개가 결정됐다. 하지만 9시 10분께부터 비가 다시 내리기 시작했고 결국 오후 9시 31분 우천 노게임(올 시즌 3번째)이 선언됐다. 106분 동안 중단된 두팀 경기는 결국 우천 취소(올 시즌 21번째 취소 경기, 우천 취소 19번째)됐고 추후 편성될 예정이다. KT와 키움은 이로써 전반기 일정을 마무리했다. KT는 47승 1무 35패로 3위, 키움은 29승 1무 57패로 10위에 각각 자리한 가운데 후반기 일정을 준비하게 됐다. 올스타 휴식기를 마친 뒤 KT는 오는 16일부터 잠실구장에서 LG 트윈스, 키움은 대전 한화생명 볼파크에서 한화 이글스를 상대로 후반기 일정에 들어간다. 류한준 기자 hantaeng@mydaily.co.kr"
2026.07.09 21:53,‘1:0→1:3→3:3→6:3→6:5’ 류지혁-김지찬-디아즈-강민호 줄줄...,OSEN,"[OSEN=대구, 한용섭 기자] 프로야구 삼성 라이온즈가 LG 트윈스를 꺾고 전반기 1위로 마쳤다. 삼성은 9일 대구 삼성 라이온즈파크에서 열린 2026 KBO리그 LG와 경기에서 6-5로 승리했다. 삼성은 51승 32패 2무(승률 614), LG는 52승 33패(승률 .612)가 됐다. 삼성이 승률에서 앞서 1위가 됐다. 강민호가 역전 결승타를 때렸고, 김영웅은 시즌 1호 홈런을 터뜨렸다. 선발투수 원태인은 5이닝 동안 8피안타 1사구 4탈삼진 3실점을 기록하고 노디시전이 됐다. 이승민이 6회 등판해 1이닝 무실점으로 승리 투수가 됐다. 7회 이승현(우완), 8회 김태훈이 이어 던졌다. 9회 마무리 김재윤이 1사 만루 위기에서 병살타로 막아내며 22세이브째를 기록했다. LG 선발투수 웰스는 5이닝 5피안타 2볼넷 5탈삼진 3실점(2자책)을 기록했다. 리오스가 6회 2실점하며 패전투수가 됐다. LG는 홍창기(우익수) 박해민(중견수) 오스틴(지명타자) 송찬의(좌익수) 박동원(포수) 천성호(1루수) 문보경(3루수) 오지환(유격수) 신민재(2루수)가 선발 라인업으로 출장했다. 삼성 선발 원태인 상대 성적이 약한 문보경이 올 시즌 처음 4번이 아닌 7번으로 내려갔다. 삼성은 김지찬(중견수) 박승규(우익수) 구자욱(좌익수) 최형우(지명타자) 디아즈(1루수) 강민호(포수) 김영웅(3루수) 심재훈(유격수) 양우현(2루수)을 선발 라인업으로 내세웠다. 전날 구본혁과 1루에서 부딪혀 뇌진탕 증세를 보인 류지혁은 병원에서 CT 촬영 결과 특이 사항은 없었다. 아직 목, 어깨 등 상체를 거의 움직이지 못해 거동이 불편한 상태, 이날 야구장에 와서 치료를 받고 귀가했다. 1군 엔트리에서는 빠지지 않았다. 삼성은 1회 1사 후 박승규가 좌측 담장을 맞고 나오는 2루타를 때렸다. 구자욱이 좌전 적시타를 때려 선취점을 뽑았다. LG는 2회 역전시켰다. 1사 후 박동원이 좌측 펜스를 맞는 단타로 출루했다. 이어 천성호가 우중간 2루타로 1사 2,3루 찬스를 만들었다. 문보경은 유격수 파울플라이 아웃으로 물러났다. 2사 후 오지환이 우중간 안타를 때려 주자 2명을 모두 홈으로 불러 들였다. LG는 2-1로 역전했다. LG는 3회 추가점을 뽑았다. 홍창기와 박해민의 연속 안타로 무사 1,2루가 됐다. 오스틴이 몸에 맞는 볼로 무사 만루 찬스를 만들었다. 그러나 송찬의가 1루수 땅볼을 때렸고, 홈에서 3루주자가 아웃돼 득점없이 1사 만루가 됐다. 박동원이 중견수 희생플라이로 3루주자가 득점에 성공했다. 천성호가 유격수 앞 내야 안타를 때려 2사 만루 기회가 이어졌다. 문보경이 우익수 뜬공으로 물러나, 결국 무사 만루에서 1점을 뽑는데 그쳤다. 삼성은 3회말 따라붙었다. 선두타자 양우현이 볼넷으로 출루했고, 1사 1루에서 박승규도 볼넷을 골라 걸어나갔다. 구자욱은 중견수 뜬공 아웃으로 물러났다. 2사 1,3루에서 최형우가 우전 적시타를 때려 2-3으로 한 점 차가 됐다. 삼성은 4회말 반격했다. 선두타자 강민호가 때린 타구는 평범한 좌익수 뜬공. 그런데 좌익수 송찬의가 높게 뜬 타구가 조명탑 불빛에 들어가 방향을 놓쳤다. 유격수 오지환이 달려가 잡으려 했으나 놓쳤다. 기록은 유격수 포구 실책. 김영웅이 우전 안타를 때려 무사 1,2루가 됐다. 심재훈의 우익수 뜬공으로 2루주자가 3루로 태그업, 진루했다. 양우현이 중견수 희생플라이로 3루주자가 홈으로 태그업, 3-3 동점을 만들었다. 삼성은 6회 바뀐 투수 리오스 상대로 선두타자 전병우가 볼넷을 골라 출루했다. 이어 강민호가 3루 베이스 옆을 빠져나가는 2루타를 때렸다. 1루주자는 홈까지 달려 역전 득점을 올렸다. 삼성은 4-3으로 역전했다. 이후 김영웅은 중견수 뜬공 아웃으로 물러났고, 2루주자가 3루로 태그업을 했다. 김성윤이 대타로 나와 우익수 앞 적시타를 때려 5-3으로 달아났다. 삼성은 8회 1사 후 김영웅이 LG 마무리 손주영 상대로 가운데 담장을 넘어가는 솔로 홈런을 터뜨렸다. 올 시즌 1호 홈런이다. LG는 9회 대타로 나온 선두타자 문성주가 볼넷을 골라 출루했다. 홍창기가 좌측 담장을 맞고 나오는 2루타를 때려 무사 2,3루 찬스를 만들었다. 박해민이 1루수 땅볼 아웃, 3루주자가 득점에 성공했다. 1사 3루에서 오스틴이 볼넷을 골라 1사 1,3루가 됐다. 송찬의가 풀카운트에 볼넷을 골라 1사 만루가 됐다. 박동원이 풀카운트에서 밀어내기 볼넷을 골라 6-5, 1점 차가 됐다. 천성호가 유격수 땅볼 병살타를 때려 경기가 끝났다. /orange@osen.co.kr"
2026.07.09 21:52,"삼성, LG 꺾고 11년 만에 전반기 1위…정규시즌 우승 확률 81.8%",뉴스1,"(서울=뉴스1) 이상철 기자 = 프로야구 삼성 라이온즈가 LG 트윈스를 잡고 전반기 1위를 차지하며 정규시즌 우승 확률 81.8%를 잡았다. 삼성은 9일 대구 삼성라이온즈파크에서 열린 2026 신한SOL KBO리그 홈 경기에서 LG와 엎치락뒤치락한 끝에 6-5로 이겼다. 이로써 삼성은 51승2무32패(승률 0.614)를 기록, 52승33패(승률 0.612)의 LG를 제치고 전반기 1위로 올라섰다. 삼성이 전반기를 1위로 마친 건 2015년 이후 11년 만이다. 기분 좋게 올스타 휴식기를 맞은 삼성은 오는 16일 롯데 자이언츠를 상대로 후반기를 시작한다. 삼성은 정규시즌 우승 및 한국시리즈 직행 가능성도 키웠다. 10구단 체제가 된 2015년 이래 전반기 1위 팀의 정규시즌 우승 확률은 81.8%(11회 중 9회)에 달한다. 창단 첫 2연패에 도전하는 LG는 선두를 달리다가 삼성과 전반기 마지막 3연전에서 루징시리즈를 당해 2위로 내려앉았다. 삼성은 1회말 박승규의 2루타와 구자욱의 적시타를 묶어 선취점을 뽑았다. LG도 저력을 발휘, 곧바로 전세를 뒤집었다. LG는 2회초 박동원의 안타와 천성호의 2루타로 만든 2사 2, 3루에서 오지환이 2타점 적시타를 때려 역전에 성공했다. 이어 LG는 3회초 1사 만루에서 박동원의 중견수 희생플라이로 한 점을 보탰다. 흔들리던 삼성 선발투수 원태인은 추가 실점을 막았다. 천성호에게 내야안타를 맞아 2사 만루가 됐지만, 후속 타자 문보경을 우익수 뜬공으로 처리했다. 대량 실점을 피한 삼성은 반격에 나섰다. 3회말 2사 1, 3루에서 최형우가 1점 적시타를 쳤고 4회말 1사 1, 3루에선 양우현의 중견수 희생플라이를 앞세워 3-3 동점을 만들었다. 삼성 타선은 6회말 구원 등판한 LG 두 번째 투수 약셀 리오스를 공략했다. 선두 타자 전병우가 볼넷을 골라낸 뒤 강민호가 3루 옆으로 빠지는 2루타를 때려 4-3으로 뒤집었다. 김영웅의 중견수 뜬공에 3루를 밟은 강민호는 김성윤의 적시타 때 홈에 들어와 5-3으로 벌렸다. 8회말엔 김영웅이 LG 마무리 투수 손주영을 상대로 전반기 1위를 자축하는 솔로포를 터뜨렸다. LG도 끝까지 포기하지 않았다. 9회초 무사 1, 2루에서 박해민의 내야 땅볼로 한 점을 뽑았다. 오스틴 딘과 송찬의, 박동원이 제구가 흔들린 삼성 마무리 투수 김재윤을 상대로 연이어 볼넷을 얻어 1점 차까지 추격했다. 그러나 LG의 뒤집기는 이뤄지지 않았다. 김재윤은 계속된 1사 만루 위기에서 천성호를 병살타로 처리, 힘겹게 승리를 지켜냈다. rok1954@news1.kr"
2026.07.09 21:52,레전드 노익장 → 영웅의 귀환 → 마지막 병살타! 전반기 '최강'은 삼성...,스포츠조선,"[대구=스포츠조선 김영록 기자] 막판 뒤집기가 현실이 됐다. 2026 프로야구 전반기 1위의 주인공은 삼성 라이온즈였다. 삼성은 9일 대구 삼성라이온즈파크에서 열린 LG 트윈스와의 전반기 마지막 시리즈, 마지막 경기에서 6대5로 힘겨운 역전승을 거뒀다. 이로써 51승째(2무32패)를 올린 삼성은 승률에서 근소하게 앞서며 선두 뒤집기에 성공했다. 앞서 3연전 첫 경기에서 삼성이 승리하며 1위가 바뀌었고, 2번째 경기에서 LG가 승리하며 다시 탈환했다. 그리고 삼성이 마지막 경기를 잡고 시리즈는 물론 전반기 위닝으로 올스타 휴식기를 맞이하게 됐다. 삼성이 전반기를 1위로 끝낸 건 2015년 이후 11년만이다. 경기전 박진만 삼성 감독은 전반기 마무리 소감에 대해 ""우린 1위를 목표로 올시즌을 준비했다. 승리보다는 '55패'에 초점을 맞추고 목표 승패 마진을 짰다. 현재로선 계획대로 순조롭다. 후반기에도 1위를 차지하려면 휴식기에 더 치열하게 준비를 해야할 것""이라고 돌아봤다. 이어 ""후반기에 복귀할 부상 선수들이 있다. 완전체가 되면 전반기보다는 조금 더 좋은 흐름이 되지 않을까. 우천 취소가 예년보다 적어 전반기에 많은 경기를 치렀는데, 부상선수들이 있었던 건 아쉽지만 결과적으로 잘 버텼다. 한달이상 6선발 체제로 가면서 선발진도 자기 몫을 충분히 해줬다""면서 ""전반기에 가장 고생한 선수로는 휴식이 없었던 필승조 이승민과 마무리 김재윤, 후반기에 잘해줘야할 선수는 최원태 원태인""이라고 덧붙였다. LG의 가장 큰 고민은 선발진이다. 외국인 선수 한명까지 불펜으로 돌리면서 톨허스트-임찬규를 비롯한 기존 선발진의 어깨가 더 무거워졌다. 염경엽 LG 감독은 면담을 통해 절실함을 북돋우며 두 선수의 동기부여를 위해 노력했다고. 그래도 전반기 막판 홍창기-오지환 등 올시즌 부진했던 베테랑들이 조금씩 컨디션을 회복하는 모습을 보여 다행스럽다. 염경엽 감독은 전날 2루타 2개를 치며 부활을 외친 '잠실 빅보이' 이재원에 대해서도 ""초구부터 적극적으로 쳐야한다. 이재원은 출루형이 아니라 공격형, 해결사형 타자다. 눈에 보이면 돌릴줄 알아야한다. 인플레이 타구를 만들어내는게 중요하다""라는 조언도 던졌다. 이날 삼성은 김지찬(중견수) 박승규(우익수) 구자욱(좌익수) 최형우(지명타자) 디아즈(1루) 강민호(포수) 김영웅(3루) 심재훈(유격수) 양우현(2루) 라인업으로 임했다. 선발은 '푸른 피의 에이스' 원태인. 이날 LG는 홍창기(우익수) 박해민(중견수) 오스틴(지명타자) 송찬의(좌익수) 박동원(포수) 천성호(1루) 문보경(3루) 오지환(유격수) 신민재(2루)로 맞섰다. 4번타자로 뛰어오른 송찬의, 281일만에 7번까지 내려앉은 문보경, 8번으로 나선 오지환 등이 눈에 띈다. 선발은 '아시아쿼터 1인자' 라클란 웰스. 선취점은 삼성이 냈다. 1회말 1사 후 박승규의 2루타, 그리고 구자욱의 적시타로 가볍게 1점을 따냈다. 하지만 다음타자 최형우의 병살타로 흐름이 끊겼다. 그리고 LG가 곧바로 반격. 2회초 박동원의 안타, 천성호의 2루타로 만들어진 2사 2,3루에서 오지환이 2타점 적시타를 터뜨려 승부를 뒤집었다. 3회초에도 홍창기-박해민의 연속안타, 오스틴의 사구로 무사 만루 찬스를 잡았다. 하지만 1사 후 박해민의 희생플라이로 1점을 추가하는데 그쳤다. 2사 만루가 이어졌지만, 문보경이 뜬공으로 물러났다. 삼성은 3회말 2사 1,3루에서 최형우의 적시타로 1점 따라붙었다. 운명의 갈림길은 어쩌면 4회초였다. 선두타자 강민호가 좌익수 쪽 뜬공을 쳤는데, 좌익수 송찬의가 타구 방향을 놓치면서 오지환이 억지로 잡으려다 놓쳐 실책이 됐다. 김영웅의 안타, 심재훈의 우익수 뜬공으로 1사 1,3루. 여기서 양우현의 희생플라이로 동점이 됐다. 강민호는 홍창기에게 저격당했던 전날과 달리 홈에서 세이프됐다. 선발다툼은 웰스가 5이닝 5피안타 3실점(2자책), 원태인이 5이닝 8피안타 3실점을 기록하며 3-3 무승부. 불펜 싸움에서 승패가 갈렸다. 삼성은 김지찬 디아즈 강민호가 잇따라 통증을 호소하며 교체된 상황. 하지만 올해 33번째 매진을 기록한 2만4000명 홈팬의 응원을 업은 뒷심이 상상을 초월했다. 6회말 전병우가 볼넷으로 출루했고, 강민호가 1타점 2루타를 쳐 4-3 뒤집기에 성공. 이어진 1사 3루에서 김성윤의 적시타로 2점차까지 벌어졌다. 그리고 8회말에는 '영웅'의 귀환이 팬들을 열광시켰다. 이번 시리즈에서 복귀전을 치른 김영웅이 조기투입된 LG 마무리 손주영을 상대로 솔로포를 쏘아올리며 승부에 쐐기를 박았다. 반면 삼성은 전반기 불펜 평균자책점 1위의 존재감을 확실히 보여줬다. 이승민-이승현-김태훈이 각각 1이닝씩, 무실점 5K를 합작했다. 9회초 등판한 마무리 김재윤은 대타 문성주에 9구 풀카운트 접전 끝ㅌ에 볼넷, 홍창기에게 2루타를 허용하며 무사 2,3루 위기를 맞이했다. 박해민의 1타점 땅볼, 이어진 만루 위기에서 박동원에게 밀어내기 볼넷을 허용했다. 1점차까지 쫓긴 1사 만루. 하지만 여기서 LG 천성호의 6-4-3 병살타로 드라마틱한 경기가 끝났다. 기어코 삼성이 전반기 1위 확정 깃발을 꽂았다. 대구=김영록기자 lunarfly@sportschosun.com"
2026.07.09 21:51,"1위로 전반기 마쳤다!…‘강민호 결승타+김영웅 쐐기포’ 삼성, LG에 전...",MK스포츠,"삼성이 기분좋게 올스타 브레이크를 맞이하게 됐다. 박진만 감독이 이끄는 삼성 라이온즈는 9일 대구 삼성 라이온즈 파크에서 열린 2026 프로야구 KBO리그 정규시즌 홈 경기에서 염경엽 감독의 LG 트윈스를 6-5로 격파했다. 이로써 전날(8일) 2-8 패배를 설욕함과 동시에 위닝시리즈를 따낸 삼성은 51승 2무 32패를 기록, LG(52승 33패)를 제치고 단독 선두에 오른 채 전반기를 마치게 됐다. 삼성은 투수 원태인과 더불어 김지찬(중견수)-박승규(우익수)-구자욱(좌익수)-최형우(지명타자)-르윈 디아즈(1루수)-강민호(포수)-김영웅(3루수)-심재훈(유격수)-양우현(2루수)으로 선발 명단을 꾸렸다. 이에 맞서 LG는 홍창기(우익수)-박해민(중견수)-오스틴 딘(지명타자)-송찬의(좌익수)-박동원(포수)-천성호(1루수)-문보경(3루수)-오지환(유격수)-신민재(2루수)로 타선을 구축했다. 선발투수는 라클란 웰스. 기선제압은 삼성의 몫이었다. 1회말 1사 후 박승규가 좌전 2루타로 포문을 열자 구자욱이 1타점 좌전 적시타를 때렸다. LG도 보고만 있지 않았다. 2회초 단숨에 역전했다. 박동원의 좌전 안타와 천성호의 우중월 2루타로 연결된 2사 2, 3루에서 오지환이 우중월에 떨어지는 2타점 적시타를 쳤다. 기세가 오른 LG는 3회초 한 점 보탰다. 홍창기의 우전 안타와 박해민의 우전 안타, 오스틴의 사구, 송찬의의 1루수 땅볼로 완성된 1사 만루에서 박동원이 중견수 방면 희생플라이를 날렸다. 침묵하던 삼성은 3회말 추격에 시동을 걸었다. 양우현의 볼넷과 김지찬의 2루수 땅볼, 박승규의 볼넷, 구자욱의 중견수 플라이로 만들어진 2사 1, 3루에서 최형우가 1타점 우전 적시타를 터뜨렸다. 분위기를 추스른 삼성은 4회말 경기 균형을 맞췄다. 강민호의 플라이 타구에 나온 상대 유격수의 포구 실책과 김영웅의 우전 안타, 심재훈의 우익수 플라이로 연결된 1사 1, 3루에서 양우현이 중견수 방면 희생플라이를 때렸다. 흐름을 가져온 삼성은 6회말 경기를 뒤집었다. 선두타자 전병우가 볼넷을 골라 나가자 강민호가 1타점 좌전 적시 2루타를 쳤다. 김영웅의 중견수 플라이로 이어진 1사 3루에서는 김성윤이 1타점 우전 적시타를 터뜨렸다. 여유가 생긴 삼성은 8회말 한 점 보탰다. 1사 후 김영웅이 비거리 130m의 중월 솔로포를 작렬시켰다. 김영웅의 시즌 마수걸이 홈런이 나온 순간이었다. 다급해진 LG는 9회초 박해민의 땅볼 타점과 박동원의 밀어내기 볼넷으로 2점을 만회했지만, 거기까지였다. 그렇게 삼성은 기분좋게 전반기를 마무리하게 됐다. 삼성 선발투수 원태인은 81개의 공을 뿌리며 5이닝을 8피안타 1사사구 4탈삼진 3실점으로 막아냈다. 이어 이승민(승, 1이닝 무실점)-우완 이승현(홀, 1이닝 무실점)-김태훈(홀, 1이닝 무실점)-김재윤(세, 1이닝 2실점)도 실점을 잘 억제한 가운데 타선에서는 단연 결승타의 주인공 강민호(3타수 2안타 1타점)가 빛났다. 이 밖에 김영웅(4타수 2안타 1홈런 1타점), 최형우(3타수 1안타 1타점), 구자욱(4타수 1안타 1타점), 김성윤(1타수 1안타 1타점)도 뒤를 든든히 받쳤다. LG는 두 번째로 마운드에 오른 불펜 자원 약셀 리오스(0.1이닝 2피안타 1사사구 2실점)의 부진이 뼈아팠다. 시즌 2패(1승 2세이브 5홀드)째. 오지환(3타수 1안타 2타점), 박동원(3타수 1안타 2타점), 송찬의(4타수 2안타), 홍창기(5타수 3안타)는 분전했으나, 팀 패배를 막기엔 힘이 모자랐다. [이한주 MK스포츠 기자] [ⓒ MK스포츠, 무단전재 및 재배포 금지]"
2026.07.09 21:50,삼성 전반기 1위 확정!…'강민호 결승타+폭풍질주' LG 2위로 끌어내렸...,엑스포츠뉴스,"(엑스포츠뉴스 대구, 김지수 기자) 박진만 감독이 이끄는 삼성 라이온즈가 안방에서 펼쳐진 '미리 보는 한국시리즈'를 승리로 장식, 2026시즌 전반기를 단독 1위로 마감했다. 삼성은 9일 대구 삼성 라이온즈파크에서 열린 2026 신한 SOL KBO리그 LG 트윈스와의 팀 간 11차전에서 6-5로 이겼다. 전날 2-8 패배를 설욕하고 전반기 최종 3연전 위닝 시리즈를 챙겼다. 삼성은 이날 승리로 시즌 51승32패2무를 기록, LG(52승33패)를 승차 없이 승률에서 앞서며 2위에서 1위로 올라섰다. 기분 좋게 전반기 일정을 마치고 엿새 동안의 올스타 휴식기를 즐기게 됐다. 삼성은 선발투수로 마운드에 오른 토종 에이스 원태인이 5이닝 8피안타 1사구 4탈삼진 3실점을 기록, 선발투수로서 최소한의 역할을 해줬다. 뒤이어 등판한 불펜진이 LG 타선을 효과적으로 봉쇄하면서 승리의 발판을 마련했다. 삼성 타선은 박승규 3타수 2안타 1볼넷 1득점, 구자욱 4타수 1안타 1타점, 최형우 3타수 1안타 1타점, 강민호 3타수 2안타 1타점 2득점, 김영웅 4타수 2안타 1홈런 등으로 고른 활약을 펼쳤다. 강민호는 주루와 타격 모두에서 승부처 때마다 알토란 같은 플레이를 선보였다. 7회초 수비 시작 전 왼쪽 무릎 통증으로 교체되기 전까지 자신의 임무를 100% 완벽하게 수행했다. 반면 LG는 선발투수 라클란 웰스가 5이닝 5피안타 2볼넷 5탈삼진 3실점(2자책)으로 제 몫을 해줬지만, 두 번째 투수로 투입된 약셀 리오스가 무너지면서 삼성에 1위 자리를 뺏겼다. LG 타선은 4~8회초 공격 무득점이 뼈아팠다. 9회초 정규이닝 마지막 공격에서 삼성 마무리 김재윤을 괴롭히기는 했지만, 결국 무릎을 꿇었다. ◆기선 제압한 삼성, 곧바로 반격한 LG...치열한 공방전 전개 삼성은 김지찬(중견수)~박승규(우익수)~구자욱(좌익수)~최형우(지명타자)~르윈 디아즈(1루수)~강민호(포수)~김영웅(3루수)~심재훈(유격수)~양우현(2루수)으로 선발 라인업을 구성했다. 선발투수는 토종 에이스 원태인이 마운드에 올랐다. LG는 홍창기(우익수)~박해민(중견수)~오스틴 딘(지명타자)~송찬의(좌익수)~박동원(포수)~천성호(1루수)~문보경(3루수)~오지환(유격수)~신민재(2루수)로 이어지는 타선을 꾸렸다. 선발투수는 호주 특급 좌완 라클란 웰스가 원태인과 맞대결을 펼쳤다. 기선을 제압한 건 삼성이었다. 1회말 1사 후 박승규가 2루타를 쳐내면서 중심 타선 앞에 득점권 찬스를 차려 냈다. 곧바로 구자욱이 깨끗한 좌전 안타로 2루에 있던 박승규를 홈으로 불러들이면서 1-0으로 먼저 앞서갔다. LG도 빠르게 반격했다. 1회초 공격에서 원태인에 삼자범퇴로 물러났지만, 2회초는 달랐다. 1사 후 박동원의 안타, 천성호의 2루타로 1사 2·3루 기회를 잡았다. 문보경이 유격수 파울 플라이로 물러났지만, 오지환이 2타점 적시타를 때려내면서 2-1로 스코어를 뒤집었다. LG는 기세를 몰아 3회초 추가 득점에 성공했다. 선두타자 홍창기, 박해민의 연속 안타, 오스틴의 몸에 맞는 공 출루로 무사 만루 찬스를 잡았다. 송찬의의 1루 땅볼 출루 때 3루 주자가 홈에서 포스 아웃, 흐름이 잠시 끊겼지만 박동원의 1타점 외야 희생 플라이로 3-1로 점수 차를 벌렸다. LG는 다만 계속된 2사 1·2루에서 천성호의 내야 안타로 또 한 번 차려진 만루 기회에서 문보경이 우익수 뜬공으로 물러나면서 더 크게 달아나지는 못했다. 삼성도 강공으로 응수했다. 3회말 1사 1루에서 박승규의 볼넷 출루로 주자를 모았고, 2사 후 최형우의 1타점 적시타로 한 점을 만회하면서 3-2로 쫓아갔다. ◆LG 실수 파고든 삼성, 강민호 폭풍질주와 역전타로 뒤집기 삼성은 4회말 선두타자 강민호가 평범한 외야 뜬공으로 물러날 것처럼 보였지만, LG 좌익수 송찬의가 낙구 지점 포착에 실패했다. 타구가 보이지 않는다는 신호를 보냈고, 유격수 오지환이 급하게 외야까지 뛰어나가 글러브를 뻗었지만 처리하지 못하면서 실책으로 연결됐다. 삼성 입장에서는 행운의 출루가 이뤄졌다. 강민호는 후속타자 김영웅의 안타 때 2루, 심재훈의 우익수 뜬공 때 3루까지 진루했다. 이어 양우현의 중견수 뜬공 때 태그업 후 홈으로 쇄도, 멋진 헤드 퍼스트 슬라이딩과 함께 홈 플레이트를 터치하면서 삼성에 동점 득점을 안겼다. 삼성은 3-3으로 팽팽하게 맞선 6회말 선두타자 전병우가 볼넷으로 출루한 뒤 강민호가 해결사로 나섰다. 강민호는 3루 라인 선상으로 총알 같은 타구를 날리며 1타점 2루타를 생산했다. 이때 LG 좌익수 송찬의가 펜스 플레이가 매끄럽지 못했고, 3루에서 멈추려고 했던 1루 주자 전병우의 득점까지 연결됐다. 삼성은 계속된 무사 2루에서 김영웅의 중견수 뜬공 때 강민호가 3루까지 진루한 뒤 심재훈의 타석 때 대타 김성윤을 내세우는 승부수를 던졌다. 김영웅이 리오스를 무너뜨리는 1타점 적시타를 기록, 스코어를 5-3으로 만들었다. ◆LG 저항 잠재운 삼성 필승조, 안방서 전반기 1위 축포 쐈다 삼성 불펜 필승조는 타선이 만들어 준 리드를 지켜냈다. 7회초 이승현이 선두타자 박해민을 3루수 땅볼, 오스틴을 헛스윙 삼진으로 돌려세우면서 LG의 반격을 잠재웠다. 2사 후 송찬의에 안타를 내줬지만, 박동원을 삼진으로 잡고 이닝을 끝냈다. 베테랑 우완 김태훈은 8회초를 책임졌다. 선두타자 천성호와 문보경을 연속 삼진, 오지환을 1루수 땅볼로 솎아 내면서 홀드를 수확했다. 삼성은 8회말 공격에서 승기를 굳혔다. 1사 주자 없는 상황에서 김영웅이 LG 마무리 손주영을 울리는 솔로 홈런을 쏘아 올리면서 6-3으로 도망갔다. 삼성은 마무리 김재윤이 9회초 2실점하기는 했지만, 1사 만루에서 천성호를 병살타로 잡고 승부에 마침표를 찍었다. 사진=삼성 라이온즈 / 엑스포츠뉴스 DB 김지수 기자 jisoo@xportsnews.com"
2026.07.09 21:49,KIA 4연패 탈출! ‘대투수’ 호투 빛났다…“베테랑의 역할을 다했다” ...,스포츠서울,"[스포츠서울 | 사직=강윤식 기자] “베테랑의 역할을 다했다.” 전반기 마지막 경기에서 KIA가 4연패를 끊어냈다. ‘대투수’ 양현종(38)의 호투가 빛났다. 선발 역할을 잘해주면서 팀 승리의 발판을 놨다. 당연히 사령탑도 대만족이다. KIA는 9일 부산 사직구장에서 열린 2026 KBO리그 정규시즌 롯데전에서 5-2로 이겼다. 3연전 1,2차전에서 선발이 무너지며 대패했다. 이날은 달랐다. 연패를 끊으며 전반기를 마쳤다. 선발투수 양현종이 빛났다. 4연패 기간 선발이 무너지며 고생했던 KIA. 양현종 덕분에 초반을 잘 넘겼다. 5이닝 5안타 1사사구 1삼진 1실점이다. 평균자책점을 3점대로 떨어트렸고, 시즌 6승째를 달성했다. 경기 후 이범호 감독은 “선발 양현종이 베테랑의 역할을 다했다. 효율적인 투구로 상대 타선을 5이닝 1실점으로 잘 막아냈다. 포수 한준수와 호흡도 좋았다. 양현종의 호투 덕에 오늘 경기 플랜대로 투수를 기용할 수 있었다. 뒤이어 나온 불펜 투수들도 팀의 리드 잘 지켰다”며 박수를 보냈다. 방망이도 필요한 순간에 잘 터져줬다. 해럴드 카스트로, 김도영, 나성범이 대형 아치를 그렸다. 카스트로는 2안타(1홈런) 1타점을 쐈다. 김도영은 2안타(1홈런) 1볼넷 2타점을 적었다. 나성범은 1홈런 2타점이다. 여기에 박재현이 2안타 2득점으로 존재감을 뽐냈다. 수비에서도 안정감을 보여줬다. 이 감독은 “야수들의 집중력도 돋보였다. 다들 연패를 끊기 위해 타석과 수비에서 끝까지 집중하는 모습 보였다. 카스트로, 김도영 홈런과 나성범 쐐기 홈런 칭찬한다”고 말했다. 이날 사직구장은 평일이지만, 매진을 기록했다. 더운 날씨 속 KIA 원정 팬들은 연패 탈출의 염원을 담아 선수들을 응원했다. 사령탑은 팬들에게 감사 인사를 전했다. 그러면서 후반기 선전을 다짐했다. 이 감독은 “팬분들의 응원 덕에 연패를 끊어냈다. 더운 날씨에 원정에서도 큰 응원 보내주신 팬분들께 감사드린다. 올스타 브레이크 기간 재정비 잘해서 후반기에도 좋은 경기 펼치겠다”는 말을 남겼다. skywalker@sportsseoul.com"
2026.07.09 21:49,김지찬·디아즈·강민호 빠졌는데 LG 잡았다! 삼성 전반기 1위로 마무리…...,마이데일리,"[마이데일리 = 대구 김경현 기자] 삼성 라이온즈가 주전들 줄부상 속에도 LG 트윈스에 승리, 전반기를 1위로 마무리했다. 삼성은 9일 대구 삼성 라이온즈파크에서 열린 2026 신한 SOL KBO리그 LG와의 홈 경기에서 6-5로 승리했다. 이번 경기로 삼성은 51승 2무 32패를 기록, 전반기를 1위로 마감했다. LG는 52승 33패로 승차 없는 2위가 됐다. ▲선발 라인업 삼성 : 김지찬(중견수)-박승규(우익수)-구자욱(좌익수)-최형우(지명타자)-르윈 디아즈(1루수)-강민호(포수)-김영웅(3루수)-심재훈(유격수)-양우현(2루수), 선발투수 원태인. LG : 홍창기(우익수)-박해민(중견수)-오스틴 딘(지명타자)-송찬의(좌익수)-박동원(포수)-천성호(1루수)-문보경(3루수)-오지환(유격수)-신민재(2루수), 선발투수 라클란 웰스. 삼성이 기선을 제압했다. 1회 1사에서 박승규가 2루타를 치고 나갔다. 구자욱이 내야를 넘기는 선제 1타점 적시타를 때려냈다. LG가 경기를 뒤집었다. 박동원의 안타, 천성호의 2루타로 만들어진 2사 2, 3루. 오지환이 2루수 옆을 빠져나가는 역전 2타점 적시타를 뽑았다. 양 팀이 점수를 주고 받았다. 3회초 연속 안타와 몸에 맞는 공으로 LG가 1사 만루 찬스를 잡았다. 박동원이 중견수 방면 1타점 희생플라이로 간극을 벌렸다. 삼성은 3회말 2사 1, 3루에서 최형우의 1타점 적시타로 추격을 개시했다. 삼성이 악재를 딛고 흐름을 가져오기 시작했다. 4회초 동시에 김지찬이 오른쪽 햄스트링 불편함으로 김현준과 교체됐다. 4회말 무사 1, 3루에서 양우현이 1타점 희생플라이를 생산, 경기는 3-3 원점이 됐다. 5회초에는 디아즈가 어지럼증을 호소, 전병우와 교체됐다. 6회 선두타자 전병우가 바뀐 투수 약셀 리오스 상대로 볼넷을 골랐다. 이어 강민호가 좌익선상을 타고 흐르는 1타점 역전 2루타를 뽑았다. 강민호는 김영웅의 중견수 뜬공 때 3루까지 진루했다. 이어진 1사 3루에서 대타 김성윤이 2루수 키를 넘기는 1타점 적시타를 생산, 삼성이 5-3 리드를 잡았다. 다만 강민호는 7회 왼쪽 무릎 통증으로 대수비 장승현과 교체됐다. 김영웅이 쐐기를 박았다. 김영웅은 8회 1사에서 손주영의 초구 직구를 받아쳐 중앙 담장을 넘기는 솔로 홈런을 뽑았다. 시즌 마수걸이 홈런. 간극을 3점 차로 벌리는 귀중한 점수다. LG도 호락호락 넘어가지 않았다. 9회 김재윤이 마무리를 위해 등판했다. 그런데 문성주에게 볼넷, 홍창기에게 2루타를 허용했다. 박해민의 1루수 땅볼 때 아웃 카운트와 득점을 교환했다. 오스틴에게 볼넷을 내줘 1사 1, 3루가 됐다. 송찬의에게 볼넷을 내주며 1사 만루에 몰렸다. 박동원에게 밀어내기 볼넷을 허용, 경기는 1점 차가 됐다. 위기 상황에서 천성호를 유격수-2루수-1루수 병살 처리, 경기가 끝났다. 원태인은 5이닝 8피안타 1볼넷 4탈삼진 3실점으로 승패 없이 물러났다. 두 번째 투수 이승민이 1이닝 무실점으로 승리투수가 됐다. 이승현과 김태훈이 각각 1이닝 무실점 홀드를 작성했다. 김재윤이 1이닝 2실점으로 시즌 22호 세이브를 챙겼다. 타선은 장단 9안타로 6점을 냈다. 결승타의 주인공 강민호가 3타수 2안타 2득점 1타점을 기록했다. 김영웅이 4타수 2안타 1홈런 1득점 1타점, 박승규가 3타수 2안타 1득점으로 힘을 보탰다. 웰스는 5이닝 2볼넷 5탈삼진 3실점 2자책으로 노디시전을 기록했다. 리오스가 ⅓이닝 2실점으로 시즌 2패를 당했다."
2026.07.09 21:48,"KT-키움, 전반기 최종전 '우천 노게임'…안현민 홈런 취소",뉴스1,"(서울=뉴스1) 이상철 기자 = 프로야구 KT 위즈가 전반기 마지막 날 비 때문에 승리 기회를 놓쳤다. KT는 9일 수원 케이티위즈파크에서 열린 2026 신한SOL KBO리그 홈 경기에서 4회초까지 키움 히어로즈에 3-0으로 앞섰지만, 폭우로 중단된 경기는 결국 '우천 노게임' 처리됐다. KT는 선발투수 배제성이 4이닝 무실점 호투를 펼쳤고, 타선도 3회말 3점을 뽑으며 기선을 제압했다. 4회말 시작을 앞둔 오후 7시45분 빗줄기가 굵어지며 중단됐다. 이후 그라운드 정비 작업을 진행, 경기 재개를 준비했으나 다시 비가 내렸다. 결국 심판은 106분의 기다림 끝에 우천 노게임을 선언했다. 3회말 터진 안현민의 시즌 5호 2점 홈런은 비로 지워졌다. 3위 KT는 47승1무35패로, 최하위 키움은 29승1무57패로 전반기를 마감했다. rok1954@news1.kr"
2026.07.09 21:48,"[IS 대구] 삼성 11년 만에 전반기 1위 마감, LG 0.002 차 ...",일간스포츠,"삼성 라이온즈가 11년 만에 전반기를 1위로 마쳤다. 삼성은 9일 홈 대구 삼성라이온즈파크에서 열린 LG 트윈스와 전반기 최종전에서 6-5로 이겼다. 삼성은 승률 0.614(51승 2무 32패)를 기록, LG(승률 0.612·52승 33패)를 승률 2리 차로 따돌리고, 하루 만에 1위 자리를 탈환했다. 올 시즌 LG와의 상대 전적에서도 6승 5패 우위를 확보했다. 삼성이 전반기 1위를 차지한 건 2015시즌 이후 12년 만이다. 삼성은 1회 말 1사 후 박승규의 2루타에 이은 구자욱의 적시타로 선취점을 뽑았다. LG는 2회 초 1사 후 박동원이 안타, 천성호가 2루타를 치고 나가 만든 찬스에서 오지환이 2사 후 2타점 역전 적시타를 터뜨렸다. 3회에는 홍창기와 박해민의 연속 안타, 오스틴 딘의 몸에 맞는 공으로 만든 찬스에서 송찬의의 내야 땅볼로 선행 주자가 홈에서 아웃됐다. 후속 박동원의 희생 플라이 때 3루 주자 박해민이 홈을 밟아 3-1로 달아났다. 삼성은 3회 말 2사 1, 3루에서 최형우의 1타점 적시타로 2-3으로 따라붙었다. 4회에는 선두 타자 강민호가 유격수 뜬공 실책으로 출루한 뒤 김영웅의 안타 때 2루, 심재훈의 우익수 뜬공 때 3루까지 들어갔다. 이어 양우현의 중견수 뜬공 때 홈을 파고들어 귀중한 동점을 만들었다. 삼성은 6회 말 전병우가 바뀐 투수 약셀 리오스에게 선두 타자 볼넷을 얻어 출루했다. 이어 강민호의 좌익선상을 빠져 나가는 2루타 때 좌익수 송찬의가 공을 한 번에 잡지 못하는 사이 헤드퍼스트 슬라이딩으로 결승 득점을 올렸다. 이어 강민호는 대타 김성윤의 적시타 때 홈을 밟아 5-3을 만들었다. 김영웅은 8회 말 솔로 홈런(시즌 1호)으로 승부에 쐐기를 박는 듯했다. 선발 투수 원태인이 5이닝 3실점을 기록하고 마운드를 내려간 뒤 이승민, 이승현(우완), 김태훈이 1이닝씩 실점 없이 이어 던졌다. LG는 9회 초 마무리 김재윤을 상대로 문성주가 볼넷, 후속 홍창기가 2루타를 뽑아 찬스를 만든 뒤 박해민의 내야 땅볼 때 한 점을 따라붙었다. 이후 오스틴과 송찬의의 볼넷으로 만든 1사 만루에서 박동원이 밀어내기 볼넷을 기록했다. 스코어는 5-6으로 좁혀졌다. 그러나 천성호가 유격수 앞 병살타에 그치면서 경기가 종료됐다. 삼성은 전날 상대 선수와 충돌로 뇌진탕 증상을 겪은 류지혁이 경기 전 귀가 조처됐고, 경기 개시 이후에는 김지찬(오른 햄스트링 통증) 르윈 디아즈(어지럼증) 강민호(왼 무릎 통증)가 불편함을 호소하는 등 주축 선수가 여럿 빠졌지만 기분 좋은 승리로 전반기를 마감했다. 대구=이형석 기자 ops5@edaily.co.kr"
2026.07.09 21:45,"4연패, 결국 양현종이 끊었다…카스트로-김도영-나성범 동반 홈런포, 이게...",스포츠경향,"KIA는 7월 들어 선발승이 없었다. 6월30일 광주 SSG전에서 애덤 올러가 승리하고 전반기를 마감한 뒤로 KIA는 1승 1무 뒤 4연패에 빠졌다. 1승은 불펜투수 전상현의 구원승이었다. 최근 4연패 기간에도 선발 투수들이 줄줄이 일찍 마운드를 내려갔다. 황동하, 시라카와 케이쇼, 김태형에 이어 제임스 네일까지 조기강판 하면서 KIA는 광주에서 NC에 2패, 사직에서 롯데에 2패를 더해 4연패를 당했다. 사직에서는 수비까지 붕괴되면서 말도 안 되는 경기력으로 팀 분위기가 급추락했다. 결국 그 고리를 최고참 양현종이 끊었다. 양현종은 9일 사직 롯데전에 선발 등판해 5이닝 5피안타 1볼넷 1탈삼진 1실점으로 KIA의 5-2 승리를 이끌었다. 투구 수 69개를 올해 그 어느 때보다 전력으로 던진 양현종은 시즌 6승째를 수확했다. 4회말 2사후 한태양에게 좌중간 2루타, 손호영에게 우익선상 2루타를 연속으로 맞아 1점을 준 것이 유일한 실점이었다. 양현종은 선두타자 손성빈에게 좌익선상 2루타를 내주고 출발한 5회말에도 롯데의 1~3번 상위타자들을 모두 맞혀잡고 임무를 마쳤다. 지난 4경기에서 12점밖에 뽑지 못하고, 사직에서는 수비마저 헤맸던 타자들도 ‘정상’으로 돌아왔다. 2회초 선두타자 카스트로가 선제 솔로포를 뽑았고, 3회초에는 2사후 2번 박재현이 2루타로 출루하자 3번 김도영이 중전 적시타로 1점을 더했다. 4회말 양현종이 1점을 내줘 쫓기자 6회초에는 김도영이 선두타자로 나가 초구 직구에 비거리 130ｍ의 좌월 솔로홈런을 때리면서 3-1을 만들었다. 8회초에는 4번 타자 나성범이 1사 2루에서 롯데 세번째 투수 최준용의 3구를 밀어쳐 좌월 2점 홈런으로 5-1을 만들면서 쐐기를 박았다. 이범호 KIA 감독은 롯데와의 전반기 마지막 3연전을 시작하면서 “포스트시즌 같은 경기를 하겠다”고 했지만 이틀 연속 경기 초반 수비 붕괴와 타선 침묵으로 제대로 싸워보지도 못하고 연패를 당했다. 그동안 쉰 필승계투조가 마지막날 드디어 총동원 됐다. 양현종이 5이닝 동안 완벽하게 임무를 완수하고 내려가자 전상현, 조상우가 1이닝씩 막았다. 좌완 곽도규가 8회 등판한 뒤 9회 선두타자인 한태양에 이어 좌타자 박찬형까지 막는 임무를 맡았다. 한태양을 삼진으로 잡았지만 박찬형을 맞혀 내보내면서 곽도규는 교체됐고, 이어 등판한 정해영이 박건우에게 적시 2루타를 허용해 1점을 줬지만 무사히 나머지 아웃카운트 2개를 잡아 경기를 끝냈다. 이범호 감독은 “선발 양현종이 베테랑의 역할을 다했다. 효율적인 투구로 상대 타선을 5이닝 1실점으로 잘 막아냈다. 포수 한준수와의 호흡도 좋았다. 양현종의 호투 덕에 계획대로 투수를 기용할 수 있었다. 뒤이어 나온 불펜 투수들도 팀의 리드 잘 지켰다”고 양현종을 치하했다. 이범호 감독은 “야수들의 집중력도 돋보였다. 다들 연패를 끊기 위해 타석과 수비에서 끝까지 집중하는 모습 보였다. 카스트로, 김도영 홈런과 나성범 쐐기 홈런을 특히 칭찬하고 싶다“라며 “팬들 응원 덕에 연패를 끊어냈다. 더운 날씨에 원정에서도 큰 응원 보내주신 팬들께 감사드린다. 올스타 브레이크 기간 재정비 잘 해서 후반기에도 좋은 경기 하겠다“고 말했다. 부산 | 김은진 기자 mulderous@kyunghyang.com"
2026.07.09 21:45,안현민 홈런 날아갔다…폭우 쏟아진 수원 경기 우천 취소,서울신문,전국에 강한 비가 내린 가운데 KT 위즈와 키움 히어로즈의 전반기 마지막 맞대결이 우천으로 취소됐다. 9일 경기 수원케이티위즈파크에서 열린 KT와 키움의 경기는 이날 경기장에 내린 비로 4회말 KT 공격 상황에서 중단됐다. 7시 45분부터 중단된 이후 비가 점점 강해지며 대형 방수포까지 등장했으나 이후 소강상태에 접어들면서 방수포를 걷어내고 경기 재개를 준비했다. 그러나 다시 빗방울이 굵어졌고 결국 심판진은 1시간 46분이 지난 9시 31분을 기해 우천 취소를 선언했다. KT로서는 아쉬운 결과였다. 이날 경기는 KT가 3-0으로 앞서 있었기 때문이다. KT는 3회말 권동진의 3루타와 최원준의 중견수 희생플라이로 먼저 득점했고 김현수의 안타에 이어 안현민의 홈런포가 터지며 순식간에 3-0으로 달아났다. 안현민은 키움 선발 하영민의 시속 125㎞ 스위퍼를 공략해 가운데 담장을 넘기는 비거리 123.8m짜리 홈런을 터뜨렸다. 복귀 후 맹타를 휘두르며 시즌 5호 홈런이 나왔지만 결국 안현민의 기록도 우천 취소와 함께 삭제됐다. KT는 이로써 전반기를 47승 1무 35패(3위)로 마무리하게 됐다. 10개 구단 마지막으로 30승 고지에 도전했던 키움은 29승 1무 57패로 전반기를 마감했다. 노게임 선언된 이날 경기는 추후 편성된다. 류재민 기자
2026.07.09 21:44,'이럴수가' 18G 무실점 행진을 끝냈다…'캡틴'이 해냈다! 투런포 폭발...,스포츠조선,"[대전=스포츠조선 이종서 기자] 무실점을 이어오던 투수를 무너트렸다. NC 다이노스의 '캡틴' 박민우(33)가 동점포를 쏘아올렸다. 박민우는 9일 대전 한화생명볼파크에서 열린 한화 이글스와의 원정경기에 3번타자 겸 2루수로 선발 출전해 7회초 홈런을 날렸다. 2-4로 지고 있던 7회초 2사에 권희동이 볼넷을 얻어냈다. 타석에서 선 박민우는 한화 조동욱을 상대해 2B2S에서 6구 째 슬라이더를 받아쳤다. 몸쪽으로 들어온 공을 그대로 걷어올렸고, 한화생명볼파크 우측에 있는 8m 높이의 몬스터월을 그대로 넘겼다. 박민우의 시즌 5호 홈런. 조동욱은 지난 5월23일 두산 베어스전부터 3일 LG전까지 18경기 연속 무실점 행진 달렸다. 그러나 박민우의 홈런으로 한 달 넘게 잊고 있던 실점의 쓴맛을 알게 됐다. 박민우의 홈런으로 경기는 4-4 원점으로 돌아갔다. 대전=이종서 기자 bellstop@sportschosun.com"
2026.07.09 21:42,장맛비에 씻겨간 안현민 홈런포…키움-kt 수원 경기 우천 노게임,연합뉴스,"(수원=연합뉴스) 이대호 기자 = 프로야구 kt wiz 강타자 안현민의 홈런포가 빗줄기에 씻겨 내려갔다. 안현민은 9일 수원 케이티위즈파크에서 열린 2026 신한 SOL KBO리그 정규시즌 키움 히어로즈와 홈경기에서 1-0으로 앞선 3회 2점 홈런을 쏘아 올렸다. 지난달 23일 SSG 랜더스전에서 홈런을 때린 뒤 13경기 만에 나온 시즌 5호 아치였다. 그러나 kt가 3-0으로 앞선 4회말 시작에 앞서 쏟아지기 시작한 폭우 때문에 경기가 중단됐다. 중단 시간은 오후 7시 45분이다. 비가 잦아들자 심판진은 오후 8시 30분경 구장 정비 후 오후 9시 30분에 경기를 재개한다고 발표했다. 한창 정비가 진행 중이던 차에 다시 비가 쏟아졌고, 결국 오후 9시 31분 우천 노게임이 선언됐다. 비 때문에 17분 늦게 시작한 이날 경기는 중간에 106분 기다린 끝에도 재개되지 못했다. 4bun@yna.co.kr (끝) ▶제보는 카톡 okjebo"
2026.07.09 21:41,"MLB 러브콜 뿌리친 하현승 승선...청소년야구 대표팀 확정, 9월 대만...",마니아타임즈,"한국 청소년 야구 유망주들이 대만 무대에 총출동한다. 대한야구소프트볼협회(KBSA)는 9일 제14회 아시아청소년야구선수권대회에 나설 대표팀 코치진과 선수 명단을 발표했다. 덕수고 정윤진 감독이 지휘봉을 잡았고, 김수관(청원고)·정진(순천효천고BC)·최대곤(전주고)·남인환(중앙고) 감독이 코치로 힘을 보탠다. 마운드의 중심은 최근 미국 프로 구단들의 영입 제안을 뿌리치고 국내 무대를 택한 하현승(부산고)과 강속구 투수 윤예성(인창고)이다. 두 '원투펀치' 외에도 올스타전 MVP 박근서(서울디자인고), 대전고의 황금사자기 준우승을 이끈 2학년 한규민, 195㎝ 장신 우완 곽도현(부산공업고), 묵직한 직구의 김민훈(광주진흥고)이 투수진에 이름을 올렸다. 내야에는 텍사스 레인저스와 계약한 투타겸업 엄준상(덕수고)을 비롯해 우주로(대전고), 남현우(서울컨벤션고), 김지우(서울고), 강인규(청주고), 이호민(경남고)이 선발됐다. 외야는 장민제(충암고)·조희성(유신고)·황성현(덕수고)·박보승(경남고), 포수는 원지우(강릉고)·전영훈(세광고)이 뽑혔다. 대회는 9월 7일부터 13일까지 대만 타이베이에서 8개국이 참가한 가운데 열린다. 2개 조 예선 상위 2팀이 슈퍼라운드에 올라 예선(1경기)과 슈퍼라운드(2경기) 성적을 합산하며, 종합 상위 2팀이 결승에 오른다. 대표팀은 8월 중순 소집돼 훈련을 시작한다. 앞서 KBO는 청소년 대표팀의 국제 경쟁력 강화를 위해 KBSA에 추가 예산 3억원을 지원했다. [김선영 마니아타임즈 기자 / maniareport@naver.com] 기사제보 및 보도자료 report@maniareport.com"
2026.07.09 21:41,"재개하려는데 또 쏟아진 비, 그리고 106분의 기다림…수원 키움-KT전 ...",스포츠경향,"KT와 키움의 경기가 비로 노게임이 선언됐다. 9일 수원구장에서 열린 두 팀의 경기는 4회초까지 진행되다가 계속 내린 비로 재개하지 못했다. 이날 경기 시작 전 내린 비로 6시 30분에서 17분 미뤄진 6시 47분에 경기가 시작됐다. 경기 시작 후에도 예상치 못한 비가 내렸다. KT는 이날 3회 최원준의 중견수 희생플라이, 안현민의 2점 홈런으로 3-0으로 앞섰다. 하지만 4회말을 시작하기 전 세찬 비가 내렸고 7시 45분에 경기가 멈췄다. 비가 차츰 잦아들었고 9시 30분에 재개할 예정으로 정비에 들어갔다. 하지만 정비를 하는 과정에서 다시 비가 내렸다. 경기를 다시 시작할 수 없었고 노게임이 됐다. 노게임이 선언된 시간은 9시 31분으로 106분 동안 경기가 중단됐다. 이날 경기는 추후 편성된다. 수원 | 김하진 기자 hjkim@kyunghyang.com"
2026.07.09 21:39,"‘안현민 홈런 날아갔다’ KT, 1시간46분 기다렸지만 결국 우천 노게임...",OSEN,"[OSEN=수원, 길준영 기자] 프로야구 KT 위즈와 키움 히어로즈의 경기가 우천 노게임으로 취소됐다. KT와 키움은 9일 수원 KT위즈파크에서 ‘2026 신한은행 SOL Bank KBO리그’ 팀간 12차전을 치렀지만 우천 노게임으로 인해 결국 4회까지 진행된 경기가 모두 날아갔다. 이날 취소된 경기는 추후 편성될 예정이다. KT는 최원준(지명타자) 김현수(1루수) 안현민(우익수) 샘 힐리어드(좌익수) 허경민(3루수) 김상수(2루수) 배정대(중견수) 한승택(포수) 권동진(유격수)으로 선발 라인업을 꾸렸다. 안현민은 시즌 5호 홈런을 터뜨렸지만 우천 노게임으로 인해 안현민의 홈런도 사라졌다. 선발투수 배제성은 4이닝 1피안타 1볼넷 4탈삼진 무실점 호투를 펼쳤지만 무위로 돌아갔다. 투구수는 59구를 던졌다. 키움은 서건창(2루수) 추재현(중견수) 맷 데이비슨(지명타자) 케스턴 히우라(좌익수) 박찬혁(우익수) 최주환(1루수) 김동헌(포수) 권혁빈(유격수) 여동욱(3루수)으로 선발 라인업을 구성했다. 선발투수 하영민은 3이닝 3피안타(1피홈런) 1볼넷 탈삼진 3실점으로 패전위기에 몰렸지만 우천 노게임 덕분에 패전을 면했다. KT는 1회말 선두타자 최원준이 볼넷을 골라냈다. 김현수는 중견수 뜬공으로 잡혔고 안현민은 진루타로 2사 2루 찬스를 연결했지만 힐리어드가 중견수 뜬공으로 물러나며 선취득점에 실패했다. 하지만 3회 1사에서 권동진이 3루타를 터뜨렸고 최원준이 1타점 희생플라이를 날리며 선취점을 뽑았다. 이어서 김현수가 안타를 쳤고 안현민은 투런홈런을 터뜨리며 분위기를 완전히 가져왔다. 경기는 4회초 키움의 공격이 끝난 이후 우천으로 인해 중단됐다. 심판진은 비가 잦아들 때까지 경기 재개를 위해 기다렸고 그라운드 정비까지 진행했지만 결국 1시간 46분 가량을 기다린 끝에 결국 우천 노게임을 선언했다. /fpdlsl72556@osen.co.kr"
2026.07.09 21:37,"‘안현민 홈런도 취소’ 수원 키움-KT 전반기 최종전, 우천 노게임 선언...",스포츠동아,"[수원=스포츠동아 강산 기자] 키움 히어로즈와 수원 KT의 전반기 최종전이 우천 노게임 선언됐다. 9일 수원 키움-KT전은 4회초 직후 내린 폭우로 오후 9시 31분 노게임 선언됐다. 경기 시작 전부터 비가 내려 예정 시간(오후 6시 30분)보다 15분 늦게 시작했고, 4회초 키움 공격이 마무리된 오후 7시 45분 폭우가 내렸다. 내야 그라운드에 물웅덩이가 생겼을 정도로 상태가 좋지 않았다. 오후 8시 30분경 비가 잦아들자 1시간 뒤인 오후 9시 30분 재개를 목표로 정비를 시작했다. 그러나 정비 도중 또 한 차례 강한 비가 내려 정상적으로 경기를 치르기가 쉽지 않았다. 결국 오후 9시 31분부로 노게임이 선언됐다. KT 입장에선 아쉬운 노게임이다. 3회말 1사 후 권동진의 3루타와 최원준의 희생플라이로 선제점을 올렸고, 계속된 2사 1루서 안현민이 2점홈런을 터트려 3-0의 리드를 잡았다. 그러나 경기가 노게임 선언돼 안현민의 5호 홈런도 취소됐다. 노게임 선언된 이날 경기는 추후 편성된다. 수원｜강산 기자 posterboy@donga.com"
2026.07.09 21:34,"'김도영-나성범-카스트로 홈런포 폭발' KIA, 롯데 5-2 격파···연...",무등일보,"프로야구 KIA 타이거즈가 롯데 자이언츠와의 맞대결에서 승리하며 4연패의 사슬을 끊어냈다. KIA는 9일 부산 사직야구장에서 진행된 2026 신한은행 SOL 뱅크 KBO리그 롯데와의 원정 경기에서 5-2로 승리했다. 이날 경기는 선발 양현종이 5이닝 동안 1실점으로 역투하며 승리의 발판을 마련했고, 이후 불펜진이 실점을 최소화하며 리드를 지켜냈다. 타선 역시 홈런 3방을 포함해 장단 9안타를 터뜨리며 득점을 올렸다. 선발 양현종은 5이닝 동안 69구를 던지며 5피안타 1사사구 1실점으로 호투했다. 1회 삼자범퇴로 기분 좋게 출발한 양현종은 2회와 3회 안타를 허용했으나 실점 없이 위기를 넘겼고, 4회 2사 후 상대 손호영에게 2루타를 맞고 첫 실점했지만, 이후 5회까지 추가 실점 없이 임무를 마쳤다. 뒤이어 등판한 전상현이 1이닝을 삼자범퇴로 막았고, 조상우와 곽도규가 각각 1이닝씩을 책임지며 롯데의 추격을 뿌리쳤다. 9회 1사 후 등판한 정해영은 상대 박건우에게 2루타를 허용하며 실점했으나 남은 아웃카운트를 잡으며 승리를 지켰다. KIA 타선은 홈런 3개를 포함해 9안타를 기록하며 공격을 주도했다. 2회초 카스트로의 우측 담장을 넘기는 솔로 홈런으로 선취점을 뽑았고, 3회에는 박재현의 2루타에 이어 김도영의 적시타로 2-0을 만들었다. 4회초에는 김선빈이 병살타로 물러나며 흐름이 끊기기도 했으나, 6회초 김도영의 좌측 담장을 넘기는 솔로포가 터지며 3-1로 달아났다. 8회초에는 박재현의 안타와 투수 폭투로 만든 주자 2루 기회에서 나성범이 좌측 담장을 넘기는 2점 홈런을 쏘아 올려 5-1까지 점수 차를 벌렸다. 9회말 상대 2루타로 1점을 내줬지만 경기는 뒤집히지 않았다. 차솔빈기자 ehdltjstod@mdilbo.com"
2026.07.09 21:32,"""신이 내려주신"" 한화전 0-7 노게임, KT 이번엔 당했다... 안현민...",스타뉴스,"[스타뉴스 | 수원=신화섭 기자] 이래서 인생은 돌고 도는 것이라고 하는 걸까. KT 위즈가 불과 9일 사이에 '우천 노게임'으로 웃었다 울었다. KT는 9일 수원 KT위즈파크에서 열린 키움 히어로즈와 전반기 마지막 경기에서 4회초까지 3-0으로 앞서나갔다. 그러나 폭우가 잦아들지 않자 심판진은 4회말 KT 공격에서 선두 타자 허경민의 타석이 시작되기 직전인 오후 7시 45분 경기를 중단시켰다. 중간에 비가 그쳐 재개를 준비하기도 했으나 빗줄기가 다시 굵어지면서 결국 중단 1시간 46분 만인 오후 9시 31분 노게임이 선언됐다. 공교롭게 KT는 지난 6월 30일 대전 한화 이글스전에서 0-7로 크게 뒤진 3회말 종료 후 우천 노게임으로 패배를 면했다. 이날 경기 전 이강철 KT 감독은 당시에 대해 ""신이 내려주셨다""라고 표현했다. 그러나 불과 열흘도 되지 않아 이번엔 하늘이 KT를 도와주지 않은 셈이 됐다. 이날 경기는 오락가락하는 비 때문에 예정보다 17분 늦은 오후 6시 47분에 시작됐다. KT는 0-0이던 3회말 1사 후 권동진이 우중간 3루타를 치고 나간 뒤 최원준이 중견수 희생플라이를 날려 선제점을 뽑았다. 이어 김현수의 우전 안타로 만든 2사 1루 찬스에서 안현민이 상대 선발 하영민으로부터 중월 투런 홈런을 때려 스코어를 3-0으로 벌렸다. 6월 23일 SSG 랜더스전 이후 16일 만에 터진 안현민의 시즌 5호 아치였으나 노게임으로 인해 '없던 일'이 됐다. 김현수는 3회말 안타로 KBO리그 최초 17시즌 연속 100안타 대기록에 단 1개 차로 다가갔으나 노게임으로 시즌 안타 수는 다시 98개로 돌아갔다. KT 선발 투수 배제성 역시 4이닝 1피안타 무실점으로 호투해 5회를 채웠다면 2025년 7월 24일 NC 다이노스전 이후 근 1년 만에 승리를 따낼 수 있었으나 비 때문에 무위에 그쳤다. 수원=신화섭 기자 evermyth@mtstarnews.com"
2026.07.09 21:30,"KT 사격단, 수원 연고지 내 중학교에 훈련 장비 기증…“꿈을 키워가는데...",스포츠경향,"KT 사격단이 9일 수원 연고 지역 내 중학교 사격부 2곳에 교육 및 훈련용 총기와 실탄을 기증했다. 송남준 감독이 천천중학교와 이천중학교를 직접 방문해 전달했다. 이번 기증은 사격단이 보유한 훈련 자원을 지역 사회와 공유해 스포츠의 사회적 가치를 확산하고 학생 선수들의 교육 훈련 환경 개선은 물론 연고지 학교와의 협력으로 지역 스포츠 인재 육성과 사격 저변 확대에 기여하기 위함이다. 또한 미래 스포츠 인재 육성과 교육 환경 조성을 위한 사회공헌 활동의 일환으로 학생 선수들이 보다 안정적인 환경에서 사격을 배우고 성장할 수 있도록 지원하고 지역 기반의 체계적인 선수 육성을 통해 대한민국 사격의 미래 경쟁력 강화 기반 마련하고자하는 목적도 있다. 송남준 감독은 “사격을 꿈꾸는 학생들이 기뻐하는 모습을 보니 이번 기증이 더욱 뜻깊게 느껴졌다. 이번 지원이 학생들이 더 좋은 환경에서 훈련하며 꿈을 키워가는 데 작은 도움이 되길 바란다. 앞으로도 지역 사회와 함께 사격 저변 확대와 미래 인재 육성을 위해 지속적으로 노력하겠다”고 밝혔다. 한편 KT 스포츠는 야구단과 농구단, 게임단 외에도 1984년부터 사격단, 1985년부터 하키단을 지속적으로 운영하며 다양한 종목의 균형 있는 발전에 기여하고 있다. 수원 | 김하진 기자 hjkim@kyunghyang.com"
2026.07.09 21:27,"[IS 대구] '드디어 터졌다' 삼성 김영웅, 전반기 최종전서 마수걸이 ...",일간스포츠,삼성 라이온즈 거포 3루수 김영웅이 전반기 마지막 경기에서 마수걸이 홈런을 터뜨렸다. 김영웅은 9일 대구 삼성라이온즈파크에서 열린 LG 트윈스와 홈 경기에 7번 타자 3루수로 선발 출전해 팀이 5-3으로 앞선 8회 말 솔로 홈런을 터뜨렸다. 김영웅은 LG 마무리 손주영의 초구 시속 150㎞ 한가운데 직구를 받아쳐 가운데 담장을 넘기는 비거리 131m의 대형 홈런으로 연결했다. 팀의 시즌 85번째 경기에서 나온 김영웅의 마수걸이 홈런이다. 정규시즌 기준으로 지난해 10월 4일 KIA 타이거즈전 이후 처음이다. 최근 두 시즌 50홈런을 기록한 김영웅은 올 시즌 햄스트링 등 잦은 부상으로 전날까지 15경기에 출장해 타율 0.158 0홈런 4타점 OPS(출루율+장타율) 0.379에 그쳤다. 김영웅은 전반기 최종전에서 홈런을 날려 다소 홀가분한 마음으로 올스타 휴식기를 맞게 됐다. 대구=이형석 기자 ops5@edaily.co.kr
2026.07.09 21:22,"양현종 시즌 6승+김도영 시즌 27호포…KIA, 롯데 꺾고 4연패 탈출",스포츠투데이,"[스포츠투데이 신서영 기자] KIA 타이거즈가 4연패에서 탈출했다. KIA는 9일 부산 사직야구장에서 열린 2026 신한 SOL KBO리그 롯데 자이언츠와 원정 경기에서 5-2로 승리했다. 이로써 4연패를 벗어난 KIA는 시즌 전적 45승 2무 39패를 기록, 4위를 유지했다. 시리즈 스윕 기회를 놓친 롯데는 38승 2무 45패로 8위에 자리했다. KIA의 선발로 나선 양현종은 5이닝 5피안타 1사사구 1탈삼진 1실점으로 시즌 6승(5패)을 수확했다. 타선에선 김도영이 시즌 27호포를 포함해 3타수 2안타 2타점 1볼넷 1득점으로 활약했다. 카스트로와 나성범도 대포를 쏘아 올리며 힘을 보탰다. 롯데 선발 김진욱은 6이닝 7피안타(2피홈런) 1사사구 3탈삼진 3실점으로 패전의 멍에를 썼다. KIA가 대포로 포문을 열었다. 2회초 선두타자 카스트로가 김진욱의 4구째 132km 슬라이더를 받아쳐 우월 선제 솔로포를 터뜨렸다. 기세를 탄 KIA는 3회초 2사 후 박재현의 중전 2루타와 김도영의 적시타를 묶어 2-0으로 앞서 나갔다. 끌려가던 롯데도 반격에 나섰다. 4회말 2사 후 한태양이 중견수 방면 2루타를 때려낸 뒤 손호영의 우전 적시 2루타 때 홈을 밟으며 1점을 만회했다. 그러나 KIA가 다시 홈런으로 격차를 벌렸다. 6회초 선두타자 김도영이 김진욱의 초구 146km 때려 좌측 담장을 넘기는 비거리 130m의 솔로 홈런을 쏘아 올렸다. KIA의 홈런포는 계속됐다. 8회말 선두타자 박재현이 안타와 상대 포일로 2루까지 진루했다. 김도영은 삼진으로 물러났지만 나성범이 롯데 불펜 최준용을 상대로 좌월 투런포를 터뜨리며 5-1까지 격차를 벌렸다. 롯데도 쉽게 물러서지 않았다. 9회말 1사 후 박찬형이 사구로 출루했고, 박건우가 바뀐 투수 정해영을 상대로 2루타를 뽑아내며 1점을 만회했다. 그러나 김동혁이 삼진, 황성빈이 유격수 땅볼로 물러나면서 경기는 KIA의 5-2 승리로 종료됐다. [스포츠투데이 신서영 기자 sports@stoo.com]"
2026.07.09 21:17,"'대박' KIA 김도영 또 넘겼다! 미친 타구속도 '183㎞' 폭발, K...",스타뉴스,"[스타뉴스 | 부산=김우종 기자] KIA 타이거즈가 연패를 '4'에서 끊고 전반기 유종의 미를 거뒀다. KIA는 9일 부산 사직야구장에서 펼쳐진 롯데 자이언츠와 2026 신한 SOL KBO 리그 정규시즌 원정경기에서 5-2로 승리했다. 이날 승리로 KIA는 4연패에서 탈출, 45승 2무 39패의 성적으로 전반기를 마감했다. 리그 순위는 단독 4위다. 반면 롯데는 2연승을 마감, 38승 2무 45패를 기록했다. 리그 순위는 8위를 유지했다. 이날 KIA는 김호령(중견수), 박재현(좌익수), 김도영(3루수), 나성범(우익수), 카스트로(지명타자), 한준수(포수), 김선빈(2루수), 변우혁(1루수), 박민(유격수) 순으로 선발 라인업을 짰다. 선발 투수는 양현종이었다. 경기에 앞서 이범호 KIA 감독은 ""안 그래도 투수 코치와 상의했는데, (황)동하 역시 1회부터 대기할 것이다. 불펜도 1회부터 바로 대기를 시킬 생각이다. (양)현종이한테도 1회부터 베스트로(최선을 다해) 던져달라 했다. 만약 초반에 점수 차가 벌어지면 따라가기 힘드니까, 그렇게 준비하자고 했다""며 총력전 의사를 피력했다. 롯데는 황성빈(중견수), 고승민(1루수), 레이예스(좌익수), 한동희(지명타자), 전민재(유격수), 한태양(2루수), 손호영(우익수), 김세민(3루수), 손성빈(포수) 순으로 선발 타순을 구성했다. 선발 투수는 김진욱이었다. KIA는 모처럼 선취점을 뽑으며 롯데의 기선을 제압했다. 2회초 KIA는 선두타자 카스트로가 우측 담장을 넘어가는 솔로포를 작렬시켰다. 이어 3회에는 2사 후 박재현이 중월 2루타를 기록한 뒤 김도영이 중전 적시타를 터트리며 2-0을 만들었다. 롯데도 반격했다. 4회말 롯데는 2사 주자 없는 상황에서 한태양이 좌중간 2루타로 출루했다. 이어 손호영이 우익선상 안쪽에 떨어지는 적시 2루타를 쳐내며 2-1, 한 점으로 점수 차를 좁혔다. 그렇지만 그런 롯데의 추격 의지에 쐐기를 박은 한 방이 터졌으니 바로 김도영의 홈런이었다. 김도영은 6회초 선두타자로 등장, 김진욱의 초구 속구를 그대로 잡아당겨 좌측 담장을 넘어가는 솔로 아치를 그렸다. 이 홈런으로 김도영은 LG 트윈스 외국인 타자 오스틴(27개)과 함께 홈런 부문 공동 선두로 올라섰다. 비거리는 130m. 타구 속도는 무려 183.2km에 달했다. 그리고 8회 KIA가 2점을 추가하며 사실상 승부에 쐐기를 박았다. 롯데가 이이무라를 내리고 최준용을 투입한 가운데, 선두타자 박재현이 좌중간 안타로 출루했다. 이어 바뀐 포수 박건우의 포일을 틈타 2루에 안착한 박재현. 김도영이 삼진에 그쳤지만, 나성범이 좌측 담장을 넘어가는 투런포를 쏘아 올리며 5-1로 달아났다. 롯데는 9회말 1사 후 박찬형이 몸에 맞는 볼로 출루한 뒤 바뀐 투수 정해영을 상대로 박건우가 좌월 적시 2루타를 쳐냈다. 하지만 더 이상의 추격은 없었고, 결국 KIA의 승리로 마무리됐다. KIA 선발 양현종은 5이닝(총 69구) 5피안타 1볼넷 1탈삼진 1실점(1자책)으로 시즌 6승 달성에 성공했다. 총 9안타의 타선에서는 박재현과 김도영, 카스트로가 멀티히트로 활약했다. 반면 롯데 선발 김진욱은 6이닝(총 84구) 7피안타(2피홈런) 1볼넷 3탈삼진 3실점(3자책)으로 패전(4패)을 떠안았다. 부산=김우종 기자 woodybell@mtstarnews.com"
2026.07.09 21:13,[프로야구 부산전적] KIA 5-2 롯데,연합뉴스,▲ 부산전적(9일) KIA 011 001 020 - 5 롯데 000 100 001 - 2 △ 승리투수 = 양현종(6승 5패) △ 패전투수 = 김진욱(5승 4패) △ 홈런 = 카스트로 6호(2회1점) 김도영 27호(6회1점) 나성범 17호(8회2점·이상 KIA) (서울=연합뉴스) (끝) ▶제보는 카톡 okjebo
2026.07.09 21:13,김도영·나성범 홈런＋양현종 쾌투…KIA 4연패 끊고 전반기 마감(종합),연합뉴스,"(서울=연합뉴스) 장현구 기자 = KIA 타이거즈가 4연패에서 벗어나 한숨을 돌리고 전반기를 마감했다. KIA는 9일 부산 사직구장에서 벌어진 2026 신한 SOL KBO리그 롯데 자이언츠와의 방문 경기에서 5-2로 이겼다. KIA는 45승 2무 39패로 4위, 38승 2무 45패인 롯데는 8위로 올스타 휴식기를 맞이한다. 맥 빠진 플레이로 롯데에 연패한 KIA는 이날 2회 해럴드 카스트로의 우월 솔로 홈런으로 먼저 점수를 냈다. 이어 2-1로 앞선 6회 김도영의 시즌 27호 홈런에 힘입어 3-1로 달아났다. 김도영은 롯데 선발 김진욱의 초구 빠른 볼을 잡아당겨 왼쪽 스탠드에 떨어지는 비거리 130ｍ짜리 솔로포를 날렸다. 일주일 만에 대포를 재가동한 김도영은 오스틴 딘(LG 트윈스)과 더불어 홈런 공동 선두에 복귀했다. 김도영은 3회 두 번째 타석에서는 1타점 중전 적시타를 터뜨려 2안타 2타점을 기록했다. 8회에는 나성범이 좌월 투런 홈런으로 쐐기를 박았다. KIA 선발 양현종은 5이닝 동안 롯데 타선을 산발 5안타 1점으로 막고 시즌 6승째이자 통산 192승째를 수확했다. 김진욱은 6이닝 3실점으로 잘 던지고도 시즌 4패(5승)째를 당했다. cany9900@yna.co.kr (끝) ▶제보는 카톡 okjebo"
2026.07.09 21:12,"양현종-김도영 투타 분전...KIA, 전반기 최종전서 4연패 탈출",이데일리,"[사직=이데일리 스타in 이석무 기자] KIA타이거즈가 양현종과 김도영의 투타 활약에 힘입어 전반기 최종전에서 연패 탈출에 성공했다. KIA는 9일 부산 사직구장에서 열린 2026 신한 SOL KBO리그 롯데자이언츠와 원정경기에 5-2로 이겼다. 이로써 KIA는 최근 4연패 및 사직구장 3연패를 끊었다. 이날 승리로 45승2무39패를 기록, 4위로 전반기를 마무리했다. 반면 KIA를 상대로 앞선 두 경기에서 모두 대승을 거둔 롯데는 2승 1패 위닝시리즈에 만족해야 했다. 38승2무45패로 전반기 순위는 8위다. 팀 연패를 끊어야 한다는 책임감을 안고 등판한 양현종의 투구가 빛났다. 양현종은 5회까지 5피안타 1볼넷 1탈삼진 1실점으로 롯데 타선을 틀어막았다. 유일한 실점은 4회말 손호영에게 허용한 1타점 2루타였다. 69개 공을 던지면서 최고 구속이 144km에 이를 정도로 전력투구를 펼쳤다. 슬라이더와 체인지업도 빛을 발하면서 롯데 타자들의 타이밍을 뺏었다. 스트라이크-볼 비율도 44-25로 이상적이었다. 이날 호투로 시즌 6승(5패)째를 거뒀다. 양현종이 마운드 위에서 버텨주는 동안 KIA 타선도 힘을 냈다. 롯데 선발 김진욱을 상대로 꾸준히 득점을 뽑았다. 2회초 카스트로가 김진욱의 슬라이더를 받아쳐 우측 담장을 훌쩍 넘기는 솔로홈런을 때렸다. 3회초에는 박재현의 2루타와 김도영의 적시타로 1점 더 도망갔다. 롯데가 4회말 1점을 따라붙자 KIA는 6회초 김도영이 좌측 담장을 넘기는 솔로홈런을 때려 다시 2점 차로 달아났다. 김도영은 이날 KIA가 뽑은 3점 가운데 2점을 책임지면서 승리 일등공신이 됐다. 시즌 27호 홈런을 터뜨린 김도영은 LG트윈스 오스틴 딘과 함께 홈런 부문 공동 선두로 어깨를 나란히 했다. KIA는 양현종에 이어 6회부터 필승조를 총동원했다. 6회 전상현에 이어 7회 조상우, 8회 곽도규를 올려 롯데의 추격의지를 꺾었다. 8회초에는 나성범이 롯데 구원 최준용을 상대로 좌월 투런홈런을 터뜨려 승부에 쐐기를 박았다. 롯데는 9회말 KIA 마무리 정해영을 상대로 박건우가 적시 2루타를 때려 1점을 만회했지만 더이상 점수차를 좁히지는 못했다. 롯데 선발 김진욱은 6이닝 동안 7피안타(2피홈런) 3실점의 퀄리티스타트를 기록했지만 타선 도움을 받지 못하고 시즌 4패(5승)째를 당했다. 이석무 (sports@edaily.co.kr)"
2026.07.09 21:12,한숨 돌린 채 휴식기 맞이한다!…‘카스트로·김도영·나성범 쾅쾅쾅!+대투수...,MK스포츠,"KIA가 기분좋게 올스타 휴식기를 맞이하게 됐다. 이범호 감독이 이끄는 KIA 타이거즈는 9일 부산 사직야구장에서 열린 2026 프로야구 KBO리그 정규시즌 원정경기에서 김태형 감독의 롯데 자이언츠를 5-2로 제압했다. 이로써 4연패에서 벗어난 KIA는 45승 2무 39패를 기록한 채 전반기를 마치게 됐다. 반면 3연승이 좌절된 롯데는 45패(38승 2무)째를 떠안았다. KIA는 투수 양현종과 더불어 김호령(중견수)-박재현(좌익수)-김도영(3루수)-나성범(우익수)-해럴드 카스트로(지명타자)-한준수(포수)-김선빈(2루수)-변우혁(1루수)-박민(유격수)으로 선발 명단을 꾸렸다. 이에 맞서 롯데는 황성빈(중견수)-고승민(1루수)-빅터 레이예스(좌익수)-한동희(지명타자)-전민재(유격수)-한태양(2루수)-손호영(우익수)-김세민(3루수)-손성빈(포수)으로 타선을 구축했다. 선발투수는 김진욱. 기선제압은 KIA의 몫이었다. 2회초 선두타자 카스트로가 비거리 125m의 우월 솔로포(시즌 6호)를 쏘아올렸다. 일격을 당한 롯데였지만, 2회말 기회를 살리지 못했다. 전민재의 중전 안타와 한태양의 좌전 안타로 1사 1, 2루가 연결됐으나, 손호영, 김세민이 3루수 땅볼, 2루수 땅볼로 돌아섰다. 위기를 넘긴 KIA는 3회초 한 점 보탰다. 2사 후 박재현이 중전 2루타로 포문을 열자 김도영이 1타점 중전 적시타를 때렸다. 침묵하던 롯데는 4회말 추격에 시동을 걸었다. 2사 후 한태양이 중전 2루타로 물꼬를 트자 손호영이 1타점 우전 적시 2루타를 쳤다. 하지만 KIA는 이대로 분위기를 내줄 생각이 없었다. 6회초 선두타자 김도영이 비거리 130m의 좌월 솔로 아치를 그렸다. 김도영의 시즌 27호포. 기세가 오른 KIA는 8회초 점수 차를 벌렸다. 박재현의 좌전 안타와 상대 배터리의 포일로 완성된 1사 2루에서 나성범이 비거리 110m의 좌월 투런포(시즌 17호)를 작렬시켰다. 다급해진 롯데는 9회말 박건우의 1타점 좌전 적시 2루타로 한 점을 만회했지만, 거기까지였다. 그렇게 KIA는 기분좋게 전반기를 마무리하게 됐다. KIA 선발투수 양현종은 69개의 공을 뿌리며 5이닝을 5피안타 1사사구 1탈삼진 1실점으로 막아 시즌 6승(5패)을 수확했다. 타선에서는 단연 김도영(3타수 2안타 1홈런 2타점), 카스트로(4타수 2안타 1홈런 1타점), 나성범(4타수 1안타 1홈런 2타점)이 빛났다. 이 밖에 박재현(4타수 2안타)도 뒤를 든든히 받쳤다. 롯데는 8안타 2득점에 그친 타선의 부진이 뼈아팠다. 선발투수 김진욱(6이닝 7피안타 2피홈런 1사사구 3탈삼진 3실점)은 분전했으나, 득점 지원을 받지 못해 시즌 4패(5승)를 떠안았다. [이한주 MK스포츠 기자] [ⓒ MK스포츠, 무단전재 및 재배포 금지]"
2026.07.09 21:11,'역시 대투수' KIA 충격 연패 끝! 롯데 격파…김도영·나성범·카스트로...,스포츠조선,"[부산=스포츠조선 김민경 기자] KIA 타이거즈가 4연패를 끊고, 전반기 마지막 경기를 승리로 장식했다. KIA는 9일 부산 사직야구장에서 열린 롯데 자이언츠와 경기에서 5대2로 이겼다. 4위 KIA는 시즌 성적 45승2무39패, 8위 롯데는 2연승을 마감하고 시즌 성적 38승2무45패를 기록했다. 롯데는 황성빈(중견수)-고승민(1루수)-빅터 레이예스(좌익수)-한동희(지명타자)-전민재(유격수)-한태양(2루수)-손호영(우익수)-김세민(3루수)-손성빈(포수)으로 선발 라인업을 꾸렸다. 선발투수는 김진욱. KIA는 김호령(중견수)-박재현(좌익수)-김도영(3루수)-나성범(우익수)-해럴드 카스트로(지명타자)-한준수(포수)-김선빈(2루수)-변우혁(1루수)-박민(유격수)으로 맞섰다. 선발투수는 양현종. 양현종이 연패 스토퍼 임무를 해내며 대투수의 진가를 보여줬다. 5이닝 69구 5안타 1볼넷 1삼진 1실점 호투로 시즌 6승(5패)째를 챙겼다. 2회초 카스트로가 선취포를 터트렸다. 볼카운트 2B1S에서 김진욱의 슬라이더가 가운데 높이 들어온 것을 공략해 우월 솔로포로 연결했다. 1-0으로 앞선 3회초에는 김도영이 추가점을 뽑았다. 2사 후 박재현이 중월 2루타를 날렸고, 김도영이 중전 적시타를 날려 2-0이 됐다. 순항하던 양현종은 4회말 롯데의 추격을 허용했다. 2사 후 한태양에게 중견수 왼쪽 2루타를 얻어맞은 게 컸다. 다음 타자 손호영에게 우월 적시 2루타를 맞아 2-1. 양현종은 2사 2루에서 김세민을 3루수 직선타로 처리하면서 빠르게 흐름을 끊었다. 6회초 김도영이 홈런포를 가동했다. 스트라이크존 높이 들어온 김진욱의 초구 시속 146㎞ 직구를 제대로 통타했다. 타구 속도는 183.2㎞에 이르렀고, 비거리는 130m였다. 시즌 27호포. LG 트윈스 오스틴 딘과 다시 홈런 공동 선두가 됐다. 이범호 KIA 감독은 예고한 대로 6회부터 필승조를 가동했다. 이 감독은 경기에 앞서 양현종이 5이닝을 2실점 이내로 막으면 포스트시즌처럼 경기를 운영하겠다고 밝혔다. 6회부터 전상현(1이닝)-조상우(1이닝)-곽도규(1⅓이닝 1실점)-정해영(⅔이닝)이 이어 던져 승리를 지켰다. 8회초에는 나성범이 쐐기포를 터트렸다. 선두타자 박재현이 롯데 바뀐 투수 최준용에게 안타를 뺏고, 다음 김도영 타석 때 패스트볼에 힘입어 2루까지 갔다. 김도영은 헛스윙 삼진. 1사 2루에서 나성범이 최준용의 체인지업을 공략해 좌월 투런포로 연결했다. 5-1. 9회말 마지막 고비였다. 곽도규가 1사 후 박찬형을 사구로 내보낸 것. 바뀐 투수 정해영이 박건우에게 좌월 적시 2루타를 허용해 5-2로 쫓겼다. 실점은 했지만, 김동혁을 헛스윙 삼진으로 돌려세우며 빠르게 흐름을 되찾았다. 2사 2루에서 황성빈을 유격수 땅볼로 처리하며 경기를 끝냈다. 한편 롯데 김진욱은 6이닝 84구 7안타(2홈런) 1볼넷 3삼진 3실점을 기록, 퀄리티스타트를 달성했으나 득점 지원을 받지 못해 시즌 4패(5승)째를 떠안았다. KIA와 이번 시리즈 처음 2경기에서 35안타 21득점을 기록했던 롯데 타선이 이날은 거의 힘을 쓰지 못했다. 7안타 1득점에 그쳤다. 부산=김민경기자 rina1130@sportschosun.com"
2026.07.09 21:11,"'김도영 시즌 27호 홈런' KIA, 롯데 잡고 4연패 탈출",뉴스1,"(서울=뉴스1) 이상철 기자 = 프로야구 KIA 타이거즈가 롯데 자이언츠를 제물로 4연패에서 벗어나고, 전반기를 마쳤다. KIA는 9일 부산 사직구장에서 열린 2026 신한SOL KBO리그 원정 경기에서 홈런 세 방을 몰아쳐 롯데에 5-2로 이겼다. 4연패 사슬을 끊은 KIA는 45승2무39패, 4위로 전반기 일정을 소화했다. 3연승이 무산된 8위 롯데는 시즌 45패(38승2무)째를 기록했다. KIA 선발투수 양현종은 5이닝을 5피안타 1볼넷 1탈삼진 1실점으로 막고 시즌 6승(5패)째를 수확했다. 김도영은 시즌 27호 아치를 그려 오스틴 딘(LG 트윈스)과 홈런 부문 공동 선두에 올랐다. 통산 홈런 299개를 기록한 나성범은 역대 16번째 통산 300홈런까지 한 개만을 남겨뒀다. KIA는 2회초 해럴드 카스트로의 솔로포로 기선을 제압했다. 3회초에는 2사 이후 박재현의 2루타와 김도영의 적시타를 묶어 2-0으로 벌렸다. 끌려가던 롯데는 4회말 한태양과 손호영의 연속 2루타로 한 점을 만회했지만, 계속된 2사 2루에서 김세민이 3루수 직선타로 아웃돼 동점 기회를 놓쳤다. KIA는 6회초 김도영의 홈런이 터지며 한숨을 돌렸다. 김도영은 지난 2일 SSG 랜더스전 이후 7일 만에 홈런을 추가했다. 나성범은 8회초 1사 2루에서 시즌 17호 2점 홈런을 때려 승부를 갈랐다. 롯데는 9회말 박건우의 1타점 2루타로 한 점을 만회했으나 승패를 뒤집기엔 역부족이었다. 롯데 선발투수 김진욱은 6이닝 3실점으로 자기 몫을 했지만, 타선의 지원을 받지 못해 시즌 4패(5승)째를 떠안았다. rok1954@news1.kr"
2026.07.09 21:11,"‘대투수’ 5이닝 1실점+중심타선 ‘3홈런’ 쾅! KIA, 롯데 꺾고 4...",스포츠서울,"[스포츠서울 | 사직=강윤식 기자] KIA가 4연패서 벗어났다. ‘대투수’ 양현종(38) 호투와 중심타선의 홈런 3방이 결정적이었다. KIA는 9일 부산 사직구장에서 열린 2026 KBO리그 정규시즌 롯데전에서 5-2로 이겼다. 3연전 1,2차전에서 선발이 무너지며 대패했다. 이날은 달랐다. 연패를 끊으며 전반기를 마쳤다. 선발투수 양현종이 빛났다. 4연패 기간 선발이 무너지며 고생했던 KIA. 양현종 덕분에 초반을 잘 넘겼다. 5이닝 5안타 1사사구 1삼진 1실점이다. 평균자책점을 3점대로 떨어트렸고, 시즌 6승째를 달성했다. 타선에서는 해럴드 카스트로, 김도영, 나성범이 대형 아치를 그렸다. 카스트로는 2안타(1홈런) 1타점을 쐈다. 김도영은 2안타(1홈런) 1볼넷 2타점을 적었다. 나성범은 1홈런 2타점이다. 여기에 박재현이 2안타 2득점으로 존재감을 뽐냈다. 2회초 KIA가 먼저 점수를 냈다. 카스트로가 선두타자로 나섰다. 볼카운트 2-1에서 상대 선발 김진욱의 시속 132㎞ 슬라이더를 제대로 받아쳤다. 타구가 오른쪽 담장을 향해 쭉쭉 날아갔다. 그대로 넘어가면서 1-0을 만드는 솔로 홈런이 됐다. 3회초에 점수를 추가했다. 2사 이후 집중력이 돋보였다. 박재현이 중견수 뒤에 떨어지는 2루타로 득점권 기회를 만들었다. 김도영이 화답했다. 2루수와 유격수 사이를 가르는 중전 안타를 때렸다. 2루주자 박재현이 홈을 밟아 2-0으로 달아났다. 4회말 롯데도 반격에 나섰다. 2사에서 한태양이 중견수 키를 넘기는 2루타를 때리면서 출루했다. 손호영도 장타로 화답했다. 우익수 오른쪽에 떨어지는 1타점 적시 2루타를 기록했다. 1-2로 따라붙은 롯데다. 6회초 KIA가 다시 달아났다. 주인공은 김도영이다. 선두타자로 타석에 섰다. 김진욱의 시속 146㎞ 속구를 힘 있게 잡아당겼다. 맞는 순간 롯데 야수진이 모두 정지했다. 3-1을 만드는 좌월 솔로 홈런이다. 이 홈런으로 김도영은 홈런 공동 선두가 됐다. 8회초 승부의 추가 완전히 기울었다. 선두타자 박재현이 안타를 쳤다. 김도영은 삼진 아웃. 나성범이 나섰다. 상대 투수 최준용의 시속 135㎞ 체인지업을 통타했다. 5-1로 달아나는 투런포다. 사실상 승부의 쐐기를 박는 순간이다. 9회말 실점하긴 했다. 결과가 바뀌진 않았다. KIA의 5-2 승리다. skywalker@sportsseoul.com"
2026.07.09 21:11,"역시 김도영, KIA 4연패 끊는 적시타에 27호 솔로포 폭발→롯데 5-...",마이데일리,"[마이데일리 = 부산 김진성 기자] 역시 김도영이다. KIA 타이거즈 간판스타가 팀의 4연패를 끊는 적시타와 홈런을 터트렸다. KIA는 9일 부산 사직구장에서 열린 2026 신한은행 SOL BANK KBO리그 롯데 자이언츠와의 전반기 마지막 경기를 5-2로 이겼다. 4연패를 끊었다. 전반기 최종성적은 45승39패2무, 4위다. 롯데는 2연승을 마무리했다. 38승45패2무로 8위. KIA 선발투수 양현종은 개인통산 192승을 달성했다. 5이닝 5피안타 1탈삼진 1사사구 1실점으로 시즌 6승(5패)을 따냈다. 포심 최고 144km에 슬라이더, 체인지업, 커브를 구사했다. 평소보다 구속이 좀 더 나왔고, 스트라이크도 많이 던졌다. 롯데 선발투수 김진욱은 6이닝 7피안타(2피홈런) 3탈삼진 1사사구 3실점으로 시즌 4패(5승)를 떠안았다. 포심 최고 148km에 커브, 슬라이더, 체인지업을 섞었다. 좋은 투구를 했지만, 타자들의 공격 지원을 받지 못했다. KIA는 2회초 선두타자 헤럴드 카스트로가 선제 우월 솔로포를 쳤다. 반면 롯데는 2회말 1사 1,2루 찬스를 살리지 못하며 끌려갔다. 그러자 KIA는 3회초 2사 후 박재현이 중견수 키를 넘기는 2루타를 쳤고, 김도영이 1타점 중전적시타를 날렸다. KIA는 4회초 1사 1루서 김선빈이 유격수 병살타로 물러났다. 그러자 롯데는 4회말 2사 후 한태양이 좌중간 2루타를 쳤다. 손호영이 우선상 1타점 2루타를 뽑아냈다. 그러나 5회말 무사 2루 찬스를 살리지 못했다. KIA는 6회초 선두타자 김도영이 김진욱의 초구 146km 포심을 잡아당겨 시즌 27호 솔로포를 쳤다. 타구속도가 무려 183.2km였다. 8회초에는 박재현의 좌중간안타에 이어 상대 패스트볼로 1사 2루 기회를 잡았다. 나성범이 좌월 쐐기 투런포를 터트렸다. KIA 마운드는 양현종이 내려간 뒤 전상현, 조상우, 곽도규, 정해영이 경기를 마무리했다. 롯데는 9회말 무사 1루서 박건우의 좌측 담장을 직격하는 1타점 2루타가 나왔으나 승부를 뒤집지 못했다."
2026.07.09 21:10,"5연패 위기, 믿을 건 양현종-김도영이었다...양현종 관록투+김도영 27...",OSEN,"[OSEN=부산, 조형래 기자] 프로야구 KIA 타이거즈가 전반기 최종전은 승리로 장식하며 연패를 탈출했다. KIA는 9일 부산 사직구장에서 열린 ‘2026 신한 SOL KBO리그’ 정규시즌 롯데 자이언츠와의 전반기 마지막 경기에서 5-2로 승리를 거뒀다. 이로써 KIA는 4연패와 피스윕을 모면했다. KIA는 45승 39패 2무를 기록하며 전반기를 4위로 마무리 지었다. 롯데는 시리즈 스윕을 노렸지만 실패했다. 위닝시리즈에 만족해야 했다. 38승 44패 2무로 전반기 8위를 유지했다. KIA는 김호령(중견수) 박재현(좌익수) 김도영(3루수) 나성범(우익수) 카스트로(지명타자) 한준수(포수) 김선빈(2루수) 변우혁(1루수) 박민(유격수)으로 선발 라인업을 꾸렸다. 선발 투수는 양현종이다. 롯데는 황성빈(중견수) 고승민(1루수) 레이예스(좌익수) 한동희(지명타자) 전민재(유격수) 한태양(2루수) 손호영(우익수) 김세민(3루수) 손성빈(포수)이 선발 출장했다. 선발 투수는 김진욱이다. 전반기 최종전까지 패할 수 없다는 KIA의 의지가 집중력으로 드러났다. 2회초 선두타자 카스트로가 우월 솔로포를 터뜨렸다. 카스트로는 2회초 선두타자로 등장해 2볼 1스트라이크에서 김진욱의 132km 슬라이더를 걷어 올려 우월 선제 솔로포를 만들었다. 시즌 6번째 홈런. 3회에는 2사 후 응집력을 발휘했다. 2사 후 박재현이 중견수 키를 넘기는 2루타를 뽑아냈고 김도영이 중전 적시타를 만들어내면서 2-0으로 달아났다. 롯데는 2회 1사 1,2루 기회를 살리지 못했다. 하지만 4회말 2사 후 장타 2방으로 1점을 추격했다. 2사 후 한태양이 중견수 왼쪽 2루타를 뽑아냈고 손호영이 우익수 방면 적시 2루타를 뽑아내 1-2로 추격했다. 롯데는 5회말 선두타자 9번 손성빈이 좌선상 2루타를 치고 나가며 무사 2루 동점 기회를 만들었지만 황성빈 고승민 레이예스가 범타로 물러나 득점에 실패했다. KIA는 6회초 다시 한 번 홈럼을 쏘아올려 달아났다. 이번에도 김도영이다. 김도영은 6회초 선두타자로 등장해 김진욱의 초구 146km 패스트볼을 받아쳐 좌월 솔로포를 터뜨렸다. 27번째 홈런으로 홈런 공동 선두로 올라섰다. 그리고 KIA는 8회초 쐐기를 박았다. 선발 김진욱 이후 이이무라 최준용 등 필승조들을 올려서 추격 의지를 보였다. 하지만 KIA는 8회초 선두타자 박재현이 좌전안타를 치고 나갔다. 포일로 무사 2루가 됐고 김도영은 삼진을 당했다. 하지만 나성범이 좌월 투런포를 터뜨리면서 5-1로 달아났다. 롯데는 9회말 1사 후 박찬형의 사구와 박건우의 적시 2루타로 1점을 만회했다. KIA는 선발 양현종이 5이닝 69구 5피안타 1볼넷 1탈삼진 1실점의 관록피칭을 선보이면서 시즌 6승을 수확했다. 양현종 이후 전상현 조상우 곽도규 정해영이 올라와서 연패 탈출을 마무리 지었다. 김도영은 홈런 포함 2타점으로 활약했고 나성범은 투런포로 주장 역할을 톡톡히 했다. 롯데는 선발 김진욱이 6이닝 7피안타(2피홈런) 1볼넷 3탈삼진 3실점, 퀄리티스타트 피칭을 펼쳤지만 타선이 침묵하면서 패전 투수가 됐다. 이틀 동안 21득점을 뽑아낸 타선은 이날 유독 침묵했다. 한태양이 멀티히트를 기록했지만 상위타선이 침묵했다. /jhrae@osen.co.kr"
2026.07.09 20:55,"삼성 이게 무슨 일이야, 김지찬·디아즈 이어 강민호까지 빠지다니…""왼 무...",마이데일리,"[마이데일리 = 대구 김경현 기자] 삼성 라이온즈가 전반기 1위 결정전을 치르는 가운데 주전 선수가 줄줄이 빠지고 있다. 강민호는 9일 대구 삼성 라이온즈파크에서 열린 2026 신한 SOL KBO리그 LG 트윈스와의 홈 경기에 6번 타자, 포수로 선발 출전했다. 강민호는 2회 1사 첫 타석에서 우전 안타를 신고했다. 후속타 불발로 득점에는 실패. 4회 선두타자로 등장해 빗맞은 뜬공을 쳤는데 오지환의 포구 실책으로 1루를 밟았다. 이어 안타와 진루타로 3루에 안착했고, 양우현의 뜬공으로 홈을 밟았다. 양 팀이 3-3으로 팽팽히 맞선 6회 무사 1루에서는 역전 1타점 2루타를 뽑았다. 김영웅의 뜬공 때 3루로 향했고, 김성윤의 우전 적시타 때 득점을 올렸다. 그런데 7회 시작과 동시에 강민호가 장승현과 교체됐다. 삼성 관계자는 ""강민호는 왼쪽 무릎 통증으로 선수 보호차원에서 교체되었다""고 전했다. 앞서 4회 김지찬이 햄스트링 불편감, 5회 르윈 디아즈가 어지럼증으로 경기에서 이탈했다. 7회 기준 삼성이 5-3으로 앞서고 있지만, 아직 경기가 남아 있는 만큼 불확실성이 커졌다."
2026.07.09 20:40,‘그가 있어 5승 이상 더’…LG 역사에 남을 ‘2026 오스틴’,경향신문,"프로야구 LG 오스틴 딘은 기복이 큰 팀 타선에서 중심을 잡아왔다. 오스틴은 지난 8일 KBO 공식 6월 MVP로 선정됐다. 오스틴의 존재감은 WAR에서도 확인된다. WAR은 ‘대체선수 대비 승리기여도’를 뜻한다. 한 선수가 평범한 대체선수보다 팀 승리에 얼마나 더 보탬이 됐는지를 보여주는 지표다. 국내 프로야구에서는 KBO 공식 기록업체인 스포츠투아이와 스탯티즈가 WAR을 제공한다. 오스틴은 7일 기준 스포츠투아이 집계 WAR 5.54, 스탯티즈 WAR 5.00으로 투타를 통틀어 전체 1위에 올라 있다. 대체 가능한 수준의 선수와 비교해 오스틴 한 명이 LG에 5승 이상 가치를 더했다는 의미다. WAR은 부진하면 떨어질 수도 있지만, 꾸준히 활약하면 시즌 막판까지 계속 올라간다. 그래서 오스틴의 현재 페이스는 LG 역사를 놓고 봐도 눈길을 끈다. MBC 청룡을 모태로 1990년 창단한 LG 트윈스 역사에서 단일 시즌 WAR이 가장 높았던 선수는 1995년 이상훈이다. 이상훈은 20승5패, 평균자책 2.01을 기록했고, 스탯티즈 기준 WAR 7.79를 남겼다. 그다음은 1994년 류지현이다. 유격수 겸 톱타자로 뛴 류지현은 타율 0.301, 15홈런, 51도루에 수비 공헌까지 더해 WAR 7.49를 작성했다. 류지현은 1998년에도 WAR 7.03으로 다시 한번 7점을 넘었다. 2021년 홍창기도 빼놓을 수 없다. 홍창기는 그해 출루율 0.452로 WAR 7.14를 찍었다. 1999년 이병규는 타율 0.349, 192안타, 30홈런, 31도루로 30홈런-30도루를 달성하며 WAR 6.94를 기록했다. 최근 선수 중에서는 오지환이 있다. 오지환은 공수에서 모두 높은 기여를 보인 2022년 WAR 6.52를 써냈다. 2020년에도 WAR 6.41로 팀 야수진을 이끌었다. LG 외국인 선수 기준으로 보면 오스틴의 도전은 더 의미가 있다. LG 역대 외국인 선수 중 단일 시즌 WAR 1위는 2000년 투수 데니 해리거다. 해리거는 31경기에서 225이닝을 던지며 17승10패, 평균자책 3.12 성적을 냈고 WAR은 6.88로 집계됐다. 외국인 타자로 범위를 좁히면 2009년 로베르토 페타지니가 그해 타율 0.332, 26홈런, OPS 1.043을 기록했고 WAR 5.99를 남겼다. 오스틴은 7일 기준 홈런 1위 27개, 타점 2위 83개, OPS 1위 1.088, 타율 3위 0.343, 최다 안타 3위 111개를 달리고 있다. 리그 1위 LG가 현재 상승세를 이어간다면, 오스틴도 LG 역대 외국인 타자 최고 시즌을 보내는 동시에 구단 역사에 남을 시즌 WAR 기록에 접근할 수 있다. 안승호 기자 siwoo@kyunghyang.com"
2026.07.09 20:39,"'대체 어떤 얘기 나눴나' NC, 창원특례시 강기윤 시장과 첫 공식 만남",스타뉴스,"[스타뉴스 | 김동윤 기자] 프로야구 NC 다이노스가 연고 지역의 새 수장과 만나 뜻깊은 시간을 가졌다. NC 구단은 8일 ""창원시청에서 창원특례시 강기윤 시장과 첫 공식 만남을 가졌다. 이번 만남에는 창원특례시 강기윤 시장, NC 다이노스 이진만 대표이사 등이 참석했다. 이번 만남은 새롭게 취임한 창원특례시 시장과 구단의 첫 공식 만남으로 마련됐다. 강기윤 시장은 지난달 3일 열린 제9회 전국동시지방선거에서 송순호 후보를 2.59% 차로 꺾꼬 제5대 창원특례시장이 됐다. NC는 8일 경기 종료 시점에서 39승 1무 41패로 5위 두산 베어스와 2경기 차를 유지하면서 가을야구를 가시권에 두고 있다. 그런 가운데 연고지인 창원시와 주요 현안에 대해 첫 의견을 교환하는 시간을 가졌다. 이진만 대표는 ""새롭게 취임하신 시장님과 첫 공식 만남을 갖는 자리였다. 주요 현안에 대해 서로의 의견을 직접 확인할 수 있었던 자리다. 시설 관리 및 구단과 기존 협의 사항에 대해 책임감 있는 지원을 약속해준 강기윤 시장님께 감사드린다""라고 말했다. NC 구단에 따르면 양측은 이번 만남을 시작으로 필요한 사안에 대해 지속적으로 협의를 이어갈 예정이다. 김동윤 기자 dongy291@mtstarnews.com"
2026.07.09 20:35,‘강철 어깨’ 최민석·‘불방망이’ 오스틴 빛났다,세계일보,"2026 프로야구가 역대급 흥행 열풍 속에 9일 경기를 끝으로 전반기를 마감했다. LG와 삼성이 시즌 초반부터 ‘양강 체제’를 구축하며 앞서 나간 가운데 중위권 다툼은 그 어느 때보다 치열했다. 이는 관중몰이로 이어지며 전반기에만 700만명이 넘는 관객이 야구장을 찾아 올해도 최다 관중 기록을 갈아치울 기세다. 그래도 역시 팬들의 시선은 좋은 활약을 펼친 선수들에게 쏠리는 법. 올해 전반기 눈에 띄는 두 선수를 꼽자면 투수 최민석(20·두산), 타자 오스틴 딘(33·LG)이 있다. 프로 데뷔 첫 시즌인 지난해 3승3패 평균자책점 4.40의 성적으로 1군 무대 적응을 마친 고졸 2년 차 최민석은 2026시즌 전반기를 9승2패 평균자책점 2.33이라는 발군의 성적으로 마감했다. 다승은 애덤 올러(KIA), 임찬규(LG)와 공동 1위이고 평균자책점은 단독 선두다. 등판한 16경기 가운데 퀄리티스타트(선발 6이닝 이상 3자책점 이내) 11회로 이닝 소화 능력도 보여줬고, 피안타율(0.212)과 이닝당 출루 허용(WHIP·1.17) 등 세부 지표도 리그 최정상급이다. 최민석은 기존 젊은 유망주들과 달리 빠른 공을 앞세운 강력한 구위보다는 제구를 바탕으로 한 투심패스트볼을 앞세워 범타를 유도하는 투구를 펼친다는 점에서 눈길을 끈다. 당연히 이렇게 뛰어난 활약을 펼친 덕에 최민석은 9월 열리는 2026 아이치·나고야 아시안게임 대표에도 선발되는 등 최고의 시즌을 보내고 있다. 오스틴은 리그 최고의 외국인 타자의 입지를 굳건히 한 전반기였다. 오스틴은 8일 기준 타율 0.343(3위), 홈런 27개(1위), 타점 83개(2위), 득점 69개(공동 1위), 안타 111개(3위), 출루율 0.421(6위), 장타율 0.667(1위) 등 도루를 제외한 타격 7개 부문에서 선두권을 내달리고 있다. 어려워 보이기는 하지만 2010년 이대호(당시 롯데)가 세웠던 타격 7관왕이라는 ‘불멸의 기록’에 도전장을 내밀 만하다. 7관왕은 안 되더라도 특히 홈런과 장타율, 득점 부문에서 경쟁하는 김도영(KIA)이 아시안게임에 출전해 한동안 팀을 비울 예정이어서 다관왕 가능성은 커 보인다. 이런 활약을 펼쳤으니 KBO 공식 기록 사이트 기준 오스틴의 대체 선수 대비 승리 기여(WAR)는 5.54로 리그 전체에서 압도적인 1위다. LG의 투타 전반 팀 성적 지표가 중위권에 머물고 있음에도 선두 다툼을 할 수 있는 이유 중 하나가 오스틴의 활약이다. 2023년 KBO리그에 입성해 올해가 4년 차인 오스틴의 장점은 기복 없는 꾸준함이다. 그는 올 시즌 월간 타율이 한 번도 3할 아래로 떨어진 적이 없고, 무더위가 시작된 7월 이후에도 출전한 모든 경기에서 안타를 생산했다. 더욱이 후반기에 강하다는 점도 오스틴의 매력이다. 지난 시즌에도 7월 이후 42경기에서 타율 0.378, 12홈런을 기록하며 LG의 통합 우승을 이끌었다. 무엇보다 오스틴은 LG 구단 역사상 첫 홈런왕과 정규시즌 최우수선수(MVP) 수상도 기대할 수 있다. LG는 전신 MBC 청룡 시절을 포함해 한 번도 홈런왕과 MVP를 배출한 적이 없다. 송용준 선임기자 eidy015@segye.com"
2026.07.09 20:30,'김지찬 햄스트링→디아즈 어지럼증' 삼성 어쩌나... 휴식기 앞두고 핵심...,스타뉴스,"[스타뉴스 | 대구=김동윤 기자] 치열한 전반기 1위 다툼 중인 삼성 라이온즈에 비상이 걸렸다. 핵심 선수들이 줄줄이 부상 교체되며 걱정을 샀다. 삼성 구단 관계자는 9일 대구삼성라이온즈파크에서 열린 2026 신한 SOL KBO 리그 정규시즌 LG 트윈스와 홈 경기에서 ""디아즈 선수가 약간의 어지럼 증상이 있어 선수 보호차원에서 교체했다""고 밝혔다. 이날 5번 타자 및 1루수로 선발 출장한 르윈 디아즈는 얖서 양 팀이 3-3으로 맞선 5회초 수비를 앞두고 전병우와 교체됐다. 시작부터 좋지 않아 보였다. 디아즈는 2회말 첫 타석부터 라클란 웰스의 커브와 슬라이더에 연거푸 헛스윙하면서 3구 삼진을 당했다. 3회말 2사 1, 2루에서도 웰스의 높은 직구를 계속 건드려 결국 중견수 뜬공 처리됐다. 그에 앞서서는 김지찬도 교체 아웃됐다. 김지찬은 1번 타자 및 중견수로 출전해 2타수 1득점 1삼진을 마크했다. 김지찬은 3회초 무사 1루서 2루 땅볼로 선행 주자를 없애고 자신이 1루에 남았다. 이후 박승규의 볼넷 때 2루, 구자욱의 중견수 뜬공에 3루에 도달했고, 최형운의 우전 1타점 적시타 때 홈을 밟았다. 하지만 이 과정에서 통증이 발생했다. 하필 재발 위험성이 높은 햄스트링. 결국 삼성 구단은 선수 보호 차원에서 4회초 수비를 앞두고 김현준과 교체됐다. 자연스레 1위 탈환을 노리는 삼성의 라인업도 약해졌다. 당초 삼성은 김지찬(중견수)-박승규(우익수)-구자욱(좌익수)-최형우(지명타자)-르윈 디아즈(1루수)-강민호(포수)-김영웅(3루수)-심재훈(유격수)-양우현(2루수)으로 타선을 구성했다. 선발 투수는 원태인. 하지만 두 명의 주전 야수가 빠지면서 삼성은 어려운 경기를 이어가게 됐다. 이 경기 전까지 삼성은 50승 2무 32패로 1위 LG(52승 32패)를 1경기 차로 추격하는 중이었다. 이날 경기를 잡으면 삼성은 다시 승차를 없애고 승률에 앞선 1위로 전반기를 마칠 수 있었다. 대구=김동윤 기자 dongy291@mtstarnews.com"
2026.07.09 20:30,"악재 겹친 삼성, 류지혁 결장 이어 디아즈-김지찬 교체…1위 탈환 가능할...",엑스포츠뉴스,"(엑스포츠뉴스 대구, 김지수 기자) 2026시즌 전반기 최종전에서 1위 탈환에 도전 중인 삼성 라이온즈가 예상하지 못했던 전력 출혈 속에 LG 트윈스와 맞붙고 있다. 박진만 감독이 이끄는 삼성은 9일 대구 삼성 라이온즈파크에서 열린 2026 신한 SOL KBO리그 LG와의 팀 간 11차전에서 5회까지 3-3으로 팽팽하게 맞서고 있다. 삼성은 김지찬(중견수)~박승규(우익수)~구자욱(좌익수)~최형우(지명타자)~르윈 디아즈(1루수)~강민호(포수)~김영웅(3루수)~심재훈(유격수)~양우현(2루수)으로 이어지는 타선을 꾸렸다. 선발투수는 토종 에이스 원태인이 마운드에 올랐다. LG는 홍창기(우익수)~박해민(중견수)~오스틴 딘(지명타자)~송찬의(좌익수)~박동원(포수)~천성호(1루수)~문보경(3루수)~오지환(유격수)~신민재(2루수)로 선발 라인업을 구성했다. 선발투수는 호주 특급 좌완 라클란 웰스가 출격했다. 삼성은 2-3으로 끌려가던 4회초 수비 시작과 함께 선발 중견수였던 김지찬이 김현준으로 교체됐다. 3회말 두 번째 타석에서 내야 땅볼을 기록한 뒤 1루로 전력질주한 이후 몸 상태에 이상을 호소했다. 삼성 구단은 ""김지찬은 오른쪽 햄스트링에 약간 불편감이 있어 선수 보호 차원에서 교체했다""고 밝혔다. 삼성은 4회말 공격에서 3-3 동점을 만들었지만, 5회초 수비 시작과 동시에 디아즈까지 빠지게 됐다. 선수가 약간의 어지럼증을 느꼈고, 김지찬과 마찬가지로 선수 보호 차원의 교체가 이뤄졌다. 삼성은 지난 8일 주전 2루수 류지혁이 수비 중 LG 구본혁과 강하게 충돌, 큰 부상을 입을 뻔했던 장면이 있었다. 류지혁은 다행히 정밀 검진에서 특이 사항은 발견되지 않았지만, 여전히 후유증이 남아 이날 게임에 나서지 못하고 치료 후 귀가했다. 삼성은 여기에 셋업맨 최지광과 베테랑 좌완 백정현이 경미한 부상으로 나란히 이날 1군 엔트리에서 말소, 마운드 운영에도 어려움을 겪게 됐다. 일단 여러 악재를 딛고 LG와 전반기 1위 자리를 놓고 접전을 펼치고 있다. 사진=엑스포츠뉴스 DB 김지수 기자 jisoo@xportsnews.com"
2026.07.09 20:28,'이럴 수가' 김지찬 햄스트링→디아즈 어지럼증→강민호 무릎 통증...주전...,OSEN,"[OSEN=대구, 한용섭 기자] 프로야구 삼성 라이온즈가 1~2위 빅매치에서 경기 도중 주전들이 잇따라 잔부상으로 교체됐다. 9일 대구 삼성라이온즈파크에서 열린 LG 트윈스와 삼성 라이온즈 경기. 1번 중견수로 선발 출장한 김지찬은 4회초 수비 때 김현준으로 교체됐다. 김지찬은 3회말 공격 때 무사 1루에서 2루수 땅볼을 때린 후 1루에서 세이프, 병살타를 모면했다. 이후 볼넷으로 2루로 진루했고, 구자욱의 중견수 뜬공 아웃 때 3루로 태그업을 했다. 최형우의 우전 적시타 때 홈을 밟아 득점을 올렸다. 공수 교대 대 김현준의 교체된 것. 이후 삼성 구단 관계자는 ""김지찬 선수는 오른쪽 햄스트링 약간 불편감 있어 보호차원에서 교체했다""고 전했다. 홈런타자 디아즈도 경기 도중 교체됐다. 5번 1루수로 출장한 디아즈는 이날 2회 삼진으로 물러났고, 3회 2사 1,2루에서는 중견수 뜬공으로 아웃됐다. 디아즈는 5회초 수비 때 전병우로 교체됐다. 삼성 구단 관계자는 ""디아즈 선수는 약간의 어지러움 증상 있어서 선수 보호차원에서 교체했다""고 전했다. 이날 대구 지역은 낮에는 폭염 특보가 내려졌다. 삼성은 6회말 무사 1루에서 강민호가 좌선상 1타점 2루타를 때려 3-3 균형을 깼다. 1사 3루에서 대타 김성윤의 적시타로 강민호는 득점까지 올렸다. 삼성이 5-3으로 리드했다. 그런데 7회초 수비를 앞두고 강민호는 포수 장비를 차고 나왔다가 교체됐다. 삼성 관계자는 ""강민호 선수는 왼쪽 무릎 통증으로 선수 보호차원에서 교체됐다""고 전했다. 주전 3명이 차례차례 잔부상으로 교체됐다. 한편 이날 승리 팀이 2026시즌 전반기 1위로 올스타 휴식기에 들어간다. /orange@osen.co.kr"
2026.07.09 20:26,"대학 캠퍼스 유휴부지의 변신… 안양시, 경인교대 야구장·축구장 조성",경기일보,"대학 캠퍼스 안의 미활용 유휴부지가 지역 주민과 야구 꿈나무들을 위한 현대식 복합 생활체육공간으로 새롭게 탈바꿈했다. 안양시는 만안구 석수동에 위치한 경인교육대학교 경기캠퍼스에서 대학 측과 공동으로 추진한 ‘야구장 및 생활체육시설 조성 공사’를 마무리하고 대대적인 개장식을 개최했다고 9일 밝혔다. 이번 사업은 대학 내 활용도가 낮았던 부지를 효율적으로 활용해 부족한 도심 속 체육 인프라를 확충하고, 대학과 지역 사회가 상생하는 공존의 모델을 만들기 위해 마련됐다. 시는 경인교대 경기캠퍼스 북동쪽 부지 약 9천950㎡ 공간을 활용해 유소년 야구장 1면과 풋살장 1면을 새롭게 구축했다. 이와 함께 캠퍼스 남서쪽에 있던 낡은 기존 대운동장을 쾌적한 인조잔디 축구장(1면)으로 리모델링하고, 주변에 육상 트랙과 농구장(1면), 족구장(1면)을 함께 배치해 체육공원 형태의 다목적 공간으로 고도화했다. 새로 조성된 체육시설의 전반적인 관리와 운영은 안양도시공사가 전담한다. 공사는 시민들이 이용하는 데 불편함이 없도록 현재 세부적인 운영 규정과 개방 시간 등을 조율 중이며, 조만간 구체적인 이용 신청 방안을 확정해 공고할 계획이다. 이날 열린 개장식에는 최대호 안양시장과 김왕준 경인교대 총장을 비롯해 지역 국회의원, 시·도의원, 안양시 체육회 관계자, 시민 등 380여 명이 참석해 새로운 체육시설의 출발을 축하했다. 행사는 성결대학교 치어리더 팀의 축하 공연을 시작으로 유소년 야구선수들의 그라운드 라운딩, 최대호 시장의 시구와 김왕준 총장의 시타 등 다채로운 이벤트가 진행돼 참석자들의 눈길을 끌었다. 최대호 안양시장은 “이번에 문을 연 체육시설이 우리 지역의 야구 꿈나무들이 마음껏 기량을 펼치며 성장하는 요람이자, 주민들이 일상에서 건강한 활력을 충전하는 사랑방이 되기를 바란다”며 “앞으로도 시민들의 건강한 여가 생활과 삶의 질 향상을 위해 생활 밀착형 체육 인프라를 지속적으로 확충해 나가겠다”고 말했다. 최원재 기자 chwj74@kyeonggi.com"
2026.07.09 20:18,"김지찬 햄스트링, 디아즈 어지럼증…1위 결정전인데 삼성 주전이 벌써 빠졌...",스포티비뉴스,"[스포티비뉴스=대구, 신원철 기자] 전반기를 1위로 마칠 팀이 결정되는 '미리보는 한국시리즈'에서 삼성 주전 선수들이 하나씩 교체되고 있다. 김지찬이 4회초 수비에서, 르윈 디아즈가 5회초 수비에서 교체돼 벤치로 들어왔다. 삼성 라이온즈는 9일 대구 삼성라이온즈파크에서 열리고 있는 LG 트윈스와 경기에서 5회까지 3-3으로 팽팽하게 맞서 있다. 삼성과 LG는 이번 시리즈에서 1승 1패를 주고받았다. 7일 삼성이 9-2 완승을 거뒀고, 8일에는 LG가 8-2 승리로 설욕했다. 8일까지 1위는 LG지만 9일 경기에서 삼성이 이기면 다시 1위가 바뀐다. 순위 다툼이 걸린 경기인데 삼성 주전 선수들이 6회가 오기도 전에 두 명이나 빠졌다. 먼저 1번타자 중견수로 선발 출전한 김지찬이 4회초 수비 시작과 함께 김현준으로 교체됐다. 삼성 구단 관계자는 ""김지찬은 오른쪽 햄스트링에 약간의 불편감이 있어 선수 보호 차원에서 교체했다""고 설명했다. 김지찬은 타석에서 2타수 무안타를 기록하고 있었다. 5회초에는 5번타자 1루수 디아즈가 빠졌다. 삼성 측은 ""디아즈는 약간의 어지러움 증상 있어서 선수 보호 차원에서 교체했다""고 밝혔다. 디아즈는 2회 첫 타석에서 3구 삼진으로 물러난 뒤 3회에는 중견수 뜬공을 쳤다. 삼성은 최근 나흘 연속으로 1군 엔트리를 조정하고 있다. 6일 전반기를 마감한 선발 자원 최원태와 양창섭을 말소하고 7일 미야지 유라와 김영웅을 등록했다. 7일에는 백업 포수 김도환을 내리고 이병헌을 등록하는 조정도 있었다. 8일에는 최지광이 오른쪽 굴곡근 통증으로 이탈하면서 좌완 이승현이 1군에 올라왔다. 최지광은 검진 결과 그레이드1 손상 진단을 받았다. 9일에는 이두근 통증이 있는 백정현이 빠지고 신인 투수 정재훈이 1군 엔트리에 포함됐다. 더불어 8일 경기 중 주자와 충돌해 뇌진탕 증세가 있었던 류지혁이 9일 결장하게 되면서 백업 내야수 김재상이 올라오고 이성규가 말소됐다. <저작권자 ⓒ SPOTV NEWS. 무단전재 및 재배포 금지>"
2026.07.09 20:16,"KIA 김도영, 시즌 27호포…오스틴과 홈런 공동 선두",뉴스1,"(서울=뉴스1) 이상철 기자 = 프로야구 KIA 타이거즈 내야수 김도영이 전반기 마지막 날 시즌 27호 아치를 그리며 홈런 부문 공동 선두로 올라섰다. 김도영은 9일 부산 사직구장에서 열린 롯데 자이언츠와 2026 신한SOL KBO리그 원정 경기에서 3번 타자 3루수로 선발 출전해 6회초 홈런을 쏘아 올렸다. 팀이 2-1로 앞선 6회초, 선두타자로 나선 김도영은 롯데 선발투수 김진욱의 초구 직구를 때려 비거리 130m짜리 좌월 솔로포를 터뜨렸다. 지난 2일 SSG 랜더스전 이후 7일 만에 홈런을 때린 김도영은 오스틴 딘(LG 트윈스)과 홈런 27개로 이 부문 공동 선두가 됐다. 4연패 탈출을 노리는 KIA는 6회말을 마친 현재 롯데에 3-1로 앞서있다. rok1954@news1.kr"
2026.07.09 20:16,[한번에쓱]  '금주와 함께 춤을' 위즈파크에서는,스타뉴스,[스타뉴스 | 수원=강영조 선임기자] KT 3번타자 안현민이 9일 수원KT위즈파크에서 열리는 2026KBO리그 전반기 마지막 3연전 키움히어로즈와 KT위즈 경기 3회말 2사 1루에서 하영민을 상대로 투런홈런을 터트린 후 홈인하고 있다. 3-0으로 앞서가는 KT. 경기는 4회말 도중 폭우로 멈춰섰다.. 2026.07.09. KT 치어리더 이금주가 9일 수원KT위즈파크에서 열리는 2026KBO리그 전반기 마지막 3연전 키움히어로즈와 KT위즈 경기에서 팀원들과 함께 멋진 공연을 선사하고 있다. 4회말. 3-0으로 앞서가는 KT. 경기는 4회말 도중 폭우로 멈춰섰다.. 2026.07.09. 수원=강영조 선임기자 cameratalks@mtstarnews.com
2026.07.09 20:15,"김지찬에 이어 디아즈까지 경기 중 이탈…""어지러움 증상 있어 보호 차원 ...",마이데일리,"[마이데일리 = 대구 김경현 기자] 삼성 라이온즈 르윈 디아즈가 경기에서 빠졌다. 디아즈는 9일 대구 삼성 라이온즈파크에서 열린 2026 신한 SOL KBO리그 LG 트윈스와의 홈 경기에 5번 타자, 1루수로 선발 출전했다. 2회 선두타자로 등장한 첫 타석은 헛스윙 삼진 아웃. 3회 2사 1, 2루 두 번째 타석은 중견수 뜬공으로 물러났다. 5회 시작과 동시에 대수비 전병우와 교체됐다. 삼성 관계자는 ""약간의 어지러움 증상 있어서 선수 보호차원에서 교체했다""고 설명했다. 20시 기준 기상청에 따르면 현재 라이온즈파크의 기온은 28.4도다. 체감 온도는 29.5도. 온도가 높은 편은 아니지만, 습도가 68%로 높다. 이날 내내 후텁지근한 날씨가 계속됐다. 1위 결정전이란 압박감 속에서 플레이를 하다 몸에 약간 무리가 온 듯하다. 디아즈에 앞서 김지찬도 4회 햄스트링 불편감으로 김현준과 교체됐다. 한편 경기는 3-3으로 양 팀이 팽팽히 맞서고 있다."
2026.07.09 20:15,"21년 차에도 여전히, 흔들리지 않는 편안함…류현진은 ‘류현진’이다",중앙일보,"여전히, 류현진(한화 이글스)은 ‘류현진’이다. 프로 21년 차 투수 류현진은 올 시즌 전반기를 평균자책점 4위(3.26), 다승 공동 4위(8승)로 마쳤다. 이닝당 출루 허용(WHIP)은 1.06으로 전체 2위. 심지어 타자들이 타석에서 체감하는 류현진의 노련미는 숫자 그 이상이다. 메이저리그(MLB)까지 호령했던 백전노장의 현란한 수 싸움과 정교한 제구력에 타자들은 연신 타이밍을 빼앗긴다. 힘만 조금 떨어진, ‘전성기 류현진’을 보는 듯한 투구다. 김경문 한화 감독은 “류현진이 사실상 외국인 투수 역할을 해줬다. 나갈 때마다 6회까지 던지면서 자기 역할을 100% 이상 해냈다”고 박수를 보냈다. 류현진은 성공적으로 마무리한 전반기를 돌아보며 “선발 투수가 해야 할 일을 했을 뿐이다. 내게 주어진 역할을 잘 해냈다는 점에서 뿌듯하다”고 했다. 류현진은 올해 39세다. 나이를 한 살 더 먹었다. 그런데 지난 2년보다 더 기복 없이 안정적인 피칭을 한다. 올 시즌 선발 등판한 15경기 중 5이닝을 못 채운 경기가 하나도 없고, 그중 10경기에서 6이닝 이상을 책임졌다. 마흔을 바라보는 나이에 스위퍼를 새로 장착하고, 최근까지 또 다른 새 구종을 연마하는 등 ‘더 잘 던지기 위한’ 노력과 진화를 멈추지 않은 덕분이다. 특히 효율적인 투구로 체력 소모는 줄이고 투구 이닝을 늘린 게 주효했다. 그는 지난달 등판한 5경기에서 모두 6이닝을 2자책점 이하로 막아냈는데, 투구 수가 86구-83구-81구-79구-81구에 불과했다. 류현진은 “지난 시즌엔 거의 매 경기 90구 이상 던졌는데, 올해는 감독님과 코치님이 웬만하면 80구 안팎에서 끊으면서 관리를 잘 해주신다”며 “확실히 (투구 수가 적은 게) 몸 회복이나 다음 등판 준비에 도움이 된다. 후반기에도 등판할 때마다 공 80개로 6이닝을 책임지는 게 목표”라고 말했다. 류현진은 지난 5월 24일 대전 두산 베어스전에서 한국 투수 최초로 한미 통산 200승(한국 122승, MLB 78승) 고지를 밟았다. 또 한국 투수 최초의 한미 통산 2500탈삼진 기록까지 단 한 개만 남겨뒀다. 이변이 없는 한 후반기 첫 등판에서 달성할 가능성이 크다. 그러나 류현진은 “이제 기록은 내게 큰 의미가 없다. 크게 의식하지도 않는다”고 했다. 개인의 승리도 마찬가지다. 지난달 초까지 ‘다승왕 페이스’로 달리다 최근 3경기 연속 승수 쌓기에 실패했지만, 개의치 않는다. “내 승리가 날아가는 건 정말 상관없다. 우리 팀만 이기면 된다”고 강조했다. 이미 많은 걸 이룬 류현진에게 지금 가장 중요한 가치는 첫째도, 둘째도 한화의 승리다. 현재 한화는 6위 자리에서 중위권 싸움을 하고 있다. 지난 시즌엔 전반기를 1등으로 마무리했지만, 올해는 5강에 들지 못한 채 후반기를 맞이하게 됐다. 류현진은 “야구는 무조건 이겨야 재밌는 경기”라고 단언하면서 “지난달부터 (팀 승률) 5할 언저리를 맴도는 기간이 길어지면서 더 치고 올라가지 못하고 있는 게 아쉽다”고 했다. 2006년 데뷔하자마자 부동의 에이스 자리를 꿰찼던 19세 투수. 세계 최고의 리그에서 정상을 찍고 금의환향해 여전히 대전 마운드에 서 있는 그는 2026년에도 변함없는 팀의 기둥이다. 류현진은 후반기 도약을 준비해야 할 팀 후배들에게 이렇게 당부하고 싶다고 했다. “한 게임, 한 게임의 소중함을 알았으면 좋겠다. 매 경기 집중하자.” 배영은 기자 bae.youngeun@joongang.co.kr"
2026.07.09 20:14,두산 3회 6-0 앞서고 있는데 우천 중단?→재개 시간 확정…잠실 SSG...,스포티비뉴스,"[스포티비뉴스=잠실, 최원영 기자] 우천 중단 후 재개가 결정됐다. 두산 베어스와 SSG 랜더스는 9일 오후 6시 30분부터 서울 잠실야구장에서 2026 신한 SOL KBO리그 정규시즌 맞대결을 치르고 있다. 그러나 우천으로 인해 중단됐다. 9일 낮까지 천둥을 동반한 폭우가 내렸으나 오후 들어 날이 갰다. 야구장엔 파란 하늘과 하얀 구름이 모습을 드러냈다. 경기 개시를 약 3시간 정도 앞두고 그라운드 정비 작업이 진행됐고, 게임은 6시 30분에 정상적으로 시작됐다. 이날 홈팀 두산은 김민석(좌익수)-정수빈(중견수)-박준순(2루수)-양의지(포수)-안재석(3루수)-박찬호(유격수)-김인태(지명타자)-류승민(우익수)-강승호(1루수)로 선발 라인업을 꾸렸다. 선발투수는 잭로그다. 또한 투수 최주형을 말소하고 투수 타카다 타쿠토를 등록했다. 원정팀 SSG는 정준재(2루수)-김성욱(좌익수)-최정(지명타자)-고명준(3루수)-오태곤(1루수)-채현우(우익수)-최지훈(중견수)-조형우(포수)-박성한(유격수) 순으로 타선을 구성했다. 선발투수는 토마스 해치다. 더불어 외야수 기예르모 에레디아와 투수 이준기를 말소하고 투수 최민준을 콜업했다. 에레디아는 왼쪽 어깨 회전근개 손상 소견(그레이드1~2)을 받았다. 2주 뒤 재검진 예정이다. SSG는 1회초 김성욱의 우중간 안타 및 도루, 고명준과 오태곤의 볼넷 등으로 2사 만루 찬스를 만들었다. 그러나 채현우가 우익수 뜬공으로 물러났다. 2회초에도 최지훈의 좌전 안타, 조형우의 우전 안타, 최지훈의 3루 도루, 정준재의 몸에 맞는 볼 등으로 1사 만루를 이뤘다. 김성욱이 3구 헛스윙 삼진, 최정이 헛스윙 삼진으로 고개를 떨궜다. 두산이 반격에 나섰다. 2회말 선두타자 양의지가 3루수 고명준의 송구 실책으로 출루했다. 후속 안재석이 우중월 투런포를 터트려 2-0 선취점을 올렸다. 박찬호의 볼넷, 김인태의 헛스윙 삼진, 박찬호의 도루, 류승민의 포수 스트라이크 낫아웃 상태서 포수 태그아웃으로 2사 2루. 후속 강승호가 좌월 투런 홈런을 때려내 4-0으로 점수를 벌렸다. 3회말에도 두산은 정수빈의 1루 땅볼, 박준순의 3루수 방면 내야안타, 양의지의 좌전 2루타, 안재석의 볼넷으로 1사 만루를 빚었다. 박찬호가 2타점 좌중간 적시타로 6-0을 선보였다. 김인태의 헛스윙 삼진, 류승민의 우익수 뜬공으로 3회말이 종료된 후 오후 7시 46분 우천 중단이 결정됐다. 비는 금세 그쳤다. 중단 후 약 15분 만에 방수포를 걷기 시작했다. 두산 구단은 ""오후 8시 30분 경기 재개 예정이다""고 밝혔다. <저작권자 ⓒ SPOTV NEWS. 무단전재 및 재배포 금지>"
2026.07.09 20:06,"김도영, 드디어 사직에서 홈런 터졌다…시즌 27호포, 다시 ‘공동 1위’...",스포츠경향,김도영(23·KIA)이 5경기 만에 홈런을 터뜨리며 다시 공동 1위로 올라섰다. 김도영은 9일 사직 롯데전에서 2-1로 앞서던 6회초 선두타자로 나서 롯데 선발 김진욱의 초구 시속 146㎞ 직구를 타격해 좌월 솔로 홈런을 만들었다. 무려 시속 183.2㎞의 타구 속도로 비거리 130ｍ의 대형 홈런을 만들었다. 지난 2일 SSG전 이후 5경기 만의 홈런으로 김도영은 시즌 27호를 기록했다. LG 오스틴 딘과 함께 홈런 공동 1위로 어깨를 나란히 했다. 오스틴도 지난 2일 키움전에서 27호포를 친 이후 4경기 연속 홈런을 추가하지 못했다. 올시즌 김도영이 사직구장에서 홈런을 친 것도 이날이 처음이다. 앞서 사직구장에서 5경기를 치르는 동안 김도영은 타율 0.267(15타수 4안타)로 2루타는 2개 쳤지만 관중석으로 타구를 넘기지는 못했다. 부산 | 김은진 기자 mulderous@kyunghyang.com
2026.07.09 20:05,연패 끊은 SSG에 또 불운... 이번엔 에레디아 쓰러졌다,에스티엔,"[STN뉴스] 배영수 기자┃어찌어찌 연패는 끊었는데, 또다시 악재다. SSG 랜더스 이야기다. 이번엔 외국인 타자 기예르모 에레디아가 쓰러졌다. 투수를 전부 교체해 이젠 교체 카드도 없다보니, 어떻게든 다른 자원들로 꾸역꾸역 메워야 할 핀이다. 9일 SSG에 따르면 에레디아는 이날 왼쪽 어깨 회전근개 손상 소견으로 1군 엔트리서 제외된 상태다. 2주 후 재검진을 통해 더 정확한 상태를 점검하게 되는데, 그 결과에 따라 복귀 일정도 나올 수 있다는 것. 에레디아는 그간 부진했던 타격감이 이달 1일 KIA전 이후 다시 살아나면서 이틀 동안 6안타로 맹활약했었다. 다만 그가 깨어나던 시기에도 팀이 연전연패하던 부분이 좀 아쉽긴 했지만, 1일 이후 7일 경기까지 6경기 연속안타도 기록하고 있었다. 그는 지난 7일 팀이 연패를 끊어냈던 두산 전에서도 선발로 나왔었다. 그런데 당시 경기에서 4:2로 앞선 9회말 대수비로 교체된 직후 전날 경기에도 결장하면서 팬들로부터 부상 우려가 나왔는데, 결국 그 우려가 현실이 됐다. SSG는 에레디아가 검진일정 중에 있는 현재로선 복귀 시점을 명확하게 장담하기는 어렵다는 입장이다. 실제 회전근개 손상의 경우 대부분은 빠른 시간 안에 회복이 어려운 부위다. 현장의 예측도 현재로선 비슷하다. 이숭용 SSG 감독은 ""물론 2주 후 재검진 결과가 나와봐야 알겠지만, (내 생각에는) 아마 더 오래 걸릴 것 같다""고 밝히고 전반기 일정을 소화한 뒤 코칭스태프 및 프런트와 소통해 대안을 잡겠다는 계획이다. 현재 미치 화이트-앤서니 베니지아노를 전부 교체한 SSG는 에레디아를 교체할 수 없는 상태다. 시즌 중 한 팀이 '외국인 선수를 교체 가능한 횟수'를 모두 써버렸기 때문에, 에레디아의 상태가 어찌 되든 올해는 그와 함께 가야한다. 물론, 에레디아의 경우처럼 '부상'이 이유라면 '6주 시한'의 대체 외국인 선수를 잠시 들여오는 건 가능하다. 하지만, 아무리 적게 잡아도 최소한 100타수 이상은 타석에 올려줘야 검증이 되는 외국인 타자 포지션을 6주만 쓰고 내보내는 게 얼마나 큰 의미가 있을지는 사실 미지수다. 사례로 SSG의 경우 지난해 에레디아가 시즌 초반 뜻하지 않게 허벅지 모낭염의 2차감염으로 이탈하자 대체용병으로 왔던 라이언 맥브룸은 타율 .203으로 극도로 부진했고 결국 더 길게 활약하지 못했는데, 당시 그의 출전은 불과 22경기였다. 적응도 하기 전에 끝난 셈. 때문에 현재로서는 올스타전 휴식기 이후 후반기 경기 시작 시점에도 에레디아의 복귀가 요원하다면 일단 고명준이나 전의산 등 '장거리포'가 가능한 젊은 자원들을 에레디아의 대체재로 활용하는 방안이 있다. 물론, 여의치 않으면 대체 외국인 선수를 잠시 영입할 계획도 있다. 외국인 타자가 아예 없는 상태로 후반기를 치르는 건 분명 타 팀과의 대결에서 불리함으로 작용하는 게 사실이기 때문. 연패를 어렵게 끊어냈더니 팀 거포 외국인 선수가 쓰러진 만큼 이숭용 감독의 고민이 더 깊어지게 됐다. ※STN뉴스 보도탐사팀 제보하기 당신의 목소리가 세상을 바꾸고, 당신의 목소리가 권력보다 강합니다. STN뉴스는 오늘도 진실만을 지향하며 여러분의 소중한 제보를 기다립니다. ▷ 전화 : 1599-5053 ▷ 이메일 : news@stnsports.co.kr ▷ 카카오톡 : @stnnews / STN뉴스=배영수 기자 gigger@stnnews.co.kr ▶STN 뉴스 공식 모바일 구독 ▶STN 뉴스 공식 유튜브 구독 ▶STN 뉴스 공식 네이버 구독 ▶STN 뉴스 공식 카카오톡 구독"
2026.07.09 20:02,KIA 김도영 27호 홈런 쾅…오스틴과 다시 공동 1위,연합뉴스,(서울=연합뉴스) 장현구 기자 = 김도영(KIA 타이거즈)의 홈런포가 일주일 만에 불을 뿜었다. 김도영은 9일 부산 사직구장에서 벌어진 롯데 자이언츠와의 방문 경기에 3번 타자 3루수로 출전해 2-1로 앞선 6회초 선두 타자로 나와 롯데 선발 김진욱의 초구 빠른 볼을 잡아당겨 왼쪽 스탠드에 떨어지는 비거리 130ｍ짜리 솔로포를 날렸다. 김도영은 오스틴 딘(LG 트윈스)과 더불어 홈런 27개로 이 부문 공동 선두에 복귀했다. 김도영의 홈런은 2일 SSG 랜더스와의 일전 이래 7일 만에 나왔다. 김도영은 3회 두 번째 타석에서는 1타점 중전 적시타를 터뜨려 2안타 2타점을 기록 중이다. KIA는 6회 현재 3-1로 앞서 있다. cany9900@yna.co.kr (끝) ▶제보는 카톡 okjebo
2026.07.09 20:02,메시 페널티킥 성공률 '겨우 50%'…뜻밖의 약점 있었다,한국경제,"골대에서 정면으로 약 11m 앞 지점. 축구 경기장에서 외계인 같은 기량을 보여주는 아르헨티나 축구 선수 리오넬 메시(사진)가 보통의 선수로 변하는 유일한 지점이다. 메시는 2006년부터 올해까지 출전한 6번의 월드컵에서 8번 페널티킥(승부차기 제외)을 찼고 4번 실축했다. 월드컵 96년 역사상 최다 실축 기록이다. 이는 개인적으로도 뼈아픈 기록이다. 메시는 지난 7일 이집트와의 북중미 월드컵 16강전이 끝나고도 펑펑 울었다. 그는 한 골 차로 끌려가던 상황에서 페널티킥을 놓친 것에 대해 “실축 때문에, 내가 그것을 찬 방식 때문에 다시 동료들을 실망하게 했다”고 말했다. 월드컵과 프로 경기를 포함한 전체 공식전에서 메시의 페널티킥 성공률은 77%(148번 중 114번). 9일 월스트리트저널(WSJ)에 따르면 이 같은 성공률은 지난 20년간 전체 축구 선수의 평균 성공률(약 79%)보다 낮다. 가장 쉽고 단순한 득점 기회인 페널티킥에서 축구의 신 메시는 왜 힘을 못 쓸까. 축구 전문가들은 가장 큰 이유로 메시가 페널티킥을 찰 때 지나치게 그날의 ‘감’에 의존한다는 점을 꼽는다. 그는 골키퍼가 어느 쪽으로 움직이는지 기다린 뒤 반대 방향으로 공을 보내려 한다. 메시의 루틴을 파악한 골키퍼가 끝까지 버티면 메시는 페널티킥 주도권을 잃는다. 일관적이지 않은 슈팅도 문제점으로 지적된다. 국제축구연맹(FIFA)이 2022년 카타르 월드컵에서 메시가 찬 페널티킥을 분석한 결과 메시의 슛은 시속 40.1㎞에서 107.7㎞로 속도 차이가 컸고 차는 발 부위도 매번 달랐다. 이는 89%(124번 중 111번) 페널티킥 성공률을 자랑하는 잉글랜드 간판 골잡이 해리 케인과도 종종 비교된다. 케인은 공을 차기 전 본인이 생각한 방향으로 강하게 차는 ‘일관된’ 페널티킥 루틴이 있다. 단 한 번의 슈팅으로 판가름 나는 페널티킥 자체가 드리블과 방향 전환, 볼 터치에 강한 메시의 장점을 무색하게 한다는 분석도 나온다. WSJ는 “창조성과 즉흥성이 메시의 힘이지만 페널티킥은 일관된 루틴과 확신을 요구한다”고 설명했다. 황정수 기자 hjs@hankyung.com"
2026.07.09 20:00,"182km 총알포, 김도영 27호포 폭발...LG 오스틴과 다시 홈런 공...",OSEN,"[OSEN=부산, 조형래 기자] KIA 타이거즈 김도영이 연패 탈출을 향한 홈런을 쏘아 올렸다. 그리고 다시 홈런 공동 선두로 올라섰다. 김도영은 9일 부산 사직구장에서 열린 프로야구 정규시즌 롯데 자이언츠와의 경기 3번 3루수로 선발 출장했다. 1회 볼넷 3회 중전 적시타로 매 타석 출루하고 있었던 김도영. 그리고 2-1로 추격을 당하던 6회초 선두타자로 등장해 롯데 선발 김진욱의 초구 146km 패스트볼을 잡아 당겼다. 타구속도 시속 182.3km가 찍히는 강력한 라인드라이브 타구였다. 시즌 27번째 홈런 이 홈런으로 이날 아직 홈런을 추가하지 못한 LG 오스틴과 함께 다시 홈런 공동 선두로 올라섰다. KIA가 5연패 위기에서 김도영의 활약으로 3-1로 앞서가고 있다. /jhrae@osen.co.kr"
2026.07.09 19:55,"삼성 돌격대장 왜 3회 끝나고 빠졌나…""오른쪽 햄스트링 불편감으로 보호 ...",마이데일리,"[마이데일리 = 대구 김경현 기자] 삼성 라이온즈 '돌격대장' 김지찬이 부상으로 경기에서 빠졌다. 김지찬은 9일 대구 삼성 라이온즈파크에서 열린 2026 신한 SOL KBO리그 LG 트윈스와의 홈 경기에 1번 타자, 중견수로 선발 출전했다. 1회 첫 타석은 헛스윙 삼진 아웃. 3회 무사 1루 두 번째 타석에선 2루수 땅볼로 선행 주자와 자리를 바꿨다. 박승규의 볼넷으로 2루에 안착했고, 구자욱의 중견수 뜬공 때 3루 태그업에 성공했다. 계속된 2사 1, 3루에서 최형우의 안타 때 홈을 밟았다. 그런데 김지찬은 4회 시작과 동시에 대수비 김현준과 교체됐다. 삼성 관계자는 ""김지찬은 오른쪽 햄스트링에 약간 불편감 있어 보호차원으로 교체 했다""고 전했다. 한편 경기는 2-3으로 삼성이 밀리고 있다."
2026.07.09 19:53,'이럴 수가' 한화 7-0 노게임 악몽 생각나네…NC전 4회초 2-0 리...,OSEN,"[OSEN=대전, 조은혜 기자] 프로야구 한화 이글스가 앞서던 상황에서 또 비로 경기가 중단됐다. 김경문 감독이 이끄는 한화는 9일 대전 한화생명 볼파크에서 2026 신한 SOL KBO리그 NC 다이노스와의 홈경기에서 3회까지 2-0 리드를 잡았다. 4회초를 앞두고 갑작스럽게 내리는 비에 우천 중단이 선언됐다. 이날 한화는 오웬 화이트가 선발 등판, 오재원(좌익수) 페라자(우익수) 문현빈(중견수) 강백호(지명타자) 노시환(3루수) 허인서(포수) 김태연(1루수) 이도윤(2루수) 심우준(유격수) 순으로 선발 라인업을 구성했다. 한화는 2회말 2점을 내고 앞섰다. NC 선발 구창모 상대 선두 노시환이 헛스윙 삼진으로 물러났으나 허인서가 실책으로 출루했다. 구창모가 허인서의 땅볼을 잘 잡았으나 1루로 제대로 던지지 못했다. 이후 한화가 김태연의 중전안타로 1·2루 찬스를 잡았고, 이도윤 삼진 후 심우준과 오재원의 연속 적시타로 2-0을 만들었다. NC는 3회초 고준휘 중전안타 후 김주원 투수 앞 땅볼, 권희동 볼넷, 박민우 2루수 땅볼로 2사 2·3루 찬스를 만들었다. 그러나 블레인이 헛스윙 삼진으로 돌아서면서 점수로 연결하지는 못했다. 3회말 한화는 선두 문현빈이 중전안타를 치고 나갔으나 견제사를 당했고, 강백호가 볼넷으로 출루했으나 노시환의 병살타로 이닝을 끝냈다. 이후 오후 7시 33분부터 경기가 중단됐다. 한화는 지난달 30일 대전 KT전에서 7-0으로 크게 앞서고 있었으나 1시간 26분을 기다린 끝에 결국 노게임이 선언되는 뼈아픈 경험을 한 바 있다. 레이더상으로는 오후 8시 이후 큰 비구름은 없는 가운데, 경기 재개 여부를 지켜봐야 하는 상황이다. /thecatch@osen.co.kr"
2026.07.09 19:47,'이럴 수가' 대전 폭우 다시 쏟아진다! 한화 2-0 리드 4회초 우천 ...,엑스포츠뉴스,"(엑스포츠뉴스 대전, 김근한 기자) 한화 이글스가 또 앞선 상황에서 갑작스럽게 내린 폭우로 우천 중단이 이뤄졌다. 최근 KT 위즈전에서 7-0으로 앞서다 우천 노게임이 된 악몽이 다시 떠오르는 순간이다. 한화는 9일 대전 한화생명볼파크에서 2026 신한 SOL뱅크 KBO리그 NC 다이노스전을 치르고 있다. 이날 한화는 오재원(좌익수)~요나단 페라자(우익수)~문현빈(중견수)~강백호(지명타자)~노시환(3루수)~허인서(포수)~김태연(1루수)~이도윤(2루수)~심우준(유격수)으로 이어지는 선발 타순을 앞세워 NC 선발 투수 구창모와 맞붙었다. 이에 맞선 NC는 김주원(유격수)~권희동(좌익수)~박민우(2루수)~블레인 크림(1루수)~박건우(우익수)~김휘집(3루수)~김형준(포수)~천재환(중견수)~고준휘(지명타자)로 이어지는 선발 타순을 구성해 한화 선발 투수 오웬 화이트와 상대했다. 한화는 0-0으로 팽팽하게 맞선 2회말 상대 투구 송구 실책과 김태연의 안타로 2사 1, 2루 기회를 만들었다. 이후 심우준과 오재원의 연속 적시타로 2-0 리드를 먼저 잡았다. 한화는 3회초 2사 2, 3루 위기에서 선발 투수 화이트가 블레인을 삼진으로 잡고 위기를 넘겼다. 이후 3회말을 득점 없이 마친 한화는 4회초 수비를 앞두고 있었다. 그 순간 야구장에 갑작스럽게 내리기 시작한 거센 폭우로 경기 중단이 이뤄졌다. 심판진의 요청에 따라 내야 대형 방수포가 깔리면서 비가 잦아들길 기다리는 상황이다. 사진=대전, 김근한 기자 김근한 기자 forevertoss88@xportsnews.com"
2026.07.09 19:43,"한화 2점 냈는데…'이럴수가' 대전에 폭우가 쏟아진다, 결국 우천 중단 ...",스포츠조선,"[대전=스포츠조선 이종서 기자] 갑작스러운 폭우에 경기가 멈췄다. NC 다이노스와 한화 이글스는 9일 대전 한화생명볼파크에서 맞대결을 펼쳤다. 전날(8일) 우천으로 인해 경기가 열리지 않은 가운데 오전에도 많은 양의 비가 내렸다. 오후가 되자 거짓말같이 비가 그쳤다. 그라운드 정비를 마쳤고, 정상적으로 경기에 들어갔다. 그러나 저녁에도 비예보가 있던 상황. 비구름이 다가오기 시작했고, 결국 경기 개시 1시간 후 폭우로 변했다. 결국 4회초 NC 공격을 앞두고 우천 중단 선언이 내려졌다. 경기는 한화가 리드하고 있다. 한화는 오재원(좌익수)-요나단 페라자(우익수)-문현빈(중견수)-강백호(지명타자)-노시환(3루수)-허인서(포수)-김태연(1루수)-이도윤(2루수)-심우준(유격수) 순으로 선발 라인업을 구성했다. NC는 김주원(유격수)-권희동(좌익수)-박민우(2루수)-블레인 크림(1루수)-박건우(우익수)-김휘집(3루수)-김형준(포수)-천재환(중견수)-고준휘(지명타자)가 선발 출전했다. 한화는 2회말 1사에서 허인서가 투수 실책으로 출루한 뒤 김태연의 안타로 1,2루 찬스를 잡았다. 이도윤이 삼진으로 돌아섰지만, 심우준과 오재원의 연속 적시타로 2-0으로 달아났다. 한화 선발 화이트는 3이닝을 무실점으로 막아냈다. 대전=이종서 기자 bellstop@sportschosun.com"
2026.07.09 19:25,"연패 탈출하자마자 '에레디아 이탈'...SSG, 어깨 부상 악재 속 후반...",마니아타임즈,"[진병두 마니아타임즈 기자] 9연패의 늪에서 겨우 벗어난 SSG 랜더스가 이번엔 외국인 타자 기예르모 에레디아의 부상 이탈이라는 악재를 만났다. SSG 구단 관계자는 9일 에레디아가 왼쪽 어깨 회전근개 손상 소견(그레이드 1~2)으로 1군 엔트리에서 제외됐다고 밝혔다. 2주 후 재검진을 거쳐 복귀 일정을 확정할 방침이다. 에레디아는 지난 7일 두산전 대수비 교체 후 전날에도 결장했다. 복귀 시점이 불투명해 대체 선수 영입 가능성도 열려 있다. 이숭용 감독은 예상보다 오래 걸릴 것 같다며, 대체 선수 문제는 전반기 종료 후 프런트와 상의하겠다고 밝혔다. 역대 최다인 13연패에 이어 9연패에 빠졌던 SSG는 후반기 반등을 위해 마운드와 타선을 손본다. 새 외국인 투수 아빌라와 해치를 각각 1·3선발에 배치하고, 김건우는 2선발, 최민준은 19일 4선발, 타케다 쇼타는 21일 5선발로 기용할 계획이다. 타선에서는 고명준과 전의산을 중심 타선에 올려 어린 선수들에게 과감히 기회를 줄 방침이다. [진병두 마니아타임즈 기자/maniareport@naver.com] 기사제보 및 보도자료 report@maniareport.com"
2026.07.09 19:17,"40일만의 선발출전 → 2루타 2개 친 이재원, 6회 교체한 이유는? ""...",스포츠조선,"[대구=스포츠조선 김영록 기자] ""1점 더 뽑는게 더 중요했다. (이)재원이도 잘하고 빠지면 기분좋지 뭐."" 40일만의 선발 출전에서 모처럼 불방망이를 휘둘렀는데, 조기 교체한 이유는 뭘까. 9일 대구 삼성라이온즈파크에서 만난 염경엽 LG 트윈스 감독은 ""다음 타자가 번트 댈거니까, 1점 더 뽑으려고""라고 답했다. 이재원은 8일 대구 삼성 라이온즈전에서 3타수 2안타(2루타 2) 1타점 1득점을 기록했다. 특히 2-2로 맞선 4회 역전 결승 2루타를 쳤고, 6회에도 2루타를 치며 팀 공격을 이끌었다. 그런데 그 직후 교체됐다. 대주자 천성호가 투입된 것. 절정의 타격감으로 1~2타석 더 들어갈 수 있었는데 아쉬울만도 하다. 경기 후 만난 이재원은 교체에 대해 묻자 씩 웃기만 했다. 염경엽 감독은 ""1사 3루에서 컨택 스타트를 하려면 이재원으론 어렵다. 3루 갔을 때 바꾸느니 2루에서 미리 바꾸는 게 낫고, 3루 가기에도 이재원보단 천성호가 낫다""고 설명했다. 이어 ""이재원은 잘한 순간의 기분을 갖고 교체된 거고, 천성호나 문정빈에게도 기회를 줄 수 있다. 이기고 있는 경기였으니까""라고 덧붙였다. 염경엽 감독은 이재원의 앞날을 위한 조언도 덧붙였다. ""일단 인플레이 타구를 만드는 게 우선이다. 그러니까 초구부터 적극적으로 쳐야한다. 이재원이 홍창기처럼 출루형의 타자가 아니지 않나. 이재원은 공격형 타자다. 해결해야하는 타자고, 그럼 쳐야한다. 그런데 늘 초구 스트라이크 먹고, 2구 파울 치고, 그럼 볼카운트 0B2S에서 시작하는데 타격이 잘 되겠나."" 염경엽 감독은 ""투나씽이 되기 전에 빨리 공격해야한다. 잘치는 타자들 보면 초구부터 놓치지 않는다. 눈에 보이면 일단 돌릴 줄 알아야한다""면서 ""출루율은 나중에, 예를 들어 (박)병호처럼 잘 치고 야구까지 늘면 자연스럽게 올라갈 거다. 치려다가 볼이면 참아지거든. 그건 공격적인 플레이를 하고 다음의 일""이라고 강조했다. ""지금 타율이 2할2푼이다. 그 타율 칠 선수는 아니거든. 적극적으로 쳐서 인플레이 타구만 만들어낼 수 있으면 최소 2할8푼은 칠거라고 장담한다. 그거 못 고치면 앞으로도 타율 올리기 어렵다."" 대구=김영록기자 lunarfly@sportschosun.com"
2026.07.09 19:10,전반기 한 경기 남기고 콜업된 키움 정현우의 활용 방안은…“투수코치가 직...,스포츠경향,"KBO리그 데뷔 2년 차를 맞이한 키움 좌완 투수 정현우가 부상을 털고 1군 엔트리에 복귀했다. 키움은 9일 수원구장에서 열린 KT와의 원정 경기를 앞두고 엔트리에 변화를 줬다. 투수 배동현과 박진형을 제외하고 정현우를 등록했다. 덕수고를 졸업한 뒤 2025년 신인드래프트에서 1라운드 1순위로 키움 유니폼을 입은 정현우는 데뷔전인 지난해 3월 26일 KIA전에서 공 122개를 던지며 5이닝 6실점(4자책)을 기록해 첫 승리를 거뒀다. 이날 경기를 포함해 지난 시즌 18경기에서 3승 7패 평균자책 5.86을 기록했다. 올해는 지난 4월 2일 SSG전에서 5이닝 6실점을 기록한 뒤 팔꿈치 굴곡근 부분 손상으로 1군 엔트리에서 말소돼 재활에 들어갔다. 이 과정에서 팔꿈치 통증이 도져 복귀가 더 늦어졌다. 지난달 28일 퓨처스리그에서 처음으로 실전 경기를 소화할 수 있었다. 첫 경기인 한화전에서는 1이닝 무실점을 기록한 정현우는 지난 2일 상무와의 경기에서 2이닝 2안타 2볼넷 2실점을 기록했다. 그리고 전반기 종료를 한 경기 남겨두고 이날 1군의 부름을 받았다. 설종진 키움 감독은 경기 전 “오늘 마지막 경기고 상황이 어떻게 될지 모르고, 또 왼손 투수이지 않나. 이 선수가 팀의 미래를 맡을 투수니까 던지는 모습을 투수코치들이 직접 보는 게 좋을 것 같아서 콜업했다”라고 설명했다. 이날 경기에 반드시 마운드에 올리겠다는 것은 아니다. 설 감독은 “한두 타자나 1이닝을 소화하는 것을 생각하고 있다. 경기 중반 정도에 나갈 것이다. 무조건 던진다는 건 아니고 상황을 볼 것”이라고 했다. 엔트리에 한 자리는 비어있는 상태다. 설 감독은 “박윤성에 대해 퓨처스리그에 연락했더니 아직은 정상적인 몸이 아니라고 하더라. 김성진도 아직 통증에서 완전히 회복된 게 아니기 때문에 그냥 하나를 비워두고 정현우만 한번 보자고 했다”고 설명했다. 수원 | 김하진 기자 hjkim@kyunghyang.com"
2026.07.09 19:04,"키움 정현우, 1군 복귀...전반기 마지막 kt전서 중간 투수 대기",마니아타임즈,"키움 히어로즈의 왼팔 유망주 정현우(20)가 전반기 마지막 경기를 앞두고 1군에 돌아왔다. 키움 구단은 9일 수원 kt위즈파크에서 열릴 kt전을 앞두고 배동현·박진형을 말소하고 정현우를 등록했다. 정현우는 지난해 신인 드래프트 전체 1순위로 키움에 입단한 투수다. 데뷔 첫해 18경기 3승 7패 평균자책점 5.86을 남겼으나, 올해는 4월 2일 SSG전(5이닝 6실점) 한 경기만 던지고 팔꿈치 굴곡근 부분 손상으로 1군에서 빠졌다. 재활 중 통증이 도지며 복귀가 늦어졌고, 지난달 28일 2군에 복귀해 2경기를 소화했다. 설종진 감독은 그를 부른 배경에 대해 반드시 이날 기용하려는 것은 아니며, 경기 상황에 따라 타자 1~2명이나 1이닝 정도를 맡길 수 있다고 밝혔다. 2군에 계속 두기보다 1군에서 직접 던지는 모습을 코치진이 확인할 필요가 있었다는 설명도 덧붙였다. 전반기를 최하위로 마친 데 대해 설 감독은 5선발 체제는 나름대로 돌아갔지만 공격력, 특히 득점권 타율이 아쉬웠다고 돌아봤다. 그러면서 올스타 휴식기에 철저히 준비해 후반기에는 타격에서 달라진 모습을 보이겠다고 다짐했다. [김선영 마니아타임즈 기자 / maniareport@naver.com] 기사제보 및 보도자료 report@maniareport.com"
2026.07.09 19:00,"류지혁 집으로 보낸 삼성, 최지광-백정현도 '미리 보는 KS 3차전' 못...",엑스포츠뉴스,"(엑스포츠뉴스 대구, 김지수 기자) 천만다행으로 큰 부상을 피한 삼성 라이온즈 베테랑 내야수 류지혁이 일단 1군 엔트리 말소 대신 휴식을 취하게 됐다. 마침 올스타 브레이크로 몸을 추스를 수 있는 시간적 여유를 벌었다. 박진만 삼성 감독은 9일 대구 삼성 라이온즈파크에서 열리는 2026 신한 SOL KBO리그 LG 트윈스와의 팀 간 11차전에 앞서 ""류지혁은 일단 정밀 검사에서는 큰 문제는 없었다""며 ""그런데 지금 거동이 힘들 정도로 힘들어 하는 상태다. 오늘은 야구장에 나와서 몸 상태만 체크하고 치료를 받게 한 뒤 귀가 조치했다""고 말했다. 류지혁은 지난 8일 LG 트윈스와의 팀 간 10차전에 6번타자 겸 2루수로 선발출전했지만, 게임을 끝까지 뛰지 못했다. 6회초 무사 2루에서 LG 구본혁의 희생 번트 시도 때 1루 베이스 커버를 들어가 투수 백정현의 송구를 받는 과정에서 구본혁과 강하게 충돌했다. 류지혁은 무릎보다 다소 낮은 높이로 날아온 백정현의 송구를 잡기 위해 몸을 숙였고, 포구 과정에서 몸이 1루 파울라인 쪽으로 쏠렸다. 이때 1루로 전력질주하던 구본혁이 류지혁을 미처 피하지 못하고 부딪혔다. 류지혁은 그대로 그라운드에 쓰러져 통증을 호소했다. 삼성 트레이닝 파트는 급하게 더그아웃 밖으로 나와 류지혁의 상태를 살폈다. 야구장에 대기 중이던 구급차가 그라운드 안으로 진입해 류지혁의 병원 이동을 준비했다. 류지혁은 다행히 통증을 털고 일어서기는 했지만, 스스로 걸어 더그아웃으로 복귀하기 어려울 정도로 어지럼증을 느꼈다. 결국 트레이너의 등에 업혀 그라운드를 빠져 나갔다. 류지혁은 뇌진탕 증세를 보여 천주 성삼병원 응급실로 이동, CT 촬영을 진행했다. 검사 결과 특이 사항은 없었지만, 류지혁이 후유증을 느끼고 있는 만큼 당분간 훈련보다 안정을 취할 것으로 보인다. 삼성은 당장 류지혁을 1군 엔트리에서 말소하지는 않았다. 이날 LG전을 끝으로 오는 10일부터 15일까지 엿새 동안 올스타 브레이크로 페넌트레이스가 잠시 중단되는 점을 고려했다. 류지혁이 엔트리에서 빠졌다면, 16~19일 롯데 자이언츠와의 후반기 첫 4연전에 나설 수 없는 부분을 감안할 수밖에 없었다. 박진만 감독은 이날 LG와의 전반기 최종전에는 양우현을 선발 2루수로 기용했다. 김재상, 김상준 등 다른 백업 내야수들까지 포함하면 게임 운영에는 큰 무리가 없을 것으로 보인다. 박진만 감독은 ""류지혁은 지금 거의 상체 쪽을 움직이지 못할 정도로 힘은 상태다""라며 ""오늘 게임을 마치면 올스타 휴식기가 있기 때문에 그때까지 류지혁을 체크하면서 오는 16일 후반기 시작 때 1군 엔트리 말소 여부 등을 지켜봐야 할 것 같다""고 설명했다. 삼성은 전반기 최종전에 류지혁이 나설 수 없게 된 상황에서 마운드에도 출혈이 있다. 우완 셋업맨 최지광과 베테랑 좌완 백정현이 나란히 경미한 부상으로 1군 엔트리에서 말소됐다. 지난 7일 LG전을 마친 뒤 굴곡근 통증을 호소했던 최지광은 그레이드1 손상 진단을 받았다. 큰 부상은 아니지만, 이달까지는 회복에만 집중해야 한다. 백정현은 이두 불편함으로 전반기를 하루 만저 마감했다. 사진=엑스포츠뉴스 DB 김지수 기자 jisoo@xportsnews.com"
2026.07.09 18:58,메이저리그 40인 로스터 들었던 NC 블레인 ‘보여줄게 한국서 강해진 나...,경남도민일보,"NC 다이노스가 2년 반 동안 한솥밥을 먹었던 맷 데이비슨을 방출하고 새 외인 블레인 크림(29)을 영입했다. NC는 데이비슨을 웨이버 공시한 지 4일 만인 지난 1일 블레인 영입 소식을 전했다. 블레인은 2일 선발 라인업에 이름을 올렸다. 블레인 어떻게 데려왔나 블레인 영입은 여러모로 이례적이다. 그는 NC로 팀을 옮기기 전까지 텍사스 레인저스 40인 로스터에 포함돼 있었다. 메이저리그 40인 로스터에 포함돼 있다는 것은 구단 내에서 일정 수준 이상의 경쟁력을 지니고 있다는 의미다. 당장 메이저리그에서 뛸 수는 없지만, 주전 부상 등 팀 사정에 의해 언제든지 부름을 받을 가능성이 있는 선수라는 뜻이기도 하다. 이 같은 이유로 시즌 도중에 40인 로스터에 이름을 올린 선수가 한국행을 택하는 사례는 드물다. 선수 입장에서도 메이저리그에서 뛸 가능성을 포기하고 한국으로 가는 게 쉬운 선택은 아니다. 하지만 블레인은 NC 영입 제안을 받고 오히려 구단에 자신을 40인 로스터에서 내보내 달라고 요청했다. 임선남 NC 다이노스 단장은 ""블레인 선수는 40인 로스터 안에 있었던 선수였기 때문에 우리가 제안하더라도 성사될 가능성이 희박하다고 생각했다""며 ""실제로 소속 구단에서도 40인 로스터를 풀어줄 생각이 없었는데, 선수가 직접 한국팀에서 뛰고 싶다는 의사를 밝히면서 로스터에서 풀리게 된 것""이라고 밝혔다. 블레인이 적극적으로 한국행을 원했던 이유는 긴 마이너리그 생활에 지쳤던 부분도 일부 영향을 미친 것으로 보인다. 블레인은 지난해 메이저리그에 데뷔하기 전까지 7시즌 동안 마이너리그에서 뛰었다. 화려한 조명을 받는 메이저리그와 달리 마이너리그는 처우나 환경 등이 상대적으로 열악하다. 그런 시간을 버티고 지난 시즌 메이저리그 부름을 받았지만, 충분한 기회를 부여받지 못했다. 20경기에 뛰며 65타수 13안타, 5홈런을 기록했다. 사실상 주전보다는 후보에 가까웠다. 올해도 40인 로스터에 들었지만, 주전으로 기용될 가능성은 희박했다. 또 블레인은 1997년생으로 야구 선수로서는 적지 않은 나이다. 매년 괴물 같은 신인들이 등장하는 메이저리그에서 마냥 기다리고 있을 수만은 없다. 거기에 어떤 리그든 자신을 증명하고 싶은 마음도 컸다. 블레인은 NC 입단 직후 열린 인터뷰에서 ""나에 대해서 안 좋게 평가했던 사람들에게 내가 충분히 성공할 수 있는 선수라는 점을 보여주고 싶다""며 각오를 밝히기도 했다. 그만큼 한국에서 성공하겠다는 의지가 강하다. ""한국서 능력 증명할 것"" 블레인이 한국행을 결정지은 뒤에는 영입 절차가 빠르게 진행됐다. 이 과정에서 NC 사무국 노력도 뒷받침됐다. 비자 발급을 위한 서류 준비부터 블레인이 한국에서 빠르게 적응할 수 있도록 도왔다. 블레인은 등번호 50번을 달고 뛴다. 미국에서 달았던 5번은 서호철이 달고 있다. 데이비슨이 달았던 34번이 비어 있었지만, 블레인은 이를 마다했다. NC에서 굵직한 활약을 펼쳤던 데이비슨을 향한 존경 의미를 담은 결정이었다. 대신 5번에서 0을 하나 더 붙여 50번을 달았다. 새 번호를 달고 새출발에 나선 블레인의 성적표는 후반기를 더 기대하게 만든다. 9일 경기 전까지 블레인은 4경기에 나서서 13타수 5안타 타율 0.385 3타점을 기록 중이다. 시즌 도중 합류한 외인 선수라고 보기 어려울 정도로 빠른 적응력이다. 무엇보다 선구안이 눈에 띈다. 표본이 적지만 블레인은 4경기에서 볼넷 4개를 골라내는 등 출루율 0.500을 나타냈다. 자기만의 스트라이크존이 확실하고 그 외에 공에는 좀처럼 방망이를 내지 않는다. 임 단장은 ""블레인은 지난해부터 우리가 눈여겨보던 선수 중 한 명""이라며 ""아마 데이비슨과 재계약하지 않았다면 적극적으로 영입 의사를 전달했었을 것""이라고 말했다. 그러면서 ""기본적으로 선구안과 콘택트 능력이 좋다 보니 공격 흐름을 잘 이어줄 것으로 기대한다""면서 ""선수가 가진 것들을 고려했을 때 한국 리그에 빠르게 적응할 거라고 생각했다""고 덧붙였다. 8일 기준 NC는 5위 두산 베어스와 2경기 차 7위다. 4위 KIA 타이거즈와는 3.5게임 차다. NC로서는 충분히 승부를 걸어볼 수 있는 상황이다. NC가 도약하려면 불펜진 반등 등 여러 조건이 있겠지만, 블레인 활약 여부도 NC 순위에 큰 영향을 미칠 전망이다. 임 단장은 ""아직 경기가 많이 남아 있는 상황인 만큼 당장 미래의 어떤 상황을 고려하는 부분은 없다""면서도 ""블레인 선수가 좋은 활약을 해서 우리와 더 길게 갈 수 있으면 서로에게도 좋은 그림이 되지 않을까 싶다""고 밝혔다. 블레인도 ""팬들이 내 플레이를 보면서 저 친구 정말 열심히 뛰는구나를 느꼈으면 좋겠다""며 ""한국에서 좋은 성적을 내서 성공적으로 시즌을 마무리하고 싶다""고 밝혔다. /박신 기자"
2026.07.09 18:58,[한번에쓱] '혜리 시구 하며 쏟아진 장마비에' 위즈파크는 잠시 멈춤,스타뉴스,[스타뉴스 | 수원=강영조 선임기자] 시구-시타에 나선 혜리와 황인엽이 9일 수원KT위즈파크에서 열리는 2026KBO리그 전반기 마지막 3연전 키움히어로즈와 KT위즈 경기를 앞두고 쏟아진 폭우속에서 성공적인 시구와 시타를 마치자 위즈파크 그라운드키퍼들이 방수포를 들고 마운드로 향하고 있다.. 2026.07.09. 시구-시타에 나선 혜리와 황인엽이 9일 수원KT위즈파크에서 열리는 2026KBO리그 전반기 마지막 3연전 키움히어로즈와 KT위즈 경기를 앞두고 쏟아진 폭우속에서 성공적인 시구와 시타를 마치고 그라운드를 나서고 있다.. 2026.07.09. 수원=강영조 선임기자 cameratalks@mtstarnews.com
2026.07.09 18:54,장맛비 내린 케이티위즈파크 KT-키움전 경기 개시 15분여 지연 [MD수...,마이데일리,"[마이데일리 = 수원 류한준 기자] 9일 수원 케이티위즈파크에서 열린 KT 위즈와 키움 히어로즈 경기가 순연 시작됐다. 이날 경기 개시 시간은 오후 6시 30분이었는데 10분 전부터 비가 내리기 시작했다. 경기 전 예정된 시구, 시타 행사를 마친 뒤부터 빗줄기가 굵어졌다. 시구자로 마운드 위에 오른 배우 혜리 씨는 비가 내리는 가운데 공을 던졌다. 결국 '플레이볼'은 바로 선언되지 않았다. 홈플레이트 주변과 마운드를 포함한 그라운드에는 방수포가 덮혔고 경기 개시 시간 지연이 결정됐다. 다행히 비가 소강 상태로 접어들었고 두팀 경기는 오후 6시 47분 시작됐다. 류한준 기자 hantaeng@mydaily.co.kr"
2026.07.09 18:51,"롯데, 전반기 막바지 '3인 정리'...베테랑 박시영·최정 동생 최항 방...",마니아타임즈,"롯데 자이언츠가 전반기 막바지에 선수단 정리에 나섰다. 롯데 구단은 8일 투수 박시영과 정선우, 내야수 최항에게 방출을 통보했다고 밝혔다. 가장 눈에 띄는 이름은 베테랑 박시영이다. 2008년 롯데에 입단해 2010년 1군에 데뷔한 그는 오랜 무명 생활 끝에 2016년부터 본격적으로 활약했다. 불펜에서 꾸준히 던진 그는 2021년 kt wiz로 이적해 필승조로 뒷문을 지키기도 했다. 2024년을 끝으로 kt에서 방출된 뒤 지난해 친정 롯데로 돌아왔지만, 11경기 1승 평균자책점 11.05로 부진했다. 올해는 1군 등판 없이 2군에서 17경기 3홀드 평균자책점 5.89에 그쳤다. 1군 통산 성적은 293경기 10승 14패 1세이브 32홀드 평균자책점 5.58이다. SSG 최정의 동생으로 잘 알려진 최항은 2024년 롯데에 합류한 내야수다. 입단 첫해 72경기에서 타율 0.250, 12타점으로 꾸준히 나섰으나 이듬해부터 입지가 좁아졌다. 올해는 1군 4경기 타율 0.182(11타수 2안타)에 머물렀다. 통산 성적은 388경기 타율 0.267, 11홈런, 107타점이다. 지난해 육성 선수로 입단한 정선우는 1군 등판 없이 2군에서 통산 21경기 1승 1패 4홀드 평균자책점 6.32를 기록했다. [김선영 마니아타임즈 기자 / maniareport@naver.com] 기사제보 및 보도자료 report@maniareport.com"
2026.07.09 18:50,"KBO, 올스타전 행사·시상 확정…미스터 올스타 상금 2000만 원",스포츠투데이,"[스포츠투데이 신서영 기자] 2026 신한 SOL KBO 올스타전의 행사 참석 선수와 시상 내역이 확정됐다. 한국야구위원회(KBO)는 9일 ""10일과 11일 양일간 잠실야구장에서 열리는 올스타전의 세부 행사와 시상 계획을 확정했다""고 발표했다. 10일 열리는 올스타 프라이데이에서는 오후 4시부터 팬 페스트존에서 퓨처스 올스타 선수들이 팬들과 만난다. 한화 이글스 강건우, 두산 베어스 김주오, NC 다이노스 신재인, KT 위즈 박지훈은 배팅존과 피칭존에서 팬들을 대상으로 원포인트 레슨을 진행한다. 오후 6시에 시작하는 퓨처스 올스타전의 우승팀에는 상금 1000만 원이 지급된다. MVP에게는 상금 200만원과 트로피가 전달된다. 베스트 퍼포먼스상과 감투상, 우수 투수상, 우주 타자상 수상자에게는 각각 상금 100만원과 트로피가 수여된다. 퓨처스 올스타전 종료 후에는 KBO리그를 대표하는 거포들이 참가하는 '컴투스프로야구 홈런더비'가 열린다. 팬 투표를 통해 선발된 KIA 타이거즈 김도영, 두산 양의지, 박준순, LG 트윈스 오스틴, 한화 강백호, 문현빈, 허인서, NC 김주원이 우승을 놓고 경쟁한다. 올해 홈런더비는 지난해 도입된 '시간제+아웃제' 방식을 유지하면서 진행 순서를 변경했다. 예선은 5아웃, 결승은 7아웃까지 타격한 뒤 최대 30초 휴식 후 1분간 '컴프야 피버타임'이 추가로 주어진다. 홈런더비 우승자에게는 트로피와 상금 1000만 원, 삼성 비스포크 AI 에어드레서가 부상으로 제공된다. 준우승자는 트로피와 상금 300만 원을 받으며, 최장거리 홈런상과 홈런 메이커상, 컴프야상 등 특별상도 함께 시상된다. 11일 올스타전 당일에는 오후 3시부터 웰컴존 행사와 올스타 선수 팬 사인회가 열린다. 이어 팬 페스트존에서는 키움 히어로즈 박준현, LG 송찬의, 롯데 자이언츠 김진욱, 삼성 라이온즈 김도환 등이 참여하는 타격 및 투구 레슨이 진행된다. 오후 4시 30분에는 선수와 팬, 마스코트가 함께하는 '신한 슈퍼SOL 썸머레이스'가 펼쳐진다. 우승팀에는 상금 350만 원이 주어진다. 오후 6시에 열리는 올스타전에서는 최고 활약 선수인 '미스터 올스타'에게 상금 2000만 원과 트로피, 부상이 수여된다. 우승 팀에는 상금 3000만 원이 지급되며 승리 감독상과 우수 수비상, 우수 투수상, 우수 타자상, 베스트 퍼포먼스상 수상자에게도 각각 상금 300만 원과 트로피, 부상이 주어진다. [스포츠투데이 신서영 기자 sports@stoo.com]"
2026.07.09 18:43,"‘정말 안 풀린다’ 9위팀 초대형 악재 발생, 외인타자 어깨 근육 손상→...",OSEN,"[OSEN=잠실, 이후광 기자] 정말 안 풀린다. 프로야구 SSG 랜더스 관계자는 9일 서울 잠실구장에서 펼쳐지는 두산 베어스와의 전반기 최종전을 앞두고 외국인타자 길레르모 에레디아의 병원 검진 결과를 전했다. 에레디아는 좌측 어깨 회전근개 손상 소견(grade 1-2)을 받으며 이날 1군 엔트리에서 제외됐다. 올스타 휴식기 기간 치료 및 회복에 전념할 계획이며, 확실한 상태 점검을 위해 2주 뒤 재검진을 받는다. SSG 관계자는 “향후 정확한 복귀 스케줄은 재검진 결과에 따라 확정될 예정이다”라고 부연 설명했다. 에레디아는 지난 7일 잠실 두산전에 4번 좌익수로 선발 출전해 4타수 1안타 2타점을 남기고 9회말 시작과 함께 대수비 김민준과 교체되며 풀타임을 소화하지 못했다. 수비 강화 또는 체력 안배 차원의 교체로 여겨졌으나 알고 보니 부상이 발생했다. 에레디아는 원래 왼쪽 어깨가 좋지 않은 선수인데 경기를 하면서 통증이 심해졌고, 결국 회전근개에 탈이 났다. 9일 잠실에서 만난 SSG 이숭용 감독은 “2주 뒤 재검진을 받는다고 하는데 아마 그거보다 더 오래 걸릴 거 같다”라고 한숨을 쉬었다. 최악의 경우 6주 임시 대체 외국인타자를 구해야할지도 모르는 상황. SSG는 올해 미치 화이트, 앤서니 베니지아노 등 외국인투수 농사가 그야말로 대흉년이 들었는데 타자 파트마저 부상 악재가 발생했다. 이숭용 감독은 “전반기를 마치고 프런트와 상의를 할 것이고, 아마 조만간 결정이 날 듯하다”라고 전했다. SSG는 이미 외인 교체 카드 2장을 모두 소진해 임시 외국인선수만 영입이 가능하다. SSG는 전반기 거듭된 연패로 8위 롯데 자이언츠에 무려 7경기 뒤진 9위까지 순위가 떨어진 상황. 이숭용 감독은 “올해는 도와주는 게 없다”라고 한숨을 쉬며 “과거 다른 팀들이 다 우천 취소로 쉴 때 고척돔 경기가 걸렸다. 어제도 오늘도 비가 왔지만 경기를 했고, 할 것이다. 운도 안 따라주면서 더 부침이 있는 거 같다. 평소 쓰레기를 줍고 착한 일을 해야한다는 게 어느 정도 일리가 있다고 생각한다. 올해가 나 자신을 돌아보는 계기가 되는 거 같고, 후반기 할 수 있는 건 최대한 다해보겠다”라고 각오를 다졌다. SSG는 두산 좌완 선발 잭로그를 맞아 정준재(2루수) 김성욱(좌익수) 최정(지명타자) 고명준(3루수) 오태곤(1루수) 채현우(우익수) 최지훈(중견수) 조형우(포수) 박성한(유격수) 순의 선발 라인업을 꾸렸다. 선발투수는 토마스 해치. 1군 엔트리는 에레디아, 이준기를 말소하고 최민준을 등록했다. /backlight@osen.co.kr"
2026.07.09 18:42,"맙소사, 하늘이 안 도와준다! '9위 SSG' 또 대형 악재…타율 0.3...",스포탈코리아,"[SPORTALKOREA] 김지현 기자= 이제 막 9연패에서 벗어난 SSG 랜더스가 뜻밖의 악재를 만났다. 뉴시스에 따르면 SSG는 9일 ""기예르모 에레디아가 이날 왼쪽 어깨 회전근개 손상 소견(그레이드 1∼2)으로 1군 엔트리 제외됐다""며 ""확실한 상태 점검을 위해 2주 후 재검진을 실시하고, 재검진 결과에 따라 복귀 일정이 확정될 것""이라고 밝혔다. SSG는 9일 두산 베어스와의 원정 경기에 앞서 외야수 에레디아와 투수 이준기를 말소, 투수 최민준을 1군 엔트리에 등록했다. 지난 7일 두산전에서 결승타를 치며 팀의 9연패 탈출을 이끌었던 에레디아는 전날(8일) 왼쪽 어깨 통증으로 결장했다. 결국 왼쪽 어깨 회전근개 손상 소견을 받으며 1군에서 빠졌다. 구단은 ""에레디아가 올스타 휴식기 기간 치료와 회복에 전념할 계획이다. 확실한 상태 점검을 위해 2주 후 재검진을 받을 예정""이라며 ""향후 정확한 복귀 일정은 재검진 결과에 따라 확정된다""고 전했다. SSG는 최근 9연패를 끊으며 후반기 반등을 노렸지만, 곧바로 외국인 타자의 부상 이탈이라는 악재를 맞았다. KBO리그 4년 차인 에레디아는 SSG 중심 타선의 핵심 역할을 맡고 있다. 올해 84경기에 출전해 타율 0.282 15홈런 75타점 42득점 OPS 0.798을 기록 중이다. 특히 이달 6경기에서 타율 0.370으로 맹타를 휘둘렀지만, 예상치 못한 부상에 발목을 잡히며 전반기를 조기에 마감했다. 사진=뉴시스, SSG 랜더스 제공"
2026.07.09 18:41,"“(황)동하도 1회부터 대기, (양)현종이 1회부터 베스트로 던져줘” K...",마이데일리,"[마이데일리 = 부산 김진성 기자] “(황)동하도 1회부터 대기.” KIA 타이거즈 이범호 감독은 7일 부산 롯데 자이언츠전을 앞두고 전반기 마지막 3연전만큼은 포스트시즌 모드로 치르겠다고 선언했다. 어차피 올스타브레이크도 있으니, 마운드 총력전을 펼쳐 최대한 승수를 쌓겠다는 계산이었다. 그러나 이범호 감독의 구상은 허무하게 무너졌다. KIA는 연이틀 선발투수가 초반부터 대량실점하면서 대패했다. 선발투수가 초반에 점수를 많이 주면 야수들도 맥이 풀릴 수밖에 없다. 그렇게 4연패에 빠졌다. 9일은 전반기 마지막 날이다. 이범호 감독은 반드시 4연패를 끊고 올스타 브레이크를 맞이하겠다는 각오다. 이미 양현종과 황동하를 이 경기에 동시에 투입하겠다고 선언한 상태다. 심지어 황동하가 1회부터 구원 등판할 수 있다. 이범호 감독은 9일 부산 롯데전을 앞두고 “투수코치하고 동하도 1회부터 대기하고 있으라고 했다. 불펜도 1~2회부터 바로 대기를 시킬 생각이다. 현종이에게도 1회부터 베스트로 던져갈라고 했다. 조금 벌어지면 따라가기 힘드니까…준비를 그렇게 하자고 했다”라고 했다. 그러나 양현종은 구위가 전성기만 못해 기복이 있다. 황동하는 휴식기 이후 페이스가 다소 떨어진 상태다. 이범호 감독은 현재 KIA 선발진이 약점이라고 솔직하게 인정했다. 그는 “초반에 어떤 흐름으로 갈지 모르겠는데, 동하도 스피드나 구위가 올라온 상태가 아니다. 변화가 많은 공을 던지는 선수가 낫지 않을까 판단한다”라고 했다. 또한, 이범호 감독은 “롯데도 젊은 선수들이 라인업에 배치가 많이 됐다. 빠른 공보다 변화가 있는 공들을 치기 어려워하지 않을까 싶은데…현종이가 5이닝을 1~2점으로 막아주면 승산 있지 않을까 생각한다. 분위기상 끌려간다 싶으면 오늘 게임은 (불펜)다 써보려고 한다”라고 했다."
2026.07.09 18:37,"염갈량, '4번타자 송찬의' 승부수…삼성 원태인 잡고 전반기 1위 수성 ...",엑스포츠뉴스,"(엑스포츠뉴스 대구, 김지수 기자) 염경엽 감독이 이끄는 LG 트윈스가 전반기 1위 수성을 위한 승부수로 '4번타자 송찬의' 카드를 꺼내들었다. LG는 9일 대구 삼성 라이온즈파크에서 열리는 2026 신한 SOL KBO리그 삼성 라이온즈와의 팀 간 11차전에 홍창기(우익수)~박해민(중견수)~오스틴 딘(지명타자)~송찬의(좌익수)~박동원(포수)~천성호(1루수)~문보경(3루수)~오지환(유격수)~신민재(2루수)로 이어지는 타선을 꾸렸다. 선발투수는 호주 특급 좌완 라클란 웰스가 마운드에 오른다. 눈에 띄는 건 송찬의의 4번타자 기용이다. 송찬의는 올해 첫 1군 풀타임 시즌을 치르고 있는 가운데 7번, 1번, 5번, 6번 등 다양한 타순을 소화 중이다. 4번타자 선발출전은 지난 5월 15일 문학 SSG 랜더스전 이후 시즌 두 번째다. 염경엽 감독은 송찬의가 이날 맞붙는 삼성 선발투수 원태인에게 통산 6타수 3안타로 강했던 부분에 주목, 4번타자의 중책을 맡겼다. 반대로 최근 타격 페이스가 좋지 않은 문보경이 7번 지명타자로 타선이 조정됐다. 박동원은 5번 타순에서 원태인 공략에 나선다. 박동원은 원태인에게 통산 타율 0.455(44타수 20안타) 11타점 OPS 1.406을 기록 중인 자타공인 '원태인 킬러' 중 한 명이다. 선발 1루수로 나서는 천성호도 원태인에게 통산 타율 0.444(9타수 4안타) 2타점으로 강했다. 염경엽 감독은 타순 일부 조정을 통해 공격력 극대화와 원태인 공략이라는 두 마리 토끼를 모두 잡기에 도전한다. 오스틴은 체력 안배 차원에서 지명타자로 출전하게 됐다. 염경엽 감독은 ""문보경이 원태인과 상대 전적도 안 좋고, 타격감도 조금 떨어져 있다""며 ""원태인에게 강했던 타자들을 위 타순으로 올렸다. 특히 박동원이 엄청 원태인 공을 잘 친다. 천성호도 마찬가지다""라고 설명했다. 또 ""(당장 오늘 하루) 타순이 뭐가 중요하겠나. 잘 치는 게 중요하다""며 ""문보경은 타격감이 올라오면 다시 상위 타선으로 올라오면 된다""고 말했다. LG는 지난 7일 삼성에 2-9로 패배, 선두 자리를 삼성에 뺏겼다. 다만 8일에는 8-2로 승전고를 울리면서 하루 만에 1위 재탈환에 성공했다. 전반기 최종전인 이날 게임 승리를 챙긴다면 선두를 유지한 상태로 올스타 휴식기에 돌입한다. 김지찬(중견수)~박승규(우익수)~구자욱(좌익수)~최형우(지명타자)~르윈 디아즈(1루수)~강민호(포수)~김영웅(3루수)~심재훈(유격수)~양우현(2루수)으로 선발 라인업을 구성했다. 선발투수는 토종 에이스 원태인이 마운드에 오른다. 사진=엑스포츠뉴스 DB 김지수 기자 jisoo@xportsnews.com"
2026.07.09 18:37,"김선빈 판단 미스? 이범호는 감쌌다, “잘해 보려다 나온 미스, 크게 개...",스포티비뉴스,"[스포티비뉴스=사직, 김태우 기자] KIA 베테랑 타자인 김선빈(37)은 최근 타격감 저하는 물론 수비에서도 고개를 들지 못하면서 저조한 경기력이 이어지고 있다. 최근 10경기 타율이 0.156까지 처졌고, 게다가 7일과 8일 사직구장에서 열린 롯데와 경기에서는 수비도 불안했다. 김선빈은 7일 1회 당시 한태양의 느린 땅볼을 처리하는 과정에서 100% 기민하게 움직이지 못하며 1루에서 잡아내지 못했다. 이는 1회 추가 실점으로 이어지는 플레이가 됐다. 첫 타석에서 병살타를 치자 이범호 KIA 감독은 김선빈은 곧바로 교체했다. 문책성이었다. 이 감독은 김선빈의 교체를 통해 선수단에 ‘집중하자’는 메시지를 주고 싶었다고 솔직하게 말했다. 8일에도 아쉬운 장면이 있었다. 0-3으로 뒤진 4회 KIA는 고승민과 레이예스에게 연속 적사타를 맞고 2점을 더 잃어 0-5로 끌려가고 있었다. 이어 1사 1,2루의 위기가 이어졌다. 여기서 박찬형이 2루 땅볼을 쳤다. 2루수 김선빈에게 주어진 선택지는 하나 더 있었다. 안전하게 2루로 던져 1루 주자를 잡는 것이었다. 하지만 김선빈은 아웃카운트 두 개를 모두 잡으려고 했다. 우선 1루 주자 한동희를 태그한 뒤, 그 다음 1루로 던져 타자 주자까지 잡아내는 것이다. 여의치 않으면 일단 1로 던지고, 태그 아웃 상황이 된 1루 주자 한동희를 1·2루 사이에서 잡아낼 수도 있었다. 하지만 일단 태그를 못했다. 첫 번째 미스가 나온 뒤 그 다음 상황이 다 꼬였다. 타자 주자 박찬형이 1루에 거의 다 온 것을 본 김선빈은 미처 태그를 하지 못한 상황에서 1루로 던졌다. 1루 주자 한동희가 태그를 피하려 멈춘 상황이었기 때문에 1루 송구만 잘 됐어도 충분히 병살 플레이로 갈 수 있었다. 하지만 설상가상으로 송구가 옆으로 새면서 주자들의 추가 진루가 이뤄졌다. KIA로서는 힘이 빠지는 실책이었다. 여기서 아웃카운트를 하나라도 건져내지 못한 대가는 컸다. 후속 타자 전민재가 유격수 김규성의 호수비로 아웃됐고, 그렇다면 이닝이 그대로 끝날 수 있었다. 하지만 이닝은 계속됐고 결국 한태양에게 2타점 적시타를 허용하며 4회에 6실점하고서야 이닝이 끝날 수 있었다. 경기 흐름은 거기서 끝이 났다. 다만 이범호 KIA 감독은 김선빈을 감쌌다. 이 감독은 “두 개를 다 하려고 플레이를 한 것 같다. 하나만 하려고 했으면 그냥 2루에서 하나만 하면 됐을 것”이라고 상황을 돌아보면서 “태그를 하고 1루로 던지려고 생각을 했는데 주자가 그 자리에 멈추고 앉으니까 1루로 갔다가 2루로 가도 되겠다고 판단한 것 같다”고 김선빈의 상황을 헤아렸다. 이어 이 감독은 “그것은 선수의 판단이기 때문에 플레이하는 것에 있어 제약을 둘 필요는 없다고 생각한다”고 강조하면서 “두 개를 다 잘해 보려고 하다 보니까 나온 미스다. 그런 부분들은 다음에 한 개의 플레이만 하면 되는 것이니 크게 개의치 않는다”고 강조했다. 실제 김선빈은 이날도 선발 2루수로 출전한다. 최근 타격감이 좋지 않은 상황이지만, 사실 KIA로서는 김선빈이 반등하는 게 가장 좋은 시나리오라는 것은 의심의 여지가 없다. 김선빈이 스타팅으로 나가 경기를 소화하고, 이기는 경기에서는 벤치의 백업 내야수들이 나가 수비를 강화하는 게 이상적이기 때문이다. 김선빈이 벤치에서 시작하면 사실 대타 정도가 아니면 활용폭이 제한된다. 유연성이 줄어들 수 있다. 현재 4연패에 빠진 KIA는 이날 반드시 연패를 끊겠다는 각오다. 선발로 양현종이 나서는 가운데, 황동하가 롱릴리프로 대기한다. 양현종의 경기력이 좋지 못하면 곧바로 교체도 가능하다. 이 감독은 “황동하가 1회부터 대기한다”고 필승 의지를 밝혔다. KIA는 이날 김호령(중견수)-박재현(좌익수)-김도영(3루수)-나성범(우익수)-카스트로(지명타자)-한준수(포수)-김선빈(2루수)-변우혁(1루수)-박민(유격수) 순으로 타순을 짰다. <저작권자 ⓒ SPOTV NEWS. 무단전재 및 재배포 금지>"
2026.07.09 18:31,"""안현민 안 빠졌다면 몇 승 더 했을 텐데..."" 전반기 3위가 못내 아...",스타뉴스,"[스타뉴스 | 수원=신화섭 기자] ""안현민이 안 빠졌으면 어땠을까."" 이강철(60) KT 위즈 감독이 2026시즌 전반기를 결산하며 못내 아쉬운 점으로 팀내 주포 안현민(23)의 부상 이탈을 꼽았다. 이 감독은 9일 수원 KT위즈파크에서 열린 키움 히어로즈와 전반기 마지막 경기를 앞두고 취재진과 만나 ""스타트에 비해선 좀 아쉽지만 그래도 선수들이 고생해서 3위권으로 잘 마무리할 수 있게 됐다""면서도 ""'안현민이 안 빠졌으면 어떻게 됐을까'라는 생각은 든다. 그때 (안현민이) 너무 좋았는데...""라고 말했다. 개막 후 14경기에서 타율 0.365, 3홈런의 맹타를 휘두른 안현민은 4월 15일 NC 다이노스전에서 주루 도중 오른 햄스트링 부상을 당해 2개월 뒤인 6월 16일에야 1군에 복귀했다. KT 역시 시즌 초반 단독 선두로 치고 나갔으나 5월 23일 공동 1위를 끝으로 순위가 하락해 3위로 전반기를 마감했다. 이강철 감독은 ""'안현민이 안 빠졌으면 몇 승 더 하지 않았을까'라는 생각은 든다. 그때 우리가 좀더 치고 올라갔다면…. 힐리어드가 좋아졌으니 '현민이와 붙어 있었으면 어땠을까'라는 생각을 할 수 있다""고 아쉬움을 나타냈다. 현재 1위 LG 트윈스와 4경기 차이므로 안현민의 부상이 없었다면 선두 싸움을 계속할 수 있었다는 의미였다. 그러면서도 이 감독은 ""우리가 (안현민 허경민 류현인 장성우 등) 부상 선수가 참 많았다. 많이 힘들었는데 선수들이 잘 이겨내고, 코치진과 구단 프런트도 고생해서 전체적으로 잘 돌아간 것 같다""고 전반기를 돌아봤다. 수원=신화섭 기자 evermyth@mtstarnews.com"
2026.07.09 18:31,[오피셜] 아뿔싸! 올스타전 앞두고 부상 악재…한화·SSG·KT·롯데 4...,스포탈코리아,"[SPORTALKOREA] 김지현 기자= 올스타전 명단에 변동이 생겼다. 한국야구위원회(KBO)는 ""2026 KBO 퓨처스 올스타전에 출전 예정이었던 북부리그 올스타 최윤호(한화)와 김정민(SSG), 남부리그 올스타 김정운(KT)와 이서준(롯데)이 부상으로 인해 각각 이도훈(한화), 이원준(SSG), 장민호(KT), 이지훈(롯데)으로 교체됐다""고 9일 알렸다. 아쉬운 소식이다. 올해 육성선수로 한화 유니폼을 입은 외야수 최윤호는 퓨처스리그 58경기에서 타율 0.309로 2홈런 12타점 34득점 13도루 OPS 0.926으로 맹타를 휘둘렀다. 2026 신인 드래프트 3라운드 24순위로 롯데 지명을 받은 내야수 이서준은 2군에서 20경기 타율 0.279 9타점 12득점 OPS 0.760의 성적을 기록 중이었다. 사이드암 투수 김정운은 지난 2023년 신인 드래프트 1라운드 10순위로 KT에 입단, 올 시즌 2군 20경기에서 평균자책점 1.54로 맹활약했다. 2023 신인 드래프트 3라운드 25순위로 SSG의 지명을 받은 외야수 김정민은 올해 2군 35경기 32안타 16득점 9타점 타율 0.281 OPS 0.701의 성적을 남겼다. 호성적을 거둔 이들은 부상 여파로 아쉽게도 퓨처스 올스타전 출전이 무산됐다. 한편, 2026 KBO 퓨처스 올스타전은 10일 오후 6시 서울 잠실구장에서 펼쳐진다. 퓨처스 올스타전 종료 후에는 홈런 더비를 진행한다. 사진=KBO 제공"
2026.07.09 18:30,‘무지는 면죄부가 아니다’…배재고 경위서에 드러난 5·18 조롱의 불편함...,스포츠서울,"[스포츠서울 | 배우근 기자] “몰랐다”는 말로 책임이 사라질 수 있을까. 5·18 민주화운동 조롱 논란을 일으킨 배재고 야구부 학생 선수들의 경위서가 공개되며 사건의 본질이 다시 도마 위에 올랐다. 대한야구소프트볼협회(KBSA)가 박수민 국민의힘 의원실에 제출한 배재고 야구부 학생 선수 36명의 경위서에는 다수 학생이 ‘스타벅스’, ‘탱크데이’ 등의 표현이 5·18 민주화운동을 비하하는 말인지 몰랐다는 취지의 진술이 담겼다. “스타벅스 가야지”를 선창한 A군은 경위서에서 팀 분위기를 띄우기 위한 발언이었다고 주장했다. 그는 “오직 팀 분위기만을 생각했고 광주를 비하하고자 하는 마음은 절대로 없었다”는 것. “탱크데이”를 외친 B군도 5·18과 관련이 있는지 몰랐다고 했다. 그는 “스타벅스에서 탱크데이 이벤트를 했던 게 기억났다”며 “상대방을 비하하고 조롱하려고 소리 지른 건 아니다. 잘못을 인지하고 반성하고 있다”고 진술했다. 그러나 경위서에는 다른 정황도 담겼다. 일부 학생은 해당 구호가 부적절하다는 사실을 현장에서 인지했던 것으로 보인다. 한 학생은 “‘스타벅스 빵야’ 구호가 나와서 애들한테 ‘스타벅스가 갑자기 왜 나오냐’고 물었다”며 “5·18 광주에 대한 것이라고 해서 하면 안 되겠다고 생각했다”고 적었다. 또 다른 학생도 “이건 아닌 것 같아 A군에게 ‘야 이건 아니지. 하지 마’라고 경고했다”고 진술했다. 경기 중 조롱성 발언이 한 차례에 그치지 않았다는 진술도 있다. 한 학생은 광주일고 투수가 미끄러지자 “‘왜 그라노’, ‘어젯밤에 뭐했노’라고 도발했다”고 적었다. 일베는 표준어 뒤에 기계적으로 ‘노’를 붙여 사용한다는 지적이 있다. 경기가 치열하면 응원도 과열될 수 있다. 그런데 상대 팀의 플레이를 흔드는 야유와 상대 지역의 역사적 상처를 겨냥한 조롱은 다르다. 특히 5·18은 우리나라 민주주의를 지켜낸 시민항쟁이자 국가폭력이 남긴 참혹한 피의 상처다. 이를 응원구호로 사용하면, 그라운드의 열기는 혐오와 모욕의 영역으로 넘어간다. 배재고 선수들은 “몰랐다”고 해명했다. 광주일고는 용서와 배려로 그들을 품었다. 그러나 당사자의 선처가 곧바로 책임의 소멸을 뜻하지는 않는다. 무지는 때로 변명이 된다. 그러나 면죄부가 될 수는 없다. “몰랐다”로 비켜갈 수 없는 사안도 있다. 실제 온라인에서도 ‘몰랐다’는 해명에 의문을 제기하는 반응이 이어지고 있다. “몰랐다면 왜 하필 광주일고였나”, “눈 찢는 행위가 인종차별인지 몰랐다고 하면 믿어줄 사람이 얼마나 되겠나”라는 지적은 이 사건에 대한 불편한 시선을 보여준다. KBSA는 지난 1일 스포츠공정위원회를 열고 배재고 야구부 선수단에 전국대회 출전정지 6개월 징계를 의결했다. 이에 배재고는 8일 대한체육회 스포츠공정위원회에 재심 신청서를 제출했다. 배재고 선수단에 내려진 징계의 무게는 다시 따져볼 수 있다. 그러나 출전정지의 시간만 흘러가고 교육이 비어 있다면, 6개월은 반성이 아니라 공백이 될 뿐이다. 이제라도 몰랐다면 배워야 한다. 그리고 알았다면 그에 맞게 책임져야 한다. kenny@sportsseoul.com"
2026.07.09 18:26,"삼성 부상 날벼락, 최지광 굴곡근 손상-백정현 이두근 불편...'뇌진탕'...",OSEN,"[OSEN=대구, 한용섭 기자] 프로야구 삼성 라이온즈 류지혁은 뇌진탕 후유증으로 치료를 받고 일찌감치 집으로 돌아갔다. 삼성은 9일 대구 삼성라이온즈파크에서 LG 트윈스와 전반기 마지막 경기를 치른다. 삼성 구단은 9일 오전 ""류지혁 선수는 8일 경기 중 1루 수비 포구 과정에서 상대 주자와 충돌 후 뇌진탕 증상을 보여 천주 성삼병원 응급실 내원하여 CT 촬영을 했다. 검사 결과 특이 사항 없으며, 오늘 상태 체크 예정이다""고 전했다. 박진만 삼성 감독은 9일 삼성라이온즈파크에서 경기를 앞두고 취재진 브리핑에서 ""CT 촬영에서는 큰 문제가 없는 것으로 나왔다. 지금 거의 거동이 힘들 정도다. 오늘 (야구장에) 와서 체크만 하고 치료 받고 귀가를 시켰다""고 말했다. 이어 ""목이나 어깨나 상체쪽은 움직이지 못할 정도로 너무 힘든 상황이다. 그래서 오늘은 치료만 받고 바로 귀가시켰다""고 덧붙였다. 1군 엔트리에서 말소는 아니다. 박 감독은 ""오늘 경기 후에 올스타 휴식기 시간이 있다. 상황을 보고 올스타 휴식 시간에 체크하면서 후반기에 엔트리에서 뺄지는 좀 더 지켜봐야 될 것 같다""고 말했다. 또 불펜진에 부상자가 연이어 나왔다. 불펜투수 최지광은 굴곡근 손상으로 당분간 재활에 들어간다. 박 감독은 ""최지광 선수는 굴곡근 손상 그레이드 1 소견이 나왔다. 휴식에 들어가면서 몸 상태에 따라 복귀 시점이 나올 것 같다""며 ""생각보다 크게 문제가 있는 게 아니다. 조금 손상이 돼서 큰 문제는 없을 것 같다""고 말했다. 최지광은 지난 7일 LG전에 등판해 1이닝 3피안타 1탈삼진 무실점을 기록했는데, 다음 날 굴곡근이 불편해 1군 엔트리에서 말소됐다. 이후 병원 검진을 받았다. 근육 손상에서 회복하고, 몸을 만들고, 실전 감각을 끌어올려서 복귀하려면 4주 정도는 걸릴 것으로 보인다. 또 베테랑 좌완 백정현이 이날 1군 엔트리에서 말소됐다. 박진만 감독은 ""백정현 선수는 이두근이 불편해서 엔트리에서 말소했다""고 전했다. 삼성은 김지찬(중견수) 박승규(우익수) 구자욱(좌익수) 최형우(지명타자) 디아즈(1루수) 강민호(포수) 김영웅(3루수) 심재훈(유격수) 양우현(2루수)을 선발 라인업으로 내세웠다. 이날 경기는 전반기 마지막 경기. 1위 LG는 52승 32패, 2위 삼성은 50승 2무 32패를 기록 중이다. 두 팀의 승차는 1경기 차이다. 삼성이 승리하면 승률에서 근소하게 앞서며 역전 1위가 가능하다. /orange@osen.co.kr"
2026.07.09 18:25,잠실 올스타전에 고2 유망주 38명 뜬다...올스타 프라이데이 넥스트레벨...,더게이트,"[더게이트] 미래의 한국 야구를 짊어질 유망주들이 프로 별들의 잔치에서 먼저 쇼케이스를 치른다. KBO는 10일 오후 3시 10분 잠실야구장에서 '2026 신한 SOL KBO 올스타 프라이데이 넥스트레벨 매치'를 개최한다. 이번 경기는 지난해 고등학교 1학년 캠프를 수료한 선수 125명 중 우수 유망주 38명을 초청해 진행하는 무대다. 유망주들에게 강력한 동기를 부여하고 팬들에게는 미래의 스타를 먼저 확인하는 자리를 제공하고자 기획했다. 유소년 자원 육성을 위해 지난 2022년 첫발을 뗀 넥스트레벨 캠프는 엘리트 육성 파이프라인 구축을 목표로 달려왔다. 지난해 학년별과 권역별, 전국권 캠프 구조를 도입해 기틀을 닦았고, 올해부터는 대상 학년을 중학교 2학년까지 확대했다. 해외 파견 프로그램까지 도입하며 14세부터 17세까지 연속성 있게 이어지는 체계를 다지는 중이다. 이번에 첫선을 보이는 넥스트레벨 매치는 이 육성 체계의 최종 무대와 같다. 경기는 7이닝 제한 시간 2시간 방식으로 치러지며, 초청된 38명의 선수가 '팀 넥스트'와 '팀 레벨' 두 팀으로 나뉘어 맞붙는다. 고등학교 2학년 선수들의 안전을 최우선으로 고려해 투수들은 각 1이닝씩만 책임진다. 선수 보호를 위해 투구 수는 30개로 제한되며, 이를 초과하면 곧바로 이닝을 교대하는 특별 규칙을 적용한다. 코칭스태프는 KBO 육성위원을 비롯해 올해 캠프에서 선수들을 지도했던 전직 프로 출신 지도자들이 맡는다. 팀 넥스트는 김한수 감독을 필두로 정진호, 이원석, 김명성 코치가 지휘봉을 잡는다. 맞서는 팀 레벨은 권오준, 이성우, 채종국, 민병헌 코치가 벤치를 지키며 어린 선수들의 성장을 이끈다."
2026.07.09 18:25,"SSG 새 외인투수 아빌라, '어떤 유형'일까?",에스티엔,"[STN뉴스] 배영수 기자┃SSG 랜더스가 앤서니 베니지아노를 방출하고 데려온 우완 외국인 투수 페드로 아빌라에 대해 구단 팬 및 야구 팬들의 전반 의견은 다소 갈리는 양상이다. 최근의 투구내용을 보면 볼넷 비율이 심해 '제구 불안'이라는 특징을 갖고 있다는 '우려'와 함께, 땅볼 유도에 특화된 장점은 상당히 인정받고 있기에 '기대할 수 있다'는 의견도 동시에 나오는 분위기다. 지난 8일 SSG는 구단을 떠난 베니지아노를 대체하는 외국인 투수로 총액 40만달러(연봉 38만달러·옵션 2만달러)에 아빌라를 영입했다는 사실을 공식화하고 이날 두산과의 경기에서 그를 선수단에 합류했다. 다만, 올스타 브레이크 직전에 합류한 관계로 그의 등판은 올스타전 이후 후반기로 정해진 상태다. 아직 시차적응도 필요한 데다, '올스타전 휴식기'를 다수의 외국인 대체용병 투수들이 어려움을 겪는 공인구 적응기간으로 삼아 훈련할 수 있기 때문. 이숭용 SSG 감독은 현재 아빌라의 몸 상태를 더 보고 대화도 더 해본 뒤 후반기 등판 시점을 결정하겠다는 계획이다. 이 감독의 계획대로라면 아빌라는 후반기 시작 경기 혹은 세 번째 정도 되는 시점의 경기에 선발투입이 될 것으로 전망된다. SSG는 베네수엘라 출신인 아빌라에 대해 ""신장 180㎝, 체중 95㎏의 신체 조건에 평균시속 150㎞ 이상, 최고 시속 156㎞의 빠른 공을 던진다""며 ""풍부한 선발 경험과 안정적인 이닝 소화 능력을 갖춘 투수로 최근까지 실전 등판을 이어온 점을 종합적으로 검토해 현재 팀 선발진에 힘을 보탤 수 있는 자원으로 판단했다""는 입장이다. 그런데 SSG와 아빌라의 행보는 시작부터 논란이 됐다. 한 스포츠매체에 따르면 그는 올 시즌 클리블랜드 가디언스 소속의 마이너리그 팀에서 뛰면서 최근까지 공을 던졌다고 밝히며 ""(최근 직구 구속이) 150km 정도 나왔다""고 통역을 통해 말했다는 것. 그러나 외국인 선수가 단순 취재현장에서 '구두 형식'으로 밝힌 발언과 구단의 발표에 차이가 보이는 사례는 이전에도 얼마든 있었다. 더불어 경기를 하는 투수의 실제 구속은 선수가 2~3차례 등판을 하면서 평균 및 실제 최고구속의 수준이 자연스럽게 드러나기 마련이다. 사실 아빌라가 기자들과 '괜한 신경전'을 벌일 이유도 없었던 것. 즉, 언급한 논란은 '선수의 현재 폼'과 '구단의 홍보' 사이의 간극이 만든 촌극 정도로 보면 될 부분이다. 문제는 아빌라가 빅 리그 경험이 있는 투수라 해도 '현재 시점에서 잘 던지다 왔느냐'는 건데, 이것을 체크해 보면 우려의 시선이 충분히 나올 만 하다는 의견도 일각서는 나온다. 아빌라의 공식 선수경력은 지난 2014년 워싱턴 내셔널스 입단으로 시작됐다. MLB의 마운드엔 지난 2019년 샌디에이고 파드리스 소속이던 때에 이루어졌는데, 2023년까지 해당 구단 소속일 당시엔 일종의 '샘플'로 볼 만한 연도가 2023년밖에 없었다. 당시 그는 14경기 50.1이닝에 2승 2패 평균자책점 3.22의 성적을 기록했다. 주로 계투진에서 활약하다 후반기 선발진으로 오른 적도 있는데, 이때만 해도 그의 제구력은 그다지 나쁘진 않았던 걸로 보인다. 실제 한 스포츠기자도 ""당시 아빌라의 제구는 나쁘진 않은 수준이라 볼 수 있었던 것 같다""는 의견을 전해주기도 했다. 2024년에도 샌디에이고에 있었지만 시즌 초반인 4월 현금 트레이드를 통해 클리블랜드 가디언스를 거쳤고, 이 시즌의 54경기 82.2이닝에 6승 평균자책점 3.81로 괜찮았다. 참고로 이때의 성적이 그의 MLB 커리어하이 성적이었다. 현재까지의 그의 MLB 통산 성적은 72경기 146.1이닝 8승 4패 1홀드 1세이브, 평균자책점 3.51이다. 이후 지난해에는 일본 NPB로 진출 야쿠르트 스왈로스에서 15경기 82⅓이닝 동안 7승 8패, 평균자책점 4.04의 성적이었다. 올 시즌 클리블랜드 가디언스 산하 마이너에서 60이닝 동안 3승 7패에 평균자책점 7.50였는데, 2023년 혹은 2024년 빅 리그 성적보다도 더 안 좋은 기록들을 남겼다는 게 팬들로서는 마음에 걸리는 부분. 특히 올해 볼넷 비율이 1경기(9이닝)당 5개에 가까운 수치(4.8)를 보였는데 이는 제구력에 문제가 있다고 진단해도 할 말이 없을 수준이기도 하다. 다만 아빌라가 마이너리그에서 주로 선발투수로 활약했기에 KBO에서도 선발투수로 뛰는 그 자체의 어려움은 적을 것으로 보이고, 국내 및 해외의 스카우팅 리포트 등에서 '땅볼 유도형'의 투수로 알려져 있는 만큼 SSG의 야수들이 잘 도와준다면 좋은 성적을 기대할 만한 부분도 분명 있다. 따라서 그가 KBO에서 좋은 성적을 낼 수 있는지의 여부는 KBO가 적용 중인 ABS존의 적응 및 볼넷을 잘 제어해 커맨드에 문제를 없앨 수 있느냐의 여부, 그리고 전반적인 평가가 좋았던 '땅볼 유도'의 부분을 국내에서도 잘 살려낼 수 있는지 등에 따라 달렸다고 볼 수 있다. 한편 아빌라는 팀 합류 직후 ""SSG의 일원이 되어 기쁘고, 특히 팀 합류 후 날 환영해 주는 분위기도 감명 깊었다""며 ""후반기는 사실 나와 팀 모두 원점 아니냐, 올스타전 휴식기 동안 KBO 공인구를 계속 손에 쥐면서 잘 적응한 뒤 부담없이 시작한다는 마음으로 나설 것""이라며 소감을 밝혔다. ※STN뉴스 보도탐사팀 제보하기 당신의 목소리가 세상을 바꾸고, 당신의 목소리가 권력보다 강합니다. STN뉴스는 오늘도 진실만을 지향하며 여러분의 소중한 제보를 기다립니다. ▷ 전화 : 1599-5053 ▷ 이메일 : news@stnsports.co.kr ▷ 카카오톡 : @stnnews / STN뉴스=배영수 기자 gigger@stnnews.co.kr ▶STN 뉴스 공식 모바일 구독 ▶STN 뉴스 공식 유튜브 구독 ▶STN 뉴스 공식 네이버 구독 ▶STN 뉴스 공식 카카오톡 구독"
2026.07.09 18:24,"한화 제치고 전반기 6위 마무리?…NC, 이우성→고준휘 DH 바꿨다! ""...",엑스포츠뉴스,"(엑스포츠뉴스 대전, 김근한 기자) NC 다이노스가 전반기 최종전 승리와 함께 6위 자리로 올스타 휴식기에 들어갈 수 있을까. NC 이호준 감독은 전날과 비교해 선발 명단 변화와 더불어 구창모 뒤에 토다를 바로 붙여 승리를 노린다. NC는 9일 대전 한화생명볼파크에서 2026 신한 SOL뱅크 KBO리그 한화 이글스전을 치른다. NC는 이날 경기를 승리할 경우 0.5경기 차인 한화와 자리를 맞바꿔 6위로 전반기를 마무리할 수 있다. 앞서 NC는 지난 8일 대전 한화전을 우천 그라운드 사정 취소로 치르지 못했다. NC는 8일 경기 선발 투수였던 토다를 9일 선발 투수 구창모 바로 뒤에 붙이는 총력전을 펼친다. NC 이호준 감독은 9일 경기전 취재진과 만나 ""예고한 대로 토다를 구창모 바로 뒤에 붙일 것""이라며 ""저녁 비 예보가 있다고 들었는데 오늘 전반기 최종전은 꼭 했으면 좋겠다. 최근 방망이 감이 다 좋아서 오랫동안 쉬면 안 될 듯싶다""라고 전했다. NC는 9일 한화전에서 김주원(유격수)~권희동(좌익수)~박민우(2루수)~블레인 크림(1루수)~박건우(우익수)~김휘집(3루수)~김형준(포수)~천재환(중견수)~고준휘(지명타자)로 이어지는 선발 타순을 구성해 한화 선발 투수 오웬 화이트와 상대한다. 전날 취소됐던 경기 선발 라인업과 비교해 지명타자 자리에 이우성이 빠지고 고준휘가 들었다. 고준휘는 지난 7일 대전 한화전에서 결승 3점 홈런을 때리는 활약상을 펼쳤다. 이 감독은 ""아무래도 상대 선발이 좌완에서 우완으로 바뀌는 점을 고려했다. 상대 선발이 어려운 공이긴 한데 이틀 전 홈런을 친 분위기를 한 번 또 이어갈까 싶어서 고준휘를 넣었다""라고 설명했다. 한편, 이 감독은 후반기 돌아올 전력에 대해선 투수 임정호가 유일하다고 밝혔다. 이 감독은 ""후반기에 맞춰서 돌아오길 기대하는 투수 전력이 있었는데 배재환, 이용준, 이재학은 더 늦어질 듯싶다. 그나마 임정호가 후반기에 맞춰서 합류할 수 있을 것""이라고 말했다. 사진=엑스포츠뉴스 DB 김근한 기자 forevertoss88@xportsnews.com"
2026.07.09 18:23,"""MD 사면 BTS 라면 증정"" KBO 올스타전, 역대급 '아리' 팝업 ...",더게이트,"[더게이트] 방탄소년단이 기획에 참여해 화제를 모은 라면과 음료가 잠실야구장에 상륙한다. 미국 월마트에서 베스트셀러에 오르고 국내 사전 출시 당일 완판을 기록한 글로벌 브랜드가 프로야구 별들의 잔치를 찾은 팬들과 만난다. KBO는 10일과 11일 이틀간 서울 잠실야구장에서 열리는 2026 신한 SOL KBO 올스타전에서 올스타전 공식 굿즈 구매 고객을 대상으로 팔도·hy의 글로벌 신제품 브랜드 '아리(ARIH)'와 연계한 현장 이벤트를 진행한다. 이번 행사는 올스타전을 맞아 야구장을 찾은 팬들에게 혜택을 선사하기 위해 마련했다. 프로모션은 올스타전 공식 굿즈를 판매하는 잠실야구장 외야 캐치볼장 내 'KBO 마켓' 부스에서 올스타 프라이데이와 올스타전 본 행사 양일간 운영된다. 현장에서 팬들을 만나는 '아리'는 팔도·hy가 선보인 글로벌 브랜드다. 기획 단계부터 방탄소년단이 참여해 맛과 패키지 디자인 등에 아티스트의 의견을 반영하며 큰 화제를 모았다. 국내외 시장에서 증명된 인기를 바탕으로 이번에는 잠실을 찾는 야구팬들의 시선을 사로잡을 예정이다. 굿즈 사면 라면이 덤 행사 기간 KBO 마켓에서 올스타 공식 MD 제품을 구매한 고객은 '아리 모던 누들' 1팩을 선착순으로 받을 수 있다. 증정 제품인 아리 모던 누들은 특화된 면 텍스처로 탄력 있는 식감을 살린 볶음면 제품으로, 여러 맛 중 하나가 무작위로 제공된다. 야구팬들이 현장에서 쉽게 참여할 수 있는 SNS 이벤트도 마련했다. 현장 안내에 따라 아리 한국 공식 인스타그램 계정을 팔로우한 관람객에게는 hy가 독자 개발한 포스트바이오틱스 5종과 프리바이오틱스를 함유한 '아리 듀얼 바이오틱 소다' 2캔을 선착순으로 증정한다. 현장에서 야구장의 추억을 필수 해시태그(#ARIH, #잠실야구장)와 함께 인스타그램에 공유하면 추첨을 통해 제품을 추가로 받는 기회도 열려 있다. 팔도·hy 관계자는 ""한국 프로야구 최대 축제인 KBO 올스타전에서 야구팬들과 직접 만나 글로벌 시장에서 주목받고 있는 아리 브랜드를 선보이게 되어 기쁘다""며 ""무더운 여름 잠실야구장을 찾은 팬들이 아리와 함께 한층 더 시원하고 즐거운 추억을 남기시길 바란다""고 말했다."
2026.07.09 18:17,[오피셜] 양키스 거절한 '부산 오타니' 亞 정복하러 간다! 한국 U-1...,스포탈코리아,"[SPORTALKOREA] 김지현 기자= '부산 오타니'가 국제 무대에 선다. 대한야구소프트볼협회(KBSA)는 9월 7일부터 13일까지 대만 타이베이에서 열리는 제14회 아시아청소년야구선수권대회에 출전하는 18세 이하(U-18) 청소년 대표팀 코칭스태프와 선수 명단을 9일 발표했다. 앞서 KBSA는 지난 6일 경기력향상위원회 회의를 열어 청원고 김수관 감독을 대표팀 수석코치, 순천효천고BC 정진 감독을 투수코치, 전주고 최대곤 감독을 야수코치, 중앙고 남인환 감독을 불펜코치로 선임했다. 이번 대표팀 명단에 투수 6명, 포수 2명, 내야수 6명, 외야수 4명 등 총 18명이 승선한 가운데 하현승(부산고)의 이름이 눈길을 끈다. 고교야구 '최대어' 하현승은 최근 메이저리그(MLB) 뉴욕 양키스의 영입 제안을 거절하고 국내 잔류를 선언, 2027년 KBO 신인 드래프트에서 유력한 1순위 지명 후보로 꼽힌다. 특히 투타에서 모두 빼어난 재능을 갖춘 하현승은 '부산 오타니'로도 알려진 선수다. 그는 지난해 고교 무대에서 타자로 26경기에 출전해 타율 0.323(99타수 32안타) 16타점 28득점 4도루 OPS 0.983을 기록했다. 마운드에서는 17경기 등판해 49⅓이닝을 던지는 동안 64개의 삼진을 솎아 내는 등 6승 무패 평균자책점 1.84 WHIP(이닝당 출루허용률) 1.10이라는 매우 훌륭한 성적을 남겼다. 이밖에 지난달 메이저리그 애리조나 다이아몬드백스와 계약한 엄준상(덕수고), '제2의 김도영'으로 불리는 내야수 김지우(서울고), 강속구 투수 윤예성(인창고), 한화이글스배 고교·대학 올스타전에서 최우수선수(MVP)로 선정된 투수 박근서(서울디자인고), 대전고의 황금사자기 준우승을 이끈 유일한 2학년인 투수 한규민도 대표팀 명단에 포함됐다. 이번 아시아청소년야구선수권대회는 총 8개국이 참가하며, 2개 조 예선 라운드 상위 2개 팀이 슈퍼라운드에 진출한다. 예선 라운드 상대 전적(1경기)과 슈퍼 라운드 성적(2경기)을 합산한 종합 성적 최종 상위 2개 팀이 결승전에 진출한다. 한국은 이번 대회에서 우승을 노린다. KBSA는 8월 중순 대표팀을 소집해 국내 강화훈련으로 전력과 조직력을 끌어올릴 계획이다. 한편, 한국야구위원회(KBO)는 청소년 대표팀의 국제 경쟁력 강화를 위해 추가 예산 3억 원을 KBSA에 지원했다. 사진=롯데 자이언츠 제공, 대한야구소프트볼협회"
2026.07.09 18:16,"이재원 멀티 2루타 쳤는데 왜 6회 대주자로 교체했을까? 염경엽 ""3루서...",마이데일리,"[마이데일리 = 대구 김경현 기자] LG 트윈스 이재원이 인상적인 활약을 펼쳤다. 그런데 두 번째 2루타를 치고 라인업에서 빠졌다. 염경엽 감독이 이유를 밝혔다. LG는 9일 대구 삼성 라이온즈파크에서 2026 신한 SOL KBO리그 삼성 라이온즈와 시즌 12차전 맞대결을 펼친다. 홍창기(우익수)-박해민(중견수)-오스틴 딘(지명타자)-송찬의(좌익수)-박동원(포수)-천성호(1루수)-문보경(3루수)-오지환(유격수)-신민재(2루수)가 선발로 출전한다. 선발투수는 라클란 웰스. 엔트리 변경은 없다. '7번' 문보경이 눈에 띈다. 경기 전 기준 문보경은 9번 타자로 1타석을 제외하곤 올 시즌 모두 4번으로 출전했다. 7번 선발 출전은 작년 10월 1일 NC 다이노스전(4타수 무안타) 이후 281일 만이다. 경기 전 취재진을 만난 염경엽 감독은 ""(김)진수 빼고 다 나간다""고 총력전을 선언했다. 손주영 2이닝이 가능하냐고 묻자 ""2이닝까진 안 쓸 것 같다. 5타자까지는 나갈 수 있다""고 했다. 전날(7일) 약셀 리오스는 2이닝을 단 27구로 지웠다. 염경엽 감독은 ""이기면 1이닝을 던질 것""이라고 밝혔다. 7번 문보경에 대해서 ""상대 전적(올 시즌 2타수 무안타)이 안 좋다. 타격감도 떨어진다. 상대 전적이 좋은 사람을 위로 올렸다. 박동원이가 원태인 공을 엄청 잘 치지 않나. 천성호도 잘 친다""고 설명했다. 송찬의를 4번으로 내보낸 이유를 묻자 ""현재 좋으니까. 변화구도 다른 후보 선수들보다 잘 따라간다. 요즘 거의 삼진도 없다. (삼진을) 먹어도 모서리에 들어온 공을 먹는다""고 했다. 이재원은 40일 만에 선발 출전에서 3타수 2안타 1득점 1타점을 기록했다. 6회 세 번째 타석 2루타를 친 뒤 대주자 천성호와 교체됐다. 최소 한 타석을 더 들어갈 수 있었다. 교체 이유는 무엇일까. 염경엽 감독은 ""그 한 점이 나에게 중요했다. 어차피 번트 댈 생각이었다. 3루에 가면 컨택 스타트를 해야 한다. 3루에서 바꿀 바에는 2루에서 미리 바꾸는 게 낫다. (2루에서) 3루 가는 것도 (천)성호가 낫지 않나""라고 설명했다. 그러면서 ""이재원이 빠져도 기회 줄 수 있는 사람이 있다. 천성호도 있고 문정빈도 있다. 이기고 있기 때문에 후보들에게 기회를 주고, 좋을 때 빼주면 (이재원도) 기분 좋고""라고 전했다."
2026.07.09 18:16,"“더 던져도 돼, 근데 무리할 필요 없지”…감독 말려달라던 나균안, 왜 ...",OSEN,"[OSEN=부산, 조형래 기자] “나를 못 말리지” 롯데 자이언츠 투수 나균안은 지난 8일 사직 KIA전 선발 등판해 5⅔이닝 7피안타 1볼넷 7탈삼진 2실점으로 시즌 5승을 달성했다. 타선이 일찌감치 폭발했다. 5회까지 순항을 했지만 6회 흔들렸다. 6회 1사 후 김호령에게 우선상 2루타를 맞았다. 김도영을 삼진 처리했지만 나성범에게 중전 적시타를 내준 뒤 카스트로에게 중전안타, 그리고 한준수에게 좌전 적시타까지 내줬다. 이미 9-2로 크게 앞서고 있었던 상황이었는데 나균안은 7회를 쉽사리 끝내지 못했다. 김태형 감독은 결국 교체를 결정했다. 나균안은 마운드를 내려와야 했다. 나균안은 아쉬움이 클 수밖에 없었다. 나균안은 교체를 위해 마운드에 올라온 김상진 코치를 향해 “감독님 좀 말려잘라”고 말했을 정도였다. 그러나 이미 교체 결정은 내려진 뒤였다. 9일 사직 KIA전을 앞두고 이 얘기를 들은 김태형 감독은 “투수코치가 나를 못 말리지. 바꾸라고 하면 바꾸는거지”라고 껄껄 웃었다. 그러면서 “더 던져도 됐다. 아무런 상관 없다. 근데 조급해지더라. 꾸역꾸역 이닝을 어떻게든 마무리 지으려고 힘들게 던지더라. 근데 쓸데없이 무리할 필요가 없지 않나. 그래서 그냥 빼주는 게 나을 것 같다”라고 교체 배경을 설명했다. 나균안은 전반기 16경기 5승 7패 평균자책점 3.90의 성적을 기록했다. 김태형 감독은 “균안이 너무 잘 던져줬고 진욱이도 마찬가지다. 박세웅도 점점 갈수록 안정을 찾아가는 것 같다. 전반기에 균안이하고 진욱이가 너무 잘 던져줬다. 외국인 선수들도 조금씩 안정감을 찾아가고 있다”라면서 전반기 나균안의 선발진 공헌도를 칭찬했다. /jhrae@osen.co.kr"
2026.07.09 18:13,강릉고 원지우 제14회 아시아청소년야구선수권 출격,강원도민일보,"강릉고의 안방마님 원지우가 제14회 아시아청소년야구선수권대회에 출전한다. 대한야구소프트볼협회(KBSA)는 9일 한국 18세 이하(U-18) 야구 국가대표팀 명단을 확정해 발표했다. 제14회 아시아청소년야구선수권대회에 참가하는 이번 대표팀은 정윤진 덕수고 감독이 지휘봉을 잡고 김수관 청원고 감독(수석 코치)과 정진 순천효천고BC 감독(투수 코치), 최대곤 전주고 감독(야수 코치), 남인환 중앙고 감독(불펜 코치)이 보좌한다. 아시아청소년야구선수권은 오는 9월 7일부터 13일까지 대만 타이베이에서 개최된다. 8개 국가가 2개 그룹으로 나눠 예선 라운드를 소화하며 상위 2개 국가가 슈퍼라운드에 진출해 우승 트로피의 주인공을 가린다. 원지우는 강원 지역에서 유일하게 명단에 이름을 올렸다. 원지우는 장점으로 꼽히는 영리한 리드를 바탕으로 한 학년 아래인 전영훈(세광고)과 함께 투수진을 이끌어 나갈 것으로 기대된다. 원지우의 미트를 향해 힘차게 공을 뿌릴 유망주들도 주목된다. 특히 메이저리그로부터 뜨거운 관심을 받았던 투수들도 승선했다. 하현승(부산고)과 윤예성(인창고)을 필두로 박근서(서울디자인고)와 한규민(대전고), 곽도현(부산공고), 김민훈(광주진흥고) 등이 그 주인공이다. 한편, 대한야구소프트볼협회는 아시아 정상 탈환을 목표로 내달 중순 선수단을 소집해 강화 훈련을 실시한 뒤 결전지인 대만으로 떠난다. 한국야구위원회(KBO)가 올해부터 국제 경쟁력 강화를 위해 3억원 규모의 예산을 추가 지원하면서 이번 대회는 물론 세계대학야구대회와 아시아유소년야구대회, 세계야구선수권대회 등 연령별 대회에 더 많은 지원이 가능해졌다. 한규빈 기자"
2026.07.09 18:12,“투수코치도 날 못 말리지”…김태형 감독이 나균안을 교체한 이유,스포츠경향,"“날 못 말리지.” 선발 투수 나균안(롯데)의 아쉬움에 대해 김태형 롯데 감독이 이렇게 답했다. 나균안은 지난 8일 사직 KIA전에서 시즌 5승째를 거뒀다. 9-0으로 앞서던 6회초 1사후 김호령에게 우익선상 2루타를 맞은 뒤 김도영을 삼진으로 잡았지만 나성범, 카스트로, 한준수에게 3연속 안타를 맞았다. 2점을 주자 교체됐다. 퀄리티스타트에 아웃카운트 1개를 남겨놓고, 김상진 투수코치가 마운드로 올라오면서 교체된 나균안은 “다음 타석까지는 기회를 주실 거라 생각했는데 교체라서 코치님께, 감독님 한 번만 말려달라고 했다. 안 된다고 하셔서 그래도 한 번만 말려달라고 다시 말씀드렸지만 감독님이 이미 결정을 하신 거라고 안 된다고 하셨다. 아쉽긴 했다”라고 말했다. 이 이야기를 하루 뒤 전해들은 김태형 감독은 “(투수코치가) 날 못 말리지”라며 크게 웃었다. 김 감독은 “어제 더 던졌어도 된다. 상관 없다. 그런데 무리할 필요는 없지 않나. 급하니까 꾸역꾸역 힘이 들어가서 무리가 올 것 같아 보였다. 어떻게든 끝내고 싶어서 조급한 모습이 보여서 교체한 것”이라고 밝혔다. 경기도 경기지만 투수 나균안을 무리시키지 않기 위해 교체했다는 설명이다. 김태형 감독은 “투수에게 ‘더 던질 수 있겠느냐’고 물어볼 때는 있다. 그럴 때는 코치가 마운드에서 이야기 나누고 더그아웃을 보며 내게 신호를 보낸다. 하지만 이미 교체를 결정하고 올라간 상황에서는 나를 말릴 수 없다”고 웃었다. 나균안은 16경기에 선발 등판해 92.1이닝을 던지고 5승7패 평균자책 3.90을 기록한 채 전반기를 마쳤다. 김태형 감독은 “전반기에 나균안이 잘 던져줬다. 김진욱, 박세웅도 갈수록 안정감을 찾는 것 같다. 특히 나균안과 김진욱이 잘 던져 주면서 외국인 투수들도 안정감을 찾을 수 있었다”고 말했다. 부산 | 김은진 기자 mulderous@kyunghyang.com"
2026.07.09 18:05,'전체 1순위 5억 팔' 전반기 마지막 날 3개월 만에 1군 복귀 왜? ...,스타뉴스,"[스타뉴스 | 수원=신화섭 기자] 신인 전체 1순위 출신의 키움 히어로즈 투수 정현우(20)가 전반기 마지막 날 3개월 만에 1군에 복귀했다. 키움은 9일 수원 KT위즈파크에서 열린 KT 위즈와 경기를 앞두고 정현우를 엔트리에 등록했다. 투수 박진형과 배동현은 1군에서 말소됐다. 설종진(53) 키움 감독은 ""오늘(9일) 경기에 무조건 던진다는 뜻은 아니고 상황을 봐서 나갈 수도 있다""며 ""많은 이닝은 아니고 한두 타자에서 1이닝 정도 생각하고 있다""고 말했다. 2025 신인 드래프트 1라운드 1순위로 지명돼 계약금 5억원을 받고 키움에 입단한 좌완 정현우는 올 시즌 초반인 4월 2일 SSG 랜더스전에 선발 등판해 5이닝 6실점으로 패전 투수가 된 후 팔꿈치 부상으로 1군을 떠났다. 치료와 재활을 마친 뒤 퓨처스리그에선 6월 28일 한화전 1이닝 무실점, 지난 2일 상무전 2이닝 2실점으로 실전 등판을 마쳤다. 설종진 감독은 올스타 브레이크를 하루 앞두고 정현우를 등록한 이유에 대해 ""팀의 미래의 투수이고 그냥 2군에 있는 것보다는 (1군에서) 한 번 던지게 하는 게 낫다. (퓨처스리그에서) 2이닝까지 소화했으니 불펜에서 하는 모습을 투수코치들이 직접 보는 것도 좋을 것 같고, 여러 가지를 생각해 콜업했다""고 설명했다. 수원=신화섭 기자 evermyth@mtstarnews.com"
2026.07.09 18:05,"KIA 한국시리즈급 사수 총력전 ""1회부터 황동하 불펜 대기"" [부산 현...",스타뉴스,"[스타뉴스 | 부산=김우종 기자] KIA 타이거즈가 전반기 최종전에서 1회부터 황동하를 대기시키는 등 총력전을 펼친다. KIA는 9일 오후 6시 30분 부산 사직야구장에서 롯데 자이언츠를 상대로 2026 신한 SOL KBO 리그 정규시즌 원정경기를 치른다. KIA는 최근 4연패에 빠져 있다. 롯데와 이번 주중 3연전 중 두 경기를 모두 내줬다. 무엇보다 선발이 조기에 무너지면서 2-10, 3-11로 각각 패한 게 뼈아팠다. 필승조를 조기에 붙여보지도 못한 채 무릎을 꿇은 것이다. 현재 5위 두산 베어스와 승차가 1.5경기로 좁혀진 가운데, 후반기 4위를 더 완벽하게 사수하기 위해서는 승리가 필요한 상황. 이날 KIA는 김호령(중견수), 박재현(좌익수), 김도영(3루수), 나성범(우익수), 카스트로(지명타자), 한준수(포수), 김선빈(2루수), 변우혁(1루수), 박민(유격수) 순으로 선발 라인업을 짰다. 선발 투수는 양현종이다. 양현종은 올 시즌 15경기에 등판해 5승 5패 평균자책점 4.05를 기록 중이다. 롯데 상대로는 올 시즌 1경기에 등판해 1승 무패 평균자책점 1.80(5이닝 4피안타 1피홈런 2볼넷 5탈삼진 3실점 1자책점)으로 잘 던졌다. 경기에 앞서 이범호 KIA 감독은 ""안 그래도 투수 코치와 상의했는데, (황)동하 역시 1회부터 대기할 것이다. 불펜도 1회부터 바로 대기를 시킬 생각이다. (양)현종이한테도 1회부터 베스트로(최선을 다해) 던져달라 했다. 만약 초반에 점수 차가 벌어지면 따라가기 힘드니까, 그렇게 준비하자고 했다""고 밝혔다. 이어 ""초반에 어떤 흐름으로 갈지 모르겠지만, 현종이나 동하도 쉬고 온 뒤 구속 등이 막 올라와 있는 건 아니다. 좀 더 변화가 많은 공을 던지는 투수가 낫지 않을까 판단하고 있긴 한데, 저쪽(롯데)도 젊은 선수들이 많이 배치돼 있다. 빠른 공보다는 변화가 있는 공을 치는 것을 더 어려워하지 않을까 생각하는데, 현종이가 5이닝 동안 1~2점 정도로 잘 막아주면 승산이 있지 않을까 한다. 분위기가 조금 끌려간다 싶으면 그때는 또 바꾸겠다""고 이야기했다. 리드오프에 변화를 준 것에 대해서는 ""상대 투수의 유형에 따라 돌아가면서 들어가고 있는데, (김)호령이의 컨디션이 나빠 보이지 않고, (박)재현이도 마찬가지라, 일단 이 2명이 1번과 2번에서 치는 게 가장 좋지 않을까 생각했다. 또 어제 (변)우혁이가 좋은 타구를 날렸기 때문에, 데이터나 확률적으로 가장 나은 선택을 하려고 한다. 중요한 건 선발 투수가 어떻게 버텨주느냐가 관건""이라고 짚었다. 한편 이날 롯데는 황성빈(중견수), 고승민(1루수), 레이예스(좌익수), 한동희(지명타자), 전민재(유격수), 한태양(2루수), 손호영(우익수), 김세민(3루수), 손성빈(포수) 순으로 선발 타순을 구성했다. 선발 투수는 김진욱이다. 부산=김우종 기자 woodybell@mtstarnews.com"
2026.07.09 18:03,"키움 정현우, 부상 털고 전반기 최종전 맞춰 1군 복귀",연합뉴스,"(수원=연합뉴스) 이대호 기자 = 프로야구 키움 히어로즈 왼팔 투수 정현우(20)가 전반기 마지막 경기를 앞두고 1군에 복귀했다. 키움 구단은 9일 수원 케이티위즈파크에서 열릴 kt wiz전을 앞두고 배동현과 박진형을 내리는 대신 정현우를 등록했다. 정현우는 지난해 1라운드 전체 1순위로 키움 유니폼을 입은 투수다. 데뷔 첫해인 지난해 18경기 3승 7패 평균자책점 5.86을 남겼고, 올해는 4월 2일 SSG 랜더스전(5이닝 6실점)만 던지고 팔꿈치 굴곡근 부분 손상으로 1군에서 말소됐다. 정현우는 재활 중 팔꿈치 통증이 도지며 복귀가 늦춰졌고, 지난달 28일 퓨처스(2군) 리그에 복귀해 2경기를 소화했다. 설종진 키움 감독은 전반기 마지막 경기를 앞두고 그를 부른 이유에 대해 ""오늘 경기에 반드시 기용할 생각은 아니다. 경기 상황에 따라 중간 투수로 타자 2명 혹은 1이닝 정도 맡길 것""이라고 밝혔다. 또 ""2군에 계속 있는 것보다는 1군에 올라와서 직접 던지는 모습을 코치진에서 확인할 필요도 있어서 전반기 마지막 경기에 불렀다""고 덧붙였다. 한편 설 감독은 전반기를 최하위로 마감한 것을 돌아보며 ""선발진은 나름대로 5선발 체제로 잘 돌아갔지만, 공격력과 특히 득점권 타율이 아쉬웠다""면서 ""올스타 휴식기에 철저히 준비해서 후반기에는 타격에서 달라진 모습을 보일 것""이라고 말했다. 4bun@yna.co.kr (끝) ▶제보는 카톡 okjebo"
2026.07.09 18:01,"'SSG 안 풀린다 안 풀려' 에레디아 왼 어깨 회전근개 손상, 대체 외...",마이데일리,"[마이데일리 = 잠실 심혜진 기자] SSG 랜더스에 부상자가 발생했다. 외국인 타자 기예르모 에레디아다. 에레디아는 9일 서울 잠실구장에서 열리는 두산 베어스전을 앞두고 1군 엔트리에서 제외됐다. 에레디아는 지난 7일 두산전 도중 왼쪽 어깨 통증을 느꼈다. 이후 병원 검진을 받은 결과 왼쪽 어깨 회전근개 손상소견(grade 1-2)을 받았다. 구단은 ""올스타 휴식기 기간 치료 및 회복에 전념할 계획이다""라면서 ""아울러 확실한 상태 점검을 위해 2주 후 재검진을 실시할 예정이며, 향후 정확한 복귀 스케줄은 재검진 결과에 따라 확정될 예정이다""고 설명했다. 경기 전 만난 이숭용 감독은 ""2주 뒤 검진을 받아봐야 하는데 아마 더 오래 걸릴 것 같다""고 말했다. 에레디아의 부상이 장기화될 조짐을 보이면서 SSG도 움직일 예정이다. 그런데 문제가 있다. 이미 SSG는 외국인 선수 교체권 2장을 모두 소진했다. 미치 화이트의 부상으로 단기 대체로 하지모토 긴지로를 영입한 뒤 토마스 해치를 영입하면서 교체권을 사용했다. 최근에도 교체를 단행했다. 앤서니 베니지아노의 부진으로 페드로 아빌라를 영입했다. 아빌라는 지난 8일 팀에 합류한 상황이다. 때문에 SSG의 선택은 딱 하나다. 6주 단기 대체 외인을 데려오는 것 뿐이다. 이 감독은 ""전반기 끝나고 프런트와 상의를 해서 결정이 날 것 같다""고 말했다."
2026.07.09 18:01,전반기 돌아본 이강철 KT 감독 “안현민이 있었다면 어땠을까”[스경X현장...,스포츠경향,"이강철 KT 감독이 전반기를 되돌아보며 아쉬운 부분을 짚었다. 이강철 감독은 9일 수원구장에서 열린 키움과의 홈 경기를 앞두고 “스타트에 비해서는 아쉽다”라고 평했다. 대체로 긍정적으로 평가를 내렸다. 이강철 감독은 “방망이가 계속 좋을 수는 없지 않나. 그래도 전반기 막판에 올라오고 있는 모습을 보니까 후빈기가 더 기대가 되면서 준비를 잘 할 수 있을 것 같다”며 “투수도 초반에 많이 힘들었는데 자리를 잡으면서 후반기 전망이 좋게 갈 수 있을 것 같다”고 설명했다. 매 시즌 슬로스타터였던 KT는 올 시즌에는 개막부터 치고 나갔다. 5월 말까지는 선두 자리를 차지하고 있었다. 하지만 6월 들어서는 순위가 떨어지기 시작하더니 6월 27일부터는 3위로 처졌다. 2위 삼성과는 3경기, 선두 LG와는 4경기 차이다. 이 감독은 “이길 수 있는 경기들을 많이 놓쳤다. 그게 어떻게 보면 전려지 않을까”라며 “아쉬운 게임이 많이 있는데 선수들이 잘 이겨내서 3위권으로 마무리할 수 있었다. 코칭스태프, 프런트에서도 많이 격려해주고 전체적으로 잘 돌아간 것 같다. 케일럽 보쉴리가 부상을 입었을 때도 팀에서 빨리 움직여서 공백을 줄여나갈 수 있었다”고 말했다. 하지만 주요 선수들이 부상을 입지 않았으면 어땠을까하는 생각은 든다. 그 중에서도 안현민의 부상이 가장 아쉽다. 안현민은 개막 후 4월 15일 NC전까지 14경기에서 타율 0.365 3홈런 11타점 등으로 맹활약했다. 하지만 햄스트링 부상으로 전력에서 이탈했고 두 달 동안 자리를 비웠다. 6월 중순이 되어서야 1군 전력으로 돌아왔다. 이 감독은 “안현민이 컨디션이 너무 좋았다. 그래서 1~4번 타순이 정말 좋았기 때문에 아깝다. 안현민 빠지고도 그렇게 버텼는데 안 빠졌으면 4승은 더 하지 않았을까하는 생각이 든다”고 했다. 이런 마음으로 따지면 아쉬운 부분이 많지만 그래도 현재 순위에 만족하려고 한다. 이 감독은 “3위 했으니 100점 만점에 70점 아니겠나”라며 “후반기에는 투수가 좀 버텨야한다. 투수가 버텨주고 지금 타선에 장성우까지 돌아오면 해볼만하다”라고 바라봤다. 수원 | 김하진 기자 hjkim@kyunghyang.com"
2026.07.09 18:00,"""신인은 신인인가 했는데"" 몬스터월 넘길 줄이야…전반기 마지막 경기도 선...",OSEN,"[OSEN=대전, 조은혜 기자] 프로야구 NC 다이노스의 신인 고준휘가 전반기 마지막 경기에서 선발 기회를 잡았다. 이호준 감독이 이끄는 NC는 9일 대전 한화생명 볼파크에서 2026 신한 SOL KBO리그 한화 이글스와의 원정경기를 치른다. 7일 9-6 승리를 거두고 3연승을 달성한 NC는 8일 비로 휴식, 이날 4연승과 6위 도약을 노린다. 한화 오웬 화이트를 상대하는 NC는 김주원(유격수) 권희동(좌익수) 박민우(2루수) 블레인(1루수) 박건우(우익수) 김휘집(3루수) 김형준(포수) 천재환(중견수) 고준휘(지명타자) 순으로 선발 라인업을 구성했다. 선발투수로 구창모가 등판, 8일 등판 예정이었던 토다 나츠키가 불펜으로 대기한다. 8일 왕옌청 상대 6번 지명타자로 이우성을 선발 라인업에 넣었던 NC는 이날은 고준휘를 9번에 적었다. 이호준 감독은 ""좌완이라 우성이를 넣었다 우완을 만나서 바꿨다. 어려운 볼이겠지만 준휘가 분위기를 이어갈까 싶어서 넣었다""고 얘기했다. 고준휘는 지난 7일 한화 선발 박준영을 상대로 4회초 1사 주자 1·2루에서 박준영의 138km/h 직구를 받아쳐 몬스터월을 넘어가는 선제 스리런을 터뜨리고 팀의 승리를 이끌었다. 앞선 2회초 만루 찬스에서 헛스윙 삼진을 당했던 고준휘는 다시 자신에게 찾아온 기회를 놓치지 않았다. 이호준 감독은 ""만루에서 삼진을 먹길래 아직 신인은 확실히 신인인가 보다 했다. 두 번째 타석까지만 보고 희동이로 교체해야겠다고 생각하고 있었는데, 나도 홈런을 칠 줄은 몰랐다. (몬스터월이) 높으니까 끝까지 보고 있었는데 넘어가더라. 그게 컸다""고 돌아봤다. 이호준 감독은 ""꼬맹이가 타석에서 '왔다' 싶은 볼은 스윙을 대차게 돌린다. 생각보다 잘 안 속는다. 신인 치고는 정말 공을 잘 보는 선수다""라고 칭찬했다. /thecatch@osen.co.kr"
2026.07.09 17:59,"히우라·데이비슨 후반기 활약 기대 UP 설종진 키움 감독 ""선발 로테이션...",마이데일리,"[마이데일리 = 수원 류한준 기자] ""확실히 다르긴 하네요."" 설종진 키움 히어로즈 감독은 사령탑으로 첫 시즌을 보내고 있다. 그는 히어로즈 퓨처스(2군) 팀 지휘봉을 오랜 기간 잡았다. 이에 앞서 지난 2008년부터 구단 매니저, 육성팀장, 잔류군 투수코치 등을 거치며 현장 프런트와 코칭스태프 경험을 쌓았다. 그러다 지난 시즌 도중인 7월 1군 감독대행을 맡았고 9월 1군 정식 감독이 됐다. 설 감독은 9일 수원 케이티위즈파크에서 열리는 KT 위즈와 원정 경기에 앞서 현장 취재진과 만난 자리에서 1군 지휘봉을 잡은 뒤 치른 전반기 소회를 밝혔다. 그는 ""감독대행 때와는 다른 점이 분명히 있다""며 ""선수들에 대해 살펴야하고 피드백을 주는 횟수가 더 늘었다""고 얘기했다. 키움도 이날 경기를 끝으로 전반기 일정을 마무리한다. 선수단 분위기는 밝진 않다. 이날 경기 전까지 4연패 중인데다 시즌 성적도 29승 1무 57패로 최하위(10위)에 머무르고 있어서다. 그래도 긍정적인 부분은 있다. 설 감독은 ""지난 시즌 가장 잘 안됐던 부분 중 하나가 선발 로테이션이었는데 올 시즌에는 그래도 안정적으로 돌아갔다. 라울 알칸타라는 제몫을 충분히 했고 하영민도 로테이션을 거르지 않고 임무를 다했다""고 말했다. 그러면서 ""안우진도 손가락 물집 문제만 제외하면 제몫을 충분히 했다고 본다""며 ""아무래도 공격력이 아쉽다. 특히 득점권 타율이 낮았다는 건 후반기를 앞두고 개선되야할 것 같다""고 덧붙였다. 설 감독은 ""휴식기 동안 이 부분을 다시 한 번 점검하고 잘 분석해보려고 한다""고 얘기했다. 후반기 분위기 반등을 위해 필요한 부분도 언급했다. 설 감독은 ""외국인 타자인 케스턴 히우라와 맷 데이비슨은 전반기 보다는 더 좋은 성적을 낼 거라고 본다""며 ""충분히 좋은 활약을 할 수 있는 선수라고 본다""고 강조했다. 키움은 다른팀들과 견줘 외국인 선수를 투수 2명, 야수 1명이 아닌 투수 1명(알칸타라)과 야수 2명(히우라, 데이비슨)으로 운용한다. 설 감독이 앞서 언급한 팀 공격력을 끌어올리기 위한 선택과 판단이다. 히우라는 지난 5월 기존 외국인 타자인 트렌턴 브룩스를 대신해 키움 유니폼을 입었다. 팀 합류 후 전날(8일)까지 34경기에 나와 타율 0.250(132타수 33안타) 6홈런 20타점을 기록 중이다. NC 다이노스에서 뛸 당시인 2024년 46홈런으로 KBO리그 홈런왕 타이틀을 차지한 경력이 있는 데이비슨은 이미 검증은 끝난 선수다. 그는 키움 유니폼을 입은 뒤 전날까지 출전한 4경기에서 아직 대포를 가동하지 못하고 있지만 언제든 한방을 쏘아올릴 수 있는 기량을 갖췄다. 8일 KT전에서도 2안타를 기록하며 타격감을 끌어올리고 있다. 설 감독은 ""히우라와 데이비슨이 타선에서 좀 더 힘을 내준다면 후반기 팀이 반등하는 데 큰 힘이 될거라고 본다""고 기대했다. 류한준 기자 hantaeng@mydaily.co.kr"
2026.07.09 17:57,"대박! '리그 최강' 삼성 철벽 마무리, 월간 MVP 수상...'ERA ...",스포탈코리아,"[SPORTALKOREA] 김지현 기자= 김재윤(삼성 라이온즈)이 월간 최우수선수(MVP)에 이름을 올렸다. 구단은 ""김재윤이 올곧은병원에서 시상하는 6월 월간 MVP로 선정됐다""고 9일 알렸다. 김재윤은 6월 13경기에 등판해 2승 1패 8세이브, 평균자책점 1.35를 기록하며 압도적인 존재감을 과시했다. 김재윤의 활약상은 지난달에만 그치지 않는다. 시즌 전체로 봐도 압도적이다. 김재윤은 8일 기준 리그 최다인 21세이브를 기록하며 구원왕 경쟁을 이끌고 있다. 여기에 통산 세이브도 214개로 늘려 구대성(은퇴)과 함께 KBO리그 역대 최다 세이브 공동 5위에 오르는 기염을 토했다. 특히 올 시즌 리그 마무리 투수들이 부침을 겪는 가운데 김재윤의 안정감은 더욱 돋보인다. 삼성은 이승민·김재윤의 필승조를 앞세워 상위권 경쟁을 이어가고 있다. 사진=뉴시스, 삼성 라이온즈 제공"
2026.07.09 17:56,"충돌 당사자 깜짝! ""류지혁, 지금 거동이 힘들 정도"" 조기퇴근 결정 →...",스포츠조선,"[대구=스포츠조선 김영록 기자] ""CT 상으론 큰 문제가 없다는데…현장에선 체크만 하고 바로 귀가시켰다."" 천만다행으로 부상은 피했지만, 뜻밖의 충격에 류지혁의 몸이 받는 타격은 무척 크다. 9일 대구 삼성라이온즈파크에서 만난 박진만 삼성 감독은 전날 1루에서 큰 충돌을 겪은 류지혁의 현 상태에 대해 ""움직이기 힘들 정도""라고 표현했다. 류지혁은 전날 대구 LG 트윈스전 6회초 무사 2루 때 LG 구본혁의 희생번트 상황에서 뜻하지 않은 충돌에 직면했다. 2루수였던 류지혁이 1루 커버를 들어갔는데, 투수 백정현의 송구를 순간적으로 떨어뜨렸고, 이를 다시 주우려고 몸을 숙였다가 1루로 달려오던 구본혁의 무릎에 머리를 부딪혔다. 그대로 머리를 감싸쥔 채 한동안 쓰러져있던 류지혁은 몸을 가누지 못해 트레이너에게 업혀 라커룸으로 이동했고, 병원으로 이송됐다. 이후 어지럼증 등 뇌진탕 증상을 호소해 정밀 진단을 받았지만, 다행히 특별한 부상은 발견되지 않았다. 하지만 머리에 큰 충격을 받은 이상 상체 근육이 크게 놀랐다. 박진만 감독은 ""상체가 굉장히 힘든 상태다. 오늘은 치료만 받고 바로 귀가시켰다""고 설명했다. 이날 삼성은 외야수 이성규, 투수 백정현을 1군에서 말소하고 내야수 김재상, 투수 정재훈을 올렸다. 류지혁의 빈 자리를 메울 내야수 한명, 그리고 백정현도 이두근 쪽 불편함이 있어 빠진 자리에 신인 투수 한명을 보강한 모양새다. 일단 류지혁이 엔트리에서 제외되진 않았다. 박진만 감독은 ""일단 올스타 휴식기니까 그동안 휴식을 하면서 지켜보고, 엔트리 제외를 시킬지 여부는 좀더 고민해보겠다""고 설명했다. 전날 굴곡근 손상 부상으로 빠졌던 최지광의 소견은 가장 경미한 '그레이드1'이다. 일단 큰 부상이 아닌 만큼 휴식을 통해 회복을 하면서 향후 복귀 시점을 결정할 예정이다. 한편 이날 LG 더그아웃에서 훈련을 마치고 들어오던 구본혁은 ""류지혁은 이미 조기 퇴근했다""는 말에 깜짝 놀랐다. 전날 경기가 끝난 뒤에도 LG 구단 관계자에게 류지혁의 상태를 물으며 발을 동동 굴렀다고. 구본혁은 ""지금 찾아뵈려고 했는데""라며 아쉬워했다. 대구=김영록 기자 lunarfly@sportschosun.com"
2026.07.09 17:54,'9위 SSG'에 또 대형 악재…에레디아도 어깨 부상 심각,뉴스1,"(서울=뉴스1) 이상철 기자 = 이번 시즌 주축 선수의 부상과 성적 부진으로 9위까지 추락한 프로야구 SSG 랜더스에 또 날벼락이 떨어졌다. 핵심 외국인 타자 기예르모 에레디아의 어깨 상태가 생각보다 좋지 않다. SSG는 9일 서울 잠실구장에서 열리는 2026 신한SOL KBO리그 두산 베어스와 원정 경기를 앞두고 에레디아를 1군 엔트리에서 말소했다. 에레디아 엔트리 제외는 예상된 일이었다. 에레디아는 지난 7일 두산전에서 6회 2타점 2루타를 터뜨려 팀의 4-2 승리를 견인했다. SSG는 이 승리로 지긋지긋한 9연패 탈출에 성공했다. 그러나 에레디아는 이 경기 도중 왼쪽 어깨 통증을 느꼈고, 8일과 9일 경기에 뛸 수 없었다. 에레디아는 왼쪽 어깨 상태가 좋지 않아 관리를 받아왔지만, 이번엔 심한 통증을 호소했다. 병원 검진 결과, 좌측 어깨 회전근개 손상 소견(그레이드 1-2)을 받았다. 현재로선 에레디아의 복귀 날짜는 미정이다. SSG 관계자는 ""에레디아가 올스타 휴식기 치료와 회복에 전념할 계획""이라며 ""확실한 상태 점검을 위해 2주 후 재검진받을 예정이다. 정확한 복귀 일정은 재검진 결과에 따라 확정된다""고 전했다. 2023년부터 SSG 유니폼을 입은 에레디아는 타선의 핵으로, 지난해까지 3시즌 동안 타율 0.342와 OPS(출루율+장타율) 0.893으로 인상적인 활약을 펼쳤다. 수비 능력도 뛰어나 3년 연속 KBO리그 수비상을 받았다. 에레디아는 이번 시즌에도 84경기 타율 0.282(333타수 94안타) 15홈런 75타점 42득점 OPS 0.798로 타선을 이끌었다. 이번 시즌 팀 최다 13연패 수렁에 빠진 데다 최근 9연패를 당하며 9위까지 미끄러진 SSG 입장에선 에레디아마저 이탈해 전력 약화가 불가피해졌다. 후반기 반등을 도모하는 SSG는 '투 트랙'을 추진한다. 에레디아의 빠른 회복에 힘쓰면서 장기 부상을 고려해 '대체 선수'를 물색한다. 다만 SSG는 이미 외국인 선수 교체 카드 2장을 사용했다. 각각 부상과 부진으로 보탬이 안 된 외국인 투수 미치 화이트와 앤서니 베니지아노를 모두 내보내고 새 외국인 투수 토마스 해치, 페드로 아빌라를 영입했다. 이에 SSG는 에레디아의 공백을 메우기 위해 '임시방편'으로 부상 대체 외국인 선수 제도를 활용해야 한다. 이 방법은 에레디아가 6주 이상 진단을 받을 경우에 가능하다. rok1954@news1.kr"
2026.07.09 17:51,"'어깨 부상' SSG 에레디아, 엔트리 말소…""대체 선수 검토""",연합뉴스,"(서울=연합뉴스) 김동한 기자 = 9연패에서 벗어난 프로야구 SSG 랜더스 외국인 타자 기예르모 에레디아의 부상 이탈이라는 악재를 만났다. SSG 구단 관계자는 9일 ""에레디아가 이날 왼쪽 어깨 회전근개 손상 소견(그레이드 1∼2)으로 1군 엔트리 제외됐다""며 ""확실한 상태 점검을 위해 2주 후 재검진을 실시하고, 재검진 결과에 따라 복귀 일정이 확정될 것""이라고 밝혔다. 에레디아는 지난 7일 두산 베어스전에서 4-2로 앞선 9회말 대수비로 교체된 후 전날 경기에도 결장했다. 현재로선 복귀 시점을 장담하기 어려워 SSG가 부상 대체 선수 영입을 검토할 가능성도 있다. 이숭용 SSG 감독은 이날 서울 잠실구장에서 열리는 두산과 방문 경기를 앞두고 ""2주 후에 다시 검진받아야 하겠지만, 아마 그보다 더 오래 걸릴 것 같다""며 ""(부상 대체 선수에 대해) 전반기가 끝난 후 프런트와 상의해 결정할 것""이라고 설명했다. 전반기 구단 사상 역대 최다 연패인 13연패를 기록하고, 최근까지 9연패에 빠져 있던 SSG는 후반기 반등을 위해 마운드와 타선을 재정비한다. 이 감독은 새로 영입한 페드로 아빌라와 토머스 해치 두 외국인 투수를 중심으로 선발 로테이션을 다시 꾸릴 계획이다. 김건우는 2선발, 최민준과 타케다 쇼타는 각각 4, 5선발로 기용될 예정이다. 이 감독은 ""외국인 선발 선수 2명을 1선발과 3선발에 배치하려고 한다. 불펜진을 배려한 차원""이라며 ""김건우는 2선발로 고민하고 있다. 최민준은 19일(4선발)에 나올 가능성이 크고, 타케다는 21일(5선발)에 들어갈 것 같다""고 했다. 이어 그는 ""고명준과 전의산을 후반기부턴 중심 타선에 배치할 생각""이라며 ""경험이 필요한 어린 선수들에겐 과감하게 기회를 주고, 야구장에서 최선을 다하는 모습을 보여줄 것""이라고 했다. moved@yna.co.kr (끝) ▶제보는 카톡 okjebo"
2026.07.09 17:51,"""어떤 질문도 피하지 않겠다""…청문회 출석 예고한 홍명보",한국경제,"홍명보 전 축구대표팀 감독(사진)이 2026 국제축구연맹(FIFA) 북중미 월드컵 조별리그 탈락에 대해 국민에게 재차 사과하며, 대한축구협회 현안 관련 국회 청문회에 출석하겠다는 뜻을 밝혔다. 홍 전 감독은 9일 ‘국민 여러분께 드리는 말씀’이라는 제목의 입장문을 내고 “대한민국 축구를 사랑하고 응원해 주신 모든 국민 여러분께 진심으로 사과드린다”며 “기대와 응원에 보답하지 못해 많은 분께 실망과 상처를 드렸다”고 고개를 숙였다. 홍 전 감독은 오는 22일 열리는 대한축구협회 관련 청문회에 증인으로 채택된 상태다. 그는 “청문회가 열린다면 그 자리는 월드컵 결과에 대해 국민 여러분께 설명드리는 자리라고 생각한다”며 “그 자리에 서야 할 사람도 감독인 저”라고 강조했다. 이어 “국민 여러분 앞에서 어떠한 질문도 피하지 않고 제가 알고 있는 사실을, 있는 그대로 말씀드리겠다”고 덧붙였다. 최근 불거진 ‘도피 논란’에 대해서도 적극적으로 해명했다. 홍 전 감독은 지난달 29일 조별리그 탈락 직후 멕시코 현지에서 사퇴를 발표한 뒤 귀국했으나, 이틀 만에 미국 로스앤젤레스(LA)로 출국해 논란이 일었다. 이에 대해 그는 “결과를 외면하거나 피하기 위한 선택이 아니었다”며 “당시 저와 가족을 향한 협박 등으로 신변 안전에 우려가 있었고, 한 가정의 가장으로서 가족을 지켜야 했기 때문”이라고 설명했다. 한편, 국회 문화체육관광위원회는 이날 전체회의를 열고 ‘대한축구협회 현안 관련 청문회 실시계획서 채택의 건’ 등을 의결하며 증인 13명과 참고인 10명의 명단을 확정했다. 증인으로는 홍 전 감독을 비롯해 정몽규 전 축구협회장, 이임생 전 협회 기술총괄이사 등이 채택됐다. 참고인 명단에는 박지성 FIFA 분과위원회 위원과 현역 국가대표인 손흥민(LAFC), 황희찬(울버햄프턴) 등이 포함됐다. 서재원 기자 jwseo@hankyung.com"
2026.07.09 17:50,'비 안 온다' 전반기 마지막! NC는 토다 불펜 활용하는데 한화는 왕옌...,스포츠조선,"[대전=스포츠조선 이종서 기자] 전반기 마지막 경기. '총력전'보다는 선수 휴식이 우선이었다. 한화 이글스는 9일 대전 한화생명볼파크에서 NC 다이노스와 맞대결을 펼친다. 전반기 마지막 경기. 지난 8일 우천으로 경기가 취소되면서 한화와 NC는 하루 휴식 후 총력전을 펼칠 수 있는 환경이 됐다. 9일 비예보가 있었지만, 경기 개시를 앞두고 해가 뜨면서 정상적으로 경기를 준비할 수 있게 됐다. NC는 8일 선발 투수였던 토다 나츠키를 불펜으로 활용한다. 토다는 올 시즌 15경기에 등판해 4승5패 평균자책점 4.74를 기록하며 NC 선발 한 축을 담당했다. 압도적인 모습은 아니지만, 최근 3경기에서는 모두 6이닝 이상 피칭을 펼쳤다. 한화를 상대로도 기억이 좋다. 5월27일에 등판해 6이닝 2실점으로 호투를 펼친 바 있다. 이호준 NC 감독은 ""이번 선발 등판을 준비하면서 비가 오면 마지막 경기 불펜으로 나갈 수 있다는 이야기를 했다""고 설명했다. 토다는 선발 구창모에 이어 곧바로 나설 예정. 반면, 한화는 8일 선발 투수였던 왕옌청에게 휴식을 주기로 결정했다. 왕옌청은 올 시즌 한화가 믿을 수 있는 선발 카드 중 한 명이었다. 17경기에 등판해 7승3패 평균자책점 3.59를 기록했다. 전반기 휴식없이 꾸준하게 로테이션을 소화했다. 지난 2일 KT전에서 등판한 만큼 일주일 정도 휴식을 취했다. 불펜으로 활용이 가능했지만, 김 감독은 완전한 휴식을 보장했다. 김 감독은 ""이미 휴식을 줬어야 했다. 그래도 본인이 워낙 괜찮다고 해서 휴식없이 전반기를 모두 소화했다""라며 ""그래서 이번 기회에 아예 경기조에서 빼서 자연스럽게 휴식을 취하게 했다""고 이야기했다. 한편 39승2무40패를 기록하고 있는 한화는 전반기 5할 승률 맞추기에 도전한다. 오재원(좌익수)-요나단 페라자(우익수)-문현빈(중견수)-강백호(지명타자)-노시환(3루수)-허인서(포수)-김태연(1루수)-이도윤(2루수)-심우준(유격수)이 선발 출전한다. NC는 김주원(유격수)-권희동(좌익수)-박민우(2루수)-블레인 크림(1루수)-박건우(우익수)-김휘집(3루수)-김형준(포수)-천재환(중견수)-고준휘(지명타자)가 선발로 나온다. 대전=이종서 기자 bellstop@sportschosun.com"
2026.07.09 17:47,"[IS 대구] ""나 때문에 졌다. 서툴렀다"" 박진만 감독의 반성, 왜?",일간스포츠,"""어제는 내 경기 운영이 서툴러서 졌다."" 박진만 삼성 라이온즈 감독이 선발 투수 잭 오러클린의 교체 시기를 돌아보며 반성했다. 박 감독은 9일 대구 삼성라이온즈파크에서 열리는 LG 트윈스와 전반기 최종전을 앞두고 전날(8일) 오러클린의 교체 타이밍에 대해 ""초반 구속이 잘 나왔고, 2스트라이크 이후에 안타를 맞아 내용적으로도 괜찮다고 판단했다. 평소와 다르게 제구력도 큰 문제가 없었다. 제구가 날리는 공도 없었고 구위도 괜찮았다""고 돌아봤다. 이어 ""그래서 조금 더 밀고 나갔는데""라며 ""결국 내 자신이 아쉬웠던 부분""이라고 자책했다. 오러클린은 8일 LG전에서 3⅔이닝 동안 10피안타 5실점으로 시즌 5패(5승)째를 기록했다. 경기 전 박진만 감독은 최근 오러클린이 부진했고, 전반기 잔여 두 경기만 남겨놓아 한 박자 빠른 투수 교체를 예고했다. 오러클린이 초반부터 흔들리면 백정현과 임기영, 미야지 중 한 명을 투입할 것을 시사했다. 그러나 2-2로 맞선 4회 초 2사 후 4연속 안타를 맞고 2-5까지 스코어가 벌어질 동안 오러클린을 마운드에 뒀다. 이날 오러클린의 투구 수는 88개였다. 이종열 삼성 단장은 지난 7일 외국인 투수 교체설에 대해 ""아직 결정된 것은 없지만 3~4명의 후보를 보고 있다""고 인정했다. 맷 매닝의 부상 대체 선수로 3월 중순 삼성 유니폼을 입은 오러클린은 두 차례 연장 계약을 맺었다. 시즌 성적은 17경기 5승 5패 평균자책점 4.86이다. 오는 16일 계약 만료를 앞둔 가운데 지난달 5경기에서 평균자책점 5.79로 흔들렸고, 8일 경기에서 반전의 모습을 보여주지 못했다. 올스타 휴식기, 삼성은 외국인 투수 교체에 더욱 박차를 가할 것으로 보인다. 박 감독은 ""구단에서 (새로운 외국인 투수와 관련해) 최종적으로 협상하고 있는 상태""라고 귀띔했다. 대구=이형석 기자 ops5@edaily.co.kr"
2026.07.09 17:47,[오피셜] '리그 8위' 김태형 감독 결단 내렸다! 투수 2명·내야수 1...,스포탈코리아,"[SPORTALKOREA] 김지현 기자= 리그 8위로 전반기를 마친 롯데 자이언츠가 칼을 빼 들었다. 롯데는 8일 기준 38승 44패 2무(승률 0.463)로 전반기 마지막 경기 결과와 관계없이 리그 8위로 전반기를 마쳤다. 가을야구 진출의 마지노선인 5위 두산 베어스(43승 41패 2무)와 격차는 4경기 차. 9년 만의 포스트시즌 진출을 노리는 롯데는 가장 먼저 선수단 정리에 나섰다. 롯데는 ""지난 8일 투수 박시영, 정선우, 내야수 최항과 면담을 가져 방출을 통보했다""고 9일 밝혔다. 눈에 띄는 이름은 최항이다. KBO리그 통산 홈런 1위 최정(SSG 랜더스)의 친동생으로 알려진 최항은 지난 2012년 SK 와이번스(현 SSG)에 입단했다. 이후 2023년 시즌 종료 후 2차 드래프트를 통해 롯데로 이적했다. 최항은 이적 첫해인 2024년에 72경기에 출전해 타율 0.250(132타수 33안타), OPS 0.596을 마크했다. 하지만 지난해와 올해 총 12경기 출전에 그치는 등 팀 내 입지가 급격히 좁아졌다. 최항의 프로 통산 성적은 388경기 타율 0.267(853타수 228안타) 11홈런 107타점 112득점이다. 베테랑 우완 투수 박시영도 팀을 떠나게 됐다. 2008년 롯데에 입단한 박시영은 불펜의 한 축을 맡다가 2020년 12월 KT 위즈로 트레이드됐다. 2021년 KT의 통합 우승에 일조한 박시영은 2024시즌을 마친 뒤 방출 통보를 받아 친정팀 롯데로 복귀했다. 그러나 지난 시즌 11경기에서 평균자책점 11.05로 부진했고, 올해는 1군에서 등판 기회를 단 한 번도 잡지 못했다. 박시영의 통산 성적은 293경기 10승 14패 1세이브 32홀드 평균자책점 5.58이다. 함께 방출된 투수 정선우는 지난해 육성선수로 롯데 유니폼을 입었으나, 1군 데뷔전도 치르지 못하고 새로운 팀을 찾게 됐다. 사진=뉴시스, 롯데 자이언츠 제공"
2026.07.09 17:41,"‘사령탑 첫해’ 전반기 돌아본 설종진 키움 감독의 다짐 “책임감 크다, ...",스포츠동아,"[수원=스포츠동아 강산 기자] 설종진 키움 히어로즈 감독(53)이 후반기 반등을 다짐했다. 설 감독은 9일 수원 KT 위즈와 원정경기에 앞서 전반기를 돌아봤다. 그는 “다행히 선발투수는 잘 준비해서 5선발 체제로 돌아갔다”면서도 “공격력은 아쉬웠다. 특히 팀 득점권 타율(0.217·10위)이 좋지 않았던 게 아쉽다”고 설명했다. 전반기 키움 선발진은 라울 알칸타라를 중심으로 안우진, 하영민, 박준현, 배동현 등이 기대 이상으로 잘 버텨줬다. 팀 선발투수 ERA는 9위(4.67)지만, 중위권과 격차가 크지 않았다. 그러나 팀 타율(0.234), 득점(295점), 홈런(51개) 등 공격 부문서는 모두 최하위(10위)에 그쳤다. 설 감독은 “올스타 휴식기에 잘 분석하고 재정비해서 후반기를 시작할 것”이라며 “케스턴 히우라, 맷 데이비슨의 외국인타자 2명이 자리를 잡으면 후반기 들어서는 더 좋아질 수 있다. 전반기보다는 후반기에 더 좋은 성적을 거둘 수 있다”고 희망을 노래했다. 설 감독은 지난 시즌 막판 키움의 정식 사령탑으로 선임됐다. 올해가 첫 시즌이다. 감독대행과는 차이가 크다. 그는 “책임감도 더 크고, 신경 써야 할 부분이 많다”며 “전력분석팀과 상의해서 선수들이 잘할 수 있도록 도와야 한다. 부족한 부분을 트레이닝파트, 전력분석팀, 코칭스태프와 상의해서 좋은 경기를 해보겠다”고 다짐했다. 키움은 이날 경기에 앞서 지난 시즌 신인드래프트 전체 1순위로 지명한 2년차 좌투수 정현우(20)를 등록했다. 정현우는 4월 2일 인천 SSG 랜더스전 이후 팔꿈치 부상으로 자리를 비웠다. 지난달부터 실전 투구를 시작했고, 최근 퓨처스(2군)리그 2경기서 3이닝 2실점을 기록했다. 설 감독은 “정현우는 우리 팀의 미래”라며 “계속 2군에 있는 것보다 한 번 1군에 올려서 분위기를 바꿀 필요도 있다. 투수 파트 코치가 직접 불펜투구를 보는 것도 좋을 것 같아 콜업했다”고 설명했다. 수원｜강산 기자 posterboy@donga.com"
2026.07.09 17:41,“감독들은 항상 불안합니다” 김태형 감독 10년 넘게 해보니 드는 생각…...,마이데일리,"[마이데일리 = 부산 김진성 기자] “감독들은 항상 불안합니다.” 롯데 자이언츠는 전반기 막판을 잘 보내고 있다. 최근 10경기 6승4패로 괜찮은 페이스이고, 올 시즌 상대전적서 재미를 못 본 KIA 타이거즈, 두산 베어스, KT 위즈 등을 상대로 잘 싸웠다. 38승44패1무로 8위지만, 5위 두산에 4경기 뒤졌다. 그렇게 큰 격차는 아니다. 김태형 감독은 9일 부산 KIA전을 앞두고 웃더니 “감독들은 항상 불안합니다”라고 했다. 그러면서 “감독들은 항상 그렇지. 항상 좋은 생각을 하려고 하는데 두 가지 생각을 항상 하고 있지”라고 했다. 좋은 생각만 하려고 하지만, 걱정도 되고, 또 플랜B에 C까지 잘 준비해야 한다. 김태형 감독은 “프로선수들에게 자신감이라고 하면 좀 그런데…지금 이 좋은 분위기가 팀 전체의 좋은 분위기로 이어가면서, 선수들이 좀 경기를 잘 풀어가는 것 같다. 타선은 고루고루, 하위타선에서도 좀 쳐주면 좋을 것 같다”라고 했다. 롯데는 안정감 있는 선발진에, 타선의 흐름도 좋다. 김태형 감독은 “지금 중심타선이 그래도 좋으니까. 고승민도 괜찮고, 1~4번에 힘이 있고, 뒤에 (한)태양이나 (박)찬형이가 자기 역할을 너무 잘 해주고 있다. 상황에 따른 대처도 감독이 생각하는 것보다 잘하고 있다”라고 했다. 후반기에 이 분위기를 이어가야 한다. 롯데는 올스타전에 참가하지 않는 선수들의 경우 10일 하루 쉬고 11일부터 훈련에 돌입하다. 김태형 감독은 11일까지 휴식을 줄 수 있다는 여지도 비췄지만, 일단 딱 하루 쉰다. 김태형 감독은 올스타전을 마치고 돌아와 곧바로 훈련을 지휘할 계획이다. 김태형 감독은 “선발이 후반기 끝까지 로테이션이 잘 돌아가고, 야수들도 빠져 있는 선수들이 있다. 그 선수들이 제 역할을 해줘야 한다. 그런데 지금 뛰는 산수들이 주전이잖아요. (나)승엽이 자리에 태양이가 들어간 것인데, 기존 선수들이 잘 해주고 지금 뛰는 선수들이 다 해내고, 투수들 잘 돌아가면 좋은 결과가 나오겠죠. 그런데 뭐 야구가 그렇게 마음대로 되는 건 아니다”라고 했다. 그러면서 김태형 감독은 “투수도 야수도 상황이 안 좋을 때 대처할 수 있는 선수를 준비해놓고, 그만큼 대처할 수 있는 게 가장 중요하다. 어린 선수들은 상대와 한바퀴 돌면…상대가 호락호락하지 않으니까. 주춤할 때 기존 선수들이 와서 해줄 수도 있다”라고 했다. 김태형 감독도 사령탑 생활을 10년 넘게 하면서, 결국 선수단이 위기에 잘 대처하는 게 중요하다는 걸 안다. 그래서 후반기에도 고삐를 바짝 조일 계획이다."
2026.07.09 17:40,"LG가 '부동의 4번'을 포기하다니…문보경 시즌 첫 7번, 염경엽 감독 ...",스포티비뉴스,"[스포티비뉴스=대구, 신원철 기자] LG가 올해 처음으로 문보경을 4번 아닌 타순에 기용했다. 5번도 6번도 아닌 7번이다. 전날(8일) 인상적인 결과를 냈던 이재원과 문정빈은 벤치에서 대기한다. LG 이적 후 삼성 선발 원태인에 7타수 4안타로 강했던 왼손타자 천성호가 선발 라인업에 복귀했다. 염경엽 감독은 ""타격감도 떨어진데다 상대 전적도 안 좋아서, 상대 전적이 좋은 선수를 위로 올렸다""고 설명했다. LG 트윈스는 9일 대구 삼성라이온즈파크에서 열릴 삼성 라이온즈와 경기에 홍창기(우익수)-박해민(중견수)-오스틴 딘(지명타자)-송찬의(좌익수)-박동원(포수)-천성호(1루수)-문보경(3루수)-오지환(유격수)-신민재(2루수)를 선발 라인업에 넣었다. 문보경이 7번까지 내려왔다. 문보경이 선발 출전한 경기에서 4번 아닌 다른 타순에 들어간 것은 전반기 최종전인 9일 삼성전이 처음이다. 오스틴이 지명타자로 나서는 가운데 천성호가 1루수로 선발 출전한다. 염경엽 감독은 경기 전 브리핑에서 ""문보경은 타격감이 떨어진데다 (원태인과)상대 전적도 안 좋아서 내렸다. 상대 전적 좋은 선수를 올렸다. 박동원이 엄청 잘 치고, 천성호도 좋았다""고 말했다. LG 이적 후 원태인을 상대로 천성호는 7타수 4안타, 박동원은 21타수 8안타를 기록했다. 문보경은 2023년 이후 원태인에게 16타수 3안타에 그쳤다. 8일 경기에서 2루타 2개를 친 이재원, 대타로 나와 비거리 148m 장외 홈런을 날린 문정빈은 벤치에서 대기한다. 우타 유망주 중에서는 송찬의만 선발 출전한다. 염경엽 감독은 ""송찬의가 지금 타격감이 좋고, 다른 선수들(이재원 문정빈)보다는 변화구를 잘 따라간다""고 이유를 밝혔다. LG와 삼성은 9일 전반기 1위를 놓고 다툰다. 이 경기를 이긴 팀이 전반기 1위가 된다. 염경엽 감독은 이틀 연투한 김진수를 뺀 모든 투수가 대기한다고 했다. 그러면서 ""손주영은 아웃카운트 5개까지는 쓸 수 있다. 리오스는 이기는 상황에서 1이닝은 던진다""고 말했다. <저작권자 ⓒ SPOTV NEWS. 무단전재 및 재배포 금지>"
2026.07.09 17:39,"“(김)태군이 빠지고 영 힘을 못 쓴다” 2G 연속 부진 네일, 꽃감독 ...",스포츠서울,"[스포츠서울 | 사직=강윤식 기자] “(김)태군이 빠지고 영 힘을 못 쓴다.” KIA 외국인 투수 제임스 네일(33)이 흔들린다. 2경기 연속 투구가 좋지 않았다. 사령탑은 김태군(37)이 부상으로 빠진 걸 원인으로 꼽았다. 물론 ‘에이스’라면 이겨내야 한다. 이범호 감독은 9일 부산 사직구장에서 열린 2026 KBO리그 정규시즌 롯데전에 앞서 “네일은 태군이 빠지고 난 뒤에 영 힘을 못 쓴다. 그런데 에이스는 팀이 제일 중요한 상황에서 포수 안 가리고 베스트로 던져줘야 한다”고 강조했다. 8일 KIA와 롯데의 경기. KIA 선발은 네일이었다. 7일 경기서 대패했던 만큼, 에이스가 좋지 않은 흐름을 끊어주길 바랐다. 기대와 달랐다. 네일은 경기 내내 흔들리는 모습을 보였다. 수비 도움을 받지 못하는 순간도 있었지만, 어쨌든 3.1이닝 5실점은 아쉬울 수밖에 없는 결과다. 2일 SSG전에서도 네일은 좋지 않았다. 5이닝을 채우긴 했지만, 5실점을 했다. 공교롭게도 포수 김태군이 1일 경기를 끝으로 1군 엔트리서 말소된 후 애를 먹기 시작했다. 어느 투수든 호흡이 잘 맞는 포수가 있기 마련이다. 다만 이렇게 차이가 나면 곤란하다. 에이스까지 흔들리니 이 감독의 고심도 당연히 깊다. 현재 KIA는 선발로 쓸 자원이 많다. 그러나 아담 올러를 제외하면 확실히 ‘계산이 선다’고 하기 힘들다. 반면 KIA와 순위 경쟁 중인 팀들은 선발이 괜찮다. 선발 싸움에서 지고 들어가니 경기를 풀어가는 게 쉽지 않다. 이 감독은 “선발이 무너지니까 뭐 한 번 해보지도 못하고 경기가 그냥 넘어간다. 우리가 선발이 강한 편이 아니다. 후반기 제일 걱정하는 부분”이라며 “선발투수들이 어떻게든 5회까지 3점 이내로 막아줘야 그다음이 생긴다. 지금 그러지 못한 경기가 많다”고 털어놨다. 그러면서 “지금 우리가 싸워야 하는 팀들은 선발이 좋게 가는 흐름이다. 선발이 좀 버텨줘야 중간을 활용하든, 작전을 해서 점수를 내든 하는데 시작하자마자 7~8점 줘버리면 따라가기 힘들다. 후반기 로테이션을 어떻게 할지에 대한 걱정이 크다”고 말했다. 한편 롯데에 2연패를 당한 KIA는 3연전 마지막 경기 승리를 위해 김호령(중견수)-박재현(좌익수)-김도영(3루수)-나성범(우익수)-해럴드 카스트로(지명타자)-한준수(포수)-김선빈(2루수)-변우혁(1루수)-박민(유격수)으로 라인업을 꾸렸다. 중요한 선발투수 중책은 ‘대투수’ 양현종이 맡는다. skywalker@sportsseoul.com"
2026.07.09 17:38,"‘어깨 근육 손상’ SSG, 에레디아까지 쓰러졌다…이숭용 감독 “전반기 ...",스포츠동아,"[잠실=스포츠동아 장은상 기자] “2주 후 재검진을 받아봐야 한다네요.” SSG 랜더스 외국인 타자 기예르모 에레디아(35)가 어깨 근육 손상 부상으로 9일 잠실 두산 베어스전을 앞두고 1군 엔트리서 말소됐다. SSG는 이날 에레디아와 이준기를 1군 엔트리에서 제외하고 투수 최민준을 콜업했다. SSG 관계자는 “에레디아는 좌측 어깨 회전근개 손상소견을 받아 올스타 휴식기 동안 치료 및 회복에 전념할 계획”이라고 전했다. 이어 “확실한 상태 점검을 위해 2주 후 재검진을 실시할 예정이며, 향후 정확한 복귀 스케줄은 재검진 결과에 따라 확정될 예정”이라고 설명했다. 2023년부터 SSG 소속으로 활약하고 있는 에레디아는 팀 중심 타선의 핵심 역할을 맡고 있는 타자다. 올해 84경기에서 타율 0.282, 15홈런, 75타점, 42득점 등을 기록하며 KBO리그 4년 차 활약을 이어가고 있었다. 에레디아의 이탈로 SSG는 외인 전력 운영에 또다시 고민이 깊어졌다. SSG는 앞서 올 시즌을 앞두고 재계약을 진행한 미치 화이트가 어깨 부상으로 자리를 비웠을 때, 부상 대체 외국인 투수로 히라모토 긴지로를 영입한 바 있다. 하지만 긴지로가 부진한 모습을 보이자 이후 곧바로 방출했고, 화이트의 부상 공백도 길어지면서 화이트와도 이별했다. SSG는 새 외국인 투수로 토마스 해치를 영입했다. 그러나 끝이 아니었다. 남아 있던 외국인 투수 앤서니 베니지아노를 방출하고 페드로 아빌라까지 새롭게 영입하며 외국인 선수 교체 카드 2장을 모두 사용했다. SSG는 현재 부상 대체 외국인 선수만 영입할 수 있는 상황이다. 이숭용 SSG 랜더스 감독(55)은 “2주 뒤 재검진을 받아야 하는데, 그거보다는 더 오래 걸릴 것 같다”고 말했다. 이 감독은 부상 대체 외국인 타자를 구하는 것에 대해선 “전반기를 마치고 프런트와 논의를 해 결정할 예정”이라고 밝혔다. 잠실｜장은상 기자 award@donga.com"
2026.07.09 17:37,"SSG 어쩌나, '타점 3위' 에레디아 부상 이탈 확정…대체 외인 구할까...",스포티비뉴스,"[스포티비뉴스=잠실, 최원영 기자] 비보다. SSG 랜더스 이숭용 감독은 9일 서울 잠실야구장에서 2026 신한 SOL KBO리그 두산 베어스와의 원정경기를 앞두고 외국인 타자 기예르모 에레디아의 부상 소식을 전했다. 에레디아는 지난 7일 두산전까지 정상적으로 선발 출장했다. 그러나 8일 두산전엔 완전히 결장했다. 8일 경기 전 이숭용 감독은 ""에레디아는 7일 게임 도중 왼쪽 어깨에 통증을 느꼈다. 병원에서 검진을 받는 중이다""며 ""아마 9일까지는 출전이 어려울 것 같다. 대타로도 쉽지 않을 것이다""고 말했다. 이어 ""갑작스레 생긴 부상은 아니다. 원래 왼쪽 어깨가 좋지 않아 계속 관리 중이었다. 웬만하면 빠지는 선수가 아닌데 많이 불편하다고 하더라""고 부연했다. 결국 에레디아는 전력에서 이탈했다. SSG는 9일 에레디아와 투수 이준기를 말소하고 투수 최민준을 엔트리에 등록했다. SSG 구단은 ""에레디아는 왼쪽 어깨 회전근개 손상 소견(그레이드 1~2)으로 엔트리에서 제외됐다. 올스타 휴식기 기간 치료 및 회복에 전념할 계획이다""며 ""확실한 상태 점검을 위해 2주 후 재검진을 실시할 예정이며, 향후 정확한 복귀 스케줄은 재검진 결과에 따라 확정될 전망이다""고 밝혔다. 이날 취재진과 만난 이숭용 감독은 ""에레디아는 그레이드 1~2 소견이 나왔고 2주 뒤에 다시 검사를 받아봐야 한다. 아마 더 오래 걸릴 것 같다""며 아쉬움을 삼켰다. 대체 외인을 찾아봐야 하는 상황인지 묻자 이 감독은 ""전반기를 마치고 프런트와 상의할 것이다. 그 안에 결정이 날 듯하다""고 답했다. 에레디아는 2023년부터 SSG와 동행 중이다. 매년 3할을 훌쩍 넘는 타율을 자랑했다. 올해는 84경기에 출전해 타율 0.282(333타수 94안타) 15홈런 75타점 42득점, OPS(출루율+장타율) 0.798, 득점권 타율 0.336 등을 기록했다. 리그 타점 3위에 올라 있다. SSG는 전반기 마지막 경기인 이번 두산전에 선발투수로 토마스 해치를 앞세웠다. 해치는 올 시즌 미치 화이트의 대체 외인으로 SSG에 입성했다. 6월 14일 KBO리그 데뷔전을 치른 뒤 총 4경기 20⅓이닝서 1승2패 평균자책점 7.08로 고전했다. 이 감독은 ""해치가 잘 던져주면 제일 좋지만, 그렇지 않을 경우에는 최민준을 상황에 따라 써야 할 것 같다. 그래서 콜업했다""며 ""2이닝 정도 맡아줄 수 있는 가장 확실한 카드라 생각한다""고 전했다. 이어 ""전반기가 끝났고, 후반기엔 우리가 할 수 있는 걸 최대한 다 할 것이다. 어린 친구들이 성장할 수 있게끔 해보려 한다""며 ""내년을 바라보며 후반기엔 고명준과 전의산을 중심타선에 배치할 계획이다. 중심타선에서 승부하는 것은 아무래도 다르기 때문이다. 다양하게 고민하며 이길 수 있는 경기에서 최대한 많이 이길 것이다""고 각오를 다졌다. 이 감독은 ""어린 친구들이 경험을 쌓을 수 있도록 과감하게 기회를 더 주고, 야구장에서 최선을 다하는 모습을 보일 수 있게끔 잘 준비하겠다""고 힘줘 말했다. <저작권자 ⓒ SPOTV NEWS. 무단전재 및 재배포 금지>"
2026.07.09 17:36,"키움, 2년차 1순위 좌완 유망주 정현우 콜업…왜 1군 엔트리 1자리는 ...",OSEN,"[OSEN=수원, 길준영 기자] 프로야구 키움 히어로즈 설종진 감독이 정식 감독 첫 시즌 전반기를 돌아봤다. 설종진 감독은 9일 수원 KT위즈파크에서 열린 ‘2026 신한은행 SOL Bank KBO리그’ KT 위즈와의 경기 전 인터뷰에서 “정식 감독을 해보니 감독대행 때보다 더 책임감이 있다. 매일매일 더 신경을 써야하는 부분도 있고 선수들 컨디션 관리도 쉽지 않은 것 같다”고 말했다. 지난해 후반기 감독대행을 맡았고 올해 정식 감독 첫 해를 보내고 있는 설종진 감독은 29승 1무 57패 승률 337 리그 10위를 기록하며 힘든 전반기를 보냈다. “타격에서 득점권 타율이 좋지 않았던 것이 아쉽다. 그 부분을 올스타 휴식기 때 잘 분석해서 보완하려고 한다”고 말한 설종진 감독은 “작년에 선발 로테이션이 많이 흔들렸는데 올해는 나름대로 5선발 체제가 잘 돌아가는 것 같다. 알칸타라도 잘해줬고 안우진도 예상보다 일찍 복귀했다. 하영민도 자기 몫을 해줬고 신인 박준현이 꾸준히 자기 로테이션을 잘 돌고 있다”며 전반기 긍정적인 부분을 짚었다. 키움은 서건창(2루수) 추재현(중견수) 맷 데이비슨(지명타자) 케스턴 히우라(좌익수) 박찬혁(우익수) 최주환(1루수) 김동헌(포수) 권혁빈(유격수) 여동욱(3루수)으로 선발 라인업을 구성했다. 선발투수는 하영민이다. 배동현과 박진형이 1군 엔트리에서 말소됐고 정현우가 콜업됐다. 2025 신인 드래프트 1라운드(1순위) 지명으로 키움에 입단한 정현우는 4월 4일 말소된 이후 95일 만에 1군에 올라왔다. 전반기 마지막 경기에 정현우를 콜업한 설종진 감독은 “오늘 상황을 보고 등판을 결정하겠다. 나간다면 한 두 타자에서 1이닝 정도를 생각하고 있다. 오늘 꼭 등판하는 것은 아니다. 다만 우리 팀에 미래니까 한 번 1군에 불러서 분위기도 바꿔주고 투수코치들이 직접 보는게 좋을 것 같아서 콜업했다”고 설명했다. 1군 엔트리 한 자리를 비워둔 것에 대해 설종진 감독은 “박윤성, 김성진 등 콜업을 생각했지만 아직 몸 상태가 100%가 아니라는 보고를 받았다. 어차피 전반기 마지막 경기이고 무리할 필요는 없기 때문에 한 자리는 그냥 비워두기로 결정했다”고 이야기했다. /fpdlsl72556@osen.co.kr"
2026.07.09 17:35,잘 나가도 웃지 않는 김태형 롯데 감독 “감독은 항상 불안해”,이데일리,"[사직=이데일리 스타in 이석무 기자] 롯데자이언츠가 전반기 막판 상승 흐름을 탔다. 하지만 김태형 감독은 방심하지 않았다. 김 감독은 9일 사직구장에서 열리는 KIA타이거즈와 전반기 마지막 경기 전 취재진과 만난 자리에서 “감독들은 항상 불안하다”며 “좋은 생각과 나쁜 생각 두 가지를 늘 같이 한다”고 말했다. 최근 이틀 연속 경기가 잘 풀려 대승을 거뒀지만 사령탑의 시선은 항상 다음 경기에 집중하고 있다. 롯데는 최근 2경기에서 필승조 소모를 줄이면서도 결과를 냈다. 최준용, 김원중 등 핵심 불펜이 휴식을 취한 점도 긍정적이다. 김 감독은 이날 불펜 운영에 대해 “7, 8, 9회에 나갈 투수들은 정해져 있다”면서 “결국 선발 김진욱이 얼마나 끌어주느냐를 보고 상황에 맞춰 가야 한다”고 말했다. 김 감독은 최근 좋은 흐름의 배경으로 팀 전체 분위기를 꼽았다. 그는 “선수들이 자신감을 갖고 좋은 분위기를 이어가면서 경기를 잘 풀어나가고 있다”고 평가했다. 특히 타선의 짜임새가 좋아진 점을 강조했다. 중심 타선이 버티는 가운데 하위 타선까지 역할을 해주면서 경기력 기복을 줄일 수 있다는 판단이다. 김 감독은 “타선의 기복은 분명히 있을 수밖에 없다”면서도 “하위 타선이 조금씩 쳐주면 괜찮다. 1~4번에 힘이 있고, 뒤에서도 선수들이 상황에 맞는 대처를 해주고 있다”고 말했다. 박찬형, 한동희 등 최근 중심타선에서 좋은 활약을 펼치는 젊은 타자들에 대한 칭찬도 잊지 않았다. 후반기 관건은 결국 대처 능력이다. 현재 부상이나 슬럼프로 2군에 내려가있는 빠져 있는 윤동희, 전준우 등 기존 주전급 자원이 돌아오면 전력의 무게감은 더 커진다. 김 감독은 “어린 선수들이 잘하면 계속 가는 것이고, 상대가 단점을 파고들어 주춤할 경우 기존 선수들이 와서 해줄 수도 있다”고 말했다. 선발진에 대한 평가도 긍정적이었다. 김 감독은 전날 승리투수가 된 선발 나균안에 대해 “너무 잘 던져주고 있다”고 했다. 다만 전날 나균안이 더 던지고 싶다는 뜻을 보였지만 교체한 이유에 대해서는 “조급함이 보였다”며 “굳이 무리할 필요가 없었다”고 설명했다. 이어 “김진욱, 박세웅도 점점 안정감을 찾아가고 있고, 외국인 투수들도 조금씩 안정감을 찾아가는 것 같다”고 했다. 외국인 타자 레이예스에 대해서는 극찬을 아끼지 않았다. 김 감독은 “레이예스는 내가 감독으로 함께한 외국인 타자 중 거의 최고라고 봐야 한다”며 “수비도 나가고, 전 경기를 다 뛴다. 그라운드 밖에서도 묵묵히 자기 일을 하는 선수”라고 애정을 드러냈다. 롯데는 올스타 휴식기에도 긴장을 늦추지 않을 계획이다. 김 감독은 “주전급 선수들은 조금 더 쉬어도 되지만, 어린 선수들은 나와서 훈련해야 한다”고 말했다. 전반기 막판 상승세를 후반기에도 계속 이어가겠다는 의지를 뚜렷하게 전했다. 이석무 (sports@edaily.co.kr)"
2026.07.09 17:34,"“팀이 중요한 상황인데, 포수 누구든 간에”…김태군 사라지니 무너지는 에...",OSEN,"[OSEN=부산, 조형래 기자] 답답할 수밖에 없다. 이범호 KIA 타이거즈 감독은 9일 부산 사직구장에서 열리는 프로야구 정규시즌 롯데 자이언츠와의 경기를 앞두고 전날 등판한 에이스 네일에 대한 아쉬움을 전하면서 사력을 다해 전반기 마지막 경기를 치를 것이라고 강조했다. KIA는 이틀 연속 대패를 당했다. 선발들이 무너졌다. 특히 전날(8일) 에이스 제임스 네일이 3⅓이닝 5실점으로 무너지면서 일찌감치 승기를 내줬다. 전반기 마지막 3연전 총력전을 선언했지만, 선발들이 조기에 무너져버리니 필승조 성격의 투수들을 써 볼 수도 없었다. 네일에 대한 아쉬움이 짙다. 특히 전담포수와도 마찬가지인 김태군이 부상으로 빠진 뒤 부진을 거듭하고 있다. 이 감독은 “태군이 빠지고는 네일이 영 힘을 못 쓴다. 지금 팀이 중요한 상황이고 누가 포수든 간에 베스트로 던져줘야 하는 상황이었다. 그런데 선발이 무너지니까 뭐 한 번 해보지도 못하고 경기가 계속 넘어가는 것 같다”라고 아쉬움을 전했다. 이날 KIA는 양현종이 선발 등판하고 황동하가 뒤에서 대기한다. 두 명의 선발 자원들이 모두 출격할 예정이다. 그리고 1회부터 불펜을 가동시킬 준비를 하고 있다. 이 감독은 “(황)동하도 1회부터 대기하고 있을 것이고 불펜도 1,2회 바로 준비할 생각이다”면서 “(양)현종이에게도 1회부터 전력으로 던져달라고 했다. 점수 차가 벌어지면 따라가는 게 힘드니까 그렇게 준비를 해놓은 상태다”고 전했다. 이어 “현종이와 동하 모두 구위가 뛰어나진 않다. 하지만 상대에 젊은 선수들이 많으니까 변화가 있는 공들을 치기 어려워하지 않을까 생각한다. 현종이가 5이닝에 1~2점 정도로만 막아주면 승산이 있을 것이라고 생각한다”고 힘주어 말했다. /jhrae@osen.co.kr"
2026.07.09 17:32,"'끝까지 충격적인 전반기' SSG, '타격왕 외인'마저 어깨 부상... ...",스타뉴스,"[스타뉴스 | 잠실=안호근 기자] 최악의 전반기를 보낸 SSG 랜더스에 또 다른 악재가 닥쳤다. 올스타 휴식기와 맞물려 공백을 최소화하게 된 것은 불행 중 다행이지만 완벽한 복귀까지는 이 기간으로는 충분치 않을 것으로 보여 고민이 커진다. SSG는 9일 서울 잠실야구장에서 열리는 두산 베어스와 2026 신한 SOL KBO리그 방문경기를 앞두고 ""에레디아가 좌측 어깨 회전근개 손상소견(grade 1-2)으로 엔트리 제외돼 올스타 휴식기 기간 치료 및 회복에 전념할 계획""이라고 밝혔다. 에레디아는 지난 7일 두산전을 마친 뒤 왼쪽 어깨 통증을 호소했다. 8일 경기에 결장하고 병원 검진을 받았는데, 그 결과 비보를 전해들었다. 구단은 ""확실한 상태 점검을 위해 2주 후 재검진을 실시할 예정이며, 향후 정확한 복귀 스케줄은 재검진 결과에 따라 확정될 예정""이라고 설명했다. 에레디아는 2023년부터 4시즌 연속 SSG 유니폼을 입고 뛰고 있는 효자 외국인 타자다. 2024년엔 타격왕에도 올랐을 만큼 빼어난 타격을 자랑하며 통산 타율 0.330을 자랑하고 있다. 올 시즌에도 부상 전까지 팀이 치른 84경기에 전부 출전해 타율 0.282(333타수 94안타) 15홈런 75타점 42득점, 출루율 0.336, 장타율 0.462, OPS(출루율+장타율) 0.798를 기록했다. 특히나 득점권 타율 0.336으로 결정적인 순간 해결사로 나서며 타점 3위에 이름을 올리고 있다. 3년 연속 좌익수 KBO 수비상을 수상할 만큼 빼어난 수비도 빛나는 선수다. 이숭용 감독은 ""2주 후에 재검진을 받는데 아마 그것보단 오래 걸릴 것 같다""고 말했다. 이미 미치 화이트와 앤서니 베니지아노를 각각 토마스 해치와 페드로 아빌라로 교체했다. 더 이상 교체 카드를 쓸 수 없는 상황. 대신 에레디아가 돌아오기 전까지 일시적으로 활용할 수 있는 카드로 눈을 돌리고 있다. 이 감독은 ""전반기 끝나고 프런트하고 상의를 좀 해서 그 안에 결정이 날 것 같다""고 말했다. 확정된 것은 없지만 구단 관계자에 따르면 일시 대체 카드가 될만한 선수를 이미 알아보고 있는 상황이다. 이날 SSG는 정준재(2루수)-김성욱(좌익수)-최정(지명타자)-고명준(3루수)-오태곤(1루수)-채현우(우익수)-최지훈(중견수)-조형우(포수)-박성한(유격수)으로 선발 라인업을 꾸려 상대 선발 투수 잭로그를 상대한다. SSG에선 해치가 나서 시즌 두 번째 승리에 도전한다. 잠실=안호근 기자 oranc317@mtstarnews.com"
2026.07.09 17:29,"'팔꿈치 부상 회복' 키움 정현우, 3개월 만에 1군 복귀",뉴스1,"(서울=뉴스1) 이상철 기자 = 팔꿈치 부상으로 전열에서 이탈했던 프로야구 키움 히어로즈 '2년 차' 투수 정현우가 3개월 만에 1군 복귀했다. 키움은 9일 수원 케이티위즈파크에서 열리는 2026 신한SOL KBO리그 KT 위즈와 원정 경기를 앞두고 정현우를 1군 엔트리에 등록하고, 투수 박진형과 배동현을 말소했다. 지난해 신인 전체 1순위로 프로 무대에 뛰어든 정현우는 18경기 3승7패 평균자책점 5.86의 아쉬운 성적을 거뒀다. 올해는 부상이 발목을 잡았다. 시즌 첫 등판이었던 4월 2일 SSG 랜더스전에서 5이닝 6실점으로 패전을 기록한 정현우는 이후 팔꿈치 굴곡근 부분 손상 진단을 받아 재활에 전념했다. 지난달 말 퓨처스팀(2군)에 합류한 정현우는 퓨처스리그 2경기에 나가 실전 감각을 끌어올렸고, 이날 1군 호출을 받았다. SSG 외국인 타자 기예르모 에레디아가 전반기 마지막 날 어깨 부상으로 1군 엔트리에서 제외됐다. SSG는 좌측 어깨 회전근개 손상 소견을 받은 에레디아와 투수 이준기를 1군 엔트리에서 말소하고, 투수 최민준을 등록했다. 두산은 투수 최주형 대신 일본 출신 아시아쿼터 투수 다카다 다쿠토(등록명 타카타)를 콜업했다. 1위 자리를 놓고 LG 트윈스와 맞대결을 치르는 삼성 라이온즈는 투수 정재훈과 내야수 김재상을 1군에 올렸다. 대신 투수 백정현과 외야수 이성규가 2군으로 이동했다. rok1954@news1.kr"
2026.07.09 17:22,아뿔싸! 52억 마무리 올스타전 못 나갈뻔 했다…아찔 타구 강타→감독도 ...,OSEN,"[OSEN=잠실, 이후광 기자] 프로야구 두산 베어스 클로저가 하마터면 오는 11일 올스타전에 못 나갈뻔 했다. 이영하는 지난 8일 서울 잠실구장에서 열린 2026 신한 SOL KBO리그 SSG 랜더스와의 시즌 9차전에 구원 등판해 1이닝 1탈삼진 무실점 투구로 팀의 7-3 승리를 매조졌다. 이영하는 7-3으로 앞선 9회초 마운드에 올라 선두타자 최정을 9구까지 가는 끈질긴 승부 끝 헛스윙 삼진 처리했다. 후속타자 김재환에게 정타를 허용한 가운데 2루수 이유찬의 멋진 슈퍼캐치에 힘입어 아웃카운트를 1개 더 늘렸다. 이영하는 마지막 타자 전의산의 강습타구에 우측 발등을 강타당하는 불의의 부상을 입었다. 발등을 맞고 튀어오른 타구를 3루수 안재석이 뜬공 처리하며 경기가 종료됐으나 상당한 통증을 호소한 이영하는 절뚝거리면서 선수단과 승리의 하이파이브를 나눠야 했다. 9일 잠실 SSG전에 앞서 만난 두산 김원형 감독은 “정말 깜짝 놀랐다”라며 “전의산 상대로 그냥 슬라이더를 낮게 던지면 될 거 같았는데 포수가 하이존을 요구하는 걸 보고 걱정이 됐다. 아니나 다를까 전의산의 강한 타구에 맞는 걸 보고 큰일났다 싶었다. 어제 경기 끝나고 발등을 봤는데 부어있었다. 다행히 움직일 때 괜찮다고 하고, 오늘도 확인했는데 괜찮다고 하더라”라고 안도의 한숨을 쉬었다. 이영하는 드림 올스타 마무리투수 부문 팬 투표 1위를 차지하며 오는 11일 올스타전 출전을 앞둔 상황. 올스타전에 앞서 진행되는 신한 슈퍼SOL 썸머레이스도 참가가 예정돼 있다. 김원형 감독은 “문제가 생기면 올스타전도 뺄까 했다. 아마 썸머레이스는 빠지지 않을까 싶다”라며 “투수코치가 확인을 한 결과 선수 본인은 오늘도 등판이 가능하다고 하는데 상황을 봐야할 거 같다”라고 우려의 시선을 보였다. 이영하의 부상 직후 태도에 대해서는 엄지를 치켜세웠다. 김원형 감독은 “어제 타구를 아주 강하게 맞았다. 그러면 뒹굴고 눕고 해야하는데 (이)영하는 그런 모습이 없었다. 아픈 티를 내지 않았다. 그런 부분은 선수로서 마운드에서 괜찮은 모습이다”라고 박수를 보냈다. 한편 5연속 위닝시리즈를 노리는 두산은 SSG 선발 토마스 해치 상대 김민석(좌익수) 정수빈(중견수) 박준순(2루수) 양의지(포수) 안재석(3루수) 박찬호(유격수) 김인태(지명타자) 류승민(우익수) 강승호(1루수) 순의 선발 라인업을 꾸렸다. 선발투수는 잭로그다. /backlight@osen.co.kr"
2026.07.09 17:21,"김원형 두산 감독 ""최민석, 곽빈에 자극…선발진이 전반기 소득""",연합뉴스,"(서울=연합뉴스) 김동한 기자 = 프로야구 두산 베어스의 김원형 감독이 두 토종 선발 곽빈과 최민석의 시너지 효과를 흐뭇하게 바라봤다. 김원형 두산 감독은 9일 서울 잠실구장에서 열리는 SSG 랜더스와 홈 경기를 앞두고 ""곽빈 입장에선 최민석의 투구를 보고 '왜 저렇게 당당하게 던질까'라고 생각할 것 같다""며 ""별다른 생각 없이 자기 공을 믿고 던지는 투수처럼 보이기 때문에 곽빈에게도 자극제가 되지 않을까 생각한다""고 말했다. 올 시즌 초반 리그 9위까지 떨어졌던 두산은 곽빈과 최민석이 이끄는 토종 선발진의 힘을 앞세워 5위로 전반기를 마감했다. 최민석은 지난 5일 키움 히어로즈전에 선발 등판해 6이닝 5피안타 1볼넷 6탈삼진 1실점으로 호투하고 시즌 9승(2패)째를 거둬 애덤 올러(KIA 타이거즈)와 다승 공동 선두에 올랐다. 평균자책점도 2.33까지 수치를 낮춰 1위로 도약했다. 이에 질세라 곽빈도 전날 SSG 전에 선발로 나와 7이닝 동안 삼진 7개를 잡고 안타 2개(홈런 1개), 볼넷 1개를 내줘 1실점 해 시즌 8승(3패)째를 따냈다. 1회초 박성한을 상대로 시속 159㎞ 직구를 던져 자신의 최고 구속 기록을 새로 썼고, 올 시즌 전반기 탈삼진 1위(112개)에도 올랐다. 곽빈의 올 시즌 평균자책점은 2.60이다. 2024시즌과(4.24) 2025시즌(4.20)에 비하면 괄목할 만한 발전이 있는 셈이다. 김 감독은 ""무조건 공이 빠르다고 해서 리그를 지배하는 건 아니다. 곽빈도 많은 시행착오를 겪었을 것""이라며 ""요즘은 잡념을 정리하고 팔 스윙을 간결하게 가져가는데, 이게 본인이 최종적으로 찾아낸 모습이 아닐까 생각한다. (앞으로) 더 높은 곳을 바라볼 수 있지 않을까 싶다""고 했다. 이날 경기 결과와 관계없이 리그 5위로 전반기를 마친 김 감독은 전반기 가장 큰 소득으로 선발진을 꼽았다. 두산 선발진의 평균자책점은 3.63으로 리그 1위다. 10개 구단 가운데 유일한 3점대 선발 평균자책점이다. 김 감독은 ""기본적으로 선발투수 5명이 큰 부상 없이 로테이션을 돌아준 것이 팀 전체 마운드 안정으로 이어졌다""며 ""시즌 초반을 생각하면 걱정이 많았는데, 투수 쪽에서 잘해줘 전반기에 좋은 성과를 가져갈 수 있었다""고 말했다. moved@yna.co.kr (끝) ▶제보는 카톡 okjebo"
2026.07.09 17:21,"명가 부활 삼성, 왕조 도전 LG…1300만 시대 이끌까",국민일보,"올해도 프로야구 흥행 열기는 식을 줄 모르고 있다. 가장 가파른 속도로 관중을 끌어모은 KBO리그는 사상 첫 1300만 관중 시대를 바라보고 있다. 전반기 내내 치열한 선두 경쟁을 펼친 삼성 라이온즈와 LG 트윈스가 역대급 관중몰이를 주도했다. 2026 KBO리그는 전반기 마지막 날인 9일까지 763만3775명의 관중을 불러 모았다. 전반기 기준 역대 최다 기록이다. 현재 추세라면 시즌 최종 관중은 1296만3014명에 이를 전망이다. 지난해 세운 최다 관중(1231만2519명)을 넘어 한국 프로스포츠 최초의 1300만 관중 시대도 가시권에 들어왔다. 전반기 마지막까지 1위 쟁탈전을 벌인 삼성과 LG가 흥행의 선봉에 섰다. LG는 전반기가 끝나기도 전에 홈 관중 100만명을 돌파했다. 43경기 만에 달성한 최소 경기 기록이다. 삼성도 경기당 홈 평균 관중 2만3245명으로 LG에 이어 2위에 올랐다. 삼성은 가장 최근 정규시즌 1위를 차지했던 2015년 이후 11년 만에 순위표 꼭대기에서 전반기를 마무리했다. 전반기 마지막 LG와의 미리 보는 한국시리즈를 위닝시리즈로 장식하며 선두를 탈환했다. 지난해 아쉬움을 남겼던 타선과 불펜이 한층 안정됐다. 10년 만에 복귀한 최형우와 김재윤이 투타에서 중심을 잡았다. ‘디펜딩 챔피언’ LG는 올 시즌에도 강팀의 면모를 과시했다. 부상 악재와 외국인 투수 교체, 홍창기와 신민재 등 주축 타자들의 부진 속에서도 무너지지 않았다. 앤더스 톨허스트와 라클란 웰스, 임찬규가 ‘원투쓰리 펀치’를 형성했고, 한국 무대 4년 차 오스틴 딘은 리그를 대표하는 타자로 거듭났다. 이번 시즌 처음 시행된 아시아쿼터의 성패도 전반기 주요 관전 요소였다. 웰스와 한화 이글스 왕옌청, 키움 히어로즈 카나쿠보 유토를 제외하면 대부분 기대에 미치지 못했다. 롯데 자이언츠와 KIA 타이거즈, 두산은 일찌감치 아시아쿼터 교체를 단행했다. 굵직한 대기록도 쏟아졌다. 류현진(한화)은 한국 선수 최초로 한·미 통산 200승 고지를 밟았다. 최형우는 통산 최다 안타를 비롯해 첫 4500루타와 1000장타, 1800타점을 잇달아 작성했다. 최정(SSG 랜더스)은 21시즌 연속 두 자릿수 홈런을 쏘아 올렸다. 최원준 기자 1jun@kmib.co.kr GoodNews paper ⓒ , 무단전재 및 수집, 재배포 및 AI학습 이용 금지"
2026.07.09 17:18,"'진짜 울고싶다' 교체권 다 썼는데, 날벼락 떨어졌네 ""대체 선수 검토""...",스포츠조선,"[잠실=스포츠조선 나유리 기자]진짜 이렇게 안풀릴 수가. SSG 랜더스 외국인 타자 기예르모 에레디아의 부상이 장기화 될 것 같다. 구단은 단기 대체를 비롯한 여러 방안들을 검토 중이다. SSG는 9일 잠실 두산 베어스전을 앞두고 외국인 타자 에레디아를 1군 엔트리에서 말소했다. 원인은 어깨 부상이다. 에레디아는 지난 7일 잠실 두산전 도중 교체됐고, 평소에도 좋지 않았던 왼쪽 어깨 통증이 심각해지면서 8일과 9일 결장이 예고됐다. 그런데 상태가 생각보다 더 좋지 않다. 에레디아는 병원 정밀 검진 결과 왼쪽 어깨 회전근개 손상 소견(그레이드 1~2) 진단을 받았다. 일단 2주 후 재검진을 실시할 예정이지만, 손상 정도나 통증을 감안했을때 2주 안에 회복되기는 어려울 것으로 보인다. 9일 두산전을 앞두고 취재진과 만난 SSG 이숭용 감독도 ""2주 후에 다시 검진을 받아봐야 하겠지만, 아마 그것보다 더 오래 갈 것 같다""며 안타까워했다. 10일부터 올스타 브레이크에 돌입하지만, 에레디아의 복귀 시점은 장담할 수가 없다. 당장 대안을 찾아야 한다. 이숭용 감독은 ""이제 전반기 끝나고 프런트와 함께 상의를 해서 결정을 해야할 것 같다""며 신중하게 밝혔다. 문제는 SSG가 이미 외국인 선수 교체권 2장을 모두 소진했다는 사실이다. 미치 화이트의 부상 이탈로 단기 대체로 하지모토 긴지로를 영입했다가, 교체권 1장을 소진하면서 토마스 해치를 영입했다. 또 최근 앤서니 베니지아노도 부진을 벗어나지 못하며 두번째 교체권을 사용해 페드로 아빌라를 영입한 상태다. 유일한 방법은 단기 대체로만 새 타자를 영입하는 것 뿐이다. 부상 단기 대체 선수의 경우 포스트시즌에 진출하게 되면 등록이 어렵지만, 현재 9위에 처져있는 팀 상황을 감안했을때 현실적으로 그 외의 방법을 찾기는 힘들다. 그렇다고 외국인 타자 없이 후반기를 치르는 것 역시 버겁다. 잠실=나유리 기자 youll@sportschosun.com"
2026.07.09 17:11,"""비를 안고 하는 시합 부담, 이겨내야""… 한화, 화이트 앞세워 NC전 ...",대전일보,"""비를 안고 하는 시합은 모두에게 부담이지만, 전반기 마지막 경기니 잘했으면 좋겠다."" 한화이글스를 이끄는 김경문 감독은 9일 NC 다이노스와의 홈 경기를 앞두고, 우천취소에 대한 우려감을 내비쳤다. 오후 4시 들어 소강 상태에 접어든 비가 저녁에 다시 예보, 지난 KT 위즈전과 같이 선수단 활약이 리셋될 수 있다는 불안감을 드러낸 것이다. 김 감독은 ""전날에도 경기가 취소되고 비가 엄청 내렸다. 경기를 하다 중간에 우천취소 되는 것은 감독은 물론이고 선수들에게도 부담""이라며 ""날씨 (상태)가 잘 좀 풀릴 거 같으면 막바지 경기인 만큼 물러나서 잘 했으면 좋겠다""고 전했다. 한화는 우천취소 등 이유로 10개 구단 중 잔여경기가 64경기로 가장 많다. 이에 일각에선 게임이 재편성되는 시기와 아시안게임 일정(9월 19일-10월 4일)이 겹칠 시 문현빈, 노시환 등 핵심 선수들 없이 경기를 치러야 한다는 우려도 나왔다. 김 감독도 이에 대비, 나머지 전력들의 경기력 강화를 염두하고 있는 상황이다. 그는 ""상대방도 똑같이 선발 선수들이 빠지니까 괜찮다""면서도 ""아시안게임 전까지 최소 30경기는 소화할 수 있고, 선수 공백에 대해선 미리 대비해 나머지 선수들의 훈련과 연습을 강화할 예정""이라고 전했다. 전날 우천취소된 NC와의 두 번째 경기 선발투수였던 왕옌청의 1군 엔트리 말소도 예고했다. 휴식기를 부여, 이번 경기에 기용하지 않겠다는 입장을 밝혔다. 김 감독은 ""이번 기회에 자연스럽게 휴식을 취해주는 것도 좋겠다 판단했다""며 ""전날 1군으로 올라온 친구들도 있으니 빼도 될 것""이라고 했다. 한화는 이날 오웬 화이트를, NC는 구창모를 앞세워 주중 3연전 마지막 경기를 치른다. 화이트는 지난 LG 트윈스 원정경기에서 111개의 공을 던지며 7회까지 LG 강타선을 무실점으로 묶은 바 있다. 한화로선 첫 경기 아쉬운 패배로 7위 NC에 추격의 틈을 내준 데 이어 전날 우천취소로 설욕의 기회까지 뒤로한 만큼, 승리 확보가 절실한 순간이다. 이날 라인업은 전날 우천취소된 경기와 동일하게 오재원(좌익수)-요나단 페라자(우익수)-문현빈(중견수)-강백호(지명타자)-노시환(3루수)-허인서(포수)-김태연(1루수)-이도윤(2루수)-심우준(유격수) 순으로 이어진다."
2026.07.09 17:02,"미쳤다 '환상 노바운드 송구' 롯데에 이런 보물이→김태형 감독의 극찬 ""...",스타뉴스,"[스타뉴스 | 부산=김우종 기자] 김태형 롯데 자이언츠 감독이 전날(8일) 호수비를 펼친 전민재를 향해 극찬을 아끼지 않았다. 롯데는 9일 오후 6시 30분 부산 사직야구장에서 KIA 타이거즈를 상대로 2026 신한 SOL KBO 리그 정규시즌 홈경기를 치른다. 롯데는 지난 7일 KIA와 전반기 최종 3연전 중 첫 경기에서 10-2로 승리한 뒤 전날에는 11-3 완승을 거뒀다. 이미 위닝시리즈를 예약한 가운데, 시리즈 싹쓸이에 도전한다. 올 시즌 롯데는 전민재가 내야진을 이끄는 핵심 유격수로서 좋은 활약을 펼치고 있다. 특히 전날에는 환상적인 수비를 보여줬다. 롯데가 9-0으로 앞선 5회초. KIA의 공격. 1사 주자 없는 상황에서 롯데 선발 나균안이 주효상을 상대했다. 주효상이 나균안의 초구를 공략했고, 타구는 유격수 깊숙한 방향으로 굴러갔다. 이를 전민재가 달려가며 가까스로 잡아낸 뒤 역동작 상태에서 점프한 채 1루로 송구했다. 포물선을 그리며 날아간 공은 1루수 미트에 정확히 노바운드로 꽂혔다. 그야말로 환상적인 수비였다. 이를 본 롯데 선수들이 더그아웃에서 깜짝 놀라는 모습이 TV 중계화면에 잡히기도 했다. 사령탑인 김 감독은 어떻게 봤을까. 그는 이날 경기에 앞서 전민재의 호수비에 관한 질문에 ""앞서도 몇 개 그런 장면이 나왔다""면서 ""어떻게 봤다기보다는, 정말 (전)민재가 이만큼 올라왔다는 게 느껴진다. 수비에서도 지금 굉장히 안정감 있는 모습을 보여주고 있다. 어떻게 보면 리더가 됐다""며 극찬을 아끼지 않았다. 한편 이날 롯데는 황성빈(중견수), 고승민(1루수), 레이예스(좌익수), 한동희(지명타자), 전민재(유격수), 한태양(2루수), 손호영(우익수), 김세민(3루수), 손성빈(포수) 순으로 선발 타순을 구성했다. 선발 투수는 김진욱이다. 이에 맞서 KIA는 김호령(중견수), 박재현(좌익수), 김도영(3루수), 나성범(우익수), 카스트로(지명타자), 한준수(포수), 김선빈(2루수), 변우혁(1루수), 박민(유격수) 순으로 선발 라인업을 짰다. 선발 투수는 양현종이다. 부산=김우종 기자 woodybell@mtstarnews.com"
2026.07.09 17:02,"'파격' LG 라인업 확 바뀌었다...문보경 7번-오지환 8번, 송찬의 ...",OSEN,"[OSEN=대구, 한용섭 기자] 과연 디펜딩 챔피언은 전반기 1위를 확정하고 올스타 휴식기를 보낼 수 있을까. 프로야구 LG 트윈스는 9일 대구 삼성라이온즈파크에서 삼성 라이온즈는 전반기 마지막 경기를 치른다. 위닝이 걸린 3연전 마지막 경기이자, 올 시즌 전반기 마지막 경기다. 1위 LG는 52승 32패, 2위 삼성은 50승 2무 32패를 기록 중이다. 1경기 차이다. LG는 전날 8-2 역전승을 거두며 하루 만에 1위 자리를 되찾았다. LG는 홍창기(우익수) 박해민(중견수) 오스틴(지명타자) 송찬의(좌익수) 박동원(포수) 천성호(1루수) 문보경(3루수) 오지환(유격수) 신민재(2루수)가 선발 라인업으로 출장한다. 중심타선이 많이 바뀌었다. 붙박이 4번타자 문보경이 7번으로 내려갔다. 송찬의가 4번, 천성호가 6번 타순으로 출장한다. 문보경이 4번에서 밀려난 것은 올 시즌 처음이다. 최근 2경기 연속 2안타를 때린 오지환은 8번으로 내려갔다. 최근 2년간 원태인 상대 성적이 문보경은 타율 1할1푼1리(9타수 1안타), 오지환은 1할8푼8리(16타수 3안타)로 안 좋기 때문이다. 반면 송찬의는 6타수 3안타(타율 .500), 박동원은 16타수 6안타(타율 .375) 천성호는 7타수 4안타(타율 .571)로 좋다. 전날 톱타자 홍창기는 4타수 2안타 1볼넷 2타점, 박해민은 5타수 3안타 1타점을 기록했다. 테이블세터가 6출루를 합작했다. 지난 7일 1군에 콜업된 이재원은 2루타 2방을 때렸는데 벤치 대기다. LG 선발투수는 아시아쿼터 웰스다. 웰스는 올해 14경기 5승 3패 평균자책점 2.77을 기록 중이다. 삼성 상대로는 1경기 5이닝 2실점으로 승리 투수가 됐다. 웰스는 6월에는 5경기 평균자책점 5.01로 조금 부진했다. 지난 3일 한화전에서 6이닝 3피안타 1실점으로 호투했지만 패전 투수가 됐다. /orange@osen.co.kr"
2026.07.09 17:01,"'4연패' KIA 선발 라인업 변화 줬다, 변우혁 1B 배치-리드오프는 ...",스타뉴스,"[스타뉴스 | 부산=김우종 기자] KIA 타이거즈가 연패 탈출에 나선다. KIA는 9일 오후 6시 30분 부산 사직야구장에서 롯데 자이언츠를 상대로 2026 신한 SOL KBO 리그 정규시즌 원정경기를 치른다. KIA는 최근 4연패에 빠져 있다. 지난 7일 롯데와 주말 3연전 중 첫 경기에서 2-10으로 패한 뒤 전날(8일)에도 3-11로 무릎을 꿇었다. 이날 승리를 통해 전반기 유종의 미를 거두고자 한다. 이날 KIA는 김호령(중견수), 박재현(좌익수), 김도영(3루수), 나성범(우익수), 카스트로(지명타자), 한준수(포수), 김선빈(2루수), 변우혁(1루수), 박민(유격수) 순으로 선발 라인업을 짰다. 선발 투수는 양현종이다. 전날과 비교해 박재현과 김호령이 서로 타순을 맞바꿨다. 김선빈까지는 전날과 동일한 타순. 한준수가 포수 마스크를 쓰는 대신 카스트로가 지명타자로 들어갔다. 1루수도 카스트로에서 변우혁으로 바뀌었다. 선발 유격수 역시 박민에서 김규성으로 변화를 줬다. 양현종은 올 시즌 15경기에 등판해 5승 5패 평균자책점 4.05를 기록 중이다. 롯데 상대로는 올 시즌 1경기에 등판해 1승 무패 평균자책점 1.80(5이닝 4피안타 1피홈런 2볼넷 5탈삼진 3실점 1자책점)으로 좋았다. 한편 이날 롯데는 황성빈(중견수), 고승민(1루수), 레이예스(좌익수), 한동희(지명타자), 전민재(유격수), 한태양(2루수), 손호영(우익수), 김세민(3루수), 손성빈(포수) 순으로 선발 타순을 구성했다. 선발 투수는 김진욱이다. 부산=김우종 기자 woodybell@mtstarnews.com"
2026.07.09 16:57,"아직 먼 얘기지만…KT 박영현 AG차출 대체자는 스기모토, 하지만 조건이...",스포츠동아,"[수원=스포츠동아 강산 기자] KT 위즈는 9월 열릴 2026아이치·나고야아시안게임 야구대표팀에 박영현(23), 소형준, 오원석(이상 25) 등 투수 3명을 보낸다. 아시안게임 야구는 9월 21일부터 27일까지 진행된다. 대표팀이 소집되는 시점부터 약 2주간 공백이 불가피하다. 대표팀에 차출된 KT 투수 3명 모두 마운드의 핵심 자원이다. 특히 지난 시즌 세이브 1위(35세이브)에 오른 마무리투수 박영현의 대체자가 마땅치 않은 게 문제다. 아시안게임 기간에 KBO리그 정규시즌 잔여경기를 소화해야 하는 일정상 선발진 운용은 큰 고민이 없다. 하지만 뒷문의 공백은 팀의 승패는 물론 향후 분위기와도 직결될 수 있어 고민이 크다. 이강철 KT 감독은 아시안게임 기간 박영현의 대체자로 아시아쿼터 스기모토 코우키(26)의 마무리 기용을 염두에 두고 있다. 스기모토는 올 시즌 42경기에 등판해 1승2패9홀드, 평균자책점(ERA) 5.44, 39탈삼진, 10볼넷을 기록했다. 구위로 타자를 제압할 수 있는 투수다. 직구 평균구속은 149.2㎞다. 지난달까지 시즌 ERA가 6.05로 썩 좋지 않았지만, 7월 5경기(4.1이닝)서 한층 살아난 모습을 보여줬다. 이 기간 자책점 없이 1승1홀드를 기록했다. 9일은 미출전 선수로 분류돼 전반기를 마감했다. 이 감독은 9일 수원 키움 히어로즈와 전반기 최종전에 앞서 “마무리가 빠지는 게 가장 타격이 크다. 다른 팀은 마무리급 투수가 2명씩 있는데, 우리는 아니다”며 “현재로선 (박)영현이가 빠졌을 때 스기모토를 대체자로 생각하고 있다. 하지만 아직 긴장하는 모습이 자주 보인다. 지금부터 꾸준히 8회에 셋업맨으로 쓰면서 키워야 할 것 같다”고 말했다. 그러면서도 “스기모토가 8회 등판하는 셋업맨으로 조금씩 자리를 잡고 있다”며 “영현이와 함께 잘해주고 있다. 후반기는 버티기 싸움인데 투수들이 더 힘을 내야 한다”고 말했다. 수원｜강산 기자 posterboy@donga.com"
2026.07.09 16:55,"송찬의 올해 첫 4번+문보경 7번타자 출격! 염갈량의 '파격', 전반기 ...",스포츠조선,"[대구=스포츠조선 김영록 기자] LG 트윈스가 전반기 마지막 경기에 파격적인 라인업을 내놓았다. LG는 9일 대구 삼성 라이온즈파크에서 열리는 삼성 라이온즈전을 앞두고 라인업을 발표했다. 홍창기(우익수) 박해민(중견수) 오스틴(지명타자) 송찬의(좌익수) 박동원(포수) 천성호(1루) 문보경(3루) 오지환(유격수) 신민재(2루) 라인업으로 경기에 임한다. 선발은 아시아쿼터 라클란 웰스다. 문보경은 지난해와 올해 LG 부동의 4번타자였다. 문보경이 대타가 아닌 선발출전 기준 7번타자로 라인업에 이름을 올린 건 지난해 정규시즌 마지막 경기였던 10월 1일 NC 다이노스전 이후 처음이다. 올해 기준으론 처음이다. 클린업트리오 또는 6번 타순에 자주 배치되는 오지환의 8번 타순도 보기드문 일이다. 그래도 오지화느이 8번 출전은 올해초 4월 4~5일 키움 히어로즈전 사례가 가장 최근이다. 거듭된 부진에도 염경엽 LG 감독은 오지환을 5~7번 타순에 기용해왔는데, 이번 삼성과의 전반기 마지막 시리즈에서 2경기 연속 2안타를 치며 컨디션을 끌어올린 순간 8번타순에 기용한 점도 이채롭다. 삼성 선발투수가 우완 원태인인 만큼 좌우 타순을 고려하다보니 나온 타순으로 보인다. 반면 올해 잠재력을 터뜨리며 염경엽 감독으로부터 ""주전 한자리 줘야한다. 거의 확정이라고 보면 된다""는 찬사를 받은 송찬의는 당당히 4번타자에 이름을 올렸다. 송찬의는 올해 타율 2할9푼3리 8홈런 33타점, OPS(출루율+장타율) 0.926을 기록중이다. 대구=김영록기자 lunarfly@sportschosun.com"
2026.07.09 16:54,"김원형이 만든 '투수 왕국 두산', 전반기 ERA 1위로 마감 ""부상 없...",스타뉴스,"[스타뉴스 | 잠실=안호근 기자] 반 시즌 만에 두산 베어스의 마운드가 완전히 달라졌다. 김원형(54) 두산 감독 체제에서 이뤄낸 눈부신 변화다. 두산은 9일 서울 잠실야구장에서 열리는 SSG 랜더스와 2026 신한 SOL KBO리그 홈경기를 끝으로 전반기를 마감한다. 86경기에서 43승 41패 2무, 5위로 전반기를 마치게 됐다. 이를 가능케 한 건 단연 투수진의 힘이었다. 지난해 팀 평균자책점(ERA) 4.30으로 6위에 머물렀던 두산은 최종 순위 9위로 뼈아픈 결과를 받아들여야 했다. 시즌을 마친 뒤 부임한 김원형 감독은 86경기 만에 마운드를 완벽히 변신시켰다. 특히나 선발진의 힘이 압도적이다. 최민석은 ERA(2.33)와 다승(9승)에서 가장 높은 순위에 이름을 올렸고 곽빈은 무려 112개의 삼진을 잡아내며 이 부문 1위로 올라섰다. 교체 외인 웨스 벤자민도 ERA 2.71로 완벽히 자리매김했고 두산 2년 차인 잭로그도 준수한 활약을 이어가고 있다. 선발 ERA 3.63으로 10구단 중 유일한 3점대 ERA를 자랑하는 선발진이다. 전반기를 돌아본 김원형 감독은 ""기본적으로 선발 투수 5명이 큰 부상 없이 로테이션을 돌았던 게 전체적인 투수들의 안정감으로 이어진 것 같다""며 ""거기에 이영하나 (김)택연이도 부상에서 돌아오고 (이)용찬이 같은 베테랑들이 중심을 잘 잡아줬다. 초반엔 걱정을 많이 했는데 특히 투수 쪽에서 잘 해줘서 전반기 좋은 성과를 낼 수 있었다""고 흐뭇해했다. 선순환이다. 선발진의 안정은 불펜, 덩달아 야수진에도 힘을 불어넣고 있다. 시즌 팀 타율은 0.269로 아직 6위에 머물고 있지만 6월 이후로는 타율 0.287로 2위다. 김 감독은 ""야수들도 점점 젊은 선수들이 경기를 계속 나가면서 타석에서는 잘해줬다""며 ""수비에서 지표는 안 좋지만 초반보단 덜 긴장해 수비에 나갔을 때 중요한 상황에서도 조금씩 좋아지고 있다. 이런 모습들이 후반기에도 이어졌으면 하는 생각""이라고 설명했다. 두산은 이날 김민석(좌익수)-정수빈(중견수)-박준순(2루수)-양의지(지명타자)-안재석(3루수)-박찬호(유격수)-김인태(지명타자)-류승민(우익수)-강승호(1루수)로 타선을 구성했다. 선발 잭로그가 토마스 해치와 격돌한다. 잠실=안호근 기자 oranc317@mtstarnews.com"
2026.07.09 16:53,"""감독 때문에 졌다""…하루 만에 1위 뺏긴 삼성, 국민유격수는 '내 탓이...",엑스포츠뉴스,"(엑스포츠뉴스 대구, 김지수 기자) 박진만 삼성 라이온즈 감독이 하루 만에 2위로 추락한 책임을 오로지 자신의 게임 운영 실수로 돌렸다. 박진만 감독은 9일 대구 삼성라이온즈파크에서 열리는 2026 신한 SOL KBO리그 LG 트윈스와의 팀 간 11차전에 앞서 ""전날 게임은 나 때문에 졌다. 내 운영이 서툴렀다""며 ""선발투수였던 오러클린이 초반 패스트볼 스피드가 140km/h 후반대까지 잘 나왔다. 안타 허용도 2스트라이크 이후가 많았다. 내용적으로 봤을 때 (승부를 계속해도) 괜찮을 거라고 솔직히 판단했다""고 말했다. 삼성은 지난 2일 창원 NC 다이노스전을 시작으로 3~5일 문학 SSG 랜더스전까지 파죽의 4연승을 질주했다. 선두 LG를 1경기 차까지 추격한 가운데 공교롭게도 전반기 최종 3연전도 LG와 치르는 '미리 보는 한국시리즈' 매치업이 성사됐다. 삼성은 지난 7일 타선 폭발과 에이스 아리엘 후라도의 호투를 앞세워 9-2 대승을 거뒀다. LG를 승차 없이 승률에서 앞서며 2위에서 1위로 올라섰다. 삼성은 기세를 몰아 지난 8일에도 6연승과 전반기 1위 확정을 노렸다. 1회말 2사 1루에서 4번타자 최형우가 선제 2점 홈런을 쳐내면서 초반 분위기도 좋았다. 하지만 삼성은 선발투수 잭 오러클린이 3⅔이닝 10피안타 4탈삼진 5실점으로 난타를 당하며 역전패로 고개를 숙였다. 오러클린은 수비 도움 속에 1회초 1사 2·3루 고비를 넘겼지만, 3회초부터 급격히 흔들렸다. 오러클린은 3회초 2사 후 박해민의 1루수 땅볼 때 빠르게 1루 베이스 커버를 들어가지 못했다. 결국 박해민이 내야 안타로 출루했고, 2루 도루까지 허용했다. 이어 오스틴 딘에 1타점 2루타, 문보경에 1타점 적시타를 맞으면서 2-2 동점이 됐다. 오러클린은 4회초에도 2사 후 오지환을 중전 안타로 1루에 내보낸 뒤 이재원에 1타점 2루타, 구본혁에 우전 안타, 홍창기에 2타점 3루타를 맞으면서 완전히 무너졌다. 박진만 감독은 4회초 2-3으로 LG에 리드를 뺏긴 뒤 불펜 가동 대신 오러클린을 더 믿고 갔다. 남은 아웃 카운트가 한 개 뿐이었던 데다 오러클린의 구위가 나쁘지 않다고 판단했다. 결과론이지만 오러클린이 4회초 3실점을 하면서 게임 주도권이 LG 쪽으로 완전히 넘어갔다. 박진만 감독은 ""오러클린이 전날 (4회초) 제구에도 큰 문제가 없었다. 구위도 괜찮아서 (교체 없이) 밀고 나갔다""며 ""내 자신이 (내린 결정이) 아쉬웠던 부분이 있었다""고 반성했다. 또 ""오러클린이 3회초 2사 후 박해민을 내야 안타로 내보낸 건 투구 직후 3루 쪽으로 중심이 쏠리면서 1루 베이스 커버를 들어가는 타이밍이 늦었다""며 ""1루수 디아즈는 포구가 먼저이기 때문에 공을 잡은 다음 1루 쪽으로 가다보니까 스타트가 늦었다. 2아웃이었기 때문에 거기서 깨끗하게 이닝이 종료됐다면 어땠을까라는 아쉬움이 있다""고 돌아봤다. 한편 삼성은 이날 김지찬(중견수)~박승규(우익수)~구자욱(좌익수)~최형우(지명타자)~르윈 디아즈(1루수)~강민호(포수)~김영웅(3루수)~심재훈(유격수)~양우현(2루수)으로 이어지는 타선을 꾸렸다. 선발투수는 토종 에이스 원태인이 마운드에 오른다. 사진=엑스포츠뉴스 DB 김지수 기자 jisoo@xportsnews.com"
2026.07.09 16:53,‘피스윕-5연패 위기’ KIA 이대로 무너지나…김호령 리드오프-변우혁 선...,OSEN,"[OSEN=부산, 조형래 기자] 시리즈 스윕패와 5연패의 위기다. 이범호 감독이 이끄는 KIA 타이거즈는 9일 부산 사직구장에서 열리는 프로야구 정규시즌 롯데 자이언츠와의 경기에 나설 선발 라인업을 공개했다. KIA는 김호령(중견수) 박재현(좌익수) 김도영(3루수) 나성범(우익수) 카스트로(지명타자) 한준수(포수) 김선빈(2루수) 변우혁(1루수) 박민(유격수)으로 선발 라인업을 꾸렸다. 선발 투수는 양현종이다. 롯데 선발도 좌완 김진욱이다. 우타자 김호령이 리드오프로 전진배치됐고 변우혁 박민 등 우타자들이 선발 라인업에 포진했다. 앞서 2경기에서 각각 2-10, 3-11로 대패를 당하며 4연패를 당한 KIA다. 이날 경기까지 지면 5연패에 시리즈 피스윕으로 전반기를 마무리 해야 한다. /jhrae@osen.co.kr"
2026.07.09 16:53,"“어제는 나 때문에 졌다” 1위 놓친 박진만 감독의 반성, 왜 오러클린 ...",OSEN,"[OSEN=대구, 한용섭 기자] “어제는 나 때문에 졌다” 프로야구 삼성 라이온즈 박진만 감독은 9일 대구 삼성라이온즈파크에서 LG 트윈스와 전반기 마지막 경기, 1위 결정전을 앞두고 전날 패배에 대해 자신의 잘못이었다고 반성했다. 박진감 감독은 9일 경기에 앞서 “어제는 나 때문에 운영이 서툴러서 진 것 같다”고 말했다. 선발투수 오러클린의 교체 타이밍에 대해 “오러클린이 초반 구속을 잘 나왔다. 140km 후반 잘 나왔고, 2스트라이크 이후에 맞았기 때문에 내용적으로 봤을 때는 괜찮다고 판단했다. 안타는 나왔지만 그 상황에서 제구도 큰 문제가 없었다. 약점이었던 제구 날리는 공도 없었고 구위도 괜찮았다. 그래서 조금 더 밀고 나갔던 게, 그런 부분이 내 자신이 아쉬웠던 부분이었다”고 자책했다. 오러클린은 8일 LG전에서 선발 등판해 1회 1사 2,3루 위기는 우익수 김성윤의 정확한 홈 송구로 이닝을 끝내면서 실점없이 마쳤다. 3회 2사 후에 박해민의 1루 내야안타, 오스틴의 2루타, 문보경의 적시타를 맞아 2-2 동점을 허용했다. 4회도 2사 후 연속 안타를 맞아 역전을 허용했고, 2사 1,3루에서 홍창기에게 싹쓸이 3루타를 맞고 2-5에서 교체됐다. 박진만 감독은 7일 경기 전에 불펜 총력전을 언급했다. 오러클런이 6월 들어 체력 부담을 드러내며 구속이 떨어졌고, 구위가 시즌 초반에 비해 떨어졌다. 박 감독은 ""오러클린의 초반 구위를 확인한 뒤 이전과 별반 차이가 없으면 빠른 타이밍에 교체해야 하지 않을까. 흔들린다 싶으면 불펜을 빨리 운영해야 될 것 같다""고 말했다. 오러클린이 초반 흔들린다면, 2번째 투수로는 미야지, 백정현, 임기영 3명 중에서 한 명이 될 거라고 밝히며 불펜 총력전을 언급했는데, 오러클린의 교체 타이밍이 늦었다. 3회 2사 후 박해민의 1루 내야안타 장면도 아쉬웠다. 투수와 1루수 호흡이 안 맞았다. 투수의 1루 베이스 커버가 늦었다. 박 감독은 “오러클린이 투구 후에 3루쪽으로 좀 체중이 쏠리는 바람에 한 바퀴 돌고 출발해서 조금 스타트가 늦었던 것 같다. 그리고 디아즈 선수는 타구를 잡는 게 우선이니까, 잡은 다음에 살짝 이제 포핸드 쪽으로 잡고 가려고 하다 보니까 스타트가 늦었다. 2아웃이었기 때문에 이닝이 깨끗하게 끝나는 시점에서 아쉬운 부분도 있었다”고 말했다. 이어 “투수가 투구에만 우선 집중하고 그 다음 플레이를 해야 되는데 오러클린이 던지는 던지고 나서 체중 이동이나 이런 부분을 조금 어쩔 수 없었던 것 같다”고 덧붙였다. /orange@osen.co.kr"
2026.07.09 16:51,"""안현민 안 빠졌더라면""…전반기 되돌아본 kt 이강철 감독",연합뉴스,"(수원=연합뉴스) 이대호 기자 = 프로야구 kt wiz 이강철 감독이 다사다난한 가운데 3위로 마무리한 전반기를 돌아봤다. 이 감독은 9일 수원 케이티위즈파크에서 열릴 KBO리그 키움 히어로즈전을 앞두고 취재진과 만나 전반기 총평과 후반기 구상을 밝혔다. 이 감독은 ""초반 스타트가 워낙 좋았기에 아쉬움도 남는다""며 ""투수진이 안정적이었다면 치고 올라갔을 텐데, 투수들이 많이 힘들어했던 것이 뼈아프다""고 돌아봤다. 무엇보다 아쉬운 대목은 핵심 전력의 연이은 부상 이탈이었다. 이 감독은 ""안현민, 장성우, 허경민까지 부상 선수가 정말 많았다. 안현민이 안 빠졌다면 어땠을까 하는 생각도 든다""고 아쉬워했다. 하지만 악재 속에서도 팀을 지탱해 준 선수단을 향한 고마움도 잊지 않았다. 이 감독은 ""열악한 상황에서도 백업 선수들과 남아있는 선수들이 팀이 무너지지 않게 잘 버텨줬다""며 공백을 훌륭하게 메워준 선수들에게 깊은 감사를 전했다. 전반기 막판 2∼3경기에서 침체했던 타선이 다시 살아나고, 초반 고전하던 투수진도 확연히 자리를 잡으면서 kt는 상승세 속에 전반기를 마쳤다. 이 감독은 ""연승을 달리며 현재 팀 분위기가 무척 좋다. 투수진의 안정세와 타선의 반등이 맞물려 후반기에는 훨씬 더 좋은 성적을 낼 수 있을 것으로 기대한다""고 힘주어 말했다. kt의 후반기 가장 큰 변수는 아시안게임이다. 소형준, 오원석, 박영현까지 주축 투수 3명이 이탈하는 터라 전력 손실이 크다. 이 감독은 ""그나마 우리 우천 취소가 적어서 아시안게임 기간에 많은 경기를 안 치를 수도 있다""면서 ""선발 투수는 3명으로 돌리고, 임시 마무리 투수 후보는 스기모토 고우키를 염두에 두고 있다""고 밝혔다. 4bun@yna.co.kr (끝) ▶제보는 카톡 okjebo"
2026.07.09 16:51,"""목 못 움직일 정도"" 류지혁 뇌진탕 증세, 1군 말소 없이 귀가 조처....",스타뉴스,"[스타뉴스 | 대구=김동윤 기자] 전날(8일) 수비 도중 강한 충돌로 병원으로 향했던 삼성 라이온즈 내야수 류지혁(32)이 귀가 조처됐다. 삼성은 9일 대구삼성라이온즈파크에서 열린 2026 신한 SOL KBO 리그 정규시즌 LG 트윈스와 홈 경기 선발 라인업을 발표했다. 이날 삼성은 김지찬(중견수)-박승규(우익수)-구자욱(좌익수)-최형우(지명타자)-르윈 디아즈(1루수)-강민호(포수)-김영웅(3루수)-심재훈(유격수)-양우현(2루수)으로 타선을 구성했다. 선발 투수는 원태인. 주전 2루수 류지혁이 선발 라인업에서 제외됐다. 구장도 떠났다. 선수 보호 조치다. 경기 전 박진만 삼성 감독은 ""어제 찍은 CT 영상에서는 큰 문제 없었다. 다만 목이나 어깨가 거의 못 움직이고 거동이 힘들 정도로 상체 쪽이 너무 힘든 상황이라 오늘 출근해 치료만 받고 바로 귀가시켰다""고 설명했다. 전날 대구 LG전 6회초 무사 2루 상황 탓이다. LG 구본혁이 번트 시도한 공을 삼성 투수 백정현이 잡아 1루로 토스했다. 이때 1루 커버를 들어온 2루수 류지혁이 한 번에 공을 잡지 못하면서 충돌이 일어났다. 1루로 전력 질주하는 구본혁의 오른쪽 허벅지 안쪽에 공을 잡으려는 류지혁의 머리가 강하게 부딪쳤다. 류지혁은 한동안 그라운드에서 일어나지 못했고 결국 외야에서 구급차까지 들어왔다. 류지혁은 1루에서 3루 더그아웃까지 걷는 것조차 힘들어했고, 결국 코치에게 업혀 가야 했다. 1군 엔트리 말소는 하지 않았다. 10일부터 15일까지 올스타 브레이크가 있고 6일이면 상태를 지켜보기 충분한 상황이기 때문. 박진만 감독은 ""올스타 휴식 기간에 상태를 확인하면서 후반기 엔트리에 뺄지는 지켜봐야 할 것 같다""고 조심스러운 입장을 밝혔다. 설상가상 다른 선수들의 부상 소식도 잇따라 들렸다. 전날 1군 엔트리에서 말소된 필승조 최지광(28)이 결국 굴곡근 부상을 확정했다. 이날 경기에 앞서서는 좌완 투수 백정현(39)과 외야수 이성규(33)가 말소됐는데 백정현 역시 부상이었다. 그 자리에는 내야수 김재상(22)과 신인 우완 투수 정재훈(19)이 올라왔다. 박진만 감독은 ""최지광은 굴곡근 그레이드 1 소견이 나왔다. 큰 문제는 아니라서 휴식을 취하고 몸 상태에 따라 복귀 시점이 잡힐 것 같다. 백정현은 왼쪽 이두근 쪽이 좋지 않다고 해서 휴식 차원에서 말소했다""라고 했다. 대구=김동윤 기자 dongy291@mtstarnews.com"
2026.07.09 16:51,"김태형 눈치 본 나균안, 하지만 이미 운명은 정해져 있었다… 그래도 흐뭇...",스포티비뉴스,"[스포티비뉴스=사직, 김태우 기자] 올 시즌 롯데 선발진을 지탱한 주역 중 하나인 나균안(28)은 8일 사직구장에서 열린 KIA와 경기에서 안정적인 투구를 하며 승리투수가 됐다. 경기 초반부터 터진 타선도 승리의 주요한 원인이었으나 나균안이 5회까지 단 1점도 내주지 않고 버틴 것도 상당한 지분을 차지했다. 그런데 9-0으로 크게 앞선 6회 조금 흔들렸다. 1사 후 김호령에게 2루타를 맞은 뒤 김도영을 삼진으로 잡아내고 급한 불을 끄는 듯했으나 나성범에게 중전 적시타를 허용했고, 이어 카스트로에게 중전 안타를 맞고 다시 2사 1,2루에 몰렸다. 포수가 한 차례 마운드에 방문했지만 다시 한준수에게 적시타를 허용하고 쫓기는 양상이 만들어졌다. 사실 2사 후고, 여전히 7점을 앞서 있었으며 투구 수는 94개로 한 타자 정도는 더 상대할 수 있는 여력이 남아 있었다. 이에 투수 코치가 마운드에 오르자 나균안은 “감독님 좀 말려달라”고 이야기를 했다. 자신이 6회까지는 책임을 지고 싶은 마음이었다. 그러나 나균안의 그런 의지와 관계 없이 이미 운명은 정해져 있었다. 교체였다. 김태형 롯데 감독은 이미 나균안을 교체하기로 마음을 먹은 상황이었다. 현도훈이 몸을 다 풀고 출격 대기를 하고 있었다. 나균안의 간청에도 불구하고 결정은 달라지지 않았다. 김 감독은 9일 사직 KIA전 전반기 마지막 경기를 앞두고 “투수 코치가 나를 못 말린다”고 너털웃음을 지어 보였다. 나균안이 불안해서가 아니었다. 굳이 무리할 이유가 없다는 판단이었다. 김 감독은 “뭐라 그래야 하나, 급하고 그러니까 꾸역꾸역 힘들어서 더 무리가 올 것 같았다”고 교체 배경을 설명하면서 “쓸데없이 무리할 필요가 없었다”고 당시 상황을 돌아봤다. 김 감독은 “가볍게 탕탕 던지는 게 아니라 계속 어떻게든 빨리 끝내고 싶어서 조급한 게 보였다”고 했다. 7점을 앞서고 있는 상황에서 아웃카운트 하나보다는 나균안이 무리하지 않는 게 더 중요했다는 것이다. 현도훈이 6회 남은 아웃카운트 하나를 잘 막아내면서 롯데는 상대의 추격 흐름을 끊을 수 있었고, 나균안도 추가 실점 없이 승리투수로 직행할 수 있었다. 나균안은 시즌 16경기에서 92⅓이닝을 던지며 5승7패 평균자책점 3.90의 좋은 성적으로 전반기를 마무리했다. 아주 화려한 성적은 아니지만 그래도 롯데 선발진에서 김진욱과 더불어 가장 기복 없이 활약했고 선발 로테이션을 계속 지켰다. 5~6이닝을 꾸준하게 소화한 계산 되는 선발 투수였다. 김 감독도 나균안의 전반기 활약상에 칭찬을 아끼지 않았다. 김 감독은 “나균안이 너무 잘 던져줬다”면서 “김진욱도 잘 던졌고 박세웅도 갈수록 점점 안정감을 찾아가는 것 같다. 용병들도 조금 안정감을 찾아가는 것 같다”면서 선발 투수들의 후반기 활약상도 기대했다. 한편 전반기 마지막 3연전 싹쓸이를 노리는 롯데는 김진욱이 선발로 등판하는 가운데 황성빈(중견수)-고승민(1루수)-레이예스(좌익수)-한동희(지명타자)-전민재(유격수)-한태양(2루수)-손호영(우익수)-김세민(3루수)-손성빈(포수) 순으로 타순을 짰다. 전날 프로 첫 홈런을 신고한 김세민이 선발 3루수로 출전한다. <저작권자 ⓒ SPOTV NEWS. 무단전재 및 재배포 금지>"
2026.07.09 16:49,'안현민이 부상으로 빠지지 않았다면…' 이강철 KT 감독 되돌아 본 전반...,마이데일리,"[마이데일리 = 수원 류한준 기자] ""시즌 출발은 좋았는데…4~5승 정도는 더 할 수 있었다고 봅니다."" 이강철 KT 위즈 감독이 9일 수원 케이티위즈파크에서 열리는 키움 히어로즈와 홈 경기를 앞두고 현장을 찾은 취재진과 만난 자리에서 올 시즌 전반기를 되돌아봤다. 수원 케이티위즈파크에서 열리는 양팀 경기를 포함해 KBO리그는 이날 전반기 일정을 마무리하고 올스타 휴식기에 들어간다. KT는 전날까지 3연승으로 내달리며 47승 1무 35패를 기록, 3위에 자리하고 있다. 만약 이날 키움전에 패하더라고 순위가 바뀌지 않는다. 전반기를 3위를 마치는 셈. 이 감독은 ""이길 수 있었던 경기를 놓친 적이 많았다""며 ""그래서 현재 순위가 조금은 만족스럽지는 않다""고 덧붙였다. KT는 올 시즌 유독 주축 선수 부상이 잦았다. 장성우(포수)를 비롯해 케일럽 보쉴리(투수)가 팀 전력에서 제외됐다. 여기에 타선 한 축을 든든하게 지키던 안현민도 부상으로 결장한 경기가 꽤된다. 이 감독은 ""다친 선수들에 대해선 모두 안타깝고 아쉽지만 특히 안현민이 부상 당하지 않고 시즌 초반부터 지금까지 라인업에 계속 있었다면 좀 더 높은 순위에 있을 수 있지 않았나 싶다. 시즌 초반 우리 팀 1~4번 타순이 정말 좋았다""고 얘기했다. 그러면서 ""그래도 선수들, 코칭스태프, 프런트 등 모두들 고생했고 특히 보쉴리가 다쳤을 때 발빠르게 움직여 대체 선수를 영입해 공백을 최소한 부분에 대해선 정말 고맙다""며 ""부상 선수들이 나왔을 때 권동진, 김민혁 등이 빈 자리를 잘 메워줬다. 백업 선수들 활약도 전반기를 3위로 마칠 수 있는 힘이 됐다""고 강조했다. KT는 보쉴리 대체 선수로 NC 다이노스에서 뛰어 KBO리그를 경험한 로건 앨런을 영입했다. 로건은 지금까지 4경기에 선발 등판해 1패를 기록했지만 22이닝을 소화하며 평균자책점 3.68라는 나쁘지 않은 투구를 보이고 있다. KT는 올스타 휴식기를 마친 뒤 오는 16일부터 잠실구장에서 1위 LG 트윈스와 원정 4연전으로 후반기 일정에 들어간다. 이 감독은 ""후반기는 마운드가 중요하다. 선발진도 그렇지만 특히 중간계투진이 잘 버텨준다면 순위 경쟁에서 밀려나지 않고 좀 더 높은 곳으로 갈 수 있는 여지는 충분하다고 본다""고 자신했다. 류한준 기자 hantaeng@mydaily.co.kr"
2026.07.09 16:49,"“선수로서 괜찮은 모습” 두산 김원형 감독, 공 맞고도 내색 안하는 이영...",스포츠동아,"[잠실=스포츠동아 장은상 기자] “경기 끝나고 봤는데, 부어 있더라고요.” 김원형 두산 베어스 감독(54)은 9일 잠실 SSG 랜더스전을 앞두고 지난 8일 경기를 승리로 마친 뒤 안도의 한숨을 내쉰 사연을 밝혔다. 두산은 8일 SSG전서 선발투수 곽빈의 7이닝 1실점 호투를 앞세워 7-3으로 이겼다. 곽빈에 이어 등판한 박치국은 1이닝 2실점을 기록했지만, 9회초 마운드에 오른 이영하(29)는 1이닝 무실점의 깔끔한 투구를 선보였다. 그러나 김 감독은 이영하의 깔끔한 경기 마무리에도 8일 경기서 한 순간 가슴이 철렁 내려앉았다. 이영하가 전의산을 상대로 9회초 마지막 아웃카운트를 잡는 상황에서 강습 타구에 맞았기 때문이다. 타구는 이영하의 오른 발을 맞고 3루수 방향으로 강하게 튀었고, 3루수 안재석이 공을 그대로 잡으면서 아웃카운트가 올라갔다. 김 감독은 9일 “순간적으로 걱정이 되니까 화가 나더라. 경기 끝나고 (이)영하 상태를 확인했는데, 맞은 부위가 부어 있었다. 그런데도 본인은 움직이는 데 문제가 없다고 했다”고 전했다. 김 감독은 “오늘(9일)도 확인을 다시 했는데 괜찮다고 하더라. ‘올스타전 출전을 빼야 하나’ 이런 생각도 했다. 그런데 본인이 경기도 뛸 수 있다고 해서 다행이라 생각했다”고 말했다. 김 감독은 “확실히 (이)영하는 그런 게 좀 괜찮아 보인다. 마운드에서 그 정도 타구를 맞으면 아파서 뒹굴고 하는데, 그런 모습이 없다. 그건 정말 선수로서 괜찮은 모습”이라고 칭찬했다. 한편, 두산은 올 시즌 전반기를 최종 5위로 마감하게 됐다. 김 감독은 “선발진이 큰 부상 없이 로테이션을 잘 돌아줬던 게 전반기 성과라고 생각한다. 여기에 이용찬, 이영하, 김택연 등 불펜진이 중심을 잘 잡아줬다”고 전했다. 야수진에 대해선 “젊은 선수들이 경기에 계속 나가면서 수비적인 부문에서 덜 긴장하는 게 보인다. 그런 모습들이 후반기에도 계속 이어졌으면 한다”고 말했다. 잠실｜장은상 기자 award@donga.com"
2026.07.09 16:47,"""실망스럽다"" 직설 날린 박진만 감독, 미남 亞쿼터·호주 국대 모두 이별...",마이데일리,"[마이데일리 = 대구 김경현 기자] 올스타전 전후로 일이 일어날까. 삼성 라이온즈 박진만 감독이 의미심장한 메시지를 전했다. 삼성은 9일 대구 삼성 라이온즈파크에서 2026 신한 SOL KBO리그 LG 트윈스와 시즌 12차전 맞대결을 치른다. 김지찬(중견수)-박승규(우익수)-구자욱(좌익수)-최형우(지명타자)-르윈 디아즈(1루수)-강민호(포수)-김영웅(3루수)-심재훈(유격수)-양우현(2루수)이 선발로 출전한다. 선발투수는 원태인. 이성규와 백정현이 말소되고, 김재상과 정재훈이 콜업됐다. 전날(8일) 수비 도중 류지혁이 구본혁의 다리에 안면을 강하게 맞았다. 그대로 트레이너에게 업혀 그라운드를 빠져나갔다. 검진 결과 다행히 큰 부상은 없지만 뇌진탕 증세를 호소했다. 경기 전 박진만 감독은 ""영상에는 큰 문제는 없었다. 그런데 거동이 힘들 정도다. 오늘 체크만 하고 치료 받고 귀가를 시켰다""고 밝혔다. 엔트리에 남은 이유를 묻자 ""오늘 경기가 끝나면 올스타전 휴식기다. 상황을 체크하면서 후반기에 엔트리에 뺄지 지켜보겠다""고 답했다. 미야지 유라가 3구만 던지고 헤드샷 퇴장을 당했다. 앞서 박진만 감독은 이번 삼연전에서 미야지를 주의깊게 보겠다고 말한 바 있다. 사령탑은 ""실망스럽다. 올스타 기간에 여러 방안을 생각하면서 구단도 움직이지 않을까""라고 했다. 미야지는 긴장된 기색을 숨기지 못했다. 박진만 감독은 ""그러면 못 버틴다. 프로 무대에서 긴장감을 갖고 자기 볼을 못 던지면, 케어를 해준다고 되는 것도 아니다. 어제는 아쉬운 부분이 많았다""라고 쓴소리를 했다. 선발 잭 오러클린은 3⅔이닝 10피안타 무사사구 4탈삼진 5실점으로 패전투수가 됐다. 박진만 감독은 ""오러클린으로 갈지, 새로운 외국인이 올지 올스타 기간에 결정이 날 것 같다""고 했다. 삼성은 현재 다방면으로 움직이는 것으로 알려졌다. 교체 타이밍을 한 박자 뒤로 잡았다. 이에 대해 ""어제는 운영이 서툴러서 졌다""며 ""초반 구속이 잘 나왔고 2스트라이크 이후에 계속 맞았다. 내용적으로 봤을 땐 괜찮다고 판단했다. 안타는 나왔지만 제구도 큰 문제는 없었다""고 돌아봤다. 그러면서 ""밀고 나갔던 게 아쉬웠던 부분""이라고 했다. 한편 오러클린과 계약은 오는 16일까지다."
2026.07.09 16:46,"""날 못 말리지"" 왜 김태형은 대쪽같이 에이스 교체했나…""더 던져도 돼,...",스포츠조선,"[부산=스포츠조선 김민경 기자] ""날 못 말리지."" 김태형 롯데 자이언츠 감독이 9일 부산 KIA 타이거즈전에 앞서 전날 에이스 나균안의 투수 교체 뒷이야기를 전해 듣고는 웃음을 터트렸다. 나균안은 8일 KIA전에 선발 등판해 5⅔이닝 94구 7안타 1볼넷 7삼진 2실점 호투를 펼쳐 시즌 5승(7패)째를 챙겼다. 롯데는 11대3으로 크게 이겨 2연승을 달렸다. 다만 나균안은 스스로 투구 내용에 만족하지 못했다. 9-0으로 앞선 6회초 1사 후 김호령에게 우익선상 2루타를 내준 여파가 컸다. 김도영은 삼진으로 잘 처리했지만, 2사 후에 나성범과 해럴드 카스트로, 한준수까지 3타자 연속 안타를 허용해 9-2로 쫓겼다. 김상진 롯데 투수코치가 마운드에 방문했고, 나균안과 한참 대화를 나눈 뒤 투수 교체가 진행됐다. 더그아웃으로 물러나는 나균안은 화가 난 표정이었다. 나균안은 경기 뒤 이유를 묻자 ""그 상황에서 점수차도 있어서 쉽게 갈 수 있었고, 충분히 더 이닝을 끌고 갈 수 있었다. 연속 안타가 나온 게 많이 아쉬웠고, 6회를 마무리하지 못해서 나한테 화가 났다""고 설명했다. 나균안은 이어 ""감독님한테 가서 제발 한번만 말려달라고 코치님께 이야기했다. 어차피 처음 방문한 거니까. 한번만 말려달라고 했는데, 안 된다고 하셨다. 그래도 한번만 말려달라고 하니 감독님이 이미 결정하셨다고 해서 내려오게 됐다. 점수차도 있어서 다음 김선빈 선배 타석까지는 기회를 주실 것이라고 생각했다. 그런데 코치님이 바꾸자고 하셔서 아쉬웠다""고 솔직하게 털어놨다. 김 감독은 ""(투수코치가) 날 못 말리지""라며 웃은 뒤 ""더 던져도 된다. 아무 상관 없다. 그런데 급하니까 꾸역꾸역 힘이 들어가서 무리가 올 것 같더라. 쓸데없이 무리할 필요는 없지 않나. 어떻게든 끝내고 싶어서 조급한 게 보였다""고 설명했다. 나균안은 이미 전반기에 자기 몫 이상을 해냈다. 16경기에서 5승7패, 92⅓이닝, 평균자책점 3.90을 기록했다. 팀 내 이닝 1위. 나균안이 전반기 내내 안정적으로 잘 버텨 줬기에 외국인 원투펀치 엘빈 로드리게스와 제레미 비슬리가 흔들리는 와중에도 선발 마운드가 무너지지 않을 수 있었다. 김 감독은 ""(나)균안이가 잘 던져줬다. (김)진욱이랑 (박)세웅이도 갈수록 안정감을 찾는 것 같다. 나균안과 김진욱이 잘 던져 주면서 외국인 투수들도 안정감을 찾아 갔다""고 칭찬했다. 올해 나균안이 유일하게 욕심내는 것은 이닝이다. 2021년 포수에서 투수로 본격적으로 전향한 이래 한번도 규정이닝(144이닝)을 채워본 적이 없기 때문. 선발투수로서 당연히 욕심을 내야 한다는 의지를 보였고, 전날 투수 교체 장면에서 그 의지가 충분히 느껴졌다. 나균안은 ""첫 번째 목표는 이닝이다. 선발투수가 가져가야 하는 이닝을 조금 길게 많이 던지고 싶다. 규정이닝을 채워 보고 싶은 마음이다. 아직 갈 길이 멀다. 하고 싶은 것도 많고, 이루고 싶은 것도 많고, 목표(규정이닝)도 아직 한참 남았다""고 각오를 다졌다. 한편 롯데는 황성빈(중견수)-고승민(1루수)-빅터 레이예스(좌익수)-한동희(지명타자)-전민재(유격수)-한태양(2루수)-손호영(우익수)-김세민(3루수)-손성빈(포수)으로 전반기 마지막 선발 라인업을 꾸렸다. 선발투수는 김진욱이다. 부산=김민경기자 rina1130@sportschosun.com"
2026.07.09 16:46,“감독님 좀 말려주세요” 나균안의 ‘속마음’…김태형 감독의 유쾌한 대답 ...,스포츠서울,"[스포츠서울 | 사직=강윤식 기자] “투수 코치가 나를 못 말리지” 롯데 김태형(59) 감독이 유쾌하게 웃었다. 전날 선발투수 나균안(28) 덕분이다. 나균안은 6이닝을 채우고 싶은 마음이 컸다. 교체하러 올라온 김상진(56) 투수코치에게 김 감독을 ‘말려달라’고 했다. 그러나 김 감독에겐 ‘통하지’ 않는다. 8일 부산 사직구장에서 열린 2026 KBO리그 롯데와 KIA의 경기. 롯데가 11-3으로 승리했다. 선발투수 나균안이 제 몫을 해줬다. 5.2이닝 2실점이다. 데뷔 후 한 번도 KIA를 상대로 승리투수가 된 적이 없다. 이날 마침내 그 악연을 끊는 데 성공했다. 다만 본인은 100% 만족하지 않는다. 6이닝을 채우지 못한 게 못내 아쉽다. 나균안은 “감독님을 제발 한 번만 말려달라고 했다. 그랬는데 코치님이 ‘안된다. 감독님이 이미 결정하셨다’고 했다”며 “그래서 내려왔다. 처음 올라오시고 점수 차이도 났다. 그래서 김선빈 선배 타석까지 기회 주실 줄 알았다. 조금 아쉬웠다”고 멋쩍게 웃었다. 9일 경기 전 해당 에피소드를 사령탑에게 전했다. 김 감독은 “투수코치가 나를 못 말리지”라며 유쾌하게 말했다. 이어 “다음에 (주자) 더 나가면 무조건 바꾸라고 했다. 잘 바꿨다”며 웃었다. 물론 교체엔 이유가 있다. 단순히 맞아서 바꾼 게 아니다. 나균안의 마음이 급해지는 걸 느꼈다. 그러면서 힘이 들어간다고 판단했다. 무리할 시기가 아닌 만큼, 교체를 결정했다. 김 감독은 “거기서 더 던져도 되긴 한다. 아무 상관 없다. 그런데 급해지니까 꾸역꾸역 힘이 들어가는 느낌이었다. 무리가 올 것 같다. 쓸데없이 무리할 필요는 없지 않나. 가볍게 딱딱 던져야 하는데, 어떻게든 빨리 끝내고 싶어서 조급한 게 보였다. 빼는 게 나을 것 같았다”고 설명했다. 그래도 나균안에겐 고마운 마음이 크다. 올시즌 내내 선발 로테이션을 잘 지켜주고 있기 때문이다. 동시에 사령탑은 김진욱과 박세웅, 그리고 최근 반등에 성공한 외국인 투수 엘빈 로드리게스와 제레미 비슬리도 칭찬했다. 김 감독은 “(나)균안이는 너무 잘 던져주고 있다. (김)진욱이도 좋고, (박)세웅이도 갈수록 안정감을 찾고 있는 것 같다. 외국인 선수들도 안정감 찾고 있다”며 만족했다. skywalker@sportsseoul.com"
2026.07.09 16:45,[IS 대구] '이럴 수가' LG 문보경 7번-오지환 8번 타순까지 내려...,일간스포츠,"LG 트윈스 4번 타자 문보경이 7번 타순까지 내려갔다. 염경엽 LG 감독은 9일 대구 삼성라이온즈파크에서 열리는 삼성 라이온즈전에 홍창기(우익수)-박해민(중견수)-오스틴 딘(지명타자)-송찬의(좌익수)-박동원(포수)-천성호(1루수)-문보경(3루수)-오지환(유격수)-신민재(2루수) 가장 눈에 띄는 부분은 문보경이 7번 타순 배치다. 문보경은 전날까지 올 시즌 4번 타자로만 선발 출장했다. 지난달 타율 0.194로 부진했고, 이달 역시 타율 0.240으로 안 좋다. 이날 삼성 선발 투수 원태인을 상대로는 최근 5년(2022년 이후) 타율 0.158로 좋지 않다. 또한 최근 10경기에서 타율은 0.160으로 좋지 않지만 두 경기 연속 멀티 히트(한 경기 2안타 이상)를 기록한 오지환도 타순이 8번 타순까지 내려갔다. 대신 송찬의가 4번 타순에 배치됐다. 또한 천성호가 오스틴을 대신해 1루수로 선발 출장한다. 천성호는 올 시즌 원태인에 5타수 3안타 2타점으로 강했다. 전날 결승타를 포함해 2루타 2개를 기록한 이재원은 벤치에서 대기한다. 이날 LG 선발 투수는 아시아쿼터 투수 라클란 웰스다. 대구=이형석 기자 ops5@edaily.co.kr"
2026.07.09 16:43,"“순리대로 해도 좋아, 어제 투수 다 썼지만…” 거짓말 같이 그친 비, ...",OSEN,"[OSEN=수원, 길준영 기자] 프로야구 KT 위즈 이강철 감독이 거짓말처럼 맑아진 하늘을 보며 기분 좋게 농담을 했다. 이강철 감독은 9일 수원 KT위즈파크에서 열린 ‘2026 신한은행 SOL Bank KBO리그’ 키움 히어로즈와의 경기 전 인터뷰에서 “오늘은 경기를 안 할 줄 알았는데 신기하다”며 웃었다. 기상청은 이날 전국에 장맛비가 내릴 것으로 예보했다. 실제로 수원에는 지난 8일 밤부터 많은 비가 내렸다. 하지만 오후가 되면서 비가 그쳤고 이제는 그라운드에 햇빛이 비칠 정도로 야구를 하기 좋은 날씨가 됐다. KT는 9일 경기가 끝나자마자 그라운드에 방수포를 설치하며 강우에 대비를 했고 이에 오전까지 폭우가 내렸지만 경기 개최에는 문제가 없을 전망이다. 이강철 감독은 “아침에 비가 창문을 두드릴 정도로 많이 왔다. 오늘은 쉴 줄 알았는데 아쉽다”고 말했다. 다만 전반기 마지막까지 경기를 하는게 KT 입장에서는 나쁘지 않다. 최근 3연승을 달리며 기세를 올리고 있기 때문이다. “쉬고 싶다는 것은 농담이다. 우리는 순리대로 해도 괜찮다”며 웃은 이강철 감독은 “그런데 어제 불펜투수들을 다 쓰긴 했다. 오늘 쉬어도 나쁠 건 없다”고 덧붙였다. KT는 이날 오원석이 불펜에서 대기한다. 연투를 한 스기모토 코우키는 휴식을 취할 예정이다. KT는 올 시즌 47승 1무 35패 승률 .573을 기록중이다. 이날 경기 결과에 상관 없이 이미 전반기 3위가 확정된 상태다. 이강철 감독은 “처음 스타트에 비하면 아쉽다”면서도 “안현민, 장성우, 허경민, 류현인 등 부상 선수가 많았는데 이정도면 잘 버텼다고 생각한다. 전반기는 70점 정도 주고 싶다”며 전반기를 돌아봤다. “보쉴리가 부상을 당했을 때 프런트에서 바로 대체 선수를 구해주면서 공백을 최소화 했다. 빠르게 움직여 준 프런트에게 감사하다”고 말한 이강철 감독은 “그리고 선수들이 가장 고생 많았다. 전반기를 잘 버텨줘서 고맙다”고 전반기 3위를 위해 노력해준 프런트와 선수들에게도 고마운 마음을 전했다. /fpdlsl72556@osen.co.kr"
2026.07.09 16:43,"“이번엔 정말 달라질까”…NC, 강기윤 창원시장 첫 회동 ‘시설 개선’ ...",스포츠서울,"[스포츠서울 | 김민규 기자] “이번에는 말이 아닌 진짜 실천이 필요합니다.” NC 구단 사정을 잘 아는 관계자의 진심이다. NC가 새롭게 취임한 강기윤 창원특례시장과 첫 공식 만남을 갖고 창원NC파크 시설 개선을 비롯한 주요 현안을 논의했다. 그동안 수차례 반복됐던 ‘협의’를 넘어, 이번에는 실질적인 ‘변화’로 이어질 수 있을까. NC 구단에 따르면 8일 창원시청에서 강 시장과 첫 공식 회동을 가졌다. 이날 자리에는 강 시장과 NC 이진만 대표를 비롯한 관계자들이 참석해 상견례를 겸한 첫 공식 대화를 나눴다. 이번 만남은 지난 6·3 전국동시지방선거를 통해 새롭게 취임한 강 시장과 구단이 처음으로 마주 앉은 자리다. 단순한 인사를 넘어 창원NC파크 시설 관리와 팬 편의시설 개선, 구단 운영과 관련한 주요 현안을 폭넓게 논의하는 시간이 됐다. NC는 그동안 연고지 창원시와 구장 시설 관리, 팬 편의시설 확충, 운영 지원 등을 놓고 꾸준히 협의를 이어왔다. 그러나 팬들이 체감할 만한 변화는 기대에 못미쳤다. 때문에 새 시장 취임 이후 첫 공식 만남은 어느 때보다 의미가 크다. 이 대표는 “오늘은 새롭게 취임하신 시장님과 첫 공식 만남을 갖는 자리였다”며 “주요 현안에 대해 서로의 의견을 직접 확인할 수 있었고, 시설 관리와 구단과의 기존 협의 사항에 대해 책임감 있는 지원을 약속해주신 강기윤 시장님께 감사드린다”고 밝혔다. 이번 만남을 계기로 양측은 필요한 현안에 대해 지속적으로 협의를 이어갈 계획이다. 다만 무엇보다 팬들이 바라는 것은 반복되는 ‘회의’가 아니가 실질적인 ‘변화’다. 경기장을 찾는 팬들이 체감할 수 있는 교통 편의시설 확충과 안전, 운영 시스템 개선은 더 이상 미룰 수 없는 과제로 꼽힌다. 이번 만남이 창원NC파크를 둘러싼 오랜 숙제를 해결하는 출발점이 될 수 있을지 관심이 쏠린다. kmg@sportsseoul.com"
2026.07.09 16:41,"한화 '대만 특급 좌완', 9일 NC전 1+1 출격 없다→""휴식 더 빨리...",엑스포츠뉴스,"(엑스포츠뉴스 대전, 김근한 기자) 한화 이글스 '대만 특급 좌완' 왕옌청이 전반기 마지막 경기 등판 없이 올스타 휴식기에 돌입한다. 한화는 9일 대전 한화생명볼파크에서 2026 신한 SOL뱅크 KBO리그 NC 다이노스전을 치른다. 앞서 한화는 지난 8일 대전 NC전을 우천에 따른 그라운드 사정 취소로 치르지 못했다. 한화는 지난 8일 경기 선발 투수로 왕옌청을 예고했다. 9일 경기 선발 투수는 오웬 화이트가 나서는 가운데 왕옌청이 '1+1' 형태로 붙을지 주목되는 분위기였다. 하지만, 왕옌청은 9일 경기에서 등판 없이 미출전 선수로 휴식을 취할 예정이다. 한화 김경문 감독은 9일 경기 전 취재진과 만나 ""(왕옌청은) 휴식을 더 빨리 주고 싶었는데 이번 기회에 오늘 아예 (출전 선수 명단에서) 빼 버렸다. 올스타 휴식기와 맞물려서 자연스럽게 휴식을 취해주는 게 좋지 않겠나 싶었다""고 전했다. 왕옌청은 올 시즌 전반기 17경기(85⅓이닝)에 등판해 7승3패 평균자책 3.59, 71탈삼진, 38볼넷, 이닝당 출루 허용률(WHIP) 1.49로 맹활약했다. KBO리그 아시아쿼터 도입 첫 해 가장 빛나는 활약상을 보여주고 있다. 1군 무대에서 첫 풀타임 선발 시즌을 소화하고 있기에 이번 장기 휴식이 큰 힘으로 작용할 전망이다. 한편, 한화는 9일 NC전에서 오재원(좌익수)~요나단 페라자(우익수)~문현빈(중견수)~강백호(지명타자)~노시환(3루수)~허인서(포수)~김태연(1루수)~이도윤(2루수)~심우준(유격수)으로 이어지는 선발 타순을 앞세워 NC 선발 투수 구창모와 맞붙는다. 이날도 문현빈은 주 포지션이 중견수인 오재원 대신 외야 센터 라인을 책임진다. 문현빈이 전반기 막판 중견수로 자리 잡아 가는 것에 대해 김 감독은 ""수비는 아무리 잘하는 선수도 실수한다. 그런데 애매한 타구가 갔을 때 잡아내면은 파인 플레이로 되는 것""이라며 ""어린 선수가 포지션이 왔다갔다 하는 게 첫째로 싫었다. 그리고 현빈이가 뛰면서 그렇게 못한다고 생각은 안 드니까 계속 중견수로 밀어붙이는 것""이라고 설명했다. 사진=엑스포츠뉴스 DB 김근한 기자 forevertoss88@xportsnews.com"
2026.07.09 16:39,"“야 바꿔 그러면 바꾸는 거지, 내가 굳이 걔 마음을…” 투수코치는 김태...",마이데일리,"[마이데일리 = 부산 김진성 기자] “감독님 제발 한번만 말려달라고…” 롯데 자이언츠 나균안은 8일 부산 KIA 타이거즈전서 5⅔이닝 7피안타 1볼넷 7탈삼진 2실점으로 시즌 5승(7패)을 챙겼다. 김상진 투수코치가 굳이 경기 중에 마운드에 방문을 하지 않았을 정도로 잘 던졌다. 주무기 포크볼에 커터까지 효과적으로 구사했다. 그런데 6회에 연속안타를 맞고 2실점했고, 2사에 위기가 계속됐다. 김태형 감독은 김선빈 타석에서 나균안을 내렸다. 이때 나균안은 마운드를 방문한 김상진 코치에게 위와 같이 애원했다. 그리고 자신에게 화가 났다고 털어놨다. 잘 던졌는데 6회에 조금 흔들린 것에 대한 아쉬움이었다. 김태형 감독은 이미 스코어가 7점차로 벌어졌고, 나균안이 약한 급한 모습이 보였다며 교체를 지시했다. 9일 부산 KIA 타이거즈전을 앞두고 그 결정을 두고 미소를 보이며 “잘 바꿨지 뭐. 더 던지면 뭐할 거야”라고 했다. 나균안이 김상진 코치에게 김태형 감독이 자신을 교체하기로 한 결정을 ‘말려달라’고 한 사연도 알려졌다. 김태형 감독은 또 웃더니 “코치가 날 못 말리지”라고 했다. 경기 중 모든 최종 결정권은 감독에게 있다. 코치가 건의할 수 있어도 감독이 결정하고 감독이 책임지는 게 맞다. 또 김태형 감독의 카리스마와 통제력은 코치들에게도 강한 영향을 미친다. 김태형 감독은 “거기서 더 던져도 돼. 아무 상관없어. 그런데 뭐라 그래야 하나. 급하고 그러니까…꾸역꾸역 힘들어가서 무리가 올 것 같더라고. 쓸데없이 무리할 필요 없잖아요. 가볍게 탕탕 던져야 하는데 빨리 끝내고 싶어서 막 조급한 게 보였다. 그냥 빼 주는 게 나을 거 같았다”라고 했다. 그러면서 김태형 감독은 또 웃더니 “내가 ‘야 바꿔’ 그러면 바꾸는 거지, 내가 굳이 걔 마음을…”이라면서 “뭐 더 던지고 싶은지 투수코치에게 물어보라고 할 때는 있지. 그런데 내가 다음에 주자 나가면 바꾸라고 딱 말하면 바꾸는 거죠. 잘 바꿨지 뭐. 더 던지면 뭐할 거야”라고 했다. 그래도 나균안 칭찬을 잊지 않았다. 김태형 감독은 “균안이가 전반기에 너무 잘 던져줬다. (김)진욱이도 그렇고, 세웅이도 갈수록 안정감을 찾아가는 것 같고. 그러면서 외국인투수들도 좀 안정감을 찾아가는 것 같다”라고 했다."
2026.07.09 16:38,"""동희가 더 겁나지""…'역대 최초' 3년 연속 안타왕 도전, 드디어 단짝...",OSEN,"[OSEN=부산, 조형래 기자] “동희가 더 겁나지.” 프로야구 롯데 자이언츠 외국인 타자 빅터 레이예스는 올해 3년 연속 안타왕에 도전하고 있다. 외국인 선수로는 역대 최초 기록에 도전한다. 하지만 혼자서는 안타왕이 되기 힘들다. 훌륭한 단짝이 있어야 레이예스도 수월하게 타석에 들어설 수 있다. 그런 단짝이 드디어 생겼다. ‘거포’ 한동희다. 김태형 롯데 감독은 9일 부산 사직구장에서 열리는 프로야구 정규시즌 KIA 타이거즈와의 경기를 앞두고 현재 타선의 호조에 대해 언급했다. 롯데는 지난 7일 경기 10-2, 8일 경기는 11-3으로 대승을 거뒀다. 올해 2경기 연속 두 자릿수 득점은 처음이다. 김태형 감독은 “지금 전체적으로 좋은 분위기가 이어지면서 선수들이 경기를 잘 풀어가는 것 같다”면서 “지금 중심 타선이 그래도 좋다. 고승민도 괜찮고 1번부터 4번까지 힘이 있다. 하위타선 (한)태양이나 (박)찬형이도 자기 역할 잘해주고 있다. 어떻게든 상황에 대한 대처를 생각했던 것보다는 잘해내는 것 같다”라고 설명했다. 그러면서 레이예스와 한동희의 조합에 대해서도 언급했다. 레이예스는 최근 이틀 동안 7안타를 몰아쳤다. 한동희는 이틀 동안 4타수 2안타 2타점 3득점 볼넷 3개를 기록했다. 4번 타자로서 중심을 잡아가고 있다. 김 감독은 “상대 입장에서는 (한)동희가 더 겁난다. 이제는 유인구에 막 속지 않는다. 레이예스는 2루나 3루에 있으면 상대 입장에서는 상대하기 참 까다로울 것이다. 근데 지금 동희도 컨택이 괜찮다. 상대 입장에서는 사실 한동희가 더 겁날 것이다”고 설명했다. 일방 장타에 대한 기대와 위험을 언급했다. /jhrae@osen.co.kr"
2026.07.09 16:37,"""류지혁 거동이 힘들 정도"" 출근은 했지만 경기는 못 뛴다…백정현은 이두...",스포티비뉴스,"[스포티비뉴스=대구, 신원철 기자] 주자와 충돌해 응급실 신세를 졌던 삼성 내야수 류지혁이 전반기 최종전에 결장한다. 출근 후 상태를 확인한 뒤 귀가했다. 삼성은 내야수 이성규를 말소하고 김재상을 등록해 류지혁의 공백을 채우기로 했다. 투수 쪽에서는 이두근 불편감이 있는 백정현이 빠지고 신인 정재훈이 1군에 올라왔다. 삼성 박진만 감독은 9일 대구 LG전을 앞두고 ""류지혁은 어제 영상(CT촬영)에서는 큰 문제가 없었는데, 지금은 거의 거동이 힘들 정도라 오늘은 체크만 하고, 치료 받고 귀가시켰다""고 설명했다. 류지혁은 8일 LG전에서 2루수로 선발 출전했다가 6회 번트 수비 과정에서 타자주자와 강하게 충돌했다. 1루 바깥쪽으로 치우친 송구를 잡으려다 공을 한 번 흘렸고, 이때 무게중심이 주로 쪽으로 쏠렸다. 타자주자 구본혁도 피할 틈 없이 류지혁과 부딪혔다. 류지혁은 곧바로 교체돼 안정을 취하다 경기가 끝나기 전 응급실로 이동해 CT촬영을 했다. 삼성은 류지혁을 1군 엔트리에서 제외하지는 않았다. 10일부터 15일까지 올스타 브레이크를 활용해 회복세를 지켜볼 계획이다. 박진만 감독은 ""올스타 휴식기에 몸 상태를 체크하면서 1군에서 말소할지 결정하겠다""며 ""류지혁이 경기가 안 되기 때문에 내야 쪽에 1명(김재상)을 보강했다. 백정현은 이두근 쪽이 불편해서 엔트리에서 빼고 정재훈을 올렸다""고 말했다. 또 ""정재훈은 올해 한 번 1군에 올라왔던 적이 있다. 불펜에서 신인답지 않게 자기 공을 공격적으로 잘 던졌다. 퓨처스 팀에서 추천도 있었다""고 밝혔다. 8일 1군에서 말소된 투수 최지광에 대해서는 ""굴곡근 쪽 손상 그레이드1 진단이 나왔다. 휴식에 들어가고, 몸 상태에 따라 복귀 시점이 정해진다. 크게 문제가 있는 건 아니다""라고 말했다. 삼성 선발 라인업은 김지찬(중견수)-박승규(우익수)-구자욱(좌익수)-최형우(지명타자)-르윈 디아즈(1루수)-강민호(포수)-김영웅(3루수)-심재훈(유격수)-양우현(2루수) 순서다. 박진만 감독은 8일 우익수로 나와 두 차례 어시스트를 기록한 김성윤에 대해 ""오늘은 상대 선발이 왼손투수 라클란 웰스라 박승규를 기용하게 됐다. 어제는 성윤이가 수비에서 2점을 막으면서 여러가지로 흐름을 끊었다. 성윤이가 우익수에 있으면 다른 팀에서 그렇게 적극적으로 베이스 러닝을 하기 힘들지 않을까 생각한다""고 했다. <저작권자 ⓒ SPOTV NEWS. 무단전재 및 재배포 금지>"
2026.07.09 16:34,"""깜짝 놀랐어요"" 김원형 감독도 가슴 철렁... '천만다행' 강습타구 맞...",마이데일리,"[마이데일리 = 잠실 심혜진 기자] 천만다행이다. 두산 베어스 이영하가 전날 경기서 강습타구에 맞았지만 큰 부상이 아닌 것으로 전해졌다. 두산은 9일 서울 잠실구장에서 2026 신한 SOL KBO리그 SSG 랜더스와 홈경기를 치른다. 전날 두산은 7-3으로 승리하면서 시리즈를 1승 1패 동률로 맞췄다. 동시에 전반기 5위를 확정했다. 하지만 아찔한 순간이 있었다. 바로 9회다. 마운드에 오른 이영하는 최정과 김재환을 잡아낸 뒤 전의산을 상대했다. 볼카운트 1-1에서 전의산이 3구째 직구를 받아쳤다. 타구는 이영하에게 향했고, 오른발 쪽을 맞았다. 이영하의 발을 맞고 3루수 쪽으로 향한 타구는 3루수가 잡아 처리하며 경기를 마무리했다. 이영하는 경기 종료 후 절뚝거리며 더그아웃으로 향했다. 하루 뒤 이영하의 상태는 어떨까. 김원형 감독은 ""진짜 깜짝 놀랐다. 다행히 큰 부상으로 이어지지는 않았다""고 안도의 한숨을 내쉬었다. 이어 ""포수가 하이볼을 요구하더라. 속으로슬라이더 낮게 던지길 원했다. 그런데 딱 맞으면서 화가 나면서 걱정도 됐다. 경기 끝나고 맞은 부위를 확인했더니 붓긴 했다. 본인이 움직이는데는 괜찮다고 하더라""라고 설명했다. 자고 일어난 뒤가 더 중요하다. 김 감독은 ""오늘도 확인해봤는데 괜찮다고 했다. 투수 코치가 확인해보니 경기도 할 수 있다고 하더라. 상황을 보고 투입 여부를 정해야 할 것 같다""고 말했다."
2026.07.09 16:28,"[IS 대구] ""거동 힘들어해, 귀가 조처했다"" 박진만 감독이 전한 류지...",일간스포츠,"""거동이 힘들 정도다."" 상대 선수와 충돌로 뇌진탕 증상을 호소한 류지혁(삼성 라이온즈)의 몸 상태에 대해 박진만 삼성 라이온즈 감독이 크게 걱정했다. 류지혁은 지난 8일 대구 삼성라이온즈파크에서 열린 LG 트윈스와 홈 경기 6회 초 수비 때 구본혁과 충돌해 쓰러졌다. 류지혁은 부축받고 이동하다가 어지럼증을 느껴 트레이너의 등에 업혀 나왔다. 뇌진탕 증상을 보인 류지혁은 결국 병원으로 이동해 CT 촬영을 했다. ""특이 사항이 없다""는 진단을 받았으나 몸 상태가 좋지 않아 9일 전반기 최종전 선발 명단에서 제외됐다. 박진만 감독은 9일 경기 전에 ""류지혁은 경기장에 나와 치료를 받고 귀가했다. 통증 탓에 움직이는데 어려움을 겪을 정도""라고 전했다. 일단 9일 경기를 끝으로 올스타 휴식기에 돌입하는 만큼 몸 상태를 지켜보고 엔트리 조정을 고민할 계획이다. 류지혁은 올 시즌 81경기에서 타율 0.292 5홈런 47타점 OPS(출루율+장타율) 0.808을 기록하고 있다. 삼성은 류지혁의 빈자리에 대비해 내야수 김재상을 2군에서 불러올렸다. 선발 2루수로는 양우현이 나선다. 삼성은 이날 김지찬(중견수)-박승규(우익수)-구자욱(좌익수)-최형우(지명타자)-르윈 디아즈(1루수)-강민호(포수)-김영웅(3루수)-심재훈(유격수)-양우현(2루수)으로 라인업을 구성했다. 선발 투수는 원태인이 나선다. 대구=이형석 기자 ops5@edaily.co.kr"
2026.07.09 16:28,"잠실 비 완전히 그쳤다! 햇빛 쨍쨍…두산 잭로그vsSSG 해치, 외인 자...",스포티비뉴스,"[스포티비뉴스=잠실, 최원영 기자] 날이 무척 좋아졌다. 두산 베어스와 SSG 랜더스는 9일 오후 6시 30분부터 서울 잠실야구장에서 2026 신한 SOL KBO리그 정규시즌 맞대결을 펼칠 예정이다. 하루 전부터 9일 늦은 저녁까지 폭우가 쏟아질 것이란 일기 예보가 있었다. 실제로 9일 낮까지 천둥을 동반한 장대비가 내렸다. 그러나 금세 소강상태에 접어들었다. 비가 그치고 날이 다시 환해지기 시작했다. 경기 개시를 약 3시간여 앞두고 그라운드 정비 작업이 진행됐다. 내야에 깔린 방수포를 정리하고 마운드를 재정비했다. 기상청의 일기 예보에 따르면 야구장이 위치한 서울 송파구 잠실동에는 자정까지 비 소식이 없다. 다만 최근 날씨가 무척 변화무쌍해 경기를 정상적으로 시작해 잘 마무리할 수 있을지 지켜봐야 한다. 두 팀의 3연전 첫날이었던 지난 7일엔 SSG가 4-2로 승리했고, 이튿날인 8일엔 두산이 7-3으로 승기를 가져왔다. 두산은 현재 5위이며 4위 KIA 타이거즈와 1.5게임 차, 6위 한화 이글스와도 1.5게임 차다. SSG는 9위로 밀려나 있다. 8위 롯데 자이언츠와 7게임 차로 벌어졌고, 최하위 키움 히어로즈와 4게임 차를 기록했다. 9일 경기서 홈팀 두산은 김민석(좌익수)-정수빈(중견수)-박준순(2루수)-양의지(포수)-안재석(3루수)-박찬호(유격수)-김인태(지명타자)-류승민(우익수)-강승호(1루수)로 선발 라인업을 꾸렸다. 선발투수는 잭로그다. 잭로그는 올해 16경기 87⅓이닝에 등판해 3승5패 평균자책점 4.12를 기록했다. SSG전엔 5월 10일 한 차례 출격해 6⅓이닝 6피안타 1사구 5탈삼진 1실점으로 호투하며 선발승을 챙겼다. 엔트리 변동도 있다. 투수 최주형을 말소하고 투수 타카다 타쿠토를 등록했다. 원정팀 SSG는 정준재(2루수)-김성욱(좌익수)-최정(지명타자)-고명준(3루수)-오태곤(1루수)-채현우(우익수)-최지훈(중견수)-조형우(포수)-박성한(유격수) 순으로 타선을 구성했다. 선발투수는 토마스 해치다. 해치는 올 시즌 미치 화이트의 대체 외인으로 SSG에 합류했다. 6월 14일 KBO리그 데뷔전을 치른 뒤 총 4경기 20⅓이닝서 1승2패 평균자책점 7.08로 주춤했다. 두산전에 등판하는 것은 이번이 처음이다. 또한 SSG는 외야수 기예르모 에레디아와 투수 이준기를 말소하고 투수 최민준을 콜업했다. 에레디아는 왼쪽 어깨 회전근개 손상 소견(그레이드1~2)을 받았다. <저작권자 ⓒ SPOTV NEWS. 무단전재 및 재배포 금지>"
2026.07.09 16:22,'한 명만 무너져도 흔들린다' 순위 가른 외국인 투수 농사...로테이션을...,마니아타임즈,[진병두 마니아타임즈 기자] 한 해 농사의 성패가 순위표에 고스란히 새겨졌다. 2026 프로야구 전반기 순위는 외국인 투수진의 성패와 맞물려 움직였다. 외국인 투수의 비중은 절대적이다. 두 명이 버티면 긴 시즌을 안정적으로 치를 수 있지만 한 명만 무너져도 불펜 과부하와 연패로 이어지기 쉬운 것이다. 올해는 여기에 아시아 쿼터까지 더해지며 운용법이 한층 복잡해졌다. 전반기에는 이탈이 유독 많았다. 외국인과 아시아 쿼터 40명 가운데 전반기에 리그를 떠난 선수가 10명에 달했고 부상 대체 활용도 8건이었다. 그 결과 외국인 투수가 로테이션을 지킨 삼성과 LG kt KIA는 상위권을 이어간 반면 투수진이 붕괴한 SSG는 9위까지 밀리며 승률 3할대의 불명예를 안았다. 떠난 선수들의 사연도 제각각이었다. SSG는 화이트와 베니지아노가 나란히 부진해 방출됐고 지난해 통합 우승에 기여한 LG 치리노스도 올해 부진 끝에 짐을 쌌다. 두산 플렉센은 어깨 부상으로 이탈했다. 반면 기회를 살린 대체 선수도 있었다. 두산 벤자민이 평균자책점 2.71로 정규직 전환에 성공했고 삼성 오러클린도 준수한 성적을 남긴 것이다. 이제 시선은 새 얼굴로 향한다. 후반기 도약을 노리는 팀들이 영입에 열을 올린 것이다. 두산과 SSG 키움이 교체 카드를 모두 소진했고 LG는 리오스로 불펜을 NC는 블레인으로 타선을 강화했다. 롯데와 KIA도 아시아 쿼터를 새로 더하며 전력 재정비에 나섰다. [진병두 마니아타임즈 기자/maniareport@naver.com] 기사제보 및 보도자료 report@maniareport.com
2026.07.09 16:20,"'방금 천둥 번개가 쳤는데요?' 잠실에 해 떴다 ""오늘 쉬고 싶었는데…""...",스포츠조선,"[잠실=스포츠조선 나유리 기자]몇 시간 전까지 천둥번개와 폭우가 내리더니, 화창하고 맑은 날씨로 바뀌었다. 잠실 경기 진행에도 무리가 없을 전망이다. 9일 잠실구장에서 열리는 SSG 랜더스와 두산 베어스의 경기. 이날 기상청은 수도권을 중심으로 한 중부 지방에 많은 양의 비가 하루종일 내릴 것이라고 예보했다. 특히 서울의 경우 10일 오전까지 비가 이어진다고 전망했다. 실제로 이날 오전 내내 서울은 무섭게 많은 비가 쏟아졌다. 엄청난 천둥 번개를 동반해 폭우가 내렸다. 그런데 오후 1시 넘어 비가 조금씩 잦아들기 시작하더니 오후 3시에는 비가 완전히 그쳐 하늘이 맑아지기 시작했다. 오후 4시 현재 잠실구장은 비가 완전히 사라졌고, 하늘이 맑아졌다. 홈팀 두산 선수들은 실내 훈련 위주로 운동을 진행했지만, 원정팀 SSG 선수들은 야외에서 투수조의 캐치볼과 스트레칭 등을 진행했다. 두산 김원형 감독도 씁쓸하게 웃으면서 ""출근할 때까지만 해도 비가 많이 오길래 오늘 경기는 어렵겠구나 싶었지만, 날씨가 이렇게 바뀌나 싶다""며 허탈해했다. 두산은 전날 SSG를 상대로 7대3 완승을 거두면서 전반기 5위를 확정한 상태다. 또 이날도 잭로그가 등판하는만큼 '위닝시리즈'를 기대해볼 수 있는 상황이다. 하지만 김원형 감독은 ""올해 우리가 경기를 너무 많이했다. 오늘은 비 떄문에 취소가 되면 좀 쉬어가면 좋겠다고 생각했는데 비가 안온다""면서 ""어쨌든 경기를 하는 걸로 생각하고 준비하겠다""며 웃었다. 잠실=나유리 기자 youll@sportschosun.com"
2026.07.09 16:16,"썸머레이스부터 노래방·우즈 공연까지…KBO, 팬과 즐길 올스타전 행사 마...",스포츠동아,"[스포츠동아 김현세 기자] 10일부터 이틀간 잠실구장서 열릴 ‘2026 신한 SOL KBO 올스타전’이 다채로운 팬 참여형 행사로 꾸며진다. KBO는 10일부터 이틀간 잠실종합운동장 2주차장 팬페스트존서 플레이존을 운영한다. 10일에는 퓨처스 올스타, 11일에는 올스타 선수가 4명씩 참여해 배팅, 피칭존서 원 포인트 레슨을 진행한다. KBO는 “팬들이 직접 투구와 타격을 경험하며 야구를 즐길 특별한 기회를 제공하려고 한다”고 설명했다. 팬페스트존에는 배팅, 피칭존과 더불어 2026 KBO Z-CREW 존, Re:잠실 테마 특별 부스, 포토존, 트레이딩존 등 체험 공간이 마련된다. 11일 경기 전에는 오후 3시부터 잠실구장 외야 그라운드서 팬 사인회가 열린다. 참여권은 7일까지 올스타전 표를 예매한 인원 중 추첨으로 선정된 120명에게 1인 2매씩 증정된다. KBO는 “팬들이 올스타 선수들과 가까이서 소통할 수 있다. 선수들이 평소 경기를 펼치던 그라운드서 팬과 대화하고 기념 촬영하며 특별한 추억을 선사할 예정”이라고 전했다. 팬 사인회가 끝나면 오후 4시 30분부터 썸머레이스가 시작된다. 올스타전의 대표 행사로 자리 잡은 썸머레이스는 공모를 통해 선정된 성인 남녀 팬 2명, 각 구단의 선수 2명, 구단 마스코트가 한 팀을 이뤄 참가하는 릴레이 게임이다. 올해는 잠실구장을 홈으로 사용하는 LG 트윈스와 두산 베어스가 부전승 혜택을 받는다. 경기 중에도 여러 행사가 열린다. 퓨처스(2군) 올스타전과 올스타전서는 워터페스티벌이 진행된다. 안타, 홈런 등 주요한 경기 상황마다 물줄기가 분사될 예정이다. 10일 ‘올스타 프라이데이’의 홈런더비와 올스타전 클리닝타임에는 팬 노래방이 함께 진행된다. 11일에는 볼거리가 여럿 마련돼 있다. 올스타전은 대한민국 공군 특수비행팀 블랙이글스의 에어쇼로 막을 연다. 5회말이 끝난 뒤에는 ‘클리닝타임쇼’가 펼쳐진다. 인기 가수 우즈(WOODZ)가 대표곡 ‘드라우닝(Drowning)’ 등 공연을 선보인다. 경기가 끝난 뒤에는 불꽃놀이가 예정돼 있다. 김현세 기자 kkachi@donga.com"
2026.07.09 16:02,'뇌진탕 증세→병원 검진 특이사항 없음' 류지혁 귀가 조치...양우현 2...,OSEN,"[OSEN=대구, 한용섭 기자] 전반기 1위가 걸린 결정전이다. 누가 웃을까. 프로야구 삼성 라이온즈는 9일 대구 삼성라이온즈파크에서 LG 트윈스와 전반기 마지막 경기를 치른다. 1위 LG는 52승 32패, 2위 삼성은 50승 2무 32패를 기록 중이다. 두 팀의 승차는 1경기 차이다. 삼성이 승리하면 승률에서 근소하게 앞서며 역전 1위가 가능하다. 승자가 올스타 휴식기 동안 1위의 기쁨을 누릴 수 있다. 삼성은 김지찬(중견수) 박승규(우익수) 구자욱(좌익수) 최형우(지명타자) 디아즈(1루수) 강민호(포수) 김영웅(3루수) 심재훈(유격수) 양우현(2루수)을 선발 라인업으로 내세웠다. 전날 구본혁과 1루에서 부딪혀 뇌진탕 증세를 보인 류지혁은 병원에서 CT 촬영 결과 특이 사항은 없었다. 이날 야구장에 와서 치료를 받고 귀가했다. 1군 엔트리에서는 빠지지 않았다. 최형우의 타격감이 좋다. 7일에는 2안타 2타점으로 개인 통산 1800타점을 달성했고, 8일에는 1회 선제 투런 홈런을 터뜨렸다. 앞서 7일과 8일은 삼성과 LG가 1승씩 주고받았다. 공교롭게 투런 홈런으로 선취점을 뽑은 팀이 더 이상 득점을 하지 못하고 역전패를 당했다. 선취점의 의미 보다는 추가점이 더 중요하다. 삼성은 이날 엔트리 변동이 있다. 투수 백정현, 내야수 이성규가 1군 엔트리에서 빠졌다. 내야수 김재상, 투수 정재훈이 1군에 콜업됐다. 삼성 선발투수는 원태인이다. 원태인은 올 시즌 13경기에 등판해 4승 5패 평균자책점 3.45를 기록하고 있다. 올해 LG 상대로 2경기 등판해 승리없이 2패 평균자책점 6.75로 안 좋았다. 지난해는 4경기 3승 무패 평균자책점 3.00으로 강했다. /orange@osen.co.kr"
2026.07.09 16:01,"두산 '트레이드 복덩이' 하루 만에 선발 복귀, 두산 라인업... 손아섭...",마이데일리,"[마이데일리 = 잠실 심혜진 기자] 두산 베어스가 전반기 마지막 3연전에서 위닝시리즈로 장식할 수 있을까. 두산은 9일 서울 잠실구장에서 2026 신한 SOL KBO리그 SSG 랜더스와 홈경기를 치른다. 전날 경기서는 두산이 7-3으로 승리하면서 시리즈를 1승 1패 동률로 맞췄다. 동시에 전반기 5위를 확정했다. 이날 경기에 따라 위닝시리즈를 가져갈 팀이 정해진다. 곽빈의 호투가 돋보였다. 7이닝 2피안타(1피홈런) 1볼넷 7탈삼진 1실점으로 시즌 8승을 챙겼다. 이날 경기를 앞두고 엔트리 변동이 있다. 타카다가 콜업됐고, 최주형이 말소됐다. 선발 라인업에도 변화가 있다. 이날 두산은 김민석(좌익수)-정수빈(중견수)-박준순(2루수)-양의지(포수)-안재석(3루수)-박찬호(유격수)-김인태(지명타자)-류승민(우익수)-강승호(1루수) 순으로 라인업을 짰다. 전날과 비교했을 때 변화가 있다. 손아섭, 윤준호가 빠지고 류승민, 김인태가 선발로 나선다. 7월 타율 0.056에 그치면서 선발 라인업에서 제외됐던 류승민이 하루 만에 다시 중용을 받았다. 선발 투수는 잭 로그다. 올 시즌 16경기 등판해 3승 5패 평균자책점 4.12를 기록 중이다. SSG를 상대로 1경기에 나와 잘 던졌다. 6⅓이닝 1실점을 기록하며 승리를 챙겼다."
2026.07.09 16:00,"슬라이더 마스터 박시영, 최정 동생 최항, 느림의 미학 정선우...방출 ...",일간스포츠,"롯데 자이언츠가 전반기 종료를 앞두고 선수단을 정리했다. 롯데는 9일 오전 ""투수 박시영과 정선우, 내야수 최항에게 방출을 통보했다""라고 전했다. 세 선수와 면담을 했고, 동행이 어렵다는 의사를 전했다. 박시영은 2010년 롯데에서 데뷔, 트레이드로 4시즌(2021~2024) KT 위즈에서 뛰며 전성기를 보냈다. 이후 2025시즌을 앞두고 KT와 재계약을 하지 못한 뒤 다시 친정팀에 돌아왔다. 주무기 슬라이더가 매우 날카로웠던 투수다. 하지만 2025시즌 1군에서 11경기 등판에 그쳤고, 올 시즌은 전력 외 선수가 됐다. 최항은 KBO리그 통산 홈런 1위 최정의 친동생으로 알려진 선수다. 2023시즌까지 인천 야구에서 프로 커리어를 쌓았지만, 롯데에서 뛴 3시즌(2024~2026)은 존재감이 미미했다. 육성선수 출신 좌완 투수 정선우도 잠재력을 드러내지 못했다. 지난 5월 23일 LG 트윈스 퓨처스팀, 지난달 1일 울산 웨일즈전에서 각각 5이닝 1실점을 기록하며 가능성을 보여줬다. 130㎞/h 초반 느린 공에도 제구력이 좋았다. 하지만 구속 혁명 시대, 약점이기도 한 구속을 극복하지 못했다. 한편 롯데는 6월 셋째 주부터 치른 20경기에서 14승 1무 5패를 기록하며 반등, 한때 마이너스 15였던 승패 차이를 6까지 줄이며 5강 진입 희망을 키웠다. 안희수 기자 anheesoo@edaily.co.kr"
2026.07.09 15:57,"프로야구 롯데, 박시영·최항·정선우 방출로 선수단 정리",연합뉴스,"(서울=연합뉴스) 이대호 기자 = 프로야구 롯데 자이언츠가 전반기 막바지 선수단을 정리하며 3명과 계약을 해지하기로 했다. 롯데 구단은 8일 ""투수 박시영과 정선우, 내야수 최항에게 방출을 통보했다""고 밝혔다. 박시영은 2008년 롯데에 입단해 2010년 1군에 데뷔했으나 긴 세월 무명의 시간을 보낸 뒤 2016년부터 본격적으로 활약하기 시작했다. 불펜 투수로 꾸준히 등판해 2021년에는 kt wiz로 이적해 필승조로 뒷문을 지키기도 했다. 2024년을 끝으로 kt에서 방출돼 2025년 친정팀 롯데에 돌아왔으나 그해 11경기 1승 평균자책점 11.05로 부진했다. 올해는 1군 경기에 한 번도 등판하지 못했고, 퓨처스(2군) 리그에서 17경기 3홀드 평균자책점 5.89로 인상적인 모습을 보여주지 못했다. 박시영의 1군 통산 성적은 293경기 10승 14패 1세이브 32홀드 평균자책점 5.58이다. SSG 랜더스 최정의 동생으로도 잘 알려진 최항은 지난 2024년 롯데 유니폼을 입은 내야수다. 롯데 입단 첫해인 2024년에는 72경기 타율 0.250, 12타점으로 꾸준히 1군 경기에 출전했으나 2025년부터 입지가 좁아졌다. 올해는 1군 4경기에 출전해 타율 0.182(11타수 2안타)를 남겼다. 프로 통산 성적은 388경기 타율 0.267, 11홈런, 107타점이다. 정선우는 지난해 롯데에 육성 선수로 입단했고, 1군 등판 없이 퓨처스 리그 통산 21경기 1승 1패 4홀드 평균자책점 6.32를 거뒀다. 4bun@yna.co.kr (끝) ▶제보는 카톡 okjebo"
2026.07.09 15:53,"'호우경보 내리더니' 잠실은 비구름 걷혔다, 그라운드 정비 중... 두산...",스타뉴스,"[스타뉴스 | 잠실=안호근 기자] 전국에 강한 장맛비가 날리고 있지만 9일 잠실을 찾을 예정인 야구 팬들은 걱정을 내려놔도 될 것으로 보인다. 서울시 송파구 잠실야구장에선 9일 오후 6시 30분부터 두산 베어스와 SSG 랜더스의 2026 신한 SOL KBO리그 시즌 9차전이 열린다. 1승 1패를 주고 받은 상황에서 전반기 마지막 맞대결을 앞두고 전국에 많은 비가 쏟아지며 정상 개시를 장담하기 힘들어 보였으나 오후 3시경부터 비구름이 걷히며 정상적으로 경기가 진행될 가능성이 커지고 있다. 이날 수도권 곳곳에서는 하천이 범람하는 등 비 피해 소식이 잇따랐고 호우 경보가 내려지는 지역도 있었다. 중부지방과 전라권, 경북 중·북부 지방엔 최대 200㎜, 시간당 최대 80㎜ 강수가 예상됐다. 잠실야구장 인근에도 오전 내내 많은 비가 쏟아졌다. 시간당 10㎜ 이상씩 굵은 빗줄기가 내리기도 했다. 그러나 경기 시간이 가까워지면서 기상 상황이 급격히 좋아졌다. 오후 2시경 이후로는 비구름이 걷혔고 3시 무렵부터는 그라운드 정비가 이뤄지기 시작했다. 4시 무렵인 현재는 내야 흙부분을 덮었던 방수포 위의 물을 퍼내는 동시에 이를 걷어내고 있다. 기상청에 따르면 경기 개시가 예정돼 있는 오후 6시부터 8시 무렵에도 약한 비가 예상돼 있었으나 이마저도 사라졌다. 자정이 넘어선 뒤에야 비가 다시 내릴 것으로 예고돼 있다. 양 팀은 이번 시리즈에서 1승 1패로 맞서며 시즌 전적에서도 4승 4패로 팽팽한 흐름을 보이고 있다. 이날은 외국인 투수들의 맞대결이 펼쳐진다. 두산은 잭로그, SSG는 토마스 해치가 나선다. 잠실=안호근 기자 oranc317@mtstarnews.com"
2026.07.09 15:51,"'뇌진탕 증세' 류지혁 1군 잔류…삼성, 9일 LG전 선발 라인업 공개→...",마이데일리,"[마이데일리 = 대구 김경현 기자] 삼성 라이온즈가 전반기를 1위로 끝낼 수 있을까. 삼성은 9일 대구 삼성 라이온즈파크에서 2026 신한 SOL KBO리그 LG 트윈스와 시즌 12차전 맞대결을 치른다. 이날 승자가 전반기 1위를 확정 짓는다. 경기 전 기준 LG가 52승 32패로 리그 1위, 삼성이 50승 2무 32패로 2위다. 양 팀의 승차는 단 1경기. 삼성이 승리한다면 승률 0.614가 되어 LG(0.612)를 제치게 된다. 김지찬(중견수)-박승규(우익수)-구자욱(좌익수)-최형우(지명타자)-르윈 디아즈(1루수)-강민호(포수)-김영웅(3루수)-심재훈(유격수)-양우현(2루수)이 선발로 출전한다. 엔트리 변동이 있다. 이성규, 백정현이 말소되고, 김재상과 정재훈이 콜업됐다. 양 팀은 사이좋게 1승 1패씩 나눠 가졌다. 1차전은 삼성이 9-2로 승리했다. 2차전은 2-8로 무릎을 꿇었다. 전반기 1위와 더불어 위닝 시리즈까지 달린 빅매치다. 원태인은 13경기 4승 5패 평균자책점 3.45를 기록 중이다. 올해 LG전 2경기 무승 2패 평균자책점 6.75로 아쉬웠다. LG 선발은 라클란 웰스다. 14경기 5승 3패 평균자책점 2.77의 성적을 남겼다. 삼성전은 시즌 첫 등판이다. 한편 류지혁이 1군 엔트리에 잔류했다. 류지혁은 전날(8일) 수비 도중 구본혁과 충돌, 트레이너 등에 업혀 퇴장했다. 류지혁은 어지럼증을 가라앉힌 뒤 병원으로 이송됐다. 삼성 관계자는 ""류지혁 선수가 8일 경기 중 1루 수비 포구 과정에서 상대 주자와 충돌 후 뇌진탕 증상을 보여 천주 성삼병원 응급실 내원하여 CT촬영을 했다. 검사 결과 특이 사항 없으며, 오늘 상태를 체크할 예정""이라고 밝혔다. 1군 엔트리에 남은 것으로 보아 후유증 등은 적은 것으로 보인다."
2026.07.09 15:51,"전반기 1위 결정전, 삼성 라인업 떴다…박승규 3G 만에 선발 출전, 2...",스포티비뉴스,"[스포티비뉴스=대구, 신원철 기자] 전반기 1위를 결정하는 시리즈 마지막 경기. 홈팀 삼성 라이온즈가 선발 라인업을 발표했다. 원태인이 선발 등판하는 가운데 박승규가 선발 라인업에 복귀했다. 2루수로는 양우현이 선발 출전한다. 삼성은 9일 대구 삼성라이온즈파크에서 열릴 LG 트윈스와 시즌 11차전을 앞두고 김지찬(중견수)-박승규(우익수)-구자욱(좌익수)-최형우(지명타자)-르윈 디아즈(1루수)-강민호(포수)-김영웅(3루수)-심재훈(유격수)-양우현(2루수) 순서로 선발 라인업을 구성했다. 주전 2루수인 류지혁이 전날(8일) 수비 도중 주자와 충돌한 여파로 선발 라인업에서 빠졌다. 류지혁은 경기 중 CT촬영을 했고, 특이사항은 없다는 소견을 받았다. 삼성은 이성규와 백정현을 말소하면서 김재상과 정재훈을 등록했다. 선발투수는 원태인이다. 전반기 13경기에서 4승 5패 평균자책점 3.45를 기록했다. 첫 10경기에서 단 2승 5패에 그치고 있었는데, 최근 3경기에서는 2승 무패 평균자책점 1.69로 호투했다. LG 상대로는 2경기에서 승리 없이 2패 평균자책점 6.75으로 좋지 않았다. LG 선발투수는 라클란 웰스다. 올해 삼성을 상대하는 첫 등판이다. 지난해에는 키움 소속으로 한 차례 선발 등판해 5이닝 2실점으로 승리투수가 됐다. 한편 두 팀은 이번 시리즈에서 1승 1패를 주고받았다. 7일 삼성이 9-2로 완승을 거두자 8일에는 LG가 8-2로 이기면서 1위 고지전을 벌였다. 9일 경기 승리 팀이 전반기를 1위로 마친다. LG가 이기면 53승 32패 승률 0.624가 되면서 삼성을 2.0경기 차로 밀어낸다. 삼성이 이기면 51승 2무 32패 승률 0.615로 LG(52승 32패, 승률 0.612)와 경기 차를 없애고 승률에서 앞서 1위를 빼앗을 수 있다. <저작권자 ⓒ SPOTV NEWS. 무단전재 및 재배포 금지>"
2026.07.09 15:48,'전반기 최종전' 롯데 시리즈 스윕 도전...'데뷔 첫 홈런' 김세민 선...,OSEN,"[OSEN=부산, 조형래 기자] 프로야구 롯데 자이언츠가 전반기 마지막 경기에서 시리즈 스윕에 도전한다. 롯데는 9일 부산 사직구장에서 열리는 프로야구 정규시즌 전반기 최종전, KIA 타이거즈와의 경기에 나설 선발 라인업을 공개했다. 롯데는 황성빈(중견수) 고승민(1루수) 레이예스(좌익수) 한동희(지명타자) 전민재(유격수) 한태양(2루수) 손호영(우익수) 김세민(3루수) 손성빈(포수)이 선발 출장한다. 선발 투수는 김진욱이다. 전날(8일) 경기 데뷔 첫 홈런을 터뜨린 김세민이 KIA 좌완 선발 양현종을 대비하기 위해 선발 출장한다. 박찬형이 벤치에서 대기한다. 그 외에 롯데는 라인업이 대동소이하다. 롯데는 이미 KIA와의 앞선 2경기 10득점, 11득점을 하면서 대승을 거뒀다. 위닝시리즈를 확보한 상황에서 전반기 마지막 경기 시리즈 스윕에 나선다. /jhrae@osen.co.kr"
2026.07.09 15:48,"[IS 대구] '뇌진탕 증상' 삼성 류지혁, 결국 전반기 최종전 선발 제...",일간스포츠,"상대 선수와 충돌로 어지럼증을 호소한 삼성 라이온즈 내야수 류지혁이 전반기 최종전 선발 명단에서 제외됐다. 삼성은 9일 대구 삼성라이온즈파크에서 열리는 LG 트윈스와 홈 경기에 김지찬(중견수)-박승규(우익수)-구자욱(좌익수)-최형우(지명타자)-르윈 디아즈(1루수)-강민호(포수)-김영웅(3루수)-심재훈(유격수)-양우현(2루수)으로 라인업을 구성했다. 주전 2루수 류지혁이 선발 명단에서 빠졌다. 류지혁은 전날(8일) 경기 6회 초 수비 과정에서 LG 구본혁과 충돌해 쓰러졌다. 한참 동안 그라운드에 누워 있던 류지혁은 부축을 받고 이동하다가 결국 어지럼증을 느껴 트레이너의 등에 업혀 나왔다. 구단 관계자는 ""상대 주자와 충돌 후 뇌진탕 증상을 보인 류지혁 선수가 천주 성삼병원 응급실 내원해 CT 촬영을 했다""며 ""검사 결과 특이 사항이 없다. 오늘 상태를 체크할 예정""이라고 밝혔다. 류지혁은 올 시즌 81경기에서 타율 0.292 5홈런 47타점 OPS(출루율+장타율) 0.808을 기록하고 있다. 삼성은 이날 경기에서 승리하면 전반기 1위 달성할 수 있는데, 주전 내야수 류지혁이 빠져 아쉬움이 크다. 대구=이형석 기자 ops5@edaily.co.kr"
2026.07.09 15:47,"‘삼성→두산’ 트레이드 외야수 선발 복귀! 두산 라인업 공개, 손아섭 제...",OSEN,"[OSEN=잠실, 이후광 기자] 5연속 위닝시리즈를 노리는 두산 베어스의 선발 라인업이 공개됐다. 프로야구 두산 베어스는 9일 서울 잠실구장에서 열리는 2026 신한 SOL KBO리그 SSG 랜더스와의 시즌 9번째 맞대결을 앞두고 있다. 전반기 마지막 경기다. 두산은 SSG 선발 토마스 해치 상대 김민석(좌익수) 정수빈(중견수) 박준순(2루수) 양의지(포수) 안재석(3루수) 박찬호(유격수) 김인태(지명타자) 류승민(우익수) 강승호(1루수) 순의 선발 라인업을 꾸렸다. 선발투수는 잭로그. 전날과 비교해 손아섭이 빠지고 류승민이 복귀했다. 양의지가 잭로그와 배터리 호흡을 이루면서 김인태가 선발 지명타자 중책을 맡았다. 1군 엔트리는 아시아쿼터 타카다 타쿠로를 등록하고, 좌완 신인 최주형을 말소했다. 선발 잭로그의 시즌 기록은 16경기 3승 5패 평균자책점 4.12로, 최근 등판이었던 3일 고척 키움 히어로즈전에서 5이닝 3실점(2자책) 노 디시전에 그쳤다. 5월 10일 잠실 SSG전 이후 두 달 가까이 승리가 없는 상황. 올해 SSG 상대로는 5월 10일 한 차례 나서 6⅓이닝 1실점 호투로 승리를 챙긴 기억이 있다. 지난해에도 SSG 상대 3경기 1승 2패 평균자책점 3.00의 준수한 기록을 남겼다. 두산은 시즌 43승 2무 41패 5위, SSG는 31승 3무 51패 9위에 올라 있다. 상대 전적은 4승 4패 백중세다. /backlight@osen.co.kr"
2026.07.09 15:45,[오피셜] 롯데 결단 내렸다! '시즌 중 베테랑 정리'…최항·박시영·정선...,엑스포츠뉴스,"(엑스포츠뉴스 김근한 기자) 롯데 자이언츠가 베테랑 선수 2명과 육성선수 한 명에게 방출을 통보했다. 롯데 구단은 8일 투수 박시영, 정선우(육성선수)와 내야수 최항에게 방출을 통보했다고 공식 발표했다. 롯데 구단은 ""3명의 선수와 면담을 통해 방출 의사를 전달했다""라고 밝혔다. 2008년 신인 2차 4라운드 지명으로 롯데에 입단한 박시영은 2010년 1군 무대에 데뷔해 2016시즌부터 2020시즌까지 주축 불펜으로 활약했다. 이후 2021시즌 트레이드를 통해 KT 위즈 유니폼을 입은 박시영은 그해 48경기 등판 3승3패 12홀드 평균자책 2.40으로 커리어 하이 시즌을 보내며 팀 우승에 힘을 보탰다. 이후 2024시즌까지 KT에서 활약한 박시영은 방출 통보를 받고 2025시즌 친정 롯데로 복귀했다. 박시영은 2025시즌 11경기 등판 1승 평균자책 11.05의 기록을 남겼다. 2026시즌 1군 등판 없이 시즌 중간 다시 자유의 몸이 됐다. 2012년 8라운드 전체 70순위에 SK 와이번스에 입단한 최항은 2017시즌 1군 무대에 데뷔해 2023시즌까지 SSG 랜더스 유니폼을 입고 뛰었다. 2023시즌 종료 뒤 KBO 2차 드래프트를 통해 롯데로 이적한 최항은 2024시즌 72경기 출전, 타율 0.250, 33안타, 12타점을 기록했다. 하지만, 최항은 2025시즌 8경기 출전에 머무른 뒤 올 시즌에도 4경기 출전에 그쳤다. 1군 야수진에서 입지가 좁아진 최항은 끝내 방출 통보를 받았다. 사진=엑스포츠뉴스 DB 김근한 기자 forevertoss88@xportsnews.com"
2026.07.09 15:43,"'대전 비 안 온다' 한화, 오재원 리드오프 출격…5할 승률 찍고 전반기...",OSEN,"[OSEN=대전, 조은혜 기자] 대전에 비구름이 걷혔다. 프로야구 한화 이글스가 5할 승률에 복귀하고 전반기를 끝낼까. 김경문 감독이 이끄는 한화는 9일 대전 한화생명 볼파크에서 2026 신한 SOL KBO리그 NC 다이노스와의 홈경기를 치른다. 7일 NC가 9-6 승리를 거뒀고, 8일은 대전 지역에 내린 폭우 여파로 경기가 취소됐다. 경기 전까지 한화는 시즌 전적 39승40패2무로 6위에 자리하고 있다. 5위 두산과는 1.5경기차. 2연패에 빠진 한화는 이날 NC를 꺾고 승리할 경우 5할 승률로 전반기를 마무리할 수 있다. 일단 오후 3시 40분 현재 대전에 비가 그쳤고, 볼파크는 그라운드 정비 작업에 한창이다. 이날 한화는 오재원(좌익수) 페라자(우익수) 문현빈(중견수) 강백호(지명타자) 노시환(3루수) 허인서(포수) 김태연(1루수) 이도윤(2루수) 심우준(유격수) 순으로 선발 라인업을 구성했다. 전반기 피날레는 오웬 화이트가 맡았다. 화이트는 10경기에 나서 57이닝을 소화, 5승4패 평균자책점 2.84를 기록 중이다. NC전에는 한 차례 등판했고, 16일 창원에서 3⅔이닝 6실점으로 최악투를 펼쳐 설욕에 나선다. 한편 4연승에 도전하는 NC는 좌완 에이스 구창모가 선발 등판 예정이다. 15경기 86⅓이닝 8승2패 평균자책점 3.44를 기록 중인 구창모는 최근 6경기 연속 퀄리티스타트를 달성, 개인 4연승을 내달리며 상승세를 탔다. 한화를 상대로도 지난달 16일 창원에서 6이닝 8K 1실점으로 호투를 펼친 바 있다. 구창모에 이어 토다 나츠키가 불펜으로 대기할 예정이다. 토다는 8일 선발 등판 예정이었으나 경기가 취소되며 하루를 더 휴식했다. 토다는 15경기 79⅔이닝을 소화해 4승5패 평균자책점 4.74를 기록했다. /thecatch@osen.co.kr"
2026.07.09 15:33,"""큰부상 아니길"" 임찬규 9승 도운 홍창기, 간절한 바람 통했다! '구본...",스포츠조선,"[대구=스포츠조선 김영록 기자] 홍창기의 간절한 바람이 통한 걸까. 대구 현장의 모두를 깜짝 놀라게 한 류지혁의 충돌이 일단 이상없음으로 마무리됐다. 8일 대구 삼성라이온즈파크. 올시즌 커리어 로우 위기에 몰린 LG 트윈스 홍창기가 모처럼 밝게 빛났다. 첫 타석부터 안타로 출루했다. 이어진 1사 2,3루에서 문보경의 우익수 직선타 때 홈으로 뛰어들다 아웃된 점은 아쉬웠다. 그래도 3-2로 앞선 4회초 결정적인 2타점 3루타를 때려 승기를 굳히는데 일등공신 역할을 했다. 수비에서도 5회말 2사 1,2루에서 김성윤의 안타 때 홈으로 뛰어들던 강민호를 정확한 홈송구로 저격, 아웃시켰다. 삼성의 추격 의지를 꺾은 한방이었다. 결국 LG는 8대2로 승리하며 전날 패배를 설욕함과 동시에 선두 탈환에도 성공했다. 특히 5이닝 2실점으로 역투한 토종 에이스 임찬규가 전반기 9승째를 기록, 한화 이글스 류현진-KIA 타이거즈 애덤 올러와 함께 다승 선두로 전반기를 마무리한 점도 기분좋은 포인트. 홍창기는 ""중요한 경기인데 첫 경기를 패배했지만, 이번 승리는 정말 기분좋다""며 활짝 웃었다. 이어 3루타 상황에 대해서는 ""타석마다 감이 좋아서 좋은 공이면 치자는 마음이었다. 3루타 상황은 찬스였지만 찬스라 생각하지 않고 과감히 치자고 생각해서 좋은 결과로 이어진 것 같다""고 돌아봤다. 아내의 내조도 인상적이었다. 홍창기는 ""오늘 시합전에 와이프가 '나 자신과 싸우지 말고, 투수와 싸워라'라고 해주었고 그 마음으로 경기에 임해서 좋은 결과가 있었던 것 같다""면서 ""홈 송구는 정확하게 던지자는 마음으로 힘껏 송구했는데, 찬규형의 승리에 도움을 준 것 같아서 기쁘다. 팬분들이 대구까지 많이 와주신 덕분에 이길 수 있었다""라고 돌아봤다. 홍창기는 ""오늘 류지혁 선수의 상태가 걱정된다. 큰 부상이 아니었으면 좋겠다""라고 바람을 전했다. 류지혁은 8일 대구 LG 트윈스전 6회초 무사 2루 때 LG 구본혁의 희생번트 상황에서 사고에 휘말렸다. 2루수였던 류지혁이 1루 커버를 들어갔다가 투수 백정현의 1루 송구를 순간적으로 떨어뜨렸고, 이를 다시 주우려다 1루로 오는 구본혁과 부딪히고 말았다. 전력질주하던 구본혁이 피하려애썼지만, 류지혁의 머리에 무릎이 부딪혔다. 구본혁은 한차례 나뒹군뒤 큰 이상없이 일어섰지만, 류지혁은 그대로 머리를 감싸쥔 채 쓰러졌다. 급기야 구급차가 그라운드로 들어왔다. 류지혁은 구급차 탑승 대신 걸어나오려 했지만, 이내 어지럼증을 호소하며 주저앉았다. 결국 트레이너에게 업힌채 라커룸으로 향했고, 병원으로 이송돼 CT촬영을 받은 것. 그래도 다행히 류지혁은 큰 부상이 아니었다. 삼성 구단 9일 ""류지혁은 전날 1루 수비 포구 과정에서 상대 주자와 충돌 후 뇌진탕 증상을 보여 천주 성삼병원 응급실에서 CT 촬영을 진행했다. 검사 결과 특이사항 없고, 오늘 상태 체크 예정""이라고 전했다. 삼성도, LG도, 야구인 모두가 안도의 한숨을 쉰 하루였다. 대구=김영록기자 lunarfly@sportschosun.com"
2026.07.09 15:29,"‘뎁스의 힘’ LG·삼성, 양강으로 전반기 마무리… 그러나 승률 6할로도...",스포츠경향,"KBO리그 2026시즌이 ‘양강 구도’ 속 후반기로 접어든다. LG와 삼성 두 팀이 나란히 6할대 승률(8일 기준)로 선두 경쟁을 벌이고 있다. 접전 중인 두 팀의 시즌 곡선은 사뭇 달랐다. ‘디펜딩 챔피언’ LG는 개막 3연패 충격을 떨쳐낸 뒤로 꾸준히 승수를 쌓으며 전반기 내내 순위표 최상단을 지켰다. 우천취소 등을 제외하고 온전히 3경기를 다 치른 24차례 3연전 중 위닝 시리즈만 18차례 기록했다. 4, 5, 6월 석 달 연속 월간 승률 6할 이상을 달렸다. 4월 초반 8연승을 달린 것 외에 긴 연승은 없었지만, 그렇다고 긴 연패도 없었다. 개막 3연패가 전반기 LG의 최다 연패였다. 그만큼 안정적으로 시즌을 치러왔다. 삼성의 흐름은 사뭇 달랐다. 4월까지 시즌 첫 한 달을 간신히 승률 5할로 마쳤다. 5월 한 달 동안 18승 7패로 폭주하며 기세를 바짝 끌어올렸지만, 6월은 14승 1무 10패로 다소 아쉬웠다. 7월은 5승 2패로 다시 페이스를 올렸다. 한번 분위기를 타면 무섭게 연승을 달렸지만, 그에 못지않게 연패로 신음하는 기간도 길었다. 전반기 84경기를 치르는 동안 삼성은 3연승 이상만 8차례 기록했다. 동시에 4월 말 7연패를 포함해 3연패 이상도 3차례였다. 그러나 이들 양강은 공통점 또한 분명했다. ‘뎁스’의 힘으로 리그 경쟁자들을 압도했다. LG도 삼성도 전반기 내내 부상 악재에 시달렸다. LG는 손주영 없이 시즌을 출발했고, 개막 한 달 만에 마무리 유영찬이 이탈했다. 4번 문보경도 허리와 발목 부상으로 제대로 경기를 치르지 못했다. 그러나 송찬의, 문정빈, 천성호 등이 활약하며 팀을 지탱했다. 삼성도 마찬가지다. 새로 계약한 외국인 투수 맷 매닝은 부상으로 시즌을 시작하기도 전에 팀을 이탈했고, 국내 1선발 원태인도 팔꿈치 부상으로 팀 합류가 늦었다. 젊은 내야수 이재현과 김영웅은 둘이 합쳐 전반기 53경기밖에 뛰지 못했다. 그러나 타선에서 박승규, 전병우, 김도환 등이 돋보이는 역할을 했고 마운드에서는 양창섭, 장찬희 등이 빈자리를 채웠다. 선수층의 양과 질에서 확실한 우위를 보인 두 팀은 후반기에도 치열한 선두 싸움을 벌일 공산이 크다. LG와 삼성이 선두권에서 질주할 때 SSG와 키움은 승률 4할 아래로 주저앉았다. 키움은 객관적 전력 열세를 끝내 극복하지 못했다. 유력한 5강 후보였던 SSG는 최근 몇 년간 팀을 지탱해왔던 불펜이 무너지면서 그대로 침몰했다. 두 팀 모두 한번 연패에 빠지면 좀처럼 헤어나오지 못했다. 키움은 5월23일부터 5월31일까지 8연패를 기록했고, 6월16일부터 6월26일까지는 10연패를 기록했다. SSG는 더 심했다. 5월17일부터 6월2일까지 13연패로 구단 기록을 갈아치웠다. 한 달 뒤인 6월25일부터는 10경기 1무 9패로 다시 9연패를 기록했다. 3할대 승률이 두 팀이나 나오면서 오히려 선두 싸움이 더 가혹해졌다. 승률 6할이면 정규시즌 1위는 무난히 가져가는 게 통상적이지만, 올해는 그걸 장담할 수가 없다. 2019시즌 이후 7년 만에 승률 6할로 2위 아래 순위를 받아들여야 할 수도 있다. SSG와 키움이 일찌감치 뒤로 빠지면서 중위권 다툼 또한 격랑에 빠졌다. 3위 KT와 4위 KIA가 어느 정도 안정적인 자리를 지키고 있을 뿐 5위 두산부터 8위 롯데까지 4개 팀이 촘촘한 간격으로 늘어서 있다. 승률 6할로도 정규시즌 우승을 장담 못 하는 것처럼 5할 이상 승률을 기록하고도 가을야구에 초대받지 못할 가능성이 생겼다. 한여름 더위와 함께 시작하는 후반기 순위 싸움은 불펜에서 갈릴 공산이 크다. 올 시즌 유례없이 많은 구단이 허술한 불펜으로 고전했다. 불펜 팀 평균자책 3점대가 삼성(3.77) 하나뿐이다. 불펜 투수들의 9이닝당 볼넷을 4개 아래로 묶은 팀은 LG(3.86개)가 유일하다. 전반기 10개 구단의 전체 경기 대비 역전패 비율은 평균 22.5%에 달한다. 후반기에 역시 비슷한 흐름이 이어질 수 있다. 무더위에 체력 부담이 더해진다는 걸 감안하면 뒷문 고민이 더 커질 가능성 또한 충분하다. 순위 경쟁권 팀들의 살얼음판 레이스 또한 계속될 수 있다는 것이다. 심진용 기자 sim@kyunghyang.com"
2026.07.09 15:26,'베테랑 대기록에 흥행까지' 그라운드 안팎이 기록으로 물들었다,마니아타임즈,[진병두 마니아타임즈 기자] 그라운드 안팎이 온통 기록으로 채워졌다. 2026 KBO리그 전반기는 베테랑들의 대기록과 젊은 선수들의 이정표 그리고 관중 흥행까지 이어진 기록 잔치였다. 베테랑들의 발자국이 유독 굵직했다. 류현진은 지난 5월 24일 두산전 승리로 한국인 투수 최초의 한미 통산 200승 고지를 밟았고 이후 3승을 더해 전반기를 8승으로 마쳤다. 후반기 첫 등판에서는 한미 통산 2천500탈삼진 달성이 유력하다. 기록의 주인공은 이어졌다. 최정은 5월 12일 KBO리그 최초의 21시즌 연속 두 자릿수 홈런을 달성하며 자신의 기록을 다시 갈아치웠고 강민호는 KBO리그 최초로 2천500경기 출장을 이뤘다. 특히 최형우의 행보는 전설이 됐다. 손아섭을 넘어 통산 최다 안타 1위에 오른 그는 KBO리그 최초로 1천 장타를 달성한 데 이어 7일 LG전에서 전인미답의 통산 1천800타점까지 정복한 것이다. 젊은 선수들의 도전도 빛났다. SSG 박성한이 개막 이후 22경기 연속 안타로 신기록을 세웠고 육성 선수 출신의 박준영과 김백산이 나란히 데뷔전 선발승을 거둔 것이다. 팬들도 역사를 함께 썼다. 지난해 역대 최다 관중을 기록한 KBO리그는 올해 더 가팔라진 추이 속에 역대 최소 경기로 100만부터 700만 관중까지 연달아 달성하며 또 한 번 기록 경신을 눈앞에 뒀다. [진병두 마니아타임즈 기자/maniareport@naver.com] 기사제보 및 보도자료 report@maniareport.com
2026.07.09 15:22,"선수단 정리 나선 롯데, 박시영-정선우-최항 방출…“면담 통해 의사 전달...",스포츠동아,"[스포츠동아 김현세 기자] 롯데 자이언츠가 선수단 정리에 나섰다. 롯데는 9일 투수 박시영(37), 정선우(24), 내야수 최항(32) 등 3명을 방출했다. 롯데 구단 관계자는 “셋과 면담을 통해 방출 의사를 전달했다”고 밝혔다. 박시영은 친정 복귀 후 재기를 다짐했지만 끝내 기회를 얻지 못했다. 2008년부터 13년간 롯데서 활약한 그는 2019년 8월 오른쪽 팔꿈치 뼛조각 제거 수술로 시즌 아웃 된 뒤 이듬해 구위 회복에 애를 먹다 2020시즌을 마치고 KT 위즈로 트레이드 됐다. 2021년 재기에 성공한 그는 KT의 필승조로 통합우승(정규시즌+한국시리즈)에 기여했지만 이듬해 팔꿈치 인대 손상으로 수술대에 올랐다. 재활로 2023시즌까지 쉰 그는 2024년 복귀했지만 구위를 되찾지 못하고 10월 방출된 뒤 롯데로 복귀했다. 박시영은 지난해 4월 9일 사직 KIA 타이거즈전부터 7연속 경기 무실점 투구로 반등 가능성을 보였지만 활약을 이어가지 못했다. 올 시즌 콜업 없이 퓨처스(2군)리그서만 뛴 그는 17경기서 3홀드, 평균자책점(ERA) 5.89, 이닝당출루허용(WHIP) 1.96의 아쉬운 성적을 남기고 방출됐다. 2024년 2차 드래프트를 통해 SSG 랜더스서 롯데로 이적한 최항은 내야 유틸리티 플레이어로 알토란 같은 활약을 펼쳤다. 김태형 롯데 감독은 1, 2, 3루수 수비가 가능한 그를 적재적소에 기용해 공백을 메웠다. 최항은 2024년부터 3년간 80경기서 타율 0.246, 13타점, OPS(출루율+장타율) 0.590의 아쉬운 타격 성적을 남겼지만 수비로 상쇄했다. 다만 저연차 야수들의 성장으로 입지가 좁아졌다. 그는 올 시즌 4경기 출전에 그친 채 방출 통보를 받았다. 지난해 육성선수로 롯데에 입단한 좌완 정선우는 1군 데뷔를 이루지 못하고 방출됐다. 그는 지난해 퓨처스리그 18경기서 4홀드, ERA 5.66, WHIP 1.60의 성적을 남겼다. 시즌 막판에는 안정적 투구를 이어갔지만 기복이 못내 아쉬웠다. 올 시즌에는 3경기 등판에 그쳤다. 김현세 기자 kkachi@donga.com"
2026.07.09 15:18,"잠실 비 그쳤다→맑은 하늘 등장! 두산 야외 훈련 소화, ‘계약해지 더비...",OSEN,"[OSEN=잠실, 이후광 기자] 세차게 퍼붓던 비가 멈추고 맑은 하늘이 모습을 드러냈다. 두산과 SSG의 ‘계약해지 더비’가 정상 개최될 것으로 보인다. 프로야구 두산 베어스와 SSG 랜더스는 9일 서울 잠실구장에서 열리는 2026 신한 SOL KBO리그 시즌 9번째 맞대결을 앞두고 있다. 전반기 마지막 경기다. 잠실구장은 오후 3시 10분 현재 비가 그친 상태다. 구름이 걷히면서 파란 하늘도 모습을 드러냈다. 하루종일 내린 폭우 탓에 아직 물이 흥건히 고인 내야 방수포가 설치돼 있으나 홈팀 두산 선수들은 외야와 1루 파울지역에서 정상적으로 사전훈련을 소화 중이다. 기상청에 따르면 잠실구장이 위치한 서울 송파구 잠실동은 자정부터 비 예보가 내려져 있다. 이에 조만간 그라운드 정비 작업을 거쳐 오후 6시 30분 정상 개시가 이뤄질 것으로 예상된다. 두 팀은 지난 2경기서 나란히 1승씩을 주고받았다. 첫날 SSG가 4-2로 기선을 제압하자 이튿날 두산이 7-3으로 설욕했다. 두산은 시즌 43승 2무 41패 5위, SSG는 31승 3무 51패 9위에 올라 있다. 상대 전적은 4승 4패 백중세다. 두산은 위닝시리즈를 위해 잭로그가 선발로 나선다. 잭로그의 시즌 기록은 16경기 3승 5패 평균자책점 4.12로, 최근 등판이었던 3일 고척 키움 히어로즈전에서 5이닝 3실점(2자책) 노 디시전에 그쳤다. 5월 10일 잠실 SSG전 이후 두 달 가까이 승리가 없는 상황. 올해 SSG 상대로는 5월 10일 한 차례 나서 6⅓이닝 1실점 호투로 승리를 챙긴 기억이 있다. 지난해에도 SSG 상대 3경기 1승 2패 평균자책점 3.00의 준수한 기록을 남겼다. SSG 선발투수 역시 외국인 토마스 해치다. 해치의 시즌 기록은 4경기 1승 2패 평균자책점 7.08로, 최근 등판이었던 3일 인천 삼성 라이온즈전에서 4⅓이닝 5실점 난조를 보여 패전투수가 됐다. 올해 두산전은 첫 등판이며, 잠실구장 마운드도 처음 오른다. 해치는 2025시즌에 앞서 두산과 총액 100만 달러 계약에 합의했으나 메디컬테스트를 통과하지 못하며 한국행이 불발된 경험이 있다. 두산은 당시 해치 대신 잭로그를 택했고, 공교롭게도 시간이 흘러 이날 잭로그와 해치의 계약해지 더비가 성사됐다. /backlight@osen.co.kr"
2026.07.09 15:12,"'복덩이 아쿼' 왕옌청 ""난 11년차 원스""…트와이스 나연 만나 '성덕'...",스포츠조선,"[스포츠조선 고재완 기자] 그라운드 위에서는 매서운 공을 뿌리는 야구선수이지만, 좋아하는 아이돌 앞에서는 수줍은 소년이었다. 한화 이글스의 대만인 선발 투수이자 아시아쿼터 '복덩이' 왕옌청(25)이 마침내 '성덕'으로 등극했다. 11년 동안 가슴에 품어온 트와이스 나연과의 꿈같은 만남이 야구장에서 성사된 것이다. 한화 이글스 공식 유튜브 채널 '이글스tv'는 최근 '11년 차 원스(TWICE팬클럽) 왕옌청, 꿈을 이뤘습니다!'라는 제목의 영상을 공개했다. 영상에는 왕옌청이 평소 가장 좋아하는 트와이스 멤버 나연을 만나 사인을 받고 수줍게 기념 촬영을 하며 평생의 소원을 성취하는 비하인드 스토리가 생생하게 담겼다. 왕옌청의 트와이스 사랑은 '찐 팬심'이었다. ""대만 고등학교 재학 시절부터 트와이스를 좋아하기 시작했다""는 그는 무려 11년 동안 트와이스의 팬인 '원스(ONCE)'로서 한결같은 응원을 보내왔다. 지난 4일 한화와 LG트윈스의 경기가 펼쳐지는 잠실야구장에 들어선 왕예청은 ""나연이 온다는 소식을 듣고 굿즈를 사기 위해 택시를 타고 서울 팝업스토어까지 찾아갔다가 돌아왔다""고 뿌듯해했다. LG 트윈스의 시구자로 나서는 탓에 LG소속 베테랑 임찬규와 이상규 그리고 국제대회를 통해 안면이 있던 문보경이 조력자로 나섰다. 시구자 대기실에 나연이 들어서저 주위 동료들은 나연에게 ""이 선수가 한국에 와서 직접 택시까지 타고 팝업스토어에 가서 굿즈를 사 온 진짜 팬""이라며 왕옌청을 소개했고 왕옌청은 직접 나연을 보며 ""저는 한화 이글스 야구 선수인데, 11년 동안 원스(ONCE)였습니다. 정말 이 날만을 손꼽아 기다려온 선수입니다""라며 수줍은 어조로 말했다. 나연의 왕옌청과 기념 셀카를 촬영하고 그가 사온 굿즈에 직접 사인을 해주며 즐거운 시간을 보냈다. 이후 시구자 대기실을 나온 왕옌청을 ""다리가 풀린다""며 주저앉아버려 보는 이들을 폭소케 하기도 했다. 왕옌청은 함께 촬영한 사진을 보며 ""와, 진짜 미쳤다!""를 연신 연발하며 세상을 다 가진 듯한 미소를 지었다. 이어 LG구단 사무실을 향해 꾸벅 '폴더' 인사를 하며 ""LG 감사합니다!"" 외쳐 웃음을 샀다. 고재완 기자 star77@sportschosun.com"
2026.07.09 15:12,"하루아침에 쉬워지는 팀, 반복되는 집단 슬럼프…지금 KIA 선수단에는 리...",스포츠경향,"KIA는 개막 이후 98홈런을 쳤다. 8일 현재 리그 최다 홈런 팀이다. 그런데 홈런이 터진 지 일주일 됐다. 지난 2일 광주 SSG전에서 김도영, 한준수, 나성범이 한꺼번에 쏟아내고는 8일 롯데전까지 4경기 연속 홈런이 끊겼다. KIA는 이 4경기를 모두 졌다. 홈런 없었던 4경기에서 KIA는 타율 0.242(132타수 32안타)로 12득점에 그쳤다. ‘해결사’가 없었다. 홈런은 단순한 득점 루트만이 아니다. 경기가 꼬일 때 풀어주는 수단이며 한 번에 상대를 제압하거나 분위기를 뒤집을 수 있는 수단이 되기도 한다. 지난 4경기에서 KIA는 그런 한 방이 절실했지만 한 개도 치지 못했다. 7~8일 이틀 동안 사직구장에서 경기 초반 수비가 와르르 무너질 때도 반전의 한 방이 나왔다면 흐름은 달라졌을 수 있다. 홈런 1위 팀이 연패 기간 홈런을 1개도 못 친 것은 올시즌 KIA가 반복하고 있는 희한한 집단 슬럼프에 다시 빠져 있다는 증거다. 주전 생활을 오래 한 베테랑들조차도 분위기를 반전시킬 계기를 만들지 못했다. 현재 KIA에는 타선의 리더가 없다. KIA의 4연패 중 최근 2패는 처참하다. 이틀간 실책 5개를 쏟아냈다. 기록된 게 5개다. 7일 롯데전에서는 기록되지 않은 수비 실수들이 쏟아져 대패했다. 이범호 감독이 3연전을 시작하며 “전반기의 마지막”이라 강조하고 총력전을 치르겠다고 했지만 집중하지 못한 선수들은 이튿날인 8일에도 수비 붕괴로 전날과 똑같은 졸전을 펼쳤다. 사직에서 이 이틀 사이에도 주장 중심으로 소집된 선수단의 자체 미팅은 없었던 것으로 전해진다. 최소한 현실을 같이 인지하고 잘 해보자 다짐하는 선수단 미팅은 형식적으로라도 꼭 필요할 때가 있다. KIA는 지난 6월20일 수원 KT전에서 9회말 6실점 역전패 충격 뒤에는 선수단 최고참인 투수 양현종이 이례적으로 나서 미팅을 소집했다. 정신차린 선수들은 이튿날 대역전승으로 분위기를 반전했다. 최고참이자 투수인 양현종이 매번 나설 수 없다. 현재는 야수들의 부진이 심각하다. ‘군기반장’으로 통하는 포수 김태군도 부상으로 빠져 있고 김선빈은 슬럼프 중이다. KIA 선수단은 움직이지 않는다. 이닝 교대 시간에 주장 중심으로 모여 ‘파이팅’ 하는 모습조차 중계화면에서 보이지 않는다. 현재 KIA에는 더그아웃 리더도 없다. 2024년 우승 당시 KIA는 9개 구단이 전부 무서워하는 팀이었다. 지금 KIA 선수단은 무섭지 않다. 잘 달리다가도 집단으로 슬럼프에 빠지면 한동안 회복하지 못하는 현상을 이미 몇 차례나 반복 중이다. 떨어질 때 낙폭이 워낙 심해 7~8일 롯데전 같은 수준 이하 경기까지 보여준다. 잘 달리다가도 하루아침에 갑자기 가장 이기기 쉬운 상대가 돼버린다. 최소한 ‘총력전을 하자’는 감독의 요구를, 지더라도 몸으로는 보여주는 선수단이어야 상대가 어려워 한다. 지금의 KIA는 2년 전과 선수단 구성 자체가 다르다. 주전 라인업은 완전히 바뀌었다. 올시즌 개막 전 대부분이 KIA를 5강 전망에서 제외한 배경이기도 하다. 그럼에도 KIA는 4위로 전반기를 마친다. 잘 치른 전반기의 성과를 최소한 지켜야 하는 것이 후반기의 과제다. 전반기 마지막의 KIA는 지킬 수 있다는 믿음을 주지 못하고 있다. 집단 슬럼프는 후반기에도 KIA를 괴롭힐 수 있다. 좀 더 적극적으로 대처하는 선수단을 그때는 보여줘야 한다. 부산 | 김은진 기자 mulderous@kyunghyang.com"
2026.07.09 15:10,"'미래의 유망주 총출동' KBO, 10일 퓨처스 올스타전에 앞서 '넥스트...",마이데일리,"[마이데일리 = 김경현 기자] KBO는 ""10일 오후 3시 10분부터 잠실야구장에서 2026 신한 SOL KBO 올스타 프라이데이 넥스트레벨 매치를 개최한다""고 9일 알렸다. 넥스트레벨 캠프는 지난 2022년부터 시작됐다. KBO 리그의 미래 자원인 우수 유소년 선수 육성을 위해 엘리트 육성 파이프라인 구축을 목표로 한다. KBO는 ""지난해부터 학년별 권역별/전국권 캠프 구조를 확립하여 프로그램 구조화의 기틀을 마련했고, 올해부터는 대상 학년을 중2까지 확대하고 해외 파견 프로그램을 도입하는 등 14세부터 17세까지 연속적으로 이어지는 엘리트 유망주 육성 파이프라인을 구축하고 있다""고 설명했다. 이어 ""올해 처음 신설된 올스타 프라이데이 넥스트레벨 매치는 KBO 엘리트 육성 파이프라인의 최종 무대로 작년 고1 캠프 수료 선수(총 125명) 중 38명의 선수를 초청하여, 미래 한국 야구의 별들이 드래프트를 1년 앞두고 KBO 올스타전에서 자신의 기량을 펼치고 동기부여 할 수 있는 자리를 마련하고자 기획됐다""고 전했다. 경기는 오후 3시 10분부터 7이닝 경기(2시간 제한)로 진행되며, 38명의 선수가 Team Next와 Team Level 두 팀으로 나뉘어 출전한다. 투수들의 경우 1이닝씩 등판할 예정이며, 선수 보호를 위해 투구 수 제한 30개, 30개 초과 시 이닝 교대를 하는 특별룰이 적용될 예정이다. 한편, 양 팀의 코칭스태프는 KBO 육성위원을 비롯한 올해 넥스트레벨 캠프에 참가했던 지도자들이 나뉘어 맡는다. 김한수 감독과 정진호, 이원석, 김명성 코치가 Team Next를, 권오준, 이성우, 채종국, 민병헌 코치가 Team Level을 각각 맡게 된다."
2026.07.09 15:03,대구 비 안 온다! '미리 보는 KS' 끝까지 간다…LG vs 삼성 전반...,엑스포츠뉴스,"(엑스포츠뉴스 대구, 김지수 기자) 삼성 라이온즈와 LG 트윈스의 '미리 보는 한국시리즈'를 대구 하늘이 허락할 것으로 보인다. 박진만 감독이 이끄는 삼성과 염경엽 감독이 이끄는 LG는 9일 대구 삼성 라이온즈파크에서 2026 신한 SOL KBO리그 팀 간 10차전을 치른다. 삼성은 토종 에이스 원태인, LG는 호주 특급 좌완 라클란 웰스를 선발투수로 내세웠다. 삼성과 LG는 2026시즌 전반기 막판 치열한 선두 다툼을 벌이고 있다. 삼성은 지난 2일 창원 NC 다이노스전부터 3~5일 문학 SSG 랜더스전까지 4연승을 질주, LG와 격차를 1경기 차까지 좁혀냈다. 삼성은 공교롭게도 전반기 마지막 3연전을 LG와 치르게 됐다. 모든 야구팬들의 관심이 쏠리는 '미리 보는 한국시리즈' 매치업이 성사됐다. 삼성은 일단 지난 7일 9-2 대승을 거두면서 LG를 승차 없는 승률에서 제치고 1위로 올라섰다. 하지만 LG도 지난 8일 곧바로 반격, 삼성을 8-2로 꺾고 하루 만에 1위를 탈환했다. 양 팀이 1승씩을 나눠 가진 가운데 이날 전반기 최종전을 승리하는 팀이 위닝 시리즈와 함께 1위로 올스타 휴식기에 돌입하게 된다. 변수는 날씨였다. 이날 서울, 경기 수도권을 비롯해 충청 지역까지 폭우가 쏟아지면서 2026시즌 KBO리그 전반기 최종전 개최 여부가 불투명해진 곳이 많아졌다. 다만 대구의 경우 비구름이 없다. 하늘에 구름이 다소 껴있는 상태지만, 빗방울은 보이지 않고 있다. 오히려 대구시는 이날 오전 안전 안내 문자를 통해 ""높은 기온과 습도로 무더운 날씨가 이어지고 있다. 충분한 수분 섭취, 야외활동 자제, 그늘에서 휴식 등 건광관리에 유의하기 바란다""는 메시지를 발송했다. 기상청이 이날 오후 2시30분 발표한 일기예보에 따르면 대구 삼성 라이온즈 파크가 위치한 수성구 지역에는 오후 3시부터 시간당 1mm의 비예보가 있기는 하지만, 4시 이후에는 비예보가 없다. 오후 2시55분 현재까지 비는 내리지 않고 있어 선수들의 경기 준비에도 전혀 문제가 없을 것으로 보인다. 홈 팀 삼성 선수들은 오후 2시께부터 그라운드에서 타격, 수비 훈련을 정상적으로 소화 중이다. 일부 선수들은 얼리 워크(Early Work)로 조기 출근 후 더 많은 훈련을 소화하기도 했다. 원정 팀 LG도 오후 3시30분 이후 대구 삼성 라이온즈 파크에 도착, 평소와 똑같이 야외 그라운드 훈련을 실시할 예정이다. 삼성과 LG는 이날 경기를 마치면 오는 10일부터 15일까지 엿새 동안 올스타 휴식기를 갖는다. 16일부터 삼성은 안방 대구에서 롯데 자이언츠와 후반기 첫 4연전을 치르게 된다. LG도 홈 잠실에서 KT 위즈와 후반기 첫 4연전에서 격돌한다. 사진=대구, 김지수 기자 김지수 기자 jisoo@xportsnews.com"
2026.07.09 15:01,“(이)의리 선발로 데려올 생각 없어…퓨처스에선 볼넷 잘 안 줘” 꽃범호...,마이데일리,"[마이데일리 = 부산 김진성 기자] “(이)의리를 선발로 데려올 생각은 없다.” KIA 타이거즈 이범호 감독이 후반기 마운드 운영의 대략적인 구상을 밝혔다. 8일 부산 롯데 자이언츠전을 앞두고 5+2선발을 언급했다. 아담 올러, 제임스 네일, 양현종, 황동하, 시라카와 케이쇼의 5선발에 이의리와 김태형을 롱릴리프로 사용할 뜻을 드러냈다. 아울러 후반기에는 불펜도 팀을 이길 수 있는 선수들 위주로 운영할 것이라고 선언했다. 역시 +2선발, 이의리와 김태형이 화두다. 두 사람은 후반기 비밀병기다. 선발이 조금 안 좋으면 3~4회라도 교체해서 이들을 투입, 최대한 승률을 높이는 게 이범호 감독의 기본 구상이다. 지난달 일본 유학을 다녀온 이의리는 지난 6일 울산 웨일즈전서 컨디션도 점검했다. 3이닝 2피안타 4탈삼진 1볼넷 무실점했다. 이범호 감독은 “의리와 태형이를 롱릴리프로 생각한다. 후반기에는 필승조를, 최대한 이기는 경기를 할 수 있는 친구들로 엔트리를 짤까 생각하고 있다. 많이 이기고 있으면 태형이나 의리를 쓰고, 또 많이 지고 있으면 그 친구들을 3~4이닝 정도 던지게 하려고 한다. 웬만하면 이기는 게임에 나가는 선수를 많이 보유해서, 2~3점 지고 있어도 다 집어넣어서 이기는 게임을 하려고 생각한다”라고 했다. 시라카와는 되도록 선발로 쓴다. 물론 상황에 따라 이의리, 김태형과 역할을 맞바꿀 가능성은 있다. 이범호 감독은 “시라카와는 선발에 두고, 뒤에서 길게 던지게 하려면 3~4닝에 6~70구를 던질 수 있게 해야 한다. 이기는 게임은 빡빡하게 운영해야 한다”라고 했다. 이의리에 대해 이범호 감독은 “후반기 시작하면 1군에 온다. 선발로 데려올 생각은 없다. 1~2이닝이 아니라 3~4이닝을 자기 구위를 보여주면서 던질 수 있는 친구가 필요하다. 퓨처스 등판 보고를 받았는데 나쁘지 않았다. 중계방송도 봤다. 볼넷도 별로 없었고 퓨처스에선 별로 안 준다”라고 했다. 이의리의 올 시즌 부진이 심리적인 측면이 크다는 얘기다. 이범호 감독은 “피칭하는 것도 다 봤고, 구위를 갖고 있는 친구니까 길게 쓸 수 있는 자리에서 쓰면서 기회가 생겼을 때 (선발로)들어가고, 이런 방법이 좋지 않을까 생각한다”라고 했다. 결국 5+2선발로 이 7명의 요원들이 잘 던져야 성공한다. 특히 이의리와 김태형이 이 역할에 잘 적응해야 한다. 7일 경기서 부진한 김태형에 대해 이범호 감독은 “구위는 괜찮았다. 1회만 잘 넘어갔다면 충분히 5회까지 던질 수 있지 않았을까”라고 했다."
2026.07.09 14:58,"'역대급 페이스' 레이예스, 최다안타 1위 등극→3년 연속 안타왕·GG까...",MHN스포츠,"(MHN 황혜성 기자) 롯데 자이언츠 빅터 레이예스가 드디어 최다안타 1위에 올라섰다. 레이예스는 8일 KIA전에서 3안타를 몰아치며 시즌 117안타를 기록했다. 84경기 만에 117안타 고지를 밟으며 ‘안타 기계’다운 면모를 보여주고 있다. 레이예스는 KBO리그 입성 첫해였던 2024시즌에는 202안타를 기록하며 역대 단일 시즌 최다 안타 기록을 새로 썼다. 지난 시즌에도 187안타로 안타 부문 1위에 오르며 2년 연속 안타왕을 차지했다. 올 시즌은 지난 두 시즌보다 더 빠른 페이스다. 2024시즌 전반기 종료 시점 레이예스는 80경기에서 109안타를 기록했다. 이를 144경기로 환산하면 약 196안타 페이스였다. 2025시즌 전반기에는 89경기에서 122안타를 때려 약 197안타 페이스를 보였다. 전반기 종료 1경기 남은 올해는 현재 84경기에서 117안타다. 144경기 약 201안타 페이스다. KBO 단일 시즌 최다 안타 기록을 세웠던 2024시즌 전반기보다도 빠르다. 물론 관건은 후반기 페이스 유지다. 2024년에는 후반기에도 꾸준히 안타를 쌓아 202안타라는 대기록을 만들었고, 2025년에는 전반기 122안타라는 압도적인 출발에도 최종 187안타로 시즌을 마쳤다. 올해도 현재 흐름만 놓고 보면 200안타 재도전이 가능하지만, 여름 이후 페이스 유지가 가장 중요한 변수다. 이미 두 시즌 연속 최다안타 1위에 오른 레이예스는 올 시즌 외국인 선수 최초 3년 연속 안타왕에 도전한다. 가장 강력한 경쟁자는 KT 위즈 최원준이다. 최원준은 현재 116안타를 기록 중이며, 전날 레이예스가 3안타를 몰아치기 전까지 최다안타 1위 자리를 지키고 있었다. 레이예스는 3시즌 연속 안타왕뿐 아니라 3시즌 연속 골든글러브까지 노린다. 올 시즌 84경기에서 타율 0.352, 11홈런, 61타점, 117안타, OPS 0.926을 기록하며 롯데 타선을 이끌고 있다. 시즌 전 장타력 부족을 이유로 교체를 주장하는 의견도 있었지만, 올 시즌 활약으로 재계약 당시의 우려를 무색하게 만들고 있다."
2026.07.09 14:57,[영상] 류지혁과 구본혁 아찔한 충돌에 갑론을박?,KBS,"프로야구 삼성과 LG의 경기에서 삼성 류지혁과 LG 구본혁이 1루에서 강하게 충돌해 류지혁이 업혀나가는 사고가 발생했습니다. 이 과정에서 LG 염경엽 감독이 비디오 판독을 요청하자 곳곳에서 야유가 나오기도 했습니다. 또 충돌 장면이 전광판에 반복적으로 노출되는 것에 충격을 받았다며 비판적인 목소리도 나왔습니다. 비디오 판독 시 해당 장면을 전광판에 보여주도록 하는 권고를 따른 것이었다지만, 위험한 장면이 반복 노출되면서 어린이가 눈물을 흘리기도 했습니다. KBO는 이 부분에 대한 구체적인 가이드라인을 논의하겠다고 밝혔습니다. 한편, KIA 포수 주효상은 네일의 투구에 목을 정통으로 맞아 한동안 일어나지 못했습니다. 집중력이 떨어지는 무더위의 계절, 부상에 대한 주의가 더 필요해 보입니다. ■ 제보하기 ▷ 전화 : 02-781-1234, 4444 ▷ 이메일 : kbs1234@kbs.co.kr ▷ 카카오톡 : 'KBS제보' 검색, 채널 추가 ▷ 유튜브, 네이버에서도 KBS뉴스를 구독해주세요! 정충희 기자 (leo@kbs.co.kr)"
2026.07.09 14:55,"대전 비 그쳤다! 대형 방수포 깔린 볼파크, 선수단 그라운드 야외 훈련 ...",엑스포츠뉴스,"(엑스포츠뉴스 대전, 김근한 기자) 한화 이글스와 NC 다이노스의 전반기 마지막 경기가 정상 개최 될 수 있을까. 우선 대전 지역에 내리는 비는 그친 상태다. 한화와 NC는 지난 8일 주중 시리즈 2차전을 우천 그라운드 사정 취소로 치르지 못했다. 한화와 NC는 9일 대전 한화생명볼파크에서 2026 신한 SOL뱅크 KBO리그 정규시즌 맞대결을 펼친다. 전날에 이어 이날도 대전 지역에 오전부터 비가 흩뿌리기 시작했다. 꽤 강한 비가 오전에 내리기도 했지만, 점차 빗줄기가 얇아지면서 현재 시점에선 비구름이 거의 사라졌다. 일찌감치 대형 방수포가 깔린 대전 한화생명볼파크에도 비가 내리지 않아 한화 선수단이 그라운드 야외 훈련을 소화하고 있다. 경기 시간 전까지 대전 지역 비 예보가 거의 사라진 가운데 정상 개최 가능성이 커지는 분위기다. 한편, 한화와 NC는 9일 맞대결 선발 투수로 각각 오웨 화이트와 구창모를 예고했다. 사진=대전, 김근한 기자 김근한 기자 forevertoss88@xportsnews.com"
2026.07.09 14:51,"‘불펜 잔혹사’ 미네소타, 고우석의 ‘우타자 저격+이닝 소화력’에 베팅했...",한겨레,"고우석(27)이 처음 메이저리그 계약을 한 것은 2024년 1월이었다. 그때는 고우석의 메이저리그 데뷔가 이렇게 오래 걸릴 줄은 몰랐다. 그 사이 고우석은 이적과 강등, 방출 수모를 겪으면서 온갖 마음고생을 했다. KBO리그에서 반짝였던 선수가, 미국에서는 그 빛을 잃어가고 있었다. 올해도 출발은 쉽지 않았다. 디트로이트 타이거스와 마이너 계약을 체결했다. 시즌 초반에는 팀 방침에 따라 더블A까지 내려갔다. 5월부터 트리플A에서 좋은 활약을 펼쳤지만, 디트로이트는 고우석에게 기회를 주지 않았다. 심지어 고우석은 일부 선수들이 행사할 수 있는, 특정 시점 옵트 아웃(FA 자격을 얻을 수 있는 권리)도 할 수 없었다. 현실의 높은 벽에 답답하게 가로막혀 있었다. 반전은 7월에 일어났다. 고우석은 마이너 계약 당시, ‘상향식 이동 조항’(upward mobility clause)을 넣었다. 원 소속 팀이 선수를 메이저리그 로스터에 넣을 생각이 없다면, 다른 팀들에 공시해서 트레이드로 데려갈 수 있도록 하는 규정이다. 고우석은 이 조항을 행사했고, 디트로이트는 다른 팀들의 문의를 기다렸다. 그리고, 미네소타 트윈스가 고우석에게 관심을 보이면서 현금 트레이드가 성사됐다. ‘상향식 이동’에서 짐작할 수 있듯, 미네소타는 고우석을 영입하면 메이저리그 로스터에 등록해야 했다. 시즌 내내 마이너리그에 있었던 선수를 메이저리그 로스터에 올리는 것은 위험 부담이 따른다. 심지어 다른 팀 마이너리그 선수라면 고민이 더 클 수밖에 없다. 이는 미네소타가 그만큼 고우석의 투구를 인상 깊게 봤다는 의미다. 미네소타가 고우석을 데려온 이유는 분명하다. 현재 미네소타 불펜은 메이저리그 전체에서 가장 빈약하다. 불펜 평균자책점 5.25는 메이저리그 최하위다. 6월 이후 평균자책점은 6.17로 더 나빠진다. 같은 기간 불펜이 허용한 9이닝 당 볼넷 4.4개, 9이닝 당 피홈런 1.7개도 낙제점이다. 불펜 재정비가 불가피했다. 불확실성도 높았다. 마무리 요엔드리스 고메스(26)를 비롯해 앤드류 모리스(24), 트래비스 애덤스(26), 에릭 오지(28) 등은 풀타임 경력이 짧거나 전무하다. 체력적인 부분과 부상 방지를 위한 이닝 관리가 절실했다. 올해 고우석은 마이너리그 도합 27경기(4세이브 평균 자책점 1.96)에 등판했다. 더블A 8경기, 트리플A 19경기로, 27경기 중 15경기가 아웃 카운트 4개 이상 처리한 멀티 이닝 등판이었다. 최대 3이닝까지 소화한 등판도 있었다. 불펜에 휴식이 필요한 미네소타로서는, 고우석의 이닝 소화력을 눈여겨봤다. 내용도 빼어났다. 트리플A에서 9이닝 당 탈삼진 10.4개, 피안타율도 0.162에 그쳤다. 특히 미네소타 불펜의 약점이었던 피홈런이 하나도 없었다. 올해 미네소타 불펜은 왼손 타자보다 오른손 타자를 상대로 더 고전했다. 오른손 타자 상대 피안타율이 0.274로 메이저리그에서 가장 높았다. 피장타율은 세 번째로 높았던 반면(0.433), 헛스윙률(22.4%)은 두 번째로 낮았다. 하지만 고우석은 트리플A에서 포심 패스트볼과 슬라이더, 커브를 앞세워 우타자 상대 성적 45타수 5안타, 피안타율 0.111를 기록했다. 피장타율은 0.156, 헛스윙률은 33.7%였다. 왼손 타자도 잘 처리했지만, 오른손 타자 상대로 더 자신이 있었다. 또한 미네소타 불펜은 커브를 던지는 투수가 극히 드물다. 실전에 쓰는 투수가 오지와 콜 샌즈뿐인데, 샌즈는 팔뚝 부상으로 빠져 있고, 오지는 매우 부진(36경기 평균자책점 5.66)하다. 이러한 와중에 고우석은 올해 커브를 보강하면서 쏠쏠하게 활용했다. 2024~2025년 커브 성적은 22타수 9안타, 피안타율 0.409 피장타율이 0.636에 달했지만, 올해 커브는 24타수 3안타로 피안타율이 0.125였고, 3안타가 모두 단타였다. 커브 헛스윙률 50%도 달라진 위력을 보여준다. 고우석은 마이너리그에서 담금질을 마쳤다. 긴 기다림 끝에 드디어 메이저리그 데뷔를 앞두고 있다. 곧바로 잘 던지면 더할 나위 없겠지만, 일단 꿈에 그리던 그 순간을 만끽하길 바란다. 어떠한 역경에도 포기하지 않았던 선수는, 충분히 그 자격이 있다. 이창섭 SPOTV 메이저리그 해설위원 pbbless@naver.com"
2026.07.09 14:50,[부고] 안상준(울산웨일즈 코치)씨 모친상,스포츠서울,"●최정자님 별세, 안상준(울산웨일즈 코치)씨 모친상=9일, 빈소 부산시민장례식장 203호, 발인 11일 오전 9시, 장지 영락공원."
2026.07.09 14:49,프로야구 퓨처스 올스타전 선수 4명 교체…이도훈 등 대체 발탁,뉴스1,"(서울=뉴스1) 이상철 기자 = 프로야구 퓨처스(2군) 올스타전에 출전 예정이었던 북부리그 올스타 최윤호(한화 이글스)와 김정민(SSG 랜더스), 남부리그 올스타 김정운(KT 위즈)과 이서준(롯데 자이언츠)이 부상으로 낙마했다. 한국야구위원회(KBO)는 9일 ""북부리그 올스타 최윤호와 김정민 대신 이도훈(한화)과 이원준(SSG)이 대체 선수로 선발됐다. 또한 남부리그 올스타 김정운과 이서준이 장민호(KT)와 이지훈(롯데)으로 교체됐다""고 밝혔다. 2026 KBO 퓨처스 올스타전은 10일 오후 6시 서울 잠실구장에서 펼쳐진다. 퓨처스 올스타전 종료 후에는 홈런 더비를 진행한다. rok1954@news1.kr"
2026.07.09 14:48,‘우즈(WOODZ)’ 공연-썸머레이스 등 풍성한 팬 이벤트…2026 KB...,스포츠서울,"[스포츠서울 | 김동영 기자] 한국야구위원회(KBO)가 잠실구장에서 10일 막을 올리는 올스타 프라이데이와 11일 펼쳐지는 KBO리그 별들의 축제 2026 KBO 올스타전의 전체 행사 계획을 확정했다. 올스타전의 전초전이 될 올스타 프라이데이에는 10일 오후 3시10분부터 ‘넥스트레벨 매치’가 펼쳐진다. 이번 경기는 작년 ‘넥스트 레벨 트레이닝 캠프(Next-Level Training Camp)’를 수료하고 기량을 갈고닦은 고등학교 2학년 선수들이 참가한다. 오는 2028 신인드래프트에 참여할 KBO리그의 유망주를 미리 만나볼 수 있는 시간이 될 예정이다. 넥스트레벨 매치 이후 오후 6시부터는 북부리그(한화 LG SSG 두산 고양 상무) 와 남부리그(KT NC 롯데 삼성 KIA 울산)가 맞붙는 퓨처스 올스타전이 개최된다. 지난 2024년 첫선을 보인 이후 큰 관심을 받았던 퓨처스 올스타전 베스트 퍼포먼스상 시상은 올해도 이어진다. 퓨처스 선수들이 펼칠 다채로운 퍼포먼스는 야구장을 찾은 팬들에게 즐거움을 선사할 예정이다. 수상자는 100% 팬 투표를 통해 선정된다. 퓨처스 올스타전 베스트 퍼포먼스상 수상자는 퓨처스리그 타이틀 스폰서인 메디힐의 후원으로 상금 100만원과 함께 메디힐 제품이 부상으로 주어진다. 퓨처스 올스타전 종료 후에는 팬 투표로 선정된 거포 8인이 맞붙는 ‘컴투스프로야구 홈런더비’가 펼쳐진다. 올해 홈런더비는 ‘시간제’를 먼저 진행했던 작년과 다르게 ‘아웃제’를 먼저 진행하며, 타자가 예선 5아웃, 결승 7아웃을 모두 소진하면 1분간 ‘컴프야 피버타임’이 주어진다. 아웃카운트 소진 후 30초의 휴식시간이 주어지며 피버타임 동안은 투구 수 제한 없이 자유롭게 타격할 수 있다. 올스타전 당일인 11일 오후 3시부터 잠실구장의 외야 그라운드에서 팬 사인회가 진행되어, 팬들이 올스타 선수들과 가까이서 소통할 수 있다. 선수들은 평소 경기를 펼치던 그라운드에서 팬들과 대화하고 기념 사진을 촬영하는 등 특별한 추억을 선사할 예정이다. 팬 사인회 참여권은 7일까지 올스타전 예매자 중 120명을 추첨해 1인 2매씩 증정하며, 당첨자는 8일 KBO 홈페이지 공지 및 개별 연락을 통해 안내했다. 또한 10일과 11일 이틀간 잠실종합운동장 2주차장 팬페스트존에 플레이 존이 운영되어, 팬들이 직접 피칭과 배팅을 경험하며 야구를 즐길 수 있는 특별한 기회를 제공한다. 10일에는 퓨처스 올스타 선수 4명, 11일에는 올스타 선수 4명이 참여해 배팅존과 피칭존에서 팬들에게 타격과 투구에 대한 원포인트 레슨을 진행한다. 참가 선수 및 진행 시간 등 자세한 사항은 KBO 공식 SNS를 통해 확인할 수 있다. 이 외에도 팬페스트존에는 ▲신한은행 ▲동아오츠카&스포츠안전재단 ▲컴투스프로야구 ▲코스모폴리탄 ▲CJ온스타일 ▲CGV ▲삼천리자전거 ▲바디프랜드 ▲건강보험심사평가원 ▲알디콤 ▲한국프로야구선수협회 ▲체육시설관리사업소 부스가 운영되며, 그밖에 2026 KBO Z-CREW 존, Re:잠실 테마 특별 부스, 포토존, 트레이딩 존 등 다양한 체험 공간도 마련될 예정이다. 오후 4시30분부터는 선수와 팬이 한 팀이 되어 달리는 ‘신한 슈퍼 썸머레이스’가 본격적으로 시작된다. 올스타전의 대표 행사로 자리 잡은 신한 슈퍼 썸머레이스는 공모를 통해 선정된 성인 남녀 팬 2명, 각 구단의 선수 2명, 그리고 구단 마스코트가 한 팀을 이뤄 참가하는 릴레이 게임이다. 전체 6개의 구간(자전거, 공 굴리기, 오뚝이 허들, 점핑볼 릴레이, 아슬아슬 스푼, 깃발 뽑기)의 장애물 코스를 통과하며 토너먼트 형식으로 우승팀을 가린다. 특히 올해는 잠실구장을 홈으로 사용하는 LG와 두산에 부전승 혜택을 부여하고, 준준결승 상위 2개 팀까지 준결승 진출 자격을 주는 등 경기 참여 기회를 대폭 확대했다. 지난 다섯 차례 대회에서는 2019년 이정후·샌즈(키움), 2022년 서진용·박성한(SSG), 2023년 김민석·김원중(롯데), 2024년 정보근·황성빈(롯데)과 박지환·문승원(SSG) 그리고 2025년 이호성·배찬승(삼성)이 팬들과 한 팀을 이뤄 우승을 차지했다. 올스타전 경기 개시에 앞서 애국가 제창이 진행되며, 대한민국 공군 특수비행팀인 블랙이글스의 화려한 에어쇼가 펼쳐진다. 고도의 팀워크를 바탕으로 잠실구장 하늘을 역동적으로 수놓을 블랙이글스의 비행은, 잠실구장 마지막 올스타전의 현장 분위기를 한층 고조시킬 전망이다. 오후 6시부터는 2026 KBO 올스타전 본 경기가 펼쳐진다. 나눔 올스타(LG 한화 NC KIA 키움)와 드림 올스타(SSG 삼성 KT 롯데 두산)의 맞대결로, 나눔 올스타가 3루 더그아웃, 드림 올스타가 1루 더그아웃을 사용한다. 경기는 나눔 올스타의 선공으로 포문을 연다. 경기 외에도 한여름 무더위를 달래줄 ‘신한 슈퍼 워터페스티벌’과 이닝 교대 시간을 활용한 다양한 전광판 이벤트가 준비되어 있다. 베스트 퍼포먼스상 선정을 위한 팬 투표 QR코드는 퓨처스 올스타전과 올스타전 양일 모두 경기 7회초 종료 후 전광판 및 KBO 공식 SNS를 통해 공개될 예정이다. 신한 슈퍼 워터페스티벌은 10일과 11일 양일간 운영된다. 경기 중 안타나 홈런 등 주요 상황마다 시원한 물줄기가 분사되어 축제 분위기를 끌어올릴 예정이다. 또한 올스타 프라이데이 홈런더비의 그라운드 정비 시간과 올스타전 5회말 종료 후 클리닝타임에는 팬 노래방이 함께 진행되어 관중들에게 색다른 추억을 선사한다. 11일 올스타전 5회말 종료 후 클리닝타임에는 CJ CGV의 후원으로 매년 큰 화제를 모으고 있는 ‘CGV 클리닝타임쇼’가 올해도 펼쳐진다. 폭발적인 가창력과 탄탄한 음악성으로 역주행 신화를 쓰며 인기를 모은 가수 우즈(WOODZ)는 ‘Drowning’ 등 대중에게 익숙한 멜로디와 시원한 라이브로 올스타전의 열기를 최고조로 끌어올려 야구장을 열광의 도가니로 물들일 예정이다. 경기 종료 후에는 잠실의 밤하늘을 화려하게 수놓을 불꽃놀이를 끝으로 2026 KBO 올스타전의 막이 내린다. raining99@sportsseoul.com"
2026.07.09 14:42,"[공식 발표] 한화 최윤호·SSG 김정민·KT 김정운·롯데 이서준, 퓨처...",마이데일리,"[마이데일리 = 김경현 기자] 아쉬운 소식이 전해졌다. KBO는 9일 ""2026 KBO 퓨처스 올스타전에 출전 예정이었던 북부리그 올스타 최윤호(한화)와 김정민(SSG), 남부리그 올스타 김정운(KT)과 이서준(롯데)이 부상으로 인해 각각 이도훈(한화), 이원준(SSG), 장민호(KT), 이지훈(롯데)으로 교체됐다""고 공식 발표했다. 2026년 한화와 육성선수 계약을 맺은 외야수 최윤호는 퓨처스리그 58경기 34안타 2홈런 13도루 34득점 12타점 타율 0.309 OPS 0.926을 기록 중이었다. 외야수 김정민은 2023 신인 드래프트 3라운드 25순위로 SSG의 지명을 받았다. 2군서 35경기 32안타 16득점 9타점 타율 0.281 OPS 0.701의 성적을 남겼다. 사이드암 투수 김정운은 2023 신인 드래프트 1라운드 10순위로 KT 유니폼을 입었다. 올해 퓨처스리그에서 20경기 1승 2패 2홀드 평균자책점 1.54를 기록했다. 내야수 이서준은 2026 신인 드래프트 3라운드 24순위로 롯데에 지명을 받았다. 2군 20경기 19안타 12득점 9타점 타율 0.279 OPS 0.760의 성적을 남겼다. 한편 2026 퓨처스 올스타전은 10일 서울 잠실야구장에서 열린다."
2026.07.09 14:36,"'우즈 공연부터 블랙이글스 에어쇼까지' 2026 KBO 올스타전, 잠실 ...",OSEN,"[OSEN=홍지수 기자] 2026 신한 SOL KBO 올스타전이 야구와 공연, 체험 이벤트가 어우러진 역대급 축제로 팬들을 찾는다. KBO는 오는 10~11일 잠실야구장에서 열리는 올스타 프라이데이와 올스타전의 세부 행사 계획을 확정했다. 올스타 프라이데이인 10일에는 오후 3시 10분 '넥스트레벨 매치'가 가장 먼저 열린다. 지난해 넥스트 레벨 트레이닝 캠프를 수료한 고교 2학년 유망주들이 참가해 2028 KBO 신인드래프트를 앞둔 차세대 스타들의 기량을 선보인다. 이어 오후 6시부터는 북부리그와 남부리그가 맞붙는 퓨처스 올스타전이 펼쳐진다. 퓨처스 올스타전에서는 지난해 큰 호응을 얻었던 '베스트 퍼포먼스상'이 올해도 이어진다. 수상자는 팬 투표 100%로 결정되며 상금 100만 원과 메디힐 제품이 부상으로 지급된다. 경기 종료 후에는 팬 투표로 선정된 거포 8명이 출전하는 '컴투스프로야구 홈런더비'가 열린다. 올해는 예선 5아웃, 결승 7아웃 방식으로 진행되며 아웃카운트 종료 후 1분간 '컴프야 피버타임'이 추가돼 더욱 박진감 넘치는 승부를 예고했다. 11일 올스타전 당일에는 오후 3시부터 외야 그라운드에서 팬 사인회가 진행된다. 이후 팬페스트존에서는 피칭존과 배팅존, KBO Z-CREW 존, 'Re:잠실' 특별 전시, 포토존, 트레이딩존 등 다양한 체험 프로그램이 운영된다. 올스타 선수와 퓨처스 올스타 선수들이 직접 팬들에게 타격과 투구를 알려주는 원포인트 레슨도 마련돼 특별한 추억을 선사한다. 오후 4시 30분에는 올스타전 대표 이벤트인 '신한 슈퍼SOL 썸머레이스'가 펼쳐진다. 선수와 팬, 구단 마스코트가 한 팀을 이뤄 자전거, 공 굴리기, 점핑볼 릴레이 등 6개 장애물 코스를 통과하는 릴레이 게임이다. 올해는 잠실을 홈으로 사용하는 LG와 두산이 부전승 혜택을 받는 등 경기 방식도 일부 변경됐다. 오후 6시에는 나눔 올스타(LG·한화·NC·KIA·키움)와 드림 올스타(SSG·삼성·KT·롯데·두산)가 맞붙는 본 경기가 시작된다. 경기 전에는 대한민국 공군 특수비행팀 블랙이글스의 에어쇼가 잠실 하늘을 수놓으며 마지막 잠실 올스타전의 의미를 더할 예정이다. 경기 중에는 '신한 슈퍼SOL 워터페스티벌'이 진행돼 안타와 홈런 등 주요 순간마다 시원한 물줄기가 분사된다. 또한 전광판 이벤트와 팬 노래방 등 다양한 프로그램이 이어지며 축제 분위기를 끌어올린다. 올스타전의 하이라이트 중 하나인 클리닝타임 공연도 빼놓을 수 없다. 11일 5회말 종료 후에는 CJ CGV 후원으로 열리는 'CGV 클리닝타임쇼'에서 가수 우즈(WOODZ)가 무대에 오른다. 'Drowning' 등 대표곡을 라이브로 선보이며 잠실야구장을 뜨겁게 달굴 예정이다. 모든 일정이 끝난 뒤에는 화려한 불꽃놀이가 잠실의 밤하늘을 수놓으며 2026 신한 SOL KBO 올스타전의 대미를 장식한다. 야구와 공연, 체험이 어우러진 올스타 축제가 팬들에게 잊지 못할 추억을 선사할 전망이다. /knightjisu@osen.co.kr"
2026.07.09 14:35,‘하현승·엄준상·김지우 등 총출동’ 한국 U-18 대표팀 명단 확정…아시...,스포츠서울,"[스포츠서울 | 김동영 기자] 대한야구소프트볼협회(KBSA)가 오는 9월7일부터 13일까지 대만 타이베이에서 개최되는 제14회 아시아청소년야구선수권대회(U-18)에 참가할 청소년 국가대표 코치진과 선수를 최종 확정했다. 협회는 지난 6일 경기력향상위원회 회의를 개최하고, 청원고 김수관 감독(수석코치), 순천효천고BC 정진 감독(투수코치), 전주고 최대곤 감독(야수코치), 중앙고 남인환 감독(불펜코치)을 분야별 코치로 선임하였으며, 포지션별 선수를 최종 엔트리로 선발했다. 덕수고 정윤진 감독이 이끄는 청소년 국가대표 선수단에는 메이저리그(ML) 구단들의 뜨거운 러브콜을 받은 초고교급 이도류 유망주들이 대거 승선했다. 투타겸업으로 뉴욕 양키스의 파격적인 제안을 거절하고 국내 무대를 택한 하현승(부산고3)과 비공식 시속 157㎞의 강속구를 자랑하는 윤예성(인창고3)이 대표팀 마운드를 이끈다. 또한 한화이글스배 고교·대학 올스타전 MVP를 차지한 박근서(서울디자인고3)와 황금사자기 준우승을 이끈 유일한 2학년 투수 한규민(대전고2)에 더해, 195㎝의 장신에서 강속구를 뿜어내는 오른손 정통파 곽도현(부산공고3)과 묵직한 속구를 앞세운 김민훈(광주진흥고3)이 합류해 철벽을 세운다. 내야진에는 탁월한 수비 능력을 자랑하는 우주로(대전고3)와 남현우(서울컨벤션고3)가 탄탄한 그물망 수비로 내야 전체를 진두지휘한다. 여기에 최근 ML 애리조나와 공식 입단 계약을 체결한 투타겸업의 핵심 엄준상(덕수고3)과 ‘제2의 김도영’으로 불리는 김지우(서울고3)가 중심을 잡으며, 날카로운 스윙과 주력을 겸비한 강인규(청주고3)도 활력을 더한다. 외야와 안방 역시 견고한 짜임새를 갖췄다. 황금사자기 우승의 주역인 공수겸장 외야수 장민제(충암고3)와 빠른 발을 활용해 공격의 첨병 역할을 할 조희성(유신고3)이 외야 타선을 이끌고, 안방은 영리한 리드를 자랑하는 원지우(강릉고3)와 2학년 주전 전영훈(세광고2)이 든든하게 책임진다. 타선에서는 폭발적인 장타력을 보유한 이호민(경남고3)과 188㎝, 110㎏의 체격에서 파괴력을 뿜어내는 황성현(덕수고3)이 엮어내는 막강한 거포 라인이 중심타선에서 맹활약할 것으로 기대된다. 이번 제14회 아시아청소년야구선수권대회(18세 이하)는 총 8개국이 참가하며, 2개 조 예선 라운드 상위 2팀이 슈퍼라운드에 진출해 예선 라운드 상대 전적(1경기)과 슈퍼라운드 성적(2경기)을 합산한 종합 성적 최종 상위 2팀이 결승전에 진출한다. 한편 협회는 아시아 정상 탈환을 목표로 8월 중순 선수단을 소집해 국내 강화훈련을 실시하고 팀 전력과 조직력을 극대화한 후 대만으로 출국할 예정이다. 특히 한국야구위원회(KBO)에서 올해부터 국가대표팀의 국제 경쟁력 강화를 위해 관련 예산 3억원을 추가 지원함에 따라, 이번 대회를 비롯한 세계대학야구대회, 아시아유소년야구대회(12세 이하), 세계야구선수권대회(23세 이하) 등 각급 연령별 국가대표 선수단 파견 및 운영에 더 많은 지원이 가능하게 됐다. raining99@sportsseoul.com"
2026.07.09 14:33,"외국인 독차지하던 MVP...올해는 토종이 앞선다, 투수 7개 부문 1위...",마니아타임즈,[진병두 마니아타임즈 기자] 외국인 선수들이 독차지하던 판이 올해는 달라졌다. 최근 KBO리그 MVP를 외국인 선수가 도맡던 흐름과 달리 올 전반기에는 국내 선수들의 활약이 두드러진다. 과거의 흐름은 뚜렷했다. 10개 구단 체제가 된 2015년부터 지난해까지 11시즌 중 외국인 선수가 MVP를 차지한 것은 7차례나 됐다. 지난해에도 폰세와 디아즈가 2파전을 벌인 끝에 폰세가 트로피를 안았다. 그러나 올해는 토종의 강세가 뚜렷하다. 특히 투수 부문에서 국내 선수들이 평균자책점과 다승 탈삼진 등 7개 부문 1위를 모두 차지한 것이다. 최민석이 평균자책점 선두에 올랐고 임찬규가 올러와 다승 공동 1위 곽빈이 탈삼진 1위다. 세이브와 홀드에서도 김재윤과 김진성이 선두를 지켰다. 류현진도 8승 2패로 녹슬지 않은 기량을 과시했다. 부상으로 이탈한 외국인 투수가 많았던 점이 국내 투수들의 약진으로 이어졌다는 평가다. 타격 경쟁은 더욱 치열하다. 최원준이 타율 1위를 달리는 가운데 홈런은 오스틴이 27개로 김도영을 한 개 차로 앞섰고 타점은 강백호가 1위다. 출루율은 박민우 도루는 황성빈이 선두다. 다만 변수도 남아 있다. 9월 아시안게임에 선발된 최민석과 곽빈 김도영이 대회 기간 리그에 나설 수 없어 타이틀 경쟁에 영향을 줄 전망이다. 신인왕 경쟁도 뜨겁다. 12홈런 45타점의 허인서가 가장 앞선 가운데 키움 마운드의 버팀목인 박준현이 강력한 경쟁자로 꼽힌다. [진병두 마니아타임즈 기자/maniareport@naver.com] 기사제보 및 보도자료 report@maniareport.com
2026.07.09 14:32,"송성문, 애리조나전 멀티 출루에 2득점…타율 0.221",KBS,"미국 프로야구 샌디에이고의 내야수 송성문이 3경기 만에 멀티 출루에 성공하며 팀 승리에 앞장섰습니다. 송성문은 오늘(9일) 애리조나와의 홈 경기에 9번 타자 3루수로 선발 출전해 3타수 1안타 1볼넷 1타점 2득점으로 활약했습니다. 송성문이 한 경기에서 두 차례 이상 출루한 건 6일 LA 다저스전에서 안타 1개와 볼넷 1개를 기록한 뒤 3경기 만입니다. 송성문의 시즌 타율은 0.216에서 0.221(77타수 17안타)로 조금 올랐습니다. 송성문은 팀이 1대0으로 뒤진 3회초 1아웃에서 애리조나 선발 호세 카브레라를 상대로 볼넷을 얻어 출루했습니다. 이후 송성문은 후속 타자 페르난도 타티스 주니어의 3루 기습 번트 내야 안타 때 2루에 안착한 뒤 상대 허를 찌르는 3루 도루에 성공했고, 잭슨 메릴의 1루 방면 투수 앞 땅볼 때 홈을 밟아 선취점을 뽑아냈습니다. 송성문은 팀이 5대1로 앞선 6회말 공격에서는 1타점 적시타를 터뜨렸습니다. 1아웃 2루 기회에서 애리조나의 오른손 불펜 투수 테일러 클라크를 상대로 낮은 코스의 체인지업을 걷어내 우익수 앞 안타를 쳤습니다. 송성문은 이후 클라크의 견제 실책 때 2루를 밟은 뒤 타티스 주니어의 좌전 적시타 때 득점을 추가했습니다. 송성문은 팀이 10대3으로 앞선 7회말 2아웃 1루 기회에선 2루 땅볼로 물러났습니다. 송성문이 활약한 샌디에이고는 10대4로 승리했습니다. [사진 출처 : AFP=연합뉴스] ■ 제보하기 ▷ 전화 : 02-781-1234, 4444 ▷ 이메일 : kbs1234@kbs.co.kr ▷ 카카오톡 : 'KBS제보' 검색, 채널 추가 ▷ 유튜브, 네이버에서도 KBS뉴스를 구독해주세요! 하무림 기자 (hagosu@kbs.co.kr)"
2026.07.09 14:30,"KBO, 올스타 프라이데이서 '넥스트레벨 매치' 개최",스포츠투데이,"[스포츠투데이 이상필 기자] 올스타 프라이데이에서 넥스트레벨 매치가 펼쳐진다. KBO는 10일 오후 3시 10분부터 잠실야구장에서 2026 신한 SOL KBO 올스타 프라이데이 넥스트레벨 매치를 개최한다. 지난 2022년부터 시작된 넥스트레벨 캠프는 지난해부터 학년별 권역별/전국권 캠프 구조를 확립하여 프로그램 구조화의 기틀을 마련했다. 올해부터는 대상 학년을 중2까지 확대하고 해외 파견 프로그램을 도입하는 등 14세부터 17세까지 연속적으로 이어지는 엘리트 유망주 육성 파이프라인을 구축하고 있다. 특히 올해 처음 신설된 올스타 프라이데이 넥스트레벨 매치는 KBO 엘리트 육성 파이프라인의 최종 무대로 지난해 고1 캠프 수료 선수(총 125명) 중 38명의 선수를 초청했다. 이를 통해 미래 한국 야구의 별들이 드래프트를 1년 앞두고 KBO 올스타전에서 자신의 기량을 펼치고 동기부여 할 수 있는 자리를 가질 수 있도록 했다. 38명의 선수가 Team Next와 Team Level로 나뉘어 대결을 펼치며, 투수들의 경우 1이닝씩 등판할 예정이다. 또한 선수 보호를 위해 투구수 제한 30개, 30개 초과 시 이닝교대를 하는 특별룰이 적용된다. 양팀의 코칭스태프는 KBO 육성위원을 비롯한 올해 넥스트레벨 캠프에 참가했던 지도자들이 나뉘어 맡는다. 김한수 감독과 정진호, 이원석, 김명성 코치가 Team Next를, 권오준, 이성우, 채종국, 민병헌 코치가 Team Level을 각각 맡게 된다. [스포츠투데이 이상필 기자 sports@stoo.com]"
2026.07.09 14:28,"‘야구여왕2’ 윤석민 등판, 최종 1인 가린다",스포츠경향,"“이건 직구가 아니라 미사일인데?.” 채널A ‘야구여왕2’의 추신수 감독과 이대형·윤석민 코치가 트라이아웃의 ‘마지막 퍼즐’을 찾기 위해 지원자들을 상대로 ‘끝장 테스트’에 돌입한다. 9일(오늘) 오후 10시 첫 방송되는 채널A ‘야구여왕2’(연출 신재호)에서는 국내 50번째 여자 야구단 ‘블랙퀸즈’가 시즌2를 함께할 단 3명의 선수를 영입하는 ‘트라이아웃’ 현장이 공개된다. 총 47개 종목 308명 지원자 중 사전 테스트를 통과한 단 18명만이 트라이아웃에 참여해 역대급 퍼포먼스를 펼쳐, 감코진을 깊은 고민에 빠트린다. 트라이아웃 결과 두 명의 선수가 만장일치로 합격한 가운데, 마지막 한 자리를 두고 지원자들의 다양한 능력치를 파악하기 위한 정밀한 입단 심사가 다시 진행된다. 특히 당장 경기에 투입할 수 있는 ‘즉시 전력감’을 찾기 위한 기량 평가가 집중적으로 펼쳐진다. 깔끔한 스텝 후 완벽한 송구를 보여주는 지원자들의 움직임에 ‘원조 3루수’ 김성연도 “인정한다”라며 엄지를 치켜세운다. 더불어 지원자들은 내야 수비 포지션을 꿰차기 위해 너도나도 ‘빨랫줄 송구’ 실력을 뽐내 원년 멤버들의 감탄을 자아낸다. 이에 ‘캡틴’ 김온아 또한 “누굴 뽑아야 해?”라며 대리 고민에 빠진다. 최종 멤버를 영입하기 위한 마지막 관문은 ‘극한 타격 테스트’로, 윤석민 코치가 직접 마운드에 올라 ‘풀 파워’ 투구를 선보이며 지원자들이 실전에 바로 투입될 수 있을지를 가늠해본다. 차원이 다른 구속과 구위에 “이건 직구가 아니라 미사일인데?”라는 탄성이 쏟아지는데, 초구부터 ‘컨택’에 성공한 지원자들이 속속 등장해 놀라움을 안긴다. 이에 추신수 감독은 “구단에서 엔트리를 넓혀 줘야지!”라면서 마지막 한 자리에 들어갈 선수를 두고 장고를 이어간다. 혹독한 최종 검증을 거쳐 블랙퀸즈의 새 멤버로 합류할 주인공이 누구일지 궁금증이 쏠린다. 비시즌기 꾸준한 훈련 및 역대급 실력의 신규 멤버 영입을 통해 ‘초강팀’으로 돌아온 블랙퀸즈의 새로운 이야기는 9일(오늘) 오후 10시 첫 방송되는 채널A ‘야구여왕2’에서 확인할 수 있다. 안병길 기자 sasang@kyunghyang.com"
2026.07.09 14:27,"2026 KBO 올스타 프라이데이, ‘넥스트레벨 매치’ 열린다…미래 주역...",스포츠서울,"[스포츠서울 | 김동영 기자] 한국야구위원회(KBO)가 10일 오후 3시10분부터 잠실구장에서 2026 KBO 올스타 프라이데이 넥스트레벨 매치를 개최한다. KBO가 2022년부터 ‘Next-Level Training Camp(넥스트레벨 트레이닝 캠프)’를 진행하고 있다. KBO리그의 미래 자원인 우수 유소년 선수 육성을 위해서다. 엘리트 육성 파이프라인 구축을 목표로 한다. 지난해부터 학년별 권역별·전국권 캠프 구조를 확립해 프로그램 구조화의 기틀을 마련했다. 올해부터는 대상 학년을 중2까지 확대하고 해외 파견 프로그램을 도입하는 등 14세부터 17세까지 연속적으로 이어지는 엘리트 유망주 육성 파이프라인을 구축하고 있다. 올해는 실제 경기도 치른다. ‘넥스트레벨 매치’라 명명했다. 고등학교 2학년 선수들이 KBO리그 팬들 앞에 선다. KBO 엘리트 육성 파이프라인의 최종 무대다. 작년 고1 캠프 수료 선수(총 125명) 중 38명의 선수를 초청했다. 미래 한국 야구의 별들이 드래프트를 1년 앞두고 KBO 올스타전에서 자신의 기량을 펼치고 동기부여 할 수 있는 자리를 마련하고자 기획했다. 경기는 오후 3시10분부터 7이닝 경기(2시간 제한)로 진행된다. 38명의 선수가 Team Next와 Team Level 두 팀으로 나뉘어 출전한다. 투수들의 경우 1이닝씩 등판할 예정이며, 선수 보호를 위해 투구수 제한 30개, 30개 초과 시 이닝교대를 하는 특별룰이 적용될 예정이다. 한편 양 팀 코치진은 KBO 육성위원을 비롯한 올해 넥스트레벨 캠프에 참가했던 지도자들이 나뉘어 맡는다. 김한수 감독과 정진호 이원석 김명성 코치가 Team Next를, 권오준 이성우 채종국 민병헌 코치가 Team Level을 각각 맡게 된다. raining99@sportsseoul.com"
2026.07.09 14:25,"KBO, 2026 올스타전서 팔도·hy 신제품 '아리(ARIH)'와 연계...",스타뉴스,"[스타뉴스 | 박수진 기자] KBO(한국야구위원회)가 오는 10일과 11일 양일간 잠실야구장에서 개최되는 '2026 신한 SOL KBO 올스타전'에서 올스타전 공식 굿즈 구매 고객을 대상으로 식음료 기업 hy의 글로벌 신제품 브랜드 '아리(ARIH)'와 연계한 현장 이벤트를 진행한다고 밝혔다. KBO에 따르면 이번 행사는 올스타전 공식 굿즈 구매 고객을 대상으로 식음료 기업 hy의 글로벌 신제품 브랜드 '아리(ARIH)'와 연계해 무더위를 날릴 시원한 혜택을 선사하고자 마련됐다. 프로모션은 잠실야구장 외야 캐치볼장 내 'KBO 마켓' 부스에서 올스타 프라이데이와 올스타전 본 행사 양일간 운영된다. 현장 프로모션을 진행하는 '아리(ARIH)'는 팔도와 hy가 선보인 글로벌 브랜드다. 기획 단계부터 방탄소년단이 직접 참여해 맛과 패키지 디자인 등에 아티스트의 의견을 투영하며 큰 화제를 모은 바 있다. 미국 출시 직후 월마트 베스트셀러에 올랐으며, 국내 사전 출시 기획세트 역시 당일 완판을 기록하는 등 국내외에서 높은 관심을 받고 있다. 행사 기간 동안 KBO 마켓에서 올스타 공식 MD 제품을 구매한 고객에게는 hy의 글로벌 신제품 '아리 모던 누들' 1팩을 선착순으로 랜덤 증정한다. 증정 제품인 '아리 모던 누들'은 특화된 면 텍스처로 탄력 있는 식감을 살린 볶음면 제품이다. 야구팬들이 현장에서 쉽게 참여할 수 있는 SNS 이벤트도 동시 전개된다. 현장 안내에 따라 '아리(ARIH)' 한국 공식 인스타그램 계정을 팔로우한 관람객에게는 식이섬유를 함유한 '아리 듀얼 바이오틱 소다' 2캔을 랜덤 증정한다. 아울러 현장에서 야구장의 추억을 필수 해시태그(#ARIH, #잠실야구장)와 함께 인스타그램에 공유하면 추첨을 통해 추가 제품을 증정하는 이벤트도 함께 진행된다. hy 관계자는 ""한국 프로야구 최대 축제인 KBO 올스타전에서 야구팬들과 직접 만나 글로벌 시장에서 주목받고 있는 '아리' 브랜드를 선보이게 되어 기쁘다""며 ""무더운 여름 잠실야구장을 찾은 팬들이 아리와 함께 한층 더 시원하고 즐거운 추억을 남기시길 바란다""고 전했다. 한편, 이번 현장 이벤트는 준비된 수량이 소진될 경우 조기 종료될 수 있다. 박수진 기자 bestsujin@mtstarnews.com"
2026.07.09 14:23,굿바이 잠실! 가장 많이 ‘별들의 축제’ 개최했던 잠실구장…역대 올스타 ...,스포츠경향,"프로야구 원년인 1982년 준공된 잠실구장이 철거 전 마지막 올스타전을 맞이한다. 잠실구장은 올스타전을 가장 많이 개최한 구장이다. KBO리그 출범 두 번째 해인 1983년 처음으로 올스타전을 개최했고 총 올해를 포함해 총 14회나 올스타전의 무대가 됐다. KBO리그 초창기에는 프로야구 흥행과 더불어 관중 수용력이 높은 구장을 찾다보니 잠실에서 주로 올스타전을 개최하곤 했다. 1982년부터 1985년까지는 올스타전이 3연전으로 치러졌는데 1982년을 제외하고 잠실구장에서는 꼭 경기가 열렸다. 특히 1984년에는 3만 5000명이 잠실구장을 찾았는데 이는 올스타전 역대 최다 관중 기록이다. 잠실구장 관중석 수가 2010년 2만7000석, 그리고 2022년부터는 2만3750석으로 감소하면서 이같이 많은 관중 기록은 다시 나오지 않았다. 빙그레가 1986년 합류하며 7구단 체제가 된 이후에는 정규시즌 경기 일수가 늘어나면서 올스타전이 단판 경기로 축소됐다. 그리고 1996년까지 잠실구장과 사직구장이 격년으로 올스타전을 개최했다. 1997년부터 대구 시민 구장을 시작으로 다른 전국 구장에서 올스타전이 개최되면서 잠실구장에서 개최 횟수가 줄어들었다. 2000년대 들어서는 KBO리그 역사상 기념비적인 해마다 올스타전이 잠실구장에서 펼쳐졌다. 2001년 프로야구 20주년을 맞아 다시 잠실에서 올스타전이 열렸고 2006년에도 잠실구장에서 ‘별들의 잔치’를 벌인 뒤 프로야구 출범 30주년을 맞이한 2011년에도 기념적인 올스타전을 개최했다. 그리고 20년 뒤 2022년에도 40주년을 맞아 올스타전이 잠실에서 열렸다. 이후 4년 만에 다시 잠실구장 철거 전 마지막 올스타전이 잠실구장에서 열리게 된 것이다. 프로야구 초창기 인기몰이의 터전이었던만큼 의미 있는 기록들도 많이 나왔다. 잠실구장에서 열린 첫 올스타전에서는 OB의 신경식이 대구구장에서 열린 1차전, 그리고 잠실구장에서 열린 3차전(2차전은 우천 취소)에서 7타수 3안타 1홈런으로 활약해 MVP에 선정됐다. 과거 동군, 서군으로 분류 되었고 이후에는 이스턴, 웨스턴, 그리고 현재는 드림, 나눔으로 겨뤄서 프로야구 구단들이 맞대결을 펼친 가운데 잠실구장에서 양 팀은 호각세를 이뤘다. 드림 올스타가 7차례 승리했고, 나눔 올스타가 6번 이겼다. 잠실구장에서 열린 올스타전에서 나온 MVP 중 해태 선수들의 비중이 가장 컸다. 1986년 김무종, 1988년 한대화, 1992년 김성한 등이 MVP를 차지했고 뒤를 이어 롯데가 1982년 김용희, 1990년 김민호 등의 2명의 MVP를 배출했다. 잠실구장은 대표적인 투수 친화적인 구장이다. 하지만 올스타전에서는 투수들이 오래 이닝을 던지는 일이 많지 않았고, 주로 정교한 타격을 펼친 선수들이 MVP를 차지했다. 그중에서도 투수의 MVP 수상은 단 두 차례 있었다. 1985년 올스타전 1차전에 등판한 삼성 김시진이 6이닝 무실점으로 호투해 MVP 트로피를 들어 올렸다. 1994년에는 태평양 정명원이 구원 등판해 3이닝 동안 삼진 3개를 포함해 무실점 퍼펙트 피칭으로 가장 활약이 돋보인 선수로 선정됐다. 외국인 선수 제도가 도입된 후 유일한 외인 MVP 역시 잠실구장에서 나왔다. 2001년 두산의 타이론 우즈가 MVP를 지칭하는 ‘미스터 올스타’에 선정된 게 처음이자 마지막이었다. 7월 11일 열릴 잠실구장의 마지막 올스타전에서는 어떤 기록들로 추억을 장식할 지 관심이 모아진다. 김하진 기자 hjkim@kyunghyang.com"
2026.07.09 14:21,"1년 뒤 드래프트 대어들, 잠실 뜬다! KBO, 올스타전서 '넥스트레벨 ...",스타뉴스,"[스타뉴스 | 박수진 기자] 한국 야구의 미래를 짊어질 유망주들이 드래프트를 1년 앞두고 꿈의 무대인 잠실구장 마운드와 타석에 선다. KBO(한국야구위원회)는 오는 10일 오후 3시 10분 서울 잠실야구장에서 '2026 신한 SOL KBO 올스타 프라이데이 넥스트레벨 매치(Next Level Match)'를 개최한다고 9일 밝혔다. KBO에 따르면 넥스트레벨 캠프는 KBO가 우수 유소년 선수 육성을 통한 엘리트 파이프라인 구축을 목표로 지난 2022년 첫선을 보인 프로그램이다. 지난해 학년별·권역별/전국권 캠프 구조를 확립한 데 이어, 올해부터는 대상 학년을 중2까지 확대하고 해외 파견 프로그램까지 도입해 14세부터 17세까지 이어지는 연속성 있는 육성 시스템을 완성했다. 올해 신설된 '올스타 프라이데이 넥스트레벨 매치'는 이 육성 파이프라인의 최종 무대다. 지난해 고1 캠프를 수료한 125명 중 핵심 유망주 38명을 엄선해 초청했다. 신인 드래프트를 딱 1년 앞둔 시점에서, 미래의 KBO 리그 스타들이 올스타전이라는 대형 무대에서 기량을 뽐내고 동기부여를 얻을 수 있도록 기획됐다. 경기는 10일 오후 3시 10분부터 7이닝 경기(2시간 제한)로 치러지며, 초청된 38명의 선수가 'Team Next'와 'Team Level' 두 팀으로 나뉘어 맞대결을 펼친다. 성장기 선수들의 부상 방지를 위한 철저한 '특별 규칙'도 도입된다. 투수들은 모두 1이닝씩만 등판할 예정이며, 선수 보호를 위해 투구 수는 30개로 제한된다. 한 투수가 30개를 초과해 던질 경우 이닝이 자동으로 교대된다. 양팀의 코칭스태프는 KBO 육성위원을 비롯한 올해 넥스트레벨 캠프에 참가했던 지도자들이 나뉘어 맡는다. 김한수 감독과 정진호, 이원석, 김명성 코치가 Team Next를, 권오준, 이성우, 채종국, 민병헌 코치가 Team Level을 각각 맡게 된다. 박수진 기자 bestsujin@mtstarnews.com"
2026.07.09 14:21,"KBO 미스터 올스타, 상금 2000만원에 안마의자 받는다… 야구레슨에 ...",대전일보,"2026 신한 SOL KBO 올스타전에서 가장 뛰어난 활약을 펼친 '미스터 올스타'에게 상금 2000만 원과 안마의자, 트로피가 증정된다. 경기 현장에선 팬들을 위한 야구 레슨과 사인회도 마련, 특별한 경험을 선사할 예정이다. 한국야구위원회(KBO)는 10-11일 열리는 2026 신한 SOL KBO 올스타전의 일정과 시상 내역 등을 9일 공개했다. 올스타 프라이데이인 10일엔 한화 이글스 강건우, 두산 베어스 김주오, NC 다이노스 신재인, kt wiz 박지훈 등 2군 선수들이 팬들을 대상으로 원포인트 레슨을 진행한다. 오후 6시부터는 KBO 퓨처스 올스타전이 열리며, 승리 팀은 상금 1000만 원, 최우수선수(MVP)는 상금 200만 원과 트로피를 받는다. 퍼포먼스상과 감투상, 우수 투수상, 우수 타자상 수상자는 각각 상금 100만 원과 트로피가 수여된다. 퓨처스 올스타전 종료 후엔 최고의 슬러거를 가리는 홈런 더비가 펼쳐진다. 한화 강백호, 문현빈, 허인서를 비롯해 KIA 타이거즈 김도영, 두산 양의지와 박준순, LG 트윈스 오스틴 딘, NC 다이노스 김주원이 홈런 경쟁을 벌인다. 우승자는 상금 1000만 원과 에어드레서를, 준우승은 상금 300만 원을 받는다. 이 밖에 순위와 관계없이 최장거리 홈런을 날린 선수에겐 공기 청정기가 증정된다. 우승자의 배팅볼 투수도 '홈런 메이커상'으로 헤드폰을 받는다. 11일 올스타전 본게임에 앞서 30명의 올스타 선수가 3개 조로 나뉘어 팬 사인회를 연다. 선수와 팬, 마스코트와 함께 한 팀을 이뤄 치르는 '신한 슈퍼 SOL. 써머 레이스'도 진행되며, 한화에선 허인서-이도윤이 경주에 참가한다. 우승팀은 상금 350만 원을 받는다. 올스타전엔 한화 강백호·문현빈·허인서·류현진·이도윤이 나눔 올스타 팀에서 드림 올스타팀을 상대로 치열한 대결을 벌인다. 이 가운데 뛰어난 활약을 펼친 '미스터 올스타'는 지난해보다 1000만 원 늘어난 상금 2000만 원과 안마의자, 트로피를 받게 된다. 올스타전 승리 팀엔 상금 3000만 원이 주어지며, 승리 감독상과 우수 수비상, 우수 투수상, 우수 타자상, 베스트 퍼포먼스상 수상자에겐 각각 상금 300만 원이 주어진다."
2026.07.09 14:19,"내일부터 이틀, 잠실이 뜨거워진다…‘오스틴vs김도영’ 장외 홈런왕은 누구",스포츠경향,"KBO리그 2026시즌 전반기를 방망이로 뜨겁게 달군 오스틴 딘(LG)과 김도영(KIA)이 장외 홈런왕 경쟁에도 돌입한다. 10일 잠실구장에서 열리는 KBO리그 2026 올스타전 홈런더비에 김도영과 오스틴, 양의지, 박준순(이상 두산), 강백호, 문현빈, 허인서(이상 한화), 김주원(NC)이 참가한다. 출전 선수들은 예선 5아웃, 결승 7아웃의 아웃카운트가 소진될 때까지 타격한 뒤 최대 30초의 휴식 시간을 가진 뒤 1분간 또 추가 타격을 한다. 가장 많은 홈런을 생산한 선수는 우승 트로피와 상금 1000만원, 에어드레서를 받는다. 김도영과 오스틴은 전반기 내내 엎치락뒤치락하며 최다 홈런 부문 1위 자리를 다퉜다. 전반기 1경기만 남겨둔 8일 현재 오스틴이 27홈런, 김도영이 26홈런을 때렸다. 3위 강백호가 23개로 바싹 쫓는다. 홈런 더비 이벤트에서 갈리는 승부가 야구팬들에게 큰 재미 요소가 될 것으로 보인다. 지난해 홈런 더비 우승은 르윈 디아즈(삼성)가 차지했다. 11일 올스타전 경기에 앞서서는 선수와 팬, 구단별 마스코트가 한 팀이 돼 장애물 달리기 경주를 벌이는 썸머레이스가 펼쳐진다. 나눔팀은 LG 우강훈-구본혁, 한화 허인서-이도윤, NC 전사민-류진욱, KIA 박재현-성영탁, 키움 박준현-김건희가 출전한다. 드림팀은 SSG 정준재-김건우, 삼성 이승민-양창섭 KT 손동현-전용주, 롯데 현도훈-박정민, 두산 이영하-곽빈이 호흡을 맞춘다. 우승 팀은 상금 350만원을 받는다. 지난해에는 삼성 이호성-배찬승이 우승을 차지했다. 11일 오후 6시에 시작되는 올스타전 경기에서는 3루쪽 더그아웃을 쓰는 나눔팀이 초공격, 1루쪽 더그아웃의 드림팀이 말공격을 한다. 이번 올스타전에는 베테랑 선수들이 대거 이름을 올렸다. 팬 투표 역대 최다 득표(260만 5510표)를 한 양의지는 2018년 팬 투표 최다 득표에 이어 8년 만에 같은 타이틀을 챙겼다. 최고령 현역 선수인 최형우(삼성)는 선수단 투표에서 278표를 쓸어 베스트 12에 들었다. 2023년 이정후(276표)를 넘고 역대 선수단 투표 최다 득표 신기록을 세웠다. 김경문 한화 감독이 공개적으로 올스타전 출전을 응원했던 류현진(한화)은 감독 추천으로 승선했다. 개인 통산 9번째이자 2년 만에 참가하는 올스타전이다. 올해 올스타전 MVP인 ‘미스터 올스타’에게는 트로피와 상금 2000만원 상금, 안마의자가 주어진다. 지난해는 박동원(LG)이 타이틀을 챙겼다. 올스타 경기 중 안타나 홈런이 나오면 관중석에 시원한 물줄기가 분사된다. 5회말 종료 후 클리닝 타임에는 가수 우즈(WOODZ)의 축하 공연이 펼쳐지고 경기 종료 후에는 불꽃놀이가 잠실구장의 마지막 올스타전을 기념한다. 유새슬 기자 yooss@kyunghyang.com"
2026.07.09 14:16,키움 이어 롯데도 선수단 재편... 최항 방출,에스티엔,"[STN뉴스] 배영수 기자┃올스타 브레이크를 전후로 각 구단이 선수단 재편에 나서면서 최근 육성선수 일부를 정리한 키움 히어로즈에 이어 롯데 자이언츠도 일부 선수들을 방출하는 등 행보를 보이고 있다. 9일 롯데에 따르면 구단은 지난 8일자로 내야수 최항과 투수 박시영 및 육성선수 정선우(투수)와 면담을 하고 이들 3인에 대해 방출을 통보했다. 가장 주목받는 인물이라면 최항. SSG 랜더스의 간판타자 최정의 동생으로도 잘 알려져 있고 실제 2012년 신인드래프트(8라운드 전체 70위)를 통해 SK와이번스에 입단, 형 최정과 함께 10년 이상 선수 생활을 하다 지난 2023년 2차 드래프트를 통해 롯데로 이적했다. SK-SSG 시절에도 눈에 띄진 않았지만 나름대로의 활약을 했고 형에 비해서는 타격이 약하다는 평가가 지배적이었지만 유격수를 제외한 전 포지션 수비가 될 정도로 여러 면에서 활동도가 높다보니 내야진이 상대적으로 약했던 롯데에서도 쏠쏠히 활약을 했었다. 실제 롯데로 이적한 첫 시즌 72경기 33안타 타율 0.250으로 활약은 괜찮았지만 유망주들이 두각을 보이면서 입지가 크게 줄었고 2025년 1군 8경기에 이어 올해도 1군에서 별다른 제 역할을 하지 못하면서 결국 방출의 아픔을 안게 됐다. 다만 퓨쳐스리그에서는 21경기 타율 .348로 나름 좋은 성적을 보여줬다는 점을 감안하면 타 구단의 부름을 받을 가능성도 아직은 없지 않다. 롯데-KT를 거쳐 다시 롯데로 돌아온 투수 박시영은 친정팀에서는 크게 활약하지 못했다. 그러다 2020 시즌을 마치고 트레이드를 통해 KT로 이적, 첫 해 48경기 3승 3패 12홀드 평균자책점 2.40으로 계투진에서 상당한 활약을 해 주며 그해 KT 우승에 큰 공헌을 했다. 그러나 2022년에는 그 기세가 한풀 꺾인듯한 모습을 보이다 2023년엔 1군 경기를 하지 못했고, 2024 시즌 1군 26경기를 출장했지만 성적은 변변찮았다. 결국 롯데가 다시 그를 품었지만 지난해 11경기 1승 평균자책점 11.05으로 크게 부진했고 그 흐름이 올해도 이어졌다. 올해는 1군 경기가 없었고 2군 성적도 17경기 3홀드 평균자책점 5.89로 부진한 끝에 결국 팀을 떠나게 됐다. 지난해 육성선수로 영입했던 2002년생 정선우는 퓨처스리그 2시즌 동안 21경기 1승 1패 4홀드 평균자책점 6.32로 부진했다. 구속이 느린 편이었던 데다 직구와 변화구의 큰 투구폼 차이가 결국 프로에서는 발목이 잡혔다는 평가. 방출 시점에서도 육성선수여서 KBO가 직접 방출 공시를 하진 않았다. ※STN뉴스 보도탐사팀 제보하기 당신의 목소리가 세상을 바꾸고, 당신의 목소리가 권력보다 강합니다. STN뉴스는 오늘도 진실만을 지향하며 여러분의 소중한 제보를 기다립니다. ▷ 전화 : 1599-5053 ▷ 이메일 : news@stnsports.co.kr ▷ 카카오톡 : @stnnews / STN뉴스=배영수 기자 gigger@stnnews.co.kr ▶STN 뉴스 공식 모바일 구독 ▶STN 뉴스 공식 유튜브 구독 ▶STN 뉴스 공식 네이버 구독 ▶STN 뉴스 공식 카카오톡 구독"
2026.07.09 14:16,韓 야구 미래들 쇼케이스 열린다…KBO 올스타 프라이데이 Next-Lev...,스포티비뉴스,"[스포티비뉴스=박승환 기자] KBO가 퓨처스 올스타전에 앞서 10일 오후 3시 10분부터 잠실야구장에서 2026 신한 SOL KBO 올스타 프라이데이 넥스트레벨 매치를 개최한다. KBO 리그의 미래 자원인 우수 유소년 선수 육성을 위해 엘리트 육성 파이프라인 구축을 목표로 지난 2022년부터 시작된 넥스트레벨 캠프는 지난해부터 학년별 권역별/전국권 캠프 구조를 확립하여 프로그램 구조화의 기틀을 마련하였고, 올해부터는 대상 학년을 중2까지 확대하고 해외 파견 프로그램을 도입하는 등 14세부터 17세까지 연속적으로 이어지는 엘리트 유망주 육성 파이프라인을 구축하고 있다. 여기에 더해 올해 처음 신설된 올스타 프라이데이 넥스트레벨 매치는 KBO 엘리트 육성 파이프라인의 최종 무대로 작년 고1 캠프 수료 선수(총 125명) 중 38명의 선수를 초청하여, 미래 한국 야구의 별들이 드래프트를 1년 앞두고 KBO 올스타전에서 자신의 기량을 펼치고 동기부여 할 수 있는 자리를 마련하고자 기획되었다. 경기는 오후 3시 10분부터 7이닝 경기(2시간 제한)로 진행되며, 38명의 선수가 Team Next와 Team Level 두 팀으로 나뉘어 출전한다. 투수들의 경우 1이닝씩 등판할 예정이며, 선수 보호를 위해 투구수 제한 30개, 30개 초과 시 이닝교대를 하는 특별룰이 적용될 예정이다. 한편, 양팀의 코칭스태프는 KBO 육성위원을 비롯한 올해 넥스트레벨 캠프에 참가했던 지도자들이 나뉘어 맡는다. 김한수 감독과 정진호, 이원석, 김명성 코치가 Team Next를, 권오준, 이성우, 채종국, 민병헌 코치가 Team Level을 각각 맡게 된다. <저작권자 ⓒ SPOTV NEWS. 무단전재 및 재배포 금지>"
2026.07.09 14:15,"MLB-미네소타 극적 승리, 고우석 메이저리그 데뷔 불발",KBS,"미국 프로야구 미네소타 트윈스로 팀을 옮긴 고우석이 빅리그 데뷔에 성공하지 못한 가운데 팀은 극적인 끝내기 승리를 챙겼습니다. 미네소타는 오늘(9일, 한국 시각) 미국 미네소타주 미니애폴리스의 타깃 필드에서 열린 2026 메이저리그(MLB) 클리블랜드와 홈경기에서 9회 말 2사 만루에서 터진 로덴의 안타로 6대 5, 짜릿한 승리를 챙겼습니다. 지난 6일 디트로이트에서 미네소타로 트레이드돼 빅리그 데뷔 기대감을 높인 고우석은 로스터 등록 첫날인 어제에 이어 오늘도 등판 기회를 잡지 못했습니다. 미네소타는 4회 초 클리블랜드에 3점을 허용해 끌려갔지만, 곧바로 4회 말 3점을 뽑아 승부를 원점으로 돌렸습니다. 7회에도 각각 2점씩 주고받아 승부는 9회까지 5대 5로 팽팽히 맞섰습니다. 그러나 미네소타가 9회 말 로덴의 극적인 끝내기 안타가 터져 득점에 성공해 결국 6대 5, 승리를 챙겼습니다. 동점 상황이 이어진 가운데 빅리그 경험이 없는 고우석이 마운드에 오를 가능성이 줄어들면서 고우석은 메이저리그 데뷔 무대를 다음으로 미루게 됐습니다. [사진 출처 : 연합뉴스] ■ 제보하기 ▷ 전화 : 02-781-1234, 4444 ▷ 이메일 : kbs1234@kbs.co.kr ▷ 카카오톡 : 'KBS제보' 검색, 채널 추가 ▷ 유튜브, 네이버에서도 KBS뉴스를 구독해주세요! 박주미 기자 (jjum@kbs.co.kr)"
2026.07.09 14:14,"역시 완급 조절 마스터였다...1회 홈런 맞았지만 다승 1위, LG 토종...",OSEN,"[OSEN=대구, 한용섭 기자] 프로야구 LG 트윈스 투수 임찬규가 전반기 마지막 등판에서 다승 공동 1위로 올라서며, 팀도 1위로 복귀시켰다. 임찬규는 8일 대구 삼성라이온즈파크에서 열린 삼성과 경기에 선발투수로 등판해 5이닝 동안 6피안타(1피홈런) 1볼넷 6탈삼진 2실점으로 승리 투수가 됐다. LG는 8-2로 승리했다. 임찬규는 1회 삼성 4번타자 최형우에게 투런 홈런을 허용했다. 2사 후 구자욱을 볼넷으로 내보냈고, '천적' 최형우에게 투런포를 얻어맞았다. 우측 담장을 넘어갔다가 그라운드로 돌아온 타구였는데, 처음에 2루타로 선언됐다가 비디오판독을 통해 홈런으로 인정됐다. 1회 선취점을 허용했지만, 이후 2회는 삼자범퇴로 끝냈다. 3회는 선두타자 심재훈에게 안타를 맞았지만 상위타선 1~3번을 모두 범타로 이닝을 끝냈다. 4회 선두타자 최형우에게 우전 안타를 맞았으나 디아즈를 삼진, 류지혁을 2루수 땅볼 병살타로 실점없이 마쳤다. 그 사이 LG 타선이 힘을 내 3회 동점을 만들고 4회 5-2로 역전시켰다. 임찬규는 5회 2사 1루에서 김지찬과 김성윤에게 연속 안타를 맞았으나, 우익수 홍창기가 정확한 홈 송구로 2루주자를 홈에서 태그 아웃시켰다. 5회까지 74구를 던진 임찬규는 6회 일찌감치 불펜 필승카드 리오스에게 공을 넘겼다. LG는 이후 추가점을 뽑아 8-2로 승리했다. 경기 후 염경엽 감독은 ""선발 임찬규가 어려운 상황에서도 선발로서 자기 역할을 다해주면서 승리 발판을 만들었다""고 말했다. 임찬규는 이날 승리로 17경기 9승 2패 평균자책점 3.78을 기록했다. KIA 올러, 두산 최민석과 함께 다승 공동 1위다. 임찬규는 경기 후 ""정말 중요한 경기라고 생각하고 경기에 나섰는데, 팀 1위를 다시 탈환하는데 뜻 깊은 경기를 한 것 같다. 보통의 정규리그 경기보다 더 힘든 경기였는데, 타선이 많이 도와줬다""고 승리 소감을 말했다. 임찬규는 삼성 베테랑 최형우의 존재감을 인정했다. 그는 ""작년 라이온즈파크와 잠실에서 삼성 상대로 기록이 좋았던 것 같은데, 최형우 선배님이 삼성에 오시면서 (KIA에서 뛰실때에도 그렇고) 힘든 상대였다""고 말했다. 임찬규는 지난해는 삼성 상대로 4경기 3승 무패 평균자책점 2.74로 강했다. 그러나 올해는 삼성전 2경기 1패 평균자책점 6.30(10이닝 7실점)으로 안 좋았다. 이유는 최형우였다. 최형우는 임찬규 상대로 통산 타율 3할9푼3리(61타수 24안타) 7홈런을 기록 중이다. 이날도 최형우에게 투런 홈런을 허용했다. 임찬규는 ""형우 선배님 앞에 주자를 주지말자 생각했는데, 공이 좀 빠져서 앞 타자에게 볼넷을 내줬다. 앞에 김성윤 선수 상대로 슬로 체인지업으로 삼진을 잡아서 최형우 선배와 슬로 체인지업으로 승부했는데 홈런을 맞았다. 이후 빠른 체인지업으로 경기 운영을 바꿨고 다음부터는 맞더라도 형우 선배와 좀더 빠른 승부를 할 수 있도록 해보겠다""고 말했다. 이날 임찬규의 체인지업은 최저 117km에서 최고 128km를 기록했다. 110km대와 120km 두 가지 스피드의 체인지업을 던진다. 임찬규는 ""전반기에 치리노스와 (유)영찬이가 빠지면서 감독님과 코치님들이 고민이 많으셨을 것 같다. 선수들은 못할 때 질타를 받는게 당연하지만, 그런 위기에 있는 동생들에게 잘 이겨내야한다고 말해주고 있다. 올해 빛을 본 (김)진수처럼 지금 부진한 것도 부질없는 시간이 아니라고 생각하고 동생들이 힘내줬으면 좋겠다. 내일 경기를 꼭 잡아서 전반기 1위로 마칠수 있도록 최선을 다하겠다""고 말했다. /orange@osen.co.kr"
2026.07.09 14:11,'국대 유격수' 빠졌는데 공백 크지 않다? 국민유격수도 인정하는 심재훈의...,엑스포츠뉴스,"(엑스포츠뉴스 대구, 김지수 기자) 삼성 라이온즈 내야 유망주 심재훈이 프로 데뷔 2년차에 조금씩 자신의 잠재력을 1군 무대에서 펼치고 있다. '절친' 박준순(두산 베어스)의 활약도 좋은 자극이 되고 있다. 심재훈은 지난 7일 대구 삼성 라이온즈파크에서 열린 2026 신한 SOL KBO리그 LG 트윈스와의 팀 간 9차전에 선발 유격수로 출전, 4타수 2안타를 기록하며 팀 9-2 대승에 힘을 보탰다. 심재훈은 LG 에이스 앤더스 톨허스트를 상대로도 주눅 들지 않고 과감하게 방망이를 돌렸다. 이튿날에도 선발 유격수로 2타수 1안타 1볼넷 멀티 출루를 기록하면서 전반기 막판 코칭스태프 앞에서 자신의 존재감을 확실하게 보여줬다. 삼성은 2026시즌 개막 후 주전 유격수 이재현이 허리 통증으로 고생하면서 자리를 비우는 경우가 많았다. 이재현은 지난 6월 11일 KT 위즈전을 끝으로 전반기를 조기 마감한 상태다. 박진만 삼성 감독은 이재현의 공백을 메우기 위해 백업 선수들에게 적극적으로 기회를 줬다. 양우현, 김상준에 이어 최근에는 심재훈이 선발 유격수로 라인업에 이름을 올리고 있다. 심재훈은 입단 첫해였던 지난해 1군 31경기 타율 0.184(38타수 7안타) 2타점으로 프로 무대의 높은 벽을 실감했다. 퓨처스리그에서도 47경기 타율 0.236(148타수 35안타) 4홈런 28타점으로 크게 두각을 드러내지 못했다. 하지만 삼성은 심재훈의 잠재력을 인정, 지난해 가을 마무리 캠프부터 올해 스프링캠프까지 심재훈에게 강도 높은 훈련을 소화하게 했다. 올 시즌 새롭게 부임한 무라카미 타카유키 타격코치는 심재훈을 혹독하게 조련했다. 훈련의 성과는 조금씩 나타나고 있다. 심재훈은 올해 퓨처스리그 29경기 타율 0.310(84타수 26안타) 2홈런 13타점으로 성장을 보여줬다. 1군에서도 표본이 많은 건 아니지만, 지난해와 비교하면 타석에서 끈질김이 느껴진다. 박진만 감독은 ""심재훈이 지난주 인천 원정부터 조금씩 좋은 활약이 나오고 있다. 선수도 자신감이 생기는 것 같다""며 ""수비에서도 좋은 모습이 보인다""고 칭찬했다. 심재훈은 ""작년까지는 너무 결과를 내려고만 했다면, 올해는 1군에 올라왔을 때 수비, 공격에서 내가 준비했던 부분을 해보자고 마음 먹었다""며 ""내가 할 수 있는, 뛸 수 있는 부분을 최대한 열심히 해보려고 하고 있다""고 말했다. 두산 박준순의 맹활약도 심재훈에게는 좋은 자극제다. 박준순은 2025시즌 91경기 타율 0.284(282타수 80안타) 4홈런 19타점으로 고졸루키에게 기대하는 것 이상의 성적표를 받았다. 올해도 53경기 타율 0.329(213타수 70안타) 11홈런 38타점으로 맹타를 휘두르고 있다. 심재훈은 ""준순이가 잘하는 모습을 보면서 동기부여를 얻는다. 사실 박준순이 너무 잘하고 있어서 타석에서 어떤 느낌으로 치는지 물어보기도 했다""고 솔직하게 말했다. '삼성 왕조'의 주전 3루수였던 박석민 2군 타격코치의 조언도 심재훈의 성장에 큰 도움이 되고 있다. 박석민 코치는 심재훈에게 타석에서 최대한 심플하게 접근할 것을 주문했고, 심재훈이 이를 충실히 이행 중이다. 심재훈은 ""박석민 코치님께서 '타석에서 기다려서 될 게 아니다. 일단 방망이에 맞아야 무슨 일이 일어난다'고 하셨다. 내가 시즌 초반 2군에서 잘 못 칠때 '너무 생각이 많다'고 지적도 해주셨다""며 ""눈에 보이는 공이 일단 배트에 맞아야 한다는 말씀에 감명을 받았다. 아직 많이 부족하기 때문에 계속 앞으로 나아가고 싶다""고 각오를 전했다. 사진=삼성 라이온즈 김지수 기자 jisoo@xportsnews.com"
2026.07.09 14:07,프로야구 퓨처스 올스타전 앞서 '유소년 올스타전' 개최,연합뉴스,(서울=연합뉴스) 장현구 기자 = 프로야구 퓨처스(2군) 올스타전이 열리기 전에 '유소년 올스타전'이 팬들을 찾아간다. KBO 사무국은 10일 오후 3시 10분 서울 잠실야구장에서 2026 신한 SOL KBO 올스타 프라이데이 넥스트레벨 매치를 연다고 9일 알렸다. KBO 사무국이 우수 유소년 선수 육성을 위한 발굴 시스템 구축을 목표로 지난 2022년부터 시작한 '넥스트레벨 캠프'에서 배출한 선수 38명이 출전해 두 팀으로 나뉘어 7이닝 경기로 기량을 겨룬다. 올해 넥스트레벨 캠프에서 선수들을 지도한 김한수 감독 등 8명의 코치가 양 팀을 이끈다. cany9900@yna.co.kr (끝) ▶제보는 카톡 okjebo
2026.07.09 13:59,롯데 전반기 8위 마감…후반기 가을야구 반전 가능할까,부산일보,"프로야구 롯데 자이언츠가 8위로 전반기를 마감했다. 지난 8일 기준 38승 44패 2무(승률 0.463)로 전반기 마지막 경기 결과에 관계 없이 8위로 전반기를 마쳤다. 가을야구 진출의 마지노선인 5위 두산 베어스(43승 41패 2무)와의 격차는 이날 현재 4경기 차. 이번 시즌 60경기를 남겨 둔 상황에서 과연 롯데는 반전에 성공하며 ‘9년 만의 가을 야구 진출’을 이룰 수 있을까. 롯데는 시즌 시작부터 삐걱거렸다. 전지 훈련지에서 도박장 출입이 드러나면서 4명의 선수들이 징계를 받는 등 어수선한 분위기로 출발했다. ‘역대 최강’으로 평가 받았던 외국인 ‘원투펀치’도 기대에 미치지 못했고, 공격력 또한 받쳐주지 못하면서 한때 꼴찌로 추락하는 수모도 겪었다. 롯데는 주장 전준우를 비롯한 주축 선수들을 2군으로 내려보낸 데 이어 1군 코치들마저 바꾸는 초강수를 뒀지만 허사였다. 반전을 기대하는 사령탑의 조급함은 선수들에게 부담감으로 작용했고, 팀은 집단 무기력증에 빠지기도 했다. 끝이 보이지 않던 부진은 최근 한 달 전부터 벗어나기 시작했다. 7연속 루징 시리즈(3연전 중 2패 이상)에 허덕이며 꼴찌로 추락한 롯데는 반전에 나서 지난달 16일 SSG 랜더스전부터 4연속 위닝 시리즈(3연전 중 2승 이상)를 달성했다. 이같은 상승세에 힘입어 롯데는 6월 한 달 12승 12패 1무로 5할 승률을 맞췄다. 무엇보다 최근 선두권인 LG 트윈스와 3위 KT 위즈, 4위 KIA 타이거즈를 상대로 모두 위닝시리즈를 거뒀다는 점이 기대감을 모은다. 한 달 전 SSG전을 시작으로 7번의 시리즈 중 6차례 위닝시리즈를 달성한 롯데는 후반기 중위권 싸움에 복병으로 떠올랐다. 롯데 김태형 감독은 “이제 치고 올라가야 할 타이밍이다. 지금이 우리 베스트 전력”이라고 밝혔다. 전반기 막판 롯데 상승세의 원동력은 막강한 마운드다. 상승세 기간 동안 롯데의 평균자책점은 3.25로 리그 1위에 올랐다. 무엇보다 외국인 원투펀치의 맹활약이 반갑다. 특히 1선발 엘빈 로드리게스는 최근 5경기 평균자책점이 1.97이다. 32이닝을 던지며 7점밖에 주지 않았고, 4차례 퀄리티스타트를 기록했다. 탈삼진도 44개를 잡아내며 지난 7일 현재 102개로 탈삼진 부문 3위로 올라섰다. 이전까지 평균자책점 5.56이던 때와 비교하면 확실히 자리를 잡은 모습이다. 롯데 부진의 결정적 원인은 방망이었다. 마운드가 다소 부진했다고는 하나 선발 로테이션이 정상적으로 돌아가는 팀이 꼴찌를 한다는 자체가 넌센스였다. 하지만 최근 롯데의 방망이가 살아나면서 상승세를 주도하고 있다. 롯데는 상승세 기간 99득점(4위), 185안타(4위)로 타선이 회복하고 있다. 특히 전반기 마지막 시리즈 KIA와의 두 경기에서 35안타에 21득점을 올린 것은 롯데의 놀라운 변화다. 롯데는 8일 부산 사직구장에서 열린 KIA 타이거즈와 경기에서 11-3으로 대승을 거뒀고, 전날 10-2 승리했다. 롯데가 최근 상승세로 후반기 중위권 싸움에 복병으로 등장했다고는 하나 낙관하기는 이르다. 일단 승률 5할을 맞추는 게 관건이다. 롯데의 현재 승패 마진은 ‘- 6’이다. 후반기 들어 얼마나 이른 시간에 승패 마진을 ‘제로’로 만드느냐가 중요하다. 후반기 롯데는 무조건 위닝시리즈를 이어가야 한다. 그래야 가을야구가 가능하다."
2026.07.09 13:55,"이천시유소년야구단, 제6회 횡성군수배 전국유소년야구대회 우승→'유소년야구...",마이데일리,"[마이데일리 = 심재희 기자] 경기 이천시유소년야구단(감독 박철우)이 창단 3년 만에 전국대회 첫 우승의 감격을 누렸다. 한화 이글스 출신 박철우 감독이 이끄는 이천시유소년야구단은 7일 강원도 횡성군에서 막을 열린 제6회 횡성군수배 전국유소년야구대회 유소년리그 청룡(U-13) 결승전에서 서울 중랑이글스유소년야구단(감독 김선우)을 4-3으로 제압하며 대회 정상에 올랐다. 이번 대회는 대한유소년야구연맹(회장 이상근)이 주관했다. 4일부터 7일까지 강원도 횡성군 베이스볼파크야구장에서 열렸다. 60개 팀 선수 및 학부모 포함 2000여 명이 참가한 가운데 진행됐다. 예선 조별리그, 결선 토너먼트 방식으로 펼쳐졌다. 새싹리그(U-9), 꿈나무리그(U-11), 유소년리그(U-13), 주니어리그(U-16) 등 총 6개 부문에서 벌어졌다. 횡성군, 횡성군체육회, SOOP, 야구용품사 골드가 후원했다. 경기 이천시유소년야구단이 대한유소년야구연맹 간판 리그인 유소년리그(U-13) 청룡에서 우승 기쁨을 맛봤다. 조별리그 예선 경기에서 경기 의정부시유소년야구단(감독 최봉준)을 8-3, 서울 동작구유소년야구단(감독 신희광 감독)을 9-8로 꺾었다. 조별리그 마지막 경기에서 충남 아산시유소년야구단(감독 황민호)에 1-13으로 패하며 예선성적 2승 1패 조 2위로 결선에 진출했다. 준결승전에서 유소년야구 최강자로 평가받는 세종시유소년야구단(감독 장재혁)을 제압했다. 8-4로 승리를 챙기며 이변을 연출했다. '유소년야구 오타니 쇼헤이'로 불리는 김륜규의 3홈런, 2도루, 3이닝 2실점 세이브에 힘입어 승전고를 울렸다. 결승전에서 서울 중랑이글스유소년야구단과 격돌해 1점 차 승리를 따냈다. 창단 3년 만에 처음으로 유소년리그 청룡 우승컵을 들어 올렸다. 경기 초반 기선 제압에 성공했다. 1회초 김륜규의 좌중간 2루타에 이어 이우율의 1타점 땅볼과 폭투로 2점을 먼저 뽑아냈다. 2회초에도 권효민의 1타점 중월2루타와 사구 등으로 2득점하며 4-0으로 앞서 나갔다. 하지만 4회말 1실점, 5회말 2실점 하면서 4-3까지 쫓겼다. 6회말 마지막 수비에서 마운드를 지킨 김륜규가 유은재와 전율에게 사구를 내줘 위기를 맞았다. 집중력을 잃지 않고 세 타자를 모두 삼진으로 처리하며 경기를 매조지 했다. 투타에서 맹활약을 펼친 김륜규는 최우수선수상 영예를 안았다. 14타수 11안타(타율 0. 786) 9타점 8도루에 무려 5개 홈런을 기록하며 최고 스타로 떠올랐다. 김승재(중랑이글스유소년야구단)와 이현서(이천시유소년야구단)가 우수선수상을 차지했다. MVP 김륜규는 ""이천시유소년에서 MVP를 받게 되어 정말 영광이고 기쁘다. 항상 아낌없이 지도해 주신 감독님과 코치님, 그리고 함께 열심히 훈련하며 응원해 준 팀원들 덕분에 받을 수 있었던 상이라고 생각한다. 이번 MVP에 만족하지 않고 더 열심히 훈련해서 팀에 꼭 필요한 선수가 되겠다""며 ""LA 다저스 윌 스미스 선수를 좋아하는데, 이유는 뛰어난 타격 실력과 중요한 순간마다 팀에 도움이 되는 활약을 보여주기 때문이다. 또한 항상 침착하게 경기에 임하며 투수들을 잘 이끄는 포수라는 점도 멋있다. 꾸준히 노력하며 좋은 성적을 내는 모습이 인상 깊고 저도 윌 스미스 선수처럼 팀을 위해 최선을 다하는 야구선수가 되고 싶다""고 말했다. 이천시유소년야구단 우승을 이끈 박철우 감독은 최우수 감독상을 받았다. 그는 ""우승보다 더 값진 것은 선수들의 성장이다. 대회 기간 끝까지 집중력을 잃지 않고 서로를 믿으며 뛰어준 우리 선수들이 정말 자랑스럽다. 항상 응원해 주시는 학부모님과 모든 분들께 감사드리며 앞으로도 겸손한 마음으로 더욱 발전하는 이천시유소년야구단이 되겠다""고 다짐했다. 대한유소년야구연맹의 이상근 회장은 ""여름은 불규칙한 일기예보와의 싸움이다. 저희는 예비일이 없기 때문에 일기예보를 잘 예측하여 아이들이 원하는 경기를 할 수 있게 만드는 것 또한 중요한 임무이다. 그동안의 경험을 살려 모든 경기를 잘 마무리한 게 큰 소득이다""며 ""매년 훌륭한 대회를 준비해 주신 횡성군 장신상 군수님과 횡성군 관계자, 그리고 한마음으로 성공적인 대회가 되기를 응원해 주시는 횡성군민에게도 감사드리며 유소년야구 저변 확대 및 지역경제 활성화에 도움이 될 수 있도록 최선을 다하겠다""고 덧붙였다. ◆ 제6회 횡성군수배 전국유소년야구대회 수상자 명단 ● 새싹리그(U-9) ▲ 우승 – 서울 송파구마인볼유소년야구단(이홍구 감독) ▲ 준우승 – 경기 빅드림유소년야구단(니퍼트 감독) ▲ 최우수선수 조시윤(서울 송파구마인볼유소년야구단) ● 꿈나무리그(U-11) 청룡 ▲ 우승 – 서울 도봉구유소년야구단(김종진 감독) ▲ 준우승 – 충남 보령시유소년야구단(신창호 감독) ▲ 최우수선수 김준우(서울 도봉구유소년야구단) ● 꿈나무리그(U-11) 현무 ▲ 우승 – 강원 태백시유소년야구단(배강열 감독) ▲ 준우승 – 강원 동해시유소년야구단(김흥만 감독) ▲ 최우수선수 이루다(강원 태백시유소년야구단) ● 유소년리그(U-13) 청룡 ▲ 우승 – 경기 이천시유소년야구단(박철우 감독) ▲ 준우승 – 서울 중랑이글스유소년야구단(김선우 감독) ▲ 최우수선수 김륜규(경기 이천시유소년야구단) ● 유소년리그(U-13) 백호 ▲ 우승 – 전북 전주완산구유소년야구단(조일현 감독) ▲ 준우승 – 경기 수원루키즈유소년야구단(정회찬 감독) ▲ 최우수선수 김관우(전북 전주완산구유소년야구단) ● 주니어리그(U-16) ▲ 우승 – 세종공공SC(김승권 감독) ▲ 준우승 – 경남 함안BSC(김문한 감독) ▲ 최우수선수 최시우(세종공공SC) 한편, 17일부터 21일까지 제3회 마이데일리배 전국유소년야구대회가 펼쳐진다. 횡성베이스볼테마파크에서 역대 최대 규모로 진행된다. 한국 야구의 미래를 짊어진 유망주들이 한여름 야구 축제를 펼친다. 홈런더비, 스피드킹, 제구왕 등 다양한 이벤트도 마련돼 더 큰 관심을 모으고 있다."
2026.07.09 13:45,LG-삼성 ‘1위’ 경쟁-5강은 ‘오리무중’…2026시즌도 순위 싸움 ‘...,스포츠서울,"[스포츠서울 | 김동영 기자] 모두가 희망차게 시즌 시작했다. 절반 조금 넘게 흘렀다. 희비는 계속 엇갈린다. 신바람이 나는 팀도 있고, 곡소리 나는 팀도 있다. 각자의 사정이 다 있는 법이다. 그리고 순위 싸움은 올해도 피가 마른다. 후반기 관전 포인트이기도 하다. 일단 위쪽이다. 전반기 내내 '3강'이 있었다. 시즌 초반에는 LG와 KT, SSG가 최상단에서 경쟁했다. 어느 순간 SSG가 미끄러졌다. 대신 삼성이 올라왔다. 이게 5월9일이다. 그리고 전반기 끝까지 이 세 팀이 엎치락뒤치락했다. 이 안에서도 또 변화가 있다. LG가 치고 나가는 듯했다. 한때 2위 KT와 승차 4경기까지 벌렸다. '디펜딩 챔피언'이다. 전력이 탄탄하다. 이를 바탕으로 넉넉히 1위를 질주하는 것처럼 보였다. 추격자가 또 만만치 않다. 삼성이 힘을 냈다. 6월말 KT와 3연전 싹쓸이에 성공했다. 3위에서 2위로 올라섰다. 이를 포함해 5연승 달렸다. 1패 후 다시 4연승 질주다. 어느새 LG에 바짝 붙었다. 전반기 막판만 보면 LG-삼성 2강이라 해도 과언이 아니다. LG 염경엽 감독은 ""우리가 못한 것 같지는 않은데, 삼성이 너무 잘하더라. 그래서 이렇게 됐다""며 허탈하게 웃었다. 3위 KT도 완전히 떨어지지 않은 상태다. 당장 4위의 위협이 거센 것도 아니다. 언제든 다시 위를 바라볼 수 있다. LG-삼성-KT 3강 체제가 꽤 길게 지속될 수 있다. 우승 경쟁이 끝까지 갈 수 있다는 뜻이다. 중위권은 더 빡빡하다. 일단 KIA가 4위다. 오랜 시간 이 자리를 지키고 있다. 금방이라도 3강을 위협할 것 같은 때도 있었다. 크게 떨어지지 않았다는 점은 중요하다. 대신 방점을 이쪽에 찍으면 안 된다. 언제든 내려갈 수 있다. 아래에 있는 팀들이 녹록지 않기 때문이다. 5위는 두산이다. KIA와 승차 얼마 되지 않는다. 6월23일부터 계속 위닝시리즈 만들면서 상승세를 유지하고 있다. 웨스 벤자민과 정식계약하고, 새 외국인 타자 유니오 세베리노를 데려오는 등 동력도 착착 채웠다. 6~8위도 만만치 않다. 한화-NC-롯데다. 한화는 최근 투타 밸런스가 좋다. 타선이 터지고, 마운드도 보조를 맞춘다. NC는 살짝 들쑥날쑥한 모습이 보이지만, 최근 연승을 달리며 신바람이 난 상태다. 롯데 또한 상승세 제대로 탔다. 넓게 보면 4위부터 8위까지 모두 '내 위에 있는 팀'을 추격하는 중이다. 그만큼 '다닥다닥' 붙어있다. 팀간 승차가 많아야 2경기다. 두산은 언제든 KIA를 잡을 수 있을 것 같다. 한화는 두산이 눈에 보인다. 한화는 또 등 뒤 NC를 보면 서늘하다. 롯데도 어느새 NC에 바짝 붙었다. 어느 팀이든 5강이 가능하다. 시즌 막판이라면 그저 '산술적인' 가능성으로 그칠 수 있다. 지금은 아니다. 이제 절반 조금 더 치렀다. 팀별로 60경기 가까이 남았다. 특히나 올시즌은 연승과 연패가 오가는 경우가 잦다. 승차 1~2경기는 '순삭'이다. 9위 SSG와 10위 키움은 가을이 꽤 멀어진 상태다. 3위에서 9위까지 떨어진 SSG는 반등이 절실하다. 새 외국인 투수 페드로 아빌라 역할이 중요하다. 키움은 맷 데이비슨을 데려가며 화력 강화를 꾀했다. 통하면 탈꼴찌도 가능하지만, 무엇도 알 수 없다. raining99@sportsseoul.com"
2026.07.09 13:45,"임찬규 이래서 전반기 공동 1위구나, '평균 8.7점' 최강 삼성 타선 ...",마이데일리,"[마이데일리 = 대구 김경현 기자] LG 트윈스 '토종 에이스' 임찬규가 팀을 정규리그 1위로 이끌었다. 자신도 승리를 챙기며 전반기를 다승 공동 1위로 마감했다. 그 상대가 7월 최고의 방망이를 자랑하던 삼성 라이온즈였기에 더욱 놀랍다. 임찬규는 8일 대구 삼성 라이온즈파크에서 열린 2026 신한 SOL KBO리그 삼성 라이온즈와의 원정 경기에서 선발 등판해 5이닝 6피안타(1피홈런) 1볼넷 6탈삼진 2실점으로 승리투수가 됐다. 시즌 9승을 챙겼다. 최민석(두산 베어스), 아담 올러(KIA 타이거즈)와 리그 공동 1위. 최민석과 올러가 모두 전반기를 마감한만큼, 임찬규는 다승 공동 1위라는 영광스러운 기록으로 전반기를 마쳤다. 하필 상대가 삼성이었다. 최근 삼성 타선은 말 그대로 뜨겁다. 경기 전 기준 7월 6경기에서 무려 52점을 뽑았다. 경기당 평균 8.7점을 낸다는 소리. 득점 2위 NC 다이노스(36점)와 격차가 무려 16점 차다. 시작부터 큰 것을 맞았다. 1회 2사 이후 구자욱에게 볼넷을 내줬다. 이어 최형우와 승부. 초구 슬라이더로 스트라이크를 잡은 뒤 2구 바깥쪽 체인지업을 던졌다. 그런데 최형우는 이것을 잡아당겨 선제 투런 홈런으로 연결했다. 임찬규는 흔들리지 않고 르윈 디아즈를 헛스윙 삼진으로 잡았다. 실점은 여기까지였다. 2회는 삼자범퇴로 마무리. 3회 선두타자 심재훈에게 안타를 맞았으나, 세 타자를 범타로 솎아 냈다. 4회 첫 타자 최형우에게 안타를 맞았다. 디아즈를 헛스윙 삼진으로 잡았고, 류지혁을 2루수-유격수-1루수 병살로 돌려세웠다. 수비도 임찬규를 도왔다. 5회 1사 이후 강민호에게 좌전 안타를 내줬다. 심재훈을 헛스윙 삼진으로 잡고 한숨 돌리는 듯했다. 김지찬에게 중전 안타로 2사 1, 2루 위기에 몰리더니, 김성윤에게 다시 우전 안타를 맞았다. 이때 우익수 홍창기가 멋진 홈 송구를 선보였다. 2루 주자 강민호는 넉넉하게 태그 아웃됐다. 6회부터 약셀 리오스가 등판, 임찬규는 이날 임무를 마쳤다. 불펜진은 4이닝을 무실점으로 막았다. 타선도 대거 8점을 지원했다. LG의 8-2 승리. 귀중한 승리다. 이날 승리로 LG는 다시 삼성을 제치고 1위로 올라섰다. 경기 종료 후 임찬규는 ""정말 중요한 경기라고 생각하고 경기에 나섰는데, 팀 1위를 다시 탈환하는데 뜻깊은 경기를 한 것 같다. 보통의 정규리그 경기보다 더 힘든 경기였는데, 타선이 많이 도와줬다""고 소감을 전했다. 첫 타석 최형우 홈런에 대해서 ""(최)형우 선배님 앞에 주자를 주지 말자 생각했는데, 공이 좀 빠져서 앞 타자에게 볼넷을 내줬다""고 했다. 이어 ""앞에 김성윤 선수 상대로 슬로 체인지업으로 삼진을 잡아서 최형우 선배와 슬로 체인지업으로 승부했는데 홈런을 맞았다 며 ""다음부터는 (최)형우 선배와 좀 더 빠른 승부를 할 수 있도록 해보겠다""고 설명했다. 투수조장으로서 후배들에게도 메시지를 전했다. 임찬규는 ""선수들은 못 할떄 질타를 받는 게 당연하지만 그런 위기에 있는 동생들에게 잘 이겨내야 한다고 말해주고 있다. 올해 빛을 본 (김)진수처럼 지금 부진한 것도 부질없는 시간이 아니라고 생각하고 동생들이 힘내줬으면 좋겠다""고 밝혔다. 마지막으로 ""내일(9일) 경기를 꼭 잡아서 전반기 1위로 마칠 수 있도록 최선을 다하겠다""고 강조했다."
2026.07.09 13:42,"‘주자와 충돌→병원행’ 삼성 류지혁, CT 검사 결과 “특이 사항 없음…...",MK스포츠,"불행 중 다행이다. 류지혁(삼성 라이온즈)이 검사 결과 큰 이상이 없다는 진단을 받았다. 삼성 관계자는 “류지혁이 8일 뇌진탕 증상을 보여 천주 성삼병원 응급실에 내원해 컴퓨터단층촬영(CT) 검사를 했다”며 “검사 결과 특이 사항 없다”고 9일 밝혔다. 2012년 4라운드 전체 36번으로 두산 베어스의 부름을 받은 뒤 KIA 타이거즈를 거쳐 2023시즌부터 삼성에서 활약 중인 류지혁은 우투좌타 내야 유틸리티 자원이다. 통산 1163경기에서 타율 0.272(3073타수 837안타) 350타점 110도루를 올렸다. 특히 올해 활약이 좋았다. 81경기에 나서 타율 0.292(271타수 79안타) 5홈런 47타점을 작성, 삼성 타선의 한 축을 책임졌다. 하지만 8일 불운과 마주했다. 대구 LG 트윈스전 6회초 수비하던 과정에서 부상을 당한 까닭이다. 당시 상황은 이랬다. 무사 2루에서 타석에 있던 구본혁은 희생 번트를 시도했다. 2루수를 맡고 있던 류지혁은 1루 베이스 커버를 들어왔다. 삼성 투수 백정현은 류지혁에게 공을 뿌렸고, 류지혁은 포구 직후 공을 떨어뜨렸지만, 다시 잡았다. 단 직후 구본혁의 무릎에 얼굴을 강하게 부딪혔다. 머리에 큰 충격을 받은 류지혁은 좀처럼 일어나지 못했다. 잠시 뒤에는 일어나 부축을 받으며 더그아웃으로 돌아오는 듯 했지만, 곧 다시 어지러움을 호소했다. 결국 트레이너에게 업혀 더그아웃으로 복귀했다. 이후 류지혁은 병원으로 향했고, 천만다행으로 특이 사항 없다는 진단과 마주했다. 삼성 관계자는 “오늘 상태를 다시 체크할 예정”이라고 설명했다. [이한주 MK스포츠 기자] [ⓒ MK스포츠, 무단전재 및 재배포 금지]"
2026.07.09 13:36,"염갈량이 구본혁에 내린 특명, 두산 레전드처럼 해라!…""김재호를 롤모델로...",엑스포츠뉴스,"(엑스포츠뉴스 대구, 김지수 기자) 염경엽 LG 트윈스 감독이 어느덧 프로 8년차 시즌을 보내고 있는 내야수 구본혁이 한 단계 더 성장해야 한다는 점을 강조했다. 확실한 주전이 되기 위해서는 타격에서 더 파괴력을 보여줘야 한다는 입장이다. 염경엽 감독은 지난 8일 대구 삼성 라이온즈파크에서 열린 2026 신한 SOL KBO리그 삼성 라이온즈와의 팀 간 10차전에 앞서 ""구본혁은 타율을 조금 더 끌어 올려야 주전을 할 수 있다. 한 단계 더 올라서야 한다""고 말했다. 1997년생인 구본혁은 2019년 동국대를 졸업하고 신인드래프트 2차 6라운드, 전체 55순위로 LG 유니폼을 입었다. 입단 첫해부터 준수한 주력과 수비력을 인정 받아 1군 57경기에 출전하며 경험을 쌓았다. 2020시즌 125경기, 2021시즌 123경기를 뛰었고 이듬해 국군체육무대(상무)에서 군복무에 돌입했다. 염경엽 감독은 구본혁이 전역 후 팀에 복귀한 2024시즌부터 적극적으로 기회를 줬다. 센터라인 내야 자원 중 팀의 미래를 이끌 선수 중 한 명으로 구본혁을 점찍었다. 구본혁은 2024시즌 133경기 타율 0.257(339타수 87안타) 2홈런 43타점 8도루, 2025시즌 131경기 타율 0.286(343타수 98안타) 1홈런 38타점 10도루로 성장세를 보여줬다. 올해도 82경기 타율 0.271(199타수 51안타) 15타점으로 준수한 성적을 기록 중이다. 하지만 염경엽 감독은 구본혁이 '진짜 주전'으로 발돋움하기 위해서는 타격에서 더 발전해야 한다는 메시지를 꾸준히 전하고 있다. 구본혁의 타격 스타일상 3할대 타율을 기록할 수 있어야 한다고 보고 이다. 염경엽 감독은 그러면서 '두산 왕조'의 주전 유격수였던 김재호를 언급했다. 김재호는 2004년 1차 지명으로 두산에 입단한 뒤 오랜 2군 생활과 치열한 주전 경쟁을 거쳐야 했다. 유망주 시절 '국가대표급' 수비력에 비해 타격에서 발전이 더디면서 주전 입성에 오랜 시간이 걸렸다. 김재호는 데뷔 후 가장 많은 타석을 소화한 2014시즌 122경기 타율 0.252(341타수 86안타) 3홈런 54타점으로 아쉬움을 남겼지만, 2015시즌 133경기 타율 0.307(416타수 126안타) 7홈런 78타점으로 타격에도 눈을 떴다. 두산은 김재호와 함께 2015~2016, 2019 한국시리즈 우승을 일궈냈다. LG는 부동의 주전 유격수였던 오지환이 30대 중반에 접어들면서 '포스트 오지환'을 찾아야 하는 과제를 안고 있다. 1군에서 많은 경험을 쌓았고, 안정적인 수비력을 갖춘 구본혁도 후보 중 한 명이다. 염경엽 감독은 ""구본혁이 본인의 장점을 살리는 롤 모델을 찾으면 두산 베어스에서 활약했던 김재호처럼 돼야 한다""며 ""구본혁이 지금 같은 타율로는 항상 백업을 할 수밖에 없다. 선수 본인도 잘 알고 있다""고 말했다. 또 ""이 부분에 대해서는 우리 코칭스태프가 충분히 설명을 하고 있다. 구본혁에게 '네가 주전으로 뛰기 위해서는 어떤 장점을 가지고 있어야 한다'는 점을 말해주고 있다""며 ""선수마다 자기 성향에 맞춰 가야 할 방향과 스타일을 얘기해 준다""고 덧붙였다. 사진=엑스포츠뉴스 DB 김지수 기자 jisoo@xportsnews.com"
2026.07.09 13:31,"'8위 부진' 롯데, 선수단 정리…'최정 동생' 최항 방출",뉴스1,"(서울=뉴스1) 이상철 기자 = KBO리그 통산 홈런 1위 기록을 보유한 최정(39·SSG 랜더스)의 동생인 최항(32)이 롯데 자이언츠에서 방출됐다. 롯데는 9일 ""내야수 최항을 비롯해 투수 박시영(37)과 정선우(24) 등 3명과 면담을 통해 방출 의사를 전달했다""고 밝혔다. 2012년 SK 와이번스(현 SSG)에 입단한 최항은 2023년 시즌 종료 후 2차 드래프트를 통해 롯데로 이적했다. 최항은 롯데 유니폼을 입은 첫 시즌인 2024년 72경기 타율 0.250(132타수 33안타) OPS(출루율+장타율) 0.596을 기록했지만, 지난해와 올해 총 12경기만 뛰는 등 입지가 크게 좁아졌다. 최항의 프로 통산 성적은 388경기 타율 0.267(853타수 228안타) 11홈런 107타점 112득점이다. 2008년 롯데에 입단한 베테랑 투수 박시영은 불펜의 한 축을 맡다가 2020년 12월 KT 위즈로 트레이드됐다. 2021년 KT의 통합 우승에 일조한 박시영은 2024년 시즌을 마친 뒤 방출 통보를 받아 다시 롯데로 복귀했다. 지난해 11경기 평균자책점 11.05로 부진한 박시영은 올해 1군 엔트리에 이름을 올리지 못했다. 박시영은 1군 통산 293경기 10승14패 1세이브 32홀드 평균자책점 5.58의 성적을 남겼다. 지난해 육성선수로 롯데 유니폼을 입은 정선우는 1군 데뷔전도 치르지 못하고 새로운 팀을 찾게 됐다. 한편 롯데는 8일 경기까지 마친 현재 38승2무44패로 8위에 머물러 있다. rok1954@news1.kr"
2026.07.09 13:27,"이정후 무안타, 8회까지 노히트 굴욕...10점차 대패한 자이언츠, '승...",더게이트,"[더게이트] 이정후의 소속팀 샌프란시스코 자이언츠가 노히트노런 굴욕을 간신히 면했다. 이정후는 무안타에 그쳤고, 자이언츠는 1안타 무득점으로 꽁꽁 묶여 완패했다. 최악의 경기력에 5할 승률에서 어느새 -16까지 떨어지면서 바닥이 보이지 않는다. 샌프란시스코는 9일(한국시간) 미국 캘리포니아주 샌프란시스코 오라클파크에서 열린 2026 미국프로야구 메이저리그(MLB) 토론토 블루제이스와의 홈 경기에서 0대 10으로 완패했다. 토론토 선발 투수 딜런 시즈는 8이닝 동안 단 1개의 안타만 내주고 11개의 탈삼진을 솎아내는 압도적인 투구로 시즌 6승(4패)째를 수확했다. 9회에 깨진 노히터 시즈는 8회까지 샌프란시스코 타선을 완벽하게 봉쇄하며 대기록을 눈앞에 뒀다. 기록 달성을 9회말 선두타자로 나선 엘리오트 라모스가 깨뜨렸다. 라모스는 볼카운트 1볼 1스트라이크에서 시즈의 몸쪽 싱킹패스트볼을 공략해 중전 안타를 때려냈다. 라모스는 ""노히터를 깨긴 했지만 결국 우리가 진 경기""라며 ""정말 아쉬운 패배이며 우리가 이 정도밖에 안 되는 팀은 아니라고 생각한다""고 털어놨다. 이날 시즈는 공 118구를 던지며 샌프란시스코 타자 28명을 상대했다. 8회말에는 달튼 바쇼가 브라이스 엘드리지의 담장 앞 타구를 몸을 던져 잡아내는 호수비로 시즈의 무피안타 행진을 도왔다. 시즈는 ""기록이 눈에 보여도 사소한 것 하나로 안타가 나올 수 있다. 실제로 완성하기 전까지는 정말 멀게만 느껴진다""고 소감을 전했다. '바람의 손자' 이정후도 시즈의 역투에 막혀 침묵했다. 이정후는 이날 5번 타자 우익수로 선발 출전했으나 3타수 무안타로 물러났다. 0대 5로 뒤진 2회 첫 타석에서 유격수 뜬공으로 물러난 뒤, 5회에는 1루수 땅볼로 아웃됐다. 라파엘 데버스의 볼넷으로 만든 7회말 1사 1루 기회에서는 9구까지 가는 풀카운트 접전을 벌였지만 우익수 뜬공에 그쳤다. 이틀 연속 안타를 생산하지 못한 이정후의 시즌 타율은 0.311에서 0.308(318타수 98안타)로 약간 내려앉았다. 승부는 일찌감치 토론토 쪽으로 기울었다. 1회초 토론토의 카즈마 오카모토가 만루 상황에서 우측 담장 상단을 때리는 만루 홈런을 터뜨리며 기선을 제압했다. 오카모토 개인 통산 첫 만루 홈런이자, 샌프란시스코 선발 로건 웹이 메이저리그 데뷔 후 196번째 만루 상황에서 처음으로 허용한 만루포였다. 웹은 이후 6이닝을 더 던지며 추가 실점 없이 버텼지만 초반 대량 실점을 극복하기에는 역부족이었다. 웹은 ""결국 우리가 진 경기""라면서 ""1회에만 5대 0으로 구멍을 낸 게 문제였다""고 자책했다. 이날 패전(5승 7패)을 떠안은 웹은 토론토전 평균자책이 8.22까지 치솟으며 특정 팀 상대 통산 최악의 성적을 남기게 됐다. 토론토는 웹이 내려간 8회초 데버스의 병살 처리 실책을 틈타 2점을 더 보탠 뒤, 9회초에는 블라디미르 게레로 주니어와 조지 스프링어가 연속 타자 홈런을 쏘아 올리며 두 자릿수 점수 차를 만들었다. 자이언츠는 이날 패배로 시즌 성적 38승 54패를 기록했다. 승률 5할에서 16경기나 모자란 수치로, 2018시즌 이후 구단 역사상 최악의 성적이다. 토니 비텔로 샌프란시스코 감독은 ""9회 라모스가 보여준 투지는 마음에 든다""면서도 ""오늘은 수비에서 실수가 나왔고 마운드에서 경기를 지켜내지 못했다. 공격에서도 보여준 게 별로 없었던, 바닥을 찍은 하루였다""고 경기를 총평했다."
2026.07.09 13:24,"""아직은 신인인가"" 호부지 예상이 유쾌하게 빗나갔다…대형 외야수 탄생 기...",스포츠조선,"[대전=스포츠조선 이종서 기자] ""두 번째 타석까지만 보고 교체해야겠다 생각했는데…."" 이호준 NC 다이노스 감독은 지난 7일 대전 한화생명볼파크에서 열린 한화 이글스와의 경기에서 고준휘(19)의 한 방에 감탄했다. 고준휘는 2026년 신인드래프트 4라운드(전체 32순위)로 입단한 신인. 7일 경기에서는 좌익수 겸 9번타자로 선발 출전했다. 첫 타석에서는 삼진을 당했다. 0-0으로 맞선 2회초 2사 만루에서 한화 박준영을 상대해 풀카운트 승부를 펼쳤지만, 하이패스트볼에 방망이가 헛돌았다. 이 감독은 8일 ""삼진으로 오길래 아직 신인인가 싶었다. 3B2S에서 딱 속기 좋은 공이 왔다. 들어올 때 2B에 한가운데 공이 왔는데 안쳐서 '왜 안 치냐. 그냥 때려라'라고 했다""라며 ""두 번째 타석까지만 보고 (권)희동이와 교체를 할까 했다. 그래도 희동이가 수비는 더 좋다""고 돌아봤다. 고준휘는 두 번째 타석에서 아쉬움을 털어냈다. NC는 0-0으로 맞선 4회초 1사에 천재환의 내야 안타와 안중열의 안타로 1,2루 찬스를 잡았다. 다시 타석에 선 고준휘는 이번에는 1B1S에서 S존에 들어온 박준영의 직구를 놓치지 않았고, 타구는 우측 몬스터월을 그대로 넘어가는 홈런이 됐다. 경기를 마친 뒤 고준휘는 ""첫 타석 만루 기회에서 결과를 내지 못해 아쉬움이 컸다. 그만큼 더 승부욕이 생겼고, 다음 타석을 준비할 때 감독님께서 자신감을 심어주신 덕분에 부담 없이 자신 있게 들어갈 수 있었다. 그 부분이 좋은 결과로 이어진 것 같다""고 소감을 전했다. 이 감독은 ""홈런 칠 줄은 몰랐다. 맞는 순간 홈런이라고는 생각했는데 (몬스터월) 높이가 있으니 끝까지 봤다. 딱 넘어가더라""고 웃었다. 고준휘를 향한 이 감독의 기대는 남다르다. 이 감독은 ""스윙을 대차게 돌리는 선수다. 신인 치고는 정말 선구안도 좋다""고 칭찬했다. 올해보다는 내년을 더 기대하고 있다. 이 감독은 ""이제 경험을 쌓고 캠프를 잘하면 더 좋아질 것. (고)준휘는 수비에 더 신경을 쓰면 좋을 거 같다. 생각보다 다리도 빠르다""라며 ""2~3년 안에는 올라와서 해줘야 한다""고 미래를 그렸다. 대전=이종서 기자 bellstop@sportschosun.com"
2026.07.09 13:16,"빈자리 잘 채워줬는데…체력 떨어진 오러클린, 삼성은 결단을 내릴 수밖에 ...",스포츠경향,삼성 외국인 투수 잭 오러클린이 어쩌면 자신의 마지막 기회가 될 수 있는 경기에서 제 역할을 하지 못했다. 삼성으로서는 결단을 내릴 가능성이 크다. 오러클린은 지난 8일 대구 삼성라이온즈파크에서 열린 LG와의 홈 경기에서 선발 등판해 3.2이닝 동안 10개의 안타를 얻어맞으며 5실점 했다. 삼성은 오러클린을 빨리 강판하고 불펜을 투입했지만 한번 넘어간 리드를 다시 가져오지 못하고 2-8로 패했다. 삼성으로서는 교체 카드를 써야 하는 상황에 왔다. 올 시즌을 앞두고 삼성은 미국프로야구 메이저리그 1라운더의 이력을 자랑하는 맷 매닝을 영입했다. 하지만 매닝은 스프링캠프에서 팔꿈치 부상으로 이탈했고 단기 대체 외인으로 오러클린을 선택했다. 오러클린은 지난 3월 열린 월드베이스볼클래식(WBC)에서 호주 대표로 뛰었다. 오러클린은 개막 후 4월까지는 6경기에서 2패 평균자책 4.50에 머무르며 제 역할을 하지 못했지만 5월부터는 살아나기 시작했다. 5월 5경기에서 4승 무패 평균자책 3.49로 선발진에서 자리를 잡았다. 박진만 삼성 감독은 오러클린의 호투가 계속된다면 시즌 끝까지 갈 가능성도 있다고 말하기도 했다. 하지만 삼성이 섣불리 오러클린과 정식 계약을 하지 않은 이유가 있었다. 오러클린은 지난 겨울 호주리그에서 뛰었고 뒤이어 WBC까지 소화한 뒤 KBO리그의 개막을 맞이했다. 체력의 소모가 많을 수밖에 없다. 정규시즌을 넘어 포스트시즌에서도 정상의 자리를 노리는 삼성으로서는 오러클린과의 동행을 확정 짓기 어려웠다. 또한 우려가 점점 현실이 됐다. 6월 중순부터 오러클린은 급격히 체력이 떨어진 모습을 보였다. 6월 18일 키움전부터 지난 8일 LG전까지 5이닝을 넘긴 경기는 단 한 경기밖에 없었다. 올 시즌 전체 성적으로 봐도 오러클린은 17경기 중 단 7차례 퀄리티스타트를 달성했다. 17경기 중 13경기에서 퀄리티스타트를 작성한 또 다른 외국인 투수 아리엘 후라도와 비교되는 부분이다. 삼성은 대체자를 계속 물색했고 최근 메이저리그 뛴 크리스 페덱이 영입 후보군으로 올랐다. 하지만 아직 확정이 된 사항은 아니다. 전반기까지만 해도 6선발로 운용하며 선발진을 운용해왔던 삼성은 후반기 들어서는 선발 투수들의 휴식 없이 5선발로 바짝 달려가겠다는 계획을 가지고 있다. 외국인 원투 펀치가 제대로 가동이 되어야 순위 싸움에서 우위를 점할 수 있다. 규정상 외국인 선수가 포스트시즌에 출전하려면 8월 15일까지 등록이 되어야 한다. 새 외인 선수의 적응 시간을 고려하면 삼성으로서는 빠른 결단이 필요하다. 10일부터는 올스타 휴식기가 시작된다. 삼성의 외국인 고민에 대한 답을 이 기간 동안 풀어낼 수 있을지 관심이 모아진다. 김하진 기자 hjkim@kyunghyang.com
2026.07.09 13:13,홈런 하나는 김도영 오스틴보다 잘 친다…'괴력의 148m 장외포' 문정빈...,스포티비뉴스,"[스포티비뉴스=대구, 신원철 기자] 이재원이 1위, 오스틴 딘이 2위, 그리고 문정빈. LG 문정빈은 지난달 21일 두산 베어스와 경기에서 멀티 홈런을 기록한 뒤 인터뷰에서 자신이 팀에서 세 번째로 힘이 센 선수일 거라고 했다. 메이저리그급 타구속도를 자랑하는 이재원, 홈런왕에 도전하는 오스틴에 이어 자신을 3위로 꼽았다. 전반기 마지막 경기만 남겨둔 가운데 문정빈은 자신의 말을 타석에서 증명하고 있다. 8일 라이온즈파크를 넘기는 비거리 148m 초대형 홈런을 터트렸다. 이 홈런은 문정빈의 시즌 7호 홈런이고, 문정빈은 이 홈런으로 타수당 홈런 1위에 올랐다. '스몰샘플'에서 나온 결과이기는 하지만 지금까지의 기록은 오스틴과 KIA 김도영을 넘어섰다. 문정빈은 8일 대구 삼성라이온즈파크에서 열린 삼성 라이온즈와 경기에서 8회 대타로 나와 삼성 좌완 이승현을 상대로 트랙맨 레이더 추정 비거리 147.9m 장외 홈런을 날렸다. 타구속도 시속 177.5㎞에 발사각은 26.1도로 메이저리그급 타구가 나오자 구자욱 등 삼성 외야수들이 그대로 얼어붙었다. 따라갈 필요도 없이 홈런이라는 것을 모두가 알 수 있었다. 문정빈은 8일까지 타율 0.317, 출루율 0.387, 장타율 0.683을 기록하고 있다. 꾸준히 주전으로 뛰는 선수가 아니라 타수가 현저히 적지만 홈런 순위는 팀 내 공동 4위. 오스틴(27홈런)과 비교할 수는 없어도 박동원(214타수 9홈런)송찬의(184타수 8홈런) 문보경(197타수 7홈런)과는 비슷한 수준이다. 놀라운 점은 타수당 홈런 기록이다. 82타수에서 홈런 7개, 11.7타석에서 하나 꼴로 홈런이 터졌다. 규정타석 30% 이상 출전한 선수 가운데 타수당 홈런 1위다. 규정타석을 채운 선수 중에서는 홈런왕을 놓고 다투는 선수들이 상위권에 올라 있다. 오스틴과 김도영이 12.0타석당 1개의 홈런을 기록했다. 이어 한화 강백호가 12.9타석에 하나, SSG 최정이 13.0타석에 하나로 상위권을 형성했다. 규정타석 밖 선수 중에서는 문정빈과 함게 KIA를 떠난 아데를린 로드리게스가 눈에 띈다. 아데를린은 12.1타석에 하나로 홈런 생산력은 최고 수준이었다. 문정빈은 전반기 활약을 바탕으로 후반기에 더 많은 경기에 나설 수 있을 것으로 보인다. 염경엽 감독은 8일 경기 전 ""전반기를 통해 송찬의와 문정빈, 이영빈, 천성호를 발견했다""며 ""어쨌든 (후반기는)우리가 이길 수 있는 쪽으로 타순을 짤 생각이다. 안 맞을 때는 쉬고, 타격감 좋은 선수가 나가고""라고 말했다. <저작권자 ⓒ SPOTV NEWS. 무단전재 및 재배포 금지>"
2026.07.09 13:08,300승-4000탈삼진 대기록 결국 못 보나...'금강불괴' 저스틴 벌랜...,더게이트,"[더게이트] 메이저리그를 대표하는 '금강불괴' 투수 저스틴 벌랜더가 올 시즌을 끝으로 은퇴한다. 사이영상 세 차례, 월드시리즈 우승 두 차례, 한 번의 최우수선수(MVP)까지 손에 쥔 21년차 레전드 투수가 이제 선수 인생의 마지막 장을 앞두고 있다. 벌랜더는 9일(한국시간) 미국 미시간주 디트로이트 코메리카파크에서 기자회견을 열고 2026시즌을 끝으로 은퇴하겠다고 밝혔다. 벌랜더는 이날 롭 맨프레드 커미셔너로부터 '레전드픽'으로 선정돼 개인 통산 10번째 올스타전 출전권을 따낸 직후 이 같은 결정을 공식화했다. 여전히 남은 미련...라스트 댄스 준비한다 벌랜더는 기자회견 두 시간 전 자신의 SNS에 글을 올려 은퇴 계획을 알렸다. 그는 ""올 시즌은 몸과 마음 모두 겪어보지 못한 방식으로 나를 시험했다""며 ""내가 원하는 수준으로 경쟁할 수 있는 한 계속 뛰겠다고 늘 믿어왔다. 어떤 이정표나 숫자, 날짜 때문에 은퇴하고 싶지는 않았다. 야구가 스스로 때를 알려주길 바랐다""고 적었다. 이어 ""최근 몇 달 사이 그 때가 왔다는 걸 깨달았다. 남은 시즌 동안은 팀에 모든 걸 쏟아붓겠지만, 이번이 마지막이 될 것""이라고 덧붙였다. 디 애슬레틱의 코디 스타벤하겐 기자는 맨프레드 커미셔너가 이미 벌랜더의 은퇴 의사를 알고 있었으며, 올스타 주간에 쏟아질 거취 관련 질문 부담을 덜어주기 위해 두 사람이 사전에 발표 시점을 조율했다고 보도했다. 벌랜더는 ""내가 왜 그 자리에 서는지 명확한 그림을 그리는 게 더 나은 선택이라고 생각했다""고 말했다. 은퇴를 발표했다고 해서 시즌이 끝난 건 아니다. 벌랜더는 올 시즌 애리조나 원정에서 3.2이닝 5실점으로 딱 한 경기만 뛴 뒤 왼쪽 엉덩이 부상으로 60일 부상자 명단(IL)에 올랐다. 6월 복귀를 준비하다 왼쪽 햄스트링 부상까지 겹치며 또 한 번 일정이 밀렸다. 벌랜더는 현지 매체 인터뷰에서 ""디트로이트 유니폼을 입고 다시 마운드에 서는 건 계약할 때부터 그려온 그림이었다. 누구 못지않게 간절히 원했다""면서 ""남은 시즌에 집중하고 싶다. 추억을 회상하고 은퇴 얘길 할 시간은 따로 있을 거다. 지금은 이 팀을 위해 최고의 내가 되는 데만 집중하고 있다""고 말했다. 벌랜더는 2004 신인 드래프트 전체 2순위로 올드도미니언대를 나와 프로에 입문했다. 2006년 아메리칸리그 신인왕을 차지했고, 이후 8년 연속 200이닝 이상을 던졌다. 2011시즌에는 24승 5패 평균자책 2.40, 탈삼진 250개로 커리어 최고 시즌을 보내며 사이영상과 함께 역대 24번째 투수 MVP까지 받았다. 타이거스에서 12년 반을 보낸 벌랜더는 2017년 여름 휴스턴 애스트로스로 트레이드됐고, 그해 월드시리즈 우승을 이끌었다. 2019년에는 개인 두 번째 사이영상을 받았고, 2022년에는 팔꿈치 인대 재건수술에서 돌아와 39세 나이로 18승 4패 평균자책 1.75를 기록하며 세 번째 사이영상과 함께 다시 한번 챔피언 반지를 손에 넣었다. 이후 온갖 부상으로 고전하면서도 뉴욕 메츠, 휴스턴, 샌프란시스코 자이언츠를 거쳐 올해 타이거스로 돌아왔다. 통산 성적은 266승 159패, 평균자책 3.33, 탈삼진 3554개다. 탈삼진 부문에선 역대 8위로 7위 돈 서튼의 기록과는 21개 차다. 포스트시즌 탈삼진은 244개로 역대 1위, 이닝과 승수는 나란히 역대 2위다. 가족, 그리고 남은 시즌 계획 벌랜더는 이번 겨울 1년 1300만 달러(약 188억 5000만원)에 타이거스와 계약하며 친정팀으로 돌아왔다. 아내 케이트 업튼과 자녀들은 6월 대부분을 디트로이트에서 함께 보냈다고 전했다. 벌랜더는 ""시즌이 흘러갈수록 가족 생각이 점점 더 커졌다. 가족들과 함께 좋은 시간을 보내면서 다른 면을 보게 됐다""고 말했다. 통산 300승과 탈삼진 4000개에는 미련을 접기로 했다. 벌랜더는 두 기록을 가리켜 ""내게 남아 있을지 모르는 것보다 훨씬 많은 시간이 필요한 목표""라고 말했다. 그럼에도 마운드로 돌아가겠다는 의지만큼은 꺾이지 않았다. 벌랜더는 ""바퀴가 빠질 때까지 뛰겠다고 늘 말해왔고 '이러다 진짜 빠지겠다'고 했는데, 정말 그렇게 됐다. 하지만 아직 끝난 게 아니다""라면서 의욕을 보였다. 벌랜더는 10일 경기를 앞두고 불펜 피칭을 소화할 예정이다."
2026.07.09 13:04,염경엽 LG 감독 향해 '사망 기원'...도 넘은 악플 논란,마니아타임즈,"염경엽 LG 트윈스 감독을 향한 도를 넘은 악성 게시글이 온라인에서 논란을 빚고 있다. 최근 한 SNS 이용자는 염 감독을 향해 욕설과 함께 '사망 기원', '평생 기억하고 저주하겠다', '두고 보자' 등의 표현을 담은 게시글을 올렸다. 해당 게시글은 온라인 커뮤니티와 SNS를 통해 빠르게 확산됐다. 게시글이 알려지자 팬들은 ""비판과 저주는 다르다"", ""아무리 경기 결과에 불만이 있더라도 사망을 기원하는 것은 선을 넘은 행동""이라며 작성자를 강하게 비판했다. 일부 팬들은 구단 차원의 강경 대응이 필요하다는 의견도 내놓았다. 논란이 커진 이후 해당 SNS 계정은 현재 비활성화된 상태인 것으로 알려졌다. [강해영 마니아타임즈 기자/hae2023@maniareport.com] 기사제보 및 보도자료 report@maniareport.com"
2026.07.09 13:04,"'병역 면제 기회, 절대 포기 못해' 금메달 초비상? ""군대 가야할 선수...",스포츠조선,"[스포츠조선 나유리 기자]""아직 군 복무를 해야 하는 젊은 선수들이 많다. 그들이 대표팀에서 병역 혜택을 받을 기회를 갖는다면 좋을 것 같다."" 대만 야구 대표팀도 이번 아이치-나고야 아시안게임에서 병역 특례를 노린다. 금메달이 한국 야구 대표팀에게도 비상 상황이다. 대만은 10일 아시안게임에 참가할 야구 대표팀 명단을 최종 공개할 예정이다. 이미 명단 선정은 끝났고, 내부적으로 최종 조율만 하고 있다. 최종 명단에는 한화 이글스에서 뛰고있는 왕옌청을 비롯해 미국 마이너리그, 일본프로야구 소속인 해외파가 상당수 포함돼있고, 대만프로야구(CPBL) 소속 선수들과 일부 실업팀 선수들이 이름을 올린 것으로 알려져있다. 대만 역시 20대 선수들 위주로 명단을 짜면서도 최정예에 가까운 멤버들이 나설 것으로 보인다. 대만 'ET투데이' 보도에 따르면 해외파 선수들은 대부분 투수이며, 일부 야수도 포함되어 있다. 니혼햄 파이터스의 구린뤼양도 이름이 거론되고 있다. 대만 역시 아시안게임 금메달에 병역 혜택이 걸려있는 것으로 보인다. 대만은 현재 의무 복무 징병제를 시행하고 있는데, 2023년까지는 의무 복무 기간이 4개월이었다. 그러나 중국과 군사적 긴장감이 높아지면서 2024년부터 의무 복무 기간을 4개월에서 1년으로 늘렸고, 이 기준을 2005년생 이후 출생자로 제한을 두고 있다. 기존 선수들은 4개월의 군 복무 기간을 비시즌 휴식기때 채울 수 있었기 때문에 큰 문제가 되지 않았다. 시즌이 끝난 후 군대에 입대해 다음해 스프링캠프 즈음에 팀에 복귀할 수 있는 스케줄을 맞췄었다. 하지만 2005년생 이후 출생 선수들이 프로에 진출하는 숫자가 많아지면서, 이제 군 복무 기간이 고민거리다. 한국 또한 현재 육군 기준으로 군 복무 기간이 18개월이기 때문에, 프로야구 선수들은 일부 국군체육부대(상무)에 지원해 병역 기간을 채우거나 사회복무요원 혹은 일반병으로 현역 복무를 하는 등 다양하게 의무 복무 기간을 채우고 있다. 대만도 4개월에서 1년으로 군 복무 기간이 늘어나면서 한국의 상무처럼 야구를 계속 하면서 병역의 의무도 동시에 이행할 수 있는 방법 등을 고민하고 있다. 라쿠텐 몽키즈의 베테랑 내야수이자 대만 국가대표 경력을 자랑하는 린리는 'ET투데이'와의 인터뷰에서 이번 아시안게임 명단 발탁을 두고 ""아직 군 복무가 필요한 젊은 선수들이 많다. 이들이 국가대표로 발탁되어 병역 면제 혜택을 받는다면 좋을 것 같다""면서 ""우리팀의 린쯔웨이와 린정화 역시 곧 군대에 가야하는 나이다. 이들이 군 복무로 인해 선수 커리어가 중단되는 것을 원치 않는다. 한창 선수 생활을 시작하려는 시점에 갑자기 군대에 가는 것이 적지 않은 타격""이라면서 아시안게임에서 우승을 차지해 젊은 선수들이 병역 면제 혜택을 얻기를 바란다고 밝혔다. 나유리 기자 youll@sportschosun.com"
2026.07.09 13:03,"""내게는 하나밖에 없는 최고의 형""…159km 두산 에이스가 최원준 글러...",엑스포츠뉴스,"(엑스포츠뉴스 잠실, 유준상 기자) 두산 베어스의 '에이스' 곽빈이 전반기 마지막 등판을 성공적으로 마쳤다. 곽빈은 8일 서울 잠실야구장에서 열린 2026 신한 SOL KBO리그 SSG 랜더스와의 정규시즌 8차전에 선발 등판해 7이닝 2피안타(1피홈런) 1사사구 7탈삼진 1실점을 기록했다. 시즌 두 번째 퀄리티스타트 플러스(QS+·선발 7이닝 이상 3자책점 이하)와 함께 8승째를 올렸다. 두산 구단에 따르면 곽빈은 이날 최고 159km/h를 찍으며 개인 최고구속을 경신했다. 종전 기록은 5월 28일 잠실 KT 위즈전 158.7km(이상 트랙맨 기준)이었다. 곽빈은 1회초를 무실점으로 틀어막으며 순조로운 출발을 알렸다. 2회초 1사 주자 없는 상황에서 전의산에게 솔로포를 내주긴 했지만, 추가 실점 없이 이닝을 마쳤다. 곽빈은 3회초 이후 안정감을 찾았다. 7회초까지 큰 위기 없이 마운드를 지켰다. 그 사이 타자들도 힘을 냈다. 두산은 3회말 1득점, 4회말 1득점, 5회말 1득점, 6회말 2득점하며 곽빈에게 힘을 실어줬다. 두산은 7-1로 앞선 8회초 전의산에게 투런포를 맞았지만, 마지막까지 4점 차 리드를 지켰다. 곽빈, 박치국에 이어 마운드에 오른 세 번째 투수 이영하가 9회초를 무실점으로 틀어막았다. 경기 후 취재진과 만난 곽빈은 ""전반기 마지막 경기였는데, QS+로 마지막 등판을 마치게 돼 정말 다행이다. 팀이 이기는 데 기여한 것 같아 감사하게 생각한다""고 소감을 밝혔다. 이어 ""적극적으로 승부했고, 빠르게 유리한 카운트를 만들었기 때문에 투구수를 줄일 수 있었다. 길게 던지고 싶은 만큼 템포를 조절할 수 있을 때는 최대한 조절하려고 한다""고 덧붙였다. 곽빈은 17경기 97이닝 8승 3패 평균자책점 2.60, 112탈삼진의 성적으로 전반기를 마쳤다. 탈삼진 부문 1위, 평균자책점 부문 3위, 다승 부문 공동 4위 등 주요 개인 지표에서 상위권에 이름을 올렸다. 다만 개인 타이틀에 대한 욕심은 없다는 게 곽빈의 이야기다. 곽빈은 ""다승왕을 차지했던 2024시즌에는 전반기에 7승, 후반기에 8승을 거뒀던 것 같다. 당시에는 타자들이 많이 도와줘서 퀄리티스타트(QS·선발 6이닝 이상 3자책점 이하)를 기록하면 거의 승리투수가 됐던 것 같은데, 다승왕을 노리고 싶지는 않다. 탈삼진 부문 1위도 사실 크게 생각하지 않고 있다""고 차분하게 말했다. 구속에 대한 욕심도 크지 않다. 곽빈은 ""160km/h를 던지고 싶은 생각도 없다. 그냥 매년 구위를 유지하는 게 목표다. 올해는 BQ(야구 지능)가 향상되고 있는 것 같다""며 ""원래 올 시즌 목표가 평균자책점 3.50 미만이었다. 2년 연속 4점대 평균자책점을 기록했는데, 형들이 '야구 그만해라. 그 공으로 맨날 4점대를 기록하냐'고 하더라. (최)원준이 형이 스프링캠프 때부터 많이 도와줬다""고 얘기했다. 최원준은 곽빈에게 단순한 팀 동료 이상의 존재다. 곽빈은 최원준이 수술을 받기로 결정한 이후부터 최원준의 글러브를 착용한 채 마운드에 오르고 있다. 곽빈은 ""최근 계속 좋은 결과가 나오고 있는데, 한 3승째를 거둘 때부터 계속 원준이 형의 글러브를 꼈다. 나를 계속 도와주는 형이고, 내게는 하나밖에 없는 최고의 형이다. 원준이 형과 함께한다는 마음으로 계속 글러브를 끼고 있다""며 애정을 드러냈다. 사진=잠실, 김한준 기자 유준상 기자 junsang98@xportsnews.com"
2026.07.09 13:02,감독이 지켜본다고 했는데… 日 강속구 투수 허망한 1군 복귀 → 헤드샷 ...,엑스포츠뉴스,"(엑스포츠뉴스 대구, 김지수 기자) 삼성 라이온즈 일본 파이어볼러 미야지 유라가 1군 복귀 후 첫 등판에서 헤드샷 사구 퇴장으로 아쉬움을 남겼다. 사령탑은 달라진 미야지를 기대했지만, 무언가를 확인하기도 전에 마운드를 내려왔다. 미야지는 8일 대구 삼성라이온즈파크에서 열린 2026 신한 SOL KBO리그 LG 트윈스와의 팀 간 10차전에 구원등판했지만, 1사구만 기록한 뒤 교체됐다. 박진만 삼성 감독은 이날 삼성이 2-5로 끌려가던 5회초 2사 2루에서 LG 박동원의 타석 때 미야지를 투입했다. 실점을 막고 3점의 격차를 유지한 뒤 5회말 공격에 돌입한다는 계산이었다. 미야지는 초구 128km/h짜리 낙차 큰 슬라이더로 박동원의 헛스윙을 유도, 컨디션이 괜찮은 것처럼 보였다. 하지만 1볼 1스트라이크에서 던진 152km/h짜리 직구가 박동원의 머리 근처로 향했고, 헬맷 챙 끝 쪽에 맞았다. 박동원은 천만 다행으로 큰 부상을 피했다. 미야지도 사구 직후 깜짝 놀라 모자를 벗고 박동원에게 연신 미안하다는 제스처를 취했다. 박동원도 미야지를 향해 자신은 괜찮다는 동작을 취했다. 그러나 미야지는 KBO리그 헤드샷 사구 규정에 따라 곧바로 퇴장 조치됐다. 지난 6월 25일 잠실 LG전 이후 13일 만에 1군 등판을 투구수 3개만 기록한 채 허무하게 마쳤다. 1999년생인 미야지는 올해부터 KBO리그에 도입된 아시아 쿼터를 통해 삼성 유니폼을 입게 됐다. 190cm에 가까운 신장에서 뿜어져 나오는 150km/h 초반대 패스트볼을 바탕으로 불펜에서 역할이 기대됐다. 하지만 미야지는 2026시즌 개막 후 이날 LG전 전까지 32경기 28⅔이닝 1패 3홀드 평균자책점 5.97로 기대에 못 미쳤다. 박진만 감독은 2026시즌 개막 후 꾸준히 미야지에게 등판 기회를 제공했지만, 좀처럼 반등하지 못했다. 미야지는 결국 지난 6월 25일 LG전 2피안타 1홈런 1볼넷 3실점 최악투 이튿날 1군 엔트리에서 말소, 2군에서 재정비의 시간을 가졌다. 박진만 감독은 지난 7일 LG전에 앞서 미야지를 2군에서 콜업, 전반기 마지막 3연전에서 미야지의 구위와 게임 운영 능력을 직접 지켜보고자 했다. 1~2경기 투구 내용으로 선수 거취를 결정하지는 않겠지만, 후반기 기용법에 큰 영향을 끼칠 것이라는 메시지를 내놨다. 박진만 감독은 ""미야지가 2군에서 재정비를 하고 왔기 때문에 어떤 모습을 보여줄지 보고 싶다""며 ""이번 전반기 마지막 3연전이 우리 팀에게도 그렇지만, 미야지에게 더 중요한 시리즈가 되지 않을까 생각한다""고 말했다. 결과적으로 미야지는 사령탑이 원했던 퍼포먼스를 보여주지 못했다. 오는 9일 등판 기회가 주어지지 않는다면 전반기를 이대로 마감하게 된다. 사진=삼성 라이온즈 김지수 기자 jisoo@xportsnews.com"
2026.07.09 13:01,“(박)상준이 나이 먹으면 복사근·햄스트링 부상 올 수 있으니까…” 꽃범...,마이데일리,"[마이데일리 = 부산 김진성 기자] “나이 먹으면 복사근, 햄스트링 부상이 올 수 있으니까…” 메이저리거 출신 강정호(39)는 약 2개월전 자신의 유튜브 채널 ‘강정호 King kang’을 통해 앞으로 기대되는 타자 중 한 명으로 박상준(25, KIA 타이거즈)을 꼽았다. 박상준이 향후 KIA의 주전 1루수가 될 수 있다고 했다. 강정호가 주목한 건 박상준의 파워풀한 스윙이다. 스윙이 부드럽고 군더더기 없는데, 파워풀하다면서, 보통의 KBO리그 유망주들과 다르다고 했다. 대졸 육성선수 출신인데, KIA가 스카우트를 잘한 것 같다고 했다. 박상준은 올 시즌 22경기서 타율 0.303 2홈런 8타점 10득점 OPS 0.849다. 최근 내복사근 부상을 털어내고 복귀해 꾸준히 1루수로 나서고 있다. 8일 부산 KIA 타이거즈전서는 헤럴드 카스트로가 1루수로 나서면서 결장했다. 박상준이 1군에 자리를 잡으려면 변화구 공략능력 향상과 함께, 수비를 좀 더 가다듬으면 좋다는 게 일반적인 평가다. 1루 수비를 못 하는 것은 아닌데, 신장이 그렇게 크지 않아서 내야수들이 공을 편안하게 던질 수 있는, 포구 타깃이 넓은 1루수는 아니다. 7일 부산 롯데 자이언츠전서도도 몇 차례 아슬아슬한 모습이 있었다. 이범호 감독은 8일 부산 롯데전을 앞두고 “아직 1군에서 경험이 많이 없으니까…본인도 공을 확인하고 잡아야 하고, 그래도 잡는 능력은 있다. 땅볼 타구는 시행착오가 좀 있어야 할 것 같은데 그래도 나쁜 수비는 아니다”라고 했다. 아직 원숙한 1루 수비를 기대할 수 있는 단계는 아니다. 이범호 감독은 “상준이는 잡고 난 뒤에 정확하게 던지는 걸 먼저 생각하고 던질 겁니다. 어린 친구들은 실수하는 것보다 세이프가 낫다고 생각하고 플레이를 하니까. 고참들은 아웃을 먼저 생각하고 이상한 자세에서도 공을 정확하게 던진다. 그게 경험이다. 상준이도 그런 생각을 하고 던지는 것 같아서, 그런 부분도 더 좋아질 것이다”라고 했다. 말이 나온 김에 이범호 감독에게 박상준이 다이어트가 필요한 것은 아닌 지 물었다. 개인적으로 그렇게 생각하지 않지만, 통통한 건 사실이다. 지난주 NC 다이노스와의 홈 경기서 1루 주자였다가 장타에 홈까지 들어왔는데, 상당히 헐떡거리는 모습이 있었다. 주력이 빠르지 않다. 앞으로도 발로 먹고 살아야 할 선수는 아니다. 이범호 감독도 박상준이 다이어트가 필요하지는 않다고 했다. 통통해도 운동선수는 일반인보다 근육이 훨씬 많다. 이범호 감독은 “펀치력이 있어서 괜찮은데, 나이가 한살, 한살 먹어가면 아무래도 복사근이나 햄스트링에 부상이 올 수 있으니까. 그런 부분은 조금 신경 써야 하지 않을까 싶다”라고 했다. 박상준은 올 시즌 KIA의 전반기 최고의 발견이다."
2026.07.09 12:58,아시아청소년야구선수권 대표팀 명단 발표…‘예비 프로’ 하현승 등 승선,KBS,"대한야구소프트볼협회(KBSA)가 오늘(9일) 프로 지명을 앞둔 하현승 등 제14회 아시아청소년야구선수권대회에 출전할 청소년 대표팀 코치진과 선수 명단을 확정해 발표했습니다. 대표팀은 덕수고 정윤진 감독이 지휘봉을 잡고, 청원고 김수관 감독과 순천효천고BC 정진 감독, 전주고 최대곤 감독, 중앙고 남인환 감독이 코치로 합류했습니다. 마운드는 최근 미국프로야구 구단들의 영입 제안을 고사하고 국내 무대 진출을 선택한 부산고 하현승과 강속구를 앞세운 인창고 윤예성이 원투펀치로 이끌 전망입니다. 또 한화이글스배 고교·대학 올스타전 최우수선수(MVP) 박근서(서울디자인고)를 비롯해 한규민(대전고), 곽도현(부산공업고), 김민훈(광주진흥고)도 대표팀 투수진에 이름을 올렸습니다. 내야수에는 최근 미국프로야구 텍사스 레인저스와 입단 계약을 맺은 투타 겸업 선수 엄준상(덕수고)을 비롯해 우주로(대전고), 남현우(서울컨벤션고), 김지우(서울고), 강인규(청주고), 이호민(경남고)이 선발됐습니다. 외야수는 장민제(충암고), 조희성(유신고), 황성현(덕수고), 박보승(경남고)이 발탁됐고, 포수는 원지우(강릉고)와 전영훈(세광고)이 대표팀에 승선했습니다. 이번 대회는 오는 9월 7일부터 13일까지 대만 타이베이에서 열리며, 8개국이 참가해 우승을 놓고 경쟁합니다. 예선은 2개 조로 나뉘어 진행되며, 각 조 상위 두 팀이 슈퍼라운드에 진출합니다. 이후 예선 맞대결 결과와 슈퍼라운드 성적을 합산해 상위 두 팀이 결승에 오르게 됩니다. 대표팀은 8월 중순 소집돼 본격적인 담금질에 들어갈 예정으로, 최근 KBO는 청소년 대표팀의 국제 경쟁력 강화를 위해 대한야구소프트볼협회에 추가 예산 3억 원을 지원했습니다. [사진 출처 : 연합뉴스 / 대한야구소프트볼협회 제공] ■ 제보하기 ▷ 전화 : 02-781-1234, 4444 ▷ 이메일 : kbs1234@kbs.co.kr ▷ 카카오톡 : 'KBS제보' 검색, 채널 추가 ▷ 유튜브, 네이버에서도 KBS뉴스를 구독해주세요! 이무형 기자 (nobrother@kbs.co.kr)"
2026.07.09 12:54,‘ML 러브콜 유망주 총출동' U-18 야구대표팀 확정…아시아 정상 탈환...,OSEN,"[OSEN=홍지수 기자] 대한야구소프트볼협회가 제14회 아시아청소년야구선수권대회에 출전할 청소년 국가대표 선수단을 확정했다. 메이저리그 구단들의 관심을 받는 초고교급 유망주들이 대거 이름을 올리며 아시아 정상 탈환에 도전한다. 대한야구소프트볼협회는 오는 9월 7일부터 13일까지 대만 타이베이에서 열리는 제14회 아시아청소년야구선수권대회에 참가할 국가대표 코칭스태프와 최종 엔트리를 발표했다. 지난 6일 경기력향상위원회를 열어 덕수고 정윤진 감독을 대표팀 사령탑으로 선임했으며, 김수관(청원고) 수석코치, 정진(순천효천고BC) 투수코치, 최대곤(전주고) 야수코치, 남인환(중앙고) 불펜코치가 대표팀을 이끈다. 대표팀에는 메이저리그 구단들의 뜨거운 관심을 받고 있는 초고교급 유망주들이 대거 승선했다. 뉴욕 양키스의 파격적인 제안을 고사하고 국내 진출을 선택한 투타겸업 하현승(부산고 3)과 최고 157km 강속구를 자랑하는 윤예성(인창고 3)이 마운드의 중심을 맡는다. 여기에 한화이글스배 고교·대학 올스타전 MVP 박근서(서울디자인고 3), 황금사자기에서 인상적인 투구를 펼친 한규민(대전고 2), 장신 우완 곽도현(부산공고 3), 김민훈(광주진흥고 3)까지 가세해 탄탄한 투수진을 구축했다. 내야도 화려하다. 수비력이 뛰어난 우주로(대전고 3)와 남현우(서울컨벤션고 3)가 내야를 책임지고, 최근 메이저리그 애리조나 다이아몬드백스와 공식 입단 계약을 체결한 투타겸업의 핵심 엄준상(덕수고 3), '제2의 김도영'으로 평가받는 김지우(서울고 3), 강인규(청주고 3)가 공격과 수비에서 핵심 역할을 맡는다. 외야와 포수진도 경쟁력이 돋보인다. 황금사자기 우승 주역 장민제(충암고 3)와 빠른 발이 강점인 조희성(유신고 3)이 외야를 책임지고, 원지우(강릉고 3)와 전영훈(세광고 2)이 안방을 지킨다. 중심 타선에는 장타력을 갖춘 이호민(경남고 3)과 188cm, 110kg의 거포 황성현(덕수고 3)이 배치돼 득점력을 책임질 전망이다. 이번 대회에는 한국을 비롯해 총 8개국이 참가한다. 2개 조로 나뉘어 예선 라운드를 치른 뒤 각 조 상위 2개 팀이 슈퍼라운드에 진출한다. 예선 맞대결 결과와 슈퍼라운드 성적을 합산해 상위 두 팀이 결승에 오른다. 협회는 8월 중순 대표팀을 소집해 국내 강화훈련을 실시한 뒤 대만으로 출국할 계획이다. 특히 KBO가 올해 국가대표 국제 경쟁력 강화를 위해 추가 예산 3억 원을 지원하면서 선수단은 한층 개선된 환경에서 대회를 준비하게 됐다. 초고교급 유망주들이 총출동한 대표팀이 아시아 정상 탈환이라는 목표를 이룰 수 있을지 관심이 모인다. /knightjisu@osen.co.kr"
2026.07.09 12:44,"NC 다이노스-강기윤 창원시장 첫 공식 만남…""시설 관리·구단 지원 협력...",OSEN,"[OSEN=홍지수 기자] 프로야구 NC 다이노스가 새롭게 취임한 강기윤 창원특례시장과 첫 공식 만남을 갖고 구단 운영과 시설 관리 등 주요 현안에 대한 협력 방안을 논의했다. NC는 8일 창원시청에서 강기윤 창원특례시장과 첫 공식 상견례를 진행했다고 밝혔다. 이날 자리에는 강기윤 시장과 이진만 NC 다이노스 대표이사 등이 참석해 구단과 창원시의 협력 방안, 주요 현안에 대해 의견을 나눴다. 이번 만남은 강 시장 취임 이후 처음 마련된 공식 회동으로, 창원시와 NC가 앞으로의 협력 방향을 공유하는 자리였다. 양측은 구단 운영과 시설 관리, 기존 협의 사항 등에 대해 의견을 교환하며 지속적인 소통과 협력을 이어가기로 뜻을 모았다. 이진만 대표는 ""오늘은 새롭게 취임하신 시장님과 첫 공식 만남을 가진 자리였다""며 ""주요 현안에 대해 서로의 의견을 직접 확인할 수 있었고, 시설 관리와 구단과의 기존 협의 사항에 대해 책임감 있는 지원을 약속해주신 강기윤 시장님께 감사드린다""고 밝혔다. NC는 이번 만남을 계기로 창원시와 긴밀한 협력 체계를 구축해 나갈 계획이다. 구단과 창원시는 향후 필요한 사안에 대해 지속적으로 협의를 이어가며 지역 스포츠 발전과 구단 운영 환경 개선을 위한 소통을 확대해 나갈 예정이다. 한편 NC는 9일 대전 한화생명 볼파크에서 한화 이글스와 전반기 마지막 승부를 벌인다. 이날 NC는 좌완 에이스 구창모를 선발로 올린다. 다만 날씨가 관건이다. 전반기 마지막 경기가 정상적으로 열릴 수 있을지 지켜봐야 한다. /knightjisu@osen.co.kr"
2026.07.09 12:37,"KBO 전반기에 쏟아진 기록들…베테랑들의 꾸준함, 신예들의 성장",스포츠경향,"프로야구 2026시즌 전반기 투·타에서 신기록이 쏟아졌다. 류현진(39·한화)은 지난 5월24일 대전 두산전에서 선발승을 거두며 한·미 통산 200승이라는 금자탑을 세웠다. 미국프로야구 메이저리그(MLB)에서 78승을 올린 류현진은 올 시즌 전반기까지 KBO리그에서 통산 125승을 쌓았다. 또 올 시즌까지 KBO리그 개인 통산 1565탈삼진을 잡은 류현진은 MLB에서 기록한 934탈삼진까지 더해 총 2499탈삼진을 기록한 채 전반기를 마감했다. 이변이 없다면 후반기 첫 등판 경기에서 한·미 통산 2500탈삼진을 달성한다. 류현진의 올 시즌 KBO 통산 1500탈삼진기록은 리그 역대 최고령이자 최소 경기 기록이기도 하다. 최정(39·SSG)은 올해도 홈런 부문 신기록을 스스로 갈아치우고 있다. 지난 5월12일 KT전에서 시즌 10번째 홈런포를 쏘아올리며 21시즌 연속 두 자릿수 홈런 기록을 달성해 자신이 보유한 신기록을 경신했다. 8일 현재까지 개인 통산 537호포이자 시즌 19호 홈런을 생산한 최정은 11시즌 연속 20홈런이라는 대기록까지도 단 한 발자국 남겨두고 있다. 지난 1일 KIA전에서는 리그 역대 2번째로 개인 통산 4500루타를 달성했다. 최형우(43·삼성)는 리그 최다 안타, 최다 타점 기록을 세웠다. 지난 5월3일 한화전에서 4안타를 터뜨리며 개인 통산 2623번째 안타를 달성했다. 이로써 손아섭이 보유하던 리그 최다 안타 기록을 넘어선 최형우는 계속 기록을 스스로 세우는 중이다. 지난 7일 LG전에서는 리그에서 아무도 밟은 적이 없었던 개인 통산 1800타점 고지에 올랐다. 5월31일 두산전에서는 리그 최초로 1000번째 장타를 때렸다. 베테랑들이 꾸준한 자기 관리로 리그 최초의 역사를 쌓아 올렸다면 리그의 미래를 책임질 젊은 선수들의 선전도 눈부셨다. 박성한(28·SSG)은 시즌 개막전인 3월28일 KIA전부터 4월24일 KT전까지 22경기 연속 안타를 생산하며 이 부문 신기록을 작성했다. 프로야구 원년인 1982년 김용희(롯데)의 개막 18경기 연속 안타 기록을 44년 만에 갈아치웠다. 박성한이 특히 체력 소모가 큰 1번 타자 유격수로서 달성한 기록이어서 더욱 의미가 컸다. 육성 선수로 입단한 어린 선수들의 데뷔전 선발승 기록도 두 차례나 나왔다. 박준영(24·한화)은 1군 무대 첫 경기인 5월10일 LG전에 선발 등판해 5이닝 3피안타 무실점으로 데뷔 첫 선발승을 안았다. 육성선수로 입단한 선수가 데뷔전에서 선발승을 따낸 리그 최초 사례다. 지난 2일에는 김백산(23·삼성)이 박준영의 뒤를 이었다. 김백산은 데뷔전인 2일 NC전에 선발 등판해 5.2이닝 2피안타 무실점을 기록해 생애 첫 선발승을 따냈다. 유새슬 기자 yooss@kyunghyang.com"
2026.07.09 12:36,"데뷔 11년 만에 감격의 첫 올스타, 부상 때문에 무산되나…""80% 뛸 ...",엑스포츠뉴스,"(엑스포츠뉴스 수원, 양정웅 기자) 데뷔 11년 만에 '별들의 축제'에 나가게 된 최원준(KT 위즈). 부상이 그의 꿈을 앗아가게 될까. 현재로서는 '아니다'에 가깝다. 최원준은 오는 11일 서울 잠실야구장에서 열리는 2026 신한 SOL KBO 올스타전에 드림 올스타의 외야수 부문 베스트 12에 선정돼 출전하게 됐다. 팬 투표에서는 105만 4151표로 6위였으나, 선수단 투표에서 양 팀 외야수 중 가장 많은 253표를 받아 역전에 성공했다. 2016년 프로에 데뷔한 최원준은 KIA 타이거즈와 NC 다이노스를 거치면서도 한 번도 올스타에 선정되지 못했다. 프로 11번째 시즌에서 마침내 꿈을 이뤘다. 8일 기준 최원준은 올 시즌 79경기에서 타율 0.363(320타수 116안타), 7홈런 44타점 68득점, 16도루, OPS 0.950을 기록 중이다. 타율 부문에서는 1위를 달리고 있고, 8일 역전당한 최다안타 부문 역시 1위 빅터 레이예스(롯데 자이언츠, 117개)와 1개 차이다. 이제 시즌의 절반이 조금 넘게 지났지만, 최원준은 벌써 데뷔 후 세 번째로 많은 안타를 터트리고 있다. 페이스가 급격히 떨어지지 않는다면 커리어하이 시즌에도 도전할 수 있게 됐다. 올 시즌을 앞두고 KT와 4년 48억원의 FA 계약을 맺을 때만 해도 이 정도의 활약을 기대하지는 않았다. 하지만 최원준은 결과로 자신의 몸값을 제대로 증명해보였다. 최근 엑스포츠뉴스와 만난 최원준은 ""생각한 것보다도 너무 잘했다""면서 ""항상 이런 상황을 꿈꿔왔고 그려왔는데, 그렇게 야구를 할 수 있어서 좋다. 이제 끝까지 잘하는 게 목표다""라고 말했다. 최원준은 ""어릴 때부터 항상 꿈꿔왔는데 이렇게 될 수 있어서 너무 좋다""고 올스타 선발 소감을 전했다. 이어 ""팬분들께서도 많이 투표해 주셨고, 선수단(투표)에서 이렇게 역전이 됐다는 게 선수로서 많이 뿌듯하다""고 얘기했다. 그런데 변수가 생겼다. 지난달 30일 대전 한화 이글스전에서 우익수로 출전한 최원준은 1회말 수비 도중 타구를 처리하다가 허리 불편감을 느끼고 교체된 것이다. 다음날 병원 검진 결과 척추기립근 염좌 소견이 나왔고, 2~3일 휴식이 예고됐다. 3경기에서 결장한 최원준은 5일 수원 롯데 자이언츠전부터 스타팅 라인업에 복귀했다. 다만 주로 지명타자로 나서고 있다. 대신 부상 복귀 후 주로 지명타자로 출전하던 안현민이 우익수에 복귀했다. 8일 취재진과 만난 이강철 KT 감독은 ""내일(9일)까지는 (수비가) 쉽지 않다. 치는 건 괜찮은데 뛰는 것 때문이다. 전력으로 뛰면 확 올라온다""고 밝혔다. 이에 최원준은 전반기 마지막을 지명타자로 마치게 됐다. 정규시즌 경기는 지명타자로 출전하면 해결된다. 하지만 문제는 올스타전이다. 올스타전은 팬과 선수가 뽑아준 포지션으로 나가야 한다. 드림 올스타 지명타자에 선발된 최형우가 외야 수비는 가능하지만, 그렇게 되면 베스트 12의 의미가 퇴색된다. 올스타에 선정된 선수가 부상으로 나오지 못한다면, 팬 투표와 선수단 투표를 합친 총점 차점자가 대신 나간다. 만약 최원준이 경기에 나서지 못할 몸 상태라면 총점 4위인 김민석(두산 베어스)이 대신 올스타전에 출전하게 된다. 아니면 타석에 섰다가 바로 교체할 수도 있다. 2007년 이승화(당시 롯데, 개명 후 이승하)는 동군 올스타 외야수 베스트10에 선정됐으나 손등 골절로 출전할 수 없었다. 그는 1회 첫 타석에서 공 하나를 지켜본 후 대타로 교체됐다. ""지명타자로 나오면 안되겠구나""라고 한 이 감독은 ""스타팅으로 나오고 '안녕하십니까' 하고 나와야 하나""라고 말했다. 다만 이런 가정은 부질없는 상상이 될 가능성이 높다. 이 감독은 ""올스타전이니까 80% 정도 뛸 수 있으면 치는 건 되니까 1~2이닝 정도는 할 수 있지 않겠나""라고 얘기했다. 수비를 나간다고 해도 1이닝 정도만 무리하지 않고 소화하면 출전에는 큰 문제가 없을 전망이다. 사진=엑스포츠뉴스 DB 양정웅 기자 orionbear@xportsnews.com"
2026.07.09 12:31,"한화 '대전 왕자' 대체자, 후반기 5선발 확정! 달감독 인정받았다…""기...",엑스포츠뉴스,"(엑스포츠뉴스 대전, 김근한 기자) 한화 이글스 '육성 스리쿼터' 투수 박준영이 후반기에도 5선발 역할을 맡는다. '대전 왕자' 문동주 대체자로 전반기 동안 선발 로테이션을 소화한 박준영은 한화 김경문 감독에게 제대로 눈도장을 찍었다. 김경문 감독은 지난 8일 취재진과 만나 ""(박준영은) 전반기 동안 기대 이상으로 잘 던졌다. 사실 문동주가 그렇게 될 거라고는 전혀 생각 못 했다. 마지막 등판 경기에선 조금 맞긴 했지만, 그래도 자기 역할을 충분히 잘해주고 있다. 별다른 일이 없다면 후반기에도 계속 선발 역할을 준비할 것""이라고 만족했다. 문동주가 지난 5월 중순 LA 켈란-조브클리닉에서 관절와순 봉합술을 성공적으로 마치고 재활의 긴 여정을 시작한 가운데 박준영은 문동주의 빈자리를 채웠다. 다만, 김 감독의 말처럼 전반기 마지막 등판에서는 다소 아쉬움이 남았다. 박준영은 지난 7일 대전 한화생명볼파크에서 열린 NC 다이노스전에 선발 등판해 3⅔이닝 6피안타 4탈삼진 3사사구 3실점으로 조기 강판됐다. 박준영은 1회초를 삼자범퇴로 깔끔하게 막았지만 2회초 볼넷 2개와 안타 1개로 만루 위기를 자초했다. 2사 만루 위기에서 고준휘를 헛스윙 삼진으로 돌려세우며 실점을 막았지만 4회초에 갑작스럽게 무너졌다. 4회초 천재환과 안중열에게 연속 안타를 맞아 1사 1, 2루 위기에 몰린 박준영은 고준휘에게 138km/h 속구를 던졌다가 비거리 120m짜리 우월 3점 홈런을 맞으며 실점을 내줬다. 2사 2, 3루 위기까지 이어지자 한화 벤치는 결국 박준영을 내리고 장유호를 올려 불펜을 조기 가동했다. 지난달 25일 대전 두산전부터 3경기 연속 5회를 마치지 못하고 강판되는 흐름이었다. 한화는 이날 6-9로 패하며 7위 NC에 0.5경기 차로 추격당하게 됐다. 그럼에도 불구하고 김 감독은 박준영의 후반기 5선발 역할을 공식화했다. 전반기를 통틀어 보면 박준영이 충분히 역할을 해줬다고 판단한 것이다. 박준영은 지난달 13일 키움 히어로즈전에서 6⅓이닝 2실점 퀄리티 스타트 쾌투를 펼쳤고 19일 삼성전에서도 5이닝 3피안타 6탈삼진 2실점으로 좋은 흐름을 이어갔다. 김 감독이 스트라이크 존 공략을 할 줄 아는 박준영의 공격적인 투구를 높이 평가한 이유이기도 했다. 최근 3경기 연속 조기 강판으로 상승세가 꺾인 것은 분명히 풀어야 할 숙제다. 특히 강점이었던 제구력이 다소 흔들리는 그림이 반복되고 있어 더 우려스럽다. 후반기에도 5선발 자리를 온전히 지키기 위해서는 제구력 안정과 이닝 소화 능력을 끌어올리는 것이 급선무다. 과연 올스타 휴식기 동안 한화 벤치가 박준영의 페이스 회복을 어떻게 이끌어 낼지, 그리고 퓨처스팀에서 준비 중인 예비 선발 투수들과의 경쟁 구도가 어떻게 펼쳐질지도 관전 포인트다. 김경문 감독의 신뢰를 업은 박준영이 후반기 등판에서 그 기대에 부응할지 주목된다. 사진=엑스포츠뉴스 DB 김근한 기자 forevertoss88@xportsnews.com"
2026.07.09 12:31,"분명히 ""전력 외""라고 했는데…돌아온 군필 외야수 불방망이 → '타격 3...",스포츠조선,"[대구=스포츠조선 김영록 기자] ""실력으로 자기 자리를 만들었다. 우리 팀 외야가 경쟁구도가 됐다."" 군복무를 마치고 돌아온 외야수의 기세가 대구 외야를 뒤흔들고 있다. 당초 ""돌아와도 전력 외""라던 사령탑의 입가에도 미소가 걸렸다. 삼성 라이온즈 김현준(24) 이야기다. 지난달 26일 1군 등록 이후 8경기에서 타율 4할2푼9리(14타수 6안타) 7타점 OPS(출루율+장타율) 1.056의 불방망이를 휘두르고 있다. 군복무 전에도 수비는 외야 세 자리를 모두 커버하던 선수다. 활용폭까지 넓으니 마치 메기처럼 모두 집어삼킬 태세다. 팀의 간판타자이자 주장인 구자욱 한명을 제외하면 모두가 경쟁 구도다. 당초 6월초 국군체육부대(상무) 전역 때만 해도 기대감이 크지 않았다. 박진만 삼성 감독은 김현준의 제대 후 활용 여부를 묻는 질문에 ""와서 뛰는 거 봐야겠지만, 현재로선 전력 외""라고 선을 그을 정도였다. 사실 삼성 1군 외야는 이미 포화상태였다. 좌익수 구자욱, 중견수 김지찬, 우익수 김성윤에 박승규 이성규가 뒤를 받치고, 2군에도 베테랑 김헌곤을 비롯해 윤정빈 함수호 홍현빈 등이 각자 자기만의 역할을 갖고 1군을 노크중인 상황. 김상민 김재혁 등도 아직 1군 경험은 많지 않지만 2군실적이 만만찮다. 반면 김현준은 올해 상무에서 퓨처스 16경기 출전에 그치며 타율 1할7푼5리(40타수 7안타)로 부진했다. 그나마도 중견수 경쟁에서도 밀려나 코너외야로만 출전했다. 전역 즈음엔 출전도 쉽지 않았다. 박진만 감독이 1군감으로 고려하지 않는게 당연했다. 하지만 타고난 스타성은 어디 가지 않았다. 퓨처스리그에서 예열을 마치고 1군에 돌아온 김현준은 복귀전인 6월 26일 KT 위즈전에 7회말 대타로 출전, 동점 적시타를 치며 팀의 역전승을 이끌었다. 지난 2일 NC 다이노스전에도 4회 2사 만루에 대타로 출전해 2타점 적시타를 쳤다. 지난 5일 SSG 랜더스전에는 김지찬을 대신해 중견수로 선발출전, 만루에서 싹쓸이 2루타를 치는 등 4타수 3안타(2루타 1) 4타점을 몰아치며 김지찬조차 안전지대가 아님을 입증했다. 3안타 2볼넷으로 5출루를 달성한 것은 덤. 박진만 감독은 ""김현준은 실력으로 자기 자리를 만든 거다. 지금 당장의 활약도 좋지만, (김지찬이 빠지는)아시안게임 때를 생각하면 더 반갑다""면서 ""김현준이 잘해주면서 박승규나 김성윤도 자연스럽게 경쟁 구도가 됐다. 우리 팀에 전체적으로 더 탄탄해질 기회""라고 강조했다. 김지찬은 2024년 처음 외야로 전향한 이래 삼성의 부동의 중견수다. 올해는 타율 3할1푼4리, OPS 0.764를 기록하며 방망이에도 물이 올랐다. 김성윤은 지난해 타율 3할3푼1리로 양의지-안현민에 이어 타율 3위를 기록했었다. 박승규 역시 넓은 수비범위와 몸을 아끼지 않는 다이빙캐치로 명장면 단골손님이자 올해 타율 2할8푼 9홈런 34타점 OPS 0.886을 기록하며 전성기를 맞이한 선수다. 그런데 이들조차 확고한 주전 자리를 확보하지 못하는게 삼성 외야 경쟁의 현 주소다. 말 그대로 전쟁터다. ""지금 누가 나가도 주전급이다. 김현준은 상무에서 경기를 많이 뛰지 못해 실전감각이 떨어져 있을 거라고 봤는데, 역시 야구적인 재능이나 센스가 대단한 선수다. 2년만에 왔는데 처음 보는 투수들 상대로 대처하는 모습을 보니 타격 기술도 좋지만, 군복무를 마친 심리적인 안정감이 큰 도움이 되는 것 같다."" 김현준의 급부상에 김성윤도 화려하게 응답했다. 김성윤은 7일 LG 트윈스전 때는 3타수 무안타에 그친 김현준을 대신해 8회말 대타로 출전, 적시타를 치며 타점과 득점까지 올렸다. 이어 선발출전한 8일 LG전에선 타석에선 4타수 1안타를 쳤지만, 1회말 1사 2,3루 문보경의 우익수 직선타 때 기막힌 송구로 3루주자 홍창기를 홈에서 잡아낸데 이어, 3회에는 우익선상 동점 적시타를 친 문보경을 2루에서 저격하는 강렬한 명장면을 연출해냈다. 팀의 뎁스가 두터워지는 것만큼 사령탑에게 기쁜 일이 있을까. 리그 평균자책점 1위를 기록한 불펜과 함께 삼성 선두 경쟁의 원동력이다. 대구=김영록기자 lunarfly@sportschosun.com"
2026.07.09 12:29,"""오승환 선배 조언 덕분이죠""…시즌 첫 등판서 11K 역투한 고교 투수 ...",일간스포츠,"청룡기 고교야구선수권대회 겸 주말리그 왕중왕전 8강전이 열린 8일 서울 목동야구장. 마운드에 오른 경북고 오른손 투수는 대선배의 조언을 떠올리며 한 구 한 구 힘을 실어 던졌다. 은퇴 후 유튜버로 활동 중인 한국 야구의 레전드 마무리 투수인 오승환에게 '원포인트 투구 레슨'을 받은 강연우(18)의 이야기다. 최근 목동야구장에서 일간스포츠와 만난 강연우는 ""오승환 선배한테 정말로 감사하다. 경북고에 자주 오신다. 야구부에 많은 도움을 주신다. (직접 받은) 원포인트 레슨 덕분에 좋은 결과가 있었다""고 말했다. 강연우는 청룡기 대회 8강전에서 2-2로 맞선 상황에 팀의 두 번째 투수로 등판해 6이닝 2피안타 11탈삼진 무실점 역투를 펼쳐 팀의 3-2 승리를 이끌었다. 승리 투수가 됐다. 강연우는 최근 오승환이 전국 고교 야구부를 순회하며 투수 유망주들의 투구를 점검하고 조언을 건네는 유튜브 콘텐츠(돌직구를 찾아서)에 등장했다. 강연우는 오승환 앞에서 투구하며 두 가지 주요 피드백을 받았다. 공을 잡은 손가락의 면을 더 포수 쪽으로 향하게 하고, 내딛는 무릎이 펴지는 타이밍을 조절하라는 것이었다. 강연우에 따르면, 기존에는 패스트볼을 던질 때 공을 잡은 검지와 중지가 1시 방향이었는데 오승환의 조언은 투구 직전에 두 손가락을 12시 방향으로 수정하라는 거였다. 투구할 때 공이 흔들리지 않고 직선 궤적으로 뻗어 나가도록 '찍어 누르라는' 의미. 이어 무게 중심이 앞으로 이동한 뒤 무릎이 펴져야 하는데 다소 일찍 펴져 공에 힘이 덜 전달된다는 피드백을 받았다. 강연우는 ""평소에 피드백을 많이 받았던 요소들이었다. 투구폼과 관련한 문제들을 인지하고 있었는데, 아무래도 쉽게 고쳐지지 않던 습관이었다. 안 좋았던 습관을 고치고자 조금씩 교정 중이었다. 경기에서 오승환 선배의 조언을 되새기면서 투구했다. 특히 공이 휘어지지 않도록 하라는 조언을 신경 쓰면서 투구했던 덕분에 경기가 잘 풀렸던 거 같다""며 웃었다. 한편, 초등학교 1학년 때 야구를 시작한 강연우는 올해 2학년이다. 1학년 때는 공식전에 등판하지 못했고, 이듬해에는 4경기에 나서 2승 1패 평균자책점 4.73을 기록했다. 지난해 7월 중순께 팔꿈치인대접합수술(UCL·토미 존 수술)을 받았다. 유급했다. 1년 간의 재활을 거쳐 복귀했다. 시속 140㎞ 중반의 패스트볼과 커브, 슬라이더, 체인지업을 구사한다. 목동=김영서 기자 zerostop@edaily.co.kr"
2026.07.09 12:18,6회 '우규민→주권→이상동' 투수 3번 교체 대성공! '3G 연속 무실점...,엑스포츠뉴스,"(엑스포츠뉴스 수원, 양정웅 기자) 한때 KT 위즈의 자랑이었다가 올 시즌 흔들리던 불펜진이 다시 살아나고 있다. 연승 기간 실점 없이 잘 틀어막고 있다. KT는 8일 수원 케이티 위즈 파크에서 열린 키움 히어로즈와 2026 신한 SOL Bank KBO 리그 정규시즌 홈경기에서 7-3 승리를 거뒀다. 이로써 이번 시리즈에서 2승을 챙긴 KT는 5일 수원 롯데 자이언츠전부터 3연승을 달리고 있다. 시즌 47승 35패 1무(승률 0.573)가 된 KT는 2위와 3경기 차로 좁히게 됐다. 이날 KT는 좌완 로건 앨런을 선발투수로 내세웠다. 케일럽 보쉴리의 대체 외국인 선수로 들어온 그는 올해 3경기에서 18이닝을 던지며 승리 없이 1패 평균자책점 3.00을 기록 중이었다. NC 다이노스 시절보다 올라온 구속으로 호투를 펼치고 있었다. 하지만 로건은 이날 1회부터 흔들렸다. 1사 후 안치홍에게 좌전안타를 맞았고, 지난해 NC에서 함께 뛴 맷 데이비슨에게 무려 11구를 던진 끝에 좌익수 쪽 안타를 맞았다. 흔들린 그는 케스턴 히우라에게도 볼넷을 허용해 만루 위기에 몰렸다. 여기서 로건은 박찬혁에게도 9구 만에 볼넷을 허용해 밀어내기로 한 점을 줬다. 7번 김건희가 유격수 땅볼로 물러나 이닝이 끝날 때까지 로건은 무려 36구를 던졌다. 2회를 삼자범퇴로 막았지만, 3회 로건은 히우라와 박찬혁에게 백투백 홈런을 맞아 재역전을 허용했다. 결국 로건은 4회까지 94개의 볼을 던지면서 조기 강판됐다. 이후로는 '불펜의 시간'이었다. 5회 올라온 손동현은 전 타석에서 홈런을 기록한 히우라와 박찬혁을 모두 삼진으로 잡는 등 삼자범퇴 이닝을 만들었다. 이후 6회에는 과감한 투수교체가 성공했다. KT는 이닝 시작과 함께 베테랑 우규민을 투입했으나, 김건희에게 우전안타를 허용하며 노아웃에 주자가 나갔다. 그러자 KT는 한 타자 만에 우규민을 내리고 주권을 마운드에 올렸다. 주권은 대타 김웅빈을 1루수 땅볼로 잡았고, 폭투를 기록했으나 여동욱의 유격수 땅볼 때 2루 주자가 아웃돼 2사 1루가 됐다. 하지만 서건창에게 좌익수 쪽 안타를 허용하며 다시 득점권 상황에 몰렸다. KT는 여기서 다시 한번 이상동으로 투수 교체를 단행했다. 그는 안치홍을 삼진 처리하며 이닝을 마무리지었다. 이어 7회에도 올라와 삼자범퇴를 기록했다. 7-3 리드를 잡은 KT는 8회 스기모토 코우키, 9회 박영현 등 필승조를 투입했다. 이들은 주자를 내보냈으나 실점하지 않으면서 경기를 마무리지었다. 이날 경기를 포함해 최근 3연승을 달리고 있는 KT는 이 기간 구원투수들이 한 점도 내주지 않고 있다. 최근 물오른 투구를 선보이고 있는 스기모토를 비롯해 마운드에서 허리가 탄탄히 버텨주면서 리드를 잡으면 이를 지켜내고 있다. 이강철 KT 감독도 경기 후 ""오늘 선발 로건이 많은 투구수를 기록했지만 최소 실점으로 막아주며 추격의 발판을 마련했다. 뒤에 나온 투수들도 훌륭하게 이닝을 책임졌다""며 불펜진에 대한 칭찬을 전했다. KT는 올해 불펜 평균자책점 5.07로 10개 구단 중 8위에 그치고 있다. 시즌 초 필승조로 나오던 한승혁이 부진과 부상으로 흔들렸고, 손동현이나 이상동 등도 기복 있는 모습을 보여줬다. 하지만 선수들의 생각은 달랐다. 손동현은 ""KT 투수들이 예전 같지 않다는 말들을 다들 많이 하시더라. 하지만 안에서 느끼기에는 한 번도 의심한 적 없다""고 힘줘 말했다. 이어 ""그런 우려의 시선이 잘못됐다는 걸 전반기 마지막과 후반기 때는 꼭 증명할 거라고 믿고 있다""는 말도 덧붙였다. 사진=엑스포츠뉴스 DB / KT 위즈 양정웅 기자 orionbear@xportsnews.com"
2026.07.09 12:17,"LG 출루머신, 와이프 말 잘 들으니 야구가 잘 된다…""자신 말고 투수와...",엑스포츠뉴스,"(엑스포츠뉴스 대구, 김지수 기자) LG 트윈스의 '돌격대장' 홍창기가 팀의 선두 재탈환을 이끌었다. 특유의 출루 본능을 완벽하게 발휘한 것은 물론, 수비에서도 게임을 지배했다. 염경엽 감독이 이끄는 LG는 8일 대구 삼성 라이온즈파크에서 열린 2026 신한 SOL KBO리그 삼성 라이온즈와의 팀 간 10차전에서 8-2로 이겼다. 전날 2-9로 패했던 아픔을 깨끗하게 설욕했다. 홍창기는 이날 1번타자 겸 우익수로 선발출전, 4타수 2안타 2타점 1득점 1볼넷을 기록했다. 1회초 첫 타석부터 좌전 안타로 출루하면서 기분 좋은 스타트를 끊었고, 승부처에서 클러치 본능을 발휘했다. 홍창기는 LG가 3-2로 살얼음판 리드를 지키고 있던 4회초 2사 1·3루에서 삼성 선발투수 잭 오러클린을 울렸다. 2볼 1스트라이크에서 4구째 146km/h짜리 패스트볼을 공략, 우중간을 깨끗하게 가르는 2타점 3루타를 때려내면서 스코어를 5-2로 만들었다. LG는 홍창기의 장타로 주도권을 완전히 장악할 수 있었다. 홍창기는 수비에서도 번뜩였다. LG가 5-2로 앞선 5회말 2사 1·2루에서 김성윤의 우전 안타 때 타구를 잡자마자 재빠르게 홈 송구를 연결, 2루 주자 강민호를 보살로 잡아냈다. 이 장면 이후 경기 흐름은 LG 쪽으로 완전히 쏠렸다. LG는 홍창기의 활약을 앞세워 하루 만에 2위에서 1위로 다시 올라섰다. 오는 9일 전반기 최종전에서 삼성을 꺾는다면, 선두를 유지한 가운데 올스타 휴식기에 돌입할 수 있게 됐다. 홍창기는 경기 종료 후 ""전날 중요한 게임에서 패배했지만, 오늘은 승리할 수 있어서 기분이 좋다""며 ""(3루타 상황은) 타석마다 감이 좋아서 좋은 공이면 치자는 마음이었다. 3루타 상황은 찬스였지만 찬스라 생각하지 않고 과감히 치자고 생각해서 좋은 결과로 이어진 것 같다""고 소감을 전했다. 또 ""오늘 게임 전에 와이프가 '나 자신과 싸우지 말고, 투수와 싸워라'라고 해주었다. 그 마음으로 경기에 임해서 좋은 결과가 있었던 것 같다""며 ""오늘 홈 송구는 정확하게 던지자는 마음으로 힘껏 송구했는데, 선발투수 임찬규 형의 승리에 도움을 준 것 같아서 기쁘다""고 말했다. 홍창기는 이와 함께 경기 중 부상으로 교체된 삼성 내야수 류지혁의 쾌유를 기원하는 메시지를 보냈다. 류지혁은 6회초 무사 2루에서 구본혁의 희생 번트 때 1루 베이스 커버를 들어간 상태에서 구본혁과 강하게 충돌, 그라운드에 쓰러졌다. 어지럼증을 호소하면서 고통스러워하는 모습이 TV 중계 화면에 잡혔고, LG 선수들도 류지혁을 걱정스러운 눈빛으로 바라봤다. 홍창기는 ""오늘 류지혁 선수의 상태도 걱정이 된다. 큰 부상이 아니었으면 좋겠다""고 강조했다. 염경엽 LG 감독은 ""타선에서 홍창기가 2안타 2타점으로 타선을 이끌었고, 또 5회에 홈 보살을 만들면서 상대의 추격 흐름을 끊은게 컸다. 공수에서 활약을 펼친 홍창기를 칭찬하고 싶다""며 이날 경기 수훈갑으로 치켜세웠다. 사진=엑스포츠뉴스 DB 김지수 기자 jisoo@xportsnews.com"
2026.07.09 12:15,"2군 시간 헛되지 않았다...'잠실 빅보이'도 터진다, 2루타 2방→결승...",OSEN,"[OSEN=대구, 한용섭 기자] 프로야구 LG 트윈스 이재원이 2루타 2방을 때려내며 결승타로 승리를 이끌었다. 이재원은 8일 대구 삼성라이온즈파크에서 열린 삼성과 경기에서 8번 지명타자로 선발 출장했다. 전날 7일 약 한 달 만에 1군에 콜업된 이재원은 당초 우익수로 출장할 예정이었다. 염경엽 감독은 7일 ""내일 이재원은 우익수로 선발 출장할 것이다""고 말했는데, 8일 경기 전에 ""홍창기를 하루 쉬게 할 생각이었는데, 어제 문성주 타격감이 안 좋아서 문성주를 제외했다""고 설명했다. 홍창기가 우익수로 출장하고, 송찬의가 좌익수로 나서면서 이재원은 지명타자로 라인업에 포함됐다. 이재원은 6월초 2군으로 내려가서 한 달 정도 머물렀다. 6월 이후 퓨처스리그에서 12경기 타율 2할1푼3리(47타수 10안타) 4홈런을 기록했다. 타율은 낮았지만, 홈런 4방을 때렸다. 지난 6일 퓨처스리그 롯데전에서 비거리 125m와 130m 홈런 2방을 기록했다. 이재원은 2회 2사 1루에서 오러클린의 150km 직구에 헛스윙 삼진으로 물러났다. 2-2 동점인 4회 2사 1루에서 오러클린의 148km 직구를 때려 유격수 글러브를 스치고 좌중간을 빠지는 2루타를 때렸다. 1루주자가 홈을 밟아 3-2로 역전했다. 이재원은 6월 3일 KT전에서 투런 홈런을 기록한 이후 35일만에 타점을 기록했다. 이후 LG는 홍창기가 2사 1,3루에서 우중간을 가르는 싹쓸이 3루타를 때려 5-2로 달아났다. 이재원은 6회 선두타자로 나와 추가 득점 찬스를 만들었다. 좌완 백정현 상대로 또 좌중간 담장을 맞는 2루타를 때려 득점권에 진루했다. 2루에서 대주자 천성호로 교체됐다. 이후 희생번트로 1사 3루가 됐고, 1사 1,3루에서 박해민의 적시타로 6-2로 달아났다. 폭투로 1점 더 보태 7-2까지 도망갔다. LG는 8-2로 승리했고, 삼성을 1경기 차이로 밀어내고 하루 만에 다시 1위 자리를 되찾았다. 1군에 복귀해 첫 선발 출장에서 좋은 타구를 만들어냈고 결승타의 주인공이 됐다. 경기 후 이재원은 “2군에서 내려가서 계속 타격폼을 생각했다. 폼의 문제다 생각하다 보니까 2군 내려갔을 때 조금 많이 헤맸던 것 같다. 정말 폼이 문제인지 데이터 분석팀 형들이랑 얘기를 해보고, 코치님한테도 얘기했다”고 말했다. 이어 “정작 돌고 돌다 보니까, 제가 영상을 보다 보니까 타격폼에는 전혀 문제가 없다는 느낌이 딱 들더라. 아 그냥 멘탈이었던 것 같더라. 예전에 좀 쫓기다 보니까 혼자 공을 맞추려고 쫓아다녔던 게 안 좋아졌던 것 같다”고 설명했다. 6월초 2군에 내려가서는 퓨처스리그에서도 성적이 안 좋았다. 이재원은 “처음 내려갔을 때 정말 하나부터 다 뜯어 고친다는 마인드로 갔던 것 같다. 그러다 보니까 너무 과부하가 오다 보니까, 저 혼자 좀 지치고 생각을 좀 많이 했던 것 같다. 그러면서 계속 영상을 많이 찾아보고, 연습도 많이 하면서 조금씩 좋아졌던 것 같다”고 말했다. 또 그는 “조금 헤매다가 혼자서 많이 무너졌던 것 같다. 그때 무너지다 보니까 다시 하나하나 시작해 보자, 차근차근 시작해 보자, 이제 멘탈이다 보니까 조금 더 심플하게 하려고 했던 게 좋게 맞아 떨어졌다”고 말했다. 첫 타석에서 헛스윙 삼진으로 물러났다. 실패를 딛고, 곧바로 두 번째 타석에서 총알같은 타구로 2루타로 결승 타점을 올렸다. 이재원은 “책을 읽다 보니까 책에서 나왔던 얘기가 너무 잘하려고 하다 보면 도망간다고 하더라. 간절함도 너무 간절하면 안 된다고 해서 조금 편안하게 해보자 한 게 좋은 결과로 이어졌다. 딱 3개만 생각했다. 호흡이랑 시선 그리고 내가 할 수 있는 첫 번째 동작에서 생각을 하자고 했는데, 그게 조금 맞아 떨어졌다. 삼진을 먹더라도 내가 생각했던 거랑 조금 더 가볍게 치자 했는데 결과가 좋았다”고 말했다. 다양한 책을 보고, 글귀 등을 읽으면서 멘탈 관리를 해 왔다. 이재원은 “팬들께서 선물로 주셨던 책도 있고, (좋은 글을) 찾아보고 하면서, 멘탈 관련된 것들을 좀 많이 보면서 좋아졌다. 팬들이 에세이 같은 책을 선물해주신다”고 소개했다. /orange@osen.co.kr"
2026.07.09 12:12,"류지혁, 천만다행 큰 부상 피했다…충돌 장면 반복 상영은 논란",이데일리,"[이데일리 스타in 이석무 기자] 경기 중 충돌로 뇌진탕 증세를 보인 삼성라이온즈 내야수 류지혁이 정밀검사 결과 큰 부상은 피한 것으로 확인됐다. 류지혁은 지난 8일 대구삼성라이온즈파크에서 열린 2026 프로야구 LG트윈스와 삼성라이온즈전에서 6회초 수비 도중 부상을 입었다. 삼성은 2-5로 뒤진 상황에서 LG 구본혁의 희생번트 때 타구를 처리하는 과정에서 1루로 달리던 구본혁과 크게 충돌했다. 류지혁은 구본혁의 무릎에 얼굴 부위를 강하게 부딪친 뒤 그라운드에 쓰러졌다. 류지혁은 곧바로 어지럼증을 호소했고, 트레이너 등에 업혀 경기장을 빠져나갔다. 이후 병원 응급실로 이동해 컴퓨터단층촬영(CT) 검사를 받았다. 삼성 구단은 “류지혁이 뇌진탕 증상을 보여 병원 응급실에 내원해 CT 검사를 했고, 특이 사항은 발견되지 않았다”며 “상태를 다시 체크할 예정”이라고 밝혔다. 큰 부상을 피했다는 점은 삼성으로서는 한숨 돌릴 수 있는 대목이다. 류지혁은 공수 양면으로 팀에 없어서는 안될 내야 자원이다. 전반기 막판 순위 싸움이 치열한 상황에서 장기 이탈이 불가피했다면 삼성에는 적지 않은 타격이 될 수 있었다. 다만 충돌 당시 충격이 컸던 만큼 구단은 선수 상태를 면밀히 살필 계획이다. 부상 자체와 별개로, 경기장 전광판 운영을 둘러싼 논란도 불거졌다. LG가 구본혁의 세이프-아웃 판정에 대해 비디오 판독을 요청하는 과정에서 삼성 구단은 전광판에 류지혁의 충돌 장면을 반복 재생했다. 방송 중계에서도 해당 장면이 느린 화면으로 여러 차례 나왔다. 현장을 찾은 일부 관중은 충격을 호소했다. 온라인 커뮤니티와 팬 카페 등에는 “아이들이 크게 놀랐다”, “속이 울렁거렸다”, “선수의 부상 장면을 계속 보여주는 것은 과했다”는 반응이 이어졌다. 중계 화면에는 전광판을 바라보던 어린이 관중이 눈물을 흘리는 모습도 포착됐다. 전광판 리플레이는 판정의 투명성을 높이기 위한 장치다. KBO는 2023시즌을 앞두고 ‘팬 퍼스트’ 정책의 하나로 비디오 판독 장면을 전광판과 중계 화면을 통해 실시간 제공하도록 권고했다. KBO 리그 규정에도 비디오 판독 시 구단이 전광판에 중계 리플레이 또는 판독 화면을 상영할 수 있다고 명시돼 있다. 하지만 이번 사례를 계기로 선수의 심각한 부상 장면이 포함된 경우에는 예외 기준이 필요하다는 지적이 나온다. 판정 공개와 팬 서비스도 중요하지만, 선수 보호와 관중 정서 역시 함께 고려해야 한다는 것이다. KBO는 “비디오 판독 장면의 전광판 리플레이가 관중들에게 미치는 영향을 고려해 적절한 가이드라인 마련 방안을 논의하겠다”고 밝혔다. 이석무 (sports@edaily.co.kr)"
2026.07.09 12:05,"주자와 충돌, 뇌진탕 증세 보였던 류지혁, 다행히 CT 결과 이상 없어",MHN스포츠,"(MHN 정철우 기자) 수비 도중 상대 선수와 충돌해 뇌진탕 증세를 보였던 삼성 2루수 류지혁이 다행히 큰 부상은 피했다. 삼성은 9일 ""뇌진탕 증상을 보여 경기에서 빠졌던 류지혁이 응급실에 입원해 CT 촬영을 진행한 결과, 특이 사항이 발견되지 않았다""고 밝혔다. 류지혁은 8일 대구 삼성 라이온즈 파크에서 열린 LG 트윈스와 홈경기서 부상을 당했다. 6번타자 2루수로 선발 출전한 류지혁은 6회초 수비 도중 주자와 충돌하는 사고를 당했다. 6회 무사 2루에서 LG 구본혁이 희생번트를 댄 뒤 1루까지 전력질주 했고 1루 베이스 커버를 들어갔던 류지혁이 잠시 공을 놓쳤다 잡는 사이 구본혁의 무릎에 얼굴을 부딪혔다. 류지혁은 곧바로 쓰러져 한참을 일어나지 못했다. 시간이 흐른 뒤 스스로 일어나 더그아웃으로 향하려 했다. 하지만 몇 걸음 떼지 못해 어지럼증을 호소하며 트레이너 등에 업혀 들어가야 했다. 류지혁 대신 김상준이 대수비로 들어갔다. 삼성은 ""특이 사항이 발견되지는 않았지만, 오늘 경과를 지켜볼 예정""이라고 밝혔다."
2026.07.09 12:01,울산 웨일즈 안상준 코치 모친상 [부고],스포츠동아,"▲최정자씨 별세, 안상준(울산 웨일즈 코치)씨 모친상=9일 부산시민장례식장 203호실, 발인 11일 오전 9시, 장지 영락공원/부산 추모공원, 051-636-4444."
2026.07.09 11:53,"롯데에도 분 칼바람…다시 돌아온 박시영, 최정 동생 최항 등 3명 방출 ...",스포츠경향,"롯데가 선수단 정리를 단행했다. 롯데 구단은 9일 “8일 투수 박시영과 정선우, 내야수 최항에게 방출을 통보했다”며 “3명의 선수와 면담을 통해 방출 의사를 전달했다”고 전했다. 2008년 롯데에 지명돼 프로 생활을 시작했던 박시영은 2020년 12월 트레이드로 KT로 이적해 2024년까지 KT에서 뛰었다. 2021년에는 KT의 창단 첫 통합 우승을 합작하기도 했다. 하지만 2024시즌을 마치고 방출 통보를 받았고 롯데로 다시 돌아오게 됐다. 2025시즌에는 1군에서 11경기 7.1이닝 9실점 평균자책 11.05를 기록한 박시영은 올 시즌에는 1군에서 기회를 얻지 못하다 결국 팀을 떠나게 됐다. SSG 최정의 동생으로도 유명한 최항은 2023년 11월 열린 2차 드래프트에서 롯데의 지명을 받아 이적했다. 이적 후 첫 시즌인 2024년에는 72경기에 출전하며 타율 0.250 38타점 등을 기록했으나 지난해에는 8경기 타율 0.167에 그쳤고 올 해에도 단 4경기밖에 기회를 얻지 못했다. 좌완 투수 정선우는 육성선수로 2025년 롯데 유니폼을 입었다. 1군 등판 기록은 없다. 김하진 기자 hjkim@kyunghyang.com"
2026.07.09 11:51,"'뇌진탕 증상' 삼성 류지혁, CT 촬영 결과 ""특이 사항 없어""",뉴스1,"(서울=뉴스1) 권혁준 기자 = 경기 도중 상대 선수와 강하게 충돌해 뇌진탕 증세를 보였던 류지혁(삼성)이 다행히 큰 부상은 피한 것으로 보인다. 삼성은 9일 ""뇌진탕 증상을 보여 경기에서 빠졌던 류지혁이 응급실에 입원해 CT 촬영을 진행한 결과, 특이 사항이 발견되지 않았다""고 전했다. 류지혁은 전날(8일) LG 트윈스와의 홈경기에서 6번타자 2루수로 선발 출전했지만 6회초 수비 중 교체됐다. 6회 무사 2루에서 LG 구본혁이 희생번트를 댔고, 삼성 투수 백정현이 1루로 공을 던졌다. 이때 1루 커버에 들어간 류지혁이 송구를 잡았는데, 1루로 전력 질주하던 구본혁의 동선과 겹치면서 강하게 충돌했다. 구본혁의 무릎에 류지혁의 안면이 강타당하는 아찔한 장면이 나왔다. 고통을 호소한 류지혁은 그 자리에 쓰러져 한참을 일어나지 못했다. 시간이 지나고 스스로 일어나 더그아웃으로 향했으나, 어지럼증이 발생하면서 결국 트레이너 등에 업혀 더그아웃으로 들어갔다. 류지혁 대신 김상준이 대수비로 들어갔다. 삼성은 ""특이 사항이 발견되지는 않았지만, 오늘 경과를 지켜볼 예정""이라고 밝혔다. starburyny@news1.kr"
2026.07.09 11:47,"'1경기 차 양강 체제' LG·삼성이 이끈 2026 프로야구 전반기, 흥...",마니아타임즈,[진병두 마니아타임즈 기자] 두 강자가 마지막까지 선두를 다투며 전반기를 달궜다. 출범 45번째 시즌인 2026 프로야구 전반기는 LG와 삼성의 양강 체제로 요약된다. 두 팀의 다툼은 끝까지 팽팽했다. 시즌 초반부터 선두권을 형성한 두 팀은 대구에서 열린 전반기 마지막 3연전에서 맞붙었는데 삼성이 1차전을 잡아 39일 만에 선두를 탈환하자 LG가 2차전에서 하루 만에 되찾은 것이다. 승차는 1경기로 9일 3차전에서 이기는 팀이 1위로 전반기를 마친다. LG는 위기를 메우며 앞서갔다. 마무리 유영찬의 이탈과 치리노스의 방출 속에 손주영을 마무리로 장현식을 선발로 돌리고 리오스를 영입해 마운드를 재편한 것이다. 타선에서는 오스틴 딘의 파워가 원맨쇼에 가까울 만큼 돋보였다. 삼성도 만만치 않았다. 최형우가 디아즈 구자욱과 좌타 라인을 구축하며 공격력이 지난해보다 강해진 것이다. 전문가 예상이 맞은 대목도 있었다. kt가 외국인 3명을 교체하고 FA를 보강하며 3위로 도약했고 두산도 팀 평균자책점 1위의 마운드를 앞세워 지난해 9위에서 포스트시즌 경쟁자로 돌아온 것이다. 반면 추락한 팀도 있었다. 김광현의 이탈과 외국인 부진이 겹친 SSG는 9위로 내려앉았고 키움은 안우진의 복귀에도 약한 타선 탓에 4년 연속 최하위 위기에 놓였다. KIA는 김도영을 앞세워 4위로 선전했고 한화는 마운드 약화로 중위권에 처졌다. NC는 5위 싸움에 불을 댕겼고 롯데는 복병으로 떠올랐다. 흥행도 뜨거웠다. 2026 프로야구는 역대 최소 경기로 100만 명 단위 관중 돌파 기록을 잇달아 갈아치우며 2년 연속 1천200만 관중을 향해 순항하고 있다. [진병두 마니아타임즈 기자/maniareport@naver.com] 기사제보 및 보도자료 report@maniareport.com
2026.07.09 11:45,"2026 KBO 올스타전, 행사 참가 선수+시상내역 확정",MK스포츠,"여러모로 많은 기대가 되는 올스타전이다. 한국야구위원회(KBO)는 “7월 10일과 11일 이틀 간 잠실야구장에서 열리는 2026 신한 SOL KBO 올스타전의 행사 참석 선수 및 시상 내역이 최종 확정됐다”고 9일 밝혔다. 먼저 10일 올스타 프라이데이에는 오후 4시부터 4시 30분까지 퓨처스(2군) 올스타 선수들을 잠실종합운동장 2주차장 내 팬 페스트존에서 만날 수 있다. 강건우(한화 이글스), 김주오(두산 베어스), 신재인(NC 다이노스), 박지훈(KT위즈)은 북부, 남부로 나뉘어 각 15분씩 배팅존과 피칭존에서 팬들에게 투구와 타격에 대한 원포인트 레슨을 진행한다. 오후 6시에 열리는 KBO 퓨처스 올스타전의 우승팀에게는 상금 1000만 원이 주어지며, MVP에게는 상금 200만 원과 트로피가 전달된다. 이와 함께 퓨처스 올스타전에서 뛰어난 활약을 펼친 선수 개인에게 수여하는 베스트 퍼포먼스상, 감투상, 우수 투수상, 우수 타자상 수상자에게는 각각 상금 100만 원과 트로피가 수여된다. 베스트 퍼포먼스상은 퓨처스 올스타전에서 뛰어난 퍼포먼스로 명장면을 만들어낸 선수에게 수여되며, 수상자는 퓨처스리그 타이틀 스폰서인 메디힐의 후원을 통해 상금 100만 원과 부상을 제공받는다. 더불어 퓨처스 올스타전과 올스타전의 개인 시상 12개 부문 수상자 전원에게는 퓨처스리그 타이틀 스폰서인 메디힐의 시상품이 부상으로 함께 증정될 예정이다. 퓨처스 올스타전 종료 후에는 KBO리그를 대표하는 거포들이 참가하는 ‘컴투스프로야구 홈런더비’가 펼쳐진다. 6월 28일 경기까지 홈런 9개 이상을 기록한 올스타 선정 선수 12인 중 팬 투표를 통해 상위 득표를 기록한 김도영(KIA 타이거즈), 양의지, 박준순(이상 두산), 오스틴 딘(LG 트윈스), 강백호, 문현빈, 허인서(이상 한화), 김주원(NC)이 참가하는 홈런더비는 개인전으로 진행되며 득표 역순으로 참가 순서가 결정된다. 지난해 ‘시간제’ 와 ‘아웃제’ 방식이 결합한 방식을 도입한 홈런더비는, 올해 진행 순서를 바꿔 더욱 극적인 승부를 연출할 예정이다. 예선 5아웃, 결승 7아웃의 정해진 아웃카운트가 소진될 때까지 타격을 진행한 뒤, 최대 30초의 휴식 후 1분간 주어지는 ‘컴프야 피버타임’ 동안 추가 타격을 이어간다. 컴투스프로야구 홈런더비 우승자에게는 트로피, 상금 1000만 원과 함께 삼성 Bespoke AI 에어드레서(일반용량)가 제공된다. 준우승 선수에게는 트로피와 상금 300만 원을 수여하며 최장거리 홈런을 날린 선수에게는 공기 청정기가 제공된다. 또한 올해는 두 가지 특별상이 신설돼 시상의 재미를 더한다. 홈런더비 최종 우승자의 배팅볼 투수에게는 ‘홈런 메이커상’과 함께 헤드폰이 제공되며, 예선 ‘컴프야 피버타임’ 동안 가장 많은 홈런을 터뜨린 선수에게는 ‘컴프야상’과 함께 모니터가 주어진다. 올스타전 본 행사 당일 11일 관람객 입장이 시작되는 오후 3시에는 1, 3루 내야 게이트 웰컴 존에서 올스타전을 찾은 야구팬들을 맞이하는 행사가 진행된다. 같은 시간 잠실야구장 외야 그라운드에서 30명의 올스타 선수들이 3개 조로 나뉘어 팬 사인회를 진행하며 팬들과 직접 소통하는 시간을 갖는다. 오후 3시 30분부터 4시 5분까지는 팬 페스트존 내 배팅존과 피칭존에서 박준현(키움 히어로즈), 송찬의(LG), 김진욱(롯데 자이언츠), 김도환(삼성 라이온즈) 등 올스타 선수들이 참여해 팬들을 대상으로 타격 및 투구 지도를 진행할 예정이다. 오후 4시 30분부터는 ‘신한 슈퍼SOL 썸머레이스’가 펼쳐진다. 나눔 올스타에서는 LG 우강훈-구본혁, 한화 허인서-이도윤, NC 전사민-류진욱, KIA 박재현-성영탁, 키움 박준현-김건희, 드림 올스타에서는 SSG랜더스 정준재-김건우, 삼성 이승민-양창섭 KT 손동현-전용주, 롯데 현도훈-박정민, 두산 이영하-곽빈이 팬, 마스코트와 한 팀을 이뤄 장애물 달리기 경주에 참가한다. 대회는 토너먼트 형식으로 치러지며 우승 팀에게는 상금 350만 원이 수여된다. 오후 6시에 열리는 올스타전 경기에서 가장 인상적인 활약을 펼친 ‘미스터 올스타’에게는 지난해 대비 1000만 원 증액된 2000만 원의 상금과 트로피 그리고 바디프랜드 733 메디힐 시상품이 부상으로 주어진다. 올스타전 우승팀에게는 상금 3000만 원이 주어지며, 승리 감독상과 우수 수비상, 우수 투수상, 우수 타자상, 베스트 퍼포먼스상 수상자에게는 각각 상금 300만 원과 트로피, 메디힐 시상품이 부상으로 수여된다. [이한주 MK스포츠 기자] [ⓒ MK스포츠, 무단전재 및 재배포 금지]"
2026.07.09 11:44,우즈의 'Drowning' 라이브가 잠실구장에 울려 퍼진다...잠실 마지...,더게이트,"[더게이트] 잠실의 밤하늘에 화려한 불꽃이 피어오른다. 오랜 시간 한국 야구의 성지로 자리를 지킨 잠실야구장에서 열리는 마지막 별들의 축제가 마침내 베일을 벗었다. KBO는 10일 막을 올리는 올스타 프라이데이와 11일 펼쳐지는 KBO 리그의 본 행사인 '2026 신한 SOL KBO 올스타전'의 전체 행사 계획을 최종 확정해 9일 발표했다. 이번 축제는 팬들과 선수가 그라운드 안팎에서 호흡하는 다채로운 참여형 이벤트와 풍성한 볼거리로 가득 채워졌다. 전초전이 될 올스타 프라이데이는 10일 오후 3시 10분 '넥스트레벨 매치'로 문을 연다. 지난해 '넥스트 레벨 트레이닝 캠프'를 수료한 고등학교 2학년 유망주들이 참가해 오는 2028 신인 드래프트에 참여할 미래의 KBO리그 주역들을 미리 만나보는 시간이다. 유망주들의 무대와 달라진 홈런더비 이어 오후 6시부터는 북부리그와 남부리그가 맞붙는 퓨처스 올스타전이 열린다. 100% 팬 투표로 선정하는 '베스트 퍼포먼스상' 시상도 이어진다. 수상자에게는 상금 100만원과 뷰티 제품이 부상으로 주어진다. 퓨처스 올스타전 종료 후에는 거포 8인이 맞붙는 '컴투스프로야구 홈런더비'가 펼쳐진다. 올해 홈런더비는 '시간제'를 먼저 진행했던 지난해와 달리 '아웃제'를 먼저 치르는 방식으로 순서를 바꿨다. 타자가 예선 5아웃, 결승 7아웃을 모두 소진하면 30초 휴식 후 1분간 '컴프야 피버타임'이 이어진다. 피버타임 동안은 투구 수 제한 없이 자유롭게 타격할 수 있어 더욱 극적인 승부가 연출될 전망이다. 본 행사 당일인 11일 오후 3시부터는 잠실야구장 외야 그라운드에서 올스타 선수 30명이 참여하는 팬 사인회가 진행된다. 같은 시간 잠실종합운동장 2주차장 팬페스트존에서는 올스타 선수 4명이 팬들에게 타격과 투구 노하우를 전수하는 원포인트 레슨을 시작한다. 오후 4시 30분부터는 선수와 팬, 마스코트가 한 팀을 이루는 '신한 슈퍼SOL 썸머레이스'가 시작된다. 6개 구간의 장애물 코스를 통과하는 토너먼트 레이스로, 올해는 홈 팀인 LG와 두산에 부전승 혜택을 부여하는 등 참여 기회를 대폭 확대했다. 본 경기 개시에 앞서서는 대한민국 공군 특수비행팀인 블랙이글스의 화려한 에어쇼가 잠실야구장 하늘을 역동적으로 수놓는다. 이어 오후 6시부터 나눔 올스타와 드림 올스타의 본 경기가 본격적으로 포문을 연다. 한여름 무더위를 달래줄 '신한 슈퍼SOL 워터페스티벌'도 양일간 운영된다. 경기 중 안타나 홈런이 터질 때마다 시원한 물줄기가 분사되어 현장의 축제 분위기를 고조시킨다. 5회말 종료 후 클리닝타임에는 역주행 신화를 쓴 가수 우즈(WOODZ)가 'Drowning' 등 시원한 라이브 무대를 선보이는 'CGV 클리닝타임쇼'를 통해 야구장을 열광의 도가니로 물들인다. 모든 경기가 끝난 뒤에는 화려한 불꽃놀이가 잠실의 밤하늘을 채우며 축제의 대단원을 장식한다."
2026.07.09 11:43,"충돌 후 뇌진탕 증세 삼성 류지혁, 검사 결과 “특이 사항은 없다”",스포츠경향,삼성 내야수 류지혁의 부상 정도가 크지 않은 것으로 나왔다. 삼성은 9일 “류지혁의 검사 결과 특이 사항은 없다”라고 밝혔다. 류지혁은 전날 대구 삼성라이온즈파크에서 열린 LG와의 홈 경기에서 6번 2루수로 선발 출장했다가 부상으로 교체됐다. 이날 2-5로 뒤처진 6회 수비 과정에서 희생번트를 시도한 뒤 1루로 달리던 LG 구본혁과 충돌했다. 류지혁은 구본혁의 무릎에 얼굴을 강하게 부딪힌 뒤 쓰러졌고 어지럼증을 호소해 트레이닝 코치의 등에 업혀 그라운드를 빠져나갔다. 뇌진탕 증세를 보인 류지혁은 응급실에서 CT 촬여을 했고 검사 결과 걱정할만한 상황은 나오지 않았다. 삼성 구단은 “오늘(9일) 상태 체크할 것”이라고 밝혔다. 김하진 기자 hjkim@kyunghyang.com
2026.07.09 11:42,"""김재호가 되어야 한다"" 왜 하필 라이벌팀 레전드 언급했나…슈퍼 유틸리티...",마이데일리,"[마이데일리 = 대구 김경현 기자] ""김재호가 되어야 한다"" '슈퍼 유틸리티' 구본혁(LG 트윈스)이 주전으로 도약하려면 어떻게 해야 할까. 염경엽 감독은 전 두산 베어스 김재호를 언급했다. 구본혁은 LG의 빛과 소금 같은 존재다. 내야 전 포지션 수비가 가능하고, 급하면 외야까지 볼 수 있다. 단순히 다양한 포지션을 '보는' 것을 넘어 준수한 수비력까지 겸비했다. KBO가 올 시즌 새롭게 신설한 수비상 유틸리티 부문 유력 후보이기도 하다. 다만 주전보다는 백업으로 출전하는 일이 많다. 바로 공격력이 아쉽기 때문. 통산 타율이 0.250으로 높지 않다. 2019~2021년은 1할대 타율을 맴돌았다. 상무에서 돌아온 뒤 2할 중후반대로 타격 성적을 끌어올렸으나, 장타가 많지 않아 생산성이 빼어난 편은 아니다. 8일 염경엽 감독은 ""구본혁이 주전으로 나서려면 한 단계 더 올라서야 한다. 일단 타율을 올려야 주전을 할 수 있다""라면서 ""롤모델을 잡으려면 김재호가 되어야 한다""고 했다. 김재호는 두산에서만 19시즌(은퇴식이 열린 2025년 제외)을 뛴 전설적인 유격수다. 통산 1794경기 1235안타 54홈런 79도루 661득점 600타점 타율 0.272 OPS 0.722의 성적을 남겼다. 현역 시절 리그 최고의 공수겸장 유격수였다. 3할을 넘나드는 정교한 타격 능력, 최고로 꼽히던 수비력까지. 두산의 7년 연속 한국시리즈 진출은 김재호가 있었기에 가능했다. 염경엽 감독은 ""3할을 치면서 수비를 해야 한다. 2할 6푼을 치면 항상 백업밖에 할 수 없다""며 ""(구)본혁이도 잘 알고 있다. 그것에 대해서 우리는 충분히 설명을 하고 있다. 네가 주전을 하려면 어떤 장점을 가져야 한다고. 선수마다 성향과 가야 할 방향, 야구 스타일 등에 대해 항상 이야기를 해준다""고 전했다. 공교롭게도 김재호는 '잠실 라이벌' 두산 레전드지만, 구본혁과 결이 닿아있는 선수이기에 예를 들었다. 현실적으로 파워를 늘리긴 어렵다. 그렇다면 김재호처럼 정확성을 끌어 올려야 한다는 것. 염경엽 감독은 ""파워히터가 아닌데 파워히터로 가겠다고 하면 훨씬 마이너스다""라고 갑작스러운 스타일 변화를 경계했다. 자신의 장단점을 파악하고 '업그레이드'를 꾀해야 한다고 강조했다. 한편 구본혁은 올 시즌 82경기에서 51안타 20득점 15타점 타율 0.271 OPS 0.624를 기록 중이다."
2026.07.09 11:42,"류지혁 부상 장면 반복 재생에 팬들 충격…""아이들이 울었다""(종합2보)",연합뉴스,"(서울=연합뉴스) 김경윤 기자 = 지난 8일 대구삼성라이온즈파크에서 열린 2026 프로야구 LG 트윈스와 삼성 라이온즈의 경기를 관람한 일부 야구팬들이 경기 중에 발생한 삼성 류지혁의 부상 장면이 전광판에 반복 재생돼 충격을 받았다고 호소했다. 9일 온라인 커뮤니티 등에는 당시 현장을 찾은 관중들의 충격을 전하는 글이 잇따라 올라왔다. 유튜브 이용자 '@solsol1618'는 관련 영상에 ""오늘 경기를 직접 관람했다. 같이 간 아이들이 충격받았다. 현장 분위기가 진짜 심각했다""고 했다. 네이버 팬 카페 사자사랑방에서도 ""눈물이 막 나오더라. 진짜 못 보겠더라"", ""속이 울렁거렸다. 슬로 화면으로 반복해서 보여주더라"", ""거의 교통사고 나는 것처럼 사람이 튕겨 나가는 걸 그대로 목격했으니 트라우마가 남을 것 같다. 안 보여줬으면 하는 것을 계속 돌려 보여 줬다. 너무 잔인하게 느껴졌다""는 등의 반응이 이어졌다. 특히 어린이 관중들이 큰 충격을 받았다는 글도 적지 않았다. 아이디 '직관좋아요'는 ""우리 둘째는 자려고 눈 감고는 계속 그 장면이 생각난다고 하더라. 어린이들이 걱정된다""고 했다. '박승규사자'는 ""우리 집 애들도 굉장히 충격받았다""고 적었다. '니나맘19'씨는 ""초등학교 1학년 딸이 놀라서 울음이 터졌다. 결국 6회에 (경기장을) 나왔다""고 전했다. 류지혁은 이날 2-5로 뒤진 6회초 수비 과정에서 희생번트를 시도한 뒤 1루로 달리던 LG 구본혁과 크게 충돌했다. 류지혁은 구본혁의 무릎에 얼굴을 강하게 부딪친 뒤 쓰러졌고, 어지럼증을 호소해 트레이닝 코치의 등에 업혀 그라운드를 빠져나갔다. 이후 LG가 구본혁의 세이프-아웃 판정에 관한 비디오 판독을 요청하는 과정에서 삼성 구단은 전광판에 류지혁의 부상 장면을 반복 재생했다. 방송 중계에서도 이 모습이 느린 화면으로 여러 차례 나왔다. 강제로 이 장면을 반복 시청한 많은 관중과 시청자들은 충격을 받은 듯했다. 방송 중계 화면에는 전광판을 바라보던 한 어린이 관중이 눈물을 흘리는 모습이 포착되기도 했다. 삼성 구단이 충격적인 부상 장면을 전광판에 반복 재생한 이유는 KBO리그 규정에 비디오 판독 운영 방침 권고안 때문으로 보인다. 한국야구위원회(KBO)는 2023시즌을 앞두고 '팬 퍼스트' 정책의 하나로 비디오 판독 장면을 전광판과 중계 화면을 통해 실시간으로 제공하도록 권고했고, 관련 규정을 신설했다. KBO리그 규정 제28조 비디오 판독 13항에 따르면 KBO는 '비디오 판독 시 구단은 전광판에 중계 리플레이 또는 판독 화면을 상영할 수 있다'고 명시했다. 이후 각 구단은 비디오 판독이 나올 때마다 박진감 넘치는 배경음악과 함께 해당 장면을 전광판에 반복 재생하고 있다. 다만 이번 사례를 계기로 선수의 심각한 부상 장면이 포함된 비디오 판독의 경우에는 전광판과 중계 화면의 반복 재생을 제한할 필요가 있다는 지적이 나온다. 이와 관련해 KBO는 ""비디오 판독 장면의 전광판 리플레이가 관중들에게 미치는 영향을 고려해 적절한 가이드라인 마련 방안을 논의하겠다""고 밝혔다. 한편 삼성 구단은 ""류지혁은 8일 뇌진탕 증상을 보여 병원 응급실에 내원해 컴퓨터단층촬영(CT) 검사를 했고 특이 사항이 발견되지 않았다""며 ""오늘 상태를 다시 체크할 예정""이라고 전했다. cycle@yna.co.kr (끝) ▶제보는 카톡 okjebo"
2026.07.09 11:40,"“우린 가을야구 간다”…108구 불태운 NC 에이스 테일러, 후반기 반등...",스포츠서울,"[스포츠서울 | 대전=김민규 기자] 무더위도, 100구가 넘는 투구수도 그를 멈추지 못했다. NC 외국인 에이스 커티스 테일러(31)가 전반기 마지막 등판에서 묵직한 역투를 펼치며 팀 승리를 이끌었다. 개인 최다 투구수를 새로 쓰며 팀의 3연승을 이끈 그는 “목표는 개인 성적이 아니라 NC와 함께 가을야구에 가는 것”이라고 힘줘 말했다. 테일러는 7일 대전 한화전에 선발 등판해 6.1이닝 2안타 3사사구 6삼진 1실점으로 퀄리티스타트(QS)를 작성했다. 총 108개의 공을 던지며 종전 개인 최다였던 105구를 넘어섰고, 시즌 6승과 함께 NC의 9-6 승리를 이끌었다. 승리 후 가장 먼저 말한 것은 기록이 아니라 날씨였다. 높은 습도와 온도로 경기하기 쉽지 않은 날씨였다. 테일러는 “지난해 트리플A 멤피스에서도 비슷한 환경에서 던져 어느 정도 도움이 됐지만, 이처럼 덥고 습한 날씨는 정말 쉽지 않았다”고 웃었다. 이어 “오늘 같은 날에는 수분 섭취가 무엇보다 중요하다. 경기 전과 경기 중, 경기 후까지 꾸준히 물을 마셔야 하고 영양도 잘 챙겨야 한다”며 “몸을 푸는 양도 평소보다 줄이는 등 상황에 맞게 조절하는 것이 필요하다”고 설명했다. 6회까지 98구를 던진 뒤에도 7회 마운드에 오른 배경도 공개했다. 테일러는 “투수코치님과 6회를 마친 뒤 이야기를 나눴다. 100구 가까이 던진 것은 알고 있었지만 ‘한 이닝 더 갈 수 있겠느냐’는 질문을 받았고, 충분히 아웃카운트를 더 잡을 수 있다고 생각해 다시 올라갔다”고 말했다. 108구를 던지며 개인 최다 투구수를 경신했지만 정작 본인은 크게 의미를 두지 않았다. 그는 “최다 투구수는 크게 신경 쓰지 않는다. 오히려 마운드에서 내 몸 상태와 컨디션이 어떤지가 더 중요하다”고 담담하게 말했다. 최근 꾸준히 안정적인 투구를 이어가고 있다. 실제 테일러는 5월까지 10경기에서 4승4패, 평균자책점 5.44를 적었다. 그러나 6월 이후 6경기에 등판해 2승, 평균자책점 2.68로 확 좋아졌다. 비결은 무엇일까. 테일러는 “투구 메커니즘을 조금 수정한 영향이 크다”며 “코치진과 많은 이야기를 나눴고, 미국에 있는 개인 코치와 소통도 꾸준히 했다”고 설명했다. 이어 “투구할 때 상체를 좀 더 세운 상태에서 던지는 부분을 집중적으로 수정했는데, 그게 좋은 결과로 이어지고 있는 것 같다”고 덧붙였다. 자동 볼 판정 시스템(ABS) 등 KBO리그에 완전히 적응한 모습이다. 그는 “미국은 삼진을 잡기 쉬운 타자들이 많은 반면 KBO는 파울이 정말 많이 나온다. 끈질긴 타자들이 많다”며 “오늘도 우타자 바깥쪽으로 걸치는 백도어 슬라이더가 잘 들어갔다. ABS 스트라이크존에도 이제는 충분히 적응했다고 생각한다”고 자신감을 보였다. 전반기를 “좋은 경기도 있었고, 아쉬운 경기도 있었다. 전체적으로 나쁘지 않았다”고 돌아봤다. 이제 후반기를 향한다. 무엇보다 ‘가을야구’ 진출이다. “개인 목표는 크게 없다. 가장 중요한 것은 많이 이겨서 NC와 함께 플레이오프에 진출하는 것”이라며 “그 목표를 위해 후반기에도 최선을 다하겠다”고 강조했다. 끝으로 짧은 올스타 휴식기 계획도 전했다. 테일러는 “부산 해변 근처에서 쉬면서 재충전할 계획이다. 몸과 마음을 잘 회복해 후반기를 준비하겠다”고 미소 지었다. kmg@sportsseoul.com"
2026.07.09 11:40,"짝 잃은 기러기인가, KIA 우승 에이스 5실점 또 5실점...우승 포수...",OSEN,"[OSEN=이선호 기자] 짝잃은 기러기인가. KIA 타이거즈 에이스 제임스 네일이 갑작스러운 부진에 빠졌다. 2경기 연속 대량실점을 하고 있다. 그 중심에 우승포수 김태군의 부상이 도사리고 있다. 함께 호흡을 맞춰온 포수가 자리를 비우자 덩달아 우승 에이스가 힘을 잃고 흔들리고 있는 것이다. 수치로 해석할 수 없는 분명한 부진 이유이다. 네일은 지난 8일 사직구장에서 열린 프로야구 롯데 자이언츠와의 경기에 선발 등판했으나 3⅓이닝 7피안타 3볼넷 2탈삼진 5실점을 기록했다. 4회 도중 강판한 것은 2024년 입단 이후 두 번째이자 최소이닝이었다. 기존 최소이닝은 3⅔이닝이었다. 평균자책점도 3.77로 높아졌다. 네일답지 않은 수치이다. 매회 위기를 불렀다. 1회 무사 1,2루 위기를 맞았고 희생플라이를 내주고 첫 실점했다. 2회 1사1,2루 위기는 잘 막았지만 3회 1사 만루 위기를 맞고 두 점을 허용했다. 4회에서도 득점권을 허용하고 4점째를 내주었다. 조기에 강판했고 뒤를 이은 성영탁이 승계주자 실점을 하는통에 5실점으로 불어났다. 더 큰 아쉬움은 4회1사2루에서 포수 주효상과의 사인이 맞지 않은 대목이었다. 스위퍼를 던졌는데 주효상의 목을 맞고 말았다. 주효상의 구종사인을 네일이 착각했는지, 아니면 주효상이 자신의 생각과 달리 사인을 잘못 전달한 것으로 보인다. 결국 포수와의 호흡이 잘 맞지 않고 있다는 방증이었다. 앞선 2일 SSG 랜더스와 광주경기에서도 주춤했다. 5이닝 8안타 2사사구 5실점을 했다. 6경기 연속 퀄리티스타트를 하면서 안정감이 넘치는 투수였다. 그런데 안타를 많이 맞으며 대량실점을 했다. 여기에 그치지 않고 사직 롯데전까지 2경기 연속 5실점의 부진이 이어졌다. KIA 마운드에는 적신호가 아닐 수 없다. 구위가 떨어진 것도 아니었다. 변화가 있었다면 전담포수였던 김태군의 부상이었다. 지난 1일 SSG전에서 대타로 나와 병살타를 치고 1루에 전력질주하다 오른쪽 햄스트링 부상을 당했다. 한 달 이상의 이탈이 예상된다. 하필이면 네일의 등판을 하루 앞두고 자리를 비웠다. 2024시즌부터 찰떡 궁합이었고 우승까지 함께 일군 최상의 배터리였다. 그러기에 네일의 김태군에 대한 신뢰는 상상 이상이다. 어쩔 수 없이 주전 포수가 된 한준수와 호흡을 맞췄지만 5실점으로 이어졌다. 당시 이범호 감독도 김태군 부재의 영향이 있었다고 밝혔다. ""심리인 것 같다. 태군이가 앉아서 커터를 냈는데 맞았으면 상대가 잘 쳤다고 생각했을 것이다. 준수가 커트를 냈다가 맞았다면 '아~' 이럴 수 있다. 다음에는 효상이와 한번 붙여보겠다""고 말하기도 했다. 그러나 주효상과의 호흡도 불안감을 주면서 아쉬움을 자아냈다. 네일의 갑작스러운 부진으로 팀에게는 악재이다. 국내파 선발들이 주춤한 가운데 믿을만한 도끼는 외인원투펀치이다. 김태군은 아무리 빨라도 8월 초순에야 돌아올 수 있다. 결국 네일과 포수들이 많은 노력을 통해 이질감을 해소할 수 밖에 없다. /sunny@osen.co.kr"
2026.07.09 11:38,"‘천만다행’ 뇌진탕 류지혁, 검진 결과 특이사항 없음…삼성도 가슴 쓸어내...",스포츠서울,"[스포츠서울 | 김동영 기자] 천만다행이다. 삼성 류지혁(32)이 병원 검진 결과 특이사항이 없는 것으로 나왔다. 삼성도 한숨 돌린다. 삼성 관계자는 9일 ""류지혁이 8일 경기 도중 1루 수비 포구 과정에서 상대 주자와 충돌했다. 뇌진탕 증상을 보여 천주 성삼병원 응급실 내원해 CT 촬영했다. 검사 결과 특이사항 없다. 오늘 다시 상태 체크할 예정이다""고 밝혔다. 류지혁은 전날 대구 LG전에 6번 2루수로 선발 출전했다. 상황은 6회초 발생했다. 삼성 백정현이 이닝 첫 타자 이재원에게 2루타 맞았다. 다음 구본혁이 희생번트를 댔다. 백정현이 잡아 1루로 던졌다. 류지혁이 1루 베이스 커버 들어간 후 포구를 시도했다. 백정현 송구가 살짝 우측으로 치우쳤다. 류지혁이 구본혁 주루 동선과 겹치는 곳에서 공을 잡았다. 한 번에 포구가 되지는 않았다. 떨어진 공을 맨손으로 잡았다. 이때 구본혁과 충돌했다. 구본혁도 속도를 줄인다고 줄였으나 불가피한 상황이었다. 구본혁의 무릎이 류지혁의 머리를 그대로 들이받은 모양새가 됐다. 류지혁이 그대로 쓰러졌다. 좀처럼 일어나지 못했다. 구급차가 그라운드 안으로 들어왔다. 잠시 시간이 흐른 후 류지혁이 일어나 트레이너 부축을 받으며 벤치 쪽으로 이동했다. 제대로 걷지 못했다. 비틀대는 모습이다. 어지럼증을 호소하며 멈추기도 했다. 1루 베이스에서 더그아웃까지 제대로 이동조차 하기 어려운 모습이다. 끝내 트레이너에게 업혀서 빠져나갔다. 뇌진탕은 엄중한 부상이다. 잠시 진정되기를 기다린 후 병원으로 향했다. 응급실에서 CT 촬영 진행했고, 다행히 특이사항은 없는 것으로 나왔다. 천만다행이다. 삼성이 가슴을 쓸어내렸다. 올시즌 81경기에서 타율 0.292, 5홈런 47타점, 출루율 0.387, 장타율 0.421, OPS 0.808 기록하며 커리어 하이 시즌 보내는 중이다. 뇌진탕이라는 불의의 부상이 닥치고 말았다. 후유증이 없기를 바라야 하는 상황이다. raining99@sportsseoul.com"
2026.07.09 11:38,"'주자와 충돌→응급실' 류지혁 CT 촬영에서 ""특이사항 없다"" 소견… 9...",스포티비뉴스,"[스포티비뉴스=대구, 신원철 기자] 번트 수비 과정에서 주자와 충돌해 뇌진탕 증세를 보였던 삼성 내야수 류지혁이 CT 촬영에서 특이사항 없음 소견을 받았다. 류지혁은 8일 대구 삼성라이온즈파크에서 열린 LG 트윈스와 경기에 2루수로 선발 출전해 6회초 수비에서 대수비 김상준으로 교체됐다. 무사 2루에서 번트 수비를 하다 타자주자와 1루 베이스에서 충돌하면서 뇌진탕 증세를 겪었기 때문이다. 류지혁은 이후 천주성삼병원 응급실에서 CT 촬영을 했고, 여기서 특이 사항이 없다는 소견을 받았다. 삼성 구단 관계자는 9일 오전 ""류지혁은 8일 경기 중 1루에서 수비하다 상대 주자와 충돌 후 뇌진탕 증상을 보였다. 이후 천주성삼병원 응급실에 방문해 CT촬영을 했다. 검사 결과 특이 사항은 나오지 않았고, 오늘(9일) 상태를 확인할 예정이다""라고 알렸다. 류지혁의 집중력이 충돌로 이어졌다. 무사 2루에서 LG 구본혁의 번트 타구를 투수 백정현이 잡아 1루로 송구했는데, 이 공이 1루 베이스 바깥쪽으로 치우쳤다. 류지혁이 공을 잡으려 팔을 뻗었는데 여기서 타자주자 구본혁의 주로와 몸이 겹치고 말았다. 불가피한 충돌이었다. 류지혁은 충돌 후 한동안 자리에서 일어나지 못했다. 큰 부상이 우려되는 가운데 구급차가 그라운드까지 진입했다. 류지혁은 구급차에 타지 않고 스스로 일어나려 했지만, 결국 트레이너에 업혀 더그아웃으로 돌아갔다. 이후 안정을 취하다 응급실로 이동해 CT촬영을 했다. LG에서도 류지혁이 무사하기를 바랐다. 홍창기는 ""오늘 류지혁 선수의 상태도 걱정이 된다. 큰 부상이 아니였으면 좋겠다""고 밝혔다. <저작권자 ⓒ SPOTV NEWS. 무단전재 및 재배포 금지>"
2026.07.09 11:37,"“CT 촬영, 특이사항 없음” 주자와 충돌해 쓰러졌던 삼성 류지혁, 일단...",스포츠동아,"[스포츠동아 강산 기자] 경기 도중 불의의 부상으로 교체된 삼성 라이온즈 내야수 류지혁(32)이 일단 큰 부상을 피했다. 류지혁은 8일 대구 LG 트윈스전에 6번타자 2루수로 선발 출전했고, 6회초 수비 도중 주자와 충돌한 뒤 교체됐다. 팀이 2-5로 뒤진 6회초 무사 2루서 구본혁의 희생번트 때 1루 베이스커버를 들어갔다. 투수 백정현의 송구를 잡았다가 놓쳤고, 다시 공을 잡는 과정에서 구본혁의 무릎 쪽에 머리를 부딪친 뒤 자리에 쓰러져 고통을 호소했다. 구급차가 들어왔을 정도로 상황이 심각했다. 류지혁은 끝까지 공을 손에 쥐고 구본혁을 아웃 처리했다. 한참 뒤 자리에서 일어난 류지혁은 부축을 받아 덕아웃으로 들어가다가 어지러움을 호소했다. 잠시 자리에 주저앉았던 그는 트레이너에게 업힌 채로 그라운드를 빠져나갔고, 김상준과 교체돼 경기를 마쳤다. 당시 삼성 구단관계자는 “류지혁이 어지러움 증세가 있어 안정을 취하는 중”이라고 설명했다. 이후 천주성삼병원 응급실로 이동해 CT 촬영을 했고, 검사 결과 특이 사항이 없다는 소견을 받았다. 삼성 관계자는 9일 “계속해서 류지혁의 상태를 살필 예정”이라고 밝혔다. 류지혁은 올 시즌 삼성의 주전 2루수로 활약 중이다. 8일까지 81경기에 출전해 타율 0.292, 5홈런, 47타점을 올렸다. 강산 기자 posterboy@donga.com"
2026.07.09 11:35,"'삼성 천만다행' 류지혁 뇌진탕 증세→병원 CT 검진 ""특이 사항 없다""",스타뉴스,"[스타뉴스 | 대구=김동윤 기자] 삼성 라이온즈에 천만다행의 소식이다. 전날(8일) 수비 도중 상대 야수와 충돌로 그라운드를 떠난 내야수 류지혁(32)이 별 이상이 없다는 전언이다. 삼성 구단 관계자는 9일 ""류지혁 선수가 8일 경기 중 1루 수비 포구 과정에서 상대 주자와 충돌 후 뇌진탕 증상을 보였다. 천주 성삼병원 응급실에 내원해 CT 촬영을 했고 특이 사항은 없다는 검사 결과를 받았다. 오늘(9일)도 상태를 확인할 예정""이라고 밝혔다. 류지혁은 앞선 8일 대구 LG전 6회초 무사 2루에서 타자 주자 구본혁과 충돌해 교체됐다. 구본혁이 번트를 시도한 공을 삼성 투수 백정현이 잡아 1루로 토스했다. 이때 1루 커버를 들어온 2루수 류지혁이 한 번에 공을 잡지 못하면서 충돌이 일어났다. 1루로 전력 질주하는 구본혁의 오른쪽 허벅지 안쪽에 공을 잡으려는 류지혁의 머리가 강하게 부딪쳤다. 류지혁은 한동안 그라운드에서 일어나지 못했고 결국 외야에서 구급차까지 들어왔다. 다행히 일어나 관계자들의 부축을 받아 일어났지만, 1루에서 3루 더그아웃까지 가는 그 거리도 버거워 몇 번이고 멈췄다 이동했다. 결국 코치가 류지혁을 업고 들어가기도 했다. 어린이 팬은 울고 관중들이 응원 구호조차 잊을 정도로 모두가 놀란 충돌이었다. LG 홍창기도 경기 후 ""류지혁 선수의 상태가 걱정된다. 큰 부상이 아니었으면 좋겠다""고 쾌유를 빌었다. 다행히 큰 부상은 아닌 것으로 밝혀지면서 삼성은 한숨을 돌리게 됐다. 대구=김동윤 기자 dongy291@mtstarnews.com"
2026.07.09 11:35,"광주일고 투수 넘어지자 ""어젯밤에 뭐했노"" 조롱까지…배재고 선수들 ""5·...",스포츠투데이,"[스포츠투데이 신서영 기자] 5·18 민주화운동을 조롱하는 응원 구호로 물의를 빚은 배재고 야구부 선수들이 해당 표현이 혐오 발언이라는 사실을 알지 못했다는 취지의 경위서를 제출한 것으로 전해졌다. 9일 중앙일보의 보도에 따르면 대한야구소프트볼협회(KBSA)가 박수민 국민의힘 의원실에 제출한 배재고 야구부 선수 36명의 경위서에는 다수의 학생이 '스타벅스', '탱크데이' 등의 응원 구호가 5·18 민주화운동을 비하하는 표현이라는 사실을 인지하지 못했다고 진술했다. 학생들은 ""역사적 맥락을 모른 채 한 발언이지만 깊이 반성하고 있다""는 취지의 입장을 밝혔다. ""스타벅스 가야지""를 선창한 A군은 팀 분위기를 끌어올리기 위한 의도였을 뿐 광주를 비하하려는 의도는 없었다고 해명했다. A군은 경위서에 ""오직 팀 분위기만 생각했고 광주를 비하하고자 하는 마음은 절대로 없었다""며 ""문득 광주 스타벅스 논란이 떠올라 그런 파이팅을 하게 됐다""고 적었다. 이어 ""경기가 끝난 뒤 큰 잘못을 했다고 느꼈고 광주 시민과 학교 관계자분들께 큰 죄책감을 갖고 있다""고 덧붙였다. ""탱크데이""를 외친 B군 역시 5·18 민주화운동과 관련된 표현인 줄 몰랐다고 주장했다. B군은 ""스타벅스에서 탱크데이 이벤트를 했던 것이 기억났다""며 ""5·18과 관련이 있는지 몰랐고 스타벅스에서 어떤 일이 있었는지도 몰랐다. 상대를 비하하거나 조롱하려고 외친 것이 아니다. 잘못을 인지하고 반성하고 있다""고 진술했다. 다만 일부 선수들의 경위서에는 해당 구호가 부적절하다는 사실을 인지하고 있었다는 내용도 담겼다. 한 학생은 ""'스타벅스 빵야'라는 구호가 나와 '스타벅스가 갑자기 왜 나오냐'고 물었다. 5·18 광주와 관련한 것이라고 해서 하면 안 되겠다고 생각했다""고 적었다. 또 다른 학생도 ""A군에게 '이건 아니지. 하지 마'라고 경고했다""고 진술한 것으로 알려졌다. 경기 중 광주일고 선수를 향한 조롱성 발언이 양 팀의 갈등을 키웠다는 증언도 나왔다. 한 학생은 ""광주일고 투수가 미끄러지자 '왜 그라노', '어젯밤에 뭐했노'라고 도발했고, 이에 화가 난 광주일고 코치님이 더그아웃에서 나와 '많이 참았다. 적당히 하라'고 하셨다""고 진술했다. 다른 학생 역시 ""'뭐하노'라는 발언이 나온 뒤 상대 코치님이 '너희 파이팅만 하라'며 항의했다""고 밝혔다. 이 밖에도 일부 학생들은 경기 초반부터 상대를 조롱하는 응원이 이어졌고, 심판과 광주일고 코치진이 여러 차례 자제를 요구했다고 경위서에 적었다. 해당 논란과 관련해 대한야구소프트볼협회는 지난 1일 서울 송파구 올림픽파크텔에서 제11차 스포츠공정위원회를 긴급 개최하고 배재고에 전국대회 출전정지 6개월의 중징계를 내렸다. 이후 배재고 야구부는 지난 6일 광주일고를 직접 찾아 공식 사과했고, 국립5·18민주묘지를 참배했다. 광주일고 측은 사과를 받아들이며 배재고에 대한 선처를 호소했다. 배재고는 8일 대한야구소프트볼협회의 전국대회 6개월 출전정지 징계에 대해 재심을 청구하기로 결정했다. [스포츠투데이 신서영 기자 sports@stoo.com]"
2026.07.09 11:33,"[오피셜]늘 '홈런왕의 동생'으로 더 유명했던 최항, 결국 방출 철퇴 맞...",MHN스포츠,"(MHN 정철우 기자) 롯데 자이언츠가 소속 선수 2명과 육성 선수 1명 등 총 3명에게 방출을 통보했다. 롯데 구단은 8일 ""투수 박시영(37), 정선우(24)와 내야수 최항(32)에게 방출을 통보했다""고 밝혔다. 롯데는 ""3명의 선수와 면담을 통해 방출 의사를 전달했다""고 덧붙였다. 가장 눈길을 끄는 선수는 최항이다. 대일초-매송중-유신고를 졸업한 최항은 2012년 8라운드 전체 70순위로 SK 와이번스(현 SSG 랜더스)의 지명을 받았다. 2023시즌 종료 후 KBO 2차 드래프트를 통해 롯데로 이적했다. 당시 3라운드 지명을 받았다. KBO리그 최다 홈런 기록을 갖고 있는 최정(SSG)의 동생으로 더 유명했다. 자신의 성적이나 커리어 보다는 늘 홈런왕의 동생으로 더 주목을 받았다. 형의 그늘에 묻혀 있었지만 나름 재능을 인정 받았던 선수다. 다양한 내야 포지션 소화가 가능하고 공격 능력도 갖추고 있다는 평가를 받았다. 하지만 결국 형을 넘어서지는 못한 채 야구 인생 최대의 위기를 맞게 됐다. KBO 리그 통산 388경기에 출장해 타율 0.267, 11홈런 107타점, 장타율 0.353, 출루율 0.348의 성적을 기록 했다. 아직 나이가 많지 않은 만큼 다시 기회를 얻을 수도 있다. 형의 그늘을 벗어나지 못한 채 유니폼을 벗기엔 아쉬운 재목이라는 평가가 많다. 타 팀에서 뛸 기회가 주어질 수 있을지에 관심이 모아지고 있다. 한 때 롯데의 필승조로 활약했던 박시영의 방출도 눈에 띈다. 축현초-인천신흥중-제물포고-(영남사이버대)를 졸업한 박시영은 2008년 2차 4라운드 전체 31순위로 롯데의 지명을 받은 뒤 2010년 롯데에 정식 입단했다. 이후 KT 위즈로 이적했다가 롯데로 돌아왔다. KBO 리그 통산 293경기에 출장해 10승 14패 1세이브 32홀드 평균자책점 5.58의 성적을 올렸다. 올 시즌 1군에서 출장 기회는 얻지 못한 채 퓨처스리그에만 머무르다 결국 방출 통보를 받았다."
2026.07.09 11:31,아시아청소년야구선수권 대표팀 명단 발표…하현승·엄준상 승선,연합뉴스,"(서울=연합뉴스) 김경윤 기자 = 대한야구소프트볼협회(KBSA)는 9일 제14회 아시아청소년야구선수권대회에 참가하는 청소년 대표팀 코치진과 선수 명단을 확정해 발표했다. 덕수고 정윤진 감독이 이끄는 대표팀은 청원고 김수관 감독, 순천효천고BC 정진 감독, 전주고 최대곤 감독, 중앙고 남인환 감독이 코치로 합류했다. 아울러 최근 미국 프로야구 구단들의 영입 제안을 거절하고 국내 무대를 택하기로 한 하현승(부산고)과 강속구 투수 윤예성(인창고)은 대표팀 '원투펀치'로 마운드를 이끈다. 한화이글스배 고교·대학 올스타전에서 최우수선수상(MVP)을 받은 박근서(서울디자인고), 대전고의 황금사자기 준우승을 이끈 유일한 2학년 선수 한규민, 신장 195㎝ 장신 우완 정통파 곽도현(부산공업고), 묵직한 직구가 일품인 김민훈(광주진흥고)도 대표팀 투수로 뽑혔다. 내야수로는 애리조나 다이아몬드백스와 입단 계약한 투타겸업 엄준상(덕수고)을 비롯해 우주로(대전고), 남현우(서울컨벤션고), 김지우(서울고), 강인규(청주고), 이호민(경남고)이 선발됐다. 외야는 장민제(충암고), 조희성(유신고), 황성현(덕수고), 박보승(경남고)이 나선다. 포수는 원지우(강릉고), 전영훈(세광고)이 이름을 올렸다. 이번 대회는 9월 7일부터 13일까지 대만 타이베이에서 열리며 총 8개국이 경쟁한다. 2개 조 예선 라운드 상위 2팀이 슈퍼라운드에 진출해 예선 라운드 상대 전적(1경기)과 슈퍼라운드 성적(2경기)을 합산하고 종합 성적 최종 상위 2팀이 결승전에 진출한다. 대표팀은 8월 중순 소집돼 훈련을 시작할 예정이다. 한국야구위원회(KBO)는 최근 청소년 대표팀의 국제 경쟁력 강화를 위해 추가 예산 3억원을 KBSA에 지원했다. cycle@yna.co.kr (끝) ▶제보는 카톡 okjebo"
2026.07.09 11:31,"롯데도 선수단 정리, '최정 동생' 최항 결국 방출-'롯데 컴백' 박시영...",OSEN,"[OSEN=부산, 조형래 기자] 프로야구 롯데 자이언츠가 선수단 정리를 단행했다. 총 3명의 선수가 팀을 떠났다. 롯데 자이언츠는 8일 투수 박시영, 정선우(육성) 선수와 내야수 최항 선수에게 방출을 통보했다. 구단은 3명의 선수와 면담을 통해 방출 의사를 전달했다고 밝혔다. 박시영은 지난 2008년 2차 4라운드로 롯데에 입단했다. 이후 KT 위즈로 트레이드됐고 방출 통보를 받았지만 지난해 롯데에 다시 둥지를 틀었다. 통산 293경기 10승 14패 1세이브 32홀드 평균자책점 5.58의 기록을 남겼다. 올 시즌 1군 기록은 없다. SSG 랜더스 최정의 동생으로 이름을 알린 최항은 통산 388경기 타율 2할6푼7리(853타수 228안타) 11홈런 107타점의 성적을 기록했다. 2012년 SSG의 전신인 SK 와이번스에 신인드래프트 8라운드로 지명을 받았다. 2017년 1군에 데뷔했고 2023시즌이 끝나고 열린 2차 드래프트를 통해 롯데로 이적했다. 하지만 올해 1군 4경기 타율 1할8푼2리(11타수 2안타)의 기록만 남긴 채 방출의 운명을 맞이했다. 지난해 동아대를 졸업하고 육성선수로 입단한 좌완 정선우도 올해 2군 3경기 1승 1패 평균자책점 7.59의 기록만 남긴 채 롯데를 떠나게 됐다. /jhrae@osen.co.kr"
2026.07.09 11:29,미국 가는 엄준상도 청소년 대표팀 발탁...하현승·김지우까지 '빅 3' ...,더게이트,"[더게이트] 대한야구소프트볼협회가 9일 오는 9월 타이완 타이베이에서 열리는 제14회 아시아청소년야구선수권대회에 나설 청소년 국가대표 명단을 발표했다. 명단에는 미국프로야구 메이저리그(MLB) 애리조나 다이아몬드백스와 계약금 150만 달러에 입단 계약을 맺은 덕수고 내야수 엄준상이 포함됐다. 하현승(부산고), 김지우(서울고)와 함께 고교 '빅 3' 유망주가 모두 태극마크를 달게 됐다. 가장 눈에 띄는 대목은 엄준상의 선발이다. 협회는 그동안 국외 프로구단과 계약했거나 진출이 유력한 선수를 청소년 대표팀(U-18)에서 배제하는 것을 오랜 원칙으로 삼아왔다. KBO 규약 제107조는 국내 드래프트를 거치지 않고 해외로 직행한 선수가 복귀할 경우 2년간 KBO 구단과 계약할 수 없고, 국가대표 선발 대상에서도 제외하도록 규정한다. 협회 경기력향상위원회 역시 이 같은 프로 무대의 기조를 청소년 대표 선발 과정에 그대로 적용해왔다. 철저했던 국외파 배제 원칙, 결국 깨졌다 실제로 2022년 캔자스시티 로열스와 계약한 경기상고 포수 엄형찬은 그해 9월 세계청소년야구선수권대회 최종 엔트리에서 제외됐다. 최고 시속 157km의 강속구 유망주로 화제를 모은 덕수고 투수 심준석도 태극마크를 달 수 없었다. 미국행을 확정한 선수 대신 국내 드래프트를 준비하는 선수들에게 기회를 주어야 한다는 정서가 반영됐다는 해석이 지배적이었다. 그러나 엄준상은 지난 6일 열린 경기력향상위원회 회의를 거쳐 명단에 이름을 올렸다. 협회 관계자와 프로 구단 스카우트 등으로 구성된 7명의 위원 가운데 일부 반대 의견도 있었으나, 위원으로 참석한 스카우트들은 대부분 찬성표를 던진 것으로 전해졌다. 취재 결과, 회의 초반엔 찬반 의견이 팽팽히 맞섰다. 한 프로 스카우트는 ""경기력을 최우선으로 고려해야 한다. WBC(월드베이스볼클래식)에선 메이저리그 선수도 뽑지 않나""라고 주장했다. 다른 스카우트도 ""국외 구단과 계약한 선수를 뽑으면 안된다는 명시적인 규정이 없다""고 했다. 반면 다른 위원은 ""18세 이하는 아마추어 학생 선수인 만큼 교육적인 목적도 중요하다""며 반대 목소리를 냈다. 격론 끝에 위원들 의견이 하나로 모아졌고, 엄준상의 선발이 최종 결정됐다. 한편 필라델피아 필리스와 170만 달러에 계약한 박찬민은 최근 컨디션이 좋지 않아 선발 대상에서 제외됐다. 협회는 이번 건을 계기로 향후 국외파 선수의 대표팀 선발 기준을 명확히 하는 규정 신설을 검토할 방침이다. 정윤진 감독 체제 출범... 투수 6명에 '투타겸업' 대거 포진 덕수고 정윤진 감독이 이끄는 이번 대표팀은 투타겸업 유망주들이 대거 합류한 것이 특징이다. 뉴욕 양키스의 제안을 뿌리치고 국내 무대를 택한 하현승(부산고)과 최고 시속 157km의 강속구를 던지는 윤예성(인창고)이 마운드를 이끈다. 한화이글스배 고교·대학 올스타전 MVP 박근서(서울디자인고)와 황금사자기 준우승 주역인 2학년 투수 한규민(대전고)도 합류했다. 여기에 장신 우완 곽도현(부산공고)과 김민훈(광주진흥고)이 투수진에 힘을 보탠다. 내야진은 탁월한 수비력을 자랑하는 우주로(대전고)와 남현우(서울컨벤션고)가 중심을 잡는다. 여기에 엄준상과 '제2의 김도영'으로 불리는 김지우가 내야의 핵을 이룬다. 날카로운 스윙을 갖춘 강인규(청주고)도 대기한다. 외야는 황금사자기 우승 주역 장민제(충암고)와 빠른 발이 강점인 조희성(유신고)이 책임지며, 안방은 영리한 리드가 돋보이는 원지우(강릉고)와 2학년 주전 전영훈(세광고)이 지킨다. 타선에서는 이호민(경남고)과 파괴력을 겸비한 황성현(덕수고)이 거포 라인을 구축한다. 투수 엔트리는 6명이지만 야수 중 투타겸업 선수가 4명이나 포함돼 마운드 운용에는 문제가 없을 전망이다. 특히 엄준상과 김지우는 시속 150km대 강속구를 던지는 에이스급 투수 자원이기도 해, 평소에는 야수로 활약하다 상황에 따라 마운드에도 오를 것으로 보인다. 제14회 아시아청소년야구선수권대회는 8개국이 참가해 2개 조로 예선을 치른 뒤, 상위 2개 팀이 슈퍼라운드에 진출해 성적을 합산하는 방식으로 우승팀을 가린다. 대표팀은 8월 25일 부산 기장에서 선수단을 소집해 강화훈련을 진행한 뒤 울산 웨일즈, 롯데 자이언츠, NC 다이노스 등 프로 구단, 대학 팀과 5차례 평가전을 치른 뒤 타이완으로 출국할 예정이다. 올해 신설된 KBO의 추가 지원 예산 3억 원도 든든하게 선수단을 뒷받침한다."
2026.07.09 11:27,"구본혁과 충돌로 쓰러졌던 류지혁, 큰 부상 피했다…""CT 촬영 결과 이상...",엑스포츠뉴스,"(엑스포츠뉴스 대구, 김지수 기자) 삼성 라이온즈 베테랑 내야수 류지혁이 천만다행으로 큰 부상을 피해 갔다. 삼성 구단은 9일 ""류지혁은 전난 경기 중 1루 수비 포구 과정에서 상대 주자와 충돌 후 뇌진탕 증상을 보여 천주 성삼병원 응급실로 이동, CT 촬영을 진행했다""며 ""검사 결과 특이 사항은 없으며, 금일 류지혁의 상태를 체크 예정이다""라고 밝혔다. 류지혁은 지난 8일 LG 트윈스와의 팀 간 10차전에 6번타자 겸 2루수로 선발출전했다. 삼성이 2-5로 끌려가던 6회초 수비 때 무사 2루에서 LG 구본혁이 희생 번트를 시도하자 1루 베이스 커버를 들어갔다. 이때 삼성 투수 백정현의 송구가 다소 낮게 들어오면서 몸을 숙일 수밖에 없었고, 포구 과정에서 몸이 파울 라인 쪽으로 쏠렸다. 구본혁은 번트 직후 1루로 전력질주 하는 과정에서 류지혁을 미처 피하지 못했다. 류지혁은 구본혁과 강하게 충돌한 뒤 그라운드에 그대로 쓰러져 통증을 호소했다. 삼성 벤치에서는 곧바로 트레이너가 그라운드로 나와 류지혁의 상태를 살폈다. 대구 삼성 라이온즈 파크에서 대기 중이던 구급차가 그라운드로 진입, 류지혁을 곧바로 병원으로 이동시킬 수 있도록 준비했다. 류지혁은 일단 부축을 받고 일어나 더그아웃으로 복귀하려고 했지만, 보행 중 수차례 어지럼증을 느끼며 자리에 서는 걸 반복했다. 결국 트레이너의 등에 업혀 이동할 수밖에 없었다. 삼성은 이날 LG에 2-8로 패배, 하루 만에 1위에서 2위로 순위가 하락한 것보다 주전 2루수 류지혁의 부상 이탈 가능성을 더 우려했다. 다행스럽게도 정밀 검진에서 큰 이상이 발견되지 않았다. 삼성은 9일 LG전을 끝으로 오는 15일까지 올스타 휴식기에 돌입한다. 류지혁이 충분한 휴식과 회복에 집중한 뒤 16일부터 시작되는 2026시즌 후반기 일정에 맞춰 복귀할 수 있는 여건은 마련돼 있다. 류지혁은 2026시즌 81경기 타율 0.292(271타수 79안타) 5홈런 48타점 18도루 OPS 0.808의 성적을 기록 중이다. 주전 2루수로 안정적인 수비를 펼치는 것은 물론, 타격에서도 최근 몇 년 중 가장 빼어난 활약을 펼치고 있었다. 류지혁은 무엇보다 올해 삼성 주전 야수들의 릴레이 부상 이탈 속에서 풀타임을 소화하며 팀이 LG와 선두 다툼을 이어가는 데 큰 역할을 해줬다. 한편 삼성은 9일 토종 에이스 원태인이 선발투수로 출격, 전반기 마지막 3연전 위닝 시리즈와 선두 도약을 동시에 노린다. 원태인은 2026시즌 13경기 73이닝 4승5패 평균자책점 3.45의 성적을 기록 중이다. 최근 등판이었던 지난 3일 문학 SSG 랜더스전에서는 5이닝 6피안타 7탈삼진 2실점으로 승리투수가 됐다. 원태인은 다만 올해 LG와 두 차례 맞대결에서는 10⅔이닝 승리 없이 2패, 평균자책점 6.75로 고전했다. 큰 경기에 강한 '빅게임 피처'의 면모를 이번 미리 보는 한국시리즈에서 보여줄 수 있을지 주목된다. 사진=삼성 라이온즈 김지수 기자 jisoo@xportsnews.com"
2026.07.09 11:26,"[영상] 내야 땅볼 2루타, 중견수 땅볼…신박한 롯데 야구",KBS,"프로야구 롯데가 KIA를 물리치고 상승세를 이어갔습니다. 경기가 참 흥미진진했습니다. 롯데 황성빈은 내야 땅볼로 2루에 안착하는 마법을 두 번이나 선보였습니다. 빠른 발과 재치, 열정이 만든 내야 2루타입니다. 전민재의 중전 안타는 순식간에 중견수 땅볼 아웃으로 둔갑했습니다. 1루 주자의 착각이 부른 결과였습니다. 흥미진진한 장면이 속출한 가운데 롯데는 KIA를 대파하고 전반기 막판 가파른 상승세를 이어갔습니다. ■ 제보하기 ▷ 전화 : 02-781-1234, 4444 ▷ 이메일 : kbs1234@kbs.co.kr ▷ 카카오톡 : 'KBS제보' 검색, 채널 추가 ▷ 유튜브, 네이버에서도 KBS뉴스를 구독해주세요! 정충희 기자 (leo@kbs.co.kr)"
2026.07.09 11:26,결국 롯데 유니폼 벗는다…박시영·최항·정선우 방출 통보,마이데일리,"[마이데일리 = 류한준 기자] 전반기 일정 마지막인 9일 KIA 타이거즈와 사직구장 홈 경기를 앞두고 있는 롯데 자이언츠가 선수단 정리를 단행했다. 롯데 구단은 이날 ""박시영, 최항, 정선우에게 방출 통보했다""면서 ""세 선수와 면담을 통해 의사를 전달했다""고 공식 발표했다. 베테랑 우완인 박시영은 제물포고를 나와 2008 신인 드래프트에서 2차 4라운드 31순위로 롯데에 지명됐다. 그는 2010년 1군에 데뷔했고 2016년부터 2020년까지 중간계투진으로 마당쇠 노릇을 톡톡히 했다. 2021년 KT 위즈로 트레이드돼 이적했다가 지난해(2025년) 다시 롯데로 돌아왔다. 올 시즌에는 1군 등판은 하지 않았고 퓨처스(2군) 리그에서 17경기에 나와 18.1이닝을 소화하며 3홀드 평균자책점 5.89를 기록했다. 프로 통산 성적은 293경기(333.1이닝) 10승 14패 1세이브 32홀드 평균자책점 5.58이다. 최항은 유신고를 나와 2012년 신인 드래프트에서 8라운드 70순위로 SK 와이번스(현 SSG 랜더스)에 지명됐다. 그는 SK와 SSG를 거쳐 2023년 2차 드래프트를 통해 롯데 유니폼을 입었다. 올 시즌 1군에서 4경기 출전에 그쳤다. 개인 통산 성적은 388경기에 나와 타율 0.267(853타수 228안타) 11홈런 107타점 6도루다. 정선우는 좌완으로 마산고와 동아대를 나와 2025년 육성선수로 롯데 유니폼을 입었다. 1군 등판 경험은 없었고 올 시즌 퓨처스리그에서 3경기에 나와 1승 1패 평균자책점 7.59를 기록했다. 류한준 기자 hantaeng@mydaily.co.kr"
2026.07.09 11:25,"‘정윤진호’ 청소년대표팀, 최종 명단 확정…엄준상·하현승·김지우 승선",중앙일보,"덕수고 정윤진 감독이 이끄는 청소년대표팀의 최종 엔트리가 확정됐다. 대한야구소프트볼협회(KBSA)는 9일 “9월 7일부터 13일까지 대만 타이베이에서 개최되는 제14회 아시아청소년야구선수권대회 출전 선수와 코칭스태프를 모두 선발했다”고 발표했다. KBSA는 지난 6일 경기력향상위원회 회의를 개최하고 청원고 김수관 감독(수석코치)과 순천효천고BC 정진 감독(투수코치), 전주고 최대곤 감독(야수코치), 중앙고 남인환 감독(불펜코치)를 분야별 코치로 선임했다. 이어 투수 6명, 포수 2명, 내야수 6명, 외야수 4명 등 총 18명을 발탁했다. 기대를 모으는 선수는 고교야구 ‘빅3’라고 불리는 덕수고 엄준상과 부산고 하현승, 서울고 김지우다. 모두 투타에서 잠재력을 드러내는 유망주로 나란히 청소년 태극마크를 달고 의기투합한다. 또, 대전고 한규민과 인창고 윤예성, 경남고 이호민, 강릉고 원지우 등도 눈여겨 볼만한 재목이다. 아시아청소년야구선수권대회에는 총 8개국이 참가한다. 두 개 조 예선 라운드 상위 두 나라가 슈퍼라운드로 진출해 예선 라운드 상대 전적(1경기)과 슈퍼라운드 성적(2경기)을 합산한 종합 성적 최종 상위 2팀이 결승행 티켓을 잡는다. 한국은 이번 대회에서 우승을 목표로 잡고 있다. KBSA는 8월 중순 대표팀을 소집해 국내 강화훈련을 실시한다. 특히 올해부터는 KBO에서 국제 경쟁력 강화를 위한 추가 예산 3억원을 지원해 더욱 나은 환경에서 대회를 준비할 것으로 기대된다. 고봉준 기자 ko.bongjun@joongang.co.kr"
2026.07.09 11:25,"'다승 2위'에 '2점대 ERA' 완벽한 전반기…""선발투수가 해야할 일 ...",스포츠조선,"[대전=스포츠조선 이종서 기자] ""정말 선발투수가 해야 할 일을 한 것 같네요."" 류현진(39·한화 이글스)은 전반기를 15경기 8승2패 평균자책점 2.67로 마쳤다. 1987년생으로 한화 선수단 중 최고참이지만, 기량은 여전히 리그 최고였다. 시즌 중반까지 다승 1위 경쟁을 펼쳤고, 여전히 공동 2위에 있다. 김경문 한화 감독은 ""외국인선수들이 좋지 않을 때 외국인선수 역할을 해줬다. 나갈 때마다 6회까지 공을 던졌다. 말리지 않았다면 7회까지 던진다고도 하더라. 자기 역할을 100% 다해줬다""고 박수를 보냈다. 최고의 활약을 펼쳤지만, 류현진은 담담했다. 류현진은 ""정말 선발투수가 해야할 일을 한 거 같다. 5이닝 경기도 있었고, 6이닝까지 던진 경기도 많았다. 그 이상 던진 것이 많지 않았지만, 그래도 어느정도 선발투수가 해야할 역할은 했다""고 전반기를 돌아봤다. 전반기 막바지까지 힘을 유지할 수 있었던 비결에 대해서는 ""감독님과 코치님들께서 정말 관리를 잘해주셨다""라며 ""작년에는 매경기 90개 정도까지 던졌다면, 올해는 80개 정도에서 투구수를 끊고 있다. 확실히 회복에 많은 도움이 됐다""고 말했다. 80구 정도로 투구수를 끊어가고 있지만, 그만큼 효율적인 투구로 이닝을 소화하고 있다. 15경기 중 퀄리티스타트(선발 6이닝 이상 3자책점 이하)는 9차례나 된다. 특히 전반기 마지막 5경기에서 모두 퀄리티스타트를 하며 그 어느때보다 뛰어난 안정감을 뽐냈다. 동시에 지난달 11일 대전 KIA전에서 김도영을 시속 150㎞ 패스트볼로 삼진을 잡을 정도로 위력적인 구위를 뽐내기도 했다. 전반기 류현진은 KBO리그에 남을 여러 기록을 달성했다. KBO리그 통산 125승을 기록한 류현진은 한미 통산 200승(메이저리그 78승)을 넘어섰다. 또한 역대 7번째 KBO리그 통산 1500탈삼진을 달성했다. 1500탈삼진은 최고령 및 최소 경기 달성이기도 하다. 후반기에도 기록이 기다리고 있다. KBO리그 통산 1565탈삼진, 메이저리그 통산 934탈삼진을 기록한 류현진은 1개의 탈삼진을 더하면 한미통산 2500탈삼진도 달성하게 된다. 2승을 더하면 2024년 10승에 이어 다시 한 번 두 자릿수 승리도 한다. 기록 행진이 이어졌지만, 류현진은 ""정말 큰 의미를 두지 않는다""고 했다. 다승을 향한 마음 역시 똑같다. 전반기 마지막 3경기에서 승리를 챙기지 못했지만, 류현진은 ""내 승리가 날아간 건 전혀 생각하지 않는다. 만약에 블론이 나와도 팀이 이기면 됐다는 생각""이라고 이야기했다. 지난해 전반기를 1위로 마친 한화는 올 시즌에는 중위권 싸움을 이어가고 있다. 류현진은 ""야구는 무조건 이기면 재밌다. 6월 그 언저리부터 5할을 살짝 넘었다가 내려가고 하는 게 길었던 거 같다. 작년에는 연승도 많이 하면서 치고 갔는데 올해는 그러지 못해 아쉽다""고 했다. 전반기의 좋았던 페이스를 잇는 게 후반기 목표다. 류현진은 ""후반기는 전반기와 똑같이 하려고 한다""고 각오를 밝혔다. 김 감독 또한 ""후반기에도 안 아프고 잘 마쳤으면 좋겠다""고 활약을 응원했다. 대전=이종서 기자 bellstop@sportschosun.com"
2026.07.09 11:25,"'천만다행' LG도 걱정한 류지혁 뇌진탕, CT 촬영 결과 ""특이사항 없...",OSEN,"[OSEN=대구, 한용섭 기자] 천만다행이다. 프로야구 삼성 라이온즈 류지혁이 뇌진탕 증세로 병원 검진을 받았는데, 특이 사항 없다는 결과가 나왔다. 삼성 구단은 9일 오전 ""류지혁 선수는 8일 경기 중 1루 수비 포구 과정에서 상대 주자와 충돌 후 뇌진탕 증상을 보여 천주 성삼병원 응급실 내원하여 CT 촬영을 했다. 검사 결과 특이 사항 없으며, 오늘 상태 체크 예정이다""고 전했다. 경기 출장 여부는 9일 몸 상태를 체크하고 결정할 전망이다. 류지혁은 8일 대구 삼성라이온즈파크에서 열린 LG와 경기에 2루수로 선발 출장했다가 6회 수비 도중 충돌로 부상을 당했다. LG가 5-2로 앞선 6회, 무사 2루에서 구본혁이 희생번트를 시도했다. 투수 백정현이 번트 타구를 1루 베이스 커버를 들어간 2루수 류지혁에게 송구했다. 그런데 송구가 옆으로 조금 빗나가, 류지혁이 가까스로 포구했으나 공을 떨어뜨렸다. 류지혁이 베이스 옆에 떨어진 공을 다시 집으려 했고, 타자주자 구본혁이 1루로 달려오면서 충돌했다. 구본혁의 허벅지에 류지혁의 얼굴이 강하게 부딪혔고, 두 선수 모두 그라운드에 쓰러졌다. 류지혁이 1루 베이스 옆에 쓰러져 일어나지 못했다. 구본혁은 잠시 후 일어났지만, 류지혁은 머리에 큰 충격을 받았는지 한동안 쓰러져 있었다. 트레이너와 코칭스태프가 달려나와 류지혁의 몸 상태를 살폈다. 이후 구급차가 그라운드에 들어왔다. 다행히 류지혁은 일어났고, 구급차에 타지 않고 부축을 받으며 더그아웃으로 이동했다. 힘없이 걷던 류지혁은 도중 어지럼증으로 주저앉았고, 결국 트레이너에 업혀서 더그아웃으로 돌아갔다. 류지혁은 김상준으로 교체됐다. 경기 후 LG 홍창기는 ""류지혁 선수의 상태도 걱정이 된다. 큰 부상이 아니였으면 좋겠다""고 걱정스런 마음을 전했다. /orange@osen.co.kr"
2026.07.09 11:24,잠실구장 마지막 별들의 잔치...KBO 올스타전 10일 개막,이데일리,"[이데일리 스타in 이석무 기자] 2026 KBO 올스타전이 잠실야구장의 마지막 별들의 축제로 열린다. KBO는 10일 서울 잠실야구장에서 올스타 프라이데이를 시작으로 11일 ‘2026 신한 SOL KBO 올스타전’을 개최한다고 밝혔다. 올해 행사는 퓨처스 올스타전, 홈런더비, 팬 사인회, 워터페스티벌, 블랙이글스 에어쇼, 클리닝타임 공연까지 더해져 이틀간 야구 축제로 꾸며진다. 10일 오후 3시10분에는 고교 2학년 유망주들이 출전하는 ‘넥스트레벨 매치’가 먼저 열린다. 지난해 넥스트 레벨 트레이닝 캠프를 수료한 선수들이 참가해 2028 신인 드래프트 후보들을 미리 볼 수 있는 무대다. 이어 오후 6시에는 북부리그와 남부리그가 맞붙는 퓨처스 올스타전이 진행된다. 퓨처스 선수들의 개성 있는 세리머니를 평가하는 베스트 퍼포먼스상도 팬 투표로 선정한다. 퓨처스 올스타전 뒤에는 거포 8명이 참가하는 ‘컴투스프로야구 홈런더비’가 열린다. 올해는 예선 5아웃, 결승 7아웃 방식으로 진행되며, 아웃카운트를 모두 소진하면 1분간 ‘컴프야 피버타임’이 주어진다. 11일 본행사 당일에는 오후 3시부터 외야 그라운드에서 팬 사인회가 열린다. 오후 4시30분부터는 선수와 팬, 마스코트가 한 팀을 이뤄 장애물 코스를 달리는 ‘신한 슈퍼SOL 썸머레이스’가 진행된다. 올해는 잠실을 홈으로 쓰는 LG와 두산에 부전승 혜택이 주어지고, 준결승 진출 기회도 확대됐다. 경기 전에는 애국가 제창과 함께 대한민국 공군 특수비행팀 블랙이글스의 에어쇼가 펼쳐진다. 잠실 하늘을 가르는 비행은 이번 올스타전의 상징적인 장면이 될 전망이다. 오후 6시부터는 나눔 올스타와 드림 올스타의 본경기가 시작된다. 나눔 올스타는 LG, 한화, NC, KIA, 키움 선수들로 구성되고, 드림 올스타는 SSG, 삼성, KT, 롯데, 두산 선수들이 나선다. 나눔 올스타가 3루 덕아웃, 드림 올스타가 1루 덕아웃을 사용하며, 나눔 올스타의 선공으로 경기가 열린다. 팬들을 위한 이벤트도 풍성하다. 10일과 11일 잠실종합운동장 2주차장 팬페스트존에는 피칭존, 배팅존, 포토존, 트레이딩존 등이 마련된다. 양일 경기 중에는 안타와 홈런 등 주요 장면마다 물줄기가 쏟아지는 ‘신한 슈퍼SOL 워터페스티벌’도 열린다. 11일 올스타전 5회말 종료 후 클리닝타임에는 ‘CGV 클리닝타임쇼’가 진행된다. 가수 우즈(WOODZ)가 ‘Drowning’ 등 대표곡을 라이브로 선보인다. 경기 종료 후에는 잠실 밤하늘을 수놓는 불꽃놀이로 올스타전의 막이 내린다. 이석무 (sports@edaily.co.kr)"
2026.07.09 11:22,천만다행! 가슴 쓸어내린 삼성…'1루 충돌 → 뇌진탕 증상' 삼성 류지혁...,스포츠조선,"[대구=스포츠조선 김영록 기자] 아찔한 충돌로 모두를 걱정케 했던 삼성 라이온즈 류지혁이 다행히 '이상없다'는 소견을 받았다. 삼성 구단은 9일 ""류지혁은 전날 1루 수비 포구 과정에서 상대 주자와 충돌 후 뇌진탕 증상을 보여 천주 성삼병원 응급실에서 CT 촬영을 진행했다. 검사 결과 특이사항 없고, 오늘 상태 체크 예정""이라고 전했다. 8일 열린 LG 트윈스와 삼성의 '전반기 1위 결정전 시리즈' 2번째 경기. LG가 5-2로 앞선 6회초 무사 2루 상황에서 LG 구본혁은 희생번트를 댔다. 1루 커버를 들어간 류지혁은 백정현의 송구를 순간적으로 떨어뜨렸고, 이를 다시 줍는 과정에서 몸이 1루 파울지역 쪽으로 크게 벗어날 만큼 타자의 주로를 가로막는 상황이 됐다. 전력질주하던 구본혁이 깜짝 놀라 피하려했지만, 류지혁의 머리에 무릎이 부딪히고 말았다. 구본혁은 한차례 나뒹군뒤 큰 이상없이 일어섰지만, 류지혁은 그대로 머리를 감싸쥔 채 쓰러졌다. 급기야 구급차가 그라운드로 들어왔다. 류지혁은 이내 구급차 탑승 대신 걸어나오는가 했더니, 이내 어지럼증을 호소하며 주저앉았다. 결국 트레이너에게 업힌채 라커룸으로 향했고, 병원으로 이송돼 CT촬영을 받은 것. 심판은 당시 상황에서 대해 류지혁이 공을 잡은 상태에서 구본혁과 충돌했기 때문에 타자는 아웃, 대신 앞선 상황에서 3루에 도달한 이재원의 진루는 인정했다. LG 측이 류지혁의 최종 포구 상황 확인을 위해 비디오판독을 요청하자 현장에선 홈팬들의 야유가 쏟아지기도 했다. 삼성 구단은 ""류지혁이 어지럼증 증세가 있어 병원으로 이동해 CT 촬영을 진행했다""고 밝혔고, 다행히 이날 '이상 무' 소견이 나와 한숨을 돌리게 됐다. 대구=김영록 기자 lunarfly@sportschosun.com"
2026.07.09 11:21,"미스터 올스타, '2000만원+안마의자' 받는다…마지막 잠실 올스타전",뉴스1,"(서울=뉴스1) 권혁준 기자 = 한국야구위원회(KBO)는 10~11일 열리는 2026 신한 SOL KBO 올스타전의 일정과 시상 내역 등을 9일 공개했다. 서울 잠실구장에서 열리는 마지막 올스타전으로 관심을 모으는 가운데, '올스타 프라이데이'인 10일과 '본게임'이 열리는 11일로 나뉘어 진행된다. 10일 올스타 프라이데이에선 한화 이글스 강건우, 두산 베어스 김주오, NC 다이노스 신재인, kt wiz 박지훈 등 2군 선수들이 팬들을 대상으로 원포인트 레슨을 한다. 오후 6시부터는 KBO 퓨처스 올스타전이 열리며, 승리 팀은 상금 1000만 원, 최우수선수(MVP)는 상금 200만 원과 트로피를 받는다. 퍼포먼스상과 감투상, 우수 투수상, 우수 타자상 수상자는 각각 상금 100만원과 트로피가 수여된다. 퓨처스 올스타전 종료 후엔 홈런 더비가 진행된다. KIA 타이거즈 김도영, 두산 양의지와 박준순, LG 트윈스 오스틴 딘, 한화 강백호, 문현빈, 허인서, NC 다이노스 김주원이 홈런 경쟁에 나선다. 우승자는 상금 1000만 원과 에어드레서를 받고, 준우승은 상금 300만 원, 순위와 관계없이 최장거리 홈런을 날린 선수는 공기 청정기를 받는다. 우승자의 배팅볼 투수도 '홈런 메이커상'으로 헤드폰을 받는다. 11일 올스타전 본게임에 앞서선 30명의 올스타 선수가 3개 조로 나뉘어 팬 사인회를 연다. 키움 히어로즈 박준현, LG 송찬의, 롯데 자이언츠 김진욱, 삼성 라이온즈 김도환은 팬들을 대상으로 타격과 투구 지도를 한다. 선수와 팬, 마스코트와 함께 한 팀을 이뤄 치르는 '신한 슈퍼 SOL. 써머 레이스'도 진행되며, 우승팀은 상금 350만 원을 받는다. 올스타전에서 가장 뛰어난 활약을 펼친 '미스터 올스타'는 지난해보다 1000만 원 늘어난 상금 2000만 원과 안마의자, 트로피를 받는다. 올스타전 승리 팀에는 상금 3000만 원이 주어지며, 승리 감독상과 우수 수비상, 우수 투수상, 우수 타자상, 베스트 퍼포먼스상 수상자는 각각 상금 300만 원을 받는다. starburyny@news1.kr"
2026.07.09 11:20,"[속보] 충돌로 쓰러진 류지혁, CT 촬영 큰 이상 없어...""오늘 상태...",일간스포츠,"수비 도중 상대 선수의 무릎에 얼굴을 가격당한 삼성 라이온즈 내야수 류지혁이 검사 결과 ""큰 이상이 없다""는 진단을 받았다. 삼성 구단 관계자는 9일 오전 ""지난 8일 1루 수비 포구 과정에서 상대 주자와 충돌 후 뇌진탕 증상을 보인 류지혁 선수가 천주 성삼병원 응급실 내원해 CT 촬영을 했다""며 ""검사 결과 특이 사항이 없다. 오늘 상태를 체크할 예정""이라고 밝혔다. 류지혁은 전날(8일) 경기 팀이 2-5로 뒤진 6회 초 무사 2루에서 LG 구본혁이 희생 번트를 시도하자 1루 커버를 들어갔다. 왼손 투수 백정현이 공을 잡아 류지혁에게 던졌는데, 송구 방향이 다소 빗나갔다. 류지혁이 포구 후 떨어뜨린 공을 다시 잡는 사이 1루를 향해 전력으로 질주해 오던 구본혁과 충돌했다. 머리에 큰 충격을 받은 류지혁은 좀처럼 일어서지 못했다. 그라운드에는 트레이너와 의료진에 이어 구급차까지 들어왔다. 한참 후 일어선 류지혁은 부축을 받으며 더그아웃으로 이동하다가 어지럼증을 호소해 결국 트레이너 등에 업혀 그라운드를 빠져나왔다. LG 외야수 홍창기는 ""류지혁 선수의 상태도 걱정이 된다. 큰 부상이 아니었으면 좋겠다""고 쾌유를 빌었다. 대구=이형석 기자 ops5@edaily.co.kr"
2026.07.09 11:19,하현승·엄준상·김지우 등 청소년 국가대표팀 명단 확정…9월 亞선수권 출전,스포츠투데이,"[스포츠투데이 이상필 기자] 하현승(부산고 3), 엄준상(덕수고 3) 등 한국 야구의 미래를 이끌 유망주들이 청소년 국가대표 명단에 이름을 올렸다. 대한야구소프트볼협회(회장 양해영, 이하 협회)는 9일 ""제14회 아시아청소년야구선수권대회에 참가할 청소년 국가대표 코칭스태프와 선수를 최종 확정했다""고 밝혔다. 이번 아시아청소년야구선수권대회는 오는 9월 7일부터 13일까지 대만 타이베이에서 열린다. 협회는 지난 6일 경기력향상위원회 회의를 개최하고, 각 분야별 코치와 각 포지션 별 선수를 선발했다. 덕수고 정윤진 감독이 지휘하는 대표팀은 청원고 김수관 감독(수석코치), 순천효천고BC 정진 감독(투수코치), 전주고 최대곤 감독(야수코치), 중앙고 남인환 감독(불펜코치)으로 코칭스태프를 꾸렸다. 또한 선수단에는 뉴욕 양키스의 파격적인 제안을 거절하고 국내 무대를 택한 '투타겸업' 하현승, 비공식 157km의 강속구를 자랑하는 윤예성(인창고 3)이 대표팀 마운드를 이끈다. 이와 함께 한화이글스배 고교·대학 올스타전 MVP를 차지한 박근서(서울디자인고 3)와 황금사자기 준우승을 이끈 유일한 2학년 투수 한규민(대전고 2), 195cm의 장신에서 강속구를 뿜어내는 우완 정통파 곽도현(부산공고 3), 묵직한 직구를 앞세운 김민훈(광주진흥고 3)이 합류한다. 내야진에는 우주로(대전고 3)와 남현우(서울컨벤션고 3)가 탄탄한 수비로 내야 전체를 진두지휘한다. 최근 메이저리그 애리조나 다이아몬드백스와 공식 입단 계약을 체결한 엄준상, '제2의 김도영'으로 불리는 김지우(서울고 3), 날카로운 스윙과 주력을 겸비한 강인규(청주고 3)도 활력을 더한다. 공수겸장 외야수 장민제(충암고 3)와 공격의 첨병 역할을 할 조희성(유신고 3)이 외야 타선을 이끌고, 안방은 영리한 리드를 자랑하는 원지우(강릉고 3)와 2학년 주전 전영훈(세광고 2)이 든든하게 책임진다. 또한 장타력을 보유한 이호민(경남고 3)과 탄탄한 체격 조건을 갖춘 황성현(덕수고 3)이 중심타선에서 맹활약할 것으로 기대된다. 한편 협회는 아시아 정상 탈환을 목표로 8월 중순 선수단을 소집해 국내 강화훈련을 실시하고 팀 전력과 조직력을 극대화한 후 대만으로 출국할 예정이다. KBO는 국가대표팀의 국제 경쟁력 강화를 위해 추가 예산 3억 원을 지원했다. [스포츠투데이 이상필 기자 sports@stoo.com]"
2026.07.09 11:17,"천만다행! 삼성 류지혁, CT 촬영 결과 특이 사항 없다 [MD대구]",마이데일리,"[마이데일리 = 대구 김경현 기자] 정말 다행이다. 삼성 라이온즈 류지혁이 큰 부상을 면한 것으로 보인다. 삼성은 9일 ""류지혁 선수가 8일 경기 중 1루 수비 포구 과정에서 상대 주자와 충돌 후 뇌진탕 증상을 보여 천주 성삼병원 응급실 내원하여 CT촬영을 했다. 검사 결과 특이 사항 없으며, 오늘 상태를 체크할 예정""이라고 전했다. 6회 사달이 났다. 무사 2루에서 구본혁이 보내기 번트를 댔다. 2루에서 1루로 백업을 들어온 류지혁이 포구를 하려고 1루 선상으로 몸을 기울였다. 이때 구본혁의 주로와 겹치며 강하게 충돌했다. 구본혁의 다리 부위가 류지혁의 안면을 강타했다. 류지혁은 한동안 정신을 차리지 못했다. 구급차가 그라운드로 들어올 정도로 상황은 무거워 보였다. 다행히 부축을 받고 일어섰으나 자신의 발로 걷기는 무리였다. 류지혁은 트레이너의 등에 업혀 그라운드를 빠져나갔다. 류지혁은 어지럼증을 가라앉힌 뒤 병원으로 이송됐다. 다행히 검진 결과에서 큰 부상은 발견되지 않았다. 뇌진탕 증세가 있는 만큼 이날은 휴식을 취할 것으로 보인다. 한편 류지혁은 올 시즌 81경기 79안타 41득점 47타점 타율 0.292 OPS 0.808을 기록 중이다."
2026.07.09 11:17,[청룡기] 세광고vs배명고·경북고vs마산용마고 9일 4강전 우천 연기…1...,스포츠조선,[목동=스포츠조선 고재완 기자] 세광고과 배명고의 준결승 경기가 갑자기 내린 폭우로 10일로 연기됐다. 9일 오전 10시 서울 목동야구장에서는 제81회 청룡기 전국고교야구선수권대회 겸 주말리그 왕중왕전(조선일보·스포츠조선·대한야구소프트볼협회 공동 주최) 4강전 배명고와 세광고의 경기가 열렸다. 시작부터 세광고가 배명고를 앞서갔다. 1회초 배명고 선발 김시원은 첫 타자 황동민을 유격수 땅볼로 잡아냈지만 김우진과 전영훈을 볼넷과 사구로 내보낸 후 이세민으로 교체됐다. 이세민 역시 이홍석과 서정휘에게 볼넷과 사구를 기록하며 밀어내기 선취점을 허용했다. 1회말 배명고도 기회를 잡았다. 선두타자 강승재가 유격수 실책으로 출루했다. 하지만 배명고가 무사 1루의 기회를 맞은 상황에서 오전 10시 20분 갑작스런 폭우로 인해 경기가 중단됐다. 이후 오전 11시쯤 서스펜디드 게임이 결정됐다. 세광과와 배명고의 경기는 10일 오전 10시 목동구장에서 재개된다. 이날 오후 1시 열릴 예정이던 경북고와 마산용마고의 4강전 경기도 우천 취소돼 10일 오후 1시에 열릴 예정이다. 고재완 기자 star77@sportschosun.com
2026.07.09 11:17,"[공식발표] '깜짝' 롯데, 3명 방출 통보…상승세에 칼 빼들었다",스포츠조선,"[부산=스포츠조선 김민경 기자] 최근 상승세를 타고 있는 롯데 자이언츠가 선수단 정리를 단행했다. 롯데는 9일 보도자료를 내고 ""8일 투수 박시영과 정선우(육성선수), 내야수 최항에게 방출을 통보했다""고 알렸다. 구단은 최근 세 선수와 면담을 진행했고, 방출 의사를 전달했다. 박시영은 제물포고를 졸업하고 2008년 2차 4라운드 31순위로 롯데에 입단했다. 2020년 롯데가 KT 위즈와 2대2 트레이드를 단행했을 때 KT로 이적했다가 2024년 방출됐고, 지난해 롯데가 다시 영입했다. 하지만 반등은 없었다. 박시영은 지난해 11경기에서 7⅓이닝 평균자책점 11.05에 그쳤고, 올해는 한번도 1군의 부름을 받지 못한 채 짐을 쌌다. 1군 통산 성적은 293경기, 10승14패, 1세이브, 32홀드, 332⅓이닝, 평균자책점 5.58이다. 최항은 SSG 랜더스 거포 최정의 동생으로 유명세를 탄 선수. 유신고를 졸업하고 2012년 SK 와이번스(현 SSG 랜더스)에 8라운드 70순위로 지명받아 프로 생활을 시작했다. 주로 백업 생활을 하다 2023년 11월 2차 드래프트에서 롯데의 지명을 받아 변화를 꾀했다. 롯데는 2024년 최항의 이적 첫 시즌에는 72경기에 기용하며 기대를 보였지만, 이후로는 쓰임이 줄었다. 고승민 나승엽 한동희 전민재 등으로 주축 내야진이 꾸려지고, 백업으로도 최항이 설 자리가 없었다. 최항은 올해 1군 4경기에서 타율 1할8푼2리(11타수 2안타)를 기록했다. 1군 통산 성적은 388경기, 타율 2할6푼7리(853타수 228안타), 11홈런, 107타점이다. 정선우는 마산고-동아대를 졸업하고 2025년 롯데 육성선수로 어렵게 프로 생활을 시작했지만, 입단 2년도 되지 않은 상황에서 유니폼을 벗게 됐다. 부산=김민경기자 rina1130@sportschosun.com"
2026.07.09 11:16,"롯데, '1군 293경기 등판' 우완투수 박시영 등 3명 방출 통보",이데일리,"[이데일리 스타in 이석무 기자] 롯데자이언츠가 시즌 중 일부 선수단 정리에 나섰다. 롯데는 8일 투수 박시영과 육성선수 정선우, 내야수 최항에게 방출을 통보했다고 밝혔다. 롯데는 이날 3명의 선수와 각각 면담을 갖고 방출 의사를 전달했다. 구단 측은 “전반기 막판 선수단 운영 방향을 점검하는 과정에서 이번 결정을 내렸다”고 설명했다. 눈에 띄는 선수는 박시영과 최항이다. 1989년생을 2010년 롯데에 입단한 박시영은 데뷔 후 꾸준히 1군 마운드에서 활약했다. KBO리그 통산 293경기에 등판해 10승 14패 1세이브 32홀드 평균자책점 5.58을 기록했다. 특히 2016년부터 2020년까지 롯데에서 주축 불펜으로 활약한 뒤 2021년 KT로 트레이드돼 2024년까지 뛰었다. 2025년 친정팀 롯데에 복귀했지만 이후 이렇다할 활약을 보여주지 못했다. 그나마 2025년에는 1군에서 11경기에 나섰지만 올 시즌은 1군 출전 기록이 없다. SSG랜더스의 홈런타자 최정의 동생으로 잘 알려진 최항 역시 내야 백업 경쟁에서 확실한 자리를 잡지 못했다. 1994년생으로 2017년 SK와이번스에서 데뷔한 뒤 2024년 롯데로 유니폼을 갈아입었다. 1군 통산 성적은 388경기 출전, 타율 0.267 11홈런 107타점 6도루. 올 시즌은 1군에서 4경기에 나섰지만 11타수 2안타 타율 0.182에 머물렀다. 마산고-동아대를 졸업하고 2025년 육성선수로 롯데에 입단한 정선우도 추가 기회를 얻지 못하고 팀을 떠나게 됐다. 1군 출전 기록은 없다. 이석무 (sports@edaily.co.kr)"
2026.07.09 11:15,"류지혁 부상 장면 반복 재생에 팬들 충격…""아이들이 울었다""(종합)",연합뉴스,"(서울=연합뉴스) 김경윤 기자 = 지난 8일 대구삼성라이온즈파크에서 열린 2026 프로야구 LG 트윈스와 삼성 라이온즈의 경기를 관람한 일부 야구팬들이 경기 중에 발생한 삼성 류지혁의 부상 장면이 전광판에 반복 재생돼 충격을 받았다고 호소했다. 9일 온라인 커뮤니티 등에는 당시 현장을 찾은 관중들의 충격을 전하는 글이 잇따라 올라왔다. 유튜브 이용자 '@solsol1618'는 관련 영상에 ""오늘 경기를 직접 관람했다. 같이 간 아이들이 충격받았다. 현장 분위기가 진짜 심각했다""고 했다. 네이버 팬 카페 사자사랑방에서도 ""눈물이 막 나오더라. 진짜 못 보겠더라"", ""속이 울렁거렸다. 슬로 화면으로 반복해서 보여주더라"", ""거의 교통사고 나는 것처럼 사람이 튕겨 나가는 걸 그대로 목격했으니 트라우마가 남을 것 같다. 안 보여줬으면 하는 것을 계속 돌려 보여 줬다. 너무 잔인하게 느껴졌다""는 등의 반응이 이어졌다. 특히 어린이 관중들이 큰 충격을 받았다는 글도 적지 않았다. 아이디 '직관좋아요'는 ""우리 둘째는 자려고 눈 감고는 계속 그 장면이 생각난다고 하더라. 어린이들이 걱정된다""고 했다. '박승규사자'는 ""우리 집 애들도 굉장히 충격받았다""고 적었다. '니나맘19'씨는 ""초등학교 1학년 딸이 놀라서 울음이 터졌다. 결국 6회에 (경기장을) 나왔다""고 전했다. 류지혁은 이날 2-5로 뒤진 6회초 수비 과정에서 희생번트를 시도한 뒤 1루로 달리던 LG 구본혁과 크게 충돌했다. 류지혁은 구본혁의 무릎에 얼굴을 강하게 부딪친 뒤 쓰러졌고, 어지럼증을 호소해 트레이닝 코치의 등에 업혀 그라운드를 빠져나갔다. 이후 LG가 구본혁의 세이프-아웃 판정에 관한 비디오 판독을 요청하는 과정에서 삼성 구단은 전광판에 류지혁의 부상 장면을 반복 재생했다. 방송 중계에서도 이 모습이 느린 화면으로 여러 차례 나왔다. 강제로 이 장면을 반복 시청한 많은 관중과 시청자들은 충격을 받은 듯했다. 방송 중계 화면에는 전광판을 바라보던 한 어린이 관중이 눈물을 흘리는 모습이 포착되기도 했다. 삼성 구단이 충격적인 부상 장면을 전광판에 반복 재생한 이유는 KBO리그 규정에 비디오 판독 운영 방침 권고안 때문으로 보인다. 한국야구위원회(KBO)는 2023시즌을 앞두고 '팬 퍼스트' 정책의 하나로 비디오 판독 장면을 전광판과 중계 화면을 통해 실시간으로 제공하도록 권고했고, 관련 규정을 신설했다. KBO리그 규정 제28조 비디오 판독 13항에 따르면 KBO는 '비디오 판독 시 구단은 전광판에 중계 리플레이 또는 판독 화면을 상영할 수 있다'고 명시했다. 이후 각 구단은 비디오 판독이 나올 때마다 박진감 넘치는 배경음악과 함께 해당 장면을 전광판에 반복 재생하고 있다. 다만 이번 사례를 계기로 선수의 심각한 부상 장면이 포함된 비디오 판독의 경우에는 전광판과 중계 화면의 반복 재생을 제한할 필요가 있다는 지적이 나온다. 이와 관련해 KBO는 ""비디오 판독 장면의 전광판 리플레이가 관중들에게 미치는 영향을 고려해 적절한 가이드라인 마련 방안을 논의하겠다""고 밝혔다. cycle@yna.co.kr (끝) ▶제보는 카톡 okjebo"
2026.07.09 11:15,"[오피셜] 롯데 3명 팀 떠난다 '칼바람', 내야수 최항·투수 박시영·투...",스타뉴스,"[스타뉴스 | 부산=김우종 기자] 롯데 자이언츠가 소속 선수 2명 및 육성 선수 1명 등 총 3명에게 방출을 통보했다. 롯데 구단은 8일 ""투수 박시영(37), 정선우(24)와 내야수 최항(32)에게 방출을 통보했다""고 밝혔다. 롯데는 ""3명의 선수와 면담을 통해 방출 의사를 전달했다""고 설명했다. 축현초-인천신흥중-제물포고-(영남사이버대)를 졸업한 박시영은 2008년 2차 4라운드 전체 31순위로 롯데의 지명을 받은 뒤 2010년 롯데에 정식 입단했다. 이후 KT 위즈로 이적했다가 롯데로 돌아왔다. KBO 리그 통산 293경기에 출장해 10승 14패 1세이브 32홀드 평균자책점 5.58의 성적을 올렸다. 올 시즌 1군에서 출장 기회는 얻지 못한 채 퓨처스리그에서 계속 활약했지만 결국 방출 통보를 받았다. 대일초-매송중-유신고를 졸업한 최항은 2012년 8라운드 전체 70순위로 SK 와이번스(현 SSG 랜더스 전신)의 지명을 받은 뒤 2017년 정식 계약을 맺었다. 그러다 2023시즌 종료 후 KBO 2차 드래프트를 통해 롯데로 이적했다. 당시 3라운드 지명을 받았다. KBO 리그 통산 388경기에 출장해 타율 0.267, 11홈런 107타점, 장타율 0.353, 출루율 0.348의 성적을 마크했다. 2002년생인 정선우는 관동초(김해시리틀)-개성중-마산고-동아대를 졸업한 뒤 지난해 육성 선수 신분으로 롯데에 입단했다. 두 시즌 동안 퓨처스리그에서 총 21경기에 등판해 1승 1패 4홀드 평균자책점 6.32의 성적을 남겼다. 올 시즌 퓨처스리그 출전은 3경기에 그쳤다. 부산=김우종 기자 woodybell@mtstarnews.com"
2026.07.09 11:13,"[오피셜] 롯데 선수단 정리 나섰다, 박시영-최항-정선우 전격 방출 ""면...",스포티비뉴스,"[스포티비뉴스=박승환 기자] 롯데 자이언츠가 박시영과 최항, 정선우와 동행에 마침표를 찍으며 선수단 정리에 나섰다. 롯데는 ""지난 8일 투수 박시영, 정선우(육성) 선수와 내야수 최항 선수에게 방출을 통보했다""며 ""3명의 선수와 면담을 통해 방출 의사를 전달했다""고 발표했다. 눈에 띄는 인물은 단연 박시영과 최항이다. 박시영은 지난 2008년 신인드래프트 2차 4라운드 전체 31순위로 롯데의 선택을 받고 프로 커리어를 시작했다. 그러던 중 트레이드를 통해 KT 위즈로 이적하게 됐고, 2021시즌 48경기에 등판해 3승 3패 12홀드 평균자책점 2.40으로 활약하며, KT가 창단 최초로 우승 트로피를 들어올리는데 큰 힘을 보탰다. 그러나 이후 부상과 부진 등으로 박시영은 좋은 흐름을 이어가지 못했고, 2024시즌이 끝난 뒤 KT와 동행에 마침표를 찍었다. 이에 롯데가 박시영에게 다시 손을 내밀면서 '친정' 복귀가 이뤄졌는데, 지난해 11경기에서 1승 평균자책점 11.05으로 부진했고, 올해는 단 한 번도 1군 마운드를 밟지 못하는 등 2군에서도 17경기에서 3홀드 평균자책점 5.89로 부진한 끝에 또 한 번 방출의 아픔을 겪게 됐다. SSG 랜더스 최정의 동생으로 잘 알려져 있는 최항도 롯데를 떠난다. 2012년 신인드래프트 8라운드 전체 70순위로 SK 와이번스의 지명을 받은 최항은 2023년 2차 드래프트를 통해 롯데에 입단했다. 최항은 이적 첫 시즌 72경기에서 33안타 타율 0.250으로 쏠쏠한 활약을 펼쳤지만, 이후 입지가 크게 줄어들었다. 젊은 선수들이 치고 나온 까닭. 최항은 2025년 1군에 8경기 출전에 머물렀고, 올해는 퓨처스리그 21경기에서 23안타 1홈런 타율 0.348로 좋은 활약을 펼치고 있었으나, 1군에서는 성과를 내지 못하면서, 롯데를 떠나게 됐다. 그리고 박시영, 최항과 함께 지난해 육성선수로 영입했던 정선우도 퓨처스리그에서 2시즌 동안 21경기에서 1승 1패 4홀드 평균자책점 6.32를 기록한 끝에 방출을 겪게 됐다. <저작권자 ⓒ SPOTV NEWS. 무단전재 및 재배포 금지>"
2026.07.09 11:08,"AI의 아빌라 예상 성적은 4점대 중반 ERA, 어라? 그렇게 되면 정말...",MHN스포츠,"(MHN 정철우 기자) 프로야구 SSG 랜더스가 새 외국인 투수로 베네수엘라 출신 우완 페드로 아빌라(29)를 영입했다. SSG는 ""아빌라와 총액 40만달러(연봉 38만달러·옵션 2만달러)에 계약했다""며 ""풍부한 선발 경험과 안정적인 이닝 소화 능력을 갖춘 투수로 최근까지 실전 등판을 이어온 점을 종합적으로 검토해 현재 팀 선발진에 힘을 보탤 수 있는 자원으로 판단했다""고 8일 밝혔다. 아빌라는 메이저리그와 일본 프로야구를 모두 경험한 투수다. 외국인 투수들의 적응 능력이 떨어져 고전했던 만큼 아시아권 야구를 거친 아빌라에게 높은 점수를 줬다. 신장 180㎝·체중 95㎏의 신체 조건을 지닌 아빌라는 평균 150㎞, 최고 156㎞의 빠른 공을 던지는 투수다. 커터, 커브, 체인지업, 스플리터 등도 구사한다. 2014년 워싱턴 내셔널스에 입단한 아빌라는 2019년 샌디에이고 파드리스에서 빅리그에 데뷔했다. MLB 통산 72경기에 나와 146⅓이닝 8승 4패 1홀드 1세이브, 평균자책점 3.51을 기록했다. 2025년엔 NPB 야쿠르트 스왈로스에서 15경기에 등판해 82⅓이닝을 던져 7승 8패, 평균자책점 4.04를 작성했다. 올 시즌엔 클리블랜드 가디언스 산하 트리플A에서 60이닝을 소화했고, 3승 7패에 평균자책점 7.50을 기록했다. 아빌라는 ""SSG의 일원이 되어 매우 기쁘다""며 ""새로운 도전을 통해 좋은 경기력을 보여드리고, 팀 승리에 기여할 수 있도록 하겠다""고 전했다. 아빌라는 SSG 성적에 대단히 중요한 요소를 차지하고 있다. SSG는 아빌라를 통해 후반기 반등을 기대하고 있다. 그렇기 위해선 아빌라가 1선발 몫을 해줘야 한다. 침체된 분위기를 바꿀 수 있는 게임 체인저가 필요한 상황이다. 일단 아빌라의 공이 빠르다는 것은 장점이 될 수 있다. 패스트볼 하나 만으로도 팀 분위기를 바꿀 수 있는 위력이 있는 투수다. 패스트볼 하나로 흐름을 바꿔 줄 투수가 있는 것과 없는 것의 차이는 크다. 그러나 쉽지 않은 도전이 될 것이라는 분석도 있다. 제구가 빼어난 스타일은 아니고 투고타저 무대인 NPB서도 4점 대 평균 자책점을 기록했다는 건 마이너스 요인이 될 수 있다. 그래서 AI에게 물었다. 아빌라의 성공 가능성은 얼마나 될까. 답은 그리 신통치는 않았다. AI는 ""아빌라의 성공 기준은 높게 잡으면 안 된다. 무너진 선발 로테이션을 정리하고, 최소 5이닝 이상을 버티며, 불펜 소모를 줄여 주는 투수라면 가능성은 있다. 하지만 게임 체인저로서는 다소 떨어지는 성적을 낸 투수인 것도 분명하다. NPB 출신인 롯데 비슬리와 로드리게스가 보여준 현실은 분명하다. 일본에서 잘 던졌다고 KBO를 쉽게 지배할 수는 없다. 반대로 일본에서 4점대였다고 곧바로 실패를 단정할 필요도 없다. 아빌라의 KBO 리그 예상 성적은 4점대 중반이 가장 현실적이다. 좋으면 4점대 초반, 흔들리면 5점대 초반이다. SSG가 기대해야 할 것도 그 사이에 있다. 아빌라가 SSG의 시즌을 단번에 바꿀 에이스가 될 가능성은 크지 않다. 하지만 피홈런 억제력과 아시아 야구 경험이 제대로 살아난다면, 적어도 무너진 선발진을 다시 세우는 실용적인 카드가 될 수는 있다""고 평가했다. 4점대 초.중반에서 5점대 까지 ERA가 가능하다는 것이다. 이건 SSG가 기대하는 바 와는 차이가 크다. 적어도 3점 대 초반 ERA를 찍으며 1선발 몫을 해주길 기대하고 있다. AI의 예상대로라면 SSG의 외국인 투수 교체는 그리 큰 효과를 발휘하지 못할 수 있다. 과연 AI의 예측은 얼마나 들어맞게 될지 지켜볼 일이다."
2026.07.09 11:07,2026 신한 SOL KBO 올스타전 행사 참석 선수 및 시상 내역 확정,뉴스엔,"[뉴스엔 안형준 기자] 올스타전 행사 참석 선수가 확정됐다. 7월 10일(금)과 11일(토) 양일간 잠실야구장에서 열리는 2026 신한 SOL KBO 올스타전의 행사 참석 선수와 시상 내역이 최종 확정됐다. 10일(금) 올스타 프라이데이에는 오후 4시부터 4시 30분까지 퓨처스 올스타 선수들을 잠실종합운동장 2주차장 내 팬 페스트존에서 만날 수 있다. 한화 강건우, 두산 김주오, NC 신재인, KT 박지훈은 북부, 남부로 나뉘어 각 15분씩 배팅존과 피칭존에서 팬들에게 투구와 타격에 대한 원포인트 레슨을 진행한다. 오후 6시에 열리는 KBO 퓨처스 올스타전의 우승팀에게는 상금 1,000만원이 주어지며, MVP에게는 상금 200만원과 트로피가 전달된다. 이와 함께 퓨처스 올스타전에서 뛰어난 활약을 펼친 선수 개인에게 수여하는 베스트 퍼포먼스상, 감투상, 우수 투수상, 우수 타자상 수상자에게는 각각 상금 100만원과 트로피가 수여된다. 베스트 퍼포먼스상은 퓨처스 올스타전에서 뛰어난 퍼포먼스로 명장면을 만들어낸 선수에게 수여되며, 수상자는 퓨처스리그 타이틀 스폰서인 메디힐의 후원을 통해 상금 100만원과 부상을 제공받는다. 또한 퓨처스 올스타전과 올스타전의 개인 시상 12개 부문 수상자 전원에게는 퓨처스리그 타이틀 스폰서인 메디힐의 시상품이 부상으로 함께 증정될 예정이다. 퓨처스 올스타전 종료 후에는 KBO 리그를 대표하는 거포들이 참가하는 ‘컴투스프로야구 홈런더비’가 펼쳐진다. 6월 28일(일) 경기까지 홈런 9개 이상을 기록한 올스타 선정 선수 12인 중 팬 투표를 통해 상위 득표를 기록한 KIA 김도영, 두산 양의지, 박준순, LG 오스틴, 한화 강백호, 문현빈, 허인서, NC 김주원이 참가하는 홈런더비는 개인전으로 진행되며 득표 역순으로 참가 순서가 결정된다. 지난해 ‘시간제’ 와 ‘아웃제’ 방식이 결합한 방식을 도입한 홈런더비는, 올해 진행 순서를 바꿔 더욱 극적인 승부를 연출할 예정이다. 예선 5아웃, 결승 7아웃의 정해진 아웃카운트가 소진될 때까지 타격을 진행한 뒤, 최대 30초의 휴식 후 1분간 주어지는 ‘컴프야 피버타임’ 동안 추가 타격을 이어간다. 컴투스프로야구 홈런더비 우승자에게는 트로피, 상금 1,000만원과 함께 삼성 Bespoke AI 에어드레서(일반용량)가 제공된다. 준우승 선수에게는 트로피와 상금 300만원을 수여하며 최장거리 홈런을 날린 선수에게는 LG 퓨리케어 AI 360º 공기청정기 플러스가 제공된다. 또한 올해는 두 가지 특별상이 신설되어 시상의 재미를 더한다. 홈런더비 최종 우승자의 배팅볼 투수에게는 ‘홈런 메이커상’과 함께 보스 QC 울트라 헤드폰 2세대가 제공되며, 예선 ‘컴프야 피버타임’ 동안 가장 많은 홈런을 터뜨린 선수에게는 ‘컴프야상’과 함께 삼성 무빙스타일 Mini LED(MH70)가 주어진다. 올스타전 본 행사 당일 11일(토), 관람객 입장이 시작되는 오후 3시에는 1·3루 내야 게이트 웰컴 존에서 올스타전을 찾은 야구팬들을 맞이하는 행사가 진행된다. 같은 시간 잠실야구장 외야 그라운드에서 30명의 올스타 선수들이 3개 조로 나뉘어 팬 사인회를 진행하며 팬들과 직접 소통하는 시간을 갖는다. 오후 3시 30분부터 4시 5분까지는 팬 페스트존 내 배팅존과 피칭존에서 키움 박준현 LG 송찬의, 롯데 김진욱, 삼성 김도환 등 올스타 선수들이 참여해 팬들을 대상으로 타격 및 투구 지도를 진행할 예정이다. 오후 4시 30분부터는 ‘신한 슈퍼SOL 썸머레이스’가 펼쳐진다. 나눔 올스타에서는 LG 우강훈-구본혁, 한화 허인서-이도윤, NC 전사민-류진욱, KIA 박재현-성영탁, 키움 박준현-김건희, 드림 올스타에서는 SSG 정준재-김건우, 삼성 이승민-양창섭 KT 손동현-전용주, 롯데 현도훈-박정민, 두산 이영하-곽빈이 팬, 마스코트와 한 팀을 이뤄 장애물 달리기 경주에 참가한다. 대회는 토너먼트 형식으로 치러지며 우승 팀에게는 상금 350만 원이 수여된다. 오후 6시에 열리는 올스타전 경기에서 가장 인상적인 활약을 펼친 ‘미스터 올스타’에게는 지난해 대비 1,000만원 증액된 2,000만원의 상금과 트로피 그리고 바디프랜드 733 제품과 메디힐 시상품이 부상으로 주어진다. 올스타전 우승팀에게는 상금 3,000만원이 주어지며, 승리 감독상과 우수 수비상, 우수 투수상, 우수 타자상, 베스트 퍼포먼스상 수상자에게는 각각 상금 300만원과 트로피, 메디힐 시상품이 부상으로 수여된다. 뉴스엔 안형준 markaj@ 기사제보 및 보도자료 newsen@newsen.com copyrightⓒ 뉴스엔. 무단전재 & 재배포 금지"
2026.07.09 11:04,청룡기 4강 우천 서스펜디드... 10일 재개,조선일보,"제81회 청룡기 전국고교야구선수권대회 4강전이 비로 중단돼 순연됐다. 9일 서울 목동야구장에서 열린 세광고와 배명고의 제81회 청룡기 전국고교야구선수권대회 겸 주말리그 왕중왕전(조선일보·스포츠조선·대한야구소프트볼협회 공동 주최) 4강전은 1회말 배명고 공격 도중 쏟아진 비로 서스펜디드 게임이 선언됐다. 세광고는 1회초 배명고 선발 박시원을 상대로 1사 후 김우진이 볼넷, 전영훈이 몸에 맞는 공으로 출루했다. 배명고가 곧바로 이세민으로 투수를 바꿨지만, 이홍석이 몸에 맞는 공으로 출루해 1사 만루가 됐다. 이어 서정휘가 밀어내기 볼넷을 골라 세광고가 1-0으로 앞서갔다. 배명고는 추가 실점을 막았다. 1사 만루에서 이시윤의 3루수 땅볼 때 홈에서 주자를 잡았고, 이어 이상훈을 유격수 땅볼로 처리하며 위기를 넘겼다. 1회말 배명고 공격에서 선두 타자 강승재가 상대 유격수 실책으로 출루한 뒤 비가 굵어졌다. 10시에 시작한 경기는 오전 10시 19분 중단됐고, 40분 만에 우천 서스펜디드 처리됐다. 10일 재개된다. 이날 이어서 열릴 예정이던 마산용마고와 경북고 경기도 순연돼 10일 열린다. 11일 예정됐던 결승 경기도 하루 뒤 12일 오전 10시로 연기됐다."
2026.07.09 11:03,'하현승·엄준상 포함' U-18 야구대표팀 확정…아시아선수권 출격,뉴스1,"(서울=뉴스1) 권혁준 기자 = 아시아청소년야구선수권에 출전할 18세 이하(U-18) 야구대표팀 명단이 확정됐다. 대한야구소프트볼협회(KBSA)는 9월 7일부터 13일까지 대만 타이베이에서 개최되는 제14회 아시아청소년야구선수권대회에 참가할 청소년 국가대표 코칭 스태프와 선수를 9일 발표했다. KBSA는 지난 6일 경기력향상위원회 회의를 개최하고, 청원고 김수관 감독(수석코치), 순천효천고BC 정진 감독(투수코치), 전주고 최대곤 감독(야수코치), 중앙고 남인환 감독(불펜코치)를 분야별 코치로 선임한 데 이어 포지션별 선수를 최종 엔트리로 선발했다. 투수 6명, 포수 2명, 내야수 6명, 외야수 4명 등 총 18명이 선발된 가운데, 하현승(부산고)과 엄준상(덕수고)의 이름이 눈에 띈다. 투타 겸업 선수로 기대를 모으는 하현승은 최근 메이저리그 뉴욕 양키스의 '러브콜'을 뿌리치고 국내 잔류를 선언했다. 그는 올해 신인 드래프트에서 '최대어'로 꼽힌다. 역시 투타 모두에서 재능을 보이고 있는 엄준상은 지난달 메이저리그 애리조나 다이아몬드백스와 150만 달러에 계약을 체결해 미국 진출을 확정했다. 이 외에도 '제2의 김도영'으로 불리며 메이저리그 진출설이 제기됐던 김지우(서울고), 비공식 시속 157㎞의 강속구를 자랑하는 윤예성(인창고), 신인 드래프트 '야수 최대어'로 꼽히는 이호민(경남고) 등 고교야구를 주름잡은 선수들이 대부분 발탁됐다. 아시아청소년야구선수권대회엔 총 8개국이 참가하며, 2개 조 예선 라운드 상위 2팀이 슈퍼라운드에 진출해 예선 라운드 상대 전적(1경기)과 슈퍼라운드 성적(2경기)을 합산한 종합 성적 최종 상위 2팀이 결승전에 진출한다. 한국은 이번 대회에서 우승을 목표로 잡고 있다. KBSA는 8월 중순 대표팀을 소집, 국내 강화훈련을 통해 전력과 조직력을 끌어올릴 계획이다. 특히 올해부터는 한국야구위원회(KBO)에서 국제 경쟁력 강화를 위한 추가 예산 3억 원을 지원해 더욱 나은 환경에서 대회를 준비할 것으로 기대된다. starburyny@news1.kr"
2026.07.09 11:02,[부고] 안상준(프로야구 울산 웨일즈 코치)씨 모친상,연합뉴스,"▲ 최정자씨 별세, 안상준(프로야구 울산 웨일즈 코치)씨 모친상 = 9일, 부산시민장례식장 203호실, 발인 11일 오전 9시, 장지 부산 영락공원·부산 추모공원. ☎051-636-4444 (서울=연합뉴스) (끝) ▶제보는 카톡 okjebo"
2026.07.09 11:02,"'연고지 이전 가능성 밝혔던' NC, 드디어 창원 새 시장과 만났다......",마이데일리,"[마이데일리 = 심혜진 기자] NC 다이노스가 창원특례시 신임 강기윤 시장과 첫 공식 면담을 가진 가운데 양측의 관계에 변화가 생길지 관심이 모아진다. NC는 ""8일 창원시청에서 창원특례시 강기윤 시장과 첫 공식 만남을 가졌다""고 밝혔다. 이번 만남에는 창원특례시 강기윤 시장, NC 다이노스 이진만 대표이사 등이 참석했다. 이번 만남은 새롭게 취임한 창원특례시 시장과 구단의 첫 공식 만남으로 마련됐으며, 창원시와 주요 현안에 대해 첫 의견을 교환하는 시간을 가졌다. NC 다이노스 이진만 대표는 ""오늘은 새롭게 취임하신 시장님과 첫 공식 만남을 갖는 자리였다. 주요 현안에 대해 서로의 의견을 직접 확인할 수 있었던 자리였고 시설관리 및 구단과의 기존 협의 사항에 대해 책임감 있는 지원을 약속해준 강기윤 시장님께 감사드린다""라고 말했다. 이번 만남을 시작으로 양측은 필요한 사안에 대해 지속적으로 협의를 이어갈 예정이다. 지난해 창원 NC파크 구조물 낙하 사고를 겪은 뒤 구장 재개장 당일 이진만 대표이사는 ""장기적인 관점에서는, 구단의 거취에 대해 모든 가능성을 열어놓고, 진지하게 고민하고 있다""며 연고지 이전 가능성을 시사한 바 있다. 이후 NC는 창원시에 21가지 요구 사항을 전달했지만 창원시의 움직임은 더뎠고, 그 사이 몇몇 지역들이 NC에 러브콜을 보낸 것이다. 성남시가 그 중 하나였다. 해가 바뀌고 새 시장이 취임했다. 분위기는 달라질 것으로 보인다. 관계에 진척이 보일지 관심이 모아진다."
2026.07.09 11:02,"샌프란시스코 이정후, 두 경기 연속 침묵…타율 0.308",KBS,"미국프로야구 메이저리그(MLB) 샌프란시스코의 이정후가 상대 선발 투수의 압도적인 호투에 막혀 두 경기 연속 무안타에 그쳤습니다. 이정후는 오늘(9일) 미국 샌프란시스코 오라클파크에서 열린 토론토 블루제이스와의 홈경기에 5번 타자 우익수로 선발 출전해 3타수 무안타를 기록했습니다. 경기 전 0.311이었던 이정후의 시즌 타율은 0.308로 떨어졌습니다. 이날 이정후를 비롯해 샌프란시스코 타선은 토론토 선발 딜런 시즈의 완벽에 가까운 투구에 꽁꽁 묶였습니다. 9회 선두 타자 엘리오트 라모스가 중전 안타를 때려낼 때까지 단 한 개의 안타도 기록하지 못하며 노히트노런 위기에 몰렸습니다. 이정후 역시 2회 첫 타석에서는 유격수 뜬공, 5회에는 1루수 땅볼로 물러났고, 7회 1사 1루에서는 풀카운트 승부 끝에 우익수 뜬공으로 아웃됐습니다. 샌프란시스코는 8회와 9회 추가 실점을 허용하며 0대10까지 끌려갔고, 9회말 마지막 공격에서야 라모스의 안타로 가까스로 노히트노런을 면했습니다. 토론토는 안타가 나오자 곧바로 불펜을 투입해 10대0 승리를 지켜냈습니다. 노히트노런 달성을 아쉽게 놓친 시즈는 8이닝 1피안타 3볼넷 11탈삼진의 압도적인 투구로 시즌 6승째를 거뒀습니다. [사진 출처 : AP=연합뉴스] ■ 제보하기 ▷ 전화 : 02-781-1234, 4444 ▷ 이메일 : kbs1234@kbs.co.kr ▷ 카카오톡 : 'KBS제보' 검색, 채널 추가 ▷ 유튜브, 네이버에서도 KBS뉴스를 구독해주세요! 이무형 기자 (nobrother@kbs.co.kr)"
2026.07.09 11:02,"‘통산 266승’ 저스틴 벌렌더, 올 시즌 뒤 MLB 현역 은퇴 선언",KBS,"통산 266승을 거두며 한 시대를 풍미한 메이저리그 최고의 투수 저스틴 벌랜더가 2026시즌을 끝으로 현역 생활을 마무리합니다. 벌랜더는 오늘(9일) 자신의 SNS를 통해 은퇴를 공식 발표했습니다. 벌랜더는 “올 시즌 한 번도 겪어보지 못한 도전의 시간을 보냈다”며 “항상 경쟁력을 유지할 수 있다고 생각했고, 나이 때문에 은퇴하고 싶지는 않았다”고 밝혔습니다. 이어 “야구가 내게 은퇴할 때를 알려주길 바랐는데, 최근 그때가 왔다는 사실을 깨달았다”며 선수 생활에 작별을 고했습니다. 1983년생으로 올해 43살인 벌랜더는 2005년 디트로이트에서 메이저리그에 데뷔해 통산 266승 159패, 평균자책점 3.33, 탈삼진 3천554개를 기록했습니다. 메이저리그 역사상 벌랜더보다 많은 탈삼진을 기록한 투수는 단 7명뿐이며, 노히트노런도 세 차례나 달성했습니다. 또 2011년 아메리칸리그 MVP를 수상했고, 2011년과 2019년, 2022년에는 리그 최고 투수에게 주어지는 사이영상을 받았습니다. 휴스턴 소속이던 2017년과 2022년에는 월드시리즈 우승도 경험했습니다. 벌랜더가 은퇴를 결심한 가장 큰 이유는 부상이었습니다. 지난 시즌을 마친 뒤 친정팀 디트로이트와 1년 1천300만 달러, 우리 돈 약 196억 원에 계약했지만, 올 시즌에는 단 한 경기만 등판해 평균자책점 12.27에 그쳤습니다. 벌랜더는 애슬레틱스와의 홈경기를 앞두고 현지 취재진과 만나 “허리 부상으로 전반기 동안 한 경기밖에 던지지 못했고, 최근에는 햄스트링까지 다쳤다”며 “내 몸이 예전처럼 버텨주지 못하고 있다는 신호를 보내고 있다”고 말했습니다. 다만 “팔 상태는 매우 좋다”며 “남은 시간 동안 디트로이트를 위해 모든 것을 쏟아붓겠다”고 덧붙였습니다. 벌랜더는 오는 15일 열리는 2026 메이저리그 올스타전에 롭 맨프레드 커미셔너의 ‘레전드 픽’으로 선정돼 팬들과 마지막 올스타 무대를 함께할 예정입니다. [사진 출처 : AP=연합뉴스] ■ 제보하기 ▷ 전화 : 02-781-1234, 4444 ▷ 이메일 : kbs1234@kbs.co.kr ▷ 카카오톡 : 'KBS제보' 검색, 채널 추가 ▷ 유튜브, 네이버에서도 KBS뉴스를 구독해주세요! 이무형 기자 (nobrother@kbs.co.kr)"
2026.07.09 11:02,안상준 울산 웨일즈 코치 모친상 [부고],OSEN,안상준 울산 웨일즈 코치 모친상 ▲고인명 : 故 최정자(향년 86세) ▲빈소 : 부산 부산진구 자유평화로 31 부산시민장례식장 203호 ▲장지 : 부산 영락공원 ▲발인 : 7월 11일 오전 9시 ▲연락처 : 051)636-4444
2026.07.09 11:01,[부고] 안상준(울산 웨일즈 코치)씨 모친상,스포츠조선,"▲안상준(울산 웨일즈 코치)씨 모친상=9일, 부산시민장례식장 203호실, 발인 7월 11일 오전 9시."
2026.07.09 11:01,"LG가 원했던 빅보이 장타, 독서 덕분에 가능했다?…""너무 간절하면 더 ...",엑스포츠뉴스,"(엑스포츠뉴스 대구, 김지수 기자) '잠실 빅보이' LG 트윈스 이재원이 미리 보는 한국시리즈에서 존재감을 과시했다. 승부처에서 연이어 장타를 쏘아 올리며 팀의 선두 도약을 이끌었다. 염경엽 감독이 이끄는 LG는 8일 대구 삼성 라이온즈파크에서 열린 2026 신한 SOL KBO리그 삼성 라이온즈와의 팀 간 10차전에서 8-2로 이겼다. 전날 2-9로 패하면서 삼성에 1위 자리를 내줬던 아픔을 하루 만에 설욕, 선두로 다시 올라섰다. 이재원은 이날 8번 지명타자로 선발출전, 3타수 2안타 1타점 1득점을 기록했다. 2회초 첫 타석에서 삼성 선발투수 잭 오러클린에 삼진으로 물러났지만, 두 번째 타석에서 복수에 성공했다. LG는 2-2로 팽팽하게 맞선 4회초 2사 1루에서 이재원의 방망이가 불을 뿜었다. 이재원은 2볼 2스트라이크에서 오러클린의 6구째 148km/h짜리 패스트볼을 받아쳐 좌중간을 가르는 1타점 2루타를 때려내 스코어를 3-2로 만들었다. 지난 7일 1군 복귀 후 첫 안타를 결승타로 장식했다. 이재원은 기세를 몰아 세 번째 타석에서 또 하나의 장타를 생산했다. LG가 5-2로 앞선 6회초 선두타자로 나와 바뀐 투수 백정현에게 2루타를 기록하면서 멀티 히트를 완성했다. 이재원은 지난해 국군체육부대(상무)에서 퓨처스리그 78경기 타율 0.329(277타수 91안타) 26홈런 91타점 OPS 1.100으로 엄청난 활약을 펼쳤다. 전역 후 LG로 복귀, 성장세를 이어갈 수 있을지 주목됐다. 하지만 이재원은 지난 7일 1군 엔트리 등록 전까지 2026시즌 30경기 타율 0.203(59타수 12안타) 2홈런 8타점 OPS 0.650으로 기대에 못 미쳤다. 지난 6월 5일부터 한 달 동안 퓨처스리그에서 다시 차분히 재정비를 진행했다. 구슬땀을 흘리는 동시에 LG팬들에게 선물 받은 책을 읽으면서 멘털적인 부분도 다 잡았다. 이재원은 ""팬에게 선물 받은 책을 읽었는데 너무 잘하려고 하다 보면 도망간다는 내용이 있더라. 너무 간절하면 될 것도 안 된다는 내용도 읽었다""며 ""오늘 타석에서는 호흡, 시선, 내가 할 수 있는 동작만 생각했는 게 잘 맞아 떨어졌던 것 같다""고 소감을 전했다. 또 ""삼진을 당하더라도 내가 생각했던 대로 가볍게 해보자라는 마음으로 하다 보니까 결과가 좋았다""며 ""모든 선수들이 다 간절하게 하겠지만, 간절하다고 다 잘 되는 건 아니니까 편안하게 하려는 생각으로 해보려고 한다""고 말했다. 이재원은 올 시즌 전반기 예상보다 더 헤맸던 이유를 급했던 마음에서 찾았다. 타격폼에 큰 문제가 없었지만, 심리적으로 쫓기면서 타석에서 나쁜 공에 자주 손이 나간 게 원인이었다는 걸 깨달았다. 이재원은 ""개막 후 처음 2군에 갔을 때 다 뜯어 고친다는 마인드를 가졌는데 결국 과부하가 왔다. 혼자 생각을 다시 많이 했고, 영상도 찾아 보면서 훈련하니까 조금씩 좋아졌다""며 ""조금은 좋아진 것 같다. 전반기를 잘 마무리하고 후반기에 더 좋은 모습을 보여드리고 싶다""고 각오를 밝혔다. 사진=대구, 김지수 기자 / 엑스포츠뉴스 DB 김지수 기자 jisoo@xportsnews.com"
2026.07.09 11:00,흔들리던 나균안은 없다...계산 서는 선발투수로 자리매김,이데일리,"[사직=이데일리 스타in 이석무 기자] 롯데 자이언츠 우완 나균안(28)이 부침을 씻고 선발진의 안정적인 한 축으로 자리 잡고 있다. 한때는 경기마다 기복이 심해 ‘롤러코스터 같다’는 혹평을 받기도했다. 올 시즌은 다르다. 구위만 좋아진 것이 아니다. 마운드 위에서 경기를 풀어가는 방식, 등판을 준비하는 과정, 결과를 받아들이는 태도까지 한층 성숙해진 모습이다. 나균안은 지난 8일 부산 사직구장에서 열린 KIA타이거즈전에 선발 등판해 5⅔이닝 7피안타 1볼넷 7탈삼진 2실점으로 호투했다. 롯데는 타선의 화끈한 지원 속에 11-3으로 이겼고 나균안도 시즌 5승(ㅕ패)째를 거뒀다. 또한 나균안은 개인 통산 KIA전 첫 승을 신고했다. 이전까지 KIA를 상대로 승리 없이 8패를 기록했던 악연도 끊었다. 그동안 맞대결에서 번번이 무릎 꿇었던 KIA 외국인투수 제임스 네일을 상대로 승리했다는 점에서 더 의미가 컸다. 나균안은 기록보다 과정에 초점을 맞췄다. 그는 경기 후 “KIA전 첫 승은 크게 생각하지 않았다. 그걸 의식했다면 오히려 내가 가진 퍼포먼스를 못 냈을 것”이라며 “내 투구에 집중하려 했다. 야수들이 수비와 공격에서 많이 도와준 덕분”이라고 담담히 말했다. 가장 눈에 띄는 변화는 선발투수로서 안정감이다. 나균안은 올 시즌 롯데 선발 로테이션을 꾸준히 지키고 있다. 승운이 덜 따랐지만 평균자책점은 3점대(3,90)를 유지하고 있다. 이젠 더이상 선발로테이션을 오르락내리락하는 투수가 아니다. 당당히 선발진을 떠받치는 한 축으로 자리매김했다. 2021년 포수에서 투수로 전향한 뒤 기대와 아쉬움이 반복됐다면 이제는 계산이 서는 선발 자원으로 평가받고 있다. 나균안은 “캠프 때부터 많이 준비했다. 비시즌과 캠프에서 이재우 코치님과 시간을 많이 보내며 밸런스, 던지는 방향, 선발로서 준비하는 방법을 계속 얘기했다”며 “야구장뿐 아니라 식사할 때도 이야기를 나눴다. 그 노하우가 지금 꾸준히 던질 수 있는 이유 중 하나”라고 했다. 투구 내용도 달라졌다. 예전에는 주무기 포크볼 의존도가 컸다. 올해는 카운트를 잡는 방식이 다양해졌다. 포심과 커터를 중심으로 카운트를 잡고 결정적인 순간 포크볼을 구사한다. 나균안은 “공격적인 피칭을 하다 보니 포크볼을 던지기 전 다른 구종으로 카운트를 잡는다”며 “포크볼을 조금 아끼고 위기 때 쓰면서 좋은 결과가 나오는 것 같다”고 했다. 멘탈도 단단해졌다. 이날 9-0으로 앞선 6회, 연속 안타를 맞고 2실점한 뒤 교체됐을 때 나균안은 아쉬움을 감추지 못했다. 그는 “점수 차가 있는 상황에서 쉽게 갈 수 있었고, 충분히 더 이닝을 가져갈 수 있었다”며 “6회를 마무리하지 못해 나 자신에게 화가 났다”고 했다. 더 던지고 싶다는 의지도 강했다. 나균안은 마운드에 오른 김상진 투수코치에게 “감독님한테 한 번만 말려달라고 했다”고 털어놨다. 김태형 감독의 결정은 교체였다. 나균안은 “아쉬웠다”고 했다. 그 아쉬움은 불만이 아니라 선발투수로 더 많은 책임을 지고 싶다는 의지이자 승부욕이었다. 나균안의 다음 목표는 명확하다. 규정이닝(144이닝)이다. 데뷔 후 한 번도 규정이닝을 채운 적이 없다. 지난해 기록한 137⅓이닝으 개인 최다이닝이다. 나균안은 “첫 번째 목표는 이닝이다. 선발투수가 가져가야 하는 이닝을 길게, 많이 던지고 싶다”고 말했다. 전반기 성적에도 스스로 점수를 매기지 않았다. “아직 갈 길이 멀다. 더 하고 싶은 것도, 이루고 싶은 것도 많다”는 것이 이유다. 롯데는 올 시즌 선발진이 비교적 안정적으로 돌아가며 반등의 발판을 만들고 있다. 그 중심에 나균안이 있다. 그는 “선발뿐 아니라 팀 전체가 잘 준비한 것을 유지하려고 한다”며 “좋은 시너지를 서로 나누고 있다”고 강조했다. 이석무 (sports@edaily.co.kr)"
2026.07.09 11:00,"대구FC, 홈에서 성남FC 만나 또 한 번 승리 노린다",매일신문,"7월 첫 경기를 승리하며 후반기 문을 연 프로축구 K리그2 대구FC는 오는 11일 홈인 대구 아이엠뱅크파크에서 성남FC를 맞는다. 충북청주FC와의 대결에서 5대1 대승을 거둔 대구는 이번 경기를 통해 상승세를 제대로 타겠다는 의지가 크다. 최성용 감독 체제 이후 7경기에서 5승 2무를 기록 중이고 16골을 터뜨리는 동안 실점은 단 3골에 그치며 공수 모두에서 안정감을 찾았다는 평가를 받고 있다. 이번 경기 상대인 성남은 직전 수원 삼성블루윙즈와의 원정경기에서 0대1로 패배하며 최근 6경기 연속 무승(4무 2패)에 빠졌다. K리그2 11위인 성남은 경기 주도권을 잡으며 점유율로 밀어붙이기는 하지만 골 결정력은 매우 낮은 약점을 가지고 있다. 직전 경기인 수원전에서도 성남은 17개의 슈팅을 시도했고 유효슈팅은 5개였지만 끝내 골을 기록하지 못했다. 수원은 7개의 슈팅 중 후반 17분 강현묵의 슛이 성공하며 승리를 가져왔다. 이처럼 성남은 한 경기당 10개 넘는 슈팅을 날리지만 점수로 연결되는 슈팅은 많지 않은 모습을 보이고 있다. 따라서 최성용 대구 감독이 보여줬던 '전반전 탐색전'에 성남이 말려들 가능성이 높다. 성남을 조급하게 만들어서 흔들어 놓은 뒤 세징야, 김주공, 세라핌 등의 공격진을 통해 역습을 시도한다면 무너질 가능성도 높다. 성남의 키플레이어는 주장이자 미드필더인 박수빈. 대부분 박수빈을 기점으로 점유율을 올리고 압박을 진행하기 때문에 박수빈을 어떻게 묶을 것인지가 관건이다. 여기에 최근 성남 유스 출신 신예 스트라이커 김민재가 과감한 슈팅과 활동량으로 상대 수비를 압박하는 등 비밀병기까지 확보해놓았다. 한편, K리그 추가 등록 기간이 이달 9일부터 시작됨에 따라 새로 영입한 공격수 단레이까지 이번 경기에 출전할 수 있게 된다. 세징야, 세라핌, 에드가 등 이미 검증된 브라질 출신 공격수에 김주공, 박기현, 박인혁 등 국내 공격수 등 리그 최고 수준의 공격진을 갖춘 대구가 성남을 어떻게 공략할 지 지켜보는 것도 관전 포인트가 될 전망이다."
2026.07.09 10:59,'하현승 엄준상 김지우 총출동' U18 국가대표 확정…KBO 지원으로 아...,스포티비뉴스,"[스포티비뉴스=신원철 기자] 오는 9월 열릴 아시아청소년야구선수권대회에 참가할 18세 이하 국가대표 선수단이 확정됐다. 메이저리그에 도전하는 엄준상(덕수고)이 선발된 가운데, KBO 드래프트 참가로 마음을 굳힌 하현승(부산고)과 김지우(서울고) 또한 태극마크를 달게 됐다. 대한야구소프트볼협회(KBSA)는 9일 오전 ""오는 9월 7일(월)부터 9월 13일(일)까지 대만 타이베이에서 개최되는 제14회 아시아청소년야구선수권대회에 참가할 청소년 국가대표 코칭 스태프와 선수를 최종 확정했다""고 발표했다. KBSA는 지난 6일 경기력향상위원회 회의를 열고 정윤진 감독(덕수고)을 보좌할 코칭스태프에 청원고 김수관 감독(수석코치), 순천효천고BC 정진 감독(투수코치), 전주고 최대곤 감독(야수코치), 중앙고 남인환 감독(불펜코치)를 각 분야별 코치로 선임했다. 또한 각 포지션 별 선수를 선발했다. 이번 청소년 국가대표 선수단에는 메이저리그 구단들의 뜨거운 러브콜을 받은 초고교급 투타겸업 유망주들이 대거 승선했다. 투타겸업으로 뉴욕 양키스의 파격적인 제안을 거절하고 국내 무대를 택한 하현승과 비공식 시속 157㎞의 강속구를 자랑하는 윤예성(인창고)이 대표팀 마운드를 이끈다. 여기에 한화이글스배 고교·대학 올스타전 MVP를 차지한 박근서(서울디자인고)와 황금사자기 준우승을 이끈 유일한 2학년 투수 한규민(대전고), 195㎝의 장신에서 강속구를 뿜어내는 우완 정통파 곽도현(부산공고)과 묵직한 직구를 앞세운 김민훈(광주진흥고)이 합류했다. 내야진에는 탁월한 수비 능력을 자랑하는 우주로(대전고)와 남현우(서울컨벤션고), 애리조나 다이아몬드백스 입단이 확정된 투타겸업 선수 엄준상(덕수고), '제2의 김도영'으로 불리는 김지우(서울고), 날카로운 스윙과 주력을 겸비한 강인규(청주고)가 발탁됐다. 외야와 안방 역시 견고한 짜임새를 갖췄다는 평가를 받는다. 황금사자기 우승의 주역인 공수겸장 외야수 장민제(충암고)와 빠른 발을 활용해 공격의 첨병 역할을 할 조희성(유신고)이 외야 타선을 이끈다. 폭발적인 장타력을 보유한 이호민(경남고)과 188㎝ 110㎏의 체격에서 파괴력을 뿜어내는 황성현(덕수고)이 중심타선을 이룰 것으로 기대된다. 안방은 영리한 리드를 자랑하는 원지우(강릉고)와 2학년 주전 전영훈(세광고)이 지킨다. 이번 제14회 아시아청소년야구선수권대회(18세 이하)는 총 8개국이 참가하며, 2개 조 예선 라운드 상위 2팀이 슈퍼라운드에 진출해 예선 라운드 상대 전적(1경기)과 슈퍼라운드 성적(2경기)을 합산한 종합 성적 최종 상위 2팀이 결승전에 진출한다. 협회는 ""아시아 정상 탈환을 목표로 8월 중순 선수단을 소집해 국내 강화훈련을 실시하고 팀 전력과 조직력을 극대화한 후 대만으로 출국할 예정이다""라며 ""올해부터 KBO에서 국가대표팀의 국제 경쟁력 강화를 위해 관련 예산 3억원을 추가 지원하면서 해당 대회를 비롯한 세계대학야구대회, 아시아유소년야구대회(12세 이하), 세계야구선수권대회(23세 이하) 등 각급 연령별 국가대표 선수단 파견 및 운영에 더 많은 지원이 가능하게 됐다""고 밝혔다. <저작권자 ⓒ SPOTV NEWS. 무단전재 및 재배포 금지>"
2026.07.09 10:59,"KBO, 올스타전 시상 내역 공개…미스터 올스타 상금 2천만원",연합뉴스,"(서울=연합뉴스) 김경윤 기자 = 한국야구위원회(KBO)는 9일 2026 프로야구 올스타전 행사 일정과 참가 선수, 시상 내역을 공개했다. 10일 서울 잠실구장에서 열리는 2026 신한 SOL KBO 올스타전 전야제에서는 한화 이글스 강건우, 두산 베어스 김주오, NC 다이노스 신재인, kt wiz 박지훈 등 2군 선수들이 잠실종합운동장 제2주차장 팬 페스트 존에서 팬들을 대상으로 원포인트 레슨을 한다. 오후 6시부터는 KBO 퓨처스 올스타전이 열린다. 승리 팀은 상금 1천만원, 최우수선수(MVP)는 상금 200만원과 트로피를 받는다. 퍼포먼스상과 감투상, 우수 투수상, 우수 타자상 수상자는 각각 상금 100만원과 트로피가 수여된다. 퓨처스 올스타전이 끝난 뒤에는 '컴투스프로야구 홈런더비'가 열린다. 홈런더비에는 KIA 타이거즈 김도영과 두산 양의지, 박준순, LG 트윈스 오스틴 딘, 한화 강백호, 문현빈, 허인서, NC 다이노스 김주원이 출전한다. 우승자는 상금 1천만원과 함께 에어드레서, 준우승 선수는 상금 300만원, 최장 거리 홈런을 날린 선수는 공기청정기를 받는다. 우승자의 배팅볼 투수에게는 홈런 메이커상과 헤드폰이 수여된다. 11일 올스타전 본 행사에 앞서서는 1, 3루 내야 게이트 웰컴 존에서 30명의 올스타 선수가 3개 조로 나뉘어 팬 사인회를 연다. 이후 키움 히어로즈 박준현, LG 송찬의, 롯데 자이언츠 김진욱, 삼성 라이온즈 김도환이 팬들을 대상으로 타격과 투구 지도를 한다. 선수와 팬, 마스코트와 함께 한 팀을 이뤄 장애물 달리기를 펼치는 '신한 슈퍼SOL 썸머레이스'도 진행한다. 우승팀에는 상금 350만원이 지급된다. 올스타전 본경기에서 가장 뛰어난 활약을 펼친 '미스터 올스타'에게는 지난 해보다 1천만원 늘어난 상금 2천만원과 트로피, 안마의자 등이 부상으로 수여된다. 올스타전 승리 팀에는 상금은 3천만원이 돌아가며, 승리 감독상과 우수 수비상, 우수 투수상, 우수 타자상, 베스트 퍼포먼스상 수상자에게는 각각 상금 300만원을 준다. cycle@yna.co.kr (끝) ▶제보는 카톡 okjebo"
2026.07.09 10:58,[부고] 안상준(울산 웨일즈 코치)씨 모친상,마이데일리,"[마이데일리] 안상준(울산 웨일즈 코치)씨 모친상, 고인 : 최정자, 별세 : 2026년 7월 9일, 빈소 : 부산시민장례식장 203호실(부산광역시 부산진구 자유평화로 31), 발인 : 2026년 7월 11일 오전 09시, 장지 : 영락공원/부산 추모공원, 문의 : (051)-636-4444"
2026.07.09 10:58,외인 원투펀치보다 많이 던졌다…이제 욕심이 생긴 ‘선발 투수 나균안’,스포츠경향,"나균안(28·롯데)은 지난 8일 사직 롯데전에서 시즌 5승을 거뒀다. 5.2이닝 7피안타 1볼넷 7탈삼진 2실점으로 잘 던져 롯데의 11-3 승리를 이끌었다. 마운드에서 내려온 것은 6회초였다. 1사후 김호령에게 우익선상 2루타를 맞은 뒤 김도영을 삼진으로 잡았지만 나성범, 카스트로, 한준수에게 3연속 안타를 맞았다. 9-0으로 앞서다 2점을 주자 김상진 투수코치가 마운드로 올라왔다. 점수 차가 여유 있었지만 롯데는 투수를 교체했다. 아웃카운트 1개를 남겨두고 마운드를 내려오는 나균안의 표정은 굳어 있었다. 나균안은 “점수 차가 있어 쉽게 갈 수 있었는데 연속 안타가 나온 게 많이 아쉬웠고, 6회를 마무리하지 못해서 나한테 화가 났다”고 했다. 더 던지게 해달라고 사정도 해봤다. 나균안은 “다음 타석까지는 기회를 주실 거라 생각했는데 교체라서 코치님께, 감독님 한 번만 말려달라고 했다. 안 된다고 하셔서 그래도 한 번만 말려달라고 다시 말씀드렸지만 감독님이 이미 결정을 하신 거라고 안 된다고 하셨다. 아쉽긴 했다”라고 말했다. 롯데는 전날에도 10-2로 이겼고 이날도 7점 차로 앞서 있었지만 숨죽어 있던 KIA 타자들이 나균안 상대 연타를 때리자 곧장 투수 교체 결단을 내렸다. 나균안도 94개를 이미 던진 상황이었다. 김태형 롯데 감독이 이미 교체를 결정해 되돌릴 방법은 없었다. 교체를 ‘거부’하고 싶었던 것은 나균안이 이제 완전한 선발 투수로서 욕심을 갖게 되었다는 뜻이기도 하다. 포수에서 투수로 전환한 이후 선발 투수로 던진 지도 4년이 되었지만 규정이닝을 채운 적은 없었다. 규정이닝(144이닝)은 올시즌 나균안의 목표다. 지난해에는 137.1이닝에서 시즌을 마감했다. 나균안은 “올해 첫번째 목표는 이닝이다. 선발 투수로서 이닝을 조금 길게 가져가 많이 던지고 싶다. 규정이닝을 올해는 채워보고 싶다”라고 했다. 나균안은 현재 16경기에서 92.1이닝을 던졌다. 외국인 투수인 로드리게스(88.2이닝)와 비슬리(84.1이닝)보다도 많이 던져 8일까지 롯데 선발 중 최다 이닝을 기록 중이다. 선발 투수로서 그동안 넘지 못했던 벽도 이날 넘었다. 나균안은 KIA에 매우 약했다. 과거 KIA 상대로 15경기에 선발 등판했지만 한 번도 이기지 못하고 7패만 안고 있던 나균안은 이날 처음으로 KIA전에서 승리투수가 됐다. 선발 투수 5명을 꽉 채운 롯데는 전반기 막바지에 힘을 내고 있다. 순위는 8위지만 후반기를 달려볼 희망이 생겼다. 나균안은 그 중심에 있다. 나균안은 “선발들이 잘 던지다보니 서로 시너지 효과가 생기는 것 같다. 나도 (투수로 전환한 이후) 이제 선발 투수로서 60% 정도 온 것 같다”라며 “전반기에 했던 것들을 잘 유지해서 후반기에도 잘 하고 싶다. 팀이 좋은 성적을 내볼 수 있을 것이라고 생각한다”고 말했다. 부산 | 김은진 기자 mulderous@kyunghyang.com"
2026.07.09 10:53,"실착 유니폼·경기 사용구? 소장 가치 UP! KBO, 올스타전 공식 인증...",스포츠서울,"[스포츠서울 | 이소영 기자] 한국야구위원회(KBO)가 2026 올스타전 공식 인증 상품을 출시한다. 공식 인증 상품은 올스타전 출전 선수가 경기에서 실제 착용한 유니폼과 모자를 비롯해 투구 및 타격의 흔적이 남아 있는 경기 사용구, 올스타전 엠블럼이 브랜딩된 라커 네임 플레이트, 올스타전 최우수선수(MVP)와 홈런더비 우승자에게 제공되는 것과 동일한 사양의 레플리카 트로피 등으로 구성됐다. 모든 상품엔 KBO 공식 인증 상품임을 증명하는 홀로그램 스티커와 인증서가 함께 제공된다. 특히 경기 사용구는 인증서에 포함된 QR코드와 인증번호를 통해 어떤 선수의 투구 또는 타석에서 사용됐는지 등 실제 경기 사용 이력을 확인할 수 있다. 11일 올스타전 종료 이후 선수 착용 유니폼 옥션이 시작되며 열흘간 진행된다. 이어 15일부터는 선수 착용 모자, 16일부터는 경기 사용구, 17일부터는 레플리카 트로피, 네임플레이트, 단체 사인 유니폼, 모자 등의 옥션이 각각 7일간 열린다. 공식 인증 상품은 희귀 소장품 옥션 전문 플랫폼 컬렉스에서 독점 판매된다. 지난해엔 올스타전에 출전한 한화 문현빈의 실착 유니폼이 350만원에 낙찰됐다. 자세한 내용은 KBO와 컬렉스의 공식 인스타그램을 통해 확인할 수 있다. KBO는 “앞으로도 야구팬들이 의미 있는 경기를 기념하고 관련 상품을 소장할 수 있는 다양한 경험을 제공하기 위해 노력할 계획”이라고 전했다. sshong@sportsseoul.com"
2026.07.09 10:52,"NC, 강기윤 시장과 첫 공식 만남...연고지 이전 갈등 봉합하나",일간스포츠,"NC 다이노스가 지난 8일 창원특례시 강기윤 시장과 첫 공식 만남을 가졌다. 창원시청에서 가진 이번 만남에는 창원특례시 강기윤 시장, NC 다이노스 이진만 대표이사 등이 참석했다. NC 구단은 ""이번 만남은 새롭게 취임한 창원특례시 시장과 구단의 첫 공식 만남으로 마련됐으며, 창원시와 주요 현안에 대해 첫 의견을 교환하는 시간을 가졌다""고 전했다. NC의 홈 창원NC파크에선 지난해 3월 말 구조물 추락으로 인명사고가 발생했다. 그런데 전임 시장이 공직선거법 위반으로 당선무효형을 선고받아 권한대행 체제를 이어오면서 사고 수습 및 책임을 놓고 공방을 벌이는 등 빠른 의사결정과 원활한 의사소통에 어려움이 뒤따랐다. NC 측은 사고 수습과정에서 시에 불만을 드러내며 연고지 이전 검토 입장을 공식적으로 밝히기도 했다. 이번에 강기윤 시장이 6·3 지방선거에서 당선돼 15개월 시정 공백에 마침표를 찍었다. 이진만 NC 다이노스 대표는 ""오늘은 새롭게 취임하신 시장님과 첫 공식 만남을 갖는 자리였다. 주요 현안에 대해 서로의 의견을 직접 확인할 수 있었던 자리였고 시설관리 및 구단과의 기존 협의 사항에 대해 책임감 있는 지원을 약속해 준 강기윤 시장님께 감사드린다""라고 말했다. 이번 만남을 시작으로 양측은 필요한 사안에 대해 지속적으로 협의를 이어갈 예정이다. 이형석 기자 ops5@edaily.co.kr"
2026.07.09 10:47,[부고] 울산 웨일즈 프로야구단 안상준 코치 모친상,스포티비뉴스,울산 웨일즈 프로야구단 안상준 코치 모친상. 고인 : 최정자 별세 : 2026년 7월 9일 빈소 : 부산시민장례식장 203호실(부산광역시 부산진구 자유평화로 31) 발인 : 2026년 7월 11일 오전 09시 장지 : 영락공원/부산 추모공원 문의 : (051)-636-4444 <저작권자 ⓒ SPOTV NEWS. 무단전재 및 재배포 금지>
2026.07.09 10:45,"NC, 강기윤 창원시장과 첫 공식 만남…주요 현안 의견 교환",MK스포츠,"NC 다이노스가 강기윤 창원특례시 시장과 첫 만남을 가졌다. NC는 “8일 창원시청에서 창원특례시 강기윤 시장과 첫 공식 만남을 가졌다”고 9일 밝혔다. 이날 행사에는 강기윤 시장, 이진만 NC 대표이사가 참석했다. 이번 만남은 새롭게 취임한 창원특례시 시장과 구단의 첫 공식 만남으로 마련됐다. 창원시와 주요 현안에 대해 첫 의견을 교환하는 소중한 시간이 됐다. 이진만 대표는 “오늘은 새롭게 취임하신 시장님과 첫 공식 만남을 갖는 자리였다. 주요 현안에 대해 서로의 의견을 직접 확인할 수 있었다”며 “시설관리 및 구단과의 기존 협의 사항에 대해 책임감 있는 지원을 약속해준 강기윤 시장님께 감사드린다”고 말했다. 한편 이번 만남을 시작으로 양측은 필요한 사안에 대해 지속적으로 협의를 이어갈 예정이다. [이한주 MK스포츠 기자] [ⓒ MK스포츠, 무단전재 및 재배포 금지]"
2026.07.09 10:44,"[오피셜]'전체 1순위 유력' 하현승에 엄준상, 김지우까지…국가대표 명단...",스포츠조선,"[스포츠조선 나유리 기자]대한야구소프트볼협회(KBSA)가 청소년 대표팀 명단을 최종 확정했다. KBSA는 9월 7일부터 13일까지 대만 타이베이에서 열리는 제14회 아시아청소년야구선수권대회에 참가할 청소년 국가대표 코칭 스태프와 선수를 최종 확정했다. 협회는 지난 6일 경기력향상위원회 회의를 개최하고, 청원고 김수관 감독(수석코치), 순천효천고BC 정진 감독(투수코치), 전주고 최대곤 감독(야수코치), 중앙고 남인환 감독(불펜코치)를 각 분야별 코치로 선임하였으며, 각 포지션 별 선수를 최종 엔트리로 선발했다. 덕수고 정윤진 감독이 이끄는 청소년 국가대표 선수단에는 메이저리그 구단들의 뜨거운 러브콜을 받은 초고교급 이도류 유망주들이 대거 승선했다. 투타겸업으로 뉴욕 양키스의 파격적인 제안을 거절하고 국내 무대를 택한 하현승(부산고 3)과 비공식 157km의 강속구를 자랑하는 윤예성(인창고 3)이 대표팀 마운드를 이끈다. 또한 한화이글스배 고교·대학 올스타전 MVP를 차지한 박근서(서울디자인고 3)와 황금사자기 준우승을 이끈 유일한 2학년 투수 한규민(대전고 2)에 더해, 1m95 장신에서 강속구를 뿜어내는 우완 정통파 곽도현(부산공고 3)과 묵직한 직구를 앞세운 김민훈(광주진흥고 3)이 합류해 마운드의 철벽을 세운다. 내야진에는 탁월한 수비 능력을 자랑하는 우주로(대전고 3)와 남현우(서울컨벤션고 3)가 탄탄한 그물망 수비로 내야 전체를 진두지휘한다. 여기에 최근 메이저리그 텍사스 레인저스와 공식 입단 계약을 체결한 투타겸업의 핵심 엄준상(덕수고 3)과 '제2의 김도영'으로 불리는 김지우(서울고 3)가 중심을 잡으며, 날카로운 스윙과 주력을 겸비한 강인규(청주고 3)도 활력을 더한다. 외야와 안방 역시 견고한 짜임새를 갖췄다. 황금사자기 우승의 주역인 공수겸장 외야수 장민제(충암고 3)와 빠른 발을 활용해 공격의 첨병 역할을 할 조희성(유신고 3)이 외야 타선을 이끌고, 안방은 영리한 리드를 자랑하는 원지우(강릉고 3)와 2학년 주전 전영훈(세광고 2)이 든든하게 책임진다. 타선에서는 폭발적인 장타력을 보유한 이호민(경남고 3)과 1m88, 110kg의 체격에서 파괴력을 뿜어내는 황성현(덕수고 3)이 엮어내는 막강한 거포 라인이 중심타선에서 맹활약할 것으로 기대된다. 이번 제14회 아시아청소년야구선수권대회(18세 이하)는 총 8개국이 참가하며, 2개 조 예선 라운드 상위 2팀이 슈퍼라운드에 진출해 예선 라운드 상대 전적(1경기)과 슈퍼라운드 성적(2경기)을 합산한 종합 성적 최종 상위 2팀이 결승전에 진출한다. 한편, 협회는 아시아 정상 탈환을 목표로 8월 중순 선수단을 소집해 국내 강화훈련을 실시하고 팀 전력과 조직력을 극대화한 후 대만으로 출국할 예정이다. 특히, 한국야구위원회(KBO)에서 올해부터 국가대표팀의 국제 경쟁력 강화를 위해 추가 예산 3억 원을 협회로 전격 지원함에 따라, 국가대표 선수단은 더욱 최상의 환경에서 대회 준비에 매진할 수 있게 되었다. 나유리 기자 youll@sportschosun.com"
2026.07.09 10:44,강기윤 창원시장-NC 다이노스 지방선거 후 첫 만남...'연고지 이전' ...,더게이트,"[더게이트] NC 다이노스가 8일 창원시청에서 강기윤 창원특례시장과 첫 공식 만남을 가졌다. 지난해 연고지 이전 검토 선언 이후 불편한 동행 관계였던 구단과 창원시가 새 시장 취임을 계기로 관계 재정립에 나선 모양새다. 이날 만남에는 강기윤 창원시장과 이진만 NC 다이노스 대표이사 등이 참석했다. 지난 6.3 지방선거에서 당선돼 민선 9기 창원시장으로 취임한 이후 구단과 처음으로 마주 앉은 자리였던 만큼 탐색전과 라포 형성, 주요 현안에 대한 원론적인 의견 교환의 성격이 강했다. 강 시장은 ""NC는 창원시민에게 자부심을 주는 소중한 우리 시의 대표 브랜드""라며 ""기존 협의 내용을 차질 없이 이행하고, NC가 야구에만 전념할 수 있도록 시설관리를 철저히 하겠다. 시민들이 안전하고 쾌적하게 야구를 즐길 수 있도록 구단과 잘 소통하고 적극 협력하겠다""고 밝혔다. 이진만 대표는 ""새롭게 취임하신 시장님과 첫 공식 만남을 갖는 자리였다""며 ""주요 현안에 대해 서로의 의견을 직접 확인할 수 있었다""고 말했다. 이어 ""시설관리 및 구단과의 기존 협의 사항에 대해 책임감 있는 지원을 약속해준 강기윤 시장님께 감사드린다""고 밝혔다. 양측은 이번 만남을 시작으로 필요한 사안에 대해 지속적으로 협의를 이어갈 예정이다. 연고지 이전 카드 꺼냈던 NC, 새 시장 취임으로 분위기 반전? 구단과 창원시의 관계가 순탄했던 것만은 아니다. 지난해 관중 사망사고로 장기간 홈구장을 떠나 있던 NC는 5월 30일 홈으로 복귀하며 연고지 이전을 검토하겠다고 공식 선언했다. 창단 이후 창원시가 협의 사항을 제대로 지키지 않고 구단 운영에 비협조적인 태도를 보여왔다는 점을 지적하며 새로운 파트너를 찾을 수 있다고 못 박은 것이다. 이후 창원시 차원의 대응이 이어졌지만 시장 공석 상황에서 실질적으로 할 수 있는 조치에는 한계가 뚜렷했다. 구단도 지방선거 이후로 결정을 미루고 새 시장과 대화하겠다는 스탠스를 취했다. 새 시장이 취임한 만큼 양측이 동반자 관계를 이어갈 수 있을지는 이제 첫걸음을 뗀 단계다. 강 시장은 당선인 시절 단순 티켓 구매 지원 같은 일회성·소모성 지원 대신 시설 개선과 교통 인프라 강화에 행정력을 집중하겠다는 의중을 드러냈다. 야구장에 주차면 700면을 추가로 건설하고, KTX 막차 시간을 밤 10시 이후로 늦추는 방안을 적극 협의하겠다는 구상도 내놨다. 경남도민일보와 인터뷰에선 ""NC는 마산에 머물러야 한다""며 ""450명 정도의 직간접 고용 효과와 1,200억 원의 경제적 효과가 있으니 시가 NC와 잘 협의해 나가고자 한다""고 말했다. 이어 ""NC도 책임감을 갖고 연고지에 대한 애정과 사랑이 깃들 수 있게 하고자 한다""고 의지를 드러낸 바 있다. 지금까지 시장이 바뀔 때마다 부초처럼 흔들렸던 창원시의 NC 정책이 이번에는 실행으로 옮겨질 수 있을지 지켜볼 일이다."
2026.07.09 10:44,“그 공으로 ERA 4점대? 야구 그만둬” 159km 구속 혁명 어떻게 ...,OSEN,"[OSEN=잠실, 이후광 기자] 8일 경기에서 159km 구속 혁명을 일으킨 곽빈(두산 베어스). 그 뒤에는 곽빈을 아끼는 선배들의 쓴소리가 있었다. 프로야구 두산 베어스 에이스 곽빈은 지난 8일 서울 잠실구장에서 열린 2026 신한 SOL KBO리그 SSG 랜더스와의 시즌 8차전에 선발 등판해 7이닝 2피안타(1피홈런) 1볼넷 7탈삼진 1실점 97구 역투를 펼치며 시즌 8승(3패)째를 수확했다. 토종 1선발답게 팀의 7-3 승리 및 전반기 5위 확정을 이끌었다. 경기 후 만난 곽빈은 “퀄리티스타트 플러스로 전반기 마지막을 장식해서 정말 다행이다. 팀이 연패로 가지 않도록 기여한 거 같아 그것도 감사하게 생각한다”라며 “오늘은 적극적인 승부를 했다. 빠르게 유리한 카운트를 만들면서 승부한 결과 투구수를 줄일 수 있었다”라고 소감을 전했다. 옥에 티가 있었다면 2회초 전의산에게 맞은 솔로홈런이었다. 곽빈은 “올 시즌 좌타자 상대 피홈런이 없었는데 오늘 맞았다. 시즌 끝날 때까지 좌타자에게 홈런을 안 맞는 게 목표였다. 전의산이 내 킬러다”라며 “전의산은 내 공이 가장 좋은가보다. 타석 들어올 때부터 웃고 있더라. 던지지 말아야할 공을 던졌는데 역시 전의산이었다. 잠실에서만 홈런 3개를 맞았다. 힘이 좋고 잘 친다”라고 쓴웃음을 지었다. 곽빈은 17경기 8승 3패 평균자책점 2.60 112탈삼진이라는 훌륭한 성적을 남기며 전반기를 탈삼진 1위, 평균자책점, 피안타율(.235) 3위, 다승 공동 4위, 이닝 5위(97이닝)로 마무리했다. 전반기 세 자릿수 탈삼진을 기록한 투수는 곽빈, 아담 올러(KIA 타이거즈), 엘빈 로드리게스(롯데 자이언츠) 등 3명 뿐. 토종 선수는 곽빈이 유일하다. 그러나 곽빈은 크게 연연하지 않는 모습이었다. 그는 “삼진/볼넷 비율이 좋아진 건 마음에 든다. 9이닝당 볼넷도 많이 줄었다. 그러나 탈삼진왕에 대한 생각은 크게 없다”라며 “평균자책점도 원래 목표는 3.50 아래였다. 2년 연속 4점대를 기록해서 형들이 ‘무슨 그 공으로 4점대냐’면서 야구를 그만두라고 했다. 옆에서 (최)원준이 형이 많이 도와줬고, 캠프 때부터 열심히 했다. 후반기도 그냥 열심히 던질 것”이라고 밝혔다. 곽빈은 트랙맨 기준 직구 최고 구속 159km를 마크하며 종전 158.7km(5월 28일 잠실 KT 위즈전)를 넘어 커리어 최고 구속을 경신했다. 비결을 묻자 “웨이트트레이닝을 6~7년 정도 꾸준히 루틴대로 하고 있다. 그런데 강박을 갖고 하진 않는다. 몸이 힘들어도 웨이트트레이닝은 무조건 해야한다기보다 등판 스케줄에 맞춰서 한다. 그래서 이렇게 좋은 퍼포먼스가 나오는 거 같다”라고 답했다. 꿈의 160km 도전에 대해서는 “160km를 던지고 싶은 욕심은 없다. 매년 구위가 떨어지지 않는 게 목표다. 그리고 올해는 조금씩 야구 BQ가 향상되는 느낌이다”라고 말했다. 곽빈은 이 자리를 통해 후배 최민석을 향한 고마운 마음도 전했다. 최민석이 2년차임에도 16경기 9승 2패 평균자책점 2.33의 압도적 퍼포먼스를 뽐내며 곽빈에게 좋은 자극제가 되고 있다. 곽빈은 “(최)민석이가 너무 잘 던져서 그게 생각보다 많이 자극이 되더라. 그래서 민석이한테 너한테 자극 좀 더 받게 후반기 평균자책점 1위를 꼭 하라고 했다”라고 웃으며 “민석이는 2년차인데 본인만의 루틴이 정립돼 있다. 그게 정말 쉽지 않은 거다. 역대급 선수가 온 듯하다. 민석이는 지금이 고점이 아니라 앞으로 더 높은 고점이 있을 거라고 본다. 평정심과 자신감을 높게 평가한다”라고 엄지를 치켜세웠다. 곽빈은 인터뷰 종료 후 돌연 취재진을 붙잡더니 고마운 사람이 한 명 더 있다며 재활 중인 선배 최원준을 언급했다. 곽빈은 “내가 올해 원준이 형 글러브를 끼고 계속 잘 되고 있다. 형이 정말 많은 도움을 준다. 하나밖에 없는 최고의 형이다”라며 “이 글러브를 언제까지 낄지는 모르겠으나 형과 함께하고 있다는 마음이 들어서 참 좋다. 형이 재활을 마치고 건강하게 돌아왔으면 좋겠다”라고 진심을 표현했다. /backlight@osen.co.kr"
2026.07.09 10:41,"“저보다 네일이 부담스럽지 않았을까요? 나균안 우문현답, KIA 에이스와...",마이데일리,"[마이데일리 = 부산 김진성 기자] “저보다 네일이 부담스럽지 않았을까요?” 8일 부산 사직구장. KIA 타이거즈 제임스 네일과 롯데 자이언츠 나균안이 통산 7차례 맞붙었다. 팬들도 이를 알고 관련 플래카드를 준비하기도 했다. 중요한 건 나균안이 그 7차례 맞대결서 한번도 재미를 못 봤다는 점이다. 그러나 이날은 달랐다. 나균안은 5⅔이닝 7피안타 7탈삼진 1사사구 2실점으로 승리투수가 된 반면, 네일은 3⅓이닝 7피안타 2탈삼진 3사사구 5실점으로 패전투수가 됐다. 이날만큼은 결과와 내용 모두 나균안의 완승이었다. 나균안은 포심 최고 148km에 포크볼, 커브를 주로 섞었다. 올 시즌 나균안이 맹활약하는 건, 주무기 포크볼에만 의존하지 않기 때문이다. 이날도 포크볼 35개, 커터가 28개였다. 그리고 슬라이더와 커브를 사용했다. 반면 네일은 네일잡지 않게 제구력과 커맨드가 안 좋았다. 가운데로 몰리는 공, 폭투가 나왔다. 4회 실책이 세 차례나 나오면서 대량실점하기도 했지만, 기본적으로 공이 좋지 않았다. 주무기 투심과 스위퍼가 3년차가 되면서 많이 맞는다. 구속은 150km 수준이다. 느리진 않지만 압도적인 구위도 아니다. 정교한 제구와 볼배합이 중요한데, 김태군과 잘 맞는 호흡이 한준수나 주효상과는 살짝 안 맞는 느낌도 있다. 이런 부분들이 결합해 나균안의 6전7기가 성사됐다. 롯데도 연이틀 KIA를 크게 누르고 위닝시리즈를 예약했다. 나균안은 “솔직히 그런 건 신경 안 썼다. 내가 갖고 있는 투구를 하는 것에 집중했다. 야수들도 수비와 공격에서 도와준 덕분에 이길 수 있었다. 통산 KIA전도 크게 생각 안 했다. 똑같이 준비하려고 했다. 그걸 생각했다면 오히려 갖고 있는 퍼포먼스를 못 냈을 것 같다. 그래서 크게 신경 안 쓰려고 했다”라고 했다. 네일 얘기를 꺼냈더니 나균안은 “오히려 저보다 네일이 더 부담스럽지 않을까요? 저는 크게 신경 안 썼고 오히려 마음 편하게 했다. 네일과 붙는다고 이미 알고 있었기 때문에, 크게 부담은 없었다”라고 했다. 전반기를 16경기서 5승7패 평균자책점 3.90으로 마쳤다. 나균안은 “캠프부터 준비 많이 했다. 밸런스부터 코치님과 식사할 때까지 많은 얘기를 했다. 옆에서 많이 도와준 덕분에 꾸준히 좀 할 수 있었다. 마인드셋도 그렇고, 마운드 올라가서도 그렇고, 다음 경기 준비하는 것까지. 큰 도움이 됐다”라고 했다. 포크볼 의존도를 낮춘 건 큰 힘이 됐다. 나균안은 “공격적인 피칭을 한다. (손)성빈이와 얘기도 많이 했다. 포크볼 던지기 전에 다른 구종으로 카운트를 잡으면서 포크볼을 아끼고, 위기 때 포크볼을 쓰다 보니 좋은 결과가 나왔다”라고 했다."
2026.07.09 10:41,"'무섭게 비가 쏟아진다' 계속 틀렸던 기상청 예보, 오늘은 3경기 우천 ...",스포츠조선,"[스포츠조선 나유리 기자]올스타 브레이크를 앞두고 하루 더 휴식이 주어질까. 수도권과 충청권을 중심으로 무섭게 비가 쏟아지고 있다. 오늘(9일) 전국 5개 구장에서 KBO리그 경기가 펼쳐진다. 그러나 이날 전국적으로 많은 양의 비가 예고되어 있다. 특히 수도권과 충청권에 하루종일 비가 쏟아질 가능성이 높다. 기상청에 따르면, 이날 중부지방과 전라권, 경북 중부와 북부를 중심으로 매우 강하고 많은 비가 예상된다. 돌풍과 함께 천둥, 번개를 동반하는 지역도 있다. 예상 강수량은 서울·인천·경기 30∼80㎜, 강원 내륙·산지 50∼100㎜, 강원 동해안 5∼50㎜이며, 충청권은 대전·세종·충남·충북 중·남부 80∼150㎜, 충남 북서부·충북 북부 50∼100㎜로 예상된다. 기상청은 또 ""충청권과 남부지방은 이날 밤에 대부분 그치겠으나, 수도권과 강원도는 10일 오전까지 비가 이어진다""고 예보했다. 9일 오전 현재 서울을 비롯한 수도권에 엄청난 양의 비가 쏟아지기 시작됐고, 강한 비구름이 서해에서 계속 유입되고 있는 상황이다. 부산 사직구장에서 열리는 KIA 타이거즈와 롯데 자이언츠의 경구, 대구 삼성라이온즈파크에서 열리는 LG 트윈스와 삼성 라이온즈의 경기는 정상 진행이 될 가능성도 있다. 특히 부산과 경남 지역에는 비 예보가 없는 상황이다. 대구는 적은 양의 비가 오후 일부 내릴 가능성이 있지만 경기 진행에는 무리가 없을 것으로 보인다. 관건은 서울과 대전 총 3개 구장 경기다. 이날 잠실구장에서 SSG 랜더스와 두산 베어스가 맞붙고, 수원 KT위즈파크에서 키움 히어로즈와 KT 위즈가 맞대결을 펼칠 예정이다. 또 대전 한화생명볼파크에서는 NC 다이노스와 한화 이글스가 맞대결을 앞두고 있다. 대전 NC-한화전은 전날(8일) 경기도 비로 인해 우천 순연이 결정된 바 있다. 기상청은 8일도 수도권에 많은 비가 예정되있다고 예보했었으나, 예상과는 달리 비가 오전에 빨리 그치면서 잠실과 수원 경기가 예정대로 진행됐었다. 7일 역시 마찬가지. 하지만 9일은 중부지방 경기가 정상 진행되기 힘들 확률이 높다. 10개 구단은 10일부터 일제히 올스타 휴식기에 돌입한다. 하루 빨리 휴식에 들어갈 가능성이 높아보인다. 나유리 기자 youll@sportschosun.com"
2026.07.09 10:36,"홍창기도 류지혁 쾌유 기원 ""큰 부상 아니길→팬분들도 많은 응원 부탁드린...",스타뉴스,"[스타뉴스 | 박수진 기자] 수비 도중 주자와 강하게 충돌하며 어지럼증을 호소 교체된 삼성 라이온즈 내야수 류지혁(32)을 향해 상대 팀인 LG 트윈스 외야수 홍창기(33)가 따뜻한 위로와 쾌유의 메시지를 전했다. 홍창기는 9일 오전 게시된 LG 트윈스 구단 공식 유튜브 'LGTWINSTV' 영상을 통해 ""류지혁이 안 좋게 부상을 당하고 나갔기 때문에 별일 없었으면 좋겠다""라며 안타까운 마음을 전한 뒤 ""팬분들께서도 류지혁 선수 많이 응원해 주셨으면 좋겠다""고 덧붙였다. 문제의 부상은 8일 경기 도중 나왔다. 류지혁은 8일 대구 삼성라이온즈파크에서 열린 '2026 신한 SOL KBO리그' LG 트윈스와의 홈 경기에서 6회초 수비 도중 큰 충돌을 겪은 뒤 김상준과 교체됐다. 삼성이 2-5로 뒤진 6회초 LG 구본혁의 번트 타구를 투수 백정현이 잡아 1루로 송구했다. 이때 1루 커버를 들어온 2루수 류지혁이 공을 한 번에 잡지 못하고 더듬는 사이, 1루로 전력 질주하던 구본혁과 강하게 부딪히고 말았다. 이 과정에서 류지혁의 머리가 구본혁의 오른쪽 허벅지 안쪽과 크게 충돌하는 사고가 발생한 것이다. 한동안 류지혁은 그라운드에서 일어나지 못했고, 구급차까지 진입하는 장면이 연출됐다. 다행히 스스로 일어나 코치진의 부축을 받으며 더그아웃으로 이동했으나, 어지럼증 탓에 몇 번이고 발걸음을 멈췄다. 끝내 트레이너의 등에 업혀 더그아웃으로 향했다. 삼성 구단 관계자는 현장 취재진에게 ""류지혁은 현재 어지럼 증세가 있어 안정을 취하는 중이며, 계속 상태를 지켜볼 예정""이라고 밝혔지만 끝내 병원으로 이동해 CT 촬영 등 각종 검사를 진행한 것으로 전해졌다. 박수진 기자 bestsujin@mtstarnews.com"
2026.07.09 10:35,"[청룡기] 세광고-배명고, 4강전 1회 우천으로 중단",스포츠조선,"[목동=스포츠조선 고재완 기자] 세광고과 배명고의 준결승 경기가 갑자기 내린 폭우로 중단됐다. 9일 오전 10시 서울 목동야구장에서는 제81회 청룡기 전국고교야구선수권대회 겸 주말리그 왕중왕전(조선일보·스포츠조선·대한야구소프트볼협회 공동 주최) 4강전 배명고와 세광고의 경기가 진행됐다. 시작부터 세광고는 배명고를 강하게 밀어붙였다. 1회초 배명고 선발 김시원은 첫 타자 황동민을 유격수 땅볼로 잡아냈지만 김우진과 전영훈을 볼넷과 사구로 내보낸 후 이세민으로 교체됐다. 이세민 역시 이홍석과 서정휘에게 볼넷과 사구를 기록하며 밀어내기 선취점을 허용했다. 1회말 배명고도 기회를 잡았다. 선두타자 강승재가 유격수 실책으로 출루했다. 배명고가 무사 1루의 기회를 맞은 상황에서 이날 오전 10시 20분 갑작스런 폭우로 인해 경기가 중단된 상황이다. 한편 배명고는 지난 7일 야탑고와의 8강전에서 연장 10회말 5대4 극적인 끝내기 밀어내기 승리로 4강에 올랐다. 2017년 에이스 곽빈(두산 베어스)을 앞세워 청룡기 우승을 차지한 후 9년 만에 8강에 올랐다. 창단 후 두 번째 청룡기 우승에 도전한다. 세광고는 강릉고를 12대1, 5회 콜드게임으로 가볍게 승리하고 4강에 올라 배명고와 맞붙게 됐다. 고재완 기자 star77@sportschosun.com"
2026.07.09 10:33,"류지혁 부상 장면 반복 재생에 팬들 충격…""아이들이 울었다""",연합뉴스,"(서울=연합뉴스) 김경윤 기자 = 지난 8일 대구삼성라이온즈파크에서 열린 2026 프로야구 LG 트윈스와 삼성 라이온즈의 경기를 관람한 일부 야구팬들이 경기 중에 발생한 삼성 류지혁의 부상 장면이 전광판에 반복 재생돼 충격을 받았다고 호소했다. 9일 온라인 커뮤니티 등에는 당시 현장을 찾은 관중들의 충격을 전하는 글이 잇따라 올라왔다. 유튜브 이용자 '@solsol1618'는 관련 영상에 ""오늘 경기를 직접 관람했다. 같이 간 아이들이 충격받았다. 현장 분위기가 진짜 심각했다""고 했다. 네이버 팬 카페 사자사랑방에서도 ""눈물이 막 나오더라. 진짜 못 보겠더라"", ""속이 울렁거렸다. 슬로 화면으로 반복해서 보여주더라"", ""거의 교통사고 나는 것처럼 사람이 튕겨 나가는 걸 그대로 목격했으니 트라우마가 남을 것 같다. 안 보여줬으면 하는 것을 계속 돌려 보여 줬다. 너무 잔인하게 느껴졌다""는 등의 반응이 이어졌다. 특히 어린이 관중들이 큰 충격을 받았다는 글도 적지 않았다. 아이디 '직관좋아요'는 ""우리 둘째는 자려고 눈 감고는 계속 그 장면이 생각난다고 하더라. 어린이들이 걱정된다""고 했다. '박승규사자'는 ""우리 집 애들도 굉장히 충격받았다""고 적었다. '니나맘19'씨는 ""초등학교 1학년 딸이 놀라서 울음이 터졌다. 결국 6회에 (경기장을) 나왔다""고 전했다. 류지혁은 이날 2-5로 뒤진 6회초 수비 과정에서 희생번트를 시도한 뒤 1루로 달리던 LG 구본혁과 크게 충돌했다. 류지혁은 구본혁의 무릎에 얼굴을 강하게 부딪친 뒤 쓰러졌고, 어지럼증을 호소해 트레이닝 코치의 등에 업혀 그라운드를 빠져나갔다. 이후 LG가 구본혁의 세이프-아웃 판정에 관한 비디오 판독을 요청하는 과정에서 삼성 구단은 전광판에 류지혁의 부상 장면을 반복 재생했다. 방송 중계에서도 이 모습이 느린 화면으로 여러 차례 나왔다. 강제로 이 장면을 반복 시청한 많은 관중과 시청자들은 충격을 받은 듯했다. 방송 중계 화면에는 전광판을 바라보던 한 어린이 관중이 눈물을 흘리는 모습이 포착되기도 했다. 삼성 구단이 충격적인 부상 장면을 전광판에 반복 재생한 이유는 KBO리그 규정에 비디오 판독 운영 방침 권고안 때문으로 보인다. 한국야구위원회(KBO)는 2023시즌을 앞두고 '팬 퍼스트' 정책의 하나로 비디오 판독 장면을 전광판과 중계 화면을 통해 실시간으로 제공하도록 권고했고, 관련 규정을 신설했다. KBO리그 규정 제28조 비디오 판독 13항에 따르면 KBO는 '비디오 판독 시 구단은 전광판에 중계 리플레이 또는 판독 화면을 상영할 수 있다'고 명시했다. 이후 각 구단은 비디오 판독이 나올 때마다 박진감 넘치는 배경음악과 함께 해당 장면을 전광판에 반복 재생하고 있다. 다만 이번 사례를 계기로 선수의 심각한 부상 장면이 포함된 비디오 판독의 경우에는 전광판과 중계 화면의 반복 재생을 제한할 필요가 있다는 지적이 나온다. cycle@yna.co.kr (끝) ▶제보는 카톡 okjebo"
2026.07.09 10:33,"'올해는 자동차 아니네' 미스터 올스타, 상금 2000만원에 최고급 안마...",스포츠조선,"[스포츠조선 나유리 기자]2026 KBO 올스타전 행사 참석 선수 명단과 시상 내역이 최종 확정됐다. 올해 KBO 올스타전은 10일과 11일 잠실구장에서 열린다. 전야제인 10일 올스타 프라이데이에는 오후 4시부터 4시 30분까지 퓨처스 올스타 선수들을 잠실종합운동장 2주차장 내 팬 페스트존에서 만날 수 있다. 한화 강건우, 두산 김주오, NC 신재인, KT 박지훈은 북부, 남부로 나뉘어 각 15분씩 배팅존과 피칭존에서 팬들에게 투구와 타격에 대한 원포인트 레슨을 진행한다. 오후 6시에 열리는 KBO 퓨처스 올스타전의 우승팀에게는 상금 1000만원이 주어지며, MVP에게는 상금 200만원과 트로피가 전달된다. 이와 함께 퓨처스 올스타전에서 뛰어난 활약을 펼친 선수 개인에게 수여하는 베스트 퍼포먼스상, 감투상, 우수 투수상, 우수 타자상 수상자에게는 각각 상금 100만원과 트로피가 수여된다. 베스트 퍼포먼스상은 퓨처스 올스타전에서 뛰어난 퍼포먼스로 명장면을 만들어낸 선수에게 수여되며, 수상자는 퓨처스리그 타이틀 스폰서인 메디힐의 후원을 통해 상금 100만원과 부상을 제공받는다. 또한 퓨처스 올스타전과 올스타전의 개인 시상 12개 부문 수상자 전원에게는 퓨처스리그 타이틀 스폰서인 메디힐의 시상품이 부상으로 함께 증정될 예정이다. 퓨처스 올스타전 종료 후에는 KBO리그를 대표하는 거포들이 참가하는 홈런더비가 펼쳐진다. 6월 28일 경기까지 홈런 9개 이상을 기록한 올스타 선정 선수 12인 중 팬 투표를 통해 상위 득표를 기록한 KIA 김도영, 두산 양의지, 박준순, LG 오스틴, 한화 강백호, 문현빈, 허인서, NC 김주원이 참가하는 홈런더비는 개인전으로 진행되며 득표 역순으로 참가 순서가 결정된다. 지난해 '시간제' 와 '아웃제' 방식이 결합한 방식을 도입한 홈런더비는, 올해 진행 순서를 바꿔 더욱 극적인 승부를 연출할 예정이다. 예선 5아웃, 결승 7아웃의 정해진 아웃카운트가 소진될 때까지 타격을 진행한 뒤, 최대 30초의 휴식 후 1분간 주어지는 '컴프야 피버타임' 동안 추가 타격을 이어간다. 컴투스프로야구 홈런더비 우승자에게는 트로피, 상금 1000만원과 함께 삼성 에어드레서(일반용량)가 제공된다. 준우승 선수에게는 트로피와 상금 300만원을 수여하며 최장거리 홈런을 날린 선수에게는 LG 퓨리케어 공기청정기가 제공된다. 또한 올해는 두 가지 특별상이 신설되어 시상의 재미를 더한다. 홈런더비 최종 우승자의 배팅볼 투수에게는 '홈런 메이커상'과 함께 보스 헤드폰 2세대가 제공되며, 예선 '컴프야 피버타임' 동안 가장 많은 홈런을 터뜨린 선수에게는 '컴프야상'과 함께 삼성 무빙스타일 Mini LED가 주어진다. 올스타전 본 행사 당일 11일 관람객 입장이 시작되는 오후 3시에는 1,3루 내야 게이트 웰컴 존에서 올스타전을 찾은 야구팬들을 맞이하는 행사가 진행된다. 같은 시간 잠실야구장 외야 그라운드에서 30명의 올스타 선수들이 3개 조로 나뉘어 팬 사인회를 진행하며 팬들과 직접 소통하는 시간을 갖는다. 오후 3시 30분부터 4시 5분까지는 팬 페스트존 내 배팅존과 피칭존에서 키움 박준현 LG 송찬의, 롯데 김진욱, 삼성 김도환 등 올스타 선수들이 참여해 팬들을 대상으로 타격 및 투구 지도를 진행할 예정이다. 오후 4시 30분부터는 '썸머레이스'가 펼쳐진다. 나눔 올스타에서는 LG 우강훈-구본혁, 한화 허인서-이도윤, NC 전사민-류진욱, KIA 박재현-성영탁, 키움 박준현-김건희, 드림 올스타에서는 SSG 정준재-김건우, 삼성 이승민-양창섭 KT 손동현-전용주, 롯데 현도훈-박정민, 두산 이영하-곽빈이 팬, 마스코트와 한 팀을 이뤄 장애물 달리기 경주에 참가한다. 대회는 토너먼트 형식으로 치러지며 우승 팀에게는 상금 350만 원이 수여된다. 오후 6시에 열리는 올스타전 경기에서 가장 인상적인 활약을 펼친 '미스터 올스타'에게는 지난해 대비 1000만원 증액된 2000만원의 상금과 트로피 그리고 바디프랜드 제품과 메디힐 시상품이 부상으로 주어진다. 올스타전 우승팀에게는 상금 3000만원이 주어지며, 승리 감독상과 우수 수비상, 우수 투수상, 우수 타자상, 베스트 퍼포먼스상 수상자에게는 각각 상금 300만원과 트로피, 메디힐 시상품이 부상으로 수여된다. 나유리 기자 youll@sportschosun.com"
2026.07.09 10:28,잠실로 향하는 KIA 올스타 군단…김도영 홈런더비 우승 도전,광주매일신문,"[광주매일신문=주홍철 기자] 프로야구 KIA 타이거즈 선수들이 별들의 축제로 향한다. 김도영은 홈런더비 우승에 도전하고, 올러를 비롯한 KIA 올스타 6명은 팬들과 함께 올스타 무대를 빛낸다. 오는 10일과 11일 서울 잠실야구장에서는 2026 신한 SOL KBO 올스타전이 열린다. KIA는 김도영과 올러, 정해영, 성영탁, 박재현, 한준수 등 6명의 선수가 출전해 팬들과 만난다. 가장 큰 관심은 역시 김도영이다. 김도영은 10일 열리는 올스타 프라이데이 홈런더비에 출전한다. 팬 투표에서 2만6천731표를 얻어 출전 선수 가운데 가장 많은 지지를 받았다. 최다 득표에 오르며 높은 인기를 다시 한번 확인했다. 올 시즌 김도영은 홈런 26개를 기록하며 리그 정상급 장타력을 뽐내고 있다. 홈런 선두인 LG 오스틴과는 단 1개 차다. 정규시즌 홈런 경쟁을 벌이고 있는 두 선수가 이번에는 홈런더비 정상 자리를 놓고 맞대결을 펼친다. 이번 홈런더비에는 양의지(두산), 박준순(두산), 오스틴(LG), 강백호와 문현빈(이상 한화), 김주원(NC), 허인서(한화)도 참가해 치열한 경쟁을 예고했다. 올해 홈런더비는 경기 방식도 달라졌다. 먼저 정해진 아웃카운트 안에서 타격을 진행한 뒤 최대 30초간 휴식을 가진 후 1분간 ‘컴프야 피버타임’으로 추가 홈런을 노리는 방식으로 진행된다. 우승 상금은 기존보다 두 배 늘어난 1천만원으로 상향됐으며, 준우승 상금은 300만원이다. 최장거리 홈런상과 피버타임 최다 홈런상 등 특별상도 마련됐다. 11일 열리는 올스타전에서는 KIA 선수들이 나눔 올스타의 주축으로 팬들과 호흡한다. 선발투수 올러가 마운드에 오르고, 정해영과 성영탁도 불펜을 책임진다. 김도영은 3루수, 박재현은 외야수, 한준수는 포수로 출전해 KIA를 대표하는 별들의 무대를 선보일 예정이다. 올러는 올 시즌 리그 정상급 평균자책점과 탈삼진 능력을 앞세워 KIA 선발진을 이끌었다. 성영탁은 마무리 투수로 뒷문을 책임졌고, 정해영 역시 전반기 KIA 불펜의 핵심 전력으로 활약했다. 김도영은 홈런더비와 올스타전에서 KIA 타선을 대표한다. 박재현과 한준수도 전반기 활약을 바탕으로 별들의 무대를 밟으며 팬들과 만난다. KIA 선수들은 경기 외 행사에서도 팬들과 함께한다. 박재현과 성영탁은 올스타전 당일 열리는 ‘신한 슈퍼SOL 썸머레이스’에 나눔 올스타 대표로 출전해 팬, 마스코트와 한 팀을 이뤄 장애물 달리기에 나선다. 김도영 역시 홈런더비를 통해 올스타 축제의 열기를 더할 예정이다. 이번 올스타전은 잠실야구장에서 열리는 마지막 올스타전이라는 점에서도 의미가 크다. ‘RE:잠실-ALL STARS, ALL MEMORIES’를 주제로 꾸며지는 이번 행사는 잠실야구장의 추억을 되새기는 다양한 프로그램으로 채워진다. 팬들은 경기뿐 아니라 축제도 함께 즐길 수 있다. 잠실종합운동장에는 팬 페스트존이 마련돼 야구 체험과 전시, 선수 원포인트 레슨, 공식 굿즈 판매 등이 진행된다. 경기장에서는 대한민국 공군 특수비행팀 블랙이글스의 에어쇼와 가수 우즈(WOODZ)의 클리닝타임 공연도 펼쳐져 마지막 잠실 올스타전의 분위기를 더욱 뜨겁게 달굴 예정이다. KIA 선수들은 전반기 마지막 일전을 마친 뒤 올스타 무대에서 팬들과 특별한 시간을 보낸다. 김도영의 홈런더비 우승 도전은 물론 KIA 올스타 6명의 활약이 마지막 잠실 올스타전의 또 다른 볼거리가 될 전망이다. jhc@kjdaily.com"
2026.07.09 10:27,"NC 다이노스, 강기윤 창원특례시장과 첫 공식 만남 ""주요 현안 확인""",스포츠조선,"[스포츠조선 나유리 기자]NC 다이노스가 강기윤 시장과 첫 공식 만남을 가졌다. NC 구단은 ""지난 8일 창원시청에서 강기윤 창원특례시 시장과 첫 공식 만남을 가졌다""고 밝혔다. 이번 만남에는 창원특례시 강기윤 시장, NC 다이노스 이진만 대표이사 등이 참석했다. 이번 만남은 새롭게 취임한 창원특례시 시장과 구단의 첫 공식 만남으로 마련됐으며, 창원시와 주요 현안에 대해 첫 의견을 교환하는 시간을 가졌다. NC 다이노스 이진만 대표는 ""오늘은 새롭게 취임하신 시장님과 첫 공식 만남을 갖는 자리였다. 주요 현안에 대해 서로의 의견을 직접 확인할 수 있었던 자리였고 시설관리 및 구단과의 기존 협의 사항에 대해 책임감 있는 지원을 약속해준 강기윤 시장님께 감사드린다""라고 말했다. 이번 만남을 시작으로 양측은 필요한 사안에 대해 지속적으로 협의를 이어갈 예정이다. 나유리 기자 youll@sportschosun.com"
2026.07.09 10:25,"44년 묵은 LG의 숙원…오스틴, 구단 최초 MVP 정조준",뉴스1,"(서울=뉴스1) 권혁준 기자 = LG 트윈스는 2023년에 이어 지난해에도 통합 우승을 일구며 2020년대 최초의 2회 우승을 달성했다. 올해도 시즌 초반부터 꾸준히 선두권을 유지하며 강력한 우승 후보로 군림하고 있다. 하지만 그런 LG가 44년째 풀지 못한 숙원이 있다. 바로 정규시즌 최우수선수(MVP) 타이틀이다. '신바람 야구'를 표방하며 2차례 우승했던 1990년대에도, 그리고 39년 만에 우승 한풀이에 성공한 2023년과 최강 자리를 확인한 2025년에도 LG에서 MVP를 배출하지 못했다. LG는 10개 구단 중 유일하게 정규시즌 MVP가 없는 팀이기도 하다. '최다 우승팀' KIA 타이거즈가 무려 10회, 삼성 라이온즈가 9회이고, 9·10번째로 창단한 NC 다이노스(2회)와 KT 위즈(1회)도 MVP를 배출한 것을 감안하면, 'MBC 청룡'으로 프로야구 원년부터 함께 했던 LG 출신의 MVP가 없다는 건 의아한 기록이다. 2002년 투수 3관왕의 신윤호가 재투표 끝에 이승엽(삼성)에게 MVP를 내준 것이 LG 구단 역사에선 그나마 가장 MVP에 근접한 사례였다. 39년 만에 우승을 차지했던 2023년엔 에릭 페디(NC), 2년 만에 다시 정상에 오른 지난해엔 코디 폰세(한화)라는 '괴물 외인'의 MVP 수상을 지켜봐야 했다. 이런 가운데 올 시즌 드디어 LG의 한풀이가 가능할 것이라는 전망이 점쳐진다. 선두 싸움을 벌이는 팀 성적은 물론, 개인 기록에서도 'MVP급' 활약을 펼치는 오스틴 딘이 있기 때문이다. 오스틴은 2023년부터 4시즌째 LG 유니폼을 입고 있다. 오스틴이 온 직후 LG는 39년 만의 우승 한풀이에 성공했기에, 그는 LG 우승의 '마지막 퍼즐', '복덩이 외인' 등의 수식어를 들으며 사랑받고 있다. 그는 지난 3시즌에도 매년 타율 3할에 30홈런 100타점에 근접한 최상위급 성적을 냈지만, MVP엔 한 걸음이 부족했다. 20승에 평균자책점 2.00의 페디(2023년), 최연소 30(홈런)-30(도루)을 달성한 김도영(KIA·2024년), 17승에 평균자책점 1.89를 기록한 폰세(2025년)까지 리그에 확실한 MVP 후보에게 표심이 쏠릴 수밖에 없었다. 그러나 올 시즌은 오스틴 자신이 '확실한 MVP 후보'가 되는 모양새다. 그는 전반기 종료를 앞둔 현재까지 84경기에서 0.343의 타율과 27홈런 83타점 OPS(출루율+장타율) 1.088 등을 기록 중이다. 홈런 1위, 타점 2위, 타율 3위, 장타율 1위 등 타격 주요 지표에서 선두를 다투고 있다. 현시점 MVP 한 명을 꼽는다면 단연 오스틴일 수밖에 없다. 후반기에도 이같은 성적을 유지하고, LG의 성적이 크게 곤두박질치지 않는다면 오스틴의 이름은 MVP 레이스에서 계속 언급될 터다. 무엇보다 김도영과의 홈런 경쟁에서 뒤지지 않고 홈런왕 타이틀을 획득하면 MVP 가능성은 매우 높게 점쳐진다. 오스틴의 경쟁자로는 홈런 2위 김도영, 타점 1위 강백호(한화) 등이 거론된다. 투수 중 가장 압도적인 성적을 내고 있는 아담 올러(KIA)와 2위 삼성의 에이스 아리엘 후라도 등도 잠재적 후보군이 될 수 있다. 팀 동료 중에도 경쟁자가 나타날 수 있다. 팀을 위해 선발투수에서 마무리로 보직 변경한 손주영이다. 손주영은 현재까지 1승 19세이브에 평균자책점 1.09를 기록 중이며, 세이브 실패가 단 한 번도 없었다. 손주영이 30세이브 이상과 함께 구원왕 타이틀을 차지한다면 MVP 후보로 손색이 없다. 신인왕 레이스에선 한화 이글스의 신예 포수 허인서가 앞서간다. 허인서는 2022년 데뷔했지만 지난해까지 1군 출전 경기가 28경기에 불과해 '신인왕 자격'을 갖추고 있다. 그는 현재까지 72경기에서 0.293의 타율과 12홈런 45타점을 기록 중이다. 시즌 초반만 해도 백업 포수였지만, 어느덧 베테랑 최재훈을 밀어내고 팀의 '주전 안방마님'이 됐다. 만일 허인서가 후반기에도 페이스를 유지해 신인왕에 오른다면, 2010년 양의지(두산) 이후 16년 만의 '포수 신인왕'이 된다. 허인서를 필두로 올 시즌 리그에 '포수 세대교체'의 바람이 불고 있다는 점에서 상징적인 기록이다. 역대 기록으로 봐도 포수 신인왕은 드문 기록이다. 1999년 홍성흔(OB)과 2010년 양의지 두 명만이 신인왕을 차지한 포수였다. 한화 출신 신인왕은 이정훈(1987년), 김태균(2001년), 류현진(2006년), 문동주(2023년) 등 역대 4명이 있었다. 허인서는 쟁쟁한 선수들과 어깨를 나란히 할 기회를 잡았다. 허인서의 신인왕 경쟁자로는 장찬희(삼성)와 박준현(키움) 등 '순수 신인' 투수가 꼽힌다. 장찬희는 4승4패 평균자책점 4.58, 박준현은 1승4패 평균자책점 3.67로 아직 허인서에 비해 임팩트는 부족한 편이다. 더구나 장찬희는 최근 팔꿈치 염증 진단으로 전력에서 이탈해 부상 회복 추이를 살펴봐야 한다. starburyny@news1.kr"
2026.07.09 10:22,롯데는 도대체 어떻게 이런 투수를 찾았을까...편견 빼고 정성 더한 결과...,MHN스포츠,"(MHN 정철우 기자) 스카우팅의 본질은 유명한 선수를 확인하는 일이 아니다. 남들이 아직 제대로 보지 못한 선수를 먼저 발견하는 일이다. 롯데 자이언츠가 아시아쿼터로 영입한 이이무라 쇼타는 그 본질을 다시 생각하게 만드는 선수다. 이이무라는 익숙한 카드가 아니었다. 일본프로야구 1군에서 이름을 알린 투수도 아니었고, 2군에서 꾸준히 검증된 선수도 아니었다. KBO 구단들이 비교적 쉽게 정보를 얻을 수 있는 일본 독립리그 출신도 아니었다. 롯데가 그를 찾은 곳은 대만 실업야구였다. 아시아쿼터 시장이 열리면 자연스럽게 일본으로 시선이 향한다. 야구 수준이 높고 정보가 많으며 선수 비교도 쉽다. 일본프로야구 1·2군 경력자는 영상과 데이터가 충분하다. 독립리그 역시 최근에는 정보 접근성이 크게 좋아졌다. 구단 입장에서는 검증 과정이 상대적으로 수월하다. 그러나 모두가 같은 곳을 보면 선택지도 비슷해진다. 누구나 아는 선수는 이미 여러 구단의 평가 대상이다. 경쟁이 붙고 가격은 올라간다. 제한된 예산 안에서 차이를 만들려면 남들이 덜 보는 시장까지 들어가야 한다. 롯데는 이번에 그렇게 했다. 이이무라는 일본 사회인야구를 거쳐 대만 실업야구에서 뛰고 있었다. 프로 경력만 놓고 보면 물음표가 붙을 수밖에 없는 선수였다. 하지만 현재의 공은 달랐다. 빠른 공에 힘이 있었고 슬라이더와 스플리터, 싱커 등 여러 구종을 섞을 수 있었다. 대만 춘계리그에서는 29이닝 평균자책점 0.93이라는 눈에 띄는 성적도 남겼다. 물론 평균자책점 0.93만 보고 계약할 수는 없다. 대만 실업야구 성적을 그대로 KBO리그 성공 가능성으로 연결하는 것은 위험하다. 리그 수준과 타자들의 대응력, 경기 환경이 모두 다르기 때문이다. 그래서 롯데는 숫자에서 멈추지 않았다. 일본 현지 스카우트가 가능성을 봤다. 롯데는 그 판단을 가볍게 넘기지 않았다. 그렇다고 추천서 한 장만 믿고 계약한 것도 아니었다. 일본인 현지 스카우트, 외국인 국제 담당 매니저, 편성파트 수석 매니저, 운영 팀장등이 대만으로 향했다. 이 대목이 이이무라 영입 과정의 핵심이다. 선수 한 명을 보기 위해 서로 다른 기능을 맡은 실무 책임자들이 현장에 갔다. 스카우트 파트는 재능과 성장 가능성을 본다. 전력분석 파트는 구종 가치와 구속 유지력, 타자 반응, KBO 적응 가능성을 따진다. 운영 파트는 현재 선수단 구성과 보직, 계약 이후 활용 방안까지 계산한다. 같은 투수를 봐도 질문이 다르다. 스카우트는 ‘좋은 공인가’를 본다. 전력분석은 ‘KBO에서 통할 공인가’를 따진다. 운영은 ‘지금 롯데에 필요한 공인가’를 판단한다. 롯데는 이 세 가지 시선을 한곳에 모았다. 영상 몇 편으로 끝내지 않았고 기록지만 보고 결정하지 않았다. 현장에서 공이 실제로 어떻게 들어오는지, 타자들이 빠른 공에 어떤 반응을 보이는지, 변화구가 어떤 궤적을 그리는지 직접 확인했다. 정보가 제한적인 선수일수록 현장 검증의 중요성은 커질 수밖에 없다. 이이무라 같은 선수가 특히 그렇다. 일본프로야구 1군 경력자는 이미 수많은 자료가 있다. 2군 선수도 영상과 데이터가 쌓여 있다. 그러나 대만 실업야구 선수는 비교 기준부터 다르다. 기록만 믿으면 위험하고, 프로 경력이 없다는 이유로 지우면 기회를 놓친다. 롯데는 의심을 없앤 것이 아니다. 의심을 확인으로 바꿨다. “왜 프로 경력이 없을까”라는 질문에서 멈추지 않았다. “지금 이 공이 좋다면 KBO에서 어떻게 쓸 수 있을까”라는 다음 질문으로 넘어갔다. 스카우팅의 차이는 바로 그 지점에서 생긴다. 이이무라의 KBO리그 출발이 완벽했던 것은 아니다. 데뷔전에서는 실점했고 프로 무대의 벽도 경험했다. 그러나 이후 흐름은 달라졌다. 두산전에서 첫 승을 거뒀고 KT전에서는 연속 무실점으로 홀드를 추가했다. 등판을 거듭하며 자신의 공을 KBO 타자들에게 어떻게 써야 하는지 조금씩 찾아가고 있다. 아직 성공을 확정할 단계는 아니다. 상대 팀의 분석은 앞으로 더 깊어진다. 빠른 공의 궤적과 변화구 비율, 볼카운트별 선택, 좌우 타자 상대법까지 파고들 것이다. 그 분석을 이겨내야 진짜 성공이다. 그러나 영입 과정만큼은 이미 평가할 만하다. 롯데는 이름값이 아니라 현재의 공을 봤다. 경력이 아니라 활용 가능성을 따졌다. 리그의 간판보다 실제 경쟁력을 확인했다. 그리고 그 판단을 위해 직접 움직였다. 프로야구의 외국인 선수 영입은 늘 리스크를 안고 있다. 아무리 좋은 경력을 가진 선수도 한국에서 실패할 수 있다. 반대로 이름이 크지 않아도 KBO리그에 맞는 무기를 갖고 있다면 충분히 전력이 될 수 있다. 결국 중요한 것은 경력의 크기가 아니라 얼마나 정확히 보느냐다. 롯데는 이이무라에게서 불펜에서 활용할 수 있는 가능성을 봤다. 빠른 공으로 짧은 이닝을 압박할 수 있고 여러 변화구를 섞어 타자를 상대할 수 있다고 판단했다. 총액 7만 달러라는 계약 규모를 감안하면 위험 부담을 크게 키우지 않으면서 전력 보강 효과를 노린 선택이었다. 아시아쿼터의 진짜 의미도 여기에 있다. 이 제도는 단순히 일본프로야구 주변부 선수를 데려오는 통로가 아니다. 아시아 야구 전체에서 KBO리그에 맞는 선수를 찾아내는 장치가 될 수 있다. 일본 2군과 독립리그만 볼 필요는 없다. 일본 사회인야구, 대만프로야구, 대만 실업야구 등으로 시야를 넓히면 새로운 선택지가 생긴다. 중요한 것은 시장을 넓히는 것만이 아니다. 그 선수를 평가할 기준과 검증 과정이 있어야 한다. 롯데는 이이무라 영입 과정에서 현지 네트워크의 추천을 존중하되 구단이 직접 확인했다. 스카우트의 감각에 전력분석의 검증을 붙였고 운영 파트의 현실적 판단까지 더했다. 그 결과가 이이무라다. 앞으로 등판이 더 쌓여야 최종 평가는 가능하다. 어느 순간 상대 분석에 막힐 수도 있고 적응 과정에서 굴곡을 겪을 수도 있다. 그러나 이번 영입 과정 자체가 갖는 의미는 분명하다. 다른 구단이 일본 2군을 볼 때 롯데는 대만 실업야구까지 갔다. 다른 구단이 경력표를 볼 때 롯데는 현재의 공을 봤다. “왜 프로에 못 갔느냐”는 질문에 머물지 않고 “지금 이 공을 KBO에서 어떻게 쓸 수 있느냐”고 물었다. 그 차이가 숨어 있던 선수를 발견하게 했다. 좋은 스카우팅은 편견을 줄이는 일이다. 더 좋은 스카우팅은 그 가능성을 확인하기 위해 움직이는 일이다. 이이무라의 153㎞ 빠른 공만 볼 일이 아니다. 그 공을 발견하기 위해 대만까지 간 발품, 프로 경력이 없다는 이유로 낮춰보지 않은 시선, 현지 스카우트의 판단을 존중하면서도 직접 검증한 조직의 태도까지 함께 봐야 한다. 롯데가 얻은 것은 불펜 투수 한 명만이 아니다. 아시아쿼터 시장을 바라보는 새로운 방식이다. 그리고 그 방식은 앞으로 롯데의 또 다른 경쟁력이 될 수 있다."
2026.07.09 10:22,박준현·송찬의·김진욱·김도환에게 야구 배운다...KBO 올스타전 행사 참...,더게이트,"[더게이트] 잠실야구장에서 열리는 마지막 올스타전의 밑그림이 완성됐다. KBO는 7월 10일과 11일 양일간 개최되는 '2026 신한 SOL KBO 올스타전'의 행사 참석 선수와 시상 내역을 최종 확정해 9일 발표했다. 올스타전 최고의 영예인 '미스터 올스타'에게는 지난해보다 1000만원 증액된 상금 2000만원과 트로피, 안마의자가 부상으로 주어진다. 승리팀에게는 상금 3000만원이 수여되며, 승리 감독상과 우수 수비상, 우수 투수상, 우수 타자상, 베스트 퍼포먼스상 수상자는 각각 상금 300만원과 트로피, 뷰티 제품을 받는다. 축제의 서막을 여는 10일 올스타 프라이데이에는 퓨처스 올스타 선수들이 팬들을 먼저 만난다. 오후 4시부터 강건우(한화), 김주오(두산), 신재인(NC), 박지훈(KT)이 잠실종합운동장 2주차장 팬 페스트존에서 투구와 타격 원포인트 레슨을 진행한다. 이어 오후 6시에 막을 올리는 퓨처스 올스타전 우승팀에게는 상금 1000만원, MVP에게는 상금 200만원이 수여된다. 극적 승부 연출하는 홈런더비 퓨처스 올스타전이 끝난 뒤에는 '컴투스프로야구 홈런더비'가 개인전으로 펼쳐진다. 올해 홈런더비는 김도영(KIA), 양의지, 박준순(이상 두산), 오스틴(LG), 강백호, 문현빈, 허인서(이상 한화), 김주원(NC) 등 팬 투표 상위 득표자 8명이 나선다. 순서는 투표 결과의 역순으로 결정된다. 올해 홈런더비는 진행 순서를 바꿔 극적인 재미를 더했다. 예선 5아웃, 결승 7아웃의 정해진 아웃카운트가 소진될 때까지 타격을 진행한 뒤 최대 30초의 휴식을 취한다. 이후 1분간 주어지는 '컴프야 피버타임' 동안 추가 타격을 이어가는 방식이다. 우승자에게는 상금 1000만원과 가전제품이 제공된다. 예선 피버타임 동안 가장 많은 홈런을 터뜨린 선수에게는 특별상인 '컴프야상'이 수여된다. 본 행사가 열리는 11일 오후 3시에는 잠실야구장 외야 그라운드에서 올스타 선수 30명이 참여하는 팬 사인회가 열린다. 같은 시간 팬 페스트존에서는 박준현(키움), 송찬의(LG), 김진욱(롯데), 김도환(삼성)이 참여해 팬들을 대상으로 타격 및 투구 지도를 시작한다. 오후 4시 30분부터는 '신한 슈퍼SOL 썸머레이스'가 펼쳐진다. 드림 올스타와 나눔 올스타 선수들이 팬, 마스코트와 한 팀을 이뤄 장애물 달리기 경주를 벌이는 토너먼트 대회다. 나눔 올스타에서는 LG 우강훈-구본혁, 한화 허인서-이도윤, NC 전사민-류진욱, KIA 박재현-성영탁, 키움 박준현-김건희, 드림 올스타에서는 SSG 정준재-김건우, 삼성 이승민-양창섭 KT 손동현-전용주, 롯데 현도훈-박정민, 두산 이영하-곽빈이 팬, 마스코트와 한 팀을 이뤄 장애물 달리기 경주에 참가한다. 대회는 토너먼트 형식으로 치러지며 우승 팀에게는 상금 350만 원이 수여된다."
2026.07.09 10:21,"KBO 올스타전, 어떤 선수가 무슨 행사 참석할까?…시상 내역도 확정됐다",스포티비뉴스,"[스포티비뉴스=최원영 기자] 오는 7월 10일과 11일 이틀간 서울 잠실야구장에서 열리는 2026 신한 SOL KBO 올스타전의 행사 참석 선수와 시상 내역이 최종 확정됐다. 10일 올스타 프라이데이에서는 오후 4시부터 4시 30분까지 퓨처스 올스타 선수들을 잠실종합운동장 2주차장 내 팬 페스트존에서 만날 수 있다. 한화 이글스 강건우, 두산 베어스 김주오, NC 다이노스 신재인, KT 위즈 박지훈은 북부, 남부로 나뉘어 각 15분씩 배팅존과 피칭존에서 팬들에게 투구와 타격에 대한 원포인트 레슨을 진행한다. 오후 6시에 열리는 KBO 퓨처스 올스타전의 우승팀에는 상금 1000만원이 주어지며, MVP에게는 상금 200만원과 트로피가 전달된다. 퓨처스 올스타전에서 뛰어난 활약을 펼친 선수 개인에게 수여하는 베스트 퍼포먼스상, 감투상, 우수 투수상, 우수 타자상 수상자에게는 각각 상금 100만원과 트로피가 수여된다. 베스트 퍼포먼스상은 퓨처스 올스타전에서 뛰어난 퍼포먼스로 명장면을 만들어낸 선수에게 주어지며, 수상자는 퓨처스리그 타이틀 스폰서 메디힐의 후원을 통해 상금 100만원과 부상을 제공받는다. 또한 퓨처스 올스타전과 올스타전의 개인 시상 12개 부문 수상자 전원에게는 퓨처스리그 타이틀 스폰서의 시상품이 부상으로 함께 증정될 예정이다. 퓨처스 올스타전 종료 후에는 KBO리그를 대표하는 거포들이 참가하는 '컴투스프로야구 홈런더비'가 펼쳐진다. 6월 28일 경기까지 홈런 9개 이상을 기록한 올스타 선정 선수 12인 중 팬 투표를 통해 상위 득표를 기록한 KIA 타이거즈 김도영, 두산 양의지와 박준순, LG 트윈스 오스틴 딘, 한화 강백호와 문현빈, 허인서, NC 김주원이 참가한다. 홈런더비는 개인전으로 진행되며 득표 역순으로 참가 순서가 결정된다. 지난해 홈런더비는 '시간제'와 '아웃제' 방식을 결합했는데, 올해는 진행 순서를 바꿔 더욱 극적인 승부를 연출할 예정이다. 예선 5아웃, 결승 7아웃의 정해진 아웃카운트가 소진될 때까지 타격을 진행한 뒤 최대 30초의 휴식 후 1분간 주어지는 피버타임 동안 추가 타격을 이어간다. 홈런더비 우승자에게는 트로피, 상금 1000만원과 함께 에어드레서가 제공된다. 준우승 선수에게는 트로피와 상금 300만원을 수여하며 최장거리 홈런을 날린 선수에게는 공기청정기가 주어진다. 또한 올해는 두 가지 특별상이 신설돼 시상의 재미를 더한다. 홈런더비 최종 우승자의 배팅볼 투수에게는 '홈런 메이커상'과 함께 헤드폰이 제공되며, 예선 피버타임 동안 가장 많은 홈런을 터트린 선수에게는 '컴프야상'과 함께 이동형 TV가 주어진다. 올스타전 본 행사 당일인 11일, 관람객 입장이 시작되는 오후 3시에는 1·3루 내야 게이트 웰컴 존에서 올스타전을 찾은 야구팬들을 맞이하는 행사가 진행된다. 같은 시간 잠실야구장 외야 그라운드에서 30명의 올스타 선수들이 3개 조로 나뉘어 팬 사인회를 진행하며 팬들과 직접 소통하는 시간을 갖는다. 오후 3시 30분부터 4시 5분까지는 팬 페스트존 내 배팅존과 피칭존에서 키움 히어로즈 박준현, LG 송찬의, 롯데 자이언츠 김진욱, 삼성 라이온즈 김도환 등 올스타 선수들이 참여해 팬들을 대상으로 타격 및 투구 지도를 진행할 예정이다. 오후 4시 30분부터는 '신한 슈퍼SOL 썸머레이스'가 펼쳐진다. 나눔 올스타에서는 LG 우강훈-구본혁, 한화 허인서-이도윤, NC 전사민-류진욱, KIA 박재현-성영탁, 키움 박준현-김건희, 드림 올스타에서는 SSG 랜더스 정준재-김건우, 삼성 이승민-양창섭, KT 손동현-전용주, 롯데 현도훈-박정민, 두산 이영하-곽빈이 팬, 마스코트와 한 팀을 이뤄 장애물 달리기 경주에 참가한다. 대회는 토너먼트 형식으로 치러지며 우승 팀에게는 상금 350만원이 수여된다. 오후 6시에 열리는 올스타전 경기에서 가장 인상적인 활약을 펼친 '미스터 올스타'에게는 지난해 대비 1000만원 증액된 2000만원의 상금과 트로피 그리고 안마의자 등 부상이 주어진다. 올스타전 우승팀에는 상금 3000만원이 전달되며 승리 감독상과 우수 수비상, 우수 투수상, 우수 타자상, 베스트 퍼포먼스상 수상자에게는 각각 상금 300만원과 트로피, 시상품이 부상으로 수여된다. <저작권자 ⓒ SPOTV NEWS. 무단전재 및 재배포 금지>"
2026.07.09 10:17,"""새로운 파트너 검토한다"" 깜짝 발표 후 405일, NC 드디어 창원 새...",스포티비뉴스,"[스포티비뉴스=신원철 기자] NC 다이노스가 창원특례시 신임 강기윤 시장과 면담을 가졌다. 지난해 '연고지 이전 가능성'을 내비친 뒤 405일 만에 이뤄진 만남이다. NC 다이노스 구단은 9일 오전 ""구단은 8일 창원시청에서 창원특례시 강기윤 시장과 첫 공식 만남을 가졌다. 이번 만남에는 창원특례시 강기윤 시장, NC 다이노스 이진만 대표이사 등이 참석했다""고 알렸다. 이번 만남은 새롭게 취임한 창원특례시 시장과 구단의 첫 공식 만남으로 마련됐다. 창원시와 주요 현안에 대해 첫 의견을 교환하는 시간을 가졌다. NC 이진만 대표는 ""오늘은 새롭게 취임하신 시장님과 첫 공식 만남을 갖는 자리였다. 주요 현안에 대해 서로의 의견을 직접 확인할 수 있었던 자리였고 시설관리 및 구단과의 기존 협의 사항에 대해 책임감 있는 지원을 약속해준 강기윤 시장님께 감사드린다""라고 밝혔다. 이번 만남을 시작으로 양측은 필요한 사안에 대해 지속적으로 협의를 이어갈 예정이다. NC는 홈구장 재개방이 이뤄진 지난해 5월 30일 '폭탄 발언'을 내놨다. 창단 이후 구단 운영에 비협조적인 태도를 보인 창원시와 협력 관계를 정리하고 새로운 파트너를 찾을 수 있다고 밝혔다. '연고 이전 검토'를 공식적으로 선언한 것이다. 이는 9회 지방선거가 약 1년 남은 시점에서 나온 깜짝 발표였다. 새 시장이 취임하면서 한동안 진전이 보이지 않던 양 측의 관계에 변화가 생길지 주목된다. <저작권자 ⓒ SPOTV NEWS. 무단전재 및 재배포 금지>"
2026.07.09 10:12,"마지막 잠실 올스타전, ‘기념’도 ‘소장’도 특별하게…KBO 굿즈·인증 ...",세계일보,"2026 한국야구위원회(KBO) 올스타전을 앞두고 KBO가 마지막 잠실 올스타전의 의미를 담은 기념 굿즈와 실제 경기 사용 인증 상품을 잇달아 선보인다. KBO는 8일 올스타전을 기념한 공식 굿즈 컬렉션(23종)과 공식 인증 상품을 출시한다고 밝혔다. 팬들이 마지막 잠실 올스타전을 다양한 방식으로 기억하고 소장할 수 있도록 기획한 것이 특징이다. 올해 올스타전 키비주얼은 ‘Re:잠실’이다. 잠실야구장에서 열리는 마지막 올스타전을 기록(Record)하고 기억(Remember)한다는 의미를 담았다. 영상 촬영 화면을 연상시키는 프레임과 카메라 렌즈를 모티브로 한 엠블럼을 적용했으며, 잠실야구장의 개방감과 명물로 자리 잡은 고양이 등 친숙한 요소도 디자인에 녹였다. 공식 굿즈는 유니폼과 모자, 마킹키트는 물론 기념주화, 쉐이커 키링, 기념구, 짐색 등 총 23종으로 구성됐다. 특히 잠실야구장 배치도를 활용한 기념주화와 키링, ‘야구장’ 사이니지를 담은 티셔츠와 랜야드 등 잠실의 상징성을 강조한 상품들이 눈길을 끈다. 지난해에 이어 드림·나눔 올스타 베스트12 선수 일러스트 티셔츠를 선보이고, 올해는 패브릭 포스터와 장패드도 새롭게 추가했다. 마지막 잠실 올스타전을 기념하는 스페셜 기록 티셔츠도 처음 출시된다. 1982년 류중일의 잠실야구장 첫 홈런, 같은 해 세계야구선수권 결승에서 한대화의 역전 3점 홈런, 1987년 이강돈의 첫 사이클링 히트, 1993년 김태원의 첫 노히트노런 등 잠실야구장을 대표하는 역사적인 순간들을 담았다. 굿즈는 올스타전이 열리는 10~11일 잠실야구장 외야 캐치볼장 내 KBO 마켓 부스에서 판매되며, 10일부터는 KBO 스토어 신사논현점에서도 구매할 수 있다. 일부 품목은 이후 KBO 마켓 온라인몰에서도 판매될 예정이다. 실제 경기에서 사용된 물품을 소장할 수 있는 공식 인증 상품도 함께 선보인다. 인증 상품은 선수 실착 유니폼과 모자, 경기 사용구, 라커 네임 플레이트, 올스타전 최우수선수(MVP) 및 홈런더비 우승자에게 수여되는 것과 동일한 사양의 레플리카 트로피 등으로 구성된다. 모든 상품에는 KBO 공식 인증 홀로그램 스티커와 인증서가 제공된다. 특히 경기 사용구는 인증서의 QR코드와 인증번호를 통해 어떤 선수의 투구 또는 타석에서 사용됐는지까지 확인할 수 있도록 했다. 옥션은 11일 올스타전 종료 직후 선수 실착 유니폼을 시작으로 진행된다. 이후 15일에는 모자, 16일에는 경기 사용구, 17일부터는 레플리카 트로피와 네임 플레이트, 단체 사인 유니폼 및 모자 등이 순차적으로 경매에 오른다. 공식 인증 상품은 희귀 스포츠 소장품 옥션 플랫폼 컬렉스에서 독점 판매된다. 지난해에는 올스타전에 출전한 한화 문현빈의 실착 유니폼이 350만원에 낙찰되는 등 팬들의 높은 관심을 끌었다. KBO 관계자는 “마지막 잠실 올스타전의 의미를 오래 간직할 수 있도록 다양한 기념상품과 인증 상품을 준비했다”면서 “앞으로도 팬들이 의미 있는 경기를 특별한 방식으로 추억할 수 있는 경험을 확대해 나갈 것”이라고 말했다. 권준영 기자 kjykjy@segye.com"
2026.07.09 10:10,[부고] 안상준(울산 웨일즈 코치)씨 모친상,스타뉴스,"[스타뉴스 | 박수진 기자] ■ 최정자님 별세, 안상준(울산 웨일즈 코치)씨 모친상 = 9일, 빈소 부산시민장례식장 203호실(부산광역시 부산진구 자유평화로 31), 발인 11일 오전 9시, 장지 영락공원/부산 추모공원, 051-636-4444. 박수진 기자 bestsujin@mtstarnews.com"
2026.07.09 10:06,"'잠실서 열리는 야구 축제' 2026 KBO 올스타전, 행사 최종 라인업...",스타뉴스,"[스타뉴스 | 박수진 기자] 7월 10일과 11일 양일간 서울 잠실야구장에서 열리는 '2026 신한 SOL KBO 올스타전'의 행사 참석 선수와 시상 내역이 최종 확정됐다. KBO(한국야구위원회)에 따르면 올해 올스타전은 미스터 올스타(MVP) 상금이 전년 대비 1천만 원 증액된 2천만 원으로 확대됐고, 홈런더비 특별상 신설 등 풍성한 부상이 마련돼 별들의 전쟁을 더욱 뜨겁게 달굴 전망이다 축제 첫날인 10일 오후 4시부터 잠실종합운동장 2주차장 내 팬 페스트존에서 퓨처스 올스타 선수들이 팬들을 직접 만난다. 한화 강건우, 두산 김주오, NC 신재인, KT 박지훈이 북부와 남부로 나뉘어 각 15분간 배팅존과 피칭존에서 투구·타격 원포인트 레슨을 진행한다. 오후 6시에 열리는 'KBO 퓨처스 올스타전' 우승팀에게는 상금 1천만 원, MVP에게는 상금 200만 원과 트로피가 수여된다. 베스트 퍼포먼스상(메디힐 후원), 감투상, 우수 투수상, 우수 타자상 수상자에게는 각각 상금 100만 원과 트로피가 주어진다. 퓨처스 올스타전 종료 후에는 '컴투스프로야구 홈런더비'가 개인전으로 펼쳐진다. 6월 28일 경기까지 9개 이상의 홈런을 기록한 선수 중 팬 투표 상위 득표를 기록한 KIA 김도영, 두산 양의지·박준순, LG 오스틴, 한화 강백호·문현빈·허인서, NC 김주원 등 8명이 출격한다. 참가 순서는 득표 역순이다. 올해 홈런더비는 예선 5아웃, 결승 7아웃의 정해진 아웃카운트 소진 후, 최대 30초 휴식을 거쳐 1분간 주어지는 '컴프야 피버타임' 동안 추가 타격을 이어가는 방식으로 진행 순서를 변경해 박진감을 높였다. 우승자에게는 트로피와 상금 1천만 원, 삼성 Bespoke AI 에어드레서가 제공되며, 준우승자에게는 트로피와 상금 300만 원이 수여된다. 최장거리 홈런 기록자에게는 LG 퓨리케어 AI 360º 공기청정기 플러스를 준다. 신설된 특별상인 '홈런 메이커상'(우승자 배팅볼 투수)에는 보스 QC 울트라 헤드폰 2세트, '컴프야상'(예선 피버타임 최다 홈런)에는 삼성 무빙스타일 Mini LED가 지급된다. 11일 올스타전 본 행사 당일에는 오후 3시부터 1·3루 내야 게이트 웰컴 존에서 팬 맞이 행사가 시작된다. 같은 시간 외야 그라운드에서는 올스타 선수 30명이 3개 조로 나뉘어 팬 사인회를 진행하며, 오후 3시 30분부터는 키움 박준현, LG 송찬의, 롯데 김진욱, 삼성 김도환 등이 팬 페스트존에서 타격 및 투구 지도를 맡는다. 오후 4시 30분에는 장애물 달리기 경주인 '신한 슈퍼SOL 썸머레이스'가 토너먼트로 열린다. 나눔 올스타(LG 우강훈-구본혁, 한화 허인서-이도윤, NC 전사민-류진욱, KIA 박재현-성영탁, 키움 박준현-김건희)와 드림 올스타(SSG 정준재-김건우, 삼성 이승민-양창섭, KT 손동현-전용주, 롯데 현도훈-박정민, 두산 이영하-곽빈)가 팬, 마스코트와 한 팀을 이뤄 질주하며 우승 팀에게는 상금 350만 원을 수여한다. 오후 6시에 막을 올리는 올스타전 본 경기에서 가장 인상적인 활약을 펼친 '미스터 올스타'에게는 상금 2천만 원과 트로피, 바디프랜드 733 제품, 메디힐 시상품이 부상으로 주어진다. 올스타전 우승팀에게는 상금 3천만 원이 주어지며, 승리 감독상·우수 수비상·우수 투수상·우수 타자상·베스트 퍼포먼스상 수상자에게는 각각 상금 300만 원과 트로피, 메디힐 시상품이 수여된다. 이번 올스타전과 퓨처스 올스타전의 개인 시상 12개 부문 수상자 전원에게는 메디힐 시상품이 부상으로 함께 증정된다. 박수진 기자 bestsujin@mtstarnews.com"
2026.07.09 10:03,"""김현수, 잠실서 안타 몇 개를 쳤는데..."" 이강철도 '안타기계' 올스...",스타뉴스,"[스타뉴스 | 수원=박수진 기자] ""잠실에서 안타를 몇 개를 쳤는데..."" 이강철(60) KT 위즈 감독이 '타격 기계' 김현수(38)의 올스타전 불발에 깊은 아쉬움을 삼켰다. 무엇보다 이번 시즌을 마지막으로 역사 속으로 사라지는 잠실구장을 상징하는 타자였기에 아쉬움은 더욱 짙게 남는 듯했다. 이강철 감독은 8일 수원 KT위즈파크에서 열린 키움 히어로즈와 홈 경기를 앞두고 취재진과 만난 자리에서 올스타전 브레이크를 앞두고 명단에 대한 이야기를 나누던 중, 김현수의 이름이 나오자 짐짓 탄식 섞인 목소리를 냈다. 이 감독은 ""김현수가 올스타전에 나가면 안 되나""라고 운을 떼며 ""잠실에서 그만큼 안타를 친 사람이 어디 있느냐""라고 반문했다. 과거 프로 입문 시절부터 수년간 잠실야구장을 안방으로 쓰며 수많은 안타를 생산해 낸 김현수의 상징성과 꾸준함을 치켜세운 것이다. 실제로 김현수는 리그를 대표하는 베테랑 타자이자 잠실의 터줏대감이다. 9일 경기를 앞둔 현재 통산 2630안타를 기록하며 '전인미답'의 3000안타 고지를 향해 달려가고 있다. 2007시즌 두산 베어스 소속으로 87안타를 친 이후, 2008시즌부터 2025시즌까지 단 한 시즌도 거르지 않고 모두 100안타 이상을 책임졌다. 공교롭게도 김현수가 KT 유니폼을 입기 전 몸담았던 두산과 LG 트윈스는 모두 잠실구장을 사용하는 팀들이다. '잠실 그 자체'였던 선수가 정작 잠실의 마지막 올스타전 명단에 이름을 올리지 못하자, 소속팀 사령탑 역시 진한 안타까움을 숨기지 못한 것이다. 이강철 감독은 '선수 본인도 올스타전에 많이 가고 싶어 하더라'는 취재진의 이야기에 고개를 끄덕이며 ""내가 (올스타전) 감독이 아니라...""고 말끝을 흐렸다. KT가 속한 드림 올스타의 지휘봉은 SSG 랜더스 이숭용 감독이 잡고 있다. 추천 선수 전권을 쥘 수 없는 처지에 대한 씁쓸함이 묻어났다. 이 주제는 KT 외야수 최원준(29)의 몸 상태에 대해 이야기를 하다 나왔다. 생애 첫 올스타 베스트 명단에 선정된 최원준은 허리 부상의 여파로 인해 전반기 막판 수비 소화 없이 지명타자로만 나서고 있다. 9일 예정된 전반기 마지막 경기까지도 지명타자로 나설 것이 유력하다. 올스타전에 외야수 베스트 선수로 뽑혔기에 지명타자로 나설 수도 없기 때문이기도 하다. 이강철 감독은 ""팬들이 뽑아준 베스트 명단인 만큼 1이닝이라도 (수비로) 서 있다가 들어오더라도 수비가 안 되면 교체되는 구조가 맞지 않나""라면서도 ""만약 일찍 빠지게 된다면 대신 뛸 사람이 없는데...""라고 아쉬워했다. 축제의 장이 되어야 할 올스타전이지만, 부상 악재를 만난 최원준의 출전 딜레마와 리그를 상징하는 베테랑 김현수의 불참은 현장 사령탑에게도 못내 깊은 고민과 여운을 남긴 채 전반기 마무리를 향하고 있다. 수원=박수진 기자 bestsujin@mtstarnews.com"
2026.07.09 09:55,"‘마운드 붕괴’ SSG, 아빌라·김민준이 반전 이끈다",경기일보,"전반기 내내 흔들린 마운드는 결국 SSG 랜더스를 9위까지 끌어내렸다. 연패의 늪에서 좀처럼 벗어나지 못한 SSG는 새 외국인 투수 페드로 아빌라 영입과 신인 김민준의 성장이라는 두 가지 희망을 안고 후반기 반등을 준비하고 있다. SSG는 8일 기준 31승3무51패로 10개 구단 중 9위에 머물렀다. 팀 평균자책점은 5.86으로 리그 최하위에 그쳤다. 시즌 내내 이어진 선발진 붕괴가 순위 하락의 가장 큰 원인으로 꼽힌다. 특히 외국인 투수들의 부진이 치명적이었다. 올 시즌 SSG 유니폼을 입은 외국인 투수들과 아시아쿼터 선수들이 거둔 승수는 총 5승에 불과했다. 앤서니 베니지아노가 2승, 타케다 쇼타·미치 화이트·토마스 해치가 각각 1승씩을 올렸지만 기대에 미치지 못했다. 화이트는 부상으로 조기에 이탈했고, 대체 선수 히라모토 긴지로도 부진을 면치 못했다. 이후 영입된 해치 역시 난조를 보이면서 SSG의 고민은 더욱 깊어졌다. 결국 SSG는 후반기 승부수로 새 외국인 투수 페드로 아빌라를 선택했다. 계약 규모는 총액 40만 달러다. 베네수엘라 출신인 아빌라는 평균 시속 150㎞ 안팎의 강속구를 앞세워 체인지업과 커브, 스플리터를 구사하는 우완 투수다. 2019년 MLB 샌디에이고 파드리스에서 데뷔한 그는 빅리그 통산 72경기에서 8승4패, 평균자책점 3.51을 기록했다. 마이너리그에서는 대부분 선발로 뛰며 풍부한 이닝 소화 능력을 보여줬고, 지난해 일본프로야구 야쿠르트에서도 뛰며 아시아 야구를 경험했다. 이숭용 감독은 아빌라에게 1선발 역할을 기대하고 있다. 아빌라 역시 “후반기는 다시 시작하는 무대”라며 KBO리그에서 성공하겠다는 의지를 드러냈다. 희망은 또 있다. 고졸 신인 김민준(2승1패)의 등장이다. 김민준은 지난 7일 두산 베어스전에서 6이닝 무실점 호투를 펼치며 팀의 9연패 탈출을 이끌었다. 6탈삼진, 4피안타 1볼넷으로 데뷔 후 최고의 투구를 선보이며 첫 퀄리티스타트를 기록했다. 구단 역사상 고졸 신인 투수로는 역대 6번째 퀄리티스타트라는 의미 있는 기록이다. 선발진 붕괴로 어려움을 겪었던 SSG 입장에서는 후반기를 앞두고 얻은 가장 반가운 수확이다. 13연패와 9연패를 겪으며 최악의 전반기를 보낸 SSG. 후반기 첫 승부수인 아빌라 영입과 김민준의 성장세가 무너진 마운드를 되살릴 수 있을지 관심이 쏠린다. 임창만 기자 lcm@kyeonggi.com"
2026.07.09 09:50,"라이온즈 뒷문은 내가 지킨다! ‘8세이브·ERA 1.35’ 삼성 김재윤,...",스포츠서울,"[스포츠서울 | 이소영 기자] 삼성 투수 김재윤(36)이 올곧은병원에서 선정한 6월 월간 최우수선수(MVP)에 이름을 올렸다. 삼성은 “김재윤이 올곧은병원에서 시상하는 6월 월간 MVP로 선정됐다”고 9일 밝혔다. 시상식은 8일 대구삼성라이온즈파크에서 열린 2026 KBO리그 LG전에 앞서 진행됐다. 김재윤은 6월 13경기에 등판해 2승1패 1무8세이브, 평균자책점 1.35로 뒷문을 단단히 걸어 잠갔다. 이날 시상은 올곧은병원 우동화 병원장이 맡았으며, 김재윤에게는 소정의 상품권이 전달됐다. sshong@sportsseoul.com"
2026.07.09 09:49,'밥 안 먹어도 배부르다' 2루타→2루타→2루타→홈런. 우타 거포 삼총사...,스포츠조선,"[스포츠조선 권인하 기자]밥을 먹지 않아도 배가 부를 정도였다. LG 트윈스가 1위를 되찾았다. 8일 삼성 라이온즈에 8대2의 완승을 거뒀다. 하루만에 1위 자리에 재등극. 하지만 1위에 올라서 좋은 게 아니었다. 이날 LG의 승리에 힘을 보탰던 송찬의 이재원 문정빈 등 우타 유망주들 때문이었다. 모두 장타를 터뜨리며 LG 타선을 묵직하게 했다. LG 염경엽 감독은 승차가 없지만 1위가 아닌 2위의 위치에서 8일 삼성과 만났음에도 과감히 유망주들을 기용했다. 상대 선발이 왼손 잭 오러클린임을 감안해 5번 송찬의, 8번 이재원을 선발 출전시켰다. 송찬의는 1군에 4월 21일 1군에 올라온 이후 61경기에서 타율 2할9푼5리(183타수 54안타) 8홈런 33타점의 좋은 활약을 펼치며 사실상 김현수의 빈자리를 잘 메워주고 있었지만 이재원의 선발 출전의 조금은 의외였다. 1군에서 타율 2할3리(59타수 12안타) 2홈런 8타점에 그쳐 지난 6월 5일 2군으로 내려가 재정비를 하고 있었다. 7일 1군에 돌아와 삼성전에 9회초 대타로 나섰지만 3루수앞 땅볼에 그쳤다. 그럼에도 1위 자리가 걸린 경기에 과감히 그를 선발 출전시킨 것. 이재원이 역전타를 쳤따. 2-2 동점이던 4회초 2사 1루서 이재원이 빨랫줄 같은 좌중간 2루타를 쳐 1루주자 오지환을 홈까지 불러들였다. 곧이어 구본혁의 우전안타, 홍창기의 중월 3루타가 연달아 터지며 LG는 총 3점을 뽑아 5-2로 앞섰다. 이재원은 6회말 선두타자로 나서 또한번 좌중월 2루타를 쳤고 대주자 천성호로 교체됐다. 3타수 2안타 1타점 1득점의 만점 활약. 송찬의도 5회초 2사후 좌측 담장을 맞히는 큼직한 2루타로 팀에 추가득점 기회를 만들었다. 후속 박동원이 삼성 일본인 투수 미야지의 헤드샷에 헬멧 챙에 맞는 사구로 2사 1,2루의 찬스가 이어졌지만 오지환이 바뀐 백정현에게 삼진을 당해 득점엔 실패. 문정빈도 장타 대열에 합류. 7-2로 앞선 8회초 대타로 천성호를 대신해 타석에 들어간 문정빈은 삼성 좌완 이승현에게서 가운데 담장을 넘어가는 쐐기 솔로포를 터뜨렸다. 시즌 7호포. 문정빈은 올해 26개의 안타를 쳤는데 이중 홈런 7개, 3루타 2개, 2루타 5개로 장타가 절반이 넘는 14개를 기록. 장타율이 무려 6할8푼3리에 이른다. LG가 정책적으로 키워온 3명의 오른손 거포들이 이제는 1군에서 싸우는 수준까지 올라섰다. 앞으로 더 발전한다면 얼마나 더 좋아질지 기대감이 더 커질 수밖에 없다. 당장 올해가 아닌 내년, 내후년의 LG. 우타 거포에 갈증을 느꼈던 LG가 이젠 우타 거포의 팀으로 더 강해질 시간이 다가온다. 권인하 기자 indyk@sportschosun.com"
2026.07.09 09:46,"""저 신인 잘 봐두라"" 그게 시작이었다→17년을 한결같이 'KBO 최초 ...",스타뉴스,"[스타뉴스 | 신화섭 기자] ""저 신인 선수 잘 봐둬요."" 정확히 20년 전이다. 2006년 시즌 막판 김경문(68) 당시 두산 베어스 감독이 한 선수를 가리키며 이렇게 말했다. 육성선수에서 확장 엔트리를 통해 처음 1군에 등록된 두산의 18살 고졸 외야수. 바로 김현수(38·현 KT 위즈)였다. 그리고 그게 시작이었다. 첫해에는 9월 2일 청주 한화전에서 대타로 나와 한 타석(무안타)을 소화한 그는 이듬해 99경기에서 87안타를 때리며 이름을 알리기 시작했다. 2008년에는 타율(0.357)·안타(168개)·출루율(0.454) 3관왕에 오르고 베이징 올림픽 금메달에도 기여하며 '타격 기계'라는 명성을 얻었다. 그해부터 시작된 시즌 100안타 행진이 어느새 새로운 역사를 눈앞에 두고 있다. 김현수는 2008년부터 지난해까지 미국 메이저리그에 진출한 2016~2017년을 제외하고 16시즌 동안 KBO리그 무대에서는 단 한 번도 세 자릿 수 안타를 놓치지 않았다. 올 시즌에는 8일 현재 82경기에서 98안타를 때려 100안타에 단 2개만을 남겨두고 있다. 17시즌 연속 100안타는 역대 KBO리그 타자들 중 아무도 이루지 못한 위업이다. 양준혁(1993~2008년) 박한이(2001~2016년·이상 전 삼성)와 자신이 보유하고 있던 이 부문 최다 16시즌을 넘어 전인미답의 이정표를 세우게 된다. 두산과 LG 트윈스를 거쳐 올해 KT로 이적한 김현수는 이제 불혹을 바라보는 나이임에도 한결같은 타격 솜씨를 뽐내고 있다. 시즌 타율은 0.293, 안타는 리그 공동 5위다. 타선에서 제 몫을 다할 뿐 아니라 자기 관리와 훈련 태도 등에서도 후배들의 귀감이 되고 있다고 팀내에서 칭찬이 자자하다. 이강철(60) KT 감독이 ""벌써 몸값(3년 50억원) 다 했다""고 말할 정도다. 그의 목표는 하나 더 있다. KBO리그 개인 통산 최다 안타 기록이다. 이 부문에선 현재 최형우(43·삼성 라이온즈)가 2680개로 1위, 손아섭(38·두산 베어스)가 2652개로 2위를 달리고 있다. 김현수는 2630개로 이들을 바짝 추격 중이다. 역대 최고의 '안타 제조기'를 향한 세 베테랑의 경쟁을 지켜보는 것도 흥미롭다. 신화섭 기자 evermyth@mtstarnews.com"
2026.07.09 09:45,'전반기가 곧 시즌 성적' KBO 11시즌 분석...1위 우승 확률 81...,마니아타임즈,전반기 성적이 시즌의 향방을 상당 부분 가늠하게 한다는 분석이 나왔다. KBO리그에서 전반기 성적과 정규시즌 최종 성적이 크게 달라지지 않는다는 집계 결과가 확인된 것이다. 연합뉴스가 10개 구단 144경기 체제가 시작된 2015시즌부터 2025시즌까지 구단별 전반기 순위와 최종 순위를 비교한 결과 대부분의 팀은 비슷한 성적을 냈다. 가장 두드러진 것은 전반기 1위의 강세다. 이들의 정규시즌 우승 확률은 81.81%에 달했다. 11시즌 중 9차례나 우승을 차지한 것이다. 트로피를 놓친 것은 2019년 SK와 2025년 한화뿐이었다. 한국시리즈 우승 확률도 63.63%로 높았으며 2015년 이후 KS 우승팀이 전반기를 4위 이하로 마친 사례는 한 번도 없었다. 최하위의 반등도 드물었다. 11시즌 중 10시즌에서 전반기 최하위 팀이 그대로 시즌 최하위에 머문 것이다. 탈꼴찌에 성공한 것은 2023년 삼성이 유일했다. 반대로 전반기 5위 이상 팀이 최하위권으로 추락한 사례도 2018년 LG를 제외하면 거의 없었다. 다만 반전의 여지는 남아 있다. 전반기 6위 이하였던 팀이 상위권으로 도약한 사례는 적지 않았던 것이다. 특히 kt는 후반기 뒷심을 여러 차례 발휘했고 지난해에는 삼성이 전반기 8위에서 최종 4위로 도약해 가을야구에 올랐다. /연합뉴스 [김선영 마니아타임즈 기자 / maniareport@naver.com] 기사제보 및 보도자료 report@maniareport.com
2026.07.09 09:43,"“선발로 최악” 쓴소리→2군에서 3개월→1군 복귀전, 2⅓이닝 롱릴리프…...",OSEN,"[OSEN=대구, 한용섭 기자] 프로야구 삼성 라이온즈 좌완 투수 이승현이 71일 만에 1군에 올라왔다. 선발 보직이 아닌 롱릴리프로 가능성을 보여줬다. 이승현은 올 시즌 4월에 3경기 선발 등판해 2패 평균자책점 14.81로 난타를 당했다. 4월 8일 KIA전에서는 2⅔이닝 12실점으로 조기 강판됐고, 박진만 감독의 쓴소리를 듣고 2군으로 내려갔다. 당시 박 감독은 “선발 투수는 불펜 투수들이 매일 스트레스 속에 대기하는 것에 비하면 사실상 '왕 대우'를 받는 셈이다. 3회도 못 버티고 내려가는 것은 선발로서 최악의 경기다”고 질책했다. 이승현은 보름 뒤에 다시 1군에 복귀했는데 키움전에서 2⅔이닝 4실점으로 또 조기 강판됐다. 그리곤 2군에서 오랜 시간을 보냈다. 이승현은 8일 LG와 경기에 앞서 드디어 1군에 콜업됐다. 박진만 감독은 이승현에 대해 ""LG의 좌타 라인도 많고, 퓨처스에서 투수를 한 명 올리는 상황에서 이승현 선수가 제일 꾸준하게 경기를 뛰어왔고, 컨디션도 지금 제일 좋다고 보고 받았다. 오늘 내일은 롱릴리프로 기용할 생각이다""고 말했다. 이승현이 2군에 있는 동안 삼성은 양창섭, 장찬희가 선발로서 좋은 활약을 했고, 이승현이 돌아올 자리가 없었다. 이승현은 퓨처스리그에서 9경기 3승 1패 평균자책점 2.13을 기록했다. 지난 3일 KIA와 경기에서 5이닝 2실점으로 승리 투수가 됐다. 전반기 막판 콜업은 이승현의 투구 내용을 보고 후반기 활용도를 결정할 것이다. 박 감독은 “미야지랑 상황이 같지 않을까. 2경기에서 나올지 안 나올지 모르겠지만, 만약에 필요하면 올라갔을 때 그런 모습을 한번 확인해 보려고 한다”고 말했다. 이승현은 이날 LG전에서 2-7로 뒤진 7회 2사 후 마운드에 올랐다. 71일 만에 1군 복귀전이었다. 첫 타자 오지환을 삼진으로 잡고 이닝을 마쳤다. 8회에도 마운드에 오른 이승현은 선두타자 문정빈에게 솔로 홈런을 허용했지만, 이후 3타자를 범타로 처리했다. 9회에는 대타 문성주, 문보경, 송찬의를 삼자범퇴로 돌려세우며 이닝을 끝냈다. 2⅓이닝 1피안타 1피홈런 2탈삼진 1실점을 기록했다. 경기 막판 승부가 기울어진 시점에 등판해 투구 내용이었지만 나쁘지 않았다. 불펜에서 롱릴리프 역할을 할 수 있을 전망이다. /orange@osen.co.kr"
2026.07.09 09:42,미리보는 KS서 결승타 ‘쾅!’…더 단단해져 돌아온 ‘잠실 빅보이’ 이재...,MK스포츠,"‘잠실 빅보이’ 이재원(LG 트윈스)이 중요한 순간 큰 존재감을 뽐냈다. 염경엽 감독이 이끄는 LG는 8일 대구 삼성 라이온즈 파크에서 열린 2026 프로야구 KBO리그 정규시즌 원정경기에서 박진만 감독의 삼성 라이온즈에 8-2 완승을 거뒀다. 이로써 전날(7일) 2-9 완패의 아쉬움을 털어낸 LG는 52승 32패를 기록, 삼성(50승 2무 32패)을 제치고 하루 만에 단독 선두를 탈환했다. 8번 지명타자로 선발 출전한 이재원의 활약이 눈부신 경기였다. 클러치 능력을 뽐내며 LG 타선을 이끌었다. 2회초 삼진으로 돌아선 이재원은 양 팀이 2-2로 팽팽히 맞서던 4회초 매섭게 방망이를 휘둘렀다. 2사 1루에서 상대 선발투수 좌완 잭 오러클린의 5구 121km 커브를 통타해 좌중간을 가르는 1타점 적시 2루타를 터뜨렸다. 이날 경기의 결승타가 나온 순간이었다. 이후 홍창기의 2타점 중전 적시 3루타에 득점도 기록했다. 기세가 오른 이재원은 5-2의 스코어가 이어지던 6회초에도 장타를 폭발시켰다. 선두타자로 등장해 삼성 좌완투수 백정현의 초구 129km 포크를 공략, 좌중월 2루타로 연결했다. 이어 대주자 천성호와 교체되며 최종 성적은 3타수 2안타 1타점이 됐다. 이재원의 천금같은 2루타로 기회를 잡은 LG는 해당 이닝 2득점에 성공하며 사실상 승부를 결정지었다. 2018년 2차 2라운드 전체 17번으로 LG에 지명된 이재원은 호쾌한 장타력이 강점인 우투우타 자원이다. 많은 잠재력을 지녔다 평가받았지만, 냉정히 아직까지 1군에 자리를 잡지 못했다. 1군 통산 252경기에서 타율 0.222(572타수 127안타) 24홈런 87타점을 올리는데 그쳤다. 이후 2024년 중반부터 상무에서 군 복무를 시작한 이재원은 지난해 가파른 성장세를 보였다. 퓨처스(2군)리그 78경기에 나서 타율 0.329(277타수 91안타) 26홈런 91타점으로 불방망이를 휘둘렀다. 올해 초 염경엽 감독은 “(지난해 말) 제대한 이재원이 들어오면서 좌완투수 상대로 타선을 조화롭게 짤 수 있게 됐다”며 120경기 정도 출장 기회를 줄 것을 약속했다. 하지만 1군의 벽은 높았다. 불운 및 부진에 시달리며 좀처럼 자리를 잡지 못했다. 결국 지난 달 초 올해 두 번째로 1군 엔트리에서 말소됐다. 다행히 좌절하지 않았다. 차분히 퓨처스리그 경기를 통해 경기력을 끌어올렸다. 이후 7일 1군에 돌아온 이재원은 이날 맹활약하며 앞으로의 활약을 기대케 했다. 과연 이재원은 앞으로도 큰 존재감을 뽐내며 LG의 선두 다툼에 힘을 보탤 수 있을까. [이한주 MK스포츠 기자] [ⓒ MK스포츠, 무단전재 및 재배포 금지]"
2026.07.09 09:39,"멕시코, 새 사령탑에 마르케스 선임…2030 월드컵까지 지휘",한국경제,2026 국제축구연맹(FIFA) 북중미 월드컵에서 16강 탈락한 멕시코 축구 대표팀이 하파엘 마르케스를 새 사령탑으로 선임했다. 멕시코축구협회는 9일(한국시간) 하비에르 아기레 감독의 후임으로 마르케스 감독을 선임했다고 발표했다. 마르케스 감독은 2030 월드컵까지 대표팀을 이끌 예정이다. 아기레 감독은 북중미 월드컵 16강에서 잉글랜드에 2-3으로 패한 뒤 지휘봉을 내려놨다. 멕시코는 대표팀 수석 코치로 아기레 감독을 보좌해온 마르케스를 곧바로 후임으로 낙점했다. 멕시코축구협회는 이번 인사가 대표팀 운영의 연속성을 유지하고 향후 국제대회에 체계적으로 대비하기 위한 세대교체 과정이라고 설명했다. 마르케스 감독은 현역 시절 멕시코를 대표한 수비수다. A매치 147경기에 출전했으며 2002년부터 2018년까지 5차례 연속 월드컵 무대를 밟았다. 5번의 월드컵에서 모두 주장 완장을 차고 출전한 것으로도 알려져 있다. 스페인 FC바르셀로나에서도 활약한 마르케스 감독은 2024년 멕시코 대표팀 코칭스태프에 합류해 아기레 감독을 보좌했다. 이후 2년 만에 대표팀 지휘봉을 넘겨받게 됐다. 김연지 한경닷컴 기자 kongzi@hankyung.com
2026.07.09 09:36,‘도훈아 어디가’ 선배들 하이파이브 패스하고 사라진 한화 막내의 데뷔전[...,OSEN,"[OSEN=대전, 지형준 기자] ‘도훈아! 어디 가!’ 지난 7일 대전 한화생명 볼파크에서 열린 2026 신한 SOL KBO리그 한화 이글스와 NC 다이노스의 경기. 8회말 한화 더그아웃에 있던 코칭스태프와 선배들이 일제히 한 선수를 향해 손짓하며 소리를 질렀다. 홈 플레이트를 밟고 들어온 선수가 축하하려 기다리던 동료들을 그대로 패스한 채 더그아웃 안으로 쏙 사라져 버렸기 때문이다. 모두를 당황시킨 해프닝의 주인공은 1군 데뷔전을 치른 신예 이도훈이었다. 올해 육성선수로 입단한 이도훈은 퓨처스리그 34경기에서 타율 0.382, 22도루(퓨처스 1위)를 기록한 기대주. 종아리 부상으로 한 달간의 공백이 있었지만 7월 복귀 후 꾸준히 안타를 생산해 내며 김경문 감독의 호출을 받아 지난 5일 마침내 1군에 등록됐다. 기다리던 데뷔 기회는 8회말 찾아왔다. 이도훈은 2사 후 볼넷으로 출루한 강백호의 대주자로 1군 그라운드를 처음 밟았다. 그리고 후속 타자 노시환의 통쾌한 3루타가 터지자마자 벼락같이 홈을 밟았다. 데뷔 첫 득점. 문제는 그 다음이었다. 홈인에 성공한 이도훈이 흥분한 나머지 코칭스태프, 동료선수들과 하이파이브를 하지 않고 곧장 더그아웃으로 들어가 버린 것. 동료선수들의 손짓에 그제야 아차 싶었던 이도훈은 멋쩍은 미소와 함께 다시 나와 ‘지각 하이파이브’를 나눴다. 이도훈은 당시 상황에 대해 “솔직히 홈에 들어올 때 너무 흥분해서 나 자신을 주체 못 하고 경로 이탈을 해버렸다. 코치님들과 선배님들이 경로를 재탐색해 주셔서 다시 하이파이브를 했다. 정말 그 순간에는 정신이 없었던 것 같다”고 털어놨다. 처음 콜업된 5일 잠실 경기가 우천 취소됐을 때는 아쉬웠지만 오히려 홈 팬들의 웅장한 응원 소리를 들으며 데뷔할 수 있어 소름이 돋을 만큼 가슴이 벅찼다는 이도훈. 선배 노시환 덕분에 첫 득점을 올려 감사하다는 막내의 각오는 다부졌다. 이도훈은 “나의 강점은 빠른 발과 과감한 주루플레이”라며 “팀에서 필요로 하는 역할을 반드시 해내서 팀에 도움이 되는 것이 1차 목표다. 그 다음은 최대한 1군에 오래 남아서 선배들의 경기를 보며 더 많이 배우고 성장하겠다”고 포부를 밝혔다. 유쾌한 해프닝과 함께 성공적인 데뷔전을 치른 이도훈이 한화의 새로운 활력소로 자리 잡을 수 있을지 팬들의 기대가 모아지고 있다. /jpnews@osen.co.kr"
2026.07.09 09:35,"헤어질 준비 삼성, 반전 없었던 오러클린...결국 교체 수순 밟나",일간스포츠,"3⅔이닝 10피안타 5실점. 삼성 라이온즈 잭 오러클린이 계약 만료를 앞두고 '마지막 기회'를 살리지 못했다. 오러클린은 지난 8일 홈 대구 삼성라이온즈파크에서 열린 LG 트윈스전에 등판해 3⅔이닝 동안 10피안타 5실점으로 부진했다. 1회 초와 3회 초 우익수 김성윤의 강한 어깨로 두 차례 보살 도움을 얻었지만, 4회를 끝까지 책임지지 못했다. 타순이 한 바퀴 돌고난 뒤 2-0으로 앞선 3회 초 2사 후에 3연속 안타를 맞고 동점을 허용했다. 4회에는 2사 후 4연속 안타를 맞고 3점을 더 뺏겼다. 한 템포 느린 투수 교체로 기회를 더 얻었지만, 스스로 위기를 끊지 못한 채 고개를 떨구고 마운드를 내려와야 했다. 오러클린은 이날 88개(스트라이크 58개)의 공을 던졌고, 직구 최고 구속은 151㎞가 나왔다. 오러클린에게 이날 경기는 KBO리그 생존이 걸린 상당히 중요한 등판이었다. 이종열 삼성 단장은 지난 7일 외국인 투수 교체설에 대해 ""아직 결정된 것은 없지만 3~4명의 후보를 보고 있다""고 인정했다. 한국 무대에서 4시즌째 뛰고 있는 아리엘 후라도는 올 시즌에도 평균자책점 3.11로 건재함을 보여줘, 이는 오러클린의 교체를 염두에 둔 얘기였다. 맷 매닝의 부상 대체 선수로 3월 중순 삼성 유니폼을 입은 오러클린은 두 차례 연장 계약을 맺었다. 시즌 성적은 17경기 5승 5패 평균자책점 4.86이다. 다만 오는 16일 계약 만료를 앞둔 가운데 지난달 5경기에서 평균자책점 5.79로 흔들렸다. 우승을 노리는 삼성은 외국인 선수 교체 카드를 만지작거리고 있다. 박진만 삼성 감독은 8일 경기 전에 ""어제 후반에 추가점을 뽑아 불펜 소모가 적었다""며 ""오늘 오러클린의 초반 구위를 확인한 뒤 이전과 별반 차이가 없으면 빠른 타이밍에 교체해야 하지 않을까""라고 전했다. 그러나 오러클린은 8일 경기에서 반전의 모습을 보여주지 못해 더욱 벼랑 끝에 몰리게 됐다. 올스타 휴식기, 삼성은 외국인 투수 교체에 더욱 박차를 가할 것으로 보인다. 대구=이형석 기자 ops5@edaily.co.kr"
2026.07.09 09:30,"'이게 무슨 일?' KIA 네일, 내일이 없을 수도...올시즌 5차례 5...",마니아타임즈,"KIA 타이거즈의 에이스 제임스 네일이 흔들리고 있다. 강력한 구위와 칼날 제구로 마운드를 지배했던 위용은 간데없고, 대량 실점 위기를 자주 노출하며 코칭스태프의 고심을 깊게 만들고 있다. 네일은 최근 등판에서 또 한 번 무너지며 아쉬움을 삼켰다. 경기 초반부터 상대 타선에 정타를 잇달아 허용하며 조기 강판당했고, 승리 투수 요건은커녕 패전의 멍에를 썼다. 이로써 네일은 올 시즌에만 무려 5차례나 5자책점 이상을 기록하는 최악의 부진에 빠졌다. 평균자책점(ERA)도 3점대 후반까지 치솟았다. 가장 큰 문제는 상대 타자들의 분석이 끝난 데다 체력 저하로 인한 실투가 잦아지면서, 과거와 같은 압도적인 탈삼진 능력이나 땅볼 유도를 기대하기 어려워졌다는 평가가 지배적이다. 지난해 부진에서 반등을 노리는 KIA 선발진에 대형 악재가 터진 셈이다 이런 식이면 포스트시즌 구상 자체를 새로 짜야 할 수도 있다. 에이스의 장기 침체를 마주한 KIA가 과연 어떤 돌파구를 마련할지 주목된다. [강해영 마니아타임즈 기자/hae2023@maniareport.com] 기사제보 및 보도자료 report@maniareport.com"
2026.07.09 09:26,하루 만에 1위 탈환 LG & 4위 1.5경기 추격 두산... 점입가경 ...,MHN스포츠,"(MHN 이상준 기자) LG가 1위를 되찾았다. 8일 KBO리그는 총 4경기가 열렸다. 대전에서 열릴 예정이었던 한화 이글스와 NC 다이노스 간 맞대결은 우천으로 취소 됐다. 지난 7일 삼성 라이온즈가 39일 만에 선두 자리를 되찾았지만, 하루 만에 LG 트윈스가 탈환했다. 선발 투수 임찬규(5이닝 6피안타 6탈삼진 2자책점)의 호투가 컸다. 임찬규는 시즌 9승(2패)을 수확, 다승 공동 선두로 올라섰다. 타선도 14개의 안타로 지원 사격했다. 이재원이 4회 결승 2루타 포함 3타수 2안타로 돋보였다. 8-2로 승리한 LG는 52승 32패, 승률 0.619로 1위를 다시 따냈다. 반면 6연승이 무산된 삼성은 50승 2무 32패, 승률 0.610을 기록, 2위로 내려앉았다. 사직에서는 롯데 자이언츠가 빛났다. 선발 투수 나균안이 5.2이닝 7피안타 7탈삼진 2자책으로 호투하며 시즌 5승(7패)째를 올렸고, 타선도 맹타(17안타)를 휘둘렀다. 김세민은 데뷔 첫 홈런을 터트렸다. 11-3으로 크게 이겼다. 롯데는 38승 44패 2무, 승률 0.463으로 8위를 유지했다. 그러면서 5위 두산과 격차는 4경기로 좁혀졌다. 반면 4위 기아 타이거즈(44승 2무 39패, 승률 0.530)는 4연패 늪에 빠졌다. 제임스 네일이 3.1이닝 7피안타 5자책으로 부진했고, 실책 3개와 사사구 7개로 자멸한 게 뼈아팠다. 잠실에서 열린 두산 베어스와 SSG 랜더스간 맞대결은 두산이 7-3으로 이겼다. 43승 2무 41패, 승률 0.512를 기록한 두산은 4위 기아와 격차를 1.5경기까지 좁혔다. 중위권 싸움도 더 치열해졌다. 선발 투수 곽빈이 7이닝 2피안타 7탈삼진 1자책으로 완벽 피칭을 선보였다. 시즌 8승을 수확하며, 다승 공동 4위로 올라섰다. 더불어 곽빈은 탈삼진 부문 1위(112개)에 이름을 올렸다. 곽빈과 호흡을 맞춘 백업 포수 윤준호는 2회 시즌 3호포를 신고, 결승타를 기록했다. 전날 9연패에서 벗어났던 SSG는 연승에 실패, 시즌 31승 51패 3무 승률 0.378로 9위를 유지했다. 수원에서 열린 KT 위즈와 키움 히어로즈 간 맞대결은 7-3으로 KT가 이겼다. 선발 투수 로건이 4이닝 7피안타 2피홈런 3자책으로 흔들렸지만. 타선이 12안타로 뒷받침했다. 허경민과 김상수, 배정대가 이 중 7개를 합작했다. KT는 47승 35패 1무, 승률 0.573으로 3위를 지켰다. 반면 최하위 4연패로 키움은 29승 57패 1무, 승률 0.337에 머물렀다."
2026.07.09 09:25,"일본 실업→대만 실업→KBO입성한 일본 투수 ""야구장 분위기가 고시엔보다...",스포츠조선,"""ABS, 피치클락, 볼 배합 등 모두가 달라서 다른 룰로 야구를 하고 있는 느낌입니다."" 아시아쿼터제도로 KBO리그에 입성한 한 일본인 선수의 말이다. 그러나 같은 일본인인데 KBO리그에서 별다른 차이를 느끼지 못하고 오히려 행복감 속에 야구를 하는 선수도 있다. 6월 23일 선수 등록된 롯데 자이언츠의 투수 이이무라 쇼타다. ""일본의 투수판의 하단 부분은 나무 소재였는데 한국은 고무라는 점을 빼고 별 차이는 없습니다. 대만 실업팀의 야구장 마운드도 경험했기 때문에 어떤 환경에서도 괜찮습니다."" 이이무라는 대학 졸업 후 일본의 실업팀에서 3년간 뛰었지만 일본프로야구 신인드래프트에서 지명을 받지 못했고 작년부터 대만의 실업팀에서 활동하고 있었다. 지난 5월, 대만프로리그(CPBL) 구단에서 입단 테스트 제안을 했고 동시에 롯데에서도 입단 제의를 했는데 이이무라의 선택은 롯데였다. NPB 출신 선수의 경우 KBO에서 피치클락을 처음 경험한 선수가 많다. 하지만 일본 실업야구는 피치클락을 쓰고 있어서 이이무라도 피치클락의 경험이 있었다. ""사실은 일본의 실업야구 구장에는 피치클락 표시 장치가 없는 야구장도 있습니다. KBO는 모두 설치돼 있어서 그걸 보면서 던지는 타이밍을 길게 또는 짧게 조절하며 던지고 있습니다."" 이이무라는 6월 27일의 첫 등판 때(부산, LG 트윈스전) 마운드에서 관중석을 향해 머리를 숙이고 인사를 했다. 이런 인사는 보통 이적한 선수가 원 소속팀 팬들에게 하거나, 뭔가 논란을 일으킨 선수가 복귀했을 때 하는 경우가 많은데 데뷔전에서는 드문 장면이었다. 구단 관계자의 제안으로 했다는 그 인사로 이이무라는 팬들의 마음을 사로잡았다. ""생각보다 야구장의 분위기가 뜨거웠습니다. 고교 시절에 출전했던 고시엔 대회 때보다 대단했습니다. 이런 분위기 속에서 던질 수 있다는 설렘이 더 컸고 별로 긴장하지 않았습니다."" 팀에는 이이무라에 도움을 주는 사람이 많다. ""17번 선수는 일본어를 할 줄 아셔서 많이 알려주십니다. 34번의 선수는 불펜의 준비 방법을 가르쳐 주십니다. 경기 수가 적은 실업야구와 다른 점을 많이 배우고 있습니다."" 17번은 아마추어 시절 일본에서 활동한 현도훈이고, 34번은 김원중이다. ""첫 등판의 LG전 이후 퓨처스 카네무라 (사토루) 코치님이 공 자체는 문제가 없으니 낮게 제구만 되면 괜찮다고 말씀해 주셨습니다. 그 후 변화구를 낮게 던지려고 의식해서 좋은 결과가 되고 있습니다."" 이이무라는 LG와의 첫 두 경기에서는 실점했지만, 최근 3경기에서는 범타를 유도해 무안타 무실점 피칭을 이어가고 있다. 성공적인 시작을 보이고 있는 이이무라. 이이무라가 지금과 같은 활약을 이어간다면 KBO리그에서 성공하기 쉬운 일본인 선수의 유형과, 어떤 지원이 적응에 도움이 되는지를 보여주는 좋은 사례가 될 수 있다. <무로이 마사야 일본어판 한국프로야구 가이드북 저자>"
2026.07.09 09:23,"""분명 정우주 마이너 버전이라 했는데..."" 왜 김민준은 되고 정우주는 ...",MHN스포츠,"(MHN 정철우 기자) SSG 김민준이 결국 해냈다. 그것도 팀이 가장 절박한 순간에 해냈다. 김민준은 7일 잠실 두산전에 선발 등판해 6이닝 4피안타 1볼넷 6탈삼진 무실점으로 호투했다. 투구 수는 83개에 불과했다. SSG는 김민준의 역투를 앞세워 4-2로 승리하며 지긋지긋했던 9연패에서 벗어났다. 올 시즌 다섯 번째 1군 등판에서 거둔 시즌 2승째. 데뷔 첫 퀄리티스타트까지 작성했다. 흥미로운 것은 김민준의 최고 구속이 시속 148㎞였다는 점이다. 결코 느린 공은 아니다. 그러나 KBO리그에서 가장 강력한 공을 던지는 젊은 투수 중 한 명인 한화 정우주와 비교하면 이야기가 달라진다. 정우주는 150㎞ 중후반의 패스트볼을 던질 수 있다. 순수한 속도와 위력만 놓고 보면 김민준이 정우주를 앞선다고 말하기 어렵다. 그런데 지금 결과는 반대로 나타나고 있다. 김민준은 선발 투수로 자리를 잡아가고 있다. 반면 정우주는 올 시즌 자신의 압도적인 패스트볼을 제대로 성적으로 연결하지 못하고 있다. 지난해 51경기에서 3승 3홀드 평균자책점 2.85, 53.2이닝 82탈삼진을 기록하며 단숨에 리그를 대표하는 파이어볼러로 떠올랐지만 올 시즌에는 제구와 변화구 문제 속에 고전했다. WBC 대표팀까지 경험했던 투수가 아시안게임 최종 엔트리에서는 빠졌다. 왜 김민준은 되고 정우주는 안 됐을까. 답은 의외로 단순할 수 있다. 투수에게 패스트볼 구속은 중요한 무기지만 그것만으로 타자를 잡을 수는 없다는 것이다. 결국 스트라이크를 던질 수 있어야 하고, 타자가 패스트볼 하나만 기다리지 못하게 만들 확실한 변화구가 있어야 한다. 사실 이 문제는 김민준이 1군에 데뷔하기 전부터 어느 정도 예고돼 있었다. 김민준은 여러 면에서 정우주를 닮은 투수였다. 패스트볼을 앞세워 공격적으로 승부한다는 점이 비슷했다. 다만 패스트볼의 절대적인 위력에서는 분명 차이가 있었다. 김민준의 평균 구속은 140㎞대 초중반 수준이었다. 150㎞ 중후반까지 찍을 수 있는 정우주와 직접 비교하기는 어려웠다. 그래서 김민준을 두고 '정우주 마이너 버전'이라는 평가도 나왔다. 하지만 당시부터 분명한 반론이 있었다. 김민준에게는 정우주가 갖지 못한 장점이 있었다. 첫 번째는 제구였다. 김민준은 1군 데뷔를 준비하던 과정에서 점점 사사구를 줄여갔다. 5월 27일 SSG 퓨처스파크에서 열린 신안산대와 연습경기에서는 3.1이닝 1실점 2피안타 3탈삼진을 기록했다. 총 46구 가운데 스트라이크가 33개였다. 스트라이크 비율이 무려 71.7%였다. 최고 구속은 145㎞였지만 더 중요한 것은 자신이 원하는 타이밍에 스트라이크를 넣을 수 있었다는 점이었다. 당시 류택현 SSG 1·2군 순회 투수 코치도 김민준을 두고 ""정우주 수준으로 패스트볼을 윽박지를 수 있는 수준은 아니지만 제구가 안정돼 있고 포크볼이라는 확실한 무기가 있다""고 평가했다. 그 말이 1군에서 현실이 됐다. 7일 두산전에서 김민준은 패스트볼 43개를 던졌다. 여기에 스플리터 22개, 슬라이더 12개, 커브 6개를 섞었다. 패스트볼 비중은 절반을 조금 넘는 수준이었다. 중요한 것은 최고 148㎞가 아니었다. 두산 타자들이 패스트볼 하나만 놓고 기다릴 수 없었다는 점이다. 스플리터가 있었다. 슬라이더가 있었다. 커브까지 있었다. 특히 스플리터의 존재는 김민준의 패스트볼을 실제 구속 이상으로 빠르게 만들었다. 패스트볼과 비슷한 궤적으로 들어오다 타자 앞에서 떨어지는 공이 있다는 것은 타자에게 선택을 강요한다. 높은 존의 패스트볼을 의식하면 낮게 떨어지는 공에 방망이가 나간다. 떨어지는 공을 참으려 하면 스트라이크 존을 통과하는 패스트볼에 대응이 늦어진다. 이것이 '구속'과 '피칭'의 차이다. 정우주의 문제도 여기서 출발한다고 볼 수 있다. 정우주의 패스트볼은 김민준보다 빠르다. 정상적인 컨디션이라면 KBO리그 타자 누구에게도 부담을 줄 수 있는 공이다. 그러나 패스트볼 제구가 흔들리고 변화구의 확실성이 떨어지면 이야기가 달라진다. 아무리 155㎞를 던져도 타자가 기다릴 수 있는 공이 되면 위력은 반감된다. 타자는 모든 공을 칠 필요가 없다. 스트라이크 존에서 벗어나는 패스트볼을 버리고, 변화구가 결정구로 들어오지 않는다는 확신이 생기면 결국 노림수는 단순해진다. 빠른 공 하나에 타이밍을 맞추면 된다. 150㎞ 중후반의 공도 프로 타자에게 반복해서 보여주면 언젠가는 맞는다. 반대로 김민준은 타자에게 생각할 것을 많이 준다. 패스트볼은 150㎞ 중후반이 아니지만 스트라이크를 던질 수 있다. 높은 존도 활용할 수 있다. 낮은 코스로 떨어지는 스플리터가 있다. 슬라이더로 좌우 폭을 만들 수 있고 커브로 타이밍까지 흔든다. 구속은 정우주보다 떨어져도 타자가 체감하는 난도는 오히려 높아질 수 있다. 7일 두산전의 83구는 그래서 의미가 크다. 6이닝을 던지면서 볼넷은 단 1개였다. 삼진은 6개를 잡았다. 무작정 힘으로 찍어 누른 것이 아니다. 스트라이크를 선점하고 유리한 카운트를 만든 뒤 자신이 가진 변화구를 활용했다. 83개의 공으로 18개의 아웃카운트를 잡았다는 것은 단순히 공이 좋았다는 의미를 넘어선다. 타자와의 승부를 통제했다는 뜻에 가깝다. 김민준이 1군 데뷔 전 보여줬던 71.7%의 스트라이크 비율은 우연한 숫자가 아니었던 셈이다. 당시에는 김민준을 '정우주 마이너 버전'이라고 표현할 수 있었다. 패스트볼 중심의 공격적인 투구 스타일은 닮았지만 구속에서 분명 차이가 있었기 때문이다. 그러나 지금은 질문을 바꿔야 할지도 모른다. 과연 누가 더 완성된 투수에 가까운가. 물론 김민준은 이제 겨우 1군 5경기를 던진 신인이다. 정우주는 지난해 이미 1군에서 51경기를 소화했고 국가대표까지 경험했다. 현재 성적만으로 두 선수의 우열을 단정하는 것은 무리다. 정우주의 잠재력은 여전히 엄청나다. 150㎞ 중후반의 패스트볼은 아무나 가질 수 없는 재능이다. 하지만 적어도 한 가지는 분명해지고 있다. 빠른 공은 투수의 출발점이 될 수 있지만 완성점은 아니다. 정우주에게 필요한 것은 1~2㎞ 더 빠른 패스트볼이 아닐 가능성이 크다. 155㎞를 157㎞로 만드는 것보다 150㎞ 이상의 공을 원하는 곳에 던질 수 있는 능력이 더 중요하다. 여기에 타자가 패스트볼만 기다리지 못하도록 만드는 확실한 변화구 하나가 더해져야 한다. 김민준은 바로 그 해답을 먼저 보여주고 있다. 최고 148㎞. 정우주보다 느리다. 그러나 스트라이크를 던진다. 그리고 스플리터라는 확실한 무기가 있다. 여기에 슬라이더와 커브를 섞는다. 타자는 김민준을 상대로 네 가지 가능성을 동시에 생각해야 한다. 결국 투수는 스피드건과 싸우는 사람이 아니다. 타자와 싸우는 사람이다. 150㎞ 후반을 던지는 정우주가 흔들리고, 최고 148㎞의 김민준이 6이닝 무실점으로 팀의 9연패를 끊었다. 이 대비는 단순한 하루의 결과로 끝나지 않는다. 왜 김민준은 되고 정우주는 안 됐는가. 현재까지의 답은 분명하다. 패스트볼의 속도보다 중요한 것은 그 공을 스트라이크로 만들 수 있는 능력이다. 그리고 빠른 공을 더 빠르게 보이게 만드는 확실한 변화구다. 김민준은 정우주보다 느리다. 하지만 지금은 더 '투수답게' 던지고 있다."
2026.07.09 09:20,마돈나·BTS에 저스틴 비버까지 가세…월드컵 하프타임쇼 몇 분?,한국경제,"월드컵 첫 하프타임쇼의 라인업이 완성됐다. 전세계적인 팝스타 마돈나, 샤키라, 글로벌 아이돌 방탄소년단(BTS)에 이어 저스틴 비버까지 합세했다. 미국 할리우드 리포터 등 외신은 8일(현지시간) 팝가수 저스틴 비버가 오는 19일 뉴욕 뉴저지 스타디움에서 개최되는 '2026 국제축구연맹(FIFA) 북중미 월드컵' 결승전 하프타임 쇼의 공동 헤드라이너로 전격 합류했다고 전했다. 비버의 합류로 이번 무대는 앞서 출연을 확정 지은 마돈나, 샤키라, 그리고 BTS까지 가세하며 웬만한 글로벌 음악 시상식을 방불케 하는 초호화 라인업을 완성한 모양새다. 이번 하프타임 쇼는 본래 미국프로풋볼(NFL) 슈퍼볼의 전유물로 여겨지던 대형 공연 형식을 월드컵 결승 무대에 사상 처음으로 도입했다는 점에서 관심을 모은다. 밴드 콜드플레이의 크리스 마틴이 직접 큐레이팅을 맡아 총 11분간의 쇼를 기획했다. 비버와 샤키라, BTS 등 메인 아티스트 외에도 아프리카를 대표하는 번버 보이, 세계적인 지휘자 구스타보 두다멜과 베네수엘라 시몬 볼리바르 심포니 오케스트라, 스태튼 아일랜드 초등학생들로 결성된 'PS22 합창단'이 콜드플레이와 합동 무대를 꾸민다. 여기에 교육적 메시지를 더하기 위해 커밋과 미스 피기 등 유명 머펫 캐릭터들까지 등장할 것으로 알려졌다. 이번 대형 프로젝트는 국제 시민운동 단체 '글로벌 시티즌(Global Citizen)'이 제작을 주도하며 라이브 네이션 등이 힘을 보탰다. 단순한 오락성 공연을 넘어 전 세계 소외 지역 아동들의 교육 기회 확대와 축구 인프라 조성을 위해 1억 달러(약 1380억 원) 규모의 기금을 조성하겠다는 계획이다. 이번 대회 경기 티켓이 판매될 때마다 1달러씩 기부금으로 적립되며, 캐나다와 포르투갈 총리 등 글로벌 정재계 인사들의 재정적 동참 서약도 잇따랐다. 무대에 오르는 아티스트들 역시 전 지구적 화합이라는 취지에 깊은 공감을 표했다. 코첼라 페스티벌 이후 첫 공식 무대를 갖는 저스틴 비버는 ""월드컵은 그 무엇도 대신할 수 없는 방식으로 전 세계를 하나로 묶어준다""며 ""이 역사적인 하프타임 쇼의 일원이 된 것에 감사하며, 이 무대가 글로벌 아동 교육 환경 개선에 실질적인 기여를 하고 있다는 사실이 뜻깊다""고 전했다. 김예랑 한경닷컴 기자 yesrang@hankyung.com"
2026.07.09 09:17,"'굿즈 수익금 유소년 야구에' 경기도-kt wiz, 브랜드 행사로 도민 ...",발리볼코리아,"【발리볼코리아닷컴(수원)=김경수 기자】프로야구 수원KT위즈파크에서 열린 경기도와 kt wiz의 브랜드 협업 행사 '봉공위즈데이'에는 총 5만 6,100명의 관람객이 방문하며 성황을 이뤘다. 이번 행사는 경기도 브랜드 인지도 제고와 도민과의 접점 확대를 목표로 지난해에 이어 두 번째로 개최됐다. 올해는 kt wiz의 여름 대표 프로그램인 워터페스티벌과 연계해 '더 쿨해진 봉공이, 봉인 해제!'라는 주제로 다양한 참여형 프로그램이 마련됐다. 현장에서는 브랜드 포토부스, 캐릭터 굿즈 판매, 도민 패널 모집, '민선9기에 바라는 점'을 주제로 한 의견수렴 프로그램 등이 진행돼 관람객들이 경기도 브랜드를 직접 체험하고 의견을 전달하는 기회가 제공됐다. 팀스토어에서는 봉공이와 kt wiz가 협업한 굿즈가 판매됐으며, 이 굿즈는 연말까지 구매할 수 있다. 판매 수익금은 도내 유소년 야구 꿈나무 육성에 전액 기부될 예정이다. 행사 기간 동안 경기도 캐릭터 봉공이, 경기도 독립야구단 수원 파인이그스 유현우 선수, 경기도 홍보대사 경서가 각각 시구자로 나섰다. 경기 종료 후에는 브랜드 드론쇼, EDM 공연, 경서의 미니콘서트가 이어져 관람객들에게 다채로운 즐길 거리를 제공했다. 이경훈 경기도 도민소통담당관은 3일간 많은 도민과 야구팬들이 봉공위즈데이를 찾아 함께 즐긴 것에 대해 뜻깊게 생각한다고 밝히며, 앞으로도 다양한 협업과 참여 중심의 브랜드 활동을 통해 도민 가까이에서 경기도 브랜드 가치를 높여 나가겠다고 전했다. ●Copyright ⓒ Volleyballkorea.com. 무단복재 및 전재-DB-재배포-AI학습 이용 금지. ◆보도자료 및 취재요청 문의 : volleyballkorea@hanmail.net ◆사진콘텐츠 제휴문의: welcomephoto@hanmail.net"
2026.07.09 09:14,"""박준순 보다 발 빨라요"" 결승타 된 투런포·전력 질주 내야 안타 두산 ...",마이데일리,"[마이데일리 = 잠실 류한준 기자] '오늘만 같아라.' 선발 등판한 곽빈과 손발도 잘 맞았다. 타석에서도 결승타가 된 2점 홈런과 멀티 히트(한 경기 2안타 이상)를 쳤다. 두산 베어스 윤준후(포수)는 지난 8일 잠실구장에서 열린 SSG 랜더스와 주중 홈 3연전 둘째 날 경기에 선발 마스크를 썼다. '안방마님' 양의지는 지명타자로 나왔다. 윤준호는 8번 타순에 자리했는데 1-1로 맞서고 있던 2회말 맞이한 첫 타석에서 2점 홈런(시즌 3호)을 쏘아올렸다. 두산은 윤준호의 한 방으로 역전했고 이때 잡은 리드를 잘 지키며 7-3으로 SSG에 이겼다. 윤준호는 4회말 두 번째 타석에선 유격수쪽 내야 안타로 출루했다. 그 타구로 2루 주자 정수빈이 3루까지 갔고 후속타자 강승호의 2루타에 홈으로 들어와 두산은 4-1로 달아났다. 운준호의 안타가 추가점을 이끌어낸 연결고리가 된 셈. 그는 이날 경기를 마친 뒤 ""너무 오랜만에 손맛을 봤다""고 웃었다. 이날 투런포는 지난 5월 13일 KIA 타이거즈전 이후 56일 만에 다시 나온 홈런이다. 윤준호는 ""타격 전까지 까다로운 공을 잘 참아낸 것이 주효했다""며 '마침 실투가 들어왔고, 맞는 순간 넘어가는 것을 직감했다""고 투런포 상황을 되돌아봤다. 내야 안타 상황에 대해서도 언급했다. 그는 ""간절한 마음이 내야 안타로 이어지는 것 같다""며 ""매 타석 전력 질주할 뿐이다. 내 스스로 발이 빠르다고 생각하진 않지만, 그래도 박준순이(내야수)는 이길 수 있을 것 같다""고 다시 한 번 웃었다. 그런데 윤준호는 이날 큰 부상을 당할 번 했다. 5회초 수비 상황에서 SSG 이지영의 파울 타구에 급소를 맞았다. 한참을 일어나지 못하고 고통을 호소했다. 다행히 통증이 가라앉은 뒤 윤준호는 다시 마스크를 쓰고 홈플레이트를 지켰다. 윤준호는 ""(타구에 맞았을 때) '헉' 소리도 나오지 않을 정도로 너무나 아팠다""며 ""보호대를 차고 있었기에 망정이지 정말 큰일이 날 수 있었다. 홈런을 친 뒤 기뻤는데 그 타구에 맞은 뒤부터는 정신이 하나도 없더라""고 안도의 한숨을 내쉬었다. 경남고와 동의대를 나와 2023 신인 드래프트에서 2차 5라운드 49순위로 두산에 지명된 윤준호는 2024년 1군 데뷔했다. 1군 기준으로 올 시즌이 프로 3년 차다. 그는 ""기회를 주고 믿고 맡겨주는 김원형 감독께 감사드린다""고 덧붙였다. 김 감독이 윤준호에 대한 출전 시간을 늘리는 이유는 있다. 베테랑 양의지의 체력 관리 차원도 있고 팀내 '안방마님' 세대교체 주역 중 한 명으로 윤준호를 꼽고 있어서다. 이날 7이닝 1실점으로 호투하며 승리투수가 된 곽빈도 ""윤준호가 양의지 선배에게 잘 배우고 있는 것 같다. 믿음직하다""고 얘기했다. 윤준호는 ""항상 큰 목소리로 응원해 주시는 팬들에게도 진심으로 감사하다. 전반기 마지막 3연전을 위닝 시리즈로 장식할 수 있도록 내일(9일) 경기도 잘 준비하겠다""고 각오도 전했다. 류한준 기자 hantaeng@mydaily.co.kr"
2026.07.09 09:13,"원태인, 삼성의 '왕'이 되려는가?...LG 임찬규 넘지 못하면 '대관식...",마니아타임즈,"삼성 라이온즈의 에이스 원태인이 진정한 '푸른 피의 왕'으로 등극하기 위한 최대 시험대에 오른다. 이대로라면, 올 한국시리즈의 향방을 가를 운명의 3차전에서 LG 트윈스의 '가을 사나이' 임찬규와 정면충돌할 가능성이 크다. 둘의 맞대결은 단지 1승짜리 경기를 넘어 원태인 개인의 '대관식' 여부와 삼성의 우승 전선을 결정짓는 분수령이 될 전망이다. 원태인은 정규시즌 다승왕 타이틀이라는 화려한 훈장을 단 바 있다. 과거 삼성 왕조를 이끌었던 전설적인 선배들의 뒤를 잇기 위해서는 가장 극적인 순간에 팀을 승리로 이끄는 지배력이 필수적이다. 만약 원태인이 3차전에서 승리하며 마운드를 지배한다면, 삼성을 정상으로 견인함과 동시에 2020년대 '라이온즈 왕조 재건의 시조'로 역사에 이름을 새기게 된다. 그러나 상대인 임찬규의 벽은 결코 낮지 않다. 완벽한 완급 조절과 베테랑의 노련함으로 타자들을 요리하고 있는 임찬규는 현재 리그에서 가장 까다로운 '빅게임 피처'로 꼽힌다. 원태인이 임찬규의 수싸움과 베테랑다운 멘탈에 말려들어 판정패를 당할 경우, 삼성은 가장 강력한 카드를 잃고 시리즈 전체의 주도권까지 내주게 된다. 결국 삼성이 대권을 잡기 위한 모든 시나리오는 원태인의 선발승에서 출발한다. 긴 이닝을 책임지며 불펜 과부하를 막아야 하는 에이스의 숙명을 짊어진 만큼, 그의 어깨에 실린 왕관의 무게는 무겁다. 원태인이 임찬규라는 거대한 암초를 부수고 삼성 라이온즈의 진정한 왕으로 우뚝 설 수 있을지 주목된다. [강해영 마니아타임즈 기자/hae2023@maniareport.com] 기사제보 및 보도자료 report@maniareport.com"
2026.07.09 09:10,"‘미쳤다’ 148m 초대형 홈런→시즌 최장 비거리, 강백호도 뛰어넘었다....",OSEN,"[OSEN=대구, 한용섭 기자] 프로야구 LG 트윈스 거포 유망주 문정빈(23)이 대타로 나와 비거리 148m 괴력의 홈런포를 터뜨렸다. 문정빈은 8일 대구 삼성라이온즈파크에서 열린 삼성과 경기에서 8회 대타로 출장했다. 문정빈은 이날 1군에 콜업된 삼성 좌완 투수 이승현 상대로 풀카운트에서 142km 직구를 때려 가운데 담장을 넘어가는 솔로 홈런(시즌 7호)을 터뜨렸다. 그런데 장외 홈런이었다. 비거리가 무려 145m 초대형 홈런포였다. LG는 8-2로 달아났다. KBO 공식 비거리 기록은 145m. 올 시즌 비거리 145m 홈런은 단 3개 뿐이다. 한화 강백호가 5월 28일 창원 NC전에서 김태경 상대로 우중간 담장을 넘어가는 145m 솔로 홈런을 터뜨렸다. 또 NC 김형준이 5월 30일 창원 롯데전에서 좌측 담장을 넘어가는 145m 솔로 홈런을 쏘아올렸다. 문정빈의 홈런 비거리는 삼성이 측정한 트랙맨 자료에는 148m로 나왔다. KBO 기록은 기록원 목측으로 5m 단위로 측정한다. 문정빈의 148m 홈런은 올 시즌 비공식 최장 비거리 홈런이다. 경기 후 문정빈은 홈런 비거리가 145m였다고 알려주자, 깜짝 놀라며 “정말이요, 멀리 간 건 알고 있었는데, 그 정도인 줄은 몰랐어요”라고 웃으며 말했다. 이어 “완전히 배트에 맞을 때 탕 튀어서, 홈런인 거는 치는 순간 직감하고 있었다”고 보통 때와는 달랐던 홈런 느낌을 설명했다. 문정빈은 올 시즌 대타로 나와 타율 6할(10타수 6안타)을 기록 중이다. 주로 경기 후반 대타로 나섰는데 성적이 좋다. 문정빈은 “한 타석에서 아무래도 다 보여줘야 되니까, 물론 선발로 나가서도 집중은 하지만 대타로 나가면 더 준비를 잘 해서 좀 좋은 결과가 나오고 있는 것 같아요”라고 높은 대타 성공률에 대해 말했다. 문정빈은 5월 중순에서야 1군에 콜업됐다. 2군에서 장타력을 보여주자, 1군에 경험을 쌓기 위해 불러 올렸는데 기회를 주자 곧바로 장타력을 뽐냈다. 이후 줄곧 1군 엔트리에 머물고 있다. 올 시즌 33경기에 출장해 타율 3할1푼7리 7홈런 20타점 14득점 장타율 .683, OPS 1.070으로 맹활약하고 있다. 염경엽 감독이 적절하게 출장 관리를 하면서 성공 체험을 쌓게 하고 있다. 송찬의와 함께 LG 타선에서 젊은 피로 활약하고 있다. /orange@osen.co.kr"
2026.07.09 09:09,"'마음고생 이 정도였다니' 한때 끝내주는 사나이 솔직 고백 ""팀에 도움 ...",마이데일리,"[마이데일리 = 수원 심혜진 기자] 1군 복귀 이후 2경기서 맹타를 휘두른 사나이가 있다. 바로 '끝내주는 사나이' KT 위즈 배정대다. 배정대는 8일 수원KT위즈파크에서 열린 키움 히어로즈전에 7번 중견수로 선발 출전해 4타수 2안타 2타점 1득점으로 팀의 7-3 승리에 힘을 보탰다. 2회 첫 타석에서 삼진을 당했지만 팀이 4-2로 앞선 5회 1사 2루에서는 적시타를 쳐 달아나는 점수를 올렸다. 그리고 7회 무사 1루에서 담장을 직격하는 적시 2루타로 승부에 쐐기를 박았다. 전날 콜업된 배정대는 바로 선발 출전했고, 안우진을 상대로 결승 2타점 적시타 포함 3안타를 때려내며 활약했는데 이날까지 2경기서 5안타를 몰아쳤다. 모처럼 활약을 펼쳤음에도 배정대는 활짝 웃지 못했다. 좁아진 입지와 팀에 도움이 되지 못하고 있다는 생각 때문이었다. 올해 더더욱 그렇다. FA로 최원준이 합류하면서 배정대로서는 기회를 많이 잃을 수 밖에 없다. 때문에 6월말 2군행 통보를 받았다. 퓨처스리그서 4경기 출전해 타율 0.235를 기록하며 묵묵히 제 할 일을 했다. 최원준의 허리 부상으로 다시 콜업된 배정대는 중견수로 나섰고, 다시 존재감을 보이기 시작했다. 경기 후 만난 배정대는 ""이틀 연속 팀 승리에 도움이 된 것 같아 그 부분이 가장 기쁘다""고 말했다. 하지만 마음고생, 그동안 고민이 컸던 흔적이 보였다. 그는 ""2군에 12일 정도 내려갔다 왔는데 2군에서 경기를 하면서 코치님들과 이야기를 하며 최대한 중심에 어떻게든 맞추자는 쪽으로 했다. 그런 부분이 좋아지고 있는 것 같다""면서 ""선수로서 팀에 도움이 안 된다고 생각하면 정체성이 크게 흔들린다. 어제와 오늘 2경기에 있어서 그런 정체성을 찾아가는 듯한 경기를 해 기쁘다""고 했다. 이어 ""작년에 못했고, 부족한 점이 많았기 때문에 올 시즌 백업으로 시작했다고 생각한다. 어떻게 해야 팀에 도움이 될지 모르겠더라. 이전까지는 수비적인 부분 그거 하나밖에 없었던 것 같다""고 마음고생을 털어놨다. 그래도 전반기 마무리가 좋다. 이러한 활약을 발판삼아 후반기 반등을 노려볼 수 있을 터. 그는 ""올 시즌 80경기 가까이 쉬었던 것 같다. 두 경기 잘했다고 들뜨지 않고 이 감각을 잘 유지하겠다""면서 ""언제 어디서든 어떻게 나가든 팀이 승리하는 데 도움이 될 수 있게 노력하겠다. 많은 경기에 출전하는 것을 목표로 삼도록 하겠다""고 각오를 전했다."
2026.07.09 09:03,[굿모닝위즈·83] 배정대 일병 구하기 (feat.허&김),경인일보,"키움 3 : 7 kt (손동현 승) / 7.8(수) 수원 전날 3안타로는 성에 차지 않았나 보다. kt wiz 배정대는 오늘도 멀티히트를 기록하며 맹활약, 이틀 연속 키움 히어로즈를 꺾는 데 앞장섰다. 이날 7번 배정대 앞에 계속 찬스가 왔다. 네 차례 타석 모두 주자가 깔려 있었다. 5·6번 허경민·김상수 고참 듀오가 ‘정대야, 오늘도 보여줘’ 라는 듯 연신 밥상을 차렸다. 첫 두 타석에선 기회를 살리지 못했다. 배정대는 2회말 무사 1·2루에서 번트 실패 이후 허무하게 삼진을 당했고, 3회말 1사 2·3루에선 우익수 방면 뜬공을 날렸지만 비거리가 짧아 3루 주자가 홈에 들어올 수 없었다. 전날 경기에서의 좋은 기운을 이어가지 못하는 듯 보였다. 하지만 허·김 듀오는 포기하지 않고 배정대를 위한 밥상을 또 차렸다. 5회말 선두타자 허경민이 안타로 출루했고, 김상수는 희생번트로 주자를 2루에 보냈다. 앞서 두 번의 기회를 날린 배정대에게 다시 찬스가 왔다. 인생은 삼세판이라 했던가. 배정대는 세 번째 기회를 놓치지 않고 가벼운 컨택으로 내야 가운데를 뚫는 안타를 기록, 2루 주자 허경민을 홈으로 불러들였다. 7회말 네 번째 타석에선 좌측 펜스를 직격하는 2루타를 때렸다. 앞서 볼넷으로 출루한 김상수는 홈까지 질주하며 배정대의 타점을 완성했다. 최근 타격이 주춤했던 두 타자가 깨어났다. 허경민은 3안타로, 김상수는 2안타·1볼넷으로 각각 세 번의 출루를 만들어내며 배정대 앞에서 끊임없이 찬스를 만들었다. 배정대는 적시타 두 방으로 형들의 기대에 부응했다. 이날 경기 초반 잔루가 많았다. 2회와 3회 모두 주자를 2·3루에 남겨둔 채 이닝이 종료됐다. 자칫 분위기가 넘어갈 법도 했으나, kt는 흐름을 빼앗기지 않고 경기 내내 주도권을 쥐고 갔다. 선발 로건이 흔들리며 4이닝만 소화한 채 마운드를 내려갔음에도 이후 불펜이 실점 없이 경기를 지킨 게 결국 승리의 원동력이 됐다. 3연패 뒤 3연승이다. 불펜이 안정감을 찾아가니 연패가 연승으로 바뀐다. kt의 타선과 선발진은 탄탄하다. 불펜만 지금처럼 돌아간다면 무서울 게 없다. /황성규 기자 homerun@kyeongin.com"
2026.07.09 09:03,"[프로야구전반기] ③류현진은 한미 통산 기록 행진, 최정은 홈런 부문 새...",연합뉴스,"(서울=연합뉴스) 이대호 기자 = 2026년 KBO리그 정규시즌 전반기에도 기록 잔치는 이어졌다. 리그를 대표하는 베테랑들이 세월을 무색게 하는 발자국을 남겼고, 젊은 선수들은 새로운 이정표를 세웠다. 그라운드 밖에서는 관중석도 기록 행진을 벌였다. '코리안 몬스터' 류현진(한화 이글스)은 국경을 뛰어넘는 기록으로 전반기를 장식했다. 류현진은 지난 5월 24일 대전 두산 베어스전 승리로 한미 통산 200승(KBO 122승, MLB 78승) 고지를 밟았다. KBO리그와 미국프로야구 메이저리그(MLB)를 오가며 쌓아 올린 승수로, 한국인 투수 최초의 위업이다. 2006년 한화에서 프로 데뷔한 뒤 MLB 로스앤젤레스 다저스와 토론토 블루제이스를 거쳐 다시 한화로 돌아온 그의 경력이 상징적인 숫자로 정리된 순간이었다. 이후 류현진은 3승을 더해 올 시즌 전반기를 8승으로 마감했다. 류현진은 후반기에는 한미 통산 2천500탈삼진을 달성할 참이다. 그는 KBO리그 통산 1천565개의 삼진을 잡았고, MLB에서는 934번 타자를 돌려세워 기록에 삼진 1개만을 남겼다. 이변이 없다면 그가 후반기에 등판하는 첫날이 기록 탄생의 순간이 될 전망이다. 'KBO 홈런왕' 최정(SSG 랜더스)은 자신이 세운 기록을 다시 자신이 갈아치웠다. 지난해 KBO리그 최초로 20시즌 연속 두 자릿수 홈런을 달성했던 최정은 5월 12일 수원 kt wiz전 시즌 10호 홈런으로 올 시즌 그 기록을 21시즌 연속으로 늘렸다. 여기에 최정은 통산 4천500루타 고지까지 밟으며 KBO리그 역사에 발자취를 남겼다. '철인' 강민호(삼성 라이온즈)는 KBO리그 역사에 또 한 번 이름을 새겼다. KBO리그 최초의 2천500경기 출장을 달성한 것이다. 체력 소모가 가장 큰 포수 마스크를 쓴 채 이룬 업적이라 더욱 빛나는 결과다. '최고령 현역' 최형우(삼성)의 기록 행진은 전설이 됐다. 지난해 KBO리그 최초로 1천700타점 고지에 올랐던 최형우는 올 전반기에도 꾸준히 안타와 타점을 쌓으며 자신의 통산 기록을 매 경기 갱신했다. 올 시즌 시작 전에 KBO리그 통산 최다 안타 기록을 보유했던 손아섭(두산 베어스)이 주춤한 사이, 최형우는 그를 추월해 통산 2천676안타, 1위로 나섰다. 또 최형우는 지난 5월 31일 대구 두산전에서 2루타를 터트려 KBO리그 최초로 1천 장타를 달성했고, 전반기 막바지인 7일 대구 LG전에서는 전인미답의 통산 1천800타점을 정복했다. 1983년생으로 올 시즌 KBO리그 최고령 선수인 최형우는 전반기를 3할을 훌쩍 넘는 타율로 마감하며 녹슬지 않은 기량을 뽐냈다. 젊은 선수들의 도전도 만만치 않았다. SSG 랜더스 유격수 박성한은 시즌 개막전부터 22경기 연속 안타 행진을 이어가며 KBO리그 '개막 이후 최다 연속 경기 안타' 신기록을 수립했다. 꾸준한 콘택트 능력과 안정된 수비를 겸비한 박성한은 국가대표 유격수의 위상을 다시 한번 확인했다. 육성 선수로 어렵게 KBO리그에 입성한 선수들의 감동적인 선발승 사례도 두 번이나 탄생했다. 박준영(한화 이글스)은 5월 10일 대전 LG 트윈스전에 선발 등판해 5이닝 무실점으로 KBO리그 역사상 최초의 육성선수 출신 데뷔전 선발승에 성공했다. 그리고 2일에는 김백산(삼성)이 창원 NC 다이노스전 5⅔이닝 무실점으로 박준영에 이어 역대 두 번째 육성선수 데뷔전 선발승을 달성했다. 그라운드 안팎에서는 팬들도 함께 역사를 썼다. 지난 시즌 1천231만2천519명이 입장해 2년 연속 1천만 관중과 역대 최다 관중 기록을 썼던 KBO리그는 올해 또 기록 경신을 눈앞에 뒀다. 더 가팔라진 관중 입장 추이와 함께 역대 최소 경기 100만 관중부터 700만 관중까지 연달아 달성했다. 4bun@yna.co.kr (끝) ▶제보는 카톡 okjebo"
2026.07.09 09:02,[프로야구전반기] ④외국인 농사 희비…전체 25%가 전반기에 짐 싸(끝),연합뉴스,"(서울=연합뉴스) 김동한 기자 = 프로야구에서 '외국인 농사'는 한 해 성적을 좌우하는 핵심 요소다. 빅리그에서 화려한 경력을 쌓은 선수라도 KBO리그에 적응하지 못하거나 부상으로 이탈하면 팀 성적은 크게 흔들린다. 특히 올해부터 기존 외국인 선수 3명에 아시아 쿼터 선수 1명이 더해지면서 각 팀의 외국인 선수 운용법도 한층 복잡해졌다. 그중에서도 선발 로테이션의 한 축을 맡는 외국인 투수의 비중은 절대적이다. 외국인 투수 2명이 버티면 긴 시즌을 안정적으로 치를 수 있지만, 한 명이라도 무너지면 불펜 과부하와 연패로 이어지기 쉽다. 올 시즌 전반기엔 이런 외국인 투수들의 부상과 부진, 교체가 많았다. 외국인 선수(30명)와 아시아 쿼터(10명) 전체 선수 가운데 전반기 내에 KBO리그를 떠난 선수는 모두 10명에 달했다. 투수가 7명, 타자가 3명이었다. 이 중 아시아 쿼터 선수는 투수 2명, 타자 1명이었다. 부상 대체 외국인 선수를 활용한 사례도 8건이었다. 투수가 7명, 타자가 1명이었다. 결국 전반기 순위표는 외국인 투수진의 성패와 맞물려 움직였다. 외국인 투수가 로테이션을 지킨 팀은 상위권 경쟁을 이어간 반면, 부상·부진으로 이탈한 팀은 선발진 전체가 흔들렸다. 8일 현재 1∼3위에 오른 삼성 라이온즈와 LG 트윈스, kt wiz, KIA 타이거즈는 비교적 외국인 투수들이 마운드를 지키며 상위권 경쟁을 이어가고 있다. 반면 SSG 랜더스는 외국인 투수진 붕괴 속에 9위까지 밀렸고, 2021년 SSG로 새 출발한 뒤 처음으로 승률 3할대라는 불명예까지 떠안았다. 떠난 자…투수 7명·타자 3명, 짐 쌌다 전반기 동안 외국인 선수 농사에 가장 실패한 팀은 SSG다. SSG는 지난 시즌 11승을 거둔 미치 화이트가 6경기 1승 1패 평균자책점 4.11에 그치고, 올 시즌 앞두고 영입한 앤서니 베니지아노도 16경기 2승 5패 평균자책점 6.10으로 부진했다. 결국 이들은 모두 전반기 안에 방출됐다. 개별 선수로 보면 기대와 달리 일찍 짐을 싼 선수도 있다. LG의 요니 치리노스는 지난 시즌 30경기에서 13승 6패 평균자책점 3.31을 기록하며 통합 우승에 힘을 보탰지만, 올해는 8경기에서 2승 3패 평균자책점 6.68로 부진했고 결국 방출됐다. 6년 만에 돌아온 두산 베어스의 크리스 플렉센은 시즌 두 번째 등판에서 어깨 부상으로 장기 이탈했고, 결국 다시 마운드에 오르지 못하며 짐을 쌌다. 빅리그 출신인 삼성 선발 맷 매닝은 스프링캠프 때 입은 팔꿈치 부상 여파로 전반기 내내 마운드에 오르지 못했다. 아시아 쿼터에선 부진을 거듭하던 롯데 자이언츠의 쿄야마 마사야, KIA의 제리드 데일, 두산의 타무라 이치로가 결국 교체됐다. 남은 자…부상 대체 선수 선전 부상 대체 선수들 가운데 일부는 기회를 살려 자리를 잡았다. 두산의 웨스 벤자민이 대표적이다. 플렉센의 부상 대체 선수로서 14경기에 나와 4승 7패 평균자책점 2.71을 기록하며 결국 정규직 전환에 성공했다. 삼성 매닝의 부상 대체 선수로 합류한 잭 오러클린 역시 16경기에서 5승 4패 평균자책점 4.52의 준수한 성적을 작성했다. 지난 3월 이후 두 차례 계약을 연장해 이달 16일까지 삼성 유니폼을 입게 됐다. KIA의 외국인 타자 해럴드 카스트로는 시즌 초반 부진과 햄스트링 부상으로 입지가 좁아졌다가 끝내 살아남았다. 부상 대체 선수 아데를린 로드리게스가 32경기에서 홈런 10개를 터뜨리며 존재감을 과시했지만, 개인 사정을 이유로 계약을 연장하지 않으면서 카스트로에게 다시 기회가 주어졌다. NC 다이노스에서 방출된 후 키움 히어로즈 유니폼을 입은 맷 데이비슨은 '떠난 자'이면서도 '남은 자'다. 타선 강화를 위해 '외국인 타자 2명 체제'로 전환한 키움에서 새 기회를 얻었다. 아시아 쿼터에선 한때 교체 후보로 거론됐던 선수들이 끝내 전반기를 버텼다. 시즌 중반부터 KBO리그에 적응하며 기량을 끌어올린 데다 마땅한 대체 자원도 없어 교체를 피했다는 분석이 나온다. SSG의 타케다 쇼타는 15경기에서 1승 7패 평균자책점 7.43으로 부진했고, 삼성의 미야지 유라도 32경기에서 승리 없이 1패에 평균자책점 5.97로 기대에 미치지 못했지만 일단 팀에 남았다. kt의 스기모토 고키 역시 41경기에서 1승 2패 9홀드 평균자책점 5.57로 기복을 보였지만 전반기를 마쳤다. 새로 온 자…후반기 반등의 열쇠 후반기 도약을 노리는 팀들은 새 외국인 선수 영입에 열을 올리고 있다. 두산은 외국인 투수 벤자민과 정식 계약한 데 이어 외국인 타자 다즈 카메론을 유니오르 세베리노로 바꾸며 외국인 선수 교체 카드 2장을 모두 썼다. 또 아시아 쿼터에선 타무라 이치로 대신 타카다 타쿠토를 영입해 10개 구단 가운데 처음으로 모든 교체 카드를 소진했다. SSG와 키움도 외국인 교체 카드 두 장을 다 사용했다. SSG는 지난달 토머스 해치를 영입한 데 이어 8일 베네수엘라 출신 페드로 아빌라까지 데려오며 선발진 재편에 나섰다. 키움은 트렌턴 브룩스 대신 빅리그 통산 50홈런의 케스턴 히우라를 영입한 데 이어 데이비슨까지 데려오며 타선에 힘을 줬다. LG는 요니 치리노스의 대체 선수로 구원 투수인 약셀 리오스를 데려와 불펜진을 강화했고, NC는 장타력을 갖춘 블레인 크림을 새 외국인 타자로 데려와 중심 타선에 화력을 더했다. 아시아 쿼터에선 롯데와 KIA가 각각 이이무라 쇼타와 시라카와 게이쇼를 영입하며 전력 재정비에 나섰다. 2026시즌 KBO리그 전반기 외국인·아시아 쿼터 선수 현황 moved@yna.co.kr (끝) ▶제보는 카톡 okjebo"
2026.07.09 09:02,[프로야구전반기] ①전문가 예상 적중했다…LG·삼성 양강 체제,연합뉴스,"[※ 편집자 주 = 지난 3월 28일 개막해 역대 가장 빠른 속도로 관중 700만명을 돌파한 2026 프로야구가 9일 경기를 끝으로 전반기를 마감합니다. 연합뉴스는 전반기 순위 판도, 투타 타이틀 경쟁 현황, 전반기에 탄생한 대기록, 그리고 유난히 분주했던 외국인 선수 이동 현황을 아우르는 전반기 결산 기획 기사 4건을 송고합니다.] (서울=연합뉴스) 장현구 기자 = 출범 45번째 시즌인 2026 프로야구의 전반기는 LG 트윈스와 삼성 라이온즈 양강 체제로 요약된다. 두 팀은 시즌 초반부터 선두권을 형성하고 치열하게 1위를 다투다가 7∼8일 대구 삼성라이온즈파크에서 전반기 마지막 3연전 중 두 경기를 치렀다. 삼성이 먼저 1차전을 잡아 39일 만에 선두를 탈환했지만, LG가 2차전에서 반격해 하루 만에 1위를 되찾았다. 두 팀의 승차는 1경기에 불과하다. 9일 3차전 맞대결에서 이기는 팀이 1위로 전반기를 마친다. 정규리그 개막에 맞춰 연합뉴스 취재에 응한 방송사 해설위원 7명은 LG의 독주 또는 삼성과 LG의 양강 체제를 예측했다. 예상대로 올 시즌 전반기 1위 다툼은 LG의 독주 구도로 흘러가다가 막판 삼성의 대공세로 흥미진진해졌다. 마무리 유영찬의 이탈과 선발 투수 요니 치리노스의 방출로 마운드 운용에 비상이 걸린 LG는 선발 손주영을 마무리로, 불펜 장현식을 선발로 돌려 약점을 메웠다. 새 외국인 투수 약셀 리오스를 영입해 허리진을 강화하며 2년 연속 통합 우승을 향한 준비를 마쳤다. 타선에서는 한국 무대 4년 차 오스틴 딘의 파워가 원맨쇼에 가까울 정도로 돋보였다. 한국시리즈를 2년 연속 제패한 팀은 2015년과 2016년을 석권한 두산 베어스가 마지막이었다. 게다가 정규리그와 한국시리즈를 싹쓸이하는 통합 우승을 2년 연속 이룬 마지막 팀은 2011∼2014년 4년 연속 통합 우승을 달성한 삼성이다. 이런 측면에서 전반기를 최상위에서 보낸 LG의 행보는 후반기에도 비상한 관심을 끈다. 삼성은 100만달러를 주고 영입한 투수 맷 매닝을 한 번도 써보지 못하고도 투타의 탄탄한 전력으로 우승 후보답게 잘 싸웠다. 자유계약선수(FA)로 이적한 최형우가 르윈 디아즈, 구자욱과 함께 공포의 좌타라인을 구축하며 공격력이 작년보다 배가됐다. 전문가 예상이 맞아떨어진 또 하나의 사례는 kt wiz의 3위 도약과 '다크호스' 두산 베어스의 약진을 들 수 있다. 외국인 선수 3명을 모조리 교체하고 FA 김현수, 최원준, 한승택을 영입해 적재적소에 배치한 kt는 삼성, LG와 선두권에서 싸우며 지난해를 6위로 마친 아쉬움을 털어내고 벌떡 일어섰다. 김원형 감독에게 새로 지휘봉을 맡인 두산 역시 팀 평균자책점 1위(3.94)의 안정적인 마운드를 바탕으로 지난 시즌 9위에서 상승해 포스트시즌 경쟁자로 돌아왔다. 이에 반해 어깨를 수술한 김광현의 이탈과 외국인 농사 흉작이 겹친 SSG 랜더스는 31승 3무 51패, 9위로 급추락했다. 승패 차가 '-20'에 달해 가을 야구에 도전하기가 어려워졌다. 모기업의 5·18 광주민주화운동 폄훼 논란까지 겹쳐 SSG는 구단 최장 13연패에 최근에 또 9연패를 당하는 등 하염없이 고꾸라졌다. 키움은 에이스 안우진이 돌아왔는데도 역대 가장 약한 타선 탓에 10개 구단 체제 정립 후 최초로 4년 연속 최하위라는 불명예를 못 피할 판이다. 라울 알칸타라를 제외하곤 투수 네이선 와일스, 타자 트렌턴 브룩스 모두 낙제점을 받았다. 결국 NC 다이노스와 작별한 맷 데이비슨을 영입해 케스턴 히우라와 외국인 타자 2명을 기용하는 고육책으로 후반기를 맞이한다. 시즌 전 하위권으로 평가된 KIA 타이거즈는 햄스트링 부상을 딛고 돌아온 김도영을 앞세워 팀 홈런 1위(98개)를 질주하며 4위로 선전했고, 작년에 19년 만에 한국시리즈에 오른 한화는 FA 강백호와 허인서 등 젊은 타자들의 패기로 득점력을 높였지만, 코디 폰세와 라이언 와이스 두 외국인 투수의 이탈에 따른 마운드 약화로 중위권으로 처졌다. NC 다이노스는 전반기 막판 5할 승률에 근접하며 5위 싸움에 불을 댕겼고, 전지 훈련지에서 도박장을 출입했다가 징계받은 선수들 때문에 시작부터 삐걱거렸던 롯데 자이언츠는 전력이 완전체를 이루면서 조금씩 탄력을 받아 중위권 판세를 바꿀 복병으로 떠올랐다. 2026 프로야구는 100만명부터 700만명까지 역대 최소 경기로 100만명 단위 관중 돌파 기록을 모조리 갈아치우며 흥행 태풍을 일으켰다. 8일 현재 420경기에 들어온 시즌 누적 관중은 755만9천809명으로 2년 연속 1천200만명을 향해 순항 중이다. cany9900@yna.co.kr (끝) ▶제보는 카톡 okjebo"
2026.07.09 09:01,"[프로야구전반기] ②투수 7개 타이틀 경쟁, 국내 선수 강세…타격 부문은...",연합뉴스,"(서울=연합뉴스) 김경윤 기자 = 최근 프로야구 정규시즌 최우수선수상(MVP)은 외국인 선수들의 몫인 경우가 많았다. 10개 구단 체제가 된 2015년부터 지난해까지 11시즌 동안 외국인 선수가 MVP를 차지한 건 7차례나 됐다. 지난해엔 투수 코디 폰세(당시 한화 이글스)와 야수 르윈 디아즈(삼성 라이온즈)가 MVP를 놓고 2파전 양상을 보였고, 결국 폰세가 트로피를 들고 미국프로야구 메이저리그(MLB)로 떠났다. 그러나 올해는 분위기가 다르다. 전반기 종료까지 각 팀이 한 경기씩만 남겨둔 8일 현재 2026 KBO리그 개인 타이틀 경쟁에서는 국내 선수들의 활약이 두드러진다. 특히 투수 부문에서 토종 선수들의 강세가 뚜렷하다. 국내 투수들은 평균자책점, 다승, 탈삼진, 승률, 세이브, 홀드 등 투수 타이틀 7개 부문 모두 전반기 한 경기를 남겨둔 시점까지 1위에 올랐다. 두산 베어스의 2년 차 우완 투수 최민석은 평균자책점 2.33으로 단독 선두를 달리고 있고, 다승 부문에서도 LG 트윈스 임찬규가 KIA 타이거즈 애덤 올러와 함께 9승으로 공동 1위다. 탈삼진 부문에선 두산 곽빈이 112개로 선두를 달린다. 승률은 삼성 라이온즈 양창섭이 7승 무패로 1위를 달리는 가운데 최민석과 임찬규가 0.818로 공동 2위에 이름을 올렸다. 불펜 부문에서도 토종 선수들이 선두를 달린다. 최다 세이브는 삼성 김재윤(21세이브), 최다 홀드는 LG 김진성(16홀드)이 1위다. 한화의 간판 투수 류현진은 전반기에서 8승 2패 평균자책점 2.67로 다승 공동 4위, 평균자책점 4위, 승률 공동 4위(0.800)를 기록하며 녹슬지 않은 기량을 과시했다. 올해 프로야구 전반기에선 유독 부상으로 이탈한 외국인 투수들이 많았는데, 이는 국내 투수들의 약진으로 이어졌다는 평가가 나온다. 타격 타이틀 경쟁은 하루가 다르게 1위 선수가 바뀔 만큼 치열하다. kt wiz 최원준은 타율 0.363으로 선두를 달리고 있다. 그는 득점 부문에서도 공동 1위인 LG 오스틴 딘, 한화 이글스 요나탄 페라자(이상 69점)에 1점 뒤진 68득점으로 KIA 김도영과 함께 공동 3위를 달린다. 홈런 경쟁도 뜨겁다. 오스틴이 27개로 단독 1위를 달리는 가운데 김도영이 26개로 한 개 차 추격을 이어가고 있다. 타점 부문에선 한화 강백호가 85점으로 1위, 오스틴이 83점으로 2위다. 오스틴은 장타율(0.667)에서도 선두를 달리는 등 여러 타격 부문에서 정상 경쟁을 벌이고 있다. 출루율은 NC 박민우(0.441)가 1위에 올라 있으며, 최원준(0.441)이 근소한 차이로 뒤를 잇고 있다. 도루 부문에서는 롯데 자이언츠 황성빈(32개)이 박민우(26개)를 크게 앞서있다. 다만 후반기 타이틀 경쟁에는 많은 변수가 남아 있다. 대표적으로 9월에 개막하는 2026 아이치·나고야 아시안게임이 있다. 대표팀에 선발된 최민석과 곽빈, 김도영은 대회 기간 KBO리그 경기에 출전할 수 없어서 개인 타이틀 경쟁에도 영향을 미칠 전망이다. 신인왕 경쟁도 치열하다. 한화 포수 허인서는 가장 앞선 후보로 평가받는다. 그는 전반기 1경기를 남겨 둔 시점에서 79경기에 출전해 타율 0.293, 12홈런, 45타점을 기록하며 공수에서 모두 인상적인 활약을 펼쳤다. 키움 히어로즈의 선발 투수 박준현은 허인서의 가장 강력한 경쟁자다. 전반기 10경기에서 1승 4패 평균자책점 3.67의 성적을 냈다. 타선의 도움을 받지 못해 승운이 따르지 않았지만, 선발 로테이션을 안정적으로 소화하며 최하위 키움 마운드의 버팀목 역할을 한다. cycle@yna.co.kr (끝) ▶제보는 카톡 okjebo"
2026.07.09 08:55,"'천적' 최형우에게 또 고개 떨궜지만, 임찬규는 영리했다 ""다음에는 꼭""",일간스포츠,"LG 트윈스 임찬규(34)가 '천적' 최형우(43·삼성 라이온즈)와 승부에 또 어려움을 겪었다. 그러나 회복 탄력성으로 다승 공동 선두로 올라섰다. 임찬규는 스피드가 떨어져도 제구력과 영리한 운영으로 타자와 승부하며 제2의 전성기를 열었다. 염경엽 LG 감독은 구속이 떨어지는 투수에게 ""임찬규를 본받으라""고 강조한다. 그런 임찬규도 '현역 최고령 선수' 최형우만 만나면 고개를 떨구기 일쑤다. 임찬규는 8일 대구 삼성라이온즈파크에서 열린 삼성과의 경기에서도 최형우에게 선제 홈런을 포함해 2타수 2안타 2타점을 허용했다. 임찬규는 ""지난해 라이온즈파크와 잠실에서 삼성을 상대로 (4경기 3승, 평균자책점 2.74로) 기록이 좋았다. 그런데 최형우 선배가 삼성으로 옮기면서 달라졌다. 최형우 선배가 KIA에서 뛸 때도 만나면 힘든 상대였다""고 털어놓았다. 임찬규는 최형우와 통산 맞대결서 타율 0.390(59타수 23안타) 6홈런 26타점으로 열세다. 이날 역시 마찬가지였다. 임찬규는 0-0이던 1회 말 2사 1루에서 최형우에게 던진 한가운데 시속 117㎞ 체인지업을 통타당해 2점 홈런을 맞았다. 그는 ""형우 선배님 앞에 주자를 주지 말자 생각했는데, 공이 좀 빠져서 앞 타자(구자욱)에게 볼넷을 내줬다""고 곱씹었다. 2-2로 맞선 4회에는 선두타자로 나선 최형우와 7구 승부 끝에 슬라이더를 던져 안타를 내줬으나 1회 2점 홈런을 제외하면 추가 실점 없이 막았다. 야수진의 수비 도움도 있었지만, 임찬규 스스로 달라진 덕분이다. 영리한 임찬규는 ""(2번 타자) 김성윤을 상대로 슬로 체인지업으로 삼진을 잡아서 (4번 타자) 최형우 선배와 슬로 체인지업으로 승부했는데 결국 홈런을 맞았다. 그래서 빠른 체인지업으로 경기 운영을 바꿨다""고 설명했다. 임찬규는 이날 5이닝 6피안타 2실점 호투로 하루 만에 팀의 1위 탈환을 이끌었다. 자신이 왜 LG의 '토종 에이스'인지 확실하게 보여줬다. LG는 이날 경기가 상당히 중요했다. 전날(7일) 앤더스 톨허스트-아리엘 후라도 에이스 맞대결에서 2-9로 패해 39일 만에 선두를 뺏겼기 때문이다. 염경엽 감독은 8일 경기 전 ""전반기 마무리를 앞둔 시점에서 이번 3연전을 주도할 수 있는 어제 경기가 굉장히 중요했다""라고 곱씹었다. 만일 8일 경기에서 졌더라면 9일 전반기 최종전과 관계 없이 1위를 내줄 뻔했다. 그러나 LG는 임찬규의 호투를 발판 삼아 8일 경기 승리로 하루 만에 1위를 탈환했다. 경기 뒤 임찬규는 ""정말 중요한 경기라고 생각했다. 보통의 정규리그 경기보다 더 힘든 경기였는데, 타선이 많이 도와줬다. 1위를 탈환하는데 뜻깊은 경기를 한 것 같다""고 반겼다. 임찬규는 이날 승리로 시즌 9승(2패)째를 달성했다. 아담 올러(KIA 타이거즈) 최민석(두산 베어스)과 함께 다승 공동 선두로 올라섰다. 시즌 평균자책점은 3.78다. 임찬규는 3~4월 평균자책점 5.58로 불안한 출발을 보였다. 그 사이 송승기가 토종 에이스로 발돋움했다. 염경엽 감독은 임찬규를 불러 면담하며 돌파구 마련에 나섰다. 최근 몇 년간 활약하며 상대 타자에게 어느 정도 노출된 만큼 변화를 주문했고, 임찬규는 5월 이후 6승 1패 평균자책점 2.30으로 제 모습을 되찾았다. 치열한 선두 다툼 중인 LG가 통합 2연패 목표를 이루려면 삼성을 반드시 넘어야 한다. 임찬규는 ""다음부터는 형우 선배와 좀 더 빠른 승부를 할 수 있도록 해보겠다""고 각오를 다졌다. 대구=이형석 기자 ops5@edaily.co.kr"
2026.07.09 08:51,"'쓸모 없다는 선언' 유강남과 롯데의 마지막, 굴욕 계약 보다는 방출이 ...",MHN스포츠,"(MHN 정철우 기자) 프로야구에서 엔트리 변화는 말보다 솔직할 때가 있다. 감독은 “기회가 있다”고 말할 수 있고 구단은 “아직 지켜보고 있다”고 설명할 수 있다. 그러나 실제로 자리가 났을 때 누구를 올리는지는 다르다. 그 선택에는 현재 팀이 어떤 선수를 필요로 하는지, 누구를 미래 구상에 넣고 있는지가 드러난다. 그런 의미에서 최근 롯데 자이언츠의 1군 엔트리 변화를 바라보는 유강남의 심정은 복잡할 수밖에 없다. 4명이나 1군 엔트리가 바뀌는 상황이 생겼다. 선수단에 적지 않은 변화가 있었고 새로운 선택이 필요한 시점이었다. 그러나 유강남의 이름은 없었다. 단순히 베테랑 한 명이 승격되지 않았다고 넘길 수도 있다. 하지만 유강남이라는 선수의 위치와 롯데 포수진의 현재 구도를 함께 놓고 보면 이야기는 달라진다. 유강남은 2023시즌을 앞두고 롯데가 4년 총액 80억원을 투자해 영입한 포수다. 2026년은 그 계약의 마지막 시즌이다. 통산 1300경기 이상을 뛴 베테랑이고 1000안타를 넘긴 포수다. LG 트윈스 시절부터 오랜 기간 1군 주전 경험을 쌓았고, 투수 리드와 경기 운영에서 경험을 인정받아온 선수다. 그런 선수가 지금 1군의 선택을 받지 못하고 있다. 더 의미심장한 것은 롯데가 젊은 포수 손성빈을 중심으로 경기를 풀어가고 있다는 점이다. 보통 젊은 포수를 본격적으로 키우려 할 때 구단은 경험 많은 포수를 곁에 둔다. 젊은 포수에게 많은 선발 기회를 주더라도 백업은 베테랑에게 맡기는 방식이다. 포수는 다른 포지션과 다르기 때문이다. 단순히 타격과 수비만 하는 자리가 아니다. 선발투수의 상태를 읽어야 하고 불펜투수들의 구위를 파악해야 한다. 경기 흐름에 따라 사인을 바꿔야 하고 위기에서는 마운드에 올라가 투수의 호흡까지 조절해야 한다. 특히 젊은 포수가 주전으로 성장하는 과정에서는 경험 많은 백업의 가치가 작지 않다. 손성빈을 주전으로 키운다고 해도 유강남을 1군에 두는 선택은 충분히 자연스러울 수 있다. 손성빈이 지쳤을 때 선발 마스크를 맡길 수 있고, 경기 후반 상황에 따라 활용할 수도 있다. 젊은 투수와 베테랑 투수의 특성에 맞춰 포수 조합을 바꾸는 것도 가능하다. 그런데 롯데는 그렇게 하지 않고 있다. 바로 이 대목에서 질문이 생긴다. 유강남이 단순히 2군에서 타격감을 조정하고 있는 것인가. 아니면 롯데의 1군 포수 구상에서 이미 상당히 멀어진 것인가. 최근 흐름만 보면 후자의 가능성을 쉽게 지우기 어렵다. 유강남은 이미 한 차례 강한 경고를 받았다. 6월 3일 전준우, 정철원 등과 함께 1군 엔트리에서 제외됐다. 당시 롯데는 선수뿐 아니라 투수·배터리 코치까지 바꾸는 큰 폭의 개편을 단행했다. 이후 유강남은 6월 13일 다시 1군에 올라왔다. 그러나 기회는 오래가지 않았다. 복귀 후 2경기에서 5타수 무안타, 3삼진. 그리고 불과 이틀 만에 다시 1군 엔트리에서 빠졌다. 이 장면은 가볍지 않았다. 베테랑에게 재조정 시간을 주는 것이라면 어느 정도 기회를 보장할 수도 있었다. 특히 포수는 타격만으로 평가하기 어려운 포지션이다. 그러나 롯데는 오래 기다리지 않았다. 다시 2군으로 보냈다. 당시까지 유강남의 시즌 성적은 45경기 타율 2할3푼3리, 3홈런, 7타점, OPS 0.635였다. 4년 총액 80억원 계약 마지막 시즌을 보내는 베테랑 포수에게 기대했던 성적과는 거리가 있었다. 물론 유강남의 문제를 타율 하나로 설명해서는 안 된다. 포수는 수비와 투수 리드, 도루 저지, 블로킹, 프레이밍, 투수와의 호흡까지 함께 평가해야 한다. 그러나 타격에서 압도적인 경쟁력을 보여주지 못하는 상황에서 수비와 경기 운영에서도 확실한 우위를 인정받지 못한다면 입지는 급격히 좁아질 수밖에 없다. 그리고 지금 롯데의 선택은 손성빈 쪽으로 기울고 있다. 여기서 중요한 것은 단순히 ‘손성빈이 주전이 됐다’는 사실이 아니다. 손성빈을 쓰면서도 유강남을 경험 많은 백업으로 활용하지 않고 있다는 점이다. 이것은 전혀 다른 문제다. 주전 경쟁에서 밀리는 것과 1군 구상에서 밀리는 것은 다르다. 베테랑 포수가 젊은 포수에게 주전 자리를 내줄 수는 있다. 세대교체 과정에서는 자연스러운 일이다. 그러나 주전 자리를 내준 뒤에도 백업과 멘토, 특정 투수 전담 포수로 가치를 인정받으면 1군에 남을 수 있다. 유강남은 현재 그 자리조차 확실하게 확보하지 못하고 있다. 그렇다면 롯데가 보내는 메시지는 생각보다 냉정할 수 있다. “주전으로 쓰지 않겠다”를 넘어 “백업으로도 반드시 필요한 것은 아니다”라는 판단일 가능성이다. 물론 구단이 공식적으로 그렇게 밝힌 적은 없다. 시즌도 끝나지 않았다. 부상과 부진, 포수진 상황에 따라 다시 기회가 올 수 있다. 그러나 프로의 평가는 말보다 선택으로 드러난다. 엔트리에 여러 자리가 움직였는데도 베테랑 포수가 부름을 받지 못했다면 그 사실 자체는 가볍게 볼 일이 아니다. 특히 올해가 4년 80억원 계약의 마지막 시즌이라는 점에서 상황은 더 복잡하다. 시즌이 끝난 뒤 롯데가 유강남과 다시 계약할 가능성을 완전히 배제할 수는 없다. 문제는 어떤 조건이냐는 것이다. 지금과 같은 흐름이 이어진다면 과거의 80억원 계약은 아무 의미가 없다. 새로운 계약은 현재 가치로 평가받는다. 1군 주전 포수가 아니라 백업 경쟁에서도 우위를 보장받지 못하는 선수라면 협상력은 크게 떨어질 수밖에 없다. 바로 여기서 더 불편한 질문이 생긴다. 유강남에게 롯데 잔류가 정말 최선인가. 구단이 주전으로 보지 않고, 젊은 포수의 백업으로도 우선순위를 주지 않으면서 단지 ‘경험 많은 포수’라는 이유로 낮은 조건의 계약을 제시한다면 그것이 선수에게 좋은 선택일지는 따져봐야 한다. 이른바 ‘굴욕 계약’이 될 수 있기 때문이다. 물론 프로 선수에게 계약은 생존이다. 금액이 낮아도 현역 생활을 이어가는 것이 중요할 수 있다. 선수마다 판단은 다르다. 유강남이 롯데에 남아 손성빈을 돕고 제한된 역할을 받아들이는 선택을 할 수도 있다. 그것 역시 존중받아야 한다. 그러나 선수 가치의 회복이라는 측면에서는 다른 계산도 가능하다. 차라리 방출돼 시장에 나가는 것이 나을 수 있다. ‘방출’이라는 단어는 부정적으로 들린다. 하지만 베테랑에게 방출은 때로 끝이 아니라 선택권의 회복이다. 현재 소속팀에서 구상이 사라졌다면 계약에 묶여 있는 것보다 자유롭게 새 팀을 찾는 편이 낫다. 특히 포수는 시장의 특수성이 있다. 시즌을 치르다 보면 어느 팀이든 포수층에 문제가 생긴다. 젊은 포수만으로 버티기 어려운 팀이 나오고, 백업 포수의 경험이 부족한 팀도 생긴다. 선발진과 호흡을 맞춰본 경험 많은 포수를 필요로 하는 팀은 언제든 나타날 수 있다. 유강남은 통산 1300경기 이상을 뛴 포수다. 1000안타 이상을 기록했고 두 자릿수 홈런을 여러 차례 경험했다. 오랜 기간 한 팀의 주전 포수로 뛰었으며 큰 경기와 순위 싸움도 경험했다. 지금 롯데에서 가치가 떨어졌다고 해서 그 경험 전체가 사라지는 것은 아니다. 문제는 롯데 안에서 그 경험을 필요로 하느냐다. 지금까지의 선택만 보면 확신하기 어렵다. 손성빈을 주전으로 키우는 것은 충분히 이해할 수 있다. 롯데의 미래를 생각하면 필요한 선택이다. 젊고 강한 어깨를 가진 포수에게 꾸준한 출전 기회를 주고 경험을 쌓게 하는 것은 장기적으로 팀에 도움이 된다. 하지만 그렇기 때문에 오히려 유강남의 현재 위치가 더 선명하게 보인다. 젊은 포수를 키우는 팀은 대개 경험 많은 포수를 옆에 둔다. 그런데 롯데는 유강남이 아닌 다른 선택을 하고 있다. 그렇다면 단순한 세대교체만으로 설명하기 어려운 부분이 생긴다. 세대교체라면 베테랑의 역할이 남는다. 구상 제외라면 역할 자체가 사라진다. 지금 유강남은 그 경계에 서 있다. 그리고 최근 엔트리 운용은 후자 쪽으로 조금씩 기울고 있다는 인상을 지우기 어렵다. 프로는 냉정하다. 80억원 계약도 끝나면 과거다. 이름값도 현재 전력에 도움이 되지 않으면 힘을 잃는다. 유강남 역시 그 현실을 피할 수 없다. 하지만 구단의 선택이 냉정하다면 선수도 자신의 미래를 냉정하게 판단할 필요가 있다. 롯데가 더 이상 유강남을 주전으로 보지 않는다면 이해할 수 있다. 손성빈이라는 미래가 있기 때문이다. 그러나 백업으로도 우선순위가 아니라면 이야기는 달라진다. 그런 팀에 남기 위해 크게 낮아진 조건을 받아들이는 것이 최선인지, 아니면 자유로운 신분으로 자신을 필요로 하는 팀을 찾는 것이 나은지 따져봐야 한다. 4명이나 엔트리가 바뀌었다. 그래도 유강남은 올라오지 못했다. 한 번의 미등록만으로 모든 결론을 내릴 수는 없다. 하지만 프로야구에서 반복되는 선택은 메시지가 된다. 롯데의 침묵은 어쩌면 이미 많은 것을 말하고 있는지 모른다. 유강남에게 필요한 것은 80억원 계약의 추억이 아니다. 자신을 실제로 필요로 하는 자리다. 만약 롯데에 그 자리가 없다면, 계약 마지막 해 이후의 답은 의외로 단순할 수도 있다. 굴욕적인 조건으로 남는 것보다 차라리 풀리는 것. 유강남에게 방출은 가장 아픈 결말이 아니라, 마지막으로 자신의 가치를 다시 증명할 수 있는 출발점이 될 수도 있다."
2026.07.09 08:50,LG 역사의 그해를 이끈 이름들···‘2026 오스틴’은 새로운 숫자를 ...,스포츠경향,"프로야구 LG 오스틴 딘은 전반기 내내 변동성이 컸던 팀 타선의 중심축을 지키고 있다. 지난 8일에는 KBO 공식 6월 MVP로 선정되기도 했다. 7월로 접어들며 살짝 주춤했지만 지난 7일 대구 삼성전에서는 0-2이던 3회 좌익선상을 타고 가는 1타점 2루타로 팀이 주도권을 가져오는 길을 열었다. 특정시즌 특정구단의 특정선수가 얼마나 역할이 컸는지 헤아려볼 수 있는 지표 중 하나로는 WAR(대체선수대비 승리기여도)이 있다. WAR 수치는 업체별 계산법에 따라 조금씩 차이가 나타나지만, 여러 각도로 조명한 기록들의 총합체로 팀내 승리 지분을 들여다보기에는 용이한 기준점이 되고 있다, 국내프로야구에서는 KBO 공식 기록업체인 스포츠투아이와 스탯티즈가 WAR을 다루고 있다. 오스틴은 7일 현재 스포츠투아이 WAR로는 5.54, 스탯티즈 WAR로는 5.00으로 투타 통틀어 전체 1위에 올라 있다. WAR은 마이너스 수치를 달고 주저앉기도 하지만 선수 활약이 꾸준하면 시즌 종착역에 이를 때까지 계속 불어난다. 오스틴은 이 대목에서 LG 역사의 레전드들과도 경쟁 중이다. 해당 시즌을 떠올리면 바로 연상되는 이름을 불러들이고 있다. MBC 청룡을 모태로 1990년 창당한 LG 트윈스 역사에서 단일시즌 WAR이 가장 높았던 선수는 1995시즌의 좌완 에이스 이상훈이었다. 그해 이상훈은 20승5패 평균자책 2.01을 기록했다. 그 시절 WAR까지 확인할 수 있는 스탯티즈 기준 7.79를 찍었다. 1994시즌의 유격수 겸 톱타자 류지현은 WAR 7.49로 역대 2번째로 높은 수치를 기록했다. 타율 0.301 15홈런 51도루에 수비에서의 공헌도까지 반영한 수치였다. 류지현은 1998시즌 WAR 7.03으로 7점대 고지를 한번 더 밟았다. 2021시즌에는 ‘신의 눈’ 톱타자 홍창기가 WAR 7.14로 날았다. 홍창기는 그해 0.452에 이르는 놀라운 출루율을 기록하며 팀공헌도를 극대화했다. 1999년에는 ‘적토마’ 이병규가 WAR을 6.94까지 올렸다. 타율 0.349 192안타 30홈런 31도루로 ‘30-30 클럽’에도 가입하며 광폭 행보를 한 시즌이었다. LG의 또 다른 ‘원클럽맨’ 오지환 또한 출중한 유격수로 공격 지표까지 알차게 꾸린 2022시즌 WAR 6.52를 기록했다. 오지환은 그에 앞서 2020시즌에도 WAR 6.41로 야수진을 리드했다. LG 역대 외국인선수 가운데 단일 시즌 WAR 가장 높았던 선수는 2000시즌 우완 에이스 데니 해리거였다. 해리거는 팀당 133경기를 치르던 그해 31경기에 등판해 225이닝을 던지며 17승10패 평균자책 3.12를 기록했다. 그해 해리거의 WAR은 6.88로 계산됐다. LG 역대 외국인타자로는 2009시즌 WAR 5.99를 기록한 로베르토 베타지니가 팀 역사 한줄에 녹아 있다. 그해 페타지니는 타율 0.332에 26홈런을 때리면서 OPS 1.043을 기록했다. 오스틴은 7일 현재 홈런 1위(27개), 타점 2위(83), OPS 1위(1.088), 타율 3위(0.343), 최다안타 3위(111개) 등 타격 거의 전 부문을 끌어가고 있다. LG의 통합 2연패 도전 여정과도 깊이 연동된 오스틴이 숫자로 남길 2026시즌의 족적에 대한 주목도가 커지고 있다. 안승호 기자 siwoo@kyunghyang.com"
2026.07.09 08:48,"'여데라 불러다오' 기세 탄 메가 롯데, 5강판 다 엎어버리나?...이틀...",마니아타임즈,"이젠 '여데(여름 롯데)'라 불러야 하나? 롯데 자이언츠가 뜨거워지는 여름과 함께 투타 모두 뜨거워지고 있다. 롯데는 KIA 타이거즈와의 전반기 마지막 시리즈에서 믿기 힘든 화력을 과시하며 중위권 판도를 뒤흔들고 있다. 이틀 동안 쏟아낸 안타만 무려 35개다. 롯데 타선은 지난 7일 16안타를 몰아치며 10대 2 대승을 거둔 데 이어, 8일 경기에서도 리그 최정상급 투수인 제임스 네일을 무너뜨리며 19안타를 폭발, 11대 3 대승을 완성했다. 이틀간 35안타 21득점을 기록한 메가 자이언츠포의 위력 앞에 선두 KIA 마운드도 속수무책으로 무너졌다. 현재 8위에 머물고 있지만, 전반기 막판 보여준 무서운 스퍼트는 중위권 팀들을 공포에 떨게 하기 충분하다. 투타 밸런스가 완벽하게 맞물린 롯데가 이 기세를 몰아 후반기 5강 판도를 통째로 뒤엎고 가을야구 티켓을 거머쥘 수 있을지 주목된다. [강해영 마니아타임즈 기자/hae2023@maniareport.com] 기사제보 및 보도자료 report@maniareport.com"
2026.07.09 08:44,"태닝 쿠로미 ‘감다살’! KIA, 21~26일 홈 6연전 컬래버 유니폼 ...",스포츠서울,"[스포츠서울 | 이소영 기자] KIA가 올시즌에도 산리오 인기 캐릭터 ‘쿠로미’와 동행을 이어간다. 이번 협업은 여름 휴가를 맞아 챔피언스필드를 찾은 쿠로미가 하랑이와 함께 타이거즈를 응원한다는 콘셉트로 기획됐다. KIA는 산리오코리아와 손잡고 다양한 컬래버 상품을 선보인다. 어센틱 유니폼과 레플리카 유니폼 2종 등 유니폼 3종을 포함해 스크런치·방도 스카프·비치백·응원타월 등 총 17종의 상품을 출시한다. 쿠로미 유니폼은 검은색 바탕에 분홍색 포인트를 더해 제작됐다. 타이거즈 워드마크 주변엔 별, 번개, 행성 등 다양한 디자인 요소를 배치했으며, 전면엔 여름 휴가 콥셉트에 맞춰 태닝한 쿠로미가 스윙하는 모습을 담았다. 소매엔 쿠로미와 바쿠, 하랑이가 함께 야구를 관람하는 모습의 패치가 부착된다. 선수단은 21일부터 26일까지 광주-기아 챔피언스 필드에서 열리는 홈 6연전 동안 쿠로미 유니폼을 착용하고 경기에 나선다. 협업 상품 리스트는 8일 온라인 팀스토어를 통해 공개됐다. 쿠로미 어센틱 유니폼은 9일부터 온라인 팀스토어에서 판매되며, 레플리카 유니폼 2종과 기타 MD 상품은 21일부터 온·오프라인 팀스토어를 통해 만나볼 수 있다. 자세한 상품 정보와 판매 일정은 팀스토어 SNS 계정에서 확인할 수 있다. sshong@sportsseoul.com"
2026.07.09 08:42,"""류지혁 큰 부상 아니었으면"" 예비 FA의 따뜻한 한마디, 야구가 '그깟...",마이데일리,"[마이데일리 = 대구 김경현 기자] ""류지혁 선수의 상태도 걱정이 된다. 큰 부상이 아니었으면 좋겠다"" 뜨거운 동업자 정신이다. 홍창기(LG 트윈스)가 류지혁(삼성 라이온즈)의 쾌유를 바랐다. 홍창기는 8일 대구 삼성 라이온즈파크에서 열린 2026 신한 SOL KBO리그 삼성과의 원정 경기에서 1번 타자 우익수로 선발 출전해 4타수 2안타 1볼넷 1득점 2타점을 기록했다. 첫 타석부터 방망이가 불을 뿜었다. 1회 선두타자로 등장한 홍창기는 좌전 안타로 1루를 밟았다. 박해민의 안타와 오스틴의 진루타로 3루에 안착했다. 이어 문보경의 우익수 뜬공 때 태그업을 시도했는데 김성윤의 정확한 송구에 걸려 태그 아웃됐다. 백미는 4회 세 번째 타석이다. 3회 두 번째 타석은 삼진으로 아웃. 팀이 3-2로 앞선 1사 1, 3루에서 중견수 옆에 떨어지는 2타점 3루타를 뽑았다. 6회 1사 3루에서도 볼넷으로 1루를 밟아 3출루 경기를 완성했다. 박해민의 안타와 오스틴 딘의 진루타로 3루까지 진출한 뒤, 문보경 타석에서 폭투로 홈을 밟았다. 수비에서도 빛났다. 5회 2사 1, 2루 삼성의 공격. 김성윤이 우전 안타를 쳤다. 우익수 홍창기가 홈으로 깔끔하게 송구, 2루 주자 강민호를 홈에서 잡아냈다. 공교롭게도 안타를 친 김성윤은 1회 홍창기를 홈 보살로 잡았다. 홍창기의 공수 활약 덕분에 LG가 8-2로 승리했다. 이번 승리로 LG는 삼성에 1위 자리를 탈환했다. 경기 종료 후 홍창기는 ""어제는 중요한 경기에서 패배하였지만, 오늘 경기 승리할 수 있어서 기분이 좋았다""고 소감을 전했다. 3루타에 대해서 ""타석마다 감이 좋아서 좋은 공이면 치자는 마음이었다. 3루타 상황은 찬스였지만 찬스라 생각하지 않고 과감히 치자고 생각해서 좋은 결과로 이어진 것 같다""고 돌아봤다. 올 시즌이 끝나면 홍창기는 FA 자격을 얻는다. 그만큼 중요한 시즌. 하지만 타격감이 올라오지 않아 힘겨운 시간을 보냈다. 선구안은 여전하지만 시즌 타율이 0.252에 그치고 있다. 홍창기는 ""오늘 시합 전에 와이프가 '나 자신과 싸우지 말고, 투수와 싸워라'라고 말해줬고, 그 마음으로 경기에 임해서 좋은 결과가 있었던 것 같다""고 경기를 돌아봤다. 홈 보살에 대해서는 ""오늘 홈 송구는 정확하게 던지자는 마음으로 힘껏 송구했는데, (임)찬규 형의 승리에 도움을 준 것 같아서 기쁘다""고 답했다. 마지막으로 홍창기는 ""팬분들이 대구까지 많이 와주신 덕분에 이길 수 있었다""라면서 ""오늘 류지혁 선수의 상태도 걱정이 된다. 큰 부상이 아니었으면 좋겠다""고 미안한 마음을 전했다. 이날 6회 무사 2루에서 구본혁이 보내기 번트를 댔다. 타구 처리 과정에서 구본혁과 1루 백업을 들어온 류지혁이 충돌했다. 류지혁은 구본혁의 다리에 얼굴을 강하게 맞았다. 좀처럼 정신을 차리지 못했고, 결국 트레이너의 등에 업혀 더그아웃으로 들어갔다. 충돌 후 류지혁은 어지럼증을 호소했다. 잠시 휴식을 취한 뒤 곧바로 병원으로 이송되어 CT 촬영 등 검사를 받았다. 경기 종료 시점까지 검사 결과는 전해지지 않았다. 홍장기는 팀의 승리, 개인의 활약을 넘어 상대 선수의 쾌유를 바랐다. 그 한마디에서 동업자 정신을 느낄 수 있었다."
2026.07.09 08:41,"성영탁 이런 적 처음이야, 깊어지는 이범호 고민… KIA 후반기 마무리는...",스포티비뉴스,"[스포티비뉴스=사직, 김태우 기자] 이범호 KIA 감독은 1일 광주-기아챔피언스필드에서 열린 SSG와 경기가 끝난 뒤 일단 ‘집단 마무리’로의 전환을 예고했다. 집단 마무리 체제를 계속 끌고 가겠다는 게 아니라, 전반기 남은 경기가 얼마 없는 만큼 올스타 휴식기까지는 상황에 맞는 마무리 배치를 하겠다는 구상이었다. KIA는 사실 근래 들어 마무리 걱정이 별로 없는 대표적인 팀이었다. 2021년 팀의 새 마무리가 돼 2025년까지 5시즌을 든든하게 버텨준 정해영이 있었기 때문이다. 정해영은 이제 20대 초반의 마무리 투수였고, 장기적인 흐름까지 담보해줄 수 있는 최적의 카드였다. 하지만 지난해 후반기부터 이어진 구위 저하와 성적 하락의 기미가 올 시즌 초반까지 이어지자 KIA 벤치는 결국 마무리 교체를 결정했다. 정해영이 2군으로 내려가면서 마무리를 맡은 선수는 성영탁이었다. 확정된 마무리가 없었지만 성영탁이 첫 번째 기회부터 잘 살리고 이후 안정적인 흐름을 이어 가면서 굳이 성영탁 마무리 체제에 손을 댈 이유가 없었다. 정해영이 2군에서 조정을 마치고 돌아오고 나서도 그랬다. 그런데 집단 마무리 체제를 선택하면서 또 뒷문 구상이 복잡해졌다. 성영탁의 구위가 처지고 있다는 판단 때문이었다. 실제 성영탁은 근래 들어 실점을 허용하는 경우가 잦았다. 무실점을 한다고 해도 깔끔하게 경기가 끝나지 않는 느낌이었다. 1일 SSG전에서 1이닝 2실점으로 부진하자 결국 KIA는 마무리 보직을 다시 생각하기로 했다. 특별한 마무리를 정하지 않고 상황에 따라 기용하며 남은 7경기를 치르겠다고 예고한 뒤, KIA는 막상 마무리 상황이 잘 오지 않고 있다. 지난 주말 NC와 두 경기에서는 모두 졌고, 7일과 8일 사직 롯데전에서도 역시 두 판을 내리 내줬다. 특히 롯데전은 두 경기 모두 대패를 당하는 바람에 불펜 필승조 순번조차 실험해보지 못했다. 이 감독은 올스타 브레이크 동안 기존 불펜 투수들의 구위를 점검한 뒤 가장 좋은 선수를 마무리로 쓰겠다는 구상이었다. 하지만 후보군 선수들의 등판 자체가 많지 않음에 따라 실전에서는 이 문제에 대한 답을 찾지 못한 채 올스타 브레이크를 맞이할 가능성이 높아졌다. 성영탁이 마무리 자리를 내놨다고 해서 성영탁이 무조건 마무리 보직을 내놓는다는 의미는 아니었다. 전반기 마지막 일정에서의 경기력에 따라 다시 후반기 개막부터 마무리로 복귀할 수도 있었다. 4일 NC전에서는 1이닝을 깔끔하게 막아내면서 그 가능성을 살리기도 했다. 하지만 8일 사직 롯데전에서는 ⅔이닝 동안 안타 4개와 볼넷 1개를 내주면서 4실점(3자책점)하고 또 고민을 남겼다. 전반기 마지막 3연전에 총력전을 선언한 KIA는 이날 선발 제임스 네일이 고전하자 3⅓이닝만 던지게 하고 4회부터 불펜을 동원하는 강수를 썼으나 첫 주자인 성영탁이 부진하면서 오히려 경기 흐름이 완전히 넘어갔다. 네일은 1-3으로 뒤진 4회 1사 후 황성빈에게 유격수 방면 내야 안타를 맞았고, 이후 황성빈에게 도루와 포수 패스트볼로 연이어 추가 베이스를 허용했다. 이어 고승민에게 적시타를 맞으면서 추가 실점했다. 그러자 KIA는 곧바로 성영탁을 붙여 승부를 걸었으나 오히려 성영탁이 레이예스에게 좌중간 적시 2루타를 맞은 것을 시작으로 한태양 손호영에게 연속 적시타를 맞는 등 어려운 경기를 하면서 KIA 불펜도 별다른 수를 쓰지 못했다. 물론 수비 도움 등 운이 따르지 않은 부분도 있었으나 아웃카운트 2개를 잡아내면서 5번의 출루를 허용했다는 점은 가벼이 볼 수 없는 대목이었다. 주무기인 투심패스트볼 구속 자체가 시즌 초반에 비해 그렇게 떨어진 것은 아니지만 비교적 질 좋은 콘택트가 계속되고 있다는 게 고민으로 남았다. 후반기 경기가 아직 많이 남은 만큼 계속해서 집단 마무리 체제를 유지할 수는 없다. 마무리는 모든 불펜 구성의 기본이다. 마무리를 결정하고, 그 다음 역순으로 필승조를 구성하는 게 가장 편하다. 올스타 브레이크 기간 중 KIA 코칭스태프의 고민이 계속될 전망인 가운데, 성영탁은 최근 10경기에서 평균자책점 12.46, 정해영은 6.23를 기록하는 등 확실하게 튀는 선수가 없다는 점도 더 머리가 아프다. 조상우의 평균자책점이 좋기는 하지만 피안타율 자체는 그렇게 압도적인 수준은 아니다. <저작권자 ⓒ SPOTV NEWS. 무단전재 및 재배포 금지>"
2026.07.09 08:37,'누가 정우주와 김서현을 저렇게 만들었나?'...둘 다 1군 전력 이탈,마니아타임즈,한화 이글스의 미래를 책임질 역대급 강속구 유망주 정우주와 김서현이 1군 마운드에서 사라졌다. 구단의 원칙 없는 투수 운용과 부실한 육성 시스템이 낳은 참사라는 비판이 거세다. 시즌 초반 불펜에서 과부하를 겪던 신인 정우주는 명확한 빌드업 과정 없이 갑작스럽게 선발로 보직이 변경된 후 제구 밸런스가 완전히 무너졌다. 사사구를 남발하며 조기 강판당한 정우주는 결국 멘탈과 구위 재조정을 위해 2군으로 이동했다. 고질적인 제구 난조에 시달리던 김서현의 상황은 더욱 심각하다. 올 시즌 극심한 스트라이크 잔혹사를 겪으며 1군과 2군을 전전했다. 국내 코칭스태프의 처방이 한계에 부딪히자 구단은 시즌 중에 선수를 일본의 사설 바이오메카닉스 시설로 단기 유학을 보내는 이례적인 조치까지 취했다. 최고 시속 150km 중후반을 던지는 리그 최고 수준의 원석들을 보유하고도 현장의 조급한 기용과 쥐어짜기식 운용으로 선수들을 망가뜨렸다는 지적이다. 결국 시즌 중 해외 유학 소동까지 벌여야 하는 현 상황은 한화 이글스 육성 잔혹사의 뼈아픈 단면을 그대로 보여주고 있다. [강해영 마니아타임즈 기자/hae2023@maniareport.com] 기사제보 및 보도자료 report@maniareport.com
2026.07.09 08:36,"""역대급 선수"" 韓 에이스도 극찬 또 극찬…""민석이 잘 던져서 자극받았죠...",엑스포츠뉴스,"(엑스포츠뉴스 잠실, 유준상 기자) ""2년 차 선수가 자신만의 것을 갖고 있다는 게 정말 쉽지 않거든요."" 올 시즌 전반기 두산 베어스의 최고 히트 상품은 단연 최민석이다. 최민석은 전반기 16경기에서 92⅔이닝을 소화하며 9승 2패 평균자책점 2.33의 성적을 남겼다. 평균자책점과 다승 부문 1위로 전반기를 마감했다. 서울고를 졸업한 최민석은 지난해 2라운드 16순위로 두산에 입단했다. 입단 첫해부터 1군에서 선발투수로서의 성장 가능성을 보여줬다. 2025시즌 성적은 17경기(선발 15경기) 3승 3패 평균자책점 4.40이었다. 최민석은 올해 한 단계 더 성장했다. 시즌 초반부터 선발 로테이션을 돌며 두산 마운드의 한 축을 책임졌다. 특히 6월 5경기에서 32이닝을 던지며 4승 평균자책점 0.84로 활약하며 KBO리그 6월 월간 MVP 후보에 올랐다. 비록 수상으로 이어지진 않았지만, 쟁쟁한 선수들과 함께 후보에 이름을 올린 것만으로도 의미가 있었다. 김원형 두산 감독은 ""계속 경기에 나가면서도 마운드에서 한결같이 자기 모습을 보여준다는 것 자체가 스무살답지 않다""며 ""로테이션에서 한 차례 빠진 것도 관리 차원이었고, 이후 큰 문제 없이 계속 로테이션을 돌았다는 것 자체가 대단하다""고 최민석을 칭찬했다. 그러면서 사령탑은 팀과 리그를 대표하는 에이스인 곽빈을 언급했다. 김 감독은 ""마치 (곽)빈이가 선발 등판하는 듯한 느낌을 받았다""며 ""빈이는 팀의 1선발이자 에이스인 만큼 이 정도의 결과와 경기력을 보여줘야 한다. 민석이가 곽빈과 함께 거론될 정도의 전반기를 보냈다는 것 자체가 대단하다""고 전했다. 최민석의 활약을 누구보다 가까이에서 지켜본 곽빈도 후배를 향해 아낌없는 박수를 보냈다. 오히려 자신이 최민석에게 자극을 받았다고 털어놨다. 곽빈은 ""민석이가 너무 잘 던져줘서 생각보다 많은 자극을 받았다. 민석이에게도 '내가 계속 자극받을 수 있게 후반기에도 제발 평균자책점 1위를 해달라'고 얘기했다""고 밝혔다. 단순히 성적만 보고 내린 평가가 아니었다. 프로 2년 차에 불과한 최민석이 이미 자신만의 색깔과 무기를 갖췄다는 점을 높게 평가했다. 곽빈은 ""민석이가 올해 2년 차인데, 2년 차 선수가 자신만의 것을 갖고 있다는 게 정말 쉽지 않다. 어떤 선수도 2년 차에 자기만의 것을 정립하는 게 쉽지 않다. (그런 점에서) 역대급 선수라고 생각한다""고 극찬했다. 현재의 활약이 최민석이 보여줄 수 있는 전부가 아니라는 게 곽빈의 생각이다. 곽빈은 ""지금이 고점이 아니라 더 높은 지점이 있을 것이라고 생각한다. 마운드에서 평정심을 유지하고 자신감도 있다""며 ""어느 곳에 던져야 타자를 이길 수 있는지 알고 있다. 너무 잘하고 있다. 그래서 (최민석을) 진짜 높게 평가한다""고 말했다. 사진=잠실, 김한준 기자 / 엑스포츠뉴스 DB 유준상 기자 junsang98@xportsnews.com"
2026.07.09 08:36,"""한국서 성공하고 싶다""…'ML 통산 72G' 6억 외인의 당찬 포부 ""...",엑스포츠뉴스,"(엑스포츠뉴스 잠실, 유준상 기자) ""새로운 팀에서 다시 시작한다는 마음으로 경기에 임할 것입니다."" SSG 랜더스는 8일 서울 잠실야구장에서 열린 2026 신한 SOL KBO리그 두산 베어스와의 정규시즌 8차전을 앞두고 새 외국인 투수 페드로 아빌라와 총액 40만 달러(약 6억원, 연봉 38만 달러·옵션 2만 달러)에 계약했다. 앞서 SSG는 지난 4일 한국야구위원회(KBO)에 앤서니 베니지아노의 웨이버 공시를 요청했다. 베니지아노는 16경기에서 79⅔이닝 2승 5패 평균자책점 6.10으로 기대 이하의 성적을 남겼고, 전반기가 끝나기도 전에 짐을 쌌다. SSG는 여러 후보를 검토한 끝에 아빌라를 영입했다. SSG 구단은 ""아빌라를 선발로서의 풍부한 경험과 안정적인 이닝 소화력, 그리고 최근까지 실전 등판을 이어온 점을 종합적으로 검토해 현재 팀 선발진에 힘을 보탤 수 있는 최적의 자원으로 판단했다""고 영입 배경을 설명했다. 1997년생인 아빌라는 베네수엘라 출신 우완투수로 신장 180cm, 체중 95kg의 단단한 신체 조건을 갖췄다. 미국 메이저리그(MLB)에서는 통산 72경기에 등판해 146⅓이닝 8승 4패 1홀드 1세이브 평균자책점 3.51을 기록했다. 트리플A 통산 성적은 77경기(선발 53경기) 250이닝 12승 15패 평균자책점 6.05다. 아빌라는 아시아 야구를 경험하기도 했다. 지난해 일본프로야구(NPB) 야쿠르트 스왈로스에서 15경기에 나서 82⅓이닝 7승 8패 평균자책점 4.04의 성적을 남겼다. 8일 경기를 앞두고 취재진과 만난 아빌라는 ""팀에서 환영해주는 분위기가 정말 좋았고, 편안함을 느낄 수 있었다""며 ""알고 지내는 선수들 중 KBO리그에서 뛰었던 선수들이 있어 몇 년 전부터 KBO리그에 대한 이야기를 계속 들었다. 미국과는 시스템이나 문화 등이 완전히 다르다는 이야기를 많이 들었다""고 밝혔다. 새로운 환경에서의 출발에 대한 부담감은 없을까. 아빌라는 ""전반기가 끝나는 시점이고, 후반기가 시작되면 다시 '0'에서 출발한다고 생각하기 때문에 부담감은 없다. 새로운 팀에서 다시 시작한다는 마음으로 경기에 임할 것""이라고 얘기했다. 경기 외적으로도 한국 생활에 대한 기대감이 크다. 아빌라는 ""한국 문화와 음식에 대해 긍정적인 생각을 갖고 있다. 한국에 오기 전부터 한국 문화에 관심이 많았다""며 ""아직 한국에 온 지 얼마 되지 않았지만, 거리를 보면서 참 예쁘다는 생각도 했다""고 말했다. 아빌라는 큰 문제가 없다면 후반기 첫 시리즈인 16~19일 문학 KIA 타이거즈전에서 KBO리그 데뷔전을 치를 전망이다. 다만 아직 정확한 등판 순번이 결정된 건 아니다. 이숭용 SSG 감독은 ""(미국에서) 계속 경기를 소화했던 선수이기 때문에 퓨처스리그를 거치지는 않을 것 같다. 내일(9일)부터 바로 훈련을 시작한다""며 ""본인이 괜찮다고 하면 후반기 첫 4연전의 첫 경기(16일)나 세 번째 경기(18일) 등판을 생각하고 있다""고 전했다. 또 이 감독은 ""아까 잠깐 이야기를 나눠봤는데, 본인이 다른 건 몰라도 팀 분위기는 바꿔놓을 수 있다고 하더라. 우리 팀이 원하는 선수가 바로 그런 선수다. 아빌라에게도 본인이 할 수 있는 걸 보여줬으면 좋겠다고 얘기했다. 아빌라가 1선발 역할을 해줬으면 하는 바람""이라며 기대감을 나타냈다. 아빌라는 ""(올스타 휴식기에는) 우선 공인구에 적응해야 한다고 생각해서 계속 공을 만져볼 것이다. 그 이후에는 팀의 계획에 맞춰 훈련을 소화하면서 경기를 준비할 생각""이라며 ""오랫동안 한국에서 뛰고 싶고, 한국에서 성공하고 싶다. 그 이후에 일어나는 일은 내가 컨트롤할 수 없는 부분이다. 일단 최선을 다해 내 기량을 보여주는 게 첫 번째 목표""라고 각오를 다졌다. 사진=잠실, 김한준 기자 유준상 기자 junsang98@xportsnews.com"
2026.07.09 08:16,"KIA 큰일났다! ‘美+日 경력’ 156km 파이어볼러, 호랑이 사냥 준...",OSEN,"[OSEN=잠실, 이후광 기자] 후반기 첫 상대가 9위라고 해서 방심하면 큰코다칠 수도 있을 거 같다. 최고 구속 156km 강속구를 던지는 SSG 새 외국인투수가 올스타 휴식기 호랑이 사냥을 준비한다. 프로야구 SSG 랜더스는 지난 8일 총액 40만 달러(약 6억 원)를 들여 새 외국인투수 페드로 아빌라를 영입했다. 앤서니 베니지아노를 방출한 SSG는 선발진 보강을 위해 해외 시장을 물색한 결과 메이저리그, 일본프로야구 등 다양한 리그 경험을 갖춘 아빌라를 품는 데 성공했다. 아빌라는 8일 잠실 두산 베어스전에서 팀에 합류해 상견례를 갖고 본격적인 적응 훈련에 돌입했다. SSG에 따르면 베네수엘라 출신 아빌라는 평균 150km, 최고 156km 강속구를 던지는 우완 파이어볼러로, 커터, 체인지업, 커브, 스플리터 등 변화구도 다양하다. 아빌라는 메이저리그 통산 72경기 등판해 146⅓이닝 8승 4패 1홀드 1세이브 평균자책점 3.51을 기록했다. 마이너리그에서는 통산 189경기 중 145경기를 선발로 등판해 742⅔이닝을 소화한 선발 전문 요원이다. 아빌라는 아시아 야구 경력도 보유하고 있다. 2025년 일본프로야구 야쿠르트 스왈로스에서 15경기에 나서 82⅓이닝 7승 8패 평균자책점 4.04를 기록했다. 이번 시즌 클리블랜드 가디언스 산하 마이너리그 트리플A에서 15경기 중 13경기에 선발 등판해 60이닝을 소화했는데 한국으로 향해 새로운 도전을 택했다. 8일 잠실에서 만난 SSG 이숭용 감독은 “영상이 아닌 아빌라가 실제로 던지는 걸 보고 싶다. 영상은 나쁘지 않게 봤으나 리그에 얼마나 잘 적응하느냐가 중요하다”라며 “아까 잠깐 대화를 나눴는데 본인이 다른 걸 몰라도 분위기는 다 바꿔놓을 수 있다고 하더라. 우리 팀이 원하는 선수가 바로 그런 선수이고, 할 수 있는 좋은 퍼포먼스를 보여달라고 했다”라고 말했다. 아빌라는 퓨처스리그 등판 없이 올스타 휴식기를 거쳐 오는 16~19일 인천에서 펼쳐지는 KIA 타이거즈와의 후반기 첫 4연전에서 데뷔전을 가질 예정이다. 이숭용 감독은 “몸은 다 만들어져 있으니 시차 적응을 거쳐 선수와 대화를 통해 데뷔전 일정을 잡으려고 한다. 본인만 괜찮다고 하면 KIA와 첫 경기 또는 세 번째 경기 등판을 생각 중이다. 아빌라와 해치는 로테이션에서 가급적이면 떨어트리려고 한다”라고 계획을 밝혔다. SSG는 전반기 거듭된 연패로 순위가 9위까지 떨어진 상황. 후반기 58경기에서 기적의 반등을 하기 위해선 아빌라가 에이스 역할을 수행해야 한다. 이숭용 감독은 “분위기를 바꾸기 위해 베니지아노를 교체한 것이다. 선발진에서 2명 정도만 견고하게 가주면 시너지효과가 날 것으로 기대한다. 아빌라가 팀 분위기를 바꾸는 역할을 해줬으면 좋겠다”라는 바람을 남겼다. 아빌라는 잠실에서 취재진과 만나 “현재 전반기가 끝나는 시점이고 후반기는 제로 베이스에서 시작하는 거다. 그래서 부담은 없고, 새로운 팀에서 다시 새롭게 시작한다는 마음으로 경기에 임할 것”이라며 “데뷔전에 꼭 와서 내가 던지는 모습을 직접 보길 바란다. 100구를 던지는 동안 스태미나가 떨어지지 않는 걸 보여드리겠다”라고 자신감을 드러냈다. /backlight@osen.co.kr"
2026.07.09 08:14,"'다승 공동 1위 등극' 임찬규, 최형우 덕분에 승리투수?…""홈런 맞고 ...",엑스포츠뉴스,"(엑스포츠뉴스 대구, 김지수 기자) LG 트윈스 토종 에이스 임찬규가 '미리 보는 한국시리즈'에서 팀의 선두 재탈환을 이끌었다. 생애 첫 다승왕 타이틀을 향한 힘찬 도전도 이어갈 수 있게 됐다. 염경엽 감독이 이끄는 LG는 8일 대구 삼성 라이온즈파크에서 열린 2026 신한 SOL KBO리그 삼성 라이온즈와의 팀 간 10차전에서 8-2로 이겼다. 전날 2-9 패배를 설욕, 삼성을 2위로 밀어내고 다시 선두로 올라섰다. 임찬규는 이날 선발투수로 출격, 5이닝 6피안타 1피홈런 1사구 6탈삼진 2실점을 기록했다. 최고구속 143km/h를 찍은 패스트볼과 주무기인 커브, 체인지업을 적절히 섞어 던지면서 삼성 타자들의 타이밍을 흔들었다. 임찬규는 경기 종료 후 ""정말 중요한 게임이라고 생각하고 마운드에 올랐는데 팀이 1위를 다시 탈환하는데 뜻 깊은 경기를 한 것 같다""며 ""보통의 정규리그 경기보다 더 힘든 경기였는데, 타선이 많이 도와줬다""고 소감을 전했다. 임찬규의 출발은 다소 불안했다. 1회말 2사 주자 없는 상황에서 구자욱을 볼넷으로 출루시킨 뒤 최형우에 선제 2점 홈런을 허용하면서 초반 흐름을 삼성에 뺏겼다. 하지만 임찬규는 빠르게 안정을 찾았다. 피홈런 직후 르윈 디아즈를 삼진으로 돌려세운 뒤 2회말 삼성 공격을 삼자범퇴로 봉쇄했다. 3회말 무사 1루에서는 김지찬을 내야 땅볼, 김성윤을 우익수 뜬공, 구자욱을 삼진으로 처리하면서 순항을 이어갔다. LG 타선도 3회초 오스틴 딘과 문보경의 적시타로 동점, 4회초 이재원과 홍창기의 장타로 3점을 뽑아내면서 역전을 이뤄냈다. 임찬규는 이에 화답하는 호투로 5회말까지 추가 실점 없이 마운드를 지켜줬다. 임찬규는 마지막 고비였던 5회말 2사 1·2루에서 김성윤에 우전 안타를 내줬지만, LG 우익수 홍창기가 정확하고 빠른 홈 송구로 홈으로 쇄도하던 2루 주자 강민호를 보살로 잡아주면서 승리투수 요건을 갖출 수 있었다. 임찬규는 ""지난해 라이온스파크와 잠실에서 삼성 상대로 기록이 좋았던 것 같은데, 최형우 선배님이 삼성에 오시면서 (KIA에서 뛰실 때에도 그렇고) 힘든 상대였다. 최형우 선배님 앞에 주자를 놓지 말자 생각했는데, 공이 좀 빠져서 앞 타자에게 볼넷을 내주었다""고 돌아봤다. 또 ""앞에 김성윤 선수 상대로 슬로 체인지업으로 삼진을 잡아서 최형우 선배와도 슬로 체인지업으로 승부했는데 홈런을 맞았다. 빠른 체인지업으로 경기 운영을 바꾸었고 다음부터는 최형우 선배와 좀 더 빠른 승부를 할 수 있도록 해보겠다""고 각오를 밝혔다. 한편 임찬규는 이날 시즌 9승을 수확, 4년 연속 두 자릿수 승수 달성에 1승만을 남겨두게 됐다. 이와 함께 KIA 타이거즈 아담 올러, 두산 베어스 최민석과 리그 다승 부문 공동 선두로 올라섰다. 가장 최근 LG 투수가 다승왕을 차지한 건 2022시즌 케이시 켈리다. 국내 투수로는 2001년 신윤호 이후 24년 동안 '토종 쌍둥이' 다승왕은 배출되지 않고 있다. 임찬규는 전반기에만 9승을 따내면서 자신의 커리어 하이인 14승을 넘어 다승왕 타이틀도 충분히 노려볼 수 있게 됐다. 사진=엑스포츠뉴스 DB 김지수 기자 jisoo@xportsnews.com"
2026.07.09 08:11,"“전 좋은 유격수는 아니었고요, 실수가 넘쳐나는 유격수였기 때문에…” 꽃...",마이데일리,"[마이데일리 = 부산 김진성 기자] “전 좋은 유격수는 아니었고요.” KIA 타이거즈가 간판스타 김도영(23)을 내년부터 주전 유격수로 쓰려고 하는 건 이범호 감독이 즉흥적으로 내린 결정이 아니다. 지난 오프시즌부터 충분히 숙고한 결과다. 구단도 이범호 감독의 결정에 전적으로 힘을 실어준 것으로 보인다. 흥미로운 건 이범호 감독은 김도영과 반대로 현역 시절 유격수에서 3루수로 이동한 케이스라는 점이다. 물론 김도영도 고교 시절까지 유격수를 봤기 때문에 유격수에서 3루수로 이동했던 케이스다. 그러나 프로에서의 포지션 변경은 이범호 감독과 정반대인 건 맞다. 이범호 감독이 가장 걱정하는 건 김도영의 다리다. 올해 건강하게 전 경기에 나서고 있지만, 데뷔할 때부터 부상이 잦았다. 작년에는 햄스트링을 세 번이나 다쳤다. 그래서 유격수 포변을 올해가 아닌 내년을 생각하는 것이다. 시즌을 치르면서 건강에 대한 확신을 갖게 됐고, 내년부터 본격적으로 준비할 방침이다. 어쨌든 유격수는 3루수보다 할 일이 많다. 김도영이 다시 유격수 감각을 깨우고, 또 프로 수준의 타구를 유격수 위치에서 꾸준히 받아봐야 한다. 내년 스프링캠프에서 김도영이 해야 할 일이 산더미다. 물론 이범호 감독은 건강한 김도영이라면 해낼 수 있다고 믿는다. 이범호 감독은 웃더니 “저는 좋은 유격수는 아니었고요. 실수가 넘쳐나는 유격수였기 때문에 3루로 옮겼다. 그때 (한화가) 알렉스 로드리게스로 키우려고 하다 실패하고…”라고 했다. 실제 이범호 감독은 유격수로 뛴 2004년에 실책 30개를 범했다. 이후 3루로 옮겨 한국야구를 대표하는 레전드 공수겸장 3루수 길을 걸었다. 이범호 감독은 이후 “유격수가 (3루수보다)훨씬 신경 쓸 게 많다. 작전으로 해야 할 것도 많고, 1,3루면 3루수는 무조건 베이스 옆에만 있으면 된다. 유격수는 좌선상으로 가야 하고, 좌중간, 우중간 다 뛰어 가야 한다. 우선상으로 가도 2루로 갈지 3루 선상에 있을지 오만가지를 생각하고 움직여야 한다. 굉장히 복잡하다”라고 했다. 그러면서 이범호 감독은 “그걸 매 경기 중심타선을 치면서 해야 하니까. 그걸 계속 했으면 부침이 덜할 텐데 갑자기 하다 보면 굉장히 체력소모가 많이 되죠. 도영이가 유격수로 가도 될 정도의 핸들링도 갖고 있는데 체력적으로 부침이 있을 확률이 있다. 그게 조금 신경 쓰인다”라고 했다. 일단 올 시즌은 건강하게 잘 마치는 게 중요하다. 김도영도 아시안게임에 나가기 전까지 팀의 전 경기에 출전하는 게 목표다. 아시안게임, 그리고 KIA의 포스트시즌까지 무사히 치르고, 마무리캠프에 충분히 쉰 뒤 내년 1월 말 스프링캠프부터 새로운 인생이 시작된다."
2026.07.09 08:10,"""팬들이 사준 책도 읽었다"" 돌아온 LG 이재원, 타구속도 180㎞ 2루...",스타뉴스,"[스타뉴스 | 대구=김동윤 기자] LG 트윈스 우타 거포 유망주 이재원(27)이 마침내 웃음을 되찾았다. 홈런보다 값진 시원한 장타 2개. 그 뒤에는 팬들의 끊임없는 사랑과 관심도 한몫했다. 이재원은 8일 대구 삼성 라이온즈전에서 8번 및 지명타자로 선발 출장해 3타수 2안타 1타점 1득점으로 LG의 8-2 승리와 선두 탈환을 이끌었다. 천금 같은 선발 기회였다. 올해 많은 기대를 안고 LG로 복귀한 이재원은 전반기 내내 부진에 시달렸다. 계속된 부진에 결국 6월 3일자로 1군 엔트리에서 말소됐고, 이번이 3번째 1군 등록이었다. 선발 출전은 5월 28일 부산 롯데 자이언츠전 이후 41일 만이었다. 그간의 설움을 날리는 활약이었다. 첫 타석 삼진으로 물러난 이재원은 4회초 2사 1루서 좌완 잭 오러클린의 바깥쪽 높은 직구를 통타해 좌중간 외야를 갈랐다. 1타점 적시타. 중계에 따르면 타구속도가 시속 180㎞가 넘을 정도로 빨라, 삼성 유격수 심재훈이 껑충 뛰어 잡으려 해도 역부족이었다. 이후 홍창기의 3루타 때 홈도 밟았다. 좌완 상대로는 악마였다. 이재원은 6회초 선두타자로 나와 백정현의 초구를 통타해 좌중간 외야를 또 한 번 갈랐다. 이후 천성호와 교체된 것이 아쉬울 정도였다. 성공적인 1군 복귀전을 치른 이재원은 후련한 표정으로 취재진 앞에 섰다. 한 달 전 2군으로 향할 때와 사뭇 달라진 모습이었다. 이재원은 ""지난 번 2군에 내려갔을 때 많이 헤맸다. 내려가서 데이터분석팀 형들이랑 타격코치님과 많이 이야기해봤다. 하지만 내 타격 영상을 보니 타격폼에는 전혀 문제가 없었다. 그냥 멘탈이 문제였다""고 돌아봤다. 이어 ""(심적으로) 조금 쫓기다 보니까 나 혼자 공을 맞추려고 쫓아다녔다. 처음 (2군에) 내려갔을 때는 정말 하나부터 다 뜯어고친다는 마음으로 갔다. 그러다 보니 혼자 지치고 생각이 많아지고 과부하가 왔다""고 덧붙였다. 타격폼 문제가 아님을 확인한 이재원은 다시 초심으로 돌아가고자 했다. 머리를 비우고 타석에 임했고 콜업 직전 퓨처스 경기에선 5타수 3안타(2홈런) 4타점으로 워밍업을 마쳤다. 하지만 전날(7일) 대타에 이어 이날 첫 타석도 2B0S의 유리한 볼카운트에서 헛스윙 삼진으로 물러나자, 불안감이 스멀스멀 올라왔다. 이에 이재원은 ""책을 보니까 잘하려고 하다 보면 오히려 도망간다고 하더라. 간절함도 지나치면 안 된다고 해서 호흡, 시선 그리고 내가 할 수 있는 첫 번째 동작까지 딱 3가지만 생각했다. 삼진을 당하더라도 조금 더 가볍게 가자고 생각한 것이 좋은 결과로 이어졌다""고 답했다. 이재원은 송찬의(27), 문정빈(23)과 함께 LG 팬들이 그토록 바라던 우타 거포 자원이다. 염경엽 감독이 잠실야구장 장외 홈런도 가능한 LG 선수 세 명 중에서도 이재원은 가장 먼저 입에 올릴 정도로 압도적인 파워를 자랑한다. 그런 만큼 팬들의 관심도 지대했다. 아직 성과를 내지 못하고 있는 이재원에게 팬들은 멘탈 관련 책 선물로 힘이 되고자 했다. 이재원은 ""멘탈 관련 책을 많이 봤다. 한 권만 계속 보는 게 아니라 여러 번 계속 봤다. 관련 책들을 찾아보기도 했고 팬분들이 사주신 책도 있다""라며 ""팬분들에게는 정말 감사할 따름이다. 어떤 말이 딱 짚어서 생각난다기보단 감사한 마음밖에 없다""고 고마움을 나타냈다. 염경엽 감독은 후반기 시작해서도 한동안 이재원에게 기회를 주며 달라진 모습을 보고싶어 했다. 이재원도 이번만큼은 1군에서 잘 버텨보고 싶다. 그는 ""올스타 브레이크도 똑같이 보내려고 한다. 더 하려고 하면 다시 (안 좋았던 모습이) 돌고 돈다""라며 ""어느 포지션이든 상관 없다. 경기에 나가는 것에 감사하다. 오늘도 감독님께서 기회를 주셨으니까 감사한 마음으로 뛰겠다""고 당찬 포부를 밝혔다. 대구=김동윤 기자 dongy291@mtstarnews.com"
2026.07.09 08:05,"“지역 취약계층 가족에 전달”…한화, 여름 김장 지원 봉사 실시",스포츠서울,"[스포츠서울 | 이소영 기자] 한화가 여름 김장 지원 봉사활동을 실시했다. 한화는 “7일 대전 중구에 위치한 성락종합사회복지관을 찾아 지역 취약계층을 위한 여름 김장 지원 봉사활동을 진행했다”고 9일 밝혔다. 이번 봉사활동은 한화의 여름 김장 지원 사업 ‘열무야, 여름을 부탁해!’의 일환으로 마련됐다. 이날 행사엔 한화 임직원들이 직접 참여해 열무김치를 포장하며 따뜻한 나눔을 실천했다. 한화의 상반기 후원금으로 마련된 열무김치는 지역 취약계층 가정에 전달될 예정이다. 한화는 “성락종합사회복지관과 함께 매월 반찬 나눔 등 정기적인 임직원 봉사활동을 이어가며 지역사회와 상생을 실천하고 있다”고 전했다. sshong@sportsseoul.com"
2026.07.09 08:02,데이비슨 후임자는 ‘오스틴 st’? ‘OPS형’ NC 신입 블레인 성공예...,스포츠경향,"베스트 시나리오가 발현되는 것을 전제로 연결된 이름은 오스틴 딘(LG)이었다. 프로야구 NC는 최근 외국인타자 데이비슨과 결별하고 새롭게 영입한 블레인 크림(사진)을 두고 오스틴과 닮은 점에도 주목했다. 임선남 NC 단장은 최근 스포츠경향 야구전문 유튜브 채널 ‘최강볼펜’과 통화에서 블레인이 NC 타선의 강력한 연결고리가 될 것으로 기대하면서 리스트업 단계부터 들여다봤던 선수 특성을 일부 소개했다. NC는 외인타자 교체를 검토할 때부터 데이비슨이 홈런 생산력이 크게 떨어진 데다 삼진율이 여전히 높은 점에 주목하면서 조금 더 정확성이 높은 선수를 원했다. 블레인은 마이너리그 통산 삼진 비율 17.9%에 볼넷 비율이 10.4%였는데 오스틴이 2023년 LG 유니폼을 입기 전 마이너리그 통산 삼진 비율 17.6%에 볼넷 비율 8.7%였던 것과 지표가 비슷하다. 40인 로스터 언저리에 놓였던 선수로 콘택트 능력이 좋지만 우타 1루수로는 빅리그에서는 통할 만큼 파괴력이 없었다는 점 등 흡사한 면이 많았다. 더구나 오스틴은 이호준 NC 감독이 LG 타격코치와 수석코치로 2024년까지 함께 하며 지켜봤던 외국인타자다. 거침없는 활발한 성격으로 사교성이 좋은 것까지 이호준 감독은 KBO리그 ‘적응’을 화두로 들여다봤다는 전언이다. 블레인은 지난 7일 대전 한화전까지 4경기만을 뛰었다. 아직은 탐색전을 펼치는 단계. 그런데 지금까지는 NC 내부에서 기대하며 바라봤던 것과 일치하는 장면과 스탯이 나오고 있다. 블레인은 타율 0.385(13타수 5안타) 3타점에 볼넷 4개를 얻어내며 OPS 0.885를 기록하고 있다. 아직 장타가 나오지는 않았지만 짐작했던 대로 선구안이 좋고 정확도도 최상급이다. 낯선 리그의 낯선 투수와 상대하면서도 4경기에서 콘택트율 92.6%를 기록했다. 특히 슬라이더 콘택트율만 86.7%로 헛스윙을 기록했을뿐 포심과 투심 구분 없이 패스트볼 계열 구종에는 헛스윙이 한번도 없었다. 아울러 안타 5개 중 좌측 2개, 중앙 2개, 우측 1개로 오스틴를 연상시키는 스프레이히터의 분포도를 보였다. NC는 팀타율 2위(0.278)에 팀 OPS 3위(0.772)로 공격력이 처지지는 않았다. 그러나 중심타선이 연결되는 길목에서 아쉬움이 있었다. 블레인이 흐름 연결자가 돼주길 간절히 바란 NC의 계산이 현실로 드러날 희망이 보이고 있다. 안승호 기자 siwoo@kyunghyang.com"
2026.07.09 08:02,'21실점+5실책' KIA 이틀 내내 왜 이러나…1년 전 악몽 또 되풀이...,엑스포츠뉴스,"(엑스포츠뉴스 유준상 기자) KIA 타이거즈가 이틀 연속 기대에 미치지 못하는 경기력을 보여주며 4연패 수렁에 빠졌다. 이범호 감독이 이끄는 KIA는 8일 부산 사직야구장에서 열린 2026 신한 SOL KBO리그 롯데 자이언츠와의 정규시즌 11차전에서 3-11로 완패했다. KIA가 4연패를 기록한 건 지난 4월 19일 잠실 두산 베어스전~23일 수원 KT 위즈전 이후 76일 만이다. 시즌 성적은 44승39패2무(0.530)다. KIA는 3연전 첫날이었던 7일 롯데에 2-10으로 졌다. 결과뿐만 아니라 경기 내용도 실망스러웠다. 마운드는 경기 초반부터 무너졌고, 타선은 답답한 흐름을 이어갔다. 여기에 야수들의 수비 집중력까지 떨어졌다. 공식적으로 기록된 실책은 2개였지만, 경기 내내 어수선한 장면이 이어졌다. 어느 것 하나 뜻대로 풀리지 않은 경기였다. KIA는 8일 경기에서 '에이스' 제임스 네일을 선발로 내세워 분위기 반전을 노렸다. 하지만 전날과 크게 다르지 않았다. 네일은 1회말 1실점, 3회말 2실점하며 불안한 모습을 보였다. 그 사이 타선은 경기 초반 롯데 선발 나균안을 공략하지 못한 채 침묵을 이어갔다. KIA의 추격 의지가 꺾인 건 0-3으로 끌려가던 4회말이었다. 1사 2루에서 네일과 포수 주효상의 사인 교환이 제대로 이뤄지지 않으면서 포일(패스트볼)이 나왔다. 이어진 1사 3루에서는 고승민의 1타점 적시타가 터졌다. 결국 네일은 4회도 채우지 못한 채 마운드를 내려갔다. KIA는 성영탁을 조기 투입하는 승부수를 띄웠지만, 추가 실점을 막지 못했다. 성영탁은 1사 1루에서 빅터 레이예스에게 2루타를 허용했다. 이 과정에서 중견수 김호령이 포구 실책을 범했고, 1루주자 고승민은 홈까지 내달렸다. KIA의 수비는 계속 흔들렸다. 한동희의 볼넷 이후 1사 1, 2루에서는 2루수 김선빈이 박찬형의 땅볼 타구를 잡았으나 1루주자 한동희를 태그하지 못했다. 이후 급하게 1루로 송구하는 과정에서 악송구까지 범했다. 그 틈을 놓치지 않은 2루주자 레이예스는 홈까지 파고들었다. 공식 기록은 박찬형의 내야안타와 김선빈의 송구 실책이었다. 성영탁은 전민재를 유격수 땅볼로 돌려세웠으나 2사 2, 3루에서 한태양에게 2타점 적시타를 맞았다. 이때도 수비가 매끄럽지 않았다. 좌익수 박재현의 홈 송구가 크게 벗어났고, 그 사이 한태양은 2루까지 진루했다. 이어 손호영의 1타점 적시타까지 터졌다. 두 팀의 격차는 순식간에 9-0까지 벌어졌다. 포털사이트 '네이버'에 따르면 4회말이 끝난 시점에서 롯데의 승리 확률은 무려 98.7%였다. 경기가 반환점을 돌기도 전에 승부의 추가 사실상 롯데 쪽으로 기울었다. KIA는 6회초 나성범과 한준수의 1타점 적시타로 뒤늦게 추격을 시작했지만, 이미 벌어진 거리를 좁히기에는 역부족이었다. 오히려 7회말과 8회말 각각 1실점하면서 두 팀의 격차는 다시 9점 차로 벌어졌다. KIA는 9회초 1점을 만회했으나 추가 득점에 실패했다. KIA는 전반기 내내 크고 작은 위기에도 쉽게 무너지지 않았다. 많은 전문가들이 정규시즌 개막을 앞두고 KIA를 하위권으로 평가했지만, KIA는 보란 듯이 예상을 뒤엎고 전반기 4위를 확정했다. 그만큼 전반기 마지막 3연전의 중요성도 컸다. 문제는 1년 전의 좋지 않은 기억이 떠오른다는 점이다. KIA는 지난해 6월 이후 좋은 흐름을 이어갔지만, 전반기 마지막 3연전이었던 7월 8~10일 대전 한화 이글스전에서 스윕패를 당하며 분위기가 꺾였다. 그 여파는 후반기까지 이어졌다. KIA는 후반기 첫 경기였던 7월 20일 광주 NC 다이노스전에서 3-2로 승리했지만, 22~24일 광주 LG 트윈스전에 이어 25~27일 사직 롯데전까지 2연속 스윕패를 당했다. 결국 8월 중순 이후 동력을 잃었고, 정규시즌을 8위로 마쳤다. 전반기 마지막 3연전에서 1승도 거두지 못한 충격이 후반기까지 이어진 셈이었다. 올해도 심상치 않다. 최근 경기 내용만 놓고 보면 오히려 지난해보다 더 좋지 않다. KIA는 7~8일 이틀 동안 21실점, 5실책을 기록했다. 마운드가 버티지 못했고, 타선도 침묵했으며, 수비에서는 기본적인 플레이마저 흔들렸다. 기본이 받쳐주지 않는 상황에서 좋은 결과를 기대하기는 어렵다. 이제 전반기 마지막 한 경기만 남았다. '대투수' 양현종이 9일 선발 마운드에 오르는 가운데, KIA가 연패 탈출과 함께 전반기를 마무리할 수 있을지 지켜볼 일이다. 사진=엑스포츠뉴스 DB 유준상 기자 junsang98@xportsnews.com"
2026.07.09 07:55,"롯데 황성빈-LG 박해민, 홈런보다 무서운 ‘빠른 발’ 야구",KBS,"[앵커] 야구에서 시원한 홈런만큼 빠른 발이 결정적 활약을 할 때가 많은데요, 프로야구 롯데 황성빈과 LG 박해민이 빠른 발로 눈부신 활약을 펼쳐 각각 팀 승리를 이끌었습니다. 박주미 기자가 보도합니다. [리포트] 내로라하는 빠른 발의 사나이 롯데 황성빈의 내야 안타입니다. 1회 선두 타자로 나와 기아 네일의 시속 147km 초구를 때렸는데 말 그대로 머리카락이 날릴 정도의 속도로 내야 안타를 만들었습니다. 속도를 좀처럼 주체할 수 없었던지 순식간에 도루 성공으로 2루에 안착. 온전히 자신의 발로 만든 선취 득점 기회에서 득점까지 올렸습니다. 팀에 선취점을 안긴 황성빈은 4회 또 한 번 빠른 발을 뽐냈습니다. 이번에도 날랜 몸짓으로 내야 안타를 만들고, 도루로 2루를 훔쳤습니다. 당황한 기아 마운드가 사인 미스로 공을 흘리며 흔들렸고, 어느새 3루까지 안착해 고승민의 안타로 또 한 번 홈을 밟았습니다. 롯데는 황성빈의 내야 안타를 시작으로 4회에만 6득점을 올리고 크게 이겼습니다. 롯데에 황성빈이 있다면 LG엔 이 선수, 박해민이 있습니다. 삼성 최형우의 투런포에 2대 0으로 끌려가던 3회. 2사에서 빠른 발로 출루에 성공했습니다. 박해민이 잘 차린 득점 밥상에 오스틴과 문보경의 적시타가 터진 엘지는 곧바로 동점 균형을 맞췄습니다. 홈런보다 무서운 한 걸음, 황성빈과 박해민이 한여름 무더위를 날린 시원한 플레이로 팬들을 즐겁게 했습니다. KBS 뉴스 박주미입니다. 영상편집:하동우 ■ 제보하기 ▷ 전화 : 02-781-1234, 4444 ▷ 이메일 : kbs1234@kbs.co.kr ▷ 카카오톡 : 'KBS제보' 검색, 채널 추가 ▷ 유튜브, 네이버에서도 KBS뉴스를 구독해주세요! 박주미 기자 (jjum@kbs.co.kr)"
2026.07.09 07:45,한뼘 핫팬츠 치어리더 김한슬 '에너지 가득한 응원'  [치얼UP영상],마이데일리,"‘경기장의 꽃’ 치어리더는 더 이상 단순히 관중의 응원만을 이끄는 존재에 머물지 않는다. 관중과 선수를 연결하는 가교이자, 경기장 분위기를 극대화하는 주역으로 확실히 자리 잡았다. 이제 치어리더는 응원을 넘어 팬과 팀을 이어주는 중요한 스포츠 콘텐츠 창작자로 빛나고 있다. 스포츠 문화를 더욱 풍성하게 만드는 치어리더들의 매력을 <마이데일리>가 현장에서 영상으로 담아 [치얼UP영상]에서 전한다. <편집자 주> [마이데일리 = 수원 곽경훈 기자] 치어리더 김한슬이 치어리더가 지난 21일 오후 경기도 수원kt위즈파크에서 진행된 '2026 신한 SOL KBO 리그' 기아 타이거즈- KT 위즈 경기에서 응원을 펼치고 있다."
2026.07.09 07:44,"경기 중간에 타격연습 하는 선수가 있다니→멀티히트로 땀방울 증명…""80경...",엑스포츠뉴스,"(엑스포츠뉴스 수원, 양정웅 기자) 경기 중임에도 느낌이 좋지 않아 연습을 자청했다. 그리고 그 노력은 멀티히트로 돌아왔다. '끝내주는 남자' 배정대(KT 위즈)가 이틀 연속 맹타를 휘두르며 팀의 3연승에 큰 기여를 했다. KT는 8일 수원 케이티 위즈 파크에서 열린 키움 히어로즈와 2026 신한 SOL Bank KBO 리그 정규시즌 홈경기에서 7-3 승리를 거뒀다. 이로써 이번 시리즈에서 2승을 챙긴 KT는 5일 수원 롯데 자이언츠전부터 3연승을 달리고 있다. 시즌 47승 35패 1무(승률 0.573)가 된 KT는 2위와 3경기 차로 좁히게 됐다. 이날 KT 타선을 이끈 건 허경민과 배정대였다. 허경민은 4타수 3안타 2득점, 배정대는 4타수 2안타 2타점 1득점으로 팀의 득점에 기여했다. 특히 배정대의 활약을 빼놓을 수 없다. 그는 이날 7번 타자로 출전했는데, 키움 선발 배동현을 상대로 첫 두 타석에서는 범타에 그쳤다. 2회 무사 1, 2루에서는 번트 실패에 이어 삼진으로 물러났고, 3회에도 우익수 플라이로 아웃됐다. 하지만 이후 두 타석에서는 모두 타점을 올렸다. KT는 4-3으로 앞서던 5회말 허경민의 안타와 희생번트로 1사 2루를 만들었다. 여기서 배정대가 친 타구는 유격수의 옆을 지나 중견수 쪽으로 빠져나가는 안타가 됐다. 2루 주자가 홈을 밟으며 KT는 한 점을 더 달아났다. 다음 타석에서도 활약이 이어졌다. 7회 김상수가 볼넷으로 출루한 가운데, 배정대가 키움 3번째 투수 박진형의 초구 가운데 포크볼에 배트를 냈다. 타구는 높이 비행해 왼쪽 펜스를 직격하는 2루타가 됐다. 공이 옆으로 크게 튕겨나오며 1루 주자 김상수가 홈을 밟았다. 한승택의 희생번트로 3루까지 간 배정대는 대타 김민혁의 희생플라이로 득점까지 올렸다. 덕분에 KT는 7-3까지 달아날 수 있었다. 배정대는 전날 경기에서도 4타수 3안타 2타점 1득점으로 KT가 3-0으로 승리하는 데 있어 큰 공헌을 했는데, 이틀 동안 5안타 4타점으로 좋은 모습을 보여줬다. 경기 후 취재진과 만난 배정대는 ""이틀 연속 팀이 승리하는데 있어 도움이 된 것 같아 그 부분이 가장 만족스럽고 기분이 좋다""고 소감을 전했다. 이날 첫 두 타석에서 안타를 치지 못한 배정대는 ""느낌이 별로여서 실내 배팅케이지에 들어가서 조금 더 쳤다""고 말했다. 이어 ""중요하게 생각했던 부분이 다시 느낌이 와서 그대로 타석에서 실행하려고 했는데, 그래서 결과가 좋아서 다행이다""라고 말했다. 2015년 KT가 1군에 진입할 당시부터 팀을 지킨 배정대는 2020시즌부터 팀의 주전 중견수로 활약했다. 3년 연속(2020~2022년) 전 경기에 출전했고, 2024시즌에도 113경기에서 0.275의 타율을 기록했다. 하지만 지난해 99경기에서 0.204의 저조한 타율을 기록했고, 올해는 최원준의 영입으로 인해 아예 주전에서 밀려났다. 결국 6월 말 1군 엔트리에서 제외돼 재조정의 시간을 가졌다. 배정대는 ""내려가서 경기하면서 2군 코치님과도 얘기했고, (유)한준 코치님과도 얘기했다""며 ""이전에는 좀 더 강한 타구를 내려고 했는데, 이제는 배트 중심에 맞히려고 하는 쪽으로 가고 있다""고 변화를 언급했다. 그는 ""아직 두 게임밖에 안 됐지만 좋아지지 않았나 생각한다""고도 했다. ""선수로서 도움이 안 된다고 생각하면 정체성이 흔들린다""고 얘기한 배정대는 ""어제와 오늘 두 경기에서 정체성을 찾아가는 듯한 경기를 해서 그게 가장 기쁘다""고 얘기했다. 그래도 전반기 막판 활약이 본인에게는 도움이 될 가능성이 높다. 배정대는 ""거의 80경기 동안 쉬었던 것 같다""며 ""이제 2경기 했다고 너무 들뜨지 않고, 최대한 감을 잘 유지해서 언제 어디서든 승리에 도움되도록 노력하려고 한다""고 밝혔다. 인터뷰가 마무리될 무렵, 배정대는 ""한 마디만 더 하겠다""고 말했다. 7월 9일은 이강철 KT 감독의 환갑일이었다. 그는 ""오늘 감독님 생신이신데 선물을 드린 것 같아서 좋다""고 얘기하며 떠났다. 사진=수원, 양정웅 기자 / 엑스포츠뉴스 DB 양정웅 기자 orionbear@xportsnews.com"
2026.07.09 07:42,"광주서 고개 숙이며 사과한 배재고, 6개월 출전 정지 재심 신청…“이르면...",MK스포츠,"광주를 찾아 사과했던 배재고등학교 야구부가 6개월 출전 정지 징계에 대한 재심을 신청했다. 대한체육회는 배재고 야구부로부터 6개월 출전 정지 징계에 관한 재심의를 신청받았다고 8일 밝혔다. 대한체육회는 이르면 이달 말에 열리는 스포츠공정위원회(위원장 이영진·이하 공정위)에서 관련 안건을 심의할 예정이다. 안건 상정 시기와 재심의 처분에 따라 배재고는 다음 달 펼쳐지는 제54회 봉황대기 전국고교야구대회에 출전할 가능성이 생겼다. 연합뉴스에 따르면 대한체육회 관계자는 “공정위는 정해진 일정에 맞춰 개최해 여러 안건을 함께 심의한다. 차기 공정위 개최 일정은 아직 확정하지 않았으나 이달 말에 열릴 예정”이라면서 “공정위 개최에 앞서 징계 심의 소위원회가 열리며, 이 자리에서 배재고 재심의건을 이달 말 공정위 안건으로 상정할지를 결정하게 된다”고 말했다. 이어 “현재 접수된 안건이 많은 만큼, 배재고 안건을 이달 말 공정위에서 심의할지는 불투명하다”고 덧붙였다. 대한체육회 규정에 따르면, 공정위는 산하 단체 징계에 관한 최종심 역할을 하며 심의 당일 결론을 내린다. 징계 처분도 공정위 의결 직후부터 효력이 발생한다. 만약 배재고 야구부 징계에 관한 재심의 안건이 이달 말 공정위에 상정돼 위원들이 징계를 경고 등으로 대폭 감경하면, 배재고 야구부는 봉황대기에 나설 수 있다. 현재 배재고가 올해 남은 기간 출전할 수 있는 전국 대회는 사실상 지역 예선 없이 치러지는 봉황대기 뿐이다. 배재고 야구부는 지난 달 29일 목동구장에서 열린 제81회 청룡기 전국고교야구선수권대회 겸 주말리그 왕중왕전 광주일고와 경기 중 상대 더그아웃을 향해 “스타벅스 가야지” 등을 외쳐 파문을 일으켰다. 이는 지난 달 스타벅스 코리아의 이른바 ‘5·18 탱크데이’ 이벤트 논란을 연상케 하는 조롱성 구호로 해석됐다. 이에 대한야구소프트볼협회(KBSA) 스포츠공정위원회는 지난 1일 배재고 야구부에 6개월 출전 정지와 함께 청룡기 전국고교야구선수권대회의 남은 경기 몰수패를 의결했다. 이후 배재고 야구부 학생들과 학교 관계자들은 6일 광주일고를 찾아 사과했다. 배재고 주장 A군은 사과문을 통해 “저희가 광주에 발을 딛는 것만으로도 불편하셨을 텐데 귀한 시간 마련해주신 광주일고에 감사드린다”며 “부적절한 발언과 행동들로 인해 마음의 큰 상처를 입은 광주일고 선수들과 학부모님, 광주 시민분들께 진심으로 사과드린다”고 고개를 숙였다. 그러면서 “모든 선수가 진심으로 깊이 반성하고 있다. 야구를 떠나 인성이나 태도가 인생에서 얼마나 중요한지 깨닫고 배우게 됐다”며 “같은 선수로서 정말 하면 안 되는 행동이었다. 항상 마음속 깊이 반성하는 마음과 자세로 살아가겠다”고 재차 사과했다. 아울러 양쪽 선수단이 광주 국립 5·18 민주묘지도 방문, 의미있는 시간을 보낸 가운데 이규연 광주일고 교장은 7일 입장문을 통해 선처를 요청했다. 한편 KBSA는 배재고의 봉황대기 출전 가능성을 염두에 두고 대회 준비를 진행하고 있다. 협회 관계자는 “배재고가 징계 감경으로 봉황대기 출전 자격을 얻게 될 가능성을 대비해 일정이 조정될 수 있다는 내용을 각 출전팀에 안내할 예정”이라고 이야기했다. [이한주 MK스포츠 기자] [ⓒ MK스포츠, 무단전재 및 재배포 금지]"
2026.07.09 07:41,"‘야구판 가챠’ 사직 찍고 수원 상륙! 일상 파고든 야구 열풍, 이젠 ‘...",스포츠서울,"[스포츠서울 | 수원=이소영 기자] ‘야구판 가챠’, 이른바 포토카드 뽑아보셨나요? 최근 2030세대를 중심으로 ‘가챠 열풍’이 거세다. 비교적 적은 금액으로 다양한 굿즈를 얻을 수 있는 데다, 원하는 상품을 수집하는 재미까지 더해지면서 하나의 문화로 자리 잡았다. 단순한 뽑기를 넘어 자신의 개성을 드러낼 수 있다는 점도 인기 요인이다. 야구장에 등장한 ‘포토부스’도 같은 원리다. 2년 연속 1000만 관중을 돌파한 KBO리그의 열기는 올해도 식을 줄 모른다. 전국 야구장은 연일 직접 관람(직관)에 나선 팬들로 붐빈다. 경기와 먹거리는 물론, 최근엔 포토부스까지 직관 필수 코스로 떠올랐다. 지난해 사직구장에서 처음 선보인 한국후지필름의 포토부스는 올해 수원에도 들어섰다. 응원하는 선수의 다양한 모습을 담은 포토카드를 수집하고, 가족·친구·연인 등과 하나뿐인 직관 추억도 남길 수 있는 콘텐츠다. 한국후지필름 관계자는 “아이돌 팬덤에서 볼 수 있는 포토카드 교환 문화도 심심찮게 목격된다”고 설명했다. 포토카드는 일반·스페셜·커스텀 등 총 3가지 종류로 구성됐다. 카드마다 즐기는 방식도 다르다. 일반 카드는 QR코드를 스캔하면 즉시 출력할 수 있다. 스페셜 카드는 일반 카드 구매 시 럭키드로우 방식으로 제공돼 랜덤 뽑기의 묘미를 살렸다. 커스텀 포토카드는 앞면을 직접 꾸밀 수 있으며, QR코드를 통해 휴대전화 속 사진을 선택해 나만의 ‘직관템’으로 만들 수 있다. 수집 욕구를 자극하는 요소는 또 있다. 시즌과 선수에 따라 포토카드 구성이 달라져 매 경기 새로운 아이템을 만날 수 있다. 커스텀 포토카드는 원하는 선수와 디자인을 직접 선택하는 방식이다. 한국후지필름 관계자는 “매 경기 인산인해를 이룬다”며 “경기 관람을 넘어 응원, 굿즈 소비, 사진 경험이 결합된 오프라인 팬덤 콘텐츠”라고 말했다. 포토카드를 찾는 가장 큰 이유는 차별화된 사진이다. 인터넷에서 누구나 볼 수 있는 이미지가 아닌, 한국후지필름 포토카드에서만 만날 수 있는 전용 사진을 사용한다. KT위즈파크를 찾아야만 손에 넣을 수 있는 특별한 아이템인 셈이다. 현장 관계자는 “전문 촬영팀과 협업해 완성도를 높였다”며 “경기 중 다양한 사진을 담아 현장감을 살리는 데 중점을 뒀다”고 밝혔다. 실제 신규 팬들은 SNS에 올라오는 다양한 직관템과 인증샷을 보고 야구장으로 향하기도 한다. 응원과 굿즈, 포토카드까지 야구를 즐기는 방식도 한층 다양해졌다. 이제 야구장은 자신만의 개성을 마음껏 표현하고 팬 문화를 함께 즐기는 공간으로 진화하고 있다. sshong@sportsseoul.com"
2026.07.09 07:29,"""수술 2번에 구위형도 아닌데?""...삼성이 '시한폭탄' 페덱을 선택한 ...",마니아타임즈,"대권 도전을 선언한 삼성 라이온즈가 후반기 승부수로 메이저리그 출신 우완 크리스 페덱 영입을 눈앞에 두고 있다. 메디컬 테스트 결과만 남겨둔 상태인 것으로 알려졌지만, 팬들 사이에서는 기대보다 우려의 목소리가 터져 나온다. 가장 큰 걸림돌은 팔꿈치 상태다. 페덱은 커리어 동안 두 차례나 토미 존 수술(팔꿈치 인대 접합 수술)을 받았다. 투수에게 한 번의 수술은 흔해졌지만, 두 번째 수술부터는 재활 성공률이 급격히 떨어지며 언제 다시 터질지 모르는 '시한폭탄'과 같다. 이 때문에 팬들은 ""후반기 우승 경쟁이 한창일 때 갑자기 팔꿈치 통증으로 이탈하면 대체 선수도 못 구하고 시즌을 망치게 된다"", ""두 번이나 누운 투수에게 가을야구를 맡기는 건 지나친 도박""이라며 불안감을 감추지 못하고 있다. 과거의 압도적인 구위를 잃었다는 점도 우려를 키운다. 전성기 시절 150km 중반의 강속구로 타자를 윽박지르던 페덱은 수술 이후 구속이 140km 후반대에 머물고 있다. 메이저리그 기준으로는 더 이상 구위형 투수가 아니라는 뜻이다. 팬들 역시 ""예전의 '보안관' 시절 구위가 아닌데 한국에 온다고 통하겠느냐"", ""구속도 평범해졌고 윽박지르는 맛이 없으면 까다로운 KBO 타자들에게 정타를 맞기 십상""이라는 냉정한 분석을 내놓고 있다. 그럼에도 삼성이 페덱의 손을 잡으려는 이유는 철저한 '석 달 반짜리 가성비 실리주의'에 있다. 현재 외국인 시장은 역대급 가뭄으로, 특히 선발 투수를 구하기 힘든 실정이다. 이런 상황에서 최근까지 빅리그 로스터에 있던 페덱의 클래스는 단연 돋보인다. 메이저리그에서는 평범해진 149km의 구속과 명품 체인지업 조합이 KBO 리그 기준으로는 여전히 최상위권 구위로 돌변할 수 있다는 계산이다. 결국 삼성의 목표는 페덱에게 풀타임 시즌을 바라는 것이 아니다. 전력 분석이 끝나기 전인 후반기와 포스트시즌 단기전에서 생소함을 무기로 가을야구 승리를 가져다줄 '단기 청부사' 역할이다. 누적 과부하가 걸리기 전인 60~70이닝만 버텨준다면 성공이라는 확신이 있기에, 삼성은 팬들의 우려 속에서도 '하이 리스크 하이 리턴' 마운드에 주사위를 던졌다. [강해영 마니아타임즈 기자/hae2023@maniareport.com] 기사제보 및 보도자료 report@maniareport.com"
2026.07.09 07:27,"유격수 직선타 코스를 시속 179㎞로 뚫어버렸다…괴력의 잠실 빅보이, 어...",스포티비뉴스,"[스포티비뉴스=대구, 신원철 기자] 유격수 직선타가 될 수 있는 타구였다. 쉽지는 않았겠지만 발사각 8.9도의 라인드라이브 타구는 점프 타이밍만 잘 맞는다면 아웃으로 연결할 수도 있었다. 그러나 그 타구가 시속 178.7㎞로 날아온다면 얘기가 달라진다. LG 이재원의 방망이에 걸린 공은 유격수 직선타가 될 수도 있는 코스라도 장타가 된다. 이재원은 8일 대구 삼성라이온즈파크에서 열린 삼성 라이온즈와 경기에 8번 지명타자로 나와 2루타 두 개로 멀티히트를 기록했다. 2회 첫 타석에서는 삼진으로 물러났지만 4회 2-2에서 역전하는 1타점 2루타, 6회 선두타자로 나와 다득점 기회를 만드는 2루타를 때렸다. 모두 시속 180㎞ 안팎의 강한 타구였다. 4회 잭 오러클린을 상대로 기록한 적시 2루타는 발사각이 8.9도에 불과했다. 유격수 심재훈도 점프 캐치를 시도했다. 문제는 속도였다. 이재원의 방망이에 맞은 타구는 시속 178.7㎞러 날아가 글러브를 스치고 외야로 빠져나갔다. 6회에는 백정현을 만나 시속 180.9㎞ 강한 타구로 2루타를 기록했다. LG는 이재원의 장타쇼에 힘입어 삼성을 8-2로 꺾고 1위를 되찾았다. 이재원은 경기 후 인터뷰에서 ""(1군 말소 때)계속 폼을 생각했었다""며 ""폼의 문제라고 생각해서 내려갔을 때 많이 헤맸다. 그때 정말 폼이 문제인지 데이터분석팀 형들, 타격코치님들과 얘기했는데 돌고 돌아 영상을 보니 폼에는 문제가 없는 느낌이 들었다. 그냥 멘탈(문제)이었던 것 같다. 쫓기다 보니까 공을 맞히려고 쫓아다니면서 안 좋아졌던 것 같다""고 말했다. 4월 1군 말소 때는 퓨처스리그에서 더 보여줄 것이 없다는 듯 연일 멀티히트를 기록했다. 그런데 6월에는 그렇지 않았다. 이재원은 두 번째 1군 말소 후 '다 뜯어고친다'는 마음을 먹었던 것이 오히려 역효과를 낸 것 같다고 했다. 그는""처음 내려갔을 때는 하나부터 다 뜯어고친다는 마음이었다. 그러다 과부하가 오면서 혼자 지치고 생각이 많아졌다. 영상도 많이 찾아보고 훈련도 많이 하면서 조금씩 좋아졌다""며 ""하나하나 다시 시작해보자 생각하면서 조금 더 심플하게 하려고 했더니 좋은 결과가 나왔다""고 밝혔다. 그러면서 팬이 선물한 책에서 본 글귀를 마음에 새겼다고 했다. 이재원은 ""책에서 봤는데 잘하려고 하다 보면 (원하는 것이)도망간다더라. 너무 간절하면 될 것도 안 된다고. 그래서 딱 세 가지만 생각했다. 호흡과 시선, 내가 할 수 있는 것만 하자는 마음 그게 맞아떨어진 것 같다. 삼진을 먹더라도 생각했던 대로, 조금 가볍게 가자고 생각했다""고 얘기했다. <저작권자 ⓒ SPOTV NEWS. 무단전재 및 재배포 금지>"
2026.07.09 07:26,'천적도 징크스도 모두 깼다' 네일과 질긴 인연 끊은 나균안...KIA전...,스포츠조선,"[부산=스포츠조선 박재만 기자] 질긴 인연도 끝은 있었다. KIA 에이스 네일과 8번째 선발 맞대결, 그리고 KIA 상대로 23번째 등판 만에 롯데 선발 나균안이 마침내 활짝 웃었다. 8일 부산 사직구장에서 열린 롯데 자이언츠와 KIA 타이거즈의 경기. 이날 선발 마운드에 오른 나균안에게는 반드시 끊어야 할 두 가지 징크스가 있었다. 하나는 네일과의 맞대결, 또 하나는 KIA전 무승이었다. 2024시즌부터 이날 경기 전까지 나균안은 네일과 무려 7차례 선발 맞대결을 펼쳤지만 단 한 번도 승리를 가져가지 못했다. 네일은 롯데를 상대로 통산 9경기 3승 평균자책점 1.50(54이닝 9자책점)을 기록할 정도로 강했고 나균안과 맞대결에서도 번번이 웃었다. 반면 나균안은 KIA만 만나면 유독 승운이 따르지 않았다. 이날 경기 전까지 KIA전 통산 22경기에 등판해 승리 없이 8패 평균자책점 6.78. 네일과의 7차례 선발 맞대결에서도 평균자책점 6.07에 그치며 아쉬움을 삼켜야 했다. 전반기 마지막 선발 등판. 나균안은 어느 때보다 집중력 있는 투구를 펼쳤다. 무엇보다 든든한 득점 지원이 힘이 됐다. 올 시즌 유독 타선 도움을 받지 못했던 나균안은 이날 롯데 타선이 초반부터 폭발하며 5회까지 9점을 뽑아주자 더욱 공격적으로 스트라이크존을 공략했다. 가장 인상적인 장면은 6회였다. 9-0으로 앞선 6회 1사 2루. 퀄리티스타트를 눈앞에 둔 상황에서 타석에는 KIA 김도영이 들어섰다. 나균안은 볼카운트 1볼 2스트라이크를 만든 뒤 포수 손성빈의 사인에 고개를 끄덕였다. 결정구는 바깥쪽 보더라인 끝에 떨어지는 포크볼이었다. 김도영은 볼이라고 판단해 배트를 내지 않았지만 ABS는 스트라이크를 선언했다. 우타자 기준 가장 낮고 먼 코스에 정확히 꽂힌 완벽한 제구였다. 아쉬움을 감추지 못한 김도영은 삼진 직후 배트로 땅을 내리치며 판정에 아쉬움을 드러냈다. 이제 퀄리티스타트까지 아웃카운트 하나만 남겨둔 나균안은 이후 연속 안타를 허용하며 실점했다. 2사 1,2루에서 김상진 투수코치가 마운드에 올라 이야기를 나눴고, 끝까지 책임지고 싶었던 나균안은 투수 코치 설득 끝에 공을 불펜에 넘겼다. 최종 성적은 5⅔이닝 7피안타 1사사구 7탈삼진 2실점. 퀄리티스타트에는 아웃카운트 하나가 부족했지만 승리 투수 요건은 충분했다. 무엇보다 의미가 컸던 것은 결과였다. 네일과 여덟 번째 선발 맞대결 끝에 처음으로 승리를 따냈고, KIA전 통산 23번째 등판 만에 마침내 첫 승을 신고했다. 길고도 질겼던 악연을 끊어낸 나균안. 전반기 마지막 등판에서 가장 값진 승리와 함께 오랫동안 따라다니던 두 개의 징크스를 동시에 털어냈다."
2026.07.09 07:26,"""형들이 야구 그만하라고..."" 탈삼진-구속? NO, 곽빈이 신경 쓰는 ...",스타뉴스,"[스타뉴스 | 잠실=안호근 기자] 다승도, 탈삼진도, 곽빈(27·두산 베어스)의 강력한 아이덴티티인 엄청난 구속도 놀랍게도 그의 가장 큰 관심사는 아니었다. 오직 더 나은 투수가 되는 것. 그것을 단적으로 보여주는 평균자책점(ERA) 말고는 큰 욕심을 보이는 게 없었다. 곽빈은 8일 서울 잠실야구장에서 열린 SSG 랜더스와 2026 신한 SOL KBO리그 홈경기에 선발 등판해 7이닝 동안 97구를 던져 2피안타 1볼넷 7탈삼진 1실점 호투를 펼쳤다. 타선의 든든한 지원을 받은 곽빈은 팀이 7-3으로 이기며 시즌 8승(3패)째를 따냈다. 6월부터 나선 6경기에서 5연승을 달렸다. 지난해 부상과 함께 19경기에서 5승(7패)에 그쳤는데 올 시즌 전반기 만에 8승을 수확했다. 무엇보다 의미가 깊은 건 그 어느 때보다도 내용마저도 빼어나다는 것이다. 곽빈의 커리어하이는 23경기에서 12승(7패), ERA 2.90을 기록했던 2023년이라고 볼 수 있는데, 올 시즌엔 17경기에서 8승 3패, ERA 2.60, 112탈삼진을 기록하며 최고의 시즌을 보내고 있다. 김원형 감독은 전날 전반기 ERA와 다승 1위에 오른 최민석을 칭찬하면서도 "" ""곽빈이 더 위다. 다만 빈이가 팀의 에이스인데 곽빈을 비교 대상으로 표현할 정도면 그 정도로 민석이가 올 시즌에 잘해주고 있다는 것""이라며 ""빈이는 1선발이고 에이스이기 때문에 이렇게 해줘야 되는데 민석이는 곽빈과 비교가 될 정도로 전반기를 했기 때문에 지금 저희 투수들이 무너지지 않고 좋은 경기력을 보여준 것 같다""고 흐뭇한 미소를 지었다. 곽빈은 왜 자신이 에이스인지를 제대로 보여줬다. 이날 던진 97구 중 최고 시속 159㎞, 평균 152㎞ 직구는 45구를 뿌렸다. 최고 150㎞, 평균 147㎞에 달하는 커터(18구)와 평균 134㎞로 더 느리지만 큰 궤적을 그리는 슬라이더(17구)를 비슷한 비율로 섞으며 SSG 타선의 눈을 현혹시켰다. 타이밍을 빼앗는 체인지업(평균 134㎞)을 12구, 커브(평균 117㎞)도 5구 섞었다. 2회부터 전의산에게 솔로포를 맞았다. 2회초 1사 주자 없는 볼카운트 2-1에서 카운트를 잡기 위해 시속 156㎞ 직구를 존에 찔러 넣었는데 전의산의 타구는 시속 174.5㎞ 빠른 속도로 날아갔고 우측 담장을 훌쩍 넘기는 비거리 130m 대형 홈런이 됐다. 이 홈런이 곽빈을 더 자극했을까. 이후 더 힘을 내기 시작했다. 3회 삼진 2개를 잡아낸 곽빈은 4회 선두 타자 최정에게 볼넷을 허용한 뒤 병살타를 유도하며 주자를 지워 이닝을 깔끔히 마쳤다. 5회와 6회에도 연달아 삼자범퇴로 마쳤다. 특히 6회엔 바깥쪽 보더라인에 걸치는 직구를 연이어 결정구로 뿌리며 정준재와 박성한을 꼼짝 얼어붙게 하는 연속 루킹 삼진을 잡아냈다. 153㎞, 156㎞ 직구가 보더라인 끝에 걸쳤다. 컨택트가 좋은 두 타자로서도 손 쓸 방법이 없는 공이었다. 이날 4,5번째 삼진을 잡아낸 곽빈은 탈삼진 1위 애덤 올러(KIA·105개)를 제치고 이 부문 1위로 올라섰다. 올러가 전반기를 조기 마감한 상황에서 탈삼진 1위로 전반기를 마치게 됐다. 지난 4월 16일 SSG전(7이닝 2실점)에 이어 다시 한 번 SSG에 7이닝 호투를 펼쳤다. 올 시즌 두 번째 하이 퀄리티스타트(선발 7이닝 이상, 2자책점 이하)이자 11번째 퀄리티스타트(선발 6이닝 이상, 3자책점 이하) 기록도 작성했다. 더불어 자신의 최고 구속을 종전(5월 28일 잠실 KT전) 158.7㎞에서 1회 박성한을 상대로 던진 5구 159㎞를 기록하며 갈아치우기도 했다. 긴 이닝을 소화하면서도 삼진도 7개나 잡아냈다. 곽빈은 ""적극적인 승부를 했고 빠르게 유리한 카운트를 만들 수 있어서 그게 투구수를 줄인 것 요인인 것 같다""며 ""템포 조절을 할 수 있을 때는 최대한 하려고 한다. 긴 이닝을 많이 던지고 싶기 때문""이라고 말했다. 전반기를 다승과 ERA 1위로 마감하게 된 후배 최민석(20)의 활약이 큰 동기부여가 되고 있다. 곽빈은 ""민석이가 너무 잘 던져주고 있어서 그게 생각보다 많이 자극이 되더라. 그래서 후반기 때도 민석이에게 '제발 ERA왕을 하라, 응원한다. 너에게 많이 자극받게'라고 말해줬다""고 전했다. 2024년 올랐던 다승왕의 자리도, 1위로 올라선 탈삼진도, 이를 가능케해주고 있는 구속에 대한 부분도 욕심이 없었다. 오직 기량을 끌어올리는 것에만 포커스를 맞추고 있다. 곽빈은 ""개인적인 욕심은 크게 안 낸다. 제 임무에 맞게 최선을 다해 던지면 더 좋지 않을까 생각한다""며 ""다승왕을 노리고 싶지는 않다. 탈삼진도 크게 생각이 없다. 사실 160㎞를 던지고 싶은 생각도 없고 매년 구위가 떨어지지 않는 게 목표다. 그런 강박이 있으면 안 되는 것 같다""고 말했다. 더 중요한 건 본질이다. 곽빈은 ""마음에 드는 건 볼삼비가 많이 좋아졌다는 것이다. 9이닝당 볼넷도 많이 줄었다""며 ""올해는 BQ(야구지능)이 늘고 있는 것 같다. 구체적으로는 말할 수 없다""고 웃었다. 리그를 대표하는 토종 에이스로서 퍼포먼스를 보여줘야 한다는 생각. 그걸 가장 잘 보여주는 건 타자들의 영향을 많이 받는 다승도, 탈삼진도 아니었다. 투수의 종합적 능력을 가장 대표적으로 보여주는 ERA다. 곽빈은 ""올해 (ERA) 목표가 3.5 아래였다. 2년 연속 4점대를 해서 형들이 야구 그만하라고 했다. '그 공으로 맨날 4점대 하냐'고 했다""고 말했다. 그렇기에 3위까지 올라선 ERA가 더욱 만족스러울 수밖에 없다. 전반기를 너무도 잘 보내고 후반기에 미끌어졌던 기억도 있다. 그렇기에 올스타 휴식기가 더 중요하다. 곽빈은 ""무조건 잠을 잘 자야 된다. 잠이 보약이고 후반기에는 사실 체력 관리가 제일 중요하다""며 ""삼진은 많이 못 잡을 것 같다. 최대한 타자들 타이밍을 뺏고 운동도 줄이고 그 밖의 활동도 줄여야 될 것 같다""고 다짐했다. 잠실=안호근 기자 oranc317@mtstarnews.com"
2026.07.09 07:25,"'깜짝 1위' 롯데 에이스, 왜 대승에도 화났나…""감독님 제발 한번만 말...",스포츠조선,"[부산=스포츠조선 김민경 기자] ""감독님한테 가서 제발 한번만 말려달라고 코치님께 이야기했는데."" 롯데 자이언츠 에이스 나균안은 전반기 마지막 등판을 성공적으로 마치고도 스스로 화가 났다. 야수들이 경기 초반부터 대량 득점 지원을 해준 만큼 더 긴 이닝을 끌고 가고 싶었는데, 그러지 못한 자신이 답답했다. 그래서 어떻게든 6이닝을 채우고자 마운드에서 버텼지만, 벤치의 결정은 달라지지 않았다. 나균안은 8일 부산 KIA 타이거즈전에 선발 등판해 5⅔이닝 94구 7안타 1볼넷 7삼진 2실점 호투를 펼쳐 시즌 5승(7패)째를 챙겼다. 롯데는 11대3으로 크게 이겨 2연승을 달리는 것은 물론, 후반기 5강 구도를 흔들 발판을 마련했다. 모처럼 동료들의 적극적인 도움을 받았다. 롯데 타선은 KIA 외국인 에이스 제임스 네일을 3⅓이닝(5실점) 만에 끌어내리면서 나균안의 어깨를 가볍게 해줬다. 나균안은 2021년 포수에서 투수로 전향한 지 6년 만에 KIA 상대로 처음 승리투수가 됐다. 이전 22경기에서는 8패만 떠안고 있었다. 나균안이 꼽은 이날 가장 아쉬운 장면은 9-0으로 앞선 6회초였다. 1사 후 김호령에게 우익선상 2루타를 내준 게 화근이었다. 까다로운 김도영을 삼진으로 잘 돌려세웠지만, 2사 후에 나성범과 해럴드 카스트로, 한준수까지 3타자 연속 안타를 허용해 9-2로 쫓겼다. 그러자 김상진 롯데 투수코치가 마운드를 방문했다. 첫 방문이었기에 한번 진정시키러 올라온 줄 알았는데, 롯데는 현도훈으로 마운드를 바꿨다. 이 과정에서 나균안은 한참을 마운드 위에서 버티다 화가 잔뜩 난 얼굴로 더그아웃으로 들어왔다. 근본적으로는 자신에게 화가 났다. 나균안은 ""그 상황에서 점수차도 있어서 쉽게 갈 수 있었고, 충분히 더 이닝을 끌고 갈 수 있었다. 연속 안타가 나온 게 많이 아쉬웠고, 6회를 마무리하지 못해서 나한테 화가 났다""고 설명했다. 김태형 롯데 감독은 7점차에도 냉철하게 판단을 내렸다. 전날도 10대2로 대승하고, 선발투수 엘빈 로드리게스가 7이닝을 던진 덕분에 불펜을 많이 아껴 나균안을 억지로 끌고 가야 할 상황도 아니었다. 나균안은 ""감독님한테 가서 제발 한번만 말려달라고 코치님께 이야기했다. 어차피 처음 방문한 거니까. 한번만 말려달라고 했는데, 안 된다고 하셨다. 그래도 한번만 말려달라고 하니 감독님이 이미 결정하셨다고 해서 내려오게 됐다. 점수차도 있어서 다음 김선빈 선배 타석까지는 기회를 주실 것이라고 생각했다. 그런데 코치님이 바꾸자고 하셔서 아쉬웠다""고 솔직하게 이야기했다. 선발투수로서 이런 욕심은 벤치로선 반가운 일이다. 실제로 나균안은 16경기에서 92⅓이닝을 기록, 이닝 부문 팀 내 1위이자 리그 공동 8위다. 외국인 원투펀치 로드리게스(88⅔이닝), 제레미 비슬리(84⅓이닝)보다도 나균안이 책임진 이닝이 더 많다. 나균안은 투수 전향을 성공적으로 해냈지만, 아직 규정이닝(144이닝)을 채운 시즌이 단 한번도 없다. 지난해는 137⅓이닝에 그쳐 아쉬움을 삼켜야 했다. 나균안은 ""첫 번째 목표는 이닝이다. 선발투수가 가져가야 하는 이닝을 조금 길게 많이 던지고 싶다. 규정이닝을 채워 보고 싶은 마음""이라고 했다. 전반기를 꽤 성공적으로 마쳤지만, 롯데가 아직 8위에 머물러 있기에 후반기에도 갈 길이 멀다. 나균안은 평균자책점 3.90으로 전반기를 마쳤다. 나균안은 ""아직 갈 길이 멀다. 하고 싶은 것도 많고, 이루고 싶은 것도 많고, 목표(규정이닝)도 아직 한참 남았다. 전반기에 했던 것을 잘 유지해서 올스타 휴식기에도 쉬는 것보다는 유지를 잘해서 후반기도 좋은 결과가 나왔으면 좋겠다""고 각오를 다졌다. 부산=김민경기자 rina1130@sportschosun.com"
2026.07.09 07:21,TV로 상대 투수 분석하던 열정! 드디어 빛 본다…‘리그 적응’ 카스트로...,스포츠동아,"[스포츠동아 박정현 기자] 기회를 기다렸던 해럴드 카스트로(33)가 KIA 타이거즈 타선의 활력소가 되고 있다. 카스트로는 7일까지 정규리그 39경기서 타율 0.303, 5홈런, 33타점, OPS(출루율+장타율) 0.811을 기록했다. 4월 25일 광주 롯데 자이언츠전서 왼쪽 햄스트링 부상으로 한 차례 제동이 걸렸지만, 이를 잘 극복하며 결과를 내고 있다. 부상은 2보 전진을 위한 1보 후퇴였다. 카스트로는 부상 전까지 23경기서 타율 0.250, OPS 0.700에 그쳤다. KBO리그에 입성한 첫해였기 때문에 한국야구 적응에 애를 먹으며 기대했던 정교한 콘택트 능력을 보여주지 못했다. 그러나 지난달 18일 광주 LG 트윈스전서 부상 복귀한 뒤에는 완전히 달라졌다. 16경기서 타율 0.375, OPS 0.962로 타격 페이스를 끌어올리며 KIA의 상승세에 힘을 보태고 있다. 카스트로는 부상으로 이탈한 기간 마음이 편하지 않았다. 팀에 보탬이 되지 못했다는 죄책감이 가장 컸지만, 자신을 대체하는 외국인 타자 아데를린 로드리게스(35)를 신경 쓰지 않을 수 없었다. 아데를린은 32경기서 10홈런, 31타점, 장타율 0.554로 폭발적인 타격 능력을 과시하며 정규 외국인 타자 경쟁에 불을 붙였다. 카스트로는 가만히 있지 않고 리그 적응을 위해 자신이 할 수 있는 걸 찾아 실행했다. 회복과 재활로 활동에 제약이 컸기에 중계화면으로 경기를 지켜보며 상대 투수들을 분석하는 데 몰두했다. 부상서 회복한 뒤에는 9개 팀 투수들을 만나 경험을 쌓아가며 본 궤도에 오르고 있다. 성적이 나오니 긴장이 사라지고, 심리적으로 안정되는 등 여러 긍정적인 효과가 따라왔다. 이범호 KIA 감독(45)은 “카스트로는 다른 타자들보다 더 좋은 콘택트 능력을 갖추고 있다. 투수들에 대한 경험이 쌓인다면 잘하리라 판단했다”고 밝혔다. 카스트로는 부상 복귀 후 콘택트 능력을 뽐내며 중심타선의 한 축을 맡고 있다. 부상 복귀 후 득점권 타율이 0.444로 같은 기간 팀 내 타자 중 가장 높다. 카스트로가 안정감을 찾으며 KIA 타선에도 짜임새가 더해졌다. 출루와 주루 능력이 좋은 김호령(34), 박재현(20), 김도영(23) 등 상위타선의 타자들이 만들어낸 득점 기회를 카스트로와 나성범이 함께 해결한다. 리그 적응을 끝낸 카스트로와 함께 KIA 타선이 더 무서워지고 있다. 박정현 기자 pjh60800@donga.com"
2026.07.09 07:12,“류지혁이 큰 부상 아니었으면” 주자 싹쓸이 3루타+레이저 홈 보살…홍창...,OSEN,"[OSEN=대구, 한용섭 기자] 프로야구 LG 트윈스 톱타자 홍창기가 타격과 수비에서 맹활약하며 팀 승리를 이끌었다. LG는 8일 대구 삼성라이온즈파크에서 열린 삼성과 경기에서 8-2로 승리했다. 전날 7일 역전패를 당하며 1위 자리를 내줬던 LG는 이날 승리로 삼성을 1경기 차이로 밀어내고 선두 자리에 복귀했다. LG는 52승 32패가 됐고, 삼성은 50승 32패 2무가 됐다. 홍창기는 4타수 2안타 1볼넷 2타점 1득점으로 활약했다. 1회 첫 타석부터 총알같은 타구로 3루수 옆을 빠지는 좌전 안타로 출루했다. 이후 1사 2,3루에서 문보경의 짧은 우익수 뜬공 때 홈으로 태그업을 시도했는데, 우익수 김성윤의 정확한 송구에 태그 아웃됐다. 3회 삼진으로 물러난 홍창기는 4회 이재원의 1타점 2루타로 3-2로 역전한 뒤 타석에 들어섰다. 구본혁의 안타로 2사 1, 3루가 됐고, 홍창기는 오러클린 상대로 우중간을 가르는 주자 싹쓸이 3루타를 때려 5-2로 점수 차를 벌렸다. 경기 중반 흐름을 완전히 가져오는 한 방이었다. 홍창기에게 장타를 허용한 오러클린은 강판됐다. 홍창기는 5회 수비 때 홈 보살로 1회 아웃된 것을 되갚았다. 2사 1,2루에서 김성윤이 우전 안타를 때렸고, 2루주자 강민호가 홈까지 달렸다. 홍창기는 정확한 레이저 송구로 2루주자를 홈에서 태그 아웃시켰다. 1회 자신을 아웃시켰던 김성윤의 타점 기회를 막아냈다. 홍창기는 경기 후 ""어제(7일)는 중요한 경기에서 패배하였지만, 오늘(8일) 경기 승리할 수 있어서 기분이 좋았다""며 ""타석마다 감이 좋아서 좋은 공이면 치자는 마음이었다. 3루타 상황은 찬스였지만 찬스라 생각하지 않고 과감히 치자고 생각해서 좋은 결과로 이어진 것 같다""고 말했다. 또 홍창기는 ""오늘 경기 전에 와이프가 '나 자신과 싸우지 말고, 투수와 싸워라'고 조언해주었고 그 마음으로 경기에 임해서 좋은 결과가 있었던 것 같다""고 말했다. 염경엽 감독은 경기 후 ""타선에서 창기가 2안타 2타점으로 타선을 이끌었고, 또 5회에 홈 보살을 만들면서 상대의 추격 흐름을 끊은게 컸다. 공수에서 활약을 펼친 창기를 칭찬하고 싶다""고 콕 집어서 언급했다. 홍창기는 ""오늘 홈 송구는 정확하게 던지자는 마음으로 힘껏 송구했는데, 찬규형의 승리에 도움을 준 것 같아서 기쁘다""며 ""팬들께서 대구까지 많이 와주신 덕분에 이길 수 있었다""고 말했다. 경기 도중 삼성 2루수 류지혁이 1루에서 타자주자 구본혁과 충돌하며 쓰러졌다. 얼굴에 큰 충격을 받은 류지혁은 어지럼증으로 한동안 일어서지 못했고, 결국 업혀서 교체됐다. 이후 안정을 찾은 후 병원으로 검진을 받으러 갔다. 홍창기는 ""오늘 류지혁 선수의 상태도 걱정이 된다. 큰 부상이 아니였으면 좋겠다""고 걱정했다. /orange@osen.co.kr"
2026.07.09 07:09,‘MVP 대우’ 미스터 올스타는 좋겠네! 상금 2000만원·AI 로봇 안...,스포츠서울,[스포츠서울 | 이소영 기자] 한국야구위원회(KBO)가 올스타전 주인공인 미스터 올스타에게 특별한 부상을 수여한다. KBO는 “헬스케어 로봇 기업 바디프랜드와 함께 2026 올스타전 미스터 올스타에게 특별한 부상을 수여한다”고 9일 밝혔다. 올스타전에서 최고의 활약으로 팬들에게 감동을 선사한 최우수선수(MVP)에게는 지난해 1000만원에서 2000만원으로 증액된 시상금​과 함께 바디프랜드의 후원을 통해 최첨단 기술이 집약된 1400만원 상당의 ‘웨어러블 AI 헬스케어로봇 733’ 안마의자​가 추가로 부상으로 제공된다. KBO와 바디프랜드 미니는 지난 4월 KBO리그 10개 구단의 지식재산권(IP)을 활용한 컬래버레이션 사업으로 마사지건과 종아리 마사지기 2종을 출시했다. 이번 협업은 양사의 파트너십을 한 단계 발전시키는 동시에 올스타전 최고의 퍼포먼스를 선보인 미스터 올스타에게 편안한 휴식과 건강을 선물하기 위해 마련됐다. 바디프랜드 관계자는 “KBO리그 최고의 축제인 올스타전 MVP 선수에게 바디프랜드 20년 기술력의 정수인 ‘733’을 전할 수 있게 돼 매우 기쁘다”며 “‘733’의 독보적인 로보틱스 스트레칭 기술을 통해 미스터 올스터가 휴식과 재충전의 시간을 갖길 기대한다”고 전했다. sshong@sportsseoul.com
2026.07.09 07:08,"'전경기 출전 철인→부진 터널' 배정대 ""선수로서 정체성 흔들렸던 것 사...",스타뉴스,"[스타뉴스 | 수원=박수진 기자] ""선수로서 팀에 도움이 안 된다고 생각하면 정체성이 크게 흔들린다. 하지만 결국 선수는 야구장에서 플레이를 해야 가장 행복하고 만족감을 느낀다는 걸 깨달았다."" 기나긴 터널을 지나 비로소 가치를 증명하기 시작한 kt wiz의 외야수 배정대(31)가 그간의 심경을 솔직하게 털어놨다. 배정대는 8일 수원KT위즈파크에서 열린 키움 히어로즈전에 7번 타자 겸 중견수로 선발 출전해 4타수 2안타 2타점 1득점으로 활약하며 팀의 7-3 승리를 이끌었다. 전날(7일) 키움 선발 안우진을 상대로도 결승 2타점 적시타를 때려낸 데 이어, 이틀 연속 멀티히트와 타점을 기록하며 반등의 신호탄을 쐈다. 실제로 그는 2020시즌부터 2022시즌까지 3년 연속으로 정규시즌 전 경기(144경기)를 모두 소화하며 KT의 붙박이 주전이자 철인으로 명성을 떨친 배정대였다. 여기에 클러치 능력까지 갖춰 '끝내기 사나이', '해결사'로 칭해졌던 그였지만, 최근의 시간은 깊은 고민과 마음고생의 연속이었다. 지난 시즌 데뷔 후 가장 저조한 성적(타율 0.204)을 거둔 데 이어, 이번 시즌에는 1군 엔트리에서도 밀려 2군에 내려가기까지 했다. 경기를 마친 후 만난 배정대는 ""이틀 연속 팀이 승리하는 데 도움이 된 것 같아 그 부분이 가장 만족스럽고 기쁘다""라면서도 그동안의 솔직한 속내를 고백했다. 그는 ""이번 시즌 부족한 점이 많아 백업으로 시작했다. 이전까지는 수비 외에는 팀에 어떤 도움을 줘야 할지 몰라 마음고생이 심했다""며 ""선수로서 팀에 도움이 안 된다고 생각하니 정체성이 많이 흔들렸던 것이 사실""이라고 말했다. 이제 자신의 약점을 겸허하게 받아들이기로 했다. 배정대는 ""예전에는 강한 타구를 만드는 데 포커스를 뒀지만, 이제는 그 욕심을 배제했다. 이제는 오직 스윗 스팟(방망이 중심)에 정확히 맞추는 것에만 집중하려 하고 있다""고 설명했다. 위기를 극복하기 위해 그는 스스로를 비워내는 절실한 훈련에 매진했다. 경기 중 타격감이 떨어지면 곧바로 실내 케이지로 달려가 스윙을 교정할 정도로 매달렸다. 8일 경기 중에도 첫 안타를 친 후 느낌이 좋지 않자 시합 도중 실내 케이지로 들어가 스윙을 더 복기했고, 중요하게 생각했던 손맛과 감각을 다시 떠올린 것이 주효했다고 한다. 또한 이번 시즌 팀의 주전 중견수이자 리그 수위타자로 맹활약 중인 최원준의 영입 앞에서도 의연함을 유지했다. 배정대는 ""(최)원준이가 처음에 우리 팀에 오는 걸 보고 진짜 필요한 선수가 왔다고 생각했다. 우리 팀에 없는 유형의 선수기 때문""이라며 ""선배나 후배가 잘해서 내 자리가 밀렸다고 생각하지 않는다. 저는 저고, 원준이는 원준이""라며 단단한 내면을 보였다. 전반기 막판 의미 있는 전환점을 마련한 배정대의 남은 시즌 목표는 소박하다. 그는 ""이번 시즌 80경기 가까이 쉬었던 것 같다. 고작 두 경기 잘했다고 들뜨지 않고 이 감각을 잘 유지하겠다""면서 ""무엇보다 선수는 야구를 하고 플레이를 해야 가장 행복하다는 걸 느꼈다. 후반기에는 최대한 많은 경기에 출전하는 것이 목표""라고 강조했다. 마지막으로 배정대는 ""오늘 이강철 감독님 생신이신데, 승리로 기쁜 선물을 드린 것 같아 가장 기쁘다""며 비로소 활짝 미소를 지어 보이며 9일 경기를 준비하러 떠났다. 수원=박수진 기자 bestsujin@mtstarnews.com"
2026.07.09 07:02,삼성 전반기 1위 확정 찬스서 'ERA 2.45 필승조' 사라졌다! ER...,스타뉴스,"[스타뉴스 | 대구=김동윤 기자] 삼성 라이온즈가 전반기 1위를 확정할 수 있는 찬스에서 필승조 최지광(28)을 잃었다. 그 자릴 메우기 위해 올라온 약 2개월 만에 콜업된 좌완 이승현(24)은 지친 불펜에 희망을 안겼다. 2년 연속 삼성 필승조로 활약 중인 최지광이 찬란했던 2026시즌 전반기를 이틀 먼저 마감했다. 박진만(50) 삼성 감독은 8일 대구 LG 트윈스전을 앞두고 최지광의 1군 말소에 ""오른쪽 굴곡근 쪽에 불편함이 있었다""고 말했다. 최지광은 올해 25경기 4승 무패 8홀드 1세이브, 평균자책점 2.45, 22이닝 21탈삼진을 기록하며 삼성이 전반기 2위를 확보하는 데 큰 힘이 됐다. 그는 미리 보는 한국시리즈라 불린 LG와 이번 홈 3연전 첫 경기에도 등판해 1이닝 무실점으로 삼성의 9-2 승리와 1위 탈환에 기여했다. 그런 만큼 더 신중하겠다는 게 삼성의 판단이다. 박진만 감독은 ""이제 전반기도 두 게임밖에 안 남았고 후반기를 위해 휴식 차원에서 내렸다. 확실하게 하기 위해서 오늘(8일) 영상을 찍고 내일(9일) 정확한 소견이 나올 것 같다""고 했다. 최지광의 빈자리는 좌완 이승현이 메운다. 이승현은 올해 1군 3경기 동안 승리 없이 2패 평균자책점 14.81로 아주 좋지 않았다. 결국 4월 24일 키움 히어로즈전을 끝으로 1군에 올라오지 못했다. 다행히 퓨처스리그에서 9경기 3승 1패 평균자책점 2.13으로 회복된 모습을 보였고, 75일 만에 1군으로 복귀했다. 박진만 감독은 ""LG에 좌타자가 많다. 퓨처스에서 투수 한 명을 올려야 하는 상황에서 이승현이 가장 꾸준하게 뛰었다. 컨디션도 지금 제일 좋다고 하고 이틀간 롱릴리프로 생각 중""이라고 밝혔다. 계속된 부진으로 설 자리를 잃고 있는 일본인 아시아 쿼터 미야지 유라(27)와 비슷한 입장이다. 미야지는 33경기 동안 승리 없이 3홀드 1세이브, 평균자책점 5.97로 좋지 않아 퇴출설까지 나돈다. 박진만 감독은 ""이승현은 올라갔을 때 모습을 확인해 보려 한다. 미야지도 후반에 부담 없이 추격할 때 내보내려 한다. 이길 때는 확실하게 이기고 가야 한다""고 강조했다. 마침 8일 대구 LG전에서 두 선수 모두 자신의 가치를 입증할 기회가 마련됐다. 삼성은 선발 투수 잭 오러클린이 일찌감치 무너지며 5회도 안 돼 2-5로 지고 있었다. 미야지가 먼저 기회를 받았다. 하지만 오래 가지 않았다. 미야지는 5회초 2사 2루서 박동원의 머리 쪽에 시속 152㎞ 직구를 던져 헤드샷 퇴장을 당했다. 이승현은 정반대였다. 이미 LG에 2-7로 지고 있어 경기는 기울었지만, 이승현은 7회초 2사에 등판해 2⅓이닝 1실점으로 마운드를 끝까지 책임졌다. 덕분에 삼성은 불펜 과부하를 최소화할 수 있었다. 대구=김동윤 기자 dongy291@mtstarnews.com"
2026.07.09 06:36,"무너진 외인 투수진...SSG, 베네수엘라 우완 아빌라와 계약",마니아타임즈,[진병두 마니아타임즈 기자] 무너진 외국인 투수진을 채우기 위한 선택이 이뤄졌다. SSG 랜더스가 새 외국인 투수로 베네수엘라 출신 우완 아빌라를 영입했다. SSG는 8일 아빌라와 총액 40만 달러에 계약했다고 밝혔다. 구단은 풍부한 선발 경험과 안정적인 이닝 소화 능력을 갖춘 투수로 최근까지 실전 등판을 이어온 점을 검토해 선발진에 힘을 보탤 자원으로 판단했다고 설명했다. 외국인 투수진 붕괴로 고심하던 SSG가 MLB와 일본 무대 경험을 두루 갖춘 그를 택한 것이다. 그는 빠른 공을 앞세우는 투수다. 평균 150km 이상에 최고 156km의 속구를 던지는 그는 커터와 커브 체인지업 스플리터 등 다양한 변화구도 구사한다. 이력도 다채롭다. 2019년 샌디에이고에서 빅리그에 데뷔한 그는 MLB 통산 72경기에서 8승 4패 평균자책점 3.51을 기록했다. 2025년에는 일본 야쿠르트에서 15경기에 등판했고 올 시즌에는 클리블랜드 산하 트리플A에서 60이닝을 소화했다. 아빌라는 SSG의 일원이 되어 매우 기쁘다며 팀 승리에 기여하겠다고 각오를 전했다. [진병두 마니아타임즈 기자/maniareport@naver.com] 기사제보 및 보도자료 report@maniareport.com
2026.07.09 06:29,"LG에 뭇매 맞은 오러클린, 삼성서 마지막 등판 될까…헤어질 결심 여부 ...",엑스포츠뉴스,"(엑스포츠뉴스 대구, 김지수 기자) 삼성 라이온즈 외국인 투수 잭 오러클린이 2026시즌 전반기 마지막 등판에서 패전의 쓴맛을 봤다. 단기 대체 계약 만료 시점이 가까워져 오는 상황에서 자신의 경쟁력을 입증하는데 실패했다. 박진만 감독이 이끄는 삼성은 8일 대구 삼성 라이온즈파크에서 열린 2026 신한 SOL KBO리그 LG 트윈스와의 팀 간 10차전에서 2-7로 졌다. 전날 9-2 대승과 함께 5연승을 질주, LG를 제치고 승차 없이 승률에서 앞선 1위로 올라섰지만 하루 만에 다시 2위로 내려갔다. 삼성은 이날 선발투수로 출격한 오러클린의 부진이 아쉬웠다. 오러클린은 3⅔이닝 10피안타 4탈삼진 5실점으로 LG 타선에 뭇매를 맞으면서 패전투수가 되는 멍에를 썼다. 오러클린은 출발부터 불안했다. 1회초 선두타자 홍창기와 박해민에 연속 안타를 허용하며 무사 1·2루 위기에 몰렸다. 오스틴 딘을 3루수 땅볼로 잡았지만, 주자들이 한 베이스씩 진루하면서 1사 2·3루로 상황이 악화됐다. 여기서 문보경의 우익수 뜬공 때 삼성 우익수 김성윤이 총알 같은 홈 송구로 3루 주자 홍창기를 보살로 잡아내주면서 힘겹게 이닝을 끝냈다. 삼성은 1회말 터진 최형우의 선제 2점 홈런으로 리드를 잡았다. 오러클린도 2회초 선두타자 송찬의를 삼진, 박동원을 1루수 파울 플라이로 솎아 내고 안정을 찾았다. 2사 후 오지환을 중전 안타로 1루에 내보내기는 했지만, 이재원을 삼진으로 돌려세우면서 순항을 이어갔다. 그러나 오러클린은 3회초부터 급격히 무너졌다. 2사 후 박해민을 내야 안타로 출루시킨 뒤 오스틴의 타석 때 2루 도루까지 허용했다. 곧바로 오스틴에 1타점 2루타, 문보경에 1타점 적시타를 맞으면서 스코어는 2-2 동점이 됐다. 2루 추가 진루를 노리던 문보경을 우익수 김성윤이 또 한 번 보살로 잡아주면서 3회초가 종료된 게 다행이었다. 오러클린은 좀처럼 반등하지 못했다. 4회초에도 2사 후 오지환에 안타, 이재원에 1타점 2루타, 구본혁에 안타, 홍창기에 2타점 3루타를 연달아 허용하면서 고개를 숙였다. 패스트볼 최고구속 151km/h를 찍는 등 컨디션은 나쁘지 않아 보였지만, LG 타선을 이겨내지 못했다. 삼성은 당초 2026시즌 준비 과정에서 메이저리그 드래프트 1라운드 출신 맷 매닝을 새롭게 영입, 아리엘 후라도와 원투펀치를 구성하게 할 계획이었다. 하지만 매닝이 지난 2월 일본 오키나와 스프링캠프 기간 부상으로 시즌 아웃 판정을 받으면서 발등에 불이 떨어졌다. 삼성은 한국, 일본, 미국, 대만 프로야구 개막이 임박한 시점에서 1~2선발급 외국인 투수를 구하는 데 어려움을 겪었다. 이때 2026 월드베이스볼클래식(WBC)에서 호주 국가대표로 준수한 활약을 펼친 오러클린과 단기 대체 외국인 선수 계약을 맺었다. 오러클린은 5월까지 11경기 4승2패 평균자책점 3.99로 제 몫을 해줬다. 삼성은 두 차례 단기 계약을 연장, 오는 7월 16일까지 오러클린과 동행하게 됐다. 문제는 오러클린이 두 번째 단기 계약 막바지에 난타 당하는 경우가 잦아진 점이다. 삼성은 올해 대권 도전을 위해 뛰어난 기량을 지닌 외국인 투수를 물색 중인 상황이다. 오러클린이 전반기 마지막 등판에서도 반등에 실패하면서 후반기 레이스 돌입 전후로 결단을 내릴 가능성이 한층 높아졌다. 오러클린이 삼성을 떠나더라도 결코 실패한 영입이었다고는 볼 수 없다. 삼성은 총 18만 달러(약 2억 7000만원)를 투자해 자칫 붕괴될 수 있었던 선발 로테이션의 공백을 오러클린으로 메워냈다. 사진=삼성 라이온즈 김지수 기자 jisoo@xportsnews.com"
2026.07.09 06:26,"'최형우 홈런 맞고 끝난 줄' 최고 143㎞ 임찬규, 볼 배합 바꾸고 다...",스타뉴스,"[스타뉴스 | 대구=김동윤 기자] 과연 LG 트윈스 투수조 조장다웠다. 임찬규(34)가 시작부터 리그 최고의 타자 최형우(43·삼성 라이온즈)에게 홈런을 맞고도 무너지지 않았다. 개인 다승 공동 선두에 오른 날에도 임찬규는 자신이 아닌 전반기를 버텨낸 후배들을 먼저 챙겼다. 임찬규는 8일 대구삼성라이온즈파크에서 열린 2026 신한 SOL KBO 리그 정규시즌 삼성과 방문경기에 선발 등판해 5이닝 6피안타(1피홈런) 1볼넷 6탈삼진 2실점으로 LG의 8-2 승리를 이끌었다. 리그 최강 타선에 공이 빠르지 않은 임찬규도 고전했다. 이날 임찬규는 최고 시속 143㎞의 직구 12구와 함께 커브 27구, 커터 7구, 체인지업 28구 등 총 74구를 던져 7번의 헛스윙을 끌어냈다. 시작부터 최형우에게 홈런을 맞아 어렵게 시작했다. 임찬규는 1회말 2사 후 구자욱과 풀카운트 승부 끝에 볼넷을 내줬다. 뒤이어 최형우에게 바깥쪽으로 떨어트린 체인지업이 우측 담장으로 향했다. 비디오 판독 결과 홈런이 인정되면서 임찬규는 2실점 했다. 경기 후 임찬규는 ""지난해 라이온즈 파크와 잠실야구장에서 삼성 상대로 기록이 좋았던 것 같은데, 최형우 선배님이 삼성에 오시면서 힘든 상대가 됐다. (최)형우 선배님 앞에 주자를 주지 말자 생각했는데, 공이 좀 빠져서 앞 타자(구자욱)에게 볼넷을 줬다""고 이때를 돌아봤다. 그러면서 ""앞에 김성윤 선수 상대로 슬로 체인지업으로 삼진을 잡아서 형우 선배도 슬로 체인지업으로 대결했는데 홈런을 맞았다. 이후 빠른 체인지업으로 경기 운영을 바꿨다. 다음부터는 형우 선배와 좀 더 빠른 승부를 겨룰 수 있도록 해보겠다""고 각오를 다졌다. 하지만 이후 임찬규는 흔들리지 않았다. 슬라이더, 체인지업, 커브, 직구를 차례로 던져 김영웅을 헛스윙 삼진으로 잡는가 하면, 허를 찌르는 변화구로 범타를 끌어냈다. 구자욱에게는 집요한 바깥쪽 승부로 헛스윙 삼진을 솎아냈고 르윈 디아즈도 뚝 떨어지는 커브에 방망이를 헛돌리고 말았다. 여기에 장·단 14안타를 몰아친 타선의 도움을 받아 임찬규는 시즌 9승(2패)으로 리그 다승 1위를 질주했다. LG 역시 52승 32패로 삼성(50승 2무 32패)을 1경기 차로 제치고 1위를 탈환했다. 임찬규는 투수조 조장으로서 자신의 다승 1위 등극보단 팀 승리와 전반기 고생한 후배들을 먼저 챙겼다. 그는 ""정말 중요한 경기라고 생각하고 나섰는데, 1위를 다시 탈환하는 데 도움이 돼 뜻깊다. 보통의 정규 경기보다 더 힘든 경기였는데 타선이 많이 도와줬다""고 고마움을 나타냈다. 2026시즌 전반기 LG 마운드는 다사다난했다. 개막 한 달도 안 돼 마무리 유영찬이 팔꿈치 수술로 이탈하는가 하면, 지난해 우승을 함께했던 외국인 투수 요니 치리노스도 부진으로 교체됐다. 지난해 좋은 활약을 했던 송승기, 앤더스 톨허스트 등의 부진도 겹치면서 LG는 힘겹게 1위를 지켜냈다. 임찬규는 ""전반기에 치리노스와 (유)영찬이가 빠지면서 감독님과 코치님들이 고민이 많으셨다. 선수들은 못 할 때 질타를 받는 게 당연하다. 하지만 그런 위기에 있는 동생들에게 '잘 이겨내야 한다'고 말해주고 있다""고 힘줘 말했다. 이어 ""올해 빛을 본 (김)진수처럼 지금의 부진도 부질없는 시간이 아니라는 걸 알고 동생들이 힘내줬으면 좋겠다. 내일(9일) 경기를 꼭 잡아서 전반기를 1위로 마칠 수 있도록 최선을 다하겠다""고 각오를 다졌다. 대구=김동윤 기자 dongy291@mtstarnews.com"
2026.07.09 06:11,"“(김동혁)그렇게 해야죠, 100-0이든 동점이든, 뭐 꼰대라고 하는데…...",마이데일리,"[마이데일리 = 부산 김진성 기자] “그렇게 해야죠. 100-0이든 동점이든.” 롯데 자이언츠 외야수 김동혁(26)은 7일 부산 KIA 타이거즈전 막판 잇따라 호수비를 선보였다. 롯데는 이날 10-2로 완승했고, 김태형 감독은 백업들을 두루 기용하며 경기력을 점검했다. 특히 우익수로 투입된 김동혁의 호수비가 돋보였다. 특히 9-1로 앞선 8회초 무사 2루서 나온 김규성의 타구는 우측 담장을 직격할 정도로 빠르고 강하게 날아갔다. 그런데 김동혁은 끝까지 타구를 따라간 뒤 점프해서 기어코 잡아냈다. 이후 펜스에 부딪히기까지 했다. 팬들의 큰 박수를 받았다. 김태형 감독은 8일 부산 KIA전을 앞두고 “그렇게 해야죠. 정말 그게 태도거든요. 뭐 항상 얘기하지만, 우리 감독들이 그런 걸 얘기하면 뭐 ‘꼰대다’ 이렇게 얘기하는데, 야구라는 스포츠는 안 바뀐다. 단체 종목은 안 바뀐다. 팀을 위해 어떤 선수든 100-이든 동점이든 간에 최선을 다하는 게 맞다”라고 했다. 그러면서 김태형 감독은 “그런 게 필요하다. 완전 30대 후반에서 정말 리그에서 잘한 고참들이면 그 정도는 눈 감아 주는데, 이제 몇 년차 됐다고 거들먹거리는 그런 것은…저렇게 열심히 하는 선수들도 있는데, 팀을 위해선 해야지”라고 했다. 김동혁은 올 시즌 22경기서 9타수 2안타 타율 0.222 OPS 0.639다. 야구로 주목을 받기보다, 사실 지난 겨울 대만 도박사건의 중심 인물로 인지도를 높였다. 50경기 출장정지를 받고 돌아왔고, 다시 1군에서 자신이 맡은 역할에 최선을 다한다. 김동혁처럼 백업들이 맡은 역할에 최선을 다하다 보면 팀 경기력, 분위기에 많은 영향을 미친다. 몸을 날리는 수비는 기록되지 않는 시너지를 내기 마련이다. 그러다 타석에서 기회도 얻고, 좋은 모습을 보여주면 주전으로 가는 발판도 마련할 수 있다. 김태형 감독은 “저런 거 하나로 어떻게 해서든 1군에 붙어 있으려고 하잖아. 진짜 맨땅에 헤딩한다고 그러잖아. 그냥 갖다 박은 것 아니야”라고 했다. 김동혁의 ‘속죄의 호수비’에 김태형 감독은 흐뭇한 표정을 지었다."
2026.07.09 06:11,처음에는 ‘폰와급’이라고 했는데… 롯데 기적 레이스에 내년까지 책임질 수...,스포티비뉴스,"[스포티비뉴스=사직, 김태우 기자] 올 시즌 10개 구단 외국인 스카우트들은 롯데의 외국인 선수 선발 결과에 큰 관심을 드러냈다. 가장 좋은 프로필을 가진 선수들을 데려왔다는 데 많은 이들이 공감하고 있었기 때문이다. 롯데 구단도, 팬들도 기대감이 컸다. 지난해 외국인 투수 선발에서 어려움을 겪은 끝에 결국 시즌 막판 고비를 넘기지 못하고 허무하게 무너진 롯데는 외국인 투수 영입에 심혈을 기울였다. 결국 우완 제레미 비슬리와 우완 엘빈 로드리게스를 영입하며 외국인 투수 쿼터를 채웠다. 두 선수 모두 시속 150㎞ 이상을 던질 수 있는 구위파 투수에 일본 무대에서 아시아 야구를 경험했다는 요소 또한 있었다. 나이도 많지 않았다. 한창 전성기를 달릴 때였다. 실제 비슬리와 로드리게스는 많은 KBO리그 구단들의 관심을 모은 선수들이었고, 특히 로드리게스는 많은 구단들과 직접적인 경쟁 끝에 롯데가 승리한 선수였다. 로드리게스를 놓치며 입맛을 다신 구단이 한 둘이 아니었다. 일부에서는 지난해 한화의 정규시즌 2위를 이끈 코디 폰세-라이언 와이스 역대급 원투펀치에 비교하곤 했다. 올 때 경력만 놓고 보면 사실 뒤질 것도 특별히 없었다. 하지만 뚜껑을 열어보자 두 선수 모두 기대에 미치지 못했다. 가지고 있는 것들은 매력적인데, 조합이 잘 안 되거나 운영이 잘 되지 않는 경우가 많았다. “저 공을 가지고 왜 저렇게밖에 못 던지나”는 말이 절로 나올 정도였다. KBO리그 무대에 적응하는 데 시간이 필요한 것과 별개로, 자신의 능력을 100% 보여주지 못하는 듯한 느낌이 강했다. 두 선수 모두 4점대 평균자책점이다. 그런 두 선수가 조금씩 리그에 적응하면서 나름의 몫을 하기 시작한다면, 아직 가을 야구를 포기하지 않고 후반기 대반격을 준비하고 있는 롯데의 발걸음에는 부스터를 달아줄 수 있다. 그리고 근래 들어서 조금씩 그런 모습들이 보이고 있다는 점은 긍정적이다. 아직 기복을 다 떨쳐 버렸다고 말하기는 어렵지만 조금씩 고무적인 대목들이 조금씩 보인다. 특히 로드리게스의 반등이 눈에 들어온다. 올 시즌을 앞둔 외국인 선수 시장에서 최대어 중 하나였던 로드리게스는 최근 5경기에서 인상적인 투구로 힘을 내고 있다. 6월 12일 LG전에서 6이닝 1실점을 시작으로 18일 SSG전에서 7이닝 2실점, 24일 NC전에서 5이닝 2실점, 그리고 7월 1일 두산전에서 7이닝 1실점에 이어 7일 KIA전에서 7이닝 1실점으로 역투했다. 5경기에서 잡아낸 삼진만 44개에 이른다. 김태형 롯데 감독 또한 8일 경기를 앞두고 로드리게스가 리그에 적응하고 또 이제는 응용하는 단계에 접어들었다고 긍정적인 평가를 내렸다. 김 감독은 “지금 잘 던져주고 있다. 이제 어느 정도 적응을 했다고 보는 게 맞을 것 같기도 하다”면서 “공 자체야 똑같은데 운영하는 것이나 배터리 호흡이나 적응을 해가면서 좋은 모습을 보여주고 있다. 초반에는 본인 공을 가지고 던졌다면, 지금은 조절도 하면서 변화구도 골고루 잘 섞는 것 같다”고 긍정적인 평가를 했다. 비슬리까지 반등한다면 롯데는 대반격의 가장 기본적인 요소인 ‘선발 로테이션’을 앞세워 후반기 반등에 도전할 수 있다. 두 외국인 투수에 김진욱 나균안 박세웅으로 이어지는 선발진은 사실 현재 롯데 순위와 별개로 리그에서 상위권 전력을 구축할 수 있는 잠재력을 가지고 있다. 한편으로는 내년까지 생각할 수 있다. 구단들은 수준급 외국인 선수를 찾는 게 더 어려워지고 있다고 단언한다. 미국에서도 이전보다 수술을 받는 선수들이 훨씬 더 늘어났고, 그래서 마이너리그와 메이저리그에 걸쳐 있는 선수들의 메이저리그 콜업이 잦아지고 있다. 여기에 내년부터는 새 노사협약에 따라 메이저리그 최저 연봉이 크게 오를 가능성도 제기되고 있다. 신입 100만 달러 상한선이 있는 한국의 매력도가 상대적으로 떨어진다. 이 때문에 검증된 외국인 투수를 가지고 있는 것 자체만으로도 구단 운영의 부담을 크게 줄여준다. 로드리게스와 비슬리가 리그에 적응하면서 후반기 좋은 성적을 내고, 내년에도 평균 이상의 성적을 내줄 수 있다는 확신을 준다면 롯데의 내년 준비도 탄력을 받을 수 있다. 생각보다 중요한 많은 것들이 두 선수의 어깨 위에 올려져 있는 이유다. <저작권자 ⓒ SPOTV NEWS. 무단전재 및 재배포 금지>"
2026.07.09 06:04,"'집념의 견제→견제→견제→곧장 도루' 롯데 황성빈 ""김태형 감독에 감사""...",스타뉴스,"[스타뉴스 | 부산=김우종 기자] 롯데 자이언츠의 리드오프 황성빈(29)의 발이 승리를 가져왔다고 해도 과언이 아니었다. 황성빈은 경기 후 김태형 감독을 향해 감사의 뜻을 표했다. 롯데는 8일 부산 사직야구장에서 펼쳐진 KIA와 2026 신한 SOL KBO 리그 정규시즌 홈 경기에서 11-3으로 승리했다. 지난 7일 KIA에 10-2 완승을 거뒀던 롯데는 2연승을 내달리며 위닝시리즈를 예약했다. 롯데는 38승 2무 44패를 마크하며 리그 8위 자리를 유지했다. 이제 롯데는 9일 김진욱을 내세워 시리즈 스윕에 도전한다. 이날 황성빈은 리드오프 겸 중견수로 선발 출장, 도루 2개를 포함해 5타수 2안타 2득점으로 활약했다. 1회부터 KIA 내야진을 흔들었다. 선두타자로 나선 황성빈은 3루 쪽으로 짧게 굴러가는 타구를 보냈다. 이후 황성빈은 뒤도 돌아보지 않은 채 1루를 향해 그야말로 전력 질주를 펼쳤다. 결과는 세이프. 이어 2루 도루까지 성공하며 빠른 발을 자랑했다. 결국 황성빈은 3번 타자인 레이예스의 유격수 앞 땅볼 때 3루에 안착했고, 한동희의 중견수 희생플라이 때 홈을 밟으며 팀에 선취점을 안겼다. 2회에는 2루 땅볼로 물러난 황성빈. 그는 또 4회 존재감을 보여줬다. 1사 주자 없는 상황. 유리한 1-0의 볼카운트에서 2구째 커터(141km)를 공략, 유격수 방면으로 땅볼 타구를 날렸다. 이번에도 황성빈은 어김없이 전력 질주를 펼쳤고, 1루 베이스를 먼저 밟았다. 다음 타자는 고승민. 황성빈이 1루에 나가자 아무래도 KIA 선발 네일은 신경을 쓰지 않을 수 없었다. 초구를 뿌리기도 전에 1루 쪽으로 3차례 견제구를 던졌다. 이어 초구를 뿌리는 순간, 지체없이 2루 도루를 감행했고 세이프 판정을 얻어냈다. 이후 황성빈은 상대 포일 때 3루에 안착한 뒤 고승민의 중전 적시타 때 득점을 올렸다. 이후 5회와 7회에는 모두 범타로 물러난 황성빈은 8회 타격을 앞두고 대타로 교체 아웃되며 이날 자신의 경기를 마쳤다. 황성빈은 올 시즌 65경기를 치른 현재, 타율 0.295(234타수 69안타) 3루타 6개, 2루타 6개, 20타점 38득점, 32도루(6실패) 17볼넷 42삼진, 장타율 0.372, 출루율 0.343, OPS(출루율+장타율) 0.715. 득점권 타율은 0.310, 대타 타율은 무려 0.500에 달한다. 최근 10경기 타울은 0.325. 도루 부문 단독 1위에 올라 있다. 경기 후 황성빈은 ""최근 팀 분위기가 많이 좋아졌다. 그 분위기가 경기 결과로도 이어지고 있는 것 같아 기쁘다. 후반기에도 지금의 좋은 흐름을 잘 이어갈 수 있도록 선수들과 함께 최선을 다하겠다""고 약속했다. 이어 ""감독님께서 평소에도 많은 조언을 해주시고, 항상 믿음을 보내주시는 것 같아 감사하다. 특히 라인업 카드에 제 이름을 1번 타자로 적어주시는 만큼 그 선택이 틀리지 않았다는 것을 매 경기 결과와 플레이로 증명해 보이고 싶다""며 남다른 각오를 다졌다. 끝으로 황성빈은 ""개인적인 기록보다는 팀 승리가 가장 중요하다. 올스타 브레이크 동안 잘 쉬면서 몸 상태를 끌어올리고, 후반기에도 팀이 좋은 흐름을 이어갈 수 있도록 맡은 역할을 다하겠다""며 각오를 재차 다졌다. 부산=김우종 기자 woodybell@mtstarnews.com"
2026.07.09 06:03,세월에 장사 있다…빛이 나는 형님들[KBO 전반기 결산],스포츠경향,"‘역대 최초 1800타점’ 최형우, 타석 나설때마다 새역사 김현수·나성범·박건우 등 30대 중후반 타자들 맹타 불혹 앞두고 ‘부활한 괴물’류현진부터 ‘세이브 1위’ 김재윤·‘16홀드’ 김진성 다승 경쟁’ 임찬규·고영표까지 마운드 노장들도 투혼 삼성 최형우는 지난 7일 대구 LG전에서 4타수2안타(1볼넷) 2타점 2득점의 맹타를 휘둘렀다. 7회 무사 2루에서는 5-2로 달아나는 우중간 적시타를 날려 역대 최초 1800타점 이정표까지 세웠다. 최형우는 이 부문에서 2위 최정(SSG·1678타점)을 크게 앞서 1위를 달리고 있다. 최형우는 나이를 잊었다. KBO리그 최고령 선수인 최형우는 경기에 출장해 안타, 홈런, 타점을 더할 때마다 신기록을 세운다. 최형우는 지난 5월3일 대구 한화전에서 4타수4안타를 몰아치며 기존 이 부문 1위인 손아섭(2622개)을 추월했다. 1983년생으로 지금 은퇴해도 이상하지 않을 나이지만, 최형우의 방망이는 지금도 힘차게 돌아간다. 지난달 28일 KT전부터 5경기에서 3홈런을 몰아치는 괴력도 선보였다. 타격감이 조금 떨어진 지난 6월 타율도 0.286일 정도로 꾸준하다. 그러더니 최근 10경기에서는 타율을 0.386(44타수17안타)으로 끌어올리며 상승세를 타고 있다. 지난 오프시즌 자유계약선수(FA) 자격을 얻은 최형우는 KIA를 떠나 전 소속팀 삼성 유니폼을 다시 입었다. 기대 반 우려 반의 영입. 하지만 그 선택은 틀리지 않았다. 지난 시즌 LG의 통합 우승 주역으로 KT로 이적한 김현수의 타격감도 여전하다. 7일 현재 타율 0.294(97안타 54타점)을 기록하며 2020시즌 이후 3할 복귀 가능한 페이스를 보여준다. 또 KBO 역대 최초 17시즌 연속 100안타까지도 3안타만 남겼다. KBO 리그 통산 안타 3위에 올라 있는 김현수(2629개)는 이 부문 1위 최형우(2678개), 2위 손아섭(2652개)과 함께 치열한 경쟁을 펼치고 있다. 여기에 타율 0.311 19홈런으로 부진한 SSG 타선을 이끄는 최정을 비롯해 나성범(KIA), 박해민(LG), 박건우, 박민우(NC), 구자욱(삼성) 등 30대 중후반 타자들도 나이를 가늠하기 어려운 활약을 보여준다. 투수 중엔 단연 류현진(한화)이 돋보인다. 1987년생 류현진은 만 39세를 맞은 올해 다시 전성기를 되찾은 느낌이다. 시즌 초반 외국인 투수 오웬 화이트, 윌켈 에르난데스의 부상과 부진, 토종 에이스 문동주의 부상 이탈 등으로 붕괴 위기를 맞은 한화 마운드에서 실질적인 에이스 역할을 했다. 전반기 15경기에 선발 등판해 87.2이닝을 던지며 8승2패 70탈삼진 평균자책 2.67이라는 놀라운 기록을 남겼다. 리그 평균자책 3위와 다승 공동 3위에 이름을 올리며 세월을 지웠다. 5월 이후로는 리그 최고 에이스라 해도 손색 없다. 10경기에서 패배없이 6승만 따냈다. 다승왕 레이스(공동 3위)에 이름을 올린 류현진은 6연승 기간 5회 이전 강판이 없다. 3실점 이상 한 경기도 1경기 뿐이다. 투수 순위표에서도 백전노장들의 이름이 두드러진다. 선발에서는 8승을 올린 1992년생 임찬규(LG·16경기 90.1이닝 2패 평균자책 3.79), 6승을 수확한 1991년생 고영표(KT·16경기 91.1이닝 6패 평균자책 4.43)가 상위권에서 경쟁 중이다. 불펜에서도 1990년생 김재윤(삼성·39경기 36.2이닝 4승3패 평균자책 2.45)이 21세이브를 따내 이 부문 1위에 랭크돼 있다. 16홀드를 따낸 1985년생 김진성(LG·41경기 37.2이닝 6승 1세이브 평균자책 4.30)도 세월을 잊은 활약으로 전반기를 마무리했다. 이정호 기자 alpha@kyunghyang.com"
2026.07.09 06:03,"폰 보다 깜짝 놀란 이강철 ""손동현이 춤추고 있네? 다른 팀 응원가에→이...",스타뉴스,"[스타뉴스 | 수원=박수진 기자] 이강철(60) KT 위즈 감독이 구단 공식 유튜브 채널 '위즈TV'에 올라온 올스타전 콘텐츠를 보고 가슴을 쓸어내린 유쾌한 일화를 공개했다. 감독 추천 선수로 올스타전에 나서는 불펜 우완 투수 손동현(25)과 좌완 투수 전용주(26)가 타 팀 선수들의 응원가에 맞춰 춤을 추고 있는 모습을 발견했다고 한다. 이강철 감독은 8일 수원KT위즈파크에서 열린 키움 히어로즈와 홈 경기를 앞두고 취재진과 만난 자리에서 ""오늘 우연히 '짤(짧은 영상)'을 보다가 갑자기 (전)용주하고 (손)동현이 춤을 추고 있는 영상이 나오더라""고 운을 뗐다. 이어 이 감독은 ""근데 우리 팀 응원가가 아니라 다른 팀 선수의 응원가였다""면서 ""처음에는 이것들이 미쳤나 싶었다""고 웃음을 터뜨렸다. 이 감독이 목격한 영상은 올스타전에 출전하는 투수 손동현과 전용주가 응원단장 유니폼을 입고 다른 팀 선수의 응원가에 맞춰 춤을 추는 장면이었다. 특히 손동현이 SSG 랜더스 내야수 정준재의 응원가에 맞춰 능수능란하게 몸을 흔드는 모습을 이강철 감독의 시선을 사로잡은 것이다. 손동현은 해당 영상에서 KT를 비롯한 SSG 랜더스, 두산 베어스, 삼성 라이온즈, 롯데 자이언츠가 속한 '드림 올스타'의 응원을 맡았고, 전용주는 KIA 타이거즈, LG 트윈스, 한화 이글스, NC 다이노스, 키움 히어로즈가 포함된 '나눔 올스타'를 책임지며 올스타전 취지에 맞게 팬 서비스를 준비한 것이었다. 혹시나 모를 수 있는 응원 동작을 팬들에게 미리 설명해주는 콘텐츠였다. 뒤늦게 내용을 파악한 이 감독은 ""만약 (영상을) 일찍 봤다면 오늘 경기 안 내보낼 뻔했다""라는 농담까지 던지며 현장을 폭소케 했다. 손동현과 전용주 모두 KT 불펜의 축을 담당하고 있는 투수들이다. 이번 시즌 손동현은 36경기 4승 1패 4홀드 평균자책점 3.78을 기록하고 있다. 특히 8일 키움 히어로즈전에서 1이닝 2탈삼진 무실점의 완벽투로 시즌 4승째를 챙겼다. 전용주 역시 39경기 2승 2패 3홀드 평균자책점 4.88을 기록 중이다. 두 선수 모두 감독 추천 선수로 선정돼 데뷔 후 처음으로 올스타전 무대에 나설 예정이다. 수원=박수진 기자 bestsujin@mtstarnews.com"
2026.07.09 06:03,"""3년 만에 빅리그 입성…최선 다해 준비할 것""",이데일리,"[이데일리 스타in 이석무 기자] 지난 3년간 마이너리그에서 눈물 젖은 빵을 먹었던 고우석(28)이 마침내 꿈에 그리던 메이저리그 무대를 밟았다. 미네소타 트윈스는 8일(한국시간) 클리블랜드 가디언스전을 앞두고 고우석을 산하 트리플A 세인트폴 세인츠에서 콜업해 26인 로스터에 등록했다. 이로써 고우석은 한국인 30번째 메이저리거가 됐다. 한국 프로야구 LG트윈스의 정상급 마무리 투수로 활약했던 고우석은 2024시즌을 앞두고 샌디에이고 파드리스와 계약하며 미국에 진출했다. 하지만 개막 로스터 진입에 실패했고, 이후 마이애미 말린스로 트레이드됐다. 지명할당과 부상, 방출 등을 겪는 등 빅리그 도전은 쉽지 않았다. 고우석은 이후 디트로이트 타이거스와 마이너리그 계약을 맺고 재기를 노렸다. 올 시즌에는 더블A와 트리플A를 오가며 27경기 41⅓이닝 3승 1패 3홀드 4세이브, 평균자책점 1.96을 기록했다. 하지만 디트로이트는 좋은 성적에도 그를 40인 로스터에 올리지 않았다. 고우석은 7월 1일 이후 옵트아웃 성격의 양도 조항을 행사했고, 현금 트레이드를 통해 미네소타로 이적했다. 이적 조건에는 새 구단이 무조건 고우석을 26인 메이저리그 로스터에 포함해야 한다는 조건이 포함돼 있었다. 결국 그는 팀을 옮기자마자 미국 도전 3년 만에 빅리그 로스터에 이름을 올렸다. 고우석은 현지 취재진과 인터뷰에서 “이 정도 성적을 냈는데 원하는 팀이 없는 건 내 능력의 문제라고 생각했다”며 “이제 돌아가자고 마음 먹었다”고 말했다. 그러면서도 “미국에서 배운 야구를 어려운 환경 속에서 끝까지 확인하고 싶었다”고 덧붙였다. 고우석에게 메이저리그 진입은 끝이 아니라 시작이다. 그는 “오늘 하루 최선을 다하고, 오늘 일을 반성하며 내일을 준비할 뿐”이라고 언급했다. 미네소타의 데릭 쉘튼 감독은 “고우석의 구위와 WBC 등 국제무대 경험을 높게 평가했다”고 영입 이유를 설명했다. 메이저리그 로스터에 포함된 첫날 고우석은 등판 기회를 갖지 못했다. 미네소타는 선발 태즈 브래들리의 7이닝 1실점 호투에 힘입어 클리블랜드 가디언스를 3-1로 이기고 최근 3연승을 질주했다. 이석무 (sports@edaily.co.kr)"
2026.07.09 06:02,최근 11년간 전반기 4위 이하 팀이 한국시리즈 우승한 적 없었다,연합뉴스,"(서울=연합뉴스) 김경윤 기자 = 프로야구 KBO리그에서 전반기 성적과 정규시즌 최종 성적이 크게 달라지지 않는다는 집계 결과가 나왔다. 연합뉴스가 10개 구단 144경기 체제를 시작한 2015시즌부터 2025시즌까지 KBO리그 구단별 전반기 순위와 최종 순위를 비교한 결과, 대부분 팀은 전반기 성적과 비슷한 최종 성적을 냈다. 전반기 1위 팀의 정규시즌 우승 확률은 81.81%에 달했다. 11시즌 동안 전반기 1위 팀이 정규리그 우승을 차지한 사례는 9차례나 된다. 전반기 1위 팀이 정규리그 우승 트로피를 놓친 경우는 2019년 SK 와이번스(현 SSG 랜더스)와 2025년 한화 이글스뿐이다. 2019년 SK는 시즌 막판 극심한 부진에 빠져 두산 베어스와 승률 동률을 기록했고, 상대 전적에서 밀려 정규시즌을 2위로 마친 뒤 한국시리즈 진출에도 실패했다. 지난해 한화는 막판 LG 트윈스에 덜미를 잡히며 정규시즌을 2위로 마쳤다. 나머지 시즌에서는 모두 전반기 1위 팀이 정규시즌 우승을 차지했다. 전반기 1위 팀의 한국시리즈(KS) 우승 확률도 63.63%(11시즌 중 7차례)로 높았다. 네 시즌을 제외한 모든 시즌에서 전반기 1위 팀이 KS 우승 축포를 터뜨렸다. 2015시즌 이후 KS 우승팀이 전반기를 4위 이하로 마친 사례는 단 한 번도 없었다. 2015년 두산과 2025년 LG는 전반기 2위에서 KS 정상에 올랐고, 2018년 SK와 2019년 두산은 전반기 3위에서 KS 우승을 차지했다. 전반기 최하위 팀이 탈꼴찌에 성공한 사례도 극히 드물었다. 2015년부터 지난해까지 11시즌 중 10시즌에서 전반기 최하위 팀은 그대로 시즌 최하위를 기록했다. 전반기를 10위로 마친 뒤 탈꼴찌에 성공한 팀은 2023년 삼성 라이온즈가 유일했다. 당시 삼성은 최종 순위 8위에 올랐으나 9위 한화와는 반 경기 차, 10위 키움 히어로즈와는 2경기 차에 불과해 큰 차이를 보이지 않았다. 반대로 전반기 5위 이상의 성적을 거둔 팀이 최하위권으로 추락한 사례도 드물었다. 2018년 전반기 4위였던 LG가 최종 8위로 떨어진 것을 제외하면, 전반기 상위권 팀들은 대부분 최하위권으로 내려가지 않았다. 다만 전반기 6위 이하였던 팀이 상위권으로 도약한 사례는 적지 않았다. 2016년 LG는 전반기 8위에서 최종 4위로, 2017년 롯데 자이언츠는 7위에서 3위로 올라섰다. 특히 kt wiz는 후반기에 뒷심을 발휘한 적이 많았다. kt는 2020년 전반기 6위에서 2위로, 2023년 7위에서 2위로, 2024년 7위에서 5위로 뛰어오르며 포스트시즌 진출에 성공했다. 지난해엔 삼성이 전반기를 8위로 마쳤으나 최종 4위로 도약해 가을야구 진출에 성공했다. [표] 10구단 체제 프로야구의 전반기 및 정규시즌 순위 cycle@yna.co.kr (끝) ▶제보는 카톡 okjebo"
2026.07.09 06:00,'ERA 4월 1.82→6월 7.13'…같은 투수 맞아?→2S後 결정구 ...,스포츠조선,"[수원=스포츠조선 고재완 기자] 시즌 초반 마운드를 매섭게 호령하던 그 무시무시한 구위는 어디로 간 걸까. 키움 히어로즈의 우완 선발 배동현(26)이 지독한 슬럼프를 극복하지 못하고 결국 7연패의 깊은 수렁에 빠졌다. 후반기 영웅 군단의 선발 로테이션 반등을 이끌 핵심 열쇠로 꼽히는 배동현이지만, 현재 그를 붙잡고 있는 체력과 구위 저하의 사슬은 결코 가볍지 않다. 배동현은 지난 8일 수원 KT위즈파크에서 열린 KT 위즈전에 선발 등판했으나 4이닝 동안 9안타를 두들겨 맞으며 5이닝을 채우지 못하고 4실점(2자책)으로 무너졌다. 팀 타선이 케스턴 히우라와 박찬혁의 백투백 홈런 등으로 지원사격을 아끼지 않았음에도, 선발 마운드가 경기 중반 버티지 못하면서 팀의 4연패와 본인의 7연패가 한꺼번에 겹치는 최악의 성적표를 받아 들었다. 이날 배동현의 투구에서 가장 아쉬웠던 대목은 타자와의 최종 승부처인 '2S' 이후에 유독 많은 안타를 허용하며 스스로 고비를 넘기지 못했다는 점이다. 이날 KT 타선은 이날 장단 12안타를 몰아치며 7득점을 올렸다. 배동현은 이 중 무려 9개의 안타를 4이닝 동안 집중 허용했다. 특히 허경민이 4타수 3안타 2득점, 김상수가 2타수 2안타 1타점 2득점으로 배동현의 결정구를 유연하게 밀고 당기며 마운드를 완전히 흔들어 놨다. 유리한 카운트를 선점하고도 확실하게 타자의 배트를 이끌어낼 만한 강력한 결정구가 무뎌지면서, KT의 정교한 베테랑 타자들에게 완벽하게 공략당한 아픈 지표다. 키움 설종진 감독 역시 배동현이 시즌 초반의 압도적인 면모를 잃어버린 본질적인 원인을 알고 있었다. 기술적인 매커니즘의 붕괴라기보다는, 투구수 관리 실패에 따른 급격한 '체력 방전'이 구위 저하로 연결되는 악순환에 빠졌다는 분석이다. 설 감독은 8일 배동현의 최근 난조에 대해 ""시즌 초반에는 템포가 빠른 승부를 가져가면서 아주 효과적인 피칭을 했고 결과도 좋았다""라면서 ""하지만 전반기 후반부로 들어오면서 본인이 2S 등 유리한 볼카운트를 만들어 놓고도 확실하게 솎아낼 유인구의 제구가 정밀하게 되지 않았다""고 짚었다. 이어 ""유인구가 존을 벗어나거나 커트 당하면서 자연스럽게 경기당 투구 개수가 급격하게 늘어났다. 그러다 보니 체력적으로 한계가 오는 4회와 5회 때 마운드 위에서 버티기가 힘들어졌고, 힘이 떨어지면서 직구 스피드와 종무브먼트까지 줄어들어 결정적인 실점이 나온 것 같다""고 진단을 내놨다. 이 때문에 설 감독은 8일 경기 직전 배동현에게 ""오늘 같은 경우는 처음부터 5이닝, 6이닝을 길게 끌고 가겠다는 생각을 아예 버려라. 한이닝, 한이닝을 오직 전력 투구로만 막아라""고 독한 주문을 내리기도 했다. 올스타 브레이크를 단 2경기만 남겨둔 상황이었기에 선발이 4~5회 체력 저하 조짐을 보이면 곧바로 퀵후크를 통해 불펜 총력전으로 막겠다는 계산이었다. 하지만 이날 배동현은 대부분의 타자들에게 초구 스트라이크를 던지며 2S의 유리한 상황에서도 확실한 결정구 없이 난타를 당하는 모습이 연출됐다. 결국 키움 히어로즈가 후반기 중위권 대반격을 도모하기 위해서는 배동현의 부활이 절대적으로 필요하다. 라울 알칸타라와 안우진 그리고 하영민은 어느 정도 계산이 서는 선발이다. 박준현은 아직 신예이기 때문에 언제 흔들릴지 모르는 상황이다. 때문에 배동현이 선발 로테이션을 잘 지탱해주느냐가 키움의 '꼴찌탈술' 열쇠가 될 전망이다. 그가 시즌 초반 보여주었던 묵직하고 거침없는 구위를 후반기에 다시 회복할 가능성은 얼마나 될까. 설 감독의 진단대로라면 현재 배동현의 가장 큰 아킬레스건은 '체력'이다. 전반기 풀타임 선발을 소화하며 쌓인 피로도가 손끝 제구와 직구 스피드에 고스란히 악영향을 미쳤다. 때문에 단비 같은 이번 올스타 휴식기 동안 체력 리커버리에 집중해야하는 상황이다. 고재완 기자 star77@sportschosun.com"
2026.07.09 05:56,"“에이스로선 아쉽다” 이유 있었다…6월 이후 ERA 5.56, 톨허스트 ...",스포츠동아,"[스포츠동아 강산 기자] LG 트윈스 에이스는 앤더스 톨허스트(27)다. 지난 시즌 엘리에이저 에르난데스의 대체자로 LG 유니폼을 입고 8경기서 6승2패, 평균자책점(ERA) 2.86, 45탈삼진, 16볼넷의 성적을 거뒀다. 한국시리즈(KS·7전4선승제) 2경기서도 2승, ERA 2.08을 기록해 팀의 통합 우승(정규시즌+KS)에 크게 일조했다. 지난 시즌의 활약을 인정받아 올 시즌 총액 120만 달러에 재계약했다. 에이스로 기대가 컸던 요니 치리노스(30)의 부진으로 웨이버 공시되면서 톨허스트가 그 역할을 해내야 했다. 염경엽 LG 감독은 “치리노스가 빠진 뒤부터는 톨허스트가 에이스 역할을 해야 한다”고 강조했다. 5월까지는 7승3패, ERA 3.24로 제 몫을 충분히 해냈다. 그러나 지난달부터 6경기서 보여준 모습은 에이스와는 다소 거리가 있었다. 이 기간 3차례 퀄리티스타트(QS·선발 6이닝 이상 3자책점 이하 투구)를 기록했지만 1승4패, ERA 5.56으로 좋지 않았다. 특히 전반기 막판 2경기서 2패, ERA 6.97로 크게 흔들렸다. 올 시즌 17경기서 거둔 성적은 8승7패, ERA 4.09다. 패전을 최소화하는 건 염경엽 LG 감독이 강조하는 에이스의 덕목 중 하나다. 톨허스트는 규정이닝을 채운 투수 중 가장 많은 패전을 기록했다. 선발등판 시 팀 성적도 9승8패(승률 52.9%)다. 이닝당 출루허용(WHIP·1.26), 피안타율(0.254) 등 세부 기록이 나쁜 편은 아니지만, 경기당 5.1이닝을 소화하며 투구수가 88.6개(리그 평균 86.5개)로 많은 편이라 긴 이닝을 끌고 가기 어렵다. 한 번 무너지면 걷잡을 수 없이 안타를 맞는 패턴도 반복된다. 염 감독이 지난달 “톨허스트가 에이스로는 아쉬움이 있다”고 말한 데는 그만한 이유가 있다. 더욱이 또 다른 외국인투수 약셀 리오스(33)가 불펜 자원이라 톨허스트가 살아나야만 마운드에 무게를 더할 수 있다. 후반기부터는 에이스다운 안정감을 보여줘야 한다. 염 감독도 “톨허스트가 후반기는 지금보다 나을 것”이라며 “국제팀에서 면담도 했다. 이대로 그냥 후반기를 시작하면 안 될 것 같아서 데이터를 기반으로 움직여야 한다”고 말했다. 그러면서 “나보다 국제팀에서 직접 얘기하는 게 낫다고 판단했다”며 “본인도 최대한 좋은 생각을 하고 있다. 올해가 톨허스트에게 얼마나 중요한 시즌인지도 전달했을 것”이라고 덧붙였다. 강산 기자 posterboy@donga.com"
2026.07.09 05:42,"LG 이재원 이렇게 사랑받는구나, 팬이 사준 책으로 돌파구 찾았다…""잘하...",마이데일리,"[마이데일리 = 대구 김경현 기자] ""책에서 봤는데 잘하려고 하다 보면 도망간다고 하더라"" '잠실 빅보이' 이재원은 LG 트윈스가 전략적으로 키우는 거포 유망주다. 지난 시즌 상무를 폭격하고 전역, 시즌 전 큰 기대를 모았다. 기대와 달리 성과가 나오지 않았다. 힘겨운 시간을 보내던 이재원은 팬의 책 선물 덕분에 돌파구를 찾았다. 이재원은 8일 대구 삼성 라이온즈파크에서 열린 2026 신한 SOL KBO리그 삼성 라이온즈와의 원정 경기에서 8번 타자, 지명타자로 선발 출전해 3타수 2안타 1득점 1타점을 기록했다. 첫 타석은 상대 선발 잭 오러클린과 풀카운트 승부 끝에 헛스윙 삼진을 당했다. 가장 중요한 순간 방망이가 불을 뿜었다. 양 팀이 2-2로 팽팽히 맞선 4회 2사 1루, 이재원이 오러클린의 6구 바깥쪽 높은 직구를 때려 강한 타구를 만들었다. 유격수 심재훈이 펄쩍 뛰어올랐는데 글러브로 타구 밑동을 스치는 데 그쳤다. 이 때문에 타구 속도가 미세하게 느려지며 좌중간을 갈랐다. 1루 주자 오지환이 3루를 돌아 홈인, LG가 3-2로 경기를 뒤집었다. 이날의 결승타. 멀티 장타 경기를 완성했다. 6회 선두타자로 등장해 백정현의 초구 포크볼을 통타, 2루타를 뽑았다. 대주자 천성호와 교체되며 이재원은 경기를 마무리했다. LG는 이재원의 활약 덕에 8-2로 승리했다. 이재원은 전날(7일) 1군에 콜업됐다. 6월까지 타율 0.203으로 부진, 5일 자로 2군에 내려갔다. 당시 염경엽 감독은 결과과 아닌 과정을 보겠다고 천명했다. 6월 2군 9경기에서 타율 0.171(35타수 6안타)로 부진이 계속됐다. 하지만 7월 6일 롯데 자이언츠전 5타수 3안타 2홈런 2득점 4타점으로 펄펄 날았고, 다음날 바로 1군의 부름을 받았다. 그리고 1군 경기에서도 상승세를 이어간 것. 경기 종료 후 이재원은 ""(퓨처스리그에서) 계속 폼을 생각했다. 폼의 문제라고 생각하다 보니 2군에 내려갔을 때 많이 헤맸다""라면서 ""영상을 보다 보니 폼에는 전혀 문제가 없는 느낌이 딱 들더라. 그때는 멘탈이 문제였다는 느낌을 받았다. 혼자 공을 맞히려고 쫓아다녔던 게 (성적이) 안 좋아졌던 것 같다""고 설명했다. 그러면서 ""처음 내려갔을 때 정말 하나부터 다 뜯어고친다는 마인드로 갔다. 그러다 보니 너무 과부하가 왔다. 지치고 생각을 많이 했다. 그러다 보니 영상도 많이 찾아 보고 연습도 많이 하다 보니 그때부터 조금씩 좋아졌다""고 돌아봤다. 어떻게 멘탈을 다잡았을까. 이재원은 ""책을 보니 잘하려고 하다 보면 도망간다고 하더라. 간절함도 너무 간절하면 안 된다고 한다. 그래서 딱 3개만 생각했다. 호흡, 시선, 그리고 제가 할 수 있는 첫 번째 동작. 그러다 보니 맞아떨어졌다. 삼진을 먹더라도 조금 더 가볍게 가자고 생각하다 보니 결과가 좋았다""고 말했다. 책은 누가 사줬을까. 이재원은 ""팬분들께서 사줬던 책도 있고, 찾아본 것도 있다. 멘탈에 관련된 책을 많이 보다 보니 좋아졌다""고 했다. 이재원은 ""모든 선수들이 다 간절하지만, 그렇다고 다 잘되는 건 아니니까 편안하게 가기로 했다""며 씩 웃었다. 팬들의 열렬한 사랑을 받고 있다. 이재원은 ""정말 감사하다. 정말 잘 해주셔서 감사드린다. 감사한 마음밖에 없다""며 고개를 숙였다. 그러면서 ""야구를 잘해야 사랑받는 거니까요""라면서 선전을 다짐했다. 9일 경기를 마지막으로 올스타 브레이크가 시작된다. 이재원은 ""브레이크 기간을 똑같이 보내려고 한다. 이것저것 해보면 다시 돌고 도니까, 똑같이 준비하고, 똑같이 생각하려고 한다""고 힘줘 말했다."
2026.07.09 05:40,"""감독님 한 번 말려주세요""…1아웃 못잡아서 QS 실패, 그래도 나균안 ...",OSEN,"[OSEN=부산, 조형래 기자] 프로야구 롯데 자이언츠 나균안이 데뷔 후 처음으로 호랑이 사냥에 성공했다. 그럼에도 전반기 마지막 등판, 6회를 마무리 짓지 못한 것에 대한 아쉬움도 전했다. 나균안은 8일 부산 사직구장에서 열린 프로야구 정규시즌 KIA 타이거즈와의 경기 선발 등판해 5⅔이닝 7피안타 1볼넷 7탈삼진 2실점을 기록하고 마운드를 내려왔다. 팀 타선은 폭발했고 11-3으로 승리, 나균안은 시즌 5승 째를 수확했다. 시즌 8번째 퀄리티스타트를 눈앞에 뒀지만 결국 아웃카운트 1개를 못 잡아서 마운드를 내려와야 했던 나균안이다. 나균안은 이날 1회 선두타자 박재현을 공 1개로 우익수 뜬공 처리한 뒤 김호령에게 좌선상 2루타, 김도영에게 볼넷을 내주며 1사 1,2루 위기에서 경기를 시작했다. 하지만 나성범을 3루수 인필드플라이, 카스트로를 삼진으로 솎아내 1회 위기를 그복했다. 2~3회 삼자범퇴 이닝으로 경기를 손쉽게 풀어가기 시작했다. 4회 선두타자 김도영에게 중전안타를 맞았다. 하지만 나성범을 1루수 땅볼로 유도해 리버스 더블플레이로 연결시켰다. 2사 후 카스트로에게 다시 중전안타를 내줬지만 한준수를 삼진으로 솎아내고 경기 중반을 향해 갔다. 이미 타선은 9득점으로 나균안을 통크게 지원한 상황. 5회 김선빈을 투수 땅볼, 주효상을 유격수 땅볼, 김규성을 삼지능로 솎아내고 승리 투수 자격을 획득했다. 문제는 6회였다. 넉넉한 점수차에서 6회에 이어 7회도 넘볼 수 있었다. 선두타자 박재현을 삼진 처리했지만 이후 김호령에게 우선상 2루타를 허용했다. 김도영을 삼진으로 처리하며 9부 능선을 넘는 듯 했지만 나성범에게 중전 적시타를 맞았다. 이후 카스트로에게 다시 중전안타를 내준 뒤 한준수에게 좌전 적시타까지 맞으며 3연속 안타로 2실점 했다. 나균안은 스스로에게 화가 날 수밖에 없었다. 그리고 롯데 벤치는 더 이상 위기가 이어지는 방지하기 위해 나균안을 마운드에서 내렸다. 경기 후 만난 나균안은 “6회를 마무리 짓지 못해서 나 스스로에게 화가 났다. 그 상황, 그 점수차에 쉽게 갈 수 있었는데 이닝을 더 가져가지 못했다. 연속안타가 나온 게 아쉬워서 화가 났다”고 되돌아봤다. 김상진 투수코치가 올라왔을 때도 나균안은 미련을 버리지 못했다. 그는 “감독님께 가서 제발 한 번만 말려달라고 했다. 어차피 처음 올라온 것이라고 내려가서 감독님 말려달라고 했는데 이미 결정을 하셨다고 해서 어쩔 수 없이 내려왔다”라고 아쉬움을 곱씹었다. 그래도 후속 투수 현도훈이 김선빈을 3루수 땅볼로 유도하면서 나균안의 실점은 더 이상 늘어나지 않았다. 올해 전반기 16경기 5승 7패 평균자책점 3.90(92⅓이닝 40자책점)의 성적을 기록했다. 한 차례 휴식을 부여받은 것을 제외하면 건강하게 전반기 로테이션을 소화했다. 일단 현 시점 팀 내 전반기 최다이닝이다. 평균자책점이 4점대에 가까워졌지만 시즌 초반, 타선이 고전하는 가운데서도 나균안이 악전고투 하면서 선발진을 지탱해줬기에 현재 롯데도 더 이상 무너지지 않았다. 그는 “지금 우리 선발진이 잘하고 있고 또 불펜 투수들도 좋아서 경기 전 미팅 때도 항상 준비한 거 그대로 잘 유지하고 아프지 않게 하자는 얘기들을 하면서 시너지 효과가 나는 것 같다”면서 “서로 잘 던지고 있으니 자극이 되고 있다”라고 전했다. 자신의 전반기에 대해서는 “아직 점수를 주기에는 갈 길이 멀다. 아직 시즌이 한참 남았기 때문에 전반기 잘 했던 것을 유지하고 후반기에는 좋은 결과가 나왔으면 좋겠다”며 “규정이닝을 한 번 해보고 싶기 때문에 지금 좋은 방향성을 유지하고 가는 게 맞을 것 같다”고 설명했다. 한편, KIA전 23경기 만의 첫 승에 대해서는 “그런 것을 신경쓰지 않고 준비했다. 그 생각을 했으면 저의 퍼포먼스를 내지 못했을 것이다”라며 네일과의 통산 7번째 맞대결에서는 “저보다는 네일 선수가 더 부담스러웠을 것이다. 오히려 마음 편하게 던졌다”고 웃었다. /jhrae@osen.co.kr"
2026.07.09 05:32,'주전을 계승하는 중입니다' 두산 안방마님 세대교체 청신호? '퓨처스 폭...,스포탈코리아,"[SPORTALKOREA] 한휘 기자= 두산 베어스의 '안방마님'이라고 한다면 누가 뭐래도 양의지다. 그 자리를 넘볼 선수가 좀처럼 등장하지 않았지만, 올해 드디어 제대로 된 그의 후계자가 나온 걸지도 모르겠다. 두산 윤준호는 8일 서울 잠실야구장에서 열린 2026 신한 SOL KBO리그 SSG 랜더스와의 홈 경기에 8번 타자-포수로 선발 출전해 4타수 2안타(1홈런) 2타점으로 맹활약했다. 첫 타석부터 대포를 가동했다. 1-1로 맞선 2회 말 2사 3루 기회에서 SSG 선발 전영준의 2구 높은 패스트볼을 기다렸다는 듯 공략해 좌측 담장을 훌쩍 넘어 관중석 중단에 떨어지는 역전 투런 홈런을 터뜨렸다. 시즌 3호. 4회 2번째 타석에서는 1사 2루에서 유격수 왼쪽으로 깊숙한 땅볼을 날렸다. 박성한이 잡아 빠르게 송구했으나 윤준호의 발이 빨랐다. 내야 안타로 1, 3루 기회가 이어졌고, 뒤이은 강승호의 1타점 2루타까지 이어졌다. 남은 두 타석에서는 아쉽게 안타를 추가하지 못했다. 5회에는 잘 맞은 타구가 6-4-3 병살타로 이어졌고, 7회에는 높은 몸쪽 공을 건드렸다가 3루수 파울플라이로 물러났다. 대신 수비에서는 안정적인 리드로 선발 투수 곽빈의 7이닝 7탈삼진 1실점 호투를 도왔고, 윤준호의 활약과 함께 두산도 7-3으로 이기며 전날의 아쉬운 패배를 설욕할 수 있었다. 5위 두산도 이날 경기가 우천 취소된 한화 이글스와의 격차를 1경기 반으로 벌렸다. 윤준호의 올 시즌 성적은 타율 0.279 3홈런 12타점 OPS 0.749가 됐다. 통계 사이트 '스탯티즈' 기준 wRC+(조정 득점 생산력) 지표는 102.0으로 리그 평균 100을 넘어섰으며, 포수임을 고려하면 실질적인 가치는 더 높다. 동의대 시절 야구 예능 프로그램 출연으로 유명세를 탄 윤준호는 2023 KBO 신인드래프트 5라운드 전체 49순위로 두산에 지명됐다. 입단 첫해는 2군에만 머물렀고, 이듬해 1군에 데뷔했으나 3경기만 뛰고 상무에서 군 복무에 돌입했다. 그런데 지난해 퓨처스리그에서 타격에 눈을 떴다. 91경기에 출전해 타율 0.361 11홈런 87타점 OPS 1.002로 타율 5위, 안타 3위(114안타), 타점 3위 등 퓨처스리그 정상급 타자로 펄펄 날았다. 2군을 폭격하고 전역한 윤준호를 향해 팬들의 기대감이 커졌다. 특히나 주전 포수 양의지의 나이가 어느덧 세는 나이로 40세가 된 만큼, 윤준호가 양의지의 후계자 역할을 해주길 바라는 팬들의 바람이 커졌다. 4월에는 1군 적응이 필요한지 1할대 타율에 머무르고 장타는 하나도 날리지 못했다. 하지만 5월부터 타격감이 점점 올라오면서 현재는 백업으로 남기기 아까울 정도로 제 몫을 잘 해주고 있다. 5월 이후 윤준호는 45경기에 출전해 타율 0.316(79타수 25안타) 3홈런 10타점 OPS 0.852의 성적을 남겼다. 같은 기간 50타석 이상 소화한 KBO리그 모든 포수 중 3번째로 높은 타율 4번째로 높은 OPS를 기록 중이다. 심지어 같은 기간 양의지가 55경기 타율 0.268 9홈런 31타점 OPS 0.786을 기록했으니, 표본의 차이는 있어도 윤준호의 비율 지표가 양의지를 넘어선 셈이다. 이에 두산 역시 양의지를 지명타자로 돌리고 윤준호의 출전 시간을 늘려 나가는 추세다. 포수 세대교체가 쉬운 일이 아님은 리그 모든 팀이 체감한 바 있다. 두산 역시 2018시즌 후 양의지가 FA로 이적하면서 주전 포수 공백이 발생했고, 박세혁이 잠시 후계자로 좋은 모습을 보였으나 이후 부진하다가 결국 양의지가 두산에 돌아오게 됐다. 그런 의미에서 윤준호가 전역 후 첫 시즌부터 1군에서 좋은 활약을 펼치는 건 두산에 좋은 소식이다. 양의지가 공수 양면에서 조금씩 노쇠화의 기미를 보이는 가운데, 윤준호가 지금과 같은 페이스를 그대로 이어 후계자 자리를 굳히게 될지 눈길이 간다. 사진=두산 베어스 제공"
2026.07.09 05:27,"최강야구에서 복덩이가 왔다…‘26세’ 예비역 포수, 어떻게 152억 전설...",OSEN,"[OSEN=잠실, 이후광 기자] 야구 예능프로그램 ‘최강야구’에서 복덩이가 왔다. 프로야구 두산 베어스 백업 포수 윤준호(26)는 8일 서울 잠실구장에서 열린 2026 신한 SOL KBO리그 SSG 랜더스와의 시즌 8차전에 8번 포수로 선발 출전해 4타수 2안타(1홈런) 2타점 1득점 맹활약하며 팀의 7-3 승리를 이끌었다. 첫 타석부터 시원한 홈런을 터트렸다. 1-1로 맞선 2회말 1사 3루 찬스였다. 윤준호는 3B-1S 유리한 볼카운트를 선점한 뒤 SSG 선발 전영준의 5구째 146km 하이패스트볼을 받아쳐 비거리 125m 좌월 홈런을 날렸다. 5월 13일 광주 KIA 타이거즈전 이후 약 두 달 만에 시즌 3호포를 신고한 순간이었다. 이는 경기 결승타이기도 했다. 윤준호는 “오랜만에 손맛을 봤다. 타격 전까지 치기 까다로운 공을 잘 참아낸 것이 주효했다. 마침 실투가 들어왔고, 맞는 순간 넘어가는 것을 직감했다”라고 결승홈런을 친 소감을 전했다. 3-1로 앞선 4회말에는 1사 1루에서 1루주자 정수빈이 투수 보크로 2루로 이동한 가운데 내야안타를 치며 후속타자 강승호의 1타점 2루타를 뒷받침했다. 2일 잠실 롯데 자이언츠전 이후 6일 만에 멀티히트를 달성했다. 윤준호는 “간절함이 내야안타로 이어지는 것 같다”라며 “매 타석 전력 질주할 뿐이다. 스스로 발이 빠르다고 생각하진 않지만, 그래도 (박)준순이는 이길 수 있을 것 같다”라고 말하며 웃었다. 윤준호는 5회초 2사 후 이지영 타석 때 파울타구에 급소를 맞고 상당한 고통을 호소하기도 했다. 구급차까지 대기할 정도로 상태가 심각해보였다. 시간이 흘러 고통을 털고 풀타임을 소화한 그는 “보호대를 차지 않았다면 아마 병원에 갔을 것이다. 남자분들은 아마 이 고통을 다 아시지 않을까 싶다”라며 웃어 보였다. 경남고-동의대 출신의 윤준호는 두산 입단 전 야구 예능프로그램 ‘최강야구’에 출연했다. 이승엽 전 감독이 이끌었던 최강 몬스터즈에서 류현인(KT 위즈)과 함께 각각 포수와 내야수로 활약하며 국민적 관심을 받았다. 당시 박용택, 정근우, 유희관, 정성훈, 심수창 등 야구계 대선배들의 조언을 통해 성장세를 보였고, 2023년 신인드래프트에서 두산 5라운드 49순위 지명되는 기쁨을 안았다. 윤준호는 2024년 6월 상무 입대를 전환점으로 삼고 공격형 포수라는 타이틀을 새겼다. 첫해 퓨처스리그 34경기 타율 3할2푼7리 1홈런 11타점으로 방망이를 예열하더니 지난해 91경기 타율 3할6푼1리 114안타 11홈런 87타점 65득점 장타율 .563 출루율 .439로 2군 무대를 평정했다. 안타 3위, 타격, 득점, 장타율 5위, 출루율 7위, 홈런 공동 7위 등 각종 타격 지표 상위권을 독식했다. 작년 12월 전역한 윤준호는 올해 양의지 후계자로 전격 낙점, 1군에서 착실히 안방마님 경험을 쌓고 있다. 62경기 타율 2할7푼9리 3홈런 12타점 15득점 OPS .749 득점권타율 3할5푼으로, 타석에서의 모습도 준수하다. 윤준호는 “올 시즌 기회를 주시며 믿고 맡겨주시는 김원형 감독님께 감사드린다. 항상 큰 목소리로 응원해 주시는 팬분들께도 진심으로 감사드린다”라며 “전반기를 위닝시리즈로 장식할 수 있도록 내일 경기도 잘 준비하겠다”라고 다짐했다. /backlight@osen.co.kr"
2026.07.09 05:24,"780일 만에 타석, 우익수 뜬공이 사령탑을 미소짓게 했다…'이글스 최초...",스포츠조선,"[대전=스포츠조선 이종서 기자] ""우리 선수들이 공격적으로 치는 경향이 부족했는데…."" 지난 7일 대전 한화생명볼파크. 한화 이글스는 NC 다이노스와의 경기에서 1-4로 지고 있던 7회말 2사 1,2루에 대타로 정은원을 냈다. 2018년 신인드래프트 2차 3라운드(전체 24순위)로 한화에 입단한 정은원은 '골든글러브' 출신 2루수다. 2021년 139경기 출전해 타율 2할8푼3리 5홈런 19도루 OPS(장타율+출루율) 0.791의 성적을 남기며 2루수 부문 골든글러브를 수상했다. 특히 105개의 볼넷을 얻어내면서 역대 KBO리그 최연소 세 자릿수 볼넷(만 21세 8개월 23일) 기록까지 세웠다. 정은원의 2루수 골든글러브 수상은 2013년 정근우에 이은 역대 두 번째 이글스 소속 2루수 골든글러브. 정근우는 FA로 한화로 이적해 온 만큼, 정은원은 '이글스 프랜차이즈 선수' 최초 2루수 골든글러브 수상자가 됐다. 2024년 시즌 종료 후 국군체육부대(상무) 야구단에 입대한 그는 지난달 1일 전역했다. 전역 직후 1군 선수단과 동행한 그는 지난달 13일부터 퓨처스리그에서 실전 감각을 끌어올렸다. 약 3주 넘게 퓨처스리그에서 담금질을 했던 그는 7일 1군에 콜업됐다. 김경문 한화 감독은 ""투수들이 빠지는 타이밍에서 전반기 끝에 한 번 보려고 한다. 본인도 그렇고, 팀도 그렇고 한 번 (1군에서) 보는 게 좋다고 생각한다""라며 ""후반기 또 어떻게 될 지 모른다. 여러가지 생각을 하고 콜업을 했다""고 밝혔다. 대타로 선 첫 타석. 2024년 5월18일 이후 780일 만의 1군 타석이었다. 돌아온 정은원의 모습에 팬들은 그 어느 때보다 큰 환호로 반겼다. NC는 투수 전사민을 올렸다. 정은원은 전사민의 투심이 스트라이크존 가운데로 오자 그대로 배트를 돌렸다. 정타가 돼 빠르게 뻗어나갔지만, 우익수 정면으로 향하면서 아웃이 됐다. 정은원은 아쉬움을 감추지 못했다. 한 타석으로 마쳤지만, 김 감독은 합격점을 내렸다. 8일 김 감독은 정은원 이야기에 ""바람직하다. 우리 선수들이 그동안 대타로 나가서 특히 찬스에서 공격적으로 치는 경향이 부족했다. 대타로 나와서 초구를 노려서 그렇게 치는 타자가 많이 없었다. 타구도 펜스에 맞을 수도 있었다. 결과적으로는 잡혔지만, 칭찬해줄 부분인 거 같다""고 했다. 한화는 올 시즌 주전 2루수로 이도윤이 자리를 잡고 있고, 황영묵 박정현 등 안정적으로 기용할 수 있는 내야 자원이 백업으로 자리를 잡고 있다. '골든글러브 2루수'라고 하지만, 정은원이 올라와 곧바로 자리를 잡기는 쉽지 않은 상황이다. 그러나 한 타석이었지만 강렬한 인상을 남기며 다음을 기약할 수 있게 됐다. 대전=이종서 기자 bellstop@sportschosun.com"
2026.07.09 05:22,"'개막 직전 원투펀치 이탈' 악재 딛고 삼성 전반기 2위 확보, 사령탑은...",스타뉴스,"[스타뉴스 | 대구=김동윤 기자] 삼성 라이온즈 박진만(50) 감독이 악재로 가득했던 2026시즌 전반기에서 최소 2위를 확보한 비결을 투수진에서 찾았다. 올 시즌 삼성은 개막부터 악재가 많았다. 원투펀치로 여겨졌던 새 외국인 투수 맷 매닝과 기존의 원태인이 모두 팔꿈치 부상으로 개막전 엔트리에 들지 못한 것. 설상가상 강점으로 여겨지던 타선마저 줄 이은 부상으로 약화됐다. 김성윤이 옆구리 통증으로 1군 말소된 것을 시작으로 김영웅(햄스트링), 구자욱(갈비뼈 미세 골절), 이재현(허리) 등으로 줄줄이 이탈했다. 그 결과 4월 중순에는 7연패에 빠지며 중위권까지 처지기도 했다. 이에 삼성 박진만 감독은 7일 대구 LG전을 앞두고 ""우리가 시즌 초반 7연패를 하는 등 우여곡절이 있었다. 그런데도 전반기를 버틸 수 있었던 힘은 투수력이었다. 타격 사이클이 좋았다가 떨어질 때 투수들이 잘 버텨줬기 때문에 지금 1, 2위 경쟁을 할 수 있었다. 후반기에서 타격 페이스까지 끌어올리면 우리가 목표했던 순위 그 이상도 올라갈 수 있을 것""이라고 답했다. 실제로 가장 힘들었던 4월, 삼성 마운드는 평균자책점 4.09(리그 5위)를 기록했다. 특히 마무리 김재윤을 위시한 배찬승, 이승민, 임기영 등의 활약이 컸다. 4월 삼성 선발 평균자책점은 4.81로 리그 꼴찌였다. 그러나 불펜은 같은 기간 평균자책점 3.22로, 2위 키움 히어로즈의 3.59보다 크게 앞선 압도적 1위였다. 배찬승이 13경기 평균자책점 1.74, 이승민이 13경기 평균자책점 1.32를 마크했고, 마무리 김재윤은 11경기 평균자책점 3.12로 쉽게 리드를 내주지 않았다. 불펜진의 활약은 이후로도 계속돼서 3.75로 전반기 평균자책점 리그 1위를 사실상 확정했다. 불펜 평균자책점 2위 팀은 7일 경기 종료 시점 4.38의 두산 베어스다. 박진만 감독은 올 시즌 불펜 활약에 ""솔직히 예상하지 못했다. 그래도 긍정적이었던 건 수술하고 복귀한 강속구 투수들이 많았기 때문에, 그 선수들의 재활이 끝나면 분명히 탄탄해질 거라고 예상했다. 그 선수들 덕분에 다른 선수들까지 더 안정감이 생겼다""고 고마움을 나타냈다. 특히 마무리 김재윤을 1등 공신으로 꼽았다. 2023시즌을 마치고 삼성과 4년 총액 58억 원 FA 계약을 체결한 김재윤은 지난 2년간 4점대 평균자책점으로 부진했다. 3년 연속 30세이브 했던 과거와 달리 2년간 삼성에서 쌓은 세이브는 고작 24개였다. 하지만 올해는 확 달라진 모습이다. 39경기 4승 3패 21세이브, 평균자책점 2.45, 36⅔이닝 40탈삼진으로 커리어하이를 향해 달려가고 있다. 세이브 순위에서도 2위 손주영(LG)을 두 개 차로 따돌리고 선두를 지키고 있어 첫 개인 타이틀도 도전 중이다. 박진만 감독은 ""우리가 지난 몇 년간 경기 후반 어려움을 많이 겪었다. 그런데 (김)재윤이가 확실하게 자기 자리를 잡아줬다. 우리가 이겨야 할 게임을 확실하게 이기게 해주니까 지금까지 올 수 있었다. 이승민, 최지광 등 다른 불펜도 있지만, 김재윤의 역할이 제일 컸다""고 말했다. 대구=김동윤 기자 dongy291@mtstarnews.com"
2026.07.09 05:17,"출루왕 이번엔 진짜 뭔가 다르다, ""당신 말고 투수와 싸워"" 아내 조언에...",스포티비뉴스,"[스포티비뉴스=대구, 신원철 기자] LG 염경엽 감독은 8일 대구 삼성전에서 1위를 되찾은 뒤 2루타 2개를 날린 이재원, 5이닝 2실점 승리투수 임찬규보다 홍창기의 활약에 주목했다. 홍창기는 이날 4타수 2안타 2타점을 기록했다. 시즌 내내 부활과 부진을 반복하던 전과 조금 달랐다. 이날 경기는 타구 질이 확연히 좋아졌다. 홍창기는 8일 대구 삼성라이온즈파크에서 열린 '2026 신한 SOL KBO리그' 삼성 라이온즈와 경기에서 1번타자 우익수로 나와 4타수 2안타 2타점을 올렸다. 3-2로 역전한 4회 2사 후 우중간 3루타로 주자 2명을 불러들였다. 수비에서는 5회 실점을 막는 홈 어시스트로 상대의 추격 흐름을 차단했다. LG는 8-2 승리로 1위를 되찾았다. 경기 후 염경엽 감독은 ""타선에서 (홍)창기가 2안타 2타점으로 타선을 이끌었고, 또 5회에 홈 보살을 만들면서 상대의 추격 흐름을 끊은게 컸다. 공수에서 활약을 펼친 창기를 칭찬하고 싶다""고 밝혔다. 홍창기는 ""어제(2-9 패배)는 중요한 경기에서 졌지만 오늘 경기 승리할 수 있어서 기분이 좋았다""며 선두 탈환에 기뻐했다. 분위기를 가져온 4회 3루타에 대해서는 ""타석마다 감이 좋아서 좋은 공이면 치자는 마음이었다. 3루타 상황은 찬스였지만 찬스라 생각하지 않고 과감히 치자고 생각해서 좋은 결과로 이어진 것 같다""고 말했다. 그러면서 ""오늘 경기 전에 아내가 '나 자신과 싸우지 말고, 투수와 싸워'라고 해줬다. 그 마음으로 경기에 임해서 좋은 결과가 있었던 것 같다""고 얘기했다. 5회에는 2사 후 위기를 막는 홈 어시스트에 성공했다. 김성윤의 안타에 홈으로 들어오던 강민호를 잡았다. 홍창기는 ""오늘 홈 송구는 정확하게 던지자는 마음으로 힘껏 송구했는데, 찬규형의 승리에 도움을 준 것 같아서 기쁘다""고 말했다. 홍창기는 ""팬분들이 대구까지 많이 와주신 덕분에 이길 수 있었다""고 팬들에게 감사 인사를 전했다. 한편 번트 수비 도중 주자와 충돌해 쓰러진 류지혁을 떠올리며 ""오늘 류지혁 선수의 상태도 걱정이 된다. 큰 부상이 아니였으면 좋겠다""고 동료를 걱정하기도 했다. <저작권자 ⓒ SPOTV NEWS. 무단전재 및 재배포 금지>"
2026.07.09 05:09,KIA '천군만마' 드디어 후반기 곧바로 돌아온다! 이미 '3이닝 무실점...,스타뉴스,"[스타뉴스 | 부산=김우종 기자] KIA 타이거즈의 좌완 국가대표로 활약했던 이의리(24)가 드디어 후반기에 돌아온다. 사령탑은 후반기 시작하자마자 곧장 엔트리에 등록해 활용하는 방안을 염두에 두고 있다고 했다. KIA 사령탑인 이범호 감독은 8일 사직구장에서 열린 롯데 자이언츠와 2026 신한 SOL KBO 리그 정규시즌 원정경기를 앞두고 이의리에 관한 질문을 받았다. 이에 이 감독은 ""(후반기 시작과 함께 바로 콜업하는 것을) 지금 생각하고 있다. 이미 퓨처스리그에서도 공을 던졌다. 일단 선발로 활용할 계획은 없다. 여기 와서 1이닝이 아니라 3~4이닝 정도 자신의 구위를 보여주면서 길게 던져줄 수 있는 자원이 필요하다""고 밝혔다. 계속해서 이의리에 관해 ""나쁘지 않다는 보고를 받았다. (퓨처스) 중계방송도 봤다. 볼넷도 별로 없었던 것 같다""고 이야기했다. 이의리는 지난 6일 울산 웨일즈와 퓨처스리그 경기에서 3이닝 동안 2피안타 1볼넷 4탈삼진 무실점 쾌투를 펼쳤다. 이 감독은 ""피칭하는 모습을 다 봤고, 구위 등도 충분히 갖춘 친구다. 돌아오면 롱 릴리프로 활용하면서, 또 그러다가 기회가 생겼을 때 (선발로) 들어가는 방법이 좋지 않을까 생각하고 있다""고 전했다. 지난 2024년 6월 팔꿈치 인대 접합 수술(토미존 서저리)을 받은 이의리는 올 시즌 초반부터 부진을 겪었다. 올해 총 10경기에 등판해 1승 6패 평균자책점 9.42의 성적을 올렸다. 총 35⅓이닝 동안 41피안타(8피홈런) 33볼넷 39탈삼진 37실점(37자책) 이닝당 출루허용률(WHIP) 2.09, 피안타율 0.295의 세부 성적을 마크했다. 이의리는 휴식 차원으로 5월 17일부터 26일까지 열흘 동안 1군 엔트리에서 빠진 채 회복의 시간을 보냈다. 이후 5월 29일 LG 트윈스전에 복귀했지만 2이닝 4피안타(1피홈런) 4볼넷 1탈삼진 6실점(6자책)으로 흔들렸다. 여기에 KIA는 5월 28일 일본인 아시아쿼터 선발 자원인 시라카와 케이쇼를 총액 10만 달러(계약금 2만, 연봉 4만, 옵션 4만)의 조건에 영입, 선발진이 풍부해졌다. 제임스 네일과 아담 올러, 양현종, 황동하, 김태형에 이어 시라카와까지 6명의 선발 자원을 갖추게 된 것이다. 결국 이의리는 더 이상 기회를 얻지 못한 채 5월 30일 1군 엔트리에서 말소됐다. 이후 이의리는 김시훈, 강효종, 홍민규와 함께 일본 지바현 이치가와시에 위치한 넥스트 베이스 애슬레틱스 랩(NEXT BASE ATHLETES LAB)에서 특별 훈련을 소화했다. 6월 10일 출국한 뒤 6월 28일까지 훈련을 소화했다. 다시 한국으로 돌아온 그는 몸 상태를 한껏 끌어 올린 뒤 지난 6일 퓨처스리그 첫 복귀 실전을 치렀다. KIA는 비록 최근 4연패에 빠지긴 했지만, 올 시즌 44승 2무 39패를 마크하며 리그 단독 4위에 자리하고 있다. 후반기 상위권 진입을 노리는 가운데, 이의리와 김태형을 롱릴리프로 활용하는 방안을 구상 중이다. 만약 두 선수가 롱릴리프로 좋은 모습을 보여준다면 KIA 마운드에 매우 큰 힘이 될 전망. 선발이 조기에 무너질 경우, 1+1 전략도 충분히 활용할 수 있도록 하는 선발 자원이라 할 수 있다. 과연 단기 유학까지 다녀온 이의리는 후반기에 어떤 모습을 보여줄 것인가. KIA 팬들의 기대감이 더욱 높아지고 있다. 부산=김우종 기자 woodybell@mtstarnews.com"
2026.07.09 05:07,"""그 공으로 ERA 4점대? 야구 그만 둬라"" 놀림 받던 다승왕, 이제 ...",스포츠조선,"[잠실=스포츠조선 김용 기자] ""형들이 야구 그만 하라고 하더라고요. 그 공으로 4점대 하느냐고요."" 두산 베어스 곽빈의 기세가 엄청나다. 곽빈은 8일 잠실구장에서 열린 SSG 랜더스전에 선발 등판, 7이닝 1실점 호투로 팀의 7대3 승리를 이끌었다. 전반기를 마감했다. 훌륭한 성적. 17경기 8승3패 평균자책점 2.60. 다승은 9승 공동 1위군에 이어 공동 4위, 평균자책점은 3위다. 탈삼진은 112개로 당당히 1위. 2년 전 15승으로 원태인(삼성)과 함께 공동 다승왕을 했을 때보다 더 좋다. 당시 전반기를 7승으로 마쳤는데 올해는 1승을 더 했고, 무엇보다 평균자책점이 진정한 에이스급 투수가 됐음을 증명하고 있다. 또 이날 구속도 159.0km를 찍었다. 자신의 커리어 최고 기록 경신이다. 곽빈은 2년 전 다승왕 시즌과 비교해 ""그 때는 퀄리티스타트 정도만 하면 타자 형들이 너무 잘 도와줘 승리를 쉽게 쌓었었다. 올해는 확실히 '볼삼비'가 많이 좋아졌다. 볼넷이 많이 준 것도 좋은 부분이다. 또 조금씩 야구에 대한 BQ도 늘고 있는 것 같다""고 자평했다. 곽빈 말대로 구위도 구위지만 투구 내용이 너무 좋다. 이전까지는 엄청나게 강한 공을 뿌리지만, 안정감은 조금 떨어진다는 느낌을 줬다. 잘 던지다가도 갑자기 '볼질'을 하는 장면들이 많았다. 하지만 올해 곽빈의 투구 내용은 보는 사람이 매우 편안하다. 이날도 '천적' 전의산에게 맞은 솔로포 하나가 전부다. 곽빈은 ""나만 만나면 타석에 웃으며 들어온다. 내 공을 정말 잘 친다""며 혀를 내둘렀다. 곽빈 기억에 잠실에서만 전의산에게 3개째 홈런을 허용한 것 같다고 했다. 다승, 탈삼진, 최고구속 이런 타이틀에는 전혀 관심이 없다는 곽빈. 다만 올해 목표로 세운 게 두 가지가 있었다고. 먼저 하나는 평균자책점이다. 곽빈은 ""올해 3.5 이하로만 하자였다. 2년 연속 4점대를 기록하니 형들이 '야구 그만해라. 그 볼로 맨날 4점대냐'라고 놀렸다""고 말하며 웃었다. 그런데 전반기를 2.60으로 막았다. 평균자책점 1위가 팀 후배 최민석이다. 2.33. 곽빈도 추격 사정권이다. 두 번째 목표는 이미 달성 실패다. 곽빈은 ""좌타자에게 올해 홈런을 1개도 맞지 말아보자는 나만의 목표가 있었다. 잘 지키고 있었는데 전의산이...""라며 말을 흐렸다. 곽빈은 이내 진지하게 ""최원준형이 스프링 캠프 때부터 정말 많이 도와줬다""고 말하며 ""원준이형의 수술이 결정됐을 때 즈음부터 형의 글러브를 끼고 경기에 나가고 있다. 그 때부터 경기도 잘 풀리고 성적도 좋아진 것 같다. 원준이형에게 정말 고맙다는 말을 전하고 싶다""고 말했다. 최원준은 지난달 팔꿈치 인대 수술을 받았다. 잠실=김용 기자 awesome@sportschosun.com"
2026.07.09 05:05,1800타점·안타 머신·칼제구… 실력으로 세월 이긴 ‘베테랑’,서울신문,"야구는 경험이 중요한 스포츠지만 그것만으로 살아남을 수는 없다. 체력과 기술, 철저한 자기 관리가 뒷받침되지 않으면 베테랑은 금세 과거의 이름이 된다. 세월을 이겨낸 베테랑들이 기록으로, 승리로, 그리고 변함없는 존재감으로 자신의 가치를 다시 한번 증명하고 있다. ●43세 최고령 최형우 ‘최다 안타’도 보유 삼성 라이온즈의 최형우는 현역 최고령 선수다. 그러나 43세의 나이가 무색한 활약으로 팀의 고공비행을 주도하고 있다. 그는 7일 기준으로 타격 8위(0.326), 타점 7위(63타점)에 이름을 올렸을 정도로 경쟁력 있는 타격감을 유지하고 있다. 7일 벌어진 LG 트윈스와의 홈경기는 최형우의 진가를 확실하게 보여준 무대였다. ‘미리 보는 한국시리즈’로 불릴 정도로 관심이 집중된 경기에서 최형우는 4타수 2안타 2타점 1득점으로 펄펄 날았다. 5회 1타점 동점 2루타로 흐름을 바꾼 데 이어 7회에는 우중간 적시타를 터뜨렸다. 최형우의 활약을 발판 삼아 9-2로 승리한 삼성은 LG를 제치고 선두로 올라섰다. 최형우는 이날 KBO리그 최초로 개인 통산 1800타점이라는 금자탑을 세웠다. 역대 통산 타점 2위인 최정(SSG 랜더스, 1678타점)과 비교해도 ‘초격차’라고 할 수 있다. 통산 최다 안타(2678개) 기록도 최형우의 것이다. 방출의 아픔을 딛고 리그 최고의 타자로 성장한 그의 야구 인생은 꾸준함이 얼마나 강력한 경쟁력인지를 보여주는 상징이 됐다. ●김현수, 17시즌 연속 100안타 3개 남아 kt 위즈의 김현수도 변함없는 꾸준함을 이어갔다. 키움 히어로즈전에서 2회 우전 안타를 터뜨리며 공격의 물꼬를 텄고 이후 홈을 밟아 이날 경기의 결승 득점을 올렸다. 이 안타로 개인 통산 17시즌 연속 100안타 기록에도 단 3개만을 남겨두었다. 본격적으로 안타 생산에 나선 2008년 168안타로 처음 세 자릿수 안타를 작성한 이후 미국 프로야구에 진출했던 2년(2016~2017년)을 제외하면 매 시즌 세 자릿수 안타를 터뜨렸다. 김현수는 통산 최다안타 부문에서도 2629안타로 3위를 달리고 있다. ●류현진, 다승 공동 3위·평균자책점 3위 마운드에서는 한화 이글스 류현진이 ‘제2의 전성기’를 열고 있다. 전반기 마지막 등판이었던 지난달 28일 SSG전에서도 6이닝을 1실점으로 막아 팀 승리에 발판을 놓았다. 전반기를 다승 공동 3위(8승), 평균자책점 3위(2.67)로 마감하며 리그 정상급 구위를 입증했다. 무엇보다 4사구가 단 13개로 80이닝 이상을 던진 투수들 가운데 압도적으로 적을 정도로 제구가 빼어나다. 박현진 전문기자"
2026.07.09 05:01,"한화, 가을 5강 가도 '161km/h' 이 선수 못 본다니…""어깨 수술...",엑스포츠뉴스,"(엑스포츠뉴스 대전, 김근한 기자) 한화 이글스 김경문 감독이 수술 뒤 긴 재활 과정에 있는 투수 문동주를 향한 따뜻한 격려를 전했다. 문동주는 2022년 광주 진흥고를 졸업하고 1차 지명으로 한화에 입단한 2003년생 우완 투수다. 데뷔 첫해 적응기를 거친 뒤 2023년 23경기 8승8패 평균자책 3.72로 곧바로 기량을 만개하면서 신인왕을 수상했다. 문동주는 지난해에는 24경기 11승5패 평균자책 4.02로 데뷔 첫 두 자릿수 승수를 수확했고 한화가 2006년 이후 19년 만에 한국시리즈에 진출하는 데 기여했다. 하지만, 문동주에게 있었던 고질적인 어깨 통증이 불청객으로 찾아왔다. 문동주는 2026시즌을 준비하던 1월 호주 멜버른 스프링캠프에서 한 차례 어깨 통증을 겪은 뒤 지난 6월 2일 대구 삼성전에서 선발 등판 도중 어깨 통증을 호소하며 ⅔이닝 만에 강판당했다. 정밀 검진 결과 수술이 불가피하다는 소견을 받았고 선수와 팀의 미래를 위해 빠른 결정이 내려졌다. 문동주는 지난 5월 중순 미국 LA 켈란-조브클리닉에서 관절와순 봉합술을 성공적으로 마쳤다. 한화 구단은 ""수술은 성공적으로 완료됐으며 이틀 뒤부터 재활을 시작할 예정""이라고 밝혔다. 문동주도 자신의 SNS를 통해 ""수술은 잘 끝났습니다. 걱정해 주신 모든 분들께 먼저 이 말씀부터 전하고 싶었습니다. 앞으로 긴 재활의 시간이 기다리고 있다는 걸 잘 알고 있습니다. 쉽지 않은 길이겠지만 한 순간도 허투루 보내지 않겠습니다. 하루 하루를 성실하게 버텨내서 부상 전보다 더 단단하고 더 나은 선수로 마운드에 서겠다""는 각오를 전했다. 8일 취재진과 만난 김경문 감독은 전반기 문동주 부재에 대한 아쉬움과 그리움을 드러냈다. 김 감독은 ""지금은 (문동주) 얼굴 건강한 거 보고 있다. 지금은 동주한테 따로 이야기하는 것보다 앞으로도 충분히 시간이 있으니까 조금 더 야구를 잊고 편안한 시간을 갖고 준비를 했으면 한다""고 전했다. 이어 ""어리지만 책임감도 있었고 남이 모르는 스트레스가 있었을 것이다. 수술할 때 통증은 아팠겠지만, 하고 나서 또 개운한 느낌도 있었을지 모른다""고 바라봤다. 재활 과정에 대해서도 조급하게 서두르지 말 것을 당부했다. 김 감독은 ""지금부터는 자기 안에 있는 인내와 싸우면서 잘 재활해서 나왔으면 좋겠다. 병원에서 나온 얘기보다 더 빨리 돌아올 수도 있지만, 조급할 필요 없이 충분한 시간을 갖고 돌아오면 좋겠다""고 힘줘 말했다. 한화는 다가오는 가을 5강 포스트시즌 무대를 가더라도 '161km/h' 최고 구속을 뽐냈던 '대전 왕자' 문동주를 마운드 위에서 볼 수 없다. 긴 재활의 시간이 기다리고 있지만 김경문 감독의 따뜻한 격려와 본인의 강한 의지가 더 단단한 복귀의 밑거름이 될 것으로 기대된다. 사진=엑스포츠뉴스 DB 김근한 기자 forevertoss88@xportsnews.com"
2026.07.09 05:00,"'참담한 총력전' KIA 최고참 대체 왜 이러나, ""팀의 상징"" 사령탑이...",스포츠조선,"[부산=스포츠조선 김민경 기자] ""아무래도 (김)선빈이는 팀의 상징이다 보니까."" 이범호 KIA 타이거즈 감독은 7일 부산 롯데 자이언츠전을 앞두고 총력전을 선언했다. 당시 2연패에 빠져 있었지만, 전반기 마지막 3경기를 포스트시즌처럼 빡빡하게 치러 후반기 반등의 발판을 만들고 매듭을 짓겠다는 의지가 강했다. 하지만 총력전 선언의 결과는 참담했다. 전날 롯데와 시리즈 첫 경기부터 2대10으로 대패했다. 선발 김태형이 2⅔이닝 8실점(7자책점)으로 무너졌는데, 수비 도움을 받지 못한 탓이 컸다. 특히 2루수 김선빈이 공수에서 전혀 힘을 쓰지 못했다. 1-1로 맞선 1회말 2사 만루 한태양의 2루수 땅볼을 김선빈이 매끄럽게 처리하지 못하는 바람에 비디오판독 결과 내야안타로 정정, 1-2로 뒤집히면서 김태형이 무너지기 시작했다. 1-4까지 벌어지고 맞이한 2회초. 선두타자 박상준이 출루하면서 반격의 발판을 마련한 듯했지만, 김선빈이 투수 병살타로 맥없이 물러나자 이 감독은 바로 결단을 내렸다. 2회말 수비를 앞두고 김선빈을 바로 정현창과 교체한 것. 이 감독은 ""다들 집중을 하라는 의미였다. 어떤 선수든지 간에 최선을 다하는 플레이가 가장 먼저라는 것을 이야기하고 싶었다. 아무래도 (김)선빈이는 팀의 상징이다 보니까. 그런 것에 있어서 조금 더 냉철하게 판단했다""고 설명했다. 김선빈은 레전드 이종범을 뛰어넘은 타이거즈 역대 최다 안타 신기록(1799안타) 보유자인 최고참이다. 주장 나성범과 함께 선수단을 이끌어야 할 선수다. 그런 선수가 총력전을 선언한 첫날부터 무너졌으니 감독으로선 아쉬울 만했다. 이 감독은 ""올 시즌 최악의 경기였다. 경기 자체가 마음에 안 드는 경기였다. 전반기를 좀 마무리를 잘하려고 준비를 잘하려 하는데도 선수들이 더 부담이 되는 것인지""라고 했다. 문책성 교체를 당한 김선빈으로선 만회를 하고 싶었겠지만, 8일 롯데전에서도 반전 드라마를 쓰지 못했다. 오히려 대량 실점의 빌미를 제공하는 수비 실책을 저지르면서 또 고개를 숙였다. KIA는 3대11로 또 대패했다. 문제 상황은 0-5로 뒤진 4회말 1사 1, 2루 박찬형 타석에서 나왔다. 박찬형의 타구가 김선빈에게 향했는데, 병살타로 처리하기에는 타구 속도가 느렸다. 김선빈은 발이 느린 1루주자 한동희를 태그한 뒤 1루로 송구해 병살로 연결하고자 했는데, 마음이 급했던 탓인지 태그도 못했고 1루 악송구까지 나왔다. 그사이 2루주자 레이예스가 득점해 0-6이 됐고, 주자는 2, 3루가 됐다. 김선빈이 욕심을 조금 비우고 2루에서 선행주자 한동희만 아웃시켰다면, 2사 1, 3루가 됐을 것이다. 결과론이지만, 다음 타자 전민재가 유격수 땅볼로 물러났기에 0-5에서 이닝을 끝낼 수도 있었다. 어쨌든 김선빈이 더 잘해 보려고 병살을 욕심내다 실패한 결과는 처참했다. 한태양의 2타점 적시타와 손호영의 1타점 적시타가 추가로 터져 0-9가 됐다. 사실상 여기서 경기는 끝났다. 에이스 제임스 네일이 이날 3⅓이닝 5실점으로 무너진 것도 분명 충격이었지만, 김선빈의 수비 실책이 없었다면 경기 후반에라도 뒤집기를 노릴 만했다. 연이틀 엉성한 수비에 운 KIA다. 부산=김민경기자 rina1130@sportschosun.com"
2026.07.09 04:51,"LG가 강한 이유…2사 후에만 5득점, 집중력 빛났다 [김대호의 핵심체크...",더팩트,"8일 삼성전서 8-2 승리, 1위 탈환 초반 2사 후 5득점이 승부 갈라 전반기 1위 놓고 9일 삼성과 결전 [더팩트 | 김대호 전문기자] 프로야구 LG 트윈스는 7일 삼성 라이온즈에 2-9로 크게 졌다. 한 달 넘게 굳게 지켜 오던 1위 자리도 삼성에 넘겨줬다. 에이스 앤더스 톨허스트가 부진한 데다 타선 마저 침묵하면서 위기감이 감돌았다. 8일 삼성전을 내준다면 전반기를 2위로 마치게 된다. 남은 경기가 많아 크게 중요하지 않을 수 있지만 상징적인 의미가 있다. 자존심이 걸린 문제이기도 하다. LG는 강했다. 집중력이 돋보였다. 일단 주자가 나가면 집요하게 끝까지 물고 늘어졌다. 2사 후에만 초반 5득점을 올렸다. LG는 1회초 1사 2,3루 기회에서 득점을 올리지 못했다. 4번 문보경이 우익수 앞으로 안타성 타구를 때렸지만 삼성 우익수 김성윤의 정확한 홈 송구에 2루 주자 홍창기가 아웃됐다. 이어 1회말 수비에서 삼성 4번 최형우에게 우중월 2점 홈런을 맞았다. 전날의 악몽이 스멀스멀 피어올랐다. LG의 승리에 대한 집념은 어려운 상황에서 더욱 불타올랐다. 3회초 2사까지는 맥없이 물러났다. 2번 박해민이 삼성 선발 잭 오러클린의 스위퍼를 잡아 당겼지만 1루수 앞으로 평범하게 굴러갔다. 이때 박해민의 빠른 발이 경기의 흐름을 바꿨다. 박해민이 1루로 뛰어가는 사이 삼성 투수 오러클린이 1루 커버에 들어갔지만 타이밍이 늦었다. 결국 삼성 1루수 르윈 디아즈가 직접 1루로 뛰었지만 박해민이 발이 빨랐다. 평범한 땅볼이 내야 안타로 돌변했다. 이어 3번 오스틴 딘이 총알 같은 좌익선상 2루타로 박해민을 홈으로 불러 들였다. 4번 문보경은 우익수 키를 넘기는 안타로 2-2 동점을 만들었다. LG는 4회초 또 다시 2사 후 타선이 폭발했다. 7번 오지환이 좌익선상 2루타로 출루했다. 8번 타자는 7일 32일 만에 1군에 복귀한 거포 이재원. 이재원은 오러클린을 좌중간 2루타로 두들겼다. 3-2, 역전타였다. 9번 구본혁, 1번 홍창기의 연속 안타가 터져 나오면서 2점을 추가했다. LG는 초반 승부를 결정짓고 삼성에 8-2로 승리했다. 박진만 삼성 감독은 경기 전 ""선발 오러클린이 흔들리면 바로 교체하겠다. 언제든 올릴 수 있도록 불펜을 준비시켜 놓겠다""고 말했지만 이를 지키지 못했다. 박 감독으로선 2사 후에 연속 안타를 맞는 오러클린에 대한 교체 타이밍을 잡기 어려웠다. LG 타선의 집중력을 칭찬할 수밖에 없다. LG는 하루 만에 1위 자리를 되찾았다. LG 선발 투수 임찬규는 삼성 타선을 5이닝 동안 6피안타(1홈런), 1볼넷, 6탈삼진, 2실점으로 막아 승리 투수가 됐다. 시즌 9승(2패)째를 올린 임찬규는 다승 공동 선두에 나섰다. daeho9022@tf.co.kr 발로 뛰는 더팩트는 24시간 여러분의 제보를 기다립니다. ▶카카오톡: '더팩트제보' 검색 ▶이메일: jebo@tf.co.kr ▶뉴스 홈페이지: http://talk.tf.co.kr/bbs/report/write"
2026.07.09 04:41,"'이의리처럼' 김서현도 일본 단기유학 떠났다…한화의 과감한 투자, 어떤 ...",OSEN,"[OSEN=대전, 조은혜 기자] 프로야구 한화 이글스 투수 김서현과 권민규가 일본으로 단기 연수를 떠났다. 김서현과 권민규는 지난 7일 일본 지바현 이치카와시에 위치한 스포츠 과학 훈련 시설 '넥스트 베이스 애슬레틱스 랩(NEXT BASE ATHLETES LAB)'에서 훈련을 받기 위해 출국했다. 두 선수는 약 2~3주간 연수를 소화한 뒤 7월 말 귀국할 예정이다. 넥스트 베이스 애슬레틱스 랩은 일본 스포츠 데이터 분석 기업 '넥스트 베이스'가 설립한 스포츠 과학 연구 및 훈련 시설이다. 고속카메라와 3D 모션캡처 시스템 등을 활용해 선수들의 움직임을 정밀하게 분석하고, 데이터에 기반한 피드백과 맞춤형 훈련 프로그램을 제공한다. 일본프로야구(NPB) 선수들도 꾸준히 찾는 시설이다. 지난해에는 롯데 자이언츠 김진욱이 이곳에서 연수를 받은 뒤 올 시즌 한층 달라진 모습을 보여주고 있고, 최근에는 KIA 타이거즈 이의리와 김시훈, 홍민규, 강효종 등도 이곳에서 훈련을 진행했다. 손혁 한화 단장은 직접 현지를 방문해 랩의 시설과 프로그램을 확인한 뒤 이번 단기 연수를 추진한 것으로 알려졌다. 두 투수의 과제는 뚜렷하다. 김서현은 제구력 안정, 권민규는 구속 향상을 목표로 이번 연수에 참가한다. 손혁 단장은 ""직접 가서 이야기를 들어보니 훈련 내용이 괜찮은 것 같았다. 거기서 좋아지면 물론 좋겠지만 그것뿐 아니라 가서 생각을 정리하고, 다른 곳에서는 야구에 어떻게 접근하는지 들어보는 것만으로도 앞으로 큰 도움이 될 것 같아 보내게 됐다""고 설명했다. 지난 시즌 마무리 투수로 활약하며 33세이브를 기록, 한화의 19년 만의 한국시리즈 진출을 이끌었던 김서현은 올 시즌에는 지난해의 위용을 이어가지 못했다. 2군으로 내려가 정우람 투수코치의 집중 관리를 받으며 재정비의 시간을 보냈다. 이번 단기 연수를 통해 새로운 자극을 얻고 한 단계 더 도약하는 계기가 될 것으로 기대된다. 좌완 권민규는 구속 향상을 목표로 일본행 비행기에 올랐다. 입단 당시 양상문 투수코치가 ""깜짝 놀랐다""고 표현할 만큼 안정적인 제구력을 인정받은 그는 강점을 유지하면서 구속을 끌어올리는 데 이번 연수의 초점을 맞춘다. 시즌 중 단기 연수라는 과감한 승부수를 던진 한화의 선택이 어떤 결실을 맺을지 관심이 모인다. 김서현과 권민규가 값진 성과를 안고 돌아와 한층 성장한 모습을 보여줄 수 있을지 주목된다. /thecatch@osen.co.kr"
2026.07.09 04:37,"""류지혁 큰 부상 아니길"" LG 홍창기, 만점 활약 소감 묻는 말에도 '...",스타뉴스,"[스타뉴스 | 대구=김동윤 기자] LG 트윈스 홍창기(33)가 만점 활약에도 경기 중 부상으로 이탈한 류지혁(32·삼성 라이온즈)을 염려했다. 홍창기는 8일 대구 삼성라이온즈파크에서 열린 2026 신한 SOL KBO 리그 정규시즌 삼성과 방문 경기에서 1번 타자 및 우익수로 선발 출전해 4타수 2안타 1볼넷 2타점 1득점을 기록하며 LG의 8-2 승리를 이끌었다. 오랜만에 '창기 트윈스'에 걸맞은 활약이 나왔다. 1회 좌전 안타, 3회 삼진을 기록한 홍창기는 LG가 3-2로 앞선 4회초 2사 1, 3루에서 우중간 담장으로 향하는 2타점 적시 3루타를 때려냈다. 수비에서도 결정적인 역할을 했다. LG가 5-2로 앞선 5회말 2사 1, 2루에서 김성윤의 우전 안타 때 공을 잡아 정확한 송구로 2루서 홈까지 향하는 강민호를 아웃시켰다. 염경엽 LG 감독도 ""타선에서 (홍)창기가 2안타 2타점으로 타선을 이끌었다. 또 5회에 홈 보살을 만들면서 상대의 추격 흐름을 끊은 게 컸다. 공·수에서 활약을 펼친 창기를 칭찬하고 싶다""라고 수훈 선수로 꼽았다. 전날(7일) 2-9 패배를 완벽히 갚아주는 기분 좋은 승리였다. 이로써 시리즈 1승 1패 균형을 맞춘 LG는 52승 32패로 삼성(50승 2무 32패)을 1경기 차로 제치고 하루 만에 1위를 탈환했다. 경기 후 홍창기는 ""중요했던 어제 경기를 졌지만, 오늘(8일)은 승리할 수 있어서 좋았다. 타석마다 감이 좋아서 좋은 공이면 치자는 마음이었다. 3루타 상황은 찬스라 생각하지 않고 과감히 치자고 생각한 것이 좋은 결과로 이어졌다""고 소감을 밝혔다. 덕분에 임찬규는 5이닝 6피안타(1피홈런) 1볼넷 6탈삼진 2실점에도 시즌 9승(2패)째를 챙겼다. 홍창기는 ""오늘 시합 전에 아내가 '나 자신과 싸우지 말고, 투수와 싸워'라고 해주었고 그 마음으로 경기에 임해서 좋은 결과가 있었다""라며 ""홈 송구도 정확하게 던지자는 마음으로 힘껏 던졌는데, (임)찬규 형 승리에 도움을 줘 기쁘다""고 미소 지었다. 한편 이날은 아찔한 장면이 두 차례 있었다. 5회초 2사 2루서 LG 박동원이 삼성 미야지 유라의 시속 152km 직구에 헤드샷을 맞았다. 다행히 박동원의 헬멧 챙 끝에 맞아 큰 부상은 없었지만, 미야지는 퇴장당했다. 6회초 무사 2루에서는 삼성 2루수 류지혁이 어지럼 증세로 교체 아웃됐다. LG 구본혁이 번트를 시도한 공을 삼성 투수 백정현이 잡아 1루로 토스했다. 이때 1루 커버를 들어온 2루수 류지혁이 한 번에 공을 잡지 못하면서 충돌이 일어났다. 1루로 전력 질주하는 구본혁의 오른쪽 허벅지 안쪽에 공을 잡으려는 류지혁의 머리가 강하게 부딪쳤다. 류지혁은 한동안 그라운드에서 일어나지 못했고 결국 외야에서 구급차까지 들어왔다. 다행히 일어나 관계자들의 부축을 받아 일어났지만, 1루에서 3루 더그아웃까지 가는 그 거리도 버거워 몇 번이고 멈췄다 이동했다. 삼성 구단 관계자는 경기 후 ""류지혁 선수는 어지럼 증세가 있어 안정을 취한 뒤 곧장 인근 병원으로 향해 CT 촬영을 했다. 결과는 내일(9일) 알 수 있을 것""이라고 했다. 어린이 팬은 울고 관중들이 응원 구호조차 잊을 정도로 모두가 놀란 충돌이었다. LG 선수단의 걱정도 당연했다. 홍창기는 ""팬분들이 대구까지 많이 와주신 덕분에 이길 수 있었다""면서도 ""류지혁 선수의 상태가 걱정된다. 큰 부상이 아니었으면 좋겠다""고 쾌유를 빌었다. 대구=김동윤 기자 dongy291@mtstarnews.com"
2026.07.09 04:10,"선발 4이닝 만에 교체→불펜 5이닝 무실점 역투, 3연승 질주 “훌륭하게...",OSEN,"[OSEN=수원, 길준영 기자] 프로야구 KT 위즈가 3연승을 달리며 전반기 마지막 3연전에서 위닝시리즈를 확보했다. KT는 8일 수원 KT위즈파크에서 열린 ‘2026 신한은행 SOL Bank KBO리그’ 키움 히어로즈와의 경기에서 7-3으로 승리했다. 이날 승리로 KT는 3연승을 달성하며 전반기 마지막 3연전에서 2경기 만에 위닝시리즈를 챙겼다. KT 타선은 12안타를 몰아치며 활발한 타격으로 이날 승리를 이끌었다. KT는 최원준(지명타자) 김현수(1루수) 안현민(우익수) 샘 힐리어드(좌익수) 허경민(3루수) 김상수(2루수) 배정대(중견수) 한승택(포수) 권동진(유격수)으로 선발 라인업을 꾸렸다. 허경민이 3안타 맹타를 휘둘렀고 김상수와 배정대도 멀티히트를 때려냈다. 선발투수 로건 앨런은 4이닝 7피안타(2피홈런) 2볼넷 2탈삼진 3실점을 기록했다. 손동현(1이닝 무실점)-우규민(0이닝 0실점)-주권(⅔이닝 무실점)-이상동(1⅓이닝 무실점)-스기모토 코우키(1이닝 무실점)-박영현(1이닝 무실점)으로 이어지는 불펜진은 팀 승리를 지켰다. 3연승에 성공한 KT 이강철 감독은 경기 후 인터뷰에서 “오늘 선발 로건이 많은 투구수를 기록했지만 최소 실점으로 막아주며 추격의 발판을 마련했다. 뒤에 나온 투수들도 훌륭하게 이닝을 책임졌다”며 좋은 투구를 보여준 투수들을 칭찬했다. “타선에서는 선취점을 허용 후 곧바로 동점과 역전 타점를 내며 경기 분위를 뺏기지 않았다”고 말한 이강철 감독은 “경기 후반 김상수, 안현민의 타점과 배정대가 추가 2타점을 내며 승기를 굳힐 수 있었다”고 말했다. 이어서 “선수들 수고 많았고, 궂은 날씨에도 경기장에 오셔서 응원해주신 팬들에게 감사드린다”며 팬들에게도 감사 인사를 전했다. 3연전 스윕을 노리는 KT는 오는 9일 선발투수로 배제성을 예고했다. 키움은 하영민이 선발투수다. /fpdlsl72556@osen.co.kr"
2026.07.09 04:01,"“(김태형)감독님 제발 한번만 말려달라고, 그래도 한번만 말려달라고” 나...",마이데일리,"[마이데일리 = 부산 김진성 기자] “감독님 한번만 말려달라고…그래도 한번만 말려달라고.” 롯데 자이언츠 우완 나균안(28)은 8일 부산 KIA 타이거즈전서 5⅔이닝 7피안타 7탈삼진 1볼넷 2실점으로 시즌 5승(7패)을 챙겼다. 포심 148km에 주무기 포크볼과 커터를 섞었다. 슬라이더와 커브도 곁들였다. 타선이 일찌감치 터지면서, 나균안으로선 편안하게 경기를 운영할 수 있었다. 단, 6회에 연속안타를 맞고 2실점한 게 옥에 티였다. 그래서 6회초 2사 1,2루 상황까지 투수코치가 한번도 마운드를 방문하지 않았다. 그러나 김선빈 타석에서 김상진 투수코치가 올라왔고, 곧바로 교체가 이뤄졌다. 나균안으로선 이 대목을 두고 “나 자신에게 화가 났다”라고 했다. 왜 안 그렇겠나. 아웃카운트 1개만 더 잡으면 퀄리티스타트였기 때문이다. 모든 투수가 1이닝, 아웃카운트 1개라도 더 잡으려고 한다. 이닝 중간에 내려오는 걸 좋아하는 선수는 거의 없다. 더구나 이미 스코어가 9-2로 크게 벌어진 상태였다. 나균안은 “나한테 화가 났다. 점수차도 있는 상황서 쉽게 쉽게 갈 수 있었는데, 충분히 이닝을 더 가져갈 수 있었는데 조금 안 좋았다. 연속안타를 맞고 해서, 그 부분이 좀 많이 아쉬웠다. 6회 마무리를 못해서 저한테 화가 좀 났다”라고 했다. 김상진 코치에겐 더 던지고 싶다고 했다. 그러나 김태형 감독이 이미 결정을 내린 뒤였다. 나균안은 “감독님한테 제발 한번만 말려달라고 그랬다. 한 번 말려달라고 했는데 안 된다고 하셔서…그래도 한번만 말려달라고 했는데 감독님이 이미 결정했다고 해서…그렇게 내려오게 됐다”라고 했다. 공도 안 들고 올라왔다. 통상적으로 이럴 땐 격려 차원의 방문이다. 그러나 이번엔 달랐다. 나균안은 “처음 올라오신 거니까, 점수차도 있고 해서 김선빈 선배까지 기회를 주겠구나 생각은 했어요. 그런데 코치님이 바꾸자고 해서 좀 아쉬웠다”라고 했다. 어쨌든 나균안은 기록 이상으로 안정감 있는 피칭을 전반기 내내 선보였다. 그는 “아직 갈 길이 멀다. 더 하고 싶은 것도 만혹, 이루고 싶은 것도 많다. 전반기에 잘한 것을 후반기에 유지해서, 올스타브레이크에도 쉬는 것보다 유지를 잘 해서 후반기에도 좋은 결과가 나오면 좋겠다”라고 했다. 그러면서 나균안은 “어떤 걸 하겠다고 말하기보다 지금 갖고 있는 걸 보완해야 한다. 내가 갖고 있는 것을 더 좋은 방향성으로 갈 수 있게, 그런 방향으로 가는 게 더 좋을 것 같다. 첫 번째 목표는 이닝이다. 선발투수가 가져가야 하는 이닝을 좀 길게, 많이 던지고 싶다”라고 했다."
2026.07.09 03:22,"""안우진 나오면 '버티기'로 경기 후반 노린다""…KT 이강철 감독의 '에...",스포츠조선,"[수원=스포츠조선 고재완 기자] ""상대 에이스가 나오면 우리는 딱 하나만 생각한다."" 전반기를 3위로 마감하게된 KT 위즈의 수장 이강철 감독이 KBO리그를 호령하는 특급 에이스 투수들의 공략법을 공개했다. 이 감독은 에이스 투수들과의 정면대결에서 화력으로 맞불을 놓기보다, 끈질긴 응집력으로 경기 후반 상대를 심리적 외통수로 몰아넣는 '버티기 매커니즘'을 내놓았다. 이 감독은 지난 7일 전반기 마지막 등판을 승리로 장식하며 부상 공백을 완벽하게 지워낸 소형준의 투구를 돌아보며 특유의 위트 섞인 거친 표현으로 만족감을 드러냈다. 소형준은 이날 키움 히어로즈전에 선발 등판해 초반 흔들림을 극복하고 6이닝을 책임지며 시즌 3승째를 따냈다. 8일 이 감독은 ""1, 2회에 던지는 모습을 보고는 진짜 속이 터졌다""고 웃으면서 ""하지만 그 위기를 넘기고 이후 이닝 소화력을 보이면서 역시 잘 막아줬다 생각했다. 올해 들어와서 본인이 던진 피칭 중 단연 최고였다""고 치켜세웠다. 이 감독은 이어 ""이전 한화 이글스전에서도 6이닝 1실점으로 정말 잘 던졌는데 승리가 날아가서 아쉬웠다. 하지만 이번엔 결국 3승째를 따내며 전반기를 기분 좋게 마무리했다""라며 ""투수는 어쨌든 승리를 따내야 마운드 위에서 야구하는 재미를 느낀다. 형준이는 자기가 알아서 집중하고 자기 할 일을 다 하는 선수다. 잔소리하지 않아도 스스로 증명할 선수""라며 굳건한 신뢰를 보냈다. 소형준이라는 확실한 계산이 서는 카드가 버텨주면서, 이 감독이 강한 투수를 만날 때 전략도 단단해졌다. KT는 7일 키움의 에이스 안우진을 공략해 3대0으로 승리했다. 이 감독은 ""안우진이 우리를 상대로 1000일 넘게 승리가 없다는 기록을 보고 나도 깜짝 놀랐다""라며 ""우리가 안우진을 상대로 무작정 난타해서 이긴 게 아니다. 안우진이 나오면 우리는 무조건 경기 후반까지 끈질기게 버텼다. 안우진이 마운드를 지키고 있을 때 우리가 1~2점 차로 지고 있더라도, 어떻게든 버티다가 뒤에서 동점을 만들거나 에이스가 내려간 후 불펜 싸움에서 경기를 뒤집었다. 상대 에이스의 승리를 날려버리는 버티기를 우리 선수들이 기가 막히게 잘한다""고 분석했다. ""최소 5~6회까지 점수 차를 2~3점 이내로 묶어두며 버텨준다""고 말한 이 감독은 ""불펜이 가동되는 시점에 방망이로 승부를 본다. 에이스에게 점수를 빼앗기지 않고 버티는 힘이 승리로 연결된 경우가 많다""고 말했다. 이 감독은 ""최근 몇 경기는 선발이 일찍 무너지거나 불펜이 흔들리면서 타선이 뒤 싸움을 해볼 기회조차 없이 힘든 게임을 했다""면서도 ""하지만 5일 롯데 자이언츠와 경기에서 이기면서 침체했던 팀 분위기가 확 살아났고, 어제 경기까지 이어지며 선수단 전체의 밸런스가 아주 좋아졌다. 후반기 대진이 어떻게 밀려오든 정해진 대로 우리 야구를 하면 충분히 승산이 있다""고 다부진 각오를 전했다. 실제로 KT는 8일 키움전에서 선발 로건 앨런이 4이닝 동안 3실점으로 부진한 모습을 보였지만 키움 투수들을 끈질기게 물고 늘어진 KT타자들의 집중력으로 승리를 거머쥐었다. 고재완 기자 star77@sportschosun.com"
2026.07.09 03:22,'마지막 등판이라 망설였나' 불펜 총력전 한다더니...왜 오러클린 10안...,OSEN,"[OSEN=대구, 한용섭 기자] 프로야구 삼성 라이온즈 외국인 투수 잭 오러클린이 10안타를 맞고 5실점, 강판됐다. 어쩌면 삼성 유니폼을 입고 마지막 등판 경기에서 부진했다. 그런데 박진만 삼성 감독은 경기 전 ""오러클린이 흔들리면 불펜을 곧바로 투입할 것""이라고 했는데, 흔들린 오러클린의 교체 타이밍을 두고 망설였다. 8일 대구 삼성라이온즈파크에서 열린 LG와 삼성의 경기, 미리보는 한국시리즈로 관심 모은 1~2위 빅매치였다. 삼성이 7일 LG에 9-2로 승리하면서 승률에서 앞서 1위로 올라섰다. 삼성은 8일 승리하면 전반기 1위를 확정지을 수 있었다. 삼성은 1회 최형우의 투런 홈런으로 2-0으로 앞서 나갔다. 그러나 오러클린은 3회 2사 후 박해민에게 안타를 맞고 2루 도루를 허용했다. 오스틴에게 1타점 좌선상 2루타를 맞았고, 문보경에게 우선상 적시타를 맞아 2-2 동점을 허용했다. 동점 이후 4회에도 오러클린은 계속 마운드에 올라 던졌다. 2아웃까지 잘 잡았는데, 오지환에게 중전 안타를 맞았다. 이재원에게 좌중간 2루타를 맞고 2-3 역전을 허용했다. 삼성 벤치는 움직임이 없었다. 다음 타자는 9번 구본혁. 구본혁이 우전 안타를 때려 2사 1,3루가 됐다. 이 때 최일언 투수코치가 마운드를 방문했는데, 교체없이 그냥 이야기만 하고 내려왔다. 투구 수는 82개였다. 다음 타자는 좌타자 홍창기, 앞서 1회 안타를 맞았고 3회는 삼진을 잡았다. 좌투수와 좌타자의 대결로 계속 맡긴 것으로 보였다. 하지만 홍창기에게 우중간을 가르는 주자 싹쓸이 3루타를 맞았다. 스코어는 2-5로 벌어졌다. 최악의 결과였다. 그제서야 오러클린은 교체됐다. 박진만 감독은 경기 전 불펜 총력전을 언급했다. 그는 ""어제(7일) 경기 후반에 추가점을 뽑아 불펜 소모가 적었다. 오늘 오러클린의 초반 구위를 확인한 뒤 이전과 별반 차이가 없으면 빠른 타이밍에 교체해야 하지 않을까. 흔들린다 싶으면 불펜을 빨리 운영해야 될 것 같다""고 말했다. 오러클린은 6월에 5경기 1승 2패 평균자책점 5.79로 크게 부진했다. 오러클린이 초반 흔들린다면, 2번째 투수로는 미야지, 백정현, 임기영 3명 중에서 한 명이 될 거라고 했다. 박 감독은 ""경기 상황과 상대 타순, 주자 상황 등에 따라 3명 중에서 결정할 것""이라고 언급했다. 오러클린은 1회 무사 1,2루 위기를 잘 넘겼지만, 3회 3연속 안타를 맞고 동점을 허용했다. 4회 3연속 안타를 맞으며 역전까지 허용했지만 교체 타이밍을 길게 가져갔다. 결국 단타형 타자인 홍창기에게 시즌 2번째 3루타를 맞으며 최악의 상황까지 간 뒤에야 교체됐다. 오러클린은 오는 16일이 연장 계약이 만료된다. 2사 3루에서 임기영이 2번째 투수로 올라와 실점없이 막아냈다. 5회 2사 2루에서 미야지가 3번째 투수로 등판했는데, 첫 타자 박동원 상대로 헤드샷 퇴장을 당했다. 백정현이 이어 등판했다. 3명의 불펜이 다 등판했지만, '총력전'과 달리 투수 교체 타이밍이 아쉬웠다. /orange@osen.co.kr"
2026.07.09 02:40,"'4연패' KIA 최악의 경기 경신? 실책-실책-실책…""상징적 선수"" 최...",OSEN,"[OSEN=부산, 조형래 기자] KIA 타이거즈가 다시 한 번 올 시즌 최악의 경기를 경신한 것일까. 직전 경기가 최악이라고 했던 사령탑은 고개를 떨굴 수밖에 없었다. 지난해의 과오를 반복하지 않으려는 의기는 이렇게 수포로 돌아갔다. KIA는 8일 부산 사직구장에서 열린 프로야구 정규시즌 롯데 자이언츠와의 경기에서 3-11로 대패를 당했다. 2경기 연속 대패와 함께 전반기 마지막 3연전에서 루징시리즈가 확정됐다. 아울러 4연패 수렁에 빠졌다. 이번 롯데 3연전을 앞두고 2연패 중이었던 KIA는 총력전을 선언했다. 이범호 감독은 “포스트시즌처럼 운영하겠다”라고 밝혔다. 그 이유로 지난해의 과오를 반복하지 않겠다는 의미였다. 전반기 마무리를 잘 하고 후반기에 돌입하겠다는 의미였다. KIA는 지난해 전반기 마지막 4연패를 당하며 시작했고 후반기 첫 경기는 승리했지만 이후 내리 7연패 수렁에 빠지며 분위기가 급격히 가라앉았다. 결국 5위권 경쟁을 하던 팀은 8위 하위권까지 곤두박질쳤고 끝내 반등하지 못했다. 하지만 전날 경기는 일찌감치 승부가 기울었다. 특히 1회 수비에서 아쉬운 플레이들이 속출했다. 실책으로 기록된 것은 없었지만 사실상 실책성 수비였다. 이 과정에서 2루수이자 KIA의 프랜차이즈 최다안타 신기록 역사를 새롭게 쓴 김선빈이 2회초가 끝나고 교체됐다. 이범호 감독은 이를 두고 “어제 같은 경기에 다들 집중을 하라는 생각이었다. 어떤 선수든지 최선을 다해야 한다는 것을 얘기하고 싶었다”면서 “(김)선빈이 같은 경우는 팀의 상징이니까 좀 더 냉철하게 판단을 했다. 앞으로 이런 경기가 안 나와야 한다”라고 밝혔다. 이범호 감독은 전날 경기를 두고 “올 시즌 최악의 경기”라고 평가했다. 그런데 하루 만에 최악의 경기가 경신될 수도 있는 내용으로 완패를 당했다. 특히 이번에는 에이스 제임스 네일의 등판날이었는데 속절없이 무너졌다. 1회 선두타자 황성빈에게 3루 선상 내야안타를 허용하며 출발했다. 고승민에게 볼넷을 내주며 무사 1,2루 위기에 몰렸다. 이후 레이예스는 유격수 땅볼로 유도해 1루 선행주자를 잡아냈지만 1사 1,3루에서 한동희에게 중견수 희생플라이를 내주며 선제 실점했다. 이 상황은 어쩔 수 없었다. 하지만 3회 2실점 하며 승부의 추가 서서히 기울기 시작했고 4회 완전히 무너졌다. 1사 후 황성빈에게 다시 한 번 내야안타를 내줬고 2루 도루를 허용했다. 그리고 포수 주효상과 호흡이 맞지 않으면서 포일이 나왔다. 네일의 스위퍼가 주효상의 목을 정통으로 가격하면서 한동안 경기가 중단됐다. 올해 처음으로 네일과 주효상이 호흡을 맞췄는데 그 어수선함이 드러난 장면이었다. 결국 고승민에게 적시타를 맞은 뒤 네일은 마운드를 내려왔다. 이후 KIA는 성영탁을 빠르게 투입했다. 4점 차지만 더 이상 실점을 하지 않겠다는 의지였다. 그러나 성영탁도 난타 당했고 수비도 도와주지 못했다. 레이예스에게 좌중간 2루타를 얻어 맞았고 중견수 김호령이 타구를 더듬으면서 1루 주자 고승민이 홈을 밟았다. 한동희의 볼넷으로 1사 1,2루 상황이 이어졌다. 박찬형이 2루수 땅볼을 때렸는데 이번에는 KIA의 실책이 나왔다. 2루수 김선빈이 타구를 처리하는 과정에서 1루 주자 한동희를 태그하려다 실패한 뒤 1루에 송구했는데 악송구가 나왔다. 1루 주자와 타자 모두 살았고 2루에 있던 레이예스가 홈을 밟았다. 0-6까지 격차가 벌어졌다. 계속된 1사 2,3루에서 전민재가 유격수 땅볼로 유도했지만 한태양에게 2타점 좌전 적시타를 얻어 맞았다. 이때 좌익수 박재현의 홈 송구가 포수 키를 훌쩍 넘어가며 추가 실점 위기를 자초했고 손호영에게도 우전 적시타를 맞았다. 0-9까지 격차가 벌어지는 순간. 네일은 3⅓이닝 7피안타 3볼넷 2탈삼진 5실점으로 한국 무대 최소 이닝 경기를 기록했다. 뒤이어 올라온 성영탁도 ⅔이닝 4실점(3자책점)을 기록하고 강판됐다. KIA 입장에서는 또 다시 졸전을 펼쳤고 자멸했다. 지난해 전반기의 데자뷰가 됐다. /jhrae@osen.co.kr"
2026.07.09 01:56,"""저러다 진짜 사람 잡겠다"" 야구 팬들, 삼성 미야지 잇단 '헤드샷'에 ...",마니아타임즈,"삼성 라이온즈의 외국인 투수 미야지 유라가 또다시 타자의 머리를 겨냥한 아찔한 투구로 마운드를 내려갔다. 속수무책으로 반복되는 헤드샷에 야구 팬들의 여론은 차갑게 식어 가고 있다. 미야지는 8일 대구 삼성라이온즈파크에서 열린 LG 트윈스전에서 1군 복귀전을 치렀으나, 등판 직후 단 3구 만에 헤드샷 퇴장을 당했다. 볼카운트 변동 중 던진 싱속 152km의 강력한 패스트볼이 상대 타자 박동원의 헬멧을 그대로 강타한 것이다. 미야지의 헤드샷 논란은 이번이 처음이 아니다. 지난 4월 말 키움 히어로즈전에서도 148km의 직구로 타자 박수종의 귀 뒤쪽을 맞춰 병원으로 긴급 후송시키는 사고를 냈다. 당시에는 공이 등을 스치고 굴절되었다는 이유로 규정상 퇴장을 면했으나, 타자의 안전을 위협하는 제구 난조로 이미 한 차례 거센 비판을 받은 바 있다. 최고 158km에 달하는 강속구를 보유해 기대를 모았던 미야지이지만, 고질적인 제구 불안이 타자의 생명을 위협하는 수준에 이르자 팬들의 인내심도 바닥을 드러냈다. 온라인 야구 커뮤니티와 SNS에는 ""저러다 진짜 사람 잡겠다"", ""동료 선수의 선수 생명을 위해서라도 다른 직업을 찾아야 한다""라며 미야지의 퇴출을 요구하는 성토가 쏟아지고 있다. 삼성 구단 역시 깊은 고민에 빠졌다. 잇따른 사구 논란으로 상대 팀의 거센 항의와 여론의 비난을 한 몸에 받고 있지만, 현재 대체 선수 시장에 쓸 만한 투수 매물이 전무하다시피 한 상황이기 때문이다. 고의 여부를 떠나 마운드 위에서 '공포의 대상'이 되어버린 미야지를 두고 삼성 프런트가 과감한 결단과 교체 카드를 꺼내 들지, 혹은 시장 가뭄 속에 위험한 동행을 이어갈지 귀추가 주목된다. [강해영 마니아타임즈 기자/hae2023@maniareport.com] 기사제보 및 보도자료 report@maniareport.com"
2026.07.09 01:41,"“(최)원준이 때문에 주전 밀렸다 생각 안해” 쉬었음 청년이 된 해결사,...",OSEN,"[OSEN=수원, 길준영 기자] 프로야구 KT 위즈 배정대(31)가 이틀 연속 팀 승리를 이끌었다. 배정대는 8일 수원 KT위즈파크에서 열린 ‘2026 신한은행 SOL Bank KBO리그’ 키움 히어로즈와의 경기에 7번 중견수로 선발 출장해 4타수 2안타 2타점 1득점을 기록했다. 첫 두 타석에서 모두 침묵한 배정대는 5회 1타점 적시타, 7회 1타점 2루타를 터뜨리며 팀이 필요로 하는 점수를 뽑아냈다. KT는 배정대의 활약에 힘입어 7-3으로 승리하고 3연승을 질주했다. 전반기 마지막 3연전 위닝시리즈도 확보했다. 배정대는 경기 후 인터뷰에서 “이틀 연속 팀이 승리할 수 있는데 도움이 된 것 같아서 만족스럽고 기쁘다. 안타가 나오는 것을 보니까 타격감도 괜찮은 것 같다”고 이날 경기 소감을 밝혔다. “첫 두 타석을 치고 느낌이 조금 별로여서 실내 훈련장에서 타격 연습을 더 했다”고 밝힌 배정대는 “그러면서 중요하게 생각했던 부분들이 다시 떠올랐다. 그 느낌이 와서 타석에서 그대로 실행하려고 했는데 결과가 좋아서 다행이라고 생각한다”며 이날 경기를 돌아봤다. 배정대는 지난 7일 경기에서도 키움 간판 에이스 안우진을 상대로 2타점 3루타를 터뜨리며 결승타의 주인공이 됐다. “1회에 던지는 것을 봤을 때 ABS(자동볼판정시스템)에서 한참 바깥쪽으로 벗어나는 공에도 스윙이 많이 나왔다”고 말한 배정대는 “유한준 코치님이 조금 떨어져 치던가 가운데와 몸쪽 공만 치라고 말씀해주셨는데 마침 바깥쪽 슬라이더가 오고 그 다음 두 번째 공이 몸쪽 직구로 들어왔다. 그걸 놓치지 않고 인플레이를 시켰는데 운좋게 좋은 결과가 나왔다”며 결승타의 비결을 설명했다. 배정대는 올 시즌 58경기 타율 2할3푼3리(86타수 20안타) 11타점 16득점 2도루 OPS .609를 기록중이다. KT가 FA 외야수 최원준을 영입하면서 출전 기회가 많이 줄었고 성적도 좋지 않았다. “11일 동안 2군에 내려갔다 왔다”고 밝힌 배정대는 “2군에 있는 코치님들과도 얘기를 하고 유한준 코치님과도 얘기를 했다. 예전에는 최대한 강한 타구를 만드는데 집중했는데 지금은 최대한 배트 스위트 스팟 중심에 맞추는 방향으로 하고 있다. 그런 부분이 좋아진 것 같다”고 이야기했다. 최원준의 영입과 안현민의 활약으로 출전 기회가 적어진 배정대는 “내가 KT에서 6년 정도 주전으로 뛰었는데 그 모든 순간 부족한 부분이 많았기 때문에 올해 주전에서 밀렸다고 생각한다”고 말한 배정대는 “올해 정체성이 많이 흔들린 것이 사실이다”라고 솔직한 마음을 털어놓았다. “(최)원준이가 이렇게 잘할 줄은 아무도 상상 못했지만 그럼에도 나는 우리 팀에 꼭 필요한 선수라고 생각했다”고 말한 배정대는 “나는 나고, 원준이는 원준이고, (안)현민이는 현민이다. 원준이가 왔서 내가 주전에서 밀리고, 현민이가 잘해서 밀리고 그런 것은 아니라고 생각한다”고 말했다. 배정대는 “거의 80경기 동안 쉬었던 것 같다. 이제 2경기 잘했다고 들뜨지 않고 최대한 감을 유지하면서 팀이 승리하는데 도움이 될 수 있도록 노력하겠다”며 후반기 각오를 다졌다. /fpdlsl72556@osen.co.kr"
2026.07.09 01:29,"'또 이겼다!' 롯데 김태형 감독 ""매 경기 열성적인 응원으로 힘 실어 ...",스타뉴스,"[스타뉴스 | 부산=김우종 기자] 연이틀 KIA 타이거즈에 대승을 거둔 롯데 자이언츠의 사령탑 김태형 감독이 승리 소감을 밝혔다. 롯데는 8일 부산 사직야구장에서 펼쳐진 KIA와 2026 신한 SOL KBO 리그 정규시즌 홈 경기에서 11-3으로 승리했다. 롯데는 지난 7일 KIA 상대로 10-2 완승을 거뒀다. 그리고 이날 경기에서도 대승을 거두며 위닝시리즈를 예약했다. 롯데는 38승 2무 44패를 마크하며 리그 8위 자리를 유지했다. 최근 2연승 성공. 5위 두산 베어스와 승차는 4경기다. 롯데 선발 나균안은 5⅔이닝 7피안타 1볼넷 7탈삼진 2실점(2자책)으로 자신의 몫을 다하며 올 시즌 5번째 승리(7패)를 챙겼다. 총 17안타를 몰아친 롯데 타선에서는 황성빈이 도루 2개를 포함해 5타수 2안타 2득점으로 활약했다. 레이예스도 4타수 3안타 1타점 2득점 1볼넷으로 맹위를 떨쳤다. 박찬형, 손호영도 멀티히트를 각각 기록했다. 경기 후 '승장' 김태형 감독은 ""경기 초반부터 타자들이 찬스에서 집중력을 발휘하며 대량 득점을 해줬고, 그러면서 경기를 안정적으로 풀어갈 수 있었다""고 말했다. 이어 ""선발 나균안이 호투하며 5⅔이닝을 잘 끌어줬다. 이어 나온 투수들도 잘 막아내며 승리할 수 있었다""며 투수진을 칭찬했다. 김 감독은 ""특정 선수 한두 명이 아닌 경기에 나가는 모든 선수가 제자리에서 자기 역할을 다 해주고 있어 좋은 결과로 이어지고 있다""면서 ""매 경기 열성적인 응원으로 힘을 실어 주시는 팬분들께도 감사함을 전하고 싶다""고 인사했다. 부산=김우종 기자 woodybell@mtstarnews.com"
2026.07.09 01:24,"'0.056' 트레이드 이적생 주춤하네…""조급해 하는 모습 보였다"" 사령...",엑스포츠뉴스,"(엑스포츠뉴스 잠실, 유준상 기자) ""초반에 너무 잘했는데, 타격 수치가 계속 떨어지고 있어요. 경험이 부족한 어린 선수라 쫓기는 마음이 큰 것 같았어요."" 두산 베어스는 지난 5월 6일 삼성 라이온즈와 1대1 트레이드를 통해 외야수 류승민을 영입했다. 삼성은 두산에 류승민을 내주면서 내야수 박계범을 품었다. 당시 두산 관계자는 ""류승민은 타격에 남다른 재능을 보이고, 무한한 성장 가능성을 지녔다. 향후 외야 한 자리도 충분히 차지할 수 있는 재목""이라고 설명했다. 2004년생인 류승민은 광주화정초-무등중-광주제일고를 거쳐 2023년 7라운드 68순위로 삼성에 입단했다. 2023년(24경기)과 2024년(5경기) 1군 무대에서는 이렇다 할 활약을 보여주지 못했고, 2024년 6월 국군체육부대(상무 야구단)에 입대했다. 올 시즌 개막 후 트레이드 전까지 1군 1경기 출전에 그쳤던 류승민은 두산 유니폼을 입은 뒤 많은 기회를 얻었다. 특히 6월 한 달간 12경기에서 44타수 17안타 타율 0.386, 3타점, 3도루로 활약하며 자신의 존재감을 알렸다. 그랬던 류승민이 7월 들어 주춤하고 있다. 7월 7경기에서 18타수 1안타 타율 0.056으로 부진에 시달리는 중이다. 결국 김원형 두산 감독은 4일 고척 키움 히어로즈전에서 류승민을 선발 라인업에서 제외했다. 8일 잠실 SSG 랜더스전에서도 류승민 없이 선발 라인업을 꾸렸다. 8일 경기를 앞두고 취재진과 만난 김 감독은 ""초반에 너무 잘했는데, 타격 수치가 계속 떨어지고 있다. 경험이 부족한 어린 선수라 쫓기는 마음이 큰 것 같았다""며 ""타석에서 조급해하는 모습이 보였기 때문에 고척 원정 때 한 차례 선발 라인업에서 뺐다. 어떻게 보면 지금 타격 컨디션이 좋지 않기 때문에 한 번 쉬어가는 차원에서 (8일 경기에서도) 선발 제외했다""고 밝혔다. 이어 ""(지난달) 1군에 올라왔을 때는 퓨처스리그(2군) 성적도 괜찮았고, 자기 스타일대로 하다 보니까 잘 됐다. 빗맞은 타구도 안타가 됐고, 정타도 나왔다. 그런데 지금은 잘 맞은 타구가 야수에게 잡히고 있고, 빗맞은 타구도 안타로 연결되지 않고 있다""고 덧붙였다. 사령탑은 류승민에게 좀 더 경험이 필요하다고 바라봤다. 김원형 감독은 ""스트라이크는 흘려보내고 볼에 방망이를 내는 상황이 반복되고 있다. 그러면서 수치는 계속 떨어지고 있다""며 ""아직 본인의 것이 확실하게 정립되지 않은 상태라고 보면 될 것 같다""고 전했다. 류승민은 후반기에도 꾸준히 출전 기회를 받을 것으로 보인다. 두산 역시 트레이드를 통해 영입한 젊은 외야수의 성장 가능성에 기대를 걸고 있다. 시행착오를 겪고 있는 류승민이 다시 반등의 계기를 마련할 수 있을지 주목된다. 사진=엑스포츠뉴스 DB 유준상 기자 junsang98@xportsnews.com"
2026.07.09 01:23,"'양의지 은퇴하면 어쩌나' 두산의 오랜 고민, '드디어 찾은 후계자'의 ...",스타뉴스,"[스타뉴스 | 잠실=안호근 기자] 포수 타격왕 2회, KBO리그 최다 1위 황금장갑의 주인공. 오죽하면 한 번 떠나보냈던 자유계약선수(FA)를 포수를 4년 뒤 무려 4+2년 152억원에 다시 데려왔다. 그만큼 대체자를 찾기 어려웠기 때문이다. 이제 그 역할을 대신할 싹이 움트기 시작했다. 여전히 양의지(39·두산 베어스)가 두산에서 차지하는 비중은 상당하다. 그런 올 시즌 두산의 주전 안방마님이 누군가를 논한다면 더 많은 경기, 많은 이닝을 소화한 윤준호(26)라고 말할 수 있을 것이다. 양의지의 체력적인 부담을 덜어주기 위한 의도인 동시에 부상 우려에 뒤따른 게 주된 이유이기도 하지만 두산은 자연스레 양의지 이후의 시간을 계획하고 있다. 윤준호가 그만큼 안정적인 활약을 펼쳐주고 있기 때문이다. 경남고-동의대를 거쳐 JTBC 야구 예능 프로그램 '최강야구'에 출연하며 이름을 알린 윤준호는 2023년 신인 드래프트에서 5라운드 49순위로 두산 유니폼을 입었다. 이후 빠르게 국군체육부대(상무)로 향한 윤준호는 퓨처스리그에서 꾸준히 경기에 나서며 성장했다. 2024년 34경기 타율 0.327, OPS(출루율+장타율) 0.858로 활약한 그는 이듬해 91경기에서 타율 0.361 11홈런 87타점 65득점, 출루율 0.439, 장타율 0.563, OPS 1.002로 활약한 뒤 전역했다. 올 시즌 개막 엔트리에 이름을 올린 윤준호는 백업 포수로 시즌을 시작했지만 타격에서 압도적인 기량을 뽐내는 양의지의 효율을 높이기 위한 전략으로 많은 기회를 얻었다. 양의지는 올 시즌 팀이 치른 86경기 중 83경기에 출전했지만 포수로서는 48경기 361⅓이닝만 마스크를 썼다. 반면 윤준호는 62경기에 나섰는데 이 중 61경기에서 포수 마스크를 썼다. 이날도 노련하게 투수와 합을 맞추며 곽빈의 7이닝 1실점 호투를 이끌었고 타선에서도 결정적인 한 방을 날렸다. 팀이 0-1로 끌려가던 2회말 타선이 힘을 내며 동점을 만들었고 2사 3루에서 타석에 오른 그는 전영준의 존 상단에 걸치는 시속 146㎞ 직구를 강타, 좌측 담장을 훌쩍 넘겼다. 타구는 시속 162.5㎞ 빠른 속도로 외야로 향했고 비거리 125m 대형 홈런이 됐다. 올 시즌 3번째 대포. 이 홈런으로 두산은 3-1로 앞서갔고 선발 곽빈은 더 힘을 내며 7회까지 추가 실점 없이 든든히 마운드를 지켰다. 결국 두산은 7-3 기분 좋은 승리를 거뒀다. 경기 후 김원형 감독은 ""타석에서는 윤준호가 유리한 카운트에서 자신있는 스윙으로 결승 홈런을 날렸다""고 칭찬했다. 윤준호는 ""오랜 만에 손맛을 봤다. 타격 전까지 치기 까다로운 공을 잘 참아낸 것이 주효했다""며 ""마침 실투가 들어왔고, 맞는 순간 넘어가는 것을 직감했다""고 설명했다. 4회 1사 2루에서 날린 내야 안타는 윤준호의 태도를 읽어볼 수 있는 대목이었다. 이후 강승호의 우중간을 가르는 2루타 때 1루 주자 윤준호까지 득점할 수 있었다. 그는 ""간절함이 내야 안타로 이어지는 것 같다. 매 타석 전력 질주할 뿐""이라며 ""스스로 발이 빠르다고 생각하진 않지만, 그래도 (박)준순이는 이길 수 있을 것 같다""고 웃었다. 양의지의 부담을 덜어주기 위해 포수로 적지 않은 기회를 잡은 선수들은 있었지만 주전 자리를 위협한 이들은 없었다. 한 시즌 많은 기회를 얻은 적은 있어도 꾸준하지 못했다. 이미 전반기에만 많은 기회를 얻고 있는 윤준호는 두산이 그토록 찾아 헤매던 '포스트 양의지'가 될 수 있는 재목임을 증명하고 있다. 올 시즌 62경기에서 타율 0.279(104타수 29안타) 3홈런 12타점 15득점, 출루율 0.345, 장타율 0.404, OPS(출루율+장타율) 0.749를 기록 중이다. 득점권에선 타율 0.350으로 해결사 역할도 잘 해내고 있다. 올 시즌 주전급 포수로 활약하는 이들 중 한준수(KIA·타율 0.324), 허인서(한화·타율 0.294)에 이어 타석에서도 돋보이는 포수로 주목을 받고 있다. 윤준호도 자신에게 얼마나 소중한 시간인지 잘 알고 있다. 그만큼 더욱 절실하게 나서고 있다. ""올 시즌 기회를 주시며 믿고 맡겨주시는 김원형 감독님께 감사드린다""는 그는 ""항상 큰 목소리로 응원해 주시는 팬분들께도 진심으로 감사드린다""고 말했다. 5회초엔 이지영의 파울 타구에 맞고 한참 동안 일어서지 못할 정도로 고통스러워 했으나 이내 털고 일어나 경기를 끝까지 마쳤다. 윤준호는 ""사실 타구에 맞은 뒤로는 정신이 없었다""고 털어놓기도 했다. 그럼에도 간절하게 버텨냈고 팀의 승리를 끝까지 책임졌다. 시선을 너무 멀리 두기보다는 매 경기 절실한 마음으로 눈앞의 경기만 바라본다는 생각이다. 윤준호는 ""전반기를 위닝 시리즈로 장식할 수 있도록 내일 경기도 잘 준비하겠다""고 각오를 다졌다. 잠실=안호근 기자 oranc317@mtstarnews.com"
2026.07.09 01:22,"'파격 일본행' KIA의 3일 전 통보, 왜 감사했나…""구단이 날 많이 ...",스포츠조선,"[부산=스포츠조선 김민경 기자] ""구단이 나를 많이 생각해 주고 있구나. 이 생각이 제일 많이 들었어요."" KIA 타이거즈 우완 김시훈은 올해로 이적 2년차가 됐다. 지난해 7월 KIA가 NC 다이노스와 3대3 대형 트레이드를 단행할 때 김시훈은 한재승 정현창과 함께 광주에 새 둥지를 틀었다. 김시훈은 2018년 NC 1차지명 출신 기대주다. 입단 직후에는 구속이 나오지 않아 1군 데뷔가 늦었지만, 군 복무를 마친 뒤로 체격이 좋아지고 구속이 향상되면서 선발과 필승조로 크게 활약했다. 그러다 다시 구속 저하 문제로 부침이 길어지자 NC는 김시훈을 트레이드 카드로 썼다. 김시훈은 지난해 KIA에 오자마자 달라진 모습을 보여주고 싶었지만, 의욕으로 모든 게 해결되진 않았다. 팔꿈치 상태가 좋지 않으니 구속도 더 나지 않았고, 결국 시즌 뒤 주사 치료를 받았다. 올해는 스프링캠프부터 건강하게 몸을 만들 준비가 돼 있었다. 함평(KIA의 2군 훈련지)에 가지 않는 것을 목표로 세우고 구슬땀을 흘렸다. 하지만 또 좌절을 맛봤다. 개막 엔트리에 드는 데까지는 성공했는데, 2경기에서 2이닝 3실점에 그친 뒤로는 1군에 돌아오지 못했다. 1군에서 허락된 시간은 개막하고 단 5일뿐이었고, 줄곧 2군에서 머물렀다. 김시훈은 ""함평에 가지 않겠다고 해놓고 2경기 만에 내려가서 전반기 끝날 때까지 있다가 이제 1군에 왔으니 최악이다. 1군에 데뷔하고 전반기를 통으로 2군에 있었던 게 처음""이라며 스스로 실망한 표정을 지었다. 낙담한 김시훈에게 KIA 구단은 갑작스럽게 일본행을 제안했다. 김시훈을 비롯해 이의리 홍민규 강효종 등 4명을 지난달 10일 일본 지바현에 있는 'NEXT BASE ATHLETES LAB(넥스트 베이스 애슬리츠 랩)'으로 단기 유학을 보냈다. 시즌 도중에 언제든 1군에서 기용할 수 있는 전력을 외국으로 유학 보내는 것은 분명 파격적인 결정이다. 그럼에도 KIA는 이르면 후반기부터 소득이 있을 것이란 믿음으로 적극 투자했다. 김시훈은 ""2군에서 울산 원정에 갔을 때였는데, 갑자기 부르셔서 '일본에 가야된다'고 하시더라. '언제요?' 했더니 '3일 남았다'고 했다. 부랴부랴 가게 됐다""며 ""구단에서 나를 많이 생각해 주고 있다는 생각이 제일 많이 들었다. 단기간이지만, 내가 배울 수 있는 것은 최대한 많이 배워보자는 생각을 했다""고 했다. 약 3주 동안 어떤 도움을 받았을까. 김시훈은 ""몸에 센서를 붙이고 바이오메카닉을 측정하고, 내가 지금 어떤 게 문제이기 때문에 안 되고 있다는 것을 설명해 준다. 안 되는 부분을 운동을 시켜줘서 계속 인지할 수 있게 해주더라. 내가 공이 빠르던 시절 항상 난 상체 위주로 공을 던지는 유형의 투수라고 느꼈다. 그런데 그곳에서는 하체의 움직임을 굉장히 많이 강조하고 요구했다. 그 말을 듣고 내가 좋았던 때의 투구 폼을 보니까 나도 모르게 그때는 하체를 쓰고 있었다. 그래서 다시 인지하고 하체 움직임을 조금 더 생각하려 했다""고 밝혔다. 유학 효과를 확인한 첫 경기는 성공적이었다. 김시훈은 지난 5일 1군에 등록돼 7일 부산 롯데 자이언츠전에 구원 등판했다. 1-9로 크게 뒤진 5회말 등판해 2이닝 37구 3안타 무4사구 1삼진 무실점으로 호투했다. 팀은 2대10으로 졌지만, 김시훈의 후반기 쓰임을 어느 정도 판단할 수 있는 경기였다. 전보다는 구속도 2~3㎞ 올라와 있었고, 마운드에서 훨씬 자신감 있게 공을 던졌다. 김시훈은 ""거의 한 달 만의 경기 등판이었다. 내 역할은 최대한 올라갔을 때 많은 이닝을 던져서 다른 투수들이 쉴 수 있게 하는 것이다. 그 임무를 해낸 것 같아서, 계속 이렇게 했으면 좋겠다. 삼자범퇴가 없어서 아쉽긴 했지만, 롯데 타자들이 계속 점수를 뽑고 있는 상황에서 내가 올라갔기에 여기서 끊어야겠다고 생각했다. 그래도 무실점한 것은 괜찮게 생각한다""고 되돌아봤다. 구속은 계속 오르는 과정이라고. 김시훈은 ""아무래도 내가 던지는 것을 봤던 사람들이 주변에서 구속 이야기를 많이 한다. 나도 모르게 그래서 계속 구속을 신경 쓰게 되고, 다시 예전 구속으로 던지고 싶기도 했다. 그래서 일본에 간 게 내게는 터닝 포인트가 됐다고 생각한다. 지금처럼 하다 보면 구속이 올라갈 수 있겠다는 생각이 들었다. 일본 가기 전에는 이런저런 시도를 다 해도 마운드에 올라가면 도저히 구속이 올라가지 않고, 느낌이 똑같았다. 그런데 지금은 이렇게 꾸준히 하다 보면 점점 구속이 오를 수 있겠다는 생각이 든다""고 했다. 후반기 목표는 생존으로 다시 설정했다. 김시훈은 ""함평에 가지 않겠다는 말보다는 최대한 살아남아 있고 싶다는 말로 바꾸겠다. 일본에 가서 다시 야구에 대해 생각할 시간이 있었고, 열심히 안 했던 것은 아니지만 가서 조금 더 열심히 했던 것 같다. 일본에 다녀온 친구들이 다 같이 잘했으면 좋겠다. 가서 같이 생활하면서 운동한 것들이 있기에 같이 간 친구들이 후배들이지만 다 잘했으면 좋겠다""며 미소를 지었다. 부산=김민경기자 rina1130@sportschosun.com"
2026.07.09 01:22,롯데가 이렇게 고마울 수가...4위 KIA 1.5G차 턱밑 추격 실화? ...,OSEN,"[OSEN=잠실, 이후광 기자] 롯데 자이언츠가 이렇게 고마울 수가. 프로야구 두산 베어스는 8일 서울 잠실구장에서 열린 2026 신한 SOL KBO리그 SSG 랜더스와의 시즌 8차전에서 7-3으로 승리했다. 5위 두산은 전날 패배를 설욕하며 같은 시간 사직에서 롯데 자이언츠에 패한 4위 KIA 타이거즈를 1.5경기 차 턱밑 추격했다. 시즌 43승 2무 41패. 반면 연승에 실패한 9위 SSG는 31승 3무 51패가 됐다. 선발로 나선 토종 에이스 곽빈이 7이닝 2피안타(1피홈런) 1볼넷 7탈삼진 1실점 97구 호투로 시즌 8승(3패)째를 올렸다. 종전 158.7km를 넘어 커리어 직구 최고 구속인 159km를 마크했다. 이어 박치국(1이닝 2실점)-이영하(1이닝 무실점) 순으로 뒤를 지켰다. 타선에서는 강승호가 4타수 3안타 1타점 1득점으로 공격을 이끈 가운데 윤준호가 4타수 2안타(1홈런) 2타점 1득점, 박준순이 5타수 2안타(1홈런) 1타점 1득점으로 힘을 보탰다. 윤준호는 2회말 역전 투런포를 터트리며 결승타의 주인공이 됐다. 두산 김원형 감독은 경기 후 “선발 곽빈이 전반기 마지막 등판에서 에이스다운 모습을 보였다. 홈런을 허용한 장면을 제외하고는 완벽에 가까운 피칭이었다”라고 엄지를 치켜세웠다. 이어 “타석에서는 윤준호가 유리한 카운트에서 자신 있는 스윙으로 결승홈런을 날렸다. 4회부터는 3이닝 연속 추가점이 나오면서 경기 분위기를 완벽히 우리 쪽으로 가져올 수 있었다”라며 “오늘은 중심타선에서 타점이 나온 장면이 고무적이었다. 강승호가 꾸준히 좋은 타격감을 유지하며 타선에 활력을 불어넣고 있다. 두 차례 보내기번트를 완벽하게 성공한 박찬호도 칭찬한다”라고 타선의 수훈선수를 일일이 언급했다. 두산은 9일 같은 장소에서 SSG와 전반기 마지막 경기에 나선다. 두산은 잭로그, SSG는 토마스 해치를 각각 선발로 예고했다. /backlight@osen.co.kr"
2026.07.09 01:22,"""간절함이 전부가 아냐"" 돌아온 LG 빅보이, 타격폼 '집착' 없애니 잘...",스포츠조선,"[대구=스포츠조선 김영록 기자] ""너무 과부하가 왔다. 혼자서도 무너졌다. 간절한 마음이 (타격의)전부가 아니라는 걸 깨달았다."" LG 트윈스 이재원이 불방망이를 과시하며 후반기 맹활약을 예고했다. 이재원은 8일 대구 삼성라이온즈파크에서 열린 삼성 라이온즈와의 전반기 마지막 시리즈 2차전에서 결승타 포함 좌중간 2루타 2개를 치며 3타수 2안타 1타점 1득점으로 팀의 8대2 승리를 이끌었다. 이재원은 전날 1군에 등록됐다. 지난 6월 3일 수원 KT전 이후 약 한달만의 1군 경기 출전이었다. 이날은 8번 지명타자로 선발출전했다. 2회초 첫 타석에선 삼진으로 물러났지만, 두 팀이 2-2로 맞선 4회초 두번째 타석에선 2사 1루 상황에서 좌중간 1타점 2루타를 쳤다. 이날 LG가 8대2로 승리하면서 이재원의 이 한방이 결승타가 됐다. 이재원은 이후 홍창기의 2타점 3루타 때 홈을 밟아 1득점을 추가했다. 이어 6회초에도 선두타자로 등장, 또한번 좌중간 2루타를 쳤다. 이후 대주자 천성호로 교체됐다. 경기 후 만난 이재원은 ""난 그동안 너무 타격폼에만 집중했던 것 같다. 폼의 문제가 아니었던 거 같다. 전력분석팀이나 코치님들한테도 조언을 구했는데, 어느 순간 폼에는 문제가 없는 것 같다는 생각이 들었다. 역시 문제는 멘탈이었다""고 정신을 다잡았다. ""예전에는 너무 쫓겼던 거 같다. 혼자 공을 맞추려고 쫓아다니기만한 게 잘못이었다. 처음 내려갔을 땐 정말 하나부터 다 뜯어고친다는 마인드였다. 그러다보니 너무 과부하가 왔다. 생각이 너무 많았다. 너무 헤매다가 혼자서도 많이 무너졌던 것 같다. 차근차근 시작해보자, 좀더 심플하게 편안하게 생각한게 좋은 결과로 이어진 것 같다."" 이재원은 1군 콜업 소식을 듣고 퓨처스 마지막 경기에서 '셀프 축포'로 홈런 2개를 쏘아올렸다. 이어 이날 경기에선 2루타 2개를 치며 좋은 타격감을 이어간 것. 이재원은 ""잘하려고 하면 자꾸 도망간다고 하더라. 너무 간절하면 안된다는 생각에 삼진을 먹어도 좋다, 호흡, 시선, 내가 타격하기 위한 첫번째 동작, 이렇게 3가지에만 초점을 맞춘게 맞아떨어진 것 같다""고 덧붙였다. 그동안 팬들의 응원에 대해서도 ""나만 잘하면 된다는 생각이 들었다. 감사한 마음 뿐""이라고 강조했다. 역전타 순간에 대해서는 ""역전인줄도 몰랐다. 그냥 (오)지환이 형이 살아나갔고, 기회 한번 살려보자는 마음이었다""고 돌아봤다. ""전반기를 기분좋게 마무리하고, 야구는 후반기가 중요하니까, 더 좋은 모습을 보여드리고 싶다. 휴식기에도 편안하게 준비하겠다. 기회주신 감독님께 감사하다."" 모처럼 1군에 선발출전했고, 2루타 2개를 쳤는데, 6회 대주자로 교체된 마음은 어떘을까. 이재원은 슬쩍 더그아웃 쪽을 돌아보더니 ""노코멘트 하겠다""며 활짝 웃었다. 대구=김영록기자 lunarfly@sportschosun.com"
2026.07.09 01:21,'먹힌 타구가 2루타가 됐다' 천적 네일 무너뜨린 리드오프 황성빈 빠른 ...,스포츠조선,"[부산=스포츠조선 박재만 기자] 먹힌 타구도 안타로 만들었다. 그리고 그 안타는 곧바로 2루타와 같은 가치가 됐다. 롯데 자이언츠 리드오프 황성빈이 리그 최고의 빠른 발을 앞세워 KIA 에이스 네일을 흔들어 놓았다. 올 시즌 KIA 선발 네일은 롯데를 상대로 강했다. 이날 경기 전까지 롯데전 9경기에 등판해 3승 평균자책점 1.50을 기록했고, 올 시즌 두 차례 맞대결에서도 12이닝 1실점(평균자책점 0.75)으로 압도적인 투구를 펼쳤다. 하지만 이날만큼은 달랐다. 네일을 무너뜨린 결정적인 무기는 장타가 아닌 황성빈의 빠른 발이었다. 8일 부산 사직구장에서 열린 롯데와 KIA의 경기. 올 시즌 네일을 상대로 4타수 무안타 1볼넷 1삼진에 그쳤던 황성빈은 전혀 다른 모습이었다. 타구 질보다 스피드가 더 빛났다. 1회 선두타자로 나선 황성빈은 네일의 초구 147㎞ 투심 패스트볼을 받아쳤다. 타구는 3루 선상을 따라 느리게 굴렀다. 포수 주효상이 재빨리 달려 나와 타구를 잡았지만 송구는 포기했다. 황성빈은 이미 1루 베이스를 통과한 뒤였다. 평범한 땅볼이 순식간에 내야 안타로 바뀌는 순간이었다. 진짜 압박은 그다음부터였다. 무사 1루에서 황성빈은 네일의 2구째 커터가 손을 떠나는 순간 곧바로 스타트를 끊었다. 유격수 태그를 피해 헤드퍼스트 슬라이딩으로 2루를 훔쳤고, 결국 1사 1,3루에서 한동희의 희생플라이 때 태그업 후 홈까지 밟으며 선취점을 만들었다. 3-0으로 앞선 4회에도 같은 장면이 반복됐다. 1사 후 네일의 141㎞ 커터를 받아친 타구는 유격수 앞으로 천천히 굴러갔다. 이번에도 먹힌 타구였다. 그러나 황성빈의 발이 다시 한 번 안타를 만들어냈다. 포구 직후 유격수 김규성은 송구를 포기할 수밖에 없었다. 출루한 황성빈은 다시 네일을 흔들었다. 네일은 세 차례 연속 견제로 리드폭을 줄여보려 했지만 소용없었다. 견제가 끝난 직후 초구에 황성빈은 다시 2루를 훔쳤다. 두 번째 내야 안타가 또 한 번 도루로 이어진 순간이었다. 이어 고승민의 중전 적시타 때 홈까지 밟으며 추가 득점까지 책임졌다. 황성빈의 발은 단순히 도루 2개를 기록한 데 그치지 않았다. 먹힌 타구 두 개를 모두 내야 안타로 바꿨고, 그 두 번의 출루를 모두 도루와 득점으로 연결했다. 내야 안타-2루 도루-득점이 두 차례 반복되면서 롯데 공격의 흐름은 완전히 살아났다. 사실상 평범한 내야 땅볼 두 개를 자신의 스피드 하나로 '2루타 이상의 가치'로 바꿔낸 셈이었다. 경기 초반부터 황성빈에게 흔들린 네일은 결국 자신의 리듬을 찾지 못했다. 롯데는 4회에만 대거 6점을 뽑아내며 승부의 쐐기를 박았고, 그 시작에는 상대 배터리를 정신없이 흔든 리드오프 황성빈의 빠른 발이 있었다. 강했던 상대도 빠른 발 앞에서는 예외가 없었다. 황성빈은 먹힌 타구를 내야 안타로 만들고, 그 안타를 다시 도루와 득점으로 완성하며 KIA 에이스 네일을 무너뜨린 경기의 주인공이 됐다."
2026.07.09 01:18,류현진·김광현 잇는 괴물 투수 나왔다,국민일보,"좀처럼 보기 힘든 대형 투수가 등장했다. 데뷔 2년 차 최민석(두산 베어스·사진)이 KBO리그에 센세이션을 일으키며 장차 한국 야구를 이끌 우완 에이스의 탄생을 알렸다. 최민석은 8일 기준 2026 KBO리그에서 9승(2패) 86탈삼진 평균자책점 2.33을 기록 중이다. 다승과 평균자책점 1위, 탈삼진 7위로 트리플크라운(다승·탈삼진·평균자책점 1위)에 버금가는 활약을 펼쳤다. 스무 살 신예라고는 믿기 힘든 전반기를 보낸 그는 “요즘 야구가 재밌다. 야구하길 잘했다는 생각이 든다”며 웃어 보였다. ‘명품 투심’으로 리그를 호령하고 있다. 강속구를 앞세운 포심을 주무기로 삼는 대부분의 국내 투수와 달리 최민석은 볼 끝 움직임을 바탕으로 한 투심으로 타자들을 압도한다. 야구 통계 사이트 스탯티즈에 따르면 그의 투심 구종 가치는 22.2에 달한다. 2위 아리엘 후라도(5.7·삼성 라이온즈)의 약 4배다. 최민석은 “구속이 지난해보다 빨라진 데다 커터까지 장착하면서 위력이 배가 됐다”고 자평했다. 올 시즌 최민석의 호투는 그의 재능과 노력에 든든한 조력자들의 도움이 더해진 결과다. 올해 두산 지휘봉을 잡은 김원형 감독은 통산 134승을 거둔 명투수 출신이다. 최민석은 “개막 직전까지 투심이 궤도에 올라오지 않았다”며 “감독님께서 홈플레이트 중앙이 아니라 타자와 홈플레이트 사이를 보고 던지라고 말씀해 주신 것이 결정적이었다”고 돌아봤다. 그의 공을 받는 포수도 리그 최고인 양의지다. 최민석은 “선배님의 미트만 보고 던진다”고 말했다. 특유의 승부욕도 지금의 최민석을 만든 원동력이다. 지난해 전체 16번으로 프로에 입단했지만 3승 3패 평균자책점 4.40으로 특출나지 않은 데뷔 시즌을 보냈다. 정우주(한화 이글스)와 배찬승(삼성) 등 동기들의 활약을 보며 자극을 받았다. 최민석은 “올해는 무조건 더 잘하겠다는 생각뿐이었다”고 말했다. 최민석은 류현진(한화)과 김광현(SSG 랜더스) 등 한국 야구를 대표하는 에이스들을 소환하고 있다. 2년 차 성적만 놓고 보면 두 전설에 견줄 만하다는 평가가 나온다. 최민석은 “함께 언급되는 것 자체만으로 영광”이라며 “선배님들처럼 수십년 동안 최고의 기량을 유지하는 것이 목표”라고 말했다. 최민석은 승률 부문도 2위를 달리며 최대 4관왕을 바라보고 있지만 “타이틀이나 기록 욕심은 없다. 규정 이닝만 채우고 싶다”고 했다. 그러나 더 큰 꿈은 분명했다. 그는 “야구를 시작한 순간부터 미국 메이저리그가 꿈이었다. 두산과 리그에 역사를 남긴 뒤 도전해 보겠다”고 힘줘 말했다. 최원준 기자 1jun@kmib.co.kr GoodNews paper ⓒ , 무단전재 및 수집, 재배포 및 AI학습 이용 금지"
2026.07.09 01:15,"'타선이 앞장섰다' kt, 키움 7-3 역전승...전반기 3위 확정하고 ...",마니아타임즈,흔들린 마운드를 방망이가 메우며 상승세를 이어갔다. 전반기 3위를 확정한 kt가 키움을 7-3으로 꺾고 3연승을 달렸다. kt는 8일 수원 케이티위즈파크에서 열린 2026 신한 SOL KBO리그 키움과의 홈경기에서 7-3으로 이겼다. 이날 선발 로건 앨런이 4이닝 3실점으로 고전하며 5이닝을 채우지 못했으나 타선의 힘을 앞세워 역전승을 따낸 것이다. 경기는 초반부터 엎치락뒤치락했다. 0-1로 뒤진 2회 kt가 한승택의 안타 때 나온 상대 실책과 최원준의 강습 타구를 놓친 실책을 틈타 2-1로 역전한 것이다. 이후 2-3으로 재역전을 허용했으나 3회 김상수의 동점 2루타로 균형을 맞췄다. 승부의 흐름은 중반에 넘어왔다. kt가 4회 안현민의 결승 희생플라이로 앞선 뒤 5회 배정대의 적시타로 달아난 것이다. 7회에는 배정대의 2루타와 김민혁의 희생플라이로 7-3까지 벌리며 승기를 잡았다. 타선에서는 허경민이 4타수 3안타로 첨병 노릇을 했고 배정대가 2안타 2타점으로 활약했다. 반면 키움은 3회 히우라와 박찬혁의 연속 타자 홈런에도 kt 마운드를 넘지 못했다. [김선영 마니아타임즈 기자 / maniareport@naver.com] 기사제보 및 보도자료 report@maniareport.com
2026.07.09 01:15,"1위 자리 하루만에 되찾다...14안타 폭발, 역전승으로 되갚다, 염갈량...",OSEN,"[OSEN=대구, 한용섭 기자] 프로야구 LG 트윈스가 하루 만에 다시 1위 자리를 되찾았다. LG는 8일 대구 삼성라이온즈파크에서 열린 삼성과 경기에서 8-2 역전승을 거뒀다. 전날(7일) 역전패를 당한 경기와 정반대 양상이었다. LG는 먼저 투런 홈런을 허용해 0-2로 끌려갔지만, 14안타를 터뜨리며 8-2로 경기를 뒤집었다. 이로써 LG는 52승 32패가 됐고, 삼성은 50승 32패 2무가 됐다. LG는 삼성을 1경기 차이로 밀어내고 1위 자리를 탈환했다. 선발 투수 임찬규는 1회 2사 후 구자욱을 볼넷으로 내보냈고, 최형우에게 투런 홈런을 허용했다. 그러나 이후 5회까지 무실점으로 잘 막아냈다. 5-2로 앞선 5회 2사 1,2루에서 김성윤에게 우전 안타를 허용했다. 우익수 홍창기의 정확한 홈 송구로 2루주자 강민호를 홈에서 태그 아웃시켰다. LG는 3회 2사 후 박해민의 안타와 도루, 오스틴의 1타점 2루타, 문보경의 적시타로 2-2 동점을 만들었다. 4회는 2사 후 오지환의 안타, 이재원의 1타점 2루타로 역전에 성공했다. 2사 1,3루에서 홍창기가 싹쓸이 3루타를 때려 5-2로 달아났다. 6회는 이재원의 2루타와 희생번트, 볼넷으로 1사 1,3루가 됐고 박해민의 1타점 적시타와 투수 폭투로 7-2로 점수 차를 벌렸다. 8회 대타 문정빈의 솔로 홈런까지 터지며 8-2로 쐐기를 박았다. 선발 임찬규에 이어 6회 리오스가 등판해 2이닝 무실점으로 잘 막았다. 8회는 김진수, 9회는 김윤식이 등판해 실점없이 경기를 마무리했다. 염경엽 감독은 경기 후 ""오스틴과 보경이의 타점으로 추격의 흐름을 만들었고, 재원이의 역전타와 창기의 2타점으로 승리할 수 있는 요건을 만들었다. 추가점이 필요한 상황에서 해민이의 타점과 정빈이의 홈런으로 승리할 수 있었다""고 말했다. 염 감독은 ""타선에서 창기가 2안타 2타점으로 타선을 이끌었고, 또 5회에 홈 보살을 만들면서 상대의 추격 흐름을 끊은게 컸다. 공수에서 활약을 펼친 창기를 칭찬하고 싶다""고 말했다. 또 ""선발 임찬규가 어려운 상황에서도 선발로서 자기 역할을 다해주면서 승리 발판을 만들었고, 리오스가 2이닝을 깔끔하게 막아주면서 전체적으로 지키는 야구를 할 수 있었다""고 칭찬했다. 마지막으로 염 감독은 ""중요한 경기였는데, 집중력을 발휘해준 선수들을 칭찬하고 싶고, 원정인데도 많은 팬들이 찾아와 주셔서 응원해주신 덕분에 역전승을 할 수 있었다""고 말했다. /orange@osen.co.kr"
2026.07.09 01:12,"'마지막 등판일까' 위기의 호주 국대, 3⅔이닝 10피안타 5실점 와르르...",마이데일리,"[마이데일리 = 대구 김경현 기자] KBO리그에서 마지막 등판일까. '호주 국가대표 출신' 잭 오러클린(삼성 라이온즈)이 역투를 펼쳤지만 아쉬운 성적표를 받고 마운드를 내려갔다. 오러클린은 8일 대구 삼성 라이온즈파크에서 열린 2026 신한 SOL KBO리그 LG 트윈스와의 홈 경기에 선발 등판했다. 경기에 앞서 박진만 감독은 ""흔들린다 싶으면 불펜을 빨리 운영해야 될 것 같다. 어제 불펜을 많아 안 썼기 때문에 (남은) 두 게임에 쓸 수 있는 불펜 자원을 다 투입해야 될 것 같다""고 이른 교체를 예고한 바 있다. 김성윤이 오러클린을 살렸다. 1회 홍창기와 박해민에게 연속 안타를 맞아 무사 1, 2루에 몰렸다. 오스틴 딘을 3루수 땅볼로 잡았으나 주자가 모두 진루했다. 문보경이 우익수 뜬공을 쳤고, 3루 주자 홍창기가 태그업했다. 그런데 우익수 김성윤이 정확한 송구로 홈에서 홍창기를 잡았다. 무실점 이닝 종료. 2회는 오지환에게 단타를 내줬으나 삼진 2개를 곁들여 3아웃을 잡았다. 3회 역시 김성윤이 구원자였다. 2아웃을 잘 잡은 뒤 박해민에게 내야 안타를 내줬다. 박해민의 도루로 2사 2루. 오스틴이 1타점 적시타를 뽑았다. 이어 문보경이 우익수 키를 넘기는 1타점 적시타를 쳤다. 김성윤이 공을 잡은 뒤 2루로 직접 송구, 문보경을 아웃시켰다. 4회를 넘기지 못했다. 이번에도 2아웃을 잡고 오지환에게 안타를 맞았고, 이재원에게 좌중간을 가르는 1타점 2루타를 허용했다. 구본혁의 안타로 만들어진 2사 1, 3루에서 홍창기에게 2타점 3루타를 얻어맞았다. 오러클린의 등판은 여기까지. 2사 3루에서 임기영이 마운드에 올랐다. 마지막임을 직감한 것일까. 삼성 팬들은 오러클린에게 박수를 보냈다. 임기영이 박해민을 좌익수 뜬공으로 처리, 오러클린의 추가 실점은 없었다. 오러클린은 3⅔이닝 10피안타 무사사구 4탈삼진 5실점을 기록했다. 구속은 145~151km/h를 마크했다. 포심 33구, 커터 21구, 체인지업 13구, 커브 10구, 스위퍼 9구를 구사했다. 스트라이크 비율은 67.4%(58/86)다. 10피안타는 KBO 리그 입성 후 단일 경기에서 가장 나쁜 성적이다. 김성윤이 만든 보살 2번이 없었다면 최소 2실점이 더 늘어났을 터. 냉정하게 LG 타선을 압도하지 못했다. 마지막 등판일 가능성이 있다. 야구계에 따르면 삼성이 메이저리그 통산 32승을 자랑하는 크리스 페덱과 접촉 중이라고 한다. 7일 이종열 단장은 ""아직 결정된 것 없다. 그 선수뿐만 아니라 3~4명을 보고 있다""고 밝혔다. 박진만 감독은 ""아직 정해진 건 없다""라면서도 ""우리가 더 높은 곳을 보려면 좋은 선수가 있으면 언제든지 리스트업 해서 데리고 와야 좋은 결과를 낼 수 있을 거라 생각한다. 지금 외국인보다 좋은 기량을 갖고 있는 선수라고 하면 무조건 데리고 와야 한다""고 밝혔다. 삼성과 오러클린의 계약은 16일까지다. 다만 16일은 올스타 브레이크가 끝나고 후반기 첫 경기가 열리는 날이다. '에이스' 아리엘 후라도가 출격할 전망이다. 계약 연장이 없다면 오러클린의 마지막 등판일 것으로 보인다. 한편 오러클린의 시즌 성적은 17경기 5승 5패 평균자책점 4.86이 됐다."
2026.07.09 01:11,"'4연패 수렁' KIA, 대전 한화의 악몽이 생각난다… 어디서 본 느낌,...",스포티비뉴스,"[스포티비뉴스=사직, 김태우 기자] 이범호 KIA 감독은 7일부터 사직구장에서 시작된 롯데와 전반기 마지막 3연전을 앞두고 “포스트시즌처럼 운영해 볼 생각”이라고 말했다. 이 3연전에 대한 전략적 비중을 상당히 높게 두고 있는 듯했다. 물론 이 3경기가 끝나면 긴 휴식을 취할 수 있고, 또 이틀을 쉬고 부산에 왔기 때문에 총력전을 할 만한 여건은 충분히 갖추고 있었다. 그럼에도 이 감독이 ‘포스트시즌’이라는 단어를 꺼내든 것은 또 그만한 이유를 가지고 있었을지 모른다. 지난해 전반기 막판의 악몽이 생생하기 때문이다. 2024년 통합 우승 팀인 KIA는 2025년 시즌 주축 선수들의 수많은 부상으로 고전했으나 그래도 선두권에서 경쟁에서 그렇게 벗어난 것은 아니었다. 4위 정도를 유지하면서 호시탐탐 그 위의 순위를 노렸다. 실제 7월 5일 당시 KIA는 리그 2위 팀이었다. 하지만 7월 6일 광주 롯데전에서 졌고, 여기에 7월 8일부터 10일까지 대전에서 열린 한화와 전반기 마지막 3연전을 모두 내주면서 팀 분위기가 꺾였다. 당시 경기력이 아주 형편이 없는 것은 아니었고, 이길 수 있는 타이밍도 있었다. 하지만 투·타 엇박자에 불펜의 부진, 그리고 수비에서의 저조한 흐름까지 겹치면서 세 판을 내리 내줬다. 물론 4연패를 했다고 해서 KIA의 순위가 크게 떨어진 건 아니었다. 그러나 그 3연전에서의 실패는 결국 후반기 초반까지 여파가 이어졌고, 7월 말까지 부진에서 빠져 나오지 못한 KIA는 후반기 초반 레이스를 그르치면서 결국 하위권으로 내려앉았다. 그 결과 포스트시즌 진출을 비교적 일찍 포기한 채 8위로 시즌을 마쳤다. 이 감독은 그 기억을 잊지 않고 있었다. 직전 광주 NC전에서 두 경기를 모두 지고 온 상황이기 때문에 롯데와 3연전 성적이 좋지 않으면 또 흐름에 영향을 줄 수 있었다. 이 감독이 총력전을 선언한 것도 이와 무관하지 않았다. 전망은 나쁘지 않았다. 작년에는 이미 선수단의 피로도가 5~6월부터 누적된 상황이라고 한다면, 올해는 그래도 선수들의 부상 관리와 불펜의 피로도가 상당히 관리된 편이었다. 지난해와 다를 것이라는 기대감이 있었던 이유다. 그러나 그런 KIA가 7일과 8일 사직 롯데전에서 연이어 최악의 경기력을 선보이며 결국 루징시리즈를 확정하고 시리즈 싹쓸이 패배 위협에 몰렸다. 7일에는 1회 어수선한 상황에서 허용한 4점을 만회하지 못한 채 결국 2-10으로 졌다. 2회부터 팀의 베테랑 선수인 김선빈을 문책성 교체하기도 한 이 감독은 8일 경기를 앞두고 “올 시즌 최악의 경기”라고 전날을 총평했다. 하지만 8일에도 경기력은 별반 달라지지 않았다. 여전히 타격은 힘이 빠져 있었고, 수비에서의 집중력 떨어진 모습들이 계속 나왔고, 선발 투수들은 위기를 버티지 못했다. 경기 초반만 대등하게 가면 그 다음에는 불펜 필승조를 총출동시켜 힘 싸움을 벌여보겠다는 이 감독의 구상은 완전히 깨졌다. 지난 4월 18일부터 23일까지 5연패를 당한 뒤 한 번도 4연패 이상 연패가 없었던 KIA는 또 경기력의 위기를 맞이했다. 뭔가 시작부터 어수선했다. 선발 제임스 네일의 경기력부터가 평소와 달랐다. 1회 1점을 내줬고, 2회에는 실점하지는 않았으나 안타 2개를 맞았다. 3회에는 1사 후 레이예스에게 볼넷, 한동희에게 중전 안타, 박찬형에게 우전 안타를 맞아 1사 만루에 몰렸다. 여기서 전민재의 중견수 앞 땅볼 때 1점을 내줬다. 원래 중전 안타였으나 1루 주자 박찬형이 2루에 가지 못하면서 땅볼로 기록됐을 뿐이었다. 이어 한태양 타석에서는 네일의 공이 크게 빠지면서 폭투로 1점을 더 내줬다. 수비도 전날에 이어 어수선했다. 1-3으로 뒤진 4회 6실점했는데 수비 실책과 실책성 플레이가 겹쳤다. 네일이 4회 1사 후 황성빈의 내야안타에 이어 고승민에게 중전 안타를 맞았고, 여기서 레이예스에게 좌중간을 가르는 적시 2루타를 허용했다. 그런데 펜스 플레이를 하던 김호령이 공을 한 번에 잡지 못하는 포구 실책으로 1루 주자인 고승민까지 홈을 밟았다. 한동희의 볼넷으로 이어진 상황에서 박찬형의 2루 땅볼 때 다시 김선빈의 아쉬운 플레이가 나왔다. 1루 주자 한동희를 태그하려던 김선빈은 여의치 않자 1루로 공을 던졌는데 타자 주자도 잡아내지 못하고 공이 뒤로 빠진 것이다. 1루 주자도 못 잡고, 타자 주자도 못 잡았다. 이어 한태양에게 2타점 적시타를 맞고 4회에만 6점을 내주며 주도권을 완전히 내줬다. 두 경기 모두 선발이 제 몫을 못하고, 선발의 힘을 빼는 수비가 나왔고, 여기에 타선까지 힘 싸움에서 이기지 못했다. 정작 필승조 총력전은 한 번도 해보지 못했다. 네일이 위기에 빠졌을 때 평소보다 일찍 빼고 4회부터 성영탁을 투입한 게 하나의 특이점이었으나 이 전략마저 실패했다. KIA는 4연패에 빠지면서 5위 두산과 경기 차는 1.5경기로 줄어 들었다. 분명 작년과는 다른 상황이지만, 미묘한 기시감이 드는 것도 어쩔 수 없다. <저작권자 ⓒ SPOTV NEWS. 무단전재 및 재배포 금지>"
2026.07.09 01:01,"롯데 타선이 35안타 21득점 실화?…화끈해진 거인군단, 5할 승률 보인...",서울신문,"롯데 자이언츠는 올해 타격 부진을 대표하는 팀이었다. 한때 리그 선발 평균자책점 1위의 탄탄한 투수력을 갖추고도 물방망이 타선 때문에 고전했다. 투타 불균형 속에 꼴찌까지 추락하던 때가 있었다. 그러던 롯데가 달라졌다. 지더라도 점수는 무조건 낸다. 그리고 전반기 마지막 시리즈에서는 2경기 도합 35안타 21득점을 폭발시키며 180도 달라진 모습을 보여줬다. 롯데는 8일 부산 사직구장에서 열린 KIA 타이거즈와 경기에서 11-3으로 대승했다. 전날 10-2 승리에 이어 연이틀 크게 이겼다. 이로써 롯데는 38승2무44패(8위)로 5할 승률 승패마진을 -6으로 줄였고 KIA는 4연패에 빠지며 44승2무39패(4위)가 됐다. 두 팀의 승차는 5.5경기다. 전날 18안타를 몰아쳤던 롯데는 이날도 17안타를 때려내며 KIA 마운드를 맹폭했다. KIA가 약한 선발을 낸 게 아니라 제임스 네일을 내고도 두들겨 맞았다. 네일은 롯데 타선을 당해내지 못하고 3과3분의1이닝 7피안타 5실점으로 무너졌다. 타선이 폭발하는 사이 마운드에서는 나균안이 건실한 투구로 시즌 5승째를 거뒀다. 나균안은 5와3분의2이닝 7피안타 2실점으로 호투했고 현도훈, 이이무라 쇼타, 이민석, 김강현으로 이어진 불펜진이 단 1점만 내주며 승리를 지켰다. 전날에는 엘빈 로드리게스가 7이닝 3피안타 1실점으로 호투했고 마찬가지로 타선이 폭발하며 직전 등판에서 7이닝 1실점으로 호투한 KIA 선발 김태형을 무너뜨렸다. 2연승의 내용이 보통의 2연승과는 결이 달랐다. 최근 롯데의 경기를 보면 후반기 반등에 대한 기대감을 품을 만한 경기력을 보여주고 있다. 6월 초반까지만 해도 한화 이글스에 시리즈를 모두 내주는 등 부진을 벗어나지 못했지만 지난달 16일 SSG 랜더스전부터 본격적으로 살아나고 있다. 당시부터 4연속 위닝 시리즈에 힘입어 6월 성적을 12승 1무 12패로 5할 승률을 맞췄고 무엇보다 무득점 경기가 단 2차례 불과했던 점도 고무적이었다. 전반기 막판 일정이 상위권 팀과의 대결이라 험난할 것으로 예상됐지만 선두 LG 트윈스와 3위 KT 위즈, 4위 KIA를 상대로 모두 위닝시리즈로 장식하며 전반기 막판 가장 무서운 팀이 됐다. SSG전을 시작으로 7번의 시리즈 중 6번이 위닝시리즈였다. 반등이 시작될 무렵 김태형 롯데 감독은 “이제 치고 올라가야 할 타이밍이다. 지금이 우리 베스트 전력”이라고 밝힌 바 있다. 그리고 김 감독의 말이 현실이 되고 있다. SSG전부터 롯데는 평균자책점이 3.25(1위)로 막강한 마운드의 힘을 자랑했다. 이 기간 99득점(4위), 185안타(4위)로 타선도 살아난 모습을 보여주면서 극심했던 투타 불균형도 옛말이 되고 있다. 지난달 롯데가 꼴찌로 처졌을 때 성적은 24승 1무 39패였다. 5할 승률까지 승패마진이 -15라는 엄청난 부진에 빠졌지만 어느덧 5할 승률이 눈에 보이는 수준까지 왔다. 롯데가 전반기 마지막 경기마저 잡아낸다면 후반기 가장 강력한 다크호스가 될 수 있다는 전망이 나온다. 류재민 기자"
2026.07.09 01:00,"""야구가 호락호락하지 않아"" 결국 사라진 1라운더, 김경문 감독은 어떤 ...",OSEN,"[OSEN=대전, 조은혜 기자] ""되돌려서 생각을 해보고 그런 시간을 갖고 와라 얘기를 이야기했어요."" 김경문 감독이 이끄는 한화 이글스는 지난 7일 대전 한화생명 볼파크에서 열린 2026 신한 SOL KBO리그 NC 다이노스와의 홈경기에서 6-9로 석패하며 2연패에 빠졌다. 이튿날인 8일 한화는 투수 정우주와 원종혁, 박준영을 말소하고 투수 김종수와 박재규, 포수 장규현을 등록했다. 정우주는 7일 NC전에서 1-4로 끌려가던 8회초 등판했으나 선두 천재환에게 몸에 맞는 공으로 출루를 허용했고, 김형준 헛스윙 삼진 뒤 권희동과 김주원에게 연속 안타를 맞으면서 실점했다. 결국 한화는 정우주를 내리고 원종혁을 올렸다. 그러나 원종혁도 송구 실책 포함해 추가 실점했고, 점수가 1-9까지 벌어진 뒤 어렵게 이닝을 끝냈다. 2025 신인드래프트 1라운드 전체 2순위로 한화 유니폼을 입은 정우주는 올 시즌 36경기 35⅓이닝을 소화해 1승2패 5홀드 평균자책점 6.37을 기록했다. 지난해 51경기 평균자책점 2.85로 화려하게 데뷔한 그는 2년 차 시즌인 올해 기대를 모았지만, 극심한 기복을 보이며 흔들렸다. 지난 6월에는 평균자책점 2.79로 살아나는 듯했으나 다시 밸런스를 잃고 결국 시즌 첫 2군행을 통보받았다. 올스타 휴식기는 젊은 선수들에게는 재정비를 할 수 있는 좋은 기회다. 김경문 감독은 ""우주나 종혁이나, 올스타 브레이크가 있으니 처음에 프로 들어올 때 그 필름을 한 번 되돌려서 생각을 해보는 시간을 갖고 오라고 얘기했다""고 전했다. 김 감독은 ""2년 차가 징크스가 없는 것 같아도 생각하는 게 하나 더 늘어난다. 첫 해에는 사인 나오면 거기만 보고 던지려고 하지만, 안 맞아야 하고 안 주려고 하고 그러다 보면 생각하는 게 생긴다. 누구나 (2년 차 징크스를) 겪지 않고 넘어가면 좋지만, 야구라는 게 그렇게 호락호락하지 않다""며 ""자기를 성장시키는 데 도움이 될 것""이라고 기대했다. /thecatch@osen.co.kr"
2026.07.09 00:41,마산용마고 “2승만 더”,조선일보,"마산용마고가 청룡기 첫 정상까지 두 걸음만을 남겨뒀다. 용마고는 8일 서울 목동야구장에서 열린 제81회 청룡기 전국고교야구선수권대회 겸 주말리그 왕중왕전(조선일보·스포츠조선·대한야구소프트볼협회 공동 주최) 8강전에서 우신고를 6대5로 꺾고 4강에 올랐다. 용마고의 청룡기 최고 성적은 1980년과 2024년 기록한 준우승이다. 용마고는 2회초 박찬영의 우전 안타 때 상대 실책을 틈타 선취점을 냈고, 4회초에는 차은성의 좌전 안타와 박찬영의 희생플라이 등을 묶어 4-1까지 달아났다. 그러나 투수진이 사사구를 남발하면서 6회말 4-4 동점을 허용했다. 7회초 승부가 갈렸다. 2사 1루에서 용마고 3번 타자 노민혁이 우중간 담장을 넘기는 결승 투런포를 터뜨렸다. 지난달 29일 서울 아이티고BC전에 이어 이번 대회 두 번째 홈런이다. 노민혁은 “잘 안 풀리는 경기였지만 나를 믿고 자신 있게 치자는 생각만 했다”며 “타구가 잘 맞은 것 같긴 했는데 넘어갈 줄은 몰랐다”고 말했다. 용마고는 8회말 폭투로 한 점을 내주며 6-5까지 쫓겼지만, 2사 1·3루에서 등판한 안현석이 김지운을 헛스윙 삼진으로 돌려세우며 위기를 넘겼다. 진민수 용마고 감독은 “볼넷을 15개나 내주고도 수비가 잘 버텨줬고, 노민혁이 홈런을 쳐줘 이길 수 있었다”고 했다. 이어 열린 경기에서는 2023년 청룡기 챔피언 경북고가 2024년 우승팀 전주고를 3대2로 눌렀다. 4회부터 등판한 경북고 우완투수 강연우는 6이닝 무실점, 11탈삼진 역투로 전주고 타선을 잠재웠다. 그는 3-2로 앞선 9회말엔 홍재욱, 이찬영, 김민재를 모두 삼진으로 돌려세우며 한 점 차 승리를 지켜냈다."
2026.07.09 00:41,"‘ERA 2.12→7.46’ 4월에 끝나버린 2차 드래프트 대박의 꿈, ...",OSEN,"[OSEN=수원, 길준영 기자] 프로야구 키움 히어로즈 배동현(28)이 아쉬운 투구 내용으로 전반기 마지막 투구를 마쳤다. 배동현은 8일 수원 KT위즈파크에서 열린 ‘2026 신한은행 SOL Bank KBO리그’ KT 위즈와의 경기에 선발등판해 4이닝 9피안타 5탈삼진 4실점(2자책) 패배를 기록했다. 1회말 최원준과 김현수를 모두 삼진으로 잡아낸 배동현은 안현민에게 2루타를 맞았지만 힐리어드에게 2루수 땅볼을 유도하며 위기를 넘겼다. 하지만 2회 선두타자 허경민과 김상수에게 연속 안타를 맞았고 배정대는 삼진으로 잡아냈지만 한승택에게 안타를 맞았다. 여기에 좌익수 포구 실책이 겹치면서 실점을 허용했다. 권동진은 중견수 뜬공으로 잡았지만 최원준의 타구에 1루수 포구 실책이 나와 한 점을 더 허용했다. 배동현은 3회에도 고전했다. 1사에서 힐리어드를 내야안타로 내보냈고 허경민에게 안타를 맞아 1사 1, 3루 위기에 몰렸다. 김상수에게는 1타점 2루타를 맞아 한 점을 더 내줬다. 배정대는 우익수 뜬공으로 잡았고 한승택은 삼진으로 돌려세우며 이어진 위기를 벗어났다. 4회 1사에서 최원준과 김현수에게 연속 안타를 맞은 배동현은 안현민에게 1타점 희생플라이를 허용했다. 힐리어드는 삼진으로 돌려세웠다. 키움이 3-4로 지고 있는 5회에는 박정훈에게 마운드를 넘기고 이날 등판을 마쳤다. 키움은 불펜진이 추가 실점을 허용하면서 3-7로 패했다. 최근 4연패 부진이다. 배동현은 지난 겨울 2차 드래프트를 통해 한화에서 키움으로 이적했다. 4월까지 7경기(29⅔이닝) 4승 평균자책점 2.12를 기록하며 깜짝 스타로 떠올랐다. 당당하게 선발진 한 자리를 따내며 2차 드래프트 신화를 꿈꿨다. 하지만 배동현은 이후 부진을 겪으면서 성적이 하락했다. 5월부터 7월까지 평균자책점 7.46을 기록하는데 그쳤고 시즌 성적은 이날 경기를 포함해 17경기(74⅓이닝) 4승 7패 평균자책점 5.33을 기록중이다. 키움 설종진 감독은 이날 경기 전 인터뷰에서 “배동현이 시즌 초반에는 빠른 승부를 가져가면서 효과적인 피칭을 할 수 있었다. 하지만 시간이 지나면서 유리한 볼 카운트에서 유인구 제구가 안되다보니 투구수가 늘어났다. 또 투구수가 늘어나니까 4~5이닝에서 체력적인 문제가 생기고 구속이 떨어지면서 실점이 나온 것 같다”고 배동현의 최근 부진 원인을 짚었다. “오늘은 5이닝, 6이닝을 생각하지 말라고 했다”고 밝힌 설종진 감독은 “1이닝 1이닝 전력 투구를 한다면 다시 좋은 투구를 할 수 있을거라고 생각한다”며 배동현의 호투를 기대했다. 하지만 배동현은 최근 타격감이 좋은 KT 타선을 제대로 억제하지 못하면서 결국 패전투수가 됐다. 아쉽게 전반기를 마무리한 배동현이 후반기 반등하는 모습을 보여줄 수 있을지 귀추가 주목된다. /fpdlsl72556@osen.co.kr"
2026.07.09 00:36,"순식간에 9-0...롯데 타선 폭발, 나균안 무실점 호투로 KIA 제압",마니아타임즈,한 이닝의 대량 득점이 승부를 일찌감치 갈랐다. 롯데가 KIA를 11-3으로 완파하고 2연승을 달렸다. 롯데는 8일 부산 사직구장에서 열린 2026 신한 SOL KBO 리그 KIA와의 홈경기에서 11-3으로 승리했다. 롯데는 초반부터 앞서 나갔다. 1회 한동희의 희생플라이로 선취점을 뽑은 데 이어 3회에도 전민재의 내야 땅볼과 상대 폭투로 두 점을 보태 3-0으로 달아난 것이다. 승부는 4회에 갈렸다. 롯데가 이 이닝에만 6점을 몰아친 것이다. 황성빈과 고승민의 적시타로 문을 연 롯데는 잇단 안타와 상대 실책을 묶어 순식간에 9-0까지 벌렸다. 마운드도 든든했다. 선발 나균안이 5회까지 KIA 타선을 무실점으로 봉쇄하며 시즌 5승을 챙긴 것이다. KIA는 6회에야 김호령의 2루타 등으로 두 점을 만회했다. 그러나 롯데가 7회 레이예스의 적시타와 8회 김세민의 솔로포로 다시 달아나며 쐐기를 박았다. [장성훈 선임기자/seanmania2020@maniareport.com] 기사제보 및 보도자료 report@maniareport.com
2026.07.09 00:31,"'대구의 첫 함성은 삼성, 마지막 웃음은 LG였다'... 임찬규 9승·1...",에스티엔,"[STN뉴스] 류승우 기자┃대구의 밤은 초반 삼성의 분위기였다. 최형우의 타구가 담장을 넘어가는 순간 삼성 쪽으로 경기가 기우는 듯했다. 그러나 LG 타선은 두 번째 타순부터 다른 모습을 보였다. 한 번 불붙은 타선은 삼성 마운드를 집요하게 흔들었고, 박해민의 발과 홍창기의 해결 능력이 더해지며 흐름은 순식간에 바뀌었다. 선발 임찬규는 초반 실점을 딛고 버텨 시즌 9승 고지를 밟았다. LG는 17안타 화력으로 삼성 원정을 완승으로 마무리했다. 최형우가 열었지만… LG 방망이가 대구 흐름 바꿨다 출발은 삼성이 좋았다. 8일 대구삼성라이온즈파크에서 열린 2026 신한 SOL KBO리그. 삼성은 1회말 2사 후 구자욱이 볼넷으로 살아 나가며 기회를 만들었다. 타석에는 베테랑 최형우가 섰다. 최형우는 LG 선발 임찬규의 체인지업을 놓치지 않았다. 타구는 그대로 오른쪽 담장을 넘어갔고, 삼성은 2-0으로 앞서갔다. 하지만 초반 리드는 오래가지 않았다. LG는 3회부터 추격 시동을 걸었다. 2사 이후 박해민이 내야안타로 출루했다. 평범한 내야안타 하나였지만 삼성 배터리는 곧바로 발 빠른 주자를 신경 써야 했다. 박해민은 곧바로 2루를 훔쳤고, 오스틴 딘이 적시 2루타로 응답했다. 이어 문보경까지 적시타를 추가했다. 순식간에 2-2. 대구의 공기는 다시 팽팽해졌다. 2사 후 시작된 LG 폭풍… 홍창기 한 방에 승부 갈렸다 결정적인 순간은 4회초 찾아왔다. LG는 2사 이후에도 물러서지 않았다. 오지환의 안타가 시작이었다. 이어 이재원이 2루타를 날리며 역전 기회를 만들었고, 구본혁의 우전 적시타까지 이어졌다. 결정타는 홍창기 방망이에서 나왔다. 주자 두 명을 둔 상황에서 홍창기의 타구는 외야 깊숙한 곳으로 향했다. 2타점 3루타. LG는 단숨에 5-2로 달아났다. 삼성 마운드는 흔들렸다. 5회에는 세 번째 투수 미야지 유라가 박동원의 헬멧 챙을 맞히는 공으로 헤드샷 퇴장을 당하며 계획까지 꼬였다. 분위기를 가져온 LG는 멈추지 않았다. 6회초 이재원의 2루타와 구본혁의 희생번트로 만든 기회에서 박해민이 적시타를 날렸다. 이후 폭투까지 나오며 점수는 7-2까지 벌어졌다. 8회에는 대타 문정빈이 중월 솔로포를 터뜨리며 승부에 마지막 점을 찍었다. 흔들린 출발 이겨낸 임찬규… 다승 경쟁 맨 앞으로 임찬규는 1회 이후 다른 투수가 됐다. 1회 최형우에게 홈런을 허용하며 불안하게 출발했지만 이후 무너지지 않았다. 위기마다 삼진으로 흐름을 끊었고, 삼성 타선에 추가 기회를 쉽게 내주지 않았다. 임찬규는 5이닝 6피안타 1피홈런 1사사구 6탈삼진 2실점으로 자신의 역할을 마쳤다. 타선 지원까지 등에 업으며 시즌 9승(2패)을 기록했다. 이 승리로 임찬규는 KIA 아담 올러, 두산 최민석과 함께 다승 공동 선두 그룹에 합류했다. 타석에서는 여러 주인공이 나왔다. 이재원은 결승타 포함 3타수 2안타 1타점으로 중심을 잡았고, 홍창기는 4타수 2안타 1볼넷 2타점 1득점으로 공격의 연결고리 역할을 했다. 친정팀을 만난 박해민도 공격 선봉 역할을 했다. 5타수 3안타 1타점 1득점 1도루. 빠른 발과 정확한 타격으로 경기 내내 삼성 배터리를 괴롭혔다. 반면 삼성 선발 잭 오러클린은 LG의 집중타를 막지 못했다. 3.2이닝 동안 안타 10개를 허용하며 5실점했고 시즌 5패째를 떠안았다. 삼성은 첫 홈런으로 앞서갔다. 그러나 경기 종료 후 전광판에 남은 숫자는 LG의 17안타와 8득점이었다. ※STN뉴스 보도탐사팀 제보하기 당신의 목소리가 세상을 바꾸고, 당신의 목소리가 권력보다 강합니다. STN뉴스는 오늘도 진실만을 지향하며 여러분의 소중한 제보를 기다립니다. ▷ 전화 : 1599-5053 ▷ 이메일 : invguest@stnsports.co.kr ▷ 카카오톡 : @stnnews / STN뉴스=류승우 기자 invguest@stnsports.co.kr ▶STN 뉴스 공식 모바일 구독 ▶STN 뉴스 공식 유튜브 구독 ▶STN 뉴스 공식 네이버 구독 ▶STN 뉴스 공식 카카오톡 구독"
2026.07.09 00:31,"“(손)성빈이 여리다고 해서 내가 유치원 선생도 아니고 ‘잘했어요, 괜찮...",마이데일리,"[마이데일리 = 부산 김진성 기자] “(손)성빈이 여리죠. 여리다고 해서…” 롯데 자이언츠의 새로운 주전포수 손성빈(24)은 포수를 평가하는 기준이 까다로운 포수 출신 김태형 감독에게 가능성을 인정받고 있다. 롯데의 현재와 미래를 모두 고려할 때 다른 포수들을 주전으로 기용하는 건 아니라고 판단했다. 그러나 절대적 측면에서 손성빈은 많이 부족하다는 게 김태형 감독의 설명이다. 일단 포수의 기본인 캐칭과 블로킹 능력이 부족하다. ABS 시대가 아니라면 주전하기 어려울 것이란 냉정한 설명까지 내놨다. 김태형 감독은 우선 손성빈이 좀 더 그라운드에 무게감을 갖길 바란다. 그래야 투수들을 비롯해 동료들에게 신뢰받고, 팀을 이길 수 있게 하기 때문이다. 역사적으로 리그를 대표하는 대형포수들은 묵직했고, 무게감 있었다. 김태형 감독은 8일 부산 KIA 타이거즈전을 앞두고 “성빈이 여리죠. 여리다고 해서 내가 무슨 유치원 선생도 아니고 ‘잘했어요, 괜찮아요’라고는…”이라고 했다. 그러면서 최근 손성빈이 블로킹을 잘못해서 손이 아프다고 동료들에게 토로한 모습을 봤다면서, 김태형 감독은 “박살 냈지”라고 했다. 김태형 감독은 “혼을 낼 수도 있고, 아닐 수도 있는데 강함이 있어야 한다. 가벼우면 안 된다. 섬세할 땐 섬세해야 하는데, 강할 때는 강함이 있어야 한다. 투수들에게도 너무 괜찮다고 하면 버릇 된다. 아주 잘못 던지고 있으면 강하게 얘기할 수도 있어야 한다”라고 했다. 김태형 감독은 물론 웃더니 “아직 투수들한테 인상 쓸 레벨은 아니지. 정말 빌빌거릴 땐 정신 차리라고 따끔하게 한 소리 할 수도 있어야 한다”라고 했다. 그래도 그런 모습이 조금씩 보이기 시작했다며, 긍정적으로 평가했다. 아울러 김태형 감독은 손성빈의 볼배합에 대해 많이 노력하는 걸 안다면서도 “너무 형식적인 게 좀 보이지”라고 했다. 그래도 “국내 투수들에겐 본인이 강단 있게 하더라고요”라고 했다. 이제 처음으로 해보는 주전이니, 자연스러운 성장 과정을 밟고 있다. 결국 김태형 감독은 손성빈의 시급한 보완점은 캐칭과 블로킹이라는 생각에 변함이 없다. 그는 “공 던지는 건 정말 좋은데, 공 잡는 것이나 그런 게…가장 안 되는 게 공 잡는 거거든. 블로킹도 조금씩 좋아지는데 그것도 하다 보면 요령이 생기는 거지. 지금은 공 막 쫓아다닌다고 바쁘니까”라고 했다. 손성빈은 김태형 감독을 더 자주 마주치고 싶다면서, 혼이 나도 좋다고 했다. 김태형 감독은 손성빈의 그런 기질을 가장 높게 평가한다. 올 시즌 손성빈은 78경기서 타율 0.234 2홈런 17타점 21득점 OPS 0.621."
2026.07.09 00:29,"""특정 선수 아닌, 모든 선수들이 자기 역할 잘해줬다""...'원팀'의 롯...",OSEN,"[OSEN=부산, 조형래 기자] 프로야구 롯데 자이언츠가 전반기 마지막 3연전을 위닝시리즈로 장식했다. 이틀 연속 KIA 타이거즈를 대파했다. 롯데는 8일 부산 사직구장에서 열린 프로야구 정규시즌 KIA 타이거즈와의 경기에서 11-3으로 대승을 거뒀다. 이로써 롯데는 전반기 마지막 3연전을 위닝시리즈로 장식했다. 시즌 38승 44패 2무를 마크하며 5위권과 격차를 더더욱 좁혔다. 전날 18안타 10득점을 기록한 롯데 타선은 이날 역시 17안타 11득점으로 타선이 폭발했다. 특히 KIA 에이스 제임스 네일을 상대로 초반 기선 제압에 성공했다. 1회 한동희의 희생플라이로 선취 득점에 성공했다. 3회 추가로 2득점에 성공했고 4회에는 대거 6득점에 성공했다. 고승민의 적시타, 레이예스의 2루타, 박찬형의 내야안타와 상대 실책, 한태양의 2타점 적시타 등으로 격차를 일찌감치 벌렸다. 롯데는 레이예스가 4타수 3안타 1타점 1볼넷 등으로 활약했고 황성빈도 5타수 2안타 2득점, 박찬형과 손호영도 멀티히트 경기로 이날 경기에 기여했다. 나균안은 통산 KIA전 23경기 만에 통산 첫 승을 거뒀다. 경기 후 김태형 감독은 “경기 초반부터 타자들이 찬스에서 집중력을 발휘하며 대량 득점을 해줘 경기를 안정적으로 풀어갈 수 있었다”면서 “선발 나균안이 호투하며 5⅔이닝을 잘 끌어줬고 이어 나온 투수들도 잘 막아내며 승리할 수 있었다”고 전했다. 그러면서 “특정 선수 한두 명이 아닌 경기에 나가는 모든 선수들이 제자리에서 자기 역할을 다 해주고 있어 좋은 결과로 이어지고 있다”며 “매 경기 열성적인 응원으로 힘을 실어 주시는 팬분들께도 감사함을 전하고 싶다”고 밝혔다. 롯데는 9일 선발 투수로 김진욱을 내세운다. KIA는 양현종이 선발 등판한다. /jhrae@osen.co.kr"
2026.07.09 00:28,"‘KIA 킬러’ 거듭난 롯데 나균안, KIA전 ‘통산 첫 승’ 달성…시즌...",스포츠서울,"[스포츠서울 | 사직=강윤식 기자] 올시즌 ‘KIA 킬러’로 거듭난 롯데 나균안(28). 전반기 본인 마지막 등판 날 또 KIA를 상대했다. 이번에도 결과가 좋았다. 6회 마무리가 다소 아쉬웠지만, 그래도 승리투수가 됐다. 그러면서 길었던 KIA전 ‘무승’을 끊었다. 나균안은 8일 서울 잠실구장에서 열린 2026 KBO리그 정규시즌 KIA전에 선발 등판해 5.2이닝 7안타 1볼넷 7삼진 2실점을 기록했다. 속구와 포크볼, 커터를 고르게 던지며 KIA 타자들을 괴롭혔다. 특히 삼진을 무려 7개 잡은 게 눈에 띈다. 타선 도움까지 받으면서 시즌 5승째를 올렸다. 1회초가 쉽진 않았다. 첫 타자 박재현은 공 하나로 우익수 뜬공 처리했다. 이후 김호령에게 2루타를 맞았고, 김도영에게 볼넷을 줬다. 그래도 흔들리지 않았다. 나성범을 상대로 3루수 인필드플라이를 유도했다. 해럴드 카스트로를 삼진으로 돌려세우며 첫 이닝을 마쳤다. 2회초에는 한준수, 김선빈, 주효상을 각각 중견수 뜬공, 우익수 뜬공, 삼진 처리하면서 삼자범퇴다. 3회초도 좋았다. 김규성에게 삼진을 솎아냈다. 박재현을 좌익수 뜬공으로 잡으며 2아웃. 김호령에게 유격수 땅볼을 유도해 2연속 삼자범퇴 이닝을 완성했다. 4회초는 시작이 불안했다. 선두타자 김도영에게 안타를 맞으며 출발했다. 그러나 나성범에게 병살타를 유도해 순식간에 아웃카운트 2개를 올렸다. 카스트로에게 다시 안타를 허용했지만, 한준수를 삼진으로 잡으며 4회초를 끝냈다. 5회초 김선빈, 주효상, 김규성을 모두 범타 처리하며 또 한 번 삼자범퇴다. 이때 투구수가 76개였다. 6회초에도 마운드 올랐다. 2사 2루에서 급격히 흔들렸다. 연속 안타를 맞고 2점을 줬다. 결국 6회를 마무리 짓지 못했다. 그래도 5.2이닝 2실점으로 승리투수 요건을 갖추고 내려갔다. 올시즌 나균안은 KIA 상대로 강한 모습을 보였다. 4월26일 처음 만나 6이닝 2실점을 기록했다. 5월8일엔 6.1이닝 3실점으로 퀄리티스타트(QS)를 달성했다. 6월2일 경기에서도 6.1이닝 3실점으로 QS다. 8일 경기 전까지 KIA 상대 평균자책점 3.86이었다. 예년과 비교하면 확실히 달라진 모습이다. 2024시즌 나균안은 KIA를 맞아 3경기(2경기 선발)에서 1패, 평균자책점 14.09를 기록했다. 2025시즌에는 KIA전 5경기 나와 2패, 평균자책점 4.88이다. KIA만 만나면 작아졌다. KIA전 승리 없이 패만 8번이 쌓였다. 그러나 올시즌엔 KIA전 약점을 극복한 모습이다. 덕분에 오랜만에 KIA전 승리를 챙겼다. 전반기 마지막 경기서 또 한 번의 KIA전 QS를 노렸다. 아웃카운트 하나를 남기고 실패했다. 그래도 5.2이닝 동안 KIA 타선을 충분히 억제했다. KIA전 평균자책점 3점대도 유지했다. 덕분에 기분 좋게 전반기를 마쳤다. skywalker@sportsseoul.com"
2026.07.09 00:22,"사령탑이 MVP로 콕 집었다, LG 홍창기 ""아내의 조언 덕분...류지혁...",일간스포츠,"올 시즌 극심한 타격 슬럼프를 겪고 있는 LG 트윈스 홍창기(33)가 모처럼 활짝 웃었다. 아내의 조언이 한몫했다. 홍창기는 8일 대구 삼성라이온즈파크에서 열린 삼성 라이온즈와 홈 경기에 1번 타자 우익수로 선발 출전해 4타수 2안타 2타점 1볼넷을 기록했다. LG는 8-2로 승리, 삼성에 뺏긴 1위 자리를 하루 만에 탈환했다. 염경엽 LG 감독은 경기 후 ""공수에서 활약을 펼친 홍창기를 칭찬하고 싶다""고 콕 집어 얘기했다. 홍창기는 1회 초 좌전 안타를 치고 나갔으나, 문보경의 우익수 뜬공 때 홈을 파고들다가 태그 아웃됐다. 홍창기는 3-2로 역전한 4회 초 2사 1, 3루에서 우중간을 가르는 2타점 3루타로 팀에 승기를 가져왔다. 또한 5회에는 홈 보살로 상대의 추격 의지를 꺾었다. 그는 ""타석마다 감이 좋아서 좋은 공이면 치자는 마음이었다. 3루타 상황은 찬스였지만 찬스라 생각하지 않고 과감히 치자고 생각해서 좋은 결과로 이어진 것 같다""며 ""정확하게 던지자는 마음으로 힘껏 송구했는데, (임)찬규 형의 승리에 도움을 준 거 같아 기쁘다""고 말했다. 홍창기는 올 시즌 77경기에서 타율 0.252로 여전히 부진하다. 5월 말까지도 1할 타율에 허덕였다. 시즌 초반에 비해 타율이 올랐지만, 통산 타율(0.306)에 한참 못 미친다. 선발 라인업에서 빠져 리드오프 자리를 내주거나, 훈련에만 집중하는 날이 많다. 홍창기는 ""오늘 경기 전에 와이프가 '나 자신과 싸우지 말고, 투수와 싸워라'라고 조언을 해줬다. 그 마음으로 경기에 임해서 좋은 결과가 있었던 것 같다""고 말했다. 이날 경기에선 삼성 내야수 류지혁이 6회 수비 도중 구본혁과 충돌해 한참 동안 그라운드에 쓰러져 있었다. 결국 교체된 그는 병원으로 이동해 CT 검진을 받았다. 검진 결과는 아직 나오지 않은 상황. 홍창기는 ""류지혁 선수의 상태도 걱정이 된다. 큰 부상이 아니었으면 좋겠다""고 쾌유를 빌었다. 대구=이형석 기자 ops5@edaily.co.kr"
2026.07.09 00:20,"불륜설 메시, 입 열었다…메시 아내, 여기자에 보낸 메시지에는",한국경제,"리오넬 메시가 여기자와의 불륜설을 직접 부인했다. 8일 중앙일보는 영국 매체 더미러 등을 인용해 메시가 최근 2026 FIFA 월드컵 카보베르데와의 32강전을 마친 뒤 믹스트존에서 아르헨티나 방송사 텔레페 기자 소피 마르티네스를 만나 자신을 둘러싼 루머를 언급했다고 보도했다. 보도에 따르면 메시는 취재진이 지켜보는 가운데 마르티네스와 포옹한 뒤 웃으며 ""내가 널 보면 왜 쳐다보냐고 하고, 인사하면 왜 인사하냐고 한다""고 정면 돌파했다. 이에 마르티네스 역시 ""전부 거짓말""이라면서 ""사실이 아니다""라고 답했고, 두 사람은 함께 불륜설을 일축했다. 온라인에서는 최근 메시와 마르티네스의 관계를 둘러싼 확인되지 않은 소문이 확산됐다. 두 사람의 불륜설은 2022 FIFA 월드컵 당시 여러 차례 인터뷰를 진행한 데서 비롯됐다. 당시 크로아티아전 이후 진행된 인터뷰에서 마르티네스가 메시에게 ""이번 대회 결과와 상관없이 당신은 이미 아르헨티나 국민들에게 특별한 존재""라는 메시지를 전했고, 일부 누리꾼들이 두 사람의 분위기를 과도하게 해석하며 루머를 낳기 시작했다. 메시의 아내 안토넬라 로쿠초도 마르티네스를 공개적으로 응원한 것으로 전해졌다. 마르티네스는 ""안토넬라가 '소피, 걱정하지 마. 그런 말도 안 되는 이야기는 무시해'라는 메시지를 보내줬다""고 밝혔다. 마르티네스는 과거 한 TV 프로그램에 출연해 루머로 인해 가족까지 큰 고통을 겪었다고 털어놓기도 했다. 그는 ""노출이 많아질수록 좋지 않은 일도 함께 따라온다""면서 ""올해 들어 '왜 메시가 너를 그렇게 바라보느냐'는 식의 이야기가 계속 나왔고, 말도 안 되는 일을 해명해야 하는 상황이 매우 황당했다""고 말했다. 이어 ""여성이라는 이유로 이런 루머의 표적이 된 것 같다""고 덧붙였다. 이보배 한경닷컴 객원기자 newsinfo@hankyung.com"
2026.07.09 00:13,"'곽빈 7이닝 1실점·윤준호 역전포' 두산, SSG 7-3 완파하고 전반...",마니아타임즈,방망이와 마운드가 맞물리며 전반기를 5위로 마무리했다. 두산이 SSG를 7-3으로 완파하고 반환점을 돌았다. 두산은 8일 서울 잠실구장에서 열린 2026 신한SOL KBO리그 SSG와의 홈경기에서 12안타를 앞세워 7-3으로 완승했다. 이로써 우천 취소로 경기를 치르지 않은 6위 한화와 격차를 1.5경기로 벌린 두산은 9일 SSG와의 경기 결과와 관계없이 전반기 5위를 확정했다. 승부는 2회에 뒤집혔다. 0-1로 뒤지던 두산이 양의지와 안재석의 연속 안타 등으로 만든 기회에서 정수빈의 희생타로 동점을 만든 뒤 윤준호의 좌월 투런포로 앞서 나간 것이다. 기세를 탄 두산은 계속 달아났다. 4회 강승호의 적시타와 5회 박준순의 솔로포로 5-1을 만든 데 이어 6회에도 두 점을 보태 7-1로 벌린 것이다. 마운드도 든든했다. 선발 곽빈이 7이닝 1실점 호투로 시즌 8승을 챙긴 것이다. 두산은 8회 박치국이 최준우에게 투런포를 내줬으나 더는 실점하지 않고 경기를 마무리했다. [김선영 마니아타임즈 기자 / maniareport@naver.com] 기사제보 및 보도자료 report@maniareport.com
2026.07.09 00:11,"""못하면 질타받는 건 당연하지만…"" 전반기 다승 공동 1위 확정 → 임찬...",스포츠조선,"[대구=스포츠조선 김영록 기자] ""1위를 다시 탈환한 뜻깊은 경기였다. 최형우 선배님 상대하는 건 정말 힘들다."" LG 트윈스 임찬규가 전반기 마지막 등판에서 9승째를 올리며 다승 공동 1위로 올라섰다. 임찬규는 8일 대구 삼성라이온즈파크에서 열린 삼성 라이온즈와의 전반기 마지막 시리즈 2차전에서 5이닝 2실점으로 역투하며 팀의 8대2 승리를 이끌었다. 1회부터 삼성 최형우에게 투런포를 맞으며 흔들리는듯 했지만, 역시나 임찬규는 임찬규였다. 5회까지 추가 실점없이 자신의 역할을 해냈다. 수비의 도움도 있었다. 5회말 2사 1,2루에서 김성윤의 우익수 앞 안타가 터졌지만, LG 홍창기가 멋진 홈송구로 주자를 잡아냈다. LG는 이후 6~7회 리오스, 8회 김진수, 9회 김윤식이 무실점으로 책임지며 경기를 마무리지었다. 이날 승리로 LG는 시즌 52승째(32패)를 올리며 전날 내줬던 1위 자리를 하루만에 다시 되찾았다. 공교롭게도 전반기 마지막 시리즈가 1~2위팀간의 맞대결이 되면서, 전반기 1위는 우천 취소가 아니라면 9일 경기에서 가려질 예정이다. 염경엽 LG 감독은 ""임찬규가 어려운 상황에서도 선발로서 자기 역할을 다해주면서 승리 발판을 만들었고, 리오스가 2이닝을 깔끔하게 막아주면서 전체적으로 지키는 야구를 할 수 있었다""면서 ""중요한 경기였는데, 집중력을 발휘해준 선수들을 칭찬하고 싶다. 원정인데도 많은 팬들이 찾아와 주셔서 응원해주신 덕분에 역전승을 할 수 있었다""고 감사를 표했다. LG 선발 임찬규는 시즌 9승째를 올리며 KIA 타이거즈 애덤 올러, 두산 베어스 최민석과 함께 다승 공동 1위로 전반기를 마무리지었다. 경기 후 임찬규는 ""정말 중요한 경기라고 생각하고 경기에 나섰는데, 팀 1위를 다시 탈환하는 뜻 깊은 경기가 됐다. 평소보다 더 힘든 경기였는데, 타선이 많이 도와줬다""고 돌아봤다. 1회 최형우에게 통산 431호 홈런을 허용한 것에 대해서는 ""작년에 삼성 상대로 기록이 좋았는데, KIA에 계실 때도 최형우 선배님은 힘든 상대였다. 그 앞에 주자를 주지 말자는 마음이었는데, 공이 빠지면서 볼넷을 줬다""고 돌아봤다. 이어 ""김성윤 상대로 슬로 체인지업으로 삼진을 잡아서 또 슬로체인지업을 던졌는데, 홈런을 맞았다. 이후 빠른 체인지업으로 경기 운영을 바꿔서 잘 풀렸다. 다음부터는 최형우 선배님과도 더 빠른 승부를 해보겠다""고 다짐했다. ""치리노스와 (유)영찬이가 빠지면서 감독님과 코치님들이 고민이 많으셨을 것 같다. 선수들은 못할때 질타를 받는게 당연하다. 위기에 처한 동생들에게 잘 이겨내야한다고 말해주고 있다. 올해 빛을 본 진수처럼 지금 부진한 것도 부질없는 시간이 아니라고 생각하고, 동생들이 힘내줬으면 좋겠다. 내일 경기를 꼭 잡아서 전반기 1위로 마칠수 있도록 최선을 다하겠다."" 대구=김영록 기자 lunarfly@sportschosun.com"
2026.07.09 00:09,커리어하이가 보인다! 완벽한 곽빈의 전반기…탈삼진 전체 1위·QS 국내 ...,스포츠동아,"[잠실=스포츠동아 박정현 기자] 두산 베어스의 에이스 곽빈(27·두산 베어스)이 커리어 하이 페이스로 전반기를 기분 좋게 마무리했다. 곽빈은 8일 잠실구장서 열린 SSG 랜더스와 ‘2026 신한 SOL KBO리그’ 홈경기서 선발등판해 7이닝 2안타(1홈런) 1볼넷 7탈삼진 1실점으로 팀의 7-3 승리를 책임지며 시즌 8승(3패)째를 수확했다. 두산(43승2무41패)은 이날 NC 다이노스전이 우천 취소된 6위 한화 이글스(39승2무40패)에 1.5경기 차로 앞서며 전반기 5위를 확정했다. 곽빈은 SSG전 이전까지 올해 16경기에 등판해 7승3패, 평균자책점(ERA) 2.70, 105탈삼진을 기록했다. 위력적인 투구로 다승, ERA, 탈삼진 3개 부문서 타이틀 경쟁을 펼칠 만큼 투구 페이스가 뛰어났다. 전반기 마지막 등판서 탈삼진 1위에 도전한 곽빈은 초반 평소와 다르게 경기를 운영했다. 1회초 2번타자 박성한에게 던진 5구째 포심 패스트볼이 159㎞까지 나왔지만 상대를 압도하는 투구보다 맞혀 잡는 방법으로 범타를 유도했다. 2회초 1사 후에는 전의산에게 던진 포심 패스트볼이 스트라이크(S)존 한가운데 몰려 우월 솔로포(시즌 4호)를 내줬지만 빠르게 안정감을 찾았다. 곽빈은 3회초부터 삼진 행진에 시동을 걸었다. 선두타자 김성욱에게 슬라이더를 활용해 헛스윙 삼진을 유도했다. 2사 후에는 박성한에게 체인지업을 던져 다시 한 번 삼진을 이끌어냈다. 5회초에도 슬라이더를 던져 고명준을 루킹 삼진으로 얼어붙게 했다. 이를 통해 108탈삼진을 기록해 아담 올러(KIA 타이거즈)와 공동 1위가 됐다. 경기 중반 곽빈은 투구 패턴을 바꿨다. 6회초 1사 후 정준재와 박성한에게 150㎞가 넘는 포심 패스트볼로 루킹 삼진을 이끌어내 탈삼진 부문 단독 1위로 올라섰다. 7회초에는 삼진 2개를 더해 시즌 112탈삼진으로 격차를 벌렸다. 포심 패스트볼로 최정을 헛스윙 삼진으로 돌려세웠다. 2사 후에는 체인지업으로 전의산의 눈을 속여 배트를 끌어냈다. 그는 퀄리티스타트(QS·선발 6이닝 이상 3자책점 이하 투구)를 추가해 팀 동료 최민석과 함께 시즌 11회로 국내투수 공동 1위로 올라섰다. 타석서는 전반기 곽빈과 가장 많은 8번의 배터리 호흡을 이룬 도우미 윤준호가 힘을 보탰다. 그는 1-1로 맞선 2회말 2사 3루서 SSG 선발 전영준의 포심 패스트볼을 때려 좌측 담장을 넘기는 2점홈런(시즌 3호)으로 결승타를 기록했다. 잠실｜박정현 기자 pjh60800@donga.com"
2026.07.09 00:09,"김진욱, 장원준 이후 12년 만에 자이언츠 국내 좌완 10승 도전",일간스포츠,"지난해까지 김진욱(24)은 롯데 자이언츠의 '아픈 손가락'이었다. 그는 강릉고 2학년이었던 2019년 '고교 최동원상'을 수상할 만큼 특급 유망주였고, 2021 신인 드래프트에서 전체 1순위로 롯데의 지명을 받았다. 하지만 프로 입성 첫 3년(2021~2023) 연속 6점 대 평균자책점을 기록하며 기대에 미치지 못했고, 대체 요원으로 중반부터 선발 투수 임무를 수행한 2024년 일시적으로 반짝였지만, 이듬해 다시 부진했다. 2026년 김진욱은 비로소 잠재력을 드러냈다. 비활동기간 사비를 털어 일본 야구 아카데미를 찾아 하체의 중심 이동을 통한 투구를 익혔고, 스프링캠프 기간 코치들과 호흡하며 이를 체화했다. 포심 패스트볼(직구) 구위가 한층 향상됐다. 2024년부터 연마한 체인지업도 정교해졌다. 김진욱은 지난주까지 등판한 15경기에서 5승(3패)을 거두며 이미 다승 커리어 하이를 해냈다. 평균자책점(2.84) 5위, 피안타율(0.235) 3위를 지키는 등 리그 정상급 퍼포먼스를 보여줬다. 롯데는 지난 10년 국내 좌완 선발 투수 기근에 시달렸다. 풀타임으로 선발 로테이션을 소화한 선수가 한 명도 없을 정도였다. 김유영(현 LG 트윈스) 심재민(현 울산 웨일즈) 기대주들도 결국 팀을 떠났다. 롯데는 2014년 10승을 거둔 장원준(은퇴) 이후 두 자릿수 선발승을 채운 국내 좌완 투수를 배출하지 못했다. 김진욱이 장원준 이후 12년 만에 10승 달성에 도전한다. 그는 오는 9일 부산 사직구장에서 열리는 KIA 타이거즈전에서 전반기 마지막 등판에 나설 예정이다. 김진욱은 전반기 좋은 성적에 대해 ""솔직히 평균자책점을 2점 대로 낮춘 건 기분이 좋다. 이렇게 (잘) 던져본 적은 처음이다""라며 웃었다. 그러면서도 그는 그동안 롯에서 선발 투수 임무를 수행한 선배 박세웅·나균안 가장 강조한 기록인 '이닝'에 가장 큰 가치를 두고 있다. 김진욱은 전반기 이닝 소화 능력도 뛰어났다. 올 시즌 총 8번 6이닝 이상 소화했다. 팀 내 평균 이닝(5와 3분의 2)도 1위다. 올 시즌 총 88과 3분의 2이닝을 소화한 그는 지난주까지 15번 이하 등판한 리그 투수 중에서 이 부문 1위에 올랐다. 4월 8일 부산 KT 위즈전에서는 2011년 6월 16일 SK 와이번스(현 SSG 랜더스)전 장원준 이후 약 15년 만에 롯데 소속 국내 좌완 투수로 한 경기에 8이닝을 채운 투수가 되기도 했다. 김진욱이 14년(1994~2007) 동안 롯데에서만 뛴 주형광, 그의 후계자 장원준에 이어 자이언츠 '좌완 에이스' 계보를 이을 선수로 거듭나고 있다. 안희수 기자 anheesoo@edaily.co.kr"
2026.07.09 00:03,"환갑날 3연승 선물 받았다, 이강철 감독 미소 ""선수들 수고 많았다"", ...",마이데일리,"[마이데일리 = 수원 심혜진 기자] 2026년 7월 8일(음력 5월 24일생)은 이강철 감독의 60번째 생일이다. KT 위즈 선수단이 기분 좋은 승리로 환갑 선물을 안겨줬다. KT는 8일 수원 KT위즈 파크에서 열린 2026 신한 SOL KBO리그 키움 히어로즈와 홈경기에서 7-3 승리를 거뒀다. 이날 승리로 3연승과 함께 KT는 47승 35패 1무를 기록했다. KT는 선발 로건 앨런이 4이닝 7피안타(2홈런) 2사사구 2탈삼진 3실점으로 조기 강판됐지만, 불펜진이 남은 5이닝을 무실점으로 막아냈다. 타선에서는 허경민이 3안타 2득점, 김상수가 2안타 1타점, 배정대가 2안타 2타점으로 활약했다. 이날은 이강철 KT 감독의 60번째 생일이었다. 이 감독은 음력 5월 24일생으로, 올해는 7월 8일이 생일이다. 선수단은 경기 전 라커룸에서 생일 파티를 준비하기는 했다. 다함께 생일 축하 노래를 불렀고, 이강철 감독은 케이크 촛불을 불었다. 그리고 김현수는 이강철 감독 얼굴에 케이크를 묻히며 다시 한 번 축하했다. 그리고 선수단은 승리로 다시 한 번 생일 선물을 안겼다. 경기 후 이강철 감독은 ""오늘 선발 로건이 많은 투구수를 기록했지만 최소 실점으로 막아주며 추격의 발판을 마련했다. 뒤에 나온 투수들도 훌륭하게 이닝을 책임졌다""고 투수진을 언급했다. 이어 ""타선에서는 선취점을 허용 후 곧바로 동점과 역전 타점를 내며 경기 분위를 뺏기지 않았다. 경기 후반 김상수, 안현민의 타점과 배정대가 추가 2타점을 내며 승기를 굳힐 수 있었다""며 ""선수들 수고 많았다""고 박수를 보냈다. 이날 쐐기 타점을 올린 배정대는 경기 후 ""감독님 생신이신데 선물을 드린 것 같아서 좋다""고 활짝 웃어보였다."
2026.07.09 00:03,"전반기 위너는 누구? ‘명불허전’ 오스틴·올러, ‘환골탈태’ 최민석·최원...",중앙일보,"올 시즌 프로야구가 9일 5경기를 끝으로 올스타 브레이크에 접어든다. 전반기 부문별 최고 선수 윤곽도 어느 정도 드러났다. 일단 오스틴 딘(LG 트윈스)은 명실상부한 전반기 최고 타자다. 7일까지 올 시즌 83경기에서 타율 0.344, 홈런 27개, 82타점, 68득점, OPS(출루율+장타율) 1.092를 기록했다. KBO가 공식 시상하는 8개 부문 중 홈런·장타율(0.669) 1위, 타점·득점 2위, 안타(114개) 3위, 타율 4위, 출루율(0.423) 6위 등 도루를 제외한 전 부문 상위권에 이름을 올리고 있다. 특히 KIA 타이거즈 김도영(26개)과의 ‘장군멍군’ 홈런 선두 경쟁은 연일 감탄을 자아낸다. 안 그래도 LG 역사상 최고의 외국인 타자로 꼽혔는데, KBO리그 4년 차인 올해 기량이 더 만개했다. 애덤 올러(KIA)는 투수 중 최고다. 전반기 16경기에서 99와 3분의 1이닝을 소화하면서 탈삼진(108개) 1위, 다승(9승) 공동 1위, 평균자책점(2.36) 2위라는 화려한 성적표를 받아들었다. 두 시즌 만에 기존 1선발이었던 제임스 네일을 추월해 KBO리그 정상급 에이스로 발돋움했다. 4위 KIA는 후반기 들어 ‘톱 3’ 도약을 노리는데, 올러가 그 선봉에 선다. 이들과 자웅을 겨루는 최민석(두산 베어스)과 최원준(KT 위즈)은 놀라운 성장과 도약으로 돌풍을 일으킨 ‘다크호스’다. 두산 2년 차 선발 투수 최민석은 전반기 16경기에서 평균자책점 2.33을 기록해 올러와 류현진(한화 이글스·2.67)을 제치고 이 부문 1위로 올라섰다. 승수도 벌써 9승으로 올러와 공동 1위다. 2025년 두산의 2라운드(전체 16순위) 지명을 받고 프로에 발을 내디딘 최민석은 지난해 5월 말 처음 1군에 합류한 뒤 꾸준히 선발 수업을 받았다. 첫 시즌 17경기 성적은 3승 3패, 평균자책점 4.40. 그는 지난 1년간 쌓은 노하우를 십분 활용해 프로 두 번째 시즌 만에 리그 정상급 투수로 자리매김하고 있다. 직구 구속은 시속 140㎞ 중후반대로 빠르지 않은데, 제구력과 땅볼 유도 능력이 일품이다. 피안타율(0.212)과 이닝 당 출루 허용(1.17) 등도 리그 톱10 안에 든다. 시즌 초 “아직 성장하고 있는 선수”라고 말을 아꼈던 김원형 두산 감독은 이제 “최민석이 마운드에 올라가면 (두산 토종 에이스) 곽빈처럼 계산이 선다. 스무살 답지 않게 안정적인 투구를 한다”고 칭찬을 아끼지 않는다. KT 외야수 최원준는 ‘올해의 환골탈태’라 불러도 손색이 없다. 2016년 KIA에 입단한 그는 지난해 7월 트레이드를 통해 NC 다이노스로 이적했다. 시즌이 끝난 뒤 자유계약선수(FA) 자격을 얻어 시장에 나왔지만, 냉정하게 ‘대어급’으로 평가받지는 못했다. 실제로 KT가 최원준과 4년 최대 48억원에 계약하자 “다른 FA 외야수를 놓친 뒤 급하게 오버페이를 한 게 아니냐”는 시선이 쏟아졌다. 정작 지금은 이 계약이 헐값으로 느껴질 정도다. 최원준은 타율(0.364)과 최다 안타(115개) 1위를 달리면서 리그 정상급 리드오프로 자리매김하고 있다. 출루율(0.441) 부문에서도 박성한(SSG 랜더스), 박민우(NC·이상 0.441) 등과 치열한 선두 다툼을 하고 있다. FA 계약 후 ‘좋은 성적을 내야 한다’는 부담과 압박감을 내려 놓자 오히려 최상의 결과가 따라왔다. 지난 10년간 풀타임으로 3할을 넘긴 시즌이 단 한 차례(2020년 0.326)였던 그가 올해 야구 인생의 새로운 장을 열어젖힌 모양새다. 배영은 기자"
2026.07.09 00:02,"한화 '최초 2루수' 대타 초구 아웃인데 달감독 반했네!…""결과적으로 잡...",엑스포츠뉴스,"(엑스포츠뉴스 대전, 김근한 기자) 한화 이글스 김경문 감독이 내야수 정은원의 복귀 첫 타석에서 가능성을 발견했다. 정은원은 지난 7일 대전 한화생명볼파크에서 열린 2026 신한 SOL뱅크 KBO리그 NC 다이노스전 7회말 2사 1, 2루 기회에서 대타로 올 시즌 첫 1군 타석에 들어섰다. 지난 6월 1일 상무야구단에서 제대한 뒤 퓨처스리그를 소화하다 전반기 마지막 시리즈를 앞두고 콜업된 직후 치른 1군 복귀 무대였다. 정은원은 바뀐 투수 전사민의 초구 148km/h 투심 패스트볼이 가운데로 들어오자 거침없이 배트를 돌렸다. 우익수 정면을 향해 재빠르게 뻗어나간 강한 라인 드라이브 타구였지만 아쉽게도 우익수 정면으로 향해 아웃카운트가 늘어났다. 정은원은 8회초 박정현과 교체되며 대타 한 타석으로 복귀전을 마쳤다. 8일 취재진과 만난 김경문 감독은 정은원의 그 한 타석을 높이 평가했다. ""대타 나가는 우리 타자들이 특히 득점권 기회에서 공격적으로 치는 경향이 조금 부족하다. 대타 나왔는데 그 초구를 노려서 치는 타자가 많이 없었다""고 먼저 짚은 뒤 ""어제는 타구도 사실 조금 더 다른 쪽으로 날아갔으면 펜스도 맞을 수 있었고 결과적으로 잡혔지만 칭찬해 줄 부분이 아닌가 생각한다""고 강조했다. 앞서 김 감독은 정은원 1군 콜업 배경에 대해서도 앞서 설명한 바 있다. 김 감독은 ""투수들이 빠지는 타이밍이라 전반기 끝에 와서 본인도 팀 분위기를 한 번 보고 가는 게 낫지 않을까 했다. 후반기에 어떻게 될지 모르니 짧은 시간에 기회를 잡을 수도 있다. 여러 가지 생각을 하고 올렸다""고 밝힌 바 있다. 2021년 한화 프랜차이즈 2루수 최초로 골든글러브를 수상한 정은원은 군 복귀 후 퓨처스리그에서 타율 0.114(35타수 4안타)로 두각을 나타내지 못했다. 하지만 초구 공략이라는 단 한 타석의 적극적인 모습이 김경문 감독의 눈길을 끌었다. 사실상 정은원의 이날 타석은 후반기 주전 경쟁을 위한 중요한 신호탄이기도 했다. 전반기 주전 2루수로 활약했던 이도윤은 6월 들어 타격감이 꺾이며 최근 10경기 타율 0.121(33타수 4안타)로 부진이 이어지고 있다. 정은원의 복귀는 이도윤과 황영묵을 향한 선의의 경쟁 신호탄으로 작용할 전망이다. 김 감독의 말처럼 후반기에 어떤 상황이 벌어질지 모르는 만큼 정은원의 존재는 분명히 팀에 필요한 카드다. 단 한 번의 타석에서 초구를 과감하게 공략한 정은원. 결과는 아웃이었지만 그 스윙 하나가 감독에게 강렬한 인상을 남겼다. 사진=한화 이글스 김근한 기자 forevertoss88@xportsnews.com"
2026.07.09 00:01,'계약 만료 임박' 삼성 5승 투수 고별전일까…ERA 2.08 잘 막았던...,스포티비뉴스,"[스포티비뉴스=대구, 신원철 기자] 이 경기가 고별전이었을까. 삼성 부상 대체 외국인 선수 잭 오러클린이 전반기 마지막 등판에서 패전을 안았다. 전반기 성적은 5승 5패 평균자책점 4.86이다. 오러클린은 8일 대구 삼성라이온즈파크에서 열린 '2026 신한 SOL KBO리그' LG 트윈스와 경기에 선발 등판해 3⅔이닝 10피안타 4탈삼진 5실점으로 고전했다. 1회말 터진 최형우의 2점 홈런으로 리드를 안고 있었지만 3회 2사 후 연속 적시타 허용으로 동점을 내주고, 4회에는 3점을 더 빼앗긴 뒤 두 번째 투수 임기영으로 교체됐다. 경기가 2-8 삼성의 패배로 끝나면서 오러클린은 패전투수가 됐다. 어쩌면 이 경기가 고별전일 수도 있다. 오러클린은 이달 16일까지 삼성과 계약한 일시 대체 선수 신분이다. 삼성은 새 외국인 투수 영입을 위해 복수 선수와 협상하고 있는 것으로 알려졌다. 메이저리그 경력이 있는 '빅네임' 크리스 패댁을 영입할 것이라는 루머도 있다. 오러클린은 대체 선수 신분으로 무려 17경기를 치렀다. 데뷔전도 치르지 못하고 시즌아웃된 맷 매닝의 부상 대체 선수로 삼성 유니폼을 입었고, 3월 31일 두산 베어스를 상대로 KBO리그 데뷔전을 치렀다. 이후 두 차례 연장을 통해 17경기 투구로 전반기 완주에 성공했다. 17경기 등판은 KIA 제임스 네일(18경기)에 이어 공동 2위 기록이다. 그러나 후반기에서 오러클린을 볼 수 있을지는 미지수다. 삼성은 외국인 투수 교체를 검토하고 있다. 메이저리거 패댁도 후보에 있는 것으로 알려졌다. 오러클린이 전반기 막판 페이스가 떨어진 탓이다. 오러클린은 지난달 11일 KT전 6이닝 무실점 승리로 시즌 5승을 달성한 뒤 최근 4경기에서 승리 없이 2패에 그쳤다. 5이닝을 채운 경기는 지난달 24일 LG전 5⅓이닝 2실점 한 번뿐이다. 이 경기에서는 패전을 안았다. 그나마 LG에는 2경기에서 평균자책점 2.08로 강했지만 8일 홈경기에서는 강점을 살리지 못했다. LG에 3⅔이닝 10피안타 5실점으로 난타당했다. 우익수 김성윤의 1회 홈송구 등 두 번의 어시스트 덕분에 내용에 비해 실점이 적었다고 봐야 한다. 삼성 박진만 감독은 8일 경기 전 ""구위가 전과 같다면 이른 타이밍에 교체해야 하지 않겠나""라며 불펜 기용 타이밍을 평소보다 앞당기겠다고 예고한 상태였다. 벤치의 신뢰가 전과 다르다는 의미로 해석할 수 있었다. <저작권자 ⓒ SPOTV NEWS. 무단전재 및 재배포 금지>"
2026.07.09 00:01,"'아찔한 충돌' 류지혁, 뇌진탕 증세로 교체 후 병원 검진...""CT 촬...",OSEN,"[OSEN=대구, 한용섭 기자] 프로야구 삼성 라이온즈 내야수 류지혁이 상대 선수와 부딪히며 얼굴에 큰 충격을 받고 교체됐다. 어지럼증 증세로 안정을 취한 다음 병원으로 검진을 받으러 갔다. 류지혁은 8일 대구 삼성라이온즈파크에서 열린 LG와 경기에 6번 2루수로 선발 출장했다. 경기 도중 6회 수비 때 불상사가 일어났다. LG가 5-2로 앞선 6회 선두타자 이재원이 좌중간 2루타로 출루했다. 무사 2루에서 구본혁이 희생번트를 시도했다. 번트 타구를 투수가 잡아서 1루 베이스 커버를 들어간 2루수 류지혁에게 송구했다. 류지혁이 포구 후 공을 떨어뜨렸다. 류지혁이 공을 다시 집으려 했고, 타자주자 구본혁이 1루 베이스로 달려오면서 서로 부딪혔다. 구본혁의 허벅지에 류지혁의 얼굴이 강하게 부딪혔고, 그라운드에 쓰러졌다. 류지혁이 1루 베이스 옆에 쓰러져 일어나지 못했다. 구본혁도 잠시 후 일어났으나, 류지혁은 머리에 큰 충격을 받았는지 일어나지 못했다. 트레이너와 코칭스태프가 달려나와 류지혁의 몸 상태를 살폈다. 시간이 계속 지났고, 구급차가 그라운드에 들어왔다. 다행히 한참 시간이 지난 후 류지혁이 일어났고, 구급차에 타지 않고 부축을 받으며 더그아웃으로 이동했다. 하지만 홈플레이트 앞에서 어지럼증으로 주저앉았고, 결국 트레이너에 업혀서 더그아웃으로 들어갔다. 류지혁 대신 김상준이 2루수로 교체 출장했다. 삼성 구단 관계자는 ""류지혁 선수는 현재 어지러움 증세가 있어서 안정 취하는 중이다. 계속 상태 지켜보면서 오늘이나 내일 병원 갈 예정이다""고 전했다. 경기가 끝난 후, 삼성 관계자는 ""류지혁 선수는 CT 촬영을 하기 위해 병원으로 이동했다""고 전했다. 정확한 검진 결과는 9일 나올 전망이다. /orange@osen.co.kr"
