2026.07.12 23:51,"44년 기다림 끝! 세광고, 경북고 꺾고 청룡기 첫 우승",포모스,"청주 세광고가 44년 만에 전국대회 정상에 올랐다. 전통의 강호 경북고를 결승에서 제압하며 학교 역사상 처음으로 청룡기 우승 트로피를 품에 안았다. 세광고는 12일 서울 목동구장에서 열린 제81회 청룡기 전국고교야구대회 결승에서 경북고를 6-2로 꺾었다. 이번 우승은 1982년 송진우를 앞세워 황금사자기 정상에 오른 이후 세광고가 거둔 두 번째 전국대회 우승이다. 경기 초반부터 세광고의 집중력이 돋보였다. 1회 서정휘의 좌전 적시타로 먼저 점수를 낸 뒤 2회에는 볼넷 3개로 만든 만루 기회에서 황동민의 희생플라이와 김우진의 2타점 적시타가 이어져 4-0까지 달아났다. 경북고도 쉽게 물러서지 않았다. 5회 조채완의 2루타와 최우준의 안타를 앞세워 두 점을 따라붙으며 분위기를 바꾸려 했다. 하지만 추가 득점 기회에서 병살타가 나오면서 추격 흐름이 끊겼다. 위기를 넘긴 세광고는 9회 다시 힘을 냈다. 이상준과 대타 황재윤의 연속 적시타로 두 점을 더 보태며 승부에 쐐기를 박았다. 마운드에서는 박상민의 활약이 결정적이었다. 5회 구원 등판한 그는 4⅔이닝 동안 안타 3개만 허용하고 무실점으로 막아냈다. 특히 등판 직후 병살타를 유도하며 경북고의 추격을 끊어낸 장면이 승부처가 됐다. 최우수선수상은 세광고 2루수 서정휘가 차지했다. 대회 타율 0.529와 7타점, 5도루를 기록하며 공격과 수비에서 고른 활약을 펼쳤다. 개인 기록에서는 마산용마고 노민혁이 눈에 띄었다. 타율 0.643을 비롯해 타점과 도루, 홈런, 득점 부문까지 모두 석권하며 5관왕에 올랐다. 청룡기에서만 8차례 우승했던 경북고는 통산 9번째 정상에 도전했지만 세광고의 탄탄한 마운드와 초반 집중력을 넘지 못했다. 반면 세광고는 오랜 기다림 끝에 전국대회 우승을 추가하며 새로운 역사를 썼다. 사진 = 대한야구소프트볼협회 제공 최대영 rokmc117@fomos.co.kr",https://v.daum.net/v/Uy7uqx6biG
2026.07.12 23:01,박석민·박준현 부자 올스타 탄생 ”아빠는 그런 말 별로 안 해요…그저 선...,마이데일리,"[마이데일리 = 김진성 기자] “아빠는 그런 말 별로 안 해요.” 키움 히어로즈 신인 우완투수 박준현(19)은 지난 10~11일 열린 올스타전서 나눔 올스타 감독 추천선수로 당당히 참가했다. 이로써 KBO리그에 또 하나의 ‘부자 올스타’가 탄생했다. 아버지 박석민 삼성 라이온즈 2군 타격코치는 현역 시절 명 3루수였고, 당연히 올스타전 출전 경력이 있다. 박준현은 이날 등장 퍼포먼스 컨셉을 아예 ‘박석민 주니어’로 잡았다. ‘뽀글머리 가발’을 쓰고 마운드에 올랐다. 박석민 코치는 현역 시절 뽀글머리로 팬들의 관심을 모으던 시기가 있었다. 부전자전이라고, DNA가 어디로 도망가지 않았다. 박준현이 뽀글머리 가발을 쓰니 딱 박석민 코치의 현역 시절 모습이었다. 박준현은 11일 올스타전을 앞두고 “우선 (올스타로 추천해준 설종진)감독님에게 감사하다. 좋은 추억을 쌓고, 후반기에 진짜 좋은 모습을 보여드리면 좋겠다”라고 했다. 그러면서 “어릴 때 올스타전에 와본 기억은 안 난다. 솔직히 뭘 잘 모르기도 했다. 그런데 지금은 여기에 진짜 오기 힘들다는 걸 느꼈다”라고 했다. 박석민 코치가 평소 야구에 대해선 아들에게 전혀 얘기 안 하는 듯하다. ‘부자 올스타’가 됐지만 그것에 대해 별다른 얘기도 안 했다고. 박준현도 딱히 생각은 안 했다. “그런 건 생각도 안 했다. 아빠도 별 말 안 하기 때문에…”라고 했다. 대신 아버지는 아들에게 “그저 가서 선배들에게 인사 잘 드리라고”했다. 아들이 버릇 없는 선수로 보이길 바라지 않기 때문이다. 실제 박석민 코치도 현역 시절 팬들과 취재진에 깔끔한 매너로 유명했고, 박준현 역시 워크에식이 좋다는 평가를 받는다. 박준현은 전반기 10경기서 1승4패 평균자책점 3.67로 기대이상의 선전을 펼쳤다. 150km대 후반의 포심에 슬라이더, 커브를 구사했다. 경기력에 기복이 심했지만, 고졸 신인이 거치는 당연한 성장통이다. 49이닝을 소화했고, 후반기에 그렇게 무리하게 기용되지 않을 전망이다. 박준현은 “전반기에 아쉬운 게 많았다. 배워가는 것이다. 후반기에는 그 경험을 바탕을 더 준비를 잘 하겠다. 마운드에서 한번씩 제구력이 무너지는 게 부족하다. 불리한 볼카운트에서 꼭 맞았다. 후반기에는 맞더라도 내가 유리한 볼카운트나, 스트라이크를 잡으러 들어가면서 맞고 싶다”라고 했다. 공격적인 투구의 중요성을 잘 알고 있다.",https://v.daum.net/v/zahhltZvIx
2026.07.12 22:41,"후반기 '5할'해도 '꼴찌탈출' 힘들다…키움, '특타훈련'→'2용타' 다...",스포츠조선,"[스포츠조선 고재완 기자] 키움 히어로즈는 4년 연속 꼴찌의 수모를 이대로 당하고 말 것인가. 전반기를 최하위로 마감한 키움이 4년 만에 꼴찌에서 탈출 할 수 있을지 관심이 높다. 전반기를 마친 현재 키움은 두산 베어스와 함께 10개 구단중 가장 많은 87경기를 소화했다. 하지만 많은 경기를 소화했다는 것은 현재 꼴찌인 키움에게는 꼴찌 탈출을 더 힘겹게 하는 요소가 된다. 87경기에서 29승1무57패. 남은 경기는 고작 57경기에 불과하다. 이 경기중 '반타작'을 한다고 쳐도 58승1무85패. 지난 해 순위와 비교해도 꼴찌 안착이다. 하지만 지금의 경기력으론 '5할' 승률을 장담하기도 힘들다. 이런 상황이니 각종 팬커뮤니티에서 '탱킹' 의혹이 끊이지 않는다. 하지만 요즘의 프로야구에서 '탱킹'은 현실성이 부족하다. 현장에서 한 번이라도 '직관'을 해본 팬이라면 '10위'라는 순위가 얼마나 압박감으로 다가오는지 확인할 수 있다. 1라운드 1순위 지명권을 갖기 위해 '탱킹'을 한다는 것은 이미 3년 동안 1라운드 1순위 지명권을 가졌던 키움에게는 별다른 메리트로 느껴지지 않는다. 그보다는 아예 박준현처럼 1라운드 1순위로 뽑은 선수들을 프로에서 하루라도 빨리 활용할 수 있게 키우는 것이 목표가 될 가능성이 높다. 팬들 말대로 7년 후 포스팅으로 메이저리그에 보내고 돈을 받기 위해 1순위를 지명하더라도 7년 동안 모든 선수들이 이정후, 송성문처럼 자라리라는 법도 없다. 2024년부터 2026년까지 신인 드래프트에서 현재 키움 선발 라인업에 포함되고 있는 선수는 박준현, 여동욱, 박정훈 정도가 전부다. 이 선수들 마저도 앞으로 폭발적인 기량 향상이 가능해야 빅리그행을 꿈꿀 수 있다. 오히려 지금 현재의 퓨처스리그 자원들을 제대로 키우지 못했다고 탓하는 것이 옳은 비판이다. 하지만 선수 기용에 관한 비판은 자초한 면이 없지 않다. 가장 가까운 예로 김윤하의 '선발 18연패'를 들 수 있다. 장시환의 19연패나 심수창의 18연패는 중간 계투 기록이 포함된 것이지만 김윤하는 오롯이 선발로 18연패를 당했다. 이는 이제 스물한살이 된 선수의 멘탈에도 영향을 미칠 수 있는 부분이다. 올 시즌 다섯번의 구원 등판때도 무실점이 없었던 김윤하에게 선발 자리를 맡겨 부담을 주는 것은 선수를 사지로 몰아넣는 꼴이나 다름 없다. 반면 박정훈은 5월 선발로 4경기 1승1패 가능성 있는 모습을 보였지만 구원으로 보직이 다시 전환됐다. 이용규까지 사고를 치며 그렇지 않아도 부족한 코치진이 더 힘겨운 싸움을 하고 있는 키움이 후반기 반등의 모멘텀을 만들 수 있을까. 키움 선수들은 최근 대부분의 홈 경기후 특타 훈련을 하고 있다. 이들이 지독한 외로움과 비난 속에서도 순위표에 1승이라도 더 얹기 위해 노력하고 있다. 고재완 기자 star77@sportschosun.com",https://v.daum.net/v/Ko6ddEAiU2
2026.07.12 22:08,"세광고 야구부, 창단 72년 만에 첫 청룡기 우승",KBS,"[KBS 청주]청주 세광고등학교 야구부가 1955년 창단 이후 72년 만에 처음으로 청룡기 우승을 차지했습니다. 세광고는 오늘(12일) 서울 목동야구장에서 열린 제81회 청룡기 전국 고교 야구 선수권대회 결승에서 경북고에 6대 2로 승리하며 우승했습니다. 세광고가 청룡기 정상에 오른 건 이번이 처음이고, 주요 전국 대회에서 우승한 것은 1982년 황금사자기 이후 44년 만입니다. 송근섭 기자 (sks85@kbs.co.kr)",https://v.daum.net/v/5TJKnrEoSi
2026.07.12 21:42,"'와 드디어' 세광고 무려 44년 만에 전국대회 제패, 송진우 시절 이후...",마이데일리,"[마이데일리 = 이정원 기자] 세광고가 무려 44년 만에 전국대회를 제패했다. 세광고는 12일 서울 목동야구장에서 열린 제81회 청룡기 전국고교야구대회 겸 주말리그 왕중왕전 경북고과 결승에서 6-2 승리를 거뒀다. 세광고는 1982년 황금사자기 우승 이후 무려 44년 만에 전국대회 제패의 꿈을 이뤘다. '이글스의 레전드' 송진우 시절 이후 처음이다. 또한 청룡기 대회에서 우승을 차지한 것도 이번이 처음이다. 여러모로 의미가 있다. 경북고는 통산 9번째 청룡기 우승을 노렸지만, 아쉽게 준우승에 머물렀다. 세광고는 1회초 서정후의 선제 적시타로 기선제압에 성공했다. 2회에는 황동민의 희생플라이와 김우진의 2타점 적시타로 점수 차를 벌렸다. 경북고도 5회 조채완과 최우준의 적시타로 추격했지만 좀처럼 흐름을 뒤집지 못했다. 세광고는 9회초에 2점을 가져오며 승부에 쐐기를 박았고, 9회말 역전 없이 리드를 지키며 우승을 차지했다. 대회 최우수선수상은 내야수 서정휘(3학년)에게 돌아갔다. 서정휘는 이번 대회에서 타율 0.529 7타점 5도루를 기록했다. 매서운 타격감, 빠른 발은 물론 안정적인 수비 능력도 돋보였다.",https://v.daum.net/v/Y3FL2JRfDy
2026.07.12 21:41,"고우석, 빅리그 2경기 만에 첫 홀드 신고…‘주눅 없는 투구’",KBS,"[앵커] 메이저리거의 꿈을 이룬 미네소타의 고우석이 데뷔 두 경기 만에 첫 홀드를 따냈습니다. 샌디에이고 송성문도 공수주에서 활약해 박수 갈채를 받았습니다. 이무형 기자의 보도입니다. [리포트] 고우석은 팀이 5 대 3으로 앞선 8회 마운드에 올라 빅리그 데뷔 두 번째 등판 만에 필승조 역할을 맡았습니다. 출발은 깔끔했습니다. 선두 타자 그리섬을 상대로 노 볼 투 스트라이크를 먼저 잡은 뒤, 빅리그 콜업 이후 처음으로 커브를 던져 우익수 뜬공을 유도했습니다. 고우석은 지난해 37개의 홈런을 친 조 아델과 승부에서 이날 최고인 시속 155km/h 직구를 뿌리며 루킹 삼진을 끌어냈지만, ABS 챌린지 끝에 판정이 정정돼 볼넷을 내줬습니다. 메클러를 땅볼로 처리한 고우석은 이후 위기관리 능력도 증명했습니다. 구즈먼에게 내야 안타를 맞고 투수 코치가 마운드까지 방문했는데, 완벽한 슬라이더 제구로 후속 타자 오호피를 침착하게 범타로 정리했습니다. 1이닝 무실점 투구를 펼친 고우석은 팀 승리의 징검다리를 놓으며 빅리그 데뷔 첫 홀드를 따내는 기쁨을 맛봤습니다. [데릭 쉘튼/미네소타 감독 : ""고우석은 한국에서 세이브를 많이 거둔 선수입니다. 빅리그가 처음이지만, 중요한 순간에 주눅 들거나 부담을 갖지 않았고, 이닝을 잘 마무리했습니다. 오늘 우리의 대처가 매우 만족스럽습니다.""] 샌디에이고 송성문도 인상적인 활약을 펼쳤습니다. 팀의 9번 타자 겸 3루수로 선발 출전한 송성문은 3회, 상대 좌완 불펜투수 마코의 바깥쪽 슬라이더를 받아쳐, 2타점 적시타를 뽑아냈습니다. 곧바로 시즌 11번째 도루를 기록한 송성문은, 수비에서도 환상적인 다이빙캐치로 팀을 구해, 홈 팬들의 박수갈채를 받았습니다. KBS 뉴스 이무형입니다. 영상편집:하동우 ■ 제보하기 ▷ 전화 : 02-781-1234, 4444 ▷ 이메일 : kbs1234@kbs.co.kr ▷ 카카오톡 : 'KBS제보' 검색, 채널 추가 ▷ 유튜브, 네이버에서도 KBS뉴스를 구독해주세요! 이무형 기자 (nobrother@kbs.co.kr)",https://v.daum.net/v/ppNvjhOcvk
2026.07.12 21:41,[오늘의 영상] 청룡기 우승 44년 만의 감격,KBS,"청주 세광고가 청룡기 전국고교야구대회 결승에서 경북고를 꺾고 무려 44년 만에 전국대회 정상에 올랐는데요, 북중미 월드컵의 노르웨이 선수들처럼 바이킹 노젓기 세리머니로 우승을 자축했습니다. 오늘의 영상입니다. ■ 제보하기 ▷ 전화 : 02-781-1234, 4444 ▷ 이메일 : kbs1234@kbs.co.kr ▷ 카카오톡 : 'KBS제보' 검색, 채널 추가 ▷ 유튜브, 네이버에서도 KBS뉴스를 구독해주세요! KBS",https://v.daum.net/v/tGdUv31yv2
2026.07.12 21:35,"삼성-LG 숨 막혔던 그 순간, 강민호도 벤치에서 바빴다…""나 때문인가 ...",엑스포츠뉴스,"(엑스포츠뉴스 김지수 기자) ""정말 기쁘지만 아직 갈 길이 멀다."" 삼성 라이온즈 베테랑 포수 강민호는 지난 9일 LG 트윈스와 맞붙은 2026시즌 전반기 최종전에서 4회말 동점 득점, 5회말 역전 결승 타점과 추가 득점을 기록하며 맹활약을 펼쳤다. 다만 경미한 무릎 통증으로 7회초 수비 시작과 함께 교체되면서 게임 후반은 더그아웃에서 지켜볼 수밖에 없었다. 삼성은 6-3으로 앞선 가운데 맞이한 9회초 수비에서 마무리 김재윤이 LG 타선의 거센 저항에 고전했다. 선두타자 대타 문성주를 볼넷, 홍창기에 2루타를 내주면서 무사 2·3루 위기에 몰렸다. 김재윤은 일단 박해민을 1루수 땅볼로 처리, 첫 번째 아웃 카운트를 잡았다. 이때 3루 주자 문성주가 득점하면서 스코어가 6-4로 좁혀졌다. 계속된 1사 3루에서는 오스틴 딘과 송찬의를 볼넷으로 출루시키면서 만루 위기를 자초했고, 1사 만루에서는 박동원까지 볼넷으로 1루에 내보내 밀어내기로 한 점을 더 헌납했다. 스코어는 순식간에 6-5까지 좁혀졌다. 강민호는 김재윤의 제구가 흔들리자 더그아웃에 서있던 위치를 두 번 바꿨다. 자신은 이미 교체돼 마운드 위로 올라가 김재윤을 다독일 수도, 홈 플레이트 뒤에서 승부를 끌고갈 수도 없는 답답한 상황에서 무엇이라도 긍정적인 기운을 선수들에게 주고 싶었다. 강민호의 간절한 바람이 김재윤에게 닿은 것인지 김재윤은 1사 만루 역전 위기에서 천성호를 유격수-2루수-1루수로 이어지는 병살타로 솎아 내고 승부에 마침표를 찍었다. 삼성은 1점 차 신승과 함께 2026시즌 전반기를 1위로 마감, 오는 15일까지 기분 좋게 올스타 휴식기에 돌입했다. 강민호는 ""지난 9일 LG전 종료 후 ""9회초에 더그아웃에 있으면서 내가 서 있는 위치를 두 번 바꿨다. '내가 여기 서 있어서 김재윤이 자꾸 볼넷이 나오나' 이런 생각도 들었다""며 ""정말 간절한 마음으로 게임을 지켜봤는데 웃으면서 마칠 수 있어 기쁘다""고 말했다. 강민호는 2026시즌 전반기 60경기에 출전, 타율 0.256(172타수 44안타) 6홈런 35타점 OPS 0.767로 준수한 활약을 해줬다. 득점권 타율 0.339를 기록하면서 찬스에 강한 면모를 보였다. 타격 부진과 경미한 부상으로 두 차례 1군 엔트리에서 빠지긴 했지만, 삼성의 선두 질주에 큰 힘을 보탰다. 강민호는 2004년 롯데 자이언츠에 입단, 프로 커리어를 시작한 뒤 2018시즌부터 삼성 유니폼을 입고 있는 가운데 페넌트레이스 전반기 1위 마감은 이번이 처음이다. 생애 첫 한국시리즈 우승 반지를 향한 힘찬 도전을 이어갈 수 있는 발판을 마련했다. KBO리그 역대 최고 포수로 꼽히면서도 우승 반지가 없었던 아쉬움을 올해는 푸는 게 목표다. 강민호는 ""전반기 1위는 프로 데뷔 후 처음이다. 이대로 시즌이 끝나는 거라면 너무 좋겠지만, 아직 후반기가 남아 있다. 전반기는 오늘로 끝났기 때문에 잊겠다""고 강조했다. 또 ""갈 길이 멀기 때문에 크게 (전반기 1위에) 신경 쓰지 않고 올스타 휴식기 기간 동안 잘 쉬고, 후반기 준비를 잘 해보겠다""고 각오를 전했다. 사진=삼성 라이온즈 김지수 기자 jisoo@xportsnews.com",https://v.daum.net/v/BdVPHzUZGF
2026.07.12 21:21,"“홈런더비 못 나가서 아쉬워, 내 몸을 위한 최선의 선택” 김도영과의 빅...",마이데일리,"[마이데일리 = 김진성 기자] “내 몸을 위한 최선의 선택.” 10~11일 서울 잠실구장에서 열린 올스타전의 가장 큰 아쉬움은 전반기 홈런 공동 1위를 차지한 김도영(23, KIA 타이거즈)과 오스틴 딘(33, LG 트윈스)의 홈런더비 맞대결 불발이다. 오스틴은 10일 홈런더비 당일 허리 불편함을 이유로 불참을 선언했다. 물론 오스틴은 11일에 열린 올스타전 본 경기에는 정상적으로 나갔다. 다시 말해 허리가 아주 안 좋은 상태는 아니고, 보호차원의 선택이었다고 봐야 한다. 대놓고 홈런 스윙을 해야 하는 홈런더비는, 사실 타자의 타격 밸런스를 흐트러트릴 우려가 있고, 나아가 부상 위험도 없다고 보긴 어렵다. 아무리 홈런을 많이 치는 타자도 평상시에 홈런을 노리고 타석에 들어가는 건 아니기 때문이다. 그런 점에서 오스틴은 이벤트 매치보다 LG의 후반기 59경기를 생각했다. LG와 삼성 라이온즈가 후반기 역대급 1위 레이스를 예고한 상태다. 오스틴은 11일 올스타전을 앞두고 “일단 당연히 아쉽다. 출전을 못한 것에 대해 아쉬움은 분명히 있다. 그라니 내 몸을 위한 선택을 한 것이다. 우리에겐 아직 남은 경기가 좀 많다. 끝까지 건강하게 시즌을 치르려면, 이것이 최선의 선택”이라고 했다. 오스틴은 2023년부터 4년째 LG에서 뛰는 장수 외국인타자다. 이미 2023년과 2024년 홈런더비에 나갔고, 2024년 대회서는 준우승을 차지한 경력이 있다. 당시 오스틴이 예선서 김도영과 똑같이 4홈런을 친 뒤 서든데스서 김도영을 따돌리고 결승에 진출했다. 때문에 전반기 홈런 공동 1위의 올스타 홈런더비는, 김도영의 복수혈전 성사 여부로도 큰 관심을 모았다. 결과적으로 오스틴의 불참으로 김이 샜다. 그러나 오스틴의 선택도 당연히 이해해줘야 한다. 오히려 오스틴 대신 홈런더비에 참가한 오태곤(SSG 랜더스)이 예선서 7홈런을 치며 결승에 진출하는 등 제대로 맹활약했다. 오스틴은 “2023년과 2024년 홈런더비에 나갔다. 새로운 얼굴들이 참가하는 건 되게 좋은 것 같다. 특히 강백호(한화 이글스)가 좋은 퍼포먼스를 보여줬기 때문에 의미 있는 홈런더비였던 것 같다”라고 했다.",https://v.daum.net/v/ZRYvrYTsra
2026.07.12 20:50,"""프랑스인 없는 프랑스팀""…스페인 전 총리 인종차별 막말 파장",한국경제,"2026 북중미 월드컵 준결승에서 프랑스와 스페인이 맞붙는 가운데 마리아노 라호이 전 스페인 총리가 프랑스 대표팀을 겨냥해 ""프랑스인 없는 프랑스팀""이라는 인종차별적 발언을 해 논란이 일고 있다. 12일(현지시간) 프랑스 매체 RMC 스포츠에 따르면, 라호이 전 총리는 스페인 매체 엘 데바테에 기고한 칼럼에서 스페인의 준결승 진출을 축하하면서 상대인 프랑스 대표팀에 대해서도 언급했다. 그는 ""프랑스가 월드컵 두 차례 우승 경력과 직전 대회 준우승 성적을 가진 강팀""이라는 점을 기억해야 한다""며 ""이번 대회에서도 전승을 거두고 국제축구연맹(FIFA) 랭킹 1위에 올라 있다""고 했다. 이어 선수단의 수준이 매우 높다고 평가하면서도 ""프랑스인 없이도 이런 성과를 내고 있다""는 취지의 발언을 덧붙였다. 이 발언은 프랑스 대표팀에 흑인 선수와 이민자 가정 출신 선수가 많다는 점을 겨냥한 것으로 해석되면서, 인종적 편견이 담긴 표현이라는 지적이 나오고 있다. 앞서 16강전에서 프랑스와 맞붙었던 파라과이의 셀레스테 아마리야 상원의원도 비슷한 논란을 일으킨 바 있다. 그는 프랑스 대표팀 주장 킬리안 음바페를 두고 식민지 시절 카메룬 출신이면서 프랑스인 행세를 하려 한다는 취지의 발언을 해 프랑스 측의 강한 항의를 받았다. 음바페는 카메룬 출신 아버지와 알제리계 어머니 사이에서 태어났다. 아마리야 의원 측은 이 발언이 ""표현의 자유""에 해당한다며 사과를 거부했으나 파라과이 상원은 그의 발언에 반대하는 결의안을 통과시켰다. 한편 프랑스와 스페인의 준결승전은 15일 오전 4시(한국시간) 미국 댈러스 스타디움에서 열린다. 신용현 한경닷컴 기자 yonghyun@hankyung.com",https://v.daum.net/v/xWZhoQ8BWs
2026.07.12 20:49,"""7번을 단 이유?"" 빠르고, 정교하고, 수비 잘하고… 44년 만의 우승...",스포츠조선,"[목동=스포츠조선 정현석 기자]세광고등학교가 1954년 창단 후 첫 청룡기 우승 트로피를 들어 올렸다. 1982년 황금사자기 첫 우승 이후 44년 만의 전국대회 제패. 역사적인 순간의 탄생에는 공·수·주에서 완벽한 활약을 펼치며 대회 최우수선수(MVP)에 등극한 2루수 서정휘(3학년)의 활약이 있었다. 서정휘는 12일 서울 목동야구장에서 열린 제81회 청룡기 전국고교야구선수권대회 경북고와의 결승전에 5번 타자 겸 2루수로 선발 출전, 4타수 2안타 1타점 1득점 1도루로 맹활약하며 팀 우승을 이끌었다. 특히 0-0이던 1회초 2사 2,3루에서 터뜨린 선제 결승 적시타는 세광고가 살 떨리는 경기 초반 주도권을 잡는 데 결정적인 역할을 했다. 이번 대회 서정휘의 활약은 눈부셨다. 5경기 전 경기에 출전, 매 경기 안타를 생산하며 17타수 8안타(0.471) 7타점, 7득점, 5도루를 기록했다. 올 시즌 전체로 넓혀봐도 20경기에서 4할대 타율과 20개의 도루를 기록하며 고교 최고의 호타준족 내야수임을 입증했다. ▶""내려놓으니 찾아온 기회… 우리가 진짜 황금 세대"" 경기 후 동료들과 함께 찜통 더위보다 더 뜨거운 우승 세리머니를 마친 서정휘의 얼굴에는 환한 미소가 가득했다. 서정휘는 ""솔직히 다들 긴장하지 않고 편하게 임했다. 경북고가 워낙 잘하는 팀이라 점수 차가 좀 있어도 항상 긴장하고 있었고, 제일 어려웠던 경기였다""면서도 긴장하지 않은 이유에 대해 ""당연히 우리가 우승할 줄 알았다""며 당찬 소감을 전했다. 대회 MVP를 거머쥔 비결로는 '마음가짐의 변화'를 꼽았다. 그는 ""대회 초반에는 잘해야 한다는 욕심과 부담감이 컸다""면서 ""마음을 조금 내려놓고 타석에 들어서니 오히려 좋은 결과가 따라왔다""고 털어놓았다. 당초 팀 동료 김우진의 MVP 수상을 예상했다는 그는 ""상 복이 저에게 와서 감사할 뿐""이라며 겸손함도 잃지 않았다. 세광고는 이번 대회 내내 탄탄한 내야 수비를 자랑했다. 서정휘는 ""감독님께서 강팀이 되려면 수비가 완벽해야 한다고 늘 강조하신다. 훈련 때도 수비에 가장 집중한다""고 설명했다. 실제 부임 후 첫 우승을 이끈 방진호 감독은 이날 경기 후 ""8강부터는 디펜스 싸움이라고 생각을 하기 때문에 수비 연습에 치중을 많이 했고, 다행히 오늘 수비에서 위기 상황을 많이 넘긴 것 같다""고 환하게 웃었다. 내야의 사령관으로서 후배들을 다독이는 리더십도 빛났다. 서정휘는 ""2학년 후배들이 에러를 하더라도 '괜찮다, 점수 내면 되니까 다음 플레이에만 집중하자'고 다독였다""며 끈끈한 팀워크의 비결을 전했다. 이번 우승은 세광고 야구 역사에 남을 사건이다. 지난해 1년 선배들이 이끈 주축 멤버들이 '황금 세대'로 불리며 기대를 모았으나 우승 문턱에서 좌절했기 때문. 서정휘는 ""작년에 형들이 황금 세대라는 말을 들었지만, 결국 우승은 우리가 해냈다. 이제 우리가 진짜 황금 세대""라며 유쾌한 자부심을 드러냈다. 또한 ""내년에는 후배들이 워낙 짱짱해서 우승컵을 2개는 더 들어 올릴 것""이라며 2학년 후배들을 향한 칭찬도 아끼지 않았다. ▶'롤모델 김주원'처럼… 호타준족 내야수를 꿈꾸다 1m75, 72kg의 크지 않지만 다부진 체구를 지닌 서정휘의 최대 강점은 단연 '기동력'이다. 본인 스스로도 ""내 가장 큰 장점은 달리기""라고 주저 없이 말한다. 이번 대회 5개, 시즌 20개의 도루가 증거다. 등번호 7번을 선택한 이유도 궤를 같이한다. 지난해 도루 2위인 국가대표 유격수 김주원(NC 다이노스)이 롤모델이다. 서정휘는 ""빠르고 정교하며 수비까지 완벽한 김주원 선수를 정말 좋아한다. 프로에 간다면 꼭 그런 선수가 되고 싶다""고 눈을 반짝였다. 이미 프로의 세계를 경험하고 있는 선배들의 조언은 확실한 동기부여가 된다. 서정휘는 ""(김)요셉이 형(SSG)을 비롯해 프로에 간 선배들이 '무조건 프로로 오라, 정말 좋다'고 늘 말씀해 주신다. 그래서 저도 프로 무대에 대한 기대감이 크다""며 9월 신인 드래프트를 향한 설렘을 숨기지 않았다. 44년 만에 청룡기 첫 우승이라는 위대한 이정표를 세운 세광고. 그 중심에 빠르고, 정교하고, 수비까지 잘하는 'MVP 2루수'의 재치 넘치는 알토란 활약이 있었다. 선배들의 44년 묵은 우승 한을 풀어준 그의 시선은 이제 더 높은 곳을 향해 있다. 정현석 기자 hschung@sportschosun.com",https://v.daum.net/v/bqP2ZlIkF9
2026.07.12 20:15,"44년 만에 전국대회 제패했다!…세광고, 제81회 청룡기 정상 ‘우뚝!’",MK스포츠,"세광고등학교가 제81회 청룡기 전국고교야구대회 겸 주말리그 왕중왕전에서 우승컵을 들어올렸다. 세광고는 12일 서울 목동구장에서 열린 대회 결승전에서 경북고를 6-2로 눌렀다. 이로써 세광고는 대회 정상에 서게 됐다. 세광고가 전국대회에서 우승한 것은 송진우(전 한화 이글스)를 앞세워 1982년 황금사자기 대회를 제패한 이후 44년 만이자 역대 두 번째다. 반면 이 대회에서 8번 우승하며 경남고등학교(9회)에 이어 최다 우승 횟수 2위를 달리는 경북고는 아쉽게 준우승에 머물렀다. 세광고는 초반부터 거세게 경북고를 몰아붙였다. 1회초 서정휘의 좌전 적시타로 선취점을 냈다. 2회초에는 황동민의 희생플라이, 김우진의 2타점 우전 적시타로 도합 3점을 보탰다. 경북고도 보고만 있지 않았다. 5회말 조채완의 좌중간 2루타, 최우준의 좌전 안타로 2점을 따라붙었다. 하지만 세광고는 이대로 흐름을 넘겨줄 생각이 없었다. 9회초 이상준의 중전 안타와 황재윤의 우전 안타로 2점을 뽑아내며 승부에 마침표를 찍었다. 한편 대회 최우수 선수상은 타율 0.529 7타점 5도루를 기록, 세광고의 우승을 이끈 내야수 서정휘가 차지했다. 이 밖에 마산 용마고 유격수 노민혁은 타격상(타율 0.643·14타수 9안타), 타점상(15개), 도루상(8개), 홈런상(2개), 최다 득점상(12개) 등 5개 부문 상을 휩쓸며 앞으로의 행보를 기대케 했다. [이한주 MK스포츠 기자] [ⓒ MK스포츠, 무단전재 및 재배포 금지]",https://v.daum.net/v/8l44maLxMO
2026.07.12 20:02,"MLB 미네소타 고우석, LA 상대로 첫 홀드 수확",세계일보,"미국 메이저리그(MLB) 미네소타 트윈스의 우완 불펜 투수 고우석이 빅리그 첫 홀드를 기록했다. 고우석(사진)은 12일(이하 한국시간) 미국 미네소타주 미니애폴리스 타깃필드에서 열린 로스앤젤레스(LA) 에인절스와의 2026 MLB 홈경기에서 5-3으로 앞선 8회 초 세 번째 투수로 마운드에 올라 1이닝 동안 안타와 볼넷을 1개씩 줬지만, 실점 없이 막아냈다. 고우석은 9회 마운드를 마무리 요엔드리스 고메스에게 넘겨줬다. 이로써 고우석은 세이브 요건을 채운 불펜 투수에게 부여하는 홀드를 빅리그 데뷔 처음으로 챙겼다. 미네소타는 5-3으로 이겼다. 고우석은 본 그리섬을 우익수 뜬공으로 잡은 뒤 비디오 판독을 거쳐 조아델을 볼넷으로 내보냈다. 후속 웨이드 메클러를 2루수 땅볼로 유도해 아델을 2루에서 잡았지만, 덴세르 구스만에게 내야 안타를 맞아 2사 1, 2루 실점 위기에 몰렸다. 고우석은 로건 오호피를 유격수 직선타로 유도해내며 이닝을 마쳤다. 21개의 공을 던져 13개를 스트라이크로 채웠으며 최고 구속은 시속 155㎞를 찍었다. 고우석은 지난 10일 클리블랜드 가디언스를 상대로 등판해 미국 진출 2년반 만에 빅리그 마운드를 밟았다. 2024시즌을 앞두고 1+1년 최대 총액 940만달러의 계약조건으로 샌디에이고 파드리스에 입단했던 고우석은 이후 부진과 부상으로 빅리그 마운드는 요원했다. 거듭된 방출 속에서도 마이너리그의 눈물 젖은 빵을 먹으며 버텨낸 고우석은 기어코 빅리그 마운드에 서며 역대 30번째 한국인 메이저리거가 됐다. 고우석의 처남인 이정후(샌프란시스코 자이언츠)는 콜로라도 로키스와의 홈경기에 7번 타자 우익수로 출전해 3타수 무안타에 그쳤다. 이정후의 시즌 타율은 0.306으로 깎였다. 샌프란시스코는 4-2로 승리했다. 남정훈 기자",https://v.daum.net/v/8keXFySrcg
2026.07.12 20:02,마이데일리배 앞두고 윤이락 대한유소년야구연맹 이사가 강조한 '공부하고 즐...,마이데일리,"[마이데일리 = 노찬혁 기자] ""공부하며 즐기는 야구가 자리 잡았다. 승부에 대한 긴장감을 잠시 내려놓고 야구가 주는 즐거움을 만끽하는 축제의 장이 되길 바란다."" 마이데일리가 주최하고 대한유소년야구연맹(회장 이상근)이 주관하는 '제3회 마이데일리배 전국유소년야구대회'가 오는 17일 횡성베이스볼테마파크에서 개막하는 가운데, 대한유소년야구연맹의 윤이락 이사가 대회를 앞둔 남다른 소회와 기대를 밝혔다. 올해로 3회째를 맞이한 마이데일리배는 연맹이 주관하는 대회 중 가장 권위 있는 언론사 대회로 꼽힌다. 이번 대회에는 150개가 넘는 많은 팀들이 참가해 5일 동안 7개 리그의 우승컵을 놓고 열띤 경합을 벌일 예정이다. 윤 이사는 ""흥미진진한 경기를 보는 즐거움도 있겠지만 어린 선수들이 무더운 날씨에 안전사고 없이 대회가 마무리될 수 있도록 만반의 준비를 해야 하기 때문에 긴장도 많이 된다""며 개최 소감을 전했다. 대한유소년야구연맹은 초창기부터 선수들의 학년과 실력에 맞춘 다양한 리그 구성을 고집해 왔다. 성적에만 매몰되기보다 연습한 기량을 마음껏 펼치는 '축제의 장'을 제공하기 위함이다. 윤 이사는 ""이제는 공부하며 즐기는 야구가 자리를 잡았다""며 ""저출산 시대임에도 불구하고 각 팀의 선수가 늘어나는 추세이며, 작년부터 대회 참가팀들도 꾸준히 증가하고 있다""고 연맹의 긍정적인 변화를 짚었다. 특히 마이데일리배만의 독창적인 이벤트는 매년 최고의 화제를 모은다. 1회 대회 때부터 진행된 '스피드킹'과 '홈런더비'는 순위권 선수들에게 푸짐한 경품과 언론 노출 기회를 선물하며 선수와 학부모들 사이에서 엄청난 호응을 이끌어냈다. 여기에 이번 3회 대회에는 특별한 이벤트가 하나 더 추가된다. 고학년 위주로 치러지던 기존 행사에서 벗어나 초등학교 3학년 이하의 어린 선수들도 참가할 수 있는 '제구왕' 이벤트를 신설한 것이다. 윤 이사는 ""순위권에 든 선수들은 푸짐한 경품을 받고, 언론에 노출되는 기회가 주어져 선수와 학부모들로부터 엄청난 호응을 얻고 있다. 또한 이번에는 제구왕까지 선발한다. 어린 선수들이 자신의 제구력을 테스트하고 경쟁자들과 좋은 추억을 만들 수 있는 기회가 될 것""이라며 ""더운 여름날의 시원한 소나기처럼 승부의 긴장감을 내려놓고 동료들과 함께 재밌게 즐기기를 바란다""고 설명했다. 윤 이사는 연맹이 추구하는 궁극적인 가치인 '공부하는 야구, 즐기는 야구, 생활 속의 야구'의 중요성도 재차 강조했다. 그는 ""학생은 공부도 열심히 해야 하지만 체력 단련과 취미를 위한 운동도 한 가지는 병행해야 한다""며 ""주말에 야구장에 나와 친구들과 운동하며 협동심과 책임감, 그리고 예절을 배울 수 있다면 이보다 더 좋은 기회는 없다""고 피력했다. 이어 ""개인적으로 우리 연맹 선수들이 처음부터 프로 선수가 되려고 애쓰기보다는 야구 자체를 즐겼으면 한다""며 ""그러다 적성에 맞고 재능이 있다면 중·고등학교 야구부에 진학해 본격적인 선수 길에 도전했으면 좋겠다. 그 이후 훌륭한 프로 선수가 되고 메이저리거까지 된다면 금상첨화일 것""이라고 덧붙였다. 마지막으로 윤 이사는 유소년 야구의 발전을 위한 지속적인 헌신을 약속했다. ""앞으로도 어린 친구들이 많은 스포츠 중 야구를 선택해 즐거움을 만끽하고, 나아가 대한민국 야구가 발전하는 토대를 마련하도록 더욱 노력하겠다""며 인터뷰를 마쳤다.",https://v.daum.net/v/2mdpq1XSEK
2026.07.12 19:51,"'저격 논란' 부른 구자욱 인터뷰…박지영 아나 ""미숙한 표현 사과""",머니투데이,"스포츠 아나운서 박지영(39)이 야구선수 구자욱(33·삼성 라이온즈)과의 인터뷰와 관련해 사과했다. 박지영 아나운서는 12일 자신의 인스타그램 스토리를 통해 ""지난 화요일 있었던 구자욱 선수 MVP 인터뷰와 관련해 불편함을 느끼신 팬 여러분께 진심으로 사과드린다""고 사과했다. 이어 ""올스타전을 앞두고 같은 팀에서 뛰게 된 동 포지션의 두 선수에 대해 캐주얼하고 유쾌하게 이야기하려고 했으나 저의 미숙한 질문과 표현으로 불편함을 드렸다""며 ""퍼포먼스에 대해서도 재밌게 웃으며 얘기하고자 했던 것 역시 제 배려가 부족했다""고 고개를 숙였다. 그러면서 ""구자욱 선수와 정수빈 선수에게도 사과한다""며 ""이번 일을 계기로 인터뷰어로서 가져야 할 책임과 태도를 깊이 돌아보고 있다. 표현 하나에도 신중을 기하고 준비하겠다""고 덧붙였다. 앞서 박 아나운서는 지난 7일 LG 트윈스와의 홈 경기에서 MVP로 선정된 구자욱에게 올스타전 팬 투표와 관련한 질문으로 논란에 휩싸였다. 당시 박 아나운서는 올스타전 베스트 12 선정과 관련 ""'최소한의 노력도 하지 않고 얼굴로 밀어붙여 선정됐다는 이야기가 있더라""라며 ""정수빈(두산 베어스) 선수가 '파라파라'를 춘 것 때문에 그런 듯하다""고 구자욱과 같은 외야수 부문의 정수빈(두산베어스)을 언급했다. 정수빈은 두산 베어스 공식 유튜브 채널인 'BEARS TV'에서 그룹 리센느 미나미가 했던 '갸루' 복장을 하고 파라파라 댄스를 추며 투표를 독려했고, 팬 투표 227만 2910표, 선수단 투표 48표 등 총점 35.68점으로 외야수 부문 2위에 올랐다. 이에 구자욱은 ""그런 노력은 중요하다고 생각하지 않고, 경기장에서 보여줘야 하는 게 아니냐. 성적으로 가야 하는 게 아닌가 생각한다""고 답했다. 박 아나운서가 올해 올스타전 퍼포먼스에 관해 묻자 구자욱은 ""제대로 된 경기를 하고 싶다""며 ""고민 중이다. 정말 전력으로 하고 싶은데 분장이라는 게 너무 장난이 아닌가 라는 생각을 한 번 해봤다""고 소신을 밝혔다. 박 아나운서가 ""그럼 정수빈이 너무 슬퍼할 것 같다""고 하자 구자욱은 ""그렇게 뽑히셨으니까 그렇게 하시면 된다""고 답했다. 해당 인터뷰로 박 아나운서는 인터뷰 미숙 논란에 휩싸였고, 구자욱은 정수빈을 저격했다는 의혹을 받았다. 이후 논란이 확산하자 구자욱은 진화에 나섰다. 구자욱은 지난 11일 올스타전 경기 전 ""수빈이 형이랑 만나서 얘기했다. 사적으로도 매일 보는 사이""라며 친분을 전했다. 그러면서 ""질문이 '정수빈 선수는 뭐가 돼요'라고 해서 그렇게 얘기했다. 기분 나쁘셨다면 죄송하다. (정수빈) 옆에 딱 붙어있어야겠다""고 저격 의혹을 해명했다. 이은 기자 iameun@mt.co.kr",https://v.daum.net/v/WTl8bF5TtL
2026.07.12 19:42,"韓 최초 시민구단 잠실에 떴다! 개성만점 퍼포먼스 눈길, '우수투수상' ...",마이데일리,"[마이데일리 = 이정원 기자] ""정말 기쁩니다."" 울산 웨일즈가 지난 10일 서울 잠실구장에서 열린 창단 첫 퓨처스 올스타전을 성공적으로 마무리하며 구단과 울산광역시를 전국 야구팬들에게 알렸다. 울산은 KBO 최초 시민구단으로서 첫 퓨처스 올스타전에 참가해 남부리그 우승에 힘을 더했다. 일본인 투수 나가 타이세이는 1이닝 1탈삼진 무실점 홀드를 기록하여 우수투수상(상금 100만원) 을 수상을 하였다. 이번 퓨처스 올스타전에서 울산 선수들은 개성 넘치는 퍼포먼스로 팬들에게 또 다른 즐거움을 선사했다. 알렉스 홀은 호주의 상징 동물인 캥거루 콘셉트, 김서원은 울산 공식 마스코트 오르카 분장, 노강민은 기린 의상으로 관중들에게 큰 웃음을 선사했다. 그리고 선수단은 'KBO 팬 여러분, 울산시민 여러분 사랑합니다'라는 감사 현수막을 들고 전국 팬들과 울산시민들에게 감사의 마음을 전했다. 우수투수상을 수상한 나가는 ""창단 첫해 울산을 대표해 퓨처스 올스타전에 참가하게 된 것만으로도 큰 영광이라고 생각한다. 그런데 이렇게 우수투수상까지 받게 되어 정말 기쁘다. 함께 땀 흘린 동료들과 응원해 주신 팬 여러분께 감사드린다. 이번 경험을 자신감으로 삼아 후반기에도 울산이 더 높은 곳을 향해 나아갈 수 있도록 더욱 책임감 있는 모습을 보여드리겠다""라고 소감을 전했다.",https://v.daum.net/v/41pQR2b0sv
2026.07.12 19:42,“후반기 시작부터 치고 올라가 좋은 성적 거두고파”…아쉽게 미스터 올스타...,MK스포츠,"“후반기 시작부터 치고 올라가서 좋은 성적을 거두고 싶다.” 아쉽게 미스터 올스타 수상에 실패한 문현빈(한화 이글스)이 후반기 한화의 선전을 약속했다. 한화를 필두로 KIA 타이거즈, LG 트윈스, NC 다이노스, 키움 히어로즈로 꾸려진 나눔 올스타는 11일 서울 잠실야구장에서 열린 2026 프로야구 KBO 올스타전에서 삼성 라이온즈, 두산 베어스, KT위즈, SSG랜더스, 롯데 자이언츠로 구성된 드림 올스타에 10-2 대승을 거뒀다. 6번 타자 겸 우익수로 나선 문현빈의 활약이 눈부신 경기였다. 무려 5타수 4안타 1타점을 폭발시키며 나눔 올스타의 승리에 앞장섰다. 단 미스터 올스타(MVP) 투표에서는 26표 중 10표를 얻는데 그치며 13표를 받은 팀 동료 허인서(5타수 4안타 1타점)에게 트로피를 내줘야 했다. 대신 우수 타자상을 수상했다. 경기 후 문현빈은 허인서를 향해 “너무 축하한다. 경기 중에는 사실 경쟁하는 입장이었다. 그 생각을 하니 더 재미있었다. 오늘 올스타전 계기로 같이 시즌도 마무리를 잘 했으면 좋겠다”고 엄지손가락을 치켜세웠다. 문현빈 입장에서는 내심 투표 시점에 대해 아쉬움이 있을 수 있었다. 8회초 3루타를 쳤는데, 이미 기자단 투표가 시작된 후였다. 그는 “투표 시점에 대한 이야기를 들었는데 내가 어떻게 할 수 있는 부분이 아니”라며 “거기에 대해서는 할 말이 없다”고 말했다. 이날 올스타전은 잠실야구장에서 펼쳐지는 마지막 ‘별들의 잔치’였다. 프로야구 원년인 1982년 준공된 잠실야구장은 올 시즌을 끝으로 철거된다. 이후 2032년 3월 같은 자리에 3만석 규모의 돔구장이 들어설 예정이다. 문현빈, 허인서를 제외하고도 한화 선수들은 이번 올스타전에서 맹활약했다. 불펜으로 출격해 1이닝 무실점을 기록한 투수진의 ‘정신적 지주’ 류현진도 우수 투수상을 수상했다. 문현빈은 “우리 홈 구장은 아니지만 한국 프로야구의 역사가 녹아 있는 잠실야구장에서 열리는 마지막 올스타전에서 좋은 모습 보여드렸다는 데 의미가 있다”며 “우리 팀이 상을 싹쓸이 해 기분이 좋다”고 밝은 미소를 지었다. 2023년 2라운드 전체 11번으로 한화의 지명을 받은 문현빈은 통산 461경기에서 타율 0.291(1535타수 447안타) 31홈런 226타점 31도루 OPS(출루율+장타율) 0.776을 적어낸 우투좌타 외야 자원이다. 특히 지난해 활약이 좋았다. 141경기에 나서 타율 0.320(528타수 169안타) 12홈런 80타점 17도루를 기록, 한화의 한국시리즈 진출을 견인했다. 올해에도 활약은 이어지고 있다. 80경기에 출전해 타율 0.288(319타수 92안타) 9홈런 50타점을 작성 중이다. 올 시즌 목표는 오로지 한화의 선전 뿐이다. 문현빈은 “승률 5할로 전반기를 마무리 했다. 가을야구 싸움 이어가고 있는 만큼 후반기 시작부터 치고 올라가서 좋은 성적을 거두고 싶다”고 목소리에 힘을 줬다. [잠실(서울)=이한주 MK스포츠 기자] [ⓒ MK스포츠, 무단전재 및 재배포 금지]",https://v.daum.net/v/QkVGZlIkJT
2026.07.12 19:41,"잠실구장 마지막 시즌, ‘트중박’의 걱정…“새 구장 외야가 좁아지면, 나...",OSEN,"[OSEN=잠실, 한용섭 기자] 프로야구 LG 트윈스 외야수 박해민이 잠실구장에서 치른 마지막 올스타전에서 내년이면 사라질 잠실구장에 대한 아쉬움을 드러냈다. 박해민은 지난 11일 잠실구장에서 열린 2026 KBO리그 올스타전에 나눔 올스타 베스트12에 뽑혀 2번 중견수로 출장했다. 개인 통산 3번째 출장이었다. 2014년 삼성 시절에 처음 출장했고, 지난해에 이어 2년 연속 출장이다. 박해민은 이날 1회 안타를 때려, 올스타전 통산 개인 첫 안타를 기록했다. 지난해까지 5타수 무안타였다. 이날 4타수 1안타를 기록하고 교체됐다. 경기 전 박해민은 잠실구장에 대한 소회를 드러냈다. 올 시즌이 잠실구장의 마지막 시즌이다. 내년부터는 잠실주경기장을 임시 구장으로 개조해 사용하고, 2032년 잠실 돔구장이 개장할 계획이다. 박해민은 “아무래도 넓은 외야가 작아진다면, 새 야구장이 어떻게 될지는 모르겠지만, 나의 수비 범위가 줄어들기에 아쉬울 것 같다. 그런데 나 말고는 다 좋아하지 않을까요”라며 웃으며 말했다. 이어 “외야가 작아진다면 다른 타자들은 잠실구장이 워낙 넓다 보니까, 장타도 그렇고 홈런도 그렇고 많이 안 나오니까. 타자들은 좋아할 거 같다. 외야가 줄어든다고 하면 투수들은 아쉬워할 것 같고, 나도 투수쪽에 마음이 가지 않을까요, 아쉽다에 한 표 되지 않을까요”라고 말했다. 박해민은 “우리도 외야 펜스를 다양하게 하면, 선수들이 조금 과감하게 펜스를 넘어가는 것도 잡아내고, 대부분 야구장 펜스가 높다 보니까, 볼거리가 조금 더 생겼으면 좋겠다고 생각해요”라고 말했다. 박해민의 빼어난 수비로 팬들은 '트중박'(트윈스 중견수 박해민) 별명을 지어줬다. 박해민은 “너무 감사하죠. 한 팀을 대표해서 그런 수식어를 갖는 것에 무척 감사하게 생각한다. ‘트중박’에 어울릴 수 있는 선수가 돼야겠다고 더 생각을 하고, 수비에서 더 허투루 할 수 없는 것 같다”고 말했다. /orange@osen.co.kr",https://v.daum.net/v/perxeVKpSx
2026.07.12 19:34,올스타전 MVP 허인서 “생애 최고 생일선물”,세계일보,"“올스타에 뽑힌 것만 해도 영광인데, 미스터 올스타라니….” 한국 프로야구와 역사를 함께한 잠실구장에서 마지막으로 열린 KBO 올스타전의 주인공은 한화의 ‘안방마님’ 허인서였다. 올스타전이 열린 11일은 마침 허인서의 23번째 생일이었다. 허인서는 생애 최고의 생일을 자축하듯 최고의 활약을 펼쳤다. 허인서는 이날 서울 잠실구장에서 열린 2026 KBO 올스타전에서 나눔 올스타(LG·한화·KIA·NC·키움)의 8번 타자 포수로 선발 출장해 5타수 4안타 1타점 1득점을 기록했다. 공수에서 맹활약한 허인서를 앞세운 나눔 올스타는 드림 올스타(SSG·삼성·kt·롯데·두산)를 10-2로 완파했다. 기자단 투표 결과 허인서는 총 26표 중 절반에 해당하는 13표를 휩쓸며 생애 첫 출전한 올스타전에서 MVP를 수상하는 영광을 안았다. 허인서의 팀 동료인 문현빈도 8회 3루타 포함 5타수 4안타 1타점 3득점으로 허인서를 능가하는 맹타를 휘둘렀으나 기자단의 표심은 10표에 그쳤다. 허인서는 2000만원의 상금과 안마 의자를 부상으로 받았다. 올해로 프로 5년차인 허인서의 연봉은 3600만원. 허인서는 연봉의 절반이 넘는 금액을 상금으로 번 셈이다. 허인서는 “미스터 올스타는 진짜 제 머릿속에는 없는 그림이었는데, 이렇게 받을 수 있어 더욱 기분이 좋다”라면서 “오늘이 제 생애 최고의 생일인 것 같다”고 소감을 밝혔다. 이날 허인서는 첫 네 타석에서 모두 안타를 몰아쳤다. 8회까지 4타수 3안타를 때려내며 MVP 경쟁을 펼치던 팀 동료인 문현빈이 3루타를 쳤고, 이어진 타석에 들어선 허인서는 범타로 물러나며 머리를 쥐어뜯었다. 허인서 스스로도 MVP는 물 건너갔다고 생각한 듯했다. 이에 대해 묻자 “현빈이랑 계속 안타 개수가 비슷하게 가서 더그아웃에서도 MVP에 대해 얘기를 나누고 있었다. 현빈이가 8회에 3루타를 치면서 ‘아, 진짜 쟤는 될 놈이다’ 싶었는데, 기자님들께서 제게 투표를 해주셔서 받을 수 있게 돼 기쁘다”고 설명했다. 이날 허인서는 지난해 메이저리그에서 포수 최초로 60홈런을 때려낸 칼 랄리(시애틀 매리너스)를 연상시키는 콧수염을 붙이고 등장했다. 한화 팬들이 허인서를 ‘허랄리’라고 부르는 데서 착안한 분장이었다. 허인서는 “메이저리그에서 홈런도 많이 치고, 수비도 좋은 포수라서 과분한 별명이긴 한데, 팬분들이 좋아해 주셔서 저도 기분이 좋다”고 설명했다. 상금은 어떻게 쓸 계획일까. 허인서는 “우선 부모님께 2000만원을 다 드리고, 부모님께서 제게 주고 싶은 만큼 달라고 할 생각”이라면서 “이번에 부모님의 마음을 한 번 확인해 보고 싶다”고 답했다. 2022년 프로에 입단한 허인서는 5년차 시즌인 올해 처음 풀타임 주전으로 나서고 있다. 전반기에 안정된 포수 수비와 더불어 타격에서도 타율 0.292 12홈런 45타점 OPS(출루율+장타율) 0.864로 빼어난 모습을 보여주고 있다. 올스타전 MVP 여세를 몰아 허인서는 후반기에도 더 높은 곳을 바라보겠노라 다짐했다. 그는 “오늘 보니 우리 한화 타자들의 타격감이 모두 좋아 보였다. 이 좋은 흐름을 이어가 후반기에 팀이 더 높은 무대로 올라갈 수 있도록 노력하겠다”고 말했다. 남정훈 기자 che@segye.com",https://v.daum.net/v/KWr4UHWIkW
2026.07.12 19:30,"""파란만장, 만약 韓에서 좋은 모습 보여준다면..."" ML 32승 저니맨...",마이데일리,"[마이데일리 = 심혜진 기자] 11년 만에 전반기를 1위로 마친 삼성 라이온즈가 승부수로 크리스 페덱을 영입했다. 삼성은 11일 ""페덱을 47만 3333달러에 영입했다""고 전했다. 페덱은 국내에서 메디컬 테스트를 마쳤고 조만간 팀에 합류할 예정이다. 삼성은 부상 대체 외국인 투수였던 잭 오러클린과 계약 연장 대신 페덱을 데려오면서 후반기 승부수를 띄웠다. 페덱은 2019년 샌디에이고 파드리스에서 메이저리그 데뷔의 꿈을 이뤘다. 특히 김하성과 한솥밥을 먹으면서 팀 동료로 지낸 경험이 있다. 이후 미네소타 트윈스와 디트로이트 타이거즈, 마이애미 말린스, 신시내티 레즈, 텍사스 레인저스 등을 거쳤다. 올 시즌 3팀을 거치면서 14경기 등판해 7패 평균자책점 6.79를 기록했다. 메이저리그 통산 118경기 32승 43패 1세이브 평균자책점 4.83을 마크했다. 마이너리그에선 통산 40경기(선발 35경기), 13승7패, 평균자책점 1.92, WHIP 0.82의 성적을 남겼다. 페덱의 한국행에 미국도 주목했다. 텍사스 레인저스의 소식을 전하는 웹 사이트 놀란 리튼은 12일(한국시각) ""페덱은 텍사스에서의 유일한 등판에서 4이닝을 책임져주며 팀에 꼭 필요한 역할을 했다. 비교적 성공적인 피칭을 했지만 올해 메이저리그 57이닝 동안 평균자책점 6.79라는 처참한 성적을 기록 중이었던 만큼 텍사스가 그를 DFA한 것은 구단으로서 올바른 선택이었을 가능성이 높다""고 바라봤다. 그러면서 페덱의 파란만장한 메이저리그 생활을 돌아봤다. 매체는 ""페덱은 메이저리그에서 8년의 경력을 가지고 있다""면서 ""샌디에이고에서 커리어를 시작해 2021시즌까지 활약했다. 2022년 4월 7일 에밀리오 파간과 묶어 미네소타로 트레이드했다. 디트로이트로 트레이드되기 전까지 미네소타 시절 토미존 수술을 포함해 많은 부상과 사투를 벌여야 했다""고 소개했다. 한국행이 메이저리그 복귀 발판을 마련할 것으로 봤다. 매체는 ""많은 이들이 KBO리그 경쟁 수준을 더블A 정도로 평가하는 만큼 삼성 라이온즈에서 활약하며 성동 가도를 달리는 것은 훨씬 수월할 것이다""면서 ""만약 한국 무대에서 좋은 모습을 보여준다면 향후 메이저리그에서 복귀할 수 있는 발판을 마련할 수도 있다""고 바라봤다.",https://v.daum.net/v/fPt4J42uwN
2026.07.12 19:24,"""더 큰 도전 이어가겠다"" KBO 일원으로 빛났다…최초 시민구단 울산 웨...",스포츠조선,"[스포츠조선 이종서 기자] ""올스타전 참가하게 된 것만으로도 큰 영광인데…."" 이제는 당당한 KBO리그 일원이 됐다. 울산 웨일즈가 지난 10일 잠실야구장에서 열린 창단 첫 퓨처스 올스타전을 성공적으로 마무리하며 구단과 울산광역시를 전국 야구팬들에게 알리는 의미 있는 무대를 만들었다. 울산 웨일즈는 KBO 최초 시민구단으로서 첫 퓨처스 올스타전에 참가해 남부리그의 4대0 승리에 힘을 보탰다. 특히 투수 나가 타이세이는 1이닝 1탈삼진 무실점 홀드를 하면서 우수투수상(상금 100만원)까지 수상했따. 다양한 퍼포먼스도 보여뒀다. 호주 출신인 알렉스 홀은 호주의 상징 동물인 캥거루 콘셉트의 퍼포먼스를 보여줬다. 김서원은 울산 웨일즈 공식 마스코트 오르카 분장을 했고, 노강민은 기린 의상으로 관중들에게 큰 웃음을 선사했다. 선수단은 'KBO 팬 여러분, 울산시민 여러분 사랑합니다'라는 감사 현수막을 함께 펼치며 전국 팬들과 울산시민들에게 감사의 마음을 전하며 창단 첫 올스타전의 의미를 더했다. 우수투수상을 수상한 나가는 ""창단 첫해 울산 웨일즈를 대표해 퓨처스 올스타전에 참가하게 된 것만으로도 큰 영광이었는데, 이렇게 우수투수상까지 받게 되어 정말 기쁘다. 함께 땀 흘린 동료들과 응원해주신 팬 여러분께 감사드린다. 이번 경험을 자신감으로 삼아 후반기에도 울산 웨일즈가 더 높은 곳을 향해 나아갈 수 있도록 더욱 책임감 있는 모습을 보여드리겠다""고 소감을 전했다. 울산 웨일즈는 퓨처스 올스타전을 통해서 구단의 성장 가능성을 알렸다. 울산 웨일즈는 ""앞으로도 시민구단으로서 울산을 대표하는 자부심을 바탕으로 팬들과 함께 성장하며 더 큰 도전을 이어갈 계획""이라고 밝혔다. 이종서 기자 bellstop@sportschosun.com",https://v.daum.net/v/5GXbmaLxz5
2026.07.12 19:22,"'고작 15억' KIA 최고 FA 투자될 줄이야, 클로저 복귀도 보인다…...",스포츠조선,"[스포츠조선 김민경 기자] ""(조)상우를 써도 되죠. 지금 구위는 상우가 제일 좋아 보이니까. 한번 고민을 해봐야 할 것 같아요."" 후반기 KIA 타이거즈의 마무리투수는 누가 될까. 이범호 감독이 올스타 휴식기 동안 가장 치열하게 고민할 숙제가 될 듯하다. 전반기 KIA의 마무리투수는 성영탁이었다. 2021년부터 부동의 마무리투수였던 정해영이 시즌 초반 극심한 부진에 빠진 사이 성영탁이 빈자리를 정말 잘 채웠다. 덕분에 마운드가 안정화되면서 하위권에서 벗어나 4위로 전반기를 마무리할 수 있었다. 하지만 성영탁에게 조금 빨리 이상 신호가 왔다. 프로 2년차 경험이 부족한 선수. 반복되는 세이브 상황 등판이 이제는 부담으로 느껴지는 게 보였고, 이 감독은 전반기 막바지는 집단 마무리 체제로 일단 버텼다. 후반기부터는 본격적인 순위 싸움이 시작되기에 이제는 다시 마무리를 고정해야 할 때다. 이 감독이 우선적으로 고려하는 후보는 곽도규와 정해영이다. 곽도규는 현재 KIA 불펜에서 가장 믿음직한 좌완이고, 정해영은 타이거즈 역대 최다인 150세이브를 자랑한다. 정해영은 전반기를 셋업맨으로 보내면서 안정감을 되찾았고, 이제는 보직을 되찾아도 괜찮다고 내부적으로 판단하고 있는 듯하다. 이 감독은 ""아직 고민 중이다. (곽)도규는 좌타자한테는 정말 강한데, 우타자한테는 그래도 조금 눈에 보이는 공이다. 그래서 도규랑 (정)해영이 2명을 8회와 9회에 같이 써야 하지 않을까 우선 생각하고 있다. 정해서 가면 제일 좋은데, 팀 사정이 정해서 갈 수 없는 상황이라고 하면 두 선수를 좌타자 우타자로 체크해 가면서 써야 하지 않을까 생각하는데 모르겠다""고 밝혔다. 조상우의 마무리 복귀도 고려하고 있는 카드다. 조상우는 올해 KIA 불펜에서 가장 기여도가 높은 동시에 좋은 성적을 내고 있다. 40경기에 등판해 4승, 13홀드, 35⅓이닝, 평균자책점 1.53을 기록했다. 조상우는 올 시즌을 앞두고 FA 시장에서 전성기 때보다 떨어진 구위 탓에 경쟁이 붙지 않았고, KIA와 2년 15억원 계약에 만족해야 했다. 보장 금액은 13억원. 분명 아쉬운 계약 규모인데, 2년 안에 전성기의 폼을 되찾아 한번 더 시장의 평가를 받을 수 있다는 선수의 자신감이 있었고 실제로 증명하고 있다. 조상우는 키움 히어로즈 시절인 2020년 33세이브로 세이브왕을 차지했던 선수다. 통산 89세이브, 95홀드를 자랑하는 특급 불펜이다. 이 감독은 ""상우를 (마무리로) 써도 된다. 아무래도 상우는 횡으로 도는 슬라이더성 공들이라. 옛날에 9회에 많이 던져봤지만, 구종 자체가 또 단순하니까 장타를 맞을 위험이 있어서 그게 걸리긴 한다. 어떤 선수가 더 나을지 고민해야 하는데, 상우도 지금 구위로 봤을 때는 제일 좋아 보이니까. 한번 고민해 봐야 할 것 같다""며 여러 가능성을 열어뒀다. 조상우는 KIA 트레이드 첫해인 지난해 마무리가 아닌 중간 투수로 투입되는 상황에 적응하지 못해 애를 먹은 시기가 있었다. 불펜 카드가 다양하지 못해 조상우와 전상현, 정해영 3명에게 부하가 걸린 것도 지난해 기대 이하의 평가를 받은 배경이었다. 올해는 전성기 영광의 시즌, 그 이상을 바라볼 수 있는 페이스다. 조상우는 후반기 마무리 보직 경쟁에서도 웃으며 계속해서 KIA의 최고 FA 계약 사례로 남을 수 있을까. 김민경 기자 rina1130@sportschosun.com",https://v.daum.net/v/FL4SPB71pn
2026.07.12 19:22,아르헨티나 4강 진출…메시·케인·음바페·야말 '역대급 전쟁',한국경제,"아르헨티나가 수적 열세에 빠진 스위스를 제압하고 준결승 무대에 안착했다. 아르헨티나는 12일(한국시간) 미국 미주리주 캔자스 시티 스타디움에서 열린 2026 북중미 월드컵 8강전에서 스위스를 3-1로 꺾었다. 이날 승리로 디펜딩 챔피언 아르헨티나는 대회 2연패 가능성을 한층 높였다. 선제골은 경기 시작 직후 터졌다. 전반 10분 코너킥 찬스에서 리오넬 메시가 올린 공을 알렉시스 마크알리스테르가 타점 높은 헤더로 연결해 스위스의 골망을 흔들었다. 반격에 나선 스위스는 전반 20분 지브릴 소우의 중거리 슈팅 등으로 동점골을 노렸으나 무위에 그쳤다. 양 팀은 전반에만 반칙 21개를 주고받는 거친 신경전을 벌였다. 후반 들어 스위스의 공세가 매서워졌다. 후반 5분 브릴 엠볼로의 패스를 받은 당 은도예의 슛이 수비벽에 막혔고, 후반 20분 그라니트 자카의 강력한 중거리포도 골키퍼 선방에 걸렸다. 두드리던 스위스는 후반 22분 균형을 맞췄다. 은도예가 리카르도 로드리게스와 패스를 주고받은 뒤 오른발 슈팅으로 동점골을 터뜨렸다. 그러나 스위스는 후반 27분 엠볼로가 시뮬레이션 반칙으로 경고 누적 퇴장을 당하며 위기를 맞았다. 아르헨티나는 수적 우위 속에서 공세를 퍼부었으나 스위스의 육탄 방어에 막혀 승부는 연장전으로 돌입했다. 팽팽하던 균형은 연장 후반에 깨졌다. 아르헨티나는 연장 후반 7분 훌리안 알바레스가 페널티아크 왼쪽에서 오른발 감아차기 슛으로 추가골을 뽑아냈다. 이어 연장 후반 추가시간 역습 상황에서 라우타로 마르티네스가 쐐기골을 터뜨리며 승부에 마침표를 찍었다. 메시는 이날 득점을 올리지 못해 월드컵 10경기 연속골 대기록 달성에는 실패했다. 다만 선제골을 어시스트하며 의미 있는 이정표를 세웠다. 역대 월드컵 통산 첫 두 자릿수 도움(10개) 고지를 밟았으며, 월드컵 토너먼트 통산 15경기 출전으로 미로슬라프 클로제(독일·14경기)를 제치고 이 부문 단독 1위로 올라섰다. 3개 대회 연속 '키 패스 20개 이상'이라는 전무후무한 기록도 더했다. 이로써 이번 대회 4강 대진표가 모두 확정됐다. 아르헨티나, 프랑스, 스페인, 잉글랜드 등 과거 월드컵 우승을 경험했던 전통의 강호들이 준결승 길목에서 마주한다. 우승국들로만 4강이 채워진 것은 역대 세 번째다. 결승행 티켓을 다툴 슈퍼스타들의 맞대결도 성사됐다. 아르헨티나는 노르웨이를 2-1로 꺾고 올라온 잉글랜드와 오는 16일 오전 4시 미국 애틀랜타 스타디움에서 격돌한다. 득점왕 경쟁 중인 메시(8골 2도움)와 해리 케인(6골 1도움)의 화력 대결이 관전 포인트다. 케인은 이번 대회에서 자신의 월드컵 개인 통산 최다 골 타이 기록을 세우며 1966년 이후 60년 만의 우승을 조준하고 있다. 반대편 대진에서는 프랑스와 스페인이 오는 15일 오전 4시 미국 댈러스 스타디움에서 맞붙는다. 현재 8골 3도움으로 득점 선두를 달리는 킬리안 음바페(프랑스)와 스페인의 18세 신성 라민 야말의 신구 조화가 기대를 모은다. 김예랑 한경닷컴 기자 yesrang@hankyung.com",https://v.daum.net/v/txK1oQ8Bh8
2026.07.12 19:02,"'개막 D-5' 2026 제3회 마이데일리배 전국유소년야구대회, '박해민...",마이데일리,"[마이데일리 = 이정원 기자] ""모두 응원합니다."" 제3회 마이데일리배 전국유소년야구대회가 오는 17일부터 21일까지 강원도 횡성군 횡성베이스볼테마파크에서 열린다. 전국 각지의 대한유소년야구연맹 유소년 선수들이 참가해 열띤 경쟁을 펼칠 예정이다. 이제 개막 5일이 남은 가운데, 미래의 야구 유망주들을 향한 KBO 10개 구단 선수들의 응원 메시지가 도착했다. LG 트윈스 외야수 박해민, 한화 이글스 외야수 오재원, SSG 랜더스 내야수 정준재, 삼성 라이온즈 투수 배찬승, NC 다이노스 내야수 김주원, 롯데 자이언츠 내야수 전민재, KIA 타이거즈 내야수 김도영-투수 성영탁, 두산 베어스 투수 최민석, 키움 히어로즈 내야수 권혁빈-투수 배동현이 응원 메시지를 남겼다. ""3회 마이데일리배 전국유소년야구대회 개최를 진심으로 축하합니다. 대한유소년야구연맹 선수들이 다치지 않고 즐겁게 대회를 마무리했으면 좋겠습니다""라고 진심을 전했다. 한편 제3회 마이데일리배 전국유소년야구대회는 마이데일리가 주최하고, 대한유소년야구연맹이 주관한다. 횡성군, 횡성군체육회, 국민체육진흥공단, 한국도핑방지위원회, 한국스포츠레저(주), 한미사이언스, 스포페이, 애플라인드, 한강식품, 스포노베이션, 메디앳, 유니시티코리아, 글로우핏, 보령헬스케어에서 후원한다.",https://v.daum.net/v/H4yVsNoMwM
2026.07.12 19:02,"‘축제의 장’ 잠실구장, 다시 ‘전쟁터’로! KBO리그 후반기, 순위 싸...",스포츠서울,"[스포츠서울 | 잠실=강윤식 기자] ‘축제’가 끝났다. 모두가 웃고 즐긴 잠실구장이 이제 다시 ‘전쟁터’로 바뀐다. 전국 나머지 9개구장도 마찬가지다. KBO리그가 이제 후반기를 맞는다. 치열했던 순위 싸움은 이제부터가 진짜다. 2026 KBO 올스타전이 막을 내렸다. 올해 철거 예정인 잠실구장에서 열려 의미를 더했다. 잠실구장을 누볐던 LG, 두산의 레전드들의 뜻깊은 시구·시포 행사부터 올스타로 뽑힌 선수들의 활약상이 더해져 야구팬들에게 잊을 수 없는 추억을 선사했다. 축제가 끝난 만큼, 이제 다시 순위 싸움에 돌입할 준비를 한다. 전반기 동안 박 터지는 순위 싸움이 전개됐다. 삼성과 LG는 1위 자리를 놓고 다투면서 ‘2강’ 구도를 형성했다. KIA, 한화, 두산, NC, 롯데까지 뒤엉킨 중위권의 빡빡함도 만만찮다. 후반기는 모든 팀이 승부수를 띄우는 시점이다. 이미 일정 절반 이상을 소화했다. 여기서 처지면 이제는 회복하기 쉽지 않다는 얘기다. 어떻게든 지금 순위에서 버티면서 더 높은 곳을 바라봐야 한다. 그렇기에 올스타전에 참가한 선수들은 축제를 즐기는 동시에, 순위 경쟁의 치열함도 잊지 않았다. 삼성은 어렵게 빼앗은 1위 자리를 지켜내야 한다. 외국인 투수 크리스 페덱을 영입하며 우승에 대한 의지를 불태우고 있다. 지난해 KBO리그 최초 50홈런-150타점을 적은 르윈 디아즈의 활약도 중요하다. 디아즈는 “대구가 더워서 수분 보충하려고 한다. 후반기엔 꾸준함을 유지해야 할 것 같다”고 각오를 다졌다. 반대로 1위 탈환을 노리는 LG 의지도 분명하다. ‘캡틴’ 박해민은 자신감이 넘친다. 그는 “전반기 정말 잘했다. 부상으로 빠진 선수 많고, 부진한 선수도 있다. 2등이지만, 승차가 없다. 지난해에는 이때 5.5경기 차이로 뒤지고 있었다”며 “부진했던 선수들이 조금씩 좋아지고 있다. 그들이 후반기에 팀을 이끌 거로 생각한다”고 힘줘 말했다. 중위권을 지키는 한화 류현진은 가을야구를 향한 의지를 불태웠다. 그는 “전반기엔 이른 강판 안 당하고 선발투수가 할 수 있는 역할 한 것 같다”며 “후반기 개인적인 목표는 없다. 지난해처럼 가을야구 갈 수 있으면 좋겠다. 그러기 위해서 최선을 다하겠다”고 강조했다. 후반기는 16일 출발한다. 전국 5개구장에서 개막 2연전을 치렀던 대진으로 4연전을 치른다. 이때부터 가을야구를 향한 뒤 없는 승부가 펼쳐진다. 축제가 끝난 KBO리그에 다시 전운이 감돈다. skywalker@sportsseoul.com",https://v.daum.net/v/V20JGImjlm
2026.07.12 18:47,문현빈은 4안타치고 올스타전 MVP 못 받은 사나이지만…MVP급 조연 “...,마이데일리,"[마이데일리 = 김진성 기자] 4안타 치고 올스타전 MVP를 못 받은 비운의 사나이. 11일 서울 잠실구장에서 열린 잠실 마지막 올스타전에는 한 가지 진기록이 나왔다. 1985년(1차전), 1988년, 1994년, 2002년에 이어 역대 5번째로 홈런이 터지지 않은 올스타전이었다. 2002년을 제외하면 모두 잠실에서 열린 올스타전이었다. 올스타전은 투수들이 전력투구를 하지 않는다. 홈런이 어렵지 않게 터질 수 있는 이벤트 매치다. 그러나 잠실은 국내에서 가장 넓은 야구장이다. 홈런이 기본적으로 많이 안 나온다. 그래서 잠실에선 늘 집중력 있는 타격, 연속안타와 2~3루타의 가치가 높다. 11일 마지막 잠실 올스타전의 승자는 나눔이었다. 홈런은 없었지만, 장단 22안타를 앞세워 10-2로 드림에 대승했다. 아니나 다를까 6회에 집중적으로 5점을 뽑아내며 승부를 갈랐다. 그리고 그 과정에서 히어로는 당연히 있었다. 한화 이글스의 날이었다. 8번 포수로 선발 출전한 허인서가 5타수 4안타 1타점 1득점했다. 6번 우익수로 선발 출전한 문현빈도 5타수 4안타에 1타점 3득점했다. 교체출전한 2루수 이도윤도 3안타 3타점 1득점으로 맹활약했다. 결국 마지막 잠실 올스타전 MVP는 한화 3인방의 경쟁구도였다. 이도윤은 역전타에 도망가는 타점까지 만들어내면서, 경기 중반까지 가장 유력해 보였다. 그러나 허인서와 문현빈도 꾸준히 안타를 터트리며 임팩트를 쌓았다. 단, 허인서는 7회까지 3루타 한 방 포함 4안타를 터트린 반면, 문현빈은 3안타였다. 그리고 기자단의 MVP 투표 마감시점이 9회초 시작 이전이었다. 경기 직후 열리는 시상식에 맞춰 발표를 하기 위해선 8회까지 투표 마감이 필요했다. 다른 종목들도 마찬가지다. 경기 종료 직후 MVP 투표를 하는 건 불가능하다. 문현빈의 네 번째 안타는 8회에 나왔다. 그런데 이미 투표가 상당수 진행된 시점에서 터졌다는 해석이 나왔다. 결국 기자단 투표 25표 중 허인서가 13표, 문현빈이 10표를 득표하며 허인서에게 MVP가 돌아갔다. 물론 문현빈은 우수타자상을 받았다. 한화 관계자에 따르면 문현빈은 투표시점에 대한 얘기를 들었다고. 허인서는 경기 도중 문현빈이 자신이 타석에 들어갈 때 “못 쳤으면 좋겠다”라는 유쾌한 폭로를 했지만, 물론 농담이었다. 문현빈은 허인서를 진심으로 축하했다. 문현빈은 구단을 통해 “우리 홈구장은 아니지만 한국 프로야구의 역사가 녹아 있는 잠실야구장에서 열리는 마지막 올스타전에서 좋은 모습 보여드렸다는 의미가 있고, 우리 팀이 상을 싹쓸이해서 기분이 좋다”라고 했다. 그러면서 문현빈은 “투표 시점에 대한 얘기를 들었는데 내가 어떻게 할 수 있는 부분이 아니기 때문에 거기에 대해서는 할 말이 없다”라고 했다. 허인서에 대해서는 “너무 축하하고 경기 중엔 사실 경쟁이었기 때문에 그 생각으로 더 재밌었다. 올스타전을 계기로 같이 시즌도 마무리를 잘 했으면 좋겠다”라고 했다. 끝으로 문현빈은 “승률 5할로 전반기를 마무리했는데 가을야구 싸움을 이어가고 있는 만큼 후반기 시작부터 치고 올라가서 좋은 성적을 거두고 싶다”라고 했다. 부동의 한화 3번타자이자, 중견수다. 올스타전 MVP급 활약을 펼친 것은 분명하고, 한화를 넘어 한국야구를 이끌어갈 외야수인 것도 확실하다.",https://v.daum.net/v/ycjRQbztwj
2026.07.12 18:11,치열한 선두 경쟁·신기록 행진까지…프로야구 첫 1300만 보인다,한국경제,"지난 11일 밤 서울 잠실벌을 달군 ‘별들의 축제’ 2026 KBO 리그 올스타전을 기점으로 프로야구는 후반기 레이스의 포문을 열었다. 올 시즌 전반기 KBO리그는 유례없는 흥행 돌풍을 일으켰다. 날마다 최다 경기 관중 신기록을 갈아치우며 이제 전인미답의 ‘1300만 관중 시대’까지 바라보게 하고 있다. 2026 KBO리그는 전반기 424경기 만에 누적 관중 763만3775명이라는 역대 최다 기록을 썼다. 100만명부터 700만명 돌파에 이르기까지 모든 구간에서 역대 최소 경기 기록을 갈아치웠다. 경기당 평균 관중은 1만8004명에 달한다. 이 같은 추세라면 2년 연속 1200만명 돌파는 기정사실이며, 산술적으로 꿈의 1300만 관중 달성도 충분히 가능한 페이스다. ◇ 전반기 수놓은 ‘최초·최다’ 기록들 올 시즌 흥행의 중심에는 세월을 잊은 베테랑들의 굵직한 발자취와 그 뒤를 잇는 젊은 피들의 맹활약이 자리하고 있다. 마운드에서는 ‘코리안 몬스터’ 류현진(한화 이글스)의 활약이 눈부셨다. 지난 5월 24일 두산 베어스전 승리로 한미 통산 200승(KBO 122승·MLB 78승) 위업을 달성했다. 전반기에만 8승을 챙긴 그는 한미 통산 2500탈삼진까지도 단 1개만을 남겨두고 있다. 타석에서도 진기록이 쏟아졌다. 홈런왕 최정(SSG 랜더스)은 전반기에 17개의 아치를 그리며 무려 21시즌 연속 두 자릿수 홈런이라는 전무후무한 금자탑을 쌓았다. ‘철인’ 강민호(삼성 라이온즈)는 KBO리그 사상 첫 2500경기 출장이라는 위업을 달성했다. 전반기까지 통산 2556경기에 출장해 이 부문 2위 최정(2458경기)에게 98경기 차로 넉넉히 앞서 있다. 1983년생으로 리그 ‘최고령 현역’인 최형우(삼성 라이온즈)는 KBO리그 최초로 통산 4500루타 고지를 밟았을뿐만 아니라, 현재 통산 2676안타, 559 2루타, 1803타점 등 타격 주요 지표 최상단에서 매 경기 역사를 새로 쓰고 있다. 박성한(SSG)은 개막전부터 22경기 연속 안타를 쳐내며 1982년 김용희(18경기)의 기록을 44년 만에 뛰어넘는 진기록을 작성했다. 바늘구멍을 뚫고 프로 무대에 선 육성선수들의 ‘인간 승리’도 전반기 그라운드를 빛냈다. 박준영(한화)은 지난 5월 10일 대전 LG 트윈스전에서 5이닝 무실점 쾌투를 펼치며 KBO리그 사상 최초로 ‘육성선수 출신 데뷔전 선발승’이라는 진기록을 썼다. 이어 지난 2일에는 김백산(삼성)이 창원 NC전에서 5⅔이닝 무실점을 기록하며 역대 두 번째 육성선수 데뷔전 선발승의 주인공으로 이름을 올렸다. ◇ LG·삼성 우승 경쟁 등 열기 고조 전인미답의 1300만 관중 돌파를 확신하게 하는 가장 강력한 원동력은 한 치 앞을 알 수 없는 치열한 순위 경쟁이다. 절대 강자도, 절대 약자도 없는 촘촘한 순위표가 연일 만원 관중을 이끌고 있다. 특히 프로야구 최고 인기 구단으로 꼽히는 LG와 삼성의 선두권 다툼이 야구팬의 심박수를 높이고 있다. LG와 삼성은 전반기 관중 동원에서도 나란히 1위(100만8068명)와 2위(97만6271명)를 기록하며 리그 전체의 흥행을 이끌고 있다. 전년도 통합 우승팀인 LG는 단 43경기 만에 홈 100만 관중을 돌파하며 2001년 관중 전산 집계 도입 이후 최단기 100만 관중이라는 새 이정표를 세우기도 했다. 무엇보다 LG와 두산이 안방으로 사용하는 잠실구장이 대대적인 리모델링을 앞두고 있어, 마지막 시즌이라는 상징성이 야구팬의 발걸음을 더욱 재촉할 것이라는 분석이다. 개인 타이틀을 향한 치열한 경쟁도 또 하나의 흥행 요소다. 나란히 27개의 홈런을 터뜨린 오스틴 딘(LG)과 김도영(KIA)의 홈런왕, 강백호(한화·85타점)와 오스틴(83타점)의 타점왕, 나란히 9승씩을 수확한 최민석(두산), 아담 올러(KIA), 임찬규(LG)의 다승왕 경쟁 등이 하반기 레이스를 뜨겁게 달구고 있다. 서재원 기자 jwseo@hankyung.com",https://v.daum.net/v/UxxI47pXh1
2026.07.12 18:03,"고우석, MLB 데뷔 첫 홀드",매일경제,미국프로야구 메이저리그(MLB)에서 30번째 한국 선수로 출전한 고우석(미네소타 트윈스·사진)이 데뷔 두 번째 등판에서 팀 승리에 징검다리를 놓는 무실점 투구로 첫 홀드를 수확했다. 고우석은 12일(한국시간) 미국 미네소타주 미니애폴리스 타깃 필드에서 열린 2026 MLB 정규리그 LA에인절스와의 홈경기에서 소속팀 미네소타가 5대3으로 앞선 8회초 구원 등판해 1이닝 1피안타 1볼넷 무실점을 기록했다. 팀의 2점 차 우위를 지킨 고우석은 미네소타가 그대로 5대3 승리로 끝내면서 메이저리그 데뷔 후 첫 홀드를 기록했다. 고우석은 지난 10일 클리블랜드 가디언스전에서 MLB 데뷔전을 치렀다. 첫 등판 때 1이닝 1피안타 1탈삼진 1실점을 기록했던 고우석은 두 번째 등판에서 직구 최고 구속 96.2마일(약 154.8㎞) 등 빠른 공을 앞세워 무실점 경기를 펼쳤다. [김지한 기자],https://v.daum.net/v/9kntfu0HCb
2026.07.12 17:50,메시 vs 음바페…득점왕 경쟁 끝까지 간다,한국경제,‘디펜딩 챔피언’ 아르헨티나가 연장 혈투 끝에 스위스를 물리치고 준결승에 진출하며 2회 연속 우승에 한 걸음 더 다가갔다. 이에 따라 세계 최고의 축구 스타 리오넬 메시(아르헨티나)와 킬리안 음바페(프랑스)의 골든부트(득점왕) 경쟁 역시 대회 끝까지 치열하게 전개될 전망이다. 아르헨티나는 12일(한국시간) 미국 미주리주 캔자스시티 스타디움에서 열린 2026 북중미 월드컵 8강전에서 10명이 싸운 스위스를 상대로 120분 연장 접전 끝에 3-1 승리를 거뒀다. 이날 경기를 끝으로 FIFA 랭킹 1~4위가 모두 출전하는 대회 4강 대진도 완성됐다. FIFA 랭킹 1위의 아르헨티나는 노르웨이를 연장 승부 끝에 2-1로 제압한 잉글랜드(FIFA 랭킹 4위)와 오는 16일 오전 4시 미국 애틀랜타 스타디움에서 결승 진출을 놓고 다툰다. 또 다른 4강전은 스페인(2위)과 프랑스(3위)의 맞대결(15일 오전 4시 댈러스)이다. 전 세계 축구 팬의 이목은 단연 메시와 음바페의 득점왕 레이스에 쏠린다. 두 선수는 8강전까지 나란히 8골씩을 터뜨리며 대회 득점 공동 선두를 달리고 있다. 서재원 기자 jwseo@hankyung.com,https://v.daum.net/v/XouNCcNdvA
2026.07.12 17:46,"'나가 우수투수상' 울산 웨일즈, 창단 첫 올스타전서도 빛났다",스타뉴스,"[스타뉴스 | 안호근 기자] 울산 웨일즈가 창단 후 처음 치르는 퓨처스 올스타전에서도 확실한 존재감을 과시했다. 울산 웨일즈는 지난 10일 서울 잠실야구장에서 열린 2026 KBO 퓨처스 올스타전을 성공적으로 마무리하며 구단과 울산광역시를 전국 야구팬들에게 알리는 의미 있는 무대를 만들었다. 울산 웨일즈는 KBO 최초 시민구단으로서 첫 퓨처스 올스타전에 참가해 남부리그 우승(4-0승, 상금 1000만 원)에 힘을 보탰으며 투수 나가 타이세이는 1이닝 1탈삼진 무실점으로 홀드를 기록해 우수투수상(상금 100만 원)을 수상했다. 이번 퓨처스 올스타전에서 울산 웨일즈 선수들은 개성 넘치는 퍼포먼스로 팬들에게 또 다른 즐거움을 선사했다. 알렉스 홀은 호주의 상징 동물인 캥거루 컨셉, 김서원은 울산웨일즈 공식 마스코트 오르카 분장, 노강민은 기린 의상으로 관중들에게 큰 웃음을 선사했고, 선수단은 'KBO 팬 여러분, 울산시민 여러분 사랑합니다'라는 감사 현수막을 함께 펼치며 전국 팬들과 울산시민들에게 감사의 마음을 전하며 창단 첫 올스타전의 의미를 더했다. 우수투수상을 수상한 나가는 ""창단 첫해 울산 웨일즈를 대표해 퓨처스 올스타전에 참가하게 된 것만으로도 큰 영광이었는데 이렇게 우수투수상까지 받게 돼 정말 기쁘다. 함께 땀 흘린 동료들과 응원해주신 팬 여러분께 감사드린다. 이번 경험을 자신감으로 삼아 후반기에도 울산 웨일즈가 더 높은 곳을 향해 나아갈 수 있도록 더욱 책임감 있는 모습을 보여드리겠다""고 소감을 전했다. 울산은 올 시즌 퓨처스리그 68경기에서 40승 27패 1무로 남부리그 1위를 달리고 있다. 프로에서 활약했던 예진원, 변상권, 김동엽 등에 최근엔 메이저리그 출신 최지만과 SSG 랜더스에서 세이브왕을 차지한 뒤 타자로 전향해 3할 타율까지 기록했던 하재훈까지 합류했다. 창단 첫 시즌부터 퓨처스 올스타전에서 의미 있는 성과를 거두며 구단의 성장 가능성을 알린 울산은 앞으로도 시민구단으로서 울산을 대표하는 자부심을 바탕으로 팬들과 함께 성장하며 더 큰 도전을 이어갈 계획이다. 안호근 기자 oranc317@mtstarnews.com",https://v.daum.net/v/pUFETrEohL
2026.07.12 17:45,잠실서의 마지막 올스타전...무더위에도 빛난 별들의 잔치,중부일보,"잠실야구장에서의 마지막 올스타전이 성황리에 마무리됐다. 11일 서울 잠실야구장서 열린 2026 신한 SOL뱅크 KBO 올스타전은 나눔 올스타(LG 트윈스·한화 이글스·NC 다이노스·KIA 타이거즈·키움 히어로즈)가 드림 올스타(KT 위즈·SSG 랜더스·삼성 라이온즈·두산 베어스·롯데 자이언츠)에 10-2 대승을 거두며 막을 내렸다. 이번 올스타전은 1982년 개장한 잠실야구장에서의 마지막 올스타전이라는 점에서 많은 팬들의 주목을 받았으며 당일 35도를 훌쩍 넘긴 폭염이 예보됐음에도 5년 연속 매진 기록을 이어갔다. 또 잠실야구장에서의 마지막 올스타전인 만큼 두산과 LG 양팀의 레전드인 박철순·김경문과 김용수·김동수가 합동 시구·시포 행사에 나섰다. 선취점을 뽑은 것은 드림 올스타였다. 3회말 마운드에 오른 키움 안우진을 상대로 KT 허경민이 중전 안타를 뽑아내며 두산 박찬호를 홈으로 불러들였다. 하지만 4회초 나눔 올스타는 NC 김주원의 희생타와 한화 이도윤의 역전 적시타로 곧바로 경기를 뒤집었고 6회초에는 롯데 현도훈을 상대로 대거 5득점에 성공하며 격차를 벌렸다. 나눔 올스타는 8회초에도 KIA 한준수·한화 문현빈·LG 구본혁의 3타자 연속 안타로 3점을 추가하며 경기에 쐐기를 박았다. 미스터 올스타로는 5타수 4안타를 기록한 한화의 허인서가 선정됐다. 퍼포먼스상은 롯데의 황성빈이, 우수타자상은 한화 문현빈(5타수 4안타), 우수투수상은 한화 류현진(1이닝 무실점)이 각각 수상했다. 선수들은 경기 승부만큼이나 볼거리 제공을 위해 몸을 사리지 않았다. 양 팀 선수들은 팬들의 예상을 뛰어넘는 복장과 분장을 준비했고 다양한 퍼포먼스를 선보이며 눈길을 끌었다. 한편 올스타전에 앞서 진행된 홈런더비서는 한화 강백호가 SSG 오태곤을 꺾고 우승을 차지했다. 강백호는 예선서 7개의 홈런을 때려내며 오태곤·한화 허인서와 동률을 이뤘고 결승서도 7개의 홈런을 기록하며 오태곤과 승부를 가리지 못했다. 이어진 30초의 서든데스서 오태곤은 홈런을 기록하지 못했고 강백호는 극적으로 홈런을 때려내며 생애 첫 홈런더비 우승에 성공했다. 조승화 기자",https://v.daum.net/v/t0I5SDcnDW
2026.07.12 17:42,"'희동이' 20살 부산 사나이, 제2의 추신수-에레디아 꿈꾸다 ""본받을 ...",마이데일리,"[마이데일리 = 이정원 기자] ""본받을 점이 많아요."" SSG 랜더스 유망주 이원준은 추신수, 기예르모 에레디아 같은 선수가 되고 싶다. 이원준은 부산중-부산고 출신으로 2025 신인 드래프트 5라운드 전체 48번으로 SSG 지명을 받았다. 아직 1군 데뷔의 꿈은 이루지 못했다. 퓨처스팀에서 꿈을 키우고 있다. 2025시즌 45경기 14안타 1홈런 5타점 10득점 타율 0.182, 2026시즌 39경기 27안타 3홈런 11타점 18득점 타율 0.233을 기록했다. 이원준은 김정민을 대신해 2026 KBO 퓨처스 올스타전에 출전했다. 이원준은 SBS 예능 프로그램 '런닝맨'에서 화제가 되었던 김종국의 '근육 희동이' 콘셉트로 등장해 화제를 모았다. 이원준은 ""좋은 선수들, 좋은 팀원들과 함께 특별한 추억을 만들 수 있어 기쁘다. 정민이 형이 부상으로 빠지면서 대신 출전하게 됐는데, 정민이 형 몫까지 더 열심히 뛰겠다""라고 이야기했다. 이원준은 부산에서 성장했다. 잠실구장은 밟은 건 처음이다. 그는 ""부산 사람이라 잠실야구장에 꼭 와보고 싶었는데, 선수로서 마지막에 한 번이라도 뛰게 돼 뜻깊다""라고 말했다. 퓨처스 올스타에 뽑혔지만, 훗날 1군 올스타전에 출전하는 꿈을 꾸고 있다. 이원준은 ""시즌 초반에는 페이스가 좋다고 느꼈지만 중간에 부상을 당해 어려움을 겪었다. 후반기에는 다시 좋은 흐름을 찾아 1군에 갈 수 있을 정도의 성적을 내고 싶다""라며 ""선수라면 누구나 1군 올스타전에 가는 게 꿈이다. 물론 올해 퓨처스 올스타에 뽑힌 것만으로도 영광이다. 내년에는 꼭 1군 올스타에 갈 수 있도록 열심히 하겠다""라고 힘줘 말했다. 롤모델은 추신수, 에레디아다. 그는 ""야구든 외적으로든 본받을 점이 진짜 많다. 야구장에서도 멋진 플레이를 많이 보여주셨다. 에레이다 선수는 나랑 포지션도 같다. 또 좌투우타이기도 하고, 특이 케이스여서 그런지 많이 보는 편""이라고 미소 지었다. 이어 이원준은 ""고등학교 때부터 몸이 좋은 편이었지만, 프로에 와서 트레이닝 파트의 도움을 많이 받으면서 몸이 더 좋아졌다. 몸무게는 비슷한데, 수치를 보면 이전과 정말 다르다""라며 ""팀의 장타력을 책임지는 거포가 되고 싶다. 장타율뿐 아니라 출루율도 높은 OPS형 타자가 되는 게 목표""라고 각오를 다졌다.",https://v.daum.net/v/Xk3DLP4qwi
2026.07.12 17:41,올스타전 응원가 떼창→2안타 2타점→'광주 3대 포수' 칭찬까지...'규...,OSEN,"[OSEN=이선호 기자] ""광주의 3대 포수이다"". KIA 타이거즈 포수 한준수(26)가 잊을 수 없는 올스타전을 보냈다. 팬들의 열광적인 응원과 함께 포수 대선배에게서 덕담까지 들었다. 지난 11일 잠실구장에서 열린 2026프로야구 올스타전에 감독추천선수로 출전헤 3타수 2안타 2타점을 기록했다. 규정타석 진입을 앞둔 3할 타자의 힘을 올스타전에서도 과시했다. 타석에 들어서자 팬들의 엄청난 환대를 받았다. 10개 구단 관중들이 모두 한준수의 응원가를 힘차게 불러주었다. 팔과 머리 등 온몸을 앞으로 내미는 독특한 응원가이다. 한 여름이니 에너지가 많이 소비된다. 그래서 만점 다이어트 응원가라는 말도 나온다. 이걸 KIA 팬들 뿐만 아닌 잠실을 찾은 관중들이 합창을 했다. 팬들의 응원에 아드레날린이 용솟음쳤다. 화끈한 방망이로 보답했다. 6회초 7-1로 달아나는 우중간 안타에 이어 8회초에서도 우중간 2루타로 또 한 점을 뽑았다. 포수가 아닌 1루수로 출전한 것이 본인에게는 아쉬움으로 남았겠지만 첫 올스타 무대에서 자신의 타격 능력을 마음껏 발휘했다. 대선배 두산 베어스 주전포수 양의지에게서 의미있는 덕담도 들었아. 양의지는 올스타 최다 득표를 받고 베스트12에 선정됐다. 5회가 끝나고 이어진 중간 행사 도중 한준수를 옆에 부르더니 ""광주의 3대 포수가 있다. 광주일고 김상훈, 진흥고 양의지, 동성고 한준수다""고 말하며 웃었다. 한준수는 ""고맙습니다""며 황송한 표정을 지었다. 김상훈은 광주일고 출신으로 2000년 부산 아시안게임 대표로 뛰었다. KIA 주전포수로 2009년 우승을 이끌었고 골든글러브를 수상했다. 지금은 NC 다이노스의 배터리코치로 일하고 있다. 양의지는 수비와 공격 능력에서 박경완(쌍방울 현대 SK)과 함께 프로야구 역대 최고의 포수 라는 평가를 받고 있다. 현재도 특급 지위를 누리고 있다. 물론 광주출신 주전급 포수가 이들만은 아니다. 광주상고(현 광주동성고)출신 장채근은 타이거즈 왕조를 이끌었던 부동의 포수였다. 광주일고 출신 정회열도 타이거즈의 영광을 함께 이끌었던 포수였다. 1996~1997 타이거즈 우승을 이끌었던 최해식은 광주가 아닌 군상상고 출신이다. 한준수와 함께 SSG 조형우도 광주일고 출신으로 주전마스크를 쓰고 있다. 후배를 향한 양의지의 덕담은 한준수에게는 큰 동기부여이다. 2018 1차 지명을 받았으나 무명의 시간이 길었다. 전역과 함께 2023시즌에야 1군 기회를 얻었다. 점점 두각을 드러내더니 2024시즌 김태군의 백업포수로 우승에 힘을 보탰다. 이제는 어엿한 주전포수가 됐다. 3할2푼2리 6홈런 26타점 29득점 OPS .923 득점권 타율 3할4푼9리의 공격능력을 뽐내고 있다. 규정타석 진입을 앞두고 있다. 포수에게 가장 중요한 수비능력이 점점 좋아지고 있지만 아직은 채울 부분이 많다. 팀의 우승을 이끄는 주전이자 골든글러브와 올스타 베스트12에 이어 국가대표 포수라는 미지의 목표가 있다. 불철주야 노력을 경주해야 이룰 수 있는 꿈이다. 모두 이루면 좋겠지만 이 가운데 하나는 정복해야 '광주 3대포수' 덕담이라는 말이 들어맞을 듯 하다. 이제 시작이다. 더 커야 한다. /sunny@osen.co.kr",https://v.daum.net/v/89xePB71Ci
2026.07.12 17:22,"'1위 삼성의 마지막 퍼즐' 페덱 ""韓팬 열정 빨리 느껴보고 싶어…꼭 우...",스포츠조선,"[스포츠조선 고재완 기자] 사자 군단이 마침내 대권을 향한 가장 강력한 마지막 퍼즐을 맞췄다. 전반기를 당당히 1위로 마감하며 우승 기회를 잡은 삼성 라이온즈가 외국인 투수 전격 교체라는 초강수를 두며 정상 등극을 향한 독한 의지를 천명했다. 삼성은 지난 11일, 최근까지 최고 무대에서 활약한 메이저리그 현역 빅리거 크리스 페덱(30)을 총액 47만 3333달러 조건에 영입했다고 공식 발표했다. 페덱은 이미 국내에서 메디컬 테스트를 마쳤으며 조만간 팀에 합류해 후반기 선발 로테이션의 핵으로 가동될 예정이다. 삼성 공식 유튜브 채널 'Lions TV'를 통해 공개된 인터뷰 영상 '새로운 외국인 투수 크리스 페덱입니다' 속 페덱은 유쾌하면서도 강렬한 에너지를 뿜어내며 출사표를 던졌다. 삼성이 전반기 1위를 달리고 있는 와중에도 외국인 투수를 전격 교체한 배경에는 명확한 계산서가 있었다. 당초 대권 도전을 위해 영입했던 맷 매닝이 시즌이 시작되기도 전에 불의의 부상으로 이탈하는 초대형 악재가 터졌다. 이에 삼성은 대체 외국인 선수로 호주 출신의 잭 오러클린을 빠르게 수혈해 전반기 동안 쏠쏠한 재미를 보며 버텼다. 하지만 오러클린이 시즌을 치를수록 눈에 띄게 힘이 빠지는 체력적 한계를 드러내자, 삼성은 후반기 완벽한 독주 체제를 굳히기 위해 교체 카드를 전격 가동했다. 삼성이 수혈한 페덱은 그야말로 급이 다른 특급 옵션이다. 키 1m96, 몸무게 98kg의 건장한 체격을 자랑하는 우완 투수다. 마이너리그 통산 소화 경기가 40경기에 불과한 반면, 메이저리그에서는 무려 통산 132경기를 던진 진짜 현역 빅리거다. 빅리그 132경기 중 선발 등판이 무려 119경기에 달해 이닝을 이끌어가는 능력이 탁월하다. 메이저리그 통산 성적은 32승 43패, 평균자책점 4.83이다. 9이닝당 탈삼진 8.02개, 9이닝당 볼넷 2.04개를 기록할 만큼 묵직한 구위와 칼날 제구력을 동시에 갖췄다. 페덱은 샌디에이고 파드리스 시절 코리안 메이저리거 김하성과 한솥밥을 먹었던 동료이기도 하다. 한국 무대 도전을 앞두고 김하성과의 끈끈한 유대감이 큰 힌트가 됐다. 페덱은 ""삼성 입단 기회를 얻기 전 전반적인 조언을 구하기 위해 샌디에이고에서 함께 뛰었던 옛 동료 김하성을 비롯해 한국에서 뛰었던 몇몇 선수들에게 연락했다""라며 ""그들은 한국 팬클럽의 열정이 얼마나 대단한지, 그리고 한국 구단이 외국인 선수들을 얼마나 따뜻하게 잘 대접해 주는지 침이 마르도록 극찬하더라""고 전했다. 이어 자신의 독특한 아이덴티티도 소개했다. 그는 ""내가 텍사스 출신이라 평소 카우보이나 웨스턴 문화를 대표하는 것을 정말 좋아한다""며 ""그래서 미국에 있을 때 팬과 동료들이 나를 '보안관'이라는 별명으로 불렀다""고 유쾌하게 웃었다. 페덱은 ""한국 팬들이 굉장히 열정적이고 흥이 넘친다고 들었는데, 만원 관중이 가득 찬 야구장 분위기를 하루빨리 몸으로 느껴보고 싶다""며 기대감을 숨기지 않았다. 페덱은 계약서에 사인을 마친 직후 ""어느 리그든 프로야구는 무조건 많이 이겨야 하는 스포츠다""라며 ""그런 면에서 현재 1위 경쟁을 펼치며 위닝 멘탈리티를 보여주고 있는 삼성에 강한 매력을 느꼈다. 팀이 전반기를 1위로 마친 좋은 상황인 만큼, 후반기 성공 가도에 아주 작은 힘이라도 보태 사자 군단 팬들에게 반드시 우승 트로피를 안겨드리겠다""고 매서운 포부를 밝혔다. 1m96의 거구에서 뿜어져 나오는 구위와 메이저리그 통산 9이닝당 볼넷 2.04개의 정밀한 제구력은 후반기 KBO 타자들에게 공포의 저지선이 될 전망이다. ""내가 가진 모든 야구 지식을 동료들과 나누겠다""라며 벌써부터 끈끈한 융화를 약속한 페덱이 후반기 삼성이 압도적인 격차를 벌리는데 일조할 수 있을지 관심이 모아지고 있다. 고재완 기자 star77@sportschosun.com",https://v.daum.net/v/Wq61YOrNpA
2026.07.12 17:10,"""불펜 용병은 사치다"" LG 팬들, 리오스 교체 촉구...""고우석 복귀 ...",마니아타임즈,"KBO리그의 외국인 선수 교체 마감 시한이 다가오는 가운데, LG 트윈스 팬들 사이에서 외국인 불펜 투수 리오스의 교체를 촉구하는 목소리가 높아지고 있다. 최근 한 온라인 야구 커뮤니티에는 현재 LG의 투수진 상황과 리오스의 세부 지표를 날카롭게 분석하며 구단의 결단을 요구하는 글이 올라와 팬들의 큰 공감을 얻고 있다. 해당 글을 작성한 팬은 구단의 당초 구상이 고우석의 복귀를 전제로 했을 것이라 추측했다. 고우석이 마무리를 맡고 리오스가 필승조에 가세하면서 손주영을 선발로 복귀시키는 시나리오였을 가능성이 높다는 것이다. 그러나 고우석의 메이저리그 콜업으로 계획이 틀어지면서 결국 손주영이 마무리로 가을야구까지 치러야 하는 상황이 되었다고 진단했다. 현재 LG 선발진은 한 자리가 비어 있는 데다, 웰스의 풀타임 선발 소화 능력에 대한 의문, 송승기의 부상 우려, 장현식의 과부하 가능성 등 불안 요소가 산재해 있다. 작성자는 이러한 상황을 짚으며 안정적인 선발 투수 한 명의 영입이 필수가 되었다고 주장했다. 특히 리오스의 세부 지표를 근거로 불펜 용병의 효용성에 의문을 제기했다. 리오스가 좌타자를 상대로 OPS 0.8에 가까운 수치를 기록하며 약점을 보이고 있으며, 장타 허용률이 높아 1점 차 박빙 상황에 등판시키기 어렵다는 지적이다. 또한 연투 시 구속과 구위가 하락하는 점 역시 불펜 투수로서 치명적이라고 덧붙였다. 작성자는 선발진에 여러 물음표가 붙은 상황에서 불펜 외국인 투수를 보유하는 것은 사치라며, 특급 투수는 아니더라도 이닝을 버텨줄 수 있는 2선발급 외국인 투수의 영입이 무조건 필요한 시점이라고 강조했다. 아울러 페덱을 영입한 삼성 등 경쟁 구단들의 발 빠른 행보를 언급하며, 현재 전력으로 대권을 노리기 힘든 만큼 구단이 적극적으로 움직여야 한다고 촉구했다. [강해영 마니아타임즈 기자/hae2023@maniareport.com] 기사제보 및 보도자료 report@maniareport.com",https://v.daum.net/v/XZkc47pXZ8
2026.07.12 17:02,"세광고, 청룡기 결승서 경북고 6-2 제압하고 첫 우승...44년 만에 ...",마니아타임즈,"청주 세광고가 제81회 청룡기 전국고교야구대회 겸 주말리그 왕중왕전에서 첫 우승을 차지했다. 세광고는 12일 서울 목동구장에서 열린 결승에서 경북고를 6-2로 꺾고 정상에 올랐다. 세광고의 전국대회 우승은 '송골매' 송진우(전 한화)를 앞세워 1982년 황금사자기를 제패한 이후 44년 만이자 역대 두 번째다. 이 대회를 8차례 석권했던 경북고는 세광고 마운드에 막혀 준우승에 그쳤다. 세광고는 1회 서정휘의 적시타로 선취점을 뽑았고, 2회 만루에서 황동민의 희생플라이와 김우진의 2타점 적시타로 3점을 보탰다. 5회 2점을 만회한 경북고는 이어진 기회에서 병살타로 흐름이 끊겼고, 세광고는 9회초 2점을 추가해 쐐기를 박았다. 승리 투수는 5회 구원 등판해 4⅔이닝 무실점으로 역투한 박상민이었다. 최우수선수상은 서정휘에게 돌아갔다. [김선영 마니아타임즈 기자 / maniareport@naver.com] 기사제보 및 보도자료 report@maniareport.com",https://v.daum.net/v/4QstLex21q
2026.07.12 16:57,"""저희가 황금세대입니다"" 선배들에게 당당하게 외쳤다, 44년 만의 우승 ...",스포티비뉴스,"[스포티비뉴스=목동, 신원철 기자] ""원래 작년 형들이 황금세대다 했는데 저희가 이겼습니다. 저희가 황금세대입니다."" 고교 3학년 선수가 졸업한 선배들에게 당당하게 외쳤다. 44년 만에 전국대회 우승을 이뤄냈으니 못 할 말도 아니었다. 세광고가 MVP 서정휘의 공수 활약에 힘입어 제81회 청룡기 전국고교야구선수권대회에서 정상에 올랐다. 세광고는 이 대회 최다 우승에 도전한 전통의 명가 경북고를 6-2로 꺾었다. 서정휘는 1회 2사 2, 3루에서 좌전 적시타로 결승타점을 올리는 등 4타수 2안타를 기록하며 우승을 이끌었다. 수비에서는 2학년 유격수 김우진과 키스톤 콤비를 이뤄 경기 내내 안정적인 수비를 펼쳤다. 경기 후 서정휘는 ""항상 감독님이 중요하게 여기는 게 강팀이 되려면 수비를 잘해야 한다는 점이었다. 수비를 중요하게 여겨서 수비에서 항상 집중한다""며 수비에서 실점을 막은 것이 좋은 결과로 이어졌다고 얘기했다. 하지만 MVP까지 예상하지는 못했다고. 유격수 김우진의 활약도 만만치 않았기 때문이다. 김우진은 3타수 2안타 2타점에 4사구 2개까지 기록했다. 서정휘는 ""우진이가 오늘 잘해서(MVP는 생각 못 했다). 상 주셔서 감사하게 받았다""며 웃었다. 함께 야구했고 먼저 KBO리그 선수가 된 선배들은 더 잘해야 하는 동기부여가 된다. 서정휘는 1년 선배 김요셉(SSG), 2년 선배 권민규(한화)가 프로 생활에 대한 얘기를 자주 해준다며 ""형들이 너무 좋다고 하셔서 기대하고 있다""고 얘기했다. 그러면서도 선배들이 해내지 못한 우승을 자신들은 이뤄냈다면서 ""너무 좋다. 작년 형들이 황금세대라고 했는데 우리가 황금세대다""라며 당당하게 말했다. 세광고는 1982년 황금사자기 이후 44년 만에 처음 전국대회에서 우승했다. 태어나기도 전의 일이라 선수들에게 와닿을까 싶었는데, 몇몇 선수들은 오열을 할 만큼 이번 우승에 큰 의미를 두고 있었다. 서정휘는 ""우리의 첫 우승이고, 여기까지 생각 못 하고 이번 대회에 나와서 더 기뻐한 것 같다""고 얘기했다. 세광고는 남은 전국대회인 대통령배와 봉황대기에 모두 출전한다. 그런데 서정휘는 올해보다 내년이 더 기대된다며 후배들의 선전을 확신했다. 그는 ""내년에는 우승 두 번 정도 할 것 같다. 워낙 좋은 선수들이 많다. 올해 우승도 다 2학년 친구들이 너무 잘 해준 덕분""이라며 후배들에게 고마워했다. <저작권자 ⓒ SPOTV NEWS. 무단전재 및 재배포 금지>",https://v.daum.net/v/B7aAjLJ6lh
2026.07.12 16:53,"올스타전 끝, 후반기 외인 퍼즐 다시 맞추기···전반기 1위 확정한 삼성...",스포츠경향,"전반기를 1위로 마친 삼성이 올스타 휴식기에 승부수를 빼들었다. 시즌 개막을 앞두고 부상을 당한 맷 매닝의 공백을 지우기 위해 영입한 잭 오러클린과 두 번의 연장 계약으로 동행한 삼성이 후반기를 앞두고 오러클린 교체를 결정했다. 삼성은 지난 11일 크리스 페덱 영입을 발표했다. 일단 페덱은 화려한 커리어를 자랑하는 선수다. 미국 메이저리그 통산 132경기(119선발)에 등판해 32승43패, 평균자책 4.83을 기록했다. 이적료 없이 영입할 수 있는 신분이라 KBO리그 내에서 다른 팀들도 관심도 확인됐다. 1996년생 페덱은 196㎝ 98㎏의 당당한 하드웨어에서 뿌리는 높은 타점, 공격적인 피칭이 돋보이는 우완 강속구 투수다. 샌디에이고 파드리스에서 빅리그에 데뷔한 2019시즌에는 9승7패 평균자책 3.33의 호성적을 내 주목받기도 했다. 샌디에이고 시절에는 김하성과 함께 뛴 시간도 있다. 그러나 2022년 두 번째 팔꿈치 수술을 받은 뒤로 구위가 떨어지며 빅리그 경쟁에서는 조금 밀렸다. 마이너리그에서도 통산 40경기(35선발) 13승7패, 평균자책 1.92에 이닝당 출루허용률(WHIP) 0.82의 수준급 성적을 남겼다. 정규리그 1위 수성을 목표로 하는 삼성은 페덱을 영입하며, KBO리그 17경기에서 5승5패, 평균자책 4.86을 기록한 오러클린과 결별을 택했다. 올스타 반환점을 돌면서 약 50경기의 ‘가을야구’ 스퍼트를 앞둔 각 구단은 외국인 선수 교체 승부수로 남은 전력의 퍼즐을 맞추려는 움직임을 보인다. 리그 규정상 외국인 선수와 아시아쿼터 선수를 포스트시즌 엔트리에 넣기 위해서는 영입 절차를 8월15일까지 마무리해야 한다. 두산은 크리스 플렉센의 부상 장기화로 단기 계약으로 뛰던 웨스 벤자민으로 교체를 확정했다. 외국인 타자도 다즈 카메론을 내보내고 유니오 세베리노를 데려와 5강 승부수를 던졌다. 전반기 선발진 붕괴로 하위권으로 추락한 SSG는 미치 화이트와 앤서니 베니지아노를 전원 새 투수로 교체했다. 토마스 해치로 부상이 장기회된 미치 화이트를 대체한 데 이어 전반기 막판 베니지아노 자리에 메이저리그(MLB)와 일본프로야구(NPB) 경험을 두루 갖춘 새 얼굴 페드로 아빌라를 채워 넣어 선발진을 재정비했다. 최하위 탈출을 노리는 키움도 NC에서 방출된 전 홈런왕 출신 맷 데이비슨을 데려오며 외국인 타자 2명 체제를 선택, 타선에 승부수를 던졌다. 현재 외국인 선수 시장은 구단들이 ‘교체’라는 모험적인 승부수를 던지기에 좋은 매물이 많지 않다고 전해진다. 그러면서 약 한 달의 선택의 시간이 남은 가운데 상위권에서 경쟁 중인 KT와 한화의 행보에도 시선이 집중된다. KT는 에이스 역할을 하던 케일럽 보쉴리 자리를 채운 단기 계약 선수 로건 앨런을 주목한다. 로건은 지난해 NC 소속으로 KBO리그에 데뷔해 32경기 173이닝을 던지며 7승12패 평균자책 4.53을 기록한 투수다. 이강철 감독은 로건이 준수한 경기력을 보여주는 가운데 어깨라는 민감한 부위 부상으로 재활이 길어지는 보쉴리의 교체 카드, 2선발로 기대에 미치지 못하는 맷 사우어 교체 등 다양한 가능성을 열어두고 있다. 한화도 외국인 투수 교체 카드를 만지작거리고 있다. 15경기에서 3승6패, 평균자책 4.97의 성적으로 상대를 압도하지 못하는 윌켈 에르난데스를 두고 고민이 이어진다. 이정호 기자 alpha@kyunghyang.com",https://v.daum.net/v/Za2lUtZv3a
2026.07.12 16:43,"대한민국 포수 계보, 한화에서 잇는다? ‘MVP’ 23살 초대형 유망주 ...",OSEN,"[OSEN=잠실, 이후광 기자] 전반기 12홈런. 올스타전 MVP. 강민호(삼성 라이온즈), 양의지(두산 베어스)의 뒤를 이을 포수 유망주의 잠재력이 꿈틀대기 시작했다. 나눔 올스타 소속 허인서(한화 이글스)는 지난 11일 서울 잠실구장에서 열린 2026 신한 SOL KBO 올스타전에 8번 포수로 선발 출전해 5타수 4안타 1타점 1득점 맹타를 휘두르며 미스터 올스타에 선정되는 영예를 안았다. 나눔 올스타의 10-2 완승 주역이었다. 허인서는 0-0이던 2회초 1사 1루에서 양창섭 상대 중전안타를 치며 4안타쇼 서막을 열었다. 1-1로 맞선 4회초 1사 1루에서 현도훈에게 좌전안타를 뽑아내며 이도윤의 1타점 역전 적시타를 뒷받침했고, 2-1로 앞선 6회초 무사 1, 2루에서 박정민을 만나 달아나는 1타점 좌전 적시타를 터트렸다. 허인서는 7-1로 리드한 7회초 1사 후 이승민 상대 MVP 수상에 쐐기를 박는 좌전안타를 쳤다. 허인서는 기자단 투표 26표 중 13표(50%)를 획득하며 팀 동료 문현빈(10표)을 3표 차이로 제치고 23살이라는 어린 나이에 올스타전 최고의 별로 우뚝 섰다. 2023년 채은성 이후 3년 만에 탄생한 한화 소속 올스타전 MVP였다. 허인서는 효천고를 나와 2022년 신인드래프트에서 한화 2차 2라운드 11순위로 뽑힌 5년차 포수 유망주. 2022년 8경기 타율 1할6푼7리로 1군의 맛을 살짝 본 뒤 상무로 향해 병역 의무를 이행했고, 지난 시즌 20경기 타율 1할7푼2리 2타점을 기록하며 김경문 감독의 포수 플랜에 포함됐다. 올해 1군 스프링캠프에 참가한 허인서는 시범경기 11경기 타율 3할1푼3리 5홈런 9타점 장타율 .844의 예사롭지 않은 타격감을 선보였다. 개막 엔트리 승선과 함께 4월 타율 1할3푼9리의 성장통을 겪더니 5월 타율 3할5푼8리 9홈런 25타점 21득점 화력을 과시하며 이글스 새로운 공격형 포수의 탄생을 알렸다. 허인서는 전반기 73경기 타율 2할9푼2리 12홈런 45타점 39득점 OPS .864 활약에 힘입어 나눔 올스타 베스트12 포수 부문 팬투표 1위를 당당히 차지했다. KBO리그는 그 동안 강민호, 양의지의 뒤를 이을 슈퍼스타급 안방마님이 등장하지 못했다. 아마추어 야구계 포수 기피 현상은 물론 프로에 입성한 어린 포수들이 더딘 성장을 보이며 차세대 안방마님 발굴이 늘 난항을 겪었다. 그래서 허인서의 등장이 유독 반갑고, 설렌다. 물론 이제 갓 존재감을 드러낸 포수 미생에 불과하나 올해 전반기, 그리고 올스타전에 그가 보여준 퍼포먼스는 강민호, 양의지 후계자 탄생을 기대하기에 충분하다. 허인서는 “나이가 비슷한 동기들이 워낙 잘해서 나도 뒤처지지 않고 조금 더 잘하려고 노력한다”라며 “양의지, 강민호 선배님 모두 워낙 해오신 게 많고 좋은 포수다. 내가 뒤를 잇는다는 말이 과분한데 그래도 앞으로 야구를 잘하려고 노력하겠다”라고 당찬 포부를 밝혔다. 허인서는 향후 더 좋은 포수가 되기 위한 조건으로 도루저지율을 언급했다. 그는 “지금까지 송구가 약하다고 생각한 적이 단 한 번도 없는데 올해는 도루저지율이 낮은 편이다”라며 “지금의 문제가 어떤 요인 때문에 발생한 건지 생각할 것이다. 배터리코치님과 늘 연구하면서 개선하겠다”라고 다짐했다. /backlight@osen.co.kr",https://v.daum.net/v/bMb3CrEoyn
2026.07.12 16:40,"‘44년 추억’에 제대로 물들었다! 마지막 ‘잠실 올스타전’, KBO리그...",스포츠서울,"[스포츠서울 | 잠실=강윤식 기자] 44년 동안 야구팬의 추억이 겹겹이 쌓였다. 이런 과거의 기억을 정리하는 시간이었다. 여기에 현재를 뜨겁게 달구는 열기를 더했다. 시간을 관통한 ‘축제의 장’이었다고 해도 과언이 아니다. 마지막 잠실구장 올스타전 얘기다. 10~11일 서울 잠실구장에서 2026 KBO 올스타전이 열렸다. 첫날 퓨처스 올스타전과 홈런더비가 펼쳐졌다. 이튿날 대망의 본경기를 진행했다. 이틀 동안 수많은 야구팬이 잠실구장을 찾았다. 치열했던 전반기, 더 치열할 후반기 사이에서 마음 놓고 오롯이 축제를 즐겼다. 무엇보다 잠실구장에서 열렸단 점에서 의미가 크다. 잠실구장은 프로야구 원년인 1982년 준공해 지금까지 KBO리그 팬들 곁을 지켰다. 올해를 끝으로 철거 예정이다. 잠실구장에서 많은 추억을 쌓은 팬들은 ‘마지막 잠실 올스타전’에서 잊지 못할 기억을 새로이 추가했다. 일단 ‘추억 소환’에 진심이었다. 그중 가장 눈길은 끈 건 역시 시구·시포 행사다. 잠실구장을 홈으로 쓰는 LG와 두산 레전드들이 총출동했다. 10일 퓨처스 올스타전 시구자는 LG ‘영구 결번’ 박용택과 두산 내야를 지킨 ‘천재 유격수’ 김재호다. 이들의 공을 받은 이는 현재 잠실구장을 누비는 ‘현역’ 박해민(LG)과 정수빈(두산)이었다. 11일 본 경기 때는 더 과거로 이동했다. 두산을 대표해서는 박철순-김경문 감독이 각각 시구·시포를 맡았다. 두산의 원년 챔피언 등극(당시 OB) 때 배터리로 호흡을 맞췄다. LG를 대표한 시구·시포자는 김용수-김동수 감독이다. 1990년 LG ‘신바람 야구’를 이끈 배터리로 두 번의 우승을 함께했다. ‘잠실 라이벌’ LG·두산 레전드들이 자리를 빛냈다. 당연히 현역으로 뛰는 선수들의 마음가짐도 남다를 수밖에 없었다. ‘잠실오씨’로 불리는 LG 오스틴 딘은 “정말 슬프다. 잠실구장에서 개인적으로 추억이 정말 많다. 팬들도 아마 비슷한 감정일 것 같다”며 소감을 밝혔다. 2009년 데뷔해 쭉 두산에서 뛰며 잠실을 홈으로 쓴 정수빈도 애틋한 마음을 전했다. 그는 “마지막 잠실 올스타전에 뽑혀서 좋은 추억 만들 수 있게 도와주신 팬들께 감사하다”며 “올해를 끝으로 잠실구장이 없어진다. 감회가 남다르다. 마지막이다. 좋은 분위기나 야구장 모습 많이 담고 추억으로 간직하고 싶다”고 말했다. 경기장 안에서 보여준 모습에서도 진심이 느껴졌다. 두산 ‘키스톤 콤비’ 박찬호와 박준순은 5회초 강백호의 까다로운 타구를 멋진 호흡으로 처리했다. ‘메이저리그(ML)급’ 수비로 잠실구장을 가득 메운 팬들의 함성을 이끌었다. 퍼포먼스에서도 깊은 인상을 남겼다. 텍사스 출신 오스틴은 첫 타석 때 서부 개척 시대 보안관으로 분장했다. 두 번째 타석에선 한복을 입고 ‘잠실오씨’ 족보를 펼쳐 들며 박수를 받았다. 즐거운 분위기 속에서 KBO리그 10개구단 팬들도 하나가 됐다. 나눔 올스타와 드림 올스타의 라인업송은 각각 LG, 두산의 라인업송이었다. LG·두산이 아닌 다른 팀 유니폼을 입은 팬들도 이 라인업송에 맞춰 선수들 이름을 외쳤다. 이후 평소 경기장에서 부를 일 없는 상대 팀의 응원가를 한목소리로 부르는 장관이 펼쳐지기도 했다. 잠실구장에서 KBO리그 과거와 현재가 만났다. 그렇게 2026 KBO 올스타전은 44년 잠실구장 역사에 영원히 남을 한 페이지로 남게 됐다. skywalker@sportsseoul.com",https://v.daum.net/v/5lkUsEAiT8
2026.07.12 16:33,"""최민석 때문에 곽빈도 마음 달라졌을 것"" 이게 시너지다, 두산 전반기 ...",스포츠조선,"[스포츠조선 나유리 기자]'반짝'이 아니다. 최민석의 성장이 곽빈에게도 확실한 동기부여가 되고 있다. 두산 베어스는 전반기를 5위로 마쳤다. 개막 초반 7경기에서 1승1무5패의 성적으로 하위권 순위로 출발해 당황하기도 했지만, 5월부터 본격적인 5강 경쟁에 뛰어들었다. 치열한 순위 경쟁 속에서도 기어이 '5할 플러스' 승률을 유지하면서 안정적인 5강권으로 휴식기를 맞이했다. 두산은 전반기 마지막 시리즈였던 홈 SSG 랜더스 3연전에서도 2승1패 '위닝시리즈'를 장식했다. 김원형 감독은 전반기를 돌아보며 ""기본적으로 선발 투수들이 큰 부상 없이 5명이서 로테이션을 잘 돌아준 게 팀 전체적인 마운드의 안정으로 이어졌다""면서 ""(이)영하나 (김)택연이도 부상에서 돌아오고, (이)용찬이 같은 선수들이 중심을 잘 잡아줬다. 사실 제 입장에서는 초반에 걱정도 많이 했는데 투수들이 잘해주면서 좋은 성과가 있지 않았나 싶다""며 안정된 마운드를 칭찬했다. 지난해 정규 시즌 9위에 머물렀던 두산은 마운드 안정화에 대한 목마른 갈증이 있었다. 이번 전반기에는 확실히 이 부분이 안정을 찾으면서 차곡차곡 승률을 끌어올렸다. 투수 전문가 감독을 선임한 당위성을 입증한 셈이다. 특히 그 중심에 최민석의 발견 그리고 곽빈의 각성이 있었다. 최민석은 올해 두산의 최고 히트상품이다. 지난해 고졸 신인으로 두산에 입단해 올해 2년차 신예지만, 작년에도 싹이 보였었고 올해는 가능성을 확신으로 바꾸는데 성공했다. 스프링캠프 경쟁에서도 이기면서 전반기 16경기에 선발 등판해 9승2패 평균자책점 2.33으로 믿기지 않는 성적을 기록 중이다. 최민석은 현재 리그 최저 평균자책점 1위, 다승 공동 선두, 승률 공동 2위(0.818) 등 주요 부문 선두권에 이름을 올리고 있다. 잠깐 반짝이 아닌, 신흥 에이스의 탄생을 알렸다. 경험이 적은데도 안정적인 경기 운영과 크게 흔들리지 않는 일관적인 투구 내용이 강점이다. 더불어 곽빈 역시 최근 3년 중 가장 좋은 성적을 내고 있다. 최고 160km에 육박하는 파이어볼러인 곽빈이지만, 늘 자신이 가진 포텐을 100% 활용하지 못한다는 평가를 받아왔다. 하지만 곽빈도 이번 전반기 16경기에서 8승3패 평균자책점 2.60의 호성적을 기록했고, 특히 탈삼진 부문 1위(112K), 최저 평균자책점 3위(2.60)에 랭크돼있다. 곽빈과 최민석의 활약은 크리스 플렉센이 거의 제대로 던지지 못하고 부상으로 이탈한 팀 상황 속에서도 순위 경쟁을 하는데 큰 도움이 됐다. 국내 선발 투수들이 이렇게 든든하게 던져준다면, 더 높은 순위 경쟁도 해볼만 하다. 곽빈은 최근 전반기 마지막 등판을 마치고 취재진과의 인터뷰에서 ""2년 연속 4점대를 기록하니 형들이 '야구 그만해라. 그 볼로 맨날 (평균자책점)4점대냐'라고 놀렸다""면서 최민석의 성적을 보면서 자극을 받는다고 밝혔었다. 김원형 감독 역시 ""빈이 입장에서는 후배가 마운드에서 그렇게 던지는 모습을 보면서, '쟤는 150km도 안던지는데 왜 저렇게 당당히 잘 던지나'하는 생각이 들 수 있다. 같은 오버핸드 우완 투수지만, 사실 전혀 다른 유형의 투수들이다. 물론 민석이도 속마음은 마운드에 올라갈때 이 악물고 던지겠지만, 겉으로 보기에는 별 생각 없이 자기 공을 믿고 던지는 투수처럼 보여지지 않나. 그런 것들이 빈이에게 좋은 자극제가 되지 않았나 그렇게 생각이 든다""며 흐뭇하게 웃었다. 나유리 기자 youll@sportschosun.com",https://v.daum.net/v/x0Fvz0tWuL
2026.07.12 16:26,"마지막 잠실에서 열린 올스타전, 추억을 안고 후반기 레이스를 바라본다",스포츠경향,"1982년 7월 개장해 프로야구의 역사를 함께했던 잠실야구장은 올 시즌을 마지막으로 추억으로 남는다. 잠실구장은 3만석 규모의 돔구장으로 재탄생한다. 지난 11일에는 잠실구장에서 마지막 올스타전이 열렸다. 잠실구장의 역사를 함께 했던 선수들은 추억에 잠겼다. 이날 42세 6개월 25일로 올스타 최고령 출장 기록을 경신한 삼성 최형우는 “아쉽다”고 했다. 그는 “잠실이 홈이 아니었음에도 반가운 곳이었다. 우승도 많이 하고, 잠실에서 타격감도 좋았고 홈런도 많이 쳤던 거로 기억한다”며 “그래서 코치님들이나 선수들도 잠실에 오면 나에게 기대를 많이 거셨다. 그래서 참 고마운 야구장”이라고 떠올렸다. 그러면서도 이별을 받아들였다. 최형우는 “잠실구장의 상징성이 있지만 워낙 오래됐고 다른 구장들에 비해 열악하지 않나. 그래도 아쉬운 건 어쩔 수 없다”라고 했다. 나눔 올스타의 최고참이었던 한화 류현진은 “잠실구장이라고 하면 10개 구단 모든 투수가 가장 좋아하는 곳”이라며 “나 역시 그중 한 명으로 감회가 새롭다”고 말했다. 잠실구장을 홈으로 쓴 선수들도 마찬가지였다. 두산 포수 양의지는 “처음 1군에서 데뷔하고 잠실에서 첫 타석, 첫 경기에서 포수로 나갔던 기억들이 있다. 그리고 2015년에 잠실에서 우승한 것도 기억에 많이 남는다”고 떠올렸다. ‘잠실 아이돌’이라는 별명까지 있었던 두산 정수빈은 전날 열린 퓨처스 올스타전에서 두산 원클럽맨으로 시구를 하러 나선 김재호의 공을 받기 위해 시포자로 나섰다. 정수빈은 “내가 어릴 때부터 잠실구장에서 오랜 시간 해왔기 때문에 대표로 하게 된 것 같다. 그렇게 할 수 있게 해줘서 뜻깊었다”라며 “2009년에 처음 잠실구장 잔디를 밟았을 때가 생각난다. 올 시즌 마지막으로 잠실 잔디를 밟을 수 있으니까 기억하려고 하고 있다”고 떠올렸다. 프로 데뷔 이전부터 잠실구장의 추억을 간직하고 있던 롯데 김진욱은 “집이 근처여서 많이 보러왔던 기억이 있다”며 “데뷔한 후에도 잠실에 오면 야구장이 커서 마음이 편해지는 것 같았다”고 했다. 이제 올스타전의 추억을 뒤로하고 16일부터는 휴식기가 끝난 뒤 후반기가 시작된다. 본격적인 레이스가 펼쳐지는 시기다. 가을야구에서의 최종 종착지를 위해 남은 시즌 동안 잠실구장에서 좋은 기억을 만들어가면서 순위 싸움에서 우위를 점하고자 하는 마음이 크다. 양의지는 “지난해 9위를 했고, 올해는 잠실 마지막이기 때문에 후반기에 좀 더 분발해서 오래 야구할 수 있도록 선수들이 한마음 한뜻으로 같은 목표를 가지고 있다”고 마음을 다졌다. 지난해 한국시리즈 엔트리에 이름을 올렸지만 경기에 나서지 못하고 잠실구장에서의 분위기만 느꼈던 한화 허인서는 올스타전에서 MVP까지 수상하며 마음을 다졌다. 그는 “후반기에는 더 높은 곳에 올라갈 수 있게 노력해야 한다고 생각한다”고 말했다. 전반기 타율 1위를 기록한 KT 최원준은 잠실에서 첫 안타, 첫 선발 출장을 했던 기억을 떠올리며 “후반기에는 팀이 1등으로 마무리했으면 좋겠다”고 바람을 표했다. 김하진 기자 hjkim@kyunghyang.com",https://v.daum.net/v/5l4g9zUZUN
2026.07.12 16:25,"'봤지?' 최지만, 불꽃야구서 대형 홈런 작렬…건재함 알린 시원한 한 방...",마니아타임즈,"메이저리그 출신 최지만이 오랜만에 국내 야구팬들 앞에서 여전한 장타력을 과시하며 건재함을 알렸다. 최지만은 12일 서울 고척스카이돔에서 열린 불꽃야구와의 경기에서 울산 웨일즈의 대타로 출전했다. 그는 상대 투수 신재영을 상대로 좌중간 담장을 훌쩍 넘기는 대형 홈런을 터뜨리며 현장을 찾은 팬들의 탄성을 자아냈다. 이번 경기는 프로 정규 시즌과 같은 수준을 논하기는 어렵다. 그러나 현역 복귀를 타진 중인 최지만이 특유의 시원한 손맛과 파워를 증명하며 팬들에게 확실한 볼거리를 선사했다는 점만으로도 충분히 의미 있는 한 방이었다. 특히 최지만은 오는 9월 열리는 KBO 신인 드래프트 참가를 앞두고 있어, 이번 홈런은 그의 실전 감각과 몸 상태를 주시하던 KBO 리그 구단 관계자들에게 강렬한 인상을 남기기에 충분했다. 메이저리그 통산 67홈런을 기록한 거포의 합류가 예고된 상황에서, 그의 건재함을 확인한 각 구단들의 드래프트 지명 전략과 고민도 한층 깊어질 전망이다. [강해영 마니아타임즈 기자/hae2023@maniareport.com] 기사제보 및 보도자료 report@maniareport.com",https://v.daum.net/v/PmlrM8V7th
2026.07.12 16:20,"박지영 아나운서도 고개 숙였다...""질문 하나, 표현 하나에도 신중을 가...",일간스포츠,"박지영 아나운서가 12일 자신의 소셜미디어(SNS)를 통해 최근 인터뷰 논란에 대해 사과했다. 앞서 그의 질문을 두고 선수와 팬들에 대한 배려가 부족했다는 비판이 이어진 바 있다. 박지영 아나운서는 ""지난 화요일(7일) 있었던 구자욱 선수 MVP인터뷰와 관련해 불편함을 느끼신 팬 여러분께 진심으로 사과드린다""고 밝혔다. 이어 그는 ""올스타전을 앞두고 같은 팀에서 뛰게 된 동 포지션의 두 선수에 대해 캐주얼하고 유쾌하게 이야기하려 했으나, 저의 미숙한 질문과 표현으로 선수와 많은 분들께 불편함을 드렸다""며 고개를 숙였다. 박 아나운서는 ""퍼포먼스에 대해서도 재밌게 웃으며 얘기하고자 했던 것 역시, 의도와 별개로 선수와 팬들에 대한 저의 배려가 부족했다고 생각한다""며 ""무엇보다 인터뷰에 응해주신 구자욱 선수와 인터뷰 중 언급된 정수빈 선수에게도 깊은 사과의 말씀을 드린다""고 전했다. 그러면서 박지영 아나운서는 ""이번 일을 계기로 인터뷰어로서 가져야 할 책임과 태도를 깊이 돌아보고 있다""며 ""앞으로 같은 일이 반복되지 않도록 질문 하나, 표현 하나에도 더욱 신중을 가하고 세심하게 준비하겠다""고 덧붙였다. 논란은 지난 7일 진행된 박지영 아나운서가 구자욱과 진행한 인터뷰에서 비롯됐다. 당시 구자욱은 ""올스타전에서도 퍼포먼스보다는 야구 자체에 집중하며 열심히 하는 모습을 보여주고 싶다""는 취지의 소신을 밝혔다. 화려한 볼거리도 좋지만 잦은 퍼포먼스로 경기 흐름이 끊기는 점은 아쉽고, 팬들도 전력을 다하는 플레이를 보고 싶어 할 수 있다는 의견이었다. 문제는 그다음이었다. 박지영 아나운서가 '정수빈처럼 퍼포먼스를 열심히 준비한 선수는 어떻게 되느냐'고 묻자, 구자욱이 편하게 답한 내용이 일부만 온라인에서 확산됐다. 일부 팬들 사이에서는 다른 선수의 노력을 존중하지 않은 것 아니냐는 비판이 제기됐다. 구자욱은 지난 11일 올스타전 본 경기에 앞서 취재진과 만나 ""(정)수빈이 형과는 사적으로 매일 볼 정도로 정말 친한 사이""라며 ""질문에서 (정)수빈이 형을 언급해 편하게 대답했을 뿐이다. 팬분들께서 기분이 나쁘셨다면 죄송하다""고 해명했다. 이어 그는 ""조금 전에도 (정)수빈이 형을 만나 잘 이야기했다""며 당사자와 오해를 풀었음을 전했다. 이후 자신의 SNS에도 올스타전을 즐겁게 마쳤다고 전하면서 ""불편하셨던 분들께 죄송하다""는 뜻을 남겼다. 김수민 인턴기자 bysumin@edaily.co.kr",https://v.daum.net/v/3yqu2qu5sh
2026.07.12 16:20,"""(문)현빈이한테 져서 잠 안 오더라""…첫 홈런더비서 단 2개, 그래도 ...",엑스포츠뉴스,"(엑스포츠뉴스 잠실, 양정웅 기자) 벌써 3번째 올스타 출전이다. 김주원(NC 다이노스)이 한 단계 성장한 시즌을 보내면서 최고 유격수를 향해 달려가고 있다. 김주원은 올해 전반기 81게임에서 타율 0.306, 13홈런 40타점 55득점, 20도루, OPS 0.859로 뛰어난 성적을 거뒀다. 항상 '슬로스타터' 이미지가 있던 그가 전반기를 3할 타율로 마친 건 처음이다. 덕분에 그는 팬 투표의 열세를 선수단 투표에서 뒤집으며 나눔 올스타 유격수 부문 베스트 12에 선정됐다. 팬 투표에서는 113만 6910표를 받아 2위로 마쳤으나, 선수단 투표에서 233표를 쓸어담으며 오지환(LG 트윈스)과 총점 1.06점 차이로 역전에 성공했다. 지난 2023년 처음으로 올스타에 선정된 김주원은 지난해에 이어 2년 연속 '별들의 잔치' 초대권을 받게 됐다. 팀 내 홈런 2위인 김주원은 팬 투표를 통해 생애 첫 홈런더비에 출전했다. 다만 5아웃과 피버타임(추가 1분)을 합쳐 2홈런에 그쳤다. 당시 그는 ""(홈런) 2개로 꼴등을 면하기에는 창피한 것 같다""며 아쉬워했다. 다음날 엑스포츠뉴스와 만난 김주원은 ""(문)현빈이한테 져서 잠이 안 오더라""고 고백했다. 홈런더비에서 문현빈은 5아웃 기회에서는 김주원과 같은 1개를 쳤지만, 피버타임에서 3개를 몰아치며 4홈런을 기록했기 때문이었다. 심지어 타격을 마친 후 김주원에게 다가와 야유의 손짓을 하는 등 '조롱잔치'를 해 웃음을 자아냈다. 그러면서도 김주원은 ""내가 생각해도 너무 못 쳤다""고 얘기했다. 막판에야 감을 잡았다는 그는 ""모든 사람들이 다 그러지 않겠나. 하고 나서 다 후회한다""며 ""그래도 좋은 경험이었고, 재밌었다""고 말했다. 2023년에는 스위치히터를 상징하는 특수제작 양귀 헬멧, 2025년에는 별명인 '감자'를 이용한 농부 코스프레를 하고 나왔다. 올해는 어떤 모습으로 올스타전에 나왔을까. 김주원은 2회 첫 타석에서 우주복을 입고 등장했다. 쑥스러운 듯한 표정을 짓고 나온 게 오히려 팬들에게 더 어필됐다. 그는 ""팬분들이 나를 '김우주(김우리주원이)'라고 애칭으로 불러주신다. 그거에 보답하기 위해 준비했다""고 말했다. 첫 올스타전 때는 긴장한 티가 역력했던 김주원. 그래도 두 번이 지나가 세 번째가 되자 낯빛도 많이 풀렸다. 그는 ""처음보다 이 시간을 더 즐길 수 있는 것 같고, 매번 올 때마다 더 재밌다""고 얘기했다. 전반기를 돌아본 김주원은 ""경험이 계속 쌓이다 보니까 그 부분이 달라졌다. 잘 안 나오더라도 너무 흔들리지 않고 계속 내가 준비하고자 했던 것들을 똑같이 하다 보니까 잘 따라온 것 같다""고 자평했다. 지난해 144경기 전 게임에 출전한 김주원은 올해 전반기에도 1경기만 빠지고 다 나왔다. 물론 힘들지 않다면 거짓말이다. 그는 ""대전(7월 7~9일)에서는 더위를 먹어서 힘들더라. 원래 더위를 많이 타는데 첫날 너무 덥더라. 그래서 체력이 확 떨어졌다""고 고백했다. 전반기에 벌써 13홈런-20도루를 기록 중인 김주원은 호타준족의 상징인 20-20 클럽도 노려볼 수 있다. 그는 ""막연하게 생각해왔던 건데, 막상 다가오니까 실감이 안 난다""고 했다. 그러면서도 ""야구가 쉬운 스포츠가 아니기에 너무 그런 거 생각하지 않고 매 경기 최선을 다하면 잘 되지 않을까 생각한다""고 얘기했다. 후반기 김주원은 현재 7위인 팀 순위를 끌어올리기 위해 준비하고 있다. 그는 ""충분히 올라갈 수 있는 전력이라고 생각하고, 해야 할 걸 차근차근 잘 하다 보면 가을야구에 갈 수 있을 것이다""라고 기대했다. 그러면서 ""지난해 말도 안 되는 확률을 뚫었기에 충분히 할 수 있다고 생각한다""고 밝혔다. 또한 김주원은 지난 2023년 열린 항저우 아시안게임에 이어 올해 아이치·나고야 대회에도 뽑혔다. 당시에는 군 미필 신분이었고, 지금은 병역특례를 받은 후 출전한다는 차이가 있다. 항저우 대회에서 이미 상무 복무를 마치고 참가했던 팀 선배 김형준은 김주원에게 ""군필이 가는 게 더 떨린다. 내가 실수해서 미필 친구들에게 피해를 주면 안 된다""고 말했다고 한다. 김주원은 ""나도 혜택을 받았으니까 다른 친구들과 금메달 딸 수 있게 노력하겠다""고 얘기했다. 그러면서 다시 시간을 홈런더비로 돌려보면, 미필인 문현빈이 군필인 김주원을 놀리는 모양새가 됐다. '그랬으면 안 됐던 거 아닌가'라며 농담을 던지자, 김주원은 웃으면서 ""현빈이는 애여서 받아줘야 한다""고 받아쳤다. 사진=잠실, 김한준·박지영 기자 / 엑스포츠뉴스 DB 양정웅 기자 orionbear@xportsnews.com",https://v.daum.net/v/W4FwlswaY1
2026.07.12 16:17,"'서정휘 MVP' 세광고, 경북고 잡고 창단 첫 청룡기 우승! 43년 만...",더게이트,"[더게이트] 세광고가 사상 첫 청룡기 우승 트로피를 들어 올리며 43년 동안 이어진 전국대회 무관의 한을 완벽하게 풀었다. 세광고는 12일 서울 목동야구장에서 열린 제81회 청룡기 전국고교야구선수권대회 겸 주말리그 왕중왕전 결승전에서 김동유-박상민의 완벽 계투와 멀티히트를 날린 김우진-서정휘의 맹타에 힘입어 경북고를 6대 2로 꺾고 우승기를 품에 안았다. 기세는 시작부터 세광고 쪽으로 기울었다. 1회 초 1사 후 2번 김우진이 볼넷으로 출루한 뒤 3번 전영훈의 안타와 상대 폭투가 겹쳐 1사 2, 3루 찬스를 잡았다. 이어 5번 서정휘가 좌전 안타로 3루 주자를 불러들이며 선제점을 뽑았다. 세광고는 2회에도 6번 이시윤의 볼넷과 희생번트, 연속 볼넷 2개로 1사 만루 기회를 맞았다. 여기서 1번 황동민의 희생플라이로 한 점을 더 보탠 세광고는 김우진이 2타점 우전 적시타를 터뜨리며 단숨에 4대 0으로 달아났다. 경북고의 추격, 그러나 맥 끊은 병살타 경북고도 쉽게 물러서지 않았다. 5회 말 선두타자 9번 김건록의 몸에 맞는 볼과 도루로 만든 1사 2루에서 2번 조채완이 좌중간을 가르는 2루타로 한 점을 만회했고, 3번 최우준의 좌전 안타로 한 점을 더해 턱밑까지 추격했다. 그러나 후속 타자 엄태욱이 병살타로 물러나며 흐름이 완전히 끊겼다. 위기를 넘긴 세광고는 9회 초 마지막 공격에서 이상준과 황재윤의 적시타로 2점을 추가하며 승부에 쐐기를 박았다. 9회 말 경북고의 마지막 공격을 실점 없이 막아낸 세광고는 최종 스코어 6대 2로 역사적인 첫 청룡기 우승을 완성했다. 선발 김동유가 4.1이닝을 2실점으로 잘 막았고 5회 1사에 구원 등판한 박상민은 4.2이닝 무실점으로 승리투수를 가져갔다. 대회 최우수선수상(MVP)은 세광고 2루수 서정휘(3학년)에게 돌아갔다. 서정휘는 이번 대회에서 타율 0.529, 7타점, 5도루를 기록하며 팀 우승을 이끌었다. 결승전 승리 투수 박상민은 우수투수상을 받았고, 결승전 멀티히트로 알짜 활약을 펼친 유격수 김우진은 수훈상을 안았다. 팀을 우승으로 이끈 방진호 감독은 감독상을, 김제명 부장과 정예용 교장은 각각 지도상과 공로상을 수상했다. 준우승팀 경북고에서는 투수 우주영이 감투상을 받았고, 결승타를 포함해 대회 기간 날카로운 타격감을 뽐낸 유격수 최우준이 11안타로 최다안타상을 챙겼다. 한편 마산용마고 유격수 노민혁은 타격상(14타수 9안타, 타율 0.643), 타점상(15타점), 도루상(8개), 홈런상(2개), 최다득점상(12득점) 등 타격 5관왕을 휩쓸며 눈길을 끌었다.",https://v.daum.net/v/5B8BfbztzB
2026.07.12 16:13,"'43년 걸렸다' 세광고, 경북고 꺾고 청룡기서 전국대회 정상 탈환......",스타뉴스,"[스타뉴스 | 안호근 기자] 세광고가 무려 43년 만에 전국대회 최정상의 자리를 맛봤다. 청룡기에선 학교 역사상 처음 우승을 차지했다. 방진호 감독이 이끄는 세광고는 12일 서울 목동야구장에서 열린 대한야구소프트볼협회(KBSA)와 조선일보, 스포츠조선이 공동 주최하고 KBSA가 주관하는 '제81회 청룡기 전국고교야구선수권대회 겸 주말리그 왕중왕전' 결승전에서 경북고를 6-2로 꺾고 정상에 올랐다. 2026년 고교야구 주말리그 전반기 각 권역별 순위에 따라 총 58개 팀이 참가한 이번 대회는 세광고등학교와 경북고등학교의 결승 맞대결로 대미를 장식했다. 세광고는 1982년 황금사자기 우승 이후 43년 만의 전국대회 정상을 노렸으며, 경북고는 통산 아홉 번째 청룡기 우승과 함께 대회 최다 우승 타이기록을 정조준하며 경기 전부터 뜨거운 관심을 모았다. 경기 초반 주도권은 세광고가 쥐었다. 세광고는 1회초 1사 이후 2번 타자 김우진의 볼넷, 3번 전영훈의 안타와 상대 폭투를 묶어 1사 2,3루의 기회를 만들었다. 이어 5번 서정휘가 좌전 안타를 때려내며 3루 주자를 홈으로 불러들여 기선 제압에 성공했다. 다만 2루 주자는 홈에서 아웃되며 추가 득점에는 실패했다. 2회초에도 세광고는 공격의 고삐를 늦추지 않았다. 6번 이시윤의 볼넷과 희생번트 이후 연속 볼넷 2개를 얻어내며 1사 만루 찬스를 만들었고 1번 황동민의 희생플라이로 1점을 더 달아났다. 이어진 상황에서 2번 김우진이 2타점 우전 적시타를 터뜨리며 단숨에 점수를 4-0으로 크게 벌렸다. 끌려가던 경북고는 5회말 반격에 나섰다. 선두 타자 9번 김건록이 몸에 맞는 공으로 출루한 뒤 도루로 2루를 훔쳤고 1사 이후 2번 조채완이 좌중간을 가르는 적시 2루타를 터뜨리며 1점을 만회했다. 이어 3번 최우준이 좌전 안타를 치며 1점을 더 보태 4-2까지 점수 차를 좁혔으나, 후속 타자 엄태욱이 병살타로 물러나며 뼈아픈 아쉬움을 삼켰다. 이후 세광고가 9회초 공격에서 귀중한 2점을 추가하며 승부에 쐐기를 박았다. 리드를 끝까지 지켜낸 세광고는 최종 스코어 6-2로 감격의 우승을 차지했다. 이로써 세광고는 사상 첫 청룡기 우승 트로피를 들어올리며 43년 동안 이어진 전국대회 무관의 한을 완벽하게 풀었다. 이번 대회 최우수선수상(MVP)의 영예는 세광고 우승의 일등 공신인 2루수 서정휘(3학년)에게 돌아갔다. 서정휘는 이번 대회에서 타율 0.529, 7타점, 5도루라는 매서운 타격감과 빠른 발을 자랑했으며, 내야를 든든하게 지키는 안정적인 수비 능력까지 선보이며 최고의 활약을 펼쳤다. 안호근 기자 oranc317@mtstarnews.com",https://v.daum.net/v/YLjkXySrW1
2026.07.12 16:07,"""야구가 장난 같다"" 구자욱이 쏘아올린 올스타전 퍼포먼스 논란, 왜 2명...",스포츠조선,"[스포츠조선 김용 기자] 올스타전 퍼포먼스, 어느정도가 정답일까. 성황리 속 마무리 된 2026 KBO리그 올스타전. 이번 올스타전은 개최 전부터 시끌벅적했다. 삼성 라이온즈 간판스타 구자욱이 한 방송에 출연해 올스타전과 관련한 얘기를 하던 중 제법 강력한 발언을 했기 때문. 언젠가부터 선수들이 올스타전에서 '퍼포먼스'라고 불리우는 변장쇼를 펼치는 게 당연시 되고 있다. 자선 야구 대회에서 시작이 됐는데, 평소 볼 수 없는 선수들의 모습에 팬들이 열광하자 그게 올스타전 무대까지 번진 것. 문제는 몇 년 이어지니 식상하다는 의견, 그리고 거의 모든 선수가 퍼포먼스를 하니 경기도 늘어지고 불편하다는 주장이 나오기 시작했다. 물론, 선수들이 망가지는 모습을 원하는 팬들이 훨씬 더 많았기에 계속해서 유지가 돼왔다. 그런 가운데 구자욱이 이에 대한 자신의 생각을 밝혔다. 구자욱은 ""제대로 된 경기를 하고 싶다. 너무 장난 같다는 생각이 든다. 전력으로 하고 싶은데, 분장이 너무 장난스럽다고 생각해봤다""고 소신을 밝혔다. 구자욱의 이 발언은 찬반 논란으로 이어졌다. 그런데 사실 구자욱 혼자 이런 생각을 한 건 아니다. 지난해부터 선수들 사이 올스타전 경기에 대한 얘기가 본격적으로 나오기 시작했다. 퍼포먼스도 주제였고, 경기 중간 공연 시간이 너무 긴 것도 경기력과 컨디션 유지에 영향을 줄 수 있다는 얘기가 나왔다. 특히 퍼포먼스는 하기 싫은 게 아니라, 너무 많은 선수들이 하니 경기가 너무 늘어진다는 의견에 힘이 실렸다. 또 거기에만 신경을 쓰니, 정작 중요한 경기에는 집중을 못하는 문제도 있었다. 실제 이번 올스타전을 봐도 분장 퍼포먼스를 마치고, 타석이나 마운드에 서는 데 그 분장을 해체하느라 상당한 시간이 소요되는 선수들이 많았다. 아무리 이벤트 경기여도 가장 중요한 건 야구 그 자체다. 이 부분은 KBO도 심각하게 보고 있던 부분. 그래서 KBO는 이번 올스타전을 앞두고 각 구단에 공문을 발송했다. 퍼포먼스는 구단당 선수 2명까지 제한을 두기로 한 것이다. 선수들이 아닌, KBO가 먼저 선수를 친 것. 하지만 이번 올스타전은 그보다 많은 선수들이 퍼포먼스에 열을 올렸다. 속사정이 있었다. 선수들이 한국프로야구선수협회를 통해 철회를 요청했다. 퍼포먼스를 진짜로 하고 싶은 선수들도 있을텐데, 제한을 두면 거기에 위축돼 원하는 팬서비스를 하지 못하는 선수가 나올 걸 걱정했다. 또 누군 하고, 누군 안 하면 '안 하는 선수는 팬들에게 성의 없는 것 아닌가'라는 비난이 날아들 걸 걱정한 측면도 있었다. 각 팀 관계자들은 ""정말 하고 싶어하는 선수도 있다. 하지만 마지 못해 하는 선수들도 분명 있다""고 입을 모았다. 이어 ""의무 방어전처럼 할 게 아니라, 정말 원하는 선수들만 하고 싶은 퍼포먼스를 하고 이걸 하지 않았다고 지적받는 일이 없으면 좋을 것 같다""고 강조했다. 그 어떤 경기, 이벤트보다 팬들을 위한 게 올스타전이니 팬들이 원하는 걸 극단적으로 없애거나 하면 안 되지만 경기와 쇼 사이 균형을 잡을 필요는 있다는 의미다. 김용 기자 awesome@sportschosun.com",https://v.daum.net/v/qS7ZM8V7uw
2026.07.12 16:02,"청주 세광고 야구, 제81회 청룡기 최정상…전국 메이저 대회 우승 '44...",충청투데이,"[충청투데이 강준식 기자] 충북 청주 세광고등학교(교장 정예용)가 제81회 청룡기 전국고교야구선수권대회 겸 주말리그 왕중왕전 최정상에 올랐다. 전국 규모 메이저 대회 우승은 1982년 황금사자기 이후 44년만이다. 세광고는 12일 서울 목동야구장에서 열린 이 대회 결승전에서 고교야구의 전통 강호 경북고를 6대 2로 꺾고 창단 71년 만에 처음으로 청룡기 우승을 차지했다. 세광고는 이번 우승으로 지난 5월 2026 중부권 고교야구 주말리그(후반기)에서 10년 연속 정상에 오른 데 이어 전국대회 정상까지 차지하며 고교야구 명문의 위상을 다시 한번 입증했다. 세광고는 경기 초반부터 주도권을 잡았다. 1회 서정휘의 적시타로 선취점을 올린 데 이어 2회 황동민의 희생플라이와 김우진의 2타점 적시타로 3점을 추가하며 4대 0으로 앞서갔다. 이후 선발 김동유와 구원 박상민의 안정적인 투수 운영, 견고한 수비를 앞세워 경북고의 추격을 막아냈으며, 9회 김우진과 황재윤의 적시타로 2점을 추가해 6대 2 승리를 완성했다. 개인 수상도 이어졌다. 박상민은 이번 대회 4경기에서 1승, 평균자책점 0.82를 기록하며 우수투수상을 받았고, 타율 0.529에 7타점과 7득점을 기록한 서정휘는 최우수선수(MVP)에 선정됐다. 결승전에서 2타점을 올린 김우진은 수훈상을 수상했으며, 방진호 감독은 감독상, 정예용 교장은 공로상을 각각 받았다. 정예용 교장은 ""지난 5월 주말리그 10년 연속 우승에 이어 창단 71년만에 첫 청룡기 우승이라는 역사적인 성과를 거둘 수 있도록 아낌없는 성원을 보내주신 동문회와 학부모를 비롯한 세광 교육공동체 모든 분께 깊이 감사드린다""며 ""강도 높은 훈련을 성실히 소화하며 세광의 저력을 보여준 방진호 감독을 비롯한 지도자와 학생선수단의 노력이 마침내 값진 결실을 맺었다""고 말했다. 방진호 감독은 ""첫 결승 무대에서 청룡기를 들어 올릴 수 있어 매우 기쁘다""면서 ""선수들이 끝까지 집중력을 잃지 않고 자신의 역할을 충실히 해준 덕분에 우승할 수 있었다""고 공을 선수들에게 돌렸다. 이어 ""1학년 때부터 체계적으로 기회를 부여하며 성장시켜 온 만큼 앞으로도 더 좋은 성과를 기대하고 있다""며 ""창단 첫 청룡기 우승을 함께 응원해 준 동문과 재학생, 교육가족 모두에게 감사드린다""고 덧붙였다. MVP에 선정된 서정휘는 ""시즌 초에는 부담이 컸지만 마음을 비우고 경기에 집중한 것이 좋은 결과로 이어졌다""며 ""팀의 우승 목표를 이룬 만큼 앞으로 프로에 진출해 좋은 선수로 성장하겠다""고 포부를 밝혔다. 송진우, 장종훈 등 한국 야구를 대표하는 선수들을 배출한 세광고는 이번 청룡기 우승으로 전통 명문의 저력을 다시 한번 전국에 알렸다. 강준식 기자 kangjs@cctoday.co.kr",https://v.daum.net/v/6E1bM8V7L8
2026.07.12 16:00,"위기 딛고 일어선 '신흥 강자' 송파구유소년야구단, 신설된 'U-12 부...",마이데일리,"[마이데일리 = 노찬혁 기자] 윤규진 감독이 지휘하는 송파구유소년야구단이 '제3회 마이데일리배 전국유소년야구대회'에서 정상 등극을 향한 도전장을 내밀었다. 마이데일리가 주최하고 대한유소년야구연맹(회장 이상근)이 주관하는 '제3회 마이데일리배 전국유소년야구대회'가 오는 17일 횡성베이스볼테마파크에서 개막을 앞둔 가운데, 단단한 결속력으로 무장한 송파구유소년야구단이 강력한 복병으로 주목받고 있다. 올해로 창단 9년 차를 맞이한 송파구유소년야구단은 탄탄한 역사를 지닌 구단이다. 창단 초기 10명으로 시작해 70명까지 불어났던 선수단은 코로나19 확산 시기 15명까지 급감하며 창단 이래 가장 큰 위기를 맞기도 했다. 사재를 터는 노력에도 구단 운영이 흔들리던 절체절명의 순간이었으나, 학부모들의 두터운 신뢰를 바탕으로 위기를 완벽하게 극복하며 반등에 성공했다. 위기를 기회로 바꾼 송파구유소년야구단의 최근 기세는 매섭다. 올해 스톰배 유소년 백호리그 준우승을 차지한 데 이어, 한국컵 유소년 백호리그 준우승까지 연달아 거머쥐며 유소년 야구계의 신흥 강자로 확실하게 입지를 굳혔다. 사령탑인 윤규진 감독은 이번 대회에서 성적과 더불어 선수들의 부상 방지와 성장을 강조했다. 윤 감독은 ""선수들이 그동안 노력한 만큼 좋은 성적을 거두기를 기대한다""라며 ""무엇보다 부상 없이 매 경기 최선을 다하는 모습을 보여주길 바라며, 이번 대회가 아이들이 앞으로 더 크게 성장할 수 있는 시합이 되었으면 한다""고 바람을 전했다. 매년 마이데일리배에 꾸준히 참가해 온 송파구유소년야구단은 대회의 훌륭한 환경과 매력에 대해서도 엄지를 치켜세웠다. 윤 감독은 ""우선 서울과 인접해 접근성이 매우 훌륭하다""라며 ""무엇보다 대회를 향한 많은 관심과 함께 관련 기사가 풍성하게 보도된다는 점, 그리고 아이들이 좋아하는 다양한 굿즈 아이템과 좋은 부상이 제공된다는 것이 마이데일리배만의 독보적인 장점""이라고 호평했다. 최근 두 차례의 준우승 흐름을 이어받아 송파구유소년야구단은 이번 마이데일리배에서 새로 신설된 U-12 부문 초대 챔피언을 노린다. 윤 감독은 ""새롭게 생긴 U-12에 참가하는 만큼 각 선수들이 준비한 역량을 펼칠 수 있는 기회가 되었으면 좋겠다""라며 ""많은 관심을 받는 대회인 만큼 좋은 성적을 내어 팀 위상을 드러내도록 하겠다""고 다짐했다.",https://v.daum.net/v/qcX762b0rQ
2026.07.12 15:50,"세광고, 창단 첫 청룡기 제패→송진우 시절 이후 첫 전국대회 우승...서...",일간스포츠,"세광고가 12일 서울 목동구장에서 열린 ‘제81회 청룡기 전국고교야구선수권대회 겸 주말리그 왕중왕전’ 결승전에서 경북고에 6-2로 승리하며 우승을 차지했다. 세공과고 메이저 고교 야구 대회에서 우승한 건 KBO리그(프로야구) 통산 최다승을 거둔 송진우가 고교생이었던 1982년 황금사자기 이후 44년 만이다. 세광고는 1회 초 1사 2·3루에서 5번 타자 서정휘가 좌전 안타를 치며 선취점을 냈다. 2회 초에는 1사 만루에서 1번 타자 황동민이 희생플라이를 치고, 후속 김우진이 2타점 적시타를 치며 4-0으로 달아났다. 세광고는 5회 말 경북고에 2점을 내줬다. 하지만 이어진 위기에서 엄태욱을 병살타로 처리하며 추가 실점을 막았다. 이후 6~8회 '0의 행진'이 이어졌지만, 9회 초 1사 2루에서 이상준과 호아재균이 연속 안타를 치며 2점 더 달아난 뒤 리드를 지켜냈다. 세공과는 사상 첫 청룡기 우승 트로피를 들어 올렸다. 43년 동안 이어진 전국대회 '무관'로 끊어냈다. 최우수선수는 세광고의 우승을 이끈 서정휘에게 돌아갔다. 그는 대회 타율 0.529, 7타점, 5도루를 기록했다. 이번 대회 최우수선수상의 영예는 세광고 우승을 이끈 내야수 서정휘(3학년)에게 돌아갔다. 서정휘는 이번 대회에서 타율 0.529, 7타점, 5도루를 기록했다. 5회 말 구원 등판해 병살타를 유도하며 위기를 넘기고 4와 3분의 2이닝을 소화한 박상민은 결승전 승리 투수가 됐다. 안희수 기자 anheesoo@edaily.co.kr",https://v.daum.net/v/F8mtqpFYEq
2026.07.12 15:49,'최초 시민구단' 울산도 올스타전 제대로 즐겼다…퓨처스 올스타 최초 日 ...,OSEN,"[OSEN=조은혜 기자] 울산 웨일즈가 창단 첫 퓨처스 올스타전을 성공적으로 마무리하며 구단과 울산광역시를 전국 야구팬들에게 알리는 의미 있는 무대를 만들었다. 'KBO 최초 시민구단' 울산은 지난 10일 서울 잠실구장에서 열린 퓨처스 올스타전에 첫 참가, 남부리그의 4-0 우승에 힘을 보탰다. 투수 나가 타이세이는 1이닝 1탈삼진 무실점으로 홀드를 기록하여 우수투수상을 수상했다. 울산 선수들은 개성 넘치는 퍼포먼스로 팬들에게 또 다른 즐거움을 선사했다. 홀은 호주의 상징 동물인 캥거루 콘셉트, 김서원은 울산웨일즈 공식 마스코트 오르카 분장, 노강민은 기린 의상으로 관중들에게 큰 웃음을 선사했다. 또 울산 선수단은 ""KBO 팬 여러분, 울산시민 여러분, 사랑합니다""라는 감사 현수막을 함께 펼치고 전국 팬들과 울산시민들에게 감사의 마음을 전하면서 창단 첫 올스타전의 의미를 더했다. 우수투수상을 수상한 나가는 ""창단 첫 해 울산 웨일즈를 대표해 퓨처스 올스타전에 참가하게 된 것만으로도 큰 영광이었는데, 이렇게 우수투수상까지 받게 되어 정말 기쁘다. 함께 땀 흘린 동료들과 응원해주신 팬 여러분께 감사드린다""고 소감을 전했다. 나가는 올 시즌 퓨처스리그에서 15경기 94이닝을 소화해 6승2패 평균자책점 2.20을 기록 중이다. 퓨처스리그 평균자책점 2위, 다승 공동 3위, 탈삼진 1위에 올라있으며 외국인 투수로는 최초로 퓨처스 올스타로 선정됐다. 그는 ""이번 경험을 자신감으로 삼아 후반기에도 울산 웨일즈가 더 높은 곳을 향해 나아갈 수 있도록 더욱 책임감 있는 모습을 보여드리겠다""라고 덧붙였다. /thecatch@osen.co.kr",https://v.daum.net/v/1HsOWlIklj
2026.07.12 15:46,“잠실돔 외야가 작아지면…저 말고 다 좋아하지 않을까요?” 박해민 안타도...,마이데일리,"[마이데일리 = 김진성 기자] “저 말고 다 좋아하지 않을까요?” 올해를 끝으로 사라지는 서울 잠실구장이 가장 아쉬운 선수 중 한 명이 박해민(36, LG 트윈스)이지 않을까. 박해민은 삼성 라이온즈 시절에도 수비를 잘했지만, LG 이적 후 더더욱 수비력이 도드라진 선수다. 이유는 간단하다. 잠실구장이 국내 모든 야구장 중 외야가 가장 드넓기 때문이다. 홈플레이트에서 중앙펜스가 무려 125m이고, 좌중간과 우중간도 상당히 깊숙하다. 어지간한 파워히터도 잠실 중앙담장과 좌중간, 우중간을 넘기는 건 절대 쉽지 않다. 더구나 잠실에서 LG를 상대하는 팀들의 타자들은 늘 좌절감이 있었다. 박해민이 드넓은 잠실 외야에 늘 몸을 던지며 ‘안타도둑’ 명성을 떨쳐왔기 때문이다. 4년 65억원 계약에 담긴 박해민의 가치 중 상당 부분은 수비라고 봐야 한다. 기본적으로 철저한 예측수비를 하지만 잡기 어렵다고 판단하는 타구까지 다 잡아낸다. 그런 잠실구장이 올해를 끝으로 사라지고, 내년부터 5년간 잠실구장 옆 잠실종합경기장을 임시로 사용한다. 현재 야구장 개조작업에 들어간 상태이고, LG와 두산 베어스가 그대로 함께 사용한다. 그리고 2032시즌에 맞춰 지금의 잠실구장 위치에 잠실돔이 들어선다. 현재 잠실종합경기장에 설치된 임시야구장과 2032년에 가장할 잠실돔의 정확한 크기를 알 순 없다. 그러나 현재 잠실구장보다 외야가 작아질 가능성은 있다고 봐야 한다. 지금 잠실구장 외야가 워낙 넓기 때문이다. 타자들은 아무래도 잠실돔의 외야가 좁아지면 대환영이다. 반면 투수들은 아무래도 장타 허용 위험이 높아지니 좋은 일은 아니다. 그런데 공격보다 수비의 가치가 높은 박해민은 투수들과 마음이 같을 수밖에 없다. 박해민은 11일 잠실 마지막 올스타전을 앞두고 관련 질문을 받았다. 그는 고유명사와도 같은 ‘트중박’(트윈스 중견수는 박해민)을 두고 “너무 감사하죠. 어떤 선수가 그런 수식어를 갖고 있는지 모르지만, 한 팀을 대표해 그런 수식어를 갖고 있는 건 감사한 일이다. 수비를 더욱 허투루 할 수 없다”라고 했다. 그러면서 박해민은 잠실돔이 지금보다 작아지는 것을 두고 “이 넓은 경기장이 어떻게 될지 모르겠지만, 작아진다면 내 수비범위가 작아질 수 있기 때문에 아쉬울 것 같다”라고 했다. 그런데 잠시 침묵을 하더니 “근데 저 말고 다 좋아하지 않을까요?”라고 했다. 박해민의 그물망 수비에 스트레스를 받을 가능성이 그만큼 줄어들기 때문이다. 박해민은 “잠실 외야가 워낙 넓다 보니까, 장타도 홈런도 많이 안 나왔는데 타자들은 좋아할 것 같다. 투수들은 조금 아쉬워할 것 같고, 나도 투수 쪽에 마음이 가지 않을까 싶습니다. 아쉬운 것에 한 표를 던지지 않을까 생각합니다”라고 했다. 또한 박해민은 “아직 뭐 어떻게 된다는 얘기는 없어서. 그런데 한국야구도 선수들이 과감하게 펜스를 넘어가는 타구도 잡아내고, 볼거리가 좀 더 생기면 좋겠다는 생각도 있다”라고 했다. 더 많은 외야수가 좋은 수비를 보여주면, 그 역시 한국야구의 발전을 의미한다. 그런데 잘 생각해보자. 2032년 잠실돔이 개장하면 박해민은 무려 42세다. 최형우(43, 삼성 라이온즈)보다 1살 어린 셈이다. 그때까지 박해민이 현역으로 뛴다? 알고 보면 박해민이 잠실돔에 현역으로 입성한다면 그 자체로 박수 받아야 한다. 그런데 자기관리 능력이 빼어난 박해민이라면 그렇게 될 것 같은 느낌도 든다.",https://v.daum.net/v/ufZU5YTsEk
2026.07.12 15:36,"세광고, 제81회 청룡기 우승…44년 만에 전국대회 제패",뉴스1,"(서울=뉴스1) 이상철 기자 = 청주 세광고가 제81회 청룡기 전국고교야구선수권대회 겸 주말리그 왕중왕전에서 첫 우승을 차지했다. 세광고는 12일 서울 목동구장에서 열린 대회 결승에서 경북고를 6-2로 꺾고 정상에 올랐다. 세광고가 전국 대회에서 우승한 건 1982년 황금사자기 우승 이후 44년 만이자 역대 두 번째다. 이 대회 9번째 우승이자 통산 최다 우승 타이기록에 도전했던 경북고는 준우승에 만족해야 했다. 세광고는 1회 1사 2, 3루에서 서정휘의 적시타로 기선을 제압했다. 2회에는 볼넷 3개로 만든 만루 기회에서 황동민의 희생플라이, 김우진의 2타점 적시타로 3점을 보태 4-0으로 벌렸다. 끌려가던 경북고는 5회 조채완의 2루타, 최우준의 안타로 2점을 만회했으나 계속된 찬스에서 엄태욱의 병살타가 나와 흐름이 끊겼다. 고비를 넘긴 세광고는 9회 2점을 추가하며 승리에 쐐기를 박았다. 대회 최우수선수상의 영예는 세광고 2루수 서정휘에게 돌아갔다. 서정휘는 이번 대회에서 공수에서 맹활약하며 타율 0.529, 7타점, 5도루를 기록했다. rok1954@news1.kr",https://v.daum.net/v/UfSH5YTsZp
2026.07.12 15:36,“후반기 순위 싸움하는 데 힘 보태겠다”…‘홈런더비 우승’ 강백호의 기분...,스포츠동아,"[잠실=스포츠동아 박정현 기자] 강백호(27·한화 이글스)가 올스타전 홈런더비 우승의 기운을 이어가려고 한다. 강백호는 10일 잠실구장서 열린 ‘2026 신한 SOL KBO 올스타전’ 컴투스프로야구 홈런더비서 우승을 차지했다. 결승에 진출한 오태곤(35·SSG 랜더스)과 서든데스까지 가는 혈투를 펼쳤지만, 한발 앞섰다. 또 145m의 대형 홈런으로 비거리상까지 받아 전반기 23홈런으로 전체 3위에 오른 장타력을 증명했다. 강백호는 “신인이었던 2018시즌 이후 처음 홈런더비에 나섰다. 우승을 한번 해보고 싶었는데 그 목표를 이뤄내 기쁘다”고 소감을 밝혔다. 콘택트, 장타, 클러치 능력 등이 예년보다 발전한 강백호는 전반기 최고의 타자 중 하나로 평가받았다. 정규리그 78경기에 출전해 타율 0.313, 23홈런, 85타점, OPS(출루율+장타율) 0.984를 기록했다. 타점과 득점권 타율(0.393) 1위, 장타율 4위 등으로 타격 재능을 뽐냈다. 햄스트링 통증을 느꼈던 지난달에는 페이스가 조금 꺾였다. 6월 30일 대전 KT전서는 2점 홈런을 터트렸지만, 4회를 기점으로 많은 비가 내려 노게임이 선언돼 홈런을 하나 잃었다. 전반기 마지막 3경기서는 10타수서 단 하나의 안타로 치지 못했다. 전반기를 찜찜하게 끝냈지만, 올스타전에 좋은 성과를 거두며 기분 전환을 했다. 후반기 강백호는 더 많은 일을 해내야 한다. 개인 타이틀과 팀 순위 경쟁에 활력을 불어넣어야 한다. 강백호는 김도영(23·KIA 타이거즈), 오스틴 딘(33·LG 트윈스)과 함께 홈런, 타점, 장타율 등 치열한 타이틀 경쟁을 펼치고 있다. 그가 지난달 주춤하는 사이 김도영과 오스틴이 페이스를 끌어올려 싸움이 더 치열해졌다. 또 중심타자로 한화의 순위 경쟁에도 활력을 불어넣어야 한다. 한화는 9일 대전 NC 다이노스전서 승리(6-4승)하며 5할 승률을 맞추고 리그 6위(40승2무40패)로 전반기를 마무리했다. 목표하는 포스트시즌(PS)에 진출하기 위해서는 더 치고 나가야 한다. 강백호는 올스타전의 좋은 기운을 후반기까지 이어가며 팀에 보탬이 되려고 한다. “팀이 5할 승률을 되찾으며 전반기를 마무리했기 때문에 후반기 순위 싸움을 하도록 더 힘을 내겠다. 홈런더비서 우승한 좋은 감각을 유지해 더 많은 경기에 출전하고 싶다”고 다짐했다. 잠실｜박정현 기자 pjh60800@donga.com",https://v.daum.net/v/tmJNcgnQUG
2026.07.12 15:30,"‘나가·홀·김서원·노강민’ 울산 웨일즈, 창단 첫 퓨처스 올스타전 성공적...",스포츠서울,"[스포츠서울 | 김동영 기자] 울산 웨일즈가 창단 첫 퓨처스 올스타전을 성공적으로 마무리했다. 울산 웨일즈는 KBO 최초 시민구단이다. 지난 10일 잠실구장에서 열린 창단 첫 퓨처스 올스타전에 선수 4명이 참가했다. 나가 다이세이, 알렉스 홀, 김서원, 노강민이 나섰다. 구단과 울산광역시를 전국 야구팬들에게 알리는 의미 있는 무대를 만들었다. 이들은 남부리그 우승(4-0 승, 상금 1000만원)에 힘을 보탰다. 투수 나가는 1이닝 1삼진 무실점으로 홀드를 기록하여 우수투수상(상금 100만원)​을 수상했다. 이번 퓨처스 올스타전에서 울산 웨일즈 선수들은 개성 넘치는 퍼포먼스로 팬들에게 또 다른 즐거움을 선사했다. 홀은 호주의 상징 동물인 캥거루 콘셉트, 김서원은 울산 웨일즈 공식 마스코트 오르카 분장, 노강민은 기린 의상으로 관중들에게 큰 웃음을 선사했다. 선수단은 ‘KBO 팬 여러분, 울산시민 여러분 사랑합니다’라는 감사 현수막을 함께 펼치며 전국 팬들과 울산시민들에게 감사의 마음을 전하며 창단 첫 올스타전의 의미를 더했다. 우수투수상을 수상한 나가는 “창단 첫해 울산 웨일즈를 대표해 퓨처스 올스타전에 참가하게 된 것만으로도 큰 영광이었는데, 이렇게 우수투수상까지 받게 되어 정말 기쁘다. 함께 땀 흘린 동료들과 응원해주신 팬 여러분께 감사드린다""고 말했다. 이어 ""이번 경험을 자신감으로 삼아 후반기에도 울산 웨일즈가 더 높은 곳을 향해 나아갈 수 있도록 더욱 책임감 있는 모습을 보여드리겠다”고 각오를 다졌다. 울산 웨일즈는 창단 첫 시즌부터 퓨처스 올스타전에서 의미 있는 성과를 거두며 구단의 성장 가능성을 알렸다. 앞으로도 시민구단으로서 울산을 대표하는 자부심을 바탕으로 팬들과 함께 성장하며 더 큰 도전을 이어갈 계획이다. raining99@sportsseoul.com",https://v.daum.net/v/9CLAR6fzly
2026.07.12 15:20,"韓 30번째 빅리거 고우석, 감격의 첫 홀드",국민일보,"한국인 30번째 빅리거 고우석(미네소타 트윈스)이 미국 메이저리그(MLB) 데뷔 이틀 만에 첫 홀드를 수확했다. 고우석은 12일(한국시간) 미네소타주 미니애폴리스 타깃필드에서 열린 LA 에인절스와의 2026 MLB 홈경기에 5-3으로 앞선 8회 팀의 세 번째 투수로 등판해 1이닝 무실점을 기록했다. 첫 타자 본 그리섬을 우익수 뜬공으로 처리한 고우석은 조 아델에게 볼넷을 내줬다. 이어 웨이드 멕클러 타석에서 2루수 땅볼을 유도해 선행 주자를 잡아냈지만 병살 처리에는 실패했다. 이후 덴저 구스만에 내야 안타를 허용하며 2사 1, 2루 위기를 맞았지만 로건 오하피를 유격수 직선타로 요리하며 실점 없이 이닝을 마쳤다. 총 21개의 공을 뿌린 고우석은 13개를 스트라이크로 꽂으며 안정된 제구를 선보였다. 최고 구속은 시속 155㎞를 찍었다. 9회 등판한 요엔드라이스 고메즈가 세이브를 거두며 고우석은 홀드를 올렸다. 한국인 투수의 MLB 홀드는 2019년 5월 29일 콜로라도 로키스 소속 오승환 이후 2601일 만이다. 고우석은 앞서 10일 클리블랜드 가디언스전에서 MLB 데뷔전을 치렀다. 지난 6일 미네소타로 트레이드된 뒤 26인 로스터에 등록되면서 미국 진출 2년 반 만에 빅리그 무대를 밟은 그는 30번째 한국인 메이저리거가 됐다. 데뷔전에서는 솔로포를 허용해 1이닝 1탈삼진 1실점을 기록했다. 전날 미네소타가 지난해 30경기에서 5홀드 평균자책점 1.99를 기록한 오른손 불펜 투수 토미 낸스를 트레이드로 영입하면서 고우석의 입지가 흔들리는 것 아니냐는 목소리가 나왔다. 고우석은 이날 당당히 필승조 한자리를 차지해 임무를 완수하며 우려를 불식시켰다. 최원준 기자 1jun@kmib.co.kr GoodNews paper ⓒ , 무단전재 및 수집, 재배포 및 AI학습 이용 금지",https://v.daum.net/v/BaBUwAaeCr
2026.07.12 15:15,"허인서, 생애 첫 올스타전서 ‘미스터 올스타’까지…굿바이 잠실",국민일보,"2026 KBO리그 올스타전이 열린 12일 서울 잠실구장에 2회초 한국판 칼 랄리(시애틀 매리너스)가 등장했다. 미국 메이저리그(MLB)를 대표하는 거포 포수 랄리의 트레이드마크인 콧수염을 붙인 이는 바로 한화 이글스의 신예 안방마님 허인서였다. 최근 잠재력을 꽃피우며 차세대 대형 포수로 떠오른 그를 두고 팬들이 붙인 ‘허랄리’라는 별명을 풀어낸 퍼포먼스였다. 허인서는 생애 첫 올스타전 선발 출전이라는 부담이 무색하게 첫 타석 중전 안타를 시작으로 안타 4개를 몰아쳤다. 전날 홈런더비 예선에서 선두권과 같은 7개의 홈런을 치고도 비거리 규정에 밀려 결선 진출이 무산된 아쉬움을 말끔히 털어냈다. 마지막 타석에서 범타로 물러난 뒤에는 “MVP를 놓친 줄 알았다”며 머리를 감싸 쥘 만큼 간절했던 그는 결국 ‘미스터 올스타’의 영예를 안았다. 허인서의 맹타를 앞세운 나눔 올스타는 드림 올스타를 10대 2로 완파하며 올스타전 5연승을 달렸다. 나눔·드림 구도가 도입된 2015년 이후(2020·2021년 코로나19로 취소) 상대 전적도 6승 4패로 벌렸다. 공교롭게도 이날은 허인서의 생일이었다. 5타수 4안타 1타점 1득점으로 별 중의 별이 된 그는 “최고의 생일 선물이다. 팬들이 ‘허랄리’라는 별명을 부르며 즐겁다면 나도 행복하다”며 “오늘 한화 타자들의 타격감이 좋았는데 후반기에도 이 감각을 이어가겠다”고 소감을 밝혔다. 올 시즌을 끝으로 역사 속으로 사라지는 잠실구장의 마지막 올스타전을 맞아 야구팬들은 마지막 추억을 남기기 위해 경기장을 찾았다. 오후 2시부터 진행된 잠실구장 내야 흙 담기 행사는 5000명의 팬이 몰려 조기 종료됐고, 잠실구장의 역사를 조명한 특별 전시장에도 관람객들의 발길이 끊이지 않았다. 1982년 원년부터 MBC 청룡과 LG 트윈스를 응원해 온 김민석(56)씨는 “어릴 적 아버지 손을 잡고 찾았던 기억이 생생하다”며 “마지막이라는 생각에 꼭 오고 싶었다. 잠실은 한국 야구의 메카이자 내 유년 시절과 청춘이 담긴 공간이다. 수고했다는 말을 전하고 싶다”고 말했다. 잠실구장은 허문 뒤 2032년 돔구장으로 재탄생할 예정이다. 무더위 속에서도 관중석을 가득 메운 2만3750명의 팬들을 위해 선수들은 저마다 개성 넘치는 퍼포먼스를 선보였다. 최다 득표자 양의지(두산 베어스)는 잠옷 차림으로 등장해 그룹 아이오아이의 ‘갑자기’에 맞춰 춤을 췄다. 오스틴 딘(LG 트윈스)은 첫 타석에서 보안관 복장으로 등장하더니 두 번째 타석에선 한복을 입고 ‘잠실 오씨’ 족자를 펼쳐 보였다. 진기록도 쏟아졌다. 최형우(삼성 라이온즈)는 42세 6개월 25일의 나이로 출전해 오승환이 2024년 세운 올스타전 최고령 출전 기록(41세 11개월 21일)을 경신했다. 나눔 올스타는 장단 22안타를 몰아쳐 올스타전 한 경기 최다 안타 기록을 새로 썼다. 양 팀이 기록한 31안타 가운데 홈런은 하나도 없어 역대 5번째 무홈런 올스타전으로 기록됐다. 최원준 기자 1jun@kmib.co.kr GoodNews paper ⓒ , 무단전재 및 수집, 재배포 및 AI학습 이용 금지",https://v.daum.net/v/fxi6vImjhD
2026.07.12 15:09,"이천시유소년야구단, 제6회 횡성군수배 전국유소년야구대회 우승",경기일보,"한화 이글스 출신 박철우 감독이 이끄는 이천시유소년야구단이 창단 3년 만에 전국대회 정상에 올랐다. 이천시유소년야구단은 강원도 횡성군에서 열린 제6회 횡성군수배 전국유소년야구대회 유소년청룡리그(U-13) 결승에서 서울 중랑이글스유소년야구단을 4대3으로 꺾고 우승을 차지했다. 이번 대회는 대한유소년야구연맹 주관으로 지난 4일부터 7일까지 횡성 베이스볼파크야구장 등에서 열렸다. 새싹리그(U-9), 꿈나무리그(U-11), 유소년리그(U-13), 주니어리그(U-16) 등 6개 부문에 60개 팀이 참가했다. 이천시유소년야구단은 유소년리그(U-13) 조별 예선에서 의정부시유소년야구단을 8대3, 서울 동작구유소년야구단을 9대8로 이겼다. 예선 마지막 경기에서는 충남 아산시유소년야구단에 1대13으로 패했지만 2승1패, 조 2위로 결선에 진출했다. 준결승에서는 세종시유소년야구단을 8대4로 꺾고 결승에 올랐다. 결승에서는 서울 중랑이글스유소년야구단과 6회 말까지 접전을 벌인 끝에 4대3으로 승리해 창단 후 첫 유소년청룡리그(U-13) 우승컵을 들어 올렸다. 김륜규 선수는 이번 대회에서 14타수 11안타, 타율 0.786, 9타점, 8도루, 5홈런을 기록해 최우수선수상(MVP)을 받았다. 김승재 중랑이글스유소년야구단 선수와 이현서 이천시유소년야구단 선수는 각각 우수선수상을 수상했다. 김륜규 선수는 “이천시유소년야구단에서 MVP를 받게 돼 정말 영광스럽고 기쁘다”며 “아낌없이 지도해 주신 감독님과 코치님, 함께 훈련하고 응원해 준 팀원들 덕분에 받을 수 있었던 상이라고 생각한다”고 말했다. 이어 “이번 수상에 만족하지 않고 더 열심히 훈련해 팀에 꼭 필요한 선수가 되겠다”고 덧붙였다. 대회 감독상을 받은 박철우 감독은 “우승보다 더 값진 것은 선수들의 성장”이라며 “대회 기간 끝까지 집중력을 잃지 않고 서로를 믿으며 뛰어준 선수들이 자랑스럽다”고 말했다. 이어 “항상 응원해 주시는 학부모와 관계자들께 감사드리며, 앞으로도 겸손한 자세로 더욱 발전하는 이천시유소년야구단이 되겠다”고 밝혔다. 김정오 기자 jokim0808@kyeonggi.com",https://v.daum.net/v/yJhYR6fzW9
2026.07.12 15:06,"세광고, 청룡기 고교야구 첫 제패…44년 만의 전국대회 우승",KBS,"청주 세광고가 제81회 청룡기 전국고교야구대회 겸 주말리그 왕중왕전에서 창단 첫 우승을 차지했습니다. 세광고는 오늘(12일) 서울 목동구장에서 열린 대회 결승에서 경북고를 6 대 2로 꺾고 정상에 올랐습니다. 세광고의 전국대회 우승은 '송골매' 송진우를 앞세워 황금사자기를 제패했던 1982년 이후 44년 만으로, 청룡기에서는 처음입니다. 반면 통산 8차례 우승으로 이 대회 최다 우승 2위에 올라 있는 경북고는 준우승에 만족해야 했습니다. 세광고는 1회 서정휘의 적시타로 선취점을 뽑은 뒤, 2회 황동민의 희생플라이와 김우진의 2타점 적시타를 묶어 4 대 0까지 달아났습니다. 경북고는 5회 조채완의 2루타와 최우준의 적시타로 두 점을 만회했지만, 이어진 득점 기회에서 병살타가 나오며 추격 흐름이 끊겼습니다. 위기를 넘긴 세광고는 9회 이상준과 대타 황재윤의 적시타로 두 점을 더하며 승부에 쐐기를 박았습니다. 5회 구원 등판한 박상민은 4와 3분의 2이닝 동안 안타 3개만 허용하며 무실점으로 막아내 승리 투수가 됐습니다. 대회 최우수선수상은 타율 0.529에 7타점, 5도루를 기록한 세광고 2루수 서정휘가 차지했습니다. 마산용마고 노민혁은 타격상과 타점상, 도루상, 홈런상, 최다득점상까지 5개 부문을 석권했습니다. [사진 출처 : 연합뉴스 / 대한야구소프트볼협회 제공] ■ 제보하기 ▷ 전화 : 02-781-1234, 4444 ▷ 이메일 : kbs1234@kbs.co.kr ▷ 카카오톡 : 'KBS제보' 검색, 채널 추가 ▷ 유튜브, 네이버에서도 KBS뉴스를 구독해주세요! 이무형 기자 (nobrother@kbs.co.kr)",https://v.daum.net/v/4i5B3ZGhW6
2026.07.12 15:02,"'날벼락' 팔꿈치 통증→올스타 출전권 반납 눈물, 삼성 특급 루키 후반기...",마이데일리,"[마이데일리 = 이정원 기자] ""구종, 구위가 문제가 아니었으니까."" 삼성 라이온즈는 이 선수가 있어 11년 만에 전반기를 1위로 마칠 수 있었다. 바로 신인 투수 장찬희. 센텀중-경남고 출신으로 2026 신인 드래프트 3라운드 29순위로 삼성 지명을 받았다. 스프링캠프에서 기대 이상의 활약을 펼쳐 개막 엔트리 진입의 꿈을 이뤘고, 3월 31일 대구 두산 베어스전에서 꿈에 그리던 데뷔전을 치렀고, 4월 12일 대구 NC 다이노스전에서 2⅓이닝 2피안타(2피홈런) 2탈삼진 2실점을 기록하며 데뷔승을 기록했다. 불펜이 아니라 선발로서도 제 몫을 했다. 5월 8일 창원 NC전에서 6이닝 4피안타 3사사구 2탈삼진 1실점을 기록하며 데뷔 첫 퀄리티스타트(선발 6이닝 3자책점 이하)와 함께 선발승을 기록했고, 6월에도 4경기나 선발로 나섰다. 흔들리는 날도 있었지만, 신인 선수답게 패기 있는 투구를 펼쳐 박진만 삼성 감독의 박수를 받은 바 있다. 박진만 감독은 시즌 중에 ""계속 경험을 쌓는다면, 원태인의 뒤를 잇는 최고의 선발투수가 될 수 있을 것으로 기대되고, 실제 능력을 갖췄다""라고 박수를 보냈다. 이와 같은 활약을 바탕으로 올스타전 추천선수에 이름을 올렸으나, 갑작스러운 부상이 발목을 잡았다. 오른쪽 팔꿈치 굴곡근에 부종이 생겼다는 진단을 받았다. 결국 전반기 막판에 1군 엔트리에서 제외됐고, 올스타전에도 당연히 나갈 수 없었다. 삼성 구단은 ""염증이 심한 상황은 아니지만 데뷔 첫 시즌을 치르고 있는 신인 투수임을 감안, 구단은 장찬희를 1군 엔트리에서 말소한 뒤 후반기를 준비하도록 했다""라고 했다. 휴식을 취하며 후반기를 준비하는 장찬희, 과연 언제 돌아올까. 박진만 감독은 7월에는 무조건 돌아온다고 밝혔다. 박 감독은 ""통증이 있어 내려갔다. 한 번 던지고 나서 몸 상태를 확인해야 한다. 구종, 구위가 문제가 아니었다. 몸 상태에 따라 콜업 시기가 정해지지 않을까""라고 했다. 이어 ""일단 불펜에서 롱으로 준비하고 선발이 흔들리면 선발로 갈 수도 있다""라고 활용법을 밝힌 바 있다. 전반기 18경기 4승 4패 평균자책 4.58로 기대 이상의 활약을 펼친 가운데, 장찬희의 후반기는 어떨까.",https://v.daum.net/v/qzzP3ZGhOc
2026.07.12 14:57,"'서정휘 MVP' 세광고, 44년 만에 전국대회 제패…경북고 꺾고 청룡기...",스포츠투데이,"[스포츠투데이 신서영 기자] 세광고등학교가 44년 만에 전국대회 정상에 오르며 창단 첫 청룡기 우승을 차지했다. 세광고는 12일 서울 목동야구장에서 열린 제81회 청룡기 전국고교야구선수권대회 겸 주말리그 왕중왕전 결승에서 경북고를 6-2로 제압했다. 이로써 세광고는 1982년 황금사자기 우승 이후 44년 만에 전국대회 우승을 달성했다. 또한 사상 처음으로 청룡기 우승 트로피를 들어 올렸다. 반면 이 대회 최다 우승 2위(8회)인 경북고는 정상 문턱에서 아쉬움을 삼키며 최다 우승팀 경남고(9회)와 타이기록 달성에 실패했다. 이날 세광고는 경기 초반부터 주도권을 잡았다. 1회초 김우진의 볼넷과 전영훈의 안타, 상대 폭투로 만든 1사 2, 3루에서 서정휘가 좌전 적시타를 때려 선취점을 뽑았다. 기세를 탄 세광고는 2회초 추가점을 올렸다. 이시윤의 볼넷과 희생번트, 연속 볼넷을 묶어 1사 만루 찬스를 잡았고 황동민의 희생플라이로 한 점을 더 보탰다. 이어 김우진의 2타점 우전 적시타가 터지며 단숨에 4-0까지 달아났다. 경북고도 쉽게 물러서지 않았다. 5회말 김건록의 몸에 맞는 볼과 도루로 만든 기회에서 조채완의 적시 2루타로 한 점을 만회했다. 이후 최우준의 좌전 적시타까지 나오면서 2-4로 추격했다. 그러나 후속타자 엄태욱이 병살타로 물러나며 흐름을 이어가지 못했다. 세광고는 9회초 쐐기를 박았다. 추가 2점을 뽑아내며 격차를 벌렸고, 끝까지 리드를 지켜내며 6-2로 승부에 마침표를 찍었다. 한편 이번 대회 최우수선수(MVP)는 세광고 2루수 서정휘가 차지했다. 서정휘는 대회 기간 타율 0.529 7타점 5도루로 활약하며 팀의 우승을 이끌었다. [스포츠투데이 신서영 기자 sports@stoo.com]",https://v.daum.net/v/zERfODcnhd
2026.07.12 14:55,"왕옌청 포함 해외파 최대 7명! '난적' 타이완, 또 한국야구 발목 잡나...",더게이트,"[더게이트] 류지현 감독이 이끄는 한국 야구대표팀이 대회 첫 경기부터 숙적 타이완(대만)과 맞붙는다. 9월 일본에서 열리는 아이치·나고야 아시안게임 조직위원회는 10일 소셜미디어 계정을 통해 야구 조 편성을 공개했다. 5연속 우승에 도전하는 한국은 타이완, 홍콩, 태국과 함께 B조에 편성됐다. 일본은 중국, 필리핀, 팔레스타인과 함께 A조에서 경쟁한다. 조 편성 자체는 3년 전 2022 항저우 대회 때와 동일하다. 한국과 타이완은 9월 21일 저녁 6시 30분 오카자키중앙종합공원 야구장에서 대회 개막전을 치른다. 아시안게임서 번번이 발목 잡은 타이완 한국이 한때는 '한 수 아래'로 여겼던 타이완 야구는 최근 빠르게 성장하며 한국 야구를 위협하고 있다. 2018 자카르타·팔렘방 대회 때는 조별리그 1차전에서 타이완에 1대 2로 패하면서 위기를 맞았다. 다만 이 패배로 예방주사를 맞은 한국은 조 2위(2승 1패)로 슈퍼라운드에 진출했고, 결승에서 일본을 3대 0으로 꺾어 해피엔딩을 만들었다. 2022 항저우 대회에서는 조별리그 1차전 홍콩을 10대 0으로 완파하며 기분 좋게 출발했지만, 2차전 타이완에 0대 4로 완패해 기세가 꺾였다. 슈퍼라운드를 거쳐 결승에서 타이완과 다시 만난 한국은 문동주의 역투에 힘입어 2대 0으로 이겼지만, 이날도 결과를 끝까지 장담할 수 없을 만큼 팽팽한 승부였다. 올해 3월 열린 월드베이스볼클래식(WBC) 조별리그에서도 한국은 타이완에 4대 5로 패해 벼랑 끝에 몰렸다. 조별리그 최종전 호주 상대로 '2실점 이하, 5점 차 이상 승리'라는 경우의 수를 극적으로 채우면서 8강 진출을 이루지 못했다면 한국야구 국제대회 역사상 손꼽히는 흑역사로 남을 뻔했다. 이번 아시안게임에서도 개최국 일본보다는 타이완 전력이 강할 것이라는 전망이 우세하다. 일본은 사회인 선수들로만 팀을 꾸렸고 프로 선수는 한 명도 없다. 150km대 투수가 여럿 포함되긴 했지만, 프로 선수와 해외파 위주로 팀을 만든 타이완이 더 위협적이라는 평가다. 특히 미국프로야구 마이너리그에서 뛰는 타이완 투수들이 경계 대상으로 꼽힌다. 해외파 투수 중심 전력 구축 나선 타이완 타이완은 오는 16일 국가대표 최종 명단을 발표한다. 중화야구협회에 따르면 이번 대표팀은 타이완프로야구(CPBL) 6개 구단에서 원칙적으로 팀당 1명씩 지원받는 방식으로 꾸려지고 있다. 웨이취안 드래곤스 류지훙(3루수), 라쿠텐 타오위안 천천웨이(외야수), 중신 형제 왕성웨이(내야수), 퉁이 라이온스 추자은(외야수)·장샹(포수)까지 5명의 CPBL 소속 선수 차출이 이미 확정됐다. 푸방 가디언스 다이페이펑(포수), 타이강 치우즈청(내야수)은 아직 출전 여부를 조율하고 있다. 해외파 쪽은 투수를 중심으로 6~7명을 채우는 게 목표다. 특히 한화 이글스 소속 좌완 왕옌청의 선발이 유력하다. 린쭝청 협회 사무총장은 ""올해 KBO에서 좋은 활약을 펼치며 자신감을 얻었고, 지난 대회 때도 일본 프로 소속으로 대표팀에 뽑혔던 경험이 있어 코치진이 잘 알고 있는 자원""이라고 말했다. 왕옌청은 2022년 항저우 대회 당시 라쿠텐 골든이글스 소속으로 대표팀에 뽑혔고, 슈퍼라운드 일본전에서 6이닝 2실점(1자책)으로 호투한 경험이 있다. 다만 소프트뱅크 소속 투수 쉬뤄시는 애초 소집 대상이었지만 허리 상태 문제로 이달 중순 수술이 예정돼 있어 전력에서 빠지게 됐다. 닛폰햄 2군 소속 포수 린자정 역시 국가대표 경험이 풍부해 소집 대상에 올랐지만, 올해 닛폰햄과 계약해 대회 기간이 시즌 중인 데다 병역 의무 대상자가 아니라는 이유로 구단이 참가를 거절해 최종 명단에서 제외됐다. 최근 만날 때마다 애를 먹었던 타이완을 첫 경기부터 만나는 건 한국 대표팀의 금메달 도전에 상당한 부담이 될 전망이다. '금메달 원정대'라는 말이 나올 정도로 금메달을 당연하게 여겨온 아시안게임이지만, 타이완전만큼은 안심할 수 없다. 첫 경기에 에이스 카드를 동원해 올인하는 전략이 불가피할 전망이다.",https://v.daum.net/v/BVVN1GyOzi
2026.07.12 14:51,"'땡큐, 굿바이' 오러클린은 삼성과 작별을 알고 있었다",일간스포츠,"삼성 라이온즈의 부상 대체 외국인 투수 잭 오러클린(호주)이 결국 짐을 쌌다. 오러클린은 삼성과의 작별을 예감하고 미리 추억을 남기는가 하면 팬들에게 인사했다. 삼성은 지난 11일 오러클린과의 계약을 연장하지 않고, 미국 메이저리그(MLB) 출신 투수 페덱과 47만3333달러(7억원)에 계약을 발표했다. 오러클린은 지난 9일 대구 삼성라이온즈파크에서 열린 LG 트윈스와 전반기 마지막 경기를 마친 뒤 특별한 시간을 가졌다. 선수단이 전반기 1위 달성을 기념해 하이파이브를 나누고 라커룸으로 모두 돌아갔다. 그때 오러클린은 여자 친구, 가족과 함께 더그아웃으로 들어왔다. 이어 3루측 더그아웃 바로 앞 그라운드에서 외야를 배경으로 기념사진을 촬영하며 밝게 웃었다. 몇몇 팬이 '오러클린'의 이름을 연호하자 손을 들어 인사까지했다. 오러클린도 이미 삼성과의 동행에 마침표를 찍는 것을 알고 있었던 것으로 보인다. 이미 박진만 삼성 감독과 이종열 삼성 단장도 새 외국인 투수 영입을 시사한 터였다. 이내 응원단상에서 마이크를 통해 오러클린을 크게 호명했고, 홈팬들의 박수가 쏟아졌다. 오러클린은 손을 들어 환호에 답했다. 그의 여자 친구와 가족은 '마지막 인사'를 마친 오러클린을 박수로 맞았다. 오러클린은 KBO리그 17경기에서 5승 5패, 평균자책점 4.86을 기록했다. 오러클린은 지난 3월 호주 국가대표로 나선 2026 월드베이스볼클래식(WBC)에서 활약 덕에 삼성과 인연이 닿았다. 외국인 투수 맷 매닝이 일본 스프링캠프에서 갑자기 팔꿈치를 다쳐 이탈하자, 삼성은 오러클린을 부상 대체 외국인 선수로 영입했다. 이후 오러클린은 두 차례 연장 계약을 맺을 만큼 기대 이상의 활약을 보여줬다. 삼성이 선두 경쟁을 이어갈 수 있도록 최소한의 환경을 만들어줬다. 오러클린은 지난해 호주프로야구리그(ABL)을 시작으로 WBC, KBO리그까지 쉴 틈 없이 달려왔다. 결국 체력을 소진한 그는 6월 이후 6차례 등판에서 평균자책점 6.67로 부진함에 따라 연장 계약을 맺지 못했다. 삼성 팬들은 마지막에 오러클린에게 아낌 없이 박수를 보냈다. 대구=이형석 기자 ops5@edaily.co.kr",https://v.daum.net/v/Z5R7z0tWIJ
2026.07.12 14:46,"'43년 한 풀었다' 세광고, 경북고 6-2 꺾고 사상 첫 청룡기 품었다...",OSEN,"[OSEN=홍지수 기자] 세광고가 43년 묵은 한을 풀었다. 창단 이후 처음으로 청룡기 우승 트로피를 들어 올리며 전국대회 정상에 올랐다. 세광고는 12일 서울 목동구장에서 열린 '제81회 청룡기 전국고교야구선수권대회 겸 주말리그 왕중왕전' 결승전에서 경북고를 6-2로 꺾고 창단 첫 청룡기 우승을 차지했다. 1982년 황금사자기 우승 이후 무려 43년 만에 전국대회 정상에 오르는 감격도 함께 누렸다. 세광고는 경기 초반부터 주도권을 잡았다. 1회초 김우진의 볼넷과 전영훈의 안타, 상대 폭투로 만든 1사 2, 3루에서 서정휘가 좌전 적시타를 터뜨리며 선취점을 뽑았다. 이어 2회에는 이시윤의 볼넷을 시작으로 다시 만루 기회를 만들었고, 황동민의 희생플라이와 김우진의 2타점 적시타가 이어지며 단숨에 4-0까지 달아났다. 경북고도 쉽게 물러서지 않았다. 5회말 김건록의 출루와 도루로 만든 기회에서 조채완의 1타점 2루타, 최우준의 적시타가 연달아 터지며 4-2까지 추격했다. 하지만 이어진 1사 1루에서 병살타가 나오면서 흐름을 이어가지 못했다. 세광고는 경기 막판 승부에 쐐기를 박았다. 9회초 타선이 귀중한 2점을 추가하며 다시 격차를 벌렸고, 마운드도 끝까지 리드를 지켜내며 6-2 승리를 완성했다. 이로써 세광고는 청룡기 첫 우승과 함께 오랜 전국대회 무관의 아쉬움을 털어냈다. 우승의 중심에는 3학년 내야수 서정휘가 있었다. 결승전에서도 선제 적시타를 때려낸 서정휘는 이번 대회 타율 5할2푼9리, 7타점, 5도루를 기록하며 공수에서 맹활약했다. 안정적인 2루 수비와 해결사 본능을 앞세워 세광고의 정상 등극을 이끈 그는 대회 최우수선수(MVP)에 선정되는 영예를 안았다. 43년 만에 전국대회 우승을 일군 세광고는 사상 첫 청룡기 우승이라는 새 역사를 썼다. 전통의 강호 경북고를 제압한 세광고는 이번 우승으로 고교야구의 새로운 강자로 존재감을 확실하게 알렸다. /knightjisu@osen.co.kr",https://v.daum.net/v/1Dct5YTshv
2026.07.12 14:45,"""MLB서울 시리즈때 이미 고척돔 가봐""…SSG 아빌라 자신감 폭발→""A...",스포츠조선,"[스포츠조선 고재완 기자] 전반기 내내 외국인 투수 잔혹사에 시달리며 지독한 인고의 시간을 보냈던 SSG 랜더스가 후반기 대반격을 위한 마지막 승부수를 던졌다. 이번엔 진짜 '진품 에이스'일까. SSG의 새 외국인 투수 페드로 아빌라(29)가 마침내 한국 땅을 밟고 구원투수를 자처하고 나섰다. SSG 랜더스는 8일 미국 메이저리그(MLB)와 일본 프로야구(NPB)를 모두 경험한 베네수엘라 출신 우완 강속구 투수 아빌라와 총액 40만 달러 조건에 전격 계약을 체결했다고 공식 발표했다. 아빌라는 계약 발표 직후 곧바로 두산 베어스전이 열린 잠실구장을 찾아 이숭용 감독을 비롯한 코칭스태프, 그리고 새 동료들과 첫인사를 나눴다. 구단 공식 유튜브 채널 'SSG랜더스'가 공개한 비하인드 영상 속 아빌라는 특유의 유쾌한 에너지와 단단한 배짱을 뿜어내며 후반기 돌풍을 예고했다. 공식 입성 영상인 '유쾌한 새 가족, 아빌라 인사드립니다'에서 아빌라는 자신을 ""베네수엘라 카라카스 출신의 페드로 아빌라""라고 소개하며 한국과의 아주 특별한 인연을 먼저 공개했다. 아빌라의 KBO리그행은 이번이 첫 한국 방문이 아니다. 그는 ""사실 한국은 이번이 두 번째다. 과거 샌디에이고 파드리스 유니폼을 입고 LA 다저스와의 역사적인 'MLB 서울시리즈'를 치르기 위해 고척돔을 찾은 적이 있다""며 당시를 회상했다. 아빌라는 ""낯설지 않은 한국에서 다시 기회를 잡아 정말 행복하다. 사실 내 커리어에 있어 지금이 새로운 전환점이 필요한 시기였는데, SSG라는 좋은 팀을 만나 정말 절실하게 피칭할 준비가 됐다""며 독한 각오를 전했다. 실제로 SSG에 아빌라의 합류는 가뭄의 단비와도 같다. 올 시즌 SSG는 미치 화이트, 앤서니 베니지아노, 히라모토 긴지로 등 무려 3명의 외국인 투수를 갈아치우는 유례없는 대흉작 속에 이들이 합작한 승수가 고작 '5승'에 그치는 처참한 난조를 겪었다. 마운드의 실개천이 완전히 마른 상황에서 아빌라는 사실상 가을야구 진격을 위한 랜더스의 마지막 생명줄이다. 아빌라는 자신의 구위에 강한 자신감을 드러냈다. 아빌라는 최고 156㎞에 달하는 불같은 포심 패스트볼과 함께 싱커, 컷패스트볼(커터), 슬라이더, 커브, 체인지업, 스플리터 등 손끝에서 던질 수 있는 거의 모든 구종을 구사하는 전천후 선수이다. 아빌라는 자신의 투구 스타일에 대해 ""포심 패스트볼과 싱커, 커터, 슬라이더, 커브를 모두 던진다""라며 ""내 가장 강력한 무기는 타자 바로 앞에서 꺾이는 '지각 변화구(Late Break)'다. 이 정밀한 무브먼트 덕분에 나는 볼카운트가 유리하든 불리하든 어떤 상황에서도 타자를 요리할 수 있다""고 힘줘 말했다. KBO 리그에 새로 도입된 피치클락 등 환경 적응에 대해서도 ""미국 시스템과 크게 다를 게 없다. 오히려 한국이 투수들에게 시간을 조금 더 유연하게 주는 것 같아서 적응하는 데는 단 이틀이면 충분하다""며 유쾌하게 웃었다. SSG는 올스타 브레이크가 끝난 직후 홈 인천에서 KIA 타이거즈와 운명의 전반기 첫 4연전을 치른다. 이 감독은 이 빅매치에 아빌라를 전격 투입할 예정이다. 아빌라는 ""랜더스 팬 여러분, 이제 곧 후반기가 시작되니 야구장으로 많이 찾아와 달라""며 ""우리 팀이 전반기 막판 다소 힘든 시기를 겪었다는 것을 잘 알고 있다. 하지만 절대 포기할 단계가 아니다. 우리는 충분히 치고 올라갈 힘이 있다. 베네수엘라의 격언처럼 '할 수 있다(Si se puede)'는 마음으로 내 모든 것을 바쳐 팀을 바꾸겠다. 나를 믿고 끝까지 응원해 달라""고 뜨겁게 외쳤다. 고재완 기자 star77@sportschosun.com",https://v.daum.net/v/PTSWTCsAzi
2026.07.12 14:44,"'2위-2위-2위-2위' KIA 무려 3년 기다렸다, 150억 가치 보여...",스포츠조선,"[스포츠조선 김민경 기자] ""이게 고참들한테는 가장 중요한 야구라고 생각한다."" 나성범은 KIA 타이거즈와 6년 총액 150억원 FA 계약을 하고, 올해로 5년차가 됐다. 계약 첫해인 2022년 144경기를 완주한 뒤로는 한번도 풀타임을 뛴 적이 없다. 지난해까지 3년 연속 햄스트링과 종아리 부상에 시달려 애를 먹었다. NC 다이노스 시절인 2019년 오른쪽 무릎 ACL 수술의 여파로 몸의 밸런스가 본인도 모르게 깨져 있었다. 나성범은 겨우내 독하게 마음을 먹고 몸을 만들었다. 평소에도 운동량으로는 리그 1등을 다퉜는데, 이제는 운동법에 변화를 줘야 했다. 유연성에 조금 더 신경을 썼고, 이범호 KIA 감독은 나성범을 지명타자로 뛰게 하는 시간을 늘려 철저히 관리해 줬다. 그 결과 전반기 내내 부상 없이 건강히 완주할 수 있었다. 타격 페이스도 오름세다. 시즌 초반에는 타이밍이 너무 늦어 애를 먹었지만, 6월 이후 32경기에서 타율 3할4푼5리(116타수 40안타)를 기록했다. 해당 기간 김도영(3할5푼3리) 다음으로 KIA에서 가장 뜨거운 타자가 나성범이었다. 전반기 성적을 살펴봐도 정상궤도에 거의 오른 게 보인다. 나성범은 82경기 타율 2할9푼5리(288타수 85안타), 17홈런, 49타점, OPS 0.912를 기록했다. 타율과 홈런, 타점, OPS 등 모든 지표에서 김도영 다음 팀 내 2위다. 외국인 타자 해럴드 카스트로가 부상 공백과 부진으로 전반기를 거의 날렸기에 나성범의 반등은 더 의미 있었다. 이 감독은 ""(나성범이) 더 올라와 주면 좋다. 그런데 너무 많이 출루하고, 잘 치다 보면 주루 플레이를 많이 해야 하니까. 그러면 아무래도 나이 있는 친구들은 부상 위험이 생긴다. 적당히 장타 쳐주고, 안타 많이 안 치더라도 장타 치고 타점 올려주는 게 고참들에게는 가장 중요한 야구라고 생각한다. 안타 치고 나가서 움직이고 이런 것은 젊을 때 다 했던 것이고, 고참은 이제는 찬스가 왔을 때 점수를 내주고 그런 것들을 해줘야 한다. (나)성범이가 잘 맞춰서 해주고 있다""고 칭찬했다. 나성범은 시즌에 앞서 ""나도 이제 좋은 모습을 보여 드리고 싶다. 나이가 들어서 안 된다든지, 에이징 커브라든지 그런 소리를 듣고 싶지도 않다""고 각오를 다졌다. 올해는 자신의 반등은 물론, 박재현을 비롯한 젊은 외야수 후배들의 성장에도 도움을 주며 주장으로서 훨씬 더 책임감 있는 모습을 보여주고 있다. 이 감독이 나성범이 시즌 초반 극심한 타격 슬럼프에 빠져 있을 때도 계속 기다린 이유다. 기다림의 끝에 나성범은 자신의 클래스를 보여주며 부상으로 날린 지난 3년의 아쉬움을 털어냈다. 나성범은 ""아직 만족하진 않는다. 후반기에 무조건 더 높은 자리까지 올라갈 것이다. 더위와 싸움이 본격적으로 시작된다. 나를 포함한 모든 선수들이 지치지 않고 좋은 모습을 시즌 끝까지 보여 드리고 싶다""며 팀과 함께 더 높이 올라갈 것을 다짐했다. 김민경 기자 rina1130@sportschosun.com",https://v.daum.net/v/14xYyhOczl
2026.07.12 14:34,“감독님의 강아지” 롯데 황성빈 반려견 퍼포먼스 비하인드…마지막 퍼즐조각...,스포츠경향,"롯데 황성빈(29)은 역시 기대를 저버리지 않았다. 황성빈은 지난 11일 서울 잠실구장에서 열린 2026 KBO 올스타전에서 퍼포먼스 상을 수상했다. 이날 경기 후반 투입된 황성빈은 가장 강렬한 인상을 남겼다. 황성빈은 7회말 더그아웃에서부터 강아지 분장을 하고 개껌 모양 인형을 물고 나타났다. 그리고 산책용 하네스까지 착용한 황성빈은 김태형 롯데 감독에게 목줄을 맡겼다. 황성빈은 반려견처럼 그라운드를 네발로 기어 다녔고 김태형 감독은 그를 데리고 산책을 했다. 앞선 타석에서 타자가 친 공을 주우러 황성빈이 뛰어가자 김 감독이 줄을 당겨 제지하는 모습도 보였다. 그리고 황성빈의 타석이 돌아왔다. 김 감독은 개껌 인형을 타석을 향해 던졌고 황성빈은 네 발로 뛰어가 입으로 주웠다. 황성빈이 타석에 들어서자 바하 멘의 히트곡 ‘후 렛 더 도그스 아웃’의 음악이 울려 퍼졌다. 반려견에서 타자로 돌아온 황성빈은 타격을 했다. 이 퍼포먼스는 올해 올스타전에서 가장 강렬한 인상을 남겼다. 팬 투표 총 4만3910표 가운데 1만2134표(28%)를 얻어 베스트 퍼포먼스상의 수상자가 됐다. 2년 만에 이 부문 수상에 성공했다. 황성빈은 2024년 당시 ‘배달의 마황’이라고 적힌 헬멧을 쓰고 등장해 배달 기사 퍼포먼스를 선보였다. 1루에서는 한 때 논란을 빚었던 ‘투수 도발 동작’을 선보여 큰 웃음을 끌어냈다. 또한 투수 박세웅에게는 철가방에 담긴 로진백을 배달했고 박세웅은 거스름돈은 안 받는 제스처로 화답했다. 황성빈의 수상으로 롯데는 2023년 김민석(현 두산), 2024년 황성빈, 2025년 전민재에 이어 4년 연속 베스트 퍼포먼스상 수상을 독식했다. 이날 퍼포먼스를 준비하기까지 황성빈의 많은 노력이 있었다. 이미 강렬한 퍼포먼스를 선보인 적이 있어 황성빈은 부담이 컸다. 반려견 아이디어를 황성빈이 냈고 구단 유튜브 팀과 함께 강아지 분장 용품을 준비했다. 가장 중요한 건 이제 목줄을 누가 잡고 같이 입장하느냐였다. 처음에는 다른 선수와 함께 입장할까도 생각했다가, 올스타전 당일 김 감독에게 조심스럽게 부탁을 했다. 김 감독은 흔쾌히 받아들였고 이날 보여준 퍼포먼스에 대한 구체적인 그림을 황성빈이 설명했다. 김 감독은 애견인으로도 유명하다. 황성빈과 호흡을 잘 맞춰준 덕분에 올스타전을 찾은 팬들에게 웃음을 안길 수 있었다. 황성빈은 “2024년에 이어 올해 2번째 출전하면서 퍼포먼스 준비에 큰 부담감이 있었다”면서 “퍼포먼스를 도와주신 감독님께 진심으로 감사드린다. 감독님이 도와주시지 않았으면, 받을 수 없었을 것”이라고 고마움을 표했다. 이어 “팀 성적을 끌어올리는 것이 중요한 시점이어서 준비 과정에 집중하기 쉽지 않았다. 등장곡과 맞추어 감독님의 강아지가 되어야겠다는 생각을 했다”고 덧붙였다. 다행히 롯데는 전반기 막판 상승세를 탔고 황성빈도 성공적으로 퍼포먼스를 선보일 수 있었다. 롯데는 7월 8경기에서 5승 3패를 기록한 뒤 후반기를 맞이한다. 순위는 8위이지만 5위와는 5경기로 차이가 멀지 않다. 황성빈은 올스타전을 마친 뒤 비로소 안도했다. 그는 “2024년에 이어 올해도 팬분들이 좋아해 주셔서 다행이라는 생각밖에 안 든다. 오늘은 편하게 쉴 수 있을 것 같다”라며 “다시 야구에 집중해서 후반기 좋은 모습 보여드릴 수 있도록 하겠다”고 각오를 다졌다. 김하진 기자 hjkim@kyunghyang.com",https://v.daum.net/v/GnoDvImj73
2026.07.12 14:32,"세광고, 청룡기 고교야구 첫 우승…전국대회 44년 만에 제패(종합)",연합뉴스,"(서울=연합뉴스) 장현구 기자 = 청주 세광고가 81회 청룡기 전국고교야구대회 겸 주말리그 왕중왕전에서 처음으로 우승 축배를 들었다. 세광고는 12일 서울 목동구장에서 벌어진 결승에서 경북고를 6-2로 따돌리고 정상에 올랐다. 세광고가 전국 대회에서 우승한 것은 '송골매' 송진우(전 한화 이글스)를 앞세워 1982년 황금사자기 대회를 제패한 이래 역대 두 번째이자 44년 만이다. 이 대회를 8번 석권해 경남고(9회)에 이어 최다 우승 횟수 2위를 달리는 경북고는 세광고 마운드에 막혀 준우승에 머물렀다. 세광고는 1회 서정휘의 좌전 적시타로 선취점을 낸 뒤 2회 볼넷 3개로 엮은 1사 만루에서 황동민의 희생플라이, 김우진의 2타점 우전 적시타를 묶어 3점을 보탰다. 0-4로 끌려가던 경북고는 5회 조채완의 좌중간 2루타, 최우준의 좌전 안타로 2점을 만회했다. 그러나 이어진 찬스에서 3루수 병살타가 나와 맥이 끊겼다. 세광고는 9회초 1사 2루에서 이상준의 중전 안타와 대타 황재윤의 우전 안타로 2점을 뽑아 쐐기를 박았다. 5회 구원 등판해 천금 같은 병살타를 유도한 세광고 박상민은 4⅔이닝 동안 안타 3개만 허용하고 무실점으로 역투해 우승을 결정짓는 승리 투수가 됐다. 최우수선수상은 세광고 2루수 서정휘에게 돌아갔다. 서정휘는 이번 대회에서 타율 0.529, 7타점, 5도루라는 매서운 타격감과 빠른 발을 자랑했으며 안정적인 수비 능력도 겸비해 최고의 활약을 펼쳤다. 마산 용마고 유격수 노민혁은 타격상(타율 0.643·14타수 9안타), 타점상(15개), 도루상(8개), 홈런상(2개), 최다 득점상(12개) 5개 부문 상을 휩쓸었다. cany9900@yna.co.kr (끝) ▶제보는 카톡 okjebo",https://v.daum.net/v/QScRjLJ6Hi
2026.07.12 14:27,"[단독]'박수 받고 떠난' 오러클린, 삼성 컴백 가능성 열렸다...'아쿼...",MHN스포츠,"(MHN 정철우 기자) 박수 받으며 떠난 오러클린이 삼성 유니폼을 다시 입게 될 가능성이 열렸다. 아직은 구상 차원이지만 충분히 고려하고 성사 가능성도 높은 플랜이다. 삼성 라이온즈가 올 시즌 부상 대체 외국인 투수로 활약했던 잭 오러클린을 완전히 놓지는 않을 계획이다. 올 시즌 계약은 종료됐지만 내년에도 시행될 아시아쿼터를 통해 호주 출신인 오러클린을 다시 영입하는 방안을 내부적으로 검토하고 있는 것으로 확인됐다. 삼성 구단 관계자는 MHN스포츠와의 통화에서 ""오러클린이 어떻게 생각할지는 아직 알 수 없지만 우리로선 아시아쿼터 투수로 오러클린을 고려할 수 있다. 좋은 계획이라고 생각한다""고 밝혔다. 사실상 재영입 가능성을 처음 인정한 셈이다. 삼성은 최근 메이저리그 경력이 풍부한 크리스 페덱을 새 외국인 투수로 영입하며 오러클린과 결별했다. 하지만 이것이 완전한 작별을 의미하는 것은 아니라는 뜻이다. 구단은 아시아쿼터라는 새로운 제도를 활용할 경우 오러클린이 충분히 전력이 될 수 있다고 판단하고 있다. 오러클린은 올 시즌 삼성 유니폼을 입고 기대 이상의 역할을 했다. 맷 매닝의 부상 공백을 메우기 위해 급하게 합류했지만 선발 로테이션을 안정적으로 지켜냈다. 계약 연장도 두 차례나 이끌어냈다. 시즌 중반까지는 삼성 선발진의 버팀목 역할을 했다. 실제 삼성은 5월 말 계약을 추가 연장하면서 당시까지 10경기 4승2패 평균자책점 3.68이라는 성적을 높게 평가했다. 시즌 초반 6경기에서는 4승1패 평균자책점 2.80, 5경기 연속 퀄리티스타트를 기록하며 리그 적응을 마쳤다는 평가도 받았다. 하지만 전반기 막판으로 갈수록 힘이 떨어졌다. 구위가 눈에 띄게 감소했고 이닝 소화 능력도 예전만 못했다. 퀄리티스타트 비율도 초반에 비해 크게 떨어졌다. 삼성이 결국 새 외국인 투수 영입이라는 결단을 내린 가장 큰 이유도 여기 있었다. 그러나 이를 단순히 기량 하락으로만 볼 필요는 없다. 오러클린은 시즌 개막 전부터 이미 많은 공을 던진 투수였다. 지난해 겨울 호주리그를 소화한 데 이어 2026 월드베이스볼클래식(WBC)에서도 호주 대표팀 선발진의 한 축으로 뛰었다. 삼성 역시 계약 당시 이 부분을 충분히 인지하고 있었다. 시즌 시작 전부터 정상적인 휴식 없이 실전 일정을 이어온 만큼 시즌 후반 체력 저하는 어느 정도 예상 가능한 시나리오였다. 바로 이 점이 내년 아시아쿼터 카드로서 오러클린의 가치를 높이는 이유다. 올겨울 충분한 휴식을 취하며 체력 훈련에 집중한다면 시즌 후반 급격한 구위 저하를 상당 부분 줄일 수 있다. 삼성도 이 가능성을 무시하지 않고 있다. 활용 폭도 넓다. 굳이 선발만 고집할 이유가 없다. 필요하다면 불펜으로도 충분한 경쟁력을 갖춘 투수다. 좌완이라는 희소성은 여전히 큰 장점이다. 좌타자 상대 원포인트는 물론 멀티이닝을 책임지는 롱릴리프 역할까지 맡을 수 있다. 선발 경험이 있는 좌완 투수가 불펜으로 내려오면 활용도는 오히려 더 커질 수도 있다. 아시아쿼터는 외국인 선수처럼 압도적인 에이스를 요구하는 자리가 아니다. 팀 전력을 빈틈없이 메워줄 실전형 자원이 더욱 중요하다. 그런 기준이라면 KBO리그를 이미 경험했고 ABS에도 적응을 마친 오러클린은 다시 검토해볼 만한 카드다. 새 리그 적응 기간도 필요 없고, 팀 분위기도 잘 안다. 선수단 역시 오러클린의 성실성과 팀 적응 능력을 높이 평가했다. 여기에 체력만 보완된다면 올 시즌보다 더 안정적인 투구를 기대할 수도 있다. 삼성은 당장 페덱 체제로 후반기 승부를 준비하고 있다. 하지만 시선은 벌써 내년까지 이어지고 있다. 아시아쿼터는 단순히 새로운 선수 한 명을 데려오는 제도가 아니다. 이미 검증된 자원을 더 합리적인 방식으로 확보할 수 있는 제도이기도 하다. 삼성이 오러클린을 다시 바라보는 이유도 바로 거기에 있다. 좋은 투수를 완전히 놓지 않겠다는 계산이다. 그리고 그 계산은 생각보다 현실성이 높아 보인다. 여기서 한 가지, 그렇다면 올 시즌 곧바로 아시아쿼터로 전환하는 것은 어떨까 생각해 볼 수 있다. 현재 삼성의 아시아쿼터인 미야지는 고질적인 제구력 난조로 1군에서 자리를 잡지 못하고 있다. 결론부터 말하면 불가능한 일이다. 오러클린은 지난 해 마이너리그에서 뛴 기록이 있다. 전년도 미국 마이너리그 소속 선수는 이듬해 아시아쿼터로 영입할 수 없다. 때문에 오러클린은 올 시즌엔 아시아쿼터로 삼성과 계약이 불가능하다.",https://v.daum.net/v/YoXRodMVR8
2026.07.12 14:22,"제3회 마이데일리배 전국유소년야구대회, 17일 횡성서 개막",스포츠경향,"마이데일리가 대한유소년야구연맹과 함께 전국 최대 규모 유소년 야구대회인 ‘제3회 마이데일리배 전국유소년야구대회’를 개최한다. 이번 대회는 오는 17일부터 21일까지 강원도 횡성군 횡성베이스볼테마파크에서 열린다. 전국 각지의 대한유소년야구연맹 소속 선수들이 참가해 닷새 동안 열전을 펼친다. 대회는 연령별로 주니어리그(16세 이하), 유소년리그(13세 이하), 꿈나무리그(11세 이하), 새싹리그(9세 이하), U12 부문으로 나뉘어 진행되며, 각 리그 우승팀을 가린다. 경기와 함께 다양한 부대행사도 마련된다. 선수들의 기량을 겨루는 ‘스피드킹 콘테스트’와 ‘홈런더비 콘테스트’가 열리며, 이번 대회에서는 ‘제구왕 콘테스트’가 새롭게 추가됐다. 제3회 마이데일리배 전국유소년야구대회는 마이데일리가 주최하고 대한유소년야구연맹이 주관한다. 횡성군과 횡성군체육회, 국민체육진흥공단, 한국도핑방지위원회, 한국스포츠레저㈜, 한미사이언스, 스포페이, 애플라인드, 한강식품, 스포노베이션, 메디앳, 유니시티코리아, 글로우핏, 보령헬스케어가 후원한다. 대회는 17일 개막해 21일까지 강원도 횡성군 횡성베이스볼테마파크에서 진행된다. 김세훈 기자 shkim@kyunghyang.com",https://v.daum.net/v/Gid1SOrNFI
2026.07.12 14:20,"‘신인왕 레이스’ 선두→생애 첫 ‘미스터 올스타’까지…허인서, 후반기에도...",스포츠서울,"[스포츠서울 | 잠실=강윤식 기자] “더 높은 무대 올라갈 수 있도록 노력하겠다.” 전반기까지 결과만 놓고 보면 데뷔 후 최고의 한 해를 보내고 있다고 해도 과언이 아니다. 신인왕 레이스 선두를 달린다는 평가다. 올스타 브레이크를 맞았다. 여기서도 경사다. 첫 올스타에서 ‘미스터 올스타’가 됐다. 후반기 활약에 관심이 쏠릴 수밖에 없다. 한화 허인서(23) 얘기다. 올시즌 허인서는 한화 주전 포수로 올라섰다. 전반기 71경기 동안 494.2이닝을 소화했다. 타율 0.292, 12홈런 45타점, OPS(출루율) 0.864를 기록했다. 수치에서 알 수 있듯 공격이 빛났다. 메이저리그(ML) 최고의 공격형 포수 칼 랄리(시애틀)에서 따와 ‘허랄리’라는 별명이 붙었을 정도다. 올시즌 한화의 콘셉트는 분명하다. 개막 미디어데이부터 김경문 감독은 ‘공격 야구’를 천명했다. 실제로 화력으로 중위권 경쟁 중이다. 허인서는 이런 한화 타선에서 강백호, 요나단 페라자, 노시환, 문현빈 등과 함께 중심 역할을 하고 있다. 자연스럽게 신인왕 경쟁에서 주목받는다. 데뷔는 2022년에 했다. 그런데 누적 타수가 적어 신인왕 자격을 얻었다. 이 레이스를 주도하고 있다. 장찬희(삼성) 박준현(키움) 등 경쟁자의 존재감도 만만치 않지만, 임팩트만 놓고 보면 허인서가 앞서고 있다고 할 만하다. 활약을 인정받아 생애 첫 올스타에도 뽑혔다. 무려 베스트12에 이름을 올렸다. 여기서도 존재감이 대단했다. 10일 홈런더비에서 홈런 7개를 치면서 예열했다. 11일 본경기에서는 4안타 1타점을 기록하면서 MVP를 수상했다. 첫 올스타 출전에 ‘미스터 올스타’가 되는 기쁨을 누렸다. 여러모로 후반기 더욱 힘을 낼 수 있는 긍정적인 상황이라고 할 수 있다. 허인서는 “6월 초에는 체력적으로 좀 힘들었다. 그래도 조정했다. 지금은 많이 괜찮아졌다”며 “올스타전에서 (문)현빈이, (이)도윤이형 등 타격감이 좋아 보였다. 좋은 흐름 이어가서 후반기 시작했을 때 더 높은 무대 올라갈 수 있도록 노력하겠다“고 다짐했다. 공격도 공격인데, 수비 연습도 게을리하지 않을 계획이다. 허인서는 “내가 송구에서 약하다고 생각한 적은 없다. 그런데 올해는 도루저지율이 조금 낮은 것 같다. 김정민 코치님과 운동하면서 연구하고 배워야 할 것 같다”고 강조했다. 스스로 잊을 수 없는 한 해를 만들고 있다. 출발이 좋았고, 지금까지 과정도 훌륭하다. 이제 중요한 건 1년 마무리를 어떻게 하는가다. 본인의 페이스를 유지하면서 한화 가을야구도 도와야 한다. 후반기에도 허인서는 한화 ‘핵심 중 핵심’이다. skywalker@sportsseoul.com",https://v.daum.net/v/6ikvDjgRyM
2026.07.12 14:19,경북고 아쉬운 준우승... 우주영 빛바랜 무실점 역투,조선일보,"통산 아홉 번째 청룡기 우승을 노렸던 경북고는 12일 아쉽게 준우승에 머물렀다. 안타 수(9개)는 세광고보다 1개가 더 많았지만, 찬스 때 적시타가 터지지 않았다. 사사구 10개를 남발한 것도 아쉬웠다. 이준호 경북고 감독은 “올해 청룡기는 결승까지 오를 줄 예상 못 했는데 선수들이 자기 몫을 200% 해냈다”며 “우승한 세광고에도 진심으로 축하를 전하고 싶다”고 말했다. 경북고 3학년 우주영(18)은 패배 속에서도 가장 빛난 선수였다. 2회초 1사 만루 위기에서 구원 등판한 우주영은 93구를 던지며 6과 3분의 1이닝을 3피안타 무실점(4탈삼진)으로 막아 감투상을 받았다. 이번 대회 5경기에 나와 1승, 평균자책점 1.71을 기록했다. 그는 경기 후 “아쉬움은 크지만, 모두가 최선을 다해 싸운 경험은 오래 남을 것 같다”며 “준우승을 발판 삼아 더 성장해 남은 전국 대회에서는 꼭 우승하겠다”고 다짐했다. 우주영은 평균 시속 130㎞대의 빠르지 않은 직구를 던지지만, 슬라이더와 커브 등 변화구의 완성도가 높고 경기 운영 능력이 뛰어나다는 평가를 받는다. 그는 “구속 욕심이 없는 건 아니지만 팀이 이기려면 힘으로 밀어붙이는 것보다 정확한 투구가 중요하다고 믿는다”고 했다. 이어 “내 야구 인생은 이제 시작”이라며 “프로나 대학에 가서도 나다운 야구를 보여주겠다”고 각오를 밝혔다.",https://v.daum.net/v/tprtp1XSYJ
2026.07.12 14:18,"세광고, 경북고 6-2 제압…창단 72년 만에 청룡기 우승",동아일보,"세광고 야구부가 1982년 황금사자기 이후 44년 만에 전국대회 정상을 차지했다. 세광고는 12일 서울 목동야구장에서 열린 제81회 청룡기 전국고교야구선수권대회 겸 주말리그 왕중왕전 결승에서 경북고를 6-2로 꺾었다. 세광고가 이 대회 정상을 차지한 건 물론 결승에 진출한 것도 1954년 창단 이후 72년 만에 처음이었다. 방진호 세광고 감독은 “첫 결승 무대서 청룡기를 들어 올려 기쁘다”며 “선수들이 끝까지 집중력을 잃지 않은 덕에 우승할 수 있었다”고 말했다. 세광고는 4-2로 앞서가던 9회초에 4번 타자 이상준(3학년)이 대주자 여준후(1학년), 대타 황재윤(2학년)이 2루 주자 이상준(3학년)을 불러들이면서 승부에 쐐기를 박았다. 세광고 5번 타자 2루수로 선발 출장한 서정휘(3학년)는 이날 4타수 2안타 1타점을 기록하며 대회 최우수선수(MVP)로 이름을 올렸다. 서정휘는 이번 대회서 타율 0.529(17타수 9안타), 7타점, 5도루를 기록했다. 반면 이 대회 역대 최다인 통산 아홉 번째로 이 대회 우승을 노리던 경북고는 다음 기회를 노리게 됐다. 황규인 기자 kini@donga.com",https://v.daum.net/v/6BmhTCsAFH
2026.07.12 14:15,"진심을 담았습니다...팬 위한 올스타전, KT 선수들과 직원들이 이렇게 ...",스포츠조선,"[스포츠조선 김용 기자] 우리 KT 선수들이 이렇게 열심히 했답니다. 2026 KBO리그 올스타전이 화려하게 막을 내렸다. 10일 퓨처스 올스타전과 홈런더비, 11일 올스타전 본경기 행사가 열리며 야구팬들을 즐겁게 했다. KT 위즈 선수들도 빠질 수 없었다. 단순히 경기, 행사에 참가하는 게 아닌 더욱 적극적인 팬서비스로 사랑에 보답하고자 했다. 1군 선수들 뿐 아니라 퓨처스 선수들까지 올스타전의 상징이 된 등장 퍼포먼스에 심혈을 기울였다. 하기 싫은 걸 억지로 하는 게 아닌, 선수들 본인이 원하는 아이디어를 적극적으로 냈다. 평소 내향적인 최원준이 충격적 공주 코스프레를 한 게 대표적. 별명인 '공포의 주둥이'의 줄임말인 공주를 표현하기 위해 유럽풍 원피스를 착용하고 그라운드에 등장했다. 손동현은 응원단장 복장을 입고 마운드에서 치어리딩을 했는데, 춤사위가 예사롭지 않아 많은 박수를 받기도 했다. 선수들 뿐 아니라 프런트, 대학생 리포터인 위즈포터들도 열심이었다. 홍보팀 직원들은 더운 날씨를 고려해 팬들에게 부채 선물을 했다. 부채에 선수들의 롤모델과 각오를 표기해 보는 재미까지 더했다. 또 잠실구장 마지막 올스타전의 의미를 담은 멋진 뱃지를 제작해 팬들에게 선물했다. 선수들과 마스코트가 직접 전달하니 완벽한 '팬 퍼스트'였다. 위즈포터들도 직접 만든 스트레스볼과 아이패치 선물을 팬들에게 나눠줬다. 스트레스볼은 위즈포터들과 함께 KT 올스타인 손동현, 전용주가 함께 만들어 더 큰 의미가 있었다. 김용 기자 awesome@sportschosun.com",https://v.daum.net/v/Uj2y2qu57C
2026.07.12 14:15,"감동의 빅리그 데뷔전에 이제 첫 홀드까지...고우석, 구멍난 미네소타 필...",더게이트,"[더게이트] '메이저리거' 고우석이 감동의 빅리그 데뷔 등판에 이어 첫 홀드까지 거뒀다. 단순한 MLB 무대 체험을 넘어 아예 팀의 필승조 자리까지 꿰찰 수 있을지 관심이 모인다. 고우석은 12일(한국시간) 미국 미네소타주 미니애폴리스 타깃필드에서 열린 LA 에인절스와의 홈경기에 팀의 세 번째 투수로 등판해 메이저리그 데뷔 첫 홀드를 신고했다. 5대 3으로 아슬아슬하게 앞선 8회초 마운드에 오른 고우석은 1이닝 동안 안타 1개와 볼넷 1개를 내줬지만 실점 없이 이닝을 막아냈다. 지난 10일 클리블랜드 가디언스전에서 역대 30번째 한국인 메이저리거로 데뷔한 지 사흘 만의 쾌거다. 미네소타는 고우석의 호투에 힘입어 5대 3으로 승리했다. 고우석은 LG 트윈스 시절 통산 139세이브를 올린 KBO리그 대표 마무리 투수로 홀드와는 큰 인연이 없었다. 2017년 데뷔 후 기록한 홀드는 딱 6개, 2020년 기록한 홀드가 마지막이다. 하지만 메이저리그에서는 전공 분야인 세이브보다 홀드를 먼저 챙기게 됐다. 마운드에 오른 고우석은 선두 타자 본 그리섬을 우익수 뜬공으로 처리하며 순조롭게 출발했다. 다음 타자 조 아델과의 승부가 아쉬웠다. 슬라이더와 포심 패스트볼, 스플리터를 섞어 풀카운트까지 끌고 간 끝에 던진 커브가 볼로 판정됐다. 미네소타 벤치가 비디오 판독을 신청했지만 판정은 뒤집히지 않았고, 아델은 볼넷으로 걸어 나갔다. 웨이드 메클러를 2루수 앞 땅볼로 잡아냈지만, 이어진 덴서 구스만의 타구가 3루수 브룩스 리의 글러브에 맞고 방향이 꺾이는 불운으로 2사 1, 2루 위기가 찾아왔다. 여기서 후속 로건 오하피의 강한 타구가 유격수 직선타로 잡히면서 실점 없이 이닝을 마쳤다. 이날 고우석은 21구 가운데 스트라이크 13개를 던졌고, 최고 구속은 155km/h를 찍었다. 이날 피칭으로 고우석은 미네소타 승리조 진입 가능성을 보여줬다. 미네소타는 현재 불펜 상황이 그리 좋지 못하다. 현재 필승조로 분류되는 투수는 앤드류 모리스, 테일러 로저스, 트래비스 아담스, 그리고 새로 합류한 토미 낸스 정도다. 기존 필승조 멤버였던 앤서니 반다와 콜 샌즈는 나란히 부상자 명단에 올라 있다. 이 가운데 확실히 제 몫을 하는 투수는 모리스 한 명뿐. 10홀드에 평균자책 3.48로 그나마 필승조다운 성적을 내고 있다. 반면 로저스는 7홀드를 거뒀지만 평균자책이 5.61에 달하고, 아담스도 평균자책 6.20으로 신뢰하기 어려운 성적이다. 낸스는 이번 시리즈에서 새로 합류했는데, 기존 팀 토론토에서 평균자책 3.82에 홀드 1개로 승리조 경험이 많지 않다. 사실상 모리스 한 명 외에는 뚜렷한 믿을맨이 없는 상황, 이런 가운데 고우석에게 주어지는 등판 기회는 곧 승리조 테스트이기도 하다. 이날처럼 무실점 피칭을 반복해서 보여준다면, 앞으로 하이 레버리지 상황에서의 기용도 늘어날 가능성이 있다. 한국에서 7년간 마무리투수로 숱한 위기를 막아내고, 고난의 마이너리그 생활도 이겨내며 단단해진 고우석이라면 충분히 해낼 수 있다.",https://v.daum.net/v/U917Lex234
2026.07.12 14:05,"'195㎝ 95㎏ 압도적 피지컬' 하현승 ""KBO리그 스타가 된 후 美가...",스포츠조선,"[스포츠조선 고재완 기자] 고교 야구 무대에 미국 메이저리그(MLB) 스카우트들의 표적이 되었던 역대급 거물이 등장했다. 하지만 그는 태평양을 건너는 지름길 대신, 한국 야구의 마운드와 타석을 먼저 정복하겠다고 다짐했다. 억대 해외 계약금 유혹을 과감히 뿌리치고 국내 잔류를 선언한 부산고등학교의 '이도류(투타겸업)' 특급 유망주 하현승(18)의 이야기다. 하현승은 11일 대한체육회 공식 유튜브 채널 '대한체육회TV'의 '니가 좋아~부산고 이도류 하현승이 예뻐서 좋아 | 억대 계약금 대신 국내 잔류 선택한 부산고 하현승의 하루'라는 제목의 영상에 등장했다. 영상에서 자신의 하루 일과와 함께 국내 잔류를 선택한 진짜 속내, 그리고 KBO 리그를 거쳐 메이저리그 레전드 오타니 쇼헤이처럼 성장하겠다는 웅장한 포부를 가감 없이 털어놓았다. 하현승을 처음 마주하면 야구장 압도하는 거대한 피지컬에 시선을 빼앗기게 된다. 고등학교 1학년 때 입던 학교 교복은 상체가 아예 맞지 않아 바지만 따로 사서 입어야 할 정도로 고교 3년간 폭풍 성장을 거듭했다. ""키가 1m97라는 설이 있던데""라는 질문에 하현승은 ""그건 그냥 인터넷에 떠도는 썰이다""라며 ""1m95정도다. 더 큰 것보다 지금이 내 몸을 충분히 가눌 수 있을 정도로 자란 것 같다. 워낙 다 잘 먹어서 잘 큰 것 같다""며 웃었다. 이 거대한 체구와 긴 팔다리는 마운드 위에서 상대 타자들을 압도하는 가장 무서운 무기가 된다. 하현승은 자신의 신체적 장점에 대해 ""팔다리가 길다 보니 투구할 때 익스텐션(끌고 나오는 투구 폼의 길이)이 굉장히 좋다""라며 ""타자들 시점에서는 내가 확실하게 가슴을 앞에서 더 끌고 나와 던진다는 느낌을 받게 되는데, 투수로서 이 점이 아주 유리하게 작용한다""고 면밀하게 분석했다. 하현승은 메이저리그 직행을 거절하고 국내 잔류 선언해 국내 팬들의 환호를 받았다. 하현승은 미국 직행 대신 국내 잔류를 선택한 배경에 대해 ""지금 미국에 건너가서 받는 돈보다, 한국 야구에서 내 계획대로 확실하게 잘해서 실력을 증명한 뒤 더 많은 돈과 좋은 대우를 받고 메이저리그에 진출하는 게 훨씬 더 현명하고 좋은 길이라고 생각했다""고 야무진 소신을 밝혔다. 주변 야구인들의 진심 어린 조언도 확신을 주었다. 그는 ""감독님과 선배님들 거의 모든 분이 '한국에서 충분히 스타가 되고 넘치게 잘하고 가도 결코 늦지 않다. 한국 야구를 정찰하고 더 좋은 대접을 받으며 가는 게 훨씬 좋은 선택일 것'이라고 격려해 주셨다""라며 ""일단 KBO리그에서 최고의 선수가 돼 우리나라의 스타가 되는 게 먼저다. 그 마인드로 한국 야구를 완벽하게 배우며 성장하겠다""고 목소리를 높였다. 그가 꿈꾸는 야구의 종착지는 단연 메이저리그를 지배하고 있는 오타니 쇼헤이다. 던지고 치는 것을 모두 완벽하게 해내는 오타니를 롤모델로 꼽은 하현승은 ""오타니 선수처럼 투타 두 가지를 다 완벽하게 잘하는 선수가 되는 게 내 진짜 꿈이다""라며 눈을 반짝였다. 현재 하현승은 투타겸업을 위해 혹독한 훈련 루틴을 소화하고 있다. 실전 피칭이 있는 날에는 마운드 훈련과 체력 웨이트트레이닝에 올인하고, 피칭이 없는 날에는 배팅 게이지에서 방망이를 휘두른다. 작년부터 웨이트트레이닝의 중요성을 뼈저리게 느꼈다는 그는 경기 후반 힘이 떨어지는 것을 막기 위해 매일 근력을 다지고 있다. 마운드 위에서의 무기도 새로 장착했다. 하현승은 ""올해 들어서 컷패스트볼처럼 빠르게 꺾이는 '작은 슬라이더'를 새로 개발했다""라며 ""스피드도 굉장히 잘 나오고 타자들의 배트 반응이 늦는 걸 보니 실전에서 확실하게 통하는 메리트가 있다""고 강한 자신감을 보였다. 3학년인 올해, 그의 단기 목표는 명확하다. 가슴에 태극마크를 달고 청소년 대표팀(U-18)의 주축이 되어 국제대회를 집해하는 것이다. 하현승은 ""국가대표가 된다면 내가 주축 멤버가 되어 일본이나 대만 같은 강팀들을 완벽하게 이겨버리고 금메달을 목에 거는 게 올해 가장 큰 목표""라며 대담한 싸움닭 본능을 드러냈다. 고재완 기자 star77@sportschosun.com",https://v.daum.net/v/43Qh62b0U4
2026.07.12 14:01,현역 빅리거 페덱 데려온 ‘1위’ 삼성의 숨길 수 없는 우승 의지,스포츠동아,"[스포츠동아 강산 기자] 올 시즌 전반기를 1위(51승2무32패)로 마무리한 삼성 라이온즈가 새 외국인투수 크리스 페덱(30)을 영입해 우승 도전에 날개를 달았다. 삼성은 11일 페덱과 47만3333달러에 계약했다. 페덱은 키 196㎝, 몸무게 98㎏의 체격을 지닌 우투수로 메이저리그(MLB) 통산 132경기(119선발)에 등판해 32승43패, 평균자책점(ERA) 4.83의 성적을 거뒀다. 마이너리그 통산 40경기(35선발)서는 13승7패, ERA 1.92를 기록했다. 페덱은 2019년 샌디에이고 파드리스서 빅리그에 데뷔했고, 2021년 김하성(현 애틀랜타 브레이브스)과 한솥밥을 먹기도 했다. 올 시즌은 마이애미 말린스, 신시니티 레즈, 텍사스 레인저스를 거치며 승리 없이 7패, ERA 6.79를 기록했다. 삼성 구단은 “페덱은 삼성의 후반기 1위에 힘을 더할 계획”이라고 밝혔다. 삼성은 베테랑 최형우(43)를 영입하는 올 시즌 개막 전부터 과감한 행보를 보이며 우승을 향한 의지를 드러낸 바 있다. 페덱의 활약이 매우 중요하다. 올 시즌 팀 선발투수 ERA는 5위(4.33)로 불펜(3.78·1위)보다 약한 측면이 있다. 에이스 아리엘 후라도(30)가 17경기서 5승1패, ERA 3.11, 원태인(26)이 14경기서 4승5패, ERA 3.58로 잘 버텼으나 나머지 선발투수들의 지원사격이 다소 부족했다. 기존의 잭 오러클린은 17경기서 5승(5패)을 챙겼지만, ERA 4.86으로 안정감이 다소 부족했다. 더욱이 삼성은 11일 불펜투수 최지광(28)이 팔꿈치 근육 손상으로 6주간 재활이 필요하다는 소견을 받았다. 올 시즌 25경기서 4승무패8홀드1세이브, ERA 2.45로 활약한 필승계투요원이다. 그의 이탈에 따라 불펜이 헐거워진 상황이라 선발진이 더 긴 이닝을 끌어줘야 한다. 페덱이 후라도, 원태인과 함께 선발진의 중심을 잡아야 한다. 페덱은 “어떤 리그서든 프로야구는 많이 이겨야 하는 스포츠”라며 “1위 경쟁을 하고 있는 삼성은 매력적인 팀이다. 이 팀의 전통과 열정에도 끌렸다”고 밝혔다. 한편, 삼성은 오러클린과 계약을 마무리했다. 오러클린은 팔꿈치 부상을 당한 맷 매닝(28)의 임시 대체 선수다. 매닝은 웨이버 공시됐다. 강산 기자 posterboy@donga.com",https://v.daum.net/v/6fKBSOrN7y
2026.07.12 14:01,"""내년이 더 밝다"" 44년 만에 전국대회 우승 세광고, 지역 강호에서 전...",스포티비뉴스,"[스포티비뉴스=목동, 신원철 기자] 세광고등학교가 2026년 청룡기 우승으로 1982년 황금사자기 이후 첫 전국대회 정상에 올랐다. 2학년 선수들의 활약이 돋보인 가운데 무려 44년 만에 전국대회 우승을 차지했다. 세광고 방진호 감독은 ""주변에서 내년이 더 밝은 팀이라고 해주신다. 더 성장할 수 있는 선수들이 많다""며 '세광고 전성시대'를 기대했다. 세광고는 12일 서울 목동야구장에서 열린 제81회 청룡기 전국고교야구선수권대회 결승전에서 경북고를 6-2로 꺾고 우승했다. 선발 김동유와 두 번째 투수 박상민이 9이닝 2실점을 합작했다. 안타 수는 경북고에 하나 적은 8개였지만 4사구 10개를 바탕으로 기회를 얻고 점수를 뽑았다. 2학년 주포 이홍석이 준결승전에서 엄지손가락 골절상을 입어 결승전에 나서지 못했지만 승부처마다 점수를 내고, 또 실점을 막으면서 승리할 수 있었다. 경기 후 방진호 감독은 ""청룡기에서 처음 결승에 올라왔는데 우승까지 했다. 너무 기쁘다""며 ""우리가 4년 전인가(2023년 봉황대기, 대구고에 2-3 패) 결승에 올라갔는데 그때는 내가 초보 감독이었다. 미숙한 점이 있었다. 지금은 코치들도 많이 도와주고, 선수들도 많이 성장해서 좋은 결과를 가져올 수 있었다""고 밝혔다. 그러면서 ""오늘 우리는 보너스 게임이 아니라 이겨야 하는 경기라고 생각하고 나왔다. 대신 즐겁게 하자. 응원도 경기도 매너 있게 하자. 최선을 다하고 결과를 받아들이자고 했다""고 덧붙였다. 44년 만의 우승에 대해서는 ""동문들이 우승에 대한 염원이 크셨다. 그 한을 풀어드린 것 같아 기쁘다. 졸업생들도 많이 와줬다. 그 기운을 많이 받은 것 같다""며 웃었다. 방진호 감독은 ""2학년 선수들이 좋아서 주변에서 내년이 더 밝은 팀이라고 해주신다. 더 성장할 수 있는 선수들이 많다. 내년에 어떤 대회든 또 한번 우승에 도전할 기회를 갖고 싶다""고 말했다. 내년에 대한 기대치가 너무 높아진 것은 부담스럽기도 하다며 솔직하게 말하기도 했다. 방진호 감독은 미소띤 얼굴로 ""부담이 된다""며 ""우리 팀에 좋은 선수들이 확실히 많다. 우리가 1학년 때부터 체계적으로 성장할 기회를 만들었던 선수들이다. 내년에도 잘할 것으로 기대한다""고 밝혔다. <저작권자 ⓒ SPOTV NEWS. 무단전재 및 재배포 금지>",https://v.daum.net/v/zRF5kaLxlG
2026.07.12 13:55,“‘허랄리’ 별명은 과분하지만”…‘별들의 전쟁’ 주인공으로 우뚝 선 허인...,스포츠경향,"2026시즌 KBO리그 올스타전의 주인공은 단연 허인서(23·한화)였다. 퓨처스리그(2군) 올스타전만 3차례 출전했다가 올해 1군 올스타전에 처음으로, 그것도 베스트 12로 합류했다. 자신의 생일날 진행된 올스타전에서는 MVP에 오르는 영예도 안았다. 허인서는 첫 풀타임 시즌 전반기 타율 0.292, 장타율 0.495, 12홈런 45타점이라는 준수한 성적을 올렸다. 그 뜨거운 타격감을 11일 잠실구장에서 열린 올스타전까지 이어갔다. 허인서는 5타수 4안타 1타점 1득점으로 맹타를 휘두르며 MVP로 선정됐다. 홈런더비에서는 7개를 쳐 예선에서 오태곤(SSG), 강백호(한화)와 공동 1위에 올랐지만 비거리로 결승 진출자 2명을 가린다는 규정에 따라 아쉽게 결선까지 오르진 못했다. 허인서는 “작년 한국시리즈 엔트리에는 들었지만 경기에는 못 나갔다. 잠실구장에서 작년 한국시리즈의 분위기를 느낄 수 있었다”고 말했다. 지난해 가장 큰 무대에서는 그라운드를 밟지 못했지만 올해는 당당하게 별들의 전쟁 속 주인공으로 우뚝 선 것이다. 한화 팬들 사이에서 허인서의 별명은 ‘허랄리’다. 미국프로야구 메이저리그(MLB)의 홈런왕 포수 칼 랄리(시애틀)의 이름을 딴 것이다. 허인서는 올스타전에서도 랄리를 따라 콧수염을 붙이고 모자와 유니폼을 시애틀과 비슷하게 맞춰 입었다. 허인서는 “랄리는 워낙 MLB에서 홈런도 많이 치고 수비도 좋은 포수여서 허랄리라는 별명도 사실 과분하다. 그래도 팬분들이 좋아해주시는 것 같아서 기분 좋다”고 말했다. 허인서는 올 시즌 팀 베테랑 포수 최재훈보다 많은 경기를 선발 출장했다. 양의지(두산)와 강민호(삼성)가 오래도록 굳혀온 KBO리그의 이른바 포수 양·강 체제를 이어갈 젊은 포수 대열에 이름을 올렸다. 허인서는 “첫 풀타임 시즌이다 보니 6월 초쯤 체력적으로 힘들다는 게 좀 느껴졌는데 지금은 적응해서 그런지 많이 괜찮아지고 있다”며 “양의지, 강민호 선배님은 지금까지 이루신 것도 많고 워낙 좋은 포수들이셔서 그분들의 뒤를 잇는다는 표현은 제가 과분하다. 그래도 앞으로 조금 더 잘하려고 노력해야 할 것 같다”고 말했다. 현재 KBO리그에서 2003년생 선수들이 황금 세대로 불린다. 김도영(KIA), 안현민·박영현(KT), 문동주(한화), 김영웅·이재현(삼성) 등 걸출한 이름들이 포진했다. 지난해까지는 1군 무대에서 별다른 활약이 없었던 허인서가 동갑내기들과 어깨를 나란히 하기 위한 힘찬 도약을 시작했다. 허인서는 “나이가 비슷한 동기들 중에 워낙 잘하는 선수들이 많다. 그래서 뒤처지지 않고 잘하려고 노력을 조금 더 많이 하는 것 같다”며 “포수로서 송구에서 스스로 생각해본 적이 단 한 번도 없는데 올해는 도루저지율이 낮은 편이다. 어떤 부분 때문인지를 생각해보고 코치님과 같이 연구하면서 많이 배워나가려고 한다”고 했다. 잠실 | 유새슬 기자 yooss@kyunghyang.com",https://v.daum.net/v/WhGuM8V7FX
2026.07.12 13:49,"일단 888억 받고→1년 후 5400억 추가…요키치, 종신 덴버맨+누적 ...",스포츠서울,"[스포츠서울 | 김동영 기자] 니콜라 요키치(31)가 덴버 너기츠와 재계약을 예고했다. 종신 덴버맨이다. 대신 지금은 아니다. 1년 후다. 낭만도 낭만이지만, 비즈니스는 또 비즈니스다. 초대형 계약이 터질 전망이다. 누적 연봉 1조원도 보인다. 요키치는 2014 NBA 드래프트 2라운드에서 덴버에 지명됐다. 결과는 초대박이다. 2015~2016시즌 데뷔했고, 2025~2026시즌까지 통산 22.2점 11.1리바운드 7.5어시스트를 기록 중이다. 이 기간 정규리그 MVP 3회, 올스타 8회, 올NBA 퍼스트팀 6회, 올NBA 세컨드팀 2회 등 수많은 업적을 쌓았다. 덕분에 덴버도 2022~2023시즌 파이널 우승을 품었다. 첫 우승이다. 팀을 상징하는 선수다. 당연히 연봉도 두둑하게 챙겨줬다. 루키 계약 3년 407만5500달러(약 61억원)로 시작했다. 첫 번째 연장계약은 5년 1억4771만50달러(약 2221억원)다. 당시 맥스 계약이다. 2022년 7월 추가 연장계약이 터졌다. 5년 2억7612만2630달러(약 4151억원)다. 이 계약이 지금까지 진행 중이다. 다가올 2026~207시즌이 4년째다. 연봉 5903만3114달러(약 888억원)를 받는다. 5년째는 6284만1702달러(약 945억원)에 달한다. 대신 이건 선수 옵션이다. 이 옵션을 실행하지 않을 전망이다. 그러면 FA가 된다. EPSN에 따르면 요키치는 “내 남은 선수 생활을 덴버에서 보내고 싶다”고 했다. FA 자격을 얻으면 당연히 다른 팀도 관심을 보일 전망이다. 리그 최고 센터로 군림하는 선수다. 패스 센스는 가드급이고, 외곽까지 쏜다. 느리다는 단점은 있으나, 다른 장점이 이를 커버하고도 남는다. 2026~2027시즌이 끝나도 32세로 많은 나이가 아니다. 그러나 선수가 덴버를 원한다. 남을 확률이 커 보인다. 동시에 덴버는 ‘원소속구단’의 강점이 있다. ‘슈퍼맥스 계약’을 줄 수 있다는 점이다. 요키치는 덴버와 5년 3억5950만달러(약 5405억원) 계약을 따낼 수 있다. NBA 역대 최대 규모 계약이다. 다른 팀으로 가면 4년이 최대치다. 당연히 금액도 적다. 1년 후 요키치가 덴버에 남으면, 누적 연봉이 7억2456만6478달러가 된다. 한화로 1조893억원에 달한다. 최초의 ‘1조원 선수’가 탄생하게 된다. 중계권료 상승과 글로벌 인기 등으로 구단이 쓸 수 있는 돈이 그만큼 많아졌다. 선수 연봉 인상으로 이어지고 있다. 요키치도 수혜자다. 당장 2025~2026시즌 평균 27.7점 12.9리바운드 10.7어시스트 올렸다. 단일시즌 리바운드왕과 어시스트왕을 동시에 차지한 NBA 역대 첫 번째 선수가 됐다. 또한 시즌 트리플 더블이다. 역대로 오스카 로버트슨-러셀 웨스트브룩만 성공한 기록이다. 요키치가 세 번째 선수가 됐다. 이렇게 잘하는데 계속 함께 가야 한다. 슈퍼맥스 계약이 아깝지 않다. raining99@sportsseoul.com",https://v.daum.net/v/ph1ZQf9USL
2026.07.12 13:44,"대구 3연승에 8경기째 무패 달성 ""앞날이 밝다""",매일신문,"프로축구 K리그2 대구FC의 상승세가 다시 불을 뿜고 있다. 대구FC는 지난 11일 오후 7시30분 홈인 대구 아이엠뱅크파크에서 열린 성남FC와의 경기에서 3대2로 승리를 가져갔다. 승점 3점을 또 챙긴 대구는 지난달 5일 파주프런티어FC를 1대0으로 이긴 이후 3연승을 기록했으며 8경기째 무패행진도 이어갔다. 세징야와 에드가 등 주전으로 활약하는 외국인 선수들이 부상으로 출전하지 못한 대구는 이날 선발 출전 선수를 모두 국내 선수로 채웠다. 전반전부터 대구는 공격진을 위로 올리며 성남을 압박했고, 성남은 대구의 자잘한 실수를 이용해 역습을 시도했다. 먼저 골을 기록한 건 성남. 전반 18분 대구는 프리킥 이후 흘러나온 공이 만든 성남의 찬스를 막아내지 못하며 성남 베니시오에게 한 골을 주고 말았다. 반격을 시도하던 대구는 전반 22분 성남 류준선이 김주공의 발을 밟아 키킹 파울이 선언, 패널티킥을 얻어냈다. 김주공은 직접 키커로 나서 오른발로 침착히 차 넣어 동점을 만들었다. 대구는 후반전을 공격에 집중했다. 후반전 시작부터 측면 돌파력이 좋은 세라핌이 교체 출전했다. 하지만 수비 집중력이 무너진 틈을 타 후반 3분 성남에게 또 다시 한 골을 내 주고 말았다. 전열을 가다듬은 대구는 후반 11분 성남 문전에서 세라핌과 최강민의 패스를 받은 류재문이 다시 골을 기록함으로써 동점을 만들었다. 이후 최성용 대구 감독은 박기현, 단레이, 한종무, 데커스 등 공격수를 대거 투입, 성남의 수비 돌파에 온 힘을 쏟았다. 이 작전은 후반 44분 빛을 발했다. 데커스의 패스를 받은 단레이가 오른발로 찬 슛이 성남의 골문 왼쪽 아래로 들어가며 역전골을 만들어냈다. 이 골은 단레이가 대구 이적 후 처음 기록한 골이 됐다. 단레이의 마지막 역전골을 끝으로 대구는 월드컵 휴식기 시작 직전 파주프런티어 FC와의 승리 이후 3연승을 이루며 상승세를 계속 유지했다. 최성용 감독은 ""전반 때 강도 높은 압박이 먹혀들다가 후반에 성남이 적응하면서 쉽지않은 경기가 됐고, 실점 상황이 크로스 수비에서 발생했는데 이 부분은 반성할 것""이라며 ""우리는 변하고 있고 승격이란 목표를 잊은적 없다. 끈질기게 승리할 수 있도록 노력하겠다""고 경기 소감을 밝히기도 했다.",https://v.daum.net/v/W8Q4p1XSUD
2026.07.12 13:42,"세광고, 청룡기 고교야구 첫 우승…전국대회 44년 만에 제패",연합뉴스,"(서울=연합뉴스) 장현구 기자 = 청주 세광고가 81회 청룡기 전국고교야구대회 겸 주말리그 왕중왕전에서 처음으로 우승 축배를 들었다. 세광고는 12일 서울 목동구장에서 벌어진 결승에서 경북고를 6-2로 따돌리고 정상에 올랐다. 세광고가 전국 대회에서 우승한 것은 '송골매' 송진우(전 한화 이글스)를 앞세워 1982년 황금사자기 대회를 제패한 이래 역대 두 번째이자 44년 만이다. 이 대회를 8번 석권해 경남고(9회)에 이어 최다 우승 횟수 2위를 달리는 경북고는 세광고 마운드에 막혀 준우승에 머물렀다. 세광고는 1회 서정휘의 좌전 적시타로 선취점을 낸 뒤 2회 볼넷 3개로 엮은 1사 만루에서 황동민의 희생플라이, 김우진의 2타점 우전 적시타를 묶어 3점을 보탰다. 0-4로 끌려가던 경북고는 5회 조채완의 좌중간 2루타, 최우준의 좌전 안타로 2점을 만회했다. 그러나 이어진 찬스에서 3루수 병살타가 나와 맥이 끊겼다. 세광고는 9회초 1사 2루에서 이상준의 중전 안타와 대타 황재윤의 우전 안타로 2점을 뽑아 쐐기를 박았다. 5회 구원 등판해 천금 같은 병살타를 유도한 세광고 박상민은 4⅔이닝 동안 안타 3개만 허용하고 무실점으로 역투해 우승을 결정짓는 승리 투수가 됐다. 최우수선수상은 세광고 2루수 서정휘에게 돌아갔다. 마산 용마고 유격수 노민혁은 타격상(타율 0.643·14타수 9안타), 타점상(15개), 도루상(8개), 홈런상(2개), 최다 득점상(12개) 5개 부문 상을 휩쓸었다. cany9900@yna.co.kr (끝) ▶제보는 카톡 okjebo",https://v.daum.net/v/QMIh1GyOGT
2026.07.12 13:31,메시 득점포 멈췄지만 ‘동생들’ 날았다…아르헨-잉글랜드 ‘앙숙’ 4강 격...,한겨레,"아르헨티나의 도파민 축구는 아직 끝나지 않았다. 리오넬 메시의 라스트 댄스도 계속된다. 아르헨티나는 12일(한국시각) 미국 미주리주 캔자스시티 경기장에서 열린 2026 북중미 월드컵 스위스와의 8강전에서 연장 혈투 끝에 3-1로 승리하며 4강에 올랐다. 아르헨티나는 오는 16일 미국 애틀랜타 경기장에서 잉글랜드와 결승 진출을 놓고 맞붙는다. 반면 스위스는 72년 만에 8강에 올랐지만, 아쉽게 무릎을 꿇으며 대회를 마무리했다. 아르헨티나는 전반 10분 만에 선제골을 넣으며 경기를 쉽게 풀어나가는 듯 했다. 아르헨티나 맥 알리스터는 메시가 올린 코너킥을 헤더로 마무리하며 스위스 골문을 흔들었다. 월드컵 10경기 연속골에 도전한 메시는 이날 비록 득점을 올리진 못했지만, 팀의 선제골을 도왔다. 0-1로 끌려간 스위스는 후반전 공세를 퍼부었고, 후반 22분 결국 단 은도이가 동점골을 만들었다. 페널티지역 왼쪽에서 리카르도 로드리게스와 일 대 일 패스를 주고받은 은도이가 오른발 슈팅으로 아르헨티나 골문을 열었다. 기세를 탄 스위스는 동점골 이후 아르헨티나를 거세게 몰아붙였지만, 브렐 엠볼로의 퇴장으로 순식간에 흐름이 끊겼다. 이미 경고 한 장을 갖고 있던 엠볼로는 비디오 판독 끝에 시뮬레이션 반칙으로 퇴장당했다. 수적 우위를 점한 아르헨티나는 후반 내내 공격을 퍼부었지만 스위스의 육탄 방어에 막혔고, 결국 승부는 연장으로 이어졌다. 연장에도 팽팽한 균형이 이어졌지만, 마지막에 웃은 건 아르헨티나였다. 아르헨티나는 연장 후반 7분 훌리안 알바레스의 추가골과 연장 후반 추가시간 1분 라우타로 마르티네스의 쐐기골로 경기를 매조지었다. 스위스는 수적 열세와 체력 저하를 끝내 극복하지 못한 스위스는 아쉽게 대회를 마쳤다. 손현수 기자 boysoo@hani.co.kr",https://v.daum.net/v/QsrtIwkLry
2026.07.12 13:24,"샌디에이고 송성문, 2타점 적시타에 호수비 맹활약",KBS,"미국프로야구 메이저리그(MLB) 샌디에이고 내야수 송성문이 공수에서 맹활약하며 팀의 승리를 이끌었습니다. 송성문은 오늘(12일) 미국 캘리포니아주 샌디에이고 펫코파크에서 열린 메이저리그 토론토와의 홈경기에 9번 타자 3루수로 선발 출전해 2타점 적시타와 시즌 11호 도루를 기록하며 팀의 8대 7 승리에 힘을 보탰습니다. 팀이 4 대 2로 뒤진 2회 첫 타석에서 볼넷으로 출루한 송성문은 후속 타자들의 연속 볼넷으로 3루까지 진루했고, 2사 만루에서 나온 매니 마차도의 2타점 적시타 때 홈을 밟아 동점 득점을 올렸습니다. 이어 4 대 4로 맞선 3회 2사 2, 3루에서는 토론토 왼손 불펜 아담 마코의 초구 슬라이더를 받아쳐 중전 적시타를 터뜨리며 주자 두 명을 모두 홈으로 불러들였습니다. 송성문은 이후 2루 도루에도 성공해 시즌 11번째 도루를 기록했습니다. 송성문은 올 시즌 도루 시도 13번 가운데 11개를 성공시키며 뛰어난 주루 감각도 뽐냈습니다. 활약은 수비에서도 이어졌습니다. 핫코너를 지키던 송성문은 4회 초 2사 1, 3루 위기에서 조지 스프링어의 좌익선상으로 향하는 타구를 몸을 날려 잡아내며 실점을 막았습니다. 송성문은 이후 5회 좌익수 뜬공, 7회 3루수 뜬공으로 물러나며 3타수 1안타 2타점 1볼넷 1득점 1도루를 기록했고, 시즌 타율은 0.217로 소폭 상승했습니다. [사진 출처 : AP=연합뉴스] ■ 제보하기 ▷ 전화 : 02-781-1234, 4444 ▷ 이메일 : kbs1234@kbs.co.kr ▷ 카카오톡 : 'KBS제보' 검색, 채널 추가 ▷ 유튜브, 네이버에서도 KBS뉴스를 구독해주세요! 이무형 기자 (nobrother@kbs.co.kr)",https://v.daum.net/v/ULI3ENoMSa
2026.07.12 13:09,"장타·마운드 빛난 KIA, 전반기 4위…세밀함은 숙제",광주매일신문,"[광주매일신문= 주홍철 기자] 프로야구 KIA 타이거즈가 전반기를 4위로 마쳤다. KIA는 전반기 86경기에서 45승 39패 2무, 승률 0.536을 거뒀다. 선두 삼성과는 6.5경기 차다. 3위 KT에는 3경기 뒤졌다. 5위 두산에는 1.5경기 앞섰다. 강점은 확실했다. KIA는 전반기 홈런 101개를 터뜨렸다. 10개 구단 가운데 유일하게 세 자릿수 홈런을 기록했다. 장타율은 0.428로 리그 2위다. 2루타는 150개로 가장 많았다. 김도영이 타선을 이끌었다. 전반기 86경기에 모두 출전해 타율 0.298, 27홈런, 74타점을 올렸다. 홈런 부문에서는 LG 오스틴과 공동 선두에 올랐다. 후반기에는 생애 첫 홈런왕에 도전한다. 나성범도 타율 0.295, 17홈런으로 중심 타선을 지켰다. 김호령과 박재현은 팀 내 안타 2위와 3위를 차지하며 힘을 보탰다. 다만 팀 타율은 0.269로 7위에 머물렀다. 장타력은 강했지만 공격의 연결은 매끄럽지 않았다. 병살타가 발목을 잡았다. 전반기 병살타 70개로 리그 최다다. 결정적인 기회에서 공격의 맥이 끊기는 장면도 반복됐다. 적극적인 주루도 부족했다. 도루 시도는 60차례로 리그에서 두 번째로 적었다. 다만 50차례 성공해 성공률은 83.3%에 달했다. 마운드는 상위권을 지켰다. KIA의 팀 평균자책점(ERA)은 4.28로 리그 3위다. 선발진은 4.12, 불펜은 4.50이다. 모두 상위권이다. 선발진에서는 올러가 에이스 역할을 했다. 99⅓이닝을 던져 평균자책점 2.36을 기록했다. 탈삼진은 108개다. 네일도 102⅔이닝을 소화했다. 평균자책점은 3.77이다. 불펜에서는 조상우가 중심을 잡았다. 35⅓이닝에서 평균자책점 1.53으로 호투했다. 마무리에서는 성영탁이 12세이브를 올리며 제 몫을 했다. 계투진은 52홀드를 쌓으며 허리 싸움에서도 힘을 보탰다. 그러나 전반기 막판에는 불안했다. 최근 10경기 불펜 ERA는 6.48까지 치솟으며 하위권으로 내려갔다. 필승조와 추격조를 가리지 않고 부진했다. 결국 KIA는 집단 마무리 체제로 전환했다. 수비에서는 상대의 발을 제대로 묶지 못했다. KIA는 전반기 78개의 도루를 허용했다. 리그에서 가장 많았다. 도루 저지율도 16.1%로 최하위다. 그라운드 밖에서는 뜨거운 흥행 열기가 이어졌다. 올 시즌 KBO 리그는 전반기 424경기에 763만3천775명의 관중을 동원했다. 역대 전반기 최다 관중이다. 지난해의 758만228명을 넘어섰다. 평균 관중은 1만8천4명으로 전년보다 7% 증가했다. KIA도 흥행의 중심에 있었다. 전반기 광주 기아챔피언스필드에서 열린 홈 42경기에 75만7천324명이 입장했다. 지난해 같은 홈 42경기의 70만4천767명보다 7% 늘었다. 경기당 평균 관중도 1만6천780명에서 1만8천32명으로 증가했다. 매진 행렬도 이어졌다. 홈 42경기 가운데 25경기가 매진됐다. 특히 주말 20경기는 모두 관중석이 가득 찼다. 구단 한 시즌 최다인 30차례 매진까지는 5경기만 남았다. 전반기 KIA는 장타력과 마운드의 힘으로 중위권을 지켰다. 김도영은 홈런 공동 선두에 올랐다. 안방 열기도 지난해보다 뜨거웠다. 반면 세밀함에선 아쉬움을 남겼다. 병살타와 적은 도루 시도, 낮은 도루 저지율은 보완 과제다. 전반기 막판에는 뒷문까지 흔들렸다. 후반기에는 약점을 얼마나 줄이느냐가 중요하다. 드러난 빈틈을 메운다면 더 높은 곳을 바라볼 수 있다. jhc@kjdaily.com",https://v.daum.net/v/ykQOAoiPkZ
2026.07.12 13:01,"세광고, '전통의 강호' 경북고 꺾고 청룡기 첫 우승...송진우 이후 4...",스포츠조선,"[목동=스포츠조선 정현석 기자]세광고가 전통의 강호 경북고를 꺾고 청룡기 첫 우승을 차지했다. 세광고는 12일 목동구장에서 열린 제81회 청룡기 전국고교야구선수권대회 겸 주말리그 왕중왕전(조선일보·스포츠조선·대한야구소프트볼협회 공동 주최) 경북고와의 결승전에서 6대2로 승리하며 1954년 창단 후 청룡기 첫 우승을 완성했다. 세광고는 송진우가 이끌던 1982년 황금사자기 우승 이후 44년 만에 전국대회 두번째 우승을 차지하는 감격을 누렸다. 세광고는 황동민(3루수) 김우진(유격수) 전영훈(포수) 이상준(우익수) 서정휘(2루수) 이시윤(1루수) 장성욱(지명타자) 이성준(좌익수) 이승기(중견수)로 선발라인업을 꾸렸다. 선발투수는 잠수함 김동유. 세광고 방진호 감독은 경기 전 ""4번 이홍석이 출전하지 못한다. 지난 준결승전 사구에 손을 맞아 골절로 다음주에 수술을 해야 하는 상황""이라며 ""출전하는 선수들이 홍석이 마음까지 담아서 열심히 잘 해줄 것으로 믿는다""고 기대했다. 이홍석은 이번 대회에서 14타수 7안타(1홈런) 5할 타율을 기록한 타선의 중심이었다. 이에 맞서 경북고는 석지호(2루수)조채환(중견수) 최우준(유격수) 엄태욱(포수) 이한진(지명타자) 강태현(우익수) 이원혁(3루수) 피지윤(좌익수) 성민승(1루수)로 선발 라인업을 꾸렸다. 선발투수는 정환희. 경북고 이준호 감독은 경기 전 ""강연우가 전주고와의 8강전 때 102구를 던져 오늘 등판할 수 없다""고 아쉬워 했다. 강연우는 전주고전에 구원 등판, 6이닝 동안 2안타, 4사구 2개 무실점 역투로 3대2 승리를 이끈 바 있다. 경북고는 에이스 없이, 세광고는 4번타자 없이 치러진 결승전. 기선제압은 세광고의 몫이었다. 1회초 1사후 김우진의 볼넷에 이어 청소년 대표 포수 정영훈의 우전안타로 1,2루 찬스를 열었다. 경북고 선발 정환희의 폭투로 2사 2,3루에서 서정휘의 적시타로 선취점을 올렸다. 2루주자도 홈을 노렸지만, 좌익수 피지윤의 빨랫줄 송구로 홈에서 태그아웃. 세광고 타선은 2회초에도 경북고를 거세게 몰아붙였다. 볼넷 3개로 만든 1사 만루에서 바뀐 투수 우주영을 상대로 황동민이 중견수 쪽 희생플라이를 날려 2-0을 만들었다. 이어진 2사 2,3루에서 김우진의 2타점 우전 적시타로 4-0까지 점수 차를 벌렸다. 세광고 선발 김동유에 막혀 무득점으로 끌려가던 경북고는 5회말 반격에 나섰다. 대타 김건록이 몸에 맞는 볼로 출루한 뒤 도루에 이어 조채완의 적시 2루타 때 홈을 밟아 1-4. 최우준이 바뀐 투수 박상민을 상대로 좌전적시타를 날리며 2-4로 추격했다. 세광고는 4-2로 앞선 9회초 1사 2루에서 이상준의 중전 적시타와 이어진 2사 1,2루에서 터진 대타 황재윤의 적시타로 2점을 보태며 쐐기를 박았다. 세광고 잠수함 선발 김동유는 4⅓ 이닝 동안 56구(스트라이크 37구)를 던지며 6안타 1사구 2탈삼진 2실점 역투로 승리를 이끌었다. 박상민이 4⅔이닝 3안타 1볼넷 1탈삼진 무실점 역투로 승리를 완성했다. 세광고는 고비마다 유격수 김우진과 3루수 황동민, 2루수 서정휘의 탄탄한 내야진이 그물망 수비를 선보이며 경북고 타선의 추격 흐름을 막았다. 경북고 두번째 투수 우주영은 6⅓이닝 동안 3안타 4탈삼진 무실점으로 추격의 발판을 마련했지만 타선이 힘을 내지 못했다. 세광고 2루수 서정휘가 최우수선수상을 받았고, 박상민이 우수투수상을 받았다. 좋은 수비를 펼친 김우진은 수훈상의 주인공이 됐다. 경북고 우주영은 감투상을, 경북고 유격수 최우준은 11안타로 최다안타상을 받아다. 한편, 마산용마고 유격수 노민혁은 타격상(0.643), 타점상(15타점), 도루상(8도루), 홈런상(2홈런) 최다득점상(12득점)을 휩쓸며 5관왕에 올랐다. 정현석 기자 hschung@sportschosun.com",https://v.daum.net/v/4aXCJx6buo
2026.07.12 13:01,“박민우·박해민·김지찬·정준재·황성빈·정현창…홈런 잘 치는 사람들이 홈런...,마이데일리,"[마이데일리 = 잠실 김진성 기자] “홈런 잘 치는 사람들이 홈런레이스 하면 재미없어요.” NC 다이노스 간판 내야수 박민우(33)가 11일 서울 잠실구장에서 열린 올스타전을 앞두고 위와 같이 말했다. 박민우는 이미 작년에도 이 내용을 언론에 얘기했다면서, KBO가 반영해주지 않았다고 아쉬움을 표했다. 올스타전의 꽃은 역시 홈런더비다. 올해 KBO는 기존 OUT제에 시간제를 더해 흥미만점 이벤트를 완성했다. 박민우의 제안은 여기서 한 단계 나아갔다. 기왕 올스타전 자체가 팬 서비스 컨텐츠라면, ‘번외’ 올스타 홈런더비도 만들 필요가 있다는 생각이다. 박민우는 “내가 작년에도 홈런 레이스를 얘기했거든요. 홈런 잘 치는 사람들이 홈런 레이스를 해봐야 재미없다고”라고 했다. 취재진에서 폭발적인 반응이 나오자 “박민우, 박해민(LG 트윈스), 김지찬(삼성 라이온즈), 정준재(SSG 랜더스), 황성빈(롯데 자이언츠), 정현창(KIA 타이거즈). 제가 지금 팀 별로 한명씩 생각하고 있거든요”라고 했다. 홈런을 평소에 많이 못 치는 선수들이 홈런레이스를 하면 정말 예측 불가능한 내용과 결과로 팬들을 사로잡을 수 있다는 게 박민우의 생각이다. 그는 “컨택에 집중하는 선수들끼리 해야 재미있다. KBO에 건의하는 거예요”라고 했다. 박민우의 이색제안은 기본적으로 대찬성이다. 올스타전도 패러다임의 대전환이 필요하다. 박민우는 자신을 비롯한 컨택 위주의 타자들도 마음을 먹으면 홈런을 칠 수 있다면서, 프로 1군타자라면 홈런을 못 치는 건 아니라고 분명히 밝혔다. 박민우는 “제가 뭐 진짜 마음먹고 홈런 치려고 그러면 솔직히 칠 수 있다. 진짜 시즌 두 자릿수 홈런도 치지 않을까요. 마음먹고 치면 타율을 포기하고 칠 수 있다”라고 했다. 물론 그는 “뭐 KBO가 다 반영해줄 수는 없겠죠. 재미로, 번외로 그런 것도 좀 재밌지 않을까요”라고 했다. 그런데 박민우는 여기서 소소하게(?) 양념을 좀 쳤다. 웃더니 “대신 이제 잠실이나 고척은 좀 빼고, 홈런이 조금 많이 나오는 구장에서…”라고 했다. 잠실과 고척은 대표적인 투수친화적 구장이다. 다시 말해 박민우의 아이디어를 실현하려면 올스타전의 인천이나 대구 개최가 제일 좋다.",https://v.daum.net/v/KYbiz0tWES
2026.07.12 13:01,송진우 선배 보고 계십니까…세광고 청룡기 우승! 44년 만에 전국대회 정...,스포티비뉴스,"[스포티비뉴스=목동, 신원철 기자] 송진우가 활약한 1982년 황금사자기 우승이 마지막 전국대회 우승으로 남아있던 세광고등학교가 44년 만에 정상에 올랐다. 청룡기 최다 우승에 도전한 전통의 강호 경북고등학교를 꺾었다. 세광고는 12일 서울 목동야구장에서 열린 제81회 청룡기 전국고교야구선수권대회 경북고와 결승전에서 6-2로 이겼다. 2회까지 4점을 내며 기세를 올리다 3회부터 8회까지는 추가점이 나오지 않았다. 대신 김동유 박상민이 버틴 마운드와 탄탄한 내야 수비로 경북고의 추격을 막았다. 타선은 2학년 중심타자 이홍석이 빠진 상황에서도 필요할 때 점수를 뽑았다. 9회에는 대주자 대타 기용이 모두 적중하며 승기를 굳힐 수 있었다. 세광고는 상동고와 청담고, 강릉고와 배명고를 차례로 꺾고 결승에 진출했다. 이 4경기에서 43득점 9실점(8자책점), 경기당 평균 8.5점차 승리를 거둘 만큼 투타 조화가 좋았다. 경북고는 대전고와 공주고, 대구고와 전주고에 이어 마산용마고를 잡고 올라왔다. 두 차례 1점 차 접전을 이겨냈고, 준결승전에서는 마산용마고에 17-6 대승을 거두고 타격감까지 끌어올렸다. 세광고가 선취점을 냈지만 세 번째 아웃이 홈에서 발생하면서 1점에 만족해야 했다. 2사 2, 3루에서 서정휘의 우전 적시타가 터졌다. 이때 경북고 우익수 피지윤이 2루주자였던 전영훈을 홈에서 잡았다. 2회에도 세광고의 득점이 나왔다. 볼넷 3개로 1사 만루 기회가 만들어졌고, 황동민이 중견수 희생플라이로 2-0을 만들었다. 계속된 2사 2, 3루에서는 김우진이 2타점 적시타를 날려 점수를 4-0으로 벌렸다. 3회말 수비에서는 키스톤 콤비의 탄탄한 수비력이 돋보였다. 석지호의 안타성 타구를 2루수 서정휘가 점프 캐치로 처리했다. 조채완과 엄태욱의 3유간 깊은 타구는 2학년 유격수 김우진이 몸을 날려 잡아줬다. 4회초에는 경북고가 무사 3루 위기를 극복했다. 우주영이 선두타자 이승기에게 우익수 쪽 3루타를 맞았는데, 이후 상위 타순을 상대로 아웃카운트를 올리면서 실점을 막았다. 경북고는 5회초까지 삼자범퇴로 막고 5회말 공격에서 2점을 만회했다. 선두타자로 나온 대타 김건록이 몸에 맞는 공으로 출루한 뒤 2루를 훔쳤다. 1사 2루에서 조채완의 좌중간 적시 2루타, 최우준의 좌전 적시타가 이어지면서 2-4로 추격했다. 5회 경북고의 추격 이후 한동안 소강상태가 이어졌다. 6회와 7회는 양 팀 모두 득점 없이 끝났다. 8회말에는 앞서 기회에서 침묵하던 경북고 4번타자 엄태욱이 김우진의 수비를 뚫고 안타를 치고 나갔다. 그러나 이한진이 3루수 병살타를 치면서 세광고가 오히려 기세를 올릴 수있었다. 세광고는 9회초 1사 2루에서 이상준의 중전 적시타로 쐐기점을 뽑았다. 세광고는 2학년 유격수 김우진의 멀티히트 4출루 2타점 공수 활약이 돋보였다. 선발 김동유가 4⅓이닝 2실점을 기록한 뒤 박상민이 나머지 이닝을 실점 없이 책임졌다. 경북고는 세광고에 10개의 4사구를 내주면서 어려운 경기를 했다. 두 번째 투수로 나온 우주영의 6⅓이닝 무실점 역투로 버텼지만 9회초 2실점이 뼈아팠다. <저작권자 ⓒ SPOTV NEWS. 무단전재 및 재배포 금지>",https://v.daum.net/v/8w5VHTlwvp
2026.07.12 13:00,"72년 기다린 첫 청룡… 세광고, 경북고 꺾고 정상",조선일보,"충북의 맹호 세광고가 창단 이후 처음으로 청룡기 우승기를 들었다. 세광고는 12일 서울 목동야구장에서 열린 제81회 청룡기 전국고교야구선수권대회 겸 주말리그 왕중왕전(조선일보·스포츠조선·대한야구소프트볼협회 공동 주최) 결승에서 경북고를 6대2로 꺾었다. 1954년 창단 이후 72년 만에 이룬 첫 청룡기 우승이다. 주요 전국대회 정상에 오른 것도 송진우가 2학년 에이스로 활약했던 1982년 황금사자기 이후 44년 만이다. 세광고는 경기 초반부터 경북고 마운드를 몰아붙였다. 1회초 1사 1·2루에서 전영훈의 안타로 기회를 이어갔고, 2사 2·3루에서 서정휘가 좌전 적시타를 때려 선취점을 냈다. 2루 주자까지 홈을 노렸지만 경북고 좌익수 피지윤의 정확한 송구에 잡히며 한 점에 만족했다. 2회초에는 타선의 집중력이 빛났다. 이시윤의 볼넷과 장성욱의 희생번트, 이성준과 이승기의 볼넷으로 1사 만루를 만들었다. 경북고가 선발 정환희 대신 사이드암 우주영을 투입했지만 황동민이 중견수 희생플라이를 날려 2-0으로 달아났다. 이어 김우진이 1·2루 사이를 빠져나가는 2타점 적시타를 터뜨렸다. 상대 우익수의 홈 송구 실책까지 겹쳐 김우진은 3루까지 갔고, 점수는 4-0이 됐다. 세광고 선발 김동유도 경북고 타선을 효과적으로 막았다. 오른손 언더핸드인 김동유는 떠오르는 듯한 공과 변화구를 섞어 4회까지 무실점으로 버텼다. 2회 1사 1·2루에서는 피지윤을 헛스윙 삼진으로 잡은 뒤 성민승을 유격수 땅볼로 처리했다. 4회에도 선두 타자 이한진에게 안타를 맞았지만 후속 타자 세 명을 범타로 돌려세웠다. 경북고는 5회말 추격을 시작했다. 대타 김건록이 몸에 맞는 공으로 출루한 뒤 조채완이 유격수 키를 넘기는 적시 2루타를 날려 한 점을 만회했다. 세광고는 1사 2루에서 박상민을 투입했다. 최우준이 좌전 적시타를 쳐 4-2까지 따라붙었지만, 박상민은 경북고 4번 타자 엄태욱을 3루수 병살타로 잡아 흐름을 끊었다. 김동유는 4와 3분의 1이닝 동안 6피안타 2탈삼진 2실점을 기록했다. 세광고는 이후 탄탄한 수비로 두 점 차 리드를 지켰다. 박상민은 6회 경북고 중심 타선을 삼자범퇴로 막았고, 7회 1사 1·2루에서도 조채완과 최우준을 범타 처리했다. 8회에는 선두 타자 엄태욱에게 안타를 맞았지만 내야진이 병살 플레이를 완성해 위기를 지웠다. 경북고 우주영의 역투도 돋보였다. 우주영은 2회 1사 만루에서 구원 등판해 8회 2사까지 6과 3분의 1이닝을 3피안타 5사사구 4탈삼진 무실점으로 막았다. 4회에는 이승기에게 비디오 판독 끝에 3루타를 허용했지만 후속 타자 세 명을 처리했고, 6회 2사 만루에서도 이상준을 중견수 뜬공으로 잡았다. 7회에는 유격수 최우준의 호수비까지 더해 세 타자로 이닝을 끝냈다. 팽팽하게 이어지던 승부는 9회초 세광고 쪽으로 완전히 기울었다. 선두 타자 김우진이 좌중간 안타를 때렸고, 전영훈의 유격수 땅볼로 만든 1사 2루에서 이상준이 내야를 꿰뚫는 적시타를 날렸다. 서정휘의 볼넷으로 다시 1·2루 기회를 이어간 세광고는 대타 황재윤의 우전 적시타로 한 점을 더 보태 6-2로 달아났다. 세광고 박상민은 9회말 경북고의 마지막 공격을 막고 창단 첫 청룡기 우승을 확정했다. 박상민은 이번 대회 4경기에서 1승, 평균자책점 0.82를 기록해 우수투수상을 받았다. 세광고 3학년 2루수 서정휘는 결승에서 4타수 2안타 1타점으로 활약했다. 이번 대회 타율 0.529(17타수 9안타), 7타점 7득점을 기록하며 최우수선수(MVP)로 선정됐다. 이번 대회에 출전한 5경기 모두 안타를 기록했다. 그는 “시즌 초에는 뭔가 보여줘야 한다는 욕심 때문에 부담을 느꼈다”며 “마음을 내려놓고 내 플레이를 보여주려고 하니 좋은 결과가 나왔다”고 말했다. 이어 “모두가 한 팀이 된 덕분에 우승이라는 기쁜 결과를 내놓을 수 있었다”면서 “우리 팀 중견수 2학년 이홍석이 결승 직전 부상으로 빠져서 안타까웠는데, 얼른 다시 야구를 함께 재밌게 했으면 좋겠다”고 덧붙였다. 4강전까지 2학년임에도 4번 타자를 맡은 이홍석은 타율 0.500(14타수 7안타), 1홈런 6타점 7득점을 올렸다. 중견수로 출전하면서 내야수도 맡다가 투수로 등판할 수 있는 다재다능한 선수였지만, 결승 직전 손을 다치면서 부상으로 라인업에서 빠졌다. 서정휘는 올 시즌 목표로 타율 0.350, 2홈런, 20타점, 30도루를 세웠다. 그는 “팀의 목표였던 우승을 이뤘으니 이제 남은 목표는 프로 지명”이라며 “프로에 가서 차근차근 배우고 최대한 빨리 1군에 올라가고 싶다”고 했다. 결승에서 3타수 2안타 2타점을 올린 김우진은 수훈상 주인공이 됐다. 경북고 우주영은 감투상을 받았다. 준결승에서 경북고에 패한 마산용마고 노민혁은 타격상과 타점·도루·홈런·득점상을 휩쓸었다. 세광고의 종전 청룡기 최고 성적은 2020년 4강이었다. 2023년 봉황대기에서도 결승에 올랐지만 대구고에 연장 끝에 패해 준우승에 머물렀다. 올해는 상동고와 청담고, 강릉고, 배명고를 연파한 뒤 결승에서 청룡기 8회 우승팀 경북고까지 넘어섰다. 통산 아홉 번째 우승에 도전했던 경북고는 타선이 두 점에 묶이며 준우승에 머물렀다. 결승을 앞두고 “창단 후 처음 오른 청룡기 결승이다. 이제 뒤는 없다. 우승 트로피를 꼭 들고 싶다”고 했던 방진호 세광고 감독의 바람은 현실이 됐다. 방 감독은 경기 후 “첫 결승에 올라 청룡기를 가져갈 수 있다는 게 기쁘고, 우리 선수들이 열심히 해주고 잘해줘서 우승할 수 있었다”면서 “1학년 때부터 체계적으로 이제 기회를 주면서 성장을 시켰기 때문에 내년에도 잘 할 거라고 기대한다”고 말했다. 이어 “창단 첫 청룡기를 품에 안아 학교 전체의 염원을 풀 수 있어 기쁘다”면서 “동문들과 재학생들이 한 목소리로 응원해준 덕분에 해냈다”고 덧붙였다. 송진우와 장종훈 등 한국 야구의 스타들을 배출한 충북 야구의 전통 명문 세광고가 72년의 기다림 끝에 청룡기의 새로운 주인으로 이름을 올렸다.",https://v.daum.net/v/HiAfXySrXk
2026.07.12 12:48,"고우석, MLB 데뷔 첫 홀드…에인절스전 1이닝 무실점",매일경제,미국프로야구 메이저리그(MLB)에서 30번째 한국 선수로 출전한 고우석(미네소타 트윈스)이 데뷔 두 번째 등판에서 팀 승리에 징검다리를 놓는 무실점 투구로 첫 홀드를 수확했다. 고우석은 12일(한국시간) 미국 미네소타주 미니애폴리스 타깃 필드에서 열린 2026 MLB 정규리그 LA에인절스와 홈 경기에서 소속팀 미네소타가 5대3으로 앞선 8회초 구원 등판해 1이닝 1피안타 1볼넷 무실점을 기록했다. 팀의 2점 차 우위를 지킨 고우석은 미네소타가 그대로 5대3 승리로 끝내면서 메이저리그 데뷔 후 첫 홀드를 기록했다. 고우석은 지난 10일 클리블랜드 가디언스전에서 MLB 데뷔전을 치렀다. 첫 등판 때 1이닝 1피안타 1탈삼진 1실점을 기록했던 고우석은 두 번째 등판에서 직구 최고 구속 96.2마일(약 154.8㎞) 등 빠른 공을 앞세워 무실점 경기를 펼쳤다.,https://v.daum.net/v/6XthpSCEW0
2026.07.12 12:40,"4안타 1타점 3득점 맹활약, 올스타전 날아다녔는데 왜 MVP 놓쳤나 “...",OSEN,"[OSEN=잠실, 길준영 기자] 프로야구 한화 이글스 문현빈(22)이 아쉽게 올스타전 MVP를 놓쳤지만 팀 동료 허인서(23)의 MVP 수상을 진심으로 축하했다. 문현빈은 11일 서울 잠실구장에서 열린 ‘2026 신한 SOL KBO 올스타전’ 나눔 올스타 6번 우익수로 선발출장해 5타수 4안타 1타점 3득점으로 활약했다. 2회말 선두타자로 나서 안타를 날리며 기분좋게 올스타전을 시작한 문현빈은 4회 무사 1루에서도 안타를 날리며 찬스를 연결했다. 6회에도 안타를 때려낸 문현빈은 8회 1타점 3루타를 터뜨리며 4안타 경기를 완성했다. 문현빈은 경기 후 인터뷰에서 “우리 홈 구장은 아니지만 한국 프로야구의 역사가 녹아 있는 잠실야구장에서 열리는 마지막 올스타전에서 좋은 모습 보여드렸다는 의미가 있고, 우리 팀이 상을 싹슬이해서 기분이 좋다”고 올스타전 소감을 전했다. 팀 동료 허인서와 나란히 이날 경기 4안타를 기록한 문현빈은 장타가 있는 만큼 충분히 올스타전 MVP를 노려볼 수 있었다. 하지만 MVP 투표 시점이 허인서가 4안타를 친 직후였고 이미 허인서로 표가 몰린 상황이었기 때문에 문현빈은 2위에 머무를 수밖에 없었다. 대신 문현빈이 우수타자상을 수상했다. 문현빈은 “투표 시점에 대한 얘길 들었는데 내가 어떻게 할 수 있는 부분이 아니기 때문에 거기에 대해서는 할 말이 없다”면서 “(MVP를 수상한 허인서를) 너무 축하하고 경기 중엔 사실 경쟁이었기 때문에 그 생각으로 더 재밌었다. 오늘 올스타전 계기로 같이 시즌도 마무리를 잘 했으면 좋겠다”며 허인서의 MVP 수상을 축하했다. 올 시즌 80경기 타율 2할8푼8리(319타수 92안타) 9홈런 50타점 52득점 6도루 OPS .839를 기록한 문현빈은 성공적으로 전반기를 마무리했다. 한화도 전반기 마지막 경기에서 승리하며 5할 승률을 맞췄다. 문현빈은 “승률 5할로 전반기를 마무리 했다. 가을야구 싸움 이어가고 있는 만큼 후반기 시작부터 치고 올라가서 좋은 성적을 거두고 싶다”며 후반기 각오를 다졌다. /fpdlsl72556@osen.co.kr",https://v.daum.net/v/06o1sie4Cy
2026.07.12 12:40,"마산용마고, 청룡기 4강서 고배",경남도민일보,"마산용마고등학교가 제81회 청룡기 전국고교야구선수권대회 4강에서 탈락했다. 마산용마고는 10일 서울 양천구 목동야구장에서 열린 경북고와의 4강전에서 6-17로 패했다. 이날 경기는 초반부터 난타전 양상으로 흘렀다. 1회 초 마운드에 오른 마산용마고 안혁석은 4타자를 상대하는 동안 안타, 볼넷, 몸 맞는 공에 이어 싹쓰리 3루타를 내주며 3실점 했다. 마산용마고는 곧바로 투수를 신승환으로 교체하며 추가 실점 없이 급한 불을 껐다. 마산용마고는 1회 말 공격에서 곧바로 반격에 나섰다. 선두 타자 조찬혁이 3루수 실책으로 출루했고 이후 최만상, 차은성이 연속 안타를 치며 2득점을 올렸다. 2회 초를 무실점으로 막은 마산용마고는 2회 말 공격에서 경기를 뒤집었다. 1사 이후 박찬영이 내야 안타, 김창헌이 볼넷, 탁준휘가 또다시 내야 안타를 치며 기회를 만들었다. 여기에 상대 송구 실책도 겹치며 마산용마고는 2회 말에만 3점을 올렸다. 경기는 5-3, 마산용마고가 앞서갔다. 역전 기쁨은 거기까지였다. 이후 마산용마고는 올라오는 투수마다 난조를 보이며 3회 3점, 4회 2점, 5회 4점, 6회 1점, 7회 3점, 8회 1점을 내주는 등 3회부터 8회까지 계속해서 실점했다. 이날 등판한 투수 8명 가운데 무실점을 기록한 선수는 9회에 마운드에 오른 정재민이 유일했다. 타선도 1회와 2회 외에 5회 1득점을 올리는 데 그치면서 무기력한 모습을 보였다. 마산용마고는 이번 대회 초반 강력한 타격과 탄탄한 마운드로 우승 후보로 꼽혔지만, 결승 문턱을 넘지 못한 채 대회를 마무리했다. 마산용마고의 창단 첫 전국대회 우승도 다음을 기약하게 됐다. /박신 기자",https://v.daum.net/v/1Y5In9B35u
2026.07.12 12:37,"치명적인 주루 실수, 그 후…박재현 “자책 많이 하고 있었는데”",스포츠경향,"데뷔 2년 차 박재현(20·KIA)은 올해 첫 풀타임 시즌을 뛰면서 기대 이상의 활약을 이어가고 있다. 개막전 엔트리에 들었고 금방 선발 라인업에 이름을 올리더니 하위 타순에서 테이블세터까지 올라갔다. 전반기 82경기 타율이 0.283(304타수 86안타), 장타율 0.418이다. 그 덕분에 지난해 퓨처스리그(2군) 올스타전에 참가했던 박재현은 올해 1군 올스타전에도 참가하는 영예를 누렸다. 감독 추천 선수도 아니고 팬 투표와 선수단 투표 결과를 합산한 베스트 12로 합류했다. 올스타전이 열린 잠실구장에서 만난 박재현은 “퓨처스 올스타보다 사람도 더 많고 이제 실감이 나는 것 같다. 올해 올스타에 올 수 있으리라고는 진짜 상상도 못했다”며 “올해 이렇게 1군에서 경기에 나갈 수 있을 거라는 생각도 안 하고 있었다. 뭔가 잘 풀려서 경기도 계속 나가고 올스타에도 오게 돼 영광스럽다”고 말했다. 첫 풀타임 시즌을 치르는 선수들은 날씨가 무더워지는 여름에 체력 문제로 부침을 겪는 경우가 많다. 박재현도 그랬다. 지난 3~4월 타율이 0.280이었고 5월에는 월간 타율 0.330으로 펄펄 날았는데 6월에는 타율 0.222로 떨어졌다. 그래도 7월 7경기는 타율 0.333으로 기량을 회복한 채 전반기를 마쳤다. 박재현은 “체력적인 문제였다. 아무래도 계속 경기를 나간 게 처음이다 보니, 6월에는 어쩔 수 없이 한 번씩 힘든 시기가 올 거라고 주변에서도 말씀을 해주셨다. 체력 영향이 있었던 것 같다”고 했다. 가파른 성장만큼이나 성장통도 컸을 터, 최근 박재현은 치명적인 실수로 힘든 시간을 보냈다. 지난 4일 NC전에서 팀이 4-5로 추격하던 9회말 박재현은 선두타자로 3루타를 치고 나갔다. 1사 3루에서 김호령의 외야 플라이 타구를 띄웠는데 박재현은 3루 베이스를 리터치하지 않은 채 그대로 홈으로 달리다가 다시 3루로 빠르게 되돌아가 간신히 아웃을 면했다. 태그업을 정상적으로 했다면 동점이 됐을 것이고 결과는 어떻게 됐을지 모른다. KIA는 해당 경기를 4-5 그대로 졌다. 이 때문에 일각에서는 박재현이 2사로 착각한 채 그냥 달린 것이 아니냐는 추측이 있었지만 박재현은 고개를 저었다. 박재현은 “콘택트 플레이를 하려고 했다. 공이 타자의 배트에 맞자마자 바로 홈으로 뛸 생각이었다”며 “공이 떠서 멈췄어야 했는데 그냥 홈으로 뛰려고 했던 것”이라고 말했다. 당시 경기 중 이범호 KIA 감독은 물론이고 KIA 선수들도 황당해하는 모습이 잡혔을 정도로 파장이 컸다. 하지만 경기를 마치고 선배들은 막내에게 진솔한 조언을 건넸다. 박재현은 “형들이 그런 실수는 차라리 지금 나오는 게 훨씬 낫다고 말씀해주셨다. 그 장면을 다시 보기로 보고 느끼고 다시는 반복하지 않으면 된다고 강조해주셨다”고 돌아봤다. 박재현은 이튿날인 5일 NC전이 우천 취소되자 속죄의 우천 세리머니를 했다. 방수포 위에 올라가 3루 관중석을 향해 큰절을 한 뒤 3루 베이스 쪽으로 향했다. 이내 스킵 동작을 하다가 3루로 되돌아가 베이스를 밟은 뒤, 외야를 잠시 지켜보다가 홈을 향해 달리면서 슬라이딩을 했다. 자신이 전날 해야 했던 플레이를 우천 세리머니로 재밌게 표현한 것이다. 이로써 박재현의 치명적인 본헤드 플레이는 하루 만에 KIA 팬들, 선수들에게 웃어넘길 수 있는 추억 거리가 됐다. 박재현은 “팬분들께도 다시는 보여선 안 될 플레이를 했다. 자책을 많이 하고 있었다”며 “5일 경기가 취소되고 나성범 선배님이 ‘이 자리를 빌려 사죄하라’고 말씀해주셨다. 그 말을 듣고 나가서 죄송하다는 의미로 세리머니를 했다”고 했다. 박재현의 표현대로 “다사다난했던” 전반기를 뒤로 하고 조금 더 나은 후반기를 향해 달린다. 박재현은 “전반기에는 엄청 잘했던 시기도 있었고 실수도 하면서 엄청 못할 때도 있었다. 많은 걸 경험한 시간이었다”며 “이 경험을 토대로 후반기에는 최대한 기복을 줄일 수 있도록 노력하겠다”고 말했다. 잠실 | 유새슬 기자 yooss@kyunghyang.com",https://v.daum.net/v/U6pwRzUZ01
2026.07.12 12:35,"""류현진 계략에 말려들고 있다"" 112km 직구에 아연실색…홈런왕-타격왕...",스포티비뉴스,"[스포티비뉴스=잠실, 윤욱재 기자] '영원한 괴물' 류현진(39·한화)의 '클래스'를 확인할 수 있는 순간이었다. 류현진은 11일 서울 잠실구장에서 열린 2026 신한 SOL뱅크 KBO 올스타전에서 2회말 나눔 올스타의 구원투수로 등판했다. 류현진이 마주한 선두타자는 최형우(삼성). 류현진이 던진 초구 구속은 119km가 찍혔다. 그런데 직구로 표시된 것이 아닌가. 올스타전이 아니면 보기 힘든 장면이었다. 볼 2개를 던진 류현진은 시속 121km 직구를 던졌고 최형우의 방망이도 반응했다. 타구는 1루수 오스틴 딘(LG)에게로 향했고 타구를 잡은 오스틴은 류현진에게 '노룩 토스'를 했고 1루로 커버를 들어가던 류현진은 맨손 캐치를 시도했으나 끝내 잡지 못하면서 무사 1루 상황에 놓이고 말았다. 기록은 1루수 오스틴의 실책으로 남았다. 류현진은 뜻하지 않게 주자를 내보냈지만 '느린 공 승부'를 멈춘 것은 아니었다. 지난해 홈런 50개를 터뜨리며 홈런왕에 등극했던 르윈 디아즈(삼성)를 상대로 시속 119km 직구를 던져 1루수 플라이 아웃을 잡은 류현진은 지난해 타격왕을 차지했던 양의지(두산)에게는 초구 112km 직구로 중견수 뜬공을 유도, 가볍게 아웃카운트를 추가했다. 그러자 이날 경기 해설에 나선 정민철 MBC스포츠플러스 해설위원은 ""(타자들이) 류현진의 계략에 말려들고 있다""라고 농담 섞인 한마디를 던지며 웃음을 지었다. 올해 9월에 열리는 2026 아이치-나고야 아시안게임 국가대표로 뽑힌 박준순(두산) 또한 류현진의 느린 공에 타이밍을 맞추는데 고전하는 모습이었다. 류현진은 시속 114km 직구를 던졌고 결과는 우익수 플라이 아웃이었다. 1이닝 무실점. 류현진의 투구수는 9개였고 모두 직구로 찍혔다. 최고 구속은 121km, 평균 구속은 118km, 최저 구속은 112km가 나왔다. 아무리 올스타전이라도 이렇게 느린 공으로 무실점이라는 결과를 만들어내는 것은 아무나 할 수 있는 일은 아닐 것이다. '느린 공'으로 마법 같은 투구를 보여준 류현진은 우수투수상을 수상하면서 피날레를 장식했다. 39세의 나이에 올스타전에 출전한 것도 믿기 힘든데 수상까지 해냈으니 류현진이 얼마나 대단한 투수인지 다시 한번 그 진가를 확인할 수 있다. 올해 한미통산 200승이라는 금자탑을 쌓은 류현진은 이제 탈삼진 1개만 추가하면 한미통산 탈삼진 2500개도 달성할 수 있다. ""기록은 내가 하고 싶다고 할 수 있는 것이 아니기 때문에 크게 신경 쓰지 않는다""라는 류현진은 후반기 목표에 대해서는 ""개인적인 목표는 하나도 없다. 작년처럼 가을야구를 할 수 있도록 후배들과 잘 준비할 것""이라고 말했다. <저작권자 ⓒ SPOTV NEWS. 무단전재 및 재배포 금지>",https://v.daum.net/v/PS6Oxu0HCd
2026.07.12 12:22,"'22G 연속 안타-출루율 1위', 그런데 실책마저 1위... 후반기 박...",스타뉴스,"[스타뉴스 | 안호근 기자] 박성한(28·SSG 랜더스)은 개막 후 22경기 연속 안타로 화려하게 시작했다. 4월 중순까지 5할 타율을 유지했고 5월초까지만 해도 4할에 달했다. 타격에선 커리어 하이 시즌을 보내고 있지만 수비에선 웃을 수 없는 시즌이다. 박성한은 전반기 86경기에서 타율 0.333(315타수 105안타) 3홈런 39타점 57득점, 출루율 0.433, 장타율 0.432, OPS(출루율+장타율) 0.865로 맹활약했다. 득점권 타율도 무려 0.419에 달했다. 2017년 신인 드래프트 2차 2라운드에서 SK 와이번스(SSG 전신)에 지명된 박성한은 팀의 주전 유격수로 자리매김한 2021년 이후 꾸준한 타격을 펼쳤다. 2021년(0.302)과 2024년(0.301)에는 3할 타율을 달성했다. 2024년엔 골든글러브 투표에서 118표, 41%의 득표를 하고도 박찬호(당시 KIA, 154표)에 밀려 고개를 떨구기도 했다. 그러나 올 시즌엔 기세가 남다르다. 개막 후 22경기 연속 안타를 날리며 KBO 신기록을 갈아치웠다. 박성한의 불 방망이는 쉽게 식을 줄 몰랐다. 5월 들어 타율 0.258로 주춤했지만 이후 다시 기세를 끌어올리며 여전히 타율 6위에 이름을 올리고 있다. 3위 오스틴 딘(LG·0.339)와는 6리 차이에 불과하다. 박성한은 올 시즌 SSG의 1번 타자 역할을 하고 있다. 이숭용 감독은 높은 출루율을 이유로 지난 시즌 후반기부터 박성한에게 1번 타자 역할을 맡겼는데 출루율 1위에 빛나는 빼어난 선구안으로 100% 이상 제 역할을 해내고 있다. 문제는 수비다. 벌써 13개의 실책으로 이 부문 최다 1위에 올라 있다. 특히 5월 중순부터 팀은 역대 창단 후 최다인 13연패에 빠졌고 이후 5연패, 다시 9연패를 당했는데 이 과정에서 가장 큰 문제점은 단연 허약한 선발진에서 찾을 수 있었지만 박성한과 정준재의 불안한 키스톤도 한 축을 담당했다. 이 또한 선발진의 영향일 수 있다. 수비가 길어지면 야수진의 집중력이 흐트러진다는 건 공공연히 알려진 이야기다. 그렇기에 더욱 투수가 적극적으로 승부를 벌이기를 강조하는 감독도 적지 않다. 그런 면에서 기대되는 요소가 있다. SSG의 선발진은 10구단 중 가장 약하지만 신인 김민준이 9연패를 끊어내는 활약을 펼치며 5경기에서 2승을 챙겼고 앤서니 베지니아노를 대신해 SSG 유니폼을 입은 페드로 아빌라에 대한 기대감도 크다. 이숭용 SSG 감독도 선발에서 한 두 명의 역할이 전체를 좌우할 수 있다고 강조하기도 했다. 후반기 반등을 노리는 SSG가 기대하는 부분이다. 선발진이 안정화된다면 수비도 덩달아 집중력을 끌어올리는 효과로 이어질 수 있다. 수비의 안정화는 타격에서도 긍정적인 부분으로 작용할 수 있다. 결국은 팀이 잘 돼야 박성한도, 야수진도 선순환을 누릴 가능성이 크다. 수비의 안정화를 위해서라도 우선은 팀이 이기는 데 모든 힘을 쏟아야 하는 SSG다. 그러면 박성한의 수비 지표는 물론이고 공격 지표 또한 자연스럽게 상향곡선을 그릴 수 있을 것으로 보인다. 안호근 기자 oranc317@mtstarnews.com",https://v.daum.net/v/PmpYwex2WX
2026.07.12 12:18,"“결과는 하늘에 맡겨놓을 것, 팀에 조금이라도 보탬되는 것이 목표”…묵묵...",MK스포츠,"“결과는 하늘에 맡겨놓을 것이다. 팀에 조금이라도 보탬이 되는 것이 후반기 목표다.” NC 다이노스의 수호신 류진욱이 후반기 부활을 꿈꾸고 있다. 류진욱은 11일 서울 잠실야구장에서 열린 2026 프로야구 KBO 올스타전에 감독 추천 선수로 참가했다. 류진욱이 올스타전에 나선 것은 이날이 처음이다. 본 행사가 열리기 전 만난 류진욱은 “이번이 첫 올스타전 출전이다. 가문의 영광”이라며 “퍼포먼스는 준비할 시간이 부족했다. 제가 별명이나 연관된 것도 딱히 없다. 그저 최선을 다하는 모습이 최고의 퍼포먼스가 아닐까 생각하고 왔다”고 말했다. 단 표정이 마냥 밝지만은 않았다. 올 시즌 전반기 다소 고전한 까닭이었다. 28경기(23.1이닝)에서 2승 6패 3세이브 1홀드 평균자책점 8.87을 써내는데 그쳤다. 그는 “좋은 성적을 내고 와서 했으면 더 좋았을 텐데…”라며 “올 시즌 유독 좋지 못했다. 즐겨야 할지, 아니면 터닝 포인트를 만들고 가야 할 지 고민 중이다. 그래도 일단 축제니 즐기고 갈 생각이다. 영광”이라고 전했다. 39승 1무 42패로 7위에 올라 있는 NC가 후반기 더 높은 곳을 바라보기 위해서는 류진욱의 반등이 절실히 필요하다. 통산 308경기(291.1이닝)에 나서 14승 16패 33세이브 44홀드 평균자책점 3.92를 올릴 정도로 경험이 풍부하기 때문이다. 당장 지난해만 봐도 62경기(66이닝)에 출전해 4승 3패 29세이브 평균자책점 3.27을 기록, NC의 뒷문을 든든히 잠갔다. 부활을 위해 일단 결과를 신경쓰기보다는 본인의 할 것에 집중할 것이라고. 류진욱은 “제가 잘하려 한다고 결과가 따라오는 것이 아니다. 전반기에도 결과만 보다 안 좋은 실수를 많이 했다. 제 할 것만 하다 보면 결과는 자연스레 따라올 것이다. 그저 묵묵히 제 할 것을 할 생각이다. 잘하고 싶은 마음은 모든 선수들이 다 똑같이 가지고 있다”며 “결과는 하늘에 맡겨놓을 것이다. 제 할 것만 한다는 마인드로 임할 생각”이라고 고개를 끄덕였다. 끝으로 그는 “사람이 계속 죽으라는 법은 없다. 좋은 날도 있고, 나쁜 날도 있기 마련”이라며 “어떻게든 만회해서 팀에 조금이라도 보탬이 되는 것이 후반기 목표”라고 목소리에 힘을 줬다. [잠실(서울)=이한주 MK스포츠 기자] [ⓒ MK스포츠, 무단전재 및 재배포 금지]",https://v.daum.net/v/bcKjftZvLx
2026.07.12 12:17,"""시카고와 사랑에 빠졌어요"" UCLA 유격수 촐로스키, 화이트삭스 전체 ...",더게이트,"[더게이트] 그라운드 위에서는 위풍당당했던 대학 최고 유격수도 전체 1순위로 자기 이름이 불리는 순간만큼은 별 수 없었다. 두 손으로 얼굴을 감싼 채 눈물을 쏟아냈고, 가족들과 부둥켜안으며 기쁨을 주체하지 못했다. MLB 드래프트 전체 1순위 촐로스키는 마이크를 잡고 ""시카고와 사랑에 빠졌다""는 말로 새 팀과 도시를 향한 마음을 표현했다. 시카고 화이트삭스는 12일(한국시간) 미국 펜실베이니아주 필라델피아 펜실베이니아 컨벤션센터에서 열린 2026 메이저리그(MLB) 신인드래프트에서 UCLA 유격수 로크 촐로스키를 전체 1순위로 지명했다. 화이트삭스는 텍사스 고교 유격수 그레이디 에머슨과 촐로스키를 놓고 막판까지 저울질한 끝에 내년 시즌 곧바로 빅리그 전력에 보탬이 될 즉시전력감을 선택했다. 에머슨은 2순위로 탬파베이 레이스로 향했고, 조지아텍 포수 반 래키는 3순위로 미네소타 트윈스 유니폼을 입었다. ""계약금 상관없이 촐로스키였다"" 크리스 게츠 화이트삭스 단장은 지명 배경을 묻는 말에 ""계약금이 얼마가 되든 1순위는 촐로스키가 우선 순위였다""고 말했다. ""촐로스키를 직접 만나본 사람들은 경기를 보지 않고도 그를 믿게 될 정도로 됨됨이가 남다른 선수""라는 설명이 이어졌다. 대학 시절 팀원들과 리그에서 발휘한 영향력을 화이트삭스에서도 보여줄 거라는 기대도 전했다. 21세의 촐로스키는 올 시즌 UCLA에서 타율 0.320, 출루율 0.452, 장타율 0.636에 21홈런 60타점을 기록했다. 타율 0.353, 출루율 0.480, 장타율 0.710에 23홈런 74타점을 기록한 지난 시즌과 비교하면 다소 떨어진 성적이다. OPS도 1.190에서 1.088로 소폭 내려앉았는데, 특히 강팀들이 맞붙는 빅텐 콘퍼런스 경기 성적이 비콘퍼런스 경기에 비해 좋지 않았다. 하지만 지난해 워낙 보여준 것이 많다 보니, 다소 하락한 성적에도 시즌 내내 모의지명에서 줄곧 최상단을 유지했다. 피는 못 속인다. 아버지 댄 촐로스키는 1991년 세인트루이스 카디널스의 1라운드 지명을 받아 8년간 프로 생활을 했고, 은퇴 후에는 스카우트로 일했다. 촐로스키가 졸업한 애리조나 챈들러의 해밀턴고는 뉴욕 양키스 스타 외야수 코디 벨린저를 길러낸 학교이기도 하다. 고교 시절에는 야구뿐 아니라 미식축구에서도 쿼터백으로 두각을 나타내, 노터데임과 뉴멕시코주립대로부터 입학 제안을 받기도 했을 정도로 만능 스포츠맨이다. 시카고와는 이미 드래프트 전부터 서로간에 교감이 있었다. 촐로스키는 지난달 사흘간 시카고를 찾아 화이트삭스 신인 외야수 브레이든 몽고메리의 끝내기 홈런을 현장에서 지켜봤다. 처음 가본 도시에 매료돼 거리를 몇 시간씩 걸어 다녔고, 돌아온 뒤엔 에이전트 조엘 울프에게 전화해 시카고에서 뛰고 싶다는 뜻을 전한 것으로 알려졌다. 관심은 이제 계약금 규모에 쏠린다. 화이트삭스는 촐로스키에게 2024년 체이스 번스와 찰리 콘돈이 받았던 925만 달러(약 134억원)를 웃도는, 역대 최고 수준의 계약금을 안길 예정이다. 대학 유격수가 전체 1순위로 지명된 건 2015년 애리조나가 댄스비 스완슨을 택한 이후 메이저리그 전체를 통틀어 11년 만이고, 화이트삭스 구단 역사로 좁히면 1977년 해럴드 베인스 이후 처음 나온 전체 1순위다. 팀 내 포지션 구도에도 변화가 생길 전망이다. 화이트삭스는 드래프트 하루 전 전 1라운더 내야수 제이컵 곤잘레스를 피츠버그 파이리츠로 트레이드하며 내야를 정리했다. 촐로스키는 올스타 3루수 미겔 바르가스, 아메리칸리그 홈런 4위(23개) 콜슨 몽고메리가 있는 내야진에 합류한다. 디 애슬레틱의 유망주 전문가 키스 로 기자는 촐로스키를 두고 ""부상만 없다면 최소 매일 출전하는 빅리그 유격수로 15~20홈런은 칠 것""이라며 ""25~30홈런에 높은 출루율을 갖춘 선수도 될 수 있다""고 내다봤다. 쏟아진 야구인 2세들, 투수 기근 현상 이날 드래프트는 야구인 2세들의 향연이기도 했다. 화이트삭스는 34순위로 구단 스페셜 어시스턴트인 짐 토미의 아들 랜던 토미를 지명했다. 마이애미 말린스는 조지 롬바드 타이거스 벤치코치의 아들 제이컵 롬바드를, 밀워키 브루어스는 다저스 3루 코치 디노 에벨의 아들 트레이 에벨을 각각 선택했다. 샌프란시스코 자이언츠가 90순위로 배리 본즈의 조카 페이턴 본즈를 지명한 장면도 눈길을 끌었다. 다만 야구인 2세·인맥 영입을 바라보는 미국 야구계의 시선 자체는 예전 같지 않다. 2021년 마이너리그 40개 팀이 해체되고 드래프트가 20라운드로 축소되기 전까지만 해도, 구단 임직원이나 야구인 자녀를 드래프트 후반부나 자유계약으로 영입하는 일은 흔한 풍경이었다. 하지만 마이너리그 규모 자체가 줄어들면서 지명권 하나, 로스터 한 자리의 무게가 예전과는 비교할 수 없이 무거워졌다. 실력이 뒷받침되지 않는 인맥, 혈통 영입은 비판적인 시선으로 바라보게 되는 이유다. 한편 야수 쪽과 달리 투수 자원은 상대적으로 부족했다는 평가다. 이번 드래프트 상위 20순위 안에 든 투수는 단 세 명에 불과했다. 대학 최고 좌완으로 꼽히던 아칸소대 헌터 디에츠는 무려 35순위까지 밀려났는데, 키스 로 기자는 이를 두고 올해 구단들이 투수를 얼마나 외면했는지 보여주는 단적인 장면이라고 짚었다. 첫날(1~4라운드) 지명된 26명의 순수 1라운더 가운데 고교 선수는 8명에 그쳤고, 나머지는 모두 대학 선수로 채워졌다. 고교 투수는 단 2명만 1라운드에서 뽑혔는데, 그중 한 명은 매년 고교 투수를 1라운드에 지명해온 샌디에이고 파드리스 몫이었다. 로 기자는 대학 선수 위주로 흘러간 이번 1라운드 흐름을 예상됐던 결과라고 평가했다. 남은 5~20라운드 일정은 13일 이어진다.",https://v.daum.net/v/7Zma25Hlpc
2026.07.12 12:07,"김도영이 신은 '짝짝이' 야구화, 그 속에 숨은 사연 ""야구 정말 열심히...",스포츠조선,"[스포츠조선 김용 기자] ""편지 읽으며 정말 야구 열심히 해야겠다는 생각을 합니다."" KIA 타이거즈 김도영은 10일, 11일 양일간 잠실구장에서 열린 올스타전 행사에 특별한 야구화를 신고 나왔다. 오른발은 빨간색, 왼발은 보라색으로 장식이 된 야구화. 누가 봐도 눈에 띄었다. 정규시즌 경기 중에는 착용하기 쉽지 않은 '짝짝이' 컬러의 커스텀 신발. 모두가 즐기는 축제의 날이라 홈런더비에도, 올스타전 본 경기에도 신을 수 있었는데 이 신발에는 특별한 사연이 숨어있었다. 이 멋진 신발은 김도영의 팬이 선물을 한 것이라고. 김도영은 ""한 팬분께서 계속 특별한 신발 선물을 해주신다. 정말 감사하게도 잘 신고 있다. 센스 있게, 예쁘게 잘 만들어주신다""고 감사 표시를 했다. 어떤 팬인지 취재진이 궁금해하자 ""남자 중학생 팬이다. 부모님이랑 항상 같이 온다. 그런데 막상 만나면 나한테는 부끄러워서 말도 잘 못한다. 진짜 응원의 메시지 한 마디 하면서 편지 주는 게 전부다. 항상 그 편지를 보면서 진짜 이런 팬이 있구나 생각한다. 정말 열심히 야구 해야겠다는 생각을 한다""고 설명했다. 물론 프로 선수가 팬들이 주는 선물들을 너무 제한 없이 받다보면 생기는 부작용도 있다. 조심해야 할 필요가 있다. 하지만 정말 의미가 있는 선물이라면 선수에게도, 팬에게도 추억이 될 수 있다. 이 사례처럼 말이다. 자신이 선물한 야구화를 신은 김도영 삼촌을 보며, 그 중학생 팬은 어떤 마음이 들었을까. 김용 기자 awesome@sportschosun.com",https://v.daum.net/v/5QGZ4F5Tp8
2026.07.12 12:02,"'이런 기적이' 110순위 투수 대반란, 전역→1군 데뷔→미래 별들의 잔...",마이데일리,"[마이데일리 = 이정원 기자] ""잠실구장은 야구 선수로 꿈을 키운 곳이에요."" SSG 랜더스 투수 변건우는 누구보다 잠실구장 마운드를 밟고 싶었다. 변건우는 지난 10일 진행된 퓨처스 올스타전에 참가했다. 변건우가 퓨처스 올스타전에 나선 건 이번이 처음이다. 충암중-충암고 출신으로 2024 신인 드래프트 11라운드 110순위로 SSG 지명을 받았다. 당시 가장 늦게 이름이 불렸다. 빠르게 군 문제를 해결하고 지난 1월 전역한 변건우는 퓨처스리그 6경기 1패 1홀드 평균자책 5.74를 기록했다. 성적이 좋다고는 볼 수 없었지만 가능성을 높게 평가한 2군 코칭스태프는 1군에 변건우를 추천했다. 변건우는 6월 20일 창원 NC 다이노스전에서 꿈에 그리던 1군 데뷔전을 치렀다. 당시 1이닝 1피안타 2사사구 2실점을 기록했다. 10일 만났던 변건우는 ""2군은 모든 상황이 다 조용하다. 안타를 치든, 삼진을 잡든 조용조용한데 1군 올라가니 함성 소리가 엄청나더라. 계속 떨렸다. 지금까지 내가 해본 야구가 아닌 느낌이었다""라고 웃으며 말했다. 이어 ""군대 전역 후 모든 게 일사천리라고 해야 할까. 내가 할 수 있는 야구를 하고 싶었다. 1군도 다녀오고, 퓨처스 올스타도 오고""라며 ""인천 SSG랜더스필드에 처음 갔을 때와 1군 데뷔전이 가장 기억에 남는다""라고 덧붙였다. 퓨처스 올스타전에 출전하는 마음은 어땠을까. 변건우는 뽑힐 거라 예상하지 못했다. 변건우는 ""기대는 했어도 뽑힐 줄은 몰랐다. 나보다 좋은 활약을 보여준 형들이 있기에 안 뽑힐 거라 생각했는데 감독님과 코칭스태프에서 좋게 봐주셨다. 좋은 기회고 영광스러운 자리에 왔다""라고 미소 지었다. 그러면서 ""잠실구장은 처음 직관을 온 곳이고, 야구 선수로서 꿈을 키운 곳이다. 여기서 던진다는 게 설렌다""라며 ""2014년도로 기억을 한다. 그때 두산이랑 NC를 잠실에서 경기를 했는데, 엄마가 보러 가자고 했던 기억이 있다. 그 경기를 보고 야구 선수가 되어야겠다는 꿈을 꿨다. 그 꼬맹이가 여기서 던진다는 게""라고 웃으며 말했다. 아직 SSG 팬들은 물론 많은 야구 팬들이 변건우라는 선수를 잘 모른다. 그는 ""난 22살이고 군대를 다녀온 우완 투수다. 최고 153km가 나온다. 변화구 중에서는 슬라이더가 자신 있고, 체인지업은 연습 중""이라며 ""다만 기복을 줄여야 한다. 가끔 네모 안에 공을 못 던지는 날이 있다""라고 말했다. 끝으로 변건우는 ""후반기에 엔트리에 늘어난다. 후반기에는 1군 형들 옆에서 붙어 다니며 야구를 하고 싶다""라고 각오를 다졌다.",https://v.daum.net/v/ZI0LGDcnm4
2026.07.12 12:02,"'운명의 장난인가' AG 금메달 목표인데, 첫 경기부터 최대 라이벌 만난...",스포츠조선,"[스포츠조선 나유리 기자]운명의 장난일까. 하필 최대 라이벌 대만을 첫 경기부터 만난다. 지난 10일 아이치-나고야 아시안게임 야구 종목 조 편성 및 전체 일정표가 발표됐다. 류지현 감독이 이끄는 한국 야구 대표팀은 대만, 홍콩, 태국과 함께 B조에 편성됐다. 일본은 중국, 필리핀, 팔레스타인과 함께 A조에 묶였다. 대표팀은 9월 21일 오후 6시30분 아이치현 오카자키 중앙종합공원야구장에서 대만과 첫 경기를 치르고, 다음날인 22일 오후 6시30분 도요하시 시민구장에서 홍콩과 맞대결을 펼친다. 23일 낮 12시에 태국과의 조별리그 마지막 경기를 치른 후, 25일과 26일 이틀에 걸쳐 각조 1,2위가 한차례씩 서로 맞붙는 슈퍼라운드가 펼쳐진다. 또 여기에서 결승 진출팀과 동메달 결정전 진출팀이 결정된다. 결승전은 27일 6시30분 열린다. 전원 사회인리그 소속 선수로 구성된 일본의 경우 상대적 약체팀들과 한 조에 묶였다. 팔레스타인의 참가가 상당히 이색적이고, 중국과 1,2위를 두고 다툴 가능성이 높아보인다. 한국의 경우 금메달 최대 라이벌인 대만과 같은 조에 편성이 된데다, 첫 경기부터 만나기 때문에 상당히 부담스러운 상황이다. 대만 언론들도 ""대만과 한국의 경기는 이번 대회 금메달 획득을 위한 중요한 전초전이 될 것""이라고 보도했다. 지난 항저우 아시안게임에서도 한국은 대만과 조별 라운드에서 맞대결을 펼친 후 이후 결승에서 다시 만난 바 있다. 한국은 조별 라운드에서 대만에 0대4로 충격패를 당한 후 결승전에서 2대0으로 이기면서 극적인 금메달을 목에 걸었었다. 특히나 대표팀은 유독 국제 대회 첫 경기에서 몸이 덜 풀려 경기력이 100% 발휘되지 않으면서 예상과 다른 전개가 펼쳐지는 '첫경기 징크스'가 있었는데, 올해 월드베이스볼클래식(WBC)에서 이 징크스는 깼다. 체코를 상대로 11대4로 대승을 거두면서 일단 이기고 시작할 수 있었다. 이번 아시안게임도 결국 대만과의 2경기가 최대 분수령이 될 전망이다. 전원 사회인야구, 실업팀 소속의 선수들이 출전하는 일본 또한 만만치는 않지만 상대적으로 대만이 사활을 걸고 출전하는 대회이기 때문이다. 대만 역시 이번 아시안게임 금메달 여부에 따라 출전 선수들의 병역 면제 특례 등이 결정되기 때문에, 젊은 선수들의 의욕이 높은 상황이다. 그나마 장점이 있다면, 첫 경기에서 대만을 만난 후 결승전까지 다시 준비할 수 있는 충분한 시간이 주어지기 때문에 결국 첫 경기와 마지막 경기에서 가장 강한 투수들을 내보내는 작전이 충분히 통할 수 있다. 한국 대표팀은 이미 6월 11일 24인 최종 엔트리를 발표한 상태고, 대만의 경우 아마추어 선수 명단은 확정했다. 그리고 해외파 선수들과 대만프로야구(CPBL) 선수들도 추가한다. CPBL 소속 선수는 팀당 1~2명씩 차출 예정이고, 투수들 중에 미국 마이너리그와 일본프로야구(NPB), KBO리그 한화 이글스 소속 왕옌청 등 해외파 선수들이 포함된 것으로 알려졌다. 대만야구협회는 16일 최종 24인 명단을 발표할 예정이다. 나유리 기자 youll@sportschosun.com",https://v.daum.net/v/7inJycNdu9
2026.07.12 12:02,"""과거의 나 뛰어넘어야"" 진짜 넘었다, '사람'을 포기하면서까지…'배달의...",스포탈코리아,"[SPORTALKOREA] 한휘 기자= ""계속 머릿속에 과거의 나를 뛰어넘어야 한다는 생각뿐이었다."" 롯데 자이언츠 황성빈은 11일 서울 잠실야구장에서 열린 2026 신한 SOL KBO 올스타전에 드림 올스타 감독 추천 선수로 선발돼 출전했다. 경기 중반 대주자로 필드를 밟아 2타수 1안타 1도루의 기록을 남겼다. 하지만 황성빈에게 '기록'은 중요하지 않았다. 7회 말 2번째 타석을 준비하던 황성빈은 문자 그대로 충격적인 분장을 선보였다. 개코와 귀를 달고, 심지어는 하네스에 목줄까지 찬 다음 1루 코치를 맡고 있던 김태형 롯데 감독에게 줄을 건넨 것이다. 뒤이어 등장곡 'Who Let The Dogs Out'이 재생됨과 함께 황성빈은 네발로 달려가서 김태형 감독이 던진 뼈다귀 모양 인형을 입으로 물어 올리는 퍼포먼스까지 선보였다. 관중들은 물론이고 선수들, 그리고 목줄을 잡고 있던 김태형 감독도 빵 터졌다. 문자 그대로 '사람'이기를 포기한 퍼포먼스였다. 황성빈은 이날 베스트 퍼포먼스상 투표에서 총투표수 4만 3,910표 가운데 1만 2,134표(득표율 약 28%)를 얻어 쟁쟁한 경쟁자들을 제치고 수상에 성공했다. 특히나 이번 올스타전은 선수들이 그야말로 작정한 듯 유행하는 '밈'이나 본인의 별명 등을 활용한 다양한 퍼포먼스를 선보였는데, 황성빈의 이 모습이 지나간 후 SNS나 온라인 중계 채팅 등에서 황성빈의 베스트 퍼포먼스상 수상을 확신하는 팬들의 반응이 쏟아질 정도였다. 황성빈의 베스트 퍼포먼스상 수상은 이번이 2번째다. 황성빈은 2년 전인 2024년 당시 베스트12에 선정됐던 기예르모 에레디아(SSG 랜더스)가 부상으로 이탈하며 총점 차순위 선수 자격으로 대신 올스타전에 나선 바 있다. 그리고 황성빈은 본인의 별명을 활용한 '배달의 마황' 퍼포먼스로 문학을 뒤집어 놓았다. 실제 배달 애플리케이션의 라이더 유니폼에 스쿠터까지 마련해서 타석에 들어섰고, 내야 안타로 1루에 나간 후에는 주머니에서 '배달 완료'라고 적힌 종이를 꺼내 들었다. 끝이 아니었다. 1루에서 황성빈은 당시 논란과 화제의 중심에 서며 일종의 '밈'이 됐던 특유의 스킵 동작을 의도적으로 더 크게 보여주면서 팬들의 환호성을 불러일으켰다. 뒤이어 수비 상황에서는 좌익수 자리에 나간 뒤 파울 지역에 있던 철가방을 들고 마운드로 달려가 투수 박세웅에게 로진백을 배달하는 퍼포먼스를 추가로 선보이기까지 했다. 이렇듯 문학의 분위기를 휘어잡은 황성빈은 당연하다는 듯 베스트 퍼포먼스상을 가져갔다. 그로부터 2년이 지나 다시 한 번 올스타전에 나섰는데, 이번에도 또 베스트 퍼포먼스상을 수상하며 '2출전 2수상'이라는 진기록을 세운 것이다. 뉴시스 보도에 따르면, 황성빈은 수상 후 인터뷰에서 ""개라는 콘셉트를 정한 뒤 뭔가 감독님이랑 한번 해보고 싶다고 생각했다. 개를 산책시키려면 주인이 필요하다. 감독님이 제 주인이기 때문에 그런 의미를 담아서 준비했다""라고 배경을 밝혔다. 이어 ""오늘 수상은 감독님 지분이 70% 정도 되는 것 같다. 제 노력은 30% 정도다. 감독님의 영향력이 가장 컸다""라고 밝혔고, 김태형 감독에게 경기 중 즉흥적으로 퍼포먼스 참여를 부탁했다며 ""도와주셔서 너무 감사드린다""라고 공을 돌렸다. 그러면서 ""상금으로 꼭 선물을 해드려야 할 것 같다. 얼마나 드릴지는 지금 말씀드리기 그렇지만, 나중에 감독님께 확인해 보시면 재미있을 것 같다""라고 웃었다. 부담감도 있었다고 밝혔다. 황성빈은 ""다들 워낙 재미있게 준비를 잘하셨고 저도 정말 재미있게 봤다""라며 ""그래도 저는 오늘 계속 머릿속에 과거의 나를 뛰어넘어야 한다는 생각뿐이었다. 그때 반응이 너무 좋았기 때문에 (부담이 컸다)""라고 전했다. 그러면서 ""내년은 모르겠다. 생각하지 않겠다""라며 ""지금은 후반기만 열심히 준비해서 좋은 모습을 보여드리는 데 집중하겠다""라고 각오를 다졌다. 사진=롯데 자이언츠 제공, 뉴시스",https://v.daum.net/v/W1EAtImjdV
2026.07.12 11:49,"김성근 “정근우, 집에 가도 된다 그래” 최후통첩? (불꽃야구2)",스포츠경향,"“이닝 끝나면 정근우 집에 가도 된다고 그래.” 불꽃 파이터즈가 성남고와 한 치의 양보 없는 마운드 싸움을 벌이는 한편 정근우는 김성근 감독으로부터 의문의 최후통첩(?)을 받는다. 내일(13일) 오후 8시 공개되는 스튜디오C1 야구 예능 프로그램 ‘불꽃야구2’ 9화에서 불꽃 파이터즈는 성남고 선발투수의 명품 피칭에 맞서 뜨거운 정면 승부를 예고한다. 이날 파이터즈의 마운드에는 반박 불가한 에이스 신재영이 출격한다. 이번 등판으로 시즌 두 번째 선발 기회를 잡은 그는 성남고의 공격을 허용하지 않겠다는 각오로 경기를 풀어나간다. 과감하면서도 정교한 그의 피칭은 성남고 타자들의 방망이를 헛돌게 하며 경기장 분위기를 장악한다. 신재영은 기세를 이어 옵션 달성에도 눈독을 들인다는데. 맛도리에서 출발해 에이스 자리까지 오르며 반전의 서사를 쓴 그가 당당히 옵션을 차지할 수 있을지 관심이 모인다. 그런가 하면 파이터즈의 캡틴 박용택은 응원가 감상 및 2루심 위치 옮기기 등 기나긴 루틴으로 보는 이들의 웃음을 유발한다. 파이터즈부터 중계진까지 모두 그의 유난스러움에 혀를 내두르지만 홀로 진지한 박용택은 성남고 에이스와 수싸움을 이어나간다. 이렇듯 야구에 언제나 진심인 그가 1번 자물쇠라 불리는 성남고 선발투수를 상대로 어떤 활약을 보여줄지 흥미진진하다. 팽팽한 투수전이 펼쳐지는 가운데, 정근우는 김성근 감독으로부터 의문의 최후통첩(?)을 받는다. 김성근 감독은 자신의 곁을 지키던 코치에게 “이닝 끝나면 정근우 집에 가도 된다고 그래”라며 폭탄 발언을 던진다. 하지만 정작 정근우는 영문도 모른 채 평소처럼 큰 목소리로 팀 사기를 북돋운다고. 과연 김성근 감독의 한마디에 담긴 진짜 의미는 무엇일지, 두 사람의 이야기가 어떤 방향으로 흘러갈지 관심이 쏠린다. 이에 대해 제작진은 “올해 성남고는 탄탄한 마운드를 앞세운 강팀으로 평가받는 가운데, 유희관은 “우리랑 똑같네”라며 파이터즈 또한 투수의 팀임을 자신한다. 과연 두 팀 중 진정한 ‘투수의 팀’임을 증명할 주인공은 누가 될지 관심이 쏠린다.”라고 밝혔다. 각 팀의 에이스 투수들이 그려내는 치열한 승부는 내일(13일) 오후 8시 스튜디오C1 공식 유튜브 채널을 통해 확인할 수 있다. 안병길 기자 sasang@kyunghyang.com",https://v.daum.net/v/10iz9ZGhuF
2026.07.12 11:45,"""투수와 싸워"" 아내의 일침, 홍창기 무엇을 바꿨을까…염경엽 감독이 본 ...",스포티비뉴스,"[스포티비뉴스=신원철 기자] LG는 전반기 1위를 지키지 못했다. 대신 1번타자 홍창기의 부활 가능성을 봤다. LG를 대표하는 1번타자 홍창기는 올해 전반기를 타율 0.259, 출루율 0.398로 마쳤다. 출루율 리그 11위, 팀 내 2위. 타격 슬럼프 속에서도 장점인 높은 출루율은 유지했다. 전반기 막판에는 타격감까지 끌어올리면서 후반기를 기대하게 만들었다. 마지막 4경기에서 안타 7개를 쳐 2할 4푼대까지 떨어졌던 타율을 끌어올렸다. 특히 대구 원정 3연전 마지막 두 경기의 타구 질은 그전과 확실히 달랐다. 안타 5개 가운데 3개가 장타였다. 9일 9회초에는 삼성 마무리 김재윤을 상대로 좌익수 키를 넘기는 2루타를 날리기도 했다. 올해 장타 13개(2루타 11개, 3루타 2개) 중에 3개가 전반기 마지막 시리즈에서 나왔다. 홍창기가 단기간에 안타를 몰아친 시기는 그전에도 있었다. 4월 26일 두산전과 28일 KT전에서 연속 멀티히트를 기록했다. 그리고 3경기 연속 무안타 침묵. 5월 2일 NC전에서는 3타수 3안타 3볼넷으로 활약했지만 다시 이어진 두 경기에서 안타가 나오지 않았다. 같은달 23일 키움전도 3타수 3안타가 나왔지만 이후 2경기 무안타에 그쳤다. 3안타, 4안타를 몰아친 경기가 극적인 타격감 회복으로 이어졌다고 보기는 어려웠다. 그럼에도 전반기 마지막 2경기의 내용은 '전과는 다르다'는 인상을 남겼다. 홍창기 스스로는 ""자신 말고 투수와 싸워""라는 아내의 조언이 도움이 됐다고. 홍창기는 8일 경기를 마친 뒤 ""오늘 경기 전에 아내가 '나 자신과 싸우지 말고, 투수와 싸워'라고 해줬다. 그 마음으로 경기에 임해서 좋은 결과가 있었던 것 같다""고 얘기했다. 그렇다면 염경엽 감독이 본 '기술적 변화'는 어디에 있을까. 염경엽 감독은 ""포인트가 조금 앞으로 왔다. 공 하나 정도 앞에서 맞으면서 타구 질이 좋아졌다""고 봤다. 바뀐 타석 전략에도 주목했다. 염경엽 감독은 ""(홍창기는)공을 많이 보는 선수였는데 요즘은 찬스에서는 방망이를 내는 공격을 한다. 예전에는 주자가 있어도 초구 스트라이크를 먹고 들어갔다. 요즘은 주자가 있으면 초구를 친다. 안 맞기 시작하면서 그런 것들이 바뀌었다. 작년까지만 해도 주자에 상관 없이 거의 똑같은 타격을 했다""고 말했다. <저작권자 ⓒ SPOTV NEWS. 무단전재 및 재배포 금지>",https://v.daum.net/v/YSSLYEAihw
2026.07.12 11:41,"‘전반기 1위’ 삼성, 우승 기회 ‘진짜로’ 왔다…‘새 외인’ 페덱 하기...",스포츠서울,"[스포츠서울 | 김동영 기자] 삼성이 전반기를 1위로 마쳤다. LG를 계속 추격하는 상황이었고, 마지막 3연전에서 위닝시리즈를 만들며 웃었다. 이제 후반기다. 목표는 우승이다. 진짜 기회가 왔다. 승부수도 띄웠다. 외국인 투수 교체다. 크리스 페덱(30)을 영입했다. ‘거물’이다. 반드시 잘해줘야 한다. 삼성은 전반기 85경기 치러 51승2무32패, 승률 0.614를 기록했다. 1위다. 안정적인 상황은 아니다. 2위 LG가 52승33패, 승률 0.612다. 승차는 없다. 승률에서 삼성이 앞섰다. 후반기도 계속 이겨서 1위를 지키는 게 중요하다. 일단 타선이 괜찮다는 점은 반갑다. 7월 팀 타율 0.301이다. 지난 6월25일부터 계산하면 팀 타율이 0.313이 된다. 유일한 3할대다. 출루율도 0.409로 높다. 4할대는 삼성 외에 없다. 지독하게 안 맞는 시기도 있었다. 상승세로 전환한 때가 6월25일이다. 이날부터 전반기 마지막 경기까지 13경기 치러 무려 11승2패 기록했다. 최형우는 “타자들 전체적으로 감이 좋다. 전반기가 끝난다는 게 아쉬울 정도다”고 했다. 후반기도 이어갈 수 있다. 마운드는 변화를 앞두고 있다. 전반기 6선발 체제로 운영했다. 후반기는 다시 5선발로 간다. 현재 선발투수들 가운데 누구 한 명은 불펜으로 가야 한다. 그만큼 불펜이 두꺼워지는 효과를 볼 수 있다. 필요한 경우 대체 선발로 또 얼마든지 들어갈 수 있다. 외국인 투수 교체도 있다. 페덱을 영입했다. 맷 매닝과 공식적으로 작별했고, 체력이 떨어진 오러클린 역시 결별이다. 오러클린은 지난해 11월부터 현재까지 140이닝 이상 던졌다. 체력 저하가 눈에 보였다. 페덱은 196㎞-98㎏ 체격 조건을 갖췄다. 메이저리그(ML) 통산 132경기(119선발) 출전한 선수다. 32승43패, 평균자책점 4.83을 기록했다. 올해도 빅리그에서 뛰었다. 14경기에서 7패, 평균자책점 6.79 기록했다. 썩 좋은 모습은 아니다. 그러나 KBO리그에서는 기대를 품을 수 있다. 이름값만 보면 역대를 논하는 외국인 투수다. 2026시즌 속구와 싱커 모두 평균 시속 92.9마일(약 149.5㎞) 기록했다. 경쟁력 충분하다. 체인지업-커터-슬라이더-커브 등 여러 구종도 구사한다. 국내에서 메디컬 테스트까지 마쳤다. 페덱은 “1위 경쟁을 하는 삼성이 매력적이라고 느꼈다. 이 팀의 전통과 팬들의 열정에도 끌렸다”며 “KBO리그에 대해서도 어느 정도 알고 있다”고 입단 소감을 밝혔다. 페덱이 잘해주면 삼성은 아리엘 후라도, 원태인과 함께 최강 1~3선발을 꾸릴 수 있다. 4~5선발도 충분히 강하다. 불펜은 전반기 유일한 평균자책점 3점대(3.78)인 팀이다. 타선까지 살아난 상태다. 찬란한 왕조 시절 이후 꽤 힘든 시간을 보냈다. 최근 다시 강팀으로 올라섰다. ‘우승’이 화룡점정이다. 일단 갖출 것은 다 갖췄다. 후반기 다시 달린다. raining99@sportsseoul.com",https://v.daum.net/v/fcgfequ5vX
2026.07.12 11:30,"'KIA 유일' 대투수 클래스, 왜 미안하다 할까…""야구 유니폼 벗는 날...",스포츠조선,"[스포츠조선 김민경 기자] ""야구 유니폼 벗는 날까지는 항상 그 마음을 갖고 있을 것 같습니다."" KIA 타이거즈 '대투수' 양현종이 여러 우려 속에서도 베테랑의 품격을 보여주며 전반기를 마쳤다. 16경기에 등판해 6승5패, 78⅓이닝, 평균자책점 3.91을 기록했다. 이닝이터 능력이 최고 장점인 양현종도 세월은 피할 수 없었다. 퀄리티스타트는 1차례에 불과하다. 대신 꾸준히 5이닝을 버티는 능력을 보여줬다. 시즌 초반 직구 구속이 평균 138㎞에 불과해 걱정을 샀는데, 전반기 마지막 경기였던 지난 9일 부산 롯데 자이언츠전에서는 최고 구속 144㎞, 평균 구속 140㎞를 찍는 스태미나를 보여줬다. 사실 양현종의 나이를 고려하면 5선발 정도의 임무만 해줘도 다행이고, 실제로 그정도 몫은 충분히 해내고 있다. 다만 이의리 김태형 황동하 등 나머지 젊은 선발투수들이 꾸준히 6이닝 이상 던질 수 없다 보니 양현종도 부담을 느낄 수밖에 없다. 그래도 양현종은 7월에 KIA 선발투수들 누구도 하지 못한 일을 해냈다. 9일 롯데전 5이닝 1실점 쾌투로 5대2 승리를 이끌며 4연패를 끊었다. 아울러 KIA가 치른 7월 7경기에서 선발승을 거둔 유일한 투수가 됐다. 롯데 타선이 7일과 8일 경기에서 장단 35안타를 몰아치며 21점을 뽑았던 것을 고려하면 양현종이 얼마나 영리하게 경기를 풀어갈 수 있는지 알 수 있다. 양현종은 ""이틀 경기 보면서 정말 롯데 타자들이 컨디션이 진짜 좋다고 생각했다. 그에 맞춰서 준비를 많이 했다. 피하기보다는 그래도 공격적으로 들어가야 인플레이 타구를 빨리빨리 만들어서 아웃카운트로 바꿀 수 있다고 생각했다. 나도 컨디션이 좋아서 더 공격적으로 들어가서 많은 이닝은 아니지만, 그래도 5이닝을 무사히 잘 마친 것 같다""고 했다. 이범호 KIA 감독은 양현종을 각별히 생각한다. 등판 간격을 조금씩 조정해서라도 휴식일을 충분히 확보해 주려고 했고, 또 연패를 끊어야 하는 중요한 순간에는 에이스 양현종을 찾았다. 양현종은 전반기 마지막 등판 뒷이야기를 들려주며 ""감독님께서 코치님을 통해 주문하셨다. 나도 선발 당일에는 예민해서 이런저런 이야기를 안 들으려고 한다. 감독님께서 꼭 전해달라고 하셨다고 한다. 감독님께서 '전반기 마지막 경기고, 우리 중간 투수들도 많이 쉬어서 일찍 교체할 수도 있다. 꼭 이기는 경기를 하고 싶다. 많은 이닝을 맡기기보다는 그래도 한 타자 전력으로 던졌으면 한다'는 말을 전달하셨다""고 했다. 시즌에 앞서 양현종은 이닝 욕심은 내려놓되 생존을 위한 고민은 계속 해나갔다. 이동걸 KIA 투수코치에게 커브를 새로 배워 장착한 게 하나의 예다. 어느덧 불혹을 바라보는 나이에도 양현종은 계속 진화를 위해 노력한다. 양현종은 ""많이 부족하다. 옛날 이야기를 하면 안 되겠지만, 그래도 옛날에는 한 경기를 책임질 수 있는 힘이 있었다. 지금은 그런 힘이 없다. 항상 중간 투수들에게 부탁하는 입장이다. 올 시즌 전반기도 보면 6이닝 이상을 던진 적이 없어서 항상 투수들에게 미안하고 고맙다는 생각을 한다. 더 많이 던지고 싶고, 더 많이 던져서 중간 투수들의 부담을 덜어주고 싶고 그런 마음이다. 후반기도 그렇고, 야구 유니폼을 벗는 날까지 항상 그 마음을 갖고 있을 것""이라고 했다. 양현종은 올 시즌을 앞두고 KIA와 2+1년 총액 45억원에 FA 계약을 마쳤다. 통산 2735이닝을 달성한 그는 KBO 역대 2번째 3000이닝 돌파를 기대한다. 그러려면 지금처럼 꾸준히 선발 로테이션을 지키는 게 중요하다. 양현종은 ""자세히 보면 감독님께서 관리를 해주셨다. 비로 연기되고 취소됐을 때는 푹 쉬고 던지기도 했다. 체력적으로 힘든 것은 전혀 없다. 그냥 이 마운드에 올라가서 던지는 게 좋다. 더 재미있고, 지금 연차에도 항상 배우는 것 같다. (곽)도규가 던지는 것을 보면서도 '와 밸런스 진짜 좋다. 공을 이렇게 던져야지'라고 나도 또 배운다. 상대팀 투수를 봐도 마찬가지다. 그냥 야구를 오래 하고 싶은 마음이다. 야구가 너무 즐겁고 재미있고, 행복하기 때문에 더 많이 배우고 조금 더 잘하고 싶은 그런 마음이 항상 있다""고 진심을 표현했다. 김민경 기자 rina1130@sportschosun.com",https://v.daum.net/v/qB9b25Hl3c
2026.07.12 11:25,"한화 육성선수 신화 또 준비됐다고? 퓨처스 도루 1위→1군 득점까지, ""...",스포츠조선,"[스포츠조선 이종서 기자] ""정말 정신없이 떨렸네요."" 한화 이글스는 지난 5일 잠실 LG 트윈스전을 앞두고 외야수 이도훈(23)을 콜업했다. 입단 이후 첫 1군 등록이다. 장충고-사이버한국외대 출신으로 올해 육성선수로 입단했다. 비록 신인드래프트에서 이름을 불리지 않았지만, 퓨처스리그를 폭격하며 기회를 기다렸다. 퓨처스리그 성적은 34경기 타율 3할8푼4리 22도루 OPS(장타율+출루율) 0.925. 도루 1위를 달렸다. 김경문 한화 감독은 ""열심히 하고, 잘하는 선수에게 기회를 주고 싶었다. 1군에 처음 올라온 것이지만, 1군에서 자기 경험을 더 갖는다면 좋은 선수가 될 수 있는 자질이 있다""고 밝혔다. 타격 성적도 좋았지만, 김 감독은 일단 빠른 발에 주목했다. 콜업 당시에도 ""베이스러닝을 잘한다""고 장점을 설명했다. 이도훈 역시 ""다리가 가장 큰 장점""이라고 말할 정도로 주루만큼은 자신이 있었다. 지난 7일 대전 NC 다이노스전에서 마침내 1군 데뷔전을 치렀다. 1-9로 지고 있던 8회말에 한화는 오재원의 2루타와 요나단 페라자와 문현빈의 진루타로 한 점을 따라갔다. 이어 강백호의 볼넷이 나왔고, 한화는 이도훈을 내주자로 냈다. 노시환의 3루타가 이어졌고, 이도훈도 전력 질주해서 득점에 성공했다. 대주자 역할을 완벽하게 소화했다. 9회말 돌아온 타석에 대타로 교체돼 경기를 마쳤지만, 이도훈은 일단 1군에서의 생존 무기를 하나 보여주게 됐다. 이도훈은 ""정말 정신없이 떨렸는데, 상황이 또 빠르게 진행되더라. 그래도 잘 마무리됐다""라며 ""득점하게 됐을 때 더그아웃 지나서 하이파이브를 해야하는데 흥분돼서 그런지 왔다갔다 했다""고 했다. 육성선수로 입단해 전반기 가기 전에 1군 부름을 받게 됐다. 이도훈은 ""진짜 기분 좋았다. 나도 1군 무대를 밟을 수 있는 기회가 왔으니 잘 잡아보자고 생각했다. 육성선수로 힘들게 들어왔는데 노력을 보상받는 기분이었다. 1군이 끝이 아니고 최대한 오래 버텨서 내 자리를 잡아보고 싶다""라며 ""1군 콜업 소식을 듣고 연락주시는 분이 많았다. 부모님께서도 많이 좋아하셨다. '1군 가면 이제 시작이니 많이 배우고 맡은 임무를 잘 수행하라'고 하셨다""고 이야기했다. 퓨처스리그에서 도루 1위를 달렸던 비결에 대해서는 ""더그아웃에 있을 때부터 상대 투수 습관 등을 파악하려고 했다. 또 출루에 성공하면 지속적으로 시도했는데 성공률도 좋아 자신감도 있다""고 말했다. 1군 데뷔에 이어 이도훈은 지난 10일 열린 퓨처스올스타전에도 참가했다. 이도훈은 ""생각도 못했는데 기회가 왔다. 이 기회에 나를 잘 보여줄 수 있도록 하겠다. 또 다음에는 1군 올스타가 돼서 나갈 수 있게 노력하겠다""고 강조했다. 알차게 전반기를 보낸 이도훈은 본격적인 1군 무대 정착을 목표로 삼았다. 이도훈은 ""(홈구장 그라운드에 있으니) 관중도 가득 차 있고, 응원도 웅장했다. 힘을 많이 얻게 되더라. 또 영구결번 선배님들 번호도 있어서 동기부여가 됐다""라며 ""공을 정확하게 맞히고 짧은 타구에도 다음 베이스로 갈 수 있는 적극성이 내 장점이다. 다음에 기회가 있다면 타석에 서서 후회없이 내 스윙을 돌리고 내 모습을 한 번 보여드리고 싶다""고 각오를 다졌다. 이종서 기자 bellstop@sportschosun.com",https://v.daum.net/v/txYLsie4FP
2026.07.12 11:23,똑같이 4안타 쳤는데 허인서와 MVP 집안 경쟁에서 밀린 한화 문현빈 “...,스포츠경향,"2026 KBO 올스타전에서는 MVP를 놓고 ‘집안 싸움’이 벌어졌다. 한화 허인서와 문현빈이 나눔 올스타로 출전해 마지막까지 타격감을 자랑한 것이다. 그리고 영광의 주인공은 허인서가 차지했다. 허인서는 생애 처음으로 올스타전에 출전해 MVP인 ‘미스터 올스타’까지 선정됐다. 지난 11일 잠실구장에서 열린 올스타전에서 8번 포수로 선발 출장한 허인서는 5타수 4안타 1타점 1득점으로 활약하며 나눔 올스타의 10-2 승리에 기여했다. 허인서는 2회, 4회, 6회, 7회 안타를 치며 4안타 경기를 만들었다. 여기에 6번 우익수로 선발 출장한 문현빈 역시 안타를 치며 타격감을 자랑했다. 2회, 4회, 6회 3개의 안타를 친 문현빈은 8회 4번째 안타도 뽑아냈다. 4안타를 완성한 뒤에는 더그아웃을 향해 포효를 하기도 했다. 하지만 MVP 투표는 이미 허인서가 4안타를 완성한 시점부터 시작됐다. 조금 늦게 4안타를 친 문현빈은 아쉽게 MVP를 놓쳤다. 허인서는 기자단 투표 25표 중 13표를 얻었고 문현빈은 10표를 얻어 3표 차이로 2위가 됐다. 대신 우수타자상을 받고 아쉬움을 달랬다. 문현빈은 “투표 시점에 대한 이야기를 들었는데 내가 어떻게 할 수 있는 부분이 아니기 때문에 거기에 대해서는 할 말이 없다”라고 내심 속내를 드러냈다. 하지만 팀 동료 허인서에게는 아낌없이 축하의 마음을 전했다. 문현빈은 “너무 축하한다. 경기 중에는 경쟁을 해서 더 재미있었다”며 “올스타전을 계기로 시즌도 마무리를 잘 했으며 좋겠다”고 했다. 한화는 전반기를 6위로 마쳤다. 40승 2무 40패 승률 0.500을 기록했다. 5위 두산과는 1.5경기 차이로 후반기에서 본격적으로 5강권내 진입 싸움을 벌여야한다. 문현빈은 “승률 5할로 전반기를 마무리 했는데 가을야구 싸움 이어가고 있는만큼 후반기 시작부터 치고 올라가서 좋은 성적을 거두고 싶다”고 각오를 다졌다. 김하진 기자 hjkim@kyunghyang.com",https://v.daum.net/v/t0oXILJ63R
2026.07.12 11:21,"고우석, MLB 1호 홀드 수확…처남 이정후는 무안타",중앙일보,"메이저리그(MLB) 미네소타 트윈스 고우석이 미국 무대 진출 후 첫 번째 홀드를 수확했다. 고우석은 12일(한국시간) 미국 미네소타주 미니애폴리스 타깃필드에서 열린 LA 에인절스와 홈경기에서 5-3으로 앞선 8회초 세 번째 투수로 등판해 1이닝 동안 안타와 볼넷을 1개씩 내줬지만, 실점 없이 임무를 마쳤다. 고우석은 세이브 요건을 채운 중간 투수에게 주는 홀드를 처음으로 챙겼다. 이날 미네소타는 이 리드를 끝까지 지켜 5-3으로 이겼다. 고우석은 선두타자 본 그리섬을 우익수 뜬공으로 잡은 뒤 비디오 판독을 거쳐 조 아델을 볼넷으로 내보냈다. 후속 웨이드 메클러를 2루수 땅볼로 유도해 아델을 2루에서 잡았지만, 덴세르 구스만에게 내야안타를 맞아 1, 2루 실점 위기를 맞았다. 고비에서 고우석은 로건 오호피를 유격수 직선타로 요리하고 이닝을 마쳤다. 21개의 공을 던져 13개를 스트라이크로 채웠으며 직구 최고구속은 시속 155㎞를 찍었다. 고우석은 이틀 전 클리블랜드 가디언스를 상대로 등판해 역대 30번째 한국인 메이저리거가 됐다. 2024년 미국 무대 진출 후 치른 데뷔전이었다. 한편 고우석의 처남인 샌프란시스코 자이언츠 외야수 이정후는 콜로라도 로키스와의 홈경기에서 7번 우익수로 출전해 3타수 무안타로 침묵했다. 올 시즌 타율은 0.306으로 깎였다. 이정후는 3회 1루수 땅볼, 5회 삼진으로 물러났다. 7회에는 3루수 포구 실책으로 1루를 밟았지만, 후속타자의 병살타 때 2루에서 잡혔다. 샌프란시스코는 4-2로 승리했다. 고봉준 기자 ko.bongjun@joongang.co.kr",https://v.daum.net/v/7Gqz831yyl
2026.07.12 11:18,"""어릴 때 기억은 안 나는데..."" 박석민 아들 박준현, 첫 올스타 얼떨...",스타뉴스,"[스타뉴스 | 박수진 기자] 데뷔 첫 해부터 올스타 무대를 밟은 키움 히어로즈의 투수 박준현(19)이 감격스러운 소감과 함께 후반기 반등을 향한 강한 의지를 드러냈다. 아울러 과거 아버지 박석민(41·삼성 라이온즈 2군 코치)을 따라 올스타전에 나섰던 '꼬마'에서 당당한 KBO리그의 현역 올스타로 성장, 아버지의 절친한 선배인 최형우(43·삼성 라이온즈)와 뜻깊은 장면을 연출했다. 박준현은 11일 서울 잠실야구장에서 열린 2026 올스타전을 앞두고 현장 취재진과 만나 ""팀에서 보내주셨기 때문에 감독님과 팬분들께 너무 감사드린다""라며 ""오늘 좋은 추억을 쌓고, 이를 바탕으로 후반기에는 더 좋은 모습을 보여드리겠다""고 첫 올스타 선정 소감을 밝혔다. 이종범-이정후를 비롯해 KBO리그 역사에서 몇 안 되는 1군 '부자(父子) 올스타' 기록을 쓰게 된 박준현은 어릴 적 아버지를 따라 올스타전 현장을 밟은 바 있다. 키움 구단 역시 그를 '올스타 경력'이 있다고 소개하기도 했다. 이에 대해 그는 ""사실 어렸을 때라 기억이 잘 안 난다. '사진을 봐도 이런 걸 찍었구나' 하는 느낌""이라면서도 ""그래도 지금은 (올스타전이라는 것이) 진짜 오기 힘든 곳이라는 걸 뼈저리게 느끼고 있다. 잘해서 다음번에도 또 오고 싶다""고 말했다. 무덤덤한 아버지의 반응에 대해서는 ""올스타전에 대해 따로 별말씀 안 하셨고, 그냥 선배님들께 인사 잘 드리고 오라고만 하셨다""고 전했다. 이날 올스타전 현장에서는 감동적인 장면이 재현됐다. 과거 아버지를 따라 올스타전에 왔던 어린 박준현을 안아주었던 '대선배' 최형우와 다시 만나 2011시즌 이후 15년 만에 올스타전 현장에서 포옹하는 모습을 그대로 사진으로 재현한 것. 세월을 뛰어넘은 두 선수의 포옹은 야구팬들에게 잔잔한 감동을 선사하고 있다. 현역 올스타로 당당히 나선 박준현은 리그 최고 투수이자 팀 선배인 안우진을 향한 존경심도 숨기지 않았다. 그는 ""입단할 때부터 안우진 형이 내 롤모델이었다. 처음 봤는데도 남들보다 더 잘 챙겨주시고, 스프링캠프 때부터 야구적인 부분에서 엄청나게 많은 이야기를 해주셨다""라며 ""우진이 형 같은 형을 만난 게 나에게 가장 큰 복인 것 같다""고 고마움을 전했다. 옆에서 본 안우진은 어떤 투수였을까. 박준현은 ""야구하면서 '진짜 괴물이다' 싶은 사람을 본 적이 없었는데, 우진이 형이 던지는 걸 보면서 '이 사람은 진짜 다르구나'라는 걸 느꼈다. 몇 년 뒤에는 우진이 형만큼 하고 싶다""는 포부를 밝혔다. 안우진에게 빼앗아 오고 싶은 능력이 있냐는 질문에는 ""습득력이다. 밸런스가 안 좋을 때 코치님이 알려주시면 바로 고치시는데, 그런 재능을 뺏어오고 싶다""고 답했다. 전반기를 돌아본 박준현은 아쉬움이 더 많다고 자평했다. 그는 ""마운드에서 제구적인 부분이 한 번씩 무너지는 게 아쉬웠다""라며 ""특히 타자들에게 맞을 때 불리한 카운트에서 맞은 적이 많다. 후반기에는 맞더라도 내가 유리한 카운트를 점하고 들어가면서 정면 승부를 하고 싶다""고 구체적인 보완점을 짚었다. 이제 키움은 후반기 외국인 타자 2명 체제를 가동하면서 토종 투수들이 중심이 되는 '5선발 체제'로 들어간다. 박준현의 선발 등판 기회도 더 자주 찾아올 전망이다. 이에 대해 박준현은 ""일단 타자들이랑 붙어봐야 한다고 생각하기 때문에, 내 공 믿고 자신 있게 붙어보겠다""며 눈을 빛냈다. 박수진 기자 bestsujin@mtstarnews.com",https://v.daum.net/v/PmWq60tWhB
2026.07.12 11:12,"걱정 마세요, 아빌라는 156km가 맞습니다... SSG 구단이 직접 측...",MHN스포츠,"(MHN 정철우 기자) SSG 랜더스 새 외국인 투수 페드로 아빌라를 둘러싸고 때아닌 구속 논란이 불거졌다. SSG는 아빌라 영입을 공식 발표하면서 최고 시속 156㎞의 빠른 공을 던지는 투수라고 소개했다. 그러나 아빌라는 국내 취재진과 만난 자리에서 구속에 관한 질문이 나오자 다소 예민한 반응을 보였다. 이 장면이 알려지면서 일부 팬들 사이에서는 “실제로 156㎞를 던지는 투수가 맞느냐”는 의문까지 제기됐다. 하지만 팬들이 크게 걱정할 필요는 없어 보인다. 156㎞는 선수를 돋보이게 만들기 위해 급조한 홍보용 숫자가 아니기 때문이다. SSG 구단 관계자는 아빌라의 구속에 대해 “스카우트 과정에서 트랙맨 장비 등을 활용해 투구 내용을 면밀하게 살폈다. 그 과정에서 실제로 최고 156㎞가 측정됐다”고 설명했다. 여기서 중요한 것은 구속의 출처다. 외국인 투수를 소개하는 과정에서 과거 어느 경기에서 한 차례 찍힌 최고 구속을 끌어오는 경우가 적지 않다. 선수의 전성기 기록이나 측정 방식이 불분명한 숫자가 그대로 소개 자료에 들어가는 일도 있다. 하지만 아빌라의 156㎞는 SSG 스카우트팀이 영입을 검토하는 과정에서 직접 확보하고 분석한 데이터에 근거한 수치다. 단순히 아빌라 측이 제출한 자료만 믿은 것도 아니다. SSG는 트랙맨을 비롯한 추적 장비 데이터를 통해 패스트볼 구속과 움직임, 변화구의 회전과 궤적, 투구 메커니즘 등을 종합적으로 들여다봤다. 구단이 공식 보도자료에 최고 156㎞를 명시할 수 있었던 것도 이런 검증 과정이 있었기 때문이다. 아빌라가 구속 질문에 민감하게 반응했다고 해서 156㎞라는 수치까지 의심할 이유는 없다. 아빌라의 반응은 “나는 구속만으로 설명되는 투수가 아니다”라는 뜻에 가까울 수 있다. SSG가 소개한 아빌라는 신장 180㎝, 체중 95㎏의 단단한 체격을 갖춘 오른손 투수다. 평균 150㎞ 안팎의 포심 패스트볼을 중심으로 커터, 체인지업, 커브, 스플리터 등 다양한 변화구를 던진다. 최고 구속만 높은 투수가 아니라 여러 구종을 조합해 타자를 상대할 수 있는 유형이다. 메이저리그에서는 샌디에이고 파드리스와 클리블랜드 가디언스 소속으로 통산 72경기에 등판해 146⅓이닝을 던졌다. 성적은 8승4패, 평균자책점 3.51이다. 메이저리그에서 선발과 불펜을 오가며 경쟁력을 보였다는 점은 분명한 장점이다. 일본프로야구 경험도 있다. 아빌라는 2025년 야쿠르트 스왈로스에서 15경기에 등판해 82⅓이닝을 소화하며 7승8패, 평균자책점 4.04를 기록했다. 압도적인 성적이라고 표현하기는 어렵지만 선발로 꾸준히 마운드에 올라 이닝을 책임졌다. 경기당 평균 5이닝 이상을 소화했고 15경기에서 7승을 따냈다. 일본에서 이미 아시아 야구를 경험했다는 점은 결코 가볍게 볼 부분이 아니다. 스트라이크존을 넓게 쓰는 메이저리그와 달리 일본과 한국에서는 타자의 콘택트 능력과 끈질긴 승부를 이겨내야 한다. 주자 견제와 번트 수비, 세밀한 볼 배합에도 적응해야 한다. 아빌라는 그 과정을 이미 한 차례 거쳤다. 물론 일본에서 평균자책점 4.04를 기록했다는 사실만으로 KBO리그 성공을 장담할 수는 없다. 올해 마이너리그 성적 역시 만족스럽다고 보기 어렵다. 아빌라가 이름값이나 경력만으로 쉽게 성공할 수 있는 상황은 아니다. 다만 SSG가 아빌라를 선택한 이유를 최고 구속 하나로 좁혀서도 안 된다. 평균 150㎞ 안팎의 빠른 공을 던질 수 있고, 네 가지 이상의 변화구를 활용할 수 있으며, 메이저리그와 일본프로야구를 모두 경험했다. 여기에 선발과 불펜을 오간 경험까지 갖고 있다. 시즌 중반 이후 합류하는 외국인 투수에게 필요한 실전 감각과 적응력을 어느 정도 갖춘 셈이다. 156㎞는 아빌라의 전부가 아니다. 그렇다고 존재하지 않는 숫자도 아니다. SSG는 팬들의 기대를 끌어올리기 위해 확인되지 않은 구속을 앞세운 것이 아니다. 스카우트 과정에서 트랙맨 데이터를 면밀히 분석했고, 실제 측정된 최고 구속을 공식 자료에 담았다. 구단이 수십만 달러를 투자하면서 가장 기본적인 구속조차 확인하지 않았을 것이라고 보는 편이 오히려 비현실적이다. 팬들이 주목해야 할 지점은 아빌라가 매 경기 156㎞를 던지느냐가 아니다. 평균 150㎞ 안팎의 공을 얼마나 안정적으로 유지하는지, 빠른 공과 커터·체인지업·스플리터를 어떻게 섞는지, 그리고 선발로 얼마나 긴 이닝을 버텨주는지가 중요하다. 최고 구속은 투수의 천장을 보여주지만 선발 투수의 가치는 평균 구속과 제구, 변화구, 이닝 소화 능력이 함께 결정한다. 아빌라가 인터뷰에서 구속 이야기에 예민하게 반응했다는 사실만으로 구단의 발표를 의심할 필요는 없다. 156㎞는 이미 장비와 데이터로 확인된 숫자다. 이제 남은 것은 그 숫자를 실제 경기력으로 연결하는 일이다. SSG가 아빌라에게 기대하는 것은 전광판에 한 번 찍히는 156㎞가 아니다. 빠른 공을 바탕으로 타자를 몰아붙이고, 다양한 변화구로 승부를 끝내며, 팀이 이길 수 있는 이닝까지 마운드를 지키는 것이다. 스카우트팀은 이미 속도를 확인했다. 이제 팬들이 확인할 차례는 아빌라가 얼마나 좋은 투구를 하느냐다.",https://v.daum.net/v/Wz9g3hOcev
2026.07.12 11:10,"4년만에 전반기 완주, 최형우 빈자리 채웠다...건강한 150억 캡틴, ...",OSEN,[OSEN=이선호 기자] 진짜 풀타임 약속 지킬까. KIA 타이거즈 캡틴 나성범(37)이 건강하게 전반기를 마쳤다. 팀 86경기 가운데 82경기에 출전했다. 성적도 좋다. 타율 2할9푼5리 17홈런 49타점 47득점 OPS .912 득점권 타율 3할3푼9리를 기록했다. 4번타자로 최형우의 빈자리를 메웠고 당당히 팀 4위를 이끌었다. 전반기 롯데와의 마지막경기에서 5-1로 달아나는 투런홈런을 터트려 5연패를 막았다. 전반기 나성범의 활약상을 그대로 반영하는 장면이었다. FA 계약을 맺은 2022시즌 전경기에 출전한 이후 4년만에 전반기를 풀타임으로 보낸 것이다. 당시 첫 시즌 3할2푼 21홈런 97타점 91득점 OPS .910의 우등성적표를 냈다. 6년 총액 150억의 가치를 유감없이 보여주었다. 당시 하필이면 최형우가 전반기 부상으로 주춤한 탓에 시너지 효과를 내지 못했다. 꾸준한 활약을 믿어의심치 않았지만 이후 3년간 내리 부상에 시달렸다. 2023 WBC 대회에서 종아리 근막손상 부상을 입고 6월 하순에야 복귀했다. 2024시즌을 앞두고 오른쪽 햄스트링 손상 판정을 받아 한 달 늦게 시즌을 시작했다. 그래도 풑타임에 실패했지만 2할9푼1리 21홈런 80타점을 올리며 우승에 기여했다. 2025시즌도 부상을 피하지 못했다. 개막엔트리에 진입했으나 4월말 오른쪽 종아리 부상으로 이탈했다. 전반기 내내 모습을 볼 수 없었다. 김선빈과 함께 후반기에서나 1군에 복귀했다. 타선의 힘이 될 것으로 기대를 모았으나 부진했다. 2할6푼8리 10홈런 36타점에 그쳤다. 커리어로우 기록이었다. 3년 연속 부상에 시달리자 나성범을 보는 눈이 곱지 않아졌다. 아무래도 가성비를 따질 수 밖에 없었다. 나성범도 계약 5년차를 맞으면서 각오도 남달랐다. 4년째 풀타임 실패는 있을 수 없었다. 더군다나 부동의 해결사 최형우가 친정 삼성으로 이적하면서 나성범의 책임도 더욱 커졌다. 이를 악물고 시즌을 준비했다. 몸의 유연성을 늘리고 부상방지를 위해 필라테스 운동까지 도입했다. 스프링캠프까지 흘린 구슬땀이 전반기 풀타임으로 나타났다. 물론 기복은 있었다. 개막 2연전에서 펄펄 날았지만 다시 타격슬럼프가 찾아왔다. 레그킥을 줄이기도 했다. 타격 포인트를 과감하게 앞에 두면서 특유의 장타가 살아나기 시작했다. 에이징커브를 인정하고 타격접근 방식을 재정립했다고 볼 수 있다. 나성범이 4번타자로 중심을 잡아주고 건강한 김도영까지 제몫을 하면서 KIA 타선은 다른 팀과 해볼만해졌다. KIA는 후반기 58경기 치른다. 이걸 다 소화해야 진짜 풀타임 시즌이다. 자신도 올시즌을 앞두고 건강한 풀타임을 약속했다. 김도영이 아시안게임에 출전하면 더 더욱 나성범의 타격이 중요하다. 약속을 지키면 팀의 가을행 가능성도 그만큼 높아진다. 그래서 캡틴의 후반기가 궁금해진다. /sunny@osen.co.kr,https://v.daum.net/v/yqMJZmDgSn
2026.07.12 11:06,‘미스터 올스타’ 허인서의 다음 목표… 황금세대 일원+양강구도 후계자 [...,스포츠동아,"[잠실=스포츠동아 박정현 기자] 허인서(23·한화 이글스)가 ‘미스터 올스타’를 계기로 더 성장하려고 한다. 허인서는 11일 잠실구장서 열린 ‘2026 신한 SOL KBO 올스타전’서 나눔 올스타의 8번타자 포수로 선발출전해 5타수 4안타 1타점 1득점으로 10-2 승리를 이끌었다. 그는 경기 종료 후 기자단 투표 26표 중 13표를 받아 득표율 50%로 미스터 올스타에 선정됐다. 별 중의 별이 돼 상금 2000만 원과 트로피, 바디프랜드 733을 손에 넣었다. 허인서는 “올스타전 첫 출전부터 미스터 올스타를 받을 수 있어 기쁘다”며 “오늘(11일)이 생일이었는데 선물을 받은 것 같아 기분이 좋다. 최고의 선물”이라고 미소를 보였다. 그는 타이틀 획득을 계기로 더 큰 꿈을 꾼다. ●2003년생 황금세대 일원 KBO리그에는 이재현과 김영웅(이상 삼성 라이온즈), 안현민과 박영현(이상 KT 위즈), 김도영(KIA 타이거즈), 문동주(한화), 윤동희(이상 23·롯데 자이언츠) 등 미래가 기대되는 2003년생 선수들이 많다. 허인서는 동갑내기 친구들과 함께 한국 야구의 황금세대를 이끌어가려고 한다. 허인서는 지난해까지 주로 퓨처스(2군) 팀서 지내며 친구들의 활약을 지켜봤지만, 올해는 다르다. 정규리그 73경기에 출전해 타율 0.292, 12홈런, 45타점, OPS(출루율+장타율) 0.864로 두각을 나타내고 있다. 베테랑 최재훈(37)보다 더 많이 출전하며 안방마님으로 자리 잡았다. 미스터 올스타 선정까지 더해져 야구 인생을 바꿀 전환점을 맞았다. 프로 무대서 먼저 치고 나간 동기들의 활약이 좋은 자극이 됐다. 허인서는 퓨처스팀서 묵묵히 자신의 기량을 단단히 다진 뒤 1군서 잠재력을 터트리고 있다. “나와 같은 나이대의 선수들을 보면 잘하는 선수가 많다. 그들에게 처지지 않고 잘하려고 노력했다”고 말했다. ●양강구도 후계자 KBO리그는 어린 포수들의 더딘 성장세가 큰 고민거리이다. 2010시즌 양의지(39·두산 베어스) 이후 15년간 포수가 신인왕에 오르지 못했다. 양의지와 강민호(41·삼성)가 선수 생활의 마지막 페이지를 향했지만, 둘을 뛰어넘을 마땅한 후계자가 보이지 않는다. 허인서가 양강구도 후계자에 도전장을 던졌다. 그는 올해 12홈런, 장타율 0.495로 공격 재능을 뽐냈다. 수비서는 아직 부족한 부분이 많지만, 경험이 쌓이면 이를 충분히 개선할 수 있다는 평가가 뒤따른다. 허인서는 “양의지와 강민호 선배는 지금까지 해온 것이 많고, 정말 좋은 포수들”이라며 “솔직하게 말하면, 선배들의 뒤를 이어간다는 말이 아직은 과분하다. 하지만 앞으로 더 잘하기 위해 노력하겠다. 송구가 약하기 때문에 코치님과 같이 연구하면서 더 발전하겠다”고 다짐했다. 잠실｜박정현 기자 pjh60800@donga.com",https://v.daum.net/v/ZOiiFCsAzO
2026.07.12 11:02,"""추억을 지키러 왔습니다"" 선수들만 '마지막'이 아니었다, 잠실 올스타전...",일간스포츠,"'마지막 올스타전, 우리도 할 수 있는 게 있을까.' 서울 잠실야구장에서 열리는 마지막 올스타전을 앞두고 한국야구위원회(KBO)와 10개 구단 선수단 모두가 이 '마지막'에 큰 의미를 부여하며 행사를 준비했다. 하지만 그라운드 밖에서 묵묵히 마지막을 준비한 이들도 있었다. 바로 잠실야구장의 안전과 경비를 담당하는 경기장 스태프들이다. 잠실야구장 보안 업체인 신화안전시스템은 지난달 26일 공식 소셜미디어(SNS)를 통해 특별한 공고를 게재했다. '잠실야구장 마지막 시즌, 마지막 올스타전. 잠실야구장에 추억을 간직한 근무자들을 찾습니다'라는 내용이었다. 이 공고의 모집 대상은 2016년부터 2025년까지 잠실야구장에서 근무했던 전직 스태프들이었다. 주요 업무는 과거와 마찬가지로 관중과 선수의 안전을 확보하는 것이었다. 여기에 가장 중요한 임무가 하나 더 추가됐다. 바로 '잠실야구장의 아름다운 마지막을 책임감 있게 함께하기'였다. 양진혁 신화안전시스템 팀장은 ""올해가 잠실야구장에서 치르는 마지막 시즌인 만큼 우리도 의미 있는 역할을 해야 한다고 생각했다""며 ""마지막 올스타전을 앞두고 고민한 끝에, 이곳에 추억을 가진 전직 근무자들을 모아 그들에게도 뜻깊은 시간을 선사하자는 아이디어를 냈다""고 기획 의도를 설명했다. 물론 관중과 선수의 안전이 최우선이기에, 지원 자격은 스포츠안전아카데미 안전교육 이수자로 엄격히 제한했다. 양 팀장에 따르면, 선착순 20명 모집에 50명이 넘는 전직 스태프들이 각자의 다양한 사연을 담아 지원서를 제출했다. 올스타전 도중 만난 양 팀장은 ""생각보다 많은 인원이 잠실야구장에 대한 추억을 안고 지원해 줘서 감사하다. 마지막 올스타전을 안전하고 뜻깊게 마무리해 주길 바란다""고 당부했다. 한편, 신화안전시스템은 이날 올스타전에 170여 명의 인력을 투입해 관중 및 선수 안전에 만전을 기했다. 양 팀장은 ""남은 시즌 동안 팬과 선수들이 잠실야구장에서의 마지막 추억을 온전히 즐길 수 있도록 안전 관리에 더욱 철저를 기하겠다""고 각오를 다졌다. 잠실=윤승재 기자 yogiyoon@edaily.co.kr",https://v.daum.net/v/3PqqDRQ9IL
2026.07.12 10:56,부채→뱃지→'공주' 퍼포먼스까지…'마지막 잠실 올스타전' 맞은 KT 세심...,엑스포츠뉴스,"(엑스포츠뉴스 잠실, 양정웅 기자) 마지막 잠실 올스타전에 나서는 KT 위즈의 각오는 남달랐다. 구단과 선수가 합심에 팬들에게 선물을 안겨줬다. 10일과 11일에 걸쳐 진행된 2026 신한 SOL KBO 올스타전 행사에서 여러 이벤트를 준비했다. KBO 퓨처스 올스타전이 열린 지난 10일, 잠실은 오전부터 비가 내리는 등 흐린 날씨가 이어졌다. 비는 그쳤지만, 높아진 습도로 인해 불쾌지수도 함께 상승했다. 이때 KT 프런트가 돌아다니며 박스에 담긴 부채를 취재진 등 관계자들에게 나눠줬다. 타 구단 관계자도 부채를 받아들고는 ""KT가 정말 고맙다""며 웃음을 지었다. KT는 1000개의 부채를 제작했는데, 관중석에서 더위와 씨름하는 팬들에게 대부분을 나눠주며 팬서비스를 보여줬다. 이 부채에는 선수들의 자기소개와 각오가 적혀있었다. 남부팀 선발투수로 나온 박지훈은 ""(제이콥) 디그롬처럼 될게요! 빠른 공을 던지고, 피지컬이 좋은 투수입니다. KT 위즈의 미래 '1선발'이 되고 싶습니다""라고 했고, 이재원은 ""(에릭) 테임즈처럼 될게요!""라고 말했다. KT 관계자는 ""이전에는 선수단의 주요 기록들이 명시된 카탈로그를 제작했으나, 올해는 팬들과 미디어를 대상으로 조금 더 실용적인 부채를 마련""했다며 ""올스타전이 열리는 시기의 더운 날씨를 고려했고, 부채에도 선수들의 롤 모델과 각오를 명시하며 홍보 효과를 노렸다""고 말했다. 올스타전 본 게임 당일에도 KT는 의미 있는 선물을 만들었다. 바로 직접 제작한 뱃지였다. 뱃지는 마지막 잠실 올스타전의 의미를 담아 아래에 잠실 야구장을 시각화했고, 올스타 출전 선수의 배번을 표기해 기념했다. KT는 경기 전후, 이벤트 장소, 팬 사인회 등에서 선수와 마스코트가 직접 KBO 팬들을 찾아 나눠줬다. 더그아웃에서도 최원준이 직접 관계자들에게 뱃지를 주며 웃음을 자아냈다. 또한 대학생리포터인 위즈포터는 올스타전 현장에서 직접 만든 스트레스볼(말랑이) 50개와 아이 패치 700개를 팬 대상으로 선물했다. 스트레스볼의 경우 전용주, 손동현이 위즈포터와 함께 제작해 의미를 더했다. 올스타전 하면 빼놓을 수 없는 퍼포먼스도 잘 이뤄졌다. 퓨처스 올스타전에서 남부팀의 선발투수였던 박지훈은 영화 '왕과 사는 남자' 단종 역 박지훈 배우와 동명이인인 점에 착안해 활을 쏘는 명장면을 재현했다. 포수 김민석은 닮은 꼴 연예인인 '초롱이' 고규필 배우를 따라했고, 외야수 이재원은 영화 '인크레더블' 캐릭터 '대쉬' 코스프레를 하며 자신의 빠른 발을 어필했다. 올스타 본 게임에서는 최원준의 '공주 코스프레'가 빛났는데, 별명인 '공포의 주둥이'에 착안해 유럽풍 원피스를 착용했다. 허경민은 딸 허서우 양의 생일이 올스타전 당일이어서 현수막을 들고 나와 팬들과 축하하는 시간을 가졌다. 구단 유튜브에서 올스타 선수들의 응원법을 직접 하며 이강철 감독에게 ""미친 줄 알았다""는 샤라웃(?)을 받았던 전용주와 손동현도 만반의 준비를 했다. 전용주는 애니메이션 '주술회전'의 캐릭터 코스프레를 했고, 손동현은 응원단장 복장을 입고 '질풍가도'에 맞춰 춤을 췄다. KT는 ""잠실 구장에서 열리는 마지막 '축제의 장'을 맞아 다양한 팬 서비스를 마련했다""며 ""팬, 선수, 응원단 모두가 즐길 수 있는 다양한 아이템을 기획했다""고 얘기했다. 사진=잠실, 김한준·박지영 기자 / 엑스포츠뉴스 DB / KT 위즈 양정웅 기자 orionbear@xportsnews.com",https://v.daum.net/v/84QJqYTs1q
2026.07.12 10:50,“최강 경북” “영광 세광”...목동 달군 응원전,조선일보,"“최강 경북 승리하리라” “영~광영광영광 세광” 12일 오전 서울 목동야구장에 두 가지 응원 구호가 울렸다. 제81회 청룡기 전국고교야구선수권대회 겸 주말리그 왕중왕전(조선일보·스포츠조선·대한야구소프트볼협회 공동 주최) 결승전에서 맞붙은 경북고와 세광고 경기는 응원전(戰)부터 시작이었다. 두 학교 동문과 재학생 등으로 구성된 응원단은 서로 질세라 소리 높여 응원 구호를 불렀다. 3루 쪽 응원석에 자리한 경북고 응원단은 프로야구 삼성의 익숙한 응원가 ‘엘도라도’에 맞춰 목소리를 높였다. 경북고 학생과 교사 150여 명은 오전 4시 30분 대구 경북고 운동장에 모였다. 버스에 몸을 싣고 5시간여를 달린 끝에 오전 9시 40분쯤 목동야구장에 도착했다. 학생들은 “127년 전통 경북고, 동경 127 서울에서 우승한다”는 손팻말을 들고 응원석에 자리했다. 뒤편에는 ‘개교 1899, 후회 없이 최선을 다하자 최강 경북고등학교’ ‘1899 동문의 역사, 승리의 화신 경북고 야구부’라고 적힌 플래카드가 내걸렸다. 경북고 응원단 맨 앞에서 목소리를 높인 2학년 3반 고정우·손명재군은 같은 학년인 엄태욱을 가장 응원하고 있다고 했다. 준결승에서 7타점을 쓸어담았던 엄태욱은 이날 결승에선 포수 마스크까지 쓰고 경기에 나섰다. 두 학생은 “같은 학년 친구가 큰 경기에서 뛰는 게 자랑스럽다”며 “엄태욱이 오늘도 꼭 좋은 활약을 해 경북고가 우승했으면 좋겠다”고 말했다. 경북고 2학년 이성범군은 “꼭 우승하는 거 보고 싶어서 자발적으로 모였다”며 “멋진 경기 해서 꼭 이겼으면 좋겠다”고 했다. 동문들도 전국 각지에서 집결했다. 김현수 경북고 총동창회장은 “대구에서 동문 200여 명이 왔고, 서울에서도 비슷한 숫자가 올 것으로 본다”며 “선수들이 명문 경북고의 전통에 걸맞은 경기를 펼칠 수 있도록 힘껏 응원하겠다”고 했다. 경북고는 결승 진출을 계기로 별도의 일회성 모금을 벌이지는 않았다고 한다. 대신 동문들이 매달 1만원씩 정기 후원하는 방식으로 야구부를 꾸준히 지원하고 있다. 김 회장은 “야구부가 잘 운영되는 것은 선배들의 오랜 지원 전통 덕분”이라며 “학부모들도 선수들의 식사를 직접 챙기고, 원정 경기 때마다 간식과 음료를 준비하는 등 보이지 않는 곳에서 많은 역할을 하고 있다”고 했다. 1루 쪽 응원석에 자리한 세광고 응원단은 ‘하늘엔 영광! 땅에는 세광! 청룡기 우승 세광!’이라 적힌 플래카드를 들고 ‘세광 찬가’를 불렀다. 기독교 학교인 세광고에서 찬송가 가사를 각색해 만든 응원가다. 이날 세광고 학생과 교사 250여 명은 오전 6시 30분쯤 충북 청주시 세광고에서 모여 목동 운동장으로 향했다. 세광고 2학년 정지원군은 “옆반 친구인 4번 타자 (이)상준이의 활약상을 기대하고 있다”며 “야구부 친구 및 선후배들이 후회 없이 최선을 다해서 좋은 결과를 얻었으면 좋겠다”고 했다. 후배들인 세광중 야구부 45명도 오전 7시에 일찌감치 학교에 모여 다같이 목동행 버스에 올랐다. 세광중 야구부 주장인 3학년 김솔군은 “같은 포지션(포수) 선배인 전영훈 선수와 평소 연락도 자주 하면서 리더십 같은 부분을 배우고 있다”며 “선배들이 처음으로 결승 무대에 올라선 만큼 무조건 우승했으면 좋겠다”고 했다. 세광고의 첫 청룡기 결승행을 응원하러 온 동문들의 열기도 뜨거웠다. 동문 250여 명이 세광고 유니폼을 입고 그라운드를 찾았다. 세광고 28회 졸업생이라는 이성용(62)씨는 “재학 시절 황금사자기 우승으로 자부심이 컸는데, 이번에 다시 전국대회 우승 기회가 찾아오게 돼 뜻깊다”며 “동문들이 오전 7시부터 청주에서 목동운동장으로 향했는데, 우승까지 달성하면 온 청주가 들썩들썩할 것”이라고 했다. 세광고 동문들은 응원을 위해 플래카드와 더불어 한자로 ‘세광고(世光高)’가 적힌 티셔츠도 맞췄고, 김밥과 떡, 아이스커피 등을 준비했다. 세광고를 응원하기 위해 윤건영 충청북도교육감도 목동야구장을 찾았다. 박종찬 세광고 동문회장은 “개교 이래 첫 청룡기 결승인 만큼, 한마음 한뜻으로 응원해서 값어치 있는 결과를 가져오도록 노력하겠다”고 했다.",https://v.daum.net/v/xkXLZmDgHl
2026.07.12 10:48,"생일에 ‘미스터 올스타’까지! 허인서, 잠실의 마지막 밤 주인공 됐다",포모스,"잠실구장에서 열린 마지막 KBO 올스타전의 주인공은 한화 이글스 포수 허인서였다. 마침 23번째 생일을 맞은 그는 4안타를 몰아치며 생애 첫 올스타전 최우수선수에 선정됐고, 스스로도 “인생 최고의 생일”이라며 감격을 숨기지 않았다. 허인서는 11일 서울 잠실구장에서 열린 2026 KBO 올스타전에 나눔 올스타의 8번 타자 포수로 선발 출전해 5타수 4안타 1타점 1득점을 기록했다. 기자단 투표에서는 전체 26표 가운데 13표를 받아 같은 팀 문현빈을 제치고 ‘미스터 올스타’ 트로피를 품에 안았다. 경기 내내 MVP 경쟁은 치열했다. 허인서와 문현빈은 나란히 첫 세 타석에서 안타를 만들었고, 허인서가 7회 네 번째 안타를 먼저 완성했다. 이후 문현빈도 8회 3루타를 터뜨리며 4안타로 따라붙었다. 허인서는 문현빈의 3루타를 본 순간 MVP가 넘어갔다고 생각했다고 털어놨다. 하지만 최종 수상자는 허인서였다. 한화 선수가 올스타전 MVP를 받은 것은 2023년 채은성 이후 3년 만이며, 포수 출신 MVP는 지난해 박동원에 이어 2년 연속 나왔다. 수상 시점이 생일과 겹치면서 기쁨은 더 컸다. 허인서는 처음 출전한 올스타전에서 MVP까지 받게 돼 생일선물을 받은 기분이라며, 이날을 인생 최고의 생일로 기억하겠다고 말했다. 전날 홈런더비에서도 존재감을 보였다. 예선에서 홈런 7개를 기록했지만 비거리 순위에서 밀려 결승에 오르지 못했다. 동률일 경우 비거리로 결승 진출자를 가리는 규정을 뒤늦게 알았고, 다시 칠 준비를 하다가 이름이 불리지 않아 당황했다고 웃으며 돌아봤다. MVP 상금 2천만 원은 부모님께 모두 드릴 계획이다. 다만 다시 필요한 만큼 용돈으로 돌려달라고 부탁해 부모님의 마음을 확인해보겠다는 농담도 덧붙였다. 올 시즌 전반기 타율 0.292와 12홈런, 45타점을 기록한 허인서는 올스타전의 좋은 흐름을 후반기까지 이어가겠다는 각오다. 한화 타선 전체의 감각이 좋아 보였다며 팀이 더 높은 순위로 올라갈 수 있도록 힘을 보태겠다고 밝혔다. 포수로서 보완해야 할 과제로는 도루 저지를 꼽았다. 송구 능력에는 자신이 있지만 현재 수치가 만족스럽지 않은 만큼 원인을 분석해 후반기에는 더 안정적인 수비를 보여주겠다는 뜻도 전했다. 잠실구장의 마지막 올스타전과 자신의 생일, 그리고 생애 첫 MVP가 한날에 겹쳤다. 허인서에게 이날은 단순한 축제를 넘어 선수 생활에서 오래 남을 특별한 장면이 됐다. 사진 = 연합뉴스 최대영 rokmc117@fomos.co.kr",https://v.daum.net/v/fqzvftZvMw
2026.07.12 10:41,"“韓 좋은 좌투수 지금도 많다, 많이 있는데 그 선수들이…” 류현진은 당...",마이데일리,"[마이데일리 = 잠실 김진성 기자] “좋은 좌투수, 지금도 많다, 많이 있는데…” 류현진(39, 한화 이글스)은 11일 서울 잠실구장에서 열린 올스타전서 나눔 올스타 두 번째 투수로 등판, 1이닝을 무실점으로 막아냈다. 투구수는 단 9개였다. 최형우(42, 삼성 라이온즈)가 있어서 아직 최고령 출전기록에 이름을 올리지는 않았다. 류현진은 올스타전에 워낙 많이 출전해 큰 감흥은 없어 보였다. 그래도 “기쁘게 생각하고, 오늘 하루 팬들과 즐기는 시간을 갖겠다”라고 했다. 그러면서 “모르는 선수들을 알아갈 수 있는 시간이다. 친해질 계기가 된다”라고 했다. 물론 올스타전 최고령 승리투수, 전반기 한미 2499K 등 개인기록은 전혀 신경을 안 쓰고 있다고 했다. 류현진은 “개인적인 목표는 하나도 없다. 개인기록은 하고 싶다고 해서 할 수 있는 건 아니기 때문에 신경 안 쓴다. 내가 할 수 있는 역할만 생각한다”라고 했다. 그러면서 “작년처럼 팀이 가을야구를 꼭 가면 좋을 것 같다. 그렇게 할 수 있도록 선수들과 준비를 잘 해야 한다”라고 했다. 잠실구장은 올해를 끝으로 사라진다. 류현진은 데뷔전을 잠실에서 치르는 등 잠실과 인연이 각별하다. 류현진은 “특별한 것은 없다. 모든 투수가 좋아하는 구장이 잠실이다. 나도 그 중의 한 명이다”라고 했다. 그래도 올해 전반기는 2024년 복귀 후 가장 좋았다. 15경기서 8승2패 평균자책점 2.67이었다. 새파란 후배 투수들 사이에서 여전히 리그 최고의 기량을 뽐냈다. 스위퍼를 장착해 화제를 모으기도 했다. 류현진은 “그냥 선발투수가 할 수 있는 역할을 다해서 만족스럽다. 팀이 이기는 경기를 만들어줘서 만족한다”라고 했다. 한국야구는 대형 좌투수가 더 많이 나와야 하는 과제가 있다. 류현진도 어느덧 불혹이다. 그는 “좋은 투수가 지금도 많이 있다. 많이 있는데 그 선수들이 자기가 갖고 있는 걸 갖고 충분히 하는 게 중요하다. 그러면 더 좋은 성적을 낼 수 있을 것 같다. 그냥 본인들의 실력을 믿고 더 자신 있게 하면 좋겠다”라고 했다. 최근 미네소타 트윈스 소속으로 미국 데뷔 3년만에 메이저리그 무대를 밟은 고우석(28)을 격려하기도 했다. 류현진은 메이저리거 출신으로서 조언을 부탁을 받았지만, 하지 않았다. 그저 “조언보다 그 선수가 그곳만 바라보고 몇 년간 고생했기 때문에…본인이 잘 알고 절실할 것이라 생각한다”라고 했다. 또한, 류현진은 “또 고우석이 그곳에서 살아남기 위해 본인이 갖고 있는 무기가 있을 것이라는 생각이 든다. 그냥 해주고 싶은 말은 다치지 말고”라고 했다.",https://v.daum.net/v/1feYycNdIM
2026.07.12 10:16,"박민우 박해민 김지찬 황성빈이 출전하는 홈런 레이스...""재미있지 않을까...",OSEN,"[OSEN=잠실, 한용섭 기자] 프로야구 NC 다이노스의 박민우가 올스타전 홈런레이스의 번외 이벤트를 제안했다. 거포 선수들이 아닌 똑딱이 타자들이 참가하는 홈런 더비를 진지하게 제안했다. 박민우는 11일 서울 잠실구장에서 2026 KBO리그 올스타전을 앞두고 취재진과 인터뷰를 나눴다. 박민우는 ""작년에도 인터뷰 때 이색 홈런 레이스 제안을 했다. 홈런 잘 치는 선수들이 홈런 레이스를 하면 재미없다. 똑딱이 타자로 한 번 해보자는 얘기를 했다""고 말했다. 이어 ""저를 비롯해 박해민, 김지찬, 정준재, 황성빈, 정현창, 팀별로 한 명씩 생각하고 있는데... 컨택에 집중하는 선수들끼리 하면 재미있지 않느냐. 재미적인 요소를 넣자면 번외로 그런 홈런 이벤트도 재미있지 않을까. (컨택 타자들이) 진짜로 마음먹고 홈런 치려면 칠 수 있다""라고 웃으며 말했다. 박민우는 최근 자신의 홈런 반응에 긁힌 경험을 소개했다. 박민우는 대전 한화생명볼파크 우측 펜스의 몬스터월을 넘어가는 홈런을 때렸다. 이후 SNS에서 '박민우가 몬스터월을 넘기는 홈런'으로 이슈가 됐다고 한다. 박민우는 ""몬스터월도 충분히 넘길 수 있는데, 그런 제목을 보고 내가 몬스터월을 넘기는 게 놀랄 일인가 싶었다""고 말했다. 박민우는 홈런에 자신감을 드러냈다. 타율과 출루에 중점을 두면서 홈런 욕심을 내지 않는 것이라고 했다. 그는 ""솔직히 마음먹고 홈런 치려면 시즌 두 자리 숫자 홈런도 칠 수 있다""고 말했다. 박민우는 개인 한 시즌 최다 홈런이 8개다. 올해 전반기에 5홈런을 기록했다. 박민우는 ""홈런에는 욕심이 없다. 시즌 끝날 때 전광판에 홈런 숫자가 '0'만 아니면 된다. 홈런은 욕심이 없고, 홈런을 치기보다는 어떻게든 더 많은 안타를 치려고 한다. 전반기에 5개를 쳤든 1개를 쳤든, 홈런이 나온 것도 영양가가 어떠냐가 더 중요하다""고 강조했다. 박민우는 전반기를 타율 3할3푼7리 92안타 5홈런 48타점 48득점 출루율 .439, 장타율 .458, OPS .897을 기록했다. 6월 이후로는 타율 4할2리의 고타율이다. 박민우는 ""타율 보다 출루율이 생각보다 높아서 만족스럽다""고 말했다. /orange@osen.co.kr",https://v.daum.net/v/Hpe93hOch0
2026.07.12 10:06,"고우석, MLB서 ‘첫 홀드’…두 번째 등판 경기서 1이닝 무실점",한겨레,"메이저리그 도전 2년 8개월 만에 빅리그 마운드를 밟은 고우석(27·미네소타 트윈스)이 두 번째 등판 경기에서 첫 홀드를 기록했다. 고우석은 12일(한국시각) 미국 미네소타주 미니애폴리스 타깃필드에서 열린 로스앤젤레스(LA) 에인절스와의 안방 경기에서 팀이 5-3으로 앞선 8회초 등판해 1이닝 1피안타 1볼넷 무실점을 기록했다. 그는 세이브 요건을 채운 중간 투수에게 주는 홀드를 메이저리그 진출 이후 처음으로 챙겼다. 평균자책점도 9.00에서 4.50으로 낮췄다. 팀의 세 번째 투수로 마운드에 오른 고우석은 공 21개(스트라이크 13개)를 던지며, 최고 구속은 시속 96.2마일(약 154.8㎞)을 기록했다. 고우석은 첫 타자 본 그리섬을 우익수 뜬공으로 처리하며 깔끔하게 출발했다. 그는 후속 타자 조 아델을 볼넷으로 내보냈지만, 웨이드 메클러를 2루 땅볼로 유도해 아웃카운트를 늘렸다. 이후 덴세르 구스만에게 내야안타를 맞으며 2사 1, 2루 위기에 몰렸지만, 로건 오호피를 유격수 직선타로 처리하며 실점 없이 8회를 마무리했다. 미네소타는 9회 추가 실점 없이 5-3으로 승리하며 2연패를 끊었다. 엘지(LG) 트윈스 마무리 투수로 활약했던 고우석은 2023년 시즌 뒤 메이저리그 진출을 선언했고 포스팅 시스템을 통해 샌디에이고 파드리스와 2년 총액 450만 달러(약 68억원)에 계약했다. 하지만 이후 마이너리그를 전전하며 메이저리그 데뷔 기회를 잡지 못했다. 고우석은 지난 8일 미네소타로 이적한 뒤, 마침내 빅리그 26인 로스터에 이름을 올렸다. 그리고 지난 10일 꿈에 그리던 빅리그 데뷔전을 치르며 역대 30번째 한국인 메이저리거가 됐다. 고우석은 당시 1이닝 1피안타(1홈런) 1탈삼진 1실점을 기록했다. 손현수 기자 boysoo@hani.co.kr",https://v.daum.net/v/2SC3equ5Du
2026.07.12 10:03,"한국 야구, 아시안게임 조별리그 '대만 징크스' 이번엔 떨쳐낼까",연합뉴스,"(서울=연합뉴스) 장현구 기자 = 한국 야구대표팀이 오는 9월 아이치·나고야 아시안게임에서 강력한 라이벌 대만과 조별리그 첫 경기를 벌일 예정이어서 '징크스'를 떨쳐낼 수 있을지 주목된다. 아이치·나고야 아시안게임 조직위원회는 지난 10일 사회관계망서비스(SNS) 계정으로 야구 조 배정을 공지했다. 5회 연속 우승에 도전하는 우리나라는 대만, 홍콩, 태국과 B조에 편성됐다. 일본은 중국, 필리핀, 팔레스타인과 A조에서 경쟁한다. 우리나라의 조 편성은 3년 전인 2022 항저우 아시안게임 때와 같다. 아시안게임 야구에서는 각 조 1, 2위가 조별리그 성적을 안고 슈퍼라운드에 진출해 다른 조 1, 2위와 맞붙어 합산 성적으로 결승과 3·4위전에 나갈 팀을 결정한다. 일본은 예상대로 실업(사회인) 야구 선수 24명으로 대표팀을 꾸렸다. 대만은 오는 16일 국가대표 선수를 공개한다. 한국 야구는 최근 국제대회에서 급성장한 대만에 발목을 자주 잡혀 고난을 자초했다. 올해 초 월드베이스볼클래식(WBC) 조별리그에서도 대만에 4-5로 진 바람에 벼랑 끝에 몰렸다가 조별리그 최종전에서 호주를 상대로 '2실점 이하, 5점 차 이상 승리'라는 난제를 극적으로 풀어내고 17년 만에 8강에 진출했다. 금메달이라는 해피 엔딩으로 끝나긴 했지만, 지난 두 차례 아시안게임에서 우리나라는 대만에 거푸 조별리그에서 무릎을 꿇었다. 먼저 2018 자카르타·팔렘방 대회 조별리그 1차전에서 대만에 1-2로 패했다. 결국 3승을 거둔 대만에 이어 한국은 조 2위(2승 1패)로 슈퍼라운드에 진출해 일본과 중국을 연파하고 결승에 올라 다시 만난 일본을 3-0으로 꺾고 축배를 들었다. 2022 항저우 대회에서는 홍콩을 10-0으로 완파하고 기분 좋게 출발했지만, 조별리그 2차전에서 대만에 0-4로 완패했다. 슈퍼라운드를 거쳐 결승에서 다시 만난 대만을 상대로 문동주(한화 이글스)의 역투에 힘입어 2-0으로 이기긴 했지만, 결과를 끝까지 장담할 수 없을 정도로 경기는 팽팽했다. 대만은 우리처럼 아시안게임에서 우승하면 선수들에게 병역 혜택을 주고 적지 않은 현금 보너스도 별도로 주는 것으로 알려져 선수들의 대표팀 승선 열의가 높다. 류지현 감독과 대표팀 전력 분석팀은 일본보다는 대만의 전력이 훨씬 셀 것으로 예상하고 특히 미국프로야구 마이너리그에서 뛰는 대만 투수들의 공략법에 골몰할 예정이다. 이번 아시안게임에서는 대만 징크스에서 탈피해 처음부터 끝까지 안정감 있게 우승을 이룰지 관심이 쏠린다. cany9900@yna.co.kr (끝) ▶제보는 카톡 okjebo",https://v.daum.net/v/VZIVlaLx5W
2026.07.12 10:03,“불편하셨던 분들 죄송합니다” 구자욱은 왜 또 고개를 숙였나…정수빈 저격...,OSEN,"[OSEN=이후광 기자] 올스타전에 앞서 고개를 숙인 구자욱(삼성 라이온즈)은 왜 올스타전이 끝나고도 고개를 숙여야했을까. 구자욱은 지난 11일 서울 잠실구장에서 펼쳐진 2026 신한 SOL KBO 올스타전을 마치고 개인 SNS 계정을 통해 “즐거웠습니다. 불편하셨던분들께는 죄송합니다”라고 사과했다. 구자욱은 얼마 전 한 방송사 인터뷰에서 올스타전 퍼포먼스와 관련해 소신 발언을 하며 화제의 중심에 섰다. 박지영 아나운서의 올스타전 퍼포먼스를 어떻게 준비하고 있냐는 질문에 분장 또는 퍼포먼스가 장난으로 느껴진다며 올스타전을 전력으로 임하고 싶다는 개인적인 견해를 조심스럽게 밝혔다. 구자욱의 발언을 두고 야구팬들 사이에서 갑론을박이 벌어졌고, 구자욱이 올스타전에 앞서 직접 오해를 해명하기에 이르렀다. 전날 잠실에서 만난 구자욱은 “올스타전을 열심히 해보고 싶다. 퍼포먼스를 하면 집중이 안 되고 흐름이 끊기지 않나. 나 혼자만의 생각이다. 물론 퍼포먼스를 좋아하시는 팬들도 있지만, 열심히 하는 걸 원하는 팬들도 있다. 그 동안 퍼포먼스를 많이 했으니 그냥 이번에는 열심히 하는 것도 재미있지 않을까 싶어서 그런 말을 했다”라고 속내를 밝혔다. 당시 인터뷰가 논란이 된 또 다른 이유는 정수빈(두산 베어스)이라는 제3자가 의도치 않게 개입됐기 때문이다. 박지영 아나운서가 정수빈처럼 퍼포먼스를 열심히 준비한 선수는 어떻게 하냐고 묻자 구자욱이 “그렇게 뽑히셨으니 그래도 하셔야 한다”라고 무심하게 툭 던지며 퍼포먼스를 준비하는 선수들의 노력을 폄하한 게 아니냐는 논란이 뒤따랐다. 구자욱은 이에 대해 “(정)수빈이 형과 방금 만나서 이야기했다. 우리는 사적으로도 매일 보는 사이”라며 “질문 자체가 정수빈 선수는 어떻게 되냐고 해서 그냥 그렇게 하면 된다고 이야기한 것뿐이다. 기분이 나쁘셨다면 죄송하다. 오늘 형을 만나서 잘 이야기했고, 경기 내내 형 옆에 딱 붙어있어야겠다. 내가 헤드락을 당해야할 듯하다”라고 유쾌한 미소를 지었다. 해당 인터뷰 후폭풍이 일파만파 커지자 박지영 아나운서도 고개를 숙였다. 박지영 아나운서는 12일 개인 SNS 계정에 “지난 화요일 있었던 구자욱 선수 MVP 인터뷰와 관련해 불편함을 느끼신 팬 여러분께 진심으로 사과드립니다. 올스타전을 앞두고 같은 팀에서 뛰게 된 동 포지션 두 선수에 대해 캐주얼하고 유쾌하게 이야기하려 했으나 저의 미숙한 질문과 표현으로 선수와 많은 분들께 불편함을 드렸습니다. 퍼포먼스에 대해서도 재미있게 웃으며 얘기하고자 했던 것 역시 의도와 별개로 선수와 팬들에 대한 저의 배려가 부족했다고 생각합니다. 무엇보다 인터뷰에 응해주신 구자욱 선수와 인터뷰 중 언급된 정수빈 선수에게도 깊은 사과의 말씀을 드립니다”라고 사과했다. 그러면서 “이번 일을 계기로 인터뷰어로서 가져야할 책임과 태도를 깊이 돌아보고 있습니다. 앞으로 같은 일이 반복되지 않도록 질문 하나, 표현 하나에도 더욱 신중을 기하고, 세심하게 준비하겠습니다. 다시 한 번 진심으로 사과드립니다”라고 덧붙였다. 정수빈은 구자욱을 쿨하게 용서했다. 전날 잠실에서 만난 정수빈은 “(구)자욱이와 워낙 옛날부터 알았고, 친하다. 자욱이 성격도 잘 알고 있어서 크게 문제될 건 없다. 물론 어떤 측면에서 안 좋게 보일 수도 있는데 그건 본인도 인지하고 있어서 다음부터 조심할 것이다. 개인적으로 크게 문제될 건 없다”라며 “자욱이도 다음부터 조심한다고 하더라. 아무래도 요즘 시대는 언행, 단어 하나가 이슈가 될 수 있다. 이번을 계기로 다음에는 조심할 것”이라고 밝혔다. /backlight@osen.co.kr",https://v.daum.net/v/fUnQYEAiWz
2026.07.12 09:44,"112km 직구 던져도 안타를 안 맞네...역시 'GOAT' 류현진 ""프...",OSEN,"[OSEN=잠실, 한용섭 기자] 프로야구 한화 이글스 류현진이 2026 올스타전에서 말그대로 'GOAT' 위용을 보여줬다. 류현진은 11일 잠실구장에서 열린 2026 KBO리그 올스타전에서 구원 투수로 등판해 1이닝 무피안타 무실점을 기록했다. 수비 실책이 하나 있었다. 0-0 동점인 2회, 통산 9번째 올스타전 마운드에 오른 류현진은 투구 수 9개, 힘을 빼고 112~121km 구속의 직구만 던졌음에도 실점은 없었다. 첫 타자 최형우는 1루수 땅볼을 때렸다. 그런데 1루수 오스틴이 퍼포먼스로 공을 조금 높게 토스해줬다. 류현진이 왼손으로 잡으려다 떨어뜨리면서 1루수 송구 실책이 됐다. 디아즈는 2볼에서 119km 직구로 1루수 뜬공 아웃, 양의지는 초구 112km 직구로 중견수 뜬공 아웃, 2사 1루에서 박준순은 1볼에서 114km 직구로 우익수 뜬공 아웃을 잡고 이닝을 마쳤다. 류현진은 경기 도중 중계 인터뷰를 가졌다. 이날 등판 때 한화 마스코트가 '류현진 GOAT'가 적힌 플래카드를 들고 나왔다. 문현빈이 염소 분장을 하고 끌려 나왔다. 퍼포먼스에 대해 류현진은 ""구단에서 많이 준비해주셔서 의미있게 한 것 같다""고 말했다. 이어 문현빈 염소 역할을 묻자 ""구단 픽입니다""고 웃었다. 류현진은 2006년 4월 12일 프로 데뷔전이 잠실구장이었다. LG 상대로 선발 등판해 7⅓이닝 10탈삼진 무실점으로 승리 투수가 됐다. 괴물 류현진의 등장이었다. 류현진은 ""새록 새록 기억에 남는 경기입니다""라며 ""잠실구장이 정 많이 들었던 곳인데, 이별하게 돼 너무 아쉽다. 조금 더 좋은 구장이 생기기에 기대도 되고, 그동안 즐거웠다""고 말했다. 류현진은 경기 후 우수투수상을 수상하며 상금 300만원을 받았다. /orange@osen.co.kr",https://v.daum.net/v/xaZnycNdCu
2026.07.12 09:41,"KIA 히트상품 깜짝 우천 세리머니, 알고 보니 캡틴의 아이디어였다…""이...",엑스포츠뉴스,"(엑스포츠뉴스 잠실, 유준상 기자) ""다시는 하면 안 되는 플레이를 했어요. 그것 때문에 많이 자책하고 있었는데…"" KIA 타이거즈 외야수 박재현은 지난 4일 광주-KIA챔피언스필드에서 열린 2026 신한 SOL KBO리그 NC 다이노스와의 정규시즌 8차전에 8번타자 겸 좌익수로 선발 출전해 3타수 2안타 1볼넷을 기록했다. 지난달 28일 잠실 두산 베어스전부터 이어진 연속 경기 안타 행진을 6경기로 늘렸다. 특히 박재현은 KIA가 4-5로 끌려가던 9회말 선두타자로 나와 3루타를 치며 분위기를 끌어올렸다. 그런데 이어진 1사 3루에서 김호령의 좌익수 뜬공 때 치명적인 실수를 범했다. 박재현은 타구가 잡히기 전부터 홈으로 움직이다가 뒤늦게 상황을 확인한 뒤 급하게 3루로 귀루했다. 가까스로 세이프 판정을 받긴 했지만, 태그업 시도조차 하지 못하면서 득점 기회를 놓쳤다. 결국 KIA는 1점 차로 패했다. 경험이 많지 않은 선수라면 다소 위축될 수 있는 상황이었다. 하지만 박재현은 달랐다. 5일 같은 장소에서 진행될 예정이었던 NC와 KIA의 경기가 그라운드 사정으로 취소된 뒤 몇몇 KIA 선수가 세리머니를 위해 그라운드로 향했다. 내야수 박상준과 외야수 김민규, 그리고 박재현이 모습을 드러냈다. 박재현은 세리머니에 앞서 팬들을 향해 큰절을 올렸다. 이후 3루 베이스 근처에 자리한 뒤 스킵 동작을 선보였고, 3루를 다시 밟은 뒤 홈까지 전력 질주했다. 전날 자신의 플레이에 대해 팬들에게 미안한 마음을 전한 것이었다. 누구도 예상하지 못한 박재현의 사과 세리머니였다. KIA 팬들은 박수와 환호를 보내며 박재현을 따뜻하게 격려했다. 알고 보니 박재현의 우천 세리머니는 KIA의 '캡틴' 나성범의 아이디어였다. 박재현은 11일 서울 잠실야구장에서 펼쳐진 2026 신한 SOL KBO 올스타전을 앞두고 ""다시는 하면 안 되는 플레이를 했다. 그것 때문에 많이 자책하고 있었는데, (나)성범 선배님이 '이 자리를 빌려 (팬들께) 사죄하라'고 말씀해주셨다""며 ""그 말을 듣고 (그라운드로) 나가서 팬분들께 죄송하다는 의미로 큰절을 했다""고 설명했다. 자신의 주루 실수에 대해서는 ""아웃카운트를 착각한 건 아니었다. 콘택트 플레이(방망이에 공이 맞는 순간 3루주자가 홈에 들어오는 플레이)였다. (타자가) 치자마자 바로 홈으로 뛸 생각이었다. 조금 멈췄다가 갔어야 하는 상황이었는데, 그냥 바로 홈으로 달렸다""며 ""형들이 차라리 지금 나오는 게 훨씬 낫다고 해주셨다. 경기 끝나고 영상을 보면서 이런 플레이를 하면 안 된다고 강조하셨다""고 전했다. 비록 박재현은 전반기 막판 아쉬움을 삼켰지만, 올스타 휴식기 전까지 팀에 큰 보탬이 됐다. 올해 입단 2년 차인 박재현은 전반기 82경기에서 304타수 86안타 타율 0.283, 8홈런, 39타점, 16도루, 출루율 0.325, 장타율 0.418로 준수한 성적을 올렸다. KIA의 히트상품으로 불릴 정도로 많은 관심을 받았고, 2026 아이치·나고야 아시안게임 야구대표팀 최종 명단에 승선했다. 박재현은 데뷔 첫 올스타 베스트12에 선정되는 기쁨도 누렸다. 그는 ""솔직히 올스타에 선정될 것이라고 상상하지도 못했다. 이렇게 1군에서 뛸 수 있을 것이라는 생각도 하지 못했는데, 경기가 잘 풀리면서 계속 출전하게 됐고 올스타전에도 나서게 됐다. 정말 영광스럽다""고 얘기했다. 6월 이후 하락세에 대해서는 체력적인 영향이 컸다는 게 박재현의 생각이다. 박재현은 ""이렇게 계속 경기에 출전한 건 처음이다. 5월까지 꾸준히 경기에 나가다 보니 주위에서도 6월쯤에는 한 번 힘든 시기가 올 수 있다고 말씀해주셨다""며 ""아무래도 체력적인 부분이 영향을 미친 것 같다. 최근에도 풀타임 시즌을 치르는 게 쉽지 않다는 걸 느끼고 있다""고 아쉬워했다. 박재현은 전반기의 아쉬움을 뒤로하고 후반기에는 더 나은 모습을 보여주겠다고 다짐했다. 박재현은 ""전반기는 다사다난했던 것 같다. 잘했던 시기도 있었고, 실수를 범하기도 했다. 계속 부진했던 시기도 있었다. 그만큼 많은 경험을 했다""며 ""전반기의 경험을 토대로 후반기에는 최대한 기복을 줄일 수 있도록 노력하겠다""고 힘줘 말했다. 사진=잠실, 김한준·박지영 기자 유준상 기자 junsang98@xportsnews.com",https://v.daum.net/v/zW15CoiP5C
2026.07.12 09:36,"루키 올스타였던 류지현 감독의 '잠실의 추억' → ""원래 원정 응원단은 ...",스포츠조선,"[잠실=스포츠조선 한동훈 기자] 류지현 감독은 32년 전 신인 신분으로 올스타전에 참가했다. 올해에는 국가대표 사령탑으로 잠실의 마지막 올스타전을 참관했다. 류 감독은 1994년부터 2022년까지 무려 29년 동안 LG 트윈스 유니폼을 입고 잠실구장을 집처럼 여겼다. 잠실구장은 올 시즌을 끝으로 철거한다. KBO는 11일 잠실에서 올스타전을 개최하며 작별 행사를 마련했다. 류 감독은 ""잠실에서 정말 많은 사랑을 받았다. 지금도 굉장히 좋은 추억을 기억해 주시는 분들이 많다""며 각별한 심정을 고백했다. 우리나라 대표 구장이었던 잠실구장은 중립 이미지가 강했다. 류 감독은 ""요즘에는 좀 바뀌긴 했지만 옛날에는 원정 응원단이라는 게 없었다. 잠실에서만 양쪽 응원이 허용되는 시절이 있었다. 그래서 잠실은 양쪽 팬들이 전부 다 같이 응원하고 그래서 열기가 훨씬 뜨거웠다""고 돌아봤다. 1994년 데뷔한 류 감독은 그해 잠실에서 열린 올스타전에 바로 출전했다. 신인왕도 석권했다. 1997년에는 올스타전 MVP에 등극했다. 류 감독은 ""사실 1994년은 신인 때라 기억도 안 난다. 1997년은 내가 MVP여서 기억이 생생하다. 동점 상황에 대타로 들어갔는데 풀카운트에서 계속 파울을 치다가 결승타를 쳤다""며 회상했다. 올스타전이 시대적으로 어떻게 변했는지도 정확히 느꼈다. 류 감독은 ""초창기에는 투수들이 컨디션 때문에 전력 투구를 하지 못했다. 그래서 경기가 상당히 느슨했다. 이를 보완하려고 상금이나 상품을 크게 걸었다. 그 시기에는 정말 승리하기 위해 뛰기도 했다. 그러다가 어느 순간에는 퍼포먼스 위주로 바뀌어서 지금에 이르렀다""고 흐름을 짚었다. 이어서 ""자연스럽게 선수들이 그라운드에서 표현하는 게 받아들여지고 또 1000만 관객이 넘게 들어오면서 팬들의 요구도 반영하면서 변화하고 있다""고 해석했다. 류 감독은 올초 열린 2026 월드베이스볼클래식(WBC)서 대표팀을 17년 만에 8강에 올리는 쾌거를 이룩했다. 오는 9월에는 아시안게임 금메달을 노린다. 여러 국제대회를 경험한 류 감독이 신구장에 바라는 게 하나 있다. 새 구장 잠실돔은 2032년 입주를 목표로 작업이 진행되고 있다. 류 감독은 ""사실 우리 리그가 많은 발전을 했지만 우리나라에서 큰 국제대회를 보기는 어려운 실정이다. 일본에서 하거나 최근에는 타이페이돔이 생긴 대만에 빼앗기고 있다. 정말 대형 국제대회를 성대하게 소화할 수 있는 그런 구장이 지어졌으면 좋겠다""고 희망했다. 한동훈 기자 dhhan@sportschosun.com",https://v.daum.net/v/9Iv5bHWIp7
2026.07.12 09:36,"""(김)원중이가 '형 여행 취소하셔야 될 것 같은데' 하더라고요"" → 첫...",스포츠조선,"[잠실=스포츠조선 한동훈 기자] ""형 여행 계획 있어요?"" 올스타전은 여태 '남의 잔치'였다. 가족 여행이 당연한 루틴. 롯데 현도훈은 올해도 힐링 여행 계획을 세웠다. 그런데 어느날 저녁 투수조 조장 김원중이 찾아왔다. ""여행 계획 취소하셔야 될 것 같은데""라고 말했다. 11일 잠실에서 열린 2026 KBO 올스타전 현장에서 만난 현도훈은 ""올스타전 간다는 소식을 듣고 잠이 안 왔다. 뭘 해야 되지, 내가 그 분위기를 잘 즐길 수 있을까 이런 생각이 들었다. 지금 너무 행복하다""며 웃었다. 현도훈은 인터뷰 직전까지 가족들과 있었다. 현도훈은 가족 여행을 올스타전으로 꾸민 셈이다. 현도훈은 그야말로 밑바닥부터 착실하게 올라왔다. 고교와 대학을 일본에서 다녔다. 독립리그를 거쳐 2018년 육성선수로 두산에 입단했다. 2022시즌 뒤 방출. 롯데가 현도훈의 손을 잡았다. 입단테스트를 거쳐 재기를 꿈꿨다. 그가 다시 1군에 등장한 것은 2024년. 하지만 8경기 출전에 그쳤다. 2025년에는 2군에만 머물렀다. 현도훈은 ""올스타전은 평생 못 갈 수도 있겠다고 생각했다. 1군 경기에 많이 나가는 그런 선수가 되는 상상을 늘 해왔는데 올해 조금 이루어지는 듯한 느낌이다. 지금까지는 인내만 하는 시간들이었는데 조금은 보상을 받는 것 같아서 기쁘다""고 고백했다. 올해 전반기에 많은 일들이 일어났다. 데뷔 첫 승에 필승조 승격, 첫 홀드까지 기록했다. 35경기 32⅔이닝 2승 5홀드 평균자책점 4.68을 기록했다. 롯데 불펜에 없어서는 안 될 투수로 우뚝 섰다. 감독 추천 선수로 올스타전 명단에 당당히 이름을 올렸다. 극적인 반등의 원동력은 마음가짐이었다. 현도훈은 ""기술이 30이라면 심적인 부분이 70인 것 같다""고 돌아봤다. 그는 ""나는 매년 마지막이라고 생각했다. 그런데 올해도 못하면 진짜로 마지막이었다. 그래서 그냥 하고 싶은 야구를 하자고 마음을 고쳤다. 추억으로 남길 수 있도록 후회 없이 하자는 생각으로 조금 내려놨더니 야구가 잘 됐다""고 밝혔다. 새 아시아쿼터로 온 일본인 투수 이이무라 쇼타를 현도훈이 잘 챙겨준다고 소문이 벌써 났다. 현도훈은 ""제가 외국 생활을 해봐서 그 마음을 안다. 외로운 마음 안 느끼게 해주고 싶다. 이이무라가 잘해야 팀이 올라간다. 야구장은 당연하고 일상 생활까지 최대한 많이 도와주고 싶다""며 따뜻한 마음씨까지 뽐냈다. 현도훈의 후반기 목표는 간단하다. 가을야구다. ""몸 관리 잘하고 야구도 잘해서 최대한 시원할 때까지 야구할 수 있도록 올라가겠다."" 한동훈 기자 dhhan@sportschosun.com",https://v.daum.net/v/yHYh1OrN0n
2026.07.12 09:27,삼성은 페덱의 강속구 아닌 운영 능력 샀다...스카우팅 리포트 대로라면 ...,MHN스포츠,"(MHN 정철우 기자) 삼성 라이온즈가 후반기 우승 승부수를 던졌다. 부상 대체 외국인 투수 잭 오러클린과 결별하고 메이저리그 출신 우완 크리스 페덱을 영입했다. 남은 시즌 계약 규모만 47만3333달러다. 시즌 절반도 남지 않은 시점에 투자한 금액치고는 결코 적지 않다. 그만큼 삼성이 페덱에게 거는 기대가 크다는 의미다. 흥미로운 것은 삼성이 페덱를 소개하는 방식이었다. 보통 KBO 구단들은 새 외국인 투수를 영입하면 가장 먼저 최고 구속부터 강조한다. ""최고 156㎞"", ""평균 154㎞"" 같은 표현이 빠지지 않는다. 그러나 삼성은 달랐다. 구속은 단 한 줄도 언급하지 않았다. 대신 다양한 구종과 경기 운영 능력, 안정적인 제구를 전면에 내세웠다. 우연이 아니다. 페덱은 한때 메이저리그에서도 손꼽히는 강속구 유망주였다. 샌디에이고 시절 최고 159㎞에 육박하는 포심 패스트볼을 던지며 강력한 체인지업으로 타자를 압도했다. 그러나 두 차례 팔꿈치 인대접합수술(토미 존 수술)을 거치면서 투수 인생도 달라졌다. 지금의 페덱은 예전처럼 구속으로 승부하는 투수가 아니다. 최근 메이저리그에서 그의 포심 평균 구속은 93마일 안팎, 시속으로 환산하면 약 149~150㎞ 수준이다. 최고 구속도 과거만큼 폭발적이지 않다. 메이저리그에서는 평범해진 구속이다. 삼성이 굳이 구속을 내세우지 않은 이유도 여기에 있다고 볼 수 있다. 대신 삼성이 강조한 것은 '경기 운영 능력'이었다. 이 표현은 의미가 적지 않다. 강속구를 잃은 투수가 살아남기 위해 가장 먼저 익혀야 하는 것이 바로 피칭 디자인이다. 어떤 공을 언제 던질지, 타자의 노림수를 어떻게 역이용할지, 구종을 어떻게 섞어 헛스윙을 유도할지를 끊임없이 계산해야 한다. 페덱도 그 길을 걸어왔다. 메이저리그 통산 132경기에서 선발로만 119경기에 나섰다. 통산 평균자책점은 4.83이지만 WHIP은 1.26으로 크게 나쁘지 않았다. 무엇보다 9이닝당 탈삼진 8.02개, 볼넷은 2.04개에 불과하다. 볼넷을 거의 허용하지 않는 공격적인 투구 스타일이라는 의미다. 초구 스트라이크 비율이 대단히 높다 마이너리그 성적은 더욱 인상적이다. 통산 40경기에서 13승7패, 평균자책점 1.92, WHIP 0.82를 기록했다. 단순히 공이 빨라서가 아니라 스트라이크존을 적극 활용하며 타자를 요리하는 능력이 뛰어났다는 뜻이다. 실제로 그는 최근 몇 년 동안 메커니즘 수정과 구속 회복을 위해 끊임없이 노력했다. 지난해에는 투구 메커니즘을 손보며 일시적으로 평균 구속을 다시 95마일 수준까지 끌어올리는 모습을 보이기도 했다. 하지만 더 중요한 변화는 단순한 스피드보다 다양한 구종을 효과적으로 연결하는 투구 패턴이었다. 이 대목에서 삼성이 왜 '경기 운영'을 강조했는지가 자연스럽게 연결된다. 현재 삼성 불펜은 리그 최고 수준이다. 전반기 1위를 만든 가장 큰 힘도 탄탄한 불펜이었다. 박진만 감독 역시 페덱에게 화려한 완투를 요구하지 않았다. 오히려 ""6이닝 정도를 책임져주길 바란다""며 현실적인 기준을 제시했다. 6이닝만 막아주면 이후는 삼성 불펜이 책임질 수 있다. 선발이 많은 공을 던져 삼진을 잡으려 애쓸 이유도 없다. 효율적으로 타자를 상대하며 최소 실점으로 6이닝을 책임지는 것이 삼성이 원하는 그림이다. 그런 면에서 페덱은 삼성이 원하는 조건에 맞는 투수일 가능성이 있다. 149㎞는 KBO리그에서는 결코 느린 공이 아니다. 여기에 메이저리그에서 100경기 넘게 선발을 맡으며 쌓은 경험, 다양한 구종 운용, 안정적인 제구가 더해진다면 충분히 경쟁력을 발휘할 수 있다. 특히 대구 삼성라이온즈파크는 투수에게 결코 쉬운 구장이 아니다. 장타를 억제하기보다 볼넷을 줄이고 공격적으로 스트라이크존을 공략하는 투수가 살아남을 가능성이 크다. 페덱의 통산 볼넷 억제 능력은 이런 환경에서도 기대를 걸어볼 만한 요소다. 물론 변수는 있다. 구속이 다시 예전 수준으로 돌아오기는 쉽지 않다. 결국 승부는 얼마나 정교하게 타자를 읽고, 얼마나 효율적으로 공을 배합하느냐에 달려 있다. 메이저리그에서 생존하기 위해 바뀐 투구 철학이 KBO에서도 통한다면 삼성은 후반기 가장 강력한 선발 보강에 성공할 수 있다. 삼성은 페덱의 강속구를 산 것이 아니다. 구속이 줄어든 뒤에도 살아남기 위해 스스로 투구를 바꾸고, 경기 운영을 발전시킨 경험을 샀다. 그리고 지금 삼성 마운드가 가장 필요로 하는 것도 바로 그런 6이닝짜리 선발이다. 후반기 우승 경쟁의 분수령에서 페덱의 첫 공 하나하나가 주목받는 이유다.",https://v.daum.net/v/KRdaiKqFRy
2026.07.12 09:25,130만원짜리 스크류바를 아십니까? '사직 스쿠발'이 아이스크림으로 변신...,엑스포츠뉴스,"(엑스포츠뉴스 잠실, 양정웅 기자) 무려 130만원짜리 스크류바가 있다. 믿기 힘들겠지만, '사직 스쿠발' 김진욱(롯데 자이언츠)이 '인간 스크류바'로 변신하는데 드는 비용이었다. 김진욱은 11일 서울 잠실야구장에서 열린 2026 신한 SOL KBO 올스타전에서 드림 올스타의 감독 추천선수로 선정됐다. 올 시즌 김진욱은 전반기 16경기에서 5승 4패 평균자책점 2.95로 맹활약했다. 쾌조의 흐름을 보이고 있는 그는 이런 활약 속에 2021년 프로 데뷔 후 처음으로 올스타에 선정됐다. 다만 지난 9일 사직 KIA 타이거즈전에 선발로 등판하면서, 이틀 뒤 열리는 올스타전에는 투구를 할 수 없게 됐다. 이에 김진욱은 퍼포먼스에 집중하기로 했다. 경기 전 취재진과 만난 김진욱은 ""(올스타전에) 간다고 했을 때부터 자이언츠 TV(롯데 구단 공식 유튜브) 담당자분과 생각을 많이 했다""고 말했다. 그러면서 ""아마도 눈에 띄게 잘 보일 것""이라며 스포일러도 했다. 그리고 시작된 경기. 1루 쪽 드림 올스타 더그아웃에는 웬 아이스크림이 떡하니 자리잡았다. 알고 보니 김진욱이 아이스크림 '스크류바'로 변신한 것이었다. 스크류바 모양의 탈에 얼굴 분장까지 완벽히 했다. 김진욱은 더그아웃으로 들어오는 팀 동료 현도훈을 비롯해 방송 중계팀 등에 스크류바를 나눠줬고, 본인도 한입 먹고 있었다. 또한 이 분장으로 드라마 '미안하다 사랑한다'를 따라하는 김건우와 정준재(이상 SSG 랜더스)를 마운드 옆에서 지켜보며 웃음을 자아냈다. 이 퍼포먼스는 어떻게 나오게 된 걸까. 엑스포츠뉴스와 만난 김진욱은 ""(손)성빈이가 내가 잘 던진 후 인터뷰에서 (타릭) 스쿠발 얘기가 나와서 '무슨 스쿠발이냐, 스크류바나 먹어' 이랬다""며 ""그걸 인터뷰에서 얘기했는데, 거기서 아이디어를 얻었다""고 설명했다. ""찾아봤는데 스크류바가 롯데 거여서 다행이었다""며 웃은 김진욱은 ""마케팅팀에서 준비해줬다""고 얘기했다. 구단 관계자에 따르면 스크류바 모양의 탈은 제작비만 130만원이 들었다고 한다. 아이스크림 하나를 600원으로 가정하면 무려 2166개를 살 수 있는 금액이다. 김진욱은 ""스쿠발처럼 유니폼을 입으려고 하다가 그건 좀 안 될 것 같았다""며 ""차라리 스크류바가 롯데 제품이고, 홍보도 되니까 하려고 했다""고 밝혔다. 이날 김진욱은 가슴에 '오늘은 사직 스쿠발 아니고 롯데 스크류바'라고 적힌 현수막을 달고 왔는데, 의문의 QR코드도 있었다. 이를 통해 들어가면 김진욱이 '파라파라'를 추는 영상이 담겼다. 김진욱은 ""원래 투표 독려 영상이었는데, 시기도 시기고 타이밍이 안 맞아서 못 올렸다""며 ""그렇게라도 홍보를 하자고 해서 만들었다""고 얘기했다. 비록 양 팀 선수 중 유일하게 올스타전에 출전하지 못했지만, 김진욱은 ""생각보다 재밌었다. 오랜만에 타 팀 형들도 만나뵙고 해서 좋았다""고 미소를 지었다. 김진욱 본인도 강력한 베스트 퍼포먼스상 후보였지만, '강아지'로 변신한 팀 동료 황성빈을 이길 수는 없었다. 김진욱은 ""성빈이 형이 고민 많이 했는데, 너무 강렬했다""고 말했다. 이제 별들의 잔치는 끝났다. 롯데는 오는 16일 대구 삼성 라이온즈전을 시작으로 후반기의 문을 연다. 김진욱은 ""최근 분위기는 프로에 있으면서 제일 좋은 것 같다. 이를 후반기에도 이어가서 5강에 올라갔으면 좋겠다""고 밝혔다. 사진=잠실, 김한준·박지영·양정웅 기자 양정웅 기자 orionbear@xportsnews.com",https://v.daum.net/v/VTRTAP4qYr
2026.07.12 09:18,"잉글랜드, 노르웨이 꺾고 4강…홀란 '좌절'",한국경제,"주드 벨링엄의 활약을 앞세운 잉글랜드가 노르웨이를 꺾고 2026 북중미 월드컵 준결승 고지에 올랐다. 반면 사상 최초로 8강에 진입했던 노르웨이는 잉글랜드의 벽을 넘지 못했고, 간판 공격수 엘링 홀란은 이번 대회 7골을 기록한 채 일정을 마무리했다. 잉글랜드는 12일(한국시간) 미국 플로리다주 마이애미 가든스의 마이애미 스타디움에서 열린 노르웨이와의 8강전에서 연장전까지 이어지는 접전 끝에 2-1로 승리했다. 이번 승리로 잉글랜드는 2018년 러시아 대회 이후 8년 만에 4강 진출에 성공하며 1966년 자국 대회 이후 두 번째 우승 도전을 이어가게 됐다. 경기는 초반부터 팽팽한 흐름으로 전개됐다. 수비를 두텁게 세운 뒤 역습을 노리는 노르웨이의 전략에 밀려 잉글랜드는 전반 29분 해리 케인의 프리킥 슈팅이 나오기 전까지 기회를 잡지 못했다. 수세에 몰려있던 노르웨이는 전반 35분 홀란의 헤더로 첫 슈팅을 기록한 뒤, 1분 만에 선제골을 터뜨렸다. 하프라인 근처에서 케인의 공을 가로챈 노르웨이는 안드레아스 셸데루프가 페널티지역 왼쪽을 파고들며 왼발 슈팅으로 잉글랜드의 골망을 흔들었다. 첫 번째 유효슈팅을 곧바로 득점으로 연결했다. 잉글랜드의 반격도 이어졌다. 전반 추가시간 2분 앤서니 고든이 왼쪽 측면에서 올린 크로스를 벨링엄이 페널티아크 근처에서 받아냈다. 벨링엄은 노르웨이 수비진 3명 사이를 뚫고 페널티지역 왼쪽으로 침투한 뒤 왼발 슈팅으로 동점골을 뽑아냈다. 벨링엄의 이번 대회 5호 골이자 경기 첫 슈팅이 득점으로 연결된 순간이었다. 후반 추가시간에는 케인의 로빙 슈팅이 골문 안으로 들어갔으나 오프사이드가 선언되며 취소됐다. 후반전에는 비디오판독(VAR)과 판정이 양 팀의 희비를 갈랐다. 노르웨이는 후반 10분 코너킥 상황에서 토르뵈른 라사케르 헤겜이 왼발 슛으로 골을 기록하며 다시 앞서가는 듯했다. 하지만 주심은 온 필드 리뷰 끝에 코너킥 전 상황에서 홀란이 엘리엇 엔더슨을 밀쳤다는 판정을 내리며 골 무효를 선언했다. 노르웨이는 후반 31분에도 코너킥 이후 혼전 상황에서 다비트 묄레르 볼페의 헤더가 크로스바를 맞고 나오며 추가 득점에 실패했다. 정규 시간 동안 승부를 가리지 못한 채 돌입한 연장전에서 잉글랜드가 추가골을 기록했다. 연장 전반 3분 모건 로저스의 중거리 슈팅을 노르웨이 골키퍼 외르얀 닐란이 쳐내자, 문전으로 쇄도하던 벨링엄이 오른발로 밀어 넣으며 역전골을 성공시켰다. 이 득점으로 대회 6호 골을 신고한 벨링엄은 케인과 함께 득점 공동 3위로 올라섰다. 잉글랜드는 연장 전반 9분 제드 스펜서가 페널티킥을 얻어냈으나 VAR 판독을 통해 반칙이 아닌 것으로 판정이 뒤집혔다. 노르웨이는 연장 후반 시작과 동시에 홀란을 예르겐 스트란 라르센으로 교체하며 막판 공세에 나섰지만, 추가 골을 기록하지 못한 채 경기를 마쳤다. 김예랑 한경닷컴 기자 yesrang@hankyung.com",https://v.daum.net/v/VGZmEMPKvQ
2026.07.12 09:07,"KIA 히트상품, 박재현 충격 본헤드 전말...본인이 직접 입 열었다 ""...",스포츠조선,"[스포츠조선 김용 기자] ""아웃 카운트 착각은 아니었습니다. 그래도 팬분들께..."" KIA 타이거즈 박재현은 전반기 막판 본의 아니게 '전국구'로 이름을 알렸다. 치열한 순위 싸움, 한 경기 한 경기가 소중한 KIA였는데 치명적 주루 실수 하나로 승리 기회를 날려버렸기 때문이다. 사건은 지난 4일 일어났다. 광주 NC 다이노스전. 4-5로 밀리던 KIA는 9회말 선두 박재현이 행운의 3루타를 치고 나갔다. 최소 동점, 역전 끝내기까지 기대할 수 있는 상황. 하지만 경기는 4대5 KIA 패배로 끝났다. 이겼다면 3위로 올라갈 수 있는 날이었다. 매우 치명적이었다. 박재현의 본헤드 플레이 때문이었다. 1사 상황. 김호령이 좌익수 방면 날카로운 타구를 쳤다. 문제는 타구가 너무 잘맞아 직선으로 날아갔다는 것. 일단 비거리, 박재현의 빠른 발, NC 좌익수 권희동의 어깨를 생각하면 3루에서 리터치로 충분히 들어올 수 있는 타구였다. 하지만 박재현은 타구가 날아가는 순간 홈까지 달렸다, 뒤늦게 복귀해 하마터면 3루에서도 아웃이 될 뻔 했다. 일단 타구가 떴다면, 스타트를 끊었다 해도 3루로 복귀해야 했다. 하지만 마음이 너무 앞섰다. 많은 사람들이 '아웃 카운트를 2아웃으로 착각한 거 아니냐'고 지적했다. 그렇게밖에 보이지 않는 플레이였다. 박재현은 다음날 NC전이 비로 취소되자 우천 세리머니를 하기 전 팬들 앞에 나와 넙죽 절을 했다. 사죄의 의미. 그리고 우천 세리머니를 할 때 자신의 실수를 똑같이 따라해 팬들에게 큰 웃음을 선사했다. 실수를 인정하고, 재치있게 사과하는 모습에 팬들의 마음이 바로 열렸다. 그런데 박재현은 도대체 왜 그런 플레이를 했을까. 올스타전이 돼서야 본인 얘기를 들어볼 수 있었다. 박재현은 올스타 팬 투표와 선수단 투표를 통해 당당히 나눔 올스타 베스트 12 외야수 부문에 선발됐다. 기쁜 마음으로 축제를 즐겨야 하는데, 그 아픔이 남아있을 수밖에 없었다. 박재현은 ""일단은 팬분들께 다시는 보여드리면 안 되는, 좋지 않은 플레이를 보여드려 자책을 많이 하고 있었다""고 말했다. 박재현은 이어 ""아웃 카운트를 착각한 건 결코 아니었다. '컨택트 플레이'였다""고 말했다. 타자가 공을 쳐 인플레이가 되는 순간, 뛰기로 약속된 플레이. 발 빠른 박재현이기에 내야 땅볼 때 살 수 있는 확률을 높일 수 있었다. 하지만 공이 떴을 때는 돌아오는 게 맞았다. 박재현은 ""맞자마자 홈으로 뛴다는 생각만 했다. 공이 떴으면 멈췄다 갔어야 했다. 내 실수였다""고 말하며 핑계를 대지 않았다. 박재현은 다음날 사과와 세리머니에 대해 ""경기가 취소되자 나성범 선배님이 '이 자리를 빌어 너의 마음을 전하고 사죄해라'고 말씀해주셨다. 그 말을 듣고 나가 팬들께 죄송하다는 의미를 담아 사과드렸다""고 했다. 박재현은 마지막으로 ""형들이 차라리 지금 실수한 게 훨씬 낫다고 위로해주셨다. 나도 내 플레이를 경기 끝나고 다시 봤다. 다시는 이런 플레이가 나와서는 안 된다""고 강조했다. KIA 이범호 감독과 팬들은 ""박재현 때문에 이긴 경기가 많다""며 그를 다독였다. 이제 고졸 2년차. 경험이 부족하다. 혜성같이 나타나 올해 KIA의 리드오프로 거듭났다. 충분히 잘하고 있다. 시행착오도 있다. 이 실수도 그 일환이다. 개막 후 무섭게 치다 슬럼프가 오기도 했다. 박재현은 ""체력 문제다. 이렇게 계속 경기를 나가는 게 처음이다보니, 체력 영향이 있었다. 풀시즌을 뛰는 게 정말 쉽지 않다는 걸 느끼고 있다""고 솔직하게 말했다. 김용 기자 awesome@sportschosun.com",https://v.daum.net/v/0NrE831y7O
2026.07.12 09:07,"마지막 잠실 올스타전, KT는 '팬 퍼스트'로 물들였다…부채+배지 등 선...",스포티비뉴스,"[스포티비뉴스=잠실, 최원영 기자] 화려한 선물 꾸러미를 준비했다. 2026 신한 SOL KBO 올스타전이 11일 서울 잠실야구장에서 막을 내렸다. 잠실구장이 올 시즌을 끝으로 철거되기에 더욱 뜻깊은 하루였다. 드림 올스타에 속한 KT 위즈는 '팬 퍼스트' 정신으로 마지막 잠실을 수놓았다. KT 구단 홍보팀은 그동안 선수단의 주요 기록들이 명시된 카탈로그를 제작해 왔다. 올해는 팬들과 미디어 관계자들이 조금 더 실용적으로 쓸 수 있도록 부채를 마련했다. 올스타전이 열리는 이 시기의 더운 날씨를 고려한 것. 부채 1000개를 제작해 지난 10일 퓨처스 올스타전에 출전한 선수들의 정보를 담았다. 또한 올스타전 당일에는 직접 디자인해 만든 배지 200개도 팬들에게 함께 선물했다. 배지에는 마지막 잠실 올스타전의 의미를 담아 아랫부분에 잠실야구장을 시각화했다. 더불어 올해 KBO 올스타전에 출전한 선수들의 등 번호를 표기했다. 경기 전과 후, 이벤트 장소, 팬 사인회 등에서 선수와 마스코트가 직접 KBO 팬들을 찾아 부채와 배지를 나눠주며 팬 서비스를 펼쳤다. 대학생 리포터인 '위즈포터'는 올스타전 현장에서 직접 만든 스트레스 볼(말랑이) 50개와 아이 패치 700개를 팬들에게 나눠줬다. 특히 스트레스 볼은 KT의 올스타전 출전 선수인 투수 전용주, 손동현이 위즈포터와 함께 제작해 의미를 더했다. 선수들은 직접 경기에서 선보일 퍼포먼스 아이디어를 내고 이를 멋지게 소화했다. 10일 퓨처스 올스타전에 출전한 박지훈은 올해 화제작이었던 영화 '왕과 사는 남자'의 단종 역할 박지훈 배우와 동명이인이라는 점을 떠올렸다. 극 중 캐릭터를 묘사해 단종이 활을 쏘는 명장면을 재현했다. 김민석은 작년에 이어 올해도 닮은 꼴 연예인인 '초롱이' 고규필 배우를 따라 했다. 드라마 '다 이루어질지니'의 캐릭터인 셰퍼드의 명장면을 패러디했다. 워셔액을 아무렇지 않게 벌컥벌컥 마시는 장면이었다. 이재원은 본인의 주특기인 빠른 발을 살렸다. 영화 '인크레더블'의 캐릭터 '대쉬' 코스프레를 했다. 11일 KBO 올스타전에 나선 최원준은 '공주(공포의 주둥이)'라는 별명에 맞게 보호대와 토시, 스파이크 등을 모두 분홍색으로 맞췄다. 다리 보호대엔 '프린세스 최(Princess Choi)'를 새겼다. 이후 두 번째 타석에선 금발 가발과 공주 드레스, 공주 왕관 등을 착용한 채 등장했다. 허경민은 딸 허서우 양의 생일 당일을 맞아 축하 세리머니를 펼쳤다. 전용주는 인기 애니메이션 '주술회전'의 캐릭터를 코스프레했다. 손동현은 KT 김주일 응원단장에 빙의했다. 긴 응원 재킷을 입고 '질풍가도'에 맞춰 현란한 응원 동작을 선보였다. 처음부터 끝까지 제대로, 정성 들여 연습한 티가 났다. 올스타전을 성공적으로 마무리한 KT다. <저작권자 ⓒ SPOTV NEWS. 무단전재 및 재배포 금지>",https://v.daum.net/v/UPoygf9Uv7
2026.07.12 09:05,"[IS 인터뷰] '11년 만의 1위' 삼성, 돌아온 최형우가 짚은 '1위...",일간스포츠,"삼성 라이온즈가 11년 만에 전반기 1위를 탈환하며 정규시즌 우승 확률 81.8%라는 유리한 고지를 선점했다. 하지만 팀을 이끄는 최고참과 주장의 시선은 냉정하게 후반기를 향하고 있다. 삼성은 전반기를 51승 2무 32패, 승률 0.614로 마무리하며 52승 33패, 승률 0.612를 기록한 LG 트윈스를 승률 2리 차이로 따돌리고 1위에 올라섰다. 삼성이 전반기를 1위로 마친 것은 10구단 체제가 도입된 2015년 이후 11년 만이다. 2015년 이래 전반기 1위 팀이 정규시즌 우승까지 차지한 확률은 81.8%(11회 중 9회)에 달한다. 삼성의 전반기 1위 중심엔 '최고참' 최형우와 '주장' 구자욱의 역할이 컸다. 최형우는 81경기에 나서 타율 0.329, 12홈런, 66타점을 기록했다. 타율과 홈런, 타점 모두 팀 내 2위로 삼성의 선두 질주를 견인했다. 구자욱 역시 66경기 타율 0.339에 8홈런, 57타점으로 제 몫을 다했다. 타율은 팀 내 1위, 타점과 득점(49개)은 3위, 홈런은 4위다. 지난 11일 올스타전을 앞두고 만난 최형우는 전반기를 돌아보며 ""솔직히 1위까지 바라지는 않았고, 상위권에만 있으면 괜찮겠다고 생각했다""며 ""마지막에 운 좋게 1등을 해 만족스러운 전반기였다""고 평가했다. 최형우가 분석한 1위 등극의 명확한 근거는 '팀 뎁스(선수층)'였다. 그는 ""초반에 주전 선수들의 부상이 많았음에도 1.5군 백업들이 그 자리를 완벽하게 받쳐줬다""라며 ""주전 9명이 다 3할을 친다고 해서 좋은 팀이 아니다. 누군가 빠졌을 때 대체 선수가 잘 맞아떨어져야 강팀인데, 우리 팀 어린 친구들이 초반부터 참 잘 막아줬다""고 진단했다. 주장 구자욱 역시 ""우리 선수들이 너무 고생했고, 100점짜리 전반기였다""며 선수단의 전반적인 공로를 강조했다. 유리한 통계적 우위를 안고 시작하는 후반기지만, 들뜬 분위기를 경계하고 내부 결속을 다지는 기조는 확고하다. 최형우는 후반기를 앞두고 후배들에게 전할 당부를 묻자 ""전반기가 끝난 뒤 무슨 말을 할까 고민도 했지만, 지금은 특별히 당부할 것이 없다""고 선을 그었다. 이어 ""지금 이대로 아무 생각 없이 이어가면 초반부터 또 좋은 결과가 있지 않을까 생각한다""며 인위적인 쇄신보다는 평정심 유지를 주문했다. 반드시 1위를 수성해야 하는 후반기. 삼성은 후반기에 앞서 마운드에 변화가 있다. 외국인 투수 크리스 패덱이 합류한 반면, 필승조 최지광이 부상으로 이탈했다. 구자욱은 새 외국인 투수 영입에 대해 ""구단에서 좋은 투수를 영입했다고 들었다. 기대가 많이 된다""며 ""패덱이 빨리 팀에 스며들고 적응할 수 있도록 주장으로서 노력하겠다""고 핵심 과제를 짚었다. 최지광의 공백에 대해서는 올 시즌 불펜의 '마당쇠' 역할을 톡톡히 해낸 이승민이 각오를 다졌다. 이승민은 올 시즌 42경기에 등판해 4승 무패 13홀드 평균자책점 1.83을 기록하며 생애 첫 올스타에 뽑혔다. 이승민을 앞세운 삼성 불펜진은 리그에서 유일한 3점대 평균자책점(3.78)을 기록하며 탄탄한 모습을 이어가고 있다. 이날 만난 이승민은 ""우리 불펜이 약하다는 생각을 해본 적이 없다. 올해는 우리가 강하다는 걸 명백히 보여드리고 있는 것 같다""면서 ""어떤 상황에 올라가든 제 역할을 충분히 다한다면 지광이 형의 공백도 잘 메울 수 있을 거라고 믿는다""고 전했다. 잠실=윤승재 기자 yogiyoon@edaily.co.kr",https://v.daum.net/v/frIWOnd8DX
2026.07.12 09:03,‘프린세스 최 납시오’ 이토록 올스타에 진심인 구단이 있다? KT 마법사...,스포츠서울,"[스포츠서울 | 잠실=이소영 기자] KT 마법사들의 올스타전을 관통하는 단어는 ‘팬 퍼스트’였다. 선수들은 팬들에게 즐거움을 선사하기 위해 각양각색 퍼포먼스를 준비했고, 구단도 다양한 아이템을 선보이며 축제의 열기를 더했다. 잠실에서 열리는 마지막 올스타전이 11일 막을 내렸다. 매년 색다른 즐길 거리가 쏟아지는 별들의 축제. 올해 KT는 선수부터 구단까지 팬 서비스에 한층 공을 들였다. 출전 선수들도 등장 퍼포먼스를 직접 구상했다. 구단 관계자들 역시 선수단의 롤 모델과 각오를 담은 부채를 마련해 ‘깨알 홍보’에 나섰다. 가장 눈길을 끈 건 각자의 개성을 살린 퍼포먼스였다. 최원준은 이른바 ‘공주(공포의 주둥아리)’라는 별명에 걸맞게 유럽풍 원피스를 입고 공주로 변신했다. 왕관과 요술봉까지 챙기며 디테일도 놓치지 않았다. 허경민은 이날 딸 허서우 양의 생일을 맞아 팬들과 함께 축하하는 시간을 마련했다. 매년 올스타전 단골손님인 애니메이션 코스프레도 눈길을 사로잡았다. 전용주는 ‘주술회전’ 캐릭터로 분해 마운드에 올랐고, 3회를 삼자범퇴로 깔끔하게 막았다. 응원단장 복장을 한 손동현은 응원가에 맞춰 율동까지 선보여 남다른 끼를 자랑했다. 전날 퓨처스 올스타의 열기가 그대로 이어졌다. 박지훈은 화제작 ‘왕과 사는 남자’ 단종 역을 맡은 배우 박지훈과 동명이인이라는 점을 활용해 극 중 활을 쏘는 명장면을 재현했다. 김민석은 닮은꼴 배우 고규필로 지난해에 이어 올해도 변신했다. 이번엔 드라마 ‘다 이루어질지니’ 속 셰퍼드의 명장면을 패러디했다. 이재원은 자신의 주특기인 빠른 발을 살려 영화 ‘인크레더블’ 캐릭터 ‘대쉬’를 선택했다. 구단 관계자의 센스도 돋보였다. 이전엔 선수단의 주요 기록이 명시된 카탈로그를 제작했지만, 올해는무더운 날씨를 고려해 부채를 마련했다. 실용성과 홍보 효과를 동시에 잡은 셈이다. 올스타전 당일엔 직접 제작한 배지 200개를 팬들에게 선물했다. 마지막 잠실 올스타전의 의미를 담아 잠실구장을 시각화했고, 올스타 출전 선수들의 배번까지 새겼다. 경기 전후엔 이벤트 장소와 팬 사인회 등에서 선수와 마스코트가 직접 팬들에게 나눠주기도 했다. 여기에 KT의 대학생 리포터 ‘위즈포터’도 동참했다. 현장에서 만든 스트레스볼(말랑이) 50개와 아이 패치 700개를 팬들에게 제공했다. 무엇보다 스트레스볼 제작엔 올스타전에 출전한 전용주와 손동현도 힘을 보탰다. 팬들을 향한 마음은 선수와 위즈포터 모두 다르지 않았다. sshong@sportsseoul.com",https://v.daum.net/v/0CZhEMPKT6
2026.07.12 09:02,"""ML서 성공한다고 꼭 KBO서 성공하는 건 아냐""…LG 최초 역사 바라...",엑스포츠뉴스,"(엑스포츠뉴스 잠실, 유준상 기자) ""저는 18세라는 어린 나이에 부모님과 떨어져 미국에서 생활하면서 혼자 힘으로 어른이 되는 법을 배워야 했어요. 그 과정에서 (새로운 환경에) 적응하는 능력을 키울 수 있었던 것 같습니다."" LG 트윈스는 2023시즌을 앞두고 새 외국인 타자 아브라함 알몬테를 영입할 계획이었다. 하지만 알몬테가 메디컬 테스트를 통과하지 못하면서 계획에 차질이 생겼다. LG는 알몬테 영입을 철회한 뒤 다시 외국인 타자를 물색했고, 이후 손을 잡은 선수가 바로 오스틴 딘이었다. 2023시즌 개막 전까지만 해도 LG의 선택을 두고 기대보다 우려가 컸던 게 사실이다. 오스틴이 그해 시범경기에서 1할대 타율로 부진하자 걱정의 목소리는 더욱 커졌다. 하지만 우려는 기우에 불과했다. 오스틴은 정규시즌 139경기에서 520타수 163안타 타율 0.313, 23홈런, 95타점, 출루율 0.376, 장타율 0.517을 기록하며 팀의 기대에 부응했다. KT 위즈와의 한국시리즈에서도 20타수 7안타 타율 0.350, 1홈런, 5타점으로 활약하며 LG의 29년 만의 통합 우승에 크게 기여했다. 이후에도 오스틴은 LG 유니폼을 입고 꾸준히 존재감을 보여줬다. 2024년에 이어 지난해에도 30홈런 고지를 밟으며 장타력을 과시했다. 지난해에는 부상 여파로 이전 두 시즌보다 많은 경기를 소화하지 못했지만, 중심타자로서의 가치는 여전했다. 올해는 지난 3년과 비교해 페이스가 더욱 가파르다. 오스틴은 전반기 85경기에서 327타수 111안타 타율 0.339, 27홈런, 83타점, 출루율 0.421, 장타율 0.661로 맹활약했다. 김도영(KIA 타이거즈)과 함께 홈런 부문 공동 1위에 올라 있다. 전반기 성적만 놓고 보면 정규시즌 최우수선수(MVP) 유력 후보 중 한 명이다. LG는 전신 MBC 청룡 시절을 포함해 지난해까지 44년 동안 정규시즌 MVP를 단 한 명도 배출하지 못했다. 홈런왕 역시 없었다. 구단 한 시즌 최다 홈런 기록을 보유한 로베르토 라모스도 2020년 멜 로하스 주니어(당시 KT 위즈)에 이어 홈런 부문 2위에 머물렀다. 오스틴이 후반기에도 상승세를 이어간다면 구단 최초 홈런왕과 MVP를 동시에 노려볼 수 있다. 염경엽 LG 감독이 주목한 건 '적응'이다. 염 감독은 지난달 ""정서적인 적응도 있고, 야구에 대한 적응도 있다. 미국은 변화구를 많이 던지지 않는다. 중요할 때 유인구를 하나씩 던지는 정도다. 마이너리그는 더 심하다. 그걸 이겨내지 못하면 실패하는 것""이라고 강조했다. 선수 본인의 생각도 크게 다르지 않았다. 오스틴은 11일 서울 잠실야구장에서 열린 2026 신한 SOL KBO 올스타전을 앞두고 ""(염경엽 감독의 이야기에) 동의한다""며 ""KBO리그에 오는 외국인 선수들만 봐도 빅리그에서 성공한다고 해서 꼭 KBO리그에서 성공하는 게 아니다. 기본적으로 KBO리그에서 성공하려면 한국 야구를 받아들이고, 적응하려는 모습이 중요하다고 생각한다""고 밝혔다. 자신의 과거도 돌아봤다. 오스틴은 ""나는 18세라는 어린 나이에 부모님과 떨어져 미국에서 생활하면서 혼자 힘으로 어른이 되는 법을 배워야 했다. 그 과정에서 (새로운 환경에) 적응하는 능력을 키울 수 있었던 것 같다""며 ""운이 좋게도 한국에 와서 정말 좋은 동료들을 만났다. 동료들이 나를 받아주고 팀의 일원으로 대해준 덕분에 잘 적응할 수 있었던 것 같다""고 자신의 생각을 전했다. 오스틴은 2023년과 2024년 감독 추천 선수로 올스타전에 출전했고, 지난해에는 베스트12에 선정됐지만 부상으로 불참했다. 올해도 나눔 올스타 1루수 부문 후보에 올라 팬 투표와 선수단 투표에서 모두 포지션 1위를 차지하며 올스타전 초대장을 받았다. 이날 경기에서는 '텍사스 보안관'과 '잠실 오씨' 퍼포먼스를 선보여 팬들에게 웃음을 안기기도 했다. 당초 오스틴은 10일 펼쳐진 2026 KBO 올스타 프라이데이 '컴투스프로야구 홈런더비'에도 출전할 예정이었다. 하지만 허리 쪽 불편함으로 출전이 어렵다는 뜻을 한국야구위원회(KBO)에 전달했다. 오태곤(SSG 랜더스)이 오스틴을 대신해 홈런더비에 참가했다. 오스틴은 ""당연히 아쉽다. 출전하지 못한 것에 대한 아쉬움은 분명히 있다. 다만 아직 시즌이 많이 남아 있고, 끝까지 건강하게 시즌을 치르기 위해 제 몸을 생각해 내린 선택이었다. 최선의 선택이었다고 생각한다""며 ""2023년과 2024년 홈런더비에 참가했는데, 새로운 얼굴이 홈런더비에 참여하는 게 좋은 것 같다. 특히 강백호(한화 이글스) 선수가 좋은 퍼포먼스를 보여줬기 때문에 의미 있는 홈런더비가 된 것 같다""고 말했다. 이번 올스타전은 잠실야구장에서 펼쳐진 마지막 올스타전이었다. 2023년부터 3년 넘게 잠실야구장에서 추억을 쌓은 오스틴도 아쉬움을 감추지 못했다. 그는 ""일단 정말 슬프다. 개인적으로 잠실야구장에서 좋은 추억을 많이 쌓았고, 팬분들도 비슷한 감정을 느끼실 것 같다""고 얘기했다. 이어 ""그래도 좋은 부분은 LG와 두산 베어스가 2032년쯤 새로운 구장을 선물받는다는 점이다. 특히 어린 선수들이 새롭고 수준 높은 구장에서 뛸 수 있다는 게 부럽기도 하다. 그런 점에서는 좋은 부분도 있다고 생각한다""고 덧붙였다. 향후 잠실 돔구장이 문을 열면 뛰고 싶은지 묻자 오스틴은 ""당연히 잠실돔구장에서 뛰고 싶다. 하지만 현실적으로 생각하면 그때 내 나이가 만 39세 정도 된다. 외국인 선수가 KBO리그에서 그 나이까지 오랫동안 뛰는 건 쉽지 않을 것 같다""고 솔직하게 답했다. LG는 전반기 85경기에서 52승33패(승률 0.612)를 기록하며 2위에 올랐다. 선두 삼성 라이온즈와 승차는 없지만, 승률에서 삼성에 2리 뒤져 있다. 전반기 마지막 일정이었던 지난 7~9일 대구 삼성 3연전에서 1승2패를 기록한 점은 아쉬웠다. 오스틴은 ""팀이 성공적인 전반기를 보낸 것에 대해 정말 자랑스럽게 생각한다. 물론 전반기 마무리는 조금 아쉬웠지만, 당시 분위기가 좋았던 강팀 삼성을 만났다. (상대의) 홈구장인 대구삼성라이온즈파크에서 경기를 치렀다는 점을 고려하면 그 정도의 결과를 낸 것에도 어느 정도 만족하고 있다""고 얘기했다. 또 오스틴은 ""선수들이 하나로 잘 뭉쳐 좋은 경기를 했다는 점이 자랑스럽다. 아직 시즌이 많이 남아 있다. 올스타 휴식기 동안 충분히 쉬면서 피로를 회복한다면 지난해처럼 후반기에도 좋은 결과를 낼 수 있다고 믿는다""고 각오를 다졌다. 사진=잠실, 김한준·박지영 기자 유준상 기자 junsang98@xportsnews.com",https://v.daum.net/v/ydHeFCsAtr
2026.07.12 08:42,"韓 152승 레전드 호평→ERA 0.00인데, 두산 19살 루키 왜 반성...",마이데일리,"[마이데일리 = 이정원 기자] ""좋은 기회를 못 잡은 것 같아요."" 두산 베어스 신인 투수 최주형, 그의 데뷔 시즌 전반기는 어땠을까. 최주형은 외포중-마산고 출신으로 2026 신인 드래프트 2라운드 17순위로 두산 지명을 받았다. 두산 관계자는 ""최주형은 유연성을 바탕으로 빠른 팔 스윙과 손목 활용이 뛰어난 투수다. 이 밖에도 디셉션 동작, 다양한 변화구, 완급조절 등 좋은 감각을 갖추고 있다""라고 기대했다. 4월 29일 데뷔 첫 1군에 콜업됐고, 5월 1일 고척 키움 히어로즈전에서 꿈에 그리던 1군 데뷔전을 치렀다. 최주형은 1군 8경기에 나와 승패 없이 평균자책 0.00을 기록했다. 탈삼진 8개는 좋았지만, 볼넷이 7개. 경기당 평균 한 개씩은 볼넷을 허용했다는 의미. 10일 잠실구장에서 진행된 퓨처스 올스타전에 앞서 만난 최주형은 ""부족한 부분을 많이 느꼈다. 후반기에 보완해서 다시 좋은 모습 보여드리겠다""라며 ""좋은 기회였는데 기회를 살짝 못 잡은 것 같다. 준비 잘해서 다시 기회를 잡고 싶다. 전반기보다 더 자신 있는 모습으로 승부하겠다""라고 이야기했다. 본인은 아쉬웠을지 언정, 최주형을 향한 기대감은 크다. 특히 KBO 통산 152승에 빛나는 '레전드 잠수함' 이강철 KT 위즈 감독은 ""투구폼이 진짜 보기 예쁘더라. 좌타자는 손도 못 댈 것 같다. 그냥 못 맞출 것 같다""라고 극찬한 바 있다. 최주형은 ""내가 그 정도인가 싶었다(웃음). 우리 감독님은 아직 그렇게까지 칭찬을 해주신 적이 없다. 제구와 커맨드에서 더 보완을 한다면 인정받을 수 있지 않을까""라고 미소 지었다. 1군에 있으면서 가장 까다로웠던 타자로는 KIA 타이거즈 김선빈을 뽑았다. 그는 ""원래 타자랑 승부하면 '이거를 던지면 못 치겠지'라는 생각을 하는데, 김선빈 선수를 만날 때는 뭘 던져야 할지 몰라 힘들었다""라고 말했다. 퓨처스리그에서 15경기에 나와 1승 3홀드 평균자책 2.84를 기록하며 1군 콜업을 기다리고 있는 최주형, ""후반기에는 전반기보다 더 싸움닭 모드로 마운드에 오르겠다. 많이 기대해 주시면 감사하겠다""라고 각오를 다졌다.",https://v.daum.net/v/FJxuUF5TmJ
2026.07.12 08:37,"""프로 가면 여기서 뛸 수 있다 생각했는데…"" 코리안 특급이 떠올린 '잠...",엑스포츠뉴스,"(엑스포츠뉴스 잠실, 양정웅 기자) '코리안 특급' 박찬호가 마지막 잠실 올스타전에 등장했다. 어린 시절 동경하던 구장의 마지막을 보는 느낌은 어땠을까. 박찬호는 11일 서울 잠실야구장에서 열린 2026 신한 SOL KBO 올스타전을 보기 위해 야구장을 찾았다. 이날 올스타전에는 시구자로 나선 박철순과 김용수를 비롯해, 김재박, 이종범, 김응용, 그리고 국가대표팀의 주축이기도 한 류지현 대표팀 감독과 조계현 KBO 전력강화위원장 등 여러 야구인들이 방문했다. 박찬호 역시 관중석에 앉아 한양대 선배인 류지현 감독, 그리고 같은 미국 메이저리그(MLB) 출신의 김선우 MBC스포츠플러스 해설위원 등과 이야기를 나누는 모습이 보였다. 또한 경기 후 베스트 퍼포먼스상 시상자로도 나왔고, 양의지(두산 베어스) 등 베테랑 선수들과도 인사를 나누는 모습이 포착됐다. 메이저리그에서만 17년(1994~2010년)을 뛴 박찬호가 잠실야구장을 밟을 일은 많지 않았다. KBO 리그에서 2012년 한 시즌을 한화 이글스 소속으로 뛰었던 그는 통산 잠실 2경기에 등판, 2승 무패 평균자책점 1.38을 기록했다. 특히 그해 5월 17일 두산 베어스와 경기에서는 KBO 개인 최다인 7이닝을 소화하며 한 점만 내줬다. 올스타전 종료 후 만난 박찬호는 ""어렸을 때부터 TV로 이 경기장을 봤다""고 떠올렸다. 잠실야구장은 그가 초등학교 3학년 때인 1982년 개장했으니, 이곳을 동경의 대상으로 삼을 만했다. 충남 공주시 출신인 박찬호는 ""사실 이글스파크(당시 대전 한밭야구장)가 오랜 꿈이었다""면서도 ""어린 시절 이곳은 서울에 있는 큰 무대였고, '프로야구 선수만 되면 저 경기장에서 할 수 있다'라는 생각도 했던 추억이 있다""고 밝혔다. 개인적인 잠실에 대한 추억을 묻자 박찬호는 ""여기서 처음 던진 건 1998 방콕 아시안게임 때 국가대표 상비군과 연습경기였다""고 떠올렸다. 당시에 안타를 맞은 기억까지 생생하게 떠올린 그는 ""그때 처음 잠실구장을 밟아본 게 추억이 됐다""고 말했다. 박찬호는 ""마지막이라는 게 굉장한 아쉬움으로 남는다""며 ""돌이켜 보면 잠실에서 한국프로야구의 전설이나 역사, 대기록이 많이 나왔다. 그 안에는 수많은 훌륭한 선수들의 발자취가 묻어 있다""고 했다. 그러면서 ""한순간에 새 경기장으로 바뀐다는 생각에 아쉽기는 하지만, 그만큼 낡은 걸 새 것으로 바꿔주는, 한국 야구가 더 많이 성장하고 발전하는 기로에 서 있어서 중요한 역할이 될 것 같다""고 기대했다. 추억이 사라지는 건 아쉽지만, 좋은 야구장이 들어선다는 건 기쁨이다. 박찬호는 ""(허구연) KBO 총재님도 오랫동안 인프라를 위해 목소리를 높이셨다. 그런 결실이라고 생각한다""면서 ""이렇게 발전하는 데 있어서 팬들의 성원도 큰 역할을 했다""고 했다. 이어 ""야구장이 바뀌는 만큼 선수들의 능력도 성장하는 계기가 됐으면 좋겠다""며 ""특히 국제대회에서도 더 나은 한국 야구를 보여줄 수 있었으면 하는 바람""이라고 기대했다. 사진=잠실, 김한준·박지영 기자 / 엑스포츠뉴스 DB 양정웅 기자 orionbear@xportsnews.com",https://v.daum.net/v/ZZUy6VKpXu
2026.07.12 08:34,"""수술 받았을 때 제대로 던질 수 있을까 걱정했다""…3년 공백 딛고 돌아...",엑스포츠뉴스,"(엑스포츠뉴스 잠실, 유준상 기자) ""3년이라는 공백기가 생각보다 컸어요. 방법을 찾고 좋은 방향으로 갈 수 있도록 준비하려고 합니다."" 1999년생인 안우진(키움 히어로즈)은 프로 데뷔 전부터 남다른 구위를 뽐낸 특급 투수 유망주였다. 2018년 1차 지명으로 넥센(현 키움)에 입단한 뒤에도 자신의 장점을 보여줬다. 특히 2022년에는 30경기 196이닝 15승 8패 평균자책점 2.11로 활약하며 커리어하이를 달성했다. 안우진은 2023년에도 순항을 이어가고 있었으나 시즌 후반 부상 암초를 만났다. 9월 초 병원 검진에서 오른쪽 팔꿈치 내측측부인대가 손상됐다는 진단을 받았고, 내측측부인대 재건술(토미존 수술)을 받았다. 조금 일찍 시즌을 마감한 안우진은 같은 해 12월 사회복무요원으로 군 복무를 시작했다. 그러나 소집해제를 앞두고 또 한 번 부상에 발목을 잡혔다. 지난해 8월 초 구단 자체 청백전을 마친 뒤 추가 훈련을 하다가 넘어지면서 오른쪽 어깨를 다쳤다. 오른쪽 견봉쇄골관절 인대 손상 진단을 받은 안우진은 약 2년 만에 다시 수술대에 올랐다. 팔꿈치 수술과 재활을 견뎌낸 뒤 복귀를 준비하던 시점에 또다시 긴 재활을 시작해야 했다. 순조로운 회복세를 보인 안우진은 퓨처스리그(2군) 재활 등판 없이 곧바로 1군 무대에서 컨디션을 끌어올렸다. 시즌 첫 등판이었던 4월 12일 고척 롯데 자이언츠전부터 차근차근 투구수를 늘렸다. 6월 이후에는 세 차례 6이닝을 소화하는 등 시즌 초반보다 한층 안정된 모습을 보였다. 안우진의 전반기 최종 성적은 13경기 56이닝 2승 5패 평균자책점 3.70. 올스타전 감독 추천 선수로 선발된 안우진은 2023년 이후 3년 만에 올스타전을 찾았다. 그는 11일 서울 잠실야구장에서 열린 2026 신한 SOL KBO 올스타전을 앞두고 ""오랜만에 올스타전에 나왔는데 반겨주시는 분들이 많다. 예전에는 선배님들이 많았다면 이제는 후배들도 생겼다. 이번 기회를 통해 후배들과 더 알아가는 시간이 될 것 같다""며 미소 지었다. 잠실야구장에 얽힌 추억도 떠올렸다. 안우진은 ""데뷔 후 잠실야구장에서 첫 선발 등판을 소화했는데, 그때 김현수(당시 LG·현 KT) 선배에게 홈런 2개를 맞았다""며 ""2022년에는 이곳에서 평균자책점 부문 1위를 확정했다. (야구장이 커서) 워낙 투수에게 유리하다. 편한 마음으로 던질 수 있는 곳이었고, 관중석이 꽉 찼을 때 멋있는 야구장이었다""고 돌아봤다. 이어 ""(잠실야구장에서의) 마지막 시즌이라고 하니 개인적으로는 아쉽다. 그래도 (선수들이) 더 좋은 시설에서 경기할 수 있게 준비해 주시는 것이기 때문에 기대하고 있을 것""이라고 덧붙였다. 전반기 자신에게 몇 점을 주겠느냐는 질문에는 '50점'이라고 답했다. 안우진은 ""부족한 점도 있었고, 경기를 치르면서 배운 것도 있었다. 좋지 않았던 부분은 수정하고, 잘됐던 부분은 계속 유지하면서 후반기를 치를 생각이다. (자신에게 점수를 매기자면) 전반기가 끝났기 때문에 50점을 주고 싶다. 아직 시즌이 끝난 게 아니기 때문에 남은 절반을 채워야 한다""고 설명했다. 이어 ""항상 불만족이다. 잘했을 때도 좋지 않았던 점을 찾아서 좀 더 발전하려고 노력하다 보니 만족하는 경기는 없는 것 같다""며 ""아직 채워야 할 부분이 많이 남았다고 생각한다. 부족한 점을 많이 느꼈다. 3년이라는 공백기가 생각보다 컸다. 방법을 찾고 좋은 방향으로 갈 수 있도록 준비하려고 한다""고 덧붙였다. 처음 수술대에 올랐을 때는 두려움이 컸다고 털어놓기도 했다. 안우진은 ""수술을 처음 했을 때는 공을 제대로 던질 수 있을까 걱정했다. 그런 생각을 했던 것에 비하면 지금 공을 던지고 있다는 것에 감사함을 느낀다""고 전했다. 복귀 시즌인 만큼 올해는 무엇보다 건강이 우선이다. 안우진은 ""나도 그렇고 팀도 아프지 않은 것에 초점을 맞췄으면 좋겠다고 했다. 지금까지 특별히 아픈 곳이 없었기 때문에 그 부분에서는 잘하고 있는 것 같다""며 ""좋았던 기억을 되살리려고 노력하고 있다. 마음대로 되지 않는 부분도 있지만, 반대로 더 좋아진 부분도 있다. 조금씩 감을 찾아가면서 더 좋은 모습을 보여주고 싶다""고 강조했다. 또 안우진은 ""후반기에는 몸 관리를 좀 더 잘 해서 컨디션을 빠르게 끌어올릴 수 있도록 준비해야 할 것 같다""며 ""팀에서도 '재활에 신경 쓰고, 절대 무리하지 말고 아프면 언제든 말하라'고 한다. 나 자신도 성적보다는 다치지 않는 데 초점을 맞췄다. 아프지 않고 시즌을 잘 끝냈으면 좋겠다""고 다짐했다. 사진=잠실, 김한준·박지영 기자 유준상 기자 junsang98@xportsnews.com",https://v.daum.net/v/tng5mEAitV
2026.07.12 08:29,월드컵 한국전이 생애 마지막 경기…25세 남아공 선수 사망,한국경제,"2026 국제축구연맹(FIFA) 북중미 월드컵에 출전한 남아프리카공화국 국가대표 선수 제이든 애덤스가 세상을 떠났다. 향년 25세. 로이터 통신은 11일(한국시간) ""2026 국제축구연맹(FIFA) 북중미 월드컵에서 남아공의 조별리그 3경기에 모두 출전한 애덤스가 사망했다고 남아공 체육부가 발표했다""며 ""사인은 공개되지 않았다""고 전했다. 게이튼 맥켄지 남아공 스포츠 예술-문화부 장관은 같은 날 ""남아공 축구는 빛나는 재능을 급작스럽게 잃게 돼 깊은 충격과 슬픔에 잠겼다. 그의 가족, 팀 동료, 수많은 팬과 함께 애도한다""고 추모했다. 이어 ""애덤스의 사망 원인은 아직 확인되지 않았다. 섣부른 추측을 자제해주기를 부탁한다""고 덧붙였다. 애덤스는 남아공 국가대표로 발탁돼, 이번 월드컵에서 자국 최초로 토너먼트 진출에 기여했다. 멕시코·체코와의 1·2차전에 선발 출전했다. 한국과의 경기에서는 후반 35분 교체 투입됐다. 캐나다와의 32강전에선 출전하지 않아 한국과의 경기가 생애 마지막 경기가 됐다. 로이터 보도에 따르면 애덤스는 체코전을 하루 앞두고 할머니가 세상을 떠나는 아픔을 겪은 것으로 전해졌다. 남아공축구선수협회는 공식 성명을 통해 ""남아공 축구는 재능 있는 선수, 축구에 헌신한 자랑스러운 인물, 그리고 아직 보여줄 것이 너무나 많은 젊은 생명을 잃었다""고 애도했다. 잔니 인판티노 FIFA 회장은 ""남아공의 역사적인 여정을 함께한 애덤스가 불과 몇 주 만에 세상을 떠났다는 소식이 슬프다""고 추모했다. 이어 12일 열린 노르웨이와 잉글랜드의 경기 전 양 팀 선수단은 묵념으로 애덤스의 넋을 기렸다. 최수진 한경닷컴 기자 naive@hankyung.com",https://v.daum.net/v/yqzBlOrNhw
2026.07.12 08:18,"[IS 인터뷰] 트중박·아이돌은 아쉽고 홈런왕은 절레절레, '굿바이 잠실...",일간스포츠,"서울 잠실야구장에서의 '마지막' 올스타전이 지난 11일 막을 내렸다. 올해를 끝으로 철거되는 잠실야구장에서 열린 마지막 축제였다. 오랜 기간만큼이나 다양한 기억이 쌓인 이곳에서, 선수들은 어떤 추억을 간직하고 있을까. '트·중·박' 박해민(LG 트윈스) : 2022~ LG, 2023·2025 KBO 중견수 부문 수비상 ""아무래도 외야가 좁아진다면, (넓은 수비 범위가 장점인 저 같은 선수들에겐) 수비 범위가 좁아질 수 있기 때문에 아쉬울 것 같다. 야구장이 워낙 넓다 보니까 장타도 홈런도 많이 안 나온다고 생각하는데, 외야가 좁아진다면 타자들은 좋아할 것 같고, 투수들은 아쉬워하지 않을까. (외야 수비가 강점인) 내겐 잠실야구장이 사라지는 게 아쉽다. 새로운 야구장이 어떻게 만들어질지는 모르겠지만, 우리 한국야구도 펜스를 다양하게 하면서, 선수들이 과감하게 펜스를 넘어가는 타도 잡아내는 모습이 많이 나왔으면 좋겠다. 지금 대부분의 야구장들의 펜스가 높다. (펜스 높이도 조절이 돼서) 볼거리가 조금 더 생겼으면 좋겠다."" '잠실 아이돌' 정수빈(두산 베어스) : 2009~ 두산, 2024 KBO 중견수 부문 수비상 ""올해 끝나고 잠실 야구장이 이제 없어지는 거니까 감회가 새롭다. 마지막이다 보니까, 이런 좋은 분위기나 야구장의 모습들을 좀 더 많이, 좋은 추억을 간직하고 싶다. 2009년에 처음 잠실야구장에 와서 첫 잔디를 밟았을 때가 가장 생각이 난다. 올 시즌 마지막으로 잔디를 밟을 때 그 순간을 기억하려고 한다."" '한국시리즈 4회 우승' 최형우(삼성 라이온즈) : 2011·2012·2014·2017 잠실 우승, 2014 KS 5차전 끝내기 안타 ""1군에서만 19년을 뛰었는데, 홈구장이 아니었는데도 좋은 추억이 많았던 야구장이다. 여기서 우승도 많이 했고, 홈런도 많이 친 기억이 있다(48개). 또 2014년엔 한국시리즈(KS) 끝내기 안타도 쳤고 2017년엔 KIA의 KS 우승을 여기서 했던 기억이 난다. 여러모로 내게 참 고마운 야구장이다. 개인적으로 잠실이 잘 맞는 구장이라고 생각했는데, 없어진다니까 조금 아쉽다."" '홈런왕' 르윈 디아즈(삼성 라이온즈) : 2025시즌 홈런왕(50홈런), 잠실 통산 5홈런 ""잠실야구장은 정말 큰 야구장이다. 애당초 왜 이렇게 크게 야구장을 지었는지 모르겠다(웃음). 내가 야구장을 만드는 사람이고 내가 담당자였다면 타자들한테 유리한 야구장으로 지었을 것 같다고 생각할 정도로 큰 야구장이었다. 투수들에게만 불리한 경기장을 짓겠다는 말은 아니다(웃음). 야구장에 오시는 많은 팬도 점수 많이 나는 거 보고 싶어 하실 테니까... 잠실야구장은 정말 큰 야구장이고, 5년 뒤에 새 경기장(2032년 개장)이 만들어졌을 때 얼마나 작아졌는지, 혹은 얼마나 커졌는지 확인해보고 싶다."" '잠실 왕자' 손동현(KT 위즈) : 포스트시즌 잠실 7경기 1승 무패 2홀드 평균자책점 1.13 ""서울에서 나고 자라서(염창초-덕수중) 잠실야구장에 대한 추억이 많다. 관중석에서만 보다가 여기서 프로 데뷔도 하고 첫 KS도 이곳에서 했다. 오늘 올스타전까지 와서 너무 뜻깊다. 아무래도 잠실야구장 하면 2024년 KS가 기억에 가장 남는다. 1차전(11월 7일)이었는데 2이닝을 무실점으로 막아서 승리투수가 됐다. 그 뒤로 잠실에서 좋은 성적을 냈는데, 마운드도 내 스타일이고 큰 경기일수록 좋은 기억이 있다. 관중이 꽉 차면 전국에서 가장 웅장한 야구장이 되지 않나. 선수로서 끓어오른다고 해야 하나. 그런 아드레날린 덕분에 더 잘 던지게 된 것 같다. 아직 잠실에서의 경기가 남아 있지만, 막상 없어진다고 하니까 아쉽다."" '16년 고향' 허경민(KT 위즈) : 2009~2024 두산 ""내가 데뷔한 곳이다. 여기에서의 기억들이 정말 많고 정말 행복했다. 우승을 했던 순간들도 있었고, 극적인 안타를 친 순간도 많았다. 이제는 원정팀의 입장으로 와야 하기 때문에 옛날처럼 많은 추억을 할 순 없지만, 뛰는 동안 정말 감사했고 내 꿈을 이룰 수 있게 해준 경기장이기 때문에 고마운 곳이다. '대한민국의 야구장'하면, 잠실야구장이 가장 먼저 떠오르지 않나. 내년에 이 야구장이 없어진다는 게 조금 아쉽긴 하다. 그래도 얼마나 더 멋진 야구장이 지어질지 기대된다. 앞으로 어 선수들이나 다음 세대 선수들이 조금 더 좋은 환경에서 야구를 할 수 있지 않을까 생각하고 있다."" 잠실=윤승재 기자 yogiyoon@edaily.co.kr",https://v.daum.net/v/qcb3Q42uDn
2026.07.12 08:11,“홈런더비 비거리 규정 몰랐어요” 허인서의 아쉬움은 단 하루로 끝…올스타...,마이데일리,"[마이데일리 = 잠실 김진성 기자] “비거리 규정은 몰랐어요.” 허인서(23, 한화 이글스)는 11일 서울 잠실구장에서 열린 올스타 홈런더비 예선서 7홈런으로 팀 동료 강백호, 오태곤(SSG 랜더스)과 함께 공동 1위를 차지했다. 예전엔 이럴 때 서든데스를 통해 결승 진출자를 결정했다. 그러나 올해는 비거리 규정이 있었다. 비거리가 긴 선수에게 우선권을 줬다. 그 결과 허인서는 결승에 진출하지 못했다. 12일 올스타전을 앞두고 만난 허인서는 “생각했던 것보다 많이 쳐서 나도 좀 놀랐다. 비거리에 밀려서 좀 아쉬웠는데 백호형이 우승해서 기분은 좋다. (문)현빈이가 작년엔 서든데스를 했다고 해서 준비하려고 하는데 없다고 해서 좀 아쉽긴 했다”라고 했다. 그래도 꿈의 올스타전이다. 퓨처스 올스타전에 나가면서 1군 올스타전에 나가는 상상이 현실이 됐다. 마침 생애 첫 1군 올스타전에 참가한 11일은 자신의 생일이었다. 허인서는 “올해 1군 올스타전이 열리는 날이 내 생일이라서 기분이 두 배로 좋다”라고 했다. 결국 허인서는 자신의 생일에 나간 첫 1군 올스타전서 4안타를 터트리며 올스타전 MVP를 거머쥐었다. 2008년 안치홍에 이어 역대 두 번째로 신인이 올스타전 MVP를 따냈다. 허인서는 경기 후 “최고의 생일”이라고 했다. 허인서는 “이렇게 빠르게 1군 올스타전에 나갈 것이라고 생각을 하지 못했다. 퓨처스 올스타전 하고 있으면 항상 1군 선배님들이 홈런더비를 준비했다. 홈런더비라도 한번 나가고 싶다고 생각했는데 풀타임 첫 시즌에 바로 나갈 수 있게 됐다”라고 했다. 그러면서 “작년 퓨처스 올스타전에는 내가 맏형이었다. 작년까지 세 번 나갔다. 뭘 해야 하는지, 애들을 좀 많이 챙겼다. 이번엔 1군 올스타전에 나가서 기분이 좋았다”라고 했다. 심지어 MVP를 두고 “생일 선물을 받은 것처럼 기분이 좋았다”라고 했다. 실제 상금만 2000만원이다. 후반기가 다가온다. 허인서는 “앞으로 야구하면서 더 노력해야 한다. 송구가 약하다고 생각한 적은 없는데 도루저지율이 올해 좀 낮다. 김정민 코치님과 운동하면서 배워야 할 것 같다. 6월 초엔 체력적으로 좀 힘들었는데 지금은 많이 괜찮아졌다”라고 했다. 또한, 허인서는 “타격은 만점을 줄 수 있는데 수비가 조금 기대에 못 미쳤다. 후반기에는 방망이도 방망이지만 수비에 좀 더 집중해서 팀이 조금 더 높은 곳에 올라갈 수 있도록 좀 더 노력하겠다. 타격은 좀 더 차분하게 치려고 노력하고 있다”라고 했다. 정규시즌 신인왕 레이스에서 가장 앞서간다는 평가를 받는다. 허인서는 “60경기 정도 남았다. 그 안에서 누가 잘할지도 모른다. 그냥 내가 할 것을 하고 최선을 다해서 시즌을 마치고 팀이 좀 더 높은 곳에 올라갈 때 받으면 기분이 좋을 것 같다”라고 했다.",https://v.daum.net/v/7RQk6VKpwc
2026.07.12 07:48,미네소타 고우석 메이저리그 데뷔 첫 홀드 달성,KBS,"미국 프로야구 미네소타 트윈스의 고우석이 메이저리그 두 번째 등판에서 첫 홀드를 기록했습니다. 고우석은 오늘(12일 한국시간) 미국 미네소타주 미니애폴리스 타깃필드에서 열린 로스앤젤레스 에인절스와의 홈경기에 5대 3으로 앞선 8회 팀의 세 번째 투수로 마운드에 올라 1이닝 동안 안타와 볼넷을 1개씩 줬지만, 실점 없이 이닝을 잘 마무리했습니다. 고우석은 세이브 요건을 채운 중간 투수에게 주는 홀드를 처음으로 챙겼고, 팀이 5대 3으로 승리하는 데 힘을 보탰습니다. 첫 타자 본 그리섬을 우익수 뜬 공으로 잡은 고우석은 비디오 판독을 거쳐 조 아델을 볼넷으로 내보냈습니다. 후속 타자 웨이드 메클러를 2루수 땅볼로 유도해 아델을 2루에서 잡았지만, 덴세르 구스만에게 내야 안타를 맞아 1, 2루 실점 위기에 몰렸습니다. 그러나 로건 오호피를 유격수 직선타로 잡아 위기를 벗어나고 이닝을 실점 없이 마쳤습니다. 고우석은 21개의 공을 던졌고 13개를 스트라이크로 채웠습니다. 최고 구속은 시속 155㎞를 찍었습니다. 이틀 전 클리블랜드 가디언스를 상대로 미국 진출 2년 반 만에 빅리그에 데뷔해 역대 30번째 한국인 메이저리거가 된 고우석은 이렇게 빅리그 첫 홀드를 작성했습니다. [사진 출처 : AP=연합뉴스] ■ 제보하기 ▷ 전화 : 02-781-1234, 4444 ▷ 이메일 : kbs1234@kbs.co.kr ▷ 카카오톡 : 'KBS제보' 검색, 채널 추가 ▷ 유튜브, 네이버에서도 KBS뉴스를 구독해주세요! 박주미 기자 (jjum@kbs.co.kr)",https://v.daum.net/v/qbCWptZvCl
2026.07.12 07:42,"‘이재현-배찬승-장찬희’ 복귀, 후반기 완전체 기뻐했는데…최강 셋업맨, ...",OSEN,"[OSEN=한용섭 기자] 전반기를 극적인 승리와 함께 1위로 마친 프로야구 삼성 라이온즈가 올스타 휴식기에 부상 날벼락이 생겼다.박진만 삼성 감독은 부상 선수 복귀로 후반기 완전체 전력을 기다리며 기뻐했는데, 최강 셋업맨이 팔꿈치 부상으로 6주 넘게 이탈하게 됐다. 박진만 감독은 전반기 마지막 LG 트윈스와 3연전을 치르며 후반기 복귀 전력에 대한 기대감을 드러냈다. 이재현(허리 통증), 배찬승(어깨 통증), 장찬희(팔꿈치 통증) 등이 후반기에 복귀를 앞두고 있다. 박 감독은 “이재현은 재검진 결과 깨끗하게 회복됐다. 통증이 없어서 기술 훈련을 하고 있다. 열심히 준비하고 있다”고 말했다. 이재현과 배찬승은 오는 21일쯤 복귀할 예정이다. 박 감독은 “재현이는 쉬는 기간이 있었기에 퓨처스리그에서 2~3경기 정도 뛰면서 실전 감각을 끌어올린 뒤에 1군에 올라온다. 후반기 첫 시리즈(16~19일)에는 어렵지만, 그 다음 주에는 복귀할 수 있을 것 같다”고 계획을 언급했다. 배찬승도 마찬가지다. 박 감독은 “찬승이도 재현이과 같이 그 다음 주 주중에 복귀가 가능할 것이다”고 말했다. 이재현은 올 시즌 38경기에 출전해 타율 2할4푼3리로 낮으나 8홈런 21타점 OPS .839를 기록했다. 무엇보다 유격수 수비에서 이재현이 있고 없고는 차이가 난다. 배찬승은 전반기 37경기에 등판해 3승 2패 9홀드 평균자책점 2.54를 기록했다. 두 선수 모두 아시안게임 국가대표로 뽑혀 후반기 활약이 중요하다. 올해 3라운드 29순위 신인투수인 장찬희도 전반기에 18경기 4승 4패 평균자책점 4.58을 기록하며 깜짝 활약을 했다. 대체 선발로 좋은 성적을 거뒀다. 박 감독은 “장찬희는 7월말에는 돌아올 수 있을 것으로 본다”고 언급했다. 하지만 최강 셋업맨 최지광의 부상 재활이 길어질 전망이다. 최지광은 지난 7일 LG전에서 1이닝을 던졌고, 다음날 굴곡근이 불편해 1군 엔트리에서 말소됐다. 최지광은 8일 MRI 검진을 받았는데, 굴곡근 손상 그레이드 1 진단을 받았다. 박 감독은 ""회복 상태를 보고 복귀 시점을 잡아야 한다""고 했다. 그런데 최지광은 재검진을 받았고, 삼성 구단은 11일 ""오른쪽 팔꿈치 굴곡근과 회내근 손상 진단을 받았다. 약 6주간 재활이 필요하다는 소견이고, 4주 뒤 재검진을 받을 예정이다""고 밝혔다. 굴곡근과 함께 회내근 손상까지 드러나 재활 기간이 길어진다. 2024년 9월 팔꿈치 부상으로 토미 존 서저리를 받은 최지광은 지난해 1년 동안 재활을 했다. 올 시즌 25경기에 등판해 4승 1세이브 8홀드 평균자책점 2.45를 기록하며 필승조로 맹활약했다. 불펜 필승카드 공백이 생겼다. /orange@osen.co.kr",https://v.daum.net/v/t229kNoMWI
2026.07.12 07:42,"“다치지 말고 즐겼으면”…빅리그 경험했던 한화 류현진, 고우석 향해 격려...",MK스포츠,"“다치지 말고 즐겼으면 좋겠다.” 미국프로야구 메이저리그(MLB)를 호령했던 류현진(한화 이글스)이 고우석(미네소타 트윈스)에게 애정 어린 조언을 건넸다. 류현진은 11일 서울 잠실야구장에서 열린 2026 프로야구 KBO 올스타전에 참가했다. 특히 이번 올스타전은 잠실에서 펼쳐진 마지막 올스타전이라 의미가 더했다. 류현진은 2006년 프로 데뷔전을 잠실(상대 LG 트윈스)에서 치러 승리투수가 된 바 있다. 본 행사가 열리기 전 만난 류현진은 “잠실구장이라고 하면 10개 구단 모든 투수가 가장 좋아하는 곳”이라며 “저도 그 중에 하나였다”고 말했다. 이어 “(올스타전에 참가해) 너무 기쁘다. 오늘 하루 팬 분들과 즐길 수 있는 시간 가지도록 하겠다”고 덧붙였다. 명실상부 류현진은 한국 야구를 대표하는 좌완투수다. 2006년 한화 유니폼을 입고 프로에 데뷔해 KBO리그 통산 259경기(1654.1이닝)에서 125승 69패 1세이브 평균자책점 2.93을 마크 중이다. 2013~2023시즌에는 빅리그에 진출해 186경기(1055.1이닝)에 나서 78승 48패 1세이브 평균자책점 3.27을 작성하기도 했다. 올해에도 존재감은 크다. 전반기 15경기(87.2이닝)에 출전해 8승 2패 평균자책점 2.67을 기록, 한화 선발진을 이끌었다. 전반기를 돌아본 그는 “선발투수로서 할 수 있는 역할을 한 것 같아 개인적으로 만족한다. 이른 강판 안 당하고 팀이 이길 수 있는 경기를 만들었다. 선발투수의 역할을 한 부분이 제일 만족스럽다”고 전했다. 한·미 통산 2500탈삼진에도 1개가 남았지만, 크게 신경쓰지 않는다. 류현진은 “기록적인 부분은 하고 싶다고 할 수 있는 것이 아니기에 전혀 신경 안 쓰고 있다. 제가 할 수 있는 역할만 생각하고, 준비한다”며 제일 기억에 남는 탈삼진이 있냐는 질문에는 “(달성한다면) 2500탈삼진이 기억날 것 같다”고 호탕하게 웃었다. 후반기 목표는 그저 팀의 가을야구 진출이었다. 그는 “개인적인 것은 하나도 없다. 작년처럼 꼭 가을야구 갈 수 있으면 좋겠다. 할 수 있도록 선수들과 잘 준비하겠다”고 강조했다. 또한 류현진은 최근 MLB 데뷔에 성공한 고우석을 향해서도 응원의 메시지를 남겼다. 그는 “고우석 선수가 그곳만 바라보고 몇 년 동안 고생했다. 본인이 더 잘 알고, 할 것이다. 그곳에서 살아남기 위한 무기가 있을 것이다. 다치지 말고 즐겼으면 좋겠다”고 격려했다. [잠실(서울)=이한주 MK스포츠 기자] [ⓒ MK스포츠, 무단전재 및 재배포 금지]",https://v.daum.net/v/5F96sDcneb
2026.07.12 07:39,"하늘은 왜 곽빈을 낳고, 황성빈을 낳았는가…""베스트 퍼포먼스상, 내가 받...",엑스포츠뉴스,"(엑스포츠뉴스 잠실, 양정웅 기자) 올해 올스타전 퍼포먼스의 시작을 알렸던 곽빈(두산 베어스). 모두를 뒤집어지게 만든 완벽한 코스프레였지만, '강자'의 복귀에 무릎을 꿇고 말았다. 곽빈은 11일 서울 잠실야구장에서 열린 2026 신한 SOL KBO 올스타전에서 드림 올스타의 선발투수로 등판했다. 올해 진행된 올스타 투표에서 곽빈은 팬 투표 236만 174표, 선수단 투표 182표 등 총점 47.11점으로 드림 올스타의 선발투수 부문 베스트 12에 선정됐다. 2018년 프로에 입단한 그가 올스타전에 출전한 건 이번이 처음이다. 1회초 마운드에 오른 곽빈은 천사 날개가 달린 옷을 입고 올라왔다. 이는 영화 '와일드씽'의 등장 인물 최성곤(오정세 분)의 '니가 좋아'에 맞춘 퍼포먼스였다. 그는 덤덤하면서도 자연스러운 몸짓을 보여주며 모두를 환호하게 만들었다. 이는 올스타 투표 기간 화제를 모았던 '투표 독려 숏츠'를 재현한 퍼포먼스였다. 그는 올스타 투표 기간에도 최성곤으로 변신해 영상을 찍었는데, 두산 구단 공식 SNS에는 최성곤 캐릭터의 계정이 댓글을 달기도 했다. 곽빈 본인도 ""투표 취소하시면 안 됩니다...""라는 댓글을 올려 웃음을 자아냈다. 다시 야구선수로 돌아온 곽빈은 선두타자 박민우(NC 다이노스)를 헛스윙 삼진으로 잡아냈다. 2번 박해민(LG 트윈스)에게는 151km/h까지 구속을 끌어올렸으나 좌익수 쪽 안타를 내줬고, 김도영(KIA 타이거즈)에게 스트레이트 볼넷을 허용했다. 곽빈은 154km/h 패스트볼을 연신 뿌린 후, 슬라이더로 타이밍을 빼앗으며 강백호(한화 이글스)를 삼진 처리했다. 네 타자를 상대한 그는 양창섭(삼성 라이온즈)과 교체돼 마운드를 내려갔다. 경기 후 만난 곽빈은 ""시즌 때보다 더 떨렸다""고 고백하며 ""그래도 재밌었다""고 첫 올스타에 출전한 소감을 밝혔다. 팬들의 반응이 뜨거웠다는 말에 곽빈은 ""이게 또 가발이 아니라 내 머리여서 더 효과가 좋았던 것 같다""며 퍼포먼스 퀄리티에 대한 만족감을 드러냈다. 그는 영상 공개 당시부터 반응이 좋았다고 하자 ""그렇다. 그건 맞다""며 동의했다. 이번 올스타전에서 두산 선수들은 센스 있는 투표 독려 영상으로 화제를 모았다. 양의지는 걸그룹 I.O.I의 '갑자기' 영상, 박준순은 가수 대성의 '날 봐, 귀순'의 코첼라 버전을 따라했다. 정수빈도 걸그룹 리센느의 미나미가 유행시킨 '파라파라' 퍼포먼스를 보여줬다. 곽빈은 ""이번이 마지막 잠실야구장(올스타전)인 만큼 같은 팀 선수들이 많이 뽑힌 게 정말 감사하다고 생각하고 있디""고 얘기했다. 충분히 베스트 퍼포먼스상을 노려볼 수도 있었지만, 곽빈은 '강아지'로 변신한 2년 전 수상자 황성빈(롯데 자이언츠)에게 밀려 무산되고 말았다. '베스트 퍼포먼스상이 될 수도 있었다'는 말에 ""그건 맞다""고 한 곽빈은 ""투표가 조금 아쉬웠다. 노려봤고, 내가 받을 줄 알았다""고 고백했다. 이어 ""그래도 (황)성빈이 형이 더 잘한 것 같다. 그건 인정한다""며 고개를 끄덕였다. 마지막 잠실 올스타전에 두산 에이스로서 출전한다는 건 큰 의미가 있다. 곽빈은 ""나중에도 추억이 될 것""이라고 했다. 그러면서 ""이제 새 (잠실)야구장 올스타를 노려보도록 하겠다""며 당당히 말했다. 사진=잠실, 김한준·박지영 기자 / 두산 베어스 양정웅 기자 orionbear@xportsnews.com",https://v.daum.net/v/GyZyfKqFtl
2026.07.12 07:36,"'대단하네' 한화에 이런 효자가 다 있다니, 생애 첫 올스타전서 대형사고...",스타뉴스,"[스타뉴스 | 잠실=김우종 기자] 한화 이글스의 거포 안방마님 허인서(23)가 생애 첫 올스타전 무대에서 별 중의 별인 '미스터 올스타(MVP)'에 등극했다. 공교롭게도 자신의 23번째 생일에 최고의 자리에 오르며 기쁨을 더했다. 허인서는 11일 서울 잠실구장에서 열린 2026 신한 SOL KBO 올스타전에서 나눔 올스타의 8번 타자 겸 포수로 선발 출장, 5타수 4안타 1타점 1득점으로 좋은 활약을 펼쳤다. 허인서의 맹활약과 함께 나눔 올스타는 10-2 완승을 거뒀다. 허인서는 경기 초반부터 좋은 모습을 보여줬다. 2회초 첫 타석에서 중전 안타를 때려낸 허인서는 4회초 좌전 안타로 멀티히트를 완성했다. 계속해서 팀이 2-0으로 앞선 6회초 무사 1, 2루 기회에서 좌익수 방면 적시타를 터트리며 3안타 경기를 해낸 허인서. 여기에 송찬의와 이도윤의 연속 안타 때 홈까지 밟았다. 여기가 끝이 아니었다. 7회초에도 안타를 추가하며 무려 4안타 경기를 완성한 허인서였다. 8회초에도 한 차례 타석에 더 들어서며 5안타 경기를 노렸으나 아쉽게 실패했다. 허인서는 기자단 투표에서 총 26표 중 13표를 획득, 10표를 얻은 팀 동료 문현빈을 3표 차로 제치고 MVP의 영예를 안았다. 문현빈 역시 이날 3루타 1개를 포함해 4안타(1타점 3득점)를 몰아쳤지만, 결국 허인서가 별 중의 별로 선정됐다. 미스터 올스타에 선정된 허인서는 상금 2000만 원과 트로피, 부상으로 안마의자와 화장품 세트를 받았다. 허인서는 경기 후 취재진과 인터뷰에서 ""처음 올스타전에 참여했는데 이렇게 큰 상을 받을 수 있어서 기분이 정말 좋다. 미스터 올스타는 진짜 제 머릿속에 전혀 없던 그림이었는데, 이렇게 받게 돼 더욱 기쁘다""고 소감을 밝혔다. 이어 문현빈과 MVP 경쟁에 관해 ""(문)현빈이와 계속 안타 개수가 똑같아 더그아웃에서 이야기를 나눴다. 저는 안 그랬는데, 현빈이는 제가 나갔을 때 '못 쳤으면 좋겠다'는 이야기했다고 하더라.(웃음) 사실 현빈이가 받았어도 저 역시 기분이 좋았을 것""이라면서 ""마지막 타석에서 현빈이가 3루타를 칠 줄은 몰랐다. 정말 진짜 될 놈이라 생각했다. MVP도 현빈이가 가져갈 거라 생각했는데, 기자단에서 많은 투표를 해준 덕분에 감사하게도 제가 받게 된 것 같다""고 이야기했다. 그는 상금에 관한 질문에 ""일단 상금은 부모님께 전부 다 드릴 예정""이라면서 효자의 모습을 보여줬다. 그러면서 허인서는 ""일단 두 분께 다 드린 뒤, 그다음에 부모님께서 저한테 주고 싶은 만큼만 용돈으로 달라는 말씀을 드리려고 한다. 어차피 용돈을 받는 거니까, 저도 이번 기회에 부모님의 마음을 한 번 확인해 보고 싶다""며 주위에 큰 웃음을 안겼다. 이어 예상 금액에 대한 질문에는 ""워낙 큰 금액이라 부모님이 얼마를 돌려주실지는 예상을 못 하겠다""는 말을 더한 뒤 안마의자에 관해서는 ""집에 두고 다 같이 쓸 것""이라 전했다. 팀원들을 향한 마음도 드러냈다. 허인서는 ""제가 그렇게 연봉(올해 연봉 3600만원)이 높은 선수가 아니라, 그래도 커피라도 사서 단체로 돌리고, 좀 더 좋은 일을 많이 해야 할 것 같다""며 진심을 털어놓았다. 잠실=김우종 기자 woodybell@mtstarnews.com",https://v.daum.net/v/uIR9x8V7SW
2026.07.12 07:32,"[뉴스1 PICK] 나눔 올스타, '굿바이 잠실' 올스타전 10-2 완승...",뉴스1,"(서울=뉴스1) 김성진 김진환 기자 = 잠실구장에서 열린 마지막 올스타전에서 나눔 올스타가 불방망이를 앞세워 완승을 거뒀다. KIA, LG, 한화, NC, 키움 연합팀인 나눔 올스타는 12일 대전 한화생명볼파크에서 열린 2025 신한 SOL뱅크 KBO 올스타전에서 삼성, 두산, KT, SSG, 롯데 연합의 드림 올스타를 10-2로 제압했다. 이로서 나눔 올스타는 올스타전이 드림과 나눔 체제로 바뀐 2015년 이후 10번의 올스타전(2020, 2021년은 코로나19로 인해 미개최)에서 6승 4패의 우위를 이어갔다. 특히 나눔 올스타는 2022년 이후 5년 연속 드림 올스타에 승리를 거뒀다. 나눔은 이날 장단 22안타를 몰아치며 역대 올스타전 한 경기 팀 최다 안타 신기록을 세웠다. 종전 기록은 2017년 드림이 쳐낸 19안타다. 이날 한화 선수들의 방망이가 무척 뜨거웠다. 허인서와 문현빈이 각각 5타수 4안타 1타점으로 펄펄 날았고, 5타수 4안타 1타점 1득점, 이도윤 역시 4타수 3안타 3타점로 쾌조의 타격감을 자랑했다. 마운드도 아담 올러(KIA)를 필두로 류현진(한화), 안우진, 박준현(이상 키움), 전사민(NC), 우강훈(LG), 카나쿠보 유토(키움), 정해영(KIA), 류진욱(NC), 성영탁(KIA) 등 10명의 투수가 9이닝을 나눠 던지면서 드림 타선을 2실점으로 묶었다. 3회 1실점한 안우진, 9회 1점을 준 성영탁을 제외하고는 모든 투수가 무실점 호투를 펼쳤다. 드림 타선에서는 박찬호(두산)가 3타수 3안타로 맹타를 휘둘렀지만, 팀 패배로 빛이 바랬다. 2회말 선두타자로 나선 드림 최형우는 42세 6개월 25일 나이로 2024년 오승환(당시 삼성)이 작성한 올스타전 최고령 출전 기록(41세 11개월 21일)을 경신했다. 이밖에 베스트 퍼포먼스상은 황성빈, 우수 타자는 문현빈, 우수 투수는 류현진이 받았다. 우수 수비상은 박준순이 받았고 나눔 올스타의 승리로 염경엽 감독은 승리 감독상의 영예를 안았다. 한편 올 시즌을 끝으로 철거하는 잠실구장과 작별을 주제로 펼쳐진 이번 올스타전은 5년 연속 만원 관중을 기록했다. ssaji@news1.kr",https://v.daum.net/v/BzkB01XSH4
2026.07.12 07:29,치어리더 이예빈 '핫팬츠 입고 관능적인 웨이브'  [치얼UP영상],마이데일리,"‘경기장의 꽃’ 치어리더는 더 이상 단순히 관중의 응원만을 이끄는 존재에 머물지 않는다. 관중과 선수를 연결하는 가교이자, 경기장 분위기를 극대화하는 주역으로 확실히 자리 잡았다. 이제 치어리더는 응원을 넘어 팬과 팀을 이어주는 중요한 스포츠 콘텐츠 창작자로 빛나고 있다. 스포츠 문화를 더욱 풍성하게 만드는 치어리더들의 매력을 <마이데일리>가 현장에서 영상으로 담아 [치얼UP영상]에서 전한다. <편집자 주> [마이데일리 = 수원 곽경훈 기자] 치어리더 이예빈이 지난 21일 오후 경기도 수원KT위즈파크 진행된 '2026 신한 SOL KBO 리그' 기아 타이거즈- KT 위즈의 경기에서 화려한 공연을 펼치고 있다.",https://v.daum.net/v/yDgsIrEowo
2026.07.12 07:25,"""비행기표 비싼데 2박3일? 더 다녀와""…성실함은 보장됐다, '호부지'는...",스포츠조선,"[스포츠조선 이종서 기자] ""가족도 자주 못 온다고 하고…."" NC 다이노스의 아시아쿼터 선수 토다 나츠키(26)는 최근 이호준 감독의 '깜짝 휴가'에 미소를 지었다. 지난 8일 대전 한화전에 선발 등판이 예정돼 있던 토다는 우천으로 경기가 취소되면서 경기에 나오지 못했다. 전반기 마지막 경기였던 9일 한화전에 선발 구창모에 이어 두번째 투수로 6회에 등판했고 2⅔이닝 동안 58개의 공을 던지면서 마운드를 지켰다. 9일 경기를 마친 뒤 토다는 고향인 일본으로 떠났다. 원래 계획은 2박3일. 그러나 토다의 올스타 브레이크 계획을 들은 이 감독은 추가적으로 휴식을 주기로 결정했다. 이 감독은 ""올스타브레이크 때 일본에 2박3일로 다녀온다고 하더라""라며 ""혹시 일본에 운동하고, 공을 던질 수 있는 곳이 있는지 물어봤는데 있다고 하더라. 오랜만에 가족도 보고 최근에 아이도 태어났다. 그래서 조금 더 길게 다녀오라고 했다. 5일 쉬고, 이제 단체 연습할 때 오라고 했다""고 이야기했다. 이 감독 역시 가족을 향한 사랑이 남다르기로 유명하다. 타지에서 가족과 떨어져 운동을 하는 토다의 마음을 헤아렸다. 이 감독은 ""토다는 아직 아이가 어려서 아내도 자주 못 온다. 올해 전반기에 한 번 정도 온 거 같더라. 가족을 사랑하는 마음이 큰 선수다. 비행기표 가격도 비싸다""라고 했다. 팀 스케줄에도 특별한 문제는 없다. 이 감독은 ""1선발로 나올 것도 아니고, 뒤에 나갈테니 경기 들어가는데 연습 충분히 하고 들어갈 수 있어 문제없다""고 밝혔다. 토다도 이 감독의 배려에 미소를 지었다. 이 감독은 ""이야기를 해줬더니 표정이 밝아지더라""라며 ""사실 일본이라 가능하다. 미국이었으면 5일을 다녀오라고 해도 비행기 타고 왔다갔다하면 힘들다""고 밝혔다. 이 감독의 이런 결정에는 토다를 향한 믿음이 있기에 가능했다. 토다는 올 시즌 선발 로테이션을 꾸준하게 소화하며 전반기를 보냈다. 16경기에 등판해 4승6패 평균자책점 4.81의 성적을 남겼다. 압도적인 성적은 아니지만, 선발투수로서는 어느정도 역할을 해줬다. 지난 5월에는 구단 선정 투수 MVP로 뽑히기도 했다. NC는 ""선발 로테이션을 안정적으로 지키며 팀 마운드의 버팀목 역할을 해냈다""고 밝혔다. 이 감독은 ""정말 성실한 선수""라며 후반기에도 꾸준한 활약을 기대했다. 이종서 기자 bellstop@sportschosun.com",https://v.daum.net/v/YUwmIrEou1
2026.07.12 07:21,"'추억 안고 굿바이' 마지막 잠실 올스타전, KBO 별들 작별 인사",뉴스1,"(서울=뉴스1) 권혁준 서장원 기자 = ""굿바이 잠실"" 잠실구장에서 열린 마지막 올스타전에 출전한 프로야구 '별'들이 각자의 추억을 품고 작별 인사를 건넸다. 2026 신한 SOL KBO 올스타전이 지난 11일 서울 잠실구장에서 진행됐다. 잠실에서 올스타전이 열린 건 1983년(2차전), 1985년(1차전), 1986년, 1988년, 1990년, 1992년, 1994년, 1996년, 2001년, 2006년, 2011년, 2022년에 이어 이번이 13번째였다. 그러나 14번째 올스타전은 없을 전망이다. 올 시즌을 끝으로 잠실구장이 철거되면서 역사 속으로 사라지기 때문이다. 잠실에서 열리는 마지막 올스타전에 임하는 선수들의 감회도 여느 때와 달랐다. 꼭 서보고 싶었던 구장, 가장 많은 경기를 치렀던 구장이자 승리의 기쁨과 패배의 아픔도 맛봤던, '희로애락'을 함께했던 그곳에서 열리는 마지막 올스타전이라는 점에서다. 잠실을 홈으로 쓰는 두산, LG 선수들이 특별히 애틋한 마음을 드러냈다. 두산의 '안방마님' 양의지는 ""처음 1군에 데뷔해 첫 타석, 첫 경기, 포수로 나갔던 경기가 기억난다""면서 ""2015년에 잠실에서 한국시리즈 우승을 확정했던 것도 잊을 수 없다""면서 잠실 구장에 대한 특별한 애정을 피력했다. 두산에서 데뷔해 한 팀에서만 뛰고 있는 외야수 정수빈도 ""마지막 올스타전이라고 하니 잠실구장의 모습을 많이 담고 싶고, 추억도 많이 만들고 싶었다""면서 ""2009년 처음 잠실구장 잔디를 밟았을 때가 생각나는데, 올 시즌 마지막으로 잔디를 밟는 순간도 끝까지 잊지 못할 것 같다""고 말했다. LG의 '복덩이 외인' 오스틴 딘은 ""정말 슬프다. 개인적으로도, 팀으로도 좋은 추억이 많았고 팬들 역시 비슷한 감정일 것""이라며 ""그래도 지금 어린 선수들은 2032년쯤엔 새로운 구장을 선물 받는다는 점에선 긍정적으로 생각할 수 있을 것 같다""고 했다. KBO리그에서 가장 넓은 외야에서 수차례 '슈퍼 캐치'를 보여줬던 박해민(LG)도 잠실의 마지막을 아쉬워했다. 그는 ""넓은 잠실 외야가 없어지면 내 수비 범위가 돋보일 수 없을 것 같아 아쉽다""면서 ""잠실이 워낙 넓어 홈런이 안 나오는 이미지가 있다 보니, 아마 나 말고 다른 타자들은 (잠실이 없어지는걸) 다 좋아할 것 같다""며 웃었다. 박해민의 말처럼, 크고 넓은 잠실구장은 타자보다는 투수들이 좋아했다. 2006년 잠실에서 데뷔전 완투승을 기록한 이래 한국 야구 최고의 투수로 성장한 류현진(한화)도 ""잠실구장이라면 모든 투수가 좋아하는 야구장이었다. 나 역시 마찬가지였다""고 밝혔다. 류현진의 뒤를 이을 '토종 에이스' 안우진(키움)도 ""데뷔 첫 선발이 잠실이었다. 그때 홈런 2개를 맞았던 기억이 있다""면서도 ""그래도 2022년엔 이곳에서 평균자책점 1등을 확정했다. 투수에게 유리하니까 마음 편하게 던질 수 있었던 야구장""이라고 했다. 다만 구자욱(삼성)은 넓은 잠실구장에서 홈런 손맛을 원 없이 봤다며 빙긋 웃었다. 그는 ""국내에서 가장 큰 야구장이니까 어릴 때 늘 잠실구장 펜스를 넘겨보고 싶은 생각을 했다""면서 ""프로 데뷔 후 모든 방향으로 다 홈런을 쳐봤기 때문에 기분이 좋다""고 했다. 박민우도 ""2014년 준플레이오프에서 대수비로 교체된 게 가장 강렬하지만, 전체적으로는 잠실에서 성적이 나쁘지 않아서 좋아했다""면서 ""구장이 크니까 타석에 들어가면 빈 곳이 많이 보여서 심적으로 편했다""고 회상했다. 김도영(KIA)은 잊지 못할 추억을 소개하기도 했다. 그는 ""신인 시절 때 잠실구장에 오는데 유니폼을 안 가져왔던 기억이 있다""면서 ""당시 관람 온 팬에게 유니폼을 빌려 경기를 치렀는데, 경기를 잘해서 나중에 사인 해드렸다""며 웃었다. 잠실에서 열린 마지막 올스타전에서 '별 중의 별' 미스터 올스타에 등극한 허인서(한화)는 ""작년 한국시리즈 엔트리에 포함됐던 것이 생각난다""면서 ""비록 경기엔 못 나갔지만 큰 경기의 분위기를 잠실에서 느꼈던 것을 잊지 못할 것 같다""고 했다. 잠실야구장은 철거 후 전시·컨벤션 시설로 재건축되며, 잠실신구장은 2032년 개장을 목표로 돔구장 형태로 지어진다. 잠실을 홈으로 쓰는 LG와 두산은 2027년부터 2031년까지 현재 야구장에서 300m 떨어진 서울올림픽주경기장을 대체 홈구장으로 쓸 예정이다. starburyny@news1.kr",https://v.daum.net/v/VtUBRP4q13
2026.07.12 07:08,"""감독님 강아지가 되어야겠다는 생각"" 황성빈, 진심으로 열연→2년 만에 ...",스타뉴스,"[스타뉴스 | 잠실=박수진 기자] 롯데 자이언츠 외야수 '마황' 황성빈(29)이 또 한 번 올스타전을 지배하며 KBO 리그 최고의 '쇼맨'임을 증명한 가운데 팬을 위해 야구장에서 열연을 펼쳤던 소감을 밝혔다. 황성빈은 11일 서울 잠실야구장에서 열린 '별들의 축제' 2026 신한 SOL KBO 올스타전에 드림 올스타 외야수 부문 베스트 12로 출전, 파격적인 강아지 퍼포먼스를 선보이며 '베스트 퍼포먼스상(상금 300만 원)'을 수상했다. 지난 2024년 인천에서 열린 올스타전서 '라이더(배달 기사) 퍼포먼스'에 이어 2년 만의 타이틀 탈환을 이뤄낸 것이다. 이날 황성빈의 퍼포먼스는 경기 시작 전부터 예고됐다. 황성빈은 경기 개시 직후 더그아웃에서 '나는 이 게임을 해봤어요!'라는 현수막을 들어 올리며 나눔 올스타팀의 기선을 제압했다. 하이라이트는 7회말 드림 올스타의 공격 상황이었다. 더그아웃에서 강아지 분장을 마친 황성빈은 타석이 아닌 1루 주루 코치 박스로 향했다. 그곳에는 1루 코치로 나선 김태형 롯데 감독이 서 있었다. 황성빈은 입에 뼈다귀 쿠션을 문 채 김 감독 앞에 얌전히 무릎을 꿇었고, 이를 본 김 감독은 평소 시즌 중에는 보기 힘든 웃음을 지었다. 뒤이어 선두타자 박찬호의 2루타가 터지자 황성빈은 2루를 향해 맹견처럼 돌진하려 했고, 김 감독이 황성빈을 잡아당기며 제지하는 모습을 연출해 잠실구장을 폭소케 했다. 압권은 1사 3루 황성빈의 타석 때였다. 잠실구장에는 황성빈의 등장곡인 'Who Let The Dogs Out(누가 개를 풀어놨나)'이 울려 퍼졌고, 황성빈은 노래에 맞춰 네 발로 뛰는 듯한 제스처로 타석에 들어섰다. 결국 이 퍼포먼스의 절정을 찍었다. 결국 황성빈은 퍼포먼스상으로 집계된 총 팬들의 투표수 4만 3910표 가운데 1만 2,134표(득표율 28%)를 획득해 이 상의 주인공이 됐다. 경기를 마치고 황성빈은 ""퍼포먼스를 도와주신 감독님께 진심으로 감사드린다. 감독님이 도와주시지 않았으면 상을 받을 수 없었을 것""이라며 공을 돌렸다. 역대급 퍼포먼스 뒤에는 남다른 고민도 있었다. 황성빈은 ""2024년에 이어 두 번째 출전하다 보니 퍼포먼스 준비에 큰 부담감이 있었다. 팀 성적을 끌어올려야 하는 중요한 시점이라 준비 과정에 집중하기 쉽지 않았다""고 고백했다. 이어 ""그렇지만 등장곡과 맞춰 '감독님의 강아지가 되어야겠다'는 생각을 했다. 올해도 팬분들이 좋아해 주셔서 정말 다행이다""라며 웃었다. 유쾌한 열연으로 잠실의 마지막 올스타전을 장식한 황성빈은 ""오늘은 편하게 쉴 수 있을 것 같다. 다시 야구에 집중해서 후반기 좋은 모습을 보여드릴 수 있도록 하겠다""며 후반기 반등을 다짐했다. 잠실=박수진 기자 bestsujin@mtstarnews.com",https://v.daum.net/v/9f0cb7pXvE
2026.07.12 07:05,"'G.O.A.T' 류현진이 '마침내 데뷔' ML 후배 고우석에게, ""지금...",일간스포츠,"메이저리그 통산 78승을 거둔 '베테랑' 류현진(한화 이글스)이 2년 반의 기다림 끝에 빅리그 무대를 밟은 후배 고우석(미네소타 트윈스)에게 진심 어린 격려를 건넸다. 류현진은 11일 서울 잠실구장에서 열린 2026 신한 SOL KBO 올스타전에 앞서 취재진과 만나 고우석의 메이저리그 데뷔에 대한 질문에 답했다. 지난 2024년 미국 무대에 도전장을 내민 고우석은 긴 마이너리그 생활을 견뎌내고 지난 10일 미네소타 감격적인 데뷔전을 치렀다. 이는 2013년부터 2023년까지 10년간 빅리그에서 활약한 류현진 이후 한국인 투수가 메이저리그 마운드에 오른 첫 사례다. 류현진은 ""고우석이 그 꿈만 바라보고 몇 년 동안 고생했다""며 ""살아남기 위해 본인만이 잘 아는 무기가 있을 것이다. 따로 조언을 건네진 않았다. 그저 다치지 않고 지금 이 순간을 즐겼으면 한다""고 응원했다. 후배의 롤모델인 류현진 역시 올 시즌 마운드 위에서 건재함을 과시하고 있다. 전반기에만 8승 2패 평균자책점 2.67을 기록하며 한화의 실질적인 에이스 역할을 해냈다. 지난 5월 24일 두산 베어스전에서는 한미 통산 200승 대기록을 작성했고, 한·미 통산 2500탈삼진 고지에도 단 1개만을 남겨두고 있다. 하지만 류현진의 시선은 대기록이 아닌 팀을 향해 있다. 그는 ""기록은 내가 하고 싶다고 되는 것이 아니기에 크게 신경 쓰지 않는다. 그저 내가 할 수 있는 역할만 생각하고 있다""고 선을 그었다. 스스로의 전반기 활약에 대해서도 ""이른 강판 없이 선발투수로서 팀이 이길 수 있는 경기를 만들어낸 점이 만족스럽다""고 짚었다. 후반기 목표를 묻는 질문에도 류현진은 철저히 팀 성적을 강조했다. 그는 ""개인적인 목표는 하나도 없다. 그저 작년처럼 가을야구를 할 수 있도록 후배들과 잘 준비하겠다""고 각오를 다졌다. 잠실=윤승재 기자 yogiyoon@edaily.co.kr",https://v.daum.net/v/ySvEqU3Gm7
2026.07.12 07:01,강백호 미담 어디까지... 타 팀 후배에 배트 나눔→40분 넘게 조언까지...,마이데일리,"[마이데일리 = 심혜진 기자] 한화 이글스 강백호의 배트 나눔이 10개 구단으로 퍼질 모양새다. 팀원은 물론 타 팀 후배까지 챙기고 있다. 이번에 강백호의 방망이로 맹타를 휘두른 주인공은 두산 안재석이다. 안재석은 지난 9일 서울 잠실구장에서 열린 SSG 랜더스와 전반기 마지막 경기서 5번 3루수로 선발 출전해 2타수 1안타(1홈런) 2볼넷 2타점 1득점으로 맹활약했다. 3출루 경기와 함께 팀의 7-0 완승을 이끌었다. 두산은 위닝시리즈를 완성하며 전반기를 5위로 마쳤다. 첫 타석부터 호쾌하게 방망이를 돌렸다. 2회말 무사 1루서 SSG 선발 토마스 해치의 2구째 빠른 볼을 공략해 비거리 130m의 투런포를 쏘아올렸다. 시즌 4호 홈런으로 팀에게 선취점을 안겼다. 3회와 4회에는 연속 볼넷을 골라 출루하며 일찌감치 3출루 경기를 완성했다. 3회말 종료 후 우천 중단이 있긴 했지만 재개된 경기에서도 집중력을 잃지 않고 세 번째 타석에서 출루를 만들어냈다. 이로써 안재석의 전반기 최종 성적은 55경기 타율 0.256 4홈런 27타점 OPS 0.719가 됐다. 올 시즌 안재석에게는 변화의 시즌이었다. FA로 박찬호가 합류하면서 수비 위치가 바뀌었다. 주로 유격수로 나섰는데 올해는 3루를 맡았다. 바로 적응하지는 못했다. 전반기에만 실책 5개를 저지르며 적응 시간을 보냈다. 전반기를 돌아본 안재석은 ""스스로 힘들었다. 수비에서 무너지면서 공격까지 무너지는 모습을 많이 보여 스스로 너무 힘들었다. 답답한 마음이 컸다""고 돌아봤다. 그럼에도 김원형 감독은 끝까지 안재석을 믿고 기용했다. 사령탑의 신뢰가 그를 더 단단하게 했다. 그러면서 다시 타격감도 살아났다. 안재석은 ""최근 타격 페이스가 올라오면서 수비에서 실책이 나와도 멘털이 안 흔들리는 듯하다""고 말했다. 타격감이 좋아지게 된 뒷이야기가 있었다. 강백호의 조언이 있었다. 그는 ""2주 전 대전 원정을 갔는데 화요일(6월 23일) 3연전의 첫 경기 때 백호 형을 만났다. 형에게 '너무 안 맞는다. 도저히 어떻게 쳐야 할지 모르겠다'고 했다""며 ""아주 자세히 기억나진 않지만 형이 그때 40분 넘게 내게 이야기를 해줬다. 타격을 어떻게 해야 하는지, 목표 설정은 어떻게 하면 되는지 등 미래까지 생각해 하나하나 다 알려줬다""고 밝혔다. 또 ""너무 한 게임 한 게임에 치우치지 말라고 했다. 목표를 설정해 놓고 그 목표로 가는 데 있어서 안 된다고 빠져 있지 말고 차근차근 하다 보면 형처럼 100억 FA 할 수 있다고 해주셨다. 그런 마음을 갖고 하다 보니 나도 할 수 있겠다 하면서 천천히 했던 것 같다""고 말했다. 강백호와 안재석은 서울고 선후배 사이다. 그래서 고민을 털어놓을 수 있었다. 고민 상담이 끝이 아니었다. 강백호의 배트 이야기가 여기서도 나왔다. 최근 강백호는 3000만원 정도의 거액을 들여 샀다. 이 방망이를 혼자 쓰지 않고 동료들에게 나눔을 하고 있다. 노시환, 문현빈 등이 강백호의 방망이로 좋은 타격을 하고 있다. 안재석은 ""(강)백호 형이 배트를 많이 주셔서 그때부터 그 배트를 쓰고 있다. 그 배트로만 치는데 계속 안타가 나오고 있다""고 웃은 뒤 ""백호 형과 대화한 이후 뭔가가 계속 된다. (타격감이) 올라온 계기인 것 같다""고 고개를 끄덕였다. 강백호를 향한 감사 인사도 했다. 그는 ""작년에도 올해도 형이 주는 방망이만 쓰고 있다. 형의 모델을 그대로 보내서 새로 만들거나, 아니면 형이 주는 걸 쓰는 중이다""며 ""형이 나보다 3년 선배인데 항상 연락을 드리진 못하는데도 만날 때마다 잘 챙겨주셔서 감사하다. 항상 배트를 3~4개씩 주신다. 그것도 비싼 것으로 주셔서 항상 너무 감사드린다. 앞으로도 많이 챙겨주셨으면 좋겠다""며 미소 지었다.",https://v.daum.net/v/BQdAqU3GwW
2026.07.12 06:54,"삼성은 했는데, 한화는 왜?...외인 투수 교체 안 하나, 못하나",마니아타임즈,"올스타 브레이크 기간을 맞이한 KBO리그가 후반기 반등을 위한 숨고르기에 들어간 가운데, 한화 이글스의 외국인 투수 교체 소식은 여전히 묵묵부답이다. 전반기를 1위로 마치고도 메이저리그 32승 경력의 크리스 페덱을 총액 47만 3,333달러에 전격 영입하며 후반기 굳히기에 나선 삼성 라이온즈의 행보와는 대조적이다. 현재 한화의 외국인 투수 윌켈 에르난데스는 15경기에서 3승 6패, 평균자책점 4.97, WHIP 1.49로 부진을 면치 못하고 있다. 이 정도면 평소 과감한 결단을 내리던 한화의 성향상 올스타 브레이크를 맞이한 지금 벌써 교체 카드를 꺼내 들었어야 정상이라는 게 중론이다. 야구계 안팎에서는 한화가 움직이지 않는 것이 아니라 움직이지 '못하는' 딜레마에 빠져 있다는 분석이 지배적이다. 가장 개연성이 높은 시나리오는 이번 시장의 최대어였던 크리스 페덱을 두고 벌인 영입 경쟁에서 삼성에 밀렸을 확률이다. 전반기 고공행진을 달리며 우승을 노리는 삼성의 팀 순위와 분위기가 선수 선택에 결정적인 영향을 미쳤을 가능성이 크다. 결국 1순위 카드를 놓친 한화는 즉시 플랜 B를 가동해 2순위 후보들과 막판 협상에 돌입한 것으로 보이나, 브레이크 기간이 지나가도록 공식 발표는 나오지 않고 있다. 이처럼 협상이 장기화되는 이유는 미국 현지의 극심한 투수 가뭄과 맞물려 있다. 메이저리그 역시 투수난에 시달리면서 각 구단이 트리플A급 투수들을 로스터에 묶어두고 있어, 한화가 조율 중인 2순위 후보들과의 이적료(바이아웃) 협상이 난항을 겪고 있을 가능성이 크다. 후보 선수 측 역시 미국 잔류와 한국행을 두고 막판 줄다리기를 이어가며 협상이 교착 상태에 빠졌다는 관측도 나온다. 올스타 브레이크는 전력을 재정비하고 새 외국인 선수가 시차 적응과 선수단 합류를 마칠 수 있는 최적의 골든타임이다. 마땅한 대체 자원을 찾지 못해 2순위 협상마저 최종 결렬될 경우, 한계가 뚜렷해진 에르난데스를 후반기에도 울며 겨자 먹기로 안고 가야 하는 최악의 시나리오도 배제할 수 없다. 한화가 에르난데스를 전격 교체할지, 아니면 그냥 갈지 주목된다. [강해영 마니아타임즈 기자/hae2023@maniareport.com] 기사제보 및 보도자료 report@maniareport.com",https://v.daum.net/v/10VmjoiP5Z
2026.07.12 06:11,"황성빈 사람이길 포기하다니…개는 아무도 못 이긴다, 김태형 도움까지 착착...",마이데일리,"[마이데일리 = 잠실 김진성 기자] 사람이길 포기하다니. 최근 몇 년 전부터 KBO리그 올스타전에 참가하는 선수들은 ‘등장 퍼포먼스’를 실시해왔다. 이미 많은 선수가 다양한 퍼포먼스 혹은 세리머니를 해왔다. 때문에 선수들 입장에선 이걸 준비하는 게 은근히 부담이 된다는 얘기도 들린다. 올스타전 참가는 당연히 영광스럽지만, 등장 퍼포먼스가 밋밋하거나 임팩트가 떨어지면 팬들이 실망할 수 있다는 부담감이다. 그렇다고 남들이 했던 걸 따라할 수도 없다. 급기야 22년 전 방영된 드라마(미안하다 사랑한다)를 패러디한 퍼포먼스까지 나오다니, 이제 ‘소재 고갈’이 됐다고 봐야 한다. 그래도 매년 우승자는 나오기 마련. 올해 베스트 퍼포먼스상 수상자는 황성빈(29, 롯데 자이언츠)이다. 황성빈은 2024년 올스타전서 ‘배달의 마황’으로 이미 베스트 퍼포먼스상을 받았다. 그리고 2년만에 다시 출전한 올스타전서 개를 컨셉으로 잡아 또 한번 대박을 쳤다. 아니, 사람이길 포기하고 개로 변신했는데, 이걸 누가 이기나. 최근 수년간 올스타전 등장 퍼포먼스가 있었지만, 사람이길 포기한 건 처음이었다. 황성빈은 개 분장을 하고, 뼈다귀까지 물었다. 목줄까지 착용했다. 김태형 감독이 목줄을 잡았다. 심지어 황성빈은 김태형 감독이 목줄을 움직이는 방향으로 기가 막히게 사족보행을 했다. 이미 자신의 타석 이전에 그라운드에 나와 이리저리 움직이는 순간 ‘게임 오버’였다. 양쪽 덕아웃에선 대폭소가 터졌다. 김태형 감독조차 ‘현웃’이 터졌다. 그렇게 황성빈이 통산 두 번째 베스트 퍼포먼스상을 거머쥐었다. 롯데 관계자에 따르면 황성빈도 처음엔 이 컨셉트의 퍼포먼스를 할 수 있을지 반신반의했다. 왜냐하면 김태형 감독이 목줄을 잡아줘야 했기 때문이다. 김태형 감독이 허락하지 않는다면 컨셉 자체를 완전히 바꿔야 했다. 다행히 김태형 감독의 허락이 떨어졌다. 내년부터 올스타전 등장 퍼포먼스서 우승하려면 사람이길 포기해야 하는 것일까. 위에서 언급했지만, 이미 너무나도 많은 퍼포먼스가 나왔고, 소재가 사실상 고갈되기 일보직전이다. 점점 더 자극적인 뭔가를 찾을 수밖에 없는 상황이다. 선수들은 이제 팬들에게 재미를 주기 위해 ‘개 퍼포먼스’를 뛰어넘는 뭔가를 만들어내야 한다. 또 다른 관계자는 KBO와 구단들이 등장 퍼포먼스에 대해 근본적으로 재검토를 해야 하는 시점이라고 주장했다. 야구 선수들이 시즌 중에 야구 외적으로 뭔가를 준비하는 게 간단한 일은 절대 아니다. 올스타전 팬 서비스는 필요하지만, 그 수단과 방법의 다양화를 고민할 시점이다.",https://v.daum.net/v/BvDPJMPKsL
2026.07.12 06:05,"[KBO 올스타전] ""인생 최고의 생일"" 미스터 올스타 허인서의 특별했던...",일간스포츠,"7월 11일 생일에 별중의 별이 됐다. 특별한 날에 '미스터 올스타'가 된 허인서(한화 이글스)는 ""인생 최고의 생일""이라며 활짝 웃었다. 허인서는 11일 서울 잠실야구장에서 열린 2026 신한 SOL 뱅크 KBO리그 올스타전에서 나눔 올스타의 8번 타자·포수로 선발 출전, 5타수 4안타 1타점 1득점 만점 활약을 펼치며 팀의 10-2 대승을 이끌었다. 허인서는 기자단 투표 26표 중 13표(50%)를 받으면서 미스터 올스타에 선정됐다. 미스터 올스타에겐 2000만원의 상금과 바디프렌드의 733 안마의자가 주어졌다. 2등은 이날 5타수 4안타 1타점 3득점을 기록한 문현빈(한화)으로, 10표(38.5%)를 얻었다. 이로서 허인서는 2023년 채은성 이후 3년 만에 나온 한화 소속 '미스터 올스타'가 됐다. 또 지난해 박동원(LG 트윈스)에 이어 2년 연속 포수 MVP가 나왔다. 특히 이날은 허인서의 생일이었다. 23번째 생일을 맞은 허인서는 팬들의 생일 축하 노래를 들으며 타석에 들어서는 뜻깊은 하루를 보냈다. 올스타전 후 만난 허인서는 ""처음 올스타에 뽑혔는데 MVP까지 받아 기분이 좋다. 생일선물을 받은 것처럼 좋다""라고 전했다. ""(인생) 최고의 생일인가""라는 취재진의 질문에 그는 ""인생 최고의 생일이다""라며 싱긋 웃었다. MVP 상금 2000만원은 어떻게 쓸 것인가라는 질문에 그는 ""부모님께 모두 드릴 계획이다""라고 전했다. 그러면서 ""내게 주고 싶은 만큼 다시 달라고 말씀드릴 생각이다""라며 좌중을 웃게 했다. 그는 ""어차피 다시 용돈을 받는 셈이다. 이번 기회에 부모님의 마음을 확인해보겠다""라고 농담했다. 한편, 허인서는 올 시즌 전반기까지 타율 0.292(212타수 62안타), 12홈런, 39득점, 45타점을 기록했다. 신인 풀타임 시즌인 올해 화끈한 공격을 자랑한 허인서는 팬들에게 '허랄리(허인서+칼 랄리)'라는 별명을 얻었다. 칼 랄리는 시애틀 매리너스의 명포수이자 지난해 미국 메이저리그(MLB)에서 포수 역대 최다 홈런 기록을 경신한 전설적인 선수. '허랄리'는 타석에서 맹활약하는 허인서의 모습이 마치 랄리를 보는 듯하다며 팬들이 붙여준 별명이다. 이에 허인서는 ""(랄리는) 홈런도 많이 치고, 수비도 좋은 포수다""라며 ""과분한 별명이지만, 팬들이 좋아하셔서 나도 좋다”고 전했다. 허인서는 이제 후반기를 바라본다. 팀 동료들과 함께 후반기 반등에 나서겠다고 각오를 전했다. 그는 ""올스타전에서 한화 타자들의 타격감이 모두 좋아 보였다""며 ""이 좋은 흐름을 이어가 후반기에 팀이 더 높은 무대로 올라갈 수 있도록 노력하겠다""고 말했다. 이어 그는 ""스스로 송구가 약하다는 생각을 해본 적은 없지만, 올해 도루 저지율이 낮다. 어떤 부분에서 문제가 생기는지 많이 연구하고 보완하겠다""라며 후반기 반등을 다짐했다. 잠실=윤승재 기자 yogiyoon@edaily.co.kr",https://v.daum.net/v/1A1mCmDgmb
2026.07.12 06:02,득점권 악마 박민우 “진짜 중요할 때 쳐야 한다”,중앙일보,"‘득점권 악마’ NC 다이노스 박민우가 후반기에도 여전한 활약을 약속했다. 박민우는 전반기 맹활약했다. 타율 0.337(273타수 92안타) 5홈런 48타점 26도루 OPS(출루율+장타율) 0.897을 기록했다. 특히 득점권에선 무려 0.458(72타수 33안타)을 기록했다. 리그 전체 1위. 지난 시즌에도 득점권(0.432·111타수 48안타)에 강했는데 더 좋아졌다. 11일 잠실구장에서 열린 올스타전에 출전한 박민우는 “부담이 됐다. 워낙 득점권에서 잘 친다는 이야기를 많이 들으니까 예전처럼 즐기지 못한다”고 웃으며“사실 10-0에서 쳐도 득점권 안타지만, 진짜 중요한 상황에서 쳤느냐가 더 중요한 것 같다”고 했다. 올 시즌 박민우는 자신의 강점인 주루에서도 여전한 모습을 보였다. 26개의 베이스를 훔쳐 2015년(46개) 이후 40도루 고지 재정복할 기세다. 박민우는 “전반기에 30개 가까이 해서 만족한다. 시즌 전 목표는 딱 30개였다. 도루왕은 절대 욕심이 없다. 그랬다면 다른 선수들도 체크했겠지만, 황성빈(롯데 자이언츠·32개)이 1등이란 것만 안다”고 손사래를 쳤다. 이호준 감독과의 내기도 순조롭게 진행중이다. 이호준 감독은 올 시즌을 앞두고 박민우가 2루수로 120경기 이상 출전하면 명품 신발을 선물하겠다고 했다. 전반기까지 박민우는 팀이 치른 82경기 중 69경기에 2루수로 나섰다. 최근엔 1루수로도 2경기에 출전했다. 이호준 감독은 혹시나 박민우가 욕심을 내 무리할까봐 “무조건 선물하겠다”고 공언하기도 했다. 박민우는 “큰 부상 없이 경기에 많이 나가고 있기 때문에 굉장히 만족한다. 감독님께서 뜬금없이 1루수로 내보냈지만, 그건 2루수 출장으로 인정해주신다고 했다”고 했다. 반대로 그동안 부족했던 부분인 장타에서도 눈에 띄는 모습이다. 2019년(8개) 이후 최다 기록은 물론 첫 두자릿수 홈런도 가시권이다. 최근엔 대전구장 몬스터월을 넘겨 화제가 되기도 했다. 박민우는 “홈런을 쳤는데 ‘몬스터월을 넘기는 박민우’라고 기사 제목이 붙더라. ‘아니 나는 몬스터월을 넘기면 안 되는 건가’라고 생각했다”고 미소지은 박민우는 “진짜로 마음 먹고 하면 두자릿수 홈런도 가능하다. 다만 욕심이 없을 뿐이다. 더 많은 안타를 치려고 했다. 5개를 쳤든, 1개를 쳤든 그게 중요한 게 아니고 영양가가 중요하다”고 힘주어 말했다. 그러면서 특별한 홈런 레이스를 제안하기도 했다. 박민우는 “홈런 잘 치는 사람만 나오면 재미가 없다. 컨택에 집중하는 선수들, 박민우, 박해민, 김지찬, 황성빈, 정현창 등이 나와서 하면 재밌지 않겠느냐”고 했다. NC는 전반기를 7위(39승 1무 42패)로 마감했다. 5위 두산 베어스와는 3경기 차에 불과하다. 박민우는 “좀 더 좋은 순위로 마감할 수 있었지만, 차이가 많이 나지 않아서 따라갈 수 있는 상태다. 나쁘지 않다고 생각한다. 새로운 선수들도 있고, 김휘집도 복귀를 했기 때문에 충분히 좋은 분위기로 치고 나갈 수 있다”고 말했다. 김효경 기자 kaypubb@joongang.co.kr",https://v.daum.net/v/1ibPmEAihV
2026.07.12 06:00,"""주전에서 밀려난 후 정체성이 흔들렸다""…1군 복귀後 5안타 폭발→경기 ...",스포츠조선,""" [수원=스포츠조선 고재완 기자] 2경기 연속 승리에 쐐기를 박는 맹타를 휘두르고도 포효하지 못했다. 오히려 땀과 비로 범벅이 된 얼굴에는 기쁨보다 그동안의 모진 세월이 스쳐 지나간 듯 쓸쓸한 그늘이 먼저 드리웠다. 1군 복귀 직후 화려한 부활 극장을 쓴 KT 위즈의 '끝내주는 사나이' 배정대(31)의 이야기다. 배정대는 지난 8일 수원 KT위즈파크에서 열린 키움 히어로즈전에 7번 타자 중견수로 선발 출전해 4타수 2안타 2타점 1득점으로 활약하며 팀의 7대3 승리를 이끌었다 전날(7일) '괴물' 안우진을 상대로 결승 2타점 적시타를 때려낸 것을 시작으로 단 이틀 동안 5안타 4타점을 쓸어 담는 무시무시한 괴력을 뿜어냈다. 모처럼의 대활약에도 그가 활짝 웃지 못한 이유, 그 뒤에는 주전 제외과 2군 강등이라는 지독한 마음고생과 정체성의 혼란이 자리 잡고 있었다. 배정대는 KT 외야의 대체 불가능한 '상징'이었다. 2020년(13홈런 65타점), 2021년(12홈런 68타점), 2022년(6홈런 56타점)까지 무려 3년 연속으로 '144경기 전경기 출장'을 달성했던 강철 체력의 대명사였다. 마법사 군단의 외야 중심에는 늘 그가 서 있었다. 균열은 지난해부터 시작됐다. 2025시즌 99경기에 나서 타율 2할4리로 데뷔 이후 가장 저조한 성적을 내며 입지가 좁아졌다. 설상가상으로 올 시즌을 앞두고 대형 FA 외야수 최원준이 합류하면서 배정대는 프로 데뷔 후 가장 냉혹하게 주전 자리에서 밀려나야 했다. 올해는 58경기에 출전했지만, 주로 대타나 대주자, 대수비로만 나선 탓에 타석은 단 93타석(86타수 20안타, 타율 2할3푼3리)에 불과했다 사실상 경기 수만 채웠을 뿐 외로운 벤치 신세였다. 한때 붙박이 리드오프이자 해결사로 수원을 누볐던 그였기에 벤치에서 경기를 바라보는 매 순간이 가시방석이었다. 배정대는 ""선수로서 팀에 도움이 안 된다고 생각하면 정체성이 되게 크게 흔들린다""라며 ""올 시즌 부족한 점이 많아 백업으로 시작했다. 주전에서 밀려난 후 '내가 과연 어떻게 팀에 도움을 줘야 할지' 도무지 모르겠더라. 이전까지는 수비적인 부분, 그거 하나 밖에 제가 팀에 줄 수 있는 게 없었던 것 같았다""라며 그동안 참아왔던 독한 속내를 털어놨다. 자신의 자리를 꿰찬 후배 최원준의 영입에 대해서는 오히려 의연함을 유지했다. 배정대는 ""원준이가 우리 팀에 뽑히는 걸 보고 '진짜 우리 팀에 꼭 필요한 선수가 왔다'고 생각했다""라며 ""누가 더 잘해서 내 자리가 밀렸다고 생각하며 원망하지 않는다. 원준이는 원준이고 나는 나일 뿐이다""라며 흔들림 없는 단단한 마인드셋을 보여주기도 했다.. 입지를 잃어가던 배정대는 지난 6월 말, 급기야 1군 엔트리 말소라는 청천벽력 같은 소식을 들었다. 퓨처스리그로 내려가 11일 동안 자신을 완전히 비워내는 고독한 생활을 견뎌냈다. 그리고 그 속에서 배정대는 욕심을 빼는 '빼기 야구'를 배웠다. 배정대는 ""예전에는 더 강한 타구를 만들려고 하는 것에 포커스가 가 있었다""라며 ""하지만 2군에 내려가서 2군 코치님들, 그리고 유한준 타격코치님과 끊임없이 대화하며 그 욕심을 배제했다. 내가 배트 중심에 공을 잘 맞추지 못하는 타자라는 약점을 인정하고, 어떻게든 최대한 중심에 정확히 맞추는 것에만 집중하기로 했다""고 설명했다. 배정대는 절박했다. 7일 3안타 2타점을 기록했음에도 불구하고 8일 경기에서 앞선 두 타석이 마음에 들지 않자, 더그아웃 뒤편 실내 타격 케이지로 달려가 배트를 휘두르며 스윙을 교정했다. 시합 중에 실내 케이지에서 밸런스를 잡고 나온 직후, 거짓말처럼 5회와 7회 연속 적시타가 터져 나왔다. 배정대는 주전 제외라는 시련 앞에서도 남을 탓하는 대신 스스로의 매커니즘을 정밀하게 해부하는 길을 택했다. 주전 중견수 최원준의 허리 부상으로 찾아온 기회를 5안타 대폭발로 잡아챈 것은 운이 아닌, 경기 도중 실내 케이지로 달려갔던 그의 지독한 절실함이 만든 필연이다 하지만 아직 배정대는 배고프다. ""올 시즌 거의 80경기 가까이 벤치에서 쉬었던 것 같다. 고작 두 경기 잘했다고 절대 들뜨지 않겠다. 이 타격 감각을 철저하게 유지해서 후반기에는 언제 어디서 어떻게 나가든 팀 승리에 가장 먼저 도움이 되고 싶다. 내 유일한 목표는 후반기 최대한 많은 경기에 출전해 행복하게 야구하는 것뿐이다."" 고재완 기자 star77@sportschosun.com",https://v.daum.net/v/PrMKjoiPui
2026.07.12 05:51,"감독 무릎 꿇게한 우승 청부사→긁히면 에이스, 아니면 5선발 롤러코스터…...",스포티비뉴스,"[스포티비뉴스=신원철 기자] LG는 삼성과 '미리보는 한국시리즈'이자 전반기 1위 결정전에서 1승 2패에 그치며 경기 차 없는 2위로 내려앉았다. 첫 경기를 2-9로 완패하면서 한 달 넘게 지켰던 단독 선두 자리를 내줬다. 이 경기 패전투수는 외국인 투수 앤더스 톨허스트였다. 톨허스트는 5이닝 6피안타 3볼넷 3탈삼진 4실점(3자책점)으로 고전했다. 4회까지는 실점하지 않다가 5회에만 4점을 줬다. 5이닝 2실점으로 막을 수도 있었는데 2사 후 나온 류지혁의 빗맞은 땅볼을 톨허스트가 뒤로 흘리고, 2루수 신민재의 글러브 토스 송구까지 빗나가면서 실점이 늘었다. 염경엽 감독은 신민재의 토스가 무리였다면서도 톨허스트가 잡았다면 벌어지지 않았을 일이라고 했다. 톨허스트는 결국 중요한 승부처인 경기에서 패전을 안고 8승 7패 평균자책점 4.09로 전반기를 마쳤다. 8승은 다승 공동 선두에 1승 부족한 공동 4위로 타이틀 경쟁에 나설 만한 성적이지만 동시에 7패로 최다패 불명예 기록까지 보유하고 있다. 실점으로 봐도 톨허스트의 전반기는 아쉽게 느껴진다. 톨허스트가 4점 이상 내준 경기는 17경기 가운데 5번이다. 나머지 12경기 중에서 1회 '헤드샷' 퇴장이 있었던 5월 19일 KIA전을 빼고 8경기는 1실점 안쪽에서 투구를 마쳤다. 좋은 날은 에이스인데, 아닌 날은 5선발급 불안한 경기다. 톨허스트는 지난해 시즌 중 LG에 합류해 '우승 청부사'로 활약했다. 염경엽 감독은 LG의 통합우승이 결정된 한국시리즈 5차전에서 톨허스트의 7회 등판을 놓고 '무릎을 꿇어가며' 읍소했다고 조금은 과장된 뒷얘기를 공개하기도 했다. 그랬던 톨허스트가 올해는 경기마다 기복을 보이는 '롤러코스터' 투구를 하는 중이다. 염경엽 감독은 ""포크볼이 잘 떨어지는 날에만 좋은 결과가 나온다""고 봤다. 염경엽 감독은 그러면서 전반기 마지막 등판 후 구단 국제팀과 톨허스트가 올해 경기 내용에 대한 리뷰를 했다고 얘기했다. 톨허스트가 메이저리그 재도전이라는 목표를 이루려면, 혹은 그렇지 않더라도 KBO리그에서 롱런하려면 어떻게 발전해야 하는지에 대한 대화가 오갔다고. LG는 전반기 요니 치리노스의 공백을 선발 아닌 불펜투수 약셀 리오스 영입으로 채웠다. 아시아쿼터 선수인 라클란 웰스가 선발 로테이션 고민을 덜어준 덕분인데, 그래도 문제는 남는다. 송승기의 복귀가 늦어지면서 전반기 한 달을 대체 선발로 버티고 있다. 여기에 톨허스트의 오락가락 피칭까지 이어진다면 후반기 구상은 더 꼬일 수 밖에 없다. 염경엽 감독은 톨허스트가 면담 효과로 확실한 동기부여를 얻기를 기대하고 있다. <저작권자 ⓒ SPOTV NEWS. 무단전재 및 재배포 금지>",https://v.daum.net/v/uXrA70tWW8
2026.07.12 05:32,"'재미냐 진지함이냐' 구자욱이 던진 질문, 올스타전이 나아갈 길은[초점]",스포츠한국,"[잠실=스포츠한국 심규현 기자] 2026 KBO 올스타전이 성공적으로 마무리됐다. 하지만 이번 올스타전을 앞두고 구자욱이 던진 한 가지 질문은 향후 올스타전의 방향성에 대해 모두가 고민해 볼만한 화두를 남겼다. 나눔 올스타는 11일 오후 6시 서울 잠실야구장에서 2026 신한 SOL 뱅크 KBO 올스타전 드림 올스타를 상대로 10-2로 이겼다. 2015년부터 진행된 드림과 나눔 맞대결은 이날 경기 결과로 나눔의 6승4패 우위가 됐다. 또한 나눔은 드림을 상대로 5연승에 성공했다. 이번 올스타전은 잠실야구장에서 열리는 마지막 올스타전이었다. 잠실야구장은 올 시즌을 끝으로 철거된다. 2032년 3월, 같은 자리에 3만석 규모의 돔구장이 들어설 예정이다. 공사 기간인 2027년부터 2031년까지 LG와 두산은 잠실주경기장을 대체 경기장으로 활용한다. 사실 이번 올스타전을 앞두고 작은 논란이 발생했다. 드림 올스타 베스트 12 외야수 부문에 선정됐던 구자욱이 올스타전 이전 방송 인터뷰에서 선수들이 퍼포먼스 보다 경기에 조금 더 집중했으면 좋겠다는 취지의 발언을 남긴 것. 이 발언 자체는 문제가 없었다. 하지만 이후 아나운서가 정수빈의 '갸루' 퍼포먼스를 언급하자 구자욱이 ""그렇게 뽑혔으니 그렇게 하셔야죠""라고 말한 것이 온라인에서 화제가 됐고 일부에서 구자욱이 정수빈을 저격한 게 아니냐는 지적이 나왔다. 다만 이를 들은 정수빈이 올스타전을 앞두고 구자욱의 발언에 대해 ""문제가 없다""는 의사를 전했고 구자욱 역시 사과의 뜻을 전하면서 사건은 일단락됐다. 그러나 논란과 별개로 구자욱의 발언을 한 번 곰곰이 생각해 볼 필요는 있다. 야구에서 올스타전은 1933년 메이저리그에서 처음 등장했다. 당시 미국 시카고시는 경제 공황을 타개하기 세계 박람회를 개최했다. 올스타전은 이를 홍보하기 위한 수단 중 하나였다. 그러나 1933년 7월6일, 코미스키 파크에서 열린 이 행사는 대성공을 거뒀다. 당시 4만9200명의 관중은 슈퍼스타들을 보기 위해 구름처럼 몰렸고 이후 올스타전은 연례행사로 자리 잡았다. 상업적 목적에서 출발했지만 올스타전의 취지는 뚜렷했다. 최고의 선수들이 한자리에 모여 경쟁하는 것이었다. 하지만 최근 흐름은 조금 다르다. 정규리그, 포스트시즌과 달리 승패가 중요하지 않기에 대다수가 가벼운 마음으로 행사에 임한다. '별들의 축제'이지만 냉정히 말해 현재의 올스타전에서는 선수들의 실력을 100% 볼 수 없다. 대신 선수들은 자신을 뽑아준 팬들에게 보답하기 위해 기존에 볼 수 없던 화려한 분장과 퍼포먼스를 선보인다. 이에 만족하는 팬들도 있으나 일각에서는 리그를 대표하는 선수들이 모인 만큼 최고 수준의 맞대결을 보고 싶어 한다. 특히 최근 올스타전에서 선수들이 분장에 더욱 공을 들이면서 이런 목소리는 한층 커졌다. 구자욱은 일부 팬들의 작은 요구를 지나치지 않고 목소리를 냈다. 그 영향인지는 알 수 없으나 실제로 이날 다수의 젊은 투수들은 정규시즌과 비슷한 구속을 유지했다. 물론 구속이 평소보다 낮았던 선수들이 대충 임했다는 뜻은 아니다. 또한 박찬호와 박준순은 메이저리그에 버금가는 수비를 보여주며 감탄을 자아냈다. 이들은 퍼포먼스뿐 아니라 또 다른 방식으로 팬들의 니즈를 충족시켰다. 재미냐, 진지함이냐. 올스타전과 관련한 논쟁은 과거부터 끊이지 않았다. 그리고 이는 올스타전이 존재하는 한 앞으로도 계속될 것이다. 다만 이번 구자욱의 발언을 계기로 올스타전의 방향성을 다시 한번 고민해 볼 필요도 있을 것으로 보인다. 스포츠한국 심규현 기자 simtong96@sportshankook.co.kr",https://v.daum.net/v/WhFZIrEov3
2026.07.12 05:27,"허인서가 밉진 않았을까, ""못 쳤으면 좋겠다"" 했지만…MVP 놓친 문현빈...",스포티비뉴스,"[스포티비뉴스=잠실, 최원영 기자] 정말 아쉽게 MVP를 놓쳤다. 한화 이글스 문현빈(22)은 11일 서울 잠실야구장에서 열린 2026 신한 SOL KBO 올스타전에 나눔 올스타의 6번 타자 겸 우익수로 선발 출전했다. 무려 5타수 4안타 1타점 3득점으로 맹활약했다. 나눔 올스타의 10-2 대승에 기여했다. 그러나 MVP인 미스터 올스타로 선정되진 못했다. 문현빈은 0-0이던 2회초 선두타자로 나서 중전 안타를 때려냈다. 0-1로 뒤처진 4회초엔 무사 1루서 우전 안타를 터트려 무사 1, 3루로 기회를 연결했다. 이후 김주원의 중견수 희생플라이에 오스틴 딘이 득점해 1-1 동점을 빚었다. 허인서의 좌전 안타, 박재현의 헛스윙 삼진으로 2사 1, 2루. 이도윤의 1타점 우전 적시타에 문현빈이 홈으로 들어와 2-1 역전에 성공했다. 여전히 2-1이던 6회초 문현빈은 선두타자로 출격해 중전 안타를 쳤다. 김주원의 우전 안타에 2루로 진루했고, 허인서의 1타점 좌전 적시타에 홈으로 들어왔다. 3-1 점수를 벌렸다. 이어 이도윤의 2타점 좌중간 적시타, 강백호의 우익수 희생플라이, 한준수의 1타점 우중간 적시타가 나와 나눔 올스타가 7-1까지 달아났다. 타자일순 후 문현빈의 타석이 돌아왔다. 유격수 뜬공으로 3아웃이 채워졌다. 8-1이던 8회초 1사 2루서 문현빈이 다시 등장했다. 이번엔 1타점 우중간 적시 3루타를 뽑아내며 크게 포효했다. 팀에 9-1을 안겼다. 후속 구본혁이 1타점 중전 적시타로 10-1을 완성했다. 문현빈은 압도적인 활약에도 미스터 올스타 투표서 2위에 머물렀다. 총 26표 중 10표를 얻어 득표율 38.5%를 기록했다. 영광의 주인공은 한화 동료인 허인서였다. 허인서는 이날 5타수 4안타 1타점 1득점으로 문현빈 못지않게 잘했다. 투표서 26표 중 13표를 획득해 득표율 50%로 미스터 올스타 수상의 기쁨을 누렸다. 상금 2000만원과 부상인 안마의자까지 거머쥐었다. 대신 문현빈은 우수 타자상을 받았다. 상금 300만원도 함께였다. 경기 후 문현빈은 ""우리 홈구장은 아니지만, 한국 프로야구의 역사가 녹아 있는 잠실야구장에서의 마지막 올스타전서 좋은 모습을 보여드렸다는 데 의미가 있다. 우리 팀이 상을 싹쓸이해서 기분 좋다""고 소감을 밝혔다. 잠실구장은 올 시즌을 끝으로 철거된다. 특별한 올스타전서 나눔 올스타가 승리한 데 이어 한화에선 문현빈과 허인서, 류현진(우수 투수상)이 개인상을 받았다. MVP를 놓친 아쉬움은 없을까. 문현빈은 ""투표 시점에 대한 이야기를 들었다. 내가 어떻게 할 수 있는 부분이 아니기 때문에 거기에 대해서는 할 말이 없다""고 전했다. 이날 미스터 올스타 투표는 7회초쯤부터 시작됐다. 이후 문현빈이 8회초 경기 4번째 안타이자 적시 3루타를 터트렸지만 이미 투표가 어느 정도 진행된 상태였다. 허인서에게 한마디를 부탁했다. 문현빈은 ""너무 축하한다. 사실 경기 중엔 경쟁이었기 때문에 그 생각을 하니 더 재밌었다""며 ""이번 올스타전을 계기로 올 시즌도 같이 잘 마무리했으면 좋겠다""고 미소 지었다. 허인서는 ""(문)현빈이와 안타 개수가 똑같아 계속 이야기를 나눴다. 현빈이가 내가 못 쳤으면 좋겠다는 식으로 말하더라""며 웃은 뒤 ""현빈이가 3루타까지 칠 줄은 몰랐다. '쟤는 될 놈이다' 싶었다. 현빈이가 받을 줄 알았고, 그럼 내가 받은 것처럼 축하해 주려 했다""고 말했다. 마지막으로 문현빈에게 후반기 각오를 물었다. 그는 ""전반기를 승률 5할로 마무리했다. 가을야구 경쟁을 이어가고 있는 만큼 후반기 시작부터 치고 올라가 좋은 성적을 거두고 싶다""고 다짐했다. 한화는 전반기 40승2무40패로 리그 10개 구단 중 6위에 자리했다. 5위 두산 베어스를 1.5게임 차로 추격했다. 문현빈은 80경기에 나서 타율 0.288(319타수 92안타) 9홈런 50타점 52득점, 장타율 0.467, 출루율 0.372, OPS(출루율+장타율) 0.839 등을 기록했다. <저작권자 ⓒ SPOTV NEWS. 무단전재 및 재배포 금지>",https://v.daum.net/v/1z0wWSCEv1
2026.07.12 05:27,"한화에 이런 효자가 있다니, 연봉 3600만원→MVP 상금 2000만원 ...",OSEN,"[OSEN=잠실, 이후광 기자] 한화 이글스에 이런 효자가 있다니. 나눔 올스타 소속 허인서(한화 이글스)는 11일 서울 잠실구장에서 열린 2026 신한 SOL KBO 올스타전에 8번 포수로 선발 출전해 5타수 4안타 1타점 1득점 맹활약하며 미스터 올스타의 영예를 안았다. 나눔 올스타의 10-2 승리를 이끌었다. 허인서는 0-0이던 2회초 1사 1루에서 양창섭 상대 중전안타를 치며 4안타쇼 서막을 열었다. 1-1로 맞선 4회초 1사 1루에서 현도훈에게 좌전안타를 뽑아내며 이도윤의 1타점 역전 적시타를 뒷받침했고, 2-1로 리드한 6회초 무사 1, 2루에서 박정민 상대 달아나는 1타점 좌전 적시타를 터트렸다. 허인서는 7-1로 리드한 7회초 1사 후 이승민 상대 MVP 수상에 쐐기를 박는 좌전안타를 쳤다. 그리고 8회초 최초 한 경기 5안타까지 노렸으나 아쉽게 2루수 뜬공에 그쳤다. 허인서는 기자단 투표 26표 중 13표(50%)를 획득하며 팀 동료 문현빈(10표)을 3표 차이로 제치고 올스타전 최고의 별로 우뚝 섰다. 한화는 2023년 채은성 이후 3년 만에 올스타전 MVP를 배출했다. 경기 후 만난 허인서는 “처음 올스타에 뽑혔는데 이렇게 바로 미스터 올스타를 받아서 기분이 좋다. 미스터 올스타는 머릿속에 없는 그림이었는데 받을 수 있어서 더 기분이 좋다”라고 소감을 전했다. 허인서의 최대 경쟁자는 팀 동료 문현빈이었다. 문현빈도 5타수 4안타 1타점 3득점 맹위를 떨쳤으나 MVP가 아닌 우수타자상을 수상했다. 허인서는 “(문)현빈이랑 계속 안타 개수가 거의 같아서 더그아웃에서 계속 이야기를 했다”라며 “난 계속 말로는 하나 치라고 했는데 현빈이는 내가 나갔을 때 못 쳤으면 좋겠다고 했다. 내가 못 받고 현빈이가 받았어도 받은것만큼은 아니겠지만 기분이 같이 좋았을 거 같다”라고 말하며 웃었다. 가장 위기를 느낀 순간은 문현빈이 1타점 3루타로 4안타 고지를 밟은 8회초였다. 허인서는 “(문)현빈이가 거기서 칠 줄은 몰랐다. 딱 치는 걸 보고 ‘쟤는 될 놈이다’라는 생각이 들었다. 그래서 사실 현빈이가 받겠다고 생각했는데 많은 분들이 투표해주셔서 감사하게 받았다”라고 밝혔다. 이어 “(문)현빈이가 우수타자상을 받고 약간 희망이 생겼다. (강)백호 형도 내가 받을 거라고 계속 이야기했다. 이름이 불리는 순간 많이 좋았다. 현빈이는 ‘내가 마지막에 수비 실수를 해서 못 받은건가’라고 했다. 그래서 내가 그런 거 같다고 했다”라고 뒷이야기를 덧붙였다. 2003년 7월 11일생인 허인서는 공교롭게도 생일날 MVP라는 최고의 선물을 받았다. 그는 “생일날 생일선물을 받은 것처럼 기분이 좋다. 최고의 생일이다”라고 말하며 환하게 웃었다. 생일 선물은 상금 2000만 원과 안마의자 바디프랜드 733이다. 허인서에게 상금 사용처를 묻자 “부모님을 다 드린 뒤 주시고 싶은 만큼 달라고 할 거다. 부모님의 마음을 확인해보고 싶다”라고 웃으며 “워낙 큰 금액이라 얼마를 주실지는 모르겠다. 주시면 한화 선수단에 커피를 돌리겠다. 안마의자는 집에 두고 다같이 쓸 것”이라고 밝혔다. 한화는 이날 허인서를 비롯해 강백호, 이도윤, 문현빈 등 야수들이 쾌조의 타격감을 뽐내며 후반기 전망을 밝혔다. 허인서는 “(문)현빈이도 그렇고 (이)도윤이 형, (강)백호 형 모두 다 타격감이 좋아보이더라. 오늘의 좋은 타격감을 이어서 후반기 시작했을 때 더 높은 곳으로 올라갈 수 있도록 잘하겠다”라고 각오를 다졌다. 이날 계기로 향후 양의지, 강민호의 뒤를 잇는 대한민국 대표 포수가 되겠다는 당찬 포부도 덧붙였다. 허인서는 “나이가 비슷한 동기들이 워낙 잘해서 나도 뒤처지지 않고 조금 더 잘하려고 노력한다”라며 “양의지, 강민호 선배님 모두 워낙 해오신 게 많고 좋은 포수다. 내가 뒤를 잇는다는 말이 과분한데 그래도 앞으로 야구를 잘하려고 노력하겠다”라고 했다. /backlight@osen.co.kr",https://v.daum.net/v/V1yEnex2W1
2026.07.12 05:12,"'3루타→포효까지 했는데...' 문현빈, 올스타 MVP 아깝게 놓쳤다! ...",스타뉴스,"[스타뉴스 | 잠실=박수진 기자] 한화 이글스 외야수 문현빈(22)이 3루타 포함 4안타 맹타를 휘두르고도 '미스터 올스타' 영광을 놓쳤다. 그는 수상 불발의 아쉬움을 뒤로하고 후반기를 향한 각오를 다졌다. 동시에 올스타 MVP(최우수선수) 상을 받은 동료 허인서(23)에 대한 축하까지 전했다. 문현빈은 11일 서울 잠실구장에서 열린 '2026 신한 SOL KBO 올스타전'에 나눔 올스타 소속으로 6번 타자 겸 우익수로 선발 출장해 3루타 하나를 포함해 5타수 4안타 맹타를 휘둘렀다. 하지만 그는 미스터 올스타 투표에서 26표 가운데 10표(38.5%)를 획득, 허인서(13표, 50%)에게 밀려 2위에 그치고 말았다. 이날 그의 활약에 대미를 장식했던 3루타가 8회초 1사 이후 터졌는데, 이미 기자단 투표가 시작된 시점인만큼 상당수의 표가 허인서에게로 향한 뒤였다. 이에 대해 문현빈 역시 ""투표 시점에 대한 이야기를 들었다. 하지만 내가 어떻게 할 수 있는 부분이 아니기 때문에 거기에 대해서는 할 말이 없다""는 말로 내심 아쉬움을 토로했다. 실제 허인서 역시 수상 직후 인터뷰를 통해 ""(문)현빈이가 8회 3루타를 쳤을 때 MVP를 받겠다고 생각했다""며 ""막상 결과가 나오자 현빈이가 자기가 마지막 수비 실수를 해서 못 받은 것이 아니냐고 하더라""고 말할 정도였다. 허인서의 마지막 타석이 아웃으로 끝나자 문현빈 역시 더그아웃에서 수상을 확신하기도 했다. 하지만 MVP의 향방은 허인서로 향했다. 그럼에도 문현빈은 ""(MVP를 수상한 허인서에게) 너무 축하한다. 사실 경기 중엔 경쟁이었기 때문에 그 생각으로 더 재밌게 할 수 있었다""며 ""오늘 올스타전 계기로 시즌도 마무리를 잘했으면 좋겠다""는 대인배 면모를 뽐냈다. 아울러 문현빈은 4안타 활약을 인정받아 우수 타자상을 획득했다. 허인서(MVP), 우수 투수상(류현진)까지 한화 선수들은 주요 상을 휩쓸었다. 그는 ""우리 팀 홈구장은 아니지만 한국 프로야구의 역사가 녹아 있는 잠실구장에서 열리는 마지막 올스타전에서 좋은 모습 보여드렸다는 의미가 있다. 또 우리 팀이 상을 싹쓸이해서 기분이 좋다""고 웃었다. 마지막으로 그는 ""우리 팀이 승률 5할로 전반기를 마무리했다. 가을야구를 향한 싸움을 이어가고 있는 만큼 후반기 시작부터 치고 올라가서 좋은 성적을 거두고 싶다""고 말한 뒤 개인상에 대한 아쉬움을 달랬다. 잠실=박수진 기자 bestsujin@mtstarnews.com",https://v.daum.net/v/yG0ZYvhDCc
2026.07.12 05:07,"'GOAT' 류현진이, 꿈을 이룬 후배 고우석에게 ""몇 년을 고생했다. ...",스포츠조선,"[스포츠조선 김용 기자] ""그 곳만 바라보고 고생을 한 거 아닌가. 절실할 거다."" 메이저리그 대선배 류현진(한화)이 이제 막 꿈을 이룬 후배 고우석(미네소타)에게 진심어린 격려의 메시지를 보냈다. 고우석은 꿈에 그리던 메이저리그 데뷔전을 치렀다. 10일(한국시각) 타깃필드에서 열린 클리블랜드 가디언스와의 경기에 9회초 등판한 것. 청운의 꿈을 안고 2024년 미국행을 선언했다. 포스팅 신청 후 갈 팀이 없을 줄 알았는데, 막판 샌디에이고 파드리스가 고우석을 품었다. 2+1년 최대 최대 940만달러 조건. 하지만 스프링캠프에서부터 구위가 좋지 않았고, 서울시리즈에서도 이렇다 할 모습을 보여주지 못하며 개막 엔트리 탈락 아픔을 맛봤다. 메이저리그는 냉정했다. 활용 가치가 없다고 판단되자, 곧바로 트레이드를 시켜버렸다. 비교적 전력이 떨어지는 마이매이 말린스에서 기회가 있을 줄 알았지만, 빅리그 문턱은 높았다. 지난 시즌을 앞두고는 마이애미에서 방출된 후 디트로이트 타이거즈와 마이너 계약을 맺었다. 한 시즌 만에 또 방출. 그리고 같은 팀과 한 달 만에 다시 마이너 계약을 맺는 고생을 하며 버텼다. 오직 메이저리그에서 공을 던지겠다는 일념 하나였다. 올해 5월 친정팀 LG 트윈스 차명석 단장이 미국까지 날아가 고우석 복귀를 설득했지만, 고우석은 7월까지만 기다려보겠다며 차 단장을 그대로 돌려보냈다. 7월이 기점인 이유가 있었다. 고우석을 보유한 구단은 7월1일 부로 그를 메이저 엔트리에 등록해야 하는 조항이 계약에 있었다. 디트로이트는 고우석을 콜업하지 않았다. 그런데 생각지 못한 원군이 나타났다. 미네소타 트윈스. 불펜이 간절히 필요한 미네소타가 현금 트레이드를 통해 고우석을 영입한 후, 곧바로 메이저 26인 엔트리에 등록시킨 것이다. 꿈에 그리던 데뷔전. 만족할 수는 없었다. 긴장한 탓인지 슬라이더 실투가 들어갔고 홈런을 맞았다. 하지만 삼진도 잡는 등, 1이닝을 씩씩하게 던졌다. 이 고우석의 도전이 남다르게 보일 사람이 있다. 바로 '괴물' 류현진. KBO리그를 평정하고 메이저리그에 진출, LA 다저스의 에이스로 활약하고 토론토 블루제이스와 4년 8000만달러 초대형 FA 계약을 맺으며 성공 신화를 썼다. 메이저리그에 대해서는 류현진만큼 잘 아는 사람이 없다고 해도 과언이 아닐 듯. 류현진은 꿈을 이룬 고우석 얘기가 나오자 ""고우석 선수가 그 곳(메이저리그)만 바라보고 몇 년을 고생했다. 본인이 뭘 어떻게 해야할 지 더 잘 알 거고, 절실할 거라 생각한다. 또 거기서 살아남기 위해 본인이 가지고 있는 무기도 있을 거라는 생각이 든다""며 고우석의 도전 정신을 높이 평가했다. 류현진은 이어 ""해주고 싶은 말은 다치지 말고 즐기라는 것""이라며 고우석의 앞 날을 응원했다. 김용 기자 awesome@sportschosun.com",https://v.daum.net/v/Zy7TIrEo0n
2026.07.12 04:42,'1위팀' 삼성은 왜 32승 저니맨을 우승 청부사로 점찍었나…7억에 한국...,마이데일리,"[마이데일리 = 이정원 기자] ""한동안 내리막길이었다."" 11년 만에 전반기를 1위로 마친 삼성 라이온즈가 승부수를 꺼냈다. 잭 오러클린과 결별하고 크리스 페덱을 영입했다. 삼성은 11일 47만 3333달러(약 7억)에 페덱을 영입했다. 페덱은 국내에서 메디컬 테스트를 마쳤고 조만간 팀에 합류할 예정이다. 페덱은 야구 팬들이라면 한 번쯤 들어봤을 이름이다. 페덱은 2019년 샌디에이고 파드리스에서 메이저리그 데뷔의 꿈을 이뤘고, 2019시즌 26경기에 나와 9승 7패 평균자책 3.33을 기록했다. 미네소타 트윈스와 디트로이트 타이거스 등을 거쳤다. 메이저리그 통산 118경기 32승 43패 1세이브 평균자책 4.83을 기록했다. 메이저리그트레이드루머스(MLBTR)는 11일(한국시각) ""올 시즌 여러 팀을 전전하는 저니맨 생활을 마치고 한국 무대에 진출하게 됐다. 지난 오프 시즌 마이애미 말린스와 400만 달러 계약을 맺었다. 하지만 7경기에 등판한 뒤 지명할당 뒤 방출됐다. 신시내티 레즈와 계약을 맺었지만 6경기만 던진 뒤 다시 방출했다. 이어 텍사스 레인저스와 계약해 한 경기 등판한 후 로스터에서 제외됐다""라며 ""올 시즌 평균자책이 6.79였다. 상대 타자를 압도하지 못했다""라고 말했다. 이어 ""페덱의 커리어는 한동안 내리막길을 걷고 있다. 2019년 뛰어난 활약을 펼쳤지만 이후 두 시즌은 평균자책 5점대에 머물렀다. 이후 미네소타로 왔으나 토미존 수술로 인해 2022년과 2023년 대부분을 날렸다""라며 ""지난주 자유계약선수(FA) 시장에 나온 페덱은 메이저리그에서 마이너리그 계약 제안 정도밖에 받지 못했을 가능성이 있다. 그래서 해외 진출을 선택했다""라고 덧붙였다. 또한 MLBTR는 ""이번 계약은 페덱의 커리어에 도움이 될 수 있다. 계속 메이저리그 여러 팀을 떠돌았다면, 2027년에도 마이너리그 계약을 맺었을 가능성이 크다""라며 ""삼성에서 좋은 활약을 펼친다면 삼성과 재계약하거나 다른 KBO 구단 또는 일본프로야구(NPB) 같은 다른 리그에서 새로운 계약을 따낼 가능성도 충분히 있다""라고 전망했다. 페덱은 구단을 통해 ""어떤 리그에서든 프로야구는 많이 이겨야 하는 스포츠다. 그런 면에서 1위 경쟁을 하고 있는 삼성이 매력적으로 느껴졌다. 이 팀의 전통과 팬들의 열정에도 끌렸다""라며 ""샌디에이고에서 김하성과 함께 뛴 경험이 있어 KBO리그에 대해서도 어느 정도 알고 있다. 삼성 선수들과 많은 걸 나누고 싶다""라고 각오를 다졌다.",https://v.daum.net/v/HUteYLJ6Ia
2026.07.12 04:01,"'GOAT' 류현진의 진심 어린 조언…""후배들 자신 있게 했으면, 고우석...",엑스포츠뉴스,"(엑스포츠뉴스 잠실, 유준상 기자) ""자기가 가진 걸 충분히 보여주다 보면 더 좋은 성적을 낼 수 있을 거예요. 실력을 갖췄기 때문에 그냥 자신 있게 했으면 좋겠습니다."" '괴물' 류현진(한화 이글스)은 한국 야구의 역사를 논할 때 빠질 수 없는 인물이다. 2006년 1차 지명으로 한화에 입단한 그는 입단 첫해 신인왕과 최우수선수상(MVP)을 동시에 석권했다. 2008 베이징 올림픽, 2009 월드베이스볼클래식(WBC) 등 국제무대에서도 자신의 존재감을 드러냈다. 류현진은 2012시즌을 마친 뒤 포스팅 시스템(비공개 경쟁입찰)을 통해 미국 메이저리그(MLB)에 진출했다. 2013년부터 2019년까지 LA 다저스에서 활약한 뒤 2020년 토론토 블루제이스로 이적해 2023년까지 뛰었다. 11시즌 동안 통산 78승을 기록했으며, 2019년에는 내셔널리그(NL) 사이영상 투표 2위를 차지하기도 했다. 2023시즌 종료 뒤 친정팀 한화로 돌아온 류현진은 여전히 건재함을 과시했다. 특히 올 시즌 전반기 15경기에서 87⅔이닝 8승 2패 평균자책점 2.67로 준수한 성적을 남겼다. 지난 5월 24일 대전 두산 베어스전에서는 한·미 통산 200승이라는 대기록을 달성하기도 했다. 류현진은 2024년 이후 2년 만에 '별들의 축제' 올스타전에 참가했다. 베스트12 후보에 오르지 못했으나 감독 추천 선수로 올스타전 무대를 밟았다. 개인 통산 9번째 올스타전 출전이다. 류현진은 11일 서울 잠실야구장에서 열린 2026 신한 SOL KBO 올스타전을 앞두고 ""올스타전에 참가하게 돼 너무 기쁘게 생각한다. 모르는 선수들과 함께하면서 (몰랐던) 선수들을 알아갈 수 있는 시간이지 않나 싶다""고 밝혔다. 자신의 전반기 투구 내용에 대해서는 만족감을 드러냈다. 류현진은 ""강판을 당하지 않고 팀이 이길 수 있는 경기를 만들어줬다""며 ""선발투수가 해줄 수 있는 역할을 한 것 같아서 그 부분이 만족스럽다""고 얘기했다. 당초 류현진은 5일 잠실 LG 트윈스전까지 소화한 뒤 전반기를 마감할 예정이었다. 하지만 이날 경기가 그라운드 사정으로 취소되면서 류현진은 그대로 전반기를 끝냈다. 한·미 통산 2499탈삼진을 기록 중인 류현진의 2500탈삼진 도전도 후반기로 미뤄졌다. 류현진은 ""자연스럽게 그렇게 된 것 같고, 코치님께서 시간을 주신 것 같다. 그에 맞게끔 잘 준비해서 후반기에 체력이 떨어지지 않도록 해야 할 것 같다""며 ""내가 하고 싶다고 기록을 달성할 수 있는 게 아니기 때문에 그냥 신경 쓰지 않고 있다. 내가 할 수 있는 역할만 생각하면서 준비하려고 한다""고 덤덤하게 말했다. 이날 나눔 올스타 선발 아담 올러(KIA 타이거즈)에 이어 마운드에 오른 류현진은 염소를 리드하며 등장했다. 염소 탈을 쓰고 나온 선수는 팀 동료 문현빈(한화)이었다. 문현빈은 '류현진 G.O.A.T'라는 문구가 쓰여진 현수막을 펼쳐보였다. 'GOAT'는 Greatest of All Time의 약자로, 스포츠계에서 역사상 최고의 선수를 의미하는 단어다. 한국 야구를 대표하는 레전드 투수 류현진의 상징성을 유머러스하게 표현한 장면이었다. 투구 내용도 인상적이었다. 류현진은 2회말 최형우(삼성 라이온즈)를 실책으로 내보냈으나 후속타자 르윈 디아즈(삼성)를 1루수 뜬공으로 처리했다. 양의지(두산 베어스)는 중견수 뜬공, 박준순(두산)은 우익수 뜬공으로 잡아내며 실점 없이 이닝을 끝냈다. 경기 종료 뒤 진행된 시상식에서 우수투수상까지 수상하며 의미 있는 하루를 보냈다. 그렇다면, 류현진은 선배로서 후배들의 성장을 어떻게 바라보고 있을까. 류현진은 ""특별히 눈여겨보는 선수는 없다. 전체적으로 다 보는 것 같다. 지금도 좋은 투수들이 많다. 자기가 가진 걸 충분히 보여주다 보면 더 좋은 성적을 낼 수 있을 것""이라며 ""실력을 갖췄기 때문에 그냥 자신 있게 했으면 좋겠다""고 조언했다. 최근 빅리그에 올라온 고우석(미네소타 트윈스)을 향한 조언도 잊지 않았다. 류현진은 ""고우석 선수가 그 꿈만 바라보며 몇 년 동안 고생했다. 본인이 (어떻게 해야 할지) 잘 알고, 또 잘할 것이라고 생각한다""며 ""그곳에서 살아남기 위해 본인이 가진 무기가 있을 것이라고 생각한다. 다치지 않고 즐겼으면 좋겠다""고 전했다. 류현진은 늘 그랬던 것처럼 팀만 바라보며 남은 시즌을 치르고자 한다. 그는 ""개인적인 목표는 하나도 없다. 지난해처럼 팀이 가을야구에 갈 수 있으면 좋겠다. 또 그렇게 할 수 있도록 선수들과 잘 준비해야 할 것 같다""고 각오를 다졌다. 사진=잠실, 김한준·박지영 기자 유준상 기자 junsang98@xportsnews.com",https://v.daum.net/v/fFuu2vhDZj
2026.07.12 04:01,“이 자리를 빌어서 사죄해라” KIA 박재현 화제의 우천 큰절 세리머니…...,마이데일리,"[마이데일리 = 잠실 김진성 기자] “이 자리를 빌어서 사죄해라.” KIA 타이거즈 외야수 박재현(20)은 지난 5일 광주 NC 다이노스전이 비로 취소되자 우천 세리머니를 실시했다. 그런데 세리머니를 하기 전에 방수포 위에서 3루 내야 응원석을 향해 넙죽 절을 올려 폭발적인 화제를 모았다. 이후 박재현은 천연덕스럽게 4일 광주 NC전의 본헤드플레이를 고스란히 다시 선보였다. 물론 방수포 위라서 간결하게(?) 했지만, 홈으로 뛰다 뒤늦게 타구를 확인하고 3루로 돌아가는 포인트를 확실하게 살렸다. 박재현은 4일 경기서 1점차로 뒤진 9회말 선두타자로 등장, 좌선상에 뚝 떨어지는 타구를 날리고 재치 있게 3루에 들어갔다. 2루를 밟고 넘어질 뻔했지만 특유의 폭발적인 주력으로 3루를 점유했다. 그러나 1사 후 김호령의 좌중간 뜬공을 확인하지도 않고 냅다 홈으로 뛰고 말았다. 뒤늦게 3루로 돌아갔고, 그 마저도 아슬아슬하게 세이프 됐다. 결국 홈 태그업을 시도조차 하지 못했다. 이후 박상준이 스트라이크 아웃 낫아웃으로 물러나면서 경기가 끝났다. KIA는 이 경기 패배로 연패에 빠졌고, 7~8일 부산 롯데 자이언츠전서 대패하는 등 한동안 후유증이 있었다. 이제 웃으며 말할 수 있지만, 박재현도 KIA도 아찔한 4일 경기였다. 박재현은 11일 올스타전을 앞두고 그날 이후 처음으로 공식석상에 섰다. 관련 질문이 안 나올 수 없었다. 그는 ”팬들에게도 좋지 않은, 다시 보이면 안 되는 그런 플레이를 보였다. 그것 때문에 자책을 많이 하고 있었는데 또 우천취소가 됐다”라고 했다. 그러면서 박재현은 “(나)성범 선배님이 또 거기서 ‘이 자리를 빌어서 너의 마음을 (팬들에게)사죄해라’ 이렇게 말씀을 해줘서, 나도 그 말을 듣고 그라운드에 나가서 팬들에게 죄송하다는 의미로 큰절을 한번 했다”라고 했다. 나성범은 헤럴드 카스트로와 함께 팀에서 박재현의 ‘양 아버지’로 통한다. 특히 나성범은 그라운드 외에서의 언행뿐 아니라, 평소에도 옷도 주고 밥도 사먹이는 등, 진심으로 아들 대하듯 박재현을 대한다. 역시 사과 세리머니도 나성범의 아이디어였다. 당시 박재현은 아웃카운트 착각은 아니었고, 컨택 플레이의 미스였다. 아무리 인플레이 타구라면 무조건 뛰어야 한다고 해도, 최소한 타구의 성격은 확인해야 한다. 또 2사가 아닌 1사였다. 박재현은 “컨택 플레이어서 공이 맞자마자 바로 홈으로 뛸 생각이었다. 공이 떠서 멈췄다 가야 했는데 바로 홈으로 뛰어 버렸다. 내 미스였다”라고 했다. KIA 팬들은 전례 없던 큰절 혹은 사과 세리머니를 접한 뒤 오히려 박재현을 뜨겁게 격려했다. 미워할 수 없는 캐릭터라는 말이 자연스럽게 나왔다. 평소 활발한 성격의 박재현은 전형적인 외향형 MZ다. 실수하고 고개 푹 숙이고 다니다 자기 플레이를 못하는 것보다. 실수를 인정하고 팬들에게 용기를 내 사과하는 모습이 정말 보기 좋았다는 반응이 많았다. 박재현은 “오히려 형들이 지금 나오는 게 훨씬 낫다고 했다. 그런 행동, 그런 플레이를 다시 한번 다시보기로 보고 느끼고, 다시 하면 안 된다고 강조해줬다”라고 했다. 이범호 감독은 그런 박재현을 전반기 팀 내 최고의 선수로 꼽으며 신뢰를 드러냈다. 전반기 82경기서 타율 0.283 8홈런 39타점 44득점 16도루 OPS 0.743. 2개월 뒤 아이치나고야아시안게임에 간다.",https://v.daum.net/v/GJDKPHWIIp
2026.07.12 03:34,"안우진도 '뭉클'했던 고우석 美 데뷔 ""형 너무 멋있더라, 버티고 이겨내...",스타뉴스,"[스타뉴스 | 잠실=박수진 기자] KBO 리그 최고의 선발 투수라는 평가를 받고 있는 안우진(27)이 '절친한 형'인 고우석(28·미네소타 트윈스)의 메이저리그(MLB) 데뷔 무대를 보며 감동적이었다고 이야기했다. 최근 야구계에서는 고우석의 메이저리그 데뷔가 화제다. 고우석은 모진 역경을 딛고 한국시간으로 지난 10일 꿈의 무대인 메이저리그 마운드에 당당히 올라 데뷔전을 치렀다. 비록 홈런을 맞긴 했지만 1이닝 1피안타(1홈런) 1탈삼진 1실점의 투구를 펼치며 가능성을 보였다. 이 모습을 지켜본 안우진 역시 깊은 울림을 받았다고 한다. 안우진은 11일 잠실야구장에서 열린 2026 KBO 올스타전을 앞두고 스타뉴스와 만난 자리에서 고우석의 MLB 데뷔전에 대한 질의에 ""대한민국 투수 가운데 미국에 가서 도전하는 것이 정말 대단하다고 생각한다""며 엄지를 치켜세웠다. 특히 고우석이 미국 진출 이후 겪었던 3년 가까운 우여곡절과 힘겨운 시간들을 곁에서 묵묵히 지켜봐 왔기에 감회는 더욱 남달랐다. 안우진은 ""우석이 형이 그동안 힘든 시기도 분명히 있었지 않나. 하지만 그 모든 과정을 다 버티고 이겨내서 마침내 메이저리그 무대에 서는 모습을 보니 정말 저절로 고개가 숙여졌다. '형, 진짜 너무 멋있더라'라는 말이 진심으로 나왔다""며 뭉클했던 당시의 감정을 전했다. 안우진에 따르면 두 사람은 비시즌 기간 사우나를 함께 다닐 정도로 막역한 사이로 잘 알려져 있다. 특히 고우석은 안우진과 고교 선배인 이정후(28·샌프란시스코 자이언츠)의 처남이기도 하다. 실제 안우진은 고우석의 데뷔전 중계 게시물이 미네소타 트윈스 계정에 올라오자 SNS상에서 '좋아요'를 누르며 응원을 보내기도 했다. 안우진 역시 추후 메이저리그 진출이 유력한 선수 가운데 하나로 평가된다. 안우진은 향후 시즌을 모두 정상적으로 소화한다면 2028시즌을 마치고 메이저리그에 진출할 수 있는 포스팅 자격을 갖추게 된다. 메이저리그 도전 의사에 대한 질문에도 ""포스팅 기회가 있다면 누구나 응할 것""이라고 부인하지 않는다. 그러면서도 ""그래도 계속해서 현 소속팀(키움)에서 잘 던지는 것이 가장 중요하다""고 강조하는 안우진이다. 무려 3년 가까운 역경과 시련을 버텨내고 메이저리그 마운드를 밟은 고우석과 그의 발자취를 보며 또 다른 꿈을 키워가는 안우진. 두 천재 투수의 뜨거운 우정과 유대감이 야구팬들에게 잔잔한 감동을 선사하고 있다. 잠실=박수진 기자 bestsujin@mtstarnews.com",https://v.daum.net/v/pitoGoiPlB
2026.07.12 02:23,"'견주' 김태형 감독, 애완견 세리머니...퍼포먼스상 황성빈 ""감독님 지...",OSEN,"[OSEN=잠실, 한용섭 기자] 프로야구 롯데 자이언츠 황성빈이 올스타전에서 김태형 감독의 '애완견'으로 변신해 '퍼포먼스상'을 수상했다. 11일 서울 잠실구장에서 열린 2026 KBO리그 올스타전. 황성빈은 7회말 강아지 모자를 쓰고, 하네스를 착용하고 '애완견'으로 변신해 그라운드에 등장했다. 1루 주루코치로 서 있던 김태형 감독에게 목줄을 맡겼다. 마치 잠실구장 그라운드에 개를 풀어놓은 것처럼 황성빈은 애완견으로 빙의해 다양한 퍼포먼스로 팬들에게 웃음을 선사했다. 개뼈다귀도 입에 물고 나왔다. 황성빈은 총 투표수 4만3910표 중 1만2134표(28%)를 받아 퍼포먼스상을 수상했다. 2024년 올스타전에서 배달원 퍼포먼스에 이어 2번째 수상이었다. 경기 후 황성빈은 “올스타전 출전이 확정된 이후에 팬분들의 기대치가 너무 높아서 부담을 너무 많이 느꼈다. 어떻게 해야 팬분들께서 좋아하실까 생각하다가 이번 아이디어를 냈다”고 말했다. 이어 “뭔가 감독님이랑 한번 해보고 싶다는 생각을 해서, 개를 산책시키는 데 주인이 필요하잖아요. 감독님이 제 주인이기 때문에 그런 의미를 담아서 준비했다”고 퍼포먼스 의미를 설명했다. 김태형 감독의 반응은 어땠을까. 황성빈은 “감독님께서 제가 도와달라고 얘기를 했을 때 도와주셔서 너무 감사드린다”라며 “너무 힘들고 일단 퍼포먼스를 끝냈다는 것으로 오늘은 편하게 잘 수 있을 것 같다”고 웃었다. 황성빈은 김태형 감독에게 미리 퍼포먼스에 관해 언질을 하지 않고, 경기 도중에 퍼포먼스를 하기 직전에 부탁했다. 황성빈은 “부탁을 드리니까, 감독님께서 너무 일찍 나온 거 아니냐고 웃으며 말씀하셨다. 끝까지 도와주셔서 감사드린다”고 말했다. 황성빈은 “오늘 수상은 팬들께서 투표를 해주셨겠지만, 사실 감독님이 만들어 주신 것 같다”고 공을 돌렸다. 이어 “오늘 수상에 솔직하게 제 노력은 한 30% 잡으면, 감독님이 70%는 하신 것 같다”고 말했다. 퍼포먼스 상금 300만 원을 받은 황성빈은 “김태형 감독님을 위한 선물을 준비하겠다고 약속했다. /orange@osen.co.kr",https://v.daum.net/v/83KcNqu5Ws
2026.07.12 02:20,"7억원 삼성행 페덱은 '기간제 전문직 알바'… MLBTR ""미국서 마이너...",마니아타임즈,"미국 야구 전문 매체 MLBTR는 11일(한국시간) 크리스 패댁의 삼성 라이온즈행을 두고 실리와 미래를 모두 챙긴 최선의 선택이라고 평가했다. 패댁이 미국 잔류 대신 한국 무대를 선택한 가장 큰 이유는 철저한 금전적 실리 때문이라는 것이다. 전 소속팀 마이애미 말린스로부터 올해 남은 연봉 400만 달러를 그대로 보장받는 패댁은 메이저리그 타 구단과 계약할 경우 규정상 추가 수입을 올릴 수 없다. 타 구단이 지급하는 최저 연봉만큼 마이애미가 줄 돈에서 차감되기 때문이다. 반면 한국행은 메이저리그 계약과 별개로 진행되어 기존 연봉 400만 달러를 모두 챙기면서 삼성 라이온즈가 제시한 약 7억 원을 보너스로 고스란히 통장에 얹을 수 있다. 사실상 '기간제 전문직 알바'인 셈이다. 여기에 향후 커리어 반등을 위한 전략적 계산도 크게 작용했다. 미국에 잔류했다면 마이너리그 계약을 전전하며 불투명한 미래를 맞이했겠지만, 한국에서는 곧바로 외인 에이스 대접을 받으며 선발 로테이션을 소화할 수 있다. 단 몇 달간의 단기 계약이지만 KBO리그에서 건강함과 구위를 증명해 낸다면, 이를 발판 삼아 내년 시즌 아시아 무대에서의 대형 계약이나 메이저리그 화려한 복귀 등 몸값을 높여 더 좋은 직장으로 이직할 수 있는 최고의 쇼케이스 기회가 되기 때문이다. [강해영 마니아타임즈 기자/hae2023@maniareport.com] 기사제보 및 보도자료 report@maniareport.com",https://v.daum.net/v/QuAW2vhD5y
2026.07.12 01:41,"나루토·드래곤볼·IOI·GOAT·텍사스&잠실오씨, 웃음 바다 만든 올스타...",OSEN,"[OSEN=잠실, 길준영 기자] 프로야구 올스타 선수들이 유쾌한 퍼포먼스로 팬들의 웃음을 자아냈다. ‘2026 신한 SOL KBO 올스타전’이 11일 서울 잠실구장에서 개최됐다. 신구장 건설을 위해 철거가 예정된 잠실구장에서 열리는 마지막 올스타전이다. 잠실구장에서의 마지막 올스타전에서도 선수들은 올스타전을 기념하는 퍼포먼스를 잊지 않았다. 1회초 마운드에 오른 드림 올스타 선발투수 곽빈(두산)부터 영화 '와일드씽' 등장인물 최성곤 분장을 하고 등장해 '니가 좋아' 퍼포먼스를 선보였다. 강백호는 헛스윙을 할 때 타석에서 한 바퀴 도는 장면이 밈이 된 것에 착안해 발레리노 분장을 하고 타석에 나타났다. 분장을 벗고 타격에 임한 강백호는 초구부터 시원하게 스윙을 하며 다시 한 번 타석에서 한바퀴 빙글 도는 팬서비스도 잊지 않았다. 타석의 결과는 7구 승부 끝에 헛스윙 삼진이었다. 나눔 선발투수 올러는 일본 애니메이션 ‘나루토’에 나오는 악역 캐릭터 분장을 하고 등판했다. 허인서는 시애틀 매리너스 포수 홈런왕 칼 랄리 분장을 하고 타석에 들어섰다. 박재현은 손오공 분장을 하고 킥보드로 근두운을 표현했다. 문현빈은 자신의 짙은 눈썹을 오히려 모나리자로 승화시켜 팬들에게 큰 웃음을 줬다. 한국 최고의 투수 류현진은 ‘역대 최고’라는 의미의 ‘GOAT’(Greatest of all time / 염소) 분장을 한 문현빈(한화)과 함게 마운드에 올랐다. 직구 최고 구속은 121km에 머물렀지만 직구만 9구를 던져 1이닝 무실점을 기록해 이닝을 정리했다. 양의지는 전반기 프로야구를 달군 밈인 ‘자려고 누웠는데 양의지’를 표현한 분장을 했고 박준순은 반짝이 무대의상 착용 후 등장곡 '날 봐, 귀순' 코첼라 버전 퍼포먼스을 펼쳤다. 오스틴은 두 가지 퍼포먼스를 선보였다. 첫 타석에서는 오스틴의 고향인 미국 텍사스를 떠오르게 하는 '텍사스 보안관' 분장을 했고 두 번째 타석에서는 전통 의상인 한복을 착용하고, 팬들의 애정이 담긴 별명 '잠실 오씨'가 적힌 족자를 펼치는 모습을 표현했다. 미스터 올스타에 선정된 이도윤은 본인의 등장곡인 ‘손오공’에 맞춰 일본 애니메이션 ‘드래곤볼’의 주인공 손오공 분장을 하고 타석에 들어섰다. 3회 결승 1타점 적시타, 6회 2타점 적시타를 날리며 정말로 이날 경기의 주인공이 됐다. 그렇지만 이 모든 퍼포먼스를 압도하는 퍼포먼스가 었다. 2년전 ‘배달의 민족’ 퍼포먼스로 베스트 퍼포먼스 상을 받은 황성빈이 다시 한 번 올스타전을 지배했다. 올스타전이 한창인 7회말 황성빈은 강아지 분장을 하고 뼈다귀를 입에 문 채 그라운드에 깜짝 등장했다. ‘성빈’이라는 뼈다귀 이름표가 달린 하네스까지 착용했는데 순식간에 1루 베이스코치를 맡은 ‘스승’ 김태형 감독의 애완견이 됐다. 황성빈 타석이 되자 김 감독이 뼈다귀 인형을 타석 쪽으로 던졌고, 황성빈이 이를 향해 빠르게 달려가며 강렬했던 퍼포먼스가 마무리됐다. 역대급 퍼포먼스를 선보인 황성빈은 총 투표수 4만3910표 중 1만2134표(28%)를 획득, 배달원으로 변신해 큰 재미를 안겼던 2024년 올스타전 이후 2년 만에 베스트 퍼포먼스상의 주인공이 됐다. 독보적인 퍼포먼스로 올스타전 분위기를 뜨겁게 달군 황성빈은 상금 300만 원을 차지했다. /fpdlsl72556@osen.co.kr",https://v.daum.net/v/HDqzR1XSWm
2026.07.12 01:22,"‘한때 잠실 레전드’ 김현수 올스타전 왜 못 나왔나, 팬투표 1위 전설도...",OSEN,"[OSEN=잠실, 이후광 기자] 올스타 팬투표 1위 양의지(두산 베어스)도 의문이다. 한때 잠실구장의 레전드로 불렸던 김현수(KT 위즈)는 왜 잠실구장 마지막 올스타전에 초대받지 못했을까. 양의지는 11일 서울 잠실구장에서 열린 2026 신한 SOL KBO 올스타전에 베스트12 팬투표 1위 자격으로 참가했다. 드림 올스타 포수 부문 후보였던 양의지는 역대 팬투표 최다 득표인 260만5,510표를 얻으며 2위에 오른 LG 오스틴 딘을 21만2000여표 차이로 제치고 최다 득표자가 됐다. 종전 기록인 2025년 한화 이글스 김서현의 178만6,837표를 뛰어 넘었다. 양의지는 선수단 투표에서도 394표 중 187표를 챙겨 총점 50.95점으로 드림 올스타 중 가장 높은 점수를 기록했다. 2018년 올스타전 팬투표에서 최다 득표를 얻었던 양의지는 8년 만에 같은 타이틀을 챙기며 팬투표 최다 득표 2회를 달성했다. 이만수(4회·1984, 1988, 1990, 1991년), 강민호(2회·2012, 2021년)를 이어 역대 올스타 팬투표에서 최다 득표 2회 이상을 기록한 3번째 포수가 됐다. 통산 15회 올스타에 선정된 양의지는 최다 올스타 선정 공동 2위에도 이름을 올렸다. 1위 김현수(KT·16회)의 뒤를 이었고 양준혁, 강민호(이상 삼성·15회)와 어깨를 나란히 했다. 11일 현장에서 만난 양의지는 “야구가 흥행할 때 갑자기 팬투표 1위를 해서 너무 영광스럽다. 팬들에 진심으로 감사드린다는 말씀을 드리고 싶다”라며 “잠실 마지막 올스타전에 뽑혀서 더 영광이다. 작년 올스타전에 출전하지 못했는데 다시 참석할 수 있게 돼 너무나 기쁘다”라고 소감을 밝혔다. 양의지는 전반기 걸그룹 아이오아이의 노래 ‘갑자기’에서 파생된 ‘자려고 누웠는데 양의지’ 밈에 힘입어 팬들의 사랑을 독차지했다. 양의지는 “시대가 바뀌어서 자기 스스로를 많이 홍보해야 한다. 팬들이 다행히 재미있게 봐주셨다”라며 “아이오아이의 좋은 영향을 받은 덕분인데 아이오아이도 내 영향을 받지 않았나 싶다. 차트를 보니까 ‘갑자기’ 노래가 1위를 했더라. 너무 축하드리고, 아이오아이처럼 두산도 잘해서 후반기에 좋은 성적 내도록 하겠다”라고 말했다. 전날 홈런더비에서 6개를 친 소감도 들을 수 있었다. 양의지는 “앞에 오태곤 선수, 허인서 선수가 너무 잘 쳤다. 잠실에서 사실 1~2개 나오면 잘 치는 거라고 봤는데 나 또한 긴장을 하고 들어갔고, 박찬호 선수가 잘 던져준 덕분에 40대 대표로 6개나 칠 수 있었다. 만족한다”라고 밝혔다. 아쉬운 점도 있었으니 절친이자 한때 두산에서 한솥밥을 먹으며 잠실구장을 지배했던 김현수가 잠실 마지막 올스타전 출전이 불발됐다. 양의지는 “지난 번 (김)현수랑 식사 자리를 가졌는데 올스타전을 나가고 싶어했다. 그런데 안 나왔다. 그 뒤로는 연락을 하지 않았다. 김현수는 기록이 있으니까 당연히 나갈 줄 알았던 거 같은데…”라며 “나도 작년에 당연히 나갈 줄 알았는데 못 나갔다”라고 전했다. 2006년 신인드래프트에서 두산 2차 8라운드 59순위로 뽑혀 올해까지 NC 다이노스 시절을 제외하고 줄곧 잠실을 홈을 사용한 양의지. 어떤 추억이 있냐고 묻자 “1군 데뷔해서 잠실 첫 타석, 첫 포수를 봤던 기억이 난다. 2015년 잠실에서 우승한 것도 기억에 많이 남는다. 준우승도 참 많이 했다”라고 되돌아봤다. 올해를 끝으로 철거가 결정된 잠실구장. 그렇기에 올해는 잠실의 공동 주인으로서 꼭 가장 높은 곳에서 가을야구를 마무리하고 싶다. 양의지는 “작년에 우리 팀이 9위를 했다. 올해 잠실 마지막이기 때문에 후반기 분발해서 야구를 더 오래하고 싶다. 선수들 모두 한마음 한뜻으로 그 목표를 향해 달려가고 있다”라고 했다. /backlight@osen.co.kr",https://v.daum.net/v/QNyp4WvmTv
2026.07.12 01:06,"이보다 더 좋은 생일 선물 있을까…'첫 올스타전 출전, MVP까지' 한화...",엑스포츠뉴스,"(엑스포츠뉴스 잠실, 유준상 기자) 한화 이글스 포수 허인서가 미스터 올스타의 영예를 안았다. 허인서는 11일 서울 잠실야구장에서 열린 2026 신한 SOL KBO 올스타전에 나눔 올스타 8번타자 겸 포수로 선발 출전해 5타수 4안타 1타점 1득점으로 맹활약했다. 허인서는 경기 후반 진행된 기자단 투표에서 26표 중 13표(50%)를 획득하며 팀 동료 문현빈(한화·10표)을 제치고 올스타전 MVP를 수상했다. 허인서에게는 지난해 대비 1000만원 증액된 2000만원의 상금, 트로피, 바디프랜드 733 제품과 메디힐 시상품이 부상으로 주어졌다. 2회초 1사 1루에서 첫 타석을 맞은 허인서는 미국 메이저리그(MLB)의 강타자 포수 칼 랄리(시애틀 매리너스)의 스타일을 오마주한 허랄리(허인서+칼 랄리) 퍼포먼스를 공개했다. 이어 중전 안타를 때리며 MVP 경쟁에 도전장을 내밀었다. 허인서는 두 번째 타석에 이어 세 번째 타석, 네 번째 타석에서도 안타를 생산하며 MVP 수상 가능성을 높였다. 비록 다섯 번째 타석에서는 안타를 추가하지 못했으나 MVP 투표에서 가장 많은 표를 받았다. 경기 후 취재진과 만난 허인서는 ""처음 올스타에 뽑혔는데, 이렇게 바로 미스터 올스타를 받을 수 있어 기분이 너무 좋다""며 ""미스터 올스타는 머릿속에 없던 그림이었는데, 받을 수 있어 더 기분이 좋다""고 소감을 밝혔다. 이날 자신과 함께 MVP 경쟁을 펼친 문현빈을 언급하기도 했다. 허인서는 ""사실 (문)현빈이가 (8회초 3루타를) 칠 줄은 몰랐는데, '쟤는 될 놈이다' 싶었다. 현빈이가 MVP를 받겠다고 생각했는데, 많은 분들이 투표해 주셔서 받게 된 것 같다""고 전했다. 이어 ""(문)현빈이와 안타 개수가 거의 같아서 더그아웃에서도 현빈이와 계속 이야기를 나눴다. 계속 내 앞에선 '만루홈런 하나 쳐라'라고 했는데, 내가 나갔을 때 현빈이가 '못 쳤으면 좋겠다'고 했다고 하더라. 나는 안 그랬다(웃음). 내가 MVP를 못 받고 현빈이가 MVP를 받았어도 기분이 좋았을 것 같다""고 덧붙였다. 2003년 7월 11일생인 허인서는 자신의 생일에 MVP라는 뜻깊은 선물까지 받았다. 그는 ""좋은 타격감을 이어가서 후반기가 시작했을 때 더 높은 곳에 올라갈 수 있도록 노력하겠다""고 다짐했다. 다음은 허인서와의 일문일답. -MVP 수상 소감은. ▲처음 올스타에 뽑혔는데, 이렇게 바로 미스터 올스타를 받을 수 있어 기분이 너무 좋다. 미스터 올스타는 머릿속에 없던 그림이었는데, 받을 수 있어 더 기분이 좋다. -다섯 번째 타석에서 범타를 치고 아쉬워했다. ▲현빈이와 안타 개수가 거의 같아서 더그아웃에서도 현빈이와 계속 이야기를 나눴다. 계속 내 앞에선 '만루홈런 하나 쳐라'라고 했는데, 내가 나갔을 때 현빈이가 '못 쳤으면 좋겠다'고 했다고 하더라. 나는 안 그랬다(웃음). 내가 MVP를 못 받고 현빈이가 MVP를 받았어도 기분이 좋았을 것 같다. -8회초 문현빈 3루타 때 기분은. ▲사실 현빈이가 (8회초 3루타를) 칠 줄은 몰랐는데, '쟤는 될 놈이다' 싶었다. 현빈이가 MVP를 받겠다고 생각했는데, 많은 분들이 투표해 주셔서 받게 된 것 같다 -어제 홈런더비 예선 때 7개 치고 못 올라갔는데. ▲몰랐다. (동률이 됐을 때) 비거리를 따진다는 걸 몰랐다. 현빈이가 지난해 홈런더비에 나갔을 때 서든데스를 했다고 했다. 3명이 7개로 동률이어서 (서든데스를) 준비하고 있었는데, 안 나간다는 이야기를 들었다. 내 비거리가 좀 부족했던 것 같다. -오늘 생일이었다. ▲생일 선물을 받은 것처럼 (MVP를) 받아서 기분이 좋다. -최고의 생일인가. ▲그렇다. -전광판에 이름이 뜨고 나서 문현빈과 어떤 대화를 나눴나. ▲현빈이가 우수타자상을 받고 나서 '희망이 생겼다' 이런 생각이었다. (강)백호 형도 네가 받을 거라고 얘기해줬다. 이름이 불리는 그 순간 좋았다. 현빈이는 '마지막에 수비에서 실수해서 (MVP를) 못 받은 건가' 이러더라. 그래서 그런 것 같다고 얘기했다(웃음). -랄리 분장을 했는데, 그 별명에 대한 느낌은. ▲랄리 선수가 MLB에서 많이 홈런 치고 수비도 좋지 않나. 그런 별명이 과분하다. 팬분들이 좋아해주시는 것 같아서 기분이 좋다. -올해는 랄리보다 더 잘하고 있지 않나. ▲한 번 잘했다고 해서 말할 수 없다. 타격이라는 게 사이클 있어서 누가 잘하고 이런 건 딱히 없는 것 같다. -시즌 초반 팀이 안 좋았는데 한화 선수들이 올스타전에서 상도 많이 받았고 분위기가 좋다. 후반기가 기대될 것 같다. ▲현빈이 형, (이)도윤이 형, 백호 형, 나도 치는 걸 보니 타격감이 좋아보이더라. 좋은 타격감을 이어가서 후반기가 시작했을 때 더 높은 곳에 올라갈 수 있도록 노력하겠다. -상금은 어떻게 쓸 것인가. ▲부모님께 다 드릴 것이다. 주고 싶은 만큼 주라고 할 것이다. 용돈을 받고 있어서 부모님의 마음을 한 번 확인해보고 싶다. (금액은) 예상하기가 어렵다. 워낙 금액이 크다. 안마기는 집에 두고 다같이 쓸 것이다. -금액에 따라서 팀원들에게 베푸는 것도 달라지나. ▲저희가 연봉 그렇게 높지 않아서 커피라도 한 잔씩 돌리고 좋은 일을 더 많이 해야 할 것 같다. -올해 첫 1군 풀타임 시즌인데, 힘들진 않나. ▲6월 초에 힘들다는 게 많이 느껴졌는데, 많이 적응해서 그런지 지금은 괜찮아진 것 같다. -잠실구장에서의 추억이나 기억이 있나. ▲한국시리즈 엔트리에 포함됐는데, 경기에 나가지 못했지만 지난해 한국시리즈라는 분위기를 잠실에서 느낄 수 있었다. 그 추억이 있는 것 같다. -MVP를 계기로 2003년생 황금세대를 이을 수 있을 것 같은지, 또 양강구도를 이을 포수로서의 각오는. ▲나와 비슷한 나이대의 선수들을 보면 잘하는 선수가 많다. 처지지 않고 잘하려고 노력하는 것 같다. 양의지(두산 베어스), 강민호(삼성 라이온즈) 선배님이 지금까지 해온 게 많고 워낙 좋은 포수. 이어간다는 말이 아직 과분한 것 같긴 한데, 그래도 앞으로 야구를 하면서 더 노력하고 잘하려고 노력해야 할 것 같다. -무엇이 가장 부족한 것 같나. ▲송구 부분에 있어서 약하다고 해본 적이 단 한 번도 없는데 올해는 도루 저지율이 낮은 편에 속한 것 같아서 어떤 부분 때문에 그랬는지 생각하고 김정민 코치님과 같이 연구하면서 배워나가야 할 것 같다. 사진=잠실, 김한준·박지영 기자 유준상 기자 junsang98@xportsnews.com",https://v.daum.net/v/8snRPHWIG9
2026.07.12 01:05,"[KBO 올스타전] ""직구 좀 던져줘요"" 허인서-문현빈, 간절했던 미스터...",일간스포츠,"나란히 4안타. '미스터 올스타'를 향한 경쟁은 치열했다. 하지만 생일에 4안타를 친 허인서(한화 이글스)의 존재감이 더 강렬했다. 문현빈(한화)이 아쉬움 속에 생애 첫 올스타전 최우수선수(MVP) 대신 최고타자상에 만족해야 했다. 두 선수는 지난 11일 서울 잠실야구장에서 열린 2026 신한 SOL 뱅크 KBO리그 올스타전에서 나눔 올스타 선수로 선발 출전, 나란히 4안타를 때려냈다. 6번 타자·우익수로 선발 출전한 문현빈이 5타수 4안타 1타점 3득점, 8번 타자·포수로 출전한 허인서가 5타수 4안타 1타점 1득점 만점 활약을 펼쳤다. 경기 막판으로 치달을수록 미스터 올스타 경쟁은 더 치열해졌다. 이가운데 유쾌한 폭로도 이어졌다. 공교롭게도 KT 위즈의 투수 손동현은 이들 싸움의 희생양이 됐다. 앞서 생애 첫 올스타전이 어색한 손동현은 '절친' 포수 김도환(삼성 라이온즈)과 '같이 다니자'고 부탁했는데, 정작 경기에서 절친에게 뒤통수를 맞았다는 후문이다. 올스타전 후 만난 손동현은 ""절친 김도환에게 도움 많이 받았나""는 기자의 질문에 ""안 도와줬다. MVP 후보들한테 내 사인을 알려준 것 같다""라며 웃었다. 두 절친은 8회 배터리 호흡을 맞췄는데, 이때 공교롭게도 두 MVP 후보들을 상대했다. 손동현의 말에 따르면, 두 선수가 김도환에게 ""직구 던져달라""고 부탁했다는 후문. 반드시 안타를 쳐서 MVP 경쟁에서 앞서나가겠다는 두 선수의 의지가 돋보였던 장면이었다. 실제로 손동현은 문현빈에게 던진 초구 직구가 통타 당하면서 적시 3루타로 연결됐다. 다만 허인서와의 승부에선 초구 직구가 크게 빗나가면서 변화구 승부를 펼친 끝에 슬라이더로 2루수 뜬공을 끌어냈다. 사실 문현빈, 허인서 두 선수간의 MVP 경쟁은 더 노골적이었다. 허인서는 ""(문)현빈이와 안타 개수가 똑같아서 더그아웃에서 현빈이와 (MVP 관련) 이야기를 했다""면서 “나는 그런 생각을 하지 않았는데, 현빈이는 내가 타석에 나갔을 때 ‘(내가) 못 쳤으면 좋겠다’는 식으로 얘기를 했다더라""며 폭로했다. 이어 허인서는 ""현빈이가 8회 초에 3루타를 쳤을 때, MVP는 현빈이가 받겠다고 생각했다""고 고백하기도 했다. 치열했던 '미스터 올스타' 경쟁은 허인서의 승리로 끝이 났다. 허인서는 기자단 투표 26표 중 13표(50%)를 받으면서 미스터 올스타에 선정됐다. 문현빈은 10표(38.5%)에 그쳐 2위에 머물렀다. MVP 허인서에겐 2000만원의 상금과 바디프렌드의 733 안마의자가 주어졌다. 허인서는 ""막상 결과가 나오자 현빈이는 자기가 마지막에 수비 실수를 해서 못 받은 것 아니냐고 하더라""면서도 ""내가 못 받고 현빈이가 받아도 기분은 좋았을 것 같다. 나도 '현빈이가 받겠다'는 생각도 했는데 많은 분이 투표를 해줘서 감사하게 받게 됐다”라고 했다. 문현빈 역시 ""경기 중엔 경쟁한다는 생각으로 더 재밌게 경기를 했다. 허인서의 수상을 축하한다""면서 ""오늘 올스타전 계기로 같이 시즌도 마무리를 잘 했으면 좋겠다""라며 훈훈하게 경쟁을 마무리했다. 잠실=윤승재 기자 yogiyoon@edaily.co.kr",https://v.daum.net/v/8VOs6GyOEP
2026.07.12 00:59,"""브레이크 중 마무리"" 오러클린 결별결단, 다음 타깃은 미야지, '우승'...",스포츠조선,"[스포츠조선 정현석 기자]삼성 라이온즈가 큰 결단을 내렸다. 부상 대체 외국인 투수로 인연을 이어온 잭 오러클린과 결별하고, 메이저리그 통산 132경기(선발 119경기) 경력을 자랑하는 우완 투수 크리스 페덱을 영입하며 선발 마운드 강화에 나섰다. 삼성 라이온즈는 11일 새 외국인 투수 크리스 페덱과 47만 3333달러에 계약을 체결했다고 공식 발표했다. 이로써 맷 매닝의 부상 대체 선수로 입단해 17경기에서 5승 5패, 평균자책점 4.86을 기록했던 오러클린과는 결별하게 됐다. '우승'을 향한 삼성의 의지가 분명하게 읽히는 대목. 끝이 아니다. 선발을 강화한 만큼 불펜 보강에도 박차를 가하고 있다. 강력한 1선발 후보 페덱으로 선발진을 채운 삼성의 다음 과제는 아시아쿼터 투수 미야지 유라 대체 선수 찾기다. 미야지는 올 시즌 33경기에 등판해 28⅔이닝을 소화하며 1패 3홀드, 평균자책점 5.97, WHIP 1.67로 다소 아쉬운 성적을 기록중이다. 공략이 쉽지 않은 까다로운 고속 포크볼과 슬라이더를 보유하고 있지만, 직구 제구가 문제다. 언제 어느 순간, 몸에 맞는 공과 폭투가 나올지 모른다. 삼진 확률이 높지만, 폭투나 4사구를 남발할 확률 또한 높다. 삼진이 필요한 절체절명의 위기 상황에 쓰려면 위험을 감수하며 모험을 걸어야 한다. 지난달 26일 말소돼 이달 초까지 11일 간 퓨처스리그에 머물며 재조정 시간을 가졌지만 뚜렷한 개선점을 찾지 못했다. 복귀전이었던 지난 8일 LG전에서 2-5로 뒤지던 5회 2사 2루에 등판, 첫 타자 박동원에게 152㎞ 직구 헤드샷으로 단 3구 만에 퇴장 당했다. 고쳐쓰기 어렵다는 판단이 섰다면 교체가 답이 될 수 있다. 삼성 이종열 단장은 미야지의 거취에 대해 확고한 타임라인을 제시했다. 이 단장은 ""새로운 대체 선수를 찾든, 단점을 고쳐서 같이 가든, 이번 (올스타) 브레이크 기간 중에 마무리를 지으려고 한다""고 단호하게 말했다. 현재 1위 경쟁이 한창인 만큼, 더 이상 좌고우면 하며 지체할 시간이 없다는 판단. 만약 미야지와의 결별을 선택할 경우, 삼성은 아시아쿼터 시장에서 다시 한번 주사위를 던져야 한다. 시장 상황이 녹록지는 않다. 아시아쿼터 제도 자체의 한계상 1위 팀 전력에 확실한 플러스가 될 만한 특급 대체 선수를 찾기는 현실적으로 어렵다. 그럼에도 삼성은 주어진 상황 속에서 전력을 다하겠다는 각오다. 이종열 단장은 ""스카우트 팀에 '우리에게 정말 필요한 선수가 있느냐 없느냐만 집중해서 찾자'고 주문했다""면서 ""현재 일본 뿐 아니라 대만, 호주까지 두루 살펴보고 있다""고 밝혔다. 오러클린과 계약을 연장하며 번 시간을 활용해 빅네임 페덱을 데려온 것은 불가능을 가능으로 바꾼 쾌거였다. 쉽지 않은 아시아쿼터 교체 시장이지만 최선의 카드를 확보해 보겠다는 사생결단 총력전의 의지가 읽힌다. 우승이란 확고부동한 목표를 향해 움직이고 있는 삼성 라이온즈. 걸음은 멈추지 않는다. 정현석 기자 hschung@sportschosun.com",https://v.daum.net/v/KKxvOP4q0L
2026.07.12 00:58,[한번에쓱] '성빈아 이 퍼포먼스 괜찮겠나?' 역대급(?)퍼포먼스에 걱정...,스타뉴스,"[스타뉴스 | 잠실=강영조 선임기자] '감독님, 목줄 단디잡으십쇼!' 드림올스타 황성빈이 11일 잠실구장에서 열리는 '2026 SOL KBO리그 올스타전에서 김태형 감독과 올스타퍼포먼스를 하고 있다. 황성빈은 이 퍼포먼스로 경기종료후 진행된 시상식에서 베스트 퍼포먼스상을 수상했다. 2026.07.11. 살짝 선을 보이는 황성빈. '뼈 이리 주라!' 총알처럼 네발로 달려가는 황성빈 입으로 뼈를 무는 퍼포먼스까지.... 누구도 따라할 수 없는 퍼포먼스를 펼친 황성빈이다. 잠실=강영조 선임기자 cameratalks@mtstarnews.com",https://v.daum.net/v/V7R3XaLxWm
2026.07.12 00:34,"[KBO 올스타전] '굿바이 잠실' 올스타전에 뜬 마법사들, KT도 '마...",일간스포츠,"KT 위즈의 마법사들이 마지막 잠실 올스타전을 알차고 뜻깊게 보냈다. KBO 올스타전이 11일 서울 잠실야구장에서 열렸다. 이날 올스타전은 올해를 끝으로 철거되는 서울 잠실야구장에서 열린 마지막 축제였다. 10개 구단이 '마지막' 올스타전을 위해 알차게 준비했다. 이 중 허경민과 최원준, 손동현, 전용주 등 4명의 올스타를 배출한 KT도 마지막 축제를 탄탄하게 준비했다. KT 구단 관계자는 ""잠실 구장에서 열리는 마지막 '축제의 장'을 맞아 다양한 팬 서비스 마련했다""며 ""팬, 선수, 응원단 모두가 즐길 수 있는 다양한 아이템 기획했다""고 설명했다. 먼저 올스타전 퍼포먼스가 돋보였다. 나눔 올스타의 1번 타자로 나선 '타격 1위(타율 0.363)' 최원준은 '공주 콘셉트'로 타석에 들어서 팬들을 열광하게 했다. 최원준은 평소 선수단 사이에서 말이 많아 '공포의 주둥이'라 불리고 있다. 이를 줄인 '공주'에서 착안한 공주 코스프레로, 헬멧을 비롯한 각종 장비들을 분홍색으로 깔맞춤해 등장했다. 그의 정강이 보호대엔 공주를 뜻하는 '프린세스'가 적혀 있었다. 아울러 시간적 여유가 있고 시선이 몰리는 두 번째 타석 땐 아예 유럽풍 원피스를 착용하고 나와 팬들을 폭소하게 했다. 허경민에겐 뜻깊은 올스타전이었다. 딸 허서우 양의 생일에 열린 축제였기 때문이다. 이날 허경민은 딸의 생일을 축하하는 현수막을 들고, 생일 축하 음악과 함께 타석에 등장했다. 이후 딸이 보는 앞에서 올스타전 첫 적시타를 때려내며 의미를 더했다. 왼손 투수 전용주는 애니메이션 '주술회전'의 캐릭터 코스프레를 하고 마운드에 올랐고, 손동현은 응원단장 복장을 입고 응원가 율동을 한 뒤 투구했다. 두 선수는 이번 올스타전에 앞서, 10개 구단 올스타에 뽑힌 선수들의 응원가와 응원동작을 안내한 유튜브 영상을 찍어 팬들에게 큰 사랑을 받았다. 1군 올스타뿐만 아니라, 전날(10일) 열린 퓨처스(2군) 올스타에서도 마법사들은 빛났다. 박지훈은 영화 '왕과 사는 남자'에서 단종 역할을 한 박지훈 배우와 동명이인인 것에 착안, 극 중 캐릭터를 모사해 활을 쏘는 명장면을 재현했고, 김민석은 그와 닮은 연예인 '초롱이' 고규필 배우를 작년에 이어 재구현해 사랑을 받았다. 김민석은 드라마 '다 이루어질지니' 캐릭터 셰퍼드의 명장면으로, 워셔액을 마시고 비누방울을 만들어낸 모습을 재현했다. 이재원은 빠른 발이 주특기를 살린 영화 '인크레더블'의 캐릭터 '대쉬' 코스프레를 해 팬들을 열광하게 했다. 선수들 외에도 구단 관계자는 선수들의 롤모델과 각오를 명시한 '올스타전 부채'를 제작해 홍보 효과를 노렸다. 또 올스타전 당일에는 제작한 뱃지 200개를 팬들에게 선물하기도 했다. 뱃지엔 마지막 잠실 올스타전의 의미를 담아 잠실 야구장을 시각화한 모양에 올스타 출전 선수의 배번을 표기해 이를 기념했다. 경기 전후 이벤트 장소 및 팬 사인회 등에서 선수와 마스코트가 직접 팬들에게 이를 나눠주며 팬 퍼스트를 실천했다. KT 위즈의 대학생리포터인 '위즈포터'들 역시, 직접 만든 스트레스볼(말랑이) 50개와 아이 패치 700개를 올스타전 현장에서 팬에게 선물하는 뜻깊은 이벤트를 진행했다. 특히 스트레스볼은 KT 올스타전 출전 선수인 전용주, 손동현이 위즈포터와 함께 제작하며 팬들에게 드리는 선물 의미를 더했다. 잠실=윤승재 기자 yogiyoon@edaily.co.kr",https://v.daum.net/v/FpwHe6fzD7
2026.07.12 00:31,한화가 올스타전 제대로 찢었다…11안타 6타점에 허인서 MVP·문현빈 우...,서울신문,"나눔 올스타라 쓰고 한화 이글스라 읽는 경기였다. 2026 프로야구 올스타전에서 한화 선수들이 맹활약하며 잠실구장 마지막 올스타전을 화려하게 장식했다. 한화·LG 트윈스·NC 다이노스·KIA 타이거즈·키움 히어로즈 소속 선수로 구성된 나눔 올스타는 11일 서울 잠실구장에서 열린 올스타전에서 드림 올스타(SSG 랜더스·삼성 라이온즈·KT 위즈·롯데 자이언츠·두산 베어스)에 10-2로 승리했다. 나눔 올스타는 2022년부터 올해까지 5년 연속 승리를 장식했다. 올스타전 역대 최다 연승 타이 기록이다. 경기 중반까지 팽팽한 투수전 양상이던 경기는 6회초 나눔 올스타가 대거 5점을 뽑아내면서 확 기울어졌다. 2-1로 앞서던 나눔 올스타는 문현빈(한화)의 안타를 시작으로 김주원(NC), 허인서(한화)의 연속 안타로 추가점에 성공했다. 송찬의(LG)의 안타로 다시 만루가 됐고 이도윤(한화)이 2타점 적시타를 때리며 경기가 6-1로 급격히 기울었다. 박해민(LG)이 좌익수 뜬공으로 물러났지만 김도영(KIA)의 안타, 강백호(한화)의 희생플라이, 한준수(KIA)의 안타로 7-1까지 벌어지며 사실상 승부가 끝났다. 나눔 올스타는 8회초 김건희(키움), 한준수, 문현빈, 구본혁(LG)의 연속안타로 3점을 더 달아났다. 드림 올스타가 황성빈(롯데)의 적시타로 9회말 1점을 따라붙었지만 거기까지가 끝이었다. 이번 올스타전은 그야말로 한화가 지배한 경기였다. 이도윤이 3안타 3타점 1득점, 문현빈이 4안타 1타점 3득점, 허인서가 4안타 1타점 1득점을 올렸기 때문이다. 강백호는 안타 없이 1타점에 그쳤지만 전날 열린 올스타전 홈런 더비에서 우승을 차지했다. 네 선수가 도합 11안타 6타점 5득점을 합작하며 승리에 지분이 컸다. 나눔 올스타가 기록한 22안타는 올스타전 역대 한 경기 한 팀의 최다 안타 신기록인데 한화 선수들이 절반을 차지했다. 한화 투수 가운데 유일하게 출전한 류현진도 2회말 등판해 1이닝 무실점으로 깔끔하게 막아냈다. 허인서는 생애 첫 올스타전에서 기자단 투표 26표 가운데 13표를 얻어 올스타전 최우수선수(MVP)에 선정되며 상금 2000만원과 안마 의자를 부상으로 받았다. 10표를 얻어 아깝게 MVP 경쟁에서 밀린 문현빈은 대신 우수 타자상을 받았다. 생일에 큰 선물을 받은 허인서는 “미스터 올스타는 머릿속에 없었는데 이렇게 받을 수 있어서 기분이 더 좋은 것 같다”고 웃었다. 문현빈은 “우리 홈구장은 아니지만 한국 프로야구의 역사가 녹아 있는 잠실구장에서 열리는 마지막 올스타전에서 좋은 모습을 보여드렸다는 의미가 있고 우리 팀이 상을 싹쓸이해서 기분이 좋다”는 소감을 전했다. 류재민 기자",https://v.daum.net/v/52e7utZvSz
2026.07.12 00:31,“잠실에선 항상 야구 안 되는 추억밖에…” 김도영 씁쓸한 올스타전? 좌절...,마이데일리,"[마이데일리 = 잠실 김진성 기자] “잠실에선 항상 야구 안 되는 추억밖에…” 김도영(23, KIA 타이거즈)은 10일 올스타 홈런더비서 2홈런에 그친 뒤 배팅볼 투수로 한준수(27)를 택하지 않은 것에 대한 아쉬움을 털어놨다. 아울러 홈런더비와 자신은 안 맞는다면서, ‘야구를 그만둬야 하나’ 정도의 자괴감이 들었다고 했다. 김도영은 11일 올스타전 본 경기서 2안타를 쳤다. 그러나 올스타전 MVP는 4안타를 터트린 허인서(23, 한화 이글스)가 차지했다. 결과적으로 김도영은 올스타전이 열리기 직전엔 가장 많은 스포트라이트를 받았으나 빈 손으로 돌아갔다. 그래서일까. 김도영은 잠실에 대한 추억을 묻는 질문에 “항상 야구 안 되는 추억밖에 없고”라고 했다. 그러면서 “잠실에서 유니폼을 잊어버렸던 적이 있다. 유니폼을 안 가져왔다. 신인 때였나 그랬다. 관중석에 올라가서 팬들에게 유니폼을 빌려서 입었던 기억이 있다. 또 그날 잘해서 나중에 광주에서 사인을 해드렸던 기억은 있다”라고 했다. 그러나 고개 숙일 필요가 없다. 그 어떤 유명한 홈런타자도 올스타 홈런더비서 꼴찌를 하는 일은 흔히 일어난다. 매번 잘할 수도 없고, 또 대놓고 홈런을 쳐야 하는 홈런더비 우승은 그 자체로 쉽지 않은 일이다. 그리고 잠실에서 안 좋은 추억만 있는 것도 아니다. 김도영은 전날 홈런더비서 한 팬이 커스텀한 신발을 신고 나섰다. 그는 “정말 감사하게도 잘 신고 있고, 너무 센스 있고 예쁘게 잘 해줘서 감사하다”라고 했다. 구체적으로 김도영은 “중학생 남자 팬이다. 그 팬이 항상 부모님과 함께 온다. 부끄러워서 말도 못하는데, 항상 오면 응원의 한 마디에 편지를 주다. 그 편지를 보면서 ‘진짜 이런 팬이 있구나’라고 생각하면서 새삼 야구를 열심히 해야 되겠다는 생각을 한다”라고 했다. 김도영은 전반기에 잠실에서 12경기에 출전, 42타수 9안타 타율 0.214 3홈런 8타점을 기록했다. 애버리지는 낮지만 홈런은 광주(15홈런) 다음으로 많이 쳤다. 또 잠실에서 2023년 9월6일에 곽빈(두산 베어스)을 상대로 무려 발사각 38.1도, 타구속도 173.8km짜리 초대형 홈런을 터트리기도 했다. 잠실구장 외야 관중석 최상단을 직격하는 홈런이었다. 어쨌든 잠실은 LG 트윈스, 두산 베어스 소속이 아닌 선수들에겐 1년 중 가장 많은 원정경기를 치르는 구장이다. 잠실에서 좋은 기억을 잘 남기는 건 매우 중요하다. 김도영은 기억과 달리 잠실에서 좋은 기억들도 있었다. 물론 후반기에 잠실에서 더 좋은 기억을 남기면 KIA에 큰 도움이 될 것이다. KIA는 8월 7일부터 9일까지 LG를 상대로 주말 3연전을 갖는다.",https://v.daum.net/v/uEbz7F5TDp
2026.07.12 00:11,"잠실에서 데뷔한 ‘GOAT’ 류현진, 이제는 마지막 잠실 올스타 “투수들...",OSEN,"[OSEN=잠실, 길준영 기자] 프로야구 한화 이글스 류현진(39)이 잠실구장에서의 마지막 올스타전을 아쉬워했다. 류현진은 11일 서울 잠실구장에서 열린 ‘2026 신한 SOL KBO 올스타전’ 사전 인터뷰에서 “잠실구장 마지막 올스타전에 올스타에 선정돼 기쁘게 생각한다. 오늘 하루 팬분들과 즐길 수 있는 시간을 가질 수 있도록 하겠다”고 잠실구장에서 열리는 마지막 올스타전에 나서는 소감을 밝혔다. KBO리그 통산 259경기(1654⅓이닝) 125승 69패 1세이브 평균자책점 2.93을 기록한 류현진은 메이저리그까지 경험한 한국야구 간판 에이스다. 올해도 15경기(87⅔이닝) 8승 2패 평균자책점 2.67을 기록하며 성공적으로 전반기를 마무리했다. “그냥 선발투수 역할을 잘 한 것 같아서 개인적으로 만족하고 있다”고 말한 류현진은 “강판을 잘 당하지 않고 팀이 이길 수 있는 경기를 만들어주면서 선발투수가 해줄 수 있는 역할을 한 것 같다. 전반기에 그 부분이 가장 만족스럽다”고 전반기를 돌아봤다. 후반기 목표를 묻는 질문에 “개인적인 목표는 하나도 없다”고 말한 류현진은 “작년처럼 가을야구를 꼭 할 수 있으면 좋겠다. 선수들과 준비를 열심하 하겠다”고 이야기했다. KBO리그 통산 1565탈삼진을 기록중인 류현진은 메이저리그 통산 934탈삼진과 더해 한·미 통산 2499탈삼진을 기록중이다. 통산 2500탈삼진까지 단 하나만 남겨둔 상황이다. 그렇지만 류현진은 “전혀 의미가 없다”면서 “기록적인 부분은 내가 하고 싶다고 할 수 있는 것이 아니기 때문에 크게 신경쓰지 않고 있다. 그냥 내가 할 수 있는 역할만 최선을 다하겠다”고 말했다. 2006년 4월 12일 잠실구장에서 LG를 상대로 KBO리그에 데뷔했던 류현진은 잠실구장 마지막 올스타전 마운드에 올라 1이닝 무실점을 기록했다. 직구만 9구를 던져 1이닝을 막아내는 관록을 뽐냈다. 류현진은 “특별한 느낌은 없는 것 같다”면서도 “잠실구장은 워낙 투수들이 좋아하는 구장이다. 나도 그 중에 하나다”라며 웃었다. /fpdlsl72556@osen.co.kr",https://v.daum.net/v/zMQs0ZGhvI
2026.07.12 00:10,"'구자욱 발언 현실화' 역대급 호수비 '마지막 잠실 올스타전' 수놓다, ...",스타뉴스,"[스타뉴스 | 잠실=김우종 기자] 마지막 잠실구장 올스타전에서 역대급 환상적인 호수비가 나왔다. '별들의 축제' 2026 신한 SOL KBO 올스타전이 11일 서울 잠실야구장에서 펼쳐졌다. 결과는 나눔 올스타의 10-2 완승. 이번 경기를 앞두고 삼성 라이온즈 구자욱(33)의 한 발언이 난데없는 저격 논란으로 번졌다. 구자욱은 지난 9일 한 방송사와 인터뷰에서 올스타전에서 실제 경기보다 퍼포먼스에 치중하는 분위기가 아쉽다는 견해를 밝혔다. 소신 발언이었다. 이어 진행자가 정수빈의 이름을 구체적으로 꺼내며 '정수빈 선수가 너무 슬퍼할 것 같다'고 하자 ""그렇게 뽑히셨으니까, 그래도 하셔야죠""라고 답했다. 그런데 이 발언이 의도치 않게 정수빈을 향한 저격이 아니냐며 논란으로 번진 것이다. 그러자 이날 구자욱은 """"올스타전도 열심히 해보고 싶었다. (개인적으로) 흐름이 끊기니까 집중이 잘 안됐다. 물론 그냥 저 혼자만의 생각""이라면서 ""당연히 팬분들이 좋아하시는 퍼포먼스도 있겠지만, 또 다른 시각으로는 경기를 열심히 하는 걸 원하시는 팬들도 계실 것""이라 말했다. 그리고 이날 경기에서 구자욱이 바랐던 바가 그대로 현실화됐다. 5회초. 나눔 올스타의 공격. 바뀐 투수 김건우를 상대로 선두타자 김도영은 삼진으로 물러났다. 1아웃. 이어 강백호가 타석에 들어섰다. 볼카운트는 1-2. 이어 강백호가 4구째 속구를 공략했다. 타구는 2루 베이스와 2루수 사이로 굴러갔다. 이를 나눔 2루수 박준순이 달려갔고, 가까스로 글러브를 뻗어 낚아챘다. 이대로라면 역동작으로 1루 송구를 해야 할 상황. 이때 박준순의 순간 판단이 빛났다. 자신의 앞에 있던 나눔 유격수 박찬호에게 글러브 토스를 시도한 것이다. 이를 정확히 안정감 있게 잡은 박찬호. 이어 한 바퀴를 돈 뒤 1루 쪽으로 지체없이 뿌리며 아웃카운트로 연결했다. 1루심의 역동적이며 절도 있는 아웃 콜 동작은 덤이었다. 두산에서 함께 뛰고 있는 둘의 환상적인 호흡이 빛난 장면이었다. 박찬호는 아웃 콜을 보자마자 마치 축구에서 골을 터트린 것처럼 두 팔을 벌리며 달려간 뒤 박준순에게 안기는 세리머니를 펼쳤다. 마운드에 서 있던 김건우 역시 아낌없는 박수를 보냈다. 마지막 잠실야구장 올스타전을 수놓은 환상적인 호수비였다. 잠실=김우종 기자 woodybell@mtstarnews.com",https://v.daum.net/v/QdoxmcNdTy
2026.07.12 00:09,“머릿속에 없었는데”…‘데뷔 첫 올스타→4안타 폭발→미스터 올스타 선정’...,MK스포츠,"“미스터 올스타 수상은 진짜 머릿속에 없었는데, 받을 수 있어 너무 좋다.” 그야말로 최고의 하루였다. 맹타를 휘두르며 본인의 생일을 성대히 자축했다. 허인서(한화 이글스)의 이야기다. 한화를 필두로 KIA 타이거즈, LG 트윈스, NC 다이노스, 키움 히어로즈로 꾸려진 나눔 올스타는 11일 서울 잠실야구장에서 열린 2026 프로야구 KBO 올스타전에서 삼성 라이온즈, 두산 베어스, KT위즈, SSG랜더스, 롯데 자이언츠로 구성된 드림 올스타에 10-2 대승을 거뒀다. 8번타자 겸 포수로 선발 출전한 허인서의 활약이 눈부신 경기였다. 5타수 4안타 1타점을 올리며 나눔 올스타 공격을 이끌었다. 이런 공을 인정 받은 그는 미스터 올스타(MVP) 투표에서 26표 중 13표를 받아 ‘별 중의 별’로 뽑혔다. 데뷔 첫 올스타전 출전에서 일궈낸 결과라 더 값진 성과다. 경기 후 허인서는 “처음 올스타에 뽑혔는데, 바로 미스터 올스타를 받을 수 있어 기분이 좋다. 미스터 올스타는 머릿속에 없었는데, 받을 수 있어 너무 좋다”고 밝은 미소를 지었다. 이날은 또한 허인서의 생일이기도 했다. 그는 “생일날 생일 선물 받은 것 같아 더 기분이 좋다. 최고의 생일인 것 같다”고 말했다. 8회초 마지막 타석에서는 2루수 플라이에 그치자 다소 아쉬워 하는 모습을 보이기도 했다. 미스터 올스타 투표의 가장 강력한 경쟁자였던 문현빈(한화)은 마침 해당 이닝 앞서 1타점 우중월 적시 3루타를 친 상황이었다. 그래도 10표를 획득한 문현빈에 앞서며 미스터 올스타 트로피와 마주했다. 허인서는 “(문)현빈이랑 계속 안타 개수가 똑같았다. 더그아웃에서 현빈이가 말로는 하나 쳐라, 하나 쳐라 계속 하더라. 제가 아니고 현빈이가 받았어도 기분이 좋았을 것 같다”며 “사실 (문현빈이 마지막 타석에서 3루타를) 칠 줄 몰랐다. 딱 치니 진짜 될 놈이다 생각이 들었다. (문현빈이) 받겠다 싶었는데, 많은 분들 투표 덕분에 감사히 받게됐다”고 이야기했다. 이어 “현빈이가 우수 타자상 받고 나서 희망이 약간 생겼다. (강)백호 형도 받을 거라 이야기 해 줬다. 이름이 불리는 그 순간 많이 좋았다”며 “현빈이는 자기가 수비 마지막에 실수해서 못 받은 것 같다 하더라. 저도 그런 것 같다 했다”고 덧붙였다. 이날 허인서, 문현빈(5타수 4안타 1타점) 뿐 아니라 이날 이도윤(4타수 3안타 3타점)까지 대부분의 한화 선수들은 쾌조의 타격감을 뽐냈다. 허인서는 “현빈이도 그렇고 (이)도윤이 형도 그렇고 백호 형도 그렇고 저도 그렇고 타격감이 안 좋다 생각했는데, 다 좋아 보이더라. 좋은 타격감 이어가 후반기에는 좀 더 높은 곳에 올라갈 수 있게 할 것”이라고 두 눈을 반짝였다. 안마 의자기와 함께 주어진 상금 2000만 원은 일단 부모님께 드리고 용돈을 받을 생각이다. 그는 “부모님 다 드릴 것이다. 부모님께 저에게 주고 싶은 만큼 주라 할 것이다. 저도 용돈 받는 것이다. 부모님 마음을 한 번 확인해 보고 싶다(웃음). 워낙 큰 금액이라 (얼마나 주실 줄은) 잘 모르겠다”고 배시시 웃었다. 2022년 2차 2라운드 전체 11번으로 한화에 지명된 허인서는 우투우타 포수 자원이다. 지난해까지는 큰 존재감을 드러내지 못했지만, 올해 기량을 만기시키고 있다. 올 시즌 73경기에서 타율 0.292(212타수 62안타) 12홈런 45타점 OPS(출루율+장타율) 0.864를 기록, 한화의 주전 안방마님으로 자리매김했다. 전반기 막바지에는 체력 부담을 느끼기도 했으나, 현재는 괜찮다고. 허인서는 “6월 초에 좀 힘들다는 게 느껴졌다. 지금은 많이 괜찮아졌다”고 고개를 끄덕였다. [잠실(서울)=이한주 MK스포츠 기자] [ⓒ MK스포츠, 무단전재 및 재배포 금지]",https://v.daum.net/v/6lHBnMPKLA
2026.07.12 00:07,"""위치가 위치인지라 욕심 안 날 수 없지만요"" 김도영의 후반기 목표는 홈...",스포츠조선,"[스포츠조선 김용 기자] ""위치가 위치인지라, 욕심이 안 날 수는 없겠지만..."" KIA 타이거즈 김도영의 후반기 목표는 무엇일까. 김도영의 2026 시즌 전반기는 '대성공'이라고 봐야할 듯 하다. 86경기 타율 2할9푼8리 27홈런 74타점. 타율은 정점을 찍었던 2024 시즌 3할4푼7리에 비하면 낮다. 도루도 5개 뿐이다. 2014년은 40홈런-40도루 클럽 가입에 도전했다. 하지만 홈런이 27개다. LG 트윈스 오스틴과 공동 1위. 지금 기세라면 2024 시즌 38홈런은 충분히 넘어설 것으로 보인다. 스타일을 바꿨다. 4번타자로 나가는 경기가 많아지며, 확실히 장타를 치는 데 집중했다. 햄스트링 부상을 당하지 않기 위해 무리한 주루는 줄였다. 여러모로 성적은 2024 시즌이 더 좋아보이지만, 지난해 햄스트링을 3번이나 다치며 사실상 한 시즌을 날렸던 김도영임을 감안하면 아프지 않고 지금 경기력을 보여주는 것만으로도 대단한 일이다. 그래서 '대성공'이라고 평가해도 된다. 김도영의 후반기에는 많은 게 걸려있다. 일단 부상 없이 시즌을 소화해야 한다. 그리고 홈런왕 타이틀도 있다. 팀도 가을야구에 진출시켜야 한다. 가장 중요한 건 아이치-나고야 아시안게임이다. 금메달을 획득하면 야구 인생이 더욱 '탄탄대로'를 걸을 수 있다. 병역 혜택을 받을 수 있기 때문이다. 메이저리그 진출을 노리는 선수라면, 이 1년 반에서 2년의 혜택이 엄청난 차이를 가져다준다. 올스타전 축제로 쌓였던 긴장을 푼 김도영. 후반기에 대한 얘기가 나오자 ""정말 이루고 싶은 건, 아시안게임 가기 전까지 이단 다치지 않는 게 중요하다. 그리고 그 와중에 팀에 도움이 많이 왜야 한다. 많은 승수를 쌓을 수 있게 도와야 한다""고 강조했다. 김도영은 개인 과제로 ""수비는 나름 괜찮다. 수비는 이대로 유지하고, 타격은 출루를 더 신경쓰는 쪽으로 방향을 잡고 있다""고 설명했다. 이미 전반기 막판 타율도 많이 끌어올렸다. 시즌 초에는 2할 중반대 타율에 머물렀는데, 이제는 거의 3할이다. 김도영은 ""아시안게임 가기 전까지 풀타임으로 계속 뛰꼬 싶다. 사실 위치가 위치인지라 욕심이 안 날 수는 없다. 그래도 욕심 안 갖고 타석에서 내가 어떤 걸 해야 도움이 될까 조금 더 냉정하게 생각해보겠다""고 밝혔다. 홈런에 대한 얘기다. 현실적으로 아시안게임 동안 자리를 비우면, 오스틴이 더 유리할 수 있다. 하지만 가기 전까지 많이 쳐놓으면, 무조건 타이틀 획득을 하지 못할 거라 하기도 힘들다. 과연 김도영의 바람이 모두 이뤄질 수 있을까. 김용 기자 awesome@sportschosun.com",https://v.daum.net/v/ytcpM42uzJ
2026.07.12 00:04,‘생애 최고의 생일’ 허인서 첫 출전부터 미스터 올스타!…안타 신기록 쓴...,스포츠동아,"[잠실=스포츠동아 박정현 기자] 허인서(23·한화 이글스)가 ‘미스터 올스타’라는 최고의 생일 선물을 받았다. 나눔 올스타 허인서는 11일 잠실구장서 열린 드림 올스타와 ‘2026 신한 SOL KBO 올스타전’서 5타수 4안타 1타점 1득점으로 팀의 10-2 승리를 이끌었다. 기자단 투표 26표 중 13표를 얻어 미스터 올스타로 뽑혀 상금 2000만 원, 트로피, 바디프랜드 733의 주인공이 됐다. 나눔은 이날 승리로 2022시즌부터 5연승 하며 상금 3000만 원의 주인공이 됐다. 염경엽 LG 트윈스 감독은 승리 감독상과 함께 300만 원을 받는다. 우수타자상은 문현빈, 우수투수상은 류현진(이상 한화), 우수수비상은 박준순(두산 베어스)이 받았다. 베스트 퍼포먼스상에는 황성빈(롯데 자이언츠)이 뽑혔다. 4명 모두 300만 원을 받는다. 나눔은 이날 22안타를 몰아쳐 올스타전 단일 경기 팀 최다 안타(종전 19안타·2017 드림) 기록을 새롭게 쓰며 방망이의 힘을 선보였다. 그 중심에는 허인서가 있었다. 허인서는 이번 올스타전서 팬 투표 167만7179표, 선수단 투표 181표를 받아 나눔 올스타 포수로 선발출전했다. 행운이 겹쳐 생애 첫 올스타전 출전을 23번째 생일에 하게 됐다. 허인서는 2회초 1사 1루서 팬들의 생일 축하 노래를 들으며 타석에 들어섰다. 볼카운트 1B-2S서 양창섭(삼성 라이온즈)의 포심 패스트볼을 받아쳐 중전 안타로 데뷔 첫 올스타전 안타를 때려냈다. 1-1로 팽팽했던 4회초 1사 1루서는 좌전 안타로 멀티 히트를 완성했다. 달아오른 타격감은 쉽게 꺼지지 않았다. 나눔이 2-1로 리드한 6회초 무사 1·2루서는 1타점 좌전 적시타로 3-1을 만들었다. 마지막 타석인 7회초 1사 후에는 좌전 안타로 4안타를 기록했다. 올스타전 단일 경기 최다 안타(4안타) 타이기록을 썼다. 마지막 타석인 8회말 1사 1루서는 2루수 뜬공에 그쳤다. 수비서도 허인서는 활약했다. 5회말 황성빈의 3루 도루를 저지했고, 나눔 투수 10명과 배터리 호흡을 맞추며 단 2실점으로 팀 승리를 이끌었다. 허인서는 올스타전을 마친 뒤 “올스타전 첫 출전부터 미스터 올스타를 받을 수 있어 기쁘다”며 “생일 선물을 받은 것 같아 기분이 좋다. 최고의 선물”이라고 소감을 밝혔다. 잠실｜박정현 기자 pjh60800@donga.com",https://v.daum.net/v/2pYHmcNdpu
2026.07.12 00:03,네발로 기는 황성빈을 어떻게 이겨요…특별 조연 김태형→베스트 퍼포먼스 맞...,스포티비뉴스,"[스포티비뉴스=잠실, 최원영 기자] 역시 황성빈(롯데 자이언츠)이었다. 2026 신한 SOL KBO 올스타전이 11일 서울 잠실야구장에서 성황리에 막을 내렸다. 선수들은 각양각색의 퍼포먼스로 팬들에게 즐거움을 선사했다. 영예의 베스트 퍼포먼스상은 드림 올스타의 황성빈이 차지했다. 총 투표수 4만3910표 중 1만2134표를 획득했다. 득표율 28%로 기쁨을 누렸다. 상금 300만원도 거머쥐었다. 황성빈은 이날 강아지 분장을 한 채 네발로 기어다녔다. 대기 타석에서 준비할 때부터 네발로 대기했고, 김태형 롯데 감독에게 하네스 손잡이를 직접 쥐여줬다. 김 감독은 어이없어하면서도 웃음을 참지 못했다. 이내 황성빈을 컨트롤하는 데 집중했다. 황성빈의 타석 차례가 되자 김 감독은 뼈다귀 인형을 멀리 던져 황성빈을 타석으로 안내했다. 가장 먼저 문을 연 선수는 곽빈(두산 베어스)이었다. 영화 '와일드 씽'의 최성곤에서 착안해 '곽성곤'으로 마운드에 올랐다. 순백의 상의에 천사 날개를 달고 최성곤처럼 앞머리를 내렸다. 두 손으로 화살을 쏘며 노래 '니가 좋아'의 시그니처 포즈도 취했다. 강백호(한화 이글스)는 발레리노 코스튬을 입은 채 타석으로 나왔다. 스윙할 때 특유의 자세로 턴을 도는 것에서 착안했다. 오스틴 딘(LG 트윈스)은 첫 번째 타석서 고향인 미국 텍사스를 떠올리게 하는 텍사스 보안관으로 분장했다. 장난감 총을 손으로 멋지게 돌리고 카우보이 모자와 선글라스를 착용하는 등 카리스마를 뽐냈다. 두 번째 타석에선 한복을 입고 팬들의 애정이 담긴 별명 '잠실 오씨'가 적힌 족자를 펼쳐 보였다. 박재현(KIA 타이거즈)은 얼굴 전체에 갈색 털을 붙이고 수비하러 나왔다. 타석에 들어설 땐 갑옷을 입고 춤을 추기도 했다. 손오공 퍼포먼스였다. 애니메이션 마니아로 유명한 아담 올러(KIA)는 나루토를 연상케 하는 검은색 긴 자켓을 입고 바람을 가르며 마운드로 달려 나왔다. 최원준(KT 위즈)은 공주(공포의 주둥이)라는 별명에 맞게 보호대와 토시, 스파이크 등을 모두 분홍색으로 맞췄다. 특히 다리 보호대엔 '프린세스 최(Princess Choi)'를 새겼다. 이후 두 번째 타석에선 금발 가발과 공주 드레스, 공주 왕관 등을 착용한 채 등장했다. 최정(SSG 랜더스)은 모교 유신고의 별이 됐다. 유신고 유니폼 상의를 입고 머리에 별 모양 탈을 썼다. 고무줄로 별을 만들어 카메라에 보여주기도 했다. 문현빈(한화)은 얼굴 부분이 뚫린 모나리자 액자 모양의 탈을 썼다. 짙은 눈썹이 특징인 선수인데, 모나리자처럼 눈썹을 없앤 채 액자로 들어가 얼굴을 내밀며 모나리자 그 자체가 됐다. 김주원(NC 다이노스)은 우주복을 입고 고글을 쓴 채 마치 우주에 있는 듯 천천히 걸어 나왔다. 팬들이 사랑하는 별명 중 하나인 '김우주(김 우리 주원이)'를 직관적으로 표현했다. 허인서(한화)는 허랄리가 됐다. 시애틀 매리너스의 거포 포수 칼 랄리처럼 두꺼운 콧수염을 붙이고 등장했다. 류현진(한화)은 '류현진 G.O.A.T.'라고 적힌 큰 현수막과 함께 마운드에 올라왔다. 올해 올스타 최다 득표의 주인공인 양의지(두산)는 I.O.I의 '갑자기' 퍼포먼스를 펼쳤다. '자려고 누웠는데 양의지~'라는 한 소절이 유명해진 바 있다. 양의지는 머리에 헤어캡을 쓰고 나이트 가운을 입고 걸어 나왔다. 박준순(두산)은 '날 봐, 준순'이었다. 반짝이 무대의상 착용 후 등장곡 '날 봐, 귀순'에 맞춰 춤을 췄다. 전용주(KT)는 인기 애니메이션 주술회전의 캐릭터를 코스프레했다. 안우진(키움 히어로즈)은 별명 '안장군'을 살려 장군을 연상케 하는 갑옷을 착용한 채 출격했다. 정수빈(두산)은 '갸루 수빈'이 돼 파라파라 춤을 췄다. 박찬호(두산)는 유럽 전통 의상을 입고 요들송 퍼포먼스를 선보였다. 허경민(KT)은 딸 허서우 양의 생일 당일을 맞아 축하 세리머니를 펼쳤다. 야구장에 직접 관람하러 온 아내와 딸은 밝게 웃었다. 조형우(SSG)는 영화 '주토피아2'의 캐릭터 닉(여우)이 됐다. 닉처럼 초록색 셔츠를 입고 꼬리도 달았다. 현도훈(롯데)은 잠실로 금의환향했다. 2018년 두산에 육성선수로 입단했던 그는 올해 롯데 유니폼을 입고 처음으로 올스타전에 참가했다. 마침 경기장이 두산의 홈인 잠실구장이었다. 롯데 동료인 박정민, 김진욱이 손가마를 태워줬다. 이도윤(한화)은 손오공으로 변신했다. 머리에 불꽃 모양의 가발을 쓰고 손오공 옷도 제대로 갖춰 입었다. 박준현(키움)은 아버지 박석민을 연상시키는 특유의 뽀글머리 가발을 쓰고 등판했다. 세리머니 후 가발을 벗은 채 투구를 이어갔다. 김진욱(롯데)은 더그아웃에서 아이스크림 스크류바 탈을 쓰고 얼굴까지 분홍색으로 칠했다. 실제로 스크류바 아이스크림을 먹는 모습도 포착됐다. 박정민(롯데)은 역투를 펼쳐 상대 타자를 제압한 뒤 아웃카운트 댄스를 선보였다. 김건우(SSG)는 드라마 '미안하다 사랑한다'의 소지섭이 됐다. 앞서 파마머리 시절 본인을 스스로 '그지섭'이라 지칭한 바 있다. 니트 원피스를 입고 나온 정준재(SSG)가 임수정 역할을 맡아 김건우와 호흡을 맞췄다. 이후 정준재가 드라마 '꽃보다 남자'의 구준표, 김건우가 금잔디로 변신해 다시 한번 손발을 맞췄다. 김건우는 차마 고개를 들지 못했다. 전사민(NC)은 '전사'가 돼 창과 방패를 들고 머리에 투구까지 쓴 채 진지하게 마운드에 올랐다. 이승민(삼성 라이온즈)은 어린 시절 태권소년으로 돌아갔다. 도복을 입고 나와 마운드에서 송판을 격파했다. 한준수(KIA)는 캐릭터 몬치치로 잠시 변신했다. 우강훈(LG)은 영화 어벤저스의 토르가 돼 망치를 들고 등판했다. 망치로 마운드를 한 번 내려친 뒤 투구를 시작했다. 오태곤(SSG)은 오후 9시 2분 경기에 출전했다. 9시의 남자로 '곤팅포차' 사장님이 됐다. 평소 오후 9시 이후 극적인 홈런이나 끝내기 안타 등을 치며 얻은 '9시의 남자', '곤데렐라' 등의 별명에서 착안했다. 가나쿠보 유토(키움)는 금발 가발을 쓰고 화장을 진하게 해 갸루 유토를 선보였다. 손동현(KT)은 KT의 김주일 응원단장에 빙의했다. 단복을 입고 응원곡에 맞춰 제대로, 멋진 응원 동작을 뽐냈다. 김건희(키움)는 팀의 마스코트이자 본인의 닮은 꼴인 턱돌이와 함께 나와 세리머니를 진행했다. 성영탁(KIA)은 팬들이 닮았다고 불러준 캐릭터 '코코몽'으로 분장했다. <저작권자 ⓒ SPOTV NEWS. 무단전재 및 재배포 금지>",https://v.daum.net/v/VPSvcoiPSF
2026.07.12 00:03,"“감독님께 진심으로 감사” 강아지로 ‘베스트 퍼포먼스’ 황성빈, 그야말로...",스포츠서울,"[스포츠서울 | 잠실=강윤식 기자] “감독님께 진심으로 감사드린다.” 롯데 황성빈(29)이 2년 만에 다시 한번 퍼포먼스로 올스타전을 지배했다. 강아지로 변신했다. ‘사족보행’을 불사한 ‘투혼(?)’의 퍼포먼스였다. 베스트 퍼포먼스상 수상 후 황성빈은 도움을 준 김태형(59) 감독에게 감사 인사를 전했다. 황성빈은 11일 서울 잠실구장에서 열린 2026 KBO 올스타전에서 베스트 퍼포먼스상을 받았다. 본인의 등장곡에 맞춰 강아지로 분장했다. 단순히 분장을 한 걸 넘어섰다. 스스로 하네스를 차고 네 발로 걸으며 몸을 사리지 않았다. 이미 이것만으로도 대단했다. 그런데 여기서 더 나아갔다. 하네스 줄을 1루 주루코치를 보던 김태형 감독 손에 들렸다. 멋쩍은 표정을 짓던 김 감독은 황성빈이 건넨 줄을 잡았다. 잠실구장을 가득 메운 관중들이 일순간에 ‘빵’ 터졌다. 사실상 베스트 퍼포먼스상을 예약하는 순간이다. 황성빈은 지난 2024년 올스타전 때도 베스트 퍼포먼스상을 받았다. 본인의 별명에 맞춰 배달 기사로 분했다. 그야말로 뜨거운 환호를 낳았다. 그리고 2년 후 그에 못지않은 또 한 번의 ‘결정적인 순간(?)’을 연출했다. 경기 후 황성빈은 “퍼포먼스를 도와주신 감독님께 진심으로 감사드린다. 감독님이 도와주시지 않았으면, 받을 수 없었을 것이다. 2024년에 이어 올해 2번째 출전하면서 퍼포먼스 준비에 큰 부담감이 있었다”고 인사를 전했다. 준비 과정이 쉽지는 않았다. 팀 성적을 올리는 시점이었기 때문이다. 그래도 아이디어가 떠올랐고, 그대로 밀어붙였다. 황성빈은 “팀 성적을 끌어올리는 것이 중요한 시점이어서 준비 과정에 집중하기 쉽지 않았다”면서 “등장곡과 맞춰 감독님의 강아지가 돼야겠다고 생각했다”고 돌아봤다. 축제를 제대로 즐겼다. 팬들을 만족시켰다는 점에서 기쁘다. 이제 후반기를 위한 재정비에 들어간다. 푹 쉬고 야구 잘하는 모습을 보여줄 계획이다. 황성빈은 “2024년에 이어 올해도 팬 분들이 좋아해 주셔서 다행이라는 생각밖에 안 든다. 오늘은 편하게 쉴 수 있을 것 같다. 다시 야구에 집중해서 후반기 좋은 모습 보여드릴 수 있게 하겠다”고 힘줘 말했다. skywalker@sportsseoul.com",https://v.daum.net/v/KRRjQVKpSh
2026.07.12 00:03,마지막 잠실 올스타전 MVP 허인서 “현빈이 3루타 나오는 순간 못 받을...,세계일보,"[잠실=남정훈 기자] “처음 올스타에 뽑힌 것도 영광인데, 미스터 올스타라니...” 한국 프로야구 역사와 함께 해온 잠실구장에서 마지막으로 열린 올스타전의 주인공은 한화의 안방마님 ‘허랄리’ 허인서였다. 마침 7월 11일은 허인서의 23번째 생일. 생애 최고의 생일을 보낸 허인서였다. 허인서는 11일 서울 잠실구장에서 열린 2026 KBO 올스타전 나눔 올스타(LG, 한화, KIA, NC, 키움)의 8번 타자 포수로 선발 출장해 5타수 4안타 1타점 1득점의 맹타를 휘두르고 9회말까지 포수 마스크를 쓰면서 공수 걸쳐 맹활약하며 나눔 올스타가 드림 올스타(SSG, 삼성, kt, 롯데, 두산)를 10-2로 대파하는 데 일등공신이 됐다. 기자단 투표 결과 허인서는 총 26표 중 절반에 해당하는 13표를 휩쓸며 생애 첫 출전한 올스타전에서 MVP를 수상하는 영광을 안았다. 허인서의 팀 동료인 문현빈도 8회 3루타 포함 5타수 4안타 1타점 3득점으로 허인서를 능가하는 맹타를 휘둘렀으나 기자단의 표심은 26표 중 10표에 그쳤다. 허인서는 2000만원의 상금과 바디프렌드의 안마 의자를 부상으로 받았다. 올해로 프로 5년차인 허인서의 연봉은 3600만원. 올해 처음으로 풀타임 시즌을 보내고 있는 허인서는 연봉의 절반이 넘는 금액을 올스타전 MVP 수상으로 버는 기쁨을 누리게 됐다. 시상식 후 인터뷰실에 들어선 허인서는 “미스터 올스타는 진짜 제 머릿 속에는 없는 그림이었는데, 이렇게 받을 수 있어 더욱 기분이 좋습니다”라면서 “오늘이 제 생애 최고의 생일인 것 같습니다”라고 소감을 밝혔다. 이날 허인서는 첫 네 타석에서 모두 안타를 몰아쳤다. 그리고 8회까지 4타수 3안타로 MVP 경쟁을 펼치던 팀 동료인 문현빈이 3루타를 쳤고, 이어진 타석에서 허인서는 범타로 물러나며 머리를 쥐어뜯었다. 허인서 스스로도 MVP는 물 건너갔다고 생각한 듯한 행동이었다. 이에 대해 묻자 “현빈이랑 계속 안타 개수가 비슷하게 가서 더그아웃에서도 MVP에 대해 얘기를 나누고 있었다. 현빈이는 제가 타석에 나가면 ‘안타 못 쳤으면 좋겠다’라고 얘기했다고 하더라고요. 그런데 현빈이가 8회에 3루타를 치면서 ‘아, 진짜 쟤는 될 놈이다...현빈이가 받겠구나’ 싶었는데, 많은 기자분들께서 투표를 해주셔서 받을 수 있게 돼 기쁘다. 제가 못 받고 현빈이가 받았어도 제가 받은 것만큼은 아니지만 기분을 좋았을 것 같다”라고 설명했다. 이어 “시상식 때 우수타자상을 현빈이가 받길래 ‘어? 받을 수 있겠는데?’라는 기대감이 들었다. 현빈이는 9회에 수비 실수를 해서 못 받은건가라고 생각하고 있는 것 같더라고요”라며 뒷얘기를 들려줬다. 이날 허인서는 지난해 메이저리그에서 포수 최초로 60홈런을 때려낸 칼 랄리를 분장하고 등장했다. 한화 팬들이 허인서를 ‘허랄리’라고 부르는 데서 착안한 분장이었다. 허인서는 “메이저리그에서 홈런도 많이 치고, 수비도 좋은 포수라서 과분하긴 한데, 팬분들이 좋아해주셔서 저도 기분이 좋다”라고 설명했다. 랄리는 올 시즌 타율 0.165 9홈런으로 최악의 부진에 시달리고 있다. 허인서는 타율 9.292에 12홈런을 기록 중이다. ‘올해는 랄리보다 허인서가 더 낫지 않느냐’라고 묻자 “타격은 사이클이라는 게 있는 거니까...누가 더 잘하고는 딱히 없는 것 같다”라고 웃었다. 상금은 어떻게 쓸 계획일까. 허인서는 “우선 부모님께 2000만원을 다 드리고, 부모님께서 제게 주고싶은 만큼 달라고 할 생각”이라면서 “이번에 부모님의 마음을 한 번 확인해보고 싶다”라고 답했다. ‘얼마나 예상하느냐’라고 묻자 “예상하기 힘들다. 제가 연봉이 높은 선수가 아니라서 얼마를 받더라도 커피 정도 쏠 수 있을 것 같다”라고 덧붙였다. 잠실=남정훈 기자 che@segye.com",https://v.daum.net/v/PPKjQVKpNg
2026.07.12 00:02,"'강아지 변신→2년 만에 베스트 퍼포먼스상' 마황이 또 해냈다! ""김태형...",엑스포츠뉴스,"(엑스포츠뉴스 잠실, 양정웅 기자) 자신과의 싸움에서는 이기지 못했지만, 역시 황성빈(롯데 자이언츠)의 클래스는 달랐다. 올해도 올스타전에서 모두를 웃게 만든 황성빈이 2년 만에 베스트 퍼포먼스상의 영광을 안았다. 황성빈은 11일 서울 잠실야구장에서 열린 2026 신한 SOL KBO 올스타전에서 드림 올스타가 1-2로 뒤지던 5회말, 구자욱(삼성 라이온즈)의 대주자로 출격했다. 경기에 나오자마자 황성빈은 허경민(KT 위즈) 타석에서 2루 도루를 시도해 성공했다. 다만 다음 볼에 바로 3루를 훔치려 했으나 포수 허인서(한화 이글스)의 송구에 걸려 태그아웃됐다. 이후 황성빈은 타석에 들어서기 전 본격적으로 시동을 걸었다. 그는 강아지 분장을 한 후 7회말 시작과 함께 1루 쪽 불펜에서 나왔다. 이어 1루 파울 라인 쪽에 서 있었던 김태형 롯데 감독에게 다가갔다. 김 감독은 강아지 주인처럼 하네스를 끌고 걷는 모습을 연출했다. 이어 김 감독은 황성빈의 앞에 뼈다귀 인형을 던지며 목줄을 풀어줬고, 그는 달려가서 입에 물면서 팬들의 웃음을 자아냈다. 노력은 결과로 드러났다. 황성빈은 베스트 퍼포먼스상 팬 투표에서 총 4만 3910표 중 1만 2134표(28%)를 획득하며 수상의 영광을 안았다. 황성빈은 이번이 2번째 올스타 선정이자, 2번째 베스트 퍼포먼스상 수상이다. 지난 2024년 올스타전에서 기예르모 에레디아(SSG 랜더스)의 부상으로 인해 대체 선수로 뽑혔는데, 당시 그는 배달 스쿠터와 복장을 입고 나와 안타를 친 후 '배달 완료'라는 종이를 들고 나와 화제가 됐다. 현장에서 실시간으로 진행된 팬 투표에서 황성빈은 당시 무려 9만7447표를 획득했다. 득표율 51%로 영예의 베스트 퍼포먼스상을 손에 넣었다. 경기 후 취재진과 만난 황성빈은 ""(올스타전에) 나가는 게 확정이 되고 나서 팬분들의 기대치가 너무 높아서 부담을 너무 많이 느꼈다""며 ""어떻게 해야 팬분들께서 좋아하실까 하다가, 이렇게 아이디어를 내게 됐다""고 밝혔다. ""원래는 다른 것도 좀 준비했었는데 워낙 바빠서 (준비)할 수 있던 시간이 없었다""고 한 황성빈은 ""그래도 크게는 (김태형) 감독님이랑 한번 해보고 싶었다""고 했다. 이어 ""개를 산책시키는 데 있어서 주인이 필요하지 않나. 감독님이 내 주인이기 때문에 그런 의미로 담아서 한번 준비해 봤다""고 말했다. 김태형 감독에게 미리 얘기하지는 않았다는 황성빈은 ""감독님께 도와달라고 얘기했을 때 그래도 감독님이 도와주셔서 너무 감사드린다""고 했다. 그는 ""너무 힘들고, 일단 이 퍼포먼스를 끝냈다는 거에 대해 오늘은 좀 편하게 잘 수 있을 것 같다""고 언급했다. ""사실 이 상은 감독님이 주신 것 같다""고 말한 황성빈은 ""(선물을) 해드려야 할 것 같다""며 ""나중에 감독님을 통해 확인해보시면 될 것 같다""며 여지를 남겼다. 그는 ""내 노력을 30%로 잡으면, 감독님이 70% 정도 한 것 같다""고 얘기했다. 앞서 황성빈은 경기 전 ""(퍼포먼스를) 준비하긴 했는데 너무 부담스럽다""며 ""과거의 나 자신이 이뤄놓은 업적이 너무 크다""며 농담을 던졌다. 이어 ""다른 선수들보다 더 잘한다기보다 과거의 자신에게 도전할 수 있을 정도를 노리려고 한다""고 말했다. 비록 자신이 2년 전 했던 퍼포먼스의 인기를 넘진 못했어도, 팬들은 황성빈에게 많은 지지를 보내며 다시 한번 상을 줬다. 사진=잠실, 김한준·박지영 기자 양정웅 기자 orionbear@xportsnews.com",https://v.daum.net/v/X6VUyCsA5Y
2026.07.12 00:01,'44년 만의 우승 도전' vs '최다 우승 도전' 청룡기 결승전에서 역...,스포티비뉴스,"[스포티비뉴스=신원철 기자] 제81회 청룡기 전국고교야구선수권대회가 결승전만 남겨두고 있다. 송진우를 앞세운 1982년 황금사자기 우승 이후 43년 동안 전국대회 정상에 오른 적이 없는 세광고와, 이번 대회에서 우승하면 청룡기 최다 우승 타이기록을 세우는 경북고가 맞붙는다. 세광고와 경북고는 12일 오전 10시 서울 목동야구장에서 청룡기 결승전을 치른다. 10일 끝난 준결승전에서는 세광고가 배명고를 10-2로, 경북고가 마산용마고를 17-6으로 각각 완파하고 결승에 올라왔다. 준결승전이 9일에서 10일로 하루 밀리면서(세광-배명은 9일 개시 후 서스펜디드게임) 결승전 또한 11일 아닌 12일에 열리게 됐다. 경북고와 세광고의 가장 마지막 맞대결은 현재 3학년 선수들이 1학년이던 지난 2024년 봉황대기 32강전이었다. 경북고가 정희찬의 멀티히트 2타점과 박경도(6이닝) 김병준(3이닝)의 무실점 호투에 힘입어 3-0으로 이겼다. 이번 청룡기에서는 두 팀 모두 뛰어난 공격력과 안정적인 마운드로 결승까지 진출했다. 세광고는 4경기에서 43득점 9실점(8자책점), 경북고는 5경기에서 44득점 21실점(11자책점)을 기록했다. 세광고는 1982년 황금사자기 우승 이후 전국대회 정상에 오르지 못했다. 1983년 대통령배 준우승, 2020년 협회장기(현 이마트배) 준우승, 2023년 봉황대기 준우승이 최고 성적. 하지만 최근 프로 진출 선수들의 면면이 화려하다. NC 주전 포수 김형준, SSG 마무리 조병현, 한화 영건 박준영, LG 유틸리티맨 이영빈 등이 세광고 출신이다. 경북고는 청룡기에서만 8번 우승한 명문 구단으로, 이번에 우승하면 경남고와 함께 이 대회 최다 우승팀이 될 수 있다. 이마트배를 포함한 5대 전국대회 우승만 22번인데 이 가운데 청룡기에서 가장 강했다. 최근의 전국대회 우승 또한 2023년 청룡기였다. 전미르(롯데)와 박관우(LG)가 투타를 이끌었다. 이번 결승전에서는 강타선과 강타선의 맞대결이면서 '2학년 4번타자'의 자존심 싸움이 기대된다. 세광고 2학년 외야수 이홍석, 경북고 2학년 포수 엄태욱이 타선을 이끈다. 청룡기에서 이홍석은 14타수 7안타(1홈런) 5할 타율을, 엄태욱은 타율 0.364와 2홈런 11타점을 기록하고 있다. 마운드에서는 세광고가 등판 제한에 걸린 투수 없이 전원이 출전을 준비한다. 경북고는 전주고와 준결승전에서 6이닝 102구를 던진 강연우가 의무휴식일에 걸려 등판하지 못한다. 이 경기는 SPOTV와 SPOTV Now에서 볼 수 있다. <저작권자 ⓒ SPOTV NEWS. 무단전재 및 재배포 금지>",https://v.daum.net/v/0KC0IDcnl9
