2026.07.13 23:16,월드컵 4경기 뛰고 바다달팽이 이름이 된 골키퍼,한국경제,"2026 FIFA 북중미 월드컵에서 강팀을 상대로 눈부신 선방쇼를 펼치며 전 세계 축구팬에게 눈도장을 찍은 카보베르데의 골키퍼 보지냐(40·조지마르 주제 에보라 디아스)가 신종 생물에 이름을 남기게 됐다. 11일(현지시각) 영국 BBC 등은 스페인 생물학자 헤수스 오르테아 교수가 자신이 카리브해에서 발견한 새로운 바다달팽이의 종명을 '알디사 보지냐'(Aldisa vozinha)로 정했다고 전했다. 보도에 따르면 올해 75세로 스페인 오비에도 대학교 명예교수인 오르테아 교수는 유명한 축구광이다. 그는 보지냐의 이름을 달팽이 종명으로 선택한 이유에 대해 ""카보베르데가 스페인을 상대로 월드컵 데뷔전을 치를 때 보지냐가 한 빼어난 역할을 기리고 싶었다""고 밝혔다. 축구광인 오르테아 교수는 과거 카보베르데 제도 주변 해역에서도 광범위한 연구를 해 2023년 카보베르데 정부로부터 공로 훈장을 받은 인연이 있다. 오르테아 교수는 과거에도 코스타리카 국가대표로 2014 브라질 월드컵에서 코스타리카를 8강으로 이끈 이변의 주인공인 골키퍼 케일러 나바스와 1970∼80년대 스페인 대표팀 및 바르셀로나, 스포르팅 히혼의 공격수였던 키니의 이름을 따 해양 생물의 이름을 지은 적이 있다. 보지냐가 이끈 카보베르데 대표팀은 이번 북중미 월드컵에서 가장 인상적인 이변을 일으킨 주인공이다. 카보베르데는 이번 월드컵에서 우승 후보 스페인, 남미의 강호 우루과이, 사우디아라비아와 무승부를 거두며 사상 첫 월드컵 출전에 32강 진출을 달성했다. 이어 리오넬 메시가 이끄는 아르헨티나와도 연장까지 가는 초접전 끝에 2 대 3으로 석패하며 전 세계 축구 팬에게 강한 인상을 남겼다. 올해 40세인 보지냐는 이번 월드컵 4경기에서 눈부신 선방을 펼치며 화제가 됐고, 월드컵 전 5만 명 정도이던 인스타그램 팔로어 수가 현재 2800만 명을 넘어설 정도로 큰 관심을 받고 있다. 장지민 한경닷컴 객원기자 newsinfo@hankyung.com",https://v.daum.net/v/ZtMVxYTsSl
2026.07.13 23:15,후반기 첫 승부부터 리턴매치…개막전 맞수들과 다시 만난다,포모스,"짧은 올스타 휴식기를 마친 KBO리그가 후반기 레이스에 돌입한다. 흥미롭게도 10개 구단은 시즌 개막전에서 만났던 상대와 다시 맞붙으며 남은 순위 경쟁의 첫발을 내딛는다. 16일부터 시작되는 후반기 첫 일정은 모두 4연전으로 펼쳐진다. 잠실에서는 kt 위즈와 LG 트윈스가 맞붙고, 인천에서는 KIA 타이거즈와 SSG 랜더스가 격돌한다. 대전에서는 키움 히어로즈와 한화 이글스, 대구에서는 롯데 자이언츠와 삼성 라이온즈, 창원에서는 두산 베어스와 NC 다이노스가 승부를 벌인다. 시즌 개막 당시에는 kt와 SSG, 한화, 롯데가 나란히 2연전을 모두 가져갔고, 두산과 NC는 1승씩 나눠 가졌다. 이후 각 팀은 절반이 넘는 일정을 소화한 뒤 다시 같은 상대를 만나 후반기 첫 시리즈를 치르게 됐다. 가장 관심을 끄는 대결은 2위 LG와 3위 kt의 맞대결이다. 시즌 상대 전적에서는 kt가 5승 3패로 앞서 있으며, 이번 4연전 결과에 따라 두 팀의 격차가 크게 달라질 수 있다. 4위 KIA도 중요한 일정을 앞두고 있다. 개막전에서는 SSG에 밀렸지만 이후 맞대결에서 5승 1무로 압도적인 우위를 보였다. 선두권 추격과 중위권 추격을 동시에 신경 써야 하는 만큼 후반기 첫 시리즈가 순위 경쟁의 분수령이 될 전망이다. 전반기를 1위로 마친 삼성과 롯데의 대결도 빼놓을 수 없다. 삼성은 전반기 막판 LG와의 3연전을 위닝시리즈로 마무리하며 선두 자리를 차지했고, 롯데 역시 꾸준히 상위권 경쟁을 이어왔다. 두 팀 모두 후반기 첫 시리즈에서 기선 제압을 노린다. 새 외국인 선수들의 데뷔 여부도 관심사다. 삼성은 메이저리그 통산 32승을 거둔 크리스 페덱을 영입하며 선발진을 강화했다. SSG는 우완 투수 페드로 아빌라를 앞세워 선발진 재정비에 나서고, 두산은 스위치히터 유니오르 세베리노를 통해 공격력 강화를 기대하고 있다. 기록 달성도 후반기 초반 관전 포인트다. 한화 류현진은 탈삼진 1개만 추가하면 한국과 미국 무대를 합쳐 통산 2,500탈삼진이라는 새 역사를 쓰게 된다. 삼성 최형우는 통산 2,700안타까지 19개, SSG 최정은 개인 통산 550홈런까지 13개를 남겨두고 있다. 후반기 첫 4연전은 단순한 재시작 이상의 의미를 갖는다. 순위 경쟁의 흐름을 좌우할 수 있는 맞대결인 만큼 각 팀은 개막전의 기억을 뒤로하고 새로운 출발에 나선다. 사진 = 연합뉴스 최대영 rokmc117@fomos.co.kr",https://v.daum.net/v/HiySHie4ns
2026.07.13 23:14,배재고 야구부 불송치 전망…광주일고 “처벌 원하지 않는다”,포모스,"5·18 민주화운동을 조롱하는 응원 구호로 논란을 일으킨 배재고 야구부원들이 형사 처벌을 피할 것으로 보인다. 피해 당사자인 광주제일고 측이 처벌을 원하지 않는다는 뜻을 밝히면서 경찰은 사건을 검찰에 넘기지 않는 방향으로 정리할 전망이다. 서울경찰청은 13일 배재고 야구부원들의 모욕 혐의와 관련해 광주일고 측이 처벌 불원 의사를 전달했다고 밝혔다. 사건을 제기한 당사자도 진정 취소장을 제출하겠다는 뜻을 밝힌 것으로 전해졌다. 모욕죄는 피해자의 고소가 있어야 처벌할 수 있는 친고죄다. 따라서 광주일고 측의 진정 취소가 공식적으로 접수되면 경찰은 공소권이 없다고 판단해 불송치 처분할 가능성이 크다. 논란은 지난달 29일 서울 목동구장에서 열린 고교야구 경기에서 시작됐다. 배재고 일부 선수들이 광주일고 더그아웃을 향해 5·18 민주화운동을 떠올리게 하는 부적절한 구호를 외쳤고, 이후 지역 비하와 역사 인식 부족을 지적하는 비판이 거세게 일었다. 배재고 선수단과 학교 관계자들은 이후 광주를 찾아 광주일고와 시민들에게 공식 사과했다. 선수들은 잘못된 행동을 깊이 반성하고 있다며 다시는 같은 일이 발생하지 않도록 하겠다는 뜻을 밝혔다. 광주일고 측도 사과를 받아들이고 화해와 교육적 회복의 필요성을 강조했다. 이번 처벌 불원 결정 역시 학생들이 잘못을 인정하고 반성할 기회를 줘야 한다는 판단이 반영된 것으로 풀이된다. 형사 절차는 마무리 수순에 들어갔지만 학교와 체육단체 차원의 징계 문제는 별개로 남아 있다. 배재고 야구부는 이미 대한야구소프트볼협회로부터 출전 정지 처분을 받았고, 학교 측은 징계 감경을 위한 재심과 법적 절차를 진행하고 있다. 이번 사건은 형사 처벌 여부를 넘어 학생 선수들에게 역사 인식과 상대 존중, 스포츠맨십을 어떻게 가르칠 것인지라는 과제를 남겼다. 사과와 화해가 이뤄진 만큼 앞으로는 비슷한 일이 반복되지 않도록 교육 현장의 실질적인 변화가 뒤따라야 한다. 사진 = 연합뉴스 최대영 rokmc117@fomos.co.kr",https://v.daum.net/v/bhv3qrEoR5
2026.07.13 22:25,"‘44년 추억’ 잠실의 마지막 밤, 새로운 별이 떴다!",KBS,"[앵커] 전반기 결산에 이어 이번엔 잠실에서의 마지막 올스타전도 복기해보겠습니다. 허인서와 박준순 등 젊은 별들이 활짝 웃은 가운데 잠실구장은 시즌 뒤 철거됩니다. 하무림 기자입니다. [리포트] 김태형 감독의 반려견으로 분장한 황성빈이 그라운드를 누비자, 잠실구장이 웃음바다가 됩니다. 44년의 추억을 품은 잠실에서 열린 마지막 올스타전, 참신한 아이디어가 돋보인 스타들은 팬들을 위해 기꺼이 망가지며 웃음을 선사했고, 축제의 끝에는 한국 야구를 이끌 새로운 별이 탄생했습니다. 그 주인공은 메이저리그 최초 60홈런 포수 칼 랄리로 변신한 허인서, 스물세 번째 생일, 첫 올스타 무대에서 4안타를 터뜨리며 랄리 못지않은 불방망이를 휘둘렀습니다. 여기에 포수로 강력한 어깨를 뽐내며 도루왕 황성빈을 아웃시켜 최우수 선수의 영예를 안았습니다. [허인서/한화 : ""처음 올스타 나와서 바로 미스터 올스타 될 줄은 솔직히 생각도 못 했고, 후반기에 들어가서 팀에 좋은 보탬이 될 수 있도록 더 많이 노력하겠습니다.""] 두산의 떠오르는 스타 박준순은 강백호의 타구를 박찬호에 토스하는 창의적인 호수비를 선보였습니다. 특히 역사의 뒤안길로 사라질 날을 앞둔 잠실구장의 마지막 올스타전이었던 만큼, 잠실구장 이후의 시대를 빛낼 재능으로 박준순이란 이름 석 자를 각인시켰습니다. KBS 뉴스 하무림입니다. 영상편집:이태희 ■ 제보하기 ▷ 전화 : 02-781-1234, 4444 ▷ 이메일 : kbs1234@kbs.co.kr ▷ 카카오톡 : 'KBS제보' 검색, 채널 추가 ▷ 유튜브, 네이버에서도 KBS뉴스를 구독해주세요! 하무림 기자 (hagosu@kbs.co.kr)",https://v.daum.net/v/XbZDju0HSz
2026.07.13 22:24,"삼성, 우승청부사 ‘카우보이’ 영입, 롯데도 대반격 시동",KBS,"[앵커] 안녕하십니까, 월요일 밤 스포츠 뉴스입니다. 프로야구 전반기 결산 및 후반기 전망부터 해보겠습니다. 전반기 1위를 차지한 삼성이 우승 청부사인 카우보이 투수 페덱을 전격 영입하며 승부수를 띄웠습니다. 문영규 기자의 보도입니다. [리포트] 언제나 카우보이모자를 쓰고 출근하는 것으로 유명하지만 목동이 아니라 빅리그 통산 32승 투수 크리스 페덱입니다. 삼성이 우승 청부사로 전격 영입했는데, 입단 때도 카우보이모자와 함께했습니다. [크리스 페덱/삼성 : ""보시다시피 저는 텍사스 출신이라 별명은 보안관입니다. 삼성의 우승에 작은 힘이나마 보태고 싶습니다.""] 1, 2위 승률 차이가 단 2리에 불과한 상황에서 삼성은 새 외국인 투수란 승부수를 띄웠습니다. LG도 외국인 불펜 투수를 과감하게 영입했는데, 리오스의 활약이 기대에 미치지 못해 후반기 반전이 절실합니다. 순위 싸움이 뜨거웠던 것은 선두권만이 아닙니다. 중위권 다툼도 치열했는데 5위와 8위도 5경기 차 밖에 나지 않는 등 아직 어느 팀이 가을야구에 진출할지 예측하기 힘든 상황입니다. 특히, 월드컵 개막 전 야구장을 축구장으로 착각한 듯 공을 발로 차는 어이없는 실수를 남발하던 롯데가 최근 다른 팀이 됐습니다. 김태형 감독 특유의 선수단 장악력과 세밀한 전술 지시에 힘입어 월드컵 기간 약 6할 5푼의 승률을 거뒀고, 선발진도 탄탄해 후반기 대반격이 기대됩니다. [황성빈/롯데 : ""저는 할 수 있다고 생각하거든요. 어느 누가 저희가 하위권에 있는데 올라갈 수 있냐고 비웃어도 저는 그런 거 신경 안 쓰고요.""] KBS 뉴스 문영규입니다. 영상편집:하동우/보도그래픽:김지혜 ■ 제보하기 ▷ 전화 : 02-781-1234, 4444 ▷ 이메일 : kbs1234@kbs.co.kr ▷ 카카오톡 : 'KBS제보' 검색, 채널 추가 ▷ 유튜브, 네이버에서도 KBS뉴스를 구독해주세요! 문영규 기자 (youngq@kbs.co.kr)",https://v.daum.net/v/1OgUtaLxTE
2026.07.13 22:00,NC 후반기 반등 조건은 ‘지키는 야구’ [NC 미리보기],경남도민일보,"NC의 후반기 반등 조건은 '지키는 야구'다. 순위 경쟁의 성패는 불펜 안정과 새 외국인 타자 블레인 크림의 연착륙에 달렸다. NC는 16일부터 두산 베어스와 4연전을 치르며 후반기 순위 경쟁에 뛰어든다. 전반기 성적은 39승 2무 42패로 7위다. 승률 5할까지 3승이 부족하다. 중위권으로 도약하려면 후반기 초반부터 승수를 쌓아야 한다. 두산과 치르는 4연전에서 우위를 점해야 순위 경쟁에도 여유가 생긴다. NC가 후반기에 가장 먼저 해결해야 할 문제는 '불펜'이다. 9일 열린 한화전에서도 약점이 드러났다. NC는 0-4로 뒤지다가 김형준과 박민우의 2점 홈런으로 4-4 동점을 만들었다. 그러나 8회 2점을 내주면서 4-6으로 졌다. 타선이 어렵게 승부를 원점으로 돌렸지만 마운드가 흐름을 이어가지 못했다. 이달 들어 NC 마운드는 6경기에서 평균자책점 4.58을 기록했다. 4승 2패를 거뒀지만 53이닝 동안 볼넷 23개와 폭투 5개를 허용했다. 이닝당 1.43명꼴로 주자를 내보냈다. 홈런은 3개만 내줬지만 안타와 볼넷으로 위기를 반복했다. 위기를 단번에 끊어내는 힘도 부족했다. NC 투수진은 병살타가 가능한 상황 41차례에서 병살을 3개만 유도했다. 병살 유도율은 7.3%로 10개 구단 가운데 7위다. 땅볼 48개보다 뜬공이 58개로 많았던 점도 아쉽다. 주자를 내보낸 뒤 병살로 위기를 끝내기보다 삼진이나 외야 뜬공으로 아웃카운트를 쌓아야 했다. 후반기에는 불펜 투수들의 역할을 분명하게 나눌 필요가 있다. 주자가 있는 위기에서 등판할 투수와 7·8회를 책임질 필승조, 마지막 이닝을 맡을 마무리가 안정적으로 이어져야 한다. 타선이 점수를 내더라도 불펜이 지키지 못하면 중위권 추격은 쉽지 않다. 한두 경기로 순위가 갈릴 수 있는 후반기에는 작은 실수 하나도 치명적이다. 5선발 체제를 안정시키는 것도 과제다. 상위 선발과 5선발의 기량 차가 크면 특정 순번에서 불펜 투입 시점이 빨라질 수 있다. 선발 한 자리가 일찍 흔들리면 불펜이 경기 초반부터 긴 이닝을 책임져야 하고, 부담은 다음 경기까지 이어진다. 5선발이 최소한 경기 중반까지 버텨줘야 필승조를 아끼면서 한 주간 마운드를 안정적으로 운영할 수 있다. 이재학의 복귀가 주목받는 이유이기도 하다. 이재학이 5선발 자리를 맡아 꾸준히 이닝을 소화한다면 상위 선발과 5선발의 기량 차를 줄이고 불펜 소모도 덜 수 있다. 이재학의 복귀는 단순히 선발 한 자리를 채우는 데 그치지 않는다. 후반기 마운드 전체의 균형을 맞출 수 있는 카드로 봐야 한다. 타선에서는 새 외국인 타자 블레인의 역할이 중요하다. 블레인은 선발 라인업에 이름을 올린 뒤 빠른 적응 가능성을 보여줬다. 7일 한화전에서는 4안타를 때리며 기대감을 높였다. 기존 타자들이 제 몫을 하는 가운데 블레인까지 중심 타선에서 힘을 보탠다면 NC 공격력은 한층 강해질 수 있다. 후반기 과제는 분명하다. 선발투수가 5~6회까지 버티고, 불펜이 남은 이닝에서 역전을 허용하지 않아야 한다. 블레인이 타선에 힘을 보태는 가운데 마운드가 타선이 만든 점수를 지켜내야 한다. /김다솜 기자",https://v.daum.net/v/3UcZSQ8BY0
2026.07.13 21:10,"세광고, 창단 72년 만에 '청룡기' 정상 포효",CJB청주방송,"<앵커> 야구 명문 청주 세광고등학교 야구부가 어제(12) 고교야구 최고 권위 대회 가운데 하나인 청룡기 전국고교야구선수권대회 정상에 올랐습니다. 1954년 창단 이후 72년 만의 첫 청룡기 우승이자, 송진우가 활약했던 1982년 황금사자기 이후 무려 44년 만에 전국대회 우승을 차지한 건데요. 박언 기자가 선수단을 만났습니다. <리포트> <실크> 첫 경기부터 파죽지세로 결승까지 오른 청주 세광고등학교는 1회부터 맹타를 휘둘렀습니다. 2사 2·3루에서 서정휘가 안타를 치면서 선취점을 내고 기선제압에 성공했습니다. 2회에는 1사 만루 찬스에서 황동민이 희생플라이로 추가점을 획득했고, 김우진이 2타점 적시타를 날려 순식간에 4대 0까지 달아났습니다. 무실점을 이어가던 선발 김동유가 5회에 흔들리면서 두 점을 내줬지만, 박상민이 끝까지 추가 실점을 허용하지 않았고, 9회에 2점을 추가한 뒤 6대 2로 우승을 확정했습니다. 1954년 창단 이후 72년 만에 거둔 청룡기 우승이고, 전국대회 우승도 송진우가 활약한 1982년 황금사자기 이후 44년 만입니다. <인터뷰> 서정휘 / 세광고등학교 타자(3학년, 대회 최우수선수 선정) ""수비적으로 잘 도와줬던 것 같고 주자 나가서도 적극적인 주루 플레이 많이 했던 것 같고, 중요한 상황에서도 잘 쳤던 것 같습니다."" <인터뷰> 황동민 / 세광고등학교 타자(3학년, 주장) ""엄청 들떴었던 것 같습니다. 저희 선수들도 그렇고 감독·코치님들도 그렇고 동문회분들도 엄청 다 기뻐하는 마음으로 즐겼던 것 같습니다."" 이번 우승의 중심에는 선후배의 조화가 있었습니다. 3학년 형들이 해결사 역할을 맡았다면, 2학년 동생들은 안정적인 마운드 운영과 호수비로 승리를 완성했습니다. <인터뷰> 김동유 / 세광고등학교 투수(2학년) ""다 같이 뭉쳐서 한 번 우승해 보려고 다 같이 그렇게 마음가짐 갖고 들어갔고, 저희 시즌이 아니어도 2학년으로서 형들 도와줘서 같이 우승해서 기분 좋습니다."" <인터뷰> 박상민 / 세광고등학교 투수(2학년) ""포수 영훈이가 자기 믿고 던지라고 해서 유인구도 바닥에 해도 영훈이가 블로킹 잘해주고 해서 잘할 수 있었던 것 같습니다."" 코치 시절 포함 16년째 세광고 야구부를 이끌고 있는 방진호 감독은 45명 선수 개개인의 장단점을 누구보다 잘 파악해 팀 조직력을 끌어올렸습니다. 김기남, 신동수, 진필중, 이호신 코치의 지도도 우승의 원동력이 됐습니다. <인터뷰> 방진호 / 세광고등학교 감독 ""(8강부턴 수비 싸움이거든요.) 누가 실책을 안 하느냐 또 누가 작전을 잘하느냐 그런 디테일한 부분에서 승부가 나기 때문에, 항상 강팀이 되려면 수비에 좀 집중을 많이 하자..."" 청룡기를 품은 세광고는 다음 주 대통령배와 다음 달 봉황대기까지 기세를 이어가 전국대회 2관왕에 도전합니다. CJB 박언입니다. #충청 #충북 #세종",https://v.daum.net/v/q0l7Sie4wH
2026.07.13 20:21,"[스포츠7] 반환점 돈 KIA, 전반기 평가는?",KBS,"[KBS 광주] [앵커] 네, 한 주간 주요 스포츠 소식 광주일보 김여울 기자와 정리해 보겠습니다. 어서 오십시오. 네, 먼저 별들의 잔치 올스타전 이야기부터 해 보겠습니다. 홈런 더비의 강력한 우승 후보였던 김도영 선수, 아쉽게도 예선에서 탈락을 했습니다. 그래도 KIA 타이거즈가 속한 나눔 올스타 팀이 기분 좋게 승리를 거뒀죠? [기자] 네, 김도영 선수 전반기에 LG 오스틴 선수와 치열한 홈런 1위 경쟁을 했었는데요. 올스타전 홈런왕을 노리긴 했지만 박찬호 선수, 각별한 선배와 호흡을 맞췄는데 예선에서 탈락했습니다. 하지만 별들의 잔치에서 기분 좋은 승리 만들어냈는데요. 나눔 올스타 10 대 2 승리 거두면서 다섯 경기 연속 승리에, 승리에 성공을 했습니다. 그리고 '미스터 올스타', 순천 효천고 출신의 허인서 선수가 됐는데요. 올 시즌 한화의 안방마님으로 새로 등극한 선수입니다. 12개 홈런 날리기도 했고, 이번 올스타전에서 4개 안타 기록하면서 미스터 올스타가 됐는데요. 올 시즌 연봉 3,600만 원인데 그 절반 이상인 2천만 원을 상금으로 받았습니다. [앵커] 네, 사실 올스타전은 경기만큼이나 팬들을 위한 선수들의 퍼포먼스도 굉장히 관심이잖아요. 특히 퓨처스 올스타에서 KIA 타이거즈 선수들의 퍼포먼스가 굉장히 화제였는데, 어떻게 보셨어요? [기자] 네, 금요일 올스타전에 앞서서 퓨처스 올스타전이 펼쳐졌는데요. 말씀하신 대로 KIA 선수도 인상적인 장면들 보여줬는데, 내야수 엄준현 선수 상당히 인터뷰를 할 때 내성적인 선수인데요. 파격적인 분장을 하고 등장해서 파라파라 댄스를 선보이면서 퍼포먼스상을 수상했습니다. 그리고 박종혁 선수, 훤칠한 외모로 상당히 눈길을 끌었던 선수인데요. 이번 올스타전에서도 태양의 후예 송중기로 변신을 해서 좀 인상적인 장면을 연출하기도 했습니다. 그리고 올스타 무대에서도 눈길 끄는 장면도 있었는데, 박재현 선수 상당히 끼가 많은 선수인데 이번에 손오공으로 등장을 해서 사람들을 웃게 했고요. 아담 올러 선수도 상당히 애니메이션을 좋아하는 선수인데요. 거기에 맞춰서 애니메이션 캐릭터로 분장을 하고 마운드에 등장을 해서 눈길을 끌었습니다. [앵커] 네, 정말 볼거리가 풍성했던 올스타 경기였습니다. KIA 타이거즈 전반기 이야기로 좀 이야기를 이어가 보겠습니다. 전반기 KIA 타이거즈 마지막 시리즈가 롯데전이었는데, 2 대 1로 진 데다가 대거 실점까지 하면서 좀 불안한 상황이었어요. 어떻게 보셨어요? [기자] 말씀하신 대로 1승 2패 루징 시리즈 기록을 했습니다. 첫 경기가 상당히 중요했는데요. 김태형 선수, 일요일 선발이 무산이 되면서 하루 미뤄서 등판을 했었는데, 1회에 수비의 도움을 받지 못하면서 초반 기싸움에 의해서 밀리면서 대패 기록이 됐고요. 다음 경기에서는 네일 선수가 등판을 했는데, 4회를 마무리해 주지 못했습니다. 이 경기에서도 마운드 싸움에서 밀리면서 연패. 마지막 경기, 이제 스윕패의 위기 상황에서 그래도 KIA의 장점, 화력이 좀 발휘가 됐는데요. 카스트로 선수의 홈런을 시작으로 해서 김도영·나성범 선수, 이 '클린업트리오'가 연달아 홈런포를 날리면서 5 대 2 승, 전반기 마지막 경기를 승리로 장식했습니다. [앵커] 네, 말씀해 주신 것처럼 그래도 마지막 경기를 승리를 하면서 KIA 타이거즈 '단독 4위'로 전반기를 마쳤습니다. 전반기 전체적으로 평가해 주신다면 어떤 이야기하고 싶으세요? [기자] 네, 일단 전반기 그래도 잘 마무리했다라고 얘기를 할 수 있을 것 같은데요. 지난해 KIA가 전반기 마지막 시리즈에서 한화에게 스윕패를 당하면서 좀 그 순위 싸움에 동력을 잃은 모습이었는데요. 그래도 기분 좋은 승리와 함께 올스타 브레이크에 돌입을 했고요. 이 승리와 함께 전반기 성적이 45승 2무 39패, 승률 5할 3푼 6리가 됐습니다. 지금 전반기를 좀 돌아보면 '극과 극의 경기력'. 정말 좋은 경기력을 선보이다가도 이게 좀 프로의 경기력이 맞나 하는 그런 경기들도 선보이기는 했는데요. 이 위기 속에서도 KIA가 어찌됐든 단독 4위로 전반기를 마무리를 하게 됐고요. 3위 KT와 3경기 차, 그리고 뒤에 쫓고 있는 두산과는 한 경기 반 차입니다. [앵커] 후반기 첫 경기는 이번 주 목요일 문학에서 SSG와 만나게 됩니다. 4연전이 이어지게 될 텐데, 관전 포인트 뭐라고 보십니까? [기자] 올 시즌 SSG와의 상대 전적을 보면 5승 1무 2패로 KIA가 앞서 있긴 합니다. 그런데 이제 홈에서의 승률은 좋았지만 원정 경기가 좀 좋지 못했는데요. 개막전 생각해 보시면 '악몽의 끝내기 패'가 기억이 나실 겁니다. 3점의 리드를 지키지 못하고 9회 정해영 선수의 블론세이브가 나오면서 끝내기 패를 기록을 하는 등 이 2패가 원정 경기에서 이루어진 겁니다. 정해영 선수, 문학에서 좀 악몽의 그런, 악몽 같은 기억이 있기도 하고요. 성영탁 선수가 이어서 마무리 역할을 했었는데 최근에는 그 페이스가 좋지 못하면서 지금 KIA가 집단 마무리 체제를 도입한 상태입니다. 그래서 뒷심 싸움이 상당히 중요할 것 같은데요. 또 목요일부터 이번 경기 4연전으로 진행이 되는 만큼 집중력 있는 싸움으로 순위 싸움에 시동을 걸어야 될 것 같습니다. [앵커] 네, 주중 잘 쉬었다가 또 좋은 결과 보여주기를 기대해 보겠습니다. 광주FC 이야기로 이어가 보면요. 선수 등록이 가능해지면서 새 얼굴들이 대거 영입이 됐습니다만 결과는 좋지 못했습니다. 포항과의 경기 어떻게 보셨어요? [기자] 네, 포항은 좀 어려운 상대이긴 했는데 그래도 기대감이 있었던 게 새 전력으로 꾸린 만큼 많은 기대를 하셨을 것 같습니다. 하지만 결과는 0 대 3 패가 기록이 됐는데요. 아무래도 새로 출범한 선수, 그 광주FC라서 조직력, 이런 부분 새로 이제 호흡을 맞춰야 되는 부분도 있고요. 또 새로 등록이 된, 또 K리그에 처음 모습을 드러낸 선수들, 외국인 선수들의 K리그 적응력도 필요한 상황입니다. 그래도 좀 위안 삼을 수 있는 부분. 후반에 투입됐던 바루아 선수, 그 코너킥 상황에서 매서운 킥도 보여줬고요. 또 탄력적인 움직임을 보여주면서 광주 공격의 새 활력소가 될 것 같습니다. 다음 경기, 안양과의 원정 경기로 진행이 되고요. 19일 오후 7시 30분 광주의 승리 사냥이 이루어집니다. [앵커] 네, 차차 호흡을 좀 맞춰가야 할 것 같습니다. 사실 경기는 졌지만 그날 경기장을 찾은 팬들에게는 굉장히 반가운 선물이 찾아왔습니다. 광주FC의 프랜차이즈 스타죠, 엄지성 선수가 왔다고요? 현장 다녀오셨죠? 분위기 어땠나요? [기자] 네, 엄지성 선수, ""팬들의 반응에 깜짝 놀랐다"", 또 ""광주를 왔더니 알아보시는 분들도 많아서 너무 고마웠다""라고 얘기를 했는데요. 말씀하신 대로 광주의 프랜차이즈 스타, 여기에 스완지 시티에서 활약을 하고 있고요. 축구 선수라면 모두가 꿈꾸는 월드컵 무대도 밟았습니다. 북중미 월드컵 국가대표에 선발이 되면서 체코와의 조별리그 1차전 교체 멤버로 꿈의 무대를 밟기도 했습니다. 엄지성 선수 국가대표로서의 역할, 아직도 남아 있습니다. 얼마 전에 아시안게임 대표팀 명단이 발표가 됐는데요. 엄지성 선수가 양현준, 그리고 이기혁 선수와 함께 '와일드 카드'로 선발이 됐습니다. 이제 선수단 전면에 서서 아시안게임 금메달 사냥에 나서게 됩니다. [앵커] 네. 엄지성 선수의 활약 기대해 보고요. 그 기운 받아서 광주FC도 좋은 모습 보여주기를 기대해 보겠습니다. 오늘 이야기 잘 들었습니다. 고맙습니다. [기자] 감사합니다. KBS 지역국",https://v.daum.net/v/0cC13rEoCv
2026.07.13 20:21,"'전반기 최하위' 키움, 후반기 반전 보여줄까…내야수 오선진 1군 말소",OSEN,"[OSEN=홍지수 기자] 프로야구 키움 히어로즈는 후반기에 반전을 보여줄 수 있을까. KBO는 올스타 휴식 기간 중인 13일 키움의 1군 엔트리 변동 소식을 했다. 나머지 9개 구단은 변동 없다. 키움은 베테랑 내야수 오선진을 1군에서 말소했다. 오선진은 올 시즌 전반기 52경기에서 타율 1할9푼7리 3타점 4볼넷 출루율 .246을 기록했다. 2026년 KBO리그는 지난 9일 경기를 끝으로 올스타 휴식기에 돌입했다. 10일 퓨처스 올스타전과 홈런더비가 진행됐고, 11일 2026 KBO 올스타전이 열렸다. 잠실야구장에서 열리는 마지막 올스타전을 끝으로 15일까지 리그 각 구단은 끌맛 휴식을 취한 뒤 16일부터 후반기에 돌입한다. 대전에서 한화 이글스와 키움, 대구에서 삼성 라이온즈와 롯데 자이언츠, 창원에서 NC 다이노스와 두산 베어스, 잠실에서 LG 트윈스와 KT 위즈, 인천에서 SSG 랜더스와 KIA 타이거즈가 맞붙는다. 본격적인 순위 싸움이 다시 시작된다. 최하위 키움은 전반기 막판 4연패에 빠졌다. 과연 후반에 첫 일정에서 한화 상대로 연패 사슬을 끊으며 반전을 보여줄 수 있을까. 최하위 탈출이 급하다. 선두를 뺏은 삼성과 2위 LG의 경쟁도 팬들의 관심사다. 이 가운데 3위 KT와 4위 KIA, 5위 두산의 도전도 이어진다. 5강 싸움도 끝난게 아니다. 6위 한화, 7위 NC, 8위 롯데도 5강 진입에 총력을 기울일 것. 팬들의 관심을 사로잡을 예정이다. /knightjisu@osen.co.kr",https://v.daum.net/v/Hd30uImjW0
2026.07.13 19:16,"""80억 제안, 어리둥절했죠""…종신키움 꿈 이루고픈 하영민의 진심 [현장...",엑스포츠뉴스,"(엑스포츠뉴스 고척, 김지수 기자) 키움 히어로즈 구단 역사상 최고 금액 계약의 주인공이 된 하영민이 '종신 영웅군단'의 꿈을 꼭 이루겠다는 포부를 밝혔다. 하영민은 13일 서울 고척스카이돔에서 진행된 팀 오후 훈련을 마친 뒤 ""먼저 8년이라는 계약기간과 금액까지 구단에서 너무 좋은 대우를 해주셨다고 생각한다. 고민할 것도 없이 계약하겠다는 말씀을 드렸다""며 ""무엇보다 종신 히어로즈를 할 수 있다는 것, 원클럽맨 커리어를 이어갈 수 있었다는 점이 기쁘다""라고 말했다. 키움은 이날 오전 하영민과 내년부터 적용되는 계약기간 8년, 옵션(비공개) 포함 총액 80억원의 조건에 비(非) FA 다년 계약을 체결했다. 하영민은 오는 2034년까지 히어로즈 유니폼을 입게 됐다. 키움의 종전 최고 금액 계약은 2012시즌을 앞두고 외야수 이택근을 외부 FA로 영입하며 투자한 4년 총액 50억원이다. 2025시즌 중 내야수 송성문과 계약기간 6년, 120억원을 전액 보장하는 비 FA 다년 계약을 체결하기도 했지만, 송성문이 포스팅 시스템을 통해 메이저리그로 떠나면서 해당 계약은 무효화됐다. 허승필 키움 단장은 ""하영민이 앞으로도 우리 팀 선발진에서 중심 역할을 해줄 수 있을 것으로 보고 진행하게 됐다""며 ""하영민이 선발투수로 보여준 이닝 소화력을 가장 높게 평가했다. 이번 계약은 선수 가치에 맞춰서 체결했다""고 밝혔다. 1995년생인 하영민은 2014년 광주 진흥고를 졸업하고 신인드래프트 2차 1라운드, 전체 4순위로 넥센(현 키움)에 입단하며 프로 커리어를 시작했다. 프로 11년차였던 2024시즌 첫 풀타임 선발을 소화하면서 28경기 150⅓이닝 9승8패 평균자책점 4.37의 성적을 기록, 팀 토종 에이스 자리를 꿰찼다. 하영민은 2025시즌 28경기 153⅓이닝 7승14패 평균자책점 4.99로 객관적인 성적만 놓고 본다면 'A급' 선발투수로 보기는 어려웠다. 하지만 키움은 하영민이 약한 팀 전력에도 2년 연속 규정이닝 이상을 던진 부분을 높게 평가했다. 선수가 내년 시즌 종료 후 FA 시장에 나오기 전 빠르게 비 FA 다년 계약을 진행했다. 하영민과 키움의 이번 8년 총액 80억원 계약은 순조롭게 이뤄졌다. 허승필 단장이 지난 3일 하영민에게 조건을 제시했고, 5일 양측이 일찌감치 합의를 마쳤다. 하영민은 ""구단에서 처음 (8년 총액 80억원을) 제안받았을 때 어리둥절했다. 고민하기에는 너무 대우를 잘해주셨다. 특히 8년이라는 계약기간이 가장 감사했다""며 ""내 나이가 적은 것도 아니고 FA 시장에 나간다고 더 많은 금액을 받을 수 있는 것도 아니었다. FA 생각은 하지 않았다. 키움과 8년 계약이 가장 메리트가 있었고, 종신 히어로즈를 가장 많이 생각했다""고 설명했다. 또 ""솔직히 나는 선발투수로 뛰면서 아직 10승을 한 번도 해본 적도 없고, 3점대 평균자책점도 찍어보지 못했다. 키움과 계약이 옳은 판단이라고 봤다""고 강조했다. 키움은 하영민과 비 FA 다년 계약 체결 발표 당일 홈 구장 고척스카이돔 인근 호텔에 하영민과 그의 가족을 초대, 계약 행사까지 진행했다. 하영민은 구단의 배려 속에 좋은 대우를 받은 만큼, 히어로즈가 다시 강팀으로 올라서는 데 힘을 쏟겠다는 각오를 전했다. 하영민은 ""구단에 감사한 마음뿐이다. 분명 키움에는 나를 넘어설 수 있는 선수들이 정말 많다""며 ""어린 친구들이 나보다 더 잘해서 더 좋은 금액을 받을 수 있다고 생각한다. 유망주들에게 동기부여가 됐으면 좋겠다""고 덧붙였다. 사진=고척, 김지수 기자 / 엑스포츠뉴스 DB 김지수 기자 jisoo@xportsnews.com",https://v.daum.net/v/V0wfJU3GZf
2026.07.13 19:12,"153개팀 출전 '전국 최대 규모' 마이데일리배 전국유소년야구대회, 17...",마이데일리,"[마이데일리 = 김건호 기자] 153개 팀이 출전하는 제3회 마이데일리배 전국유소년야구대회 개막이 얼마 남지 않았다. 마이데일리배 전국유소년야구대회는 오는 17일부터 21일까지 강원도 횡성군 횡성베이스볼테마파크에서 열린다. 올해로 3회째를 맞이한 마이데일리배 전국유소년야구대회는 전국에서 모인 153개 팀의 야구 꿈나무들이 마음껏 기량을 펼칠 무대가 될 예정이다. 이번 대회는 주니어리그(16세 이하), 유소년리그(13세 이하), 꿈나무리그(11세 이하), 새싹리그(9세 이하), U12로 나눠 열린다. 18일에는 다양한 이벤트도 마련된다. '스피드킹 콘테스트', '홈런더비 콘테스트', '제구왕 콘테스트'가 열릴 예정이다. 제3회 마이데일리배 전국유소년야구대회는 마이데일리가 주최하고, 대한유소년야구연맹이 주관한다. 횡성군, 횡성군체육회, 국민체육진흥공단, 한국도핑방지위원회, 한국스포츠레저(주), 한미사이언스, 스포페이, 애플라인드, 한강식품, 스포노베이션, 메디앳, 유니시티코리아, 글로우핏, 보령헬스케어에서 후원한다.",https://v.daum.net/v/yqellJRfwv
2026.07.13 19:08,"'8년 80억' 하영민이 가장 먼저 떠올린 이름은 홍원기였다! ""선발의 ...",스타뉴스,"[스타뉴스 | 고척=박수진 기자] '8년 총액 80억 원'이라는 대형 계약을 맺으며 '종신 히어로즈맨'으로 남게 된 투수 하영민(31)이 계약 직후 가장 먼저 떠올린 지도자는 홍원기(53·현 두산 베어스 수석코치) 전 감독이었다. 하영민은 13일 오전 구단 공식 계약식을 마친 뒤 가진 오후 고척돔 훈련 종료 후 가진 인터뷰에서 ""처음 구단으로부터 제안을 받았을 때는 어리둥절하기도 했고, 너무나 감사한 마음이 컸다""며 운을 뗐다. 특히 FA 시장에 나가는 것 대신 팀에 잔류해 8년이라는 장기 계약을 선택한 이유에 대해 ""고등학생 시절 나를 지명해 준 팀이고, 아프고 부진했을 때도 끝까지 믿고 기회를 준 구단이기에 고민 없이 바로 사인했다""며 ""히어로즈에서 20년 넘게 원클럽맨으로 뛰는 것은 내게 엄청난 영광이자 뜻깊은 일""이라고 팀을 향한 깊은 애정을 드러냈다. 수많은 지도자 중 가장 생각나는 사람을 꼽아달라는 질문에 하영민은 주저 없이 홍원기 감독의 이름을 꺼냈다. 그는 ""야구를 하면서 모두 감사한 분들 밖에 없다. 특히 홍원기 감독님은 나에게 선발 투수로서 새로운 도전과 꿈을 꿀 수 있는 기회를 주신 분""이라며 감사의 마음을 전했다. 이어 선발 전환 당시를 회상하며 ""감독님께서 면담 때 '선발을 하고 싶다면 너만의 루틴을 만들어 오라'고 말씀하셨다""고 밝혔다. 하영민은 ""사실 처음에는 그 말씀의 진짜 의미를 잘 몰라 긴가민가하기도 했다. 하지만 선발로 계속 경기에 나서다 보니 왜 루틴을 강조하셨는지 절실히 깨닫게 됐다""며 ""루틴 속에서 몸 관리를 하는 법, 최상의 컨디션으로 선발 등판 날짜에 맞춰 웨이트 트레이닝을 조절하는 법 등 선발 투수로서 갖춰야 할 모든 것을 알려주신 분""이라고 강조했다. 또한, 자신에게 날카로운 포크볼을 전수해 준 이승호(50·현 NC 다이노스 1군 불펜코치) 투수 코치에 대해서도 ""포크볼이라는 큰 무기를 선물해 주신 코치님께도 말로 다 할 수 없을 만큼 감사하다""며 조만간 홍원기 감독과 이승호 코치에게 직접 전화를 걸어 감사 인사를 전할 예정이라고 덧붙였다. 과거 팀이 가을야구 단골 손님이자 강팀이었던 시절 입단했던 하영민은 이제 베테랑으로서 팀을 이끌어야 하는 위치에 섰다. 그는 ""어린 시절에는 이기는 경기를 많이 보며 자랐고, 연승을 이어가고 연패를 빨리 끊는 팀의 좋은 분위기를 몸소 겪었다""며 ""지금은 팀이 다소 주춤하고 있지만, 형들과 함께 후배들을 잘 챙겨서 이기는 야구에 초점을 맞추겠다. 팀을 다시 높은 곳으로 끌어올릴 수 있도록 솔선수범하겠다""고 다짐했다. 마지막으로 그는 ""8년이라는 계약 기간 동안 반드시 한국시리즈에 진출해 우승 트로피를 들어 올리는 것이 가장 큰 목표""라며 ""그동안 묵묵히 내조하며 힘이 돼 준 아내와 가족들의 응원에 보답하기 위해 앞으로도 최선을 다해 공을 던지겠다""는 굳은 각오를 전했다. 고척=박수진 기자 bestsujin@mtstarnews.com",https://v.daum.net/v/9xxqfGyOSv
2026.07.13 19:06,[경인야구 전반기 결산] 아쉬운 3위 Kt… 9위 추락한 SSG,경인일보,"kt, 시즌초 1위로 시작해 3위 마무리 김현수·최원준·한승택 등 영입 효과 SSG, 구단 출범 이후 최악의 순위 9위 선발진 붕괴·타선 부상 등 재정비 절실 프로야구가 올스타 휴식기에 접어들며 후반기 일정을 앞두고 있다. 경인 구단 수원 kt wiz와 인천 SSG 랜더스의 전반기 성적표는 사뭇 다르다. kt는 초반 상승세 속 한때 리그 선두를 달리다 3위로 내려앉긴 했지만 나름 준수하게 전반기를 마무리했다. 반면, 리그 9위까지 추락하며 5강이 멀어진 SSG에겐 이보다 나쁠 수 없는 최악의 전반기로 기억될 전망이다. ‘가을야구’를 위해, ‘자존심 회복’을 위해 두 팀 모두 후반기 반등이 절실한 상황이다. 매 시즌 슬로스타터였던 kt는 올 시즌 1위로 시작했다. 하지만 kt는 치열한 선두 경쟁을 펼치다가 47승1무35패(승률 0.573)를 기록하며 3위로 전반기를 마감했다. 올 시즌을 앞두고 kt는 강백호를 FA(자유계약선수)로 한화 이글스에 떠나보냈지만 김현수, 최원준, 한승택, 한승혁을 품었다. 안방마님 장성우까지 FA 계약을 체결하면서 전력 유출을 막았다. 영입 효과는 톡톡했다. 오버페이 논란이 일었던 최원준은 올 시즌 타율 0.363(320타수 116안타), 7홈런, 44타점, 68득점을 기록했다. 최원준은 현재 타율 리그 1위를 달리고 있는데 2위 빅터 레이예스(롯데·0.348)와도 1푼5리까지 격차를 벌렸다. 또 안타도 1개 차이로 레이예스에 이어 2위다. 최원준은 WAR(대체 선수 대비 승리기여도) 2위, 득점 4위, OPS(출루율+장타율) 6위 등 주요 지표에서 상위권에 이름을 올리며 이제는 kt에 없어서는 안될 선수가 됐다. 김현수도 타율 0.293, 6홈런, 98안타 등 베테랑의 면모를 보여주고 있다. kt는 주요 선수들의 부상과 투수진의 기복이 아쉬웠다. 주포 안현민이 개막 후 4월 15일 NC 다이노스전까지 14경기 타율 0.365, 3홈런, 11타점 등으로 맹활약했다. 하지만 햄스트링 부상으로 전력에서 이탈했고 지난달 중순에서야 복귀했다. 동시에 허경민도 부상으로 이탈했다. 토종 선발 소형준도 어깨 통증으로 5월 초 엔트리에 빠졌다가 지난달 중순에 복귀했다. 외국인 선발 원투펀치인 맷 사우어와 케일럽 보쉴리도 각각 6승4패, 7승3패로 기복이 있어 다소 아쉽다. 보쉴리는 어깨 부상으로 재활 중이다. 지난해 11승을 올리며 커리어하이를 찍었던 오원석도 올 시즌은 4승에 그치며 부침을 겪고 있다. kt는 선수들의 부상 이탈마다 흔들리는 모습을 보였지만 ‘잇몸야구’로 버티며 순위 추락은 막아냈다. 3연승을 거두며 전반기를 마친 kt는 오는 16일 2위 LG 트윈스와 후반기 첫 시리즈를 펼치며 반등하겠다는 각오다. SSG는 외국인 선수 운용 실패, 잇따른 부상 악재 속 구단 출범 이후 최악의 성적으로 전반기를 마무리했다. 순위는 9위까지 추락했고, 승률은 0.373(31승3무52패)까지 떨어졌다. 시즌 초반 한때 3위에 올라 리그 1위와 1.5경기 차로 선두를 노리기도 했다. 박성한이 KBO리그 최초 22경기 연속 안타를 기록했고, ‘살아있는 전설’ 최정이 KBO 최초 21시즌 연속 두 자릿수 홈런을 달성하는 등 타선이 활발하게 돌아갔다. 부진의 출발점은 선발진 붕괴였다. 특히 선발진의 한 축을 맡아야 할 외국인 투수들이 예상 밖 부진을 겪으며 마운드 구상이 틀어졌다. 1선발 미치 화이트는 장기 부상으로 이탈했고, 이후 단기 대체로 영입된 긴지로도 기대에 미치지 못하며 정리됐다. 이어 영입한 토마스 해치 역시 반등을 이끌지 못했고, 또 다른 외국인 투수 앤서니 베니지아노마저 부진 끝에 방출됐다. 아시아쿼터 자원인 타케다도 전력 보탬이 되지 못했다. 외국인 선수 전반의 부진이 이어지면서 스카우팅과 선수 운용 전반에 대한 책임론도 피하기 어렵게 됐다. 팀 평균자책점은 5.84로 리그 최하위고 퀄리티스타트는 10개에 그쳤다. 세이브와 홀드, 승리 등 주요 지표도 하위권이며 피홈런과 볼넷, 실점(540점)도 리그 최다를 기록 중이다. 선발진이 무너지자 불펜 소모가 급격히 늘었다. 지난해 가을야구를 이끈 필승조도 침체에 빠졌다. 그나마 신인 투수 김민준이 가능성을 보이는 게 유일한 위안거리다. 타선에선 부상 악재가 겹쳤다. 고명준의 팔목 골절을 시작으로 크고 작은 부상이 이어졌고, 최정의 이탈 속 SSG는 구단 최다 13연패에 빠지기도 했다. 박성한, 오태곤, 조형우 등 주전 선수들도 한 차례씩 이탈했다. 올 시즌 영입된 김재환도 기대에 미치지 못했다. 가을야구 경쟁에서 멀어졌음에도 뚜렷한 방향성조차 잡지 못하고 있다. 퓨처스리그 최하위까지 겹치며 신예 기용과 리빌딩도 여의치 않은 상황이다. 팀 운영 전반의 재정비 필요성이 커지고 있다. SSG는 후반기 합류 예정인 새 외국인 투수 아빌라를 앞세워 반전을 노린다. 다만 전반기 내내 드러난 외국인 선수 운용 실패와 투타 불균형, 팀 운영 방향성 문제를 해결하지 못할 경우 반등은 쉽지 않을 전망이다. /백효은·이영선 기자 100@kyeongin.com",https://v.daum.net/v/3OFfUOrNys
2026.07.13 19:06,"'한때 북극곰 라이벌...' 삼성 승부수 미쳤다, 7억에 32승 빅리거를...",마이데일리,"[마이데일리 = 심혜진 기자] 삼성 라이온즈 유니폼을 입은 '전 메이저리거' 크리스 페덱의 한국행에 미국이 주목했다. 새삼 그가 어떤 선수였는지 알 수 있었다. 팬사이디드의 라이징 애플은 13일(이하 한국시각) ""뉴욕 메츠 피트 알론소는 메이저리그 역사상 최고의 루키 시즌을 보냈다. 53개의 홈런을 터뜨리고 신인왕을 거머쥐었다. 그런 가운데서 그는 새로운 라이벌을 마주하게 됐다""고 말문을 열었다. 그 주인공이 바로 페덱이다. 당시 페덱은 샌디에이고 파드리스에서 빅리그 무대를 밟았다. 페덱은 ""알론소를 잡으러 가겠다""고 선언했고, 실제로 북극곰(알론소 별명)을 상대로 삼진 2개를 솎아내며 자신의 말을 증명해보였다. 두 선수의 라이벌 관계는 2019년 4월 시작됐다. 알론소는 9홈런 OPS 0.1024를 기록하며 이달의 신인상을 가져갔고, 페덱은 2승 1패 평균자책점 1.91로 맞붙었다. 시간이 흐르면서 두 선수의 희비는 엇갈렸다. 알론소는 리그에서 가장 많은 홈런을 때려내는 스타 선수로 성장한 반면 페덱은 잦은 부상에 시달리며 통산 평균자책점 5.26에 그쳤다. 이런 가운데서 페덱이 알론소와 한솥밥을 먹을 뻔한 일이 있었다. 2021시즌이 끝난 후 메츠와 샌디에이고는 대형 트레이드를 준비했다. 당시 보도에 따르면 페덱, 에릭 호스머, 에밀리오 파간이 현금과 함께 메츠로 트레이드될 예정이었다. 그 대가로 메츠는 도미닉 스미스를 샌디에이고로 보낼 계획이었다. 하지만 세부 조건에서 최종 합의에 이르지 못하면서 무산됐다. 매체는 ""북극곰과 페덱도 어쩌면 최고의 절친이 되었을지도 모를 일이다""라고 바라봤다. 아쉬움을 뒤로 하고 페덱은 커리어 반등을 위해 한국행을 택했다. 47만3333달러의 조건에 삼성 유니폼을 입는다. 과연 미국 현지의 기대대로 페덱이 부활할 수 있을지 관심이 쏠린다.",https://v.daum.net/v/2a320mDgsN
2026.07.13 18:55,"올해만 8명째? ""트리플A 터줏대감 한국행' SSG, '부상 이탈' 에레...",스포츠조선,"[스포츠조선 김영록 기자] SSG 랜더스가 올해에만 8번째 외국인 선수를 맞이하게 될까. 세인트루이스 카디널스 소식을 전하는 미국 매체 카디널 네이션은 13일(한국시각) 우투좌타 외야수 블라이 매드리스(30)가 세인트루이스에서 방출됐으며, KBO리그로 향할 것으로 예상된다고 전했다. 현재 10개 구단 중 외국인 타자가 가장 절실하게 필요한 팀은 SSG 랜더스다. 올해 한국에서 4년차 시즌을 맞이한 에레디아는 '복덩이'였던 지난 3년간과 달리 부진에 시달렸다. 그래도 6월 타율 2할8푼4리 7홈런, 7월 타율 3할7푼을 잇따라 기록하며 한창 기록 회복에 박차를 가하던 상황. 올시즌 기록을 타율 2할8푼2리 15홈런 75타점, OPS(출루율+장타율) 0.798까지 끌어올렸는데, 이번엔 지난 9일 왼쪽 어깨 회전근개 손상 소견이 나와 부상으로 빠진 상황이다. 만약 매드리스가 SSG 유니폼을 입는다면 시즌전 메디컬 테스트에서 탈락한 드류 버하겐, 개막전 기준 원투펀치로 기대받았으나 동반 퇴출된 미치 화이트-앤서니 베니지아노, 단기 대체 외인으로 합류했던 히라모토 긴지로, 화이트와 베니지아노를 대신해 영입된 토마스 해치-페드로 아빌라, 그리고 에레디아에 이어 올시즌 SSG의 8번째 외국인 선수가 된다. 다만 SSG는 앞서 화이트-베니지아노 퇴출 과정에서 외국인 선수 교체카드 2장을 모두 소모했다. 따라서 에레디아를 완전 교체할 수는 없는 상황. 단기 대체 외국인 선수는 설령 연장 계약을 하더라도 가을 무대에는 뛸 수 없다. 하지만 아찔한 추락을 경험하며 9위까지 내려앉은 입장, 후반기 가을야구 도전을 향한 대반격을 꿈꾸는 SSG로선 지푸라기라도 붙잡아야하는 신세다. 매드리스의 메이저리그 통산 성적은 비교적 초라하다. 타율 2할4리(206타석 42안타) 2홈런 12타점이 전부다. 그나마 절반이 넘는 113타석은 피츠버그 파이리츠 시절인 2022년 기록이고, 이후 2023년 휴스턴 애스트로스에서 12경기 26타석, 2024년 디트로이트 타이거즈에서 21경기 67타석을 소화했다. 대신 마이너리그에서 총 825경기, 트리플A에서만 통산 514경기 1818타석을 소화한 트리플A 베테랑이다. 서른이란 나이와 시즌 중 단기 대체 선수로 합류하는 점을 고려하면 KBO리그를 발판으로 빅리그를 향한 마지막 도전을 불태울 가능성이 높다. 현지 매체들 역시 '한국을 기반으로 다시 빅리그에 도전할 것'이라고 보고 있다. 올시즌에는 세인트루이스 산하 트리플A 멤피스에서 71경기에 출전하며 타율 2할7푼7리 14홈런 52타점 OPS 0.908을 기록했다. 매드리스의 포지션은 1루수-지명타자-코너 외야수다. 무난한 주력에 강견을 겸비했다는 평가. 올시즌 준수한 성적에도 불구하고 단한번도 빅리그에 올라가지 못했다. 세인트루이스의 경우 1루는 알렉 벌레슨, 지명타자는 이반 에레라라는 확고부동한 타자가 있다. 또 세인트루이스가 젊은 유망주 육성을 통해 리빌딩을 조준하면서 30세의 매드리스에는 관심을 두지 않은데다, 거포가 아닌 좌타 외야수다보니 희소성이 떨어진 점도 빅리그행의 걸림돌이었다. 매드리스는 네바다주 라스베가스 출신의 미국인이지만, 보기드문 팔라우(Palau, 괌 근처의 섬나라)계 선수로 알려져있다. 2020~2021시즌 호주야구리그(ABL)에서 뛴 경험도 있다. 만약 한국행이 확정된다면 생애 2번째 해외 진출이다. 김영록 기자 lunarfly@sportschosun.com",https://v.daum.net/v/qyWxGNoM3M
2026.07.13 18:45,"배재고 '탱크데이' 모욕 혐의, 공소권 없음 수순…징계 재심은 별도 진행",OSEN,"[OSEN=손찬익 기자] 5·18 민주화운동 비하 논란으로 수사가 진행 중인 배재고 야구부의 모욕 혐의 사건이 공소권 없음으로 마무리될 전망이다. 13일 서울경찰청에 따르면 박정보 서울경찰청장은 정례 기자간담회에서 ""배재고 측이 광주일고를 찾아 학생들에게 직접 사과했고, 광주일고도 처벌을 원하지 않는다는 의사를 밝혔다""며 ""피해자가 처벌을 원하지 않으면 처벌할 수 없는 범죄인 만큼 사건이 잘 마무리될 것으로 본다""고 말했다. 다만 형사 절차와 별개로 대한야구소프트볼협회의 전국대회 6개월 출전정지 징계에 대한 재심은 예정대로 진행된다. 배재고는 대한체육회 스포츠공정위원회에 재심을 청구했고, 대한체육회는 오는 20일 이를 심의할 예정이다. 이와 함께 법원에도 징계 효력정지 가처분을 신청한 상태다. 배재고의 최대 관심사는 다음 달 6일 개막하는 봉황대기 전국고교야구대회 출전 여부다. 법원의 판단과 재심 결과에 따라 대회 참가 여부가 결정될 것으로 보인다. 논란은 지난달 29일 서울 목동구장에서 열린 제81회 청룡기 전국고교야구선수권대회 겸 주말리그 왕중왕전에서 비롯됐다. 광주일고와의 경기 도중 일부 배재고 학생 선수들이 ""스타벅스 가야지"", ""탱크데이"" 등의 응원 구호를 외쳐 5·18 민주화운동 비하 논란이 일었고, 대한야구소프트볼협회는 스포츠공정위원회를 열어 배재고 야구부에 전국대회 6개월 출전정지 징계를 내렸다. 배재고는 지난 6일 이효준 교장을 비롯한 교직원과 지도자, 학생 선수, 학부모가 광주일고를 찾아 직접 사과한 데 이어 국립 5·18민주묘지를 참배하며 재발 방지를 약속했다. /what@osen.co.kr",https://v.daum.net/v/YOAFw6fzSZ
2026.07.13 18:40,"""내 승 날아간 건 생각 안 해"" 류현진, 선수들에게 하고 싶은 말은 따...",OSEN,"[OSEN=조은혜 기자] 프로야구 한화 이글스 류현진이 한국 복귀 후 최고 성적으로 전반기를 마감했다. 류현진은 15경기 87⅔이닝을 소화해 8승2패 평균자책점 2.67로 전반기를 마감했다. 마지막 3경기에서 모두 퀄리티스타트를 기록하고도 승리를 올리지 못한 것이 아쉬웠지만, 평균자책점 리그 3위, 다승 공동 3위, WHIP 2위로 만 39세의 나이에도 여전한 기량을 과시했다. 류현진은 ""그냥 선발투수가 해야 할 일은 한 것 같다. 5이닝 경기도 있었지만 6이닝 경기도 많았다""면서 ""그 이상은 많지 않았지만 감독님, 코치님이 정말 관리를 잘해주셨다. 내가 해야 할 일을 다 했으니까 뿌듯한 마음이 있다""고 전반기를 돌아봤다. 두 번이나 최고 150km/h 구속을 기록하기도 했던 그는 ""어떤 차이가 있다기보다 관리를 잘해주셔서 그런 것 같다. 감독님이 올해는 80구 선에서 많이 끊어주셨다. 아무래도 회복하는데 많은 도움이 되는 것 같다""고 자평했다. 매 경기 잘 던지고도 승리를 올리지 못한 부분이 아쉽지는 않냐고 물으니 ""다 때려잡을까요?""라고 웃으며 농담한 류현진이었지만, 이내 ""내 승 날아간 건 정말 전혀 생각하지 않는다. 블론이 있더라도 우리가 이기면 장땡""이라고 강조했다. 아쉬운 부분을 굳이 꼽자면 팀 성적밖에 없다. 지난해 1위로 전반기를 끝냈던 한화는 올해는 40승40패2무로 간신히 5할 승률을 맞추고 6위로 전반기를 마무리했다. 5위 두산 베어스와는 1.5경기차, 7위 NC와도 1.5경기차다. 류현진은 ""야구는 무조건 이겨야 재밌다""면서 ""6월부터 계속 5할에서 왔다갔다 한 기간이 길었던 것 같다. 거기에서 더 올라갔어야 하는데 그러지 못하고 계속 언저리에서 돌고 있는 게 아쉬운 부분인 것 같다""고 말했다. 후반기에는 더 치열한 순위 싸움을 이어가야 한다. 류현진에게 후배들을 향한 메시지를 전해달라고 하자 ""뭐 있겠나. 잘 좀 하자. 한 경기 한 경기 소중한 줄 알고. 5할 이상 가야 한다""고 얘기했다. 본인은 한 경기의 소중함을 언제 깨달았냐고 묻자 돌아오는 대답은 과연 괴물다웠다. ""스무살 때요"". /thecatch@osen.co.kr",https://v.daum.net/v/7UwATLJ6CH
2026.07.13 18:15,"“팬 사랑에 보답” 울산 웨일즈, ‘5만 관중 달성 기념 오만가지 쏜다’...",스포츠서울,"[스포츠서울 | 김동영 기자] 전반기 5만 관중을 달성한 울산 웨일즈가 팬들을 위한 선물을 준비했다. 제대로 쏜다. 울산 웨일즈는 ""오는 17일 오후 6시 문수구장에서 열리는 삼성과 홈경기에 누적 관중 5만명 돌파를 기념해 팬들의 성원에 감사 이벤트를 선보인다""고 13일 밝혔다. 이어 ""이번 행사는 제헌절 공휴일을 맞아 야구장을 찾는 많은 홈팬들에게 다양한 혜택을 제공하고 후반기 흥행 동력을 확보하기 위해 기획됐다""고 덧붙였다. 이날 경기 전에는 최지만의 첫 단독 팬 사인회가 열리며, 경기 종료 후에는 구단 최초 퓨처스 올스타인 나가, 홀, 김서원, 노강민 등 4인 합동 팬 사인회가 진행된다. 또한 당일 경기 예매 고객 전체 대상으로 승리 시 ‘울산페이 100% 페이백’ 프로모션을 진행한다. 특히 프리미엄석 예매자에게는 선수단의 훈련을 가까이서 직접 볼 수 있는 ‘그라운드 배팅 연습 참관’ 기회를 제공한다. 이외에도 ‘5만관중 달성기념 오만가지쏜다’ 이벤트를 통해 추첨을 통한 11곳의 스폰서가 관람객들에게 경품을 선물한다. 또 있다. 이날이 '7월17일'이다. 경기에서 팀 전체가 안타 7개, 홈런 1개, 삼진 7개 중 단 하나라도 달성할 경우, 당일 입장한 전 관객에게 다음 홈경기 시리즈(7월25~27일 두산전)를 대상으로 1경기에 한해 내야지정석 무료 초청 티켓을 증정한다. 울산 웨일즈 김동진 단장은 “KBO 최초의 시민구단으로 출범한 첫해 5만 관중을 돌파할 수 있도록 문수야구장을 채워주신 울산 시민들과 팬 여러분께 깊이 감사드린다”고 말했다. 이어 ""보내주신 사랑에 보답하기 위해 감사 혜택을 준비한 만큼, 많은 분들이 방문하셔서 선수단과 함께 즐거운 추억을 만드시길 바란다”고 전했다. 한편 오는 17일 삼성전 홈경기의 티켓은 티켓링크를 통해 예매가 가능하며, 상세한 이벤트 정보는 구단 공식 홈페이지 및 인스타그램을 통해 확인할 수 있다. raining99@sportsseoul.com",https://v.daum.net/v/HVbZmQ8Bhm
2026.07.13 18:02,SSG 차기 홈 구장 예정대로 개장 못할 수도?,에스티엔,"[STN뉴스] 배영수 기자┃인천 연고 프로야구단 'SSG 랜더스'가 오는 2028년부터 홈 구장으로 사용할 예정인 청라돔구장 및 청라스타필드가 현재의 계획대로 개장이 어려울 수 있다는 우려가 인천지역 국회의원으로부터 제기돼 논란이 예상된다. 더불어민주당 허종식 의원(인천 동구미추홀구갑)은 ""최근 신세계 측으로부터 제출받은 관련 자료를 검토한 결과 SSG 구단이 현재 계획대로 청라돔을 홈구장으로 사용하려던 계획에 심각한 차질이 예상된다""고 주장했다. 이어 ""기업이 수천억 원을 투자한 대규모 사업에 대해 지난 민선8기 유정복 시정부가 도대체 행정을 어떻게 관리했기에 이런 어처구니없는 공백이 발생한 것인지 참으로 답답하고 개탄스럽다""고 성토했다. 허 의원이 전임 시장의 잘못이라 주장하며 청라돔의 현재 문제로 거론하고 있는 문제는 '오수처리 관로 공사'에 대한 부분이다. 현재 2027년 12월 준공을 목표로 건설 중인 청라스타필드는 공촌하수처리시설의 용량 부족 문제를 해결하기 위해 오수를 가좌하수처리장으로 연결하는 임시관로를 설치하기로 하고 현제 제반 준비 작업을 하고 있는 상태다. 그런데 청라지구가 청라스타필드는 물론 청라의료복합타운(서울아산청라병원) 및 로봇랜드 등 대규모 개발 사업이 잇따라 추진되면서 하수처리 문제에 비상이 걸려 있다는 게 허 의원이 밝힌 내용이다. 현재 신세계 측이 인천 서구 청라국제도시에 조성 중인 청라스타필드는 지하3층 지상9층 규모의 복합 엔터테인먼트 시설로 2만 3천여 석 규모의 청라돔을 동시 건설 중에 있다. 지난 4월 신세계 측이 밝힌 현황에 따르면 당시 공정률은 40%대 상황으로, 당시까지는 큰 문제는 없었다. 그런데 오수관로 공사와 같은 필수 기반시설 공사일정이 지연되면 자연스럽게 사업 전반에도 큰 영향을 줄 수 있는 상황. 그는 ""당초 약 40억 원으로 예상했던 관로 공사비가 설계 결과 80억 원으로 두 배 정도 폭등하면서 문제가 생겼고, 신세계 측은 민간분담금 성격인 하수처리시설 부담금(36~40억 원)을 상계해 먼저 당겨쓰기로 인천경제자유구역청과 합의했다""고 밝혔다. 이어 ""그러나 행정당국의 예산 예측 실패로 40억 원이 추가 발생하면서 인천경제청이 예산이 없다는 이유로 손을 놓고 있다""며 ""이로인해 올해 7월 착공 예정이었던 임시 관로 공사는 시작도 못 한 채 전면 중단됐다""고 밝혔다. 허 의원 측 주장이 사실이라면 문제는 꽤 심각한 상태다. 임시관로 공사가 지연되면 관련 사업 전반이 연쇄적으로 일정에 차질을 빚게 될 수 있기 때문. 이렇게 차질이 현실화되면 오는 2028년 3월 프로야구 개막에 맞춰 청라돔을 홈구장으로 활용하려던 SSG의 계획도 틀어진다는 계산이 나온다. 허 의원은 ""지금 민간 기업은 수천억 원을 투자해 공정률을 철저히 맞추고 대규모 자금 투입을 확정 짓고 있는데, 40억 원의 추가 관로 공사비 분담 문제로 행정이 손을 놓고 있는 건 있을 수 없는 일""이라며 ""전임 시장(유정복) 탓 하면 안 되겠지만, 해도해도 너무 한다""고 다시 한 번 성토했다. 현재 SSG 랜더스 측은 허 의원 측이 밝힌 내용과 관련해 아직 공식적으로 전달받거나 한 내용은 없다는 입장인데, 내부적으로 다른 정황이 있는지 여부는 아직 알 수 없는 상태다. 허 의원은 ""지금 청라스타필드 개장 시기에 맞춰 글로벌 아티스트 공연 등을 함께 추진하는 것으로 알려져 있는데 이런 상황 때문에 영향을 주게 되면 위약금 등의 추가적인 지역적 피해가 발생할 수 있다""며 ""새로 출범한 박찬대 시정부가 원인을 철저히 조사하는 한편 책임자 문책 등 조치가 있어야 한다""고 강조했다. ※STN뉴스 보도탐사팀 제보하기 당신의 목소리가 세상을 바꾸고, 당신의 목소리가 권력보다 강합니다. STN뉴스는 오늘도 진실만을 지향하며 여러분의 소중한 제보를 기다립니다. ▷ 전화 : 1599-5053 ▷ 이메일 : news@stnsports.co.kr ▷ 카카오톡 : @stnnews / STN뉴스=배영수 기자 gigger@stnnews.co.kr ▶STN 뉴스 공식 모바일 구독 ▶STN 뉴스 공식 유튜브 구독 ▶STN 뉴스 공식 네이버 구독 ▶STN 뉴스 공식 카카오톡 구독",https://v.daum.net/v/KSn0ZcNdgu
2026.07.13 18:01,"이 선수 덕분에 '한화 이기고 우승', 그런데 에이스 본능 잃었다…LG가...",엑스포츠뉴스,"(엑스포츠뉴스 김지수 기자) ""국제팀에서 따로 얘기했다. 후반기에는 달라진 모습을 보여줄 수 있지 않을까 생각한다."" 염경엽 감독이 이끄는 LG 트윈스는 2026시즌 전반기를 52승33패, 승률 0.612로 마감했다. 1위 삼성 라이온즈(51승32패2무, 승률 0.614)에 승차 없이 승률에서만 뒤진 2위에 오르면서 2년 연속 통합우승을 노려볼 수 있는 발판을 마련했다. LG는 올해 페넌트레이스 개막 후 크고 작은 악재가 많았다. 2026 월드베이스볼클래식(WBC)의 영웅 문보경이 부상으로 한 달 넘게 자리를 비웠고, 오스틴 딘과 박해민을 제외하면 주축 야수들의 경기력 기복으로 게임 운영에 어려움을 겪었다. 마운드에서도 마무리 유영찬이 지난 4월 팔꿈치 부상으로 수술대에 올랐고, 2선발 요니 치리노스가 성적 부진으로 퇴출됐다. 적지 않은 어려움을 딛고 한국시리즈 직행 다툼을 이어갈 수 있는 성적을 거둔 건 의미가 적지 않다. LG는 다만 에이스 앤더스 톨허스트가 올스타 브레이크 전 1선발의 면모를 잃은 게 옥에 티였다. 톨허스트는 2026시즌 17경기 92⅓이닝 8승7패 평균자책점 4.09의 성적표를 받았다. 퀄리티 스타트(6이닝 이상, 3자책점 이하 투구) 11회, 리그 전체 다승 공동 4위 등 나쁘지 않은 퍼포먼스를 보여주기는 했지만, 전반기 마무리가 좋지 않았다. 톨허스트는 6월 이후 6경기 34이닝 1승4패 평균자책점 5.56으로 슬럼프에 빠졌다. 전반기 마지막 등판이었던 지난 7일 대구 삼성 라이온즈전에서는 5이닝 6피안타 3볼넷 1사구 3탈삼진 4실점(3자책)으로 패전의 멍에를 썼다. 염경엽 감독은 일단 톨허스트의 올해 전반기 활약이 부족했다는 점을 인정했다. 직접 면담에 나서는 대신 국제팀을 통해 선수에게 후반기 반등을 위해 필요한 부분이 있다는 점을 전달했고, 톨허스트에게 마음가짐을 새롭게 하겠다는 다짐을 받아냈다. 염경엽 감독은 지난 9일 전반기 최종전을 앞두고 ""톨허스트는 본인이 좋은 생각을 가지고 있다. 후반기에는 조금 더 좋아질 것으로 보고 있다""며 ""그래도 후반기를 그냥 시작해서는 안 될 것 같아 국제팀에서 데이터 등을 가지고 선수와 면담을 했다. 올해가 톨허스트 본인에게 얼마나 중요한 시즌인지를 다 얘기하라고 했다""고 설명했다. LG는 지난해 톨허스트 덕분에 'V4'를 이룩했다. 한화와 역대급 페넌트레이스 우승 경쟁을 펼치던 상황에서 부상으로 퇴출된 엘리에이저 에르난데스의 대체 선수로 영입한 톨허스트가 확실한 에이스 역할을 해줬다. 톨허스트는 2025시즌 8월부터 LG에 합류해 페넌트레이스 8경기 44이닝 6승2패 평균자책점 2.86으로 펄펄 날았다. LG가 정규리그 1위로 한국시리즈에 직행하는데 결정적인 활약을 해줬다. 한화와 맞붙은 한국시리즈에서도 1, 5차전에 선발등판해 2경기 13이닝 2승 평균자책점 2.08로 우승공신이 됐다. 1999년생인 톨허스트는 KBO리그에 오기 전 메이저리그 경력은 없었다. 마이너리그에서 눈물 젖은 빵을 먹던 가운데 꾸준히 선발 로테이션을 소화할 수 있는 데다 더 많은 연봉을 받을 수 있는 한국에서 새 도전을 택했다. LG에서 성공을 거둔다면, 메이저리그로 금의환향할 수 있는 부분도 고려됐다. 그러나 톨허스트는 2026시즌 성장통을 겪고 있다. LG도 톨허스트가 주춤하면서 덩달아 전반기 막판 승수 쌓기가 수월하지 못했다. 톨허스트가 살아나지 못한다면, LG의 2년 연속 우승 도전도 험난해질 수밖에 없다. 사진=엑스포츠뉴스 DB 김지수 기자 jisoo@xportsnews.com",https://v.daum.net/v/5GXP2WvmXe
2026.07.13 17:59,"LG, '마뗑킴'과 만났다…덕아웃 재킷부터 키링까지 한정 컬렉션 출시",OSEN,"[OSEN=손찬익 기자] 프로야구 LG 트윈스가 패션 브랜드 '마뗑킴(Matin Kim)'과 손잡고 한정판 컬렉션을 선보인다. LG는 13일 패션 브랜드 마뗑킴과 컬래버레이션을 진행한다고 밝혔다. 컬렉션은 덕아웃 재킷과 베이스볼 저지, 반팔 티셔츠 등 의류 6종을 비롯해 비니, 미니 크로스백, 키링 등 액세서리 5종으로 출시된다. 특히 기존 마뗑킴 디자인에 그라운드 흙먼지를 재해석한 빈티지 무드를 더해 선수들의 열정과 경기장의 분위기를 디자인으로 표현했다. 대표 아이템인 의류 컬렉션은 LG 트윈스를 상징하는 블랙과 레드 컬러를 기본으로 '잠실구장', '서울', 'V5를 향한 도전' 등 구단을 상징하는 요소를 녹여냈다. '마뗑킴 X LG트윈스' 컬렉션은 오는 20일부터 26일까지 네이버 컨템포러리 패션 서비스 '노크잇(KNOCKIT)'을 통해 판매된다. 판매 첫날인 20일 정오에는 네이버 쇼핑라이브를 통해 다양한 혜택도 함께 제공할 예정이다. 또한 오는 24일부터는 마뗑킴 성수 플래그십 스토어에서도 컬렉션을 직접 만나볼 수 있다. 매장에 비치된 제품별 QR 코드를 스캔하면 '노크잇'을 통해 제품을 구매할 수 있다. /what@osen.co.kr",https://v.daum.net/v/1R6R0mDghy
2026.07.13 17:39,"‘비하 구호 논란’ 배재고-광주일고 갈등, 사건 불송치  전망 “광주일고...",스포츠동아,"[스포츠동아 강산 기자] 5·18민주화운동을 폄훼하는 응원 구호를 외친 배재고 야구부 선수단과 광주일고 간의 갈등이 법정 싸움으로 번지지는 않을 전망이다. 박정보 서울경찰청장은 13일 오전 정례 기자간담회에서 관련 수사 상황과 관련한 질문에 “배재고에서 광주일고를 직접 방문해 사과했고, 광주일고 교장도 처벌을 원하지 않는다는 의사를 전해 잘 정리될 것 같다”고 전했다. 배재고 야구부 선수단은 지난달 29일 목동구장서 열린 제81회 청룡기 전국고교야구선수권대회 1회전 도중 “가야지, 가야지, 스타벅스 가야지”, “탱크데이” 등의 응원 구호를 연호해 논란을 키웠다. 이는 5월 스타벅스코리아가 5·18 민주화운동 기념일을 앞두고 진행한 ‘탱크데이’ 이벤트와 관련한 논란을 떠오르게 하는 응원 구호였다. 이 사태로 배재고 야구부는 1일 대한야구소프트볼협회(KBSA)의 스포츠공정위원회에서 전국대회 출전 정지 6개월의 징계를 받은 뒤 재심을 앞두고 있다. 이 사건에 대한 고소는 6일 서울 양천경찰서에 접수됐다. 광주일고를 모욕했다는 취지의 고발이었다. 같은 날 배재고 야구부 선수단은 광주일고를 직접 방문해 사과했다. 광주일고 측도 사과를 받아들이고 배재고 야구부 선수단의 선처를 호소했다. 모욕죄는 피해자의 고소가 진행돼야 수사가 가능한 친고죄인데, 사건을 접수한 진정인이 경찰에 진정 취소 의사를 밝힌 것으로 알려졌다. 이에 따라 경찰도 사건을 공소권 없음으로 불송치할 것이라는 시각이 우세하다. 강산 기자 posterboy@donga.com",https://v.daum.net/v/uYyN38V7pP
2026.07.13 17:38,"美 현지발 소식 떴다! '트리플A 14홈런' 좌타 거포 KBO리그행, 에...",마이데일리,"[마이데일리 = 심혜진 기자] SSG 랜더스가 부상 대체 외인을 구한 것일까. 미국 현지발 소식이 떴다. 메이저리그 트레이드루머스(MLBTR)은 13일(이하 한국시각) ""세인트루이스 카디널스가 1루수 겸 외야수인 블라이 마드리스를 방출했다""고 전했다. 카디널 내셔널 브라이언 윌턴 기자는 ""마드리스가 KBO리그 구단에서 뛰기 위해 한국으로 향한다""고 설명했다. 마드리드는 2017년 피츠버그 파이리츠의 지명을 받아 프로에 데뷔했다. 2022년 빅리그 무대를 밟았고, 데뷔 첫 해 39경기 출전해 타율 0.177 1홈런 7타점 OPS 0.509를 기록했다. 2023년 휴스턴으로 이적해 12경기 출전해 그쳤고, 2024년엔 디트로이트 유니폼을 입고 21경기에 나섰다. 대부분의 시간을 마이너리그에서 보냈다. 통산 825경기 타율 0.254 98홈런 455타점 OPS 0.765의 성적을 냈다. 트리플A에선 통산 514경기 출전해 타율 0.255 73홈런 306타점 OPS 0.800을 마크했다. 올해는 세인트루이스와 마이너리그 계약을 맺고 71경기 타율 0.277 14홈런 52타점 OPS 0.908을 기록했다. 좋은 성적을 기록 중이었으나 주포지션인 1루엣 이반 에레라가 버티고 있어 콜업 기회를 얻지 못했다. 매체는 ""게다가 세인트루이스 외야진의 대부분도 좌타자로 구성되어 있고, 지명타자 자리는 알렉 버를슨이 버티고 있기 때문에 30세 백업 선수보다는 젊은 선수들에 출전 기회를 부여했다""고 설명했다. 결국 빅리그에 설 자리를 잃은 마드리드는 해외로 눈을 돌렸다. 매체는 ""2020-2021시즌 호주 프로야구 리그(ABL)에서 짧게 뛴 이후 프로 커리어에서 두 번째로 해외 무대를 밟게 됐다. 이번 이적으로 더 큰 보장 연봉을 받게 됐다""고 전했다. 마드리스의 한국행은 정해졌지만 아직 구단은 발표되지 않았다. 기예르모 에레디아가 어깨 부상을 당하면서 외국인 타자 공백이 있는 SSG가 떠오른다. 에레디아는 왼쪽 어깨 회전근개 손상 소견을 받고 지난 9일 말소됐다. 2주 후 재검진을 받을 예정인데 긴 회복 시간이 필요할 것으로 보여 단기 대체 외인을 알아보고 있다. 과연 SSG 유니폼을 입게 될지 아니면 다른 구단과 계약을 한 것인지 지켜볼 일이다.",https://v.daum.net/v/Gb9sKie4sG
2026.07.13 17:35,"""구본혁이 미안할 일 아니다"" 류지혁, 충돌 딛고 정상 훈련 ""지금은 아...",OSEN,"[OSEN=대구, 손찬익 기자] 수비 도중 주자와 충돌해 뇌진탕 증세를 보였던 프로야구 삼성 라이온즈 내야수 류지혁이 정상 컨디션을 되찾았다. 훈련을 정상적으로 소화한 그는 당시 아찔했던 충돌 상황은 물론, 전광판에 부상 장면이 반복 노출된 것에 대해서도 담담하게 자신의 생각을 밝혔다. 류지혁은 지난 8일 대구 LG 트윈스전에서 불의의 사고를 당했다. 6회초 무사 2루에서 구본혁의 희생번트 타구를 처리하는 과정에서 1루 베이스 커버에 들어간 류지혁은 송구를 한 차례 놓쳤고, 공을 다시 잡으려다 1루를 향해 전력 질주하던 구본혁과 강하게 충돌했다. 이 과정에서 구본혁의 허벅지가 류지혁의 얼굴을 강타했고, 두 선수 모두 그라운드에 쓰러졌다. 구본혁은 곧 몸을 일으켰지만, 류지혁은 한동안 일어나지 못했다. 구급차가 그라운드 안으로 들어오는 긴박한 상황이 연출됐고, 류지혁은 결국 김상준과 교체됐다. 다행히 의식을 되찾은 류지혁은 앰뷸런스 대신 트레이너의 부축을 받으며 그라운드를 빠져나갔다. 그러나 이동 도중 어지럼증을 호소하며 다시 주저앉았고, 결국 업힌 채 덕아웃으로 향했다. 이후 인근 병원에서 CT 검진을 받은 결과 특이 소견은 발견되지 않았고, 다음 날인 9일 일찍 귀가해 안정을 취했다. 13일 대구삼성라이온즈파크에서 열린 자체 훈련에 참가한 류지혁은 모든 스케줄을 정상적으로 소화했다. 훈련을 마친 뒤 기자와 만난 그는 ""지금은 아무런 문제 없다. 괜찮다""며 밝게 웃었다. 당시 상황을 떠올린 류지혁은 누구보다 먼저 구본혁을 감쌌다. 그는 ""제가 공을 한 번 놓치는 바람에 확실하게 아웃시키려고 다시 잡으려다 그렇게 됐다. 어쩔 수 없는 상황이었다고 생각한다""며 ""(구)본혁이가 미안하다고 연락이 왔는데 미안할 일이 아니다. 원래 주자가 뛰어오는 방향인데 제가 그 자리에 있었던 것이다. 오히려 제가 미안하다고 했다. 본혁이에게도 괜찮냐고 물어봤는데 괜찮다고 하더라. 정말 다행이었다""고 말했다. 충돌 직후 응급조치 과정도 설명했다. 류지혁은 ""현장에서는 목 보호대를 착용하고 앰뷸런스를 타라고 권하셨지만 괜찮다고 말씀드렸다. 제 의지로 걸어가려 했는데 어지럼증이 있어 트레이닝 파트의 도움을 받았다""고 당시 상황을 전했다. 이날 류지혁은 경기 중 불거졌던 또 다른 논란에 대해서도 입을 열었다. LG가 구본혁의 세이프·아웃 판정에 대한 비디오 판독을 요청하는 과정에서 류지혁의 충돌 장면이 대구삼성라이온즈파크 전광판에 반복 재생됐기 때문이다. 이는 비디오 판독 장면을 전광판과 중계 화면에 실시간으로 제공하도록 한 KBO 규정에 따른 것이지만, 심각한 부상 장면까지 반복 노출된 만큼 선수 보호 차원에서 관련 규정을 손봐야 한다는 목소리도 나왔다. 류지혁은 ""팬들 입장에서는 보기 불편하셨을 수도 있다. 하지만 규정에 따른 것이니 어쩔 수 없다고 생각한다""며 ""올 시즌 당장 규정을 바꾸기는 어렵겠지만, 이번 일을 계기로 좋은 방향으로 제도가 개선되지 않을까""라고 말했다. /what@osen.co.kr",https://v.daum.net/v/8k45Z9B3W5
2026.07.13 17:30,"'8년 80억 잭팟' 하영민, 마운드 구심점 역할에 적격…역대 최고액을 ...",스포츠조선,"[스포츠조선 고재완 기자] 2014년 넥센 유니폼을 입고 프로 무대에 첫발을 내디뎠던 수줍은 루키가 13년이라는 모진 세월을 견뎌내고 마침내 영웅 군단의 영원한 심장으로 우뚝 섰다. 키움 히어로즈의 우완 투수 하영민(31)이 KBO 리그 역사에 남을 초대형 다년계약을 터뜨리며 '종신 히어로즈맨'을 선언했다. 키움은 13일 오전 하영민과의 메머드급 비FA 다년계약 체결을 공식 발표했다. 계약 기간 8년(2027~2034년)에 연봉과 옵션을 포함한 총액 80억 원의 파격적인 조건이다. 이번 계약은 키움 구단이 역대 체결한 비FA 다년계약 가운데 실질적으로 집행된 최대 규모다. 지난해 송성문과 6년 총액 120억 원의 다년계약을 맺은 바 있으나, 송성문이 포스팅 시스템을 통해 메저리그 진출을 선택하며 계약이 실행되지 않았기 때문에 하영민이 명실상부한 '영웅 군단 최고액'의 주인공이 됐다. 투수 비FA 다년계약 기준으로도 KBO 리그 역대 류현진(8년 170억 원), 김광현(4년 151억 원), 구창모(7년 132억 원), 고영표(5년 107억 원), 박세웅(5년 90억 원)에 이어 여섯 번째로 큰 대형 계약이다. 키움 히어로즈가 내년 시즌 종료 후 FA 자격을 얻는 하영민을 시장에 내놓지 않고 8년이라는 초장기 계약으로 묶어둔 배경에는 2024시즌 28경기에 등판해 9승 8패, 무려 150⅓이닝을 소화했고 2025시즌에도 28경기에서 7승 14패, 153⅓이닝을 던지며 2년 연속 150이닝 이상을 책임지는 '이닝이터'의 면모를 과시한 것에 있다. 올 시즌인 2026년에도 하영민은 15경기에 등판해 67이닝을 소화하며 3승 5패, 평균자책점 4.16으로 선발의 뼈대를 지탱하는 핵심 전력으로 활약 중이다. 현재 키움 마운드는 성공적인 '리햅 시즌'을 보내며 복귀한 토종 에이스 안우진(13경기 2승5패, ERA 3.70)을 필두로, 전반기 10경기 선발 완주로 클래스를 입증한 올해 전체 1순위 박준현(1승 4패, ERA 3.67)이 무섭게 성장하고 있다. 여기에 내년 봄에는 1m95cm의 피지컬로 고교 무대를 초토화하며 내년도 전체 1순위 유력 후보 하현승까지 고척 마운드에 가세할 것으로 보인다. 이 혈기 넘치는 괴물 유망주들이 프로의 거친 파도 속에서 흔들리지 않도록 중심을 잡아줄 '투수진의 구심점'이 절실했고, 구단은 그 적임자로 프랜차이즈 스타 하영민을 선택했다. 외부 FA 영입에 지극히 인색하다는 비판을 받기도 했던 키움 히어로즈가 내부의 프랜차이즈 스타에게 이토록 큰 규모의 장기 계약을 안겼다는 사실은 팀의 위닝 멘탈리티를 완전히 다르게 바꿀 수 있다. 8년이라는 든든한 방파제를 장착하고 고척 마운드의 리더로 우뚝 선 하영민의 손끝에 영웅 군단의 진격 플랜이 달려있다. 고재완 기자 star77@sportschosun.com",https://v.daum.net/v/zNKt8NoMzs
2026.07.13 17:30,"NPB 최신 트레이닝 기법, 한국 아마야구와 만났다…""팔 관리법을 체계적...",스포츠조선,"[스포츠조선 이종서 기자] ""실전에 적용할 훈련 익혀 자신감 생겼습니다."" 대한야구소프트볼협회(이하 KBSA)는 지난 10일부터 12일까지 사흘간 '고교 투수를 위한 Strength & Conditioning(S&C) 트레이닝 기법 전수 교육'을 진행했다. 이번 교육은 일본 프로야구(NPB)에서 널리 활용되는 최신 S&C 기법을 국내 아마추어 야구 현장에 도입하기 위해 기획됐다. 특히 투구 시 어깨와 팔에 가해지는 부하를 체계적으로 관리하는 '암 케어'와 관절의 올바른 움직임을 돕는 '가동성 훈련'을 표준화해, 성장기 학생 선수의 부상을 예방하고 선수 생명을 연장하는 데 중점을 뒀다. 강사로는 일본 프로야구 무대에서 풍부한 현장 경험을 쌓은 S&C 전문가 미야모토 타케시 트레이닝 코치가 나섰다. 미야모토 코치는 히로시마 도요 카프와 요코하마 DeNA 베이스타스에서 선수단을 지도한 경험을 바탕으로 자신의 노하우를 아낌없이 전했다. 이번 교육은 참가 인원에 맞춘 밀착 지도를 위해 사흘간 총 5회차로 나뉘어 진행됐다. 중앙고, 선린인터넷고, 경기고, 성남고, 안산공업고, 서울동산고 등의 선수들 약 120명이 참가했다. 선수들은 투구 전후 관리 루틴, 지면 반력을 활용한 파워 트레이닝, 포지션별 가동성 드릴 등 실전에 곧바로 적용할 수 있는 훈련을 소화하며 구슬땀을 흘렸다. 학생 선수뿐 아니라 지도자와 학부모를 위한 자리도 마련됐다. 11일에는 고교 코치진과 트레이너, 학부모를 대상으로 한 별도의 강습회가 열려 최신 S&C 이론과 실기 노하우를 나눴다. 프로그램은 파이널 서초캠퍼스(10일)와 한성대학교 상상관 실내체육관(11~12일)에서 진행됐다. 프로그램 참가자들의 반응은 뜨거웠다. 한 고교 투수는 ""투구 전에 팔을 어떻게 관리해야 하는지 처음으로 체계적으로 배웠다""며 ""실전에 적용할 훈련을 직접 익혀 자신감이 생겼다""고 소감을 전했다. 선수단을 인솔한 한 지도자 역시 ""일본 프로 무대에서 검증된 훈련법을 눈앞에서 확인하고 곧바로 팀에 적용할 수 있어 유익했다""고 호평했다. 양해영 KBSA 회장은 ""학생 선수들이 부상 없이 성장하는 것이 곧 한국 야구의 미래 경쟁력과 직결된다""며 ""이번 교육을 계기로 아마추어 현장에 표준화된 S&C 커리큘럼이 뿌리내릴 수 있도록 적극 지원하겠다""고 강조했다. 한편 KBSA는 ""이번 교육의 개최를 발판으로, 오는 9월 U15 중학 선수를 대상으로 한 트레이닝 교육을 비롯해 U18·U23 국가대표팀 소집 기간 중 트레이닝 교육, 온라인 영상 콘텐츠 제작·보급 등 후속 사업을 지속적으로 이어갈 방침""이라고 밝혔다. 이종서 기자 bellstop@sportschosun.com",https://v.daum.net/v/1Utt8NoMUY
2026.07.13 17:29,"KIA, 21일~26일 홈 6연전서 '쿠로미와 함께하는 핫 서머 페스티벌...",스타뉴스,"[스타뉴스 | 박수진 기자] KIA 타이거즈가 본격적인 여름 휴가철을 맞아 팬들을 위한 시원한 여름 축제를 지상에 펼친다. KIA는 13일 ""오는 21일부터 26일까지 광주-기아 챔피언스 필드에서 열리는 홈 6연전을 '쿠로미와 함께하는 핫 서머 페스티벌'로 치른다""고 밝혔다. 야구장을 찾는 팬들이 경기 관람과 함께 무더위를 시원하게 날려버릴 수 있도록 다채로운 행사를 마련한 것이다. 가장 눈길을 끄는 것은 3루측 내야 응원석에 설치되는 워터 캐논이다. KIA는 117블록부터 124블록에 이르는 넓은 구간에 워터 캐논을 전면 배치, 관람객들이 시원한 물대포를 맞으며 경기를 즐길 수 있도록 했다. 물대포는 KIA 타선에서 득점과 안타가 나오는 매 순간마다 시원하게 쏘아 올려질 예정이다. 팬들을 위한 다채로운 즐길 거리도 마련된다. 중앙출입구 옆에는 대형 쿠로미 에어벌룬과 현수막, 자이언트 배너가 설치돼 관람객들이 기념사진을 남길 수 있는 포토존이 조성된다. 이 기간 구장 내 포토부스와 포토카드 역시 쿠로미 특별 디자인이 적용돼 팬들에게 색다른 추억을 선사한다. 선수단 역시 축제 분위기에 동참한다. KIA 선수단은 이번 홈 6연전 동안 특별 제작된 쿠로미 유니폼을 착용하고 그라운드를 누빈다. 경기 중 타이거즈 선수가 홈런을 터뜨리면 외야에서는 쿠로미 응원 깃발 행진이 펼쳐지며, 홈런을 친 선수가 쿠로미 봉제인형 키링을 3루 서프라이즈석 관람객들에게 직접 던져주는 특별 이벤트도 진행된다. 관람객들과 함께하는 이색 응원전도 기대를 모은다. 페스티벌 첫날인 21일에는 응원특별석 관람객 전원에게 우산을 증정해 지난해 큰 호응을 얻었던 이색 우산 응원을 다시 한번 재현한다. 이어 24일부터 26일까지 열리는 키움 히어로즈와의 3연전에는 '최강기아' 응원 타올을 배포해 관중석을 붉게 물들일 타올 응원전을 펼칠 계획이다. 한편, 핫 서머 페스티벌 기간 동안에는 쿠로미 디자인이 적용된 특별 지류 티켓이 발권되며, 이번 이벤트와 관련된 세부 내용은 구단 공식 SNS를 통해 확인할 수 있다. 박수진 기자 bestsujin@mtstarnews.com",https://v.daum.net/v/2a5QEYTsh3
2026.07.13 17:27,"득점·안타 터지면 물대포 쏜다! KIA, 홈 6연전서 ‘쿠로미와 함께하는...",스포츠서울,"[스포츠서울 | 이소영 기자] KIA가 홈 6연전을 ‘쿠로미와 함께하는 핫 서머 페스티벌’로 꾸민다. KIA는 “21일부터 26일까지 광주-기아 챔피언스 필드에서 열리는 홈 6연전에서 쿠로미와 함께하는 핫 서머 페스티벌을 진행한다”고 13일 밝혔다. 휴가철 야구장을 찾는 팬들이 경기 관람과 함께 무더위를 날려버릴 수 있도록 다양한 이벤트를 마련했다. 3루 측 내야 응원석엔 워터 캐논을 운영한다. 117블록부터 124블록까지 넓은 구간에 워터 캐논을 설치해 관람객들에게 색다른 즐거움을 선사할 예정이다. 득점과 안타가 나올 때마다 시원한 물대포를 쏘아 올린다. 중앙출입구 옆엔 쿠로미 에어벌룬과 현수막, 자이언트 배너 등을 활용한 포토존을 조성한다. 포토부스와 포토카드에도 특별 디자인을 적용한다. 선수단은 6연전 동안 쿠로미 유니폼을 입고 경기에 나선다. 홈런이 터지면 쿠로미 응원 깃발 행진이 펼쳐지고, 홈런을 친 선수가 쿠로미 봉제인형 키링을 3루 서프라이즈석 관람객들에게 직접 던져준다. 경기 중엔 기념품을 활용한 이색 응원전도 이어진다. 21일 응원특별석 관람객에게 우산을 증정해 지난해에 이어 다시 한번 ‘우산 응’원을 선보인다. 24일부터 26일까지 열리는 키움과 3연전에서는 ‘최강기아’ 응원 타올을 배포한다. 한편 핫 서머 페스티벌 기간엔 쿠로미 디자인을 적용한 지류 티켓이 발권된다. 이벤트 관련 세부 내용은 구단 공식 SNS에서 확인할 수 있다. sshong@sportsseoul.com",https://v.daum.net/v/4KtKDGyOy1
2026.07.13 17:27,"대한야구소프트볼협회, 고교 투수 대상 선진 S&C 트레이닝 교육 성료→""...",스타뉴스,"[스타뉴스 | 박수진 기자] 대한야구소프트볼협회(KBSA)가 한국 야구의 미래를 이끌 고교 투수들을 위해 선진 트레이닝 기법을 전하는 자리를 마련했다고 13일 밝혔다. KBSA는 지난 10일부터 12일까지 사흘간 진행된 '고교 투수를 위한 Strength & Conditioning(S&C) 트레이닝 기법 전수 교육'을 성공적으로 마무리했다. KBSA에 따르면 이번 교육은 일본 프로야구(NPB)에서 널리 활용되는 최신 S&C 기법을 국내 아마추어 야구 현장에 도입하기 위해 기획됐다. 특히 투구 시 어깨와 팔에 가해지는 부하를 체계적으로 관리하는 '암 케어'와 관절의 올바른 움직임을 돕는 '가동성 훈련'을 표준화해, 성장기 학생 선수의 부상을 예방하고 선수 생명을 연장하는 데 중점을 뒀다. 강사로는 일본 프로야구 무대에서 풍부한 현장 경험을 쌓은 S&C 전문가 미야모토 타케시 트레이닝 코치가 나섰다. 미야모토 코치는 히로시마 도요 카프와 요코하마 DeNA 베이스타스에서 선수단을 지도한 경험을 바탕으로 자신의 노하우를 아낌없이 전했다. 이번 교육은 참가 인원에 맞춘 밀착 지도를 위해 사흘간 총 5회차로 나뉘어 진행됐으며, 중앙고, 선린인터넷고, 경기고, 성남고, 안산공업고, 서울동산고 등의 선수들 약 120명이 참가했다. 선수들은 투구 전후 관리 루틴, 지면 반력을 활용한 파워 트레이닝, 포지션별 가동성 드릴 등 실전에 곧바로 적용할 수 있는 훈련을 소화하며 구슬땀을 흘렸다. 학생 선수뿐 아니라 지도자와 학부모를 위한 자리도 마련됐다. 11일에는 고교 코치진과 트레이너, 학부모를 대상으로 한 별도의 강습회가 열려 최신 S&C 이론과 실기 노하우를 나눴다. 프로그램은 파이널 서초캠퍼스(10일)와 한성대학교 상상관 실내체육관(11~12일)에서 진행됐다. 프로그램 참가자들의 반응은 뜨거웠다. 한 고교 투수는 ""투구 전에 팔을 어떻게 관리해야 하는지 처음으로 체계적으로 배웠다""며 ""실전에 적용할 훈련을 직접 익혀 자신감이 생겼다""고 소감을 전했다. 선수단을 인솔한 한 지도자 역시 ""일본 프로 무대에서 검증된 훈련법을 눈앞에서 확인하고 곧바로 팀에 적용할 수 있어 유익했다""고 호평했다. 양해영 KBSA 회장 역시 ""학생 선수들이 부상 없이 성장하는 것이 곧 한국 야구의 미래 경쟁력과 직결된다""며 ""이번 교육을 계기로 아마추어 현장에 표준화된 S&C 커리큘럼이 뿌리내릴 수 있도록 적극 지원하겠다""고 강조했다. 한편, KBSA는 이번 교육의 개최를 발판으로 오는 9월 U15 중학 선수를 대상으로 한 트레이닝 교육을 비롯해 U18·U23 국가대표팀 소집 기간 중 트레이닝 교육, 온라인 영상 콘텐츠 제작·보급 등 후속 사업을 지속적으로 이어갈 방침이다. 박수진 기자 bestsujin@mtstarnews.com",https://v.daum.net/v/4Fkw7MPKh7
2026.07.13 17:23,"‘5만 관중 달성’ 울산웨일즈, 17일 삼성전서 특별한 이벤트 연다",뉴스엔,"[뉴스엔 안형준 기자] 울산웨일즈가 5만 관중 돌파 기념 이벤트를 진행한다. 울산웨일즈는 7월 13일 ""오는 17일(금) 오후 6시 문수야구장에서 열리는 삼성 라이온즈와 홈경기에 누적 관중 5만명 돌파를 기념해 팬들의 성원에 감사 이벤트를 선보인다""고 밝혔다. 이번 행사는 제헌절 공휴일을 맞아 야구장을 찾는 많은 홈팬들에게 다양한 혜택을 제공하고 후반기 흥행 동력을 확보하기 위해 기획됐다. 이날 경기 전에는 최지만의 첫 단독 팬 사인회가 열리며, 경기 종료 후에는 구단 최초 퓨처스 올스타인 나가, 홀, 김서원, 노강민 등 4인 합동 팬 사인회가 진행된다. 또 당일 경기 예매 고객 전체 대상으로 승리 시 ‘울산페이 100% 페이백’ 프로모션을 진행한다. 특히 프리미엄석 예매자에게는 선수단의 훈련을 가까이서 직접 볼 수 있는 ‘그라운드 배팅 연습 참관’ 기회를 제공한다. 이외에도 ‘5만관중 달성기념 오만가지쏜다’ 이벤트를 통해 추첨을 통한 11곳의 스폰서가 관람객들에게 경품을 선물한다. 여기에 7/17일을 기념해 당일 경기에서 울산웨일즈 팀 전체가 안타 7개, 홈런 1개, 탈삼진 7개 중 단 하나라도 달성할 경우, 당일 입장한 전 관객에게 다음 홈경기 시리즈(7/25~27 vs 두산)를 대상으로 1경기에 한해 내야지정석 무료 초청 티켓을 증정한다. 울산웨일즈 김동진 단장은 “KBO 최초의 시민구단으로 출범한 첫해 5만 관중을 돌파할 수 있도록 문수야구장을 채워주신 울산 시민들과 팬 여러분께 깊이 감사드린다”며 “보내주신 사랑에 보답하기 위해 감사 혜택을 준비한 만큼, 많은 분들이 방문하셔서 선수단과 함께 즐거운 추억을 만드시길 바란다”고 전했다. 한편 오는 17일 삼성전 홈경기의 티켓은 티켓링크를 통해 예매가 가능하며, 상세한 이벤트 정보는 구단 공식 홈페이지 및 인스타그램을 통해 확인할 수 있다. 뉴스엔 안형준 markaj@ 기사제보 및 보도자료 newsen@newsen.com copyrightⓒ 뉴스엔. 무단전재 & 재배포 금지",https://v.daum.net/v/1WYUSpFYvo
2026.07.13 17:15,"울산 웨일즈, 17일 삼성전서 '누적 5만 관중 돌파' 감사 행사 개최→...",스타뉴스,"[스타뉴스 | 박수진 기자] KBO 리그 최초의 시민구단 울산웨일즈가 누적 관중 5만 명 돌파를 기념해 홈팬들을 위한 대규모 감사 이벤트를 연다. 울산웨일즈 구단은 오는 17일 오후 6시 울산 문수야구장에서 열리는 삼성 라이온즈와의 홈경기에 '누적 관중 5만 돌파 기념 팬 감사 이벤트'를 진행한다고 13일 밝혔다. 이번 행사는 제헌절 공휴일을 맞아 야구장을 찾는 홈팬들에게 다양한 혜택을 제공하고 후반기 흥행 동력을 확보하기 위해 기획됐다. 이날 경기 전에는 간판타자 최지만(35)의 첫 단독 팬 사인회가 열리며, 경기 종료 후에는 구단 최초로 퓨처스 올스타에 선정된 나가, 홀, 김서원, 노강민 등 4인의 합동 팬 사인회가 진행된다. 파격적인 프로모션도 선보인다. 당일 경기 예매 고객 전체를 대상으로 울산웨일즈 승리 시 '울산페이 100% 페이백'을 진행한다. 특히 프리미엄석 예매자에게는 선수단의 훈련 모습을 가까이서 직접 볼 수 있는 '그라운드 배팅 연습 참관' 기회를 제공한다. 풍성한 경품 이벤트와 전 관객 대상 공약도 마련됐다. 구단은 '5만 관중 달성기념 오만가지쏜다' 이벤트를 통해 이닝 중간 추첨으로 11곳의 스폰서가 준비한 경품을 관람객들에게 선물한다. 아울러 경기 당일(7월 17일)을 기념해 울산웨일즈 팀 전체가 안타 7개, 홈런 1개, 탈삼진 7개 중 단 하나라도 달성할 경우, 당일 입장한 전 관객에게 다음 홈경기 시리즈(7월 25~27일, vs 두산) 중 1경기에 한해 사용할 수 있는 내야지정석 무료 초청 티켓을 증정한다. 김동진 울산 웨일즈 단장은 ""KBO 최초의 시민구단으로 출범한 첫해에 역사적인 누적 5만 관중을 돌파할 수 있도록 문수야구장을 채워주신 울산 시민들과 팬 여러분께 깊이 감사드린다""며 ""보내주신 사랑에 보답하기 위해 감사 혜택을 준비한 만큼, 많은 분이 방문하셔서 선수단과 함께 즐거운 추억을 만드시길 바란다""고 전했다. 한편 오는 17일 삼성전 홈경기 티켓은 티켓링크를 통해 예매할 수 있으며, 상세한 이벤트 정보는 구단 공식 홈페이지 및 사회관계망서비스(SNS)를 통해 확인할 수 있다. 박수진 기자 bestsujin@mtstarnews.com",https://v.daum.net/v/xPINYqu5vB
2026.07.13 17:07,KIA팬 피서지는 야구장…워터 캐논 장착! 홈런 치면 깜짝 선물까지 터진...,스포츠조선,"[스포츠조선 이종서 기자] KIA 타이거즈가 무더위를 날릴 이벤트를 준비했다. KIA는 21일부터 26일까지 광주 기아 챔피언스 필드에서 열리는 홈 6연전을 '쿠로미와 함께하는 핫 서머 페스티벌'로 치른다. KIA는 ""여름 휴가철 기간 야구장을 찾는 팬들이 경기 관람과 함께 무더위를 시원하게 날려버릴 수 있도록 다양한 이벤트를 기획했다""고 설명했다. 3루측 내야 응원석에 워터 캐논을 운영한다. 117블록부터 124블록에 이르는 넓은 구간에 워터 캐논을 설치해 관람객들이 물대포를 맞으며 시원함과 즐거움을 동시에 만끽할 수 있게 했다. 물대포는 득점과 안타가 나오는 매 순간마다 쏘아 올려진다. 중앙출입구 옆에는 쿠로미 에어벌룬, 현수막, 자이언트 배너를 설치해 인증샷을 남길 수 있는 포토존을 조성한다. 포토부스와 포토카드도 쿠로미 특별 디자인으로 적용된다. 선수단은 6연전 동안쿠로미 유니폼을 입고 경기에 나선다. KIA 선수가 홈런을 터뜨리면 쿠로미 응원 깃발 행진이 펼쳐친다. 홈런을 친 선수가 쿠로미 봉제인형 키링을 3루 서프라이즈석에서 관람하는 팬들에게 던져준다. 경기 중에는 기념품을 활용한 응원전이 펼쳐진다. 핫 서머 페스티벌의 문을 여는 첫날인 21일 경기에는 응원특별석 관람객에게 우산을 증정해 지난해에 이어 다시 한번 이색적인 우산 응원을 선보일 계획이다. 24일부터 26일까지 열리는 키움과의 3연전에는 '최강기아' 응원 타올을 배포해 멋진 타올 응원전을 진행한다. 티켓도 특별해진다. 핫 서머 페스티벌 기간 동안에는 쿠로미디자인이 적용된 지류 티켓이 발권된다. 이종서 기자 bellstop@sportschosun.com",https://v.daum.net/v/FTfriswauq
2026.07.13 16:56,[IS 포커스] 영크크? KBO는 ‘늙크크’ 전성시대,일간스포츠,"""올드 제너레이션, 우릴 불러 쟤네 영크크, 영크크!"" 그룹 코르티스의 노래에서 시작된 신조어 '영크크(영 크리에이터 크루)'는 트렌드에 민감한 젊은 세대를 상징한다. 하지만 올 시즌 KBO리그에서는 정반대의 감성이 통하고 있다. 경험과 클래스를 앞세운 베테랑들이 연일 기록을 갈아치우며 '늙크크' 전성시대를 열고 있다. '늙크크'의 대표적 인물은 '최고령 선수' 최형우(43·삼성 라이온즈)다. 지난겨울 자유계약선수(FA) 자격을 얻어 10년 만에 친정 팀으로 복귀할 당시만 해도 그에게 큰 기대를 걸기는 어려워 보였다. 하지만 그는 올 시즌 나이를 잊은 활약을 펼치며 삼성의 전반기 1위를 이끌었다. 최형우는 전반기 81경기에 출전해 타율 0.329(289타수 95안타), 12홈런, 66타점, OPS(출루율+장타율) 0.934를 마크했다. 출루율 4위, 타점 7위, 타율 8위에 오르며 여전히 최정상급 타격을 선보이고 있다. 아울러 통산 최다 안타(2681개)를 경신한 최형우는 KBO리그 최초 1000장타와 1800타점도 달성하며 또 한 번 역사를 새로 썼다. 세월을 이겨낸 건 최형우만이 아니다. '홈런왕' 최정(39·SSG 랜더스)은 전반기에만 홈런 17개를 터뜨리며 리그 최초 21시즌 연속 두 자릿수 홈런이라는 전인미답의 기록을 세웠고, 통산 4500루타도 돌파했다. '코리안 몬스터' 류현진(39·한화 이글스)은 지난 5월 24일 두산 베어스전 승리로 한국인 최초 한·미 통산 200승(KBO리그 122승·메이저리그 78승)을 달성했다. 류현진은 전반기에서 시즌 8승을 거두며 다승왕 경쟁도 이어가고 있다. 베테랑들의 활약은 팀 성적과도 맞닿아 있다. 전반기 1~3위를 차지한 삼성, LG 트윈스, KT 위즈 모두 노장들의 역할이 컸다. 삼성 마무리 김재윤(36)은 세이브 22개로 선두를 달리고 있다. LG 김진성(41)은 6승 16홀드 1세이브를 기록하며 불펜의 중심을 지켰다. KT 김현수(38)도 KBO리그 최초 17시즌 연속 100안타 달성을 눈앞에 두며 꾸준함을 과시했다. 이런 흐름은 메이저리그(MLB)와는 대조적이다. MLB에서는 구속 경쟁이 갈수록 치열해지면서 30대 중후반 베테랑들의 입지가 점점 좁아지고 있다. AP통신은 ""올 시즌 리그 평균 구속은 시속 94마일(약 151㎞)을 넘어섰고, 평균 구속 96마일 이상을 기록하는 선발 투수도 18명에 달한다""며 ""베테랑 선수들에게 과거처럼 대형 계약을 제안하는 사례는 드물다. 예전에는 경험과 리더십을 높이 평가했지만, 이제는 데이터를 기반으로 선수 가치를 냉정하게 평가하는 분위기""라고 전했다. 반면 KBO리그에서는 경험과 경기 운영 능력을 갖춘 베테랑들이 여전히 팀 전력의 중심축 역할을 해내고 있다. 전반기를 지배한 '늙크크' 열풍이 후반기에도 이어질 수 있을지 관심이 쏠린다. 김수민 인턴기자 bysumin@edaily.co.kr",https://v.daum.net/v/7nCITu0HDn
2026.07.13 16:44,"서울경찰청, '스타벅스 가야지'+'탱크데이' 배재고 모욕죄 불송치 처분 ...",엑스포츠뉴스,"(엑스포츠뉴스 김근한 기자) 배재고 야구부원들의 5·18 조롱성 응원 구호 사태가 형사 처벌 없이 마무리되는 분위기다. 피해 당사자인 광주일고까지 처벌을 원치 않으면서 향후 배재고의 6개월 출전 정지 징계의 감경 여부에 관심이 쏠리고 있다. 연합뉴스 보도에 따르면 박정보 서울경찰청장은 13일 오전 정례 간담회에서 배재고 야구부원의 모욕 혐의 수사와 관련해 ""피해자인 광주일고 쪽이 처벌 불원 의사를 표했다""며 ""모욕 혐의는 피해자가 처벌을 원치 않으면 처벌할 수 없는 범죄이기 때문에 그렇게 정리가 될 것 같다""고 밝혔다. 이어 ""진정을 제기한 본인이 진정 취소장을 제출하겠다는 의사를 밝혔다""고 덧붙였다. 모욕죄는 피해자의 고소가 있어야 수사할 수 있는 친고죄다. 피해자의 진정 취소장이 제출되면 경찰은 공소권 없음으로 사건을 검찰에 넘기지 않고 불송치 처분할 것으로 예상된다. 이번 사태는 지난달 29일 서울 목동구장에서 열린 제81회 청룡기 전국고교야구선수권대회 경기 도중 배재고 선수들이 광주일고 더그아웃을 향해 ""스타벅스 가야지"", ""탱크데이"" 구호를 외치면서 불거졌다. 5월 스타벅스 코리아가 5·18 민주화운동 기념일에 '탱크데이' 마케팅을 진행해 사회적 논란을 일으킨 사안을 그대로 끌어온 지역 비하성 조롱으로 해석되며 일파만파 번졌다. 광주일고는 지역 비하 및 조롱 발언에 대해 항의 서한을 대한야구소프트볼협회에 제출했다. 이에 대한야구소프트볼협회는 지난 1일 긴급 스포츠공정위원회를 열어 배재고에 전국대회 출전정지 6개월의 중징계를 내렸다. 이후 배재고 측에선 선처를 구하는 움직임이 이어졌다. 배재학당총동창회 김동연 회장은 지난 3일 대한야구소프트볼협회를 직접 찾아 탄원서를 제출했다. 김 회장은 탄원서에서 ""청룡기 대회 과정에서 발생한 일로 마음의 상처를 입은 광주일고 학생선수와 동문 여러분께 진심으로 거듭 사과드린다""며 ""후배들은 아직 배우고 성장하는 과정에 있는 학생들이다. 한 번의 경험이 평생의 교훈이 돼 더 성숙한 인재로 성장할 수 있도록 선처를 베풀어 달라""고 호소했다. 지난 6일 배재고 야구부원 36명 전원과 학부모, 교직원 등 86명이 광주일고를 직접 찾아 눈물의 사과를 전했고 국립 5·18 민주묘지도 함께 참배했다. 피해 당사자인 광주일고도 선처를 호소했다. 이규연 광주일고 교장은 ""대한야구소프트볼협회와 야구 관계자분들은 배재고 야구부 학생들이 경기장에서 새롭게 출발할 수 있도록 가능한 행정적 역량과 지혜를 모아주시기 바란다""고 전했다. 배재고도 지난 8일 6개월 출전정지 징계에 대한 재심을 신청하기로 결정했다. 대한체육회는 재심 신청 접수일로부터 60일 이내에 위원회를 열어 심의하고 의결을 완료해야 한다. 재심 기간 중 징계 효력이 자동으로 정지되지는 않는다. 배재고가 올해 남은 기간 출전할 수 있는 전국대회는 다음달 6일 개막하는 제54회 봉황대기전국고교야구대회뿐이다. 차기 위원회에서 징계가 대폭 감경되지 않으면 KBO리그 신인 드래프트를 앞두고 기량을 검증받을 무대 출전이 불가능해진다. 사진=연합뉴스 김근한 기자 forevertoss88@xportsnews.com",https://v.daum.net/v/qVnHBdMVZI
2026.07.13 16:39,"고준휘가 때리고 신재인이 넘겼다, 올스타전에서 그린 NC의 미래",스포츠경향,"지난 10일 잠실에서 열린 퓨처스리그 올스타전, 남부리그 올스타로 나간 고준휘가 4회 선두타자로 나가 우중간 안타로 출루했다. 후속 신재인이 힘껏 방망이를 잡아돌려 잠실 왼쪽 담장을 넘겼다. 경기 전 “오늘만큼은 무조건 홈런 친다는 생각으로 들어가겠다”더니 정말 홈런을 때렸다. 신재인과 고준휘는 지난해 신인 드래프트에서 나란히 NC 유니폼을 입었다. 아직은 경기에 나가는 날보다 못나가는 날이 더 많지만 의미 있는 성장의 시간을 보내는 중이다. 신재인은 1군 39경기에서 홈런 3개를 때렸다. 유격수 수비도 훈련 중이다. 장타를 때릴 수 있는 대형 유격수 재목으로 커가는 중이다. 고준휘도 19경기에서 32타수 9안타로 만만찮은 타격 실력을 뽐냈다. 둘 다 고민은 오히려 수비다. 신재인은 3루가 주포지션이지만 팀 사정상 1루로 나가는 경우가 잦았다. 고준휘는 중견수 자원으로 기대를 모았지만 수비 약점을 노출하며 최근에는 지명타자로 경기에 나갔다. 신재인은 “(4월3일) KIA하고 할 때 첫 실책을 했다. 제발 이 주자가 홈까지 가는 일은 없어야 한다고 계속 속으로 빌었다”고 했다. 신재인의 실책으로 1사 1, 2루가 됐다. 바로 다음 타자가 때린 공이 다시 1루에 있던 신재인에게로 향했다. 이번에는 실수 없이 병살로 이닝을 끝냈다. 신재인은 “바로 다음 타구가 또 저한테 오는데 그 짧은 순간에 아찔함과 안도감이 함께 몰려오더라”고 웃었다. 고준휘는 4월24일 한화전이 지금도 기억에 생생하다. 5회 2-2 동점에서 고준휘는 요나단 페라자의 좌익수 뜬공을 놓쳤다. 고준휘의 실책으로 끝날 수도 있었던 이닝이 계속됐고, NC가 역전까지 당했다. 고준휘는 “순간 머리가 좀 하얘졌다”고 당시를 돌아봤다. 누구나 실수는 한다. 실수로 흔들리지 않는 게 더 중요하다. 고준휘는 다음 이닝에도 수비를 나갔다. 한번 더 타구가 올 거 같다는 예감이 들었고, 실제로도 그랬다. 고준휘는 “강백호 선배님 타석이었는데 워낙 외야로 멀리 날리시니까, 저한테 올 거 같다고 생각했고 진짜로 공이 왔다. 그래도 다행히 공을 잡았다. 엄청 집중을 해서 그런지 타구가 슬로모션으로 오는 거 같았다”고 했다. 그렇게 아찔한 순간들을 겪어가며 두 사람은 차근차근 커 나가고 있다. 신재인은 대타로 나갈 상황이 많은데 어렵지 않으냐는 말에 “고등학교때까지는 대타로 나간 적이 거의 없어서 잘 몰랐다. 프로와서 대타로 한 번 나가 치는 게 정말 어렵다는 걸 느낀다”면서 “전민수 타격 코치님께서 팁을 많이 주신다. 대타는 특히 자신 있게 방망이를 돌리는 게 중요하다고 하셨다”고 했다. 고준휘는 최근 대전 원정에서 ‘몬스터월’을 넘겼다. 리그에서 손꼽히는 슬러거들도 쉽게 넘기기 힘든 담장이다. 고준휘는 “첫 타석 만루에서 삼진을 당했다. 날씨가 습해서인지 이상하게 방망이가 잘 안돌아간다는 느낌이 들었다. 두번째 타석 정확하게 홈런 친 바로 그 투구 전에 배트 그립을 손가락 한 마디 정도 짧게 잡았다. 그리고 나서 방망이를 돌렸더니 넘어가더라”고 했다. 그러면서 “연습 때 (박)건우 선배님이나 (박)민우 선배님들 치는 것도 정말 열심히 보고 있다. 포인트가 늘 일정하고, 큰 힘 들이지 않고도 계속해서 멀리 타구가 나가는 걸 보고 일정한 타이밍에 일정한 힘만 쓰면 좋은 타구가 나오는 구나 새삼 느꼈다”고 했다. NC는 지난해 신재인을 1라운드 전체 2순위로 뽑았고, 고준휘를 4라운드에 뽑았다. 귀한 상위 라운드 픽 두 장을 투수가 아닌 야수에게 투자했다. 그만큼 구단의 기대가 크다. 향후 NC 타선을 책임질 자원들이다. 어쩌면 당장 후반기부터 지금보다 더 강한 모습을 보일 수도 있는 두 사람이다. 치열한 순위 싸움에서 신재인, 고준휘 같은 신인들이 활력소 역할을 해준다면 시너지 효과는 대단히 크다. 심진용 기자 sim@kyunghyang.com",https://v.daum.net/v/XiMdkWvmzh
2026.07.13 16:35,그 감독에 이 선수들이라니…한화이글스 상반기 엇갈린 평가,충청투데이,"[충청투데이 권혁조 기자] ◆ 아쉬운 전반기 6위… BEST 강백호·류현진, WORST 김경문 6위로 아쉽게 전반기를 마친 한화이글스(40승 2무 40패)의 투·타 최고의 선수는 단연코 강백호와 류현진. 강백호는 전반기 78게임에 나와 300타수 94안타, 타율 0.313(10위), 홈런 23개(3위), 2루타 17개(14위), 타점 85개(1위), 득점 50개(10위), 볼넷 36개(21위), 출루율 0.384(15위), 장타율 0.600(5위), ops 0.984(4위), wRC+(조정 득점 창출력) 152.1(5위), WAR(대체선수대비승리기여도) 3.36(7위) 등 도루를 제외한 공격 대부분의 부문에서 리그 최정상급의 성적을 기록했다. 특히 득점권 상황에서 타율 0.393, 7홈런, 63타점을 쓸어 담으며 전 세계 타점왕이라는 찬사를 들었다. 또 4번 노시환의 부진으로 팀의 4번 타자로 나선 뒤에도 타율 0.326, 19홈런, 60타점을 올리며 한화가 자랑하는 '페문강노허·(탱)' 핵타선의 중심을 잡았다. 지명타자로만 나서고 있음에도 4년 총액 100억원의 계약이 헐값으로 느껴질 정도. 지난 11일 2026 KBO 올스타전에서 미스터 올스타를 차지한 허인서도 전반기 득점권 타율 0.396, 5월에만 홈런 9개를 몰아치는 등 타율 0.292, 12홈런, 45타점으로 올 시즌 신인왕을 예약하는 활약을 펼쳤다. 투수진에서는 류현진이 불혹을 앞둔 나이에도 왜 그가 대한민국 역사상 최고의 투수인지 보였다. 류현진은 전반기 15게임에 나와 8승 2패(다승 2위), 평균 자책점 2.67(4위), 82과 3분의 2이닝(17위), QS 9번(9위), WHIP(이닝당출루허용률) 1.06(2위), BB/9(9이닝당 볼넷) 1.13(1위), K/BB(볼넷당삼진) 6.36(3위), WPA(승리확률기여도) 2.56(4위), WAR 2.76(4위) 등을 기록했다. 이글스 팬들조차 류현진의 나이나 체력을 감안, 팀의 4~5선발급 활약 정도를 기대했지만 KBO 전체 투수를 통틀어도 기아 올러와 1·2위를 다툴 만큼 최고의 활약을 한 것이다. 여기에 1선발 오웬 화이트의 개막전 부상 이탈, 대전 왕자 문동주의 부상, 엄상백의 이탈 등 선발진의 붕괴에도 류현진과 선발 한 축을 담당한 왕옌청도 전반기 수훈 선수로 빼놓을 수 없다. 이에 비해 전반기 WORST를 꼽는다면 김경문 감독. 김 감독은 시즌 초 마무리 김서현의 극심한 난조와 4번 노시환의 부진에도 특유의 믿음의 야구를 앞세워 두 선수를 마무리와 4번으로 기용하는 고집을 꺾지 않는 등 지난 4월 14일 삼성과의 경기에서 사사구로만 6점을 내주며 역전패하는 초유의 사태를 만든 장본인으로 지목된다. 또 황준서·정우주·조동욱 등 한화의 10년을 책임져야 할 영건들의 혹사 논란과 선발·불펜을 오가는 마구잡이식 기용, 헤드샷을 맞은 노시환의 경기 출전 강행, 채은성의 안타성 타구 비디오 판독 외면 등 선수 운용에 이글스 팬들의 분노를 일으키며 김 감독의 경질을 촉구하는 트럭시위까지 불러왔다. 이후 노시환과 김서현의 2군 조정, 타순 조정 등 다소 유연한 태도로 바뀌었다는 평도 있지만 이해하기 어려운 경기 초반 번트작전과 경기 후반 대주자 기용 등은 계속됐다. 팀 타율 0.274(4위), 홈런 95개(2위), 득점 481(2위), 병살타 57개(9위) 등 리그 상위권의 공격력과 팀 평균 자책점 4.50(6위)에도 선발 평균 자책점 4.05(2위)을 기록하는 등 나쁘지 않은 세부 투·타성적에도 겨우 5할 승률에 턱걸이한 것은 김 감독의 아쉬운 경기 운용 탓이라는 게 이글스 팬들의 중론이다. ◆ 키움 히어로즈와 후반기 4연전 돌입… 최소 3승 1패해야 가을야구 보인다. 한화는 16~19일 대전한화생명볼파크에서 키움 히어로즈와 4연전을 시작으로 후반기 일정에 돌입한다. 지난 6월 방망이가 살아나며 내심 상위권 진출을 노리던 한화의 분위기가 차갑게 식었던 데는 키움과의 고척 3연전을 모두 내줬기 때문. 한화는 지난달 12~14일, 2026 신한은행 SOL Bank KBO리그 키움과의 경기에서 각각 3대 4, 1대 3, 2대 3으로 모두 패하며 하위권 추락 위기를 겪었다. 상위권 진출을 노리는 팀이라면 10위 키움과는 최소 2승 1패 위닝시리즈는 거둬야 본전이나 마찬가지. 올 시즌 한화의 가을야구 진출은 이번 키움과의 4연전을 통해 가늠해 볼 수 있을 전망이다.(예상성적 한화 3승 1패) 권혁조 기자 oldboy@cctoday.co.kr",https://v.daum.net/v/QyEWZ9B3id
2026.07.13 16:33,"‘불꽃야구2’ 오승환, 550S ‘ㄷㄷㄷ’",스포츠경향,"성남고를 두려움에 떨게 하는 남자 오승환의 등장에 ‘지명 수비’ 정훈과 환상의 콤비를 구축한다. 파이터즈의 자랑(?)인 하위타선은 상대 비밀병기에 맞서 화력을 집중한다. 13일 오후 8시 공개되는 스튜디오C1 야구 예능 프로그램 ‘불꽃야구2’ 9화에서 불꽃 파이터즈는 시즌 다섯 번째 승리를 위해 뜨거운 열의를 불태운다. 파이터즈는 코치의 전력 분석과는 다른 성남고의 투수 기용에 당황한다. 빠른 구속을 자랑하는 성남고 비밀병기와 마주친 선수들은 순간 긴장하면서도 최근 타격감이 매서운 하위타선에게 기대를 건다. 특히 ‘작두 해설’로 불리는 해설위원 김선우는 키플레이어로 박재욱과 김재호를 언급하고 그의 예언처럼 두 사람은 화려한 퍼포먼스를 보여주며 현장을 뜨겁게 달군다. 팀 내 타율 상위권에 올라있는 이들이 보여줄 슈퍼스타 모먼트에 관심이 집중된다. 파이터즈의 방망이가 상대 마운드를 위협하기 시작한 가운데, ‘끝판 대장’ 오승환이 등장하면서 경기장의 열기는 최고조에 달한다. 성남고 선수들은 마운드에 오른 오승환을 보며 두려움에 떨지만 레전드 투수와 승부할 수 있는 기회에 내심 설렘을 드러낸다. 본격적인 승부에 나선 오승환은 묵직한 구위로 상대를 압박하고 여기에 지명 수비(?) 정훈의 특급 조력까지 더해지며 베테랑의 품격을 증명한다. 이번 등판이 오승환에게 더욱 뜻깊은 이유는 ‘세이브 기록’ 때문이다. 한미일 통산 549세이브를 달성한 그는 1개를 더 추가하면 550세이브라는 금자탑을 세우게 된다. 대기록의 희생양이 될 수 없는 성남고는 이를 저지하기 위해 총력을 다한다. 은퇴 후 맞이한 영광의 순간, 오승환이 새로운 역사를 쓸 수 있을지 본방사수 욕구가 상승한다. 550세이브라는 대기록을 향한 위대한 도전의 현장, 그 전율 돋는 승부는 13일 오후 8시 스튜디오C1 공식 유튜브 채널을 통해 확인할 수 있다. 손봉석 기자 paulsohn@kyunghyang.com",https://v.daum.net/v/GCPpqex20k
2026.07.13 16:27,"'여름아 부탁해' 두산, 무신사와 베이스볼 바캉스 컬렉션 선보여",마이데일리,"[마이데일리 = 류한준 기자] 프로야구 두산 베어스가 올 여름 팬들을 위해 특별한 상품을 출시했다. 두산 구단은 13일 무신사와 협엽해 '베이스볼 바캉스 컬렉션'을 선보인다고 알렸다. 이번 컬렉션 콘셉트는 '뜨거운 그라운드 위로 찾아온 가장 시원한 휴식'이다. 구단은 ""한여름 야구장을 찾은 팬들에게 시원한 휴식을 선사하고 승부에 따르는 긴장감도 시원하게 날려버릴 서머 컬렉션으로 풀어냈다""고 설명했다. 이번에 선보이는 컬렉션은 △메쉬 저지 △카라 저지 △반소매 티셔츠 △컵홀더 인형키링 △짐색 △장패드 등으로 구성됐다. 구단은 ""하와이안 셔츠를 입은 '알로하 철웅이'를 메인으로 활용해 힙하고 여유로운 감성을 한껏 녹였다""고 소개했다. 베이스볼 바캉스 컬렉션은 오는 15일 오후 12시부터 무신사 온라인 스토어에서 한정판 서비스인 '무신사 드롭'(MUSINSA DROP)을 통해 한정 판매된다. 해당 컬렉션에 대한 자세한 발매 일정과 정보는 무신사 앱에서 확인할 수 있다. 류한준 기자 hantaeng@mydaily.co.kr",https://v.daum.net/v/PpubPAaemS
2026.07.13 16:27,"구자욱도 정수빈도 맞다...올스타전 예능 모드,  클리닝타임쇼 전까지는 ...",일간스포츠,"지난 11일 막을 내린 2026 KBO리그 올스타전. 류현진(한화 이글스) 양의지(두산 베어스) 등 십수 년 동안 한국 야구를 이끌어 온 베테랑들과 현재 넘버원 아이콘 김도영(KIA 타이거즈) 포함해 1990년대 후반부터 2000년대 초반 출생 젊은 스타들이 조화를 이뤄 축제 열기를 고조시켰다. 하나의 화두도 떨어졌다. 2019년 올스타전부터 베스트 퍼포먼스상이 신설됐고, 이후 출전 선수들이 저마다 감춰왔던 '예능감'을 발휘하기 시작했는데, 여러 면에서 그 수위가 너무 과해졌다는 지적이 나온 것. 야구를 잘해 뽑힌 올스타가 춤에 더 힘을 쏟고 있는 걸 불편하게 보는 시선이 있었다. 거의 모든 선수가 퍼포먼스를 하다 보니 다소 지루하다는 목소리도 나왔다. 앞서 불을 지핀 일이 있었다. 지난 9일 LG 트윈스와의 티빙(뉴미디어 중계권사) 슈퍼매치 수훈 선수 인터뷰에 나선 삼성 라이온즈 간판타자 구자욱이 퍼포먼스 관련 비중이 많아진 올스타전에 대한 소신을 전한 것. 전력으로 경기를 치르고 싶은데, 분장을 하면 장난처럼 보일까 우려된다는 게 요지였다. 인터뷰를 진행한 박지영 아나운서가 구자욱의 잘생긴 외모를 강조하기 위해 ""딱히 노력 없이 얼굴로 밀어 붙여 베스트12(올스타)가 됐다""라고 언급한 뒤, 올스타 팬 투표를 어필하기 위해 '사전' 퍼포먼스를 한 정수빈(두산 베어스) 얘기도 꺼내 오해가 더 커졌다. 구자욱은 '그렇게 뽑히셨으니까 그래도 하셔야 한다'라며 말을 아끼려고 했지만, 오히려 이게 비아냥댔다는 오해를 샀다. 결국 이 상황에 대하 구자욱도 박지영 아나운서도 사과를 했다. 구자욱은 평소 정수빈가 친한 사이다. 박지영 아나운서는 야구 현장을 15년 누린 베테랑이다. 올 시즌 올스타 팬 투표에서는 두산 베어스 선수들 약진이 두드러졌다. 공식 유튜브 채널(베어스 티비) 제작진과 선수들이 합심해 재기 있는 홍보 영상을 제작하고 팬들의 투표를 독려한 게 큰 효과를 봤다. 지난 5월 걸그룹 아이오아이의 타이틀곡 갑자기 후렴구와 양의지의 응원곡 멜로디가 비슷해 가사와 양의지 이름이 합성된 문구(자려고 누웠는데 양의지)가 화제를 모았고, 베어스 티비는 이를 호기 삼아 팬들에게 더 다양한 즐거움을 선사하려고 했다. 많은 선수들이 호응했다. 최근 유행하는 '갸루' 퍼포먼스를 한 정수빈도 그중 한 명이다. 그는 '잠실 아이돌'로 불리는 인기 선수다. 득표를 위해서가 아닌 팬 서비스가 우선이었다고 볼 수 있다. 팬 반응도 뜨거웠다. 올스타전이 스포츠의 본질에 어긋나 있다는 의견은 이미 오래전부터 나왔다. 심지어 미국 프로 스포츠에서도 마찬가지다. 멋진 경기를 보여줘야 한다는 현장과 팬의 목소리가 반영돼 수많은 포맷이 등장했다. 올스타전 당일 정수빈에게 사과했다고 밝힌 구자욱은 오해로 난처해진 상황에서도 '진지한 경기를 원하는 팬들도 있다'라는 자신의 소신을 재차 강조했다. 퍼포먼스를 두고 스트레스를 받는 선수가 있으면 안 된다. 하지만 누군가는 단 하루 정도는 냉정한 승부에서 벗어나 야구 외적인 즐거움을 선사하고 싶은 마음도 있을 것 같다. 누구도 '망가져야 한다'라고 강요하지 않았지만, 평소 이미지를 깨고 재기 있는 모습을 보여준 선수도 많다. 그게 프로야구의 최전성기를 만들어준 팬들에게 보답하는 길이라고 믿는 것이다. 2027년 올스타전에서 퍼포먼스상이 없어져 흥이 사라진다면, 논란의 불씨를 지핀 구자욱은 더 난처해질 것 같다. 너무 진지하면 부상 위험도 있다. 결국 적정선이 있어야 한다. 본 경기에서 일방적인 양상을 보이면, 지고 있는 팀은 추격에 집중할 필요가 있다. 5회가 넘어간 뒤에는 양 팀 모두 이기기 위한 플레이를 해야 한다. 마침 클리닝타임 공연이 장내 기운을 환기시킬 수 있다. 그전까지는 팬들에게 웃음을 줄 수도 있어야 한다. 안희수 기자 anheesoo@edaily.co.kr",https://v.daum.net/v/0oyfewkLIU
2026.07.13 16:26,프로야구 16일 후반기 개막...개막전과 동일한 대진 4연전,마니아타임즈,"엿새간의 올스타 휴식기를 마친 프로야구 10개 구단이 개막전 상대와 다시 마주하며 후반기를 연다. 16일 재개되는 대진은 개막전과 똑같이 짜였다. 다만 개막 때는 2연전이었지만 이번엔 4연전이다. kt-LG(잠실), KIA-SSG(인천), 키움-한화(대전), 롯데-삼성(대구), 두산-NC(창원)가 맞붙는다. 개막 2연전에서 kt·SSG·한화·롯데는 연승했고, 당시 연패했던 LG·KIA·삼성·키움은 설욕을 벼른다. 2위 LG와 3위 kt의 대결이 가장 눈길을 끈다. 상대 전적 5승 3패로 앞선 kt는 3.5경기 차를 좁힐 기회를 잡았다. 4위 KIA는 선두권과 5위권 사이 샌드위치 신세에서 벗어날 해법을 찾아야 하고, 9위로 처진 SSG는 이번 4연전을 반등의 발판으로 삼을 참이다. 11년 만에 전반기를 1위로 마친 삼성과 롯데의 일전도 볼 만하다. 삼성은 LG와의 3연전에서 2승 1패를 거둬 승률 2리 차로 선두에 올라섰고, 가을야구 가능성을 보인 롯데도 첫 단추가 중요하다. 후반기에는 새 외국인 선수들이 데뷔를 기다린다. 우완 페드로 아빌라(SSG), 스위치 타자 유니오르 세베리노(두산), MLB 통산 32승의 크리스 페덱(삼성)이 출전을 앞뒀다. 대기록의 포문은 류현진(한화)이 연다. 그는 탈삼진 1개만 보태면 한미 통산 2천500탈삼진에 도달한다. 최형우(삼성)는 통산 2천700안타에 19개, 최정(SSG)은 550홈런에 13개를 남겨두고 있다. [김선영 마니아타임즈 기자 / maniareport@naver.com] 기사제보 및 보도자료 report@maniareport.com",https://v.daum.net/v/QkMOWzUZYw
2026.07.13 16:21,"KIA, 21~26일 홈 6연전 쿠로미와 함께하는 핫 서머 페스티벌 개최...",스포탈코리아,"[SPORTALKOREA] 오상진 기자= KIA 타이거즈가오는 21일부터 26일까지 광주-기아 챔피언스 필드에서 열리는 홈 6연전을 '쿠로미와 함께하는 핫 서머 페스티벌'로 치른다. 여름 휴가철 기간 야구장을 찾는 팬들이 경기 관람과 함께 무더위를 시원하게 날려버릴 수 있도록 다양한 이벤트를 기획했다. 우선 3루측 내야 응원석에 워터 캐논을 운영한다. 117블록부터 124블록에 이르는 넓은 구간에 워터 캐논을 설치해 관람객들이 물대포를 맞으며 시원함과 즐거움을 동시에 만끽할 수 있게 했다. 물대포는 득점과 안타가 나오는 매 순간마다 쏘아 올려진다. 중앙출입구 옆에는 쿠로미 에어벌룬, 현수막, 자이언트 배너를 설치해 인증샷을 남길 수 있는 포토존을 조성한다. 포토부스와 포토카드도 쿠로미 특별 디자인으로 적용된다. 선수단은 6연전 동안 쿠로미 유니폼을 입고 경기에 나선다. 타이거즈 선수가 홈런을 터뜨리면 쿠로미 응원 깃발 행진이 펼쳐지며, 홈런을 친 선수가 쿠로미 봉제인형 키링을 3루 서프라이즈석에서 관람하는 팬들에게 던져준다. 경기 중에는 기념품을 활용한 응원전이 펼쳐진다. 핫 서머 페스티벌의 문을 여는 첫날인 21일 경기에는 응원특별석 관람객에게 우산을 증정해 지난해에 이어 다시 한번 이색적인 우산 응원을 선보일 계획이다. 24일부터 26일까지 열리는 키움 히어로즈와 3연전에는 '최강기아' 응원 타올을 배포해 멋진 타올 응원전을 진행한다. 한편 핫 서머 페스티벌 기간 동안에는 쿠로미 디자인이 적용된 지류 티켓이 발권되며, 이벤트와 관련된 세부 내용은 구단 공식 SNS에서 확인할 수 있다. 사진= KIA 타이거즈 제공",https://v.daum.net/v/Bsd9ux6bnJ
2026.07.13 16:20,"[프로야구 주간전망] KT, 2위 LG와 원정 4연전...올스타전 휴식기...",중부일보,"프로야구 KT 위즈가 LG 트윈스와의 원정 4연전으로 후반기를 시작한다. 13일 현재 47승1무35패로 3위인 KT는 16~19일 잠실야구장서 2위 LG(52승33패)와 맞대결을 펼친다. 최근 분위기는 KT가 우위에 있다. KT는 전반기를 3연승으로 기분 좋게 마무리한 반면, LG는 삼성 라이온즈와의 전반기 마지막 3연전서 1승2패에 그치며 1위 자리를 내줬다. 이번 4연전은 올스타전 휴식기 후 펼쳐지는 첫 경기라 투수들의 활약이 승부를 좌우할 전망이다. 투수들이 전반기를 마친 후 휴식을 취했고 1~4선발이 차례로 출격할 예정이기에 양팀의 승부는 투수전으로 전개될 것으로 예상된다. KT는 사우어·소형준·로건·고영표를 출격시킨다. 홈런이 적게 나오는 잠실야구장에서의 승부인 만큼 투수들은 타자들과 적극적인 승부를 펼칠 필요가 있다. 특히 4연전 첫 번째 투수로 등판하는 사우어는 리그서 가장 많은 볼넷을 내주고 있어, 볼넷으로 LG 타선에 득점 기회를 주는 것을 경계해야 한다. 또 사우어에 이어 경기에 나서는 소형준·고영표는 내야 땅볼을 많이 유도하고 잠실은 외야가 넓기 때문에 수비 집중력을 끌어올려야 한다. LG와의 4연전이 투수전으로 예상되는 만큼 승부서 우위를 점하기 위해선 견고한 수비가 필수적이다. 타선서는 LG에 강한 최원준과 샘 힐리어드의 역할이 중요하다. 최원준은 올 시즌 LG를 상대로 타율 0.400로 강세를 보이고 있고 힐리어드는 잠실서 타율이 0.516에 달하며 LG를 상대로 홈런도 때려낸 바 있다. 이밖에 부상 복귀 후 아직 타격감이 정상궤도에 오르지 못한 안현민과 7월 들어 1할대 타율을 기록 중인 베테랑 김현수·김민혁·김상수가 분발해줘야 LG를 상대로 우위를 점할 수 있다. 한편, 9위 SSG 랜더스(31승3무52패)는 문학야구장서 KIA 타이거즈와 홈 4연전을 치른다. SSG는 2주 전 광주 원정서는 1무2패에 그쳤지만 KIA의 주축 투수들이 문학서 고전했다는 점에 기대를 걸고 있다. 특히 마무리로 복귀하는 정해영이 문학서 통산 평균자책점이 8.64에 달하고 최근 KIA의 중간 투수들이 부진했던 만큼 경기 후반 득점 기회를 잡았을 때 집중 공략에 나서야 한다. 조승화 기자",https://v.daum.net/v/HpqRdrEoDJ
2026.07.13 16:13,빅리그 출신 좌타자 마드리스 한국 오나?,에스티엔,"[STN뉴스] 배영수 기자┃피츠버그와 휴스턴, 디트로이트 등 메이저리그에서 활약했던 좌타자 블라이 마드리스의 한국행 예정 소식이 전격 발표됐다. 아직 어느 팀으로 갈 지가 분명하지 않은 가운데 일각에서는 기예르모 에레디아의 부상 소식이 전해진 SSG 랜더스로 갈 가능성도 점쳐진다. 미국 스포츠 매체 'MLB 트레이드 루머스'가 한국시간으로 13일 보도한 내용에 따르면, 세인트루이스 카디널스(STL)가 최근 마드리스를 방출한 것으로 알려졌다. 이어 STL 전문 매체로 알려진 '더 카디널 네이션'은 마드리스가 KBO리그 구단과 계약하기 위해 이적한다고 보도했다. 다만, 한국시간으로 13일 오후 4시 현재까지의 보도로는 그가 접촉중인 KBO 구단이 확실한지 혹은 어떤 구단과 교류하고 있는지 등은 정확히 공개되어 있지는 않다. 소식을 전해들은 팬들은 마드리스가 한국에 온다면 SSG와의 계약을 하는 게 아니냐는 추측을 하고 있다. 최근 SSG는 외국인 타자 에레디아가 왼쪽 어깨 회전근개 부상을 당했다는 소식을 전했기 때문. 특히 에레디아는 올 시즌엔 전반적으로 부진하다 이달 초부터 안타를 계속 쳐내며 자신의 경기력을 회복하던 중 부상을 당했다 보니 팬들이 적잖이 아쉬워하고 있는 상태인데 회복속도에 대부분 상당한 시간이 걸리는 회전근개 부상을 감안하면 마드리스가 에레디아를 대체하는 게 아니냐는 추측도 할 만 하다. 다만 SSG가 올 시즌 외국인 투수를 모두 교체해 이미 한 시즌 당 교체 가능횟수를 모두 써버린 상태라, 만약 마드리스가 SSG행을 택한다면 그는 자연히 '6주짜리 한시 외국인 선수'가 될 가능성이 크다. 마드리스는 지난 2017년 9라운드 전체 268번 순위로 피츠버그에 입단했던 선수다. MLB에 본격적으로 모습을 보인 시기는 2022년이라고 할 수 있는데 당해 피츠버그를 거쳐 이듬해 휴스턴, 2024년 디트로이트에서 각각 빅 리그에서 뛰었다. 그 3년동안의 기록은 228타수 42안타(.204), 출루율 .273, 장타율 .286으로 눈에 띄는 활약은 아니었다. 2024년 디트로이트에서 .269의 타율이 커리어 하이 기록. 마이너리그로 이관된 지난해에는 부상 여파로 마이너리그 60경기 출전에 그치며 빅리그 무대를 밟지 못했다. 올 시즌을 앞두고 STL과 마이너 계약을 한 그는 STL 산하 트리플A서 284타수 타율.277에 14홈런, 출루율 0.389, 장타율 0.519를 기록했다. 해외 리그는 2020~2021시즌 호주리그(ABL)에서 뛴 것이 전부다. 수비는 내야 1루와 외야 수비가 가능한 선수다. ※STN뉴스 보도탐사팀 제보하기 당신의 목소리가 세상을 바꾸고, 당신의 목소리가 권력보다 강합니다. STN뉴스는 오늘도 진실만을 지향하며 여러분의 소중한 제보를 기다립니다. ▷ 전화 : 1599-5053 ▷ 이메일 : news@stnsports.co.kr ▷ 카카오톡 : @stnnews / STN뉴스=배영수 기자 gigger@stnnews.co.kr ▶STN 뉴스 공식 모바일 구독 ▶STN 뉴스 공식 유튜브 구독 ▶STN 뉴스 공식 네이버 구독 ▶STN 뉴스 공식 카카오톡 구독",https://v.daum.net/v/1Vd9fgnQjZ
2026.07.13 16:12,"'공주' 최원준, ""원래 말이 많나요?"" 묻자→돌아온 뜻밖의 대답 [HO...",스타뉴스,"[스타뉴스 | 신화섭 기자] KT 위즈 최원준(29)은 지난 11일 서울 잠실구장에서 열린 2026 KBO 올스타전에서 '공주' 퍼포먼스를 했다. 경기 도중 말을 많이 하는 모습이 중계에 자주 잡혀 팬들이 '공주(공포의 주둥XX)'라는 별명을 붙여줬기 때문이다. 지난 9일 수원 KT위즈파크에서 만난 최원준에게 별명에 대해 묻자 ""평소 말을 아끼다 보니 그런 것 같다""고 뜻밖의 대답이 돌아왔다. [최원준 HOT 인터뷰] ① 독하게 이뤄낸 타율 1위 ""자꾸 '멘탈' 얘기... 내가 어떤 성적 내는지 보여주고 싶었다"" ② '공주' 최원준, ""원래 말이 많나요?"" 묻자→돌아온 뜻밖의 대답 ③ '206안타 페이스' 최원준 ""사실 200안타는 데뷔 때부터 꿈꾼 목표"" 1편에서 이어집니다. - 어려운 시간들을 거친 뒤에 마침내 빛을 보고 있는데요. 올해 야구 하는 기분이 어떻습니까. ▶ 잘 된다고 들뜨지 않으려 하고, 안 된다고 뭔가 불안해 하거나 너무 깊게 빠져들지 않으려 하고 있습니다. 평정심이라고 하죠. 그냥 그렇게 야구를 하고 있는 것 같아요. 야구라는 게 제가 하고 싶다고 결과가 나오지도 않고, 또 잘 맞아도 아웃될 수 있는 거고. 1년을 똑같이 할 수 있는 게 제일 어렵다고 생각을 해 그냥 늘 같은 마음으로 하려고 합니다. - 이제 곧 첫 딸이 태어난다고 들었습니다(8월 초 예정). 마음가짐이 달라지지 않나요. ▶ 큰 영향이 있죠. 이제 아빠가 되는 건데, 제가 야구장에서 늘 욕심과 열정을 갖고 해 왔지만 너무 승부에만 급급하고 결과를 내려고 하는 모습이 때로는 좋지 않게 보일 수 있다는 생각이 들어요. 아웃될 수도 있고 삼진 먹을 수도 있고 하니까.... 그런 마음들을 유지하는 데 도움이 많이 되는 것 같습니다. - 부인(2023년 12월 결혼)이 출산을 앞두고 많이 힘든 시기인데요. ▶ 와이프가 워낙 좋은 성격이라 별로 내색을 하지 않아요. 입덧이 좀 심해서 먹는 것에 고생을 했는데, 그럼에도 힘들다는 얘기도 안 하고 저를 편하게 해주려고 합니다. - 오른팔에 '아무도 나를 믿어주지 않아도 나 스스로를 믿자(Believe in self even when no one else does)'라는 뜻의 영어 문신이 있다고 들었습니다. 어떤 계기가 있었나요. ▶ 제가 할 수 있는 값어치는 여기가 끝이 아니라고 생각하는데.... 분명 빛나는 시기가 올 거라 믿어 새기게 된 것 같아요. 근데 요즘은 그냥 있는지도 까먹고 가끔 거울 봐야 알고 그러네요.(웃음) - 별명이 '공주'잖아요. 원래 말이 많은 편인가요. ▶ 한 번 얘기할 때는 많이 하는 편이라.... 평소에 말을 아끼려고 해서 관심 있는 분야가 있을 때만 말을 좀 많이 하는 것 같아요. 사람이 생각이 든다고 다 말을 하는 건 아니니까, 그래서 말을 아껴뒀다가 그런 분야가 터지면 그때 좀 얘기를 많이 하는 편이예요. - 별명에 비속어가 들어 있는데요. 괜찮은가요. ▶ 마음에 안 들어도 팬분들이 그러신다는데, 제가 뭐.... 크게 개의치 않는 것 같아요. - 올해 5월 타율이 무려 0.450이었는데 6월 0.337, 7월 0.308로 살짝 주춤하고 있습니다. 여전히 잘 치고는 있습니다만. ▶ 제 생각엔 그냥 5월에는 운이 좋았고 제가 칠 수 있는 공도 많이 들어왔는데 6월 되니까 운이 좀 없었던 것 같아요. 잘 맞은 타구가 많이 잡히고, ABS에 걸치는 공도 6월에 많이 생겼고. 제가 컨트롤할 수 있는 부분은 아니니까 그냥 똑같이 하고 있습니다. 계속 5월처럼 칠 수는 없잖아요. 좀 떨어질 시기가 된 거고, 이제 올라갈 시기가 오지 않을까 생각하고 있어요. - 시즌도 중반을 넘었고 여름이라 더욱 힘든 시기인데요. 체력 관리는 어떻게 하고 있나요. ▶ 코치님들이 배려를 많이 해주셔서 운동도 몇 번 쉬게 하고 준비를 저한테 맡겨 주시고요. 트레이닝 파트에서도 옆에서 항상 신경을 많이 써주셔서 도움이 많이 되고 있습니다. (이강철) 감독님께서도 항상 '안 힘드냐'고 물어보시고 '좀만 힘들면 얘기해 달라'고 말씀해 주세요. - 야구장 밖에서는 쉬는 날 같은 때 어떻게 스트레스를 풀고 있나요. ▶ 와이프랑 맛있는 것도 먹고 다른 곳도 가보고.... 그렇게 푸는 것 같아요. [최원준 HOT 인터뷰] 3편으로 이어집니다. 신화섭 기자 evermyth@mtstarnews.com",https://v.daum.net/v/pvc04aLxT3
2026.07.13 16:12,"하영민 솔직 고백 ""트레이드설? 정작 저는 금시초문, 생각도 안했다→종신...",스타뉴스,"[스타뉴스 | 고척=박수진 기자] 키움 히어로즈가 팀의 프랜차이즈 투수 하영민(31)과 8년 총액 80억 원의 초대형 비FA 다년 계약을 체결하며 마운드 안정화를 이뤄낸 가운데, 이번 시즌 내내 야구계를 뜨겁게 달궜던 트레이드 루머에 대해 당사자인 하영민이 직접 입을 열었다. 결론은 '금시초문'이자 '무관심'이었다. 구단과 초대형 장기 계약을 체결하며 사실상 원클럽맨으로서의 미래를 약속한 하영민은 13일 서울 구로구에 위치한 고척스카이돔에서 진행된 훈련을 모두 마친 뒤 자신을 둘러싼 트레이드설에 대해 ""왜 그런 이야기가 나왔는지 솔직히 잘 모르겠다""며 덤덤한 반응을 보였다. 키움 히어로즈는 13일 오전 투수 하영민과 계약기간 8년(2027~2034년), 총액 80억 원 규모의 비FA 다년계약을 맺었다고 공식 발표했다. 이는 키움 구단 역사상 실제로 실행된 비FA 다년계약 가운데 최대 규모이자, KBO리그 역대 투수 비FA 다년계약 기준으로도 류현진, 김광현 등에 이어 역대 6번째에 해당하는 초대형 계약이다. 2027시즌부터 해당 계약이 적용된다. 구단의 전폭적인 신뢰 속에 이제 사실상 '종신 히어로즈맨'을 선언한 하영민이지만, 최근까지도 그를 둘러싼 정체불명의 트레이드 루머가 야구계를 맴돌았던 것이 사실이다. 13일 고척돔에서 만난 하영민은 야구계에서 트레이드 관련 이야기가 돌았다는 소문에 대한 스타뉴스의 질의에 ""주변에서 다른 야구장을 가면 우리 구단 다른 선수들이 저에 대해 '우리 팀 오냐', '몇 선발이다'라는 식의 이야기를 듣는다고 하던데, 정작 저에게 와서 직접 그렇게 이야기해 준 선수는 단 한 명도 없었다""며 외부의 소문과 달리 현장에서는 아무런 기류가 없었음을 명확히 했다. 이어 하영민은 ""들어본 적도 없고, 직접 찾아와서 그렇게 말한 선수도 없어서 왜 그런 소문이 났는지 의아하다""고 덧붙였다. 선수 입장에서 외부에서 끊임없이 도는 트레이드설은 스트레스가 될 법도 한 상황. 하지만 하영민은 고개를 저었다. 그는 ""애초에 트레이드가 될 거라는 생각 자체를 아예 안 하고 있었기 때문에 사실 외부 언급에 대해서는 크게 신경 쓰지도 않았다""며 대범한 면모를 보였다. 하영민이 주변의 흔들기에도 흔들리지 않을 수 있었던 배경에는 구단에 대한 깊은 애정과 신뢰가 있었다. 2014년 신인드래프트 2차 1라운드로 입단해 올해로 13년 차를 맞이한 그는 최근 2년 연속 150이닝 이상을 소화하며 팀 선발진의 든든한 버팀목으로 활약해왔다. 구단 역시 중장기 전력 구상의 핵심으로 하영민을 낙점하고 신속하게 계약을 추진했다. 하영민은 ""처음에 계약을 제안 받았던 당시에는 사실 어리둥절했다. 고민을 하기에는 대우를 너무 잘해주신 것이기 때문에 제안에 너무 감사한 마음뿐이었다""고 협상 과정을 떠올렸다. 시즌 종료 후 FA(프리에이전트) 시장에 나가는 것에 대한 고민은 없었을까. 하영민은 자신의 커리어를 냉정하게 짚으며 속내를 털어놨다. 2014시즌 데뷔한 하영민은 2024시즌 거둔 9승(8패)이 개인 한 시즌 최다승이다. 2016시즌(3.14)과 2022시즌(3.43) 3점대 평균자책점을 마크한 적이 있으나 이는 모두 불펜 보직이었고, 본격적으로 선발 전환을 이룬 2024시즌 이후로는 아직 3점대 평균자책점이나 두 자릿수 승리를 달성하지 못했다. 하영민은 ""개인적으로 걱정이 있긴 했다. 나는 아직 (선발로서) 10승을 해본 시즌도 없었고, 규정 이닝 3점대 평균자책점을 찍어본 적도 없다""고 덤덤히 고백하며, ""그런 냉정한 현실적인 생각들이 머릿속에 있었고, 그렇기에 구단이 내밀어 준 전폭적인 신뢰에 응답해 '종신 히어로즈맨'을 선택하는 것이 가장 옳은 판단이라는 결론을 내렸다""고 전했다. 고척=박수진 기자 bestsujin@mtstarnews.com",https://v.daum.net/v/0lyASpFYSj
2026.07.13 16:10,명불허전 레이예스·감 찾은 원투펀치 '후반기를 기대하라’,부산일보,"프로야구 롯데 자이언츠의 외국인 3인방이 전반기 막판 위력을 과시하며 후반기 기대감을 높이고 있다. 빅터 레이예스는 전반기 최다 안타 1위로 최다 안타 3연패를 정조준한다. ‘원투펀치’ 엘빈 로드리게스, 제레미 비슬리는 안정적인 투구로 시즌 전 기대에 부응하고 있다. 지난 9일 종료된 프로야구 전반기 결과 117안타로 레이예스는 최다 안타 1위에 올랐다. 2위 kt 위즈 최원준과 1개 차이다. 전반기 내내 최다 5위권을 오가던 레이예스는 전반기 막판 10경기에서 17안타 타율 0.425로 ‘몰아치기’를 선보이며 1위로 전반기를 마쳤다. 2024년 202안타, 2025년 187개 안타로 최다 안타왕에 올랐던 레이예스는 최다 안타왕 3연패에 성큼 다가섰다. 지금 안타 페이스를 유지한다면 198안타 페이스로 최다 안타왕 3연패도 불가능은 아니다. 레이예스는 202안타를 기록한 2024년에도 전반기(80경기 타율 0.346, 109안타, 평균 1.36개)보다 후반기(64경기 타율 0.359, 93안타, 평균 1.45개)에 더욱 페이스를 끌어올리기도 했다. 레이예스는 “안타 개수는 욕심이 크게 없다. 팀이 필요할 때 타점을 올리는 역할을 하고 싶은 마음뿐이다”고 전반기 안타왕 소감을 밝혔다. 올 시즌 전 가장 큰 기대를 받았던 롯데의 원투펀치도 전반기 막판 위용을 되찾았다. 로드리게스는 전반기를 5승 5패 평균자책점 4.26으로 마쳤다. 로드리게스는 지난 5월까지 들쑥날쑥하며 10경기에서 평균자책점 5.12로 부진했다. 하지만 지난 6월 들어 본격적으로 팬들이 기대했던 1선발 모습을 드러냈다. 지난 1일 두산전 7이닝 1실점을 포함해 7일 KIA전에서 7이닝 1실점 호투로 5경기에서 32이닝 7실점하며 에이스의 모습을 보여주고 있다. 비슬리도 전반기 마지막 경기에서 압도적인 구위를 자랑했다. 비슬리는 지난 4일 kt전에서 6이닝 동안 2피안타 3볼넷 6탈삼진 1실점의 호투를 펼쳤다. 롯데가 4-1로 승리하며, 지난 5월 13일 NC전 이후 거의 두 달 만에 시즌 5승(4패)째를 따냈다. 최고 구속은 시속 153㎞를 찍었다. 올 시즌 시작 전 롯데를 제외한 9개 구단에서는 롯데의 최대 장점으로 외국인 ‘원투펀치’를 꼽았다. 지난해 리그를 평정했던 한화 이글스 폰세, 와이스 듀오를 연상하게 한다는 평가가 쏟아졌다. 하지만 시즌 뚜껑을 열자 이같은 평가는 ‘설레발’이었다는 이야기까지 나왔다. 로드리게스는 매 경기 피홈런을 맞고 무너졌고 비슬리는 인플레이 타구 비율이 높아 운 없는 안타, 장타로 무너지는 경기가 많았다. 한 경기 잘 던지면 다음 두 경기 여지없이 무너지는 기복도 문제였다. 외국인 원투펀치가 전반기 마지막과 같은 활약을 이어간다면 나균안-김진욱-박세웅의 안정적인 토종 선발과 함께 리그 최강 5선발이 중위권 싸움의 선봉장이 될 것으로 보인다. 롯데는 외국인 듀오의 불안정한 모습 속에서도 전반기 선발 평균자책점이 4.09로 리그 3위를 기록했다. 비슬리도 “지금까지 스스로 좋은 경기들을 펼쳐왔다고 생각한다. 그리고 승리로 전반기를 잘 마무리 할 수 있어서 기쁘다”면서 “(후반기) 전체적인 기록들이 더 좋아질 것이라고 믿는다. 우리 수비수들을 믿어가면서 경기를 풀어가면 좋은 결과들이 따라올 것이라고 생각한다”고 다짐했다.",https://v.daum.net/v/Q4wHqex2YZ
2026.07.13 16:07,"수술과 재활, 복귀…키움 안우진, “일찍 돌아왔지만 점점 만족하고 있다”",경향신문,"“원래대로라면 지금쯤 복귀를 했어야 했다.” 전반기를 돌아본 키움 안우진(27)은 지금 1군 마운드에 서 있는 자신이 새삼 놀랍다고 했다. 안우진은 전반기 종료 전 본지와 인터뷰에서 “몸 상태가 좋았고 나도 욕심을 내다 보니 시즌 초반부터 팀과 함께할 수 있었다”며 “팔이 무겁고 회복이 더딘 부분은 있었지만 다시 아파서 멈춘 적은 없었다. 잘 이겨낸 것 같아 만족한다”고 말했다. 안우진은 2023년 9월 팔꿈치 내측 측부 인대 수술을 받은 뒤 군 복무와 함께 재활을 이어갔다. 지난해 8월에는 퓨처스리그에서 몸을 만들다가 오른 어깨를 다시 다쳐 수술까지 받았다. 당초 구단은 충분한 시간을 두고 복귀시키려 했지만 계획을 바꿔 1군에서 투구 이닝을 조금씩 늘리며 실전 감각을 끌어올렸다. 복귀는 성공적이었다. 안우진은 지난 4월 12일 롯데전에서 최고 시속 159.6㎞를 기록하며 건재를 알렸고, 5월부터는 선발로 5이닝 이상을 소화했다. 전반기를 13경기 2승 5패 평균자책점 3.70으로 마쳤고, 6~7월에는 세 차례 퀄리티스타트를 기록하며 점차 정상 궤도에 올랐다. 그는 “팀에 큰 도움을 많이 못 준 것 같아 아쉽다”면서도 “짧은 이닝부터 차근차근 던지면서 지금은 6이닝까지 소화할 수 있게 된 것에 감사한다”고 말했다. 팀 성적은 아쉽다. 키움은 전반기를 29승 1무 57패로 최하위에 머물렀다. 안우진이 주축으로 활약한 시절 키움은 한국시리즈에서 준우승하는 등 상위권을 다퉜다. 그는 “예전에는 일주일에 4승을 못 하면 분위기가 처질 정도였다”며 “수술하기 전 처음 꼴찌를 경험하면서 혼자서는 팀을 바꿀 수 없다는 걸 절실히 느꼈다”고 말했다. 안우진은 “아쉽게 진 경기들이 많았지만 그런 경험이 쌓여야 다음에는 비슷한 상황을 뒤집을 수 있다”며 “후배들에게는 팀을 먼저 생각하는 플레이와 상황에 맞는 야구를 많이 이야기한다. 1군에서는 개인보다 팀을 위한 판단이 중요하다”고 강조했다. 후반기 과제로는 위기관리 능력을 꼽았다. 그는 “올해는 재활 시즌이라고 생각하며 성적에 연연하지 않으려 했지만 마운드에 올라가면 욕심이 생긴다”며 “생각보다 위기를 잘 넘기지 못한 경기가 많았다”고 돌아봤다. 안우진의 올 시즌 FIP(수비무관 평균자책)는 2.20으로 규정이닝 선발투수 가운데 최고 수준이다. 그는 “전력분석팀도 FIP와 삼진율, 볼넷 비율은 커리어 최고 수준이라 걱정하지 말라고 한다”며 “평균자책점보다 내가 던지는 큰 틀이 변하지 않았다는 점에 의미를 두고 있다”고 말했다. 그는 이어 “후반기에는 꾸준히 마운드를 지키는 것이 가장 중요하다”며 “욕심은 내되 무리하지 않고 팀이 이길 수 있는 투구를 하는 것이 목표”라고 각오를 다졌다. 김하진 기자 hjkim@kyunghyang.com",https://v.daum.net/v/z5O67MPKhS
2026.07.13 15:56,"9월 고비를 앞두고…두산, 후반기 5강권 다툼에서 생존할까",스포츠경향,"프로야구 두산은 5위로 전반기를 마쳤다. 승률은 0.518, 승패 마진 +3이다. 4월까진 중하위권에 머무르다가 6월 중순부터는 비교적 꾸준하게 5위 자리를 유지했다. 스윕은 한 번도 못 했지만 전반기 막바지 꾸준히 위닝 시리즈를 따내면서 차곡차곡 승리를 챙긴 결과다. 두산은 시즌을 치르면서 투수력이 안정 궤도에 오르더니 어느새 팀 평균자책(3.90)은 리그 1위로 치솟았다. 10개 구단 중 유일하게 3점대를 기록했다. 타선은 여전히 기복이 있지만 6월 하순부터는 전체 사이클이 올라온 상태로 휴식기에 돌입했다. 두산이 올 시즌 가을야구 진출을 위해 넘어야 하는 가장 큰 고비는 9월이 될 전망이다. 선발진 평균자책(3.59)이 1위인 데는 토종 원투펀치 곽빈과 최민석의 활약이 절대적인 역할을 했다. 두 선수가 퀄리티스타트(6이닝 이상 3자책 이하)를 총 22번 합작했다. 평균자책이 최민석(2.33)은 리그 1위, 곽빈(2.60)은 3위다. 곽빈은 탈삼진(112개) 1위, 전반기 마지막 경기 최고 구속은 시속 159㎞가 찍혔다. 리그 전체적으로도 에이스 투수인 2명은 아시안게임에 가서도 작지 않은 역할을 할 것으로 보인다. 곽빈은 류지현 야구 대표팀 감독이 에이스로 마운드를 이끌어주기를 기대한다고 일찍이 공개적으로 밝혔다. 제구력과 강한 멘털을 갖춘 최민석은 현재 시점에서 가장 퍼포먼스가 좋은 어린 투수다. 그래서 아시안게임을 다녀와서도 본래의 컨디션을 유지할 수 있을지가 관건이다. 곽빈은 올 시즌을 앞두고 월드베이스볼클래식(WBC)도 다녀왔다. 김원형 두산 감독은 올해 첫 풀타임 시즌을 맞은 최민석에 대해 “아시안 게임 기간을 고려할 때 현재로서는 대략 3경기 정도 선발 로테이션에서 빠질 것 같다. 그전까지는 지금처럼 어느 정도 로테이션을 소화해줘야 하지 않을까 생각한다”고 말했다. 이어 “아무래도 곽빈, 최민석의 공백을 무시할 수 없다. 그 2명이 빠지더라도 선발 자원을 4명까지는 맞춰놨지만 또 한 명을 2군에서 만들어야 하는 상황”이라며 “아시안게임 전까지 힘들지만 경기를 많이 치러두는 게 낫지 않겠나 생각이 든다”고 했다. 여기에 3번 타자 박준순도 아시안게임 기간 자리를 비운다. 박준순은 시즌 중 부상으로 5주간 이탈해 전반기 규정 타석을 채우지 못했지만 54경기 타율이 0.336, 장타율 0.576, OPS(장타율+출루율) 0.956으로 모두 팀 내 최상위권이다. 이 기간 팀 장타력을 보완하는 것도 큰 과제가 됐다. 후반기 합류하는 새 외인 유니오 세베리노의 활약이 절실하다. 두산은 전반기 총 87경기, 키움과 함께 가장 많은 경기를 치렀다. 6위 한화는 5경기를 덜 치렀는데 두산과 1.5게임 차다, 7위 NC도 한화와 경기 수가 같고 두산과 3게임 차다. 아시안게임 전까지 게임 차를 충분히 벌려놓지 않으면 후반기 5강권 사수가 힘들어질 수 있다. 두산의 후반기 첫 시리즈 4연전 상대는 NC다. 유새슬 기자 yooss@kyunghyang.com",https://v.daum.net/v/9ZFPTu0HpH
2026.07.13 15:54,"""좋다고만 할 순 없다"" 한화 슈퍼루키, 데뷔 시즌 전반기 어떻게 자평했...",OSEN,"[OSEN=조은혜 기자] 프로야구 한화 이글스 오재원이 데뷔 시즌 전반기를 끝냈다. 2026 신인드래프트 1라운드 전체 3순위로 기대 속에 한화 유니폼을 입은 오재원은 67경기 107타수 23안타 9타점 29득점 3도루 타율 0.215의 성적으로 전반기를 끝냈다. 전반기 마지막 경기에서는 선발 출전해 결승타와 3루타 포함 3안타 3타점 2득점으로 맹활약을 펼치고 유종의 미를 거뒀다. 전반기 마지막 경기였던 대전 NC전, 오랜만에 1번타자로 선발 출전한 오재원은 두 번의 타석에서 타점을 올렸으나 6회말 2사 1·2루에서는 유격수 뜬공으로 물러났다. 하지만 4-4 동점이 된 8회말 2사 1루에서 3루타로 이날 결승타의 주인공이 됐다. 경기 후 오재원은 ""전 타석에서 찬스였는데 살리지 못했다. 전광판을 보니까 8회나 9회 중요한 순간에 타석이 한 번 올 것 같아서, 그 타석에서는 좋은 결과를 내고 싶었다. 또 전반기 마지막 타석이라고 생각하니까 간절해졌다""면서 ""후회없이 하고 싶었는데, 생각했던 공이 와서 잘 쳤다""고 돌아봤다. 정규시즌 개막전부터 리드오프로 선발 출전해 데뷔 첫 경기에서 3안타 1득점 올린 오재원이었지만, 이후에는 기대만큼의 성적을 내지 못했다. 경기 후반 대주자나 대수비로 나서다 한 차례 2군에 다녀왔다. 2군에서는 무엇을 점검하고 왔는지 묻자 그는 ""일단 코치님들이 마음을 많이 편하게 해주셨다. 도 타격적인 부분에서도 초반에 잘 칠 때 영상을 돌려보면서 지금 왜 급해졌는지, 그런 것도 많이 체크를 하면서 보냈다""고 답했다. 오재원은 자신의 첫 시즌 전반기를 돌아보며 ""좋다고만 말할 수 없다. 아쉬웠던 게 훨씬 많았다""며 ""나도 처음 겪어보는 거라 좀 정신없이 지나갔던 것 같다. 그래도 후반기에는 더 잘할 수 있을 것 같은 그런 마음이 들어서 전반기도 좋은 경험이었다고 생각한다""고 돌아봤다. 프로의 벽을 느끼지 않을 수는 없다. 중요한 것은 그 어려움을 어떻게 슬기롭게 극복해 나가느냐다. 오재원은 ""매일 경기가 있다는 게 압박감이 조금 있다. 기세가 이어질 떄는 좋지만, 한 번 꺾였을 때 올리는 부분은 아직은 겪어봐야 할 것 같다""고 털어놨다. 그는 이어 ""그래도 전반기 마무리는 괜찮게 한 것 같다""면서 ""팀도 마지막 경기를 이겨서 분위기 좋게 후반기를 시작할 수 있다는 점이 기쁘다""고 미소지었다. /thecatch@osen.co.kr",https://v.daum.net/v/4DjrKie4So
2026.07.13 15:45,"""두산에 있을 땐 여기 많이 못 써서..."" 올스타로 '금의환향', 현도...",엑스포츠뉴스,"(엑스포츠뉴스 양정웅 기자) 수많은 우여곡절을 딛고 마침내 '별'이 돼 옛 홈구장에 돌아왔다. 33살의 나이에 생애 첫 올스타에 선정된 현도훈(롯데 자이언츠). 그가 잠실 마운드의 흙을 담아간 건 의미가 있었다. 현도훈은 2026시즌 전반기 35경기에서 2승 3패 5홀드 평균자책점 4.68을 기록 중이다. 이닝당 출루허용률(WHIP)은 1.38, 피안타율은 0.241을 마크하고 있다. 평범하다면 평범할 수 있는 성적이지만, 현도훈의 야구 인생을 돌아보면 큰 의미가 있다. 신일중 졸업 후 교토국제고-큐슈쿄리츠대를 나온 '일본 유학파' 출신인 그는 일본 독립리그를 거쳐 2018년 두산 베어스에 육성선수로 입단, KBO 리그 생활을 시작했다. 데뷔 첫 해부터 선발투수 기회를 얻는 등 기대를 모았지만, 현도훈은 두산에서 5년 동안 1군 8경기 등판에 그쳤다. 2022년에는 아예 콜업도 되지 않았고, 결국 시즌 후 두산과 결별했다. 그리고 롯데가 손을 내밀면서 다시 기회를 얻었다. 하지만 지난해까지 3시즌 동안 롯데에서도 1군 등판은 8경기에 그쳤다. 2025시즌에는 한 차례도 1군 마운드에 오르지 못했고, 2군에서도 27경기 평균자책점 9.36으로 흔들렸다. 김용희 퓨처스 감독은 ""지난해까지는 자기 공에 대한 확신이나 자신감이 부족했다""고 전했다. 그래도 올해 퓨처스리그 개막전 선발로 나서는 등 2군 4경기에 선발 등판해 2승 1패 평균자책점 2.95를 기록했고, 결국 지난 4월 14일 1군에 콜업됐다. 이후 11경기 연속 무자책 행진을 이어가는 등 롯데 투수진의 허리 역할을 수행했다. 데뷔 후 최고의 시즌을 보낸 현도훈은 감독 추천선수로 드림 올스타에 뽑혔고, 과거 자신이 홈으로 쓰던 잠실야구장 마운드를 올스타가 돼 방문하게 됐다. 김용희 감독은 ""크게 박수를 보내고 싶다""며 '성공신화'를 칭찬했다. 지난 11일 올스타전 당일 엑스포츠뉴스와 만난 현도훈은 ""시합 때는 마냥 즐기기만 할 수는 없는데, 올스타전이니까 행복을 즐기고 싶다""고 얘기했다. 이어 ""야구장에 이렇게 긴장감 없이 오는 것도 잘 없을 뿐더러, 왔으니 재밌게 즐기겠다""는 각오를 전했다. 두산 출신이기에 마지막으로 잠실야구장에서 열리는 올스타전이 뜻깊을 수 있다. 현도훈은 ""의미가 있다""면서도 ""두산에 있을 때는 여기를 많이 못 써서...""라며 멋쩍은 미소를 지었다. 그래도 과거 함께 뛰었던 두산 동료들과 하루라도 한솥밥을 먹는 것도 반가운 일이었다. 현도훈은 ""(이)영하나 (곽)빈이가 반갑다. 특히 빈이는 입단 동기다""라며 ""시간이 한참 지나고 각자 다른 팀에서 올스타에 뽑혀 오는 게 새롭고, 즐겁고 행복하다""고 밝혔다. 이날 야구장에는 현도훈의 아내, 그리고 올해 태어난 딸이 함께 찾아왔다. 경기 전 현도훈은 아이를 안고 함박웃음을 짓기도 했다. 현도훈은 ""아기가 기억을 하면 좋을 텐데, 할지 모르겠다""라며 ""최대한 미디어나 구단 유튜브에 나와서 기록을 남기려고 한다. 그래야 아이가 읽고 볼 수 있을 때쯤 보여주려고 한다""고 말했다. 이날 4회초 마운드에 오른 현도훈은 팀 동료들이 태워준 가마를 타고 '장원급제' 복장으로 나왔다. 과거 자신이 쓰던 잠실로 '금의환향'했다는 뜻이었다. 현도훈은 김주원(NC 다이노스)의 희생플라이와 이도윤(한화 이글스)의 적시타로 2점을 내주고 이닝을 마쳤다. 그는 잠실 마운드의 흙을 퍼담아 더그아웃으로 돌아갔는데, 마치 고시엔(일본 고교야구 전국대회)에 출전한 선수들이 대회 종료 후 구장의 흙을 담아가는 듯한 모습이었다. 사진=엑스포츠뉴스 DB 양정웅 기자 orionbear@xportsnews.com",https://v.daum.net/v/zgN8l0tWGm
2026.07.13 15:44,"‘하와이안 셔츠’ 철웅이가 보내는 알로하! 두산, 무신사와 ‘베이스볼 바...",스포츠서울,[스포츠서울 | 이소영 기자] 두산이 무신사와 손잡고 ‘베이스볼 바캉스 컬렉션’을 선보인다. 이번 협업의 콘셉트는 ‘뜨거운 그라운드 위로 찾아온 가장 시원한 휴식’이다. 한여름 야구장을 찾는 팬들을 겨냥한 서머 아이템을 출시한다. 라인업은 ▲메쉬 저지 ▲카라 저지 ▲반소매 티셔츠 ▲컵홀더 인형키링 ▲짐색 ▲장패드 등으로 구성했다. 특히 하와이안 셔츠를 입은 ‘알로하 철웅이’를 메인 아트웍으로 활용해 힙하면서도 여유로운 분위기를 더했다. ‘베이스볼 바캉스 컬렉션’은 15일 오후 12시부터 무신사 온라인 스토어에서 한정판 서비스 ‘무신사 드롭(MUSINSA DROP)’을 통해 한정 판매된다. 자세한 발매 일정과 정보는 무신사 앱에서 확인할 수 있다. sshong@sportsseoul.com,https://v.daum.net/v/BCJpXKqFC2
2026.07.13 15:41,"수술과 재활, 복귀 그리고 전반기 마무리…키움 안우진은 더욱더 성숙했다 ...",스포츠경향,"“원래 지금쯤 복귀를 했어야했죠.” 전반기를 되돌아본 키움 안우진(27)은 새삼 지금 1군 마운드에 있는 자신이 놀랍다. 안우진은 전반기 종료를 앞두고 본지와의 인터뷰에서 “몸 상태도 좋았고, 나도 욕심을 내다보니 일찍 복귀해서 거의 시즌 처음부터 같이 시작을 했다”라며 “아프지 않고 크게 이상이 없었다. 팔이 좀 무겁고 회복이 더뎠던 부분은 있었지만 다시 아파서 멈춘 적도 없었고 잘 이겨낸 것 같아서 그런 부분에서는 좋은 것 같다”고 만족했다. 2023년 9월 팔꿈치 내측 측부 인대 손상으로 수술을 받고, 군입대하며 재활을 시작한 안우진은 지난해 8월 퓨처스팀에서 몸을 만들다 오른 어깨를 다시 다쳐 또 다시 수술대에 오르는 과정을 거쳤다. 구단은 완벽해질 때까지 신중하게 복귀 시기를 기다리기로 했지만 계획을 바꿔 1군에서 1이닝씩 늘리는 방식으로 감각을 끌어올리기로 했다. 안우진은 4월 12일 고척 롯데전에서 최고 159.6㎞를 찍으며 건재함을 과시했고 5월부터는 5이닝을 소화하기 시작했고 전반기를 13경기 2승 5패 평균자책 3.70으로 마무리했다. 승운은 따르지 않았지만 6~7월에는 6경기 중 3경기에서 퀄리티스타트까지 달성했다. 안우진은 “팀에 큰 도움을 많이 못 준 것 같아 마음이 무겁지만 경기하면서 감을 찾아서 후반기에 많이 보탬이 되고 싶다는 생각을 하고 있다”라며 “처음에는 짧은 이닝을 던졌지만 그 과정을 거쳐서 6이닝도 던질 수 있는 것 같아 감사하게 생각한다”라고 전했다. 개인적인 내용에서는 만족하지만 팀 성적인 부분에서는 아쉬움이 많다. 키움은 전반기를 29승 1무 57패 승률 0.337로 최하위로 마쳤다. 4년 연속 꼴찌에 머물 위기에 놓여있다. 안우진으로서는 낯선 상황이다. 안우진이 팀 전력에서 빠지기 전까지만 해도 키움은 2022년 한국시리즈 준우승을 차지하는 등 정상의 자리까지 넘볼 수 있던 팀이었다. 당시를 돌이켜본 안우진은 “내가 들어왔을 때는 항상 상위권에 있었고 일주일에 4승을 못 하면 분위기가 처질 정도였다. 강팀에서 해봤다 보니 그때의 기억이 생각이 난다”라고 말했다. 좋은 성적이 나오면 팀 분위기가 얼마나 좋아지는지도 잘 안다. 하지만 지금은 당시의 이정후, 김혜성 등 주요 선수들이 미국으로 떠나 있거나 고참 선수들은 은퇴를 한 상태다. 이제 안우진이 선배로서 팀 분위기를 주도하려 한다. 그 이유로 “수술하기 전에 처음으로 꼴찌를 겪었다. 그 때 아등바등 어떻게 해보려고도 했지만 혼자 안 된다는 걸 알았다. 그래서 팀원들의 힘이 많이 필요하다는 걸 생각을 했고, 지금도 많이 느낀다”라고 말했다. 올해도 팀 성적이 많이 아쉽지만, 그 안에서도 희망을 찾고 있다. 안우진은 “아쉽게 진 경기가 많았다. 그런 게 다 경험인 것이다. 그래서 아쉬운 게 마냥 안 좋다고만 생각은 안 한다”라며 “올해 가을야구가 힘들어지면서 생각을 바꾸게 됐다. 져 보고 경험을 해봐야 또 비슷한 경기를 하게 될 때 뒤집을 수 있어야 한다. 그런 부분들은 더 신경을 쓰고 발판을 만들어야 된다고 생각을 해서 후배들과도 소통을 많이 하고 있다”고 전했다. 그래서 후배들에게 아낌없는 조언을 한다. 안우진은 “후배들이 물어보면 상황에 맞는 야구를 했으면 좋겠다고 이야기한다. 팀을 먼저 생각하는 플레이라던가, 팀을 생각하는 피칭을 하는 게 중요한 것 같다”라며 “투구할 때 디테일이나, 타자와 승부하는 법보다 일단 1군에 왔으면 상황에 맞게 피칭해주면 좋을 것 같다”고 말했다. 안우진 역시 후반기에는 더 분발할 예정이다. 그는 “올해까지는 재활 등판이라고 생각하고 성적을 생각하지 말자고 했지만 마운드에 올라가면 욕심이 난다. 내가 생각한 것보다는 잘 못 한 것 같다. 왜 그럴까 생각을 해보면 위기를 잘 못 넘긴 것 같다”고 자평했다. 하지만 희망을 볼 수 있는 지표가 있다. 안우진은 “전력 분석팀에서 걱정하지 말라고 하면서 FIP(수비 무관 평균자책)이나 삼진율, 볼넷 비율 등은 커리어하이라고 하더라. 어차피 평균자책은 FIP대로 따라가는 걸로 되어 있다고 하면서 나를 편하게 해주고 있다”라고 전했다. 실제로 안우진은 올 시즌 FIP 2.20을 기록 중이다. 전반기 정규이닝을 채운 선발 투수들 중 FIP 부문에서 1위를 기록하고 있는 두산 곽빈(2.93)보다 훨씬 좋은 수치다. 안우진은 “일단 올해는 크게 신경 쓸 부분은 아니지만 내가 던지는 큰 틀은 변하지 않았다는 것에 의미를 두고 있다”라고 했다. 후반기에는 위기 상황을 어떻게 넘길지에 대해 더 고민하고 집중할 계획이다. 그는 “그런 지표들보다는 내가 일정하게 마운드에서 한 시즌 동안 던지는 게 더 중요했다. 아직은 경기마다 조금 왔다 갔다 하는 부분들도 있고 컨디션이 안 좋으면 팔도 안 올라올 때도 있다”면서도 “그래도 그런 부분들은 자연스러운 것이라고 생각하고, 욕심은 부리되 무리하지 않고 팀을 많이 도와주는 방향으로 피칭하고 싶다”고 마음을 다졌다. 김하진 기자 hjkim@kyunghyang.com",https://v.daum.net/v/3bC0CF5TzI
2026.07.13 15:40,"LG 트윈스, '마뗑킴'과 만났다...더그아웃 자켓 등 의류, 액세서리 ...",마이데일리,"[마이데일리 = 심혜진 기자] LG트윈스가 패션 브랜드 ‘마뗑킴’과 콜라보를 진행한다. ‘마뗑킴’은 국내 대표 브랜드 인큐베이터 하고하우스가 운영하는 패션 브랜드로, MZ세대에게 단순한 의류 브랜드를 넘어 하나의 패션 아이콘으로 자리 잡고 있다. 이번 협업에서는 LG트윈스가 가진 스포츠 헤리티지와 마뗑킴의 트렌디한 디자인을 접목해 야구장과 일상에서 모두 착용할 수 있는 패션 아이템을 선보인다. 출시 품목은 더그아웃 자켓, 베이스볼 저지, 반팔 티셔츠 등 의류 6종과 비니, 미니 크로스백, 키링 등 액세서리 5종으로 구성했다. 기존 마뗑킴 브랜드의 감각적인 디자인에 그라운드의 흙먼지를 재해석한 빈티지 분위기를 더해 선수들의 열정을 시각적으로 담아낸 것이 특징이다. 대표 아이템인 의류 컬렉션에는 LG트윈스의 상징인 블랙과 레드 컬러를 바탕으로 하여 ‘잠실구장, 서울, V5를 향한 도전’ 등 구단을 연상시키는 디자인 요소로 포인트를 더했다. ‘마뗑킴 X LG트윈스‘ 컬렉션은 오는 20일부터 26일까지 네이버 컨템포러리 패션 서비스 ‘노크잇(KNOCKIT)’에서 판매되며, 오픈 첫 날인 20일 정오에는 네이버 쇼핑 라이브를 통해 특별한 혜택도 함께 선보인다. 또한, 24일부터는 마뗑킴 성수 플래그십 스토어에서도 컬렉션을 직접 만나볼 수 있으며, 현장에 비치된 제품별 QR 코드를 통해 ‘노크잇’에서 구매할 수 있다.",https://v.daum.net/v/3IrMUQ8BEW
2026.07.13 15:38,"LG 트윈스, 패션 브랜드 마뗑킴과 협업 의류 악세서리 발매",스포티비뉴스,"[스포티비뉴스=신원철 기자] LG 트윈스가 패션 브랜드 ‘마뗑킴’과 협업한 의류, 악세서리 상품을 발매한다. 출시 품목은 더그아웃 자켓, 베이스볼 저지, 반팔 티셔츠 등 의류 6종과 비니, 미니 크로스백, 키링 등 액세서리 5종으로 구성했다. 기존 마뗑킴 브랜드의 감각적인 디자인에 그라운드의 흙먼지를 재해석한 빈티지 분위기를 더해 선수들의 열정을 시각적으로 담아낸 것이 특징이다. 대표 아이템인 의류 컬렉션에는 LG트윈스의 상징인 블랙과 레드 컬러를 바탕으로 하여 ‘잠실구장, 서울, V5를 향한 도전’ 등 구단을 연상시키는 디자인 요소로 포인트를 더했다. ‘마뗑킴 X LG트윈스‘ 컬렉션은 7월 20일부터 26일까지 네이버 ‘노크잇(KNOCKIT)’에서 판매되며, 오픈 첫 날인 20일 정오에는 네이버 쇼핑 라이브를 통해 특별한 혜택도 함께 선보인다. 또한, 24일부터는 마뗑킴 성수 플래그십 스토어에서도 컬렉션을 직접 만나볼 수 있으며, 현장에 비치된 제품별 QR 코드를 통해 ‘노크잇’에서 구매할 수 있다 <저작권자 ⓒ SPOTV NEWS. 무단전재 및 재배포 금지>",https://v.daum.net/v/YLvYcySrTc
2026.07.13 15:36,"송승기·채은성·배찬승·장찬희·전준우·이재학 등···후반기 레이스, 돌아올...",스포츠경향,"전반기를 1위로 마친 삼성은 완전체 전력으로 후반기 ‘굳히기’를 준비한다. 4승 1세이브 8홀드 평균자책 2.45을 기록한 필승 셋업맨 최지광이 팔꿈치 통증으로 빠진 자리가 아쉽다. 최지광은 2024년에 팔꿈치 수술을 받은 경력이 있어 조심스럽다. 하지만 선두 경쟁에 필요한 천군만마를 얻는다. 어깨와 팔꿈치 부상으로 회복기를 가진 배찬승, 장찬희가 7월 중 마운드에 돌아온다. 두 선수 모두 큰 부상은 아니지만 후반기를 위해 미리 조금 아꼈다. 또 허리 통증으로 전열을 이탈한 유격수 이재현도 실전 감각을 끌어올린 뒤 21일 키움 원정길부터 합류 예정이다. 디펜딩 챔피언 LG는 마운드를 재정비하며 선두 탈환을 노린다. 6월초 왼쪽 등 담 증세로 전열을 이탈한 좌완 송승기는 전반기 복귀를 서두르지 않았다. 염경엽 감독은 완전한 몸상태로 돌아올 송승기의 후반기 선발 복귀를 예고한 상태다. 전반기 셋업맨으로 출발해 대체 마무리 투입, 그리고 선발로 가능성을 확인한 장현식도 올스타 휴식기에 몸을 더 만든 뒤 5선발로 들어간다. 지난해 신인드래프트에서 전체 8번으로 LG가 지명한 우완 기대주 양우진은 1군 데뷔 가능성이 높다. 퓨처스리그에서 실전 감각을 끌어올리는 양우진에 대해 염경엽 감독은 “양우진도 무조건 1군으로 불러서 기회로 줄 것”이라고 밝힌 바 있다. 시즌 초반 부진을 극복하며 5할 승률로 전반기를 마무리한 한화는 ‘캡틴’ 채은성을 기다린다. 5월초 쇄골 골절로 1군에서 빠진 채은성의 공백은 장기화되고 있다. 6월말 1군 복귀가 예정돼 있었지만 부상 부위 통증 재발로 복귀가 연기됐다. 일단 채은성의 백업으로 들어간 김태연이 기대 이상으로 잘해주지만, 강백호, 노시환, 요나단 페라자, 문현빈, 허인서로 이어지는 강타선에 매 시즌 20홈런 80타점을 올려준 중심타자는 화룡점정을 찍을 카드라는 점에서 복귀 시점이 주목된다. 선두권 다툼에서 조금 밀린 KT는 외국인 에이스 케일럽 보쉴리를 반등 카드로 준비 중이다. 보쉴리는 어깨 통증으로 5월31일 키움전 이후 마운드에 오르지 못하고 있다. 보쉴리는 재활 과정에서 통증이 다시 생겨 복귀 시점이 조금 더 늦어졌다. 다만 일시 대체 선수로 영입한 로건 앨런이 준수한 피칭을 보여주면서 시간을 벌었다. 보쉴리가 완전히 몸상태를 회복할 때까지 조금 여유롭게 기다릴 수 있는 상황이다. 6월 중순 투구에 맞아 왼 손등이 골절되는 부상을 입은 중심타자 장성우도 후반기 복귀한다. 전반기 막판 득점력 저하로 고민을 안았던 이강철 감독이 기다리는 전력이다. 이강철 감독은 “장성우는 보이는 스탯보다 팀 타선에서 중요한 역할을 하는 선수”라며 “팀배팅이 필요한 타이밍을 알고 수행하는 선수”라고 했다. 다만 아직 정확한 복귀 시점이 잡히지는 않았다. 불펜 평균자책 3위의 KIA 허리도 탄탄해진다. 홍건희, 이태양 등이 4월 어깨 부상 이후 회복 과정이 마무리 단계에 있다. 올 시즌을 앞두고 2차 드래프트를 통해 고향팀 KIA에 합류한 이태양은 부상 이탈 전까지 10경기 등판, 1승 3홀드 평균자책 1.42를 기록했다. 전반기 막판 1군에 돌아온 이태양은 지난 8일 롯데전에서 복귀전을 치러 1이닝 동안 3피안타(1피홈런) 1실점했다. 이범호 감독은 “(이의리, 홍민규, 김시훈 등)이번에 일본에 갔다 왔던 투수들도 불펜 피칭을 하고 나면 경기에 투입될 것”이라며 “홍건희도 이제 ITP에 들어갔다”며 후반기 복귀 전력으로 기대했다. NC는 팔꿈치 수술을 받은 베테랑 이재학의 복귀를 5강 승부수로 기대한다. 실전 감각을 올리는 재활 피칭 과정에서 손톱, 팔 근육 부상이 겹쳤지만, 이호준 감독은 이재학이 실전 기용을 후반기 구상에 넣었다. 이밖에 왼 팔꿈치 근육 부상을 당한 임정호, 오른 어깨 근육이 부분 손상되는 부상을 당한 배재환 등도 현재 8월초 복귀가 예정돼 있다. 두산은 기대에 미치지 못한 다즈 카메론을 내보내면서 영입한 새 외국인 타자 유니오 세베리노가 후반기 시작과 함께 타순에 들어간다. 롯데는 타격 부진으로 1군에서 빠져 있는 전준우, 나승엽, 윤동희 등의 컨디션 회복을 기다린다. 4시즌 연속 최하위 굴욕을 피하려는 키움은 손가락 인대 부상에서 회복해 컨디션을 끌어올리는 베테랑 외야수 이형종의 1군 복귀가 임박했다. 또 2020년 1차 지명인 좌타 외야 기대주 박주홍도 허리 재활 막바지 일정을 소화하고 있다. 이정호 기자 alpha@kyunghyang.com",https://v.daum.net/v/P7s7ATlwuu
2026.07.13 15:23,인기 브랜드 '마뗑킴'과 LG 트윈스의 만남...더그아웃 자켓 등 의류·...,더게이트,"[더게이트] LG 트윈스가 패션 브랜드 '마뗑킴'과 손을 잡고 색다른 패션 아이템을 선보인다. 마뗑킴은 국내 브랜드 인큐베이터 하고하우스가 운영하는 브랜드로, MZ세대 사이에서 하나의 패션 아이콘으로 자리 잡고 있다. 이번 협업은 LG 트윈스가 가진 스포츠 헤리티지에 마뗑킴의 트렌디한 디자인을 접목해 야구장과 일상에서 모두 소화할 수 있도록 기획했다. 출시 품목은 총 11종이다. 더그아웃 자켓과 베이스볼 저지, 반팔 티셔츠 등 의류 6종을 비롯해 비니, 미니 크로스백, 키링 등 액세서리 5종으로 구성했다. 마뗑킴 특유의 감각적인 디자인 위에 그라운드의 흙먼지를 재해석한 빈티지 분위기를 얹어 선수들의 열정을 시각적으로 담아낸 점이 눈길을 끈다. 의류 컬렉션은 구단의 정체성을 명확히 살렸다. LG트윈스의 상징인 블랙과 레드 컬러를 바탕으로 삼았다. 여기에 '잠실구장, 서울, V5를 향한 도전' 등 구단을 연상시키는 디자인 요소로 포인트를 더해 소장 가치를 높였다. '마뗑킴 X LG트윈스' 컬렉션은 7월 20일부터 26일까지 네이버 컨템포러리 패션 서비스 '노크잇(KNOCKIT)'에서 판매된다. 오픈 첫날인 20일 정오에는 네이버 쇼핑 라이브를 통해 특별한 혜택을 함께 선보일 예정이다. 온라인 외에 오프라인에서도 제품을 확인할 수 있다. 24일부터는 마뗑킴 성수 플래그십 스토어에서 이번 컬렉션을 직접 전시한다. 소비자는 현장에 비치된 제품별 QR 코드를 통해 노크잇에서 제품을 구매할 수 있다.",https://v.daum.net/v/2pL8fgnQU3
2026.07.13 15:14,"트윈스 감성에 힙함 한 스푼! ‘V5를 향한 도전’ LG, ‘마뗑킴’과 ...",스포츠서울,"[스포츠서울 | 이소영 기자] LG가 패션 브랜드 ‘마뗑킴’과 컬래버레이션을 진행한다. 마뗑킴은 국내 브랜드 인큐베이터 하고하우스가 운영하는 패션 브랜드로, MZ세대를 중심으로 주목받고 있다. 이번 협업에서는 LG의 스포츠 헤리티지와 마뗑킴 특유의 트렌디한 감각을 접목해 야구장과 일상에서 모두 착용할 수 있는 패션 아이템을 선보인다. 출시 품목은 더그아웃 자켓과 베이스볼 저지, 반팔 티셔츠 등 의류 6종과 비니, 미니 크로스백, 키링 등 액세서리 5종이다. 마뗑킴의 감각적인 디자인에 그라운드의 흙먼지를 재해석한 빈티지 분위기를 더해 선수들의 열정을 시각적으로 담아냈다. 대표 의류엔 LG의 상징인 블랙과 레드 컬러를 적용했다. 여기에 ‘잠실구장·서울·V5를 향한 도전’ 등 구단을 연상시키는 디자인 요소를 포인트로 더했다. ‘마뗑킴 X LG컬렉션’은 20일부터 26일까지 네이버 컨템포러리 패션 서비스 ‘노크잇(KNOCKIT)’에서 판매된다. 오픈 첫날인 20일 정오엔 네이버 쇼핑 라이브를 통해 특별 혜택도 선보인다. 24일부터는 마뗑킴 성수 플래그십 스토어에서도 제품을 직접 만나볼 수 있으며, 현장에 비치된 제품별 QR 코드를 통해 노크잇에서 구매할 수 있다. sshong@sportsseoul.com",https://v.daum.net/v/2tNH4aLxWL
2026.07.13 15:11,키움 하영민 '8년 80억' 비FA 다년계약,에스티엔,"[STN뉴스] 배영수 기자┃키움 투수 하영민이 키움 구단 역사상 '비FA 최고금액'의 계약을 체결했다. 다만 계약기간이 길고 옵션이 포함되는 등 내용이 있는 만큼 야구 팬들도 '적정한 금액에 앉았다'는 평가다. 키움 구단은 13일 오전 서울 신도림 '더링크서울 트리뷰트 포트폴리오' 호텔에서 하영민과 총 계약기간 8년에 연봉 및 옵션을 포함한 총액 80억 원에 비FA 다년계약을 체결했다. 허승필 키움 단장이 ""시즌 초부터 마음에 두고 있었다""고 밝힌 이번 계약기간은 내년부터 적용되는 것으로 오는 2034년까지다. 계약이 끝나면 하영민의 나이가 만 39세가 되는 점을 감안하면 사실상 '키움 종신' 선수가 된 셈. 키움은 ""우리팀의 중장기 전력구상을 바탕으로 안정적인 투수진을 구축하기 위해 프랜차이즈 선수인 하영민을 반드시 지켜야 할 핵심 전력으로 판단한 것이 이번 계약의 배경""이라 밝혔다. 특히 지난 2024~2025년 2시즌 연속 150이닝 이상을 소화하며 팀 선발진을 지탱했고, 올 시즌 역시 선발과 불펜을 가리지 않고 투수진 핵심전력으로 활약 중""이라며 ""철저한 자기관리로 후배들에게도 귀감이 되고 있다""고 평가했다. 이어 ""지금처럼 책임감을 갖고 팀의 중심으로 후배들에게 좋은 본보기가 되어주길 바라며 향후에도 팀을 대표하는 선수로 장기간 활약하길 기대한다""고 덧붙였다. 키움은 이번 계약에 대해 ""우리 구단이 체결한 비FA 다년계약 가운데서는 최대 규모""라고 밝히고 있다. 사실 지난해 송성문과 된 6년 총액 120억 원(메이저리그 포스팅 조항 포함) 규모의 비FA 다년계약이 최고액이기는 했는데, 이때 송성문이 해외진출을 하면서 이 계약은 진행되지 않았기 때문. 하영민의 이번 비FA 다년 계약으로 키움이 지난 2011년 시즌을 마치고 외부 FA로 이택근을 4년 총액 50억원에 영입한 계약금액 이상이다. 또 KBO리그 역대 투수 가운데 '비FA 다년계약의 금액만을 기준'으로 잡으면 5번째로 높은 규모이기도 하다. 참고로 같은 기준으로는 한화 류현진이 8년 170억 원으로 가장 높고 그 뒤를 김광현(SSG, 4년 151억 원), 구창모(NC, 7년 132억 원), 고영표(KT, 5년 107억 원), 박세웅(롯데, 5년 90억 원)이 하영민의 총액규모보다 높다. 다만 이번 하영민의 계약은 평균 1년 당 10억 원의 계약 규모로 현재 FA들의 계약수준을 감안했을 때 아주 높은 수준이라고 볼 수는 없는 만큼 팬들도 '지속적으로 활약한다면 괜찮은 수준'이라는 평가다. 단, 그가 8년여 간 평균적으로 나쁘지 않은 성적을 내줘야 한다는 전제는 붙는다. 하영민은 ""구단에서 좋은 조건을 제시했다고 생각하고, 이번 계약으로 영원한 히어로즈 선수로 남을 수 있는 기회를 얻게 돼 더욱 뜻깊게 생각한다""며 ""구단이 믿고 큰 결정을 내려준 만큼 선배들에게는 많이 배우고 후배들에게는 본보기가 될 수 있도록 더 노력하겠다""고 각오를 밝혔다. 하영민은 1995년생으로 광주진흥고 출신이다. 지난 2014년 신인드래프트에서 2차 1라운드, 전체 4순위로 히어로즈에 입단했다. 첫 풀타임 선발은 지난 2024시즌으로, 당시 최종 성적은 28경기 150.1이닝 9승 8패 평균자책점 4.37이었다. 2025시즌엔 28경기 153.1이닝 7승 14패 평균자책점 4.99였다. ※STN뉴스 보도탐사팀 제보하기 당신의 목소리가 세상을 바꾸고, 당신의 목소리가 권력보다 강합니다. STN뉴스는 오늘도 진실만을 지향하며 여러분의 소중한 제보를 기다립니다. ▷ 전화 : 1599-5053 ▷ 이메일 : news@stnsports.co.kr ▷ 카카오톡 : @stnnews / STN뉴스=배영수 기자 gigger@stnnews.co.kr ▶STN 뉴스 공식 모바일 구독 ▶STN 뉴스 공식 유튜브 구독 ▶STN 뉴스 공식 네이버 구독 ▶STN 뉴스 공식 카카오톡 구독",https://v.daum.net/v/VNMZzRQ9ce
2026.07.13 15:08,"프로야구 kt 위즈, ‘후반기 첫 승부처’서 2위 LG와 4연전",기호일보,"올스타 휴식기 중인 프로야구가 오는 16일 재개되는 가운데, kt 위즈가 재정비를 마치고 후반기 초반부터 선두 경쟁에 다시 불을 지필 수 있을지 관심이 쏠린다. kt는 13일 현재 47승1무 35패(승률 0.573)를 기록하며 리그 3위에 올라 있다. 선두 삼성 라이온즈(51승 2무 32패), 2위 LG 트윈스(52승 33패)에는 각각 3.5경기, 3.0경기 차다. kt는 6월 이후 치른 시리즈의 절반을 루징시리즈로 마무리하는 등 다소 주춤했지만, 올스타 휴식기 직전 3연승을 달리며 분위기 반전에 성공했다. 후반기 선두권 추격의 발판을 마련했다는 점은 긍정적인 요소다. kt는 16일부터 19일까지 잠실야구장에서 2위 LG와 4연전을 치른다. 이번 시리즈는 LG와의 격차를 줄이는 동시에 선두 경쟁 구도를 더욱 치열하게 만들 수 있는 분수령이다. 후반기 첫 시리즈인 만큼 전반기 막판의 상승세를 이어가기 위해서라도 위닝시리즈 확보가 중요하다. 또 산술적으로만 보면 kt가 이번 4연전을 모두 쓸어 담을 경우 LG를 제치고 2위로 올라설 수 있어 더욱 치열한 대결의 양상이 될 것으로 기대된다. 상대 전적은 kt가 앞선다. kt는 올 시즌 LG와 8차례 맞붙어 5승 3패로 우위를 점하고 있다. 양 팀의 맞대결은 대부분 저득점 양상 속 1~2점 차 승부로 펼쳐졌고, 승부처에서는 kt 불펜이 힘을 발휘하며 승리를 가져가는 경우가 많았다. 특히 전용주는 LG전 6경기에서 5⅔이닝 1홀드 평균자책점 0.00을 기록했고, 우규민과 한승주, 김민수, 주권 등 필승조도 안정적인 투구를 펼치며 뒷문을 든든히 지켰다. 시즌 전체 팀 평균자책점은 리그 하위권이지만, LG를 상대로는 불펜의 경쟁력이 뚜렷하게 나타났다. 타선에서는 LG전 8경기에서 타율 0.400을 기록한 최원준을 비롯해 허경민(0.444), 권동진(0.333), 샘 힐리어드(0.333)의 활약이 기대된다. 여기에 지난달 부상에서 복귀한 안현민도 올스타 휴식기 동안 충분한 재정비를 마친 만큼, 후반기에는 전반기보다 한층 향상된 장타력을 보여줄 것으로 기대를 모은다. 후반기 첫 시리즈부터 LG를 상대로 위닝시리즈를 거둘 경우 kt는 선두권 경쟁에 다시 강한 동력을 얻을 수 있다. 잠실 4연전이 kt의 후반기 향방을 가늠할 첫 시험대가 될 전망이다. 이세용 기자 lsy@kihoilbo.co.kr",https://v.daum.net/v/HQeOO1XSyn
2026.07.13 15:06,"2위만 2번, 전반기 1위 마무리 ""세이브 1위 목표, 당연히 욕심 있다...",일간스포츠,"'전반기 1위' 삼성 라이온즈의 마무리 투수 김재윤(36)이 개인 첫 '세이브 1위'를 노린다. 김재윤은 지난 9일 전반기 마지막 경기 LG 트윈스전 9회 초 등판해 6-5까지 추격을 허용했지만, 1사 만루에서 천성호를 병살타로 유도하며 경기를 매조졌다. 전반기 4승 3패 22세이브 평균자책점 2.87의 성적표를 받아들였다. '마이너리그 유턴파' 김재윤은 포수 출신으로 2015년 KT 위즈 입단 후 투수로 전향했다. 이듬해부터 마무리로 뛴 그는 2022년과 2023년 각각 세이브 부문 2위를 차지했다. 통산 세이브는 215개. 역대 5번째로 7년 연속 두 자릿수 세이브를 올렸지만, 구원왕에 오른 적은 한 번도 없다. 김재윤은 올 시즌 부문 2위 손주영(LG 트윈스·19세이브)에 앞선 선두를 질주 중이다. 그는 전반기를 마친 후 ""나도 당연히 세이브 1위 타이틀에 욕심이 있다""고 말했다. 김재윤은 올 시즌 이닝당 출루허용률 1.01, 피안타율 0.154 세부 지표도 돋보인다. 9일 LG전에서 13경기 연속 무실점 행진이 중단되기 전까지 13⅔이닝 동안 3피안타 3볼넷으로 철벽에 가까웠다. 가까스로 삼성의 전반기 1위를 지킨 김재윤은 ""힘들 줄도 모르고 던졌다. 그냥 세게 던졌다""며 ""큰일날 뻔했다""고 웃었다. 삼성과 4년 총 58억원의 FA 계약 후 지난 2년 동안 기대에 못 미쳤던 그는 올해 삼성의 선두 질주에 힘을 보태는 중이다. 그는 ""자책감으로 인해 잠을 이루지 못해 술에 의존한 적도 있다. 책임감과 곁에서 힘들어하는 아내에 대한 미안함으로 위기를 버텨냈다""고 한다. 박진만 삼성 감독이 꼽은 전반기 수훈 선수가 이승민과 김재윤이다. 박 감독은 ""다들 고생을 많이 했다. 선발과 불펜 투수에게 한 번씩 휴식을 줬는데, 두 선수는 풀 타임으로 활약했다""고 공을 높이 샀다. 김재윤은 박진만 감독의 수훈 선수 평가에 대해선 ""나도 빠지는 거 원치 않는다. (베테랑 마무리로) 체력을 관리하고 회복하는 방법을 체득했다. 덕분에 (장기 레이스를) 버틸 수 있다""고 말했다. 김재윤의 다음 목표는 개인 통산 4번째로 30세이브 고지를 밟는 것이다. 마무리 투수로 가장 좋은 모습을 보였던 2021년부터 2023년까지 3년 연속 30세이브(32개-33개-32개)를 돌파한 바 있다. 전성기의 모습을 되찾고 싶은 그는 ""삼성에서 날 데려온 건 그런 모습을 기대했던 건데, 아직 보여드리지 못했다""며 ""(우승과 세이브 1위 위해) 더 힘을 내서 던지겠다""고 후반기 활약을 다짐했다. 이형석 기자 ops5@edaily.co.kr",https://v.daum.net/v/GoXttf9Us2
2026.07.13 14:59,"오지환 트레이드마크가 고교야구에서 나왔다, 그것도 2학년 유격수가",스포티비뉴스,"[스포티비뉴스=신원철 기자] 세광고등학교는 1982년 황금사자기 정상에 오른 뒤 지난해까지 단 한 번도 전국대회 우승을 경험하지 못했다. 43년 동안 결승 진출이 세 번 밖에 없었고, 4강에 오른 것도 10번에 불과했다. 12일 청룡기 결승전에서 경북고를 6-2로 꺾고 44년 만의 우승을 이뤄냈다. 전국대회에서 두각을 드러낸 적이 많지 않은 세광고지만 재학생들은 자신감이 가득하다. 올해 청룡기 우승을 계기로 '세광 전성시대'를 열겠다고 호언장담했다. 그 배경에는 2학년에 대한 기대가 있다. 오른손 엄지손가락 골절상으로 결승전에는 결장했지만 대회 타율 0.500에 대형 홈런까지 기록한 이홍석, 주전 포수인 전영훈과 결승전 9이닝을 합작한 김동유 박상민 등이 모두 2학년이다. 여기에 주전 유격수 김우진도 공수에서 활약하며 세광고에 44년 만의 전국대회 우승을 안겼다. 김우진은 2회 4-0으로 달아나는 2타점 적시타 등 5타석 3타수 2안타를 기록했다. 수비에서는 MVP 2루수 서준휘와 함께 내야를 지켰다. 오전부터 30도가 넘는 무더운 날씨에도 내야에 몸을 날리며 경북고의 안타성 타구를 걷어냈다. LG 유격수 오지환의 전매특허 '벤트레그 슬라이딩 수비'도 따라했다. 경기 후 김우진은 ""어제(11일)부터 마음이 벅차서 내일 잘 할 수 있을까 하는 마음이었다""며 ""오늘 경기가 잘 풀려서 다행이다""라고 말했다. 또 ""첫 타석에서 볼넷 나가고(서준휘 적시타에 선취득점) 두 번째 타석에 또 기회가 왔는데 그때 잘 살려서(2타점 적시타) 좋았다""고 덧붙였다. 수비에 대해서는 ""전반기 때는 수비가 약했다. 후반기에는 자신있게 플레이하려고 한다. 항상 코치님들이 씩씩하게 하라고 하신다. 그래서 오늘도 좋은 플레이들이 나온 것 같다""고 밝혔다. 2009년생인 김우진에게도 1982년 이후 첫 우승이라는 점은 남다르게 느껴진다. 그는 ""(우승하면)44년 만의 우승이라는 걸 듣고 '와, 이건 꼭 해야겠다' 그런 마음가짐으로 오늘 경기에 나왔다""고 얘기했다. 그 상상이 현실이 된 기분을 묻자 ""어제 돼지 꿈을 꿨더니 오늘 운이 좋았던 것 같다""며 웃었다. <저작권자 ⓒ SPOTV NEWS. 무단전재 및 재배포 금지>",https://v.daum.net/v/43dyrXYCSv
2026.07.13 14:58,"마지막 3주 승률 7할...롤러코스터 탄 롯데 자이언츠 전반기, MVP는...",일간스포츠,"개막 전후로 악재가 쏟아졌던 롯데 자이언츠. 어수선한 팀 분위기 탓일까. 두 차례나 최하위를 찍기도 했다. 전반기를 마친 현재, 롯데가 후반기 순위 경쟁을 뒤흔들 것이라는 전망이 나온다. 일단 6월 셋째 주 이후 치른 21경기에서 승률 0.700(14승 1무 6패)을 기록하며 상승세를 탔다. 한때 마이너스 15였던 승패 차이를 7(38승 2무 45패)까지 줄이며 5위와의 승차를 5경기까지 좁혔다. 외국인 투수 2명(엘빈 로드리게스·제레미 비슬리)과 국내 트리오(박세웅·나균안·김진욱)이 리그에서도 상위권 전력을 보여주고 있고, 지난 시즌 5선발이었던 이민석도 전력에 힘을 더하며 '투수 놀음'이라는 야구에서 경쟁력을 확보하고 있는 점도 롯데의 반등 전망에 힘을 싣는다. '버티기'를 화두로 마친 전반기, 내부 최우수선수(MVP)의 공을 짚고 넘어가야 한다. 바로 대졸 신인 투수 박정민이다. 박정민은 시즌 초반 마무리 투수 김원중이 제 실력을 보여주지 못하고 셋업맨 정철원까지 기복을 줄이지 못하고 있을 때, 이 신인 선수가 분전하며 김태형 롯데 감독의 불펜 운영에 '상수'로 나섰다. 지난해 인기 야구 예능 프로그램을 통해 얼굴을 알리기도 한다 박정민은 2라운드(전체 14순위)에 롯데 지명을 받았고, 신인 선수 중 유일하게 대만 타이난에서 열린 1차 스프링캠프에 합류했다. 2차 캠프부터 시작된 실전 경기에서 배포와 구위를 모두 갖춘 투구로 김태형 감독에게 눈도장을 찍었고, 삼성 라이온즈와의 개막전에서 흔들린 김원중에 이어 등판해 만루 위기를 넘기고 팀 승리를 지켜내며 역대 4번째로 데뷔전에서 세이브를 올린 투수가 됐다. 박정민은 데뷔 7번째 등판이었던 4월 14일 LG 트윈스전에서 오스틴 딘에게 홈런을 맞고 첫 실점했고, 이후 흔들리며 첫 고비를 맞이했다. 하지만 꾸준히 등판 기회를 얻으며 반등했다. 5월 말부터는 체력까지 떨어진 모습을 보였지만, 롯데가 상승세를 탄 6월 셋째 주 넷째 주, 등판한 8경기에서 무실점을 기록하며 다시 정상 궤도에 진입했다. 박정민은 자신의 강점으로 자신감을 꼽았다. 고졸 신인으로 프로 구단 부름을 받지 못해 대학에 진학하면서 한차례 실패를 경험한 그는 이후에도 순탄하지 않은 야구 인생을 걸었지만, 그 과정에서 멘털을 관리하는 법을 배웠다고 했다. 박정민은 6월 28일 LG 트윈스전 등판 이후 1군 엔트리에서 제외돼 휴식을 부여받았다. 올스타전까지 나서 '힐링 타임'을 가지기도 했다. 타선의 응집력이 좋아졌고, 선발 야구에서 밀리지 않는 롯데. 불펜 전력은 포스트시즌 진출을 가를 키로 평가된다. 최소 3명, 넉넉하게 5명은 갖춰야 할 필승조 일원. 8회 최준용, 9회 김원중이 지키고 있는 현재, 7회를 맡아줄 선수가 절실하다. 박정민이 그런 적임자로 기대받고 있다. 그는 후반기 키플레이어이기도 하다. 안희수 기자 anheesoo@edaily.co.kr",https://v.daum.net/v/xIlB1VKpwz
2026.07.13 14:46,"'엄청난 파격' 키움, 하영민 8년 80억 계약 과정은?…""선수 가치에 ...",엑스포츠뉴스,"(엑스포츠뉴스 김지수 기자) 키움 히어로즈가 2026시즌 올스타 브레이크 기간 구단 역사상 최고 금액 계약을 체결했다. 토종 에이스 하영민에게 계약기간 8년, 총액 80억원의 계약을 안겨줬다. 키움은 13일 오전 공식 보도자료를 통해 ""금일 서울 신도림 더링크서울 트리뷰트 포트폴리오 호텔에서 하영민의 계약 체결식을 진행했다""며 ""계약은 옵션과 총액 포함 8년 총액 80억원 규모다. 중장기 전력 구상을 바탕으로 안정적인 투수진을 구축하기 위해 프랜차이즈 선수인 하영민을 반드시 지켜야 할 핵심 전력으로 판단해 이번 계약을 추진했다""고 밝혔다. 1995년생인 하영민은 2014년 광주 진흥고를 졸업하고 신인드래프트 2차 1라운드, 전체 4순위로 넥센(현 키움)에 입단한 특급 유망주였다. 데뷔 첫해부터 1군 14경기, 62⅓이닝을 소화하면서 중용됐다. 하영민은 다만 구단이 기대했던 것만큼 빠른 성장세를 보여주지는 못했다. 사회복무요원으로 군복무를 마치고 돌아온 2022시즌 41경기 39⅓이닝 5승3패 2홀드 평균자책점 3.43을 기록하면서 히어로즈 주축 투수로 자리 잡았다. 하영민은 2024시즌부터 팀의 실질적인 토종 에이스 역할을 수행했다. 28경기 150⅓이닝 9승8패 평균자책점 4.37로 활약했다. 2025시즌 28경기 153⅓이닝 7승14패 평균자책점 4.99로 표면적인 성적은 뛰어나지 않았지만, 약한 팀 전력에도 2년 연속 규정 이닝을 소화한 점은 높은 평가를 받았다. 키움은 하영민이 2027시즌 종료 후 커리어 첫 FA 자격을 취득하기 전 비(非) FA 다년 계약을 추진했다. 원만하게 협상이 이뤄진 끝에 8년 총액 80억원에 도장을 찍었다. 하영민의 8년 총액 80억원은 KBO리그 역대 투수 비FA 다년계약 기준 한화 이글스 류현진(8년 170억원), SSG 랜더스 김광현(4년 151억원), NC 다이노스 구창모(7년 132억원), KT 위즈 고영표(5년 107억원), 롯데 자이언츠 박세웅(5년 90억원)에 이어 역대 5번째로 높은 금액이다. 허승필 키움 단장은 '엑스포츠뉴스'와의 전화통화에서 """"하영민과 비 FA 다년계약은 올해 초부터 내부적으로 검토했다""며 ""하영민이 앞으로도 우리 팀 선발진에서 중심 역할을 해줄 수 있을 것으로 보고 진행하게 됐다""고 밝혔다. 또 ""지난 5일 하영민에게 처음으로 다년 계약을 제안했고, 이틀 뒤 선수가 구단 제안을 받아들였다""며 ""하영민이 선발투수로서 이닝 소화력을 가장 높게 평가했다. 매 경기 5~6이닝을 책임질 수 있는 선수라는 가치를 봤다""고 설명했다. 키움이 하영민에게 총액 80억원 중 얼마를 보장했는지는 현재로서는 알 수 없다. 다만 키움은 2008년 창단 후 최고 금액 계약을 하영민에 안겨줬다. 일각에서는 '오버페이' 논란이 불거질 수 있는 초대형 계약이다. 하영민이 올해 만 31세라는 점을 감안하면 리스크도 적지 않은 편이다. 허승필 단장은 ""이번 계약은 선수 가치에 맞춰서 했다고 말씀드릴 수 있다""며 ""하영민이 내년 시즌을 마치면 FA 자격을 얻는다. 불확실성도 있기 때문에 미리 움직였다""며 ""하영민은 올해 선발로 시작했다가 불펜으로 갔었고, 다시 선발 로테이션으로 복귀했다. 우리가 기대했던 퍼포먼스가 나왔기 때문에 빠르게 다년 계약을 진행했다""고 강조했다. 이와 함께 ""옵션 부분은 선수도 어렵지 않게 동의했다. 이견은 없었고, 협상은 순조롭게 빠르게 진행됐다""며 ""팀 전력이 약했기 때문에 하영민의 성적이 덜 나왔다고 생각했다기보다는 선발투수로서 긴 이닝을 소화할 수 있는 부분을 높게 평가했다""고 덧붙였다. 사진=키움 히어로즈 / 엑스포츠뉴스 DB 김지수 기자 jisoo@xportsnews.com",https://v.daum.net/v/Qs2Bs5HlGu
2026.07.13 14:42,"키움, 하영민과 비FA ‘8년 80억원’ 다년계약",중앙일보,"프로야구 키움 히어로즈가 베테랑 투수 하영민(31)과 비FA 다년계약을 맺었다. 키움은 13일 “하영민과 계약기간 8년, 연봉과 옵션 포함 총액 80억원에 비FA 다년계약을 체결했다”고 발표했다. 키움 위재민 대표이사와 허승필 단장 그리고 하영민은 이날 오전 서울의 한 호텔에서 계약식도 열었다. 이번 계약은 키움 구단이 맺은 역대 비FA 다년계약 최대 규모다. 지난해 송성문이 키움과 6년 총액 120억원 규모의 비FA 다년계약을 체결했지만, 이후 샌디에이고 파드리스로 이적하면서 해당 계약은 무효가 됐다. 또한 하영민의 계약은 역대 KBO리그 비FA 투수 다년계약 기준으로 한화 이글스 류현진(8년 170억원), SSG 랜더스 김광현(4년151억 원), NC 다이노스 구창모(7년 132억원), KT 위즈 고영표(5년 107억원), 롯데 자이언츠 박세웅(5년 90억원) 다음으로 큰 규모다. 2014년도 KBO 신인 드래프트에서 2차 지명 1라운드 전체 4순위로 넥센 히어로즈(현 키움) 유니폼을 입은 하영민은 올해까지 통산 249경기에서 649와 3분의 2이닝을 소화하며 34승 40패 9홀드 평균자책점 4.96의 성적을 냈다. 올 시즌에는 선발과 불펜을 오가며 15경기에서 3승 5패 평균자책점 4.16을 기록했다. 키움은 “안정적인 투수진을 구축하기 위해 프랜차이즈 선수인 하영민을 반드시 지켜야 할 핵심 전력으로 판단해 이번 계약을 추진했다. 하영민은 오랜 시간 구단과 함께 성장하며 자신의 가치를 증명했다. 앞으로도 지금처럼 책임감을 갖고 중심 선수로서 후배들에게 좋은 모범이 되어주길 바란다”고 밝혔다. 하영민은 “구단에서 좋은 조건을 제시해 주셔서 정말 감사드린다. 이번 계약을 통해 영원한 키움 선수로 남을 수 있는 기회를 얻게 돼 더욱 뜻깊다. 나를 믿고 큰 결정을 내려주신 만큼 감사함과 책임감을 함께 느낀다. 앞으로도 선배들에게 많이 배우고, 후배들에게 좋은 본보기가 될 수 있도록 노력하겠다”고 말했다. 고봉준 기자 ko.bongjun@joongang.co.kr",https://v.daum.net/v/KP2BmZGhWG
2026.07.13 14:41,"퓨처스 폭격→명장도 주목! 롯데 3개월 연속 MVP 수상자, 후반기 기회...",스포티비뉴스,"[스포티비뉴스=박승환 기자] 롯데 자이언츠 퓨처스리그에 매우 인상적인 모습을 선보이며, 1군 콜업을 향한 무력시위를 펼치고 있는 선수가 있다. 바로 3개월 연속 퓨처스리그 월간 MVP로 선정되고 있는 조민영이다. 조민영은 상당히 독특한 이력을 가진 선수다. 신일고 2학년 시절부터 나쁘지 않은 활약을 펼쳤음에도 불구하고 신인드래프트에서 프로 구단들의 선택을 받지 못했다. 여기까지만 보면 특별한 점은 없다. 그러나 조민영은 미지명에도 야구를 포기하지 않았고, 정규식 코치의 추천을 받으며 대학이 아닌 일본 독립리그에 도전장을 내밀었다. 조민영이 일본행을 택한 이유는 대학리그보다 더 많은 경기에 나설 수 있다는 점 때문이었다. 조민영은 일본 독립리그 이바라키 아스트로 플래닛츠에서도 결코 뒤지지 않은 모습을 보이고 있던 중 지난해 9월 롯데와 계약을 맺게 되면서, 육성선수지만 프로의 꿈을 이루게 됐다. 지난해 퓨처스리그에서는 3경기 밖에 나서지 못했던 조민영. 하지만 올해는 다르다. 조민영은 3~4월 동안 33안타 2홈런 15타점 타율 0.317로 펄펄 날아오르면서 월간 MVP 타이틀을 손에 넣었다. 그리고 5월에는 시코쿠리그와 요미우리 자이언츠 2군과 교류전 참가로 인해 11경기 밖에 나서지 못했음에도 불구하고 13안타 2홈런 10타점 타율 0.342로 활약하며, 또 한 번 월간 MVP로 선정됐다. 이뿐만이 아니다. 조민영은 지난달에도 같은 일정을 소화하는 과정에서도 24안타 8타점 타율 0.393으로 연일 불방망이를 휘두르면서, 3개월 연속 퓨처스리그 월간 MVP 주인공으로 이름을 올렸다. 퓨처스리그 타격 대부분의 지표에서 상위권에 랭크돼 있는 조민영은 올스타전 명단에도 포함됐다. 이런 활약을 김태형 감독도 눈여겨 보는 중이다. 김태형 감독은 지난 4일 수원 KT 위즈전에 앞서 ""조민영이 좋다고 하더라. 잠깐 본 적도 있다. 다만 1군에서 하는 걸 보지 못해서, 조금 더 지켜보고 있다. 수비에서 송구가 그렇게 좋은 편은 아니다. (황)성빈이 보다는 낫지만, 레이예스 정도 되는 것 같다""며 머지 않아 1군으로 불러올릴 뜻을 밝혔다. 이 계획이 전반기에는 이뤄지지 않았지만, 후반기에는 성사가 될 가능성이 매우 높다. 퓨처스 올스타전에 앞서 취재진과 만난 조민영은 대학이 아닌 일본으로 향했던 이유를 밝혔다. 그는 ""고등학교 때 드래프트에서 지명을 받지 못한 이후 실망감이 컸다. 하지만 이겨내고, 야구를 더 배우고 오자는 생각으로 일본으로 가게 됐다. 일본으로 가게 된 것은 경기 수가 많다는 점이었다. 대학은 1년에 많아야 50경기지만, 일본에서는 100경기까지 뛸 수 있었다. 그 부분에 꽂혔다. 올해만 놓고 본다면 일본 생활이 도움이 되지 않았나 생각한다""고 말했다. 성적은 너무 좋은데, 1군 콜업으로 이어지지 않고 있다는 점에서 아쉬움도 있어 보였지만, 야구가 너무 잘 되고 있는 만큼 조민영은 '지금'을 즐기고 있다. 그는 ""(1군 콜업이 없어서) 아쉬움이 없다고 하면 거짓말이다. 하지만 이런 과정이 있어야 나중에 기회가 왔을 때 잡을 수 있다고 생각한다""며 ""성적이 괜찮게 나오고 있다 보니, 힘든 것도 모르겠다. 야구를 너무 재밌게 하고 있다""고 웃었다. 그렇다면 본인이 생각하는 강점은 무엇일까. 그는 ""여러 방면으로 안타를 칠 수 있는 스프레이 히터라는 점""이라고 강조했다. 김용희 감독도 제자 칭찬에 열을 올렸다. 지난 10일 퓨처스 올스타에 앞서 ""(조)민영이가 좋다. 요즘 '맞았다' 하면 안타다. 컨택이 좋은 선수인데, 파워까지 있다. 중·장거리 타자로서 상당히 좋다. 1년에 홈런 2~30개를 치기보다는 2루타 이상의 중·장거리 유형""며 '전준우 스타일인가?'라는 물음에 ""그렇다""고 고개를 끄덕였다. 조민영의 롤 모델도 전준우라고. 퓨처스 올스타전에 앞서 만난 조민영은 ""전준우 선배님이 롤 모델이다. 어릴 때부터 롯데 팬이었다. 아버지가 경상도 분이라 롯데 야구를 보고 자랐다. 어렸을 때부터 TV로 보던 선배님을 옆에서 보는 것만으로도 크다""며 2군에서 선배님들께 물어보면 다 알려주셔서, 궁금하게 있으면 선배님들께 다가가는 편""이라고 설명했다. 특히 조민영은 1군 경험이 많은 선배들을 통해 저녁 경기가 끝난 뒤 훈련 스케줄 등을 물어보는 등 언젠가 찾아올 1군 콜업을 준비해 나가고 있다. 그는 ""불러만 주신다면 열심히 뛰어다닐 것이다. TV에서만 보던 상황에 내게 닥칠 수 있기에 재밌게 할 수 있을 것 같다. 그러기 위해서는 후반기에도 안 처지고, 꾸준함을 유지해야 한다""며 ""만약 올해 콜업이 안 되더라도 꾸준함을 보여주고, 내년에는 안 부를 수 없는 선수가 되겠다""고 목소리를 높였다. <저작권자 ⓒ SPOTV NEWS. 무단전재 및 재배포 금지>",https://v.daum.net/v/254ZLImjTP
2026.07.13 14:31,"전반기 최다 관중…‘이대로면 1296만명’ 역대급 페이스 KBO리그, 1...",스포츠동아,"[스포츠동아 강산 기자] 올 시즌 KBO리그는 역대급 흥행을 이어가고 있다. 1300만 관중 돌파도 결코 꿈이 아니다. KBO리그는 올 시즌 전반기 424경기만에 763만3775명의 관중을 끌어모았다. 지난 시즌의 758만228명을 넘어선 역대 전반기 최다 관중이다. 지금의 추세라면 올해 정규시즌 720경기서 총 1296만3000명이 입장한다는 산술적 계산이 나온다. 지난 시즌 기록한 역대 최다 관중인 1231만2519명을 넘는 건 시간 문제라는 시각이 우세하다. 후반기 들어 한층 치열해질 순위 싸움 등을 고려하면 최초의 1300만 관중 달성도 가능할 것이라는 기대도 점점 커지고 있다. 티켓 파워가 그야말로 엄청나다. 전반기 424경기 중 54.5%인 231경기가 매진됐다. 55경기만의 100만 관중 돌파를 시작으로 700만명(388경기)까지 잇따라 역대 최소 경기 신기록을 작성한 것도 의미가 크다. 리그 평균 관중 역시 1만8004명으로 지난 시즌의 1만6804명보다 1200명이 늘었다. 팀별로 살펴봐도 증가 추세가 가파르다. 지난 시즌과 같은 홈경기 수를 기준으로 LG 트윈스(43경기 중 35회), 한화 이글스(41경기 중 34회), 삼성 라이온즈(42경기 중 33회)는 30경기 이상 매진을 기록했다. 특히 LG는 전반기에만 100만 관중(100만8068명)을 돌파해 높은 인기를 실감했다. 지난 시즌의 92만5460명서 8.9%나 늘었다. 삼성(99.2%), LG(98.7%), 한화(98.3%)는 홈구장 좌석 점유율 98%를 넘겼다. 10개 구단 중 가장 적은 50만9086명이 입장한 NC 다이노스의 홈 관중 증가 추세도 눈에 띈다. 지난 시즌 41만5245명과 비교해 홈 관중이 23%나 늘었다. 키움 히어로즈 역시 지난 시즌의 53만9889명서 16% 증가한 62만5808명의 홈 관중을 기록했다. 평균 관중이 감소한 팀은 한화, 롯데 자이언츠가 ‘유이’하다. 한화는 지난 시즌의 69만3959명서 68만5476명으로 1.2%, 롯데는 83만4961명서 80만8841명으로 3.1% 줄었다. 그러나 한화, 롯데(87.2%) 모두 좌석 점유율은 리그 평균(87.1%) 이상이다. 강산 기자 posterboy@donga.com",https://v.daum.net/v/V6JqdrEozM
2026.07.13 14:22,"한화 초대형 역사 터지나? '23세' 주전 포수, 36년 만에 영광→별들...",엑스포츠뉴스,"(엑스포츠뉴스 김근한 기자) 한화 이글스 포수 허인서가 올스타전 무대에서 단숨에 주인공이 됐다. 그리고 이제 후반기 23세 주전 포수를 향한 기대치가 더 커지는 분위기다. 허인서는 지난 11일 서울 잠실야구장에서 열린 2026 신한 SOL KBO 올스타전에 나눔 올스타 8번 타자 겸 포수로 선발 출전해 5타수 4안타 1타점 1득점의 맹활약을 펼쳤다. 허인서는 경기 후 진행된 기자단 투표에서 26표 중 13표(50%)를 획득하며 팀 동료 문현빈(10표)을 제치고 올스타전 MVP를 수상했다. 허인서에게는 지난해 대비 1000만원 증액된 2000만원의 상금과 트로피, 기념 상품 등 부상이 주어졌다. 이날 허인서는 2회초 첫 타석부터 강렬한 인상을 남겼다. MLB 강타자 포수 칼 랄리(시애틀 매리너스)의 스타일을 오마주한 이른바 '허랄리(허인서+칼 랄리)' 퍼포먼스를 선보이며 웃음을 자아낸 뒤 중전 안타를 때려냈다. 이어 두 번째, 세 번째, 네 번째 타석에서도 연속 안타를 생산하며 MVP 수상 가능성을 높였다. 다섯 번째 타석에서만 안타를 추가하지 못했을 뿐 사실상 경기를 지배했다. 경기 후 취재진과 만난 허인서는 감격스러운 소감을 전했다. ""처음 올스타에 뽑혔는데 이렇게 바로 미스터 올스타를 받을 수 있어 기분이 너무 좋다""고 밝혔다. 이어 ""미스터 올스타는 머릿속에 없던 그림이었는데 받을 수 있어 더 기분이 좋다""고 고갤 끄덕였다. 앞서 올스타 베스트12 선정 당시에도 허인서는 진심 어린 소감을 남겼다. 허인서는 과거 빙그레 이글스(한화 전신) 소속이었던 포수 유승안의 1990년 올스타 선발 이후 36년 만에 올스타 베스트에 뽑힌 두 번째 한화 프랜차이즈 포수라는 영광을 안았다. 그는 ""솔직히 중간 집계 때는 갈 수 있다고 확신은 하지 못했다. 팬분들의 투표와 동료들의 투표 덕분에 베스트12에 뽑혀서 더 기쁘다""고 말했다. 이어 ""그동안 퓨처스 올스타전만 세 번 정도 나갔다. 그때 1군 선배님들을 볼 때마다 올스타전 무대도 서고 싶다는 생각이 들었다. 주전 포수로서 첫 풀타임 시즌에 올스타전에 나갈 수 있어 기분이 좋다""고 미소 지었다. 그리고 이제 허인서의 시선은 더 큰 무대를 향하고 있다. 전반기 성적표가 심상치 않다. 73경기 출전 타율 0.292, 62안타, 12홈런, 45타점, 출루율 0.369, 장타율 0.495. 주전 포수 자리를 굳힌 첫 시즌에 이 정도 성적이라면 올스타 MVP는 단순한 시작에 불과할 수 있다. 중고 신인왕 레이스에서도 허인서의 존재감은 뚜렷하다. 중고 신인 자격을 갖추고 있는 허인서는 전반기 타율·홈런·타점 모든 면에서 경쟁자들과 비교해도 뒤지지 않는 성적을 쌓았다. 여기에 포수 골든글러브 도전도 현실적인 목표가 됐다. 포수 골든글러브는 성적뿐 아니라 리드 능력과 수비력도 함께 평가되는 포지션이다. 허인서는 전반기 동안 오웬 화이트, 윌켈 에르난데스, 왕옌청 등을 비롯한 한화 선발진을 안정적으로 리드하며 투수들로부터 신뢰를 얻었다는 평가를 받고 있다. 올스타 MVP 수상으로 전반기를 화려하게 마무리한 허인서. 후반기 신인왕과 골든글러브라는 두 마리 토끼를 동시에 잡을 수 있을지 주목된다. 사진=엑스포츠뉴스 DB 김근한 기자 forevertoss88@xportsnews.com",https://v.daum.net/v/77WaPAae5p
2026.07.13 14:20,‘8년 80억 장기 계약’ 하영민 어떻게 붙잡으셨어요? “본인도 키움서 ...,스포츠서울,"[스포츠서울 | 이소영 기자] “선수 본인도 키움에서 선수 생활을 마무리하고 싶은 욕심이 있었다.” 올시즌 최하위 탈출을 노리는 키움이 토종 선발 하영민(31)과 8년 비FA 다년계약을 체결했다. 중장기 전력 구상을 바탕으로 안정적인 마운드를 구축하기 위해 ‘반드시 지켜야 할’ 핵심 전력으로 판단해서다. 키움은 13일 “하영민과 계약기간 8년(2027~2034년), 연봉과 옵션 포함 총액 80억원(세부 내용 비공개) 규모의 비FA 다년계약을 체결했다”고 발표했다. 이는 구단 비FA 다년계약 역사상 최대 규모이자, KBO리그 역대 투수 비FA 다년계약 가운데서도 여섯 번째로 큰 계약이다. 2014년 신인 드래프트에서 2차 1라운드 전체 4순위로 넥센(현 키움)에 입단한 하영민은 다양한 보직을 거쳐 팀의 주축 투수로 성장했다. 2024년과 2025년 2년 연속 150이닝 이상을 소화했고, 올시즌엔 선발과 불펜을 오가며 투수진의 중심축으로 활약했다. 반등을 노리는 키움에 마운드는 희망 요소다. 적어도 투수진만큼은 어느 정도 밑그림이 그려졌다. 라울 알칸타라와 안우진, 배동현, 박준현 등으로 꾸려진 선발진은 결코 만만치 않다. 여기에 하영민까지 장기적으로 묶어두면서 마운드의 뼈대를 유지할 수 있게 됐다. 그렇다면 8년 총액 80억원은 어떻게 책정했을까. 키움 허승필 단장은 ‘스포츠서울’과 통화에서 “최근 성적과 향후 기대치, FA 시장 가치 등을 종합적으로 봤다”며 “내년 시즌 종료 후 FA 자격을 얻게 되는 데다, 그때 시장이 어떻게 돌아갈지 모르는 점도 고려했다”고 밝혔다. 협상은 속전속결이었다. 허 단장은 “내부적으로는 올시즌을 시작하면서 검토했다”며 “선수와 본격적으로 얘기가 오간 건 3일이다. 그때 처음 계약을 제시했고, 합의도 같은 주 일요일(5일)에 이뤄졌다. 양측 모두 이견은 없었다”고 부연했다. 무엇보다 선발의 덕목인 내구성과 이닝 소화력을 높게 평가했다. 허 단장은 “국내에서 영민이처럼 부상 없이 선발 로테이션을 돌면서 꾸준히 150이닝을 소화해주는 투수가 흔치 않다”며 “본인 역시 키움에서 선수 생활을 마무리하고 싶어하는 욕심도 있었다”고 힘줘 말했다. 자유계약선수(FA) 시장 참여 가능성도 열어뒀다. 허 단장은 “아예 손을 뗀 적은 없다. 다만 대기업 산하에 있는 타 구단들처럼 자본금 지원이 있는 게 아니”라며 “구단 자본으로 진행해야 하는 어려움이 있다”고 털어놨다. 이어 “올해도 기조는 비슷할 것”이라며 “현시점에서 정확하게 확답할 순 없지만, 시장은 지켜보고 있다”고 덧붙였다. 하영민 역시 책임감을 드러냈다. 그는 “이번 계약을 통해 영원한 히어로즈 선수로 남을 기회를 얻게 돼 더욱 뜻깊게 생각한다”며 “구단에서 큰 결정을 내려주신 만큼 감사함과 동시에 책임감을 느끼고 있다. 팀이 더 높은 곳으로 올라갈 수 있도록 맡은 역할에 최선을 다하겠다”고 각오를 다졌다. sshong@sportsseoul.com",https://v.daum.net/v/BnRETu0HvI
2026.07.13 14:14,"엄두도 못낼 황성빈의 용기, 상상도 못한 튼동의 연기…이 케미, 롯데 후...",스포츠경향,"김태형 롯데 감독은 지난 11일 올스타전에서 난 데 없이 강아지 목줄을 손에 쥐었다. 드림올스타 1루 코치로 나가 있던 김 감독에게 황성빈이 요청한 퍼포먼스였다. 김 감독이 유명한 애견인임을 활용한 당돌한 제안을 김 감독은 받아줬다. 개로 분장해 다소곳이 말을 듣는 황성빈에게 “손”하면서 손을 내밀라 하고, “물어와” 하고는 목줄을 당기는 등 환상의 연기까지 선보였다. 상상도 할 수 없던 장면이다. ‘명장’이지만 ‘덕장’으로 불리진 않고, 주장 시절 외국인 타자 타이론 우즈를 라커룸으로 데리고 가 커튼을 쳤다는 전설의 ‘튼동’ 김태형 감독은 리그 사령탑 중에서도 강성으로 꼽힌다. 두산 왕조를 이끈 커리어와 내 갈 길 가는 호통의 카리스마는 김 감독의 독보적인 캐릭터다. 황성빈은 김태형 감독에게 처음으로 공개적으로 혼난 주인공이다. 2024년 3월26일 광주 KIA전에서 출루한 뒤 마치 투수를 약올리듯 스킵 동작을 반복했고, 당시 세트포지션에 들어간 KIA 선발 양현종이 치미는 분노를 억누르는 표정이 중계 화면에 잡혀 SNS로 삽시간에 퍼졌다. 황성빈은 같은 행위로 이미 여러 상대 팀들에게 공공의 적으로 불리고 있었다. 롯데 지휘봉을 새로 잡았던 김태형 감독에게는 용납되지 않는 행위였다. 김 감독은 당시 “내가 상대 팀 감독이라도 자극이 될 것 같다. 코치들에게 신경쓰라고 얘기했다”고 했다. 사실상 공개적으로 황성빈에게 주의를 줬다. 2년이 지났다. 황성빈은 여전히 특이하다. 이미 캐릭터는 굳어졌고, 지금도 팀을 막론하고 상대 투수들이 꺼린다. 그러나 문제의 그 동작 같은 논란은 크게 줄었다. 김태형 감독은 전반기 종료를 앞두고 황성빈에 대해 “올해는 경기에 임하는 자세가 진지해졌다. 팀에서 리더가 되려는 모습도 있다”고 이례적인 칭찬도 했다. 황성빈은 4월 이후 1번 타자로 고정돼 있다. 출루율은 0.336이지만 도루 1위(32개)다. 타격 침체의 롯데 타선에서 허슬플레이로 6월 이후 상승세를 끌었다. 1번 타자로 기용해줘 감독님께 감사드린다더니 올스타전 퍼포먼스에 끌어들였다. 황성빈이 아니면 발상 자체도 못했을 일, 그만큼 선수가 감독에게 느끼는 거리감이 줄었음을 올스타전에서 모두가 확인했다. 롯데 포수 손성빈도 독특하다. 롯데에서 포수가 워낙 오랜시간 문제적 포지션인 데다 김태형 감독이 포수 출신이다보니 어린 포수 손성빈이 아직 마뜩치 않은 경우가 많다. 가장 많이 혼나는 선수 중 한 명이다. 손성빈은 즐기고 있다. 손성빈은 “감독님께서 혼도 많이 내주시고, 직설적으로 말씀을 많이 해주시는데 뒤끝은 없다. 감독님 마음에 드는 선수가 되도록 내가 노력해야 되겠다”라며 “또래끼리 사우나를 늘 가는데 감독님과 자주 마주친다. ‘그렇게 뭉쳐다니지 말고 야구 잘 하는 사람하고 다니라’고 하신다. 그런 게 재미있다. (피하지 않고) 일부러 마주치려고 한다”라고 웃었다. 2002년생인 손성빈은 올시즌 처음으로 주전 마스크를 쓰고 있다. 200타석에 나간 것도 올해가 처음이다. 전반기 주전포수로 뛰다보니 활력과 의욕이 넘친다. 자칫 치솟을 수 있는 자신감, 오버페이스를 김태형 감독이 억눌러주는 분위기다. 극신세대 손성빈은 전설의 김태형을 아는지 모르는지 그 호통을 자기 스타일로 소화하고 있다. 롯데는 2017년 이후 가을야구에 가지 못했다. 여러 감독을 거쳐 리그 명장으로 꼽히던 김태형 감독과 2024년 손 잡았다. 그러나 2년 연속 7위, 잡을 듯 못 잡은 포스트시즌에 올해 다시 도전 중이다. 그 사이 팀은 더 젊어졌다. 사고도 많이 친다. 구단은 비시즌 전력 보강을 아예 멈췄다. 김태형 감독은 경험 없는 젊은 롯데를 데리고 가을야구에 다시 도전한다. 그래도 몇 년 만에 비로소 선발 야구를 펼치면서 다시 기회를 만들어가고 있다. 선수들은 조금씩 성장하고 김태형 감독도 변화 중이다. 이제 서로 적응했다. 성적이 좋은 팀 뒤에는 항상 벤치와 선수 사이 호흡이 있다. 3년 차에 비로소 생기는 이 ‘케미’가 롯데의 후반기에 가장 큰 힘이 될지도 모른다. 김은진 기자 mulderous@kyunghyang.com",https://v.daum.net/v/Z9V3WzUZUC
2026.07.13 14:08,"키움, 투수 하영민과 8년 80억원에 비FA 다년 계약",세계일보,"프로야구 키움 히어로즈가 13일 자유계약선수(FA)가 아닌 우완 투수 하영민(31)과 내년부터 2034년까지 계약기간 8년, 연봉과 옵션 포함 총액 80억원(세부 내용 비공개) 규모에 비(非)FA 다년 계약을 맺었다고 밝혔다. 키움은 이날 오전 서울의 한 호텔에서 위재민 키움 구단 대표이사와 하영민과 그의 가족들이 참석한 가운데 계약식을 가졌다. 이번 계약은 키움 구단이 체결한 비FA 다년계약 중 최대 규모다. 지난해 송성문(현 샌디에이고 파드리스)과 6년 총액 120억원 규모의 비FA 다년계약을 체결했지만, 송성문이 포스팅 시스템을 통해 미국프로야구 메이저리그로 진출하면서 계약은 실행되지 않았다. 키움은 또 하영민의 계약이 KBO리그 역대 투수 비FA 다년계약 기준으로 한화 이글스 류현진(8년 170억원), SSG 랜더스 김광현(4년 151억원), NC 구창모(7년 132억원), KT 고영표(5년 107억원), 롯데 박세웅(5년 90억원)에 이어 여섯 번째로 큰 규모라고 의미를 뒀다. 2014년 히어로즈에서 데뷔한 하영민은 올해 전반기까지 통산 34승 40패, 9홀드, 평균자책점 4.96을 기록했다. 특히 2024∼2025년 2년 연속 150이닝 이상을 던져 키움 마운드의 선발 한 축을 담당했다. 한 시즌 최다승은 2024년에 거둔 9승이다. 키움 구단은 “하영민은 오랜 시간 팀과 함께 성장하며 자신의 가치를 증명한 프랜차이즈 선수”라며 “앞으로도 지금처럼 책임감을 갖고 팀의 중심 선수로서 후배들에게 좋은 본보기가 되어주길 바란다. 히어로즈를 대표하는 선수로 오랫동안 활약해주길 기대한다”고 했다. 하영민은 구단을 통해 “좋은 조건을 제시해 준 구단에 정말 감사드린다. 이번 계약을 통해 영원한 히어로즈 선수로 남을 기회를 얻게 돼 더욱 뜻깊게 생각한다”며 “앞으로도 선배들에게 많이 배우고, 후배들에게는 좋은 본보기가 될 수 있도록 노력하겠다. 그리고 팀이 더 높은 곳으로 올라갈 수 있도록 맡은 역할에 최선을 다하겠다”고 말했다. 송용준 선임기자 eidy015@segye.com",https://v.daum.net/v/KtAqYqu5gz
2026.07.13 14:04,"""가야지, 가야지, 스벅 가야지"" 배재고, '모욕 혐의' 불송치 전망→광...",스타뉴스,"[스타뉴스 | 박수진 기자] 광주제일고등학교(광주일고)와의 야구 경기 도중 5·18 민주화운동을 폄훼하는 응원 구호를 외친 배재고등학교 야구부원에 대한 모욕 혐의 진정 사건이 당사자 간 화해로 추가 수사나 처벌 없이 종결될 전망이다. 뉴시스와 뉴스1이 보도한 바에 따르면 박정보 서울경찰청장은 13일 오전 진행된 정례 기자간담회에서 관련 수사 상황에 대해 ""배재고에서 광주일고를 찾아가 사과했고, 광주일고 교장도 처벌을 원하지 않는다는 의사를 표했다""며 ""잘 정리가 될 것 같다""고 밝혔다. 친고죄인 모욕죄는 피해자가 가해자에 대한 처벌을 원할 때 처벌이 가능하다. 사건을 접수한 진정인 역시 경찰에 진정 취소 의사를 밝힌 것으로 전해졌다. 이에 따라 사건을 수사해온 서울 양천경찰서는 해당 사건을 '공소권 없음'으로 불송치할 것으로 예상된다. 앞서 배재고 야구부원들과 관계자들은 지난 6일 오후 3시경 광주일고를 직접 방문해 선수단과 지도자, 교직원 명의의 사과문을 각각 낭독하고 이를 전달했다. 배재고 야구부 선수단은 사과문을 통해 ""부적절한 발언과 행동으로 마음의 큰 상처를 입은 광주일고 선수들과 학부모, 광주 시민들께 진심으로 사과드린다""며 고개를 숙였다. 야구부 감독 역시 ""학생들을 올바르게 이끌어야 할 지도자로서 저의 책임이 가장 크다""며 ""승패에만 집중하느라 잘못된 응원 소리를 제때 제지하지 못했다. 지도자로서 져야 할 책임을 겸허히 감당하겠다""고 책임을 통감했다. 배재고 교직원 측도 ""윤리의식과 역사 인식에 대한 총체적인 붕괴에서 비롯된 사례로 보고 있으며 심각하게 받아들이고 있다""고 전했다. 광주일고 측은 이들의 사과를 수용했으며, 사과문 전달을 마친 배재고 선수단과 관계자들은 이어 국립5·18민주묘지를 방문해 참배하며 재발 방지를 다짐했다. 이번 논란은 지난 6월 29일 서울 목동야구장에서 열린 제81회 청룡기 전국고교야구선수권대회 광주일고전에서 발생했다. 배재고 일부 선수들이 상대 팀인 광주일고를 향해 5·18 민주화운동을 연상시키는 ""가야지, 가야지. 스타벅스 가야지"", ""탱크데이"" 등의 구호를 반복해 외쳐 지역을 비하하고 희화화했다는 비판을 받았다. 박수진 기자 bestsujin@mtstarnews.com",https://v.daum.net/v/ZdSTh31ySa
2026.07.13 14:00,"'트리플A 14홈런' 좌타 거포 한국 온다! MLBTR ""KBO 계약 위...",OSEN,"[OSEN=손찬익 기자] 미국 마이너리그에서 불방망이를 휘두른 우투좌타 외야수 블라이 매드리스(30)가 KBO리그 무대를 밟을 전망이다. 미국 스포츠 매체 'MLB 트레이드 루머스'는 13일(이하 한국시간) ""세인트루이스 카디널스가 매드리스를 방출했다. 카디널스 전문 매체 '더 카디널 네이션'의 브라이언 월튼에 따르면 매드리스는 KBO리그 구단과 계약하기 위해 한국으로 향한다""고 보도했다. 다만 매드리스와 계약하는 KBO리그 구단이 어디인지는 공개되지 않았다. 이런 가운데 외국인 타자 교체 가능성이 거론되는 SSG 랜더스와 연결될지에도 관심이 쏠린다. 현재 SSG는 외국인 타자 길레르모 에레디아가 왼쪽 어깨 부상으로 지난 9일 1군 엔트리에서 말소된 상태다. 에레디아의 복귀 시점이 불투명한 만큼 SSG가 외국인 타자 교체 여부를 놓고 다양한 가능성을 검토할 것이라는 전망이 나온다. 매드리스는 올 시즌 세인트루이스 산하 트리플A 멤피스에서 284타석에 나서 타율 2할7푼7리(0.277) 14홈런, 출루율 0.389, 장타율 0.519를 기록했다. 장타력과 선구안을 모두 보여주며 뛰어난 생산성을 과시했지만 메이저리그 승격 기회는 얻지 못했다. ‘MLB 트레이드 루머스’는 매드리스가 빅리그에 오르지 못한 이유도 소개했다. 주 포지션인 1루에는 알렉 벌레슨이 확고하게 자리를 지키고 있고, 외야 역시 좌타 자원이 풍부한 데다 지명타자는 이반 에레라가 대부분 소화하고 있다는 설명이다. 여기에 리빌딩을 진행 중인 세인트루이스가 30세 베테랑보다 젊은 선수들에게 기회를 주는 기조를 유지한 것도 영향을 미쳤다고 분석했다. 결국 매드리스는 트리플A에서의 활약을 발판 삼아 KBO리그행을 선택했다. ‘MLB 트레이드 루머스’는 ""매드리스는 KBO 계약을 통해 미국 마이너리그보다 더 큰 보장 연봉을 받게 됐다""고 전했다. 해외 무대 도전은 2020-2021시즌 호주야구리그(ABL)에서 뛴 이후 이번이 두 번째다. 매드리스는 메이저리그 통산 성적은 화려하지 않다. 2022년부터 2024년까지 피츠버그 파이어리츠, 휴스턴 애스트로스, 디트로이트 타이거스에서 뛰며 통산 228타석 타율 2할4리(0.204), 출루율 0.273, 장타율 0.286을 기록했다. 2024년 디트로이트에서는 75타석에서 타율 2할6푼9리(0.269)를 기록했지만, 지난해에는 부상 여파로 마이너리그 60경기 출전에 그치며 빅리그 무대를 밟지 못했다. 반면 마이너리그에서는 꾸준히 경쟁력을 보여줬다. 트리플A 통산 2085타석에서 타율 2할5푼5리(0.255), 출루율 0.350, 장타율 0.450을 기록했고, 1루수와 코너 외야를 모두 소화할 수 있는 멀티 포지션 자원이라는 장점도 갖췄다. 매드리스의 KBO리그행은 사실상 확정됐다. 이제 관심은 그가 어느 구단 유니폼을 입고 한국 무대를 누비게 되느냐다. /what@osen.co.kr",https://v.daum.net/v/38cDVoiPCi
2026.07.13 13:59,"키움 하영민, '구단 최대 규모' 8년 80억 계약…투수 비FA 역대 6...",연합뉴스TV,"프로야구 키움의 오른손 투수 하영민이 구단 역사상 최대 규모의 비FA 다년계약을 체결했습니다. 키움 구단은 13일 ""하영민과 2034년까지 계약기간 8년, 연봉 및 옵션 포함 총액 80억원에 재계약했다""고 발표했습니다. 이번 계약은 키움 구단이 체결한 비FA 다년계약 중 최대 규모로, 지난해 송성문(현 샌디에이고 파드리스)과 6년 총액 120억원 규모의 비FA 다년계약을 체결했지만 송성문이 포스팅 시스템을 통해 미국 메이저리그로 진출하면서 계약은 실행되지 않았습니다. KBO리그 투수 비FA 다년계약 기준으로 봐도 류현진(한화·8년 170억원), 김광현(SSG·4년 151억원), 구창모(NC·7년 132억원), 고영표(KT·5년 107억원), 박세웅(롯데·5년 90억원)에 이어 역대 6위에 해당하는 규모입니다. 2014년 히어로즈 유니폼을 입고 프로에 데뷔한 하영민은 올해 전반기까지 통산 34승 40패, 9홀드, 평균자책점 4.96을 기록했습니다. 특히 2024년부터 2년 연속 150이닝 이상을 던져 키움 마운드의 선발 한 축을 담당했습니다. 키움 구단은 ""하영민은 오랜 시간 팀과 함께 성장하며 자신의 가치를 증명한 프랜차이즈 선수""라며 ""앞으로도 지금처럼 책임감을 갖고 팀의 중심 선수로서 후배들에게 좋은 본보기가 되어주길 바란다. 히어로즈를 대표하는 선수로 오랫동안 활약해주길 기대한다""는 말을 남겼습니다. 하영민은 구단을 통해 ""좋은 조건을 제시해 준 구단에 정말 감사드린다. 이번 계약을 통해 영원한 히어로즈 선수로 남을 기회를 얻게 돼 더욱 뜻깊게 생각한다""며 ""앞으로도 선배들에게 많이 배우고, 후배들에게는 좋은 본보기가 될 수 있도록 노력하겠다. 그리고 팀이 더 높은 곳으로 올라갈 수 있도록 맡은 역할에 최선을 다하겠다""는 소감을 밝혔습니다. #프로야구 #키움 #하영민 #비FA #재계약 연합뉴스TV 기사문의 및 제보 : 카톡/라인 jebo23 우준성(Spaceship@yna.co.kr)",https://v.daum.net/v/5GpVTu0H5b
2026.07.13 13:53,허인서X한준수 '젊은피' 거센 도전 → 올스타 역대 최다 득표+전반기 팀...,스포츠조선,"[스포츠조선 김영록 기자] 허인서(한화 이글스)부터 한준수(KIA 타이거즈)까지, 올해는 유독 '양강(양의지 강민호)'에 도전하는 젊은 포수가 유독 대거 등장한 시즌이다. 그렇다 한들 두 남자의 존재감은 여전히 강렬하다. 두산 베어스 양의지는 '자려고 누웠는데' 신드롬을 앞세워 올스타 역대 최다 득표 1위의 영광을 차지했고, 강민호는 소속팀의 전반기 1위를 견인했다. 기록 면에선 두 선수 모두 나란히 아쉬움이 남는다. 올시즌 포수들 중 가장 강렬한 임팩트를 남긴 선수는 허인서다. 허인서는 타율 2할9푼2리 12홈런 45타점, OPS(출루율+장타율) 0.864를 기록하며 새로운 거포의 탄생을 알렸다. 특히 5월 한달간 타율 3할5푼8리 홈런 9개를 몰아치며 김경문 감독의 눈도장을 확실하게 받았다. 한준수 역시 만만치 않다. 타율 3할2푼2리 6홈런 26타점, OPS가 0.923에 달한다. 특히 허인서와 마찬가지로 5월 한달간 타율 3할5푼8리의 불타는 방망이를 과시하며 이범호 감독의 신뢰를 한몸에 받았다. 이들 외에도 기존의 강자 박동원(LG 트윈스)을 비롯해 신예 김건희(키움 히어로즈) 김형준(NC 다이노스) 등이 이젠 '양강'의 시대가 아니라는듯 저마다 빛나는 활약을 펼쳤다. 하지만 프로야구 전반기를 마무리짓는 올스타전의 주인공은 양의지였다. 양의지는 무려 260만표를 넘기며 지난해 한화 김서현(178만6837표)을 큰 폭으로 뛰어넘는 압도적인 존재감을 과시했다. 양의지는 전반기 타율 2할5푼3리 11홈런 43타점, OPS 0.751을 기록했다. 타격 1위, 20홈런, OPS 0.939를 달성했던 임팩트는 찾아볼 수 없다. 불혹을 넘긴 강민호 역시 2024년의 회춘 이후 조금씩 기록이 하락중이지만, 클래스는 여전하다. 올해는 타율 2할5푼6리 6홈런 35타점, OPS 0.767로 양의지와 비슷하거나 비교 우위인 성적을 냈다. 소속팀에선 여전히 중심타자 뿐 아니라 포수로도 대체 불가다. 양의지가 367⅓이닝, 강민호가 361이닝으로 나란히 팀의 주전 포수로 활약했다. 그 결과 전반기 팀 평균자책점 1위는 두산(3.90), 2위는 삼성(4.11)이다. 두 선수의 노련한 투수리드와 넉넉한 리더십은 젊은 투수들이 많은 두 팀의 마운드에 큰 힘이 되고 있다. 특히 삼성은 51승2무32패(승률 0.614)로 10개 구단 중 1위로 전반기를 마쳤다. 강민호에겐 2004년 데뷔 이래 23년만의 첫 전반기 1위다. 김영록 기자 lunarfly@sportschosun.com",https://v.daum.net/v/ULiCdrEoFa
2026.07.13 13:51,최고의 전반기 보낸 롯데 김진욱 “잘하니까 감독님이 칭찬 많이 해주시네요...,스포츠경향,"롯데 좌완 김진욱은 올 시즌 최고의 전반기를 보냈다. 전반기 16경기에서 5승 4패 평균자책 2.95를 기록했다. 올 시즌을 시작할 때에는 5선발로 개막을 맞이했지만 현재 국내 선발진 중에서는 가장 좋은 컨디션을 자랑한다고 해도 과언이 아니다. 덕분에 9월 열리는 아이치·나고야 아시안게임 엔트리에도 이름을 올렸다. 생애 처음으로 올스타전에도 참가했다. 김진욱은 감독 추천 선수로 올스타 명단에 이름을 올렸다. 미국프로야구 메이저리그 디트로이트의 타릭 스쿠발의 체인지업을 참고해 피칭을 발전시킨 김진욱은 올해 ‘사직 스쿠발’이라는 별명도 얻었다. 이를 바탕으로 김진욱은 올스타전에서 스쿠발과 이름이 비슷한 아이스크림인 스크류바 분장을 해 웃음을 자아내기도 했다. 김진욱은 전반기를 돌아보며 “개인적으로 성적을 보면 만족스럽게 전반기를 마쳤다. 후반기를 잘 준비해서 팀이 계속 올라가는데 초점을 맞춰야 될 것 같다”고 밝혔다. 무엇보다 김태형 롯데 감독의 칭찬을 받았다는 점에서 만족감이 크다. 2024년 시범경기까지만 해도 김태형 감독은 “내 머릿속에 믿음이 아직은 없는 것 같다”라고 냉철한 평가를 했다. 김진욱은 그해 스스로 선발 기회를 잡았고 지난해에는 선발로 시즌을 시작했으나 4월 중순부터 흔들리기 시작해 구원 투수로 보직을 바꾸기도 했다. 하지만 올 시즌에는 스프링캠프부터 믿음을 줬고 전반기를 선발진에서 완주했다. 이렇다 보니 김태형 감독의 칭찬이 절로 나올 수밖에 없다. 김진욱은 “확실히 야구를 잘하니까 감독님이 칭찬도 많이 해주시는 것 같다”며 “항상 감독님이 많은 조언도 해주시고 마운드에 올라갔을 때 편하게 할 수 있게끔 한마디씩 걸어주셔서 좋은 결과를 계속 마운드에서 낼 수 있지 않았나라고 생각이 든다”고 고마움을 표했다. 전반기 좋은 성적의 비결로는 자신감을 꼽았다. 김진욱은 “자신감이나 기술적인 문제들이 많았는데 결국에는 경기를 할 때 자신감이 붙어서 좋은 결과를 낸 게 아닐까 하는 생각이 든다”고 자평했다. 15일까지 올스타전 휴식기에 돌입하고 16일부터는 다시 후반기가 본격적으로 시작된다. 김진욱은 “쉬는 것도 잘 쉬어야 하지만 운동도 꾸준히 해야 된다. 다음 등판에 집중을 해야 하기 때문에 등판 시기에 따라서 운동을 계속할 계획”이라며 휴식기의 계획을 전했다. 롯데는 전반기를 8위로 마무리했다. 7위 NC와는 2경기, 6위 한화와는 3.5경기, 5위 두산과는 5경기 차이로 위 순위와의 격차가 크지는 않다. 김진욱은 “전반기 막바지에 승률이 좋았다. 분위기는 지금 가장 좋다”며 “잘 쉬고 나면 다들 충분히 올라갈 수 있을 것이라고 생각한다”고 각오를 다졌다. 김하진 기자 hjkim@kyunghyang.com",https://v.daum.net/v/fz3qSpFY3R
2026.07.13 13:47,"'스타벅스 논란' 배재고 야구부, 경찰 불송치 전망…광주일고 처벌 불원",스포츠투데이,"[스포츠투데이 신서영 기자] 광주일고를 상대로 지역 비하성 응원 구호를 외쳤다가 6개월 출전정지 징계를 받은 배재고 야구부 선수들에 대해 경찰이 불송치 결정을 내릴 전망이다. 13일 연합뉴스에 따르면 박정보 서울경찰청장은 이날 정례 기자간담회를 열고 배재고 야구부원의 모욕 혐의 수사와 관련해 ""배재고 측이 광주일고를 찾아 사과했고 피해자인 광주일고 측도 처벌 불원 의사를 표했다""며 ""피해자가 처벌을 원하지 않으면 처벌할 수 없는 범죄이기 때문에 잘 정리가 될 것 같다""고 말했다. 모욕죄는 친고죄로, 피해자의 고소가 있어야 처벌할 수 있다. 사건을 접수한 진정인도 경찰에 진정 취소장을 제출하겠다는 의사를 밝힌 것으로 알려졌다. 이에 따라 경찰은 해당 사건을 공소권 없음으로 불송치할 것으로 예상된다. 이번 논란은 지난달 29일 서울 목동야구장에서 열린 제81회 청룡기 전국 고교야구선수권대회 주말리그 왕중왕전에서 불거졌다. 당시 배재고 야구부 학생들은 광주일고 선수들을 향해 ""스타벅스 가야지"", ""탱크데이"" 등 지역 비하로 해석될 수 있는 응원 구호를 반복해 외쳤다. 이에 광주일고 측이 주심에게 강하게 항의했고,주심은 배재고 측에 주의를 줬다. 이 장면이 담긴 영상이 SNS를 통해 확산되면서 논란은 전국적으로 번졌다. 배재고는 학교 SNS에 공식 사과문을 게재했지만 비판 여론은 쉽게 가라앉지 않았다. 대한야구소프트볼협회는 지난 1일 스포츠공정위원회를 긴급 개최해 배재고 야구부에 전국대회 출전정지 6개월의 징계를 내렸다. 이후 배재고 야구부는 지난 6일 광주일고를 직접 찾아 공식 사과했고, 국립5·18민주묘지를 참배했다. 광주일고 측은 사과를 받아들이는 한편 배재고에 대한 선처를 요청했다. 한편 배재고는 지난 8일 대한야구소프트볼협회의 징계에 대해 재심을 청구하기로 결정했다. 대한체육회는 오는 20일 오후 3시 스포츠공정위원회를 열고 배재고의 재심 청구 안건을 심의할 예정이다. [스포츠투데이 신서영 기자 sports@stoo.com]",https://v.daum.net/v/qVonPAaevV
2026.07.13 13:40,"""영원한 히어로즈""…하영민, 키움과 8년 80억 비FA 계약",머니투데이,"프로야구 키움 히어로즈가 프랜차이즈 투수 하영민(31)과 구단 역대 최대 규모의 비(非) 프리에이전트(FA) 다년계약을 체결했다. 키움은 13일 ""하영민과 계약기간 8년, 연봉과 옵션을 포함한 총액 80억원에 비FA 다년계약을 맺었다""고 발표했다. 이날 오전 서울 신도림 더링크서울 트리뷰트 포트폴리오 호텔에서 하영민과 그의 가족, 위재민 대표이사, 허승필 단장이 참석한 가운데 계약식이 열렸다. 이번 계약은 키움 구단 역사상 최대 규모의 비FA 다년계약이다. 지난해 송성문과 포스팅 시스템 조항이 포함된 6년 총액 120억원 규모의 비FA 다년계약을 체결했지만, 송성문이 미국프로야구 메이저리그 샌디에이고 파드리스에 진출하면서 해당 계약은 실행되지 않았다. 또 하영민의 계약은 KBO리그 투수 비FA 다년계약 기준으로 한화 이글스 류현진(8년 170억원), SSG 랜더스 김광현(4년 151억원), NC 다이노스 구창모(7년 132억원), KT 위즈 고영표(5년 107억원), 롯데 자이언츠 박세웅(5년 90억원)에 이어 역대 6번째로 큰 규모다. 2014년 신인드래프트 2차 1라운드 전체 4순위로 넥센 히어로즈(현 키움)에 입단한 하영민은 팀을 대표하는 선수로 성장했다. 올해까지 KBO리그 통산 249경기에 등판해 649⅔이닝을 던지며 34승 40패, 9홀드, 평균자책점 4.96을 기록했다. 특히 2024시즌과 2025시즌에는 2년 연속 150이닝 이상을 소화했고, 올 시즌에도 선발과 불펜을 오가며 15경기에서 67이닝을 던져 3승 5패, 평균자책점 4.16을 기록 중이다. 키움은 ""안정적인 투수진을 구축하기 위해 프랜차이즈 선수인 하영민을 반드시 지켜야 할 핵심 전력으로 판단했다""며 ""앞으로도 팀의 중심 선수로서 후배들에게 좋은 본보기가 되길 기대한다""고 밝혔다. 하영민은 ""좋은 조건을 제시해 준 구단에 감사드린다. 영원한 히어로즈 선수로 남을 기회를 얻게 돼 더 뜻깊다""며 ""구단의 믿음에 책임감으로 보답하고, 팀이 더 높은 곳으로 올라갈 수 있도록 맡은 역할에 최선을 다하겠다""고 소감을 전했다. 차유채 기자 jejuflower@mt.co.kr",https://v.daum.net/v/q7dzSpFY1V
2026.07.13 13:36,"경찰, '배재고 5·18 조롱 구호' 불송치 가닥...광주일고 ""처벌 원...",마니아타임즈,"5·18 민주화운동 조롱성 구호로 논란이 된 이른바 '배재고 사태'가 불송치로 마무리될 전망이다. 박정보 서울경찰청장은 13일 정례 간담회에서 배재고 야구부원의 모욕 혐의 수사와 관련해 피해자인 광주일고 측이 처벌 불원 의사를 밝혔다고 전했다. 그는 모욕죄는 피해자가 처벌을 원하지 않으면 처벌할 수 없는 범죄여서 그렇게 정리될 것 같다고 설명했다. 진정을 제기한 본인도 취소장을 제출하겠다는 뜻을 밝힌 것으로 알려졌다. 모욕죄는 피해자의 고소가 있어야 수사가 가능한 친고죄다. 따라서 진정 취소장이 접수되면 경찰은 '공소권 없음'으로 사건을 검찰에 넘기지 않고 불송치할 것으로 예상된다. 앞서 서울 양천경찰서는 배재고 야구부원들이 지난달 29일 경기 중 광주일고 선수들을 향해 '스타벅스 가야지', '탱크데이' 등의 구호를 외쳐 모욕했다는 고발을 접수하고 수사에 착수했다. 해당 구호는 지난 5월 스타벅스 코리아가 5·18 기념일에 진행해 논란을 부른 '탱크데이' 프로모션에서 비롯됐다. 한편 스타벅스의 탱크데이 프로모션이 5·18 유공자를 모욕했다는 의혹 수사는 별도로 진행 중이다. 박 청장은 신세계 그룹으로부터 감사 자료와 포렌식 자료를 받아 분석 중이며, 관련자 조사도 절차에 따라 진행하고 있다고 밝혔다. [전슬찬 마니아타임즈 기자 / sc3117@maniareport.com] 기사제보 및 보도자료 report@maniareport.com",https://v.daum.net/v/1QSkMDcn17
2026.07.13 13:34,김도영-오스틴 2파전? ‘홈런왕’ 강백호도 있다…진짜 레이스가 시작된다 ...,스포츠서울,"[스포츠서울 | 김동영 기자] 홈런 경쟁이 2026 KBO리그 전반기를 뜨겁게 달궜다. KIA ‘슈퍼스타’ 김도영(23)과 LG ‘효자 외국인 타자’ 오스틴 딘(33)이 레이스를 주도했다. ‘2파전’이다. 후반기 또 모른다. 한화 강백호(27)가 강력한 경쟁자가 될 수 있다. 전반기 김도영은 86경기, 타율 0.298, 27홈런 74타점, OPS(출루율+장타율) 1.010이라는 빼어난 기록을 남겼다. MVP에 오른 2024시즌과 또 다르다. 새로운 버전의 김도영이 탄생했다고 해도 과언이 아니다. 당연히 홈런이 눈에 띈다. 2024년 38개까지 때린 바 있다. 소위 말하는 ‘거포’ 유형은 아니다. 그런데도 올시즌 전반기 홈런 공동 1위에 자리했다. “근질이 다르다”고 한다. 특유의 신체 능력을 바탕으로 타구를 담장 밖으로 넘긴다. ‘걸리면 간다’는 말이 절로 나온다. 오스틴은 리그 최고를 논한다. 현시점 가장 강력한 MVP 후보로 꼽힌다. 85경기, 타율 0.339, 27홈런 83타점, OPS 1.082 찍고 있다. 2023년 LG 입단 후 꾸준히 좋은 모습 보였다. 올해는 더 좋다. 특히 홈런이 그렇다. 한 시즌 최다 홈런이 2024년 기록한 32개다. 올시즌은 전반기에 이미 27개 날렸다. 김도영과 함께 공동 1위다. 데뷔 첫 40홈런도 가능한 상황이다. 산술적으로 46개까지 칠 수 있다. 전반기 내내 경쟁이 뜨거웠다. 시즌 초반 김도영이 홈런을 잇달아 쏘면서 1위 질주했다. 리그에서 가장 먼저 10홈런 고지를 밟은 선수다. 이후 살짝 주춤한 사이 오스틴이 치고 올라왔다. 어느새 홈런 단독 1위가 됐다. 그러자 김도영이 또 붙었다. 엎치락뒤치락하고 있다. 나란히 27개씩 치면서 전반기 마쳤다. 후반기도 이들 두 명이 ‘날아다닐’ 가능성이 꽤 커 보인다. 그렇다고 다른 누군가가 없는 건 또 아니다. 꽤 강력한 경쟁자가 있다. 강백호다. 올시즌 78경기, 타율 0.313, 23홈런 85타점, OPS 0.984 기록 중이다. 4년 총액 100억원 프리에이전트(FA) 계약을 맺고 한화에 왔다. 첫 시즌부터 폭발이다. 한화 팀 내 최고 타자로 군림하고 있다. 리그에서도 최고 수준이다. 현재 홈런 3위다. 6월까지 19홈런이었다. 7월 들어 첫 세 경기에서 네 방 때렸다. 그렇게 23홈런이다. 공동 1위와 4개 차이다. 만만치 않은 격차이기는 하다. 몰아치는 능력이 있어 또 모를 일이다. 꽤 괜찮은 계기도 만들었다. 2026 올스타전이다. 홈런더비에서 우승을 차지했다. 자신의 파워를 유감없이 뽐냈다. “이 기세 후반기까지 이어가겠다”고 각오도 다졌다. 한화는 전반기 승률 5할로 마쳤다. 강백호 힘이 컸다. 페이스가 좋은 강백호이기에 4개 차이가 크게 보이지 않는 것도 사실이다. 2파전이 아니라 3파전이 될 수 있다는 얘기다. 홈런왕 레이스는 이제부터다. raining99@sportsseoul.com",https://v.daum.net/v/X0osnImjyd
2026.07.13 13:26,"키움, 하영민과 8년 80억 원 다년계약 체결…2034년까지 동행",스포츠투데이,"[스포츠투데이 이상필 기자] 프로야구 키움 히어로즈 투수 하영민이 2034년까지 영웅 군단과 함께 한다. 키움은 13일 ""투수 하영민과 계약기간 8년(2027-2034년), 연봉과 옵션 포함 총액 80억 원(세부 내용 비공개) 규모의 비FA 다년계약을 체결했다""고 발표했다. 이날 오전 서울 신도림에 위치한 더링크서울 트리뷰트 포트폴리오 호텔에서 키움 히어로즈 위재민 대표이사와 허승필 단장을 비롯해 하영민과 그의 가족들이 참석했다. 이번 계약은 키움이 체결한 비FA 다년계약 가운데 최대 규모다. 키움은 지난해 송성문과 포스팅 도전 조항이 포함된 6년 총액 120억 원 규모의 비FA 다년계약을 체결했지만, 송성문이 포스팅 시스템을 통해 해외 진출을 선택하면서 해당 계약은 실행되지 않았다. 또한 이번 계약은 KBO 리그 역대 투수 비FA 다년계약 기준으로 류현진(8년 170억 원), 김광현(4년 151억 원), 구창모(7년 132억 원), 고영표(5년 107억 원), 박세웅(5년 90억 원)에 이어 여섯 번째로 큰 규모다. 하영민은 2014년 신인드래프트에서 2차 1라운드 전체 4순위로 히어로즈에 입단했다. 2024년과 2025년 2년 연속 150이닝 이상을 소화하며 팀 선발진을 든든하게 지탱했다. 올 시즌에는 선발과 불펜을 가리지 않고 투수진의 핵심 전력으로 활약하고 있다. 키움은 ""하영민은 오랜 시간 팀과 함께 성장하며 자신의 가치를 증명한 프랜차이즈 선수""라며 ""앞으로도 지금처럼 책임감을 갖고 팀의 중심 선수로서 후배들에게 좋은 본보기가 되어주길 바란다. 히어로즈를 대표하는 선수로 오랫동안 활약해주길 기대한다""고 말했다. 하영민은 ""구단에서 좋은 조건을 제시해주셔서 정말 감사드린다. 이번 계약을 통해 영원한 히어로즈 선수로 남을 수 있는 기회를 얻게 돼 더욱 뜻깊게 생각한다""며 ""저를 믿고 큰 결정을 내려주신 만큼 감사함과 동시에 큰 책임감을 느끼고 있다. 앞으로도 선배들에게 많이 배우고, 후배들에게는 좋은 본보기가 될 수 있도록 노력하겠다. 그리고 팀이 더 높은 곳으로 올라갈 수 있도록 맡은 역할에 최선을 다하겠다. 끝으로 항상 응원해 주시는 팬 여러분께도 좋은 모습으로 보답드릴 수 있는 선수가 되겠다""고 소감을 밝혔다. [스포츠투데이 이상필 기자 sports@stoo.com]",https://v.daum.net/v/ph7uRwkLyu
2026.07.13 13:22,'삼성 우승 청부사' 페덱의 비밀→MLB 60억 보장+삼성 7억 '이중수...,스타뉴스,"[스타뉴스 | 박수진 기자] 이번 시즌 우승에 도전하는 삼성 라이온즈가 마운드 강화를 위해 영입한 메이저리그(MLB) 출신 우완 투수 크리스 페덱(30)의 계약 이면에 숨겨진 '영리한 재정학'이 화제를 모으고 있다. 겉보기엔 KBO 리그행을 선택한 새로운 도전처럼 보이지만, 알고 보면 미국에서 수십억 원의 연봉을 안전하게 보장받은 상태에서 대구에서 추가 수입까지 올리는 '역대급 이중 수입' 구조를 완성했기 때문이다. 페덱은 2019시즌 샌디에이고 파드리스 소속으로 9승 7패 평균자책점 3.33을 기록하며 화려하게 데뷔한 '특급 유망주' 출신이다. 그러나 토미 존 수술과 구위 저하가 겹치며 최근 메이저리그 무대에서 설 자리를 잃었다. 이번 시즌 탈삼진율이 15%까지 추락한 페덱은 결국 최근 메이저리그 시장에 방출 대기(DFA) 신분으로 풀렸다. 이번 시즌 3번째 DFA 처지가 된 것이다. 커리어에 큰 위기로 보였지만, 돈 걱정은 없다. 메이저리그 트레이드 루머스가 보도한 바에 따르면 페덱은 이번 시즌을 앞두고 마이애미 말린스와 계약 기간 1년에 400만 달러(약 60억원) 규모의 계약을 체결했다. 메이저리그 규정상 방출되더라도 이 보장 금액은 원소속팀이 고스란히 지급해야 한다. 즉, 페덱은 미국 통장으로 약 60억 원에 달하는 거액을 안전하게 확보해 둔 상태였다. 여기에 페덱의 영리한 계산이 작용한 것으로 보인다. 만약 페덱이 미국에 남아 다른 MLB 구단과 새로운 마이너리그 계약했다면, 새 구단은 페덱에게 최저 연봉만 지급하면 된다. 결국 페덱 입장에서는 미국 내 다른 팀으로 이적해 봐야 손에 쥐는 총액은 400만 달러로 똑같고, 추가 수입은 미미한 것이다. 하지만 페덱이 뛸 무대를 한국으로 옮기면서 판이 완전히 달라졌다. 삼성은 지난 11일 페덱의 영입을 공식 발표했다. 이에 따르면 삼성이 페덱에게 제시한 금액은 총액 47만 3333달러(약 7억원). KBO 리그는 메이저리그의 규정이 적용되지 않는다. 따라서 페덱은 미국에서 나오는 60억 원의 보장 연봉을 그대로 챙기면서, 삼성으로부터 약 7억 원의 '보너스 수입'을 더 얹어 받게 됐다. 말 그대로 '이중 수입'의 잭팟을 터뜨린 것이다. 페덱의 KBO 리그행은 금전적 이득뿐만 아니라 미래를 위한 철저한 포석으로 보인다. 만약 미국 마이너리그를 전전하다 이번 시즌을 마무리했다면 2027년 계약 역시 불투명했을 가능성이 높다. 하지만 우승 경쟁이 한창인 KBO 리그 소속 삼성에서 에이스 역할을 해내며 건재함을 증명한다면 가치는 180도 달라진다. 삼성과의 초대형 재계약이나 일본 프로야구(NPB) 진출은 물론, KBO 무대를 발판 삼아 메이저리그로 화려하게 유턴한 에릭 테임즈나 메릴 켈리의 전례를 밟을 수도 있다는 분석이다. 통장에는 60억 원을 꽂아둔 채, 대구에서 7억 원을 더 벌며 '완벽한 재기 무대'까지 보장받은 페덱. '우승 청부사'를 영입한 삼성의 승부수가 페덱 본인에게도 '인생 최고의 이득'이 된 모양새다. 박수진 기자 bestsujin@mtstarnews.com",https://v.daum.net/v/WlCIKnd8lI
2026.07.13 13:19,"하영민, 80억 비FA 다년계약 대박! 그러나 선수 보다 구단이 얻은 것...",MHN스포츠,"(MHN 정철우 기자) 키움히어로즈는 투수 하영민과 계약기간 8년(2027-2034년), 연봉과 옵션 포함 총액 80억원(세부 내용 비공개) 규모의 비FA 다년계약을 체결했다. 계약 체결식은 13일 오전 서울 신도림에 위치한 더링크서울 트리뷰트 포트폴리오 호텔에서 키움히어로즈 위재민 대표이사와 허승필 단장을 비롯해 하영민과 그의 가족들이 참석한 가운데 진행됐다. 구단은 이날 행사 타이틀을 ‘The Unbreakable Hero’로 정하고, 프로 데뷔 후 끊임없는 노력과 도전을 이어오며 팀의 중심 투수로 성장한 하영민의 여정을 상징적으로 담았다. 이번 계약은 구단이 체결한 비FA 다년계약 가운데 최대 규모다. 지난해 송성문과 포스팅 도전 조항이 포함된 6년 총액 120억원 규모의 비FA 다년계약을 체결한 바 있으나, 송성문이 포스팅 시스템을 통해 해외 진출을 선택하면서 해당 계약은 실행되지 않았다. 또한 이번 계약은 KBO리그 역대 투수 비FA 다년계약 기준으로 류현진(8년 170억원), 김광현(4년 151억원), 구창모(7년 132억원), 고영표(5년 107억원), 박세웅(5년 90억원)에 이어 여섯 번째로 큰 규모다. 구단은 중장기 전력 구상을 바탕으로 안정적인 투수진을 구축하기 위해 프랜차이즈 선수인 하영민을 반드시 지켜야 할 핵심 전력으로 판단해 이번 계약을 추진했다. 하영민은 2014년 신인드래프트에서 2차 1라운드 전체 4순위로 히어로즈에 입단한 후 다양한 보직을 맡으며 꾸준히 경험을 쌓아왔다. 2024년과 2025년 2년 연속 150이닝 이상을 소화하며 팀 선발진을 든든하게 지탱했고, 올 시즌에도 선발과 불펜을 가리지 않고 투수진의 핵심 전력으로 활약하고 있다. 그라운드 밖에서도 철저한 자기관리와 솔선수범하는 자세로 후배들의 귀감이 되는 등 투수진의 중심축으로 자리매김했다. 구단은 “하영민은 오랜 시간 팀과 함께 성장하며 자신의 가치를 증명한 프랜차이즈 선수”라며 “앞으로도 지금처럼 책임감을 갖고 팀의 중심 선수로서 후배들에게 좋은 본보기가 되어주길 바란다. 히어로즈를 대표하는 선수로 오랫동안 활약해주길 기대한다”고 말했다. 하영민은 “구단에서 좋은 조건을 제시해주셔서 정말 감사드린다. 이번 계약을 통해 영원한 히어로즈 선수로 남을 수 있는 기회를 얻게 돼 더욱 뜻깊게 생각한다. 저를 믿고 큰 결정을 내려주신 만큼 감사함과 동시에 큰 책임감을 느끼고 있다. 앞으로도 선배들에게 많이 배우고, 후배들에게는 좋은 본보기가 될 수 있도록 노력하겠다. 그리고 팀이 더 높은 곳으로 올라갈 수 있도록 맡은 역할에 최선을 다하겠다. 끝으로 항상 응원해 주시는 팬 여러분께도 좋은 모습으로 보답드릴 수 있는 선수가 되겠다”고 소감을 밝혔다. 키움 히어로즈 입장에선 얻은 것이 많은 계약이다. 안 좋은 이미지를 벗고 좀 더 나은 경기력을 끌어낼 수 있는 계기가 될 것으로 보인다. 우선 선수를 팔아 구단을 운영한다는 최악의 이미지에서 조금은 벗어날 수 있는 계약이라 할 수 있다. 그동안 키움은 주축 선수들의 메이저리그 진출(포스팅)과 트레이드(현금 포함)로 팀을 꾸려간다는 이미지가 강했다. 덕분에 많은 유망주들을 보유하게 됐지만 정작 키워내서 쓰는 능력은 떨어진다는 평가를 받았다. 그러나 송성문(메이저리그 진출)과 대형 계약을 시작으로 올 시즌에도 하영민을 비FA 다년계약으로 잡으며 쓸 때는 쓰는 구단이라는 이미지를 얻을 수 있게 됐다. 여전히 샐러리캡 최소 연봉 제한을 피하기 위한 조치 중 하나로 폄하하는 시선도 있지만 적지 않은 금액을 투자해 팀을 위해 헌신해 온 선수를 잡으며 이미지 쇄신의 기회를 마련했다 할 수 있다. 트레이드설을 잠재울 수 있었던 것 또한 큰 소득이다. 팀과 선수 모두에게 힘이 될 수 있는 계약이다. 하영민 트레이드설은 시즌 초부터 있었다. 선발 투수가 필요한 팀이 하영민을 넘기고 상대적으로 재정 부담이 덜 한 유망주들을 모으거나 현금을 얻는 방식을 택할 것이라는 소문이 파다했다. 그러나 이날 계약으로 쓸데 없는 잡음을 피하게 됐다. 선수 팔이하는 구단이라는 이미지를 벗은 것은 앞에서도 언급했다. 하영민에게도 안정감을 갖게 되는 효과까지 얻을 수 있게 됐다. 트레이드를 원하는 선수는 극히 드물다. 팀에 불만을 갖고 있는 선수 몇몇을 제외하면 어떻게든 현재 팀에서 좋은 성과를 내고 싶어하는 선수가 대부분이다. 환경의 변화 없이 익숙한 곳에서 편안하게 미래를 준비하는 것은 많은 선수들이 꾸는 꿈이다. 갑자기 달라진 환경에서 야구를 한다는 건 그리 쉬운 일이 아니다. 야구하는 것 자체가 스트레스다. 더 좋은 성적을 내려면 그만큼의 정신적 소모가 체력적 부담 못지 않게 크다. 마음 놓고 한 팀에서 야구할 수 있다는 건 정신적으로 지치게 되는 선수들에게 보이지 않는 서포트가 된다. 하영민 처럼 대형 계약으로 안정된 삶이 보장되게 되면 팀에 대한 충성도도 그만큼 높아질 수 밖에 없다. 팀 내 최소 4선발을 맡아줘야 할 하영민이 팀에 대한 충성도를 높이며 안정된 야구를 할 수 있게 된다는 건 키움의 팀 전력 입장에서도 큰 힘이 될 것이 분명하다. 키움의 팀 이미지를 생각하면 더욱 그렇다. 이처럼 키움은 이번 계약을 통해 많은 것을 얻을 수 있게 됐다. 거액 계약을 얻게 된 하영민과 함께 윈-윈 할 수 있는 계기를 마련했다 하겠다.",https://v.daum.net/v/FhRC9LJ6iW
2026.07.13 13:14,"""이제 형 마음 알겠어"" KT→한화 동행, 심우준 눈에는 '100억 타자...",OSEN,"[OSEN=조은혜 기자] ""이제 형의 마음을 알겠더라."" 프로야구 한화 이글스 강백호는 시즌 전 4년 최대 100억원의 FA 계약을 맺고 KT 위즈에서 한화로 이적, 78경기에서 94안타 23홈런 85타점 50득점 타율 0.313 호성적으로 전반기를 마쳤다. 리그 타점 1위를 지켰고, 이 페이스대로라면 이적 첫 해 커리어 하이 달성도 유력하다. 강백호가 중심을 잡고 있는 건 비단 타선에서만이 아니다. 스프링캠프 때부터 후배들을 위해 아낌없이 지갑을 열었던 그는 아직도 선수들에게 배트를 선물하며 자신의 기운을 나누고 있다. 경기 중 아쉬운 장면이 나올 때마다 선수들을 먼저 찾아 격려하는 모습도 여러 차례 포착됐다. 강백호의 이런 모습은 KT에서 함께 뛰었던 심우준에게 더욱 남다르게 다가온다. 심우준은 지난해 FA로 4년 최대 50억원 계약을 맺고 강백호보다 한 해 먼저 KT를 떠나 한화 유니폼을 입었다. 심우준은 ""백호와 한화에서 전반기을 함께 해보니 전보다 팀을 생각하는 모습이 더 많이 보여 기특하고 기분이 좋다. 전에도 팀 생각을 안하는 건 아니었지만, 지금은 본인 기록은 전혀 생각 안하고 전보다 훨씬 팀 위하는 모습이 많이 보인다""고 얘기한다. 그는 ""백호가 어린 선수들이 많은 팀에서 중간 역할을 잘해주고 있다""며 ""이제 형들의 마음을 알겠다고도 하더라""고 전하며 웃었다. 이어 심우주는 ""도움도 받는다. 타격 쪽 스트레스 받을 때 백호가 한마디씩 해주는 게 큰 힘이 된다. 나도 반대로 백호가 달아오를 때 진정시켜주기도 한다""면서 ""서로 시너지가 난다고 생각한다""고 얘기했다. 심우준도 부상과 부진이 겹쳤던 지난해보다 좋은 성적을 내고 있다. 전반기 마지막 경기에서 3안타 1볼넷 1타점으로 100% 출루를 달성한 심우준은 74경기 60안타 3홈런 24타점 39득점 15도루 타율 0.267로 작년 성적을 모두 넘어서며 전반기를 마쳤다. /thecatch@osen.co.kr",https://v.daum.net/v/tdTo2oiPhd
2026.07.13 13:05,'8년 80억 잭팟' FA직전 하영민에게 다년계약 안긴 진짜 이유…'종신...,스포츠조선,"[스포츠조선 고재완 기자] 2014년 넥센 유니폼을 입고 프로 무대에 첫 발을 내디뎠던 수줍은 루키가 13년이라는 모진 세월을 견뎌내고 마침내 영웅 군단의 영원한 심장으로 우뚝 섰다. 키움 히어로즈의 우완 투수 하영민(31)이 초대형 다년계약을 터뜨리며 '종신 히어로즈맨'을 선언했다. 키움는 13일 오전 서울 신도림에 위치한 더링크서울 트리뷰트 포트폴리오 호텔에서 위재민 대표이사와 허승필 단장 등 구단 수뇌부가 총출동한 가운데 하영민과의 메머드급 비FA 다년계약 체결을 공식 발표했다. 계약 기간은 2027년부터 2034년까지 8년에 연봉과 옵션을 포함한 총액 80억 원의 파격적인 조건이다. 이번 계약은 키움 구단이 역대 체결한 비FA 다년계약 가운데 실질적으로 집행된 최대 규모다. 지난해 송성문과 6년 총액 120억 원의 다년계약을 맺은 바 있으나, 송성문이 포스팅 시스템을 통해 메이저리그 진출을 선택하며 계약이 실행되지 않았기 때문에 하영민이 명실상부한 '영웅 군단 최고액'의 주인공이 됐다. 투수 비FA 다년계약 기준으로도 KBO 리그 역대 류현진(8년 170억 원), 김광현(4년 151억 원), 구창모(7년 132억 원), 고영표(5년 107억 원), 박세웅(5년 90억 원)에 이어 여섯 번째로 큰 대형 계약이다. 구단은 이날 조인식의 타이틀을 'The Unbreakable Hero(부러지지 않는 영웅)'로 명명하며, 오랜 무명 시절과 부상 번뇌를 깨부수고 핵심 에이스로 우뚝 선 하영민의 헌신에 웅장한 예우를 표했다. 키움 히어로즈가 내년 시즌 종료 후 FA 자격을 얻는 하영민을 시장에 내놓지 않고 8년이라는 초장기 계약으로 묶어둔 배경에는 지극히 정밀한 계산서와 지표가 뒷받침돼 있다. 하영민이 걸어온 눈물겨운 우상향 곡선이 고스란히 찍혀있다. 데뷔 초기인 2014년(ERA 7.22)과 2015년(ERA 7.53)에는 눈에 띄는 성적을 내지 못했고, 이후에도 불펜과 선발을 오가는 스윙맨 보직을 맡으며 철저히 궂은일을 도맡았다. 하영민의 진짜 야구 인생은 2024년부터 폭발하기 시작했다. 2024시즌 28경기에 등판해 9승 8패, 무려 150⅓이닝을 소화하며 팀 선발진의 실질적인 가장 역할을 해냈다. 이어 2025시즌에도 28경기에서 7승 14패, 153⅓이닝을 던지며 2년 연속 150이닝 이상을 책임지는 '이닝이터'의 면모를 과시했다. 탈삼진 능력 역시 2024년 101개에서 2025년 134개로 가파르게 치솟았다. 올 시즌인 2026년에도 하영민은 15경기에 등판해 67이닝을 소화하며 3승 5패, 평균자책점 4.16으로 선발의 뼈대를 지탱하는 핵심 전력으로 활약 중이다. 투수 혹사 리스크와 선발 기근에 시달리는 현대 야구판에서 매년 안정적으로 150이닝 근처를 삭제해 줄 수 있는 토종 우완 선발의 가치는 돈으로 환산할 수 없을 만큼 귀하다. 키움이 중장기 전력 구상의 주춧돌로 그를 점찍은 이유다. 키움 수뇌부가 80억 원의 거액을 주저 없이 투자한 또 다른 본질은 그가 가진 '그라운드 밖의 지표'다. 하영민은 오랜 시간 팀의 모진 리빌딩 터널을 함께 지나오며 철저한 자기관리와 솔선수범하는 자세로 구설 하나 없이 후배들의 롤모델 역할을 해왔다. 현재 키움 마운드는 '리햅'을 끝낸 안우진을 필두로 올해 전체 1순위 박준현, 그리고 내년도 합류가 확실시되는 대형 파이어볼러 하현승까지 리그 최고의 젊은 어깨들이 결집하고 있는 상황이다. 이 혈기 넘치는 괴물 유망주들이 프로의 거친 파도 속에서 엇나가지 않도록 중심을 잡아줄 '투수진의 구심점'이 절실했고, 구단은 그 적임자로 프랜차이즈 스타 하영민을 선택했다. 계약서에 도장을 찍은 하영민은 ""영원한 히어로즈 선수로 남을 수 있는 기회를 주신 구단에 진심으로 감사드린다""라며 ""큰 결정을 내려주신 만큼 말할 수 없이 웅장한 책임감을 느낀다. 앞으로도 선배들에게 부지런히 배우고, 새로 들어올 후배들에게는 단단한 본보기가 되겠다. 팀이 가을야구를 넘어 더 높은 곳으로 진격할 수 있도록 내 모든 것을 바치겠다""고 벅찬 종신 출사표를 던졌다. 하영민은 2014년 지명 당시의 낮은 기대치와 보직의 서러움 앞에서도 결코 배트를 쥐는 손끝과 글러브의 끈을 헐겁게 하지 않았다. 10년이 넘는 세월 동안 묵묵히 마운드의 진흙탕 싸움을 견뎌내며 스스로 150이닝 이닝이터의 클래스를 증명해 낸 뚝심은 결국 '8년 80억'이라는 구단 최고 대우의 부메랑이 돼 돌아왔다. 외부 FA 영입에 지극히 인색하다는 비판을 받기도 했던 키움이 내부의 프랜차이즈 스타에게 이같은 장기 계약을 안겼다는 사실이 팀의 위닝 멘탈리티를 완전히 다르게 바꿀 신호탄이 될 수 있을지 지켜볼 일이다. 고재완 기자 star77@sportschosun.com",https://v.daum.net/v/Pv7dOtZvFL
2026.07.13 12:51,[프로야구전망대] 개막전 파트너와 4연전으로 후반기 시작,연합뉴스,"(서울=연합뉴스) 장현구 기자 = 엿새 간의 짧은 올스타 휴식기를 마친 프로야구 10개 구단이 정규리그 개막전 파트너와 함께 후반기를 시작한다. 16일 재개되는 프로야구 대진은 개막전과 똑같이 편성됐다. 개막전은 2연전이었지만, 이번에는 4연전이라는 점이 다르다. kt wiz-LG 트윈스(서울 잠실구장), KIA 타이거즈-SSG 랜더스(인천 SSG랜더스필드), 키움 히어로즈-한화 이글스(대전 한화생명 볼파크), 롯데 자이언츠-삼성 라이온즈(대구 삼성라이온즈파크), 두산 베어스-NC 다이노스(창원 NC파크) 대진은 올해 초심을 떠올리게 한다. 개막 2연전에서 kt, SSG, 한화, 롯데는 연승했다. 두산과 NC는 1승씩 나눠 가졌다. 팀마다 전체 일정의 절반 이상을 훌쩍 치르고 다시 출발선에서 만난 개막전 상대를 맞아 당시 연패했던 LG, KIA, 삼성, 키움은 새 마음으로 설욕을 다짐한다. 전반기를 2위로 마친 LG와 3위 kt의 대결이 가장 눈길을 끈다. 시즌 상대 전적 5승 3패로 앞선 kt는 LG와의 격차(3.5경기)를 줄일 좋은 기회를 잡았다. 4위 KIA는 선두권에 밀리고 5위권에 쫓기는 샌드위치 신세에서 벗어나려면 후반기 첫 4경기에서 해법을 찾아야 한다. 개막전 연패 후 KIA는 SSG에 5승 1무로 흐름을 뒤집었다. 31승 3무 52패, 승률 3할대 9위로 추락한 SSG 역시 반등의 기점으로 KIA와의 4연전을 삼을 참이다. 10개 구단 체제에서 11년 만에 전반기를 1위로 기분 좋게 마친 삼성과 롯데의 일전도 볼 만하다. 삼성은 신구조화, 투타 균형을 자랑하며 전반기 마지막 LG와의 3연전에서 2승 1패를 거둬 승률 2리 차로 1위로 올라섰다. 삼성과 비등한 경기를 벌여온 롯데도 가을 야구를 향한 가능성을 보였기에 후반기 첫 단추를 잘 끼워야 한다. 후반기에는 각 팀이 심혈을 기울여 뽑은 새 외국인 선수가 데뷔를 기다린다. 우완 투수 페드로 아빌라(SSG), 스위치 타자 유니오르 세베리노(두산), 미국프로야구 메이저리그(MLB)에서 통산 32승을 거둔 거물급 투수 우완 크리스 페덱(삼성)이 출전을 앞뒀다. 아빌라는 무너진 SSG 선발진에 새 활력을 불어넣을 참이고, 페덱은 삼성이 포스트시즌을 향해 띄운 승부수다. 정교함과 장타력을 두루 갖춘 세베리노는 두산의 1루 숙제를 해결해 줄 기대주다. 후반기 대기록의 시작은 '괴물' 류현진(한화)이 알린다. 류현진은 탈삼진 1개만 보태면 대망의 한미 통산 2천500탈삼진 고지를 밟는다. 우리나라 역대 투수 중 한국, 미국, 일본, 대만을 합쳐 프로 무대에서 통산 탈삼진 2천500개를 기록한 이는 아직 없다. 최형우(삼성)는 최초로 통산 2천700안타에 19개, 최정(SSG)은 550홈런에 13개를 각각 남겼다. 프로야구 주간 일정(16∼19일) cany9900@yna.co.kr (끝) ▶제보는 카톡 okjebo",https://v.daum.net/v/z6JvZ2b0tC
2026.07.13 12:48,‘자려고 누웠는데 갑자기’ 1위? IOI처럼 두산도 가보자고! 양의지 “...,스포츠서울,"[스포츠서울 | 이소영 기자] “저희도 후반기에 힘내서 좋은 성적을 내도록 하겠다.” 올시즌 SNS를 강타한 ‘갑자기’ 열풍의 중심엔 두산의 ‘안방마님’ 양의지(39)가 있다. 뜻밖의 바이럴로 음원 차트 1위까지 오른 걸그룹 아이오아이(I.O.I)를 지켜본 그는 “너무 축하드린다”며 “두산도 후반기에 더 좋은 성적을 낼 수 있도록 노력하겠다”고 다짐했다. 전반기를 5위로 마친 두산이 치열한 후반기 순위 싸움을 예고했다. 9일 기준 44승2무41패로 5강권에 안착했다. 6위 한화가 1.5경기 차로 바짝 추격하고 있지만, 5연속 위닝시리즈를 거두며 상승세를 이어가고 있다. 순위 반등과 함께 그라운드 안팎에서도 화제를 모았다. 최근 아이오아이의 ‘갑자기’ 가사가 “자려고 누웠는데 양의지”로 개사되면서 일종의 밈(Meme)이 됐고, SNS상에서 빠르게 확산됐다. 드림 올스타에서 역대 팬 투표 최다 득표자(260만5510표)로 선정됐을 뿐 아니라, 파자마 차림으로 등장 퍼포먼스를 펼치며 마지막 잠실 올스타전을 ‘갑자기’로 장식했다. 동시에 구단의 센스 있는 홍보도 돋보였다. 트렌드를 발 빠르게 캐치해 양의지의 밈을 활용하는 등 기발한 ‘투표 독려’ 영상으로 SNS를 휩쓸었다. 실제 두산은 이번 올스타 베스트12 투표에서 6명의 선수를 배출하며 홍보전에서도 뚜렷한 성과를 거뒀다. 양의지는 올스타 선정 공동 2위에 오른 데 이어, 2018년 이후 두 번째로 팬 투표 최다 득표의 영예도 안았다. 그러나 예상치 못한 인기에 정작 본인은 얼떨떨한 모습이었다. 그는 “야구가 흥행할 때 갑자기 팬 투표 1위를 하게 돼 너무 영광스럽고 팬분들께 감사드린다”며 “지난해엔 출전하지 못했는데 마지막 잠실 올스타전에 나갈 수 있어 기쁘다”고 밝힌 바 있다. 본의 아니게(?) 야구 흥행에도 한몫했다. 양의지는 “요즘엔 시대가 바뀌어서 자기 홍보를 해야 하는 것 같다. 재미있게 봐주셔서 감사할 따름”이라며 “야구장에도 더 많은 분이 찾아와 주시고, 관심을 더 많이 가져주셔서 좋은 것 같다”고 웃었다. 내친김에 ‘상생 효과’까지 냈다. 그는 “나를 포함해 아이오아이도 영향을 받았던 것 같다”며 “어느 날 차트를 봤는데 1위더라. 우리도 후반기에 더 힘내서 좋은 성적을 거둘 수 있도록 하겠다”고 깜짝 선언했다. 가을야구를 향한 의지도 남다르다. 지난해 9위에 그친 아쉬움을 되풀이하지 않겠다는 각오다. 양의지는 “올해 잠실에서도 마지막”이라며 “어떻게든 후반기에 더 분발해서 오래 야구하고 싶다. 선수단 모두 한마음 한뜻으로 목표를 향해 달려가고 있다”고 힘줘 말했다. sshong@sportsseoul.com",https://v.daum.net/v/zPSMnImjWW
2026.07.13 12:43,"""성장할 세광고 선수들 많아…또 우승 기회 갖고파"" [IS 인터뷰]",일간스포츠,"청룡기 전국고교야구선수권대회 겸 주말리그 왕중왕전이 열린 12일 목동야구장. 경북고 9번 타자 김건록의 타구가 세광고 우익수 이상준의 글러브에 빨려 들어가는 순간, 1루 측 더그아웃에서는 세광고 야구부가 환호하며 마운드로 쏟아져 나왔다. 세광고 투수인 박상민을 포함한 그라운드에 있던 선수들은 글러브를 하늘 위로 벗어던지며 포효했다. 세광고의 청룡기 우승 순간이었다. 1954년 야구부 창단 이후 72년 만의 첫 청룡기 대회 우승이다. 1982년 황금사자기 우승 이후 44년 만에 전국대회 정상에 섰다. 당시에는 KBO리그 통산 최다승(210승) 투수 송진우가 선수로 뛰었다. 인내의 시간을 겪었다. 종전 청룡기 최고 성적은 2020년 4강이었고, 2023년에는 봉황대기 대회 결승전에서 9회 마지막 수비에서 동점 허용 후 연장전에서 패했다. 경기 뒤 일간스포츠와 만난 방진호 세광고 감독은 ""청룡기 대회 결승에 처음 올라와서 우승 트로피를 가져갈 수 있다는 게 너무 기쁘다. 선수들이 너무 열심히 해줬다. 선수들이 잘해준 덕분에 좋은 결과가 있었다""며 ""봉황대기 당시에는 '초보 감독'이었다. 미숙한 점이 많았다. 코치님들께서 많이 도와주시고, 선수들이 성장을 많이 해 좋은 결과를 갖고 왔다""고 소감을 밝혔다. 견고한 수비가 우승 원동력이다. 대회 5경기에서 실책은 4개에 그쳤다. 덕분에 투수들도 야수들을 믿고 공격적인 투구를 할 수 있었다. 팀 평균자책점은 2.61(38이닝 11자책점)에 불과했다. 결승전에서도 유격수 김우진이 호수비를 펼치며 실점 위기를 넘겼다. 방진호 감독은 ""8강부터 수비 싸움이라고 생각했다. 다행히 수비에서 위기를 많이 넘겼다""고 짚었다. 세광고의 미래는 더욱 밝다. 박상민, 김동유(이상 투수) 전영훈(포수) 이홍석(외야수) 김우진(유격수) 등 핵심 전력이 2학년이기 때문. 방진호 감독은 ""세광고가 내년이 더 밝다는 평가가 많다. 부담이 되는 건 사실이지만, 잘 성장시킬 수 있는 선수들이 많기 때문에 어떠한 대회라도 또 (우승을) 도전할 수 있는 기회를 갖고 싶다""고 말했다. 우승이 확정되자 세광고 응원석이 들썩였다. 이날 섭씨 34도에 달하는 폭염에도 불구하고 세광고 재학생과 교사, 세광중학 야구부 등 수백여 명은 전세 버스를 타고 목동야구장을 찾아 세광고를 목 터져라 응원했다. 방진호 감독은 ""(우승의) 한을 풀었다는 게 가장 크다. 염원들이 많았다. 많은 분들이 응원해주시는 기운이 저희한테 오지 않았나 생각한다""고 웃었다. 목동=김영서 기자 zerostop@edaily.co.kr",https://v.daum.net/v/QJT0MDcnDo
2026.07.13 12:40,송성문 계약은 무산됐지만…키움 하영민과 8년 80억 원 장기 동행,문화일보,"키움이 우완 투수 하영민(31)과 장기 동행을 선택했다. 키움은 13일 하영민과 2027년부터 2034년까지 8년간 총액 80억 원 규모의 비(非)FA 다년계약을 체결했다고 발표했다. 계약에는 연봉과 옵션이 포함됐고, 세부 조건은 공개하지 않았다. 키움은 지난해 송성문과 6년 총액 120억 원에 비FA 다년계약을 맺었지만, 송성문이 포스팅 시스템을 통해 미국프로야구 메이저리그(MLB) 샌디에이고 파드리스로 진출하면서 해당 계약은 실행되지 않았다. 따라서 이번 계약은 키움 구단이 실제로 체결한 비FA 다년계약 가운데 최대 규모다. 하영민의 계약은 KBO리그 투수 비FA 다년계약 가운데서도 역대 6번째 규모다. 류현진의 한화 8년 170억 원, 김광현의 SSG 4년 151억 원, 구창모의 NC 7년 132억 원, 고영표의 KT 5년 107억 원, 박세웅의 롯데 5년 90억 원 다음이다. 2014년 히어로즈 유니폼을 입고 프로에 데뷔한 하영민은 줄곧 한 팀에서 뛰었다. 올해 전반기까지 통산 34승 40패, 9홀드, 평균자책점 4.96을 남겼다. 키움은 “하영민은 오랜 시간 팀과 함께 성장하며 자신의 가치를 증명한 프랜차이즈 선수”라며 “앞으로도 책임감을 갖고 팀의 중심 선수로 활약하고, 후배들에게 좋은 본보기가 되기를 바란다”고 밝혔다. 하영민은 구단을 통해 “좋은 조건을 제시해 준 구단에 감사드린다. 이번 계약으로 영원한 히어로즈 선수로 남을 기회를 얻어 더욱 뜻깊다”며 “선배들에게 더 많이 배우고, 후배들에게는 좋은 본보기가 되도록 노력하겠다”고 다짐했다. 정세영 기자 정세영 기자",https://v.daum.net/v/FEx2DHWITa
2026.07.13 12:38,"롯데 비밀병기 또 있다! 일본 유학파, 퓨처스 OPS 0.929. 후반기...",스포츠조선,"[스포츠조선 한동훈 기자] 롯데 자이언츠 조민영(21)이 후반기 대반격의 주인공이 될 수 있을까. 일본 유학파 출신 조민영이 올해 퓨처스리그에서 전반기 OPS(출루율+장타율) 0.929를 기록하며 기대감을 키웠다. 현 시점 롯데가 가장 필요한 점은 안정적인 득점 수급 능력이다. 롯데는 탄탄한 마운드에 비해 공격력 기복이 심하다. 적은 실점으로 막아도 점수를 못 내 놓치는 경기가 심심찮게 발생했다. 롯데는 득점력만 리그 평균수준으로 끌어올려도 상당한 반등 탄력을 얻을 수 있다. 2군에서 맹활약을 펼친 조민영이 새 바람을 일으킬 기대주다. 올해 활약을 바탕으로 퓨처스리그 올스타에 뽑혔다. 조민영은 2025년 육성선수로 입단한 우투우타 외야수다. 좌우중간을 가리지 않고 타구를 보낼 수 있는 스프레이 히터다. 2024 신인드래프트 낙방 후 2025년 일본 독립리그에서 뛰었다. 2025년 9월에 롯데와 계약했다. 2026년 퓨처스리그 57경기 237타석 타율 3할4푼1리 OPS 0.929에 홈런도 5방 때렸다. 롯데는 5위 두산에 승차 5경기 뒤진 8위로 전반기를 마감했다. 38승 2무 45패로 승패마진 -8이다. 남은 59경기 33승(26패)을 거둬야 5할 승률을 맞출 수 있다. 충분히 가능한 목표다. 롯데는 팀 평균자책점이 4등이지만 팀 득점과 팀 OPS가 모두 9등이다. 타선에서 한동희와 레이예스가 중심을 잡아주고 있는데 지원군이 더 필요하다. 남은 2개월이라도 반짝 불태울 깜짝 스타가 1명이라도 가세한다면 고승민 나승엽 황성빈 전민재 등과 충분히 시너지 효과를 낼 수 있다. 조민영은 ""그냥 하던 대로 이제 꾸준히 되든 안 되든 착실하게 루틴을 가져간 덕분에 지금까지 오지 않았나 싶다. 지금 타격감이 좋은 것은 맞는데 최고라고 생각하지는 않는다. 올릴 수 있는 데까지 더 끌어올리려고 노력하고 있다""고 말했다. 조민영은 1군 콜업을 급하게 생각하지는 않는다. ""솔직히 아쉽지 않다고 하면 거짓말이다. 그러나 이런 과정도 겪어야 언젠가 기회가 왔을 때 확실히 잡을 수 있다고 생각한다. 불러주시기만 하면 언제든지 가서 열심히 하겠다. 더 꾸준히 보여드려서 안 부를 수 없는 선수가 되도록 하겠다."" 한동훈 기자 dhhan@sportschosun.com",https://v.daum.net/v/FxzIBJRfUm
2026.07.13 12:30,삼성은 ML 선발전문 데려왔는데... 161㎞ 외국인 불펜 영입 '신의 ...,스포츠조선,"[스포츠조선 권인하 기자]LG 트윈스의 예상외의 결정이 정규리그 우승 경쟁에 어떤 결과를 가져오게 될까. 전반기 1위는 LG 트윈스가 아닌 삼성 라이온즈였다. 삼성이 전반기 최종전인 9일 LG에 6대5의 짜릿한 승리를 거두면서 순위표 맨 윗자리를 차지했다. 삼성은 51승2무32패(승률 0.614), LG는 52승33패(승률 0.612)로 승차는 없고 승률에서 단 2리차로 1,2위가 갈렸다. LG는 전반기 중 부진했던 외국인 투수 요니 치리노스와 결별했다. 그리고 영입한 새 투수는 선발이 아닌 불펜 요원 약셀 리오스였다. 리오스는 최고구속 161㎞를 뿌리며 현재 KBO리그에서 가장 빠른 구속을 자랑하고 있다. LG는 아시아쿼터 라클란 웰스가 좋은 활약을 펼쳐주고 있어 외국인 투수 한자리를 선발이 아닌 팀에 필요한 불펜으로 메우는 승부수를 띄웠다. 선발은 앤더스 톨허스트-웰스-임찬규-송승기-장현식으로 구성하고 불펜진은 마무리 손주영에 리오스와 김진성 우강훈 김진수 함덕주 김윤식 김영우 배재준 등 벌떼 불펜으로 막아 승리를 지키겠다는 뜻이다. 그러나 이는 선발이 5이닝 이상을 막아줄 수 있을 때의 얘기다. 전반기 막판에 원투펀치인 톨허스트와 웰스가 체력적인 어려움을 보이며 이상 징후가 포착됐다. 가장 중요했던 삼성과의 전반기 마지막 경기에서 둘 다 부진. 톨허스트는 1차전인 7일 등판했는데 2-0으로 앞선 5회말 대거 4점을 내줬다. 리드를 뺏긴 LG는 역전하지 못하고 추가점을 내주며 2대9로 패배. 톨허스트는 5이닝 동안 6안타 4볼넷 3탈삼진 4실점(3자책)으로 패전 투수가 됐다. 6이닝 2실점으로 퀄리티스타트로 승리투수가 된 상대 선발 아리엘 후라도와 대조가 되는 피칭이었다. 웰스는 마지막인 9일 등판했는데 5이닝 동안 5안타 2볼넷 5탈삼진 3실점(2자책)을 기록하고 3-3 동점에서 내려갔다. 그리고 6회말 등판했던 리오스가 볼넷과 2루타, 안타를 얻어맞고 2점을 내주며 끌려갔고 결국 5대6으로 역전패를 하고 말았다. 삼성은 전반기가 끝나자 마자 연장계약으로 전반기까지 끌고왔던 단기 대체 투수 잭 오러클린과 이별을 택하고 새 외국인 투수로 메이저리그에서 선발로만 119경기에 나서 32승을 올린 크리스 페덱을 영입하는 승부수를 띄웠다. LG는 5월까지만해도 좋은 모습을 보였던 톨허스트와 웰스가 6월부터 하락세를 보이는 것이 걱정이 된다. 게다가 담증세로 빠졌던 송승기를 삼성과의 마지막 시리즈에 선발로 내려고 했다가 회복이 더뎌 복귀 시점을 후반기로 미뤘다. 송승기는 지난해 깜짝 11승을 올리며 우승에 큰 역할을 했지만 올해는 11경기 3승1패 평균자책점 5.11로 부진한 모습을 보이고 있다. 불펜에서 선발로 전환한 장현식도 여름에 어떤 모습을 보일지 마냥 낙관적으로 볼 수만은 없다. 그렇다고 리오스가 엄청나게 잘 던지고 있는 것도 아니다. 공이 빠른데 잘 맞는다. 12경기에서 1승2패 2세이브 5홀드, 평균자책점 4.11을 기록 중. 15⅓이닝을 던졌는데 13안타와 5개의 볼넷을 내줬다. 15개의 삼진도 잡았다. 13안타 중에 홈런이 2개에 2루타 3개로 장타도 꽤 허용해 7실점. '확실하게 믿을 수 있다'는 정도의 피칭은 아니었다. 이제 본격적인 여름이다. LG에겐 한국에서 첫 풀타임인 톨허스트와 웰스가 이 무더운 여름을 잘 이겨낼 수 있을지가 관건이다. 삼성은 후라도와 페덱 원태인의 원투스리 펀치에 최원태와 양창섭 장찬희 등 선발진이 탄탄해 LG와 다른 투수진을 보여준다. LG가 리오스를 데려온 결정이 어떤 결과로 이어질까. '신의 한수'일까 '후회의 패착'일까. 이제 59경기만 남았다. 권인하 기자 indyk@sportschosun.com",https://v.daum.net/v/8HCwyzUZzp
2026.07.13 12:30,"""올스타 야-호!"" 갸루로 완벽 변신한 유토, 일본도 뒤집어졌다…""한동안...",OSEN,"[OSEN=조은혜 기자] 프로야구 키움 히어로즈 카나쿠보 유토의 퍼포먼스가 일본에서도 화제다. 유토는 지난 11일 서울 잠실구장에서 열린 2026 KBO 올스타전에 나눔올스타 감독 추천 선수로 참가했다. 아시아쿼터 선수 가운데 이번 올스타전에 출전한 선수는 유토가 유일했다. 이날 유토는 나눔이 7-2로 앞선 7회말 등판해 1이닝 1피안타 1탈삼진 무실점을 기록했다. 이날 유토는 일본인 선수인 점을 살려 최근 유행 중인 '갸루' 퍼포먼스를 선보여 팬들을 열광하게 했다. 브이(V) 모양의 양손을 뒤집는 '갸루피스' 동작까지 완벽하게 소화한 뒤 깔끔한 투구를 이어갔다. 유토의 이 퍼포먼스는 일본에서도 화제가 됐다. 일본 '더 앤서'는 13일 ""7회 불펜에서 등장한 선수는 금발의 긴 가발을 휘날리며 검은색 바탕에 분홍색 호피무늬 셔츠를 입은 '갸루' 차림이었다""며 ""경기 도중 파격 변신을 선보인 주인공은 지난해까지 야쿠르트 스왈로스에서 뛰었던 유토였다""고 소개했다. 이 매체는 ""KBO 올스타전에서는 선수들이 등장 전 코스프레나 퍼포먼스를 선보이는 것이 하나의 전통으로 자리 잡고 있다. 현지 문화에 자연스럽게 녹아든 유토의 모습에 일본 팬들도 뜨거운 반응을 보였다""고 전했다. 이어 ""유토의 갸루피스 영상을 보고 한동안 잠이 안 올 것 같다"", ""즐거워 보여서 보기 좋다. 기대한 보람이 있다"", ""타고투저인 KBO에서 이 정도면 정말 잘하고 있다. 새로운 길을 찾은 것 같아 다행이다"", ""정말 크게 성공했네"", ""일본의 갸루 문화가 한국에서도 알려지고 있다는 이야기는 들었지만 이런 곳에서도 영향을 볼 줄은 몰랐다""는 반응이 나왔다고 덧붙였다. 유토는 2017년 일본프로야구(NPB) 신인드래프트에서 5순위로 지명, 도카이대 이치하라보요고를 졸업한 뒤 야쿠르트에 입단했다. NPB 통산 34경기에 등판했지만 지난해 오프시즌 방출됐고, 올해 신설된 KBO리그 아시아쿼터를 통해 키움에 입단했다. 유토는 키움의 마무리 투수로 자리잡으며 팀 내 최다인 38경기에 등판, 5승4패 11세이 브 8홀드, 평균자책점 3.48을 기록하는 등 KBO리그에 성공적으로 안착했다. /thecatch@osen.co.kr",https://v.daum.net/v/tP7WZ2b0Td
2026.07.13 12:22,"강백호, 2026 KBO 올스타전 홈런더비 우승·비거리상 동시 석권",더게이트,"[더게이트] 컴투스는 KBO와 함께 지난 10일 잠실야구장에서 열린 '2026 KBO 올스타전 홈런더비'를 성공적으로 마무리했다고 13일 밝혔다. 이번 '컴투스프로야구 홈런더비'는 퓨처스 올스타 게임 종료 후 '올스타 프라이데이'의 메인 행사로 진행됐다. 수많은 팬들이 지켜보는 가운데, 한화 이글스 강백호가 치열한 대결 끝에 최종 우승 트로피와 상금 1000만원을 차지했다. 강백호는 비거리상까지 수상하며 2관왕에 올랐다. 올해 홈런더비에서는 '컴프야상'과 '홈런 메이커상' 등 특별상이 신설됐다. '컴프야 피버타임'에서 가장 많은 홈런을 기록한 SSG 랜더스 오태곤이 '컴프야상'을 수상했고, 우승의 숨은 조력자인 배팅 투수에게 주어지는 '홈런 메이커상'은 KIA 타이거즈 한준수가 받았다. 시상식에는 컴투스 이주환 SB총괄대표가 직접 참석해 우승, 준우승, 비거리상, 특별상 등 주요 부문 수상자들에게 상을 전달하고 축하와 격려의 인사를 전했다. 컴투스는 올스타전 현장인 잠실야구장 팬페스트존에서 관람객 참여형 부스를 운영해 게임 쿠폰, 쿨패치, 응원 부채 등을 배포했다. 경기 이닝 교대 시간에는 '컴투스프로야구 리듬 게임'을 진행해 관객들이 선수들의 이름을 함께 부르며 호응을 이끌었다. 또한 '컴투스프로야구2026', '컴투스프로야구V26', '컴투스프로야구 for 매니저 LIVE 2026' 등 모바일 야구 게임 시리즈 내에서 올스타전 기념 이벤트를 열어 게임 내에서도 축제 분위기를 이어갔다. 컴투스 관계자는 ""KBO와 함께한 이번 홈런더비가 야구 팬들에게 특별한 즐거움과 추억으로 남길 바란다""며 ""앞으로도 컴투스는 야구 팬들과 소통할 수 있는 다양한 활동을 이어갈 것""이라고 밝혔다. 한편, 컴투스는 2022년부터 5년 연속 KBO 올스타전 홈런더비 메인 스폰서로 참여해 전국 야구 팬들과 화합의 장을 마련해왔다.",https://v.daum.net/v/18hp9LJ6z1
2026.07.13 12:21,"“올라갈 일만 남았다”…천사와 악마가 싸웠던 김도영의 타율, 올해 몇을 ...",스포츠경향,"김도영(23·KIA)은 지난 9일 사직 롯데전을 마치며 시즌 타율을 0.298(315타수 94안타)로 끌어올렸다. “전반기 3할을 채우지 못해 아쉽다”고 했지만 3할을 눈앞에 두고 후반기에 들어간다. 타율은 올해 개막후 김도영을 괴롭혔던 아쉬움과 불안감의 근원이었다. 38홈런-40도루를 기록하고 정규시즌 MVP를 차지한 2024년의 활약이 워낙 압도적이라 그렇지, 김도영이 지난 4년 사이 100경기 이상 나간 것은 2022년과 2024년뿐이다. 고졸신인이었던 2022년은 계획적으로 1군 경험에 치중했던 시즌이다. 규정타석에도 훨씬 못미쳤다. 나머지 2년은 부상으로 제대로 소화하지 못한 김도영이 한 시즌을 끝까지 뛰면서 역량을 보여준 것은 2024년뿐이었다. 워낙 압도적이었던 한 시즌으로 김도영은 슈퍼스타가 됐고, 평균치가 얼마나 될지 다들 짐작만 할뿐 객관화 돼 있지는 않다. ‘이 정도까지도 가능한 선수’라는 역량을 2024년에 보여줬지만, ‘못해도 이 정도는 가능한 선수’라는 평균치가 아직 김도영에게 없다. 올시즌이 바로 그 기준이 돼야 할 시즌이다. 김도영이 지난 6월 “그저 그런 선수로 남게 될까봐 두렵다”고까지 했던 이유이기도 하다. 김도영은 올시즌 86경기에서 27홈런을 쳤다. 2024년에는 개막후 86경기에서 23홈런을 기록했다. 전반기만 놓고 보면 홈런 페이스는 비슷하다. 타율은 많이 달랐다. 2024년 시즌 타율 0.348였던 김도영은 당시 4월을 마칠 때부터 타율이 0.338이었다. 월간 타율이 3할 아래로 떨어진 적 없었고 7월에는 0.407까지 쳤다. 반면 올해는 시작이 저조했다. 4월까지 28경기에서 0.255를 기록했다. 그러나 단계적으로 김도영은 꾸준히 타율을 끌어올렸다. 개막후 20경기에서 0.240이었던 타율이 40경기를 치른 5월 중순에는 0.281까지 올라갔다. 60경기째까지 0.279로 정체 상태였던 타율은 80경기를 치르면서 0.294로 올랐고 이후 6경기를 더 치르면서 0.298로 올라갔다. 시즌 내내 타율은 오르락내리락 변화한다. 김도영도 5월말~6월 중순 사이 기복을 겪었다. 전과는 달리 몇 경기 연속 안타를 못 칠 때가 있었어도 심각하게 떨어져 보이지는 않았지만 김도영 자신은 매우 큰 갈등을 겪었다. 타석에서 생각이 많아진 데 대해 ‘천사와 악마’로 비유한 것도 그 시기였다. 전반기 많은 인터뷰를 통해 직접 소개했던 몇 가지 에피소드를 통해서도 얼마나 치열하게 고민했는지는 알려져 있다. 개막 70경기 즈음 치른 6월말, 김도영은 타격코치와 면담을 계기로 짚으며 “이제 완전히 찾았다”고 확실한 자신감을 드러냈다. 그리고 전반기를 타율 0.298로 마쳤다. 후반기에도 김도영의 시선과 목표의식은 크게 달라지지 않을 듯 보인다. 김도영은 “홈런 순위에는 별로 의미 부여 하지 않는다. 전반기에 3할을 찍었다면 좋았겠지만 일단 건강히 끝낸 데 대해 굉장히 만족한다”라며 “전반기 치르는 동안 타격폼도 많이 바뀌고 신경쓸 것도 많았는데 끝날 때쯤에는 내 타격폼으로 완전히 정착했다. 이제 후반기에는 올라갈 일만 남아있다고 생각한다”라고 말했다. 김도영은 2024년에 대해 “사실 지워버린 상태다. 추억으로 남겨놨다. 굳이 돌아가려고 하지 않고 찾아보지도 않는다. 작년 전반기도 마찬가지다. 내가 어떻게 했는지 기억 안 한다. 올해는 그저 앞만 보고 가는 중”이라고 말했다. 2024년을 진짜 추억의 한 장으로 넘기려면 그 다음 장을 열어야 한다는 사실을 김도영은 알고 있다. 김도영은 홈런과 득점(69개)까지 공동 1위, 장타율 2위(0.616), 타점 4위(74개), OPS 공동 2위(1.010) 등 타격 거의 전 부문에서 고루 상위에서 경쟁하고 있다. KIA가 전반기 치른 86경기에 전부 출전했다. 9월 아시안게임에 나가면 전경기 출전은 못 하겠지만 그 전 최대한 전부 출전하고픈 욕심도 가졌다. 건강하게 시즌을 마쳤을 때 기본값이 얼마나 되는 선수인지, 홈런뿐 아니라 타율까지도 폭발했던 2024년이 단순한 과거만은 아님을 후반기에 보여줄 준비를 하고 있다. 김은진 기자 mulderous@kyunghyang.com",https://v.daum.net/v/BqqNm5HlFP
2026.07.13 12:20,"'2군 홈런 1위' 깜짝 발언 ""군 생활 한 번 더 할 수 있을 듯"" 대...",엑스포츠뉴스,"(엑스포츠뉴스 양정웅 기자) 정말 군대가 체질인 것일까. 박한결(상무 야구단)은 7월 현재 상병 6호봉이다. 곧 병장 진급을 앞두고 있고, 올해 11월 전역까지 4개월을 남겨둔 상황이다. 일반적인 현역병은 이 시기가 되면 사회에 복귀해 살아갈 계획을 세워두곤 한다. 그렇지 않더라도 얼른 군 생활을 마치고 전역할 생각을 하는 게 대부분이다. 하지만 박한결은 달랐다. 최근 엑스포츠뉴스와 만난 그는 ""남들은 시간이 안 간다고 하는데, 나는 정말 빨리 간다""며 ""군 생활을 한 번 더 할 수 있을 것 같다""는 놀랄 만한 말을 했다. 박한결은 왜 이런 깜짝 발언을 했을까. 박한결은 ""정해진 시간에 일어나고, 운동하고 하니까 그런 게 나에게 잘 맞는다""고 밝혔다. ""상무에서 습관이 만들어졌다""고 한 그는 ""여기서는 할 게 운동뿐이다. 난 원래 정해진 것 안에서 하는 게 좋은데, 여기서 루틴이 생긴 게 제일 크다""고 설명했다. 몸도 좋아졌다. 사회에서처럼 야식이나 간식을 마음대로 먹을 수 없는 군대 상황상 박한결은 의도치 않게 식단 관리에 성공했다. 그는 ""의도한 게 아닌데 살이 빠지더라. 그러면서 움직임도 편해지고 괜찮더라""라고 얘기했다. 이어 ""5kg 정도 빠졌는데, 운동을 같이 하니까 힘도 안 줄어들었다""고 전했다. 이런 노력은 결과로 드러나고 있다. 박한결은 올해 퓨처스리그 전반기 65게임에서 타율 0.276(228타수 63안타), 16홈런 51타점 55득점, 1도루, 출루율 0.424 장타율 0.531, OPS 0.955를 기록 중이다. 퓨처스리그 전체 홈런과 타점 1위, 장타율 2위, 출루율 5위 등 다양한 지표에서 최상위권에 있다. 올해 11월 전역하는 박한결은 이제 원소속팀 NC 다이노스로 돌아가게 된다. 젊은 우타 거포가 희귀한 리그 특성상 그의 복귀를 기다리는 팬들도 많다. 이에 대해 박한결은 ""하던 걸 하다 보면 나올 거라고 생각한다""며 ""전역 후에는 어린 게 아니기 때문에 결과를 내야 하는 입장이어서 상무에서 준비한 걸 나와서 그대로 보여주고 싶다""고 얘기했다. 경북고 출신의 박한결은 2023 KBO 신인 드래프트에서 2라운드에 NC의 지명을 받아 프로에 입문했다. 첫 시즌부터 1군 무대를 밟은 그는 데뷔전인 그해 9월 24일 창원 두산 베어스전에서 팀의 끝내기 승리에 기여하는 안타를 터트리며 주목을 받았다. 이어 2024시즌에는 1군 28경기에서 타율은 0.185에 그쳤으나, 안타 12개 중 무려 7개를 홈런으로 장식하는 괴력을 보여줬다. 지난해 5월 상무 입대 후 퓨처스리그에서 43경기 9홈런으로 여전한 파워를 보여줬고, 올해 2군 수준에서는 장타력에 대한 의심을 거둬도 될 정도의 발전을 이뤘다. 사진=엑스포츠뉴스 DB 양정웅 기자 orionbear@xportsnews.com",https://v.daum.net/v/QpwFBJRfHs
2026.07.13 12:14,"대만도 AG 야구 대표팀 구성으로 잡음 ""핵심 전력 공백 우려→구단·협회...",스타뉴스,"[스타뉴스 | 박수진 기자] 오는 9월 2026 나고야·아이치 아시안게임(AG)을 앞두고 한국뿐만 아니라 대만 프로야구(CPBL) 역시 대표팀 소집 및 차출 기준을 둘러싸고 잡음이 나오고 있다. 후반기 레이스 핵심 전력의 공백 우려 속에 구단과 야구협회(선발위원회) 간의 소통 부재를 지적하는 목소리가 커지는 모양새다. 대만 매체 웨이라이 스포츠 등이 13일 보도한 바에 따르면 펑정민 중신 브라더스 단장은 최근 현지 취재진을 만난 자리에서 ""아시안게임을 최고 등급의 중요 국제대회로 간주한다면 향후 프로 구단과 선수, 국가대표팀 간에 더 명확하고 완전한 소통 메커니즘을 구축할 필요가 있다""며 협회 측의 행정을 정면으로 비판했다. 현재 대만 야구계는 오는 16일 나고야 AG 최종 명단 발표를 앞두고 차출 기준에 대한 잡음이 끊이지 않고 있다. 최초 10일에 명단을 공개할 예정이었으나 한 차례 연기됐다. 펑정민 단장은 ""구단은 당초 선발위원회가 제시한 연령 제한, 미필 여부 등의 조건에 맞춰 후보 명단을 제공했다""면서 ""현재로서는 내야수 황웨이성이 명단에 포함된 것으로 파악했으나, 추가 발탁 여부에 대해서는 구단이 어떠한 통보도 받지 못했다""며 불통 상황에 답답함을 토로했다. 아시안게임 대표팀 차출은 후반기 순위 싸움이 한창인 CPBL 각 구단의 전력 구상에 직격탄이 될 수밖에 없다. 펑 단장은 ""뽑히는 선수들 대부분이 1군 혹은 1군에 근접한 핵심 전력이기 때문에 모든 팀이 영향을 받을 것""이라면서도 ""국가를 위해 뛰며 국제대회 경험을 쌓고, 병역 의무까지 해결할 수 있다면 선수에게는 분명 좋은 기회다. 구단 역시 이에 따른 대비책을 마련 중""이라고 덧붙였다. 현장 사령탑들 역시 적극적인 협조 의사를 밝히면서도 전력 누수 대응에 고심하고 있다. 히라노 케이이치 중신 감독 역시 ""국가대표팀에 적극 협조할 것""이라면서도, 핵심 전력 공백에 따른 백업 자원 준비에 돌입한 상태다. 대표팀 구성을 둘러싸고 구단과 협회 간의 불통 논란이 확산하는 가운데, 사흘 뒤 베일을 벗을 대만 아시안게임 야구 대표팀의 최종 명단에 현지 야구계의 이목이 쏠리고 있다. 박수진 기자 bestsujin@mtstarnews.com",https://v.daum.net/v/z2wDrZGhSX
2026.07.13 12:07,"독하게 이뤄낸 타율 1위 ""자꾸 '멘탈' 얘기... 내가 어떤 성적 내는...",스타뉴스,"[스타뉴스 | 신화섭 기자] 2026 KBO리그 전반기에 가장 뜨거웠던 타자로 KT 위즈 최원준(29)을 빼놓을 수 없다. 프로 11년차를 맞은 최원준은 올 시즌 타율(0.363)과 출루율 1위(0.441), 안타 2위(116개), 득점 4위(68개)의 맹활약을 펼치고 있다. 2016 신인 드래프트 2차 1라운드 3순위로 KIA 타이거즈에 지명된 최원준은 그동안 규정타석을 채운 3할 타율을 한 번도 이루지 못했다. 그러나 지난 시즌 후 FA(프리 에이전트) 자격을 얻어 4년 48억원에 NC 다이노스에서 KT로 이적한 뒤 타격 재능을 만개하고 있다. 전반기 최종전이 열린 지난 9일 수원 KT위즈파크에서 최원준을 만났다. 그의 현재와 과거, 미래에 대한 이야기를 3회로 나눠 연재한다. [최원준 HOT 인터뷰] ① 독하게 이뤄낸 타율 1위 ""자꾸 '멘탈' 얘기... 내가 어떤 성적 내는지 보여주고 싶었다"" ② '공주' 최원준, ""원래 말이 많나요?"" 묻자→돌아온 뜻밖의 대답 ③ '206안타 페이스' 최원준 ""사실 200안타는 데뷔 때부터 꿈꾼 목표"" - 스스로 생각하는 올 시즌 활약의 비결은 무엇입니까. ▶ 일단 FA를 하면서 마음이 좀더 성숙해진 것 같고, 환경적으로 영향이 많이 있다고 생각이 듭니다. - KT라는 팀에 온 것이 도움이 됐다는 뜻인가요. ▶ 제가 작년에 가장 못했음(126경기 타율 0.242)에도 KT가 저를 필요로 하고 가치를 인정해줬다는 점이 큰 힘이 됐습니다. 또 이강철(60·KT) 감독님께서 스프링캠프 때부터 저를 1번타자로 고정시켜 주시고 빼지 않으실 거라는 믿음을 주셔서 심적으로 쫓기지 않게 된 것 같습니다. - 기술적인 변화는 없었나요. ▶ KT에 오면서 유한준, 김강 코치님이 제가 하는 것을 많이 인정해 주시고 부족한 점은 채워주셔서 좋은 메커니즘을 갖추는 계기가 됐습니다. 아무래도 전에는 결과를 내야 된다는 강박이 강했는데, 이런 환경이 주어지다 보니 투수와 싸움에서 쫓기는 부분이 많이 줄어들었다고 생각합니다. - FA 이적이라 마음가짐도 달랐을 것 같은데요. ▶ 솔직히 얘기하면 그냥 보여주고 싶었습니다. 그동안은 환경에 졌지만 그게 다가 아닌 선수라는 걸, 그리고 제가 어느 정도 성적을 낼 수 있는가를 보여주고 싶었습니다. 그게 가장 독하게 준비했던 이유였던 것 같아요. - 지난해 FA 선언 뒤 최종적으로 KT를 선택한 이유는 무엇입니까. ▶ 앞서 얘기했지만 KT가 가장 제 가치를 인정해 주고 필요로 한다는 생각이 들었고, 처가가 수원에 있다는 것도 영향이 좀 있었습니다. 그리고 이강철 감독님은 예전에 대표팀(2017년 APBC·아시아프로야구챔피언십)을 갔을 때 코치님으로 잠깐 함께 한 적이 있는데 언젠가는 한 번 같이 해보고 싶다는 생각도 했습니다. - 그래서 와 보니 KT는 어떤 팀이던가요. ▶ 좋은 선배들이 계셔서 팀 분위기를 잘 이끌어 가고, 코칭스태프도 편하게 잘 해주셔서 좋습니다. - 새 팀에 적응하는 데 특별히 고마운 사람이 있다면요. ▶ 많은 형들이 반갑게 맞아줘 너무 좋았는데, 특히 권동진(28) 선수가 저보다 동생인데도 옆에서 도움을 많이 줬습니다. - 서울고 시절 'BIC(백인천) 0.412상'과 '이영민 타격상' 등을 받으며 최고의 유망주로 주목 받았습니다. 하지만 데뷔 초반에는 성적이 기대에 미치지 못한 편이었는데 이유가 뭐였던 것 같나요. ▶ 솔직히 자꾸 '멘탈, 멘탈' 얘기를 많이 들었는데, 사실 환경적으로 가만히 제 야구를 할 수가 없었습니다. 그래도 맷 윌리엄스(61·전 KIA·2020~2021년) 감독님이 오시자마자 '왜 너는 코치와 감독이 원하는 야구를 하고 있느냐. 이렇게 갖고 있는 게 좋은데. 너를 쓰고 안 쓰고는 내가 결정할 테니 그냥 너의 야구를 보여줬으면 좋겠다'라고 말해 그때부터 제가 보기에 눈을 좀 떴던 것 같습니다.(최원준은 윌리엄스 감독 시절인 2020년 규정타석 미달이지만 타율 0.326를 올렸고, 2021년에는 타율 0.295에 174안타를 기록했다.) - 그러다 지난해 7월 KIA에서 NC 다이노스로 트레이드가 됐는데요. 그때 심정은 어땠습니까. ▶ 10년 동안 광주에 있으면서 많은 사랑과 기대를 받았는데 그것에 비해 너무 실망만 안겨드린 것 같다는 생각들이 지나가더라고요. 그러면서도 다시 일어설 수 있는 좋은 기회라는 생각도 들었습니다. - 큰 기대를 받고 프로에 입단했지만 잘 풀리지 않는 후배들에게 해주고 싶은 말이 있다면요. ▶ 환경에 지지 않았으면 좋겠습니다. 드래프트에서 상위 지명을 받았다면 스카우트분들이 공통적으로 높게 보는 선수인 거잖아요. 그만큼 스스로 뭔가 특출난 게 있다고 생각하고 자신의 능력을 믿고 주변에 휘둘리지 않으면 좋겠어요. 저는 그게 좀 어려웠거든요. 흔들리지 않고 자기 것을 잘 유지한다면 꼭 빛을 볼 수 있다고 생각합니다. [최원준 HOT 인터뷰] 2편으로 이어집니다. 신화섭 기자 evermyth@mtstarnews.com",https://v.daum.net/v/8NYqKnd8S5
2026.07.13 12:05,"두산, 무신사와 맞손→한여름 무더위 날릴 '베이스볼 바캉스 컬렉션' 한정...",스타뉴스,"[스타뉴스 | 박수진 기자] 두산 베어스가 이번 여름 온라인 패션 플랫폼 무신사와 손잡고 '베이스볼 바캉스 컬렉션'을 선보인다고 13일 밝혔다. 두산 구단에 따르면 이번 컬렉션은 '뜨거운 그라운드 위로 찾아온 가장 시원한 휴식'을 콘셉트로 기획됐다. 한여름 야구장을 찾은 팬들에게 시원한 휴식을 선사하고 승부의 긴장감도 시원하게 날려버릴 서머 컬렉션으로 풀어냈다는 것이 구단 측 설명이다. 컬렉션 라인업은 메쉬 저지, 카라 저지, 반소매 티셔츠, 컵홀더 인형키링, 짐색, 장패드 등 다채로운 아이템들로 구성됐다. 특히 하와이안 셔츠를 입은 마스코트 '알로하 철웅이'를 메인 아트웍으로 활용해 힙하고 여유로운 감성을 녹여냈다. 이번 '베이스볼 바캉스 컬렉션'은 오는 15일 오후 12시부터 무신사 온라인 스토어에서 희소성과 화제성이 높은 한정판 서비스인 '무신사 드롭(MUSINSA DROP)'을 통해 한정 판매된다. 한편, 자세한 발매 일정과 정보는 무신사 애플리케이션에서 확인할 수 있다. 박수진 기자 bestsujin@mtstarnews.com",https://v.daum.net/v/qGjS36fzSb
2026.07.13 12:04,"1위 전반기 돌아보니, '푸피에'와 '70억 FA'에 바라는 후반기 반등",일간스포츠,"전반기를 1위로 마친 박진만 삼성 라이온즈 감독이 수훈 선수와 함께 후반기 반등이 필요한 선수를 꼽았다. 박 감독은 전반기를 돌아보며 ""다들 고생을 많이 했다""라며 ""그래도 선발과 불펜 투수에게 한 번씩 휴식을 줬는데, 이승민과 김재윤은 풀 타임으로 활약했다. 두 선수가 가장 고맙다""고 평가했다. 왼손 불펜 이승민은 지난 9일 LG전 3-3으로 맞선 6회 초 등판해 1이닝 무실점을 기록해 승리 투수가 됐다. 전반기에만 4승 13홀드 평균자책점 1.83을 기록, 일찌감치 커리어하이 시즌을 예약했다. 전반기 42경기에 나와 최다 등판 공동 3위를 기록했다. 김재윤도 같은날 LG전 9회 초 등판해 6-5까지 추격을 허용했지만, 1사 만루에서 천성호를 병살타로 유도하며 경기를 매조졌다. 전반기 총 40경기에 등판해 4승 3패 22세이브 평균자책점 2.87로 뒷문을 지켰다. 전반기 세이브 부문 1위. 이닝당 출루허용률 1.01, 피안타율 0.154 등 짠물 투구가 돋보였다. 삼성은 후반기 12년 만의 한국시리즈 우승에 도전한다. 이를 위해 박진만 감독이 후반기 분발을 기대하는 선수는 토종 선발 투수 원태인과 최원태다. '푸른 피의 에이스' 원태인은 지난 9일 LG와 전반기 마지막 경기에서 5이닝 8피안타 3실점으로 시즌 5승 달성에 실패했다. 전반기 최종 성적은 4승 5패 평균자책점 3.58이다. 팔꿈치 통증으로 시즌 출발이 늦었던 탓에 규정이닝도 채우지 못했고, 퀄리티 스타트(6이닝 이상 3자책 투구)도 6회(42.9%)에 불과했다. '토종 에이스'에 걸맞은 투구를 보여주지 못했다. 지난해 4년 총 70억원에 삼성으로 이적해 온 최원태는 전반기 3승 4패 평균자책점 4.70에 머물렀다. 박 감독은 ""원태인과 최원태가 전반기 때 본인의 모습을 보여주지 못했다. 후반기에는 좀 더 확실하게 선발진에 자리를 잡아줬으면 한다""고 말했다. 또한 삼성은 외국인 투수 잭 오러클린을 대신해 빅리그 통산 32승 출신의 크리스 페덱을 데려왔고, 아시아쿼터 투수 미야지 유라의 교체를 검토하고 있다. 박 감독은 ""새로운 외국인 선수의 영입도 변수""라며 ""만일 새 외국인 선수가 온다면 포인트가 될 것""이라고 점쳤다. 이형석 기자 ops5@edaily.co.kr",https://v.daum.net/v/31edDHWIr8
2026.07.13 12:02,"'영원한 히어로즈로' 키움 하영민, 8년 80억 원 구단 최대 규모 비F...",마니아타임즈,[진병두 마니아타임즈 기자] 프랜차이즈 투수가 장기간 팀에 남게 됐다. 키움 히어로즈가 우완 하영민과 8년간의 비FA 다년 계약을 체결했다. 키움은 13일 하영민과 내년부터 2034년까지 계약기간 8년에 연봉과 옵션을 포함한 총액 80억 원 규모로 계약했다고 발표했다. 이날 오전 서울의 한 호텔에서는 구단 대표이사와 하영민 그리고 그의 가족들이 참석한 가운데 계약식이 열렸다. 이번 계약은 의미가 남다르다. 키움이 체결한 비FA 다년계약 중 최대 규모인 것이다. 지난해 송성문과 6년 총액 120억 원에 계약했으나 그의 메이저리그 진출로 실행되지 않은 바 있다. 구단은 이번 계약이 KBO리그 역대 투수 비FA 다년계약 기준으로 류현진과 김광현 구창모 고영표 박세웅에 이어 여섯 번째로 큰 규모라고 의미를 뒀다. 하영민은 팀과 함께 성장한 자원이다. 2014년 프로에 데뷔한 그는 올해 전반기까지 통산 34승 40패 평균자책점 4.96을 기록했다. 2024년부터 2년 연속 150이닝 이상을 던지며 선발의 한 축을 담당해 왔다. 양측 모두 기대를 밝혔다. 구단은 그를 가치를 증명한 프랜차이즈 선수라 평가하며 팀의 중심으로 오래 활약해 주길 바랐다. 하영민도 좋은 조건을 제시한 구단에 감사하며 영원한 히어로즈 선수로 남을 기회를 얻어 뜻깊다고 말했다. 그러면서 팀이 더 높은 곳으로 오를 수 있도록 맡은 역할에 최선을 다하겠다고 덧붙였다. [진병두 마니아타임즈 기자/maniareport@naver.com] 기사제보 및 보도자료 report@maniareport.com,https://v.daum.net/v/Zfwd2oiP5O
2026.07.13 11:48,"[공식발표] '트레이드 가능성 일축' 키움, 하영민과 8년 80억 원에 ...",스포탈코리아,"[SPORTALKOREA] 한휘 기자= 일각에서 트레이드 가능성이 제기되던 하영민이 키움 히어로즈와 장기 재계약을 체결했다. 키움은 13일 ""하영민과 계약 기간 8년(2027~2034년), 연봉과 옵션 포함 총액 80억 원 규모의 비FA 다년계약을 체결했다""라고 알렸다. 체결식은 오늘 오전 서울 신도림의 더링크서울 트리뷰트 포트폴리오 호텔에서 위재민 대표이사와 허승필 단장, 하영민과 가족들이 참석한 가운데 진행됐다. 구단은 끊임없는 노력과 도전으로 팀의 중심 투수로 성장한 하영민의 여정을 담아 행사 타이틀을 'The Unbreakable Hero'로 정했다. 이번 계약은 키움이 체결한 비FA 다년계약 가운데 최대 규모다. 키움은 앞서 지난해 송성문(샌디에이고 파드리스)과 포스팅 합의 조항이 포함된 6년 총액 120억 원 규모의 비FA 다년계약을 맺었지만, 송성문이 메이저리그(MLB) 진출에 성공하면서 계약이 실행되지 않았다. 키움은 투수진의 기둥 노릇을 하는 '프랜차이즈 스타' 하영민을 반드시 지켜야 하는 핵심 전력으로 판단했고, 중장기적인 전력 구상을 바탕으로 안정적인 투수진 구축을 위해 계약을 추진했다. 하영민은 2014 KBO 신인드래프트 2차 1라운드 전체 4순위로 당시 넥센에 지명되며 프로에 입문했다. 2014년 4월 13일 한화 이글스를 상대로 한 데뷔전부터 5이닝 1실점으로 호투하며 승리 투수가 됐다. 그러나 이후 한동안 1군에서 자리를 잡지 못했고, 사회복무요원으로 병역 의무를 수행한 뒤 2021시즌부터 1군 불펜 요원으로 기용되기 시작했다. 그러다 2024시즌 28경기 150⅓이닝 9승 8패 평균자책저 4.37로 선전하며 팀 선발진의 주축으로 발돋움했다. 지난해 팀이 최악의 부진에 시달린 가운데, 하영민은 야수진의 도움을 받지 못하는 난관 속에서도 28경기 153⅓이닝 7승 14패 평균자책점 4.99로 분전하며 무너진 마운드를 지켰다. 올해도 15경기(12선발) 67이닝 3승 5패 평균자책점 4.16으로 제 몫을 하는 중이다. 이런 가운데 일각에서 키움이 다시금 주력 선수 트레이드를 준비한다며 하영민을 매물로 내놓을 가능성을 제기하기도 했다. 하지만 이번 비FA 다년계약으로 트레이드설도 자연스레 사라질 것으로 전망된다. 키움은 ""하영민은 오랜 시간 팀과 함께 성장하며 자신의 가치를 증명한 프랜차이즈 선수""라며 ""앞으로도 지금처럼 책임감을 갖고 팀의 중심 선수로서 후배들에게 좋은 본보기가 되어주길 바란다. 히어로즈를 대표하는 선수로 오랫동안 활약해주길 기대한다""라고 말했다. 하영민은 ""구단에서 좋은 조건을 제시해 주셔서 정말 감사드린다. 이번 계약을 통해 영원한 히어로즈 선수로 남을 기회를 얻게 돼 더욱 뜻깊게 생각한다. 저를 믿고 큰 결정을 내려주신 만큼 감사함과 동시에 큰 책임감을 느끼고 있다""라고 밝혔다. 이어 ""앞으로도 선배들에게 많이 배우고, 후배들에게는 좋은 본보기가 될 수 있도록 노력하겠다. 그리고 팀이 더 높은 곳으로 올라갈 수 있도록 맡은 역할에 최선을 다하겠다. 항상 응원해 주시는 팬 여러분께도 좋은 모습으로 보답드릴 수 있는 선수가 되겠다""라고 소감을 전했다. 사진=키움 히어로즈 제공",https://v.daum.net/v/0jhqwXYCLX
2026.07.13 11:48,"“영원한 히어로즈 선수로 남을 기회 얻게 돼 뜻 깊어”…키움, 하영민과 ...",MK스포츠,"“영원한 히어로즈 선수로 남을 수 있는 기회를 얻게 돼 더욱 뜻 깊게 생각한다.” 키움 히어로즈와 비FA 다년계약을 맺은 하영민이 앞으로의 활약을 약속했다. 키움은 “하영민과 계약기간 8년(2027-2034년), 연봉과 옵션 포함 총액 80억 원(세부 내용 비공개) 규모의 비FA 다년계약을 체결했다”고 13일 밝혔다. 계약 체결식은 13일 오전 서울 신도림에 위치한 더링크서울 트리뷰트 포트폴리오 호텔에서 진행됐다. 키움 위재민 대표 이사, 허승필 단장은 물론이고 하영민 및 그의 가족들이 참석한 가운데 펼쳐졌다. 키움은 이날 행사 타이틀을 ‘The Unbreakable Hero’로 정하고, 프로 데뷔 후 끊임없는 노력과 도전을 이어오며 팀의 중심 투수로 성장한 하영민의 여정을 상징적으로 담았다. 이번 계약은 구단이 체결한 비FA 다년계약 가운데 최대 규모다. 지난해 송성문과 포스팅 도전 조항이 포함된 6년 총액 120억 원 규모의 비FA 다년계약을 체결한 바 있으나, 송성문이 포스팅 시스템을 통해 해외 진출을 선택하면서 해당 계약은 실행되지 않았다. 또한 이번 계약은 KBO리그 역대 투수 비FA 다년계약 기준으로 류현진(8년 170억 원), 김광현(4년 151억 원), 구창모(7년 132억 원), 고영표(5년 107억 원), 박세웅(5년 90억 원)에 이어 여섯 번째로 큰 규모다. 키움은 “중장기 전력 구상을 바탕으로 안정적인 투수진을 구축하기 위해 프랜차이즈 선수인 하영민을 반드시 지켜야 할 핵심 전력으로 판단해 이번 계약을 추진했다”고 설명했다. 2014년 2차 1라운드 전체 4번으로 넥센(현 키움)의 부름을 받은 하영민은 위력적인 패스트볼 및 다양한 변화구를 구사하는 우완투수다. 통산 249경기(649.2이닝)에서 34승 40패 9홀드 평균자책점 4.96을 작성했다. 올해에도 활약은 계속되고 있다. 15경기(67이닝)에 나서 3승 5패 평균자책점 4.16을 기록, 키움 선발진의 한 축을 책임졌다. 키움 관계자는 “하영민은 오랜 시간 팀과 함께 성장하며 자신의 가치를 증명한 프랜차이즈 선수”라면서 “앞으로도 지금처럼 책임감을 갖고 팀의 중심 선수로서 후배들에게 좋은 본보기가 되어주길 바란다. 히어로즈를 대표하는 선수로 오랫동안 활약해주길 기대한다”고 말했다. 하영민은 “구단에서 좋은 조건을 제시해주셔서 정말 감사드린다. 이번 계약을 통해 영원한 히어로즈 선수로 남을 수 있는 기회를 얻게 돼 더욱 뜻 깊게 생각한다. 저를 믿고 큰 결정을 내려주신 만큼 감사함과 동시에 큰 책임감을 느끼고 있다. 앞으로도 선배들에게 많이 배우고, 후배들에게는 좋은 본보기가 될 수 있도록 노력하겠다”고 전했다. 이어 “팀이 더 높은 곳으로 올라갈 수 있도록 맡은 역할에 최선을 다하겠다. 항상 응원해 주시는 팬 여러분께도 좋은 모습으로 보답드릴 수 있는 선수가 되겠다”고 목소리에 힘을 줬다. [이한주 MK스포츠 기자] [ⓒ MK스포츠, 무단전재 및 재배포 금지]",https://v.daum.net/v/bvg0jTlwJP
2026.07.13 11:42,"선발투수 몸값이 금값인 시대, 키움이 프랜차이즈 우완 하영민을 잡았다.....",더게이트,"[더게이트] 믿음직한 국내 선발투수 한 명 구하기가 하늘의 별 따기보다 어려운 시대다. 에이스를 구하려면 100억원은 싸 들고 나서야 하는 선발투수 품귀 시대이기도 하다. 이런 가운데 키움 히어로즈가 프랜차이즈 투수를 선제적인 다년계약으로 묶는 데 성공했다. 키움은 13일 서울 신도림 더링크서울 트리뷰트 포트폴리오 호텔에서 하영민과 계약기간 8년(2027~2034년), 총액 80억 원 규모의 비FA 다년계약을 체결했다. 연봉과 옵션을 포함한 금액으로, 세부 조건은 서로 밝히지 않기로 했다. 이날 계약식에는 구단 수뇌부와 하영민의 가족들이 함께했다. 행사 타이틀은 'The Unbreakable Hero(부서지지 않는 영웅)'다. 프로 데뷔 후 숱한 부침을 이겨내고 마운드의 중심으로 성장한 하영민의 야구 여정을 담아낸 타이틀이자, 11년 동안 오직 한 유니폼만 입고 헌신한 프랜차이즈 스타를 향한 예우를 담았다. '역대 6위' 실행 기준 구단 최대 규모 이번 계약은 키움이 실행한 비FA 다년계약 가운데 최대 규모다. 지난해 8월 송성문과 포스팅 도전 조항을 넣어 6년 120억 원에 도장을 찍은 바 있지만, 송성문이 시즌 뒤 미국 진출을 택하면서 해당 계약은 무효가 됐다. 서류상에 그치지 않고 구단이 실제로 집행하는 다년계약으로는 하영민의 80억 원이 최고액이다. KBO리그 전체 투수들을 통틀어도 손에 꼽히는 대형 계약이다. 역대 투수 비FA 다년계약 액수로는 류현진(8년 170억 원), 김광현(4년 151억 원), 구창모(7년 132억 원), 고영표(5년 107억 원), 박세웅(5년 90억 원) 등 리그 대표 국내 에이스들에 이어 여섯 번째다. 하영민은 리그 전체에서도 가장 꾸준하고 믿음직한 선발투수 중 하나로 꼽힌다. 2024년부터 2026년까지 최근 3년간 370.2이닝을 소화해 박세웅(424.1이닝), 원태인(404.1이닝), 양현종(402.2이닝), 임찬규(389.2이닝), 류현진(385.1이닝), 곽빈(374.0이닝)에 이어 국내 선발 중에 7번째로 많은 이닝을 던졌다. 국내 선발투수 시장은 이미 부르는 게 값이다. 박세웅이 2022년 10월 5년 90억 원에 비 FA 다년계약으로 롯데에 잔류했고, 임찬규는 2023시즌 직후 4년 50억 원에 LG와 손잡았다. 베테랑 류현진은 2024년 2월 8년 170억 원으로 한화에 복귀해 역대 최고액을 썼다. FA 자격 취득을 눈앞에 둔 삼성 원태인은 벌써 200억 원대 몸값이 거론된다. 만약 시장에 나갈 경우, 하영민 역시 복수 구단의 러브콜 속에 몸값이 폭등했을 가능성이 크다. 물론 내년이면 32세가 되는 나이를 고려할 때 8년 계약의 후반부 가치가 다소 하락할 순 있지만, 계약 초반 4~5년은 투수로서 정점을 찍는 30대 초중반에 해당한다. 치솟는 시장 가격을 고려하면 합리적인 입도선매라고 볼 수 있다. 현재 키움 선발 로테이션은 라울 알칸타라와 안우진의 에이스 듀오, 그리고 박준현·배동현 등 풀타임 경험이 없는 투수들로 이뤄져 있다. 외국인 선수와 젊은 투수들 사이에서 하영민이 중심을 잡아주는 역할이다. 훗날 안우진이 미국 무대로 떠나더라도 하영민이 있다면 외국인 투수 2명과 젊은 선발진 사이에서 코어 역할을 기대할 수 있다. 130km 던지는 신인에서 140km대 에이스로 광주진흥고 에이스로 이름을 날린 하영민은 2014 신인드래프트 2차 1라운드 전체 4순위로 히어로즈에 입단했다. 입단 당시만 해도 제구와 변화구는 좋지만 패스트볼 구속이 130km/h대에 그쳤는데, 꾸준한 트레이닝으로 구속을 140km/h대 중후반까지 끌어올렸다. 2024년과 2025년 2년 연속 150이닝 이상을 책임지며 선발진을 지탱했고, 올 시즌에도 보직을 가리지 않고 마운드의 궂은일을 도맡고 있다. 철저한 자기 관리와 노력으로 성장한 선수란 점에서 젊은 후배들에게도 좋은 롤모델이 될 수 있다. 키움은 ""오랜 시간 팀과 함께 성장하며 가치를 증명한 프랜차이즈 선수""라며 ""앞으로도 책임감을 갖고 후배들에게 좋은 본보기가 되어주길 바란다""고 강조했다. 하영민은 ""좋은 조건을 제시해 준 구단에 감사하며 영원한 히어로즈 선수로 남을 기회를 얻어 뜻깊다""고 고개를 숙였다. 이어 ""큰 결정을 내려주신 만큼 무거운 책임감을 느낀다""라며 ""선배들에게 배우고 후배들에게 본보기가 되어 팀이 더 높은 곳으로 올라가도록 임무에 최선을 다하겠다""고 다짐했다.",https://v.daum.net/v/6giIVgnQUE
2026.07.13 11:40,전반기 다승 1위 최민석-올러…후반기 류현진-톨허스트-곽빈 추격전 시작된...,OSEN,"[OSEN=홍지수 기자] KBO리그 전반기 다승왕 경쟁은 치열했다. 후반기에는 과연 누가 앞서나갈까. 지난 9일을 끝으로 2026년 KBO리그 전반기가 종료됐다. 10일 퓨처스 올스타전, 11일 올스타전이 진행됐고, 16일부터 후반기가 시작된다. 전반기 동안 팀간 순위 경쟁도 치열했지만, 선수마다 개인 기록 경쟁은 팬들의 큰 관심사 중 하나였다. 이 가운데 두산 베어스 2년 차 우완 최민석은 최고의 전반기를 보냈다. 최민석은 전반기 16경기 등판해 9승 2패, 평균자책점 2.33을 기록했다. 다승 부문 공동 1위다. 92⅔이닝을 던져 86개 탈삼진을 기록했고 퀄리티스타트는 11차례 달성했다. 리그에서 공동 2위의 기록이다. 김원형 감독은 전반기를 돌아보며 ""기본적으로 선발 투수들이 큰 부상 없이 5명이서 로테이션을 잘 돌아준 게 팀 전체적인 마운드의 안정으로 이어졌다""면서 최민석의 성장세에 ""나도 깜짝 놀랄 정도였다. 마운드에 올라가면 그냥 믿고 선발로 내보내는 느낌이다. 본인의 공을 자신 있게 던지고 있고, 꾸준히 6이닝씩 책임져준다. 흔히 말하는 계산이 서는 투수""라며 엄지를 치켜세웠다. 두산의 에이스 곽빈보다 1승 더 올렸다. 이런 최민석과 다승 공동 1위는 KIA 타이거즈 외국인 에이스 아담 올러와 LG 트윈스 임찬규다. 올러는 16경기에서 9승 5패, 평균자책점 2.36을 기록했다. 99⅓이닝 던져 108탈삼진을 기록했다. 퀄리티스타트는 11차례. 임찬규는 17경기에서 9승 2패, 평균자책점 3.78을 기록했다. 95⅓이닝을 던져 52탈삼진을 기록했다. 퀄리티스타트는 7차례 달성했다. 그렇다면 후반기에는 누가 다승왕 경쟁을 이어갈까. 최민석과 올러가 전반기 동안 가장 많은 승수를 쌓았고 곽빈과 한화 이글스 류현진, LG 외국인 투수 앤더스 톨허스트, NC 다이노스 구창모가 8승씩 올렸다. LG 장현석과 한화 왕옌청, 삼성 양창섭, 키움 외국인 투수 라울 알칸타라가 7승씩 챙기며 뒤를 이었다. 전반기 KBO리그는 팬들의 뜨거운 열기 속에 진행됐다. 424경기에 763만 3,775명의 관중을 동원하며 지난해 기록한 역대 전반기 최다 관중 기록(758만 228명)을 새로 썼다. 그만큼 선수마다 자존심이 걸린 타이틀 싸움은 팬들의 관심을 끌고 있다. 후반기에는 과연 누가 다승왕 경쟁에서 한발 앞서나가게 될지 지켜볼 일이다. /knightjisu@osen.co.kr",https://v.daum.net/v/0YRIVgnQly
2026.07.13 11:38,"8년 80억 깜짝 연장계약! 키움이 하영민에게 안긴 선물, 허승필 단장 ...",스포티비뉴스,"[스포티비뉴스=박승환 기자] ""시즌 초부터 검토했다"" 키움 히어로즈는 13일 ""투수 하영민과 계약기간 8년(2027-2034년), 연봉과 옵션 포함 총액 80억원(세부 내용 비공개) 규모의 비FA 다년계약을 체결했다""고 공식 발표했다. 지난 2014년 신인드래프트 2차 1라운드 전체 4순위로 넥센(現 키움) 히어로즈의 선택을 받은 하영민은 데뷔 초 크게 두각을 나타내지 못하던 선수였다. 하지만 2022시즌 41경기에서 5승 3패 2홀드 평균자책점 3.43을 기록하면서 조금씩 꽃을 피워나가더니, 2024시즌 28경기에 등판해 150⅓이닝을 소화하며 9승 8패 평균자책점 4.37을 마크, 든든한 선발 자원으로 거듭났다. 이 모습은 결코 반짝이 아니었다. 하영민은 지난해에는 7승 14패 평균자책점 4.99로 전체적인 성적은 떨어졌지만, 재작년보다 더 많은 153⅓이닝을 던지, 규정이닝(144이닝)을 채웠다. 그리고 하영민은 지난 5월 불펜으로 잠깐 보직을 전환하긴 했지만, 여전히 로테이션을 돌면서 15경기에서 3승 5패 평균자책점 4.16을 기록 중이다. 이에 키움이 연장계약을 안겼다. 8년 총액 80억원의 규모는 키움이 체결한 연장계약(비FA 다년계약) 중 최대 규모에 해당된다. 지난해 송성문(샌디에이고 파드리스)이 포스팅 조항이 포함된 6년 총액 120억원의 계약을 체결한 바 있지만, 2025시즌이 끝난 뒤 송성문이 포스팅을 통해 샌디에이고와 손을 잡게 되면서, 이 계약이 실행되진 못했다. 그리고 하영민은 이 계약으로 류현진(8년 170억원), 김광현(4년 151억원), 구창모(7년 132억원), 고영표(5년 107억원), 박세웅(5년 90억원)에 이어 연장계약을 맺은 선수 중 역대 6순위에 이름을 올리게 됐다. 그렇다면 키움은 이번 연장계약을 언제부터 추진했을까. 허승필 단장은 하영민과 연장계약이 발표된 직후 '스포티비뉴스'와 통화에서 ""내부적으로는 올 시즌 초부터 검토를 하고 있었다. 그리고 (하)영민이에게 이야기를 했던 것은 7월 3일 홈 두산 베어스전 때였다. 그리고 그 주 일요일에 합의가 됐다""고 설명했다. 이어 허승필 단장은 ""금액적인 부분 등에서 영민이와 크게 이견이 있거나 하진 않았기 때문에 순조롭게 빠르게 진행이 됐다. 그리고 팀에 대한 로열티가 있는 선수이기 때문에 서로 잘 맞았다""며 ""선발 투수로서 이닝 소화 능력 등을 가치 있게 봤다""고 덧붙였다. 키움의 마운드에는 라울 알칸타라와 안우진으로 이어지는 원·투 펀치에 '특급유망주' 박준현, 배동현, 정현우, 김윤하 등 로테이션을 소화할 수 있는 선수들이 꽤 많이 포진돼 있다. 때문에 하영민은 2027시즌이 끝난 뒤 FA(자유계약선수) 자격을 얻게 되는 만큼 키움이 공격력을 보강하기 위해 트레이드 카드로 활용할 수도 있다는 시선의 중심에 서 있었다. 그러나 이번 계약으로 하영민은 2034년까지 히어로즈 유니폼을 입게 됐다. 사실상 종신 히어로즈맨인 셈이다. 하영민은 계약 후 ""구단에서 좋은 조건을 제시해주셔서 정말 감사드린다. 이번 계약을 통해 영원한 히어로즈 선수로 남을 수 있는 기회를 얻게 돼 더욱 뜻깊게 생각한다. 나를 믿고 큰 결정을 내려주신 만큼 감사함과 동시에 큰 책임감을 느끼고 있다""고 말했다. 이어 ""앞으로도 선배들에게 많이 배우고, 후배들에게는 좋은 본보기가 될 수 있도록 노력하겠다. 그리고 팀이 더 높은 곳으로 올라갈 수 있도록 맡은 역할에 최선을 다하겠다. 끝으로 항상 응원해 주시는 팬 여러분께도 좋은 모습으로 보답드릴 수 있는 선수가 되겠다""고 강조했다. <저작권자 ⓒ SPOTV NEWS. 무단전재 및 재배포 금지>",https://v.daum.net/v/0Iozt42uW6
2026.07.13 11:36,"""하영민과 7월초 합의 완료→팀에 꼭 필요했다"" 트레이드설 선 그은 키움",스타뉴스,"[스타뉴스 | 박수진 기자] 키움 히어로즈가 팀의 프랜차이즈 투수 하영민(31)을 8년 총액 80억 원이라는 대형 계약으로 묶어두는 데 성공한 가운데, 구단 관계자가 이번 비FA 다년계약의 협상 과정과 구체적인 배경에 대한 입장을 밝혔다. 키움 구단 관계자는 13일 오전 스타뉴스와 통화를 통해 ""하영민과의 계약은 사실 지난주(이달 초)에 이미 합의를 마친 상태였다""라며 ""13일 오전 공식 계약식을 진행하면서 대외적으로 발표하게 된 것""이라고 협상 진행 과정을 설명했다. 이어 최근 야구계 안팎에서 흘러나온 타 구단과의 트레이드설 등 외부 소문에 대해서는 ""구단 내부적으로는 이미 전반기 동안, 시즌 초부터 하영민과의 다년계약 및 미래 구상에 대한 논의를 계속 이어왔다""고 선을 그었다. 관계자는 ""지난 7월초 들어와 주말 두산 베어스와 홈경기 즈음에 구단의 최종 조건을 선수 측에 전달했다""며 ""선수와 원만하게 의견을 조율해 빠르게 합의에 이르렀다. 최근 다시 불거진 트레이드 루머들과는 전혀 상관이 없다""고 명확히 밝혔다. 하영민과 키움의 이번 비FA 다년계약은 계약기간 8년(2027~2034년), 연봉과 옵션을 포함해 총액 80억 원 규모로, 키움 구단 역사상 실제로 실행된 비FA 다년계약 중 최대 규모이자 KBO리그 역대 투수 비FA 다년계약 기준으로도 류현진, 김광현, 구창모, 고영표, 박세웅에 이어 6번째로 큰 대형 계약이다. 이번 시즌 하영민의 연봉은 2억 1천만원으로 다음 시즌부터 다년계약이 적용될 예정이다. 이처럼 파격적인 장기 계약을 제시한 배경에 대해 관계자는 ""중장기적인 관점에서 하영민은 우리 팀 마운드 안정화에 꼭 필요한 선수""라며 구단이 바라본 선수의 가치를 강조했다. 마지막으로 ""그동안 하영민이 키움 소속으로 프랜차이즈 선수로서 팀을 위해 묵묵히 보여준 노력과 헌신, 그리고 최근 2년 연속 150이닝 이상을 소화하며 핵심 전력으로 활약해 준 점을 높게 평가했다""라며 ""앞으로도 팀의 중심으로서 마운드를 든든히 지켜줄 것이라는 믿음이 있었기에 선수가 가진 종합적인 가치들을 고려해 이번 결정을 내렸다""고 덧붙였다. 한편, 하영민은 13일 오전 체결된 계약식 행사에서 그의 가족들과 함께 참석해 기쁨을 나눴다. 특히 최근 개인 사회관계망서비스(SNS)를 통해 예정보다 조금 일찍 세상에 나온 이른둥이 아들 '하이'의 득남 소식을 전했던 터라, 이번 대형 계약은 그와 그의 가족에게 더욱 뜻깊은 경사로 다가왔다. 하영민은 아들이 병원에 있는 동안 마음에 무거운 짐을 안고 경기를 준비해야 했고, 홀로 면회를 다니며 고생한 아내에게 늘 미안한 마음을 가지고 있었다. 아들의 건강한 퇴원 날에도 팀의 선발 투수라는 책임감과 경기 일정 때문에 퇴원 길을 함께하지 못해 고개를 숙이기도 했다. 가장으로서 남모를 마음고생을 이겨내고 든든한 대형 계약을 맺은 하영민은 지난 6월 27일 창원 NC 다이노스전서 승리 투수가 된 뒤 스타뉴스와 만난 자리에서 ""나보다 아내가 훨씬 더 마음고생이 심했고 고생도 많았을 텐데, 끝까지 버텨준 아내와 하이에게 부끄럽지 않은 아빠가 되겠다""며 남다른 감회를 밝혔다. 구단 역시 끊임없는 노력으로 팀의 중심 투수로 성장한 하영민의 여정을 예우하며, 그가 영원한 히어로즈의 대표 선수이자 든든한 가장으로서 오랫동안 활약해 주기를 기대했다. 박수진 기자 bestsujin@mtstarnews.com",https://v.daum.net/v/QuTlwXYCvv
2026.07.13 11:32,"감독도 ""상상 못했다""는 철벽 뒷문 → 그 중심에 선 남자, 오승환 이후...",스포츠조선,"[스포츠조선 김영록 기자] ""좋아질 거란 생각은 했지만…불펜 평균자책점 1위를 할 거란 상상은 못했다."" 전반기 1위를 차지한 삼성 라이온즈. 사령탑이 꼽은 MVP는 필승조 이승민, 그리고 마무리 김재윤이었다. 그 중심에 철벽 불펜이 있었다. 전반기 삼성의 불펜 평균자책점은 3.76으로, 2위 두산 베어스(4.35)와도 큰 격차를 보인 압도적 1위였다. 박진만 감독은 ""150㎞ 이상 던지는 강속구 투수들이 올해 여러명 돌아오니까, 작년보다 강해질 거란 생각은 했다. 하지만 이렇게까지 잘해줄 지는 몰랐다""고 돌아봤다. 올해 삼성의 마운드 운영은 선발을 최대한 길게 끌고 가면서 불펜을 최대한 보호하는 방향이다. 선발 평균자책점은 10개 구단 중 5위(4.33), 규정이닝을 채운 투수는 아리엘 후라도 한명 뿐이었다. 그럼에도 원태인과 양창섭, 최원태가 모두 경기당 평균 5이닝 이상을 소화했다. 퀵후크(5회 이전 선발 교체) 횟수가 단 21번으로, 10개 구단 중 KT 위즈와 함께 가장 적었다. 그 결과 이닝 1위(107이닝) 퀄리티스타트 1위(선발 6이닝 이상 3자책 이하, 13번)를 책임진 후라도를 앞세워 선발 투구이닝 수 3위(455이닝)에 이름을 올렸다. 불펜 운영 역시 최대한 선수들을 배려했다. 3연투는 한번도 없었고, 2연투도 56번으로 리그에서 2번째로 적은 횟수(1위 키움 54번)였다. 부상에서 복귀한 최지광이나 이재희에겐 단 한번도 연투를 시키지 않았다. 불펜투수가 멀티이닝을 소화한 경기도 51번으로, NC 다이노스(43번)와 KT(49번)에 이어 3번째로 적다. 박진만 감독이 전반기 MVP로 팀내 연투 1위(김재윤, 12회) 멀티이닝 1위(이승민, 10경기)를 언급하며 ""고맙다""고 거듭 강조한 이유가 있다. 두 선수를 제외하면 멀티이닝을 책임지는 임기영, 연투를 책임지는 이승현과 배찬승 등으로 역할까지 철저하게 구분한 활용도 인상적이다. 삼성의 철벽 불펜은 이렇듯 철저하게 보호받은 투수들이 자신에게 주어진 시간만큼은 그 위력을 마음껏 펼쳐보인 결과물이었다. 그리고 결국 그 중심은 마무리투수일 수밖에 없다. 4년 58억원의 FA 이적 후 2년간 4점대 평균자책점에 그쳤던 김재윤이 지난 와신상담의 결과물을 보여주고 있다. 22세이브로 전반기 세이브 1위를 차지했고, 평균자책점 2.87의 안정감도 더했다. 김재윤은 지난 전반기에 대해 ""시즌초에는 운도 좀 따랐고, 덕분에 자신감이 붙었다/ 나 뿐만 아니라 우리 불펜투수들이 다들 잘해줬다. 내가 마무리를 했을 뿐""이라며 웃었다. 불펜 평균자책점 1위에 대해서는 ""삼성을 상위팀으로 분류하면서도, 약점을 불펜으로 꼽는 사람이 많았다. 솔직히 나만 해도 작년까진 잘 못했던 게 사실이다. 결과적으로 올해 그 평가를 뒤집는 성적을 내서 더 기분이 좋다""고 했다. 좌중간, 우중간 펜스가 직선으로 지어져 유독 짧은 대구 라이온즈파크의 특성은 마무리투수에겐 엄청난 부담이다. 김재윤은 올해도 홈경기에서 다소 약한 면모(평균자책점 4.70)를 보였다. 대신 원정 16경기 14⅔이닝을 소화하는 동안 평균자책점 0을 질주하며 이를 만회했다. 원정 WHIP(이닝당 출루 허용률)는 0.68에 불과하다. 김재윤은 ""잠실 한번 갔다오면 대구는 더 작게 느껴지기도 한다""며 웃은 뒤 ""의식하면 더 안되기 마련이다. 타자와의 승부에 집중하려고 노력중""이라고 강조했다. 김재윤은 마무리투수로 활약하던 KT 시절 2년 연속(2022~2023) 세이브 2위를 기록한 바 있다. 올해는 생애 첫 세이브왕 도전인데다 레전드 오승환 이후 삼성의 첫 세이브왕 도전이다. 역대 삼성의 세이브왕은 단 4명 뿐이다. 황규봉(1982) 권영호(1985) 임창용(1999, 2004) 그리고 오승환(2006~2008, 2011~2012, 2021)이다. 김재윤이 삼성 역사상 5번째 세이브왕에 이름을 올릴 수 있을까. 그는 ""욕심은 당연히 있지만, 의식하진 않으려고 한다. 일단 예전처럼 세이브를 최소 30개 이상 올리는게 목표다. 삼성에서 날 데려온 건 그런 모습을 기대했던 건데, 아직 보여드리지 못했으니까""라며 ""내가 세이브를 올린다는 건 팀이 승리했다는 거니까, 매경기 최선을 다하겠다. 가득 찬 관중석을 보면서 정말 많은 힘을 받고 있다. 후반기에도 잘 부탁드린다""고 거듭 강조했다. 김영록 기자 lunarfly@sportschosun.com",https://v.daum.net/v/uXJe7RQ9FI
2026.07.13 11:25,[IS 피플] 데뷔전만 반짝했던 하영민...인고의 시간 지나 저평가 이겨...,일간스포츠,"키움 히어로즈가 2년 연속 프랜차이즈 선수에 빅딜을 안기는 여름 이벤트를 선보였다. 올해 주인공은 선발 투수 하영민(31)이었다. 키움은 13일 오전 ""하영민과 계약 기간 8년(2027~2034) 옵션 포함 총액 80억원에 비FA 다년계약을 했다""라고 알렸다. 13일 오전 영등포구 모처에서 계약식을 치른 뒤 보도자료를 발표했다. 행사 타이틀(The Unbreakable Hero)을 통해 하영민이 그동안 쌓은 프로 선수로서의 여정과 정체성을 치켜세웠다. 구단은 ""하영민의 계약은 비FA 다년계약 기준으로 류현진(8년 170억원) 김광현(4년 151억원) 구창모(7년 132억원) 고영표(5년 107억원) 박세웅(5년 90억원)에 이어 여섯 번째로 큰 규모""라고 전하기도 했다. 키움은 지난해 8월, 주전 3루수였던 송성문과 6년 총액 120억원 초대형 비FA 다년계약을 발표했다. 2025년 기준으로 송성문이 팀 간판타자이긴 했지만, 그가 막 전성기에 돌입한 점을 고려했을 때 모험으로 보는 시선도 있었다. 키움은 미래에 투자했다. 결과적으로 이 계약은 송성문이 메이저리그(MLB) 샌디에이고 파드리스와 계약하며 실행되지 않았다. 하지만 키움이 내부 프랜차이즈 선수에 후한 대우를 선사할 수 있다는 걸 시사한 사례였다. 키움은 김하성(애틀랜타 브레이브스) 이정후(샌프란시스코 자이언츠) 김혜성(LA 다저스) 등 그동안 팀을 이끈 선수들에게도 리그 최고 수준의 연봉을 준 바 있다. 그렇게 내부 관리 기조가 하영민에게 이어졌다. 키움은 하영민과 다년계약을 발표하며 ""오랜 시간 팀과 함께 성장하며 자신의 가치를 증명한 프랜차이즈 선수""라는 의미를 부여했다. 실제로 하영민의 프로 생활은 인고의 시간이 더 길었다. 1라운더(2014 2차 신인 드래프트) 출신 기대주였고, 데뷔전(2014년 4월 13일 대전 한화 이글스전)부터 승리 투수(5이닝 1실점)가 되며 화려하게 출발했지만, 이후 상승세를 이어가지 못하고 평범한 투수가 됐다. 입단 2년 차 시즌(2015)부터는 불펜 투수 임무를 수행했다. 그렇다고 필승조 임무를 맡은 것도 아니다. 어느덧 고참 반열에 올라선 시점에서도 하영민은 평범한 투수였다. 공백기가 전화위복이 됐다. 2018시즌 이후 사회복무요원으로 병역을 소화하며 체질적으로 말랐던 몸에 살이 붙었다. 체력도 좋아졌다. 1군 복귀 시즌이었던 2022년, 그는 등판한 41경기(39와 3분의 1이닝)에서 3점 대 평균자책점(3.43)을 기록했고, 2023시즌에는 프로 데뷔 뒤 가장 많은 경기(57)에 등판했다. 2024시즌부터 하영민은 다시 선발 투수 임무를 맡았다. 안우진이 병역으로 이탈한 상황에서 '3선발'로 나섰고, 28경기에 등판한 9승을 거두며 신인 시절 기대받았던 모습을 보여줬다. 2025시즌은 153과 3분의 1이닝을 소화하며 이닝 커리어 하이를 찍었다. 올 시즌은 팀 상황 탓에 잠시 불펜 투수 임무를 수행했지만, 이내 제자리를 찾았다. 다른 선수보다 일찍 주목받았지만, 이후 오랜 시간 생존을 위해 버텨야 했던 하영민이다. 평소 후배들에게 직설적으로 조언하는 'T(이성적)' 성향을 보여주는 선수지만, 분명 감정적으로 힘든 시간을 보냈을 게 분명하다. 구단이 하영민에게 '성장'이라는 단어를 거듭 부여하는 이유다. 하영민은 마흔 살까지 선수 생활을 보장받는다. 연평균 보수는 10억원 수준이지만, 그가 30대에 진입한 '투수'라는 걸 고려하면 자존심을 지켜준 대우로 볼 수 있다. 하영민이 150이닝 소화한 최근 2시즌(2024~2025) 퍼포먼스를 계속 유지하고 FA 시장에 나오면, 연평균 기준으로 더 많은 보수를 받을 수도 있었을 것 같다. 2024년부터 하영민에게 눈독을 들인 팀이 있었다. 하영민은 저평가된 투수다. 최근 3시즌 평균자책점(4.59)이나 이닝당 출루허용률(1.42) 등 세부 기록이 매력적인 건 아니다. 하지만 선발 투수에게 가장 중요한 이닝 소화 능력은 뛰어났다. 올 시즌 전반기 포함 최근 3시즌 퀄리티스타트(6이닝 이상 3자책점 이하)는 총 26번. 국내 투수 기준으로는 원태인·류현진·고영표·곽빈·박세웅·임찬규·양현종에 이어 8위다. 앞서 언급한 투수들의 이름값과 몸값, 이력은 리그 최정상급이다. 키움은 그런 하영민에게 상징적인 몸값을 안겼다. 안희수 기자 anheesoo@edaily.co.kr",https://v.daum.net/v/2XHoX9B3rB
2026.07.13 11:25,"키움, '프랜차이즈 투수' 하영민과 8년 총액 80억원 비FA 다년계약",뉴스1,"(서울=뉴스1) 서장원 기자 = 프로야구 키움 히어로즈가 베테랑 투수 하영민(31)과 비FA 다년 계약을 맺었다. 키움은 13일 ""하영민과 계약기간 8년, 연봉과 옵션 포함 총액 80억 원에 비FA 다년계약을 체결했다""고 발표했다. 키움은 이날 오전 서울 신도림 더링크서울 트리뷰트 포트폴리오 호텔에서 하영민과 그의 가족들, 위재민 대표이사, 허승필 단장이 참석한 가운데 계약식이 열었다. 이번 계약은 키움 구단이 맺은 역대 비FA 다년계약 최대 규모다. 지난해 송성문(샌디에이고 파드리스)이 키움과 6년 총액 120억 원 규모의 비FA 다년계약을 체결했으나, 미국 진출에 성공하면서 해당 계약은 무효가 됐다. 또한 하영민의 계약은 역대 KBO리그 투수 비FA 다년계약 기준으로 한화 이글스 류현진(8년 170억 원), SSG 랜더스 김광현(4년 151억 원), NC 다이노스 구창모(7년 132억 원), KT 위즈 고영표(5년 107억 원), 롯데 자이언츠 박세웅(5년 90억 원)에 이어 6번째로 큰 규모다. 2014년 신인 드래프트에서 2차 1라운드 전체 4순위로 넥센 히어로즈(현 키움) 유니폼을 입은 하영민은 올해까지 통산 249경기에 등판해 649⅔이닝을 소화하며 34승40패, 9홀드 평균자책점 4.96의 성적을 냈다. 올 시즌에는 선발과 불펜을 오가며 15경기에서 67이닝 동안 3승5패, 평균자책점 4.16을 기록했다. 키움은 ""안정적인 투수진을 구축하기 위해 프랜차이즈 선수인 하영민을 반드시 지켜야 할 핵심 전력으로 판단해 이번 계약을 추진했다""며 ""하영민은 오랜 시간 팀과 함께 성장하며 자신의 가치를 증명했다. 앞으로도 지금처럼 책임감을 갖고 팀의 중심 선수로서 후배들에게 좋은 본보기가 되어주길 바란다""고 전했다. 하영민은 ""구단에서 좋은 조건을 제시해 주셔서 정말 감사드린다. 이번 계약을 통해 영원한 히어로즈 선수로 남을 수 있는 기회를 얻게 돼 더욱 뜻깊다""며 ""저를 믿고 큰 결정을 내려주신 만큼 감사함과 동시에 큰 책임감을 느낀다. 앞으로도 선배들에게 많이 배우고, 후배들에게 좋은 본보기가 될 수 있도록 노력하겠다""고 밝혔다. 이어 ""팀이 더 높은 곳으로 올라갈 수 있도록 맡은 역할에 최선을 다하겠다""며 ""항상 응원해 주시는 팬 여러분께도 좋은 모습으로 보답하겠다""고 덧붙였다. superpower@news1.kr",https://v.daum.net/v/3Jy8OtZvZU
2026.07.13 11:23,"'하영민 8년 80억' 키움, 구단 역사상 최고 금액 계약 체결…""반드시...",엑스포츠뉴스,"(엑스포츠뉴스 김지수 기자) 키움 히어로즈가 투수 하영민과 구단 역사상 최장 기간, 최대 규모 계약을 체결했다. 키움은 13일 ""금일 오전 서울 신도림에 위치한 더링크서울 트리뷰트 포트폴리오 호텔에서 하영민과 계약기간 8년(2027-2034년), 연봉과 옵션 포함 총액 80억원(세부 내용 비공개) 규모의 비(非) FA 다년계약을 체결했다""고 발표했다. 키움은 이날 위재민 구단 대표이사와 허승필 단장을 비롯해 하영민과 그의 가족들이 참석한 가운데 계약식을 진행했다. 행사 타이틀을 'The Unbreakable Hero'로 정하고, 프로 데뷔 후 끊임없는 노력과 도전을 이어오며 팀의 중심 투수로 성장한 하영민의 여정을 상징적으로 담았다. 이번 계약은 구단이 체결한 비FA 다년계약 가운데 최대 규모다. 키움은 지난해 송성문과 포스팅 도전 조항이 포함된 6년 총액 120억원 규모의 비FA 다년계약을 체결한 바 있으나, 송성문이 포스팅 시스템을 통해 해외 진출을 선택하면서 해당 계약은 실행되지 않았다. 하영민은 이번 비 FA 다년 계약으로 키움이 2011시즌 종료 후 외부 FA로 이택근을 4년 총액 50억원에 영입한 계약을 뛰어 넘었다. 이와 함께 KBO리그 역대 투수 비FA 다년계약 기준 한화 이글스 류현진(8년 170억원), SSG 랜더스 김광현(4년 151억원), NC 다이노스 구창모(7년 132억원), KT 위즈 고영표(5년 107억원), 롯데 자이언츠 박세웅(5년 90억원)에 이어 역대 5번째로 높은 금액을 거머쥐게 됐다. 키움은 ""중장기 전력 구상을 바탕으로 안정적인 투수진을 구축하기 위해 프랜차이즈 선수인 하영민을 반드시 지켜야 할 핵심 전력으로 판단해 이번 계약을 추진했다""며 ""하영민은 오랜 시간 팀과 함께 성장하며 자신의 가치를 증명한 프랜차이즈 선수다. 앞으로도 지금처럼 책임감을 갖고 팀의 중심 선수로서 후배들에게 좋은 본보기가 되어주길 바란다. 히어로즈를 대표하는 선수로 오랫동안 활약해주길 기대한다""고 말했다. 또 ""2024년과 2025년 2년 연속 150이닝 이상을 소화하며 팀 선발진을 든든하게 지탱했고, 올 시즌에도 선발과 불펜을 가리지 않고 투수진의 핵심 전력으로 활약하고 있다. 그라운드 밖에서도 철저한 자기관리와 솔선수범하는 자세로 후배들의 귀감이 되는 등 투수진의 중심축으로 자리매김했다""고 강조했다. 1995년생인 하영민은 2014년 광주 진흥고를 졸업하고 신인드래프트에서 2차 1라운드, 전체 4순위로 히어로즈에 입단했다. 첫 풀타임 선발을 소화한 2024시즌 28경기 150⅓이닝 9승8패 평균자책점 4.37을 기록하면서 히어로즈 마운드의 기둥으로 자리잡았다. 2025시즌에도 팀 전력이 약한 탓에 28경기 153⅓이닝 7승14패 평균자책점 4.99로 표면적인 성적은 뛰어나지 않았지만, 2년 연속 규정이닝을 채우면서 꾸준함을 보여줬다. 하영민은 ""구단에서 좋은 조건을 제시해주셔서 정말 감사드린다. 이번 계약을 통해 영원한 히어로즈 선수로 남을 수 있는 기회를 얻게 돼 더욱 뜻깊게 생각한다. 저를 믿고 큰 결정을 내려주신 만큼 감사함과 동시에 큰 책임감을 느끼고 있다""고 소감을 전했다. 이어 ""앞으로도 선배들에게 많이 배우고, 후배들에게는 좋은 본보기가 될 수 있도록 노력하겠다. 그리고 팀이 더 높은 곳으로 올라갈 수 있도록 맡은 역할에 최선을 다하겠다. 끝으로 항상 응원해 주시는 팬 여러분께도 좋은 모습으로 보답드릴 수 있는 선수가 되겠다""고 각오를 밝혔다. 사진=엑스포츠뉴스 DB / 키움 히어로즈 김지수 기자 jisoo@xportsnews.com",https://v.daum.net/v/1dypohOcG8
2026.07.13 11:21,"샐러리캡 하한액 맞추기인가… 키움, 하영민과 8년 80억 장기계약",스포츠한국,"[스포츠한국 이정철 기자] 키움 히어로즈가 우완 선발투수 하영민과 동행을 이어간다. 키움은 13일 ""투수 하영민과 계약기간 8년, 연봉과 옵션 포함 총액 80억원 규모의 비FA 다년계약을 체결했다""고 밝혔다. 계약 체결식은 13일 오전 서울 신도림에 위치한 더링크서울 트리뷰트 포트폴리오 호텔에서 키움 위재민 대표이사와 허승필 단장을 비롯해 하영민과 그의 가족들이 참석한 가운데 진행됐다. 구단은 이날 행사 타이틀을 'The Unbreakable Hero'로 정하고, 프로 데뷔 후 끊임없는 노력과 도전을 이어오며 팀의 중심 투수로 성장한 하영민의 여정을 담았다. 이번 계약은 키움 구단이 체결한 비FA 다년계약 가운데 최대 규모다. 지난해 송성문과 포스팅 도전 조항이 포함된 6년 총액 120억원 규모의 비FA 다년계약을 맺은 바 있으나, 송성문이 포스팅 시스템을 통해 해외 진출을 선택하면서 해당 계약은 실행되지 않았다. 더불어 이번 계약은 KBO리그 역대 투수 비FA 다년계약 기준으로 류현진(8년 170억원), 김광현(4년 151억원), 구창모(7년 132억원), 고영표(5년 107억원), 박세웅(5년 90억원)에 이어 여섯 번째로 큰 규모다. 이로써 키움은 2027시즌 샐러리캡 하한액을 채울 수 있는 교두보를 마련했다. KBO 이사회는 지난해 샐러리캡 하한액 제도를 도입했다. 최근 2년간(2023~2024)의 구단별 보수 총액 상위 40명의 최하위 구단 평균 금액인 60억6538만원이 하한액으로 확정됐다. 2027년부터 적용되고 매년 5%씩 상향 조정된다. 경쟁균형세 하한액 미달 제재로는 1회 미달 시 구단은 미달분의 30%, 2회 연속 미달 시는 미달분의 50%, 3회 연속 미달 시는 미달분의 100%를 유소년 발전기금 납부하는 것이다. 그런데 2025년 키움의 샐러리캡은 43억9765만원이었다. 2027년 하한액 기준 약 연평균 17억이 모자랐다. 이런 상황에서 2027시즌을 앞두고 하영민을 연평균 10억에 계약하면서 샐러리캡 하한액에 다가섰다. 하영민은 2014년 신인드래프트에서 2차 1라운드 전체 4순위로 키움에 입단했다. 2024년과 2025년 2년 연속 150이닝 이상을 소화하며 팀 선발진을 든든하게 지탱했고, 올 시즌에도 선발과 불펜을 가리지 않고 투수진의 핵심 전력으로 활약 중이다. 구단은 ""하영민은 오랜 시간 팀과 함께 성장하며 자신의 가치를 증명한 프랜차이즈 선수""라며 ""앞으로도 지금처럼 책임감을 갖고 팀의 중심 선수로서 후배들에게 좋은 본보기가 되어주길 바란다. 히어로즈를 대표하는 선수로 오랫동안 활약해주길 기대한다""고 말했다. 스포츠한국 이정철 기자 2jch422@sportshankook.co.kr",https://v.daum.net/v/WLoRerEolG
2026.07.13 11:20,"K리그2 3위 대구FC, '자동승격권'까지 가려면",매일신문,"조금만 더 가면 자동승격이 가능한 순위다. 프로축구 K리그2 대구FC가 지난 11일 성남FC와의 대결에서 3대2로 승리하면서 13일 현재 리그 3위까지 올랐다. 올해 K리그2는 1, 2위가 K리그1으로 자동승격하기 때문에 남은 시즌동안 성적을 잘 쌓으면 리그 1, 2위도 가능할 전망이다. 대구FC는 16경기를 치르는 동안 9승 4무 3패에 승점 31점을 기록했다. 1위인 부산 아이콘스가 승점 36점(11승 3무 2패)로 대구와 5점 차이나지만 2위인 수원 삼성블루윙즈가 지난 11일 안산 그리너스FC에 2대1로 패하면서 승점 32점(10승 2무 4패)에 머무르고 있다. 수원 삼성도 최근 패하는 경기가 보이는 등 기세가 주춤하기에 상승세를 탄 대구가 충분히 수원 삼성도 따라잡을 수 있다는 희망적인 분석도 가능하다. 대구의 강점은 공격력. 현재까지 만든 득점이 35점으로 부산과 함께 득점 1위다. 한 경기당 평균 2골은 넣은 셈이다. 대구의 필승 공격 조합인 세드가(세징야+에드가) 조합이 현재 부상으로 가동하기 어려운 상태임에도 내세울 수 있는 공격수는 너무나도 많다. 지난 11일 성남전만 하더라도 세징야와 에드가 없이 후반전에 공격을 몰아붙이며 끝내 역전을 만들어낸 건 대구의 또 다른 저력이라 할 만 하다. 공만 잡으면 무섭게 상대 골문으로 돌진하는 세라핌은 이미 다른 팀에게는 대구의 무서운 무기로 인식되고 있다. 이번달 경남FC에서 대구로 팀을 옮긴 단레이도 성남전에서 골을 기록하며 대구의 팀 컬러에 제대로 적응한 모습이다. 세징야와 합을 맞춰왔던 김주공도 제 몫을 톡톡히 해 주고 있으며 박기현 또한 '슈퍼 조커'로서 등장할 때마다 기대를 하게 한다. 박인혁도 몸 상태가 많이 올라오며 공격에 활기를 불어넣고 있다. 데커스는 영입 초반 헤메는 듯했으나 월드컵 휴식기 이후 측면 배치 등 포지션 변화를 통해 자신의 역할을 찾는 중이다. 다만, 아직 수비의 집중력은 좀 더 보완해야 한다. 성남전과 충북청주전에서 실점한 상황이 수비가 잠시 공의 흐름을 놓친 빈틈을 노리고 들어왔기 때문. 선방이나 공격 차단 후 흘러나오는 공에 대한 집중력이 필요하다. 그래도 시즌 초반 갑자기 무너지며 문이 열리는 모습은 많이 극복했다. 대구는 오는 15일 대구 아이엠뱅크파크에서 시흥시민축구단과 코리아컵 경기를 치른 후 18일 김포FC 원정경기가 있다. 앞으로 만날 수원FC, 화성FC, 경남FC 모두 쉬운 팀이 아니다. 힘든 여정이지만 좀 더 집중력있는 경기를 펼친다면 자동승격은 꿈이 아닌 상황이다.",https://v.daum.net/v/tC1xMDcnzI
2026.07.13 11:16,"‘8년 80억 비FA 다년계약’ 키움 하영민, 마운드 이끌어갈 기둥으로 ...",스포츠동아,"[스포츠동아 강산 기자] 우투수 하영민(31)이 키움 히어로즈의 마운드를 이끌어갈 기둥으로 인정받았다. 키움은 13일 “하영민과 계약기간 8년(2027~2034년), 연봉과 인센티브를 포함한 총액 80억 원 규모의 비(非)프리에이전트(FA) 다년계약을 맺었다”며 “안정적인 투수진을 구축하기 위해 하영민을 반드시 지켜야 할 핵심 전력으로 판단했고, 이번 계약을 추진했다”고 밝혔다. 키움은 이날 오전 서울의 한 호텔에서 하영민과 그의 가족들이 참석한 가운데 계약 체결식을 진행했다. 이번 계약은 키움이 체결한 비FA 다년계약 중 최대 규모다. 지난해 8월 송성문(현 샌디에이고 파드리스)과 메이저리그(MLB) 도전 조항이 포함된 6년 총액 120억 원 규모의 계약을 체결했으나, 그가 송성문이 포스팅시스템(비공개 경쟁입찰)을 통해 해외 진출을 택해 계약이 실행되지 않았다. 또한 이번 계약은 KBO리그 역대 투수의 비FA 다년계약 기준으로 류현진(한화 이글스·8년 170억 원), 김광현(SSG 랜더스·4년 151억 원), 구창모(NC 다이노스·7년 132억 원), 고영표(KT 위즈·5년 107억 원), 박세웅(롯데 자이언츠·5년 90억 원)에 이어 6번째로 큰 규모다. 하영민은 2014시즌 KBO 신인드래프트 2차 1라운드(전체 4순위)에 히어로즈의 지명을 받았다. 입단 후 다양한 보직을 맡으며 꾸준히 경험을 쌓은 그는 2년 전인 2024년부터 풀타임 선발투수로 자리매김했다. 2024시즌 28경기서 9승8패, 평균자책점(ERA) 4.37을 기록하며 선발 한자리를 굳혔고, 지난 시즌도 28경기에 선발등판해 7승14패, ERA 4.99를 기록했다. 이 기간 2년 연속 150이닝 이상을 소화하며 선발진을 지탱했다. 올 시즌에도 15경기(12선발)에 등판해 3승5패, ERA 4.16의 성적을 거뒀다. 하영민은 2027시즌이 끝난 뒤 FA 자격을 얻을 것이 유력했다. 키움 구단관계자는 “하영민이 그라운드 밖에서도 솔선수범하는 자세로 후배들의 귀감이 됐다. 팀과 함께 성장하며 자신의 가치를 증명한 프랜차이즈 선수”라며 “앞으로도 지금처럼 책임감을 갖고 팀의 중심 선수로서 후배들에게 좋은 본보기가 되길 바란다”고 말했다. 하영민은 “구단에서 좋은 조건을 제시해주셔서 정말 감사드린다. 이번 계약을 통해 영원한 히어로즈 선수로 남을 수 있는 기회를 얻어 더욱 뜻깊다”며 “나를 믿고 큰 결정을 내려주신 만큼 감사함과 책임감을 동시에 느낀다”고 밝혔다. 이어 “앞으로도 선배들에게 많이 배우고, 후배들에게는 좋은 본보기가 되도록 노력하겠다. 무엇보다 팀이 더 높은 곳으로 올라갈 수 있도록 내가 맡은 역할에 최선을 다하겠다”고 소감을 밝혔다. 강산 기자 posterboy@donga.com",https://v.daum.net/v/Po9Bzex2pz
2026.07.13 11:14,전반기 2위? ‘디펜딩 챔프’ LG는 걱정 없다…2025시즌 ‘대역전’ ...,스포츠서울,"[스포츠서울 | 강윤식 기자] 전반기 오랫동안 1위를 지킨 LG. 결국 마지막에 선두 자리를 내줬다. 다소 아쉬울 수도 있는 상황. 선수들은 전혀 걱정하지 않는다. 후반기 ‘선두 탈환’을 굳게 믿는다. 이미 지난해 이런 경험을 해본 적 있는 덕분이다. KBO리그 전반기 순위표를 보면 삼성이 1위다. 창단 첫 한국시리즈 2연패를 노리는 LG는 2위로 마무리했다. LG 입장에선 아쉬움이 있을 수밖에 없다. 순위표 가장 높은 자리를 지키다가 전반기 마지막 시리즈에서 내줬기 때문이다. 그런데 상황이 뭔가 묘하다. LG는 통합챔피언에 올랐던 지난시즌 역시 전반기를 1위로 마치지 못했다. 당시 LG는 시즌 개막 후 쭉 1위를 달리다가 페이스를 ‘확’ 끌어올린 한화에 선두를 내줬다. 전반기 안에 이 순위를 뒤집지 못했다. 오히려 차이가 벌어졌다. 4.5경기 뒤진 2위로 전반기를 마쳤다. 당시 한화의 기세가 워낙 뜨거웠다. 그렇기에 4.5경기 차이는 다소 커 보였던 것도 사실이다. 그러나 LG는 후반기 들어 ‘대역전’에 성공했다. 8월5일 순위표 가장 높은 곳에 올라섰다. 후반기 시작 후 약 3주 만에 벌어진 일이다. 이때의 기억이 생생한 LG다. 그렇기에 이번에도 자신감이 넘친다. 오스틴 딘은 전반기 LG 공격을 이끌었다. 타율 0.339, 27홈런 83타점, OPS(출루율+장타율) 1.082를 기록했다. 다만 본인의 기록보다는 팀이 거둔 전반기 성적에 가장 만족한다. 하나의 팀으로 뭉치는 걸 LG 가장 큰 장점으로 여긴다. 그렇기에 후반기 좋은 성적을 믿어 의심치 않는다. 오스틴은 “성공적인 전반기를 보낼 수 있어서 정말 자랑스럽다. 마무리가 아쉽다고 할 순 있다. 그런데 기본적으로 삼성은 강팀이다. 또 그들 홈구장에서 경기했기 때문에 그 정도 결과도 만족스럽게 생각한다”며 “팀으로 잘 뭉치고 있다. 휴식 잘 취하고 회복하면 지난해처럼 후반기 좋은 결과 낼 수 있다고 믿는다”고 힘줘 말했다. ‘캡틴’ 박해민도 비슷한 생각이다. 그는 “전반기 정말 잘했다. 부상으로 빠진 선수 많고, 부진한 선수도 있다. 2등이지만, 승차가 없다. 지난해에는 이때 4.5경기 차이로 뒤지고 있었다”며 “부진했던 선수들이 조금씩 좋아지고 있다. 그들이 후반기에 팀을 이끌 거로 생각한다”고 강조했다. 시즌 초 염경엽 감독은 “8~9월이 승부처가 될 거로 본다”고 내다봤다. 사령탑이 ‘콕’ 집은 그 시기가 다가온다. 긍정적인 건 선수들이 이에 앞서 자신감을 가지고 있다는 점이다. 이유가 없지 않다. 이미 경험한 게 있다. ‘디펜딩 챔피언’ LG가 경험의 힘을 앞세워 후반기 순위 역전을 정조준한다. skywalker@sportsseoul.com",https://v.daum.net/v/3xzndmDgyI
2026.07.13 11:13,"이번에는 구자욱이 틀렸다...KBO 올스타전은 예능으로 가는게 맞다, 이...",MHN스포츠,"(MHN 정철우 기자) 구자욱은 자신의 생각을 솔직하게 밝혔다. 최근 방송 인터뷰 도중 프로야구 올스타전 문화에 관한 질문을 받은 구자욱은 “올스타전에서도 전력으로 제대로 된 경기를 하고 싶다. 그런데 요즘은 분장이라는 게 너무 많아서 야구가 장난이 아닌가 하는 생각이 든다”고 말했다. 틀린 말은 아니다. 적어도 구자욱이 어떤 올스타전을 원하는지는 분명하게 드러났다. 최고의 선수들이 한자리에 모였다면 그에 걸맞은 수준의 경기를 해야 한다는 주장이다. 올스타라는 이름만 빌린 채 야구보다 분장과 세리머니가 더 많은 주목을 받는다면 주객이 전도될 수 있다는 문제 제기다. 야구에 진심인 선수이기 때문에 할 수 있는 말이다. 그러나 결론부터 말하면 구자욱은 이번에는 틀렸다. 지금의 KBO리그 올스타전에서 정규시즌과 같은 진지한 승부를 기대하는 것은 현실과 맞지 않는다. 선수들이 100%를 쏟아낼 수 없는 구조를 그대로 둔 채 분장만 줄인다면, 남는 것은 치열한 경기가 아니라 어중간한 친선전일 가능성이 크다. 올스타전의 본질을 다시 생각해야 한다. 올스타전은 최고의 선수들이 모이는 경기지만 최고의 경기력을 겨루는 무대는 아니다. 더 정확히 말하면 KBO리그에서는 그렇게 되기 어렵다. 한국 프로야구 선수들에게 올스타전은 긴 정규시즌 한가운데 놓여 있다. 올스타 휴식기가 과거보다 늘어나기는 했지만 선수들이 느끼는 부담까지 사라진 것은 아니다. 전반기 동안 쌓인 피로를 풀어야 하고, 후반기 순위 싸움을 준비해야 한다. 부상 위험이 있는 선수에게는 짧은 휴식 하나가 올스타전 한 경기보다 훨씬 중요할 수 있다. 특히 투수는 상황이 더 복잡하다. 타자는 한두 차례 타석에 들어가 자신의 스윙을 할 수 있지만, 투수의 전력투구는 몸 전체에 부담을 준다. 전반기 마지막 선발 등판과 후반기 첫 등판 사이에 올스타전 투구가 끼어들면 관리 일정 자체가 흐트러질 수 있다. 이번 올스타전에서 류현진이 보여준 투구가 좋은 예다. 류현진은 포심 패스트볼만 9개를 던져 1이닝을 무실점으로 막았다. 최고 구속은 시속 121㎞, 최저 구속은 112㎞였다. 결과는 완벽했지만 팬들이 류현진에게 기대하는 본래의 투구가 121㎞짜리 패스트볼은 아니다. 그렇다고 류현진을 비판하기도 어렵다. 한화는 류현진의 전반기 마지막 선발 등판이 비로 취소되자 무리하게 일정을 다시 잡지 않았다. 1군 엔트리에서 제외한 뒤 그대로 전반기를 마치게 했다. 류현진은 전반기 15경기에서 87⅔이닝을 던졌고 8승2패, 평균자책점 2.67을 기록했다. 팀이 후반기와 가을까지 생각하며 관리한 에이스였다. 소속팀에서는 한 차례 등판까지 거르게 하며 관리한 투수가 올스타전에서 갑자기 온 힘을 다해 던지는 것도 이상하다. 시속 140㎞대 패스트볼을 던지다 몸에 문제가 생긴다면 그 책임을 누가 질 수 있을까. 올스타전 결과가 정규시즌 순위에 반영되는 것도 아니다. 투수 개인에게는 얻을 수 있는 것보다 잃을 수 있는 것이 훨씬 많은 경기다. 류현진은 자신이 할 수 있는 범위에서 경기를 즐겼다. 힘을 빼고 던졌지만 대충 던지지는 않았다. 타자를 상대했고 아웃카운트를 잡았으며 팬들에게 노련한 제구를 보여줬다. 그것이 한국의 올스타전에서 베테랑 투수가 선택할 수 있는 가장 현실적인 방식이었다. 당장 이번 올스타전만 해도 멀티 이닝을 던진 삼성 투수들에 대해 삼성 팬들의 불평이 모아지기도 했다. 그렇다면 한 가지 질문이 남는다. 선수들이 온 힘을 다해 승부할 수 없다면 올스타전은 무엇으로 팬들을 만족시켜야 하는가. 답은 오히려 분명하다. 정규시즌 경기에서 볼 수 없는 것을 보여줘야 한다. 선수들의 분장과 코스프레, 과장된 세리머니는 야구를 가볍게 만드는 장치가 아니다. 정규시즌과 다른 경기라는 사실을 팬들에게 알려주는 표현 방식이다. 승리와 패배의 무게를 덜어낸 자리를 웃음과 이야기로 채우는 것이다. 구자욱은 분장이 지나치면 야구가 장난처럼 보일 수 있다고 우려했다. 선수의 입장에서는 충분히 할 수 있는 생각이다. 야구 실력으로 올스타에 뽑혔는데 경기보다 어떤 옷을 입었는지, 어떤 춤을 췄는지가 더 많이 회자된다면 불편할 수 있다. 그러나 팬이 바라보는 올스타전은 다르다. 올스타전은 유일하게 상대 팀 선수를 마음 놓고 응원할 수 있는 날이다. 평소에는 야유하던 타자의 응원가를 함께 부르고, 다른 팀 투수가 삼진을 잡아도 박수를 보낼 수 있다. 정규시즌의 순위와 라이벌 의식에서 벗어나 리그 전체를 즐기는 자리다. KBO도 2026년 올스타전을 잠실야구장의 마지막 올스타전이라는 의미에 맞춰 ‘RE:잠실-ALL STARS, ALL MEMORIES’를 테마로 정하고, 경기 자체뿐 아니라 팬과 선수가 함께 즐길 수 있는 프로그램에 무게를 뒀다. 애초 올스타전은 정규시즌 한 경기를 잠실로 옮겨놓는 행사가 아니라 추억과 이야기를 만드는 축제로 설계됐다. KBO리그 팬이 된 지 4년째인 한 여성 팬의 말은 현재 올스타전을 소비하는 팬들의 생각을 잘 보여준다. “올스타전에 선수들이 각종 분장을 하고 나와 보는 즐거움을 주는 것에 적극적으로 찬성한다. 늘 치열한 승부의 세계에만 있다가 선수들의 다른 모습을 볼 수 있어 재미있다. 선수들의 분장도 다 저마다의 이유가 있다. 그 이유를 분석해 보는 것도 올스타전을 보는 또 하나의 재미가 되고 있다.” 그는 이어 “구자욱 선수의 발언도 이해는 되지만 팬 입장에서는 선수들의 분장쇼가 더 재미있게 느껴지는 것이 사실이다. 올스타전에 가서 타 팀 응원가를 목이 터지도록 부를 수 있는 것도 한 예다. 올스타전만큼은 승패의 스트레스에서 벗어나 마음껏 즐길 수 있는 환경이 만들어지기를 바란다”고 말했다. 이 팬의 말에서 중요한 부분은 ‘다른 모습’이다. 정규시즌에는 모든 것이 결과로 평가된다. 타자는 안타를 쳐야 하고 투수는 실점을 막아야 한다. 감독의 작전과 선수 교체는 승패를 기준으로 비판받는다. 팬들도 자신이 응원하는 팀의 결과에 따라 웃고 화를 낸다. 올스타전까지 똑같아야 할 이유는 없다. 더구나 선수들이 부상을 우려해 전력 질주와 전력투구를 자제하는데 겉모습만 진지하게 꾸민다고 경기의 밀도가 높아지는 것도 아니다. 유니폼을 단정하게 입고 무표정으로 경기에 임한다고 해서 류현진의 121㎞ 패스트볼이 145㎞로 바뀌지는 않는다. 분장을 없애면 제대로 된 야구가 돌아오는 것이 아니다. 분장 없는 느슨한 야구가 남을 가능성이 더 크다. 미국 메이저리그나 일본 프로야구의 올스타전과 KBO리그 올스타전을 단순 비교해서도 안 된다. 리그마다 일정과 선수층, 올스타전의 역사, 팬들이 기대하는 문화가 다르다. 형식만 가져온다고 그 나라의 경기 강도까지 그대로 옮겨오는 것은 아니다. 한국에서는 이미 올스타전이 승부보다 축제에 가까운 방향으로 자리를 잡았다. 선수들은 캐릭터를 정해 등장하고, 자신과 관련된 인물이나 장면을 재현한다. 팬들은 그 의미를 찾아보고 사진과 영상을 공유한다. 한 번의 분장이 선수와 팬 사이에 새로운 이야기를 만든다. 이것은 야구의 가치가 훼손되는 과정이 아니다. 프로야구가 경기력만 판매하는 산업에서 선수의 개성과 서사까지 함께 보여주는 콘텐츠로 넓어지는 과정이다. 정규시즌의 치열함이 있기 때문에 올스타전의 가벼움도 의미가 생긴다. 매일 웃고 장난친다면 특별하지 않다. 한 시즌에 단 하루이기 때문에 가능한 장면이다. 물론 모든 선수에게 분장을 강요해서는 안 된다. 구자욱처럼 정통적인 올스타전을 원하는 선수도 존중받아야 한다. 조용히 자기 야구를 보여주는 것 역시 하나의 개성이 될 수 있다. 분장이 부담스러운 선수까지 억지로 우스운 모습을 연출하게 한다면 그것도 올스타전의 취지와 맞지 않는다. 그러나 일부 선수가 분장하고 세리머니를 한다는 이유로 올스타전 전체가 장난처럼 변했다고 규정하는 것에도 동의하기 어렵다. 프로야구는 선수만의 것이 아니다. 팬이 시간과 돈을 쓰고, 감정을 쏟기 때문에 유지된다. 선수들이 전력을 다하기 어려운 경기라면 최소한 팬들이 다른 방식으로 즐길 수 있어야 한다. 분장과 코스프레는 그 빈자리를 메우는 가장 직접적인 콘텐츠다. 구자욱의 문제 제기는 이해할 수 있다. 올스타라는 이름에 걸맞은 경기력을 보여주고 싶다는 자부심도 존중해야 한다. 하지만 KBO리그의 현실은 이미 다른 답을 내놓고 있다. 소속팀이 전반기 마지막 등판까지 거르게 한 류현진에게 올스타전 전력투구를 요구할 수 없다. 다른 투수들에게도 마찬가지다. 타자에게 부상 위험을 감수한 전력 질주와 거친 슬라이딩을 주문하기도 어렵다. 그렇다면 정규시즌과 같은 긴장감을 억지로 흉내 내기보다, 올스타전만의 재미를 더 선명하게 만드는 편이 낫다. 이번만큼은 구자욱이 틀렸다. 올스타전은 예능으로 가는 것이 맞다. 단, 야구를 버린 예능이어서는 안 된다. 선수들이 기본적인 경기의 품위를 지키면서도 분장하고 웃고, 평소 보여주지 않았던 개성을 드러낼 수 있어야 한다. 올스타전에서 팬들이 원하는 것은 한국시리즈 7차전의 긴장감이 아니다. 좋아하던 선수를 더 가까이 보고, 미워했던 상대 팀 선수와도 함께 웃고, 승패 때문에 굳었던 마음을 하루쯤 내려놓는 경험이다. 정규시즌은 충분히 치열하다. 올스타전 하루만큼은 조금 더 장난스러워도 된다. 그 장난을 기다리는 것도 프로야구 팬이 누릴 수 있는 권리다.",https://v.daum.net/v/Xs3oiOrNew
2026.07.13 11:10,"[오피셜] 하영민, 영원한 키움맨으로 남는다…8년 총 80억 비FA다년계...",스포츠조선,"[스포츠조선 고재완 기자] 하영민이 영원한 히어로즈맨으로 남는다. 키움은 13일 ""하영민과 계약기간 8년(2027-2034년), 연봉과 옵션 포함 총액 80억원(세부 내용 비공개) 규모의 비FA 다년계약을 체결했다""고 발표했다. 계약 체결식은 이날 오전 서울 신도림에 위치한 더링크서울 트리뷰트 포트폴리오 호텔에서 키움히어로즈 위재민 대표이사와 허승필 단장을 비롯해 하영민과 그의 가족들이 참석한 가운데 진행됐다. 구단은 이날 행사 타이틀을 'The Unbreakable Hero'로 정하고, 프로 데뷔 후 끊임없는 노력과 도전을 이어오며 팀의 중심 투수로 성장한 하영민의 여정을 상징적으로 담았다. 이번 계약은 구단이 체결한 비FA 다년계약 가운데 최대 규모다. 지난해 송성문과 포스팅 도전 조항이 포함된 6년 총액 120억원 규모의 비FA 다년계약을 체결한 바 있으나, 송성문이 포스팅 시스템을 통해 해외 진출을 선택하면서 해당 계약은 실행되지 않았다. 또 이번 계약은 KBO리그 역대 투수 비FA 다년계약 기준으로 류현진(8년 170억원), 김광현(4년 151억원), 구창모(7년 132억원), 고영표(5년 107억원), 박세웅(5년 90억원)에 이어 여섯 번째로 큰 규모다. 구단은 ""하영민은 오랜 시간 팀과 함께 성장하며 자신의 가치를 증명한 프랜차이즈 선수""라며 ""앞으로도 지금처럼 책임감을 갖고 팀의 중심 선수로서 후배들에게 좋은 본보기가 되어주길 바란다. 히어로즈를 대표하는 선수로 오랫동안 활약해주길 기대한다""고 말했다. 구단은 중장기 전력 구상을 바탕으로 안정적인 투수진을 구축하기 위해 프랜차이즈 선수인 하영민을 반드시 지켜야 할 핵심 전력으로 판단해 이번 계약을 추진했다. 하영민은 ""구단에서 좋은 조건을 제시해주셔서 정말 감사드린다. 이번 계약을 통해 영원한 히어로즈 선수로 남을 수 있는 기회를 얻게 돼 더욱 뜻깊게 생각한다. 저를 믿고 큰 결정을 내려주신 만큼 감사함과 동시에 큰 책임감을 느끼고 있다. 앞으로도 선배들에게 많이 배우고, 후배들에게는 좋은 본보기가 될 수 있도록 노력하겠다. 그리고 팀이 더 높은 곳으로 올라갈 수 있도록 맡은 역할에 최선을 다하겠다. 끝으로 항상 응원해 주시는 팬 여러분께도 좋은 모습으로 보답드릴 수 있는 선수가 되겠다""고 소감을 밝혔다. 한편 하영민은 2014년 신인드래프트에서 2차 1라운드 전체 4순위로 히어로즈에 입단한 후 다양한 보직을 맡으며 꾸준히 경험을 쌓아왔다. 2024년과 2025년 2년 연속 150이닝 이상을 소화하며 팀 선발진을 든든하게 지탱했고, 올 시즌에도 선발과 불펜을 가리지 않고 투수진의 핵심 전력으로 활약하고 있다. 그라운드 밖에서도 철저한 자기관리와 솔선수범하는 자세로 후배들의 귀감이 되는 등 투수진의 중심축으로 자리매김했다. 고재완 기자 star77@sportschosun.com",https://v.daum.net/v/xpkRIF5TpS
2026.07.13 11:10,"프로야구 키움, 투수 하영민과 8년 80억원 다년 계약 체결",KBS,"프로야구 키움 히어로즈가 우완 투수 하영민과 계약 기간 8년의 파격적인 장기 계약을 맺었습니다. 키움은 오늘(13일) 하영민과 내년부터 2034년까지 8년간, 연봉과 옵션을 포함해 총액 80억 원 규모의 비FA 다년 계약을 체결했다고 발표했습니다. 하영민은 이날 오전 서울의 한 호텔에서 가족들과 함께 위재민 키움 구단 대표이사와 만나 계약식에 참석했습니다. 이번 계약은 키움 구단 역사상 비FA 다년 계약 가운데 가장 큰 규모입니다. 앞서 지난해 송성문과 6년 총액 120억 원 규모의 비FA 다년 계약을 체결했지만, 송성문이 포스팅 시스템을 통해 메이저리그에 진출하면서 계약은 실행되지 않았습니다. KBO리그 전체로는 한화 류현진, SSG 김광현, NC 구창모, kt 고영표, 롯데 박세웅에 이어 역대 투수 비FA 다년 계약 가운데 여섯 번째로 큰 규모입니다. 지난 2014년 히어로즈에서 프로 생활을 시작한 하영민은 올해 전반기까지 통산 34승 40패, 9홀드, 평균자책점 4.96을 기록했습니다. 특히 2024년과 2025년 2년 연속 150이닝 이상을 소화하며 팀 선발진의 한 축을 맡았고, 2024년에는 개인 한 시즌 최다인 9승을 거뒀습니다. 키움 구단은 ""하영민은 오랜 시간 팀과 함께 성장하며 자신의 가치를 증명한 프랜차이즈 선수""라며 ""앞으로도 팀의 중심 선수이자 후배들의 본보기가 되어 히어로즈를 대표하는 선수로 활약해 주길 기대한다""고 밝혔습니다. 하영민은 구단을 통해 ""좋은 조건을 제시해 준 구단에 감사드린다""며 ""영원한 히어로즈 선수로 남을 기회를 얻게 돼 뜻깊게 생각하고, 앞으로도 팀이 더 높은 곳으로 올라갈 수 있도록 맡은 역할에 최선을 다하겠다""고 소감을 전했습니다. [사진 출처 : 연합뉴스 / 키움 히어로즈 구단 제공] ■ 제보하기 ▷ 전화 : 02-781-1234, 4444 ▷ 이메일 : kbs1234@kbs.co.kr ▷ 카카오톡 : 'KBS제보' 검색, 채널 추가 ▷ 유튜브, 네이버에서도 KBS뉴스를 구독해주세요! 이무형 기자 (nobrother@kbs.co.kr)",https://v.daum.net/v/Z1wy9LJ6Tv
2026.07.13 11:08,"키움 하영민, 8년 80억 다년계약 ... 역대 프로야구 투수 중 6번째...",조선일보,"프로야구 키움 하영민(31)이 80억원 규모의 잭팟을 터뜨렸다. 키움은 하영민과 내년부터 2034년까지 8년, 총액 80억원(연봉·옵션 포함)에 비(非) FA 다년 계약을 맺었다고 13일 밝혔다. 2014년 히어로즈에 입단한 하영민은 프로야구 통산 34승 40패, 9홀드, 평균자책점 4.96을 기록한 리그 수준급 선발 자원이다. 2024년엔 9승 8패 평균자책점 4.37을 기록하며 커리어하이를 달성했고 최근 2년간 매년 150이닝 이상을 던지며 키움 마운드를 책임졌다. 올해도 3승 5패 평균자책저 4.16으로 활약하고 있다. 이번 계약은 키움이 체결한 비FA 다년계약 중 최대 규모다. 지난해 송성문(샌디에이고 파드리스)과 6년 총액 120억원 규모의 계약을 맺었지만, 송성문이 미 메이저리그(MLB)로 진출하면서 계약이 실행되지 않았다. 또 KBO리그 역대 투수 비FA 다년계약 중 한화 류현진(8년 170억원), SSG 김광현(4년 151억원), NC 구창모(7년 132억원), KT 고영표(5년 107억원), 롯데 박세웅(5년 90억원)에 이어 여섯 번째로 큰 규모다. 하영민은 “좋은 조건을 제시해 준 구단에 정말 감사드리고 이번 계약을 통해 영원한 히어로즈 선수로 남을 기회를 얻게 돼 더욱 뜻깊다”며 “앞으로도 팀이 더 높은 곳으로 올라갈 수 있도록 맡은 역할에 최선을 다하겠다”고 했다.키움 역시 “하영민은 오랜 시간 자신의 가치를 증명한 프랜차이즈 선수”라며 “히어로즈를 대표하는 선수로 오랫동안 활약해주길 기대한다”고 했다.",https://v.daum.net/v/2LQiSU3Gtv
2026.07.13 11:07,"전반기 목표에 -1, LG 후반기 +11 통합 2연패를 바라본다",일간스포츠,"염경엽 감독이 이끄는 LG 트윈스가 후반기 통합 2연패를 정조준한다. LG는 전반기에 52승 33패(승률 0.612)를 기록해 선두 삼성 라이온즈에 승차 없이 승률에서 2리 뒤진 2위로 마감했다. 지난 9일 전반기 마지막 경기에서 삼성에 5-6으로 져 전반기 1위를 놓쳤다. 염경엽 감독의 전반기 목표였던 승패 마진 +20에 단 1승이 부족했다. 염 감독은 ""지금 당장 1위 자리에 신경 쓰진 않는다. 우리가 목표대로 차근차근 가면 된다""고 말했다. LG는 전반기 팀 평균자책점(4.49)과 타율(0.272) 모두 5위에 머물렀다. 주축 선수들의 부상과 부진이 잇따르면서 100% 전력을 가동할 수 없었다. 그래도 LG의 피타코리안 승률이 0.543인 점을 고려하면, 전반기에 받아든 중간 성적표는 예상을 웃돌았다. 염경엽 감독의 '우승 플랜'은 승패 마진 +30이다. 염 감독은 ""후반기에 승패 마진 +10 이상을 올려 최종 +30을 만들면 우승이 가능할 것""이라고 점쳤다. 실제로 LG는 2023년 +30(86승 56패 2무) 지난해엔 +29(85승 56패 3무)로 통합 우승을 달성했다. 2024년에는 76승 66패 2무로 3위를 기록했다. 염 감독은 ""전반기에 그랬듯 주간 3승 3패가 목표다. 중간에 4승 2패를 올리면 목표 달성에 가까워진다""고 말했다. 전반기 어려운 상황에서도 ""5월 송찬의, 6월 문정빈이 기대 이상으로 활약했다. 또한 오지환과 박동원 등 부진했던 선수들도 중간에 한 번씩 터지면서 버텼다""고 돌아봤다. 6월 이후 부진한 앤더스 톨허스트는 전반기 막판 면담을 통해 후반기 반등을 준비하고 있다. 송승기도 복귀 예정이다. 주축 선수들의 타격감 회복도 중요하다. 홍창기(타율 0.259)와 오지환(0.252) 박동원(0.240) 문보경(0.254) 신민재(0.248) 등 국가대표 야수진의 반등이 절실하다. 염경엽 감독도 ""후반기에는 터지겠지""라며 기대감을 드러냈다. 이형석 기자 ops5@edaily.co.kr",https://v.daum.net/v/fE65PcNdO2
2026.07.13 11:06,"키움, 하영민과 8년 총액 80억 연장계약 체결 “영원한 히어로즈 선수로...",뉴스엔,"[뉴스엔 안형준 기자] 키움이 하영민과 연장계약을 맺었다. 키움 히어로즈(대표이사 위재민)는 7월 13일 ""투수 하영민과 계약기간 8년(2027-2034년), 연봉과 옵션 포함 총액 80억원(세부 내용 비공개) 규모의 비FA 다년계약을 체결했다""고 발표했다. 계약 체결식은 13일(월) 오전 서울 신도림에 위치한 더링크서울 트리뷰트 포트폴리오 호텔에서 키움히어로즈 위재민 대표이사와 허승필 단장을 비롯해 하영민과 그의 가족들이 참석한 가운데 진행됐다. 구단은 이날 행사 타이틀을 ‘The Unbreakable Hero’로 정하고, 프로 데뷔 후 끊임없는 노력과 도전을 이어오며 팀의 중심 투수로 성장한 하영민의 여정을 상징적으로 담았다. 이번 계약은 키움이 체결한 비FA 다년계약 가운데 최대 규모다. 지난해 송성문과 포스팅 도전 조항이 포함된 6년 총액 120억원 규모의 비FA 다년계약을 체결한 바 있으나 송성문이 포스팅 시스템을 통해 해외 진출을 선택하면서 해당 계약은 실행되지 않았다. 또 이번 계약은 KBO리그 역대 투수 비FA 다년계약 기준으로 류현진(8년 170억원), 김광현(4년 151억원), 구창모(7년 132억원), 고영표(5년 107억원), 박세웅(5년 90억원)에 이어 여섯 번째로 큰 규모다. 키움 구단은 ""중장기 전력 구상을 바탕으로 안정적인 투수진을 구축하기 위해 프랜차이즈 선수인 하영민을 반드시 지켜야 할 핵심 전력으로 판단해 이번 계약을 추진했다""고 밝혔다. 하영민은 2014년 신인드래프트에서 2차 1라운드 전체 4순위로 히어로즈에 입단한 후 다양한 보직을 맡으며 꾸준히 경험을 쌓아왔다. 2024년과 2025년 2년 연속 150이닝 이상을 소화하며 팀 선발진을 든든하게 지탱했고 올 시즌에도 선발과 불펜을 가리지 않고 투수진의 핵심 전력으로 활약하고 있다. 그라운드 밖에서도 철저한 자기관리와 솔선수범하는 자세로 후배들의 귀감이 되는 등 투수진의 중심축으로 자리매김했다. 키움 구단 측은 “하영민은 오랜 시간 팀과 함께 성장하며 자신의 가치를 증명한 프랜차이즈 선수”라며 “앞으로도 지금처럼 책임감을 갖고 팀의 중심 선수로서 후배들에게 좋은 본보기가 되어주길 바란다. 히어로즈를 대표하는 선수로 오랫동안 활약해주길 기대한다”고 전했다. 하영민은 “구단에서 좋은 조건을 제시해주셔서 정말 감사드린다. 이번 계약을 통해 영원한 히어로즈 선수로 남을 수 있는 기회를 얻게 돼 더욱 뜻깊게 생각한다. 저를 믿고 큰 결정을 내려주신 만큼 감사함과 동시에 큰 책임감을 느끼고 있다. 앞으로도 선배들에게 많이 배우고, 후배들에게는 좋은 본보기가 될 수 있도록 노력하겠다. 그리고 팀이 더 높은 곳으로 올라갈 수 있도록 맡은 역할에 최선을 다하겠다. 끝으로 항상 응원해 주시는 팬 여러분께도 좋은 모습으로 보답드릴 수 있는 선수가 되겠다”고 소감을 밝혔다.(사진=하영민/뉴스엔DB) 뉴스엔 안형준 markaj@ 기사제보 및 보도자료 newsen@newsen.com copyrightⓒ 뉴스엔. 무단전재 & 재배포 금지",https://v.daum.net/v/6wvz6Aaev6
2026.07.13 11:06,"FIFA 회장 ""월드컵 64개국 확대 검토""",한국경제,"국제축구연맹(FIFA)이 2030년 월드컵부터 본선 진출국을 64개국으로 대폭 확대하는 방안을 추진한다. 잔니 인판티노 FIFA 회장은 48개국 체제로 치러진 이번 북중미 월드컵의 성과를 바탕으로 대회 규모를 한층 더 키우겠다는 구상을 공식화했다. 13일(한국시간) 스위스 방송사 ‘블루 스포트’ 등 외신에 따르면 인판티노 회장은 “이번 북중미 대회가 끝나면 관련 위원회를 통해 64개국 체제 월드컵의 가능성을 확실히 논의할 것”이라고 밝혔다. 그는 “월드컵은 유럽과 남미뿐만 아니라 사실상 전 세계를 위한 축제여야 한다”며 “작은 국가들이 참가 기회를 얻지 못하면 축구 발전을 위한 동기부여를 잃게 된다”고 확대 추진의 배경을 설명했다. 특히 인판티노 회장은 사상 첫 48개국 체제로 치러진 이번 북중미 대회의 결과를 긍정적으로 평가했다. 그는 “아프리카 10개 출전국 가운데 9개 팀이 토너먼트에 진출한 것은 엄청난 성공”이라며 “직전 대회에서 5개국 출전에 불과했던 것을 감안하면, 모든 팀을 포용하고 기회를 주는 것이 얼마나 중요한지 보여주는 증거”라고 강조했다. 실제 월드컵 본선 참가국이 64개국으로 늘어나면 총경기 수는 128경기로, 과거 32개국 체제와 비교해 두 배로 급증하게 된다. 중계권료와 스폰서십 등 FIFA의 상업적 수익은 극대화될 수 있지만, 대회 기간 장기화에 따른 선수들의 혹사 논란과 개최국의 막대한 비용 부담은 불가피할 전망이다. 축구계 내부의 의견은 엇갈리고 있다. 앞서 지난해 3월 남미축구연맹(CONMEBOL)은 월드컵 개최 100주년을 맞는 2030년 대회(스페인·포르투갈·모로코 공동 개최)부터 64개국 체제를 도입하자고 선제적으로 제안한 바 있다. 하지만 축구계의 가장 큰 축인 유럽축구연맹(UEFA)을 비롯해 아시아, 북중미 대륙 연맹 등은 강하게 반발하고 있다. 알렉산데르 체페린 UEFA 회장은 남미 연맹의 제안 직후 “당치도 않은 나쁜 생각”이라며 선을 그었다. 풍부한 인프라를 갖춘 미국은 자신감을 내비치고 있다. 앤드루 줄리아니 백악관 월드컵 태스크포스(TF) 집행위원장은 “미국이 2038년 월드컵 유치를 고려할 수 있으며, 64개국으로 확대되더라도 충분히 감당할 수 있다”고 밝혀 향후 이해관계자 간 치열한 주도권 다툼을 예고했다. 서재원 기자 jwseo@hankyung.com",https://v.daum.net/v/3Qsz6AaeSK
2026.07.13 11:05,"키움, 하영민과 8년 80억원에 비FA 다년계약 체결 …“영원한 히어로즈...",스포츠경향,"키움이 투수 하영민과 계약기간 8년(2027~2034년), 연봉과 옵션 포함 총액 80억원(세부 내용 비공개) 규모의 비FA 다년계약을 체결했다고 13일 전했다. 계약 체결식은 13일 오전 서울 신도림에 위치한 더링크서울 트리뷰트 포트폴리오 호텔에서 키움 위재민 대표이사와 허승필 단장을 비롯해 하영민과 그의 가족들이 참석한 가운데 진행됐다. 구단은 이날 행사 타이틀을 ‘The Unbreakable Hero’로 정하고, 프로 데뷔 후 끊임없는 노력과 도전을 이어오며 팀의 중심 투수로 성장한 하영민의 여정을 상징적으로 담았다. 이번 계약은 구단이 체결한 비FA 다년계약 가운데 최대 규모다. 지난해 송성문과 포스팅 도전 조항이 포함된 6년 총액 120억원 규모의 비FA 다년계약을 체결한 바 있으나, 송성문이 포스팅 시스템을 통해 해외 진출을 선택하면서 해당 계약은 실행되지 않았다. 또한 이번 계약은 KBO리그 역대 투수 비FA 다년계약 기준으로 류현진(8년 170억원), 김광현(4년 151억원), 구창모(7년 132억원), 고영표(5년 107억원), 박세웅(5년 90억원)에 이어 여섯 번째로 큰 규모다. 구단은 “중장기 전력 구상을 바탕으로 안정적인 투수진을 구축하기 위해 프랜차이즈 선수인 하영민을 반드시 지켜야 할 핵심 전력으로 판단해 이번 계약을 추진했다”라고 설명했다. 하영민은 2014년 신인드래프트에서 2차 1라운드 전체 4순위로 넥센(현 키움)에 입단한 후 다양한 보직을 맡으며 꾸준히 경험을 쌓아왔다. 2024년과 2025년 2년 연속 150이닝 이상을 소화하며 팀 선발진을 든든하게 지탱했고, 올 시즌에도 선발과 불펜을 가리지 않고 투수진의 핵심 전력으로 활약하고 있다. 그라운드 밖에서도 철저한 자기관리와 솔선수범하는 자세로 후배들의 귀감이 되는 등 투수진의 중심축으로 자리매김했다.ㅋ 키움은 “하영민은 오랜 시간 팀과 함께 성장하며 자신의 가치를 증명한 프랜차이즈 선수”라며 “앞으로도 지금처럼 책임감을 갖고 팀의 중심 선수로서 후배들에게 좋은 본보기가 되어주길 바란다. 히어로즈를 대표하는 선수로 오랫동안 활약해주길 기대한다”고 말했다. 하영민은 “구단에서 좋은 조건을 제시해주셔서 정말 감사드린다. 이번 계약을 통해 영원한 히어로즈 선수로 남을 수 있는 기회를 얻게 돼 더욱 뜻깊게 생각한다. 저를 믿고 큰 결정을 내려주신 만큼 감사함과 동시에 큰 책임감을 느끼고 있다. 앞으로도 선배들에게 많이 배우고, 후배들에게는 좋은 본보기가 될 수 있도록 노력하겠다. 그리고 팀이 더 높은 곳으로 올라갈 수 있도록 맡은 역할에 최선을 다하겠다. 끝으로 항상 응원해 주시는 팬 여러분께도 좋은 모습으로 보답드릴 수 있는 선수가 되겠다”고 소감을 밝혔다. 김하진 기자 hjkim@kyunghyang.com",https://v.daum.net/v/BO0klpFY3I
2026.07.13 11:02,"[공식] ‘영원한 히어로즈맨’ 하영민, 키움과 8년 총액 80억 비FA ...",스포츠서울,"[스포츠서울 | 이소영 기자] “영원한 히어로즈로 남을 수 있어 뜻깊다.” 키움이 투수 하영민(31)과 초대형 비FA 다년계약을 체결했다. KBO리그 역대 투수 비FA 계약 가운데 여섯 번째로 큰 규모다. 키움은 “하영민과 계약기간 8년(2027~2034년), 연봉과 옵션 포함 총액 80억원(세부 내용 비공개) 규모의 비FA 다년계약을 체결했다”고 13일 밝혔다. 계약 체결식은 이날 오전 서울 신도림에 위치한 더링크서울 트리뷰트 포트폴리오 호텔에서 진행됐다. 위재민 대표이사와 허승필 단장을 비롯해 하영민과 가족도 자리를 함께했다. 행사 타이틀은 ‘The Unbreakable Hero’로, 프로 데뷔 후 끊임없는 노력과 도전을 이어오며 팀의 중심 투수로 성장한 하영민의 여정을 상징적으로 담았다. 이번 계약은 구단이 체결한 비FA 다년계약 중 최대 규모다. 지난해 송성문과 포스팅 도전 조항이 포함된 6년 총액 120억원 규모의 비FA 다년계약을 맺었지만, 송성문이 포스팅 시스템을 통해 해외 진출을 선택하면서 계약은 실행되지 않았다. KBO리그 역대 투수 비FA 다년계약 기준으로도 류현진(8년·170억원), 김광현(4년·151억원), 구창모(7년·132억원), 고영표(5년·107억원), 박세웅(5년·90억원)에 이어 여섯 번째로 큰 규모다. 구단 관계자는 “중장기 전력 구상을 바탕으로 안정적인 투수진을 구축하기 위해 프랜차이즈 선수인 하영민을 반드시 지켜야 할 핵심 전력으로 판단해 이번 계약을 추진했다”고 설명했다. 2014년 2차 1라운드 전체 4순위로 히어로즈에 입단한 하영민은 다양한 보직을 맡으며 꾸준히 경험을 쌓았다. 2024년과 2025년 2년 연속 150이닝 이상을 소화했고, 올시즌엔 선발과 불펜을 오가며 투수진의 핵심 전력으로 활약하고 있다. 그라운드 밖에서도 철저한 자기관리와 솔선수범하는 자세를 보여 투수진의 중심축으로 자리매김했다. 키움은 “하영민은 오랜 시간 팀과 함께 성장하며 자신의 가치를 증명한 프랜차이즈 선수”라며 “앞으로도 지금처럼 책임감을 갖고 팀의 중심 선수로서 후배들에게 좋은 본보기가 되어주길 바란다. 히어로즈를 대표하는 선수로 오랫동안 활약해주길 기대한다”고 말했다. 계약을 마친 하영민은 “구단에서 좋은 조건을 제시해주셔서 정말 감사드린다. 이번 계약을 통해 영원한 히어로즈 선수로 남을 기회를 얻게 돼 더욱 뜻깊게 생각한다”며 “믿고 큰 결정을 내려주신 만큼 큰 책임감을 느끼고 있다. 앞으로도 선배들에게 많이 배우고, 후배들에게는 좋은 본보기가 될 수 있도록 노력하겠다”고 전했다. 이어 “팀이 더 높은 곳으로 올라갈 수 있도록 맡은 역할에 최선을 다하겠다”며 “항상 응원해 주시는 팬 여러분께도 좋은 모습으로 보답해 드릴 수 있는 선수가 되겠다”고 덧붙였다. sshong@sportsseoul.com",https://v.daum.net/v/1e1kkYTsye
2026.07.13 10:59,"[IS 이슈] 오수 처리 관로 공사 지적, SSG 청라돔 2028년 개장...",일간스포츠,"SSG 랜더스가 2028년부터 홈구장으로 사용할 예정인 이른바 '청라돔'이 애초 계획대로 개장하기 어려울 수 있다는 우려가 나왔다. 허종식 인천 동구미추홀구갑 국회의원은 '인천의 핵심 랜드마크이자 스포츠·문화 허브로 기대를 모으고 있는 '청라돔 및 스타필드 청라' 건립 사업이 인천경제자유구역청(인천경제청)의 안일하고 부실한 행정 처리로 인해 2028년 정상 개장이 불투명해졌다는 지적이 제기됐다. 이에 따라 프로야구 SSG 랜더스가 2028년 시즌부터 청라 돔구장을 홈구장으로 사용하려던 계획에도 심각한 차질이 예상된다'고 지난 12일 밝혔다. 허 의원이 신세계그룹의 부동산자산 개발 회사 신세계프라퍼티로부터 받은 자료에 따르면 현재 문제로 거론되는 건 오수 처리 관로 공사이다. 2027년 12월 준공을 목표로 건설 중인 '스타필드 청라'는 공촌하수처리시설의 용량 부족 문제를 해결하기 위해 오수를 가좌하수처리장으로 연결하는 임시 관로를 설치하기로 했다. 현재 청라 지역은 스타필드 청라를 비롯해 청라의료복합타운(서울아산청라병원) 로봇랜드 등 대규모 개발 사업이 잇따라 추진돼 하수처리에 비상이 걸린 상태. 허종식 의원은 ""애초 약 40억원으로 예상됐던 관로 공사비가 설계 결과 80억원으로 두배가량 폭등하면서 문제가 발생했다. 신세계 측은 민간 분담금 성격인 하수처리시설 부담금(36억~40억원)을 상계해 먼저 당겨쓰기로 인천경제청과 합의했으나, 예산 예측 실패로 추가 발생한 나머지 40억 원에 대해 인천경제청이 '예산이 없다'는 이유로 손을 놓고 있다. 이로 인해 올해 7월 착공 예정이었던 임시 관로 공사는 시작도 못 한 채 전면 중단됐다'고 밝혔다. 임시 관로 공사가 지연될 경우 관련 사업 전반에 걸친 연쇄적인 일정 차질이 불가피할 수 있다는 게 허 의원의 주장이다. 이에 따라 2028년 3월 프로야구 개막에 맞춰 청라돔을 홈구장으로 활용하려던 SSG의 계획에도 차질이 빚어질 수 있다. 허종식 의원은 ""민간 기업은 수천억 원을 투자해 공정률을 철저히 맞추고 대규모 자금 투입을 확정 짓고 있는데, 40억 원의 추가 관로 공사비 분담 문제로 행정이 손을 놓고 있는 것은 도저히 있을 수 없는 일""이라고 꼬집었다. 인천 서구 청라국제도시에 조성 중인 스타필드 청라는 지하 3층~지상 9층 규모의 복합 엔터테인먼트 시설. 이와 함께 들어서는 2만3000석 규모의 청라돔은 고척스카이돔에 이어 국내 두 번째 돔구장 야구장으로 기대를 모으고 있다. 지난 4월 신세계그룹이 공개한 공정률은 40%대로, 현재까지는 순조롭게 진행되고 있다. 하지만 관로 공사 등 기반 시설 일정이 지연될 경우 전체 사업 일정에도 영향을 줄 수 있다. 이와 관련해 SSG 구단 관계자는 ""공식적으로 전달받은 정보는 아직 없다""고 말을 아꼈다. 배중현 기자 bjh1025@edaily.co.kr",https://v.daum.net/v/tqHwwXYCIS
2026.07.13 10:49,"프로야구 키움, 투수 하영민과 8년 80억원에 장기 계약",연합뉴스,"(서울=연합뉴스) 장현구 기자 = 프로야구 키움 히어로즈가 자유계약선수(FA)가 아닌 우완 투수 하영민(31)과 8년간 다년 계약했다고 13일 발표했다. 키움은 하영민과 내년부터 2034년까지 계약기간 8년, 연봉과 옵션 포함 총액 80억원(세부 내용 비공개) 규모에 비(非)FA 다년 계약했다고 알렸다. 이날 오전 서울의 한 호텔에서 위재민 키움 구단 대표이사와 하영민과 그의 가족들이 참석한 가운데 계약식이 열렸다. 이번 계약은 키움 구단이 체결한 비FA 다년계약 중 최대 규모다. 지난해 송성문(현 샌디에이고 파드리스)과 6년 총액 120억원 규모의 비FA 다년계약을 체결했지만, 송성문이 포스팅 시스템을 통해 미국프로야구 메이저리그로 진출하면서 계약은 실행되지 않았다. 키움은 또 하영민의 계약이 KBO리그 역대 투수 비FA 다년계약 기준으로 한화 이글스 류현진(8년 170억원), SSG 랜더스 김광현(4년 151억원), NC 다이노스 구창모(7년 132억원), kt wiz 고영표(5년 107억원), 롯데 자이언츠 박세웅(5년 90억원)에 이어 여섯 번째로 큰 규모라고 의미를 뒀다. 2014년 히어로즈 유니폼을 입고 프로 데뷔한 하영민은 올해 전반기까지 통산 34승 40패, 9홀드, 평균자책점 4.96을 기록했다. 2024∼2025년 2년 연속 150이닝 이상을 던져 키움 마운드의 선발 한 축을 담당했다. 한 시즌 최다승은 2024년에 거둔 9승이다. 키움 구단은 ""하영민은 오랜 시간 팀과 함께 성장하며 자신의 가치를 증명한 프랜차이즈 선수""라며 ""앞으로도 지금처럼 책임감을 갖고 팀의 중심 선수로서 후배들에게 좋은 본보기가 되어주길 바란다. 히어로즈를 대표하는 선수로 오랫동안 활약해주길 기대한다""고 했다. 하영민은 구단을 통해 ""좋은 조건을 제시해 준 구단에 정말 감사드린다. 이번 계약을 통해 영원한 히어로즈 선수로 남을 기회를 얻게 돼 더욱 뜻깊게 생각한다""며 ""앞으로도 선배들에게 많이 배우고, 후배들에게는 좋은 본보기가 될 수 있도록 노력하겠다. 그리고 팀이 더 높은 곳으로 올라갈 수 있도록 맡은 역할에 최선을 다하겠다""고 말했다. cany9900@yna.co.kr (끝) ▶제보는 카톡 okjebo",https://v.daum.net/v/u2cenImj1v
2026.07.13 10:45,"김서현 공백 지운 '新 클로저'의 자기 반성, ""전반기 나도 모르게…후반...",스포츠조선,"[스포츠조선 이종서 기자] ""점점 욕심이 생기더라고요."" 한화 이글스는 올 시즌 마무리투수 자리가 큰 고민이었다. 지난해 33세이브를 기록하며 한화의 정규시즌 2위를 이끌었던 김서현이 초반부터 기복이 있었고, 재정비가 불가피했다. 단기 대체 외국인선수 잭 쿠싱이 잠시 김서현의 빈자리를 채웠지만, 6주 계약 후 팀을 떠나게 됐다. 다시 원점으로 돌아간 마무리투수 자리. 이민우(33·한화 이글스)가 맡았다. 2015년 신인드래프트 1차지명으로 KIA 타이거즈에 입단한 이민우는 2022년 트레이드로 한화 유니폼을 입었다. 2024년 10홀드를 기록하는 등 핵심 불펜으로 활약했지만, 지난해에는 한 차례도 1군 마운드를 밟지 못했다. 스프링캠프부터 위력적인 피칭을 이어오던 이민우는 4월12일 1군에 콜업됐다. 5월 중순까지 2점대 평균자책점을 유지하던 그는 결국 뒷문 단속이라는 중책을 맡게 됐다. 5월22일부터 30일까지 4경기에 나와 모두 세이브에 성공하는 등 성공적으로 마무리투수에 정착해 나갔다. 세이브 상황이 아니어도 마운드에 올라와 역할을 다했던 그는 지난달 12일 키움전에서 홈런 한 방 포함 3안타를 맞으며 3실점 해 패전투수가 됐다. 이후 다시 안정을 찾는 듯 했지만, 지난 1일 KT전에서도 3-3으로 맞선 9회초 올라왔지만, ⅔이닝 동안 4안타를 맞으면서 4실점으로 무너졌다. 그러나 지난 7일과 9일 NC전에서 모두 1이닝 무실점을 하며 안정을 찾았고, 한층 홀가분하게 후반기를 준비할 수 있게 됐다. 이민우는 전반기를 돌아보며 ""승리를 날린 경기가 좀 있어서 아쉽다""라며 ""처음에는 1군에 뛰는 것 자체로 만족했는데 하다보니 기록 등에 욕심도 생기더라. 그러다보니 안 좋아진 것 같다""고 이야기했다. 이민우는 35경기에 출전해 1승4패 6세이브 5홀드 평균자책점 3.89로 전반기를 마쳤다. 세이브 상황이 아닐 때도 나가면서 세이브 숫자가 등판에 비해 적었다. 마무리투수라면 아쉬움이 있을 수밖에 없었다. 이민우는 ""처음에는 아쉽다는 생각이 들기도 했지만, 건방져진다는 생각이 났다. 다시 초심으로 돌아가자고 생각했다. '나는 도전자다'라는 생각으로 경기에 나서니 마음이 편해졌다""라며 ""내가 주어진 상황에 집중하자고 생각을 하니 전반기는 나름 잘 마무리된 것 같다""고 말했다. 잘하고 싶은 욕심은 의욕으로도 이어졌다. 이민우는 ""시즌 중간에 팔을 내리기도 했다. 투심 투수는 팔이 낮아야 좋은데 코치님과 이야기를 했다. 코치님께서 내년부터 하자고 하셨다. 시즌 끝나고 캠프부터 준비해야 하는데 캐치볼 할 때부터 연습을 하기 시작했다. 사실 밸런스나 이런 건 나쁘지 않았는데 타자가 치기 좋게 들어간 거 같다. 다시 팔을 올려서 던졌는데 그러다보니 좋아진 거 같다""고 했다. 전반기 우여곡절을 겪으면서 이민우는 조금 더 단단해졌다. 이민우는 ""올해 2점 이상 준 적이 거의 없었는데 대량 실점을 한 두 번 하다보니 정신이 차려지더라. 후반기에는 이렇게 하면 안 되겠다는 생각도 들었다""라며 ""전반기의 아쉬움이 오히려 약이 된 것 같다. 후반기가 더 기대된다""고 밝혔다. 이종서 기자 bellstop@sportschosun.com",https://v.daum.net/v/b7lFRwkLUe
2026.07.13 10:43,미동도 없이 집중하는 강백호…(류)현진 선배에게 도대체 약점이 뭘까? [...,마이데일리,"[마이데일리 = 곽경훈 기자] 강백호의 평균 타율은 0.313, 반면 지난 시즌까지 류현진 상대로 17타수 5안타 2타점 타율 0.294/ 한화 강백호가 지난 5일 오후 서울 잠실야구장에서 진행된 '2026 신한 SOL KBO 리그' 한화 이글스-LG 트윈스의 경기에 앞서 한화 선발 류현진의 불펜 투구를 지켜보고 있다. 류현진은 이날 경기에서 대기록을 달성할 예정이었다. 류현진은 한·미 프로 통산 2500탈삼진을 단 1개 남겨두었다. 하지만 경기 직전 쏟아진 강한 폭우로 경기는 끝내 우천 취소 됐다. 류현진은 지난달 28일 SSG와의 경기에서 선발로 등판해 6이닝동안 7개의 삼진을 기록하며 6피안타 1실점으로 호투를 보였지만 불펜진이 흔들리며 승리를 기록하지 못했다. 하지만 한·미 프로 통산 탈삼진 수를 2499개까지 늘렸다. 류현진은 KBO리그에서 1565개의 탈삼진을 기록했고, 미국 메이저리그에서 11시즌동안 통산 934개의 삼진을 기록했다.",https://v.daum.net/v/qkpw36fzDb
2026.07.13 10:43,"키움, 하영민과 8년 80억원 계약…“영원한 히어로즈로 남겠다”",이데일리,"[이데일리 스타in 이석무 기자] 프로야구 키움히어로즈가 오른손 투수 하영민과 8년간 동행한다. 키움은 13일 “하영민과 계약 기간 8년, 연봉과 옵션을 포함해 총액 80억원 규모의 비FA 다년계약을 체결했다”고 밝혔다. 계약 기간은 2027년부터 2034년까지다. 연봉과 옵션 등 세부 계약 내용은 공개하지 않았다. 계약 체결식은 이날 오전 서울 구로구 신도림동 더링크서울 트리뷰트 포트폴리오 호텔에서 열렸다. 위재민 키움 대표이사와 허승필 단장, 하영민과 가족들이 참석했다. 키움은 계약식 행사 이름을 ‘더 언브레이커블 히어로(The Unbreakable Hero)’로 정했다. 프로 데뷔 이후 여러 보직을 오가면서도 꾸준한 노력으로 팀의 중심 투수로 성장한 하영민의 여정을 담았다는 설명이다. 이번 계약은 키움이 실제로 체결한 비FA 다년계약 가운데 최대 규모다. 키움은 지난해 송성문과 6년 총액 120억 원에 계약했더, 허지만 송성문이 포스팅 시스템을 통해 해외 진출을 선택하면서 계약이 실행되지 않았다. 하영민의 계약은 KBO리그 역대 투수 비FA 다년계약 가운데 여섯 번째로 큰 규모다. 류현진의 8년 170억 원을 비롯해 김광현 4년 151억 원, 구창모 7년 132억 원, 고영표 5년 107억 원, 박세웅 5년 90억 원에 이어 하영민이 이름을 올렸다. 키움 구단은 “중장기 전력 구상의 핵심으로 하영민을 선택했다”며 “안정적인 선발진을 구축하기 위해서는 팀에서 오랫동안 성장한 프랜차이즈 투수를 반드시 붙잡아야 한다”고 밝혔다. 하영민은 2014년 신인 드래프트 2차 1라운드 전체 4순위로 히어로즈에 입단했다. 선발과 불펜을 오가며 경험을 쌓았고, 2024년과 2025년에는 2년 연속 150이닝 이상을 던지며 선발진을 지탱했다. 올 시즌에도 팀 사정에 따라 선발과 불펜을 오가며 마운드의 중심 역할을 맡고 있다. 철저한 자기 관리와 성실한 훈련 태도도 높은 평가를 받았다. 키움 구단은 “하영민은 오랜 시간 팀과 함께 성장하며 자신의 가치를 증명한 프랜차이즈 선수”라며 “앞으로도 책임감을 갖고 팀의 중심 선수이자 후배들의 본보기가 돼 주길 바란다”고 했다. 하영민은 “영원한 히어로즈 선수로 남을 기회를 얻어 뜻깊다”며 “구단이 믿고 큰 결정을 내려준 만큼 감사함과 함께 큰 책임감을 느낀다”고 말했다. 아울러 “선배들에게 계속 배우고 후배들에게는 좋은 본보기가 되겠다”며 “팀이 더 높은 곳으로 올라갈 수 있도록 맡은 역할에 최선을 다하겠다. 팬들에게도 좋은 모습으로 보답하겠다”고 덧붙였다. 이석무 (sports@edaily.co.kr)",https://v.daum.net/v/z7tc5VKpwK
2026.07.13 10:41,“황성빈 1등이란 걸 알지만…할 거면 10년전에 했어야” 롯데 마황 도루...,마이데일리,"[마이데일리 = 김진성 기자] “할 거면 10년 전에 했어야.” 박민우(33, NC 다이노스)는 올해 2루수 골든글러브 레이스에서 가장 앞서간다고 봐야 한다. 전반기 78경기서 273타수 92안타 타율 0.337 5홈런 48타점 48득점 26도루 장타율 0.458 출루율 0.439 OPS 0.897 득점권타율 0.458이다. 타격 5위에 도루 2위다. 잔부상이 은근히 많은 스타일이지만, 전반기에 팀이 치른 82경기 중 78경기에 출전하며 건강을 과시했다. 올해 2루수로 120경기 이상 나가면 이호준 감독으로부터 선물로 신발을 받기로 했는데, 이미 71경기에 2루수로 선발 출전했다. 이변이 없는 한 이호준 감독에게 신발을 받을 가능성이 크다. 그런 박민우는 지난 11일 올스타전을 앞두고 이야기보따리를 풀었다. 올스타 홈런더비에 홈런 못 치는 타자들이 나가야 재밌다는 지론(?)을 밝혔고, 자신도 마음을 먹으면 홈런을 잘 칠 수 있다고 강조했다. 대전 몬스터월을 넘긴 것에 대해 SNS에서 유별나게 반응하자 웃으며 발끈(?)했던 것이다. 또 하나. 도루왕 얘기가 안 나올 수가 없었다. 전반기 도루 1위는 ‘마황’ 황성빈(롯데 자이언츠)의 32개다. 박민우는 6개 차다. 올해 타격 페이스가 좋고 건강하기 때문에, 충분히 후반기 역전극을 노려볼 만하다. 박민우는 통산 329도루를 자랑하는 준족이다. 데뷔할 때부터 공수주를 갖춘 중앙내야수였다. 8년 140억원 비FA 다년계약을 그냥 한 게 아니다. 그러나 유독 개인타이틀과 인연이 없다. 도루만 해도 2014년과 2015년에 50개, 46개를 했으나 2위에 만족했다. 2022년부터 2024년에도 3년 연속 탑10에 들었다. 그렇다면 올해 도루왕을 욕심 낼법하다. 그러나 박민우는 고개를 저었다. 30대 중반으로 가는 베테랑인데, 개인타이틀보다 팀이 우선이라는 생각이다. 도루는 그냥 시즌 30개 정도를 목표로 잡았고, 그 이상은 생각 안 하고 있다. 박민우는 “전반기 끝내기 전에 30개를 넘길 수 있었다. 후반기도 준비하기 위해 주루코치님과 얘기해서 좀 많이 안 뛰었거든요. 뭐 어쨌든 전반기에 30개를 넘길 페이스로 끝내서, 올해 목표는 충분히 이룰 수 있지 않을까 생각한다”라고 했다. 또한, 박민우는 웃더니 “딱 그냥 시즌 전에 30개가 목표였고, 도루왕은 진짜 절대 욕심 없어요. 내가 도루왕을 욕심 냈으면 막 상대팀 선수들도 체크하고 그랬을 텐데…사실 뭐 황성빈이 1등이란 걸 알지만 몇 개 차이고, 오늘 했는지 이런 건 전혀 확인도 안 한다”라고 했다. 그러면서 박민우는 “할 거면 진짜 10년 전에 했어야죠. 그때 하고 싶다고 얘기도 안 했지만”이라고 했다. 후반기에 팀 성적만을 보고 달려가겠다는 의지를 다시 한번 드러냈다. 그는 “부상 없이 경기에 많이 나가서 만족한다. 감독님이 뜬금없이 1루수로 내보내 주셔서…그건 2루수 출전으로 인정해준다고 했다. 그런 계획도 순조롭게 이어가고 있다고 생각한다”리고 했다. 이로써 올해 도루왕은 황성빈의 무혈입성 가능성이 커졌다. 물론 24도루의 박해민(LG 트윈스), 22도루의 최정원과 20도루의 김주원(이상 NC 다이노스)이 변수이긴 하다.",https://v.daum.net/v/WECHnImjsL
2026.07.13 10:39,"[공식발표] '팀 내 최다 규모' 키움, 하영민과 8년 총액 80억 비F...",마이데일리,"[마이데일리 = 심혜진 기자] 키움히어로즈 하영민이 비FA 다년계약을 체결했다. 키움은 13일 ""투수 하영민과 계약기간 8년(2027-2034년), 연봉과 옵션 포함 총액 80억원(세부 내용 비공개) 규모의 비FA 다년계약을 체결했다""고 밝혔다. 계약 체결식은 13일 오전 서울 신도림에 위치한 더링크서울 트리뷰트 포트폴리오 호텔에서 키움히어로즈 위재민 대표이사와 허승필 단장을 비롯해 하영민과 그의 가족들이 참석한 가운데 진행됐다. 구단은 이날 행사 타이틀을 ‘The Unbreakable Hero’로 정하고, 프로 데뷔 후 끊임없는 노력과 도전을 이어오며 팀의 중심 투수로 성장한 하영민의 여정을 상징적으로 담았다. 이번 계약은 구단이 체결한 비FA 다년계약 가운데 최대 규모다. 지난해 송성문과 포스팅 도전 조항이 포함된 6년 총액 120억원 규모의 비FA 다년계약을 체결한 바 있으나, 송성문이 포스팅 시스템을 통해 해외 진출을 선택하면서 해당 계약은 실행되지 않았다. 또한 이번 계약은 KBO리그 역대 투수 비FA 다년계약 기준으로 류현진(8년 170억원), 김광현(4년 151억원), 구창모(7년 132억원), 고영표(5년 107억원), 박세웅(5년 90억원)에 이어 여섯 번째로 큰 규모다. 구단은 ""중장기 전력 구상을 바탕으로 안정적인 투수진을 구축하기 위해 프랜차이즈 선수인 하영민을 반드시 지켜야 할 핵심 전력으로 판단해 이번 계약을 추진했다""고 배경을 설명했다. 하영민은 2014년 신인드래프트에서 2차 1라운드 전체 4순위로 히어로즈에 입단한 후 다양한 보직을 맡으며 꾸준히 경험을 쌓아왔다. 2024년과 2025년 2년 연속 150이닝 이상을 소화하며 팀 선발진을 든든하게 지탱했고, 올 시즌에도 선발과 불펜을 가리지 않고 투수진의 핵심 전력으로 활약하고 있다. 그라운드 밖에서도 철저한 자기관리와 솔선수범하는 자세로 후배들의 귀감이 되는 등 투수진의 중심축으로 자리매김했다. 구단은 “하영민은 오랜 시간 팀과 함께 성장하며 자신의 가치를 증명한 프랜차이즈 선수”라며 “앞으로도 지금처럼 책임감을 갖고 팀의 중심 선수로서 후배들에게 좋은 본보기가 되어주길 바란다. 히어로즈를 대표하는 선수로 오랫동안 활약해주길 기대한다”고 말했다. 하영민은 “구단에서 좋은 조건을 제시해주셔서 정말 감사드린다. 이번 계약을 통해 영원한 히어로즈 선수로 남을 수 있는 기회를 얻게 돼 더욱 뜻깊게 생각한다. 저를 믿고 큰 결정을 내려주신 만큼 감사함과 동시에 큰 책임감을 느끼고 있다. 앞으로도 선배들에게 많이 배우고, 후배들에게는 좋은 본보기가 될 수 있도록 노력하겠다. 그리고 팀이 더 높은 곳으로 올라갈 수 있도록 맡은 역할에 최선을 다하겠다. 끝으로 항상 응원해 주시는 팬 여러분께도 좋은 모습으로 보답드릴 수 있는 선수가 되겠다”고 소감을 밝혔다.",https://v.daum.net/v/4zlnF8V7OE
2026.07.13 10:38,"키움, 하영민 붙잡았다! 8년 총액 80억…비FA 최대 규모 계약 [오피...",OSEN,"[OSEN=손찬익 기자] 프로야구 키움 히어로즈가 프랜차이즈 투수 하영민(30)과 초대형 비FA 장기계약을 체결했다. 키움은 13일 투수 하영민과 계약기간 8년(2027~2034년), 연봉과 옵션을 포함한 총액 80억원 규모의 비FA 다년계약을 체결했다고 발표했다. 세부 계약 조건은 공개하지 않았다. 이날 서울 신도림 더링크서울 트리뷰트 포트폴리오 호텔에서 열린 계약 체결식에는 위재민 대표이사와 허승필 단장, 하영민과 가족들이 참석했다. 구단은 'The Unbreakable Hero'를 행사 타이틀로 내걸고 프로 데뷔 이후 꾸준한 노력으로 팀의 중심 투수로 성장한 하영민의 발자취를 조명했다. 이번 계약은 키움 구단 역사상 비FA 다년계약 가운데 최대 규모다. 지난해 송성문과 포스팅 시스템을 통한 해외 진출 조항이 포함된 6년 총액 120억원 계약을 맺었지만, 송성문이 포스팅을 선택하면서 해당 계약은 실행되지 않았다. 이에 따라 실제 체결된 비FA 계약 가운데서는 하영민의 계약이 구단 최고액이다. KBO리그 전체로 범위를 넓혀도 의미가 크다. 하영민의 계약은 류현진(8년 170억원), 김광현(4년 151억원), 구창모(7년 132억원), 고영표(5년 107억원), 박세웅(5년 90억원)에 이어 역대 투수 비FA 다년계약 6위 규모에 해당한다. 2014년 신인드래프트 2차 1라운드 전체 4순위로 히어로즈 유니폼을 입은 하영민은 선발과 불펜을 오가며 꾸준히 성장했다. 특히 2024년과 2025년에는 2년 연속 150이닝 이상을 책임지며 선발진의 중심축 역할을 했고, 올 시즌에도 보직을 가리지 않고 마운드의 핵심 전력으로 활약하고 있다. 키움은 ""하영민은 오랜 시간 팀과 함께 성장하며 자신의 가치를 증명한 프랜차이즈 선수""라며 ""앞으로도 책임감을 갖고 팀을 대표하는 선수로 후배들의 본보기가 되어주길 기대한다""고 밝혔다. 하영민은 ""좋은 조건을 제시해준 구단에 진심으로 감사드린다. 무엇보다 영원한 히어로즈 선수로 남을 수 있는 기회를 얻게 돼 더욱 뜻깊다""고 했다. 또 ""큰 결정을 내려준 만큼 감사함과 함께 책임감도 크다. 팀이 더 높은 곳으로 올라갈 수 있도록 맡은 역할에 최선을 다하겠다. 항상 응원해주시는 팬들께도 좋은 모습으로 보답하겠다""고 소감을 전했다. /what@osen.co.kr",https://v.daum.net/v/q8HSQkjJyq
2026.07.13 10:37,"[오피셜] 키움, 3선발 하영민과 8년 총액 80억원에 비FA 다년 계약",일간스포츠,"키움 히어로즈가 하영민(31)과 계약 기간 8년(2027~2034년) 옵션 포함 총액 80억원 규모에 비FA 다년계약을 13일 발표했다. 계약식은 13일 오전 위재민 대표이사, 허승필 단장 등 구단 관계자와 하영민의 가족이 참석했다. 키움은 ""이번 계약은 KBO리그 역대 투수 비FA 다년계약 기준으로 류현진(8년 170억원) 김광현(4년 151억원) 구창모(7년 132억원) 고영표(5년 107억원), 박세웅(5년 90억원)에 이어 여섯 번째로 큰 규모""라고 전했다. 이어 ""중장기 전력 구상을 바탕으로 안정적인 투수진을 구축하기 위해 프랜차이즈 선수인 하영민을 반드시 지켜야 할 핵심 전력으로 판단해 이번 계약을 추진했다""라고 밝혔다. 하영민은 2014 2차 신인 드래프트 1라운드 전체 4순위로 넥센 히어로즈(현 키움)에 지명을 받았다. 고졸 신인으로 데뷔전에 선발 등판해 승리 투수가 되며 강렬한 인상을 남겼다. 이후 하영민의 성장세는 더졌고, 주로 불펜 투수 임무를 맡았지만, 에이스 안우진이 병역으로 이탈한 2024시즌 다시 선발 투수 임무를 수행했고, 국내 1선발 역할을 충실히 수행했다. 2024·2025시즌 연속으로 150이닝 이상 막았고, 올 시즌 전반기도 15경기를 소화하며 3승 5패 평균자책점 4.16을 기록했다. 키움은 ""하영민은 오랜 시간 팀과 함께 성장하며 자신의 가치를 증명한 프랜차이즈 선수다. 앞으로도 지금처럼 책임감을 갖고 팀의 중심 선수로서 후배들에게 좋은 본보기가 되어주길 바란다. 히어로즈를 대표하는 선수로 오랫동안 활약해주길 기대한다""라고 밝혔다. 하영민은 ""구단에서 좋은 조건을 제시해주셔서 정말 감사드린다. 이번 계약을 통해 영원한 히어로즈 선수로 남을 수 있는 기회를 얻게 돼 더욱 뜻깊게 생각한다. 저를 믿고 큰 결정을 내려주신 만큼 감사함과 동시에 큰 책임감을 느끼고 있다""라고 했다. 안희수 기자",https://v.daum.net/v/PEP3jTlwmz
2026.07.13 10:37,"[오피셜] '깜짝 연장계약' 하영민, 키움과 8년 총액 80억 비FA 다...",스포티비뉴스,"[스포티비뉴스=박승환 기자] 키움 히어로즈가 하영민과 미래를 약속했다. 무려 8년 총액 80억원의 연장계약을 체결했다. 키움은 13일 ""투수 하영민과 계약기간 8년(2027-2034년), 연봉과 옵션 포함 총액 80억원(세부 내용 비공개) 규모의 비FA 다년계약을 체결했다""고 공식 발표했다. 계약 체결식은 13일 오전 서울 신도림에 위치한 더링크서울 트리뷰트 포트폴리오 호텔에서 키움히어로즈 위재민 대표이사와 허승필 단장을 비롯해 하영민과 그의 가족들이 참석한 가운데 진행됐다. 구단은 이날 행사 타이틀을 ‘The Unbreakable Hero’로 정하고, 프로 데뷔 후 끊임없는 노력과 도전을 이어오며 팀의 중심 투수로 성장한 하영민의 여정을 상징적으로 담았다. 이번 계약은 구단이 체결한 비FA 다년계약 가운데 최대 규모다. 지난해 송성문과 포스팅 도전 조항이 포함된 6년 총액 120억원 규모의 비FA 다년계약을 체결한 바 있으나, 송성문이 포스팅 시스템을 통해 해외 진출을 선택하면서 해당 계약은 실행되지 않았다. 또한 이번 계약은 KBO리그 역대 투수 비FA 다년계약 기준으로 류현진(8년 170억원), 김광현(4년 151억원), 구창모(7년 132억원), 고영표(5년 107억원), 박세웅(5년 90억원)에 이어 여섯 번째로 큰 규모다. 구단은 중장기 전력 구상을 바탕으로 안정적인 투수진을 구축하기 위해 프랜차이즈 선수인 하영민을 반드시 지켜야 할 핵심 전력으로 판단해 이번 계약을 추진했다. 하영민은 2014년 신인드래프트에서 2차 1라운드 전체 4순위로 히어로즈에 입단한 후 다양한 보직을 맡으며 꾸준히 경험을 쌓아왔다. 2024년과 2025년 2년 연속 150이닝 이상을 소화하며 팀 선발진을 든든하게 지탱했고, 올 시즌에도 선발과 불펜을 가리지 않고 투수진의 핵심 전력으로 활약하고 있다. 그라운드 밖에서도 철저한 자기관리와 솔선수범하는 자세로 후배들의 귀감이 되는 등 투수진의 중심축으로 자리매김했다. 구단은 “하영민은 오랜 시간 팀과 함께 성장하며 자신의 가치를 증명한 프랜차이즈 선수”라며 “앞으로도 지금처럼 책임감을 갖고 팀의 중심 선수로서 후배들에게 좋은 본보기가 되어주길 바란다. 히어로즈를 대표하는 선수로 오랫동안 활약해주길 기대한다”고 말했다. 하영민은 “구단에서 좋은 조건을 제시해주셔서 정말 감사드린다. 이번 계약을 통해 영원한 히어로즈 선수로 남을 수 있는 기회를 얻게 돼 더욱 뜻깊게 생각한다. 저를 믿고 큰 결정을 내려주신 만큼 감사함과 동시에 큰 책임감을 느끼고 있다. 앞으로도 선배들에게 많이 배우고, 후배들에게는 좋은 본보기가 될 수 있도록 노력하겠다. 그리고 팀이 더 높은 곳으로 올라갈 수 있도록 맡은 역할에 최선을 다하겠다. 끝으로 항상 응원해 주시는 팬 여러분께도 좋은 모습으로 보답드릴 수 있는 선수가 되겠다”고 소감을 밝혔다. <저작권자 ⓒ SPOTV NEWS. 무단전재 및 재배포 금지>",https://v.daum.net/v/G8tZLCsATD
2026.07.13 10:36,전반기 1위·5만 관중…빛과 그림자 안은 울산 웨일즈의 미래 [류선규의 ...,스타뉴스,"[스타뉴스 | 류선규 전 SSG 랜더스 단장] 올해 울산 웨일즈(이하 울산)의 전반기 홈 37경기 누적 관중은 5만477명으로, 경기당 평균 1364명이 경기장을 찾았다. KBO리그 1군의 경기당 평균 관중(1만8004명)과 비교하면 규모는 작지만, 퓨처스(2군)리그에서 경기당 평균 관중 1000명을 돌파했다는 점은 의미 있는 성과로 평가할 만하다. 성적도 기대 이상이다. 울산은 전반기를 40승 1무 27패(승률 0.597)로 마치며 퓨처스리그 남부리그 선두에 올랐다. 2위 롯데 자이언츠(39승 1무 29패·승률 0.574)에 1.5경기 앞선 채 전반기를 마감하며 순항을 이어가고 있다. 올 시즌을 앞두고 창단한 울산은 방출 선수와 신인드래프트 미지명 선수를 중심으로 전력을 꾸렸다. 외국인 선수 4명을 보유할 수 있었지만, 국내 선수층이 얇아 경쟁력을 갖출 수 있을지에 대한 우려가 적지 않았다. 그러나 전반기 홈 평균 관중 1000명 돌파와 남부리그 선두라는 두 마리 토끼를 모두 잡으며 신생 구단 이상의 경쟁력과 흥행 가능성을 입증했다. 공교롭게도 울산이 홈 누적 관중 5만명을 돌파한 지난 3일, 구단의 미래를 둘러싼 우려 섞인 이야기가 수면 위로 떠올랐다. 김상욱 신임 울산광역시장이 울산방송 유튜브 채널에 출연해 ""(울산과 한국야구위원회의) 계약 기간이 끝날 즈음 시민 공론화 과정을 거치려 한다""며 ""시민 혈세로 운영되는 만큼 울산의 야구 생태계에 실제 도움이 되는지도 지금은 물음표""라고 밝힌 것이다. 김 시장은 이후 '폐지론'에 대해 ""폐지를 직접 언급한 적은 없다""고 선을 그었다. 8일 열린 울산시 간부회의에서도 해단보다는 예산 지원의 명분과 운영 방식에 대한 재검토가 필요하다는 점을 강조했다. 다만 세금으로 운영되는 시민구단의 특성상 구단의 존속 여부는 결국 시민 여론과 행정의 판단에 영향받을 수밖에 없어, 관련 논란은 쉽게 가라앉지 않을 전망이다. 울산은 프로축구 K리그의 시·도민구단과 일본 프로야구(NPB)의 2군 전용 구단 모델을 절충한 형태에 가깝다. K리그에서는 2002년 한일 월드컵을 계기로 시·도민구단이 본격적으로 등장했다. 2002년 대구FC를 시작으로 2003년 인천유나이티드, 2005년 경남FC 등이 잇달아 창단했고, 올해 용인FC와 파주프런티어FC가 합류하면서 시·도민구단은 모두 17개로 늘어났다. NPB에선 오이식스 니가타 알비렉스BC와 쿠후 하야테 벤처스 시즈오카가 2군 전용 구단으로 2024년 리그에 편입됐다. 오이식스는 독립리그 구단에서 NPB 이스턴리그로, 하야테는 지역 기업 컨소시엄이 설립한 신생 구단으로 웨스턴리그에 합류했다. 그런데 울산은 K리그 시·도민구단과 NPB 2군 전용 구단이 각각 가진 핵심 장점을 갖추지 못하고 있다. 우선 K리그 시·도민구단은 승강제를 통해 기업구단과 같은 무대에서 경쟁하며 상위 리그 진출이라는 목표를 품을 수 있다. 반면 울산은 퓨처스리그 소속 2군 전용 구단인 만큼 구조적으로 1군 승격이 불가능하다. 울산시의 야구단 운영 예산은 연간 약 60억 원으로 일부 K리그 시·도민구단보다 적은 수준이다. 그러나 상위 리그 진출이라는 목표가 원천적으로 차단된 상황에서는 같은 60억 원이라도 지방자치단체가 느끼는 부담은 더 클 수 있다. 울산시는 야구단 창단 당시 2028년까지는 시민구단 체제로 운영한 뒤 이후 시민 공모를 통해 법인으로 전환한다는 계획을 세운 것으로 알려져 있다. 하지만 연간 60억원 안팎의 비용이 필요한 데다 1군 승격이 불가능한 2군 전용 구단이라는 특성상, 운영을 이어받을 민간 주체를 찾는 과정은 쉽지 않을 전망이다. 인건비 비중이 높은 야구단 운영 특성상 재정 자립 기반을 마련하는 것도 만만치 않다. 구단이나 야구장 명명권(네이밍 라이츠) 판매 등을 통해 수익원을 확보할 수 있지만, 이를 통한 지속적인 재원 마련 여부는 여전히 불확실하다. 또 NPB의 2군 전용 구단은 모두 민간 기업이 운영한다. 민간 기업이 운영하는 구단과 지방자치단체가 세금으로 운영하는 구단은 지속가능성 측면에서 근본적인 차이가 있을 수밖에 없다. 울산은 올 시즌 전반기를 치르면서 여러 과제를 확인했다. 계약 조건에 따라 지난 5월 20일부터 일부 선수들의 KBO 구단 이적이 가능해졌지만 아직까지 실제 사례는 나오지 않았다. 기존 KBO 구단들과 울산 웨일즈가 선수 이적료 산정 기준을 놓고 이견을 보였다는 사실은 이미 언론 보도를 통해 알려져 있다. 이적 제도가 제대로 작동하지 않는다면 '2군 전용 구단'이라는 태생적 한계와 맞물려 울산의 존재 이유도 약해질 수 있다. 울산을 선택한 대부분의 선수들이 궁극적으로 KBO 무대 복귀를 목표로 하고 있기 때문이다. 장기적인 경쟁력 확보를 위해서는 선수 수급 체계도 보완해야 한다. 신인 드래프트에서 울산에 별도 추가 지명권(현행 11라운드 이후)을 부여하는 방안 등 제도적 보완도 함께 검토할 필요가 있다. 울산은 창단 첫해부터 흥행과 성적이라는 두 가지 측면에서 기대 이상의 결과를 만들어냈다. 2군 구단도 충분히 지역 사회와 팬들에게 의미 있는 콘텐츠가 될 수 있다는 가능성을 보여준 셈이다. 다만 시민구단으로 출발한 만큼 행정과 재정의 지속 가능성, 선수 육성 시스템이라는 과제를 풀어야 한다. 결국 울산의 미래는 단순히 존속 여부를 넘어 '왜 필요한 구단인가'에 대한 답을 찾는 과정에 달려 있다. 지역 야구 저변 확대와 선수 육성이라는 창단 취지를 꾸준히 증명하고, 시민과 민간 모두가 납득할 수 있는 운영 모델을 구축해야 울산의 도전이 장기적인 성공으로 이어질 수 있다. 류선규 전 SSG 랜더스 단장",https://v.daum.net/v/UMEFNvhDlc
2026.07.13 10:36,"[오피셜] 트레이드설 잠재우는 키움, 하영민과 8년 총액 80억 비FA ...",스타뉴스,"[스타뉴스 | 박수진 기자] 키움 히어로즈가 팀의 프랜차이즈 투수 하영민을 묶어두는 데 성공하며 미래를 위한 마운드 안정화를 이뤄냈다. 키움 히어로즈는 13일 오전 ""투수 하영민과 계약기간 8년(2027~2034년), 연봉과 옵션 포함 총액 80억 원(세부 내용 비공개) 규모의 비FA 다년계약을 체결했다""고 공식 발표했다. 이날 오전 서울 신도림에 위치한 '더링크서울 트리뷰트 포트폴리오 호텔'에서 열린 계약 체결식에는 위재민 대표이사와 허승필 단장을 비롯해 하영민과 그의 가족들이 참석했다. 구단은 이번 행사 타이틀을 'The Unbreakable Hero'로 정하고, 프로 데뷔 후 끊임없는 노력과 도전을 통해 팀의 중심 투수로 성장한 하영민의 여정을 예우했다. 이번 계약은 키움 구단 역사상 실제로 실행된 비FA 다년계약 가운데 최대 규모다. 지난 2025년 송성문과 포스팅 도전 조항이 포함된 6년 총액 120억 원 규모의 계약을 맺은 바 있으나, 송성문이 포스팅 시스템을 통해 해외 진출을 선택하면서 해당 계약은 실행되지 않았다. 또한 이번 하영민의 계약은 KBO리그 역대 투수 비FA 다년계약 기준으로도 손에 꼽히는 대형 계약이다. 류현진(8년 170억 원), 김광현(4년 151억 원), 구창모(7년 132억 원), 고영표(5년 107억 원), 박세웅(5년 90억 원)에 이어 역대 6번째로 큰 규모다. 키움 구단 측은 ""중장기 전력 구상을 바탕으로 안정적인 투수진을 구축하기 위해, 프랜차이즈 선수인 하영민을 반드시 지켜야 할 핵심 전력으로 판단해 이번 계약을 신속하게 추진했다""고 배경을 밝혔다. 지난 2014년 신인드래프트 2차 1라운드(전체 4순위)로 히어로즈에 입단한 하영민은 선발과 불펜을 오가며 묵묵히 경험을 쌓아왔다. 특히 2024년과 2025년 2년 연속으로 150이닝 이상을 소화하며 팀 선발진의 든든한 버팀목이 되었고, 올 시즌에도 보직을 가리지 않고 마운드의 핵심 전력으로 활약 중이다. 그라운드 밖에서도 철저한 자기관리와 솔선수범하는 자세로 후배들의 귀감이 되어왔다. 키움 구단은 ""하영민은 오랜 시간 팀과 함께 성장하며 자신의 가치를 증명한 프랜차이즈 선수""라며 ""앞으로도 책임감을 갖고 팀의 중심 선수로서 후배들에게 좋은 본보기가 되어주길 바란다. 히어로즈를 대표하는 선수로 오랫동안 활약해주길 기대한다""고 전했다. 대형 계약을 맺은 하영민은 ""구단에서 좋은 조건을 제시해주셔서 정말 감사드린다. 이번 계약을 통해 영원한 히어로즈 선수로 남을 수 있는 기회를 얻게 돼 더욱 뜻깊다""며 소감을 밝혔다. 이어 ""저를 믿고 큰 결정을 내려주신 만큼 감사함과 동시에 큰 책임감을 느낀다. 앞으로도 선배들에게 많이 배우고 후배들에게는 좋은 본보기가 될 수 있도록 노력하겠다. 팀이 더 높은 곳으로 올라갈 수 있도록 맡은 역할에 최선을 다하고, 항상 응원해 주시는 팬 여러분께도 좋은 모습으로 보답하겠다""고 각오를 다졌다. 박수진 기자 bestsujin@mtstarnews.com",https://v.daum.net/v/X7fnt42uhf
2026.07.13 10:32,"홈어드밴티지 실체 있다? 없다?···LG, 홈승률은 만드는 것이다",스포츠경향,"올해 KBO리그 전반기 흐름을 만든 유별난 기록 중 하나는 LG의 홈승률이었다. LG는 홈경기 승률을 0.698(30승13패)까지 높였다. 옆집 두산과 잠실 원정경기까지 포함하면 0.696(32승14패)였다. 원정 경기 승률이 0.524(22승20패)로 상대적으로 낮았는데도 불구하고 시즌 승률 0.612로 선두싸움이 가능했던 데는 잠실경기 승률을 최대치로 끌어올린 덕분이었다. LG가 전반기 팀타율 5위(0.272), 팀OPS 5위(0.762), 팀평균자책 5위(4.49) 등으로 주요 지표가 중위권에 머물면서도 정규시즌 순위표를 끌어갈 수 있었던 것 또한 단편적 숫자로는 잘 드러나지 않는 ‘안방 효과’를 창출한 데 있었다. 홈어드밴티지는 어느 종목에서나 통용되지만 개념은 때때로 추상적이다. 익숙하면서도 편안한 환경과 홈관중 응원 같은 기분을 건드리는 요소들이 거론되기도 한다. 그러나 홈어드밴티지는 존재 여부 문제보다는 활용 가부의 문제일 수 있다. 조성환 KBSN스포츠 해설위원은 지난주 스포츠경향 야구전문 유튜브 채널 ‘최강볼펜’과 전반기를 복기하고 후반기를 내다보며 “LG는 잠실구장 최적화 야구를 하는 것 같다”고 평했다. 압도적인 잠실구장 승률이 우연히 나온 숫자는 아니라는 것이다. LG는 올시즌 각종 지표에 ‘잠실구장’을 대입하면 전혀 다른 이미지를 만들어낸다. 예컨대 파크팩터가 반영된 조정 득점 창출력을 말하는 ‘WRC +’로는 110.5를 찍으며 전체 1위를 기록했다. 잠실구장은 대표적인 투수친화구장이다. 가운데 담장까지 거리가 125m로 가장 멀뿐더러 좌우중간이 깊게 들어가 있다. 웬만한 거포들은 잠실구장에서 한 시즌 홈런 몇개는 손해를 본다. 그래서 잠실을 홈으로 쓰는 팀타선은 출루율의 비중이 반대로 커지기 마련이다. LG의 올시즌 잠실구장 팀출루율은 0.367이었다. 원정팀으로 잠실에서 8경기만을 치르며 팀출루율 0.376을 기록한 KT 다음이었지만 잠실구장을 함께 홈으로 쓰는 두산(0.338)과는 간격을 보이며 큰 구장에 맞는 공격 요소들을 만들었다. 그 가운데 LG 홍창기는 올시즌 타격밸런스를 더디게 찾아가고 있지만 잠실경기 출루율은 0.453으로 팀내 1위에 오를 만큼 안방에 맞는 타격을 했다. 공교롭게 LG는 원정경기에서는 팀출루율이 0.353(5위)로 평범했다. LG는 또 잠실구장 외야에 큰 타구가 뜰 때마다 부각되는 외야 수비력이 중견수 박해민을 중심으로 독보적이었다. 수비관련 득점기여도(RAA)에서 외야만 떼어내면 13.86으로 1위였다. 2위 두산이 6.42로 떨어져 있는 가운데 외야 RAA 마이너스 수치를 기록한 팀이 4곳이 된 것을 고려하면 LG가 강력한 외야 수비력을 홈승률 상승의 핵심 동력으로 연결한 것을 확인할 수 있다. LG는 홈경기 약세로 고심이 컸던 시절도 있었다. 홈승률이 떨어질 때면 잠실 홈구장 주변에서 보내는 일상이 부정적 시각에서 조명되는가 하면 홈팬의 응원이 부담과 압박으로 해석되기도 했다. LG 구단 관계자라면 잊고 싶은 암흑기의 전설 같은 얘기겠지만, LG에 오랜 시간 몸담은 관계자 누군가는 기억하는 것들이다. LG는 선두싸움을 화두로 후반기 레이스를 준비하고 있다. 전반기의 여러 잔상 중 끌고 가야 하는 것 중 하나가 홈승률이다. 올해가 지나면 역사 속으로 사라질 잠실야구장의 홈어드밴티지를 누릴 마지막 시간이기도 하다. 안승호 기자 siwoo@kyunghyang.com",https://v.daum.net/v/72rgBJRf3n
2026.07.13 10:28,"[IS 피플] 명백한 공백기 후유증...안우진 재기, 핵심은 직구",일간스포츠,"안우진(27·키움 히어로즈)은 KBO리그 1선발로 통한다. 2023년 8월 이후 군 복무와 수술 재활 치료로 긴 공백기를 보냈지만, 2점 대 초반 평균자책점을 새긴 2022·2023시즌 강렬한 퍼포먼스가 그런 평가에 기인했다. 안우진은 사회복무요원 소집 해제를 앞둔 지난해 8월, 퓨처스리그 연습경기에 등판 뒤 훈련을 소화하다가 어깨를 다쳐 복귀가 늦어졌다. 하지만 2~3월 대만에서 진행된 1군 스프링캠프를 소화하며 몸을 만들었고, 당초 7월이었던 전망보다 빠른 4월 초 1군 복귀전을 치렀다. 재활 등판을 실전 무대를 통해 소화하는 배려를 받았고, 5월부터 본격적으로 '정상' 투구를 소화했다. 전반기 성적은 평범하다. 등판한 13경기에서 2승 5패, 평균자책점 3.70을 기록했다. 6월 6일 두산 베어스전, 6월 24일 KIA 타이거즈전에서 각각 6실점과 5실점을 기록하며 평균자책점이 올랐다. 긴 공백기를 고려하면 나쁘지 않은 성적이었지만, '리그 1선발' 안우진이기에 보정된 평가 기준이 적용된 게 사실이다. 가장 빼어난 퍼포먼스를 보인 2022시즌 그는 피안타율 0.188, 이닝당 출루허용률 1.04를 기록했다. 하지만 올 시즌은 피안타율 0.231, 이닝당 출루허용률은 1.21로 높아졌다. 아직 완벽한 상태는 아니다. 복귀 뒤 오른 이두근 통증으로 한차례 1군 엔트리에서 제외됐고, 물집이 생겨 다시 멈춰서기도 했다. 한 주에 두 차례 등판(화요일-일요일)을 소화한 적도 없다. 구속은 더 올랐다. 복귀전부터 160㎞/h를 찍었다. 하지만 전반기 포심 패스트볼(지국) 피안타율은 2022(0.224) 2023(0.247)보다 크게 오른 0.275였다. 전반기 마지막 등판이었던 7일 수원 KT 위즈전에서도 김현수·김상수·배정대 등 경험 많은 베테랑 타자들에게 직구가 공략 당해 안타를 허용했다. 로케이션의 정교한 영점은 2022·2023시즌에 비해 부족했다. 여기에 처음 경합하는 자동 투구 판독 시스템(ABS)에 혼선을 겪기도 했다. 우타자 상대로 배트를 끌어냈던 슬라이더가 이전보다 좁아진 좌우 스트라이크존으로 인해 그 효과가 떨어졌다. 안우진은 전반기 막판 커브 구사율을 높여 ABS가 스트라이크를 잘 잡아주는 상단을 공략했다. 하지만 다가올 후반기는 상대 타자들도 이런 안우진의 공 배합을 분석해 나설 가능성이 높아, 커브 활용이 원래 모습을 되찾기 위한 근본적인 해결책이 되긴 못할 것 같다. 결국 핵심은 직구의 커맨드를 공백기 전 수준으로 회복하는 것이다. 설종진 키움 감독은 안우진의 전반기를 돌아보며 투수에게 치명적인 어깨 부상을 딛고 잘 버텼다고 했다. 안우진도 연합뉴스와의 인터뷰에서 ""3년이라는 공백기가 생각보다 컸다. 부족한 점을 많이 느꼈고, 좋은 방향으로 갈 수 있도록 계속 방법을 찾는 중""이라고 돌아봤다. 키움은 안우진의 복귀 실점에 맞춰 리빌딩을 완성하려는 계획까지 세웠다. 그만큼 안우진의 존재감이 큰 팀이다. 4년 연속 최하위 위기에 놓여 있는 키움. 안우진이 자신과 소속팀 반등을 이끌 수 있을지 주목된다. 안희수 기자 anheesoo@edaily.co.kr",https://v.daum.net/v/9Z2h36fzDc
2026.07.13 10:26,‘전반기 1위 삼성’ 페덱 합류? 저도 기대되는데요! 구자욱 “빨리 적응...,스포츠서울,"[스포츠서울 | 이소영 기자] “좋은 투수를 영입한 만큼 많이 기대된다.” 2015년 이후 11년 만에 전반기를 1위로 마친 삼성이 정규시즌 우승을 향한 질주에 나섰다. 현역 빅리거 크리스 페덱(30)을 품에 안았다. 구자욱(33)도 “팀에 빨리 적응할 수 있도록 주장으로서 노력하겠다”고 반겼다. 삼성의 후반기가 심상치 않다. 꾸준히 선두 자리를 지키던 LG를 제치고 전반기를 가장 높은 곳에서 돌았다. 시즌 초반 맷 매닝이 팔꿈치 부상으로 이탈하는 대형 악재를 맞았지만, 대체 외국인 투수 잭 오러클린이 제 몫을 다하면서 선발 공백을 최소화했다. 13일 현재 팀 평균자책점은 4.11로 리그 2위다. 개막 전부터 삼성은 유력한 우승 후보로 꼽혔다. 리그 정상급 ‘이닝 이터’ 아리엘 후라도를 앞세운 마운드와 구자욱, 르윈 디아즈, 최형우로 이어지는 강타선을 보유한 까닭이다. 시즌 중 주전급 선수들의 부상과 이탈로 어려움도 겪었으나, 선발진에서는 양창섭과 장찬희, 김백산 등이 깜짝 활약을 펼치며 힘을 보탰다. 빠른 결단도 한몫했다. 삼성은 두 차례 계약을 연장한 오러클린과 정식 계약을 맺는 대신 새 투수를 택했다. 지난해 호주리그(ABL)부터 월드베이스볼클래식(WBC) 일정까지 소화한 만큼 체력 문제가 변수였다. 실제 6월부터 페이스가 처진 오러클린은 마지막 10경기에서 평균자책점 5.47로 고전했다. 예상 가능했던 이별인 셈이다. 항간에 돌던 페덱의 KBO리그행도 현실이 됐다. 11일 삼성은 “ML 출신 오른손 투수 페덱과 47만3333달러(약 7억원)에 계약을 체결했다”며 “국내에서 메디컬테스트를 마쳤고, 조만간 팀에 합류할 예정”이라고 밝혔다. 말 그대로 입이 떡 벌어지는 영입이자, 삼성의 우승 의지를 엿볼 수 있는 대목이다. 신장 196ｍ, 몸무게 98㎏의 체격을 갖춘 페덱은 빅리그 통산 123경기에서 32승43패, 평균자책점 4.13, WHIP(이닝당 출루 허용률) 1.26을 기록했다. 주목할 부분은 이 가운데 119경기에 선발 등판했다는 점이다. KBO리그를 찾는 외국인 투수 중엔 주로 불펜으로 뛰던 사례가 적지 않다. 그런데 페덱은 풍부한 선발 경험을 갖춘 데다가 마이너리그보다 ML에서 더 많은 경기를 소화했다. 마이너리그에서는 통산 40경기(선발 35경기), 13승7패, 평균자책점 1.92, WHIP 0.82의 성적을 남겼다. 선수단의 우승 의지도 확고하다. 구자욱은 “100점짜리 전반기였다. 선수들이 정말 다 잘해줬다”고 돌아보며 “구단에서 좋은 투수를 영입했다고 들었다. 기대되고, 빨리 팀에 적응할 수 있도록 주장으로서 노력하겠다”고 힘줘 말했다. sshong@sportsseoul.com",https://v.daum.net/v/G6qHKnd8y3
2026.07.13 10:18,"LG 트윈스, 패션 브랜드 '마뗑킴'과 콜라보레이션 컬렉션 출시 ""구단 ...",스타뉴스,"[스타뉴스 | 박수진 기자] LG 트윈스가 국내 대표 브랜드 인큐베이터 하고하우스가 운영하는 패션 브랜드 '마뗑킴'과 협업 컬렉션을 출시한다고 13일 밝혔다. LG 구단에 따르면 마뗑킴은 최근 MZ세대 사이에서 단순한 의류 브랜드를 넘어 하나의 패션 아이콘으로 자리 잡은 브랜드다. 이번 협업은 LG가 가진 스포츠 헤리티지와 마뗑킴의 트렌디한 디자인을 접목, 야구장과 일상에서 모두 착용할 수 있는 패션 아이템을 제안하기 위해 기획됐다. 출시 품목은 더그아웃 자켓, 베이스볼 저지, 반팔 티셔츠 등 의류 6종과 비니, 미니 크로스백, 키링 등 액세서리 5종으로 구성됐다. 기존 마뗑킴 브랜드의 감각적인 디자인에 그라운드의 흙먼지를 재해석한 빈티지 분위기를 더해 선수들의 열정을 시각적으로 담아낸 것이 특징이다. 특히 대표 아이템인 의류 컬렉션에는 LG트윈스의 상징인 블랙과 레드 컬러를 바탕으로 '잠실구장', '서울', 'V5를 향한 도전' 등 구단을 연상시키는 디자인 요소로 포인트를 줬다. '마뗑킴 X LG트윈스' 컬렉션은 오는 20일부터 26일까지 네이버 컨템포러리 패션 서비스 '노크잇(KNOCKIT)'에서 판매된다. 오픈 첫날인 20일 정오에는 네이버 쇼핑 라이브를 통해 특별한 혜택도 함께 선보일 예정이다. 아울러 오는 24일부터는 마뗑킴 성수 플래그십 스토어에서도 컬렉션을 직접 만나볼 수 있으며, 현장에 비치된 제품별 QR 코드를 통해 노크잇에서 구매가 가능하다. 박수진 기자 bestsujin@mtstarnews.com",https://v.daum.net/v/704g6Aaelq
2026.07.13 10:14,'리틀·여자야구·재미교포 총출동' U-15 소프트볼 대표팀 확정…아시아컵...,OSEN,"[OSEN=홍지수 기자] 대한야구소프트볼협회(KBSA)가 제3회 U-15 소프트볼 아시아컵에 출전할 청소년 국가대표 선수단 구성을 마치고 본격적인 대회 준비에 돌입했다. 리틀야구와 여자야구, 재미교포 유망주까지 합류하며 대표팀 경쟁력이 한층 강화됐다. 대한야구소프트볼협회는 오는 10월 12일부터 17일까지 중국 웨이하이에서 열리는 제3회 U-15 소프트볼 아시아컵에 출전할 국가대표 선수단을 최종 확정했다고 밝혔다. 협회는 경기력향상위원회를 통해 이상현 감독을 비롯한 코칭스태프와 선수 16명으로 구성된 최종 엔트리를 확정했다. 이번 대표팀에는 국내 유소년 무대에서 두각을 나타낸 선수들이 대거 포함됐다. 올해 회장기와 평화통일배 대회에서 최우수선수상과 우수투수상을 동시에 수상한 황지원(구암중)을 비롯해 이채원(신정여중), 임슬희(신정여중) 등 유망주들이 태극마크를 달고 아시아 무대에 나선다. 대표팀 구성의 폭도 한층 넓어졌다. 협회의 유소년 여자 선수 저변 확대 정책에 따라 한국리틀야구연맹 소속 박채현(김해리틀야구단), 김예원(기장군리틀야구단), 한국여자야구연맹 소속 김아인(천안주니어여자야구단)이 처음으로 대표팀에 선발됐다. 여기에 미국에서 활약 중인 재미교포 선수 안혜영, 조유주, 최민주, 조윤주까지 합류하면서 전력 강화에 힘을 보탰다. 대표팀을 이끄는 이상현 감독은 풍부한 유소년 지도 경험을 갖춘 지도자다. 2013년 이후 중·고교 지도자로 활동하며 유망주 육성에 힘써왔고, 2015년부터 2023년까지 총 8차례 청소년 국가대표 전담지도자로 활약하는 등 국제대회 경험도 풍부하다. 양해영 대한야구소프트볼협회장은 ""리틀야구와 여자야구, 해외 유망주까지 아우른 이번 대표팀이 국제대회에서 좋은 성과를 거둘 것으로 기대한다""며 ""앞으로도 유소년부터 성인 대표팀까지 체계적인 선수 육성과 국제 경쟁력 강화를 위해 지속적인 지원을 이어가겠다""고 밝혔다. 협회는 선수단 소집과 강화훈련을 통해 조직력을 끌어올린 뒤 오는 10월 중국 웨이하이에서 열리는 아시아컵에서 정상 탈환에 도전할 계획이다. /knightjisu@osen.co.kr",https://v.daum.net/v/FtaAlpFYW1
2026.07.13 10:07,"'MLB 32승' 페덱 합류 반긴 구자욱 ""주장으로서 빠른 적응 도울 것...",뉴스1,"(서울=뉴스1) 서장원 기자 = 프로야구 삼성 라이온즈 주장 구자욱이 팀의 우승 도전을 위한 '승부수' 크리스 페덱 영입에 반색하며 최대한 빠른 적응을 돕겠다고 말했다. 구자욱은 지난 11일 서울 잠실 구장에서 열린 프로야구 올스타전에서 취재진과 만나 ""구단이 좋은 투수를 영입해서 기대가 많이 된다""며 이같이 말했다. 삼성은 11일 풍부한 메이저리그(MLB) 커리어를 지닌 외국인 투수 페덱 영입을 발표했다. 잭 오러클린과 연장 계약을 하지 않기로 결정한 삼성은 발 빠르게 움직여 경쟁팀을 제치고 페덱을 데려오는 데 성공했다. 키 1m96, 몸무게 98㎏의 체격을 갖춘 페덱은 메이저리그 통산 132경기(선발 119경기)에서 32승43패, 평균자책점 4.83의 성적을 냈다. 다양한 구종을 갖췄고, 메이저리그 통산 9이닝당 8.02개의 탈삼진, 9이닝당 볼넷 2.04개를 기록하는 등 제구력이 좋은 투수로 평가받는다. 페덱은 ""어떤 리그에서든 프로야구는 많이 이겨야 하는 스포츠다. 그런 면에서 1위 경쟁을 하는 삼성이 매력적으로 느껴졌다. 이 팀의 전통과 팬들의 열정에도 끌렸다""고 입단 소감을 밝혔다. 삼성은 '빅네임' 페덱 영입으로 정규 시즌 우승 도전에 박차를 가하겠다는 각오다. 이름값만으로 KBO리그에서 반드시 성공한다는 보장은 없지만, 우승을 향한 의지는 충분히 드러냈다. 페덱이 KBO리그에 안착하기 위해서는 무엇보다 빠른 적응이 필수다. 새로운 리그의 특수성뿐만 아니라 동료들과 융화, 그리고 한국 문화에도 녹아들어야 한다. 새로운 식구의 적응을 돕는 건 주장의 역할이기도 하다. 구자욱은 ""페덱 영입으로 기대가 큰 만큼 주장으로서 빨리 팀에 스며들 수 있도록 노력하겠다""고 말했다. 삼성은 전반기 51승2무32패를 기록하며 지난 2015년 이후 11년 만에 전반기를 1위로 마쳤다. 구자욱은 66경기에서 타율 0.339, 8홈런, 57타점, OPS(출루율+장타율) 0.940의 호성적으로 힘을 보탰다. 두 차례 부상자 명단에 오르긴 했지만 기여도 측면에서 존재감은 확실했다. 구자욱은 ""선수들이 너무 고생했고 잘했다. 100점짜리 전반기가 아니었나 생각한다""면서 후반기에도 좋은 기운을 계속 이어가겠다는 각오를 밝혔다. superpower@news1.kr",https://v.daum.net/v/9g0GIF5TYd
2026.07.13 10:06,"이정후·송성문, 전반기 최종전에서 무안타 침묵",KBS,"한국인 메이저리거 이정후와 송성문이 전반기 마지막 경기에서 나란히 무안타로 침묵했습니다. 샌프란시스코의 이정후는 오늘(13일) 콜로라도와의 홈경기에 5번 타자 우익수로 출전해 4타수 무안타를 기록했습니다. 이로써 이정후는 이번 시즌 전반기를 타율 0.302로 마쳤고, 샌프란시스코는 3대1로 이겼습니다. 샌디에이고의 송성문도 토론토와의 홈경기에 9번 타자 3루수로 나와 2타수 무안타에 타점 1개를 올렸습니다. 송성문은 1대1로 맞선 2회 1사 만루에서 밀어내기 볼넷을 골라 시즌 13번째 타점을 수확했습니다. 이후에는 내야 뜬공과 땅볼로 물러나 시즌 타율 0.212를 기록했고, 샌디에이고는 5대4로 승리했습니다. 두 선수는 올스타 휴식기를 거친 뒤 18일부터 재개되는 메이저리그 후반기에 나섭니다. [사진 출처 : 연합뉴스] ■ 제보하기 ▷ 전화 : 02-781-1234, 4444 ▷ 이메일 : kbs1234@kbs.co.kr ▷ 카카오톡 : 'KBS제보' 검색, 채널 추가 ▷ 유튜브, 네이버에서도 KBS뉴스를 구독해주세요! 하무림 기자 (hagosu@kbs.co.kr)",https://v.daum.net/v/9tNhm5Hlly
2026.07.13 10:04,"오러클린이 남기고 간 경고장, 웰스는 ‘긴 여름’과 '100이닝'을 버틸...",MHN스포츠,"(MHN 정철우 기자) 잭 오러클린은 실패한 투수가 아니다. 그러나 삼성 라이온즈가 끝까지 함께 갈 수 있는 투수도 되지 못했다. 부상으로 이탈한 맷 매닝을 대신해 급히 한국에 왔고, 적응할 시간도 충분하지 않았지만 삼성 선발진의 공백을 예상보다 오래 메웠다. 단기 대체 선수로 출발한 투수가 두 차례나 계약을 연장했다는 것만으로도 오러클린이 남긴 몫은 작지 않았다. 하지만 삼성은 우승을 노리는 팀이다. 전반기를 버티게 해준 투수와 가을까지 승리를 맡길 투수는 다른 기준으로 평가받는다. 삼성은 결국 크리스 페덱이라는 더 강한 카드를 선택했고, 오러클린은 호주로 돌아갔다. 최종 기록은 17경기 83⅓이닝, 5승5패, 평균자책점 4.86이었다. 81개의 삼진을 잡았지만 38개의 볼넷을 내줬고 이닝당 출루허용률은 1.39였다. 아주 나쁘지도, 그렇다고 우승 경쟁의 중심에 세우기에도 부족한 성적이었다. 다만 오러클린을 단순히 평균자책점 4점대 후반의 외국인 투수로만 기억하면 중요한 부분을 놓치게 된다. 그의 2026년은 성적이 떨어졌다는 사실보다 왜 떨어졌는지를 살펴볼 필요가 있다. 그리고 그 이유를 따라가다 보면 LG 트윈스의 라클란 웰스가 보인다. 오러클린은 지친 상태로 한국에 온 투수가 아니었다. 오히려 남들보다 빨리 준비된 투수였다. 호주리그에서 선발로 던졌고, 이어 호주 대표팀에 합류해 월드베이스볼클래식까지 치렀다. 대만전에서 3이닝 무실점, 한국전에서 3⅓이닝 1실점 비자책으로 호투한 뒤 곧바로 삼성의 호출을 받았다. 삼성에는 가장 편리한 형태의 대체 선수였다. 긴 준비 기간이 필요하지 않았고, 실전 감각도 살아 있었다. 그 준비된 몸은 초반 강점으로 나타났다. 오러클린은 4월부터 안정을 찾았고 5월에는 다섯 차례 선발 등판에서 4승무패, 평균자책점 3.49를 기록했다. 5월 5일 키움전부터 16일 KIA전까지 세 경기 연속 6이닝 이상을 던지며 모두 승리투수가 됐다. 5월 말까지 10경기 4승2패, 평균자책점 3.68. 삼성이 계약을 연장하지 않을 이유가 없었다. 문제는 이후였다. 오러클린의 공이 하루아침에 사라진 것은 아니었다. 구속이 갑자기 크게 떨어진 것도, 큰 부상을 입은 것도 아니었다. 조금씩 버티는 힘이 약해졌다. 6월에는 5경기에서 23⅓이닝, 평균자책점 5.79에 그쳤다. 6월 11일 KT전에서 6이닝 무실점으로 반등하는 듯했지만 흐름은 오래가지 않았다. 30일 NC전에서 2⅔이닝 7실점, 7월 8일 LG전에서 3⅔이닝 5실점으로 무너졌다. 마지막 두 경기에서 6⅓이닝 12실점이었다. 월별 흐름은 더 선명하다. 4월 평균자책점 3.70, 5월 3.49로 잘 버텼지만 6월 5.79, 7월 12.27로 치솟았다. 적응이 끝난 뒤 더 좋아진 것이 아니라 가장 좋아 보였던 지점에서 내려오기 시작했다. 이를 기술적인 문제 하나로 설명하기는 어렵다. 오러클린은 KBO리그에 오기 전 호주리그에서 48⅓이닝을 던졌고 WBC에서 6⅓이닝을 더했다. 삼성에서 기록한 83⅓이닝까지 합치면 지난해 겨울부터 공식 경기에서만 138이닝을 소화했다. 138이닝 자체가 선발 투수에게 감당할 수 없는 숫자는 아니다. 중요한 것은 달력이다. 일반적인 KBO리그 선발 투수는 겨울에 쉬고 2월부터 투구에 들어간다. 오러클린은 남반구의 여름리그를 마치고 WBC에 나선 뒤 곧바로 북반구의 정규시즌에 들어왔다. 휴식기가 사라졌다. 처음에는 그것이 경쟁력이었다. 남들보다 일찍 몸이 만들어져 있었기 때문에 바로 선발 로테이션에 들어갈 수 있었다. 그러나 몸이 빨리 올라왔다는 것은 피로도 일찍 시작됐다는 뜻이다. 4월과 5월의 오러클린은 준비된 투수였지만, 6월과 7월의 오러클린은 이미 긴 시즌을 보낸 투수에 가까웠다. 한국의 여름은 그 차이를 더 크게 만든다. 습도가 높고 이동이 잦은 KBO리그에서 선발 투수는 닷새에 한 번 공만 던지는 것이 아니다. 이동과 훈련, 불규칙한 경기 시간까지 견뎌야 한다. 피로가 쌓이면 가장 먼저 사라지는 것은 최고 구속이 아니라 같은 공을 반복해서 던지는 능력이다. 오러클린에게도 비슷한 변화가 나타났다. 좋을 때는 긴 신장을 활용해 스트라이크존에 각을 만들었지만 후반으로 갈수록 볼넷과 투구 수가 늘었다. 6월 23⅓이닝 동안 볼넷 14개를 허용했다. 공의 위력이 완전히 사라졌다기보다 원하는 곳에 반복해서 던질 수 있는 힘이 떨어졌다고 보는 편이 자연스럽다. 삼성도 그 변화를 외면할 수 없었다. 대체 외국인 선수에게 기대하는 임무는 공백을 메우는 것이다. 오러클린은 그 역할을 해냈다. 그러나 정식 외국인 선수는 5일에 한 번씩 계산이 서야 하고, 순위 싸움이 치열해질수록 더 긴 이닝을 책임져야 한다. 오러클린은 삼성을 버티게 했지만 삼성은 그에게 가을을 맡길 수 없었다. 여기서 LG가 생각해야 할 투수가 웰스다. 웰스와 오러클린은 같은 호주 출신 좌완이다. 빠른 공만으로 상대를 누르기보다 제구와 변화구, 타이밍 싸움으로 승부한다. KBO리그 적응이 빨랐고 이름값보다 실제 투구 내용으로 먼저 평가받았다는 점도 닮았다. 다만 두 선수의 겨울은 정확히 구분해야 한다. 웰스는 호주리그 애들레이드 자이언츠에서 뛰어온 투수지만 2025~2026 호주리그 정규시즌을 소화한 뒤 LG에 온 것은 아니다. LG 계약이 2025년 11월 확정되면서 지난겨울 호주리그 경기 이닝은 쌓지 않았다. 오러클린처럼 호주리그 48⅓이닝을 던지고 WBC를 거쳐 한국에 온 것과는 차이가 있다. 이는 웰스에게 긍정적인 요소다. 오러클린보다 겨울 실전 소모가 적었다. 그러나 웰스에게는 또 다른 위험이 있다. 겨울에 많은 이닝을 던지지는 않았지만, 애초에 한 시즌 100이닝 이상을 책임진 경험이 없다. 웰스의 마이너리그 한 시즌 최다 이닝은 2017년 85⅓이닝이다. 포트마이어스에서 81⅓이닝, 루키리그에서 4이닝을 던졌다. 2016년에는 71⅓이닝에 머물렀고, 2018년에는 토미존 수술로 시즌을 쉬었다. 이후에도 긴 시즌을 완주하며 100이닝 이상을 쌓은 경력은 없다. 호주리그에서는 좋은 성적을 냈다. 두 시즌 34경기에서 154⅔이닝, 13승3패, 평균자책점 2.91을 기록했고 2023시즌에는 9경기 47⅔이닝, 6승무패, 평균자책점 0.94로 최우수선수에 올랐다. 그러나 호주리그는 KBO리그보다 시즌이 짧다. 한국에서 선발 한 자리를 끝까지 책임지는 부담과는 다르다. 웰스는 현재 15경기에서 79⅔이닝을 던져 5승3패, 평균자책점 2.82를 기록했다. LG의 선택은 대성공에 가깝다. 제구와 완급 조절로 타자를 흔들었고 적은 투구 수로 긴 이닝을 소화했다. 4월 22일 한화전에서는 84구로 8이닝 무실점을 기록했다. 문제는 79⅔이닝이라는 숫자다. 개인 한 시즌 최다인 85⅓이닝까지 5⅔이닝밖에 남지 않았다. 정상적으로 한 차례만 더 선발 등판하면 프로 데뷔 후 가장 많은 이닝을 던지는 시즌이 된다. 아직 후반기도 남아 있다. LG가 웰스를 로테이션에 계속 두면 100이닝은 자연스럽게 넘어선다. 건강하게 시즌을 마칠 경우 120이닝 안팎까지 갈 수 있고 포스트시즌까지 더하면 투구량은 더 늘어난다. 웰스에게는 과거 최대치를 30~40이닝 이상 뛰어넘는 시즌이 될 수 있다. 85⅓이닝이 웰스의 한계라는 뜻은 아니다. 그러나 그 이후에도 제구가 유지되는지, 여름철 회복 속도가 떨어지지는 않는지, 닷새 휴식만으로 허리와 팔의 피로가 풀리는지는 확인된 자료가 거의 없다. LG도 처음 겪는 영역이다. 이미 한 차례 신호도 있었다. 웰스는 5월 허리 통증으로 1군 엔트리에서 제외됐다. 당시 7경기 2승2패, 평균자책점 2.06으로 잘 던지고 있었다. 부진해서 빠진 것이 아니었다. LG는 풀타임 선발 경험이 부족한 웰스의 회복 상태를 고려해 등판을 한 차례 건너뛰게 했다. 휴식을 마친 웰스는 복귀전에서 KIA를 상대로 6이닝 무실점을 기록했다. 그 결정은 웰스를 어떻게 써야 하는지 보여준 장면이었다. 선수가 던질 수 없을 때 빼는 것은 치료다. 던질 수 있을 때 한 번 쉬게 하는 것이 관리다. LG는 후반기에도 같은 원칙을 지켜야 한다. 웰스가 잘 던진다는 이유로 닷새마다 기계적으로 등판시켜서는 안 된다. 우천 취소가 생기면 순서를 당길 필요가 없고, 5선발이 필요하지 않은 주에는 한 차례 쉬게 할 수도 있다. 투구 수가 많아진 날에는 승리투수 요건이나 퀄리티스타트보다 다음 등판을 생각해야 한다. 특히 허리는 가볍게 볼 수 없다. 웰스는 힘으로 밀어붙이는 투수가 아니다. 하체와 몸통 회전, 일정한 릴리스 지점을 활용해 스트라이크존을 넓게 쓰는 투수다. 허리가 불편해지면 구속만 떨어지는 것이 아니라 몸이 먼저 열리고 공이 가운데 몰릴 수 있다. 변화구의 출발점이 달라지면 타자는 구종을 더 빨리 읽는다. 이런 투수는 피로의 흔적이 기록에 늦게 나타날 수도 있다. 파울이 늘고 한 타자를 상대하는 공이 많아지며 5회 이후 변화구가 높아지는 작은 변화부터 살펴야 한다. 오러클린도 처음부터 무너진 것은 아니었다. 6월에도 6이닝 무실점 경기가 있었다. 좋은 경기와 나쁜 경기가 섞여 일시적인 기복처럼 보였다. 그러나 한 달 전체를 놓고 보니 이닝은 줄고 볼넷은 늘었다. 마지막에는 두 경기 연속 4이닝을 채우지 못했다. 피로는 예고장을 보내고 찾아오지 않는다. LG는 오러클린의 결과보다 과정을 봐야 한다. 웰스는 오러클린보다 유리한 조건에서 시즌을 시작했다. 지난겨울 호주리그 이닝이 없었고, 허리 통증이 생겼을 때 LG도 빠르게 쉬게 했다. 같은 결말을 맞을 것이라고 단정할 근거는 없다. 그러나 출발점이 다를 뿐 질문은 같다. 얼마나 오래 같은 공을 던질 수 있느냐다. 오러클린은 쉼 없이 달려온 끝에 지쳤다. 웰스는 지금까지 가보지 않은 거리를 달려야 한다. 오러클린의 문제는 시즌이 너무 길었다는 데 있었고, 웰스의 문제는 긴 시즌을 완주한 경험이 없다는 데 있다. LG에 웰스는 단순한 5선발이 아니다. 아시아쿼터 투수지만 실제 활약은 정상급 외국인 선발에 가깝다. 웰스가 후반기에도 현재 수준을 유지하면 LG의 순위 경쟁은 훨씬 편해진다. 반대로 체력 문제로 흔들리면 다른 선발의 등판 간격과 불펜 운영까지 모두 영향을 받는다. 그래서 LG가 웰스에게 요구해야 할 것은 최대 이닝이 아니다. 필요한 경기에서 가장 좋은 공을 던지는 것이다. 전반기에 5이닝을 한 번 더 얻으려다 후반기의 여러 경기를 잃어서는 안 된다. 100구를 채워 선발승을 만들어주는 것보다 80구에서 끊어 다음 등판의 공을 지키는 편이 더 중요할 수 있다. 선수는 오늘의 경기를 생각한다. 팀은 10월까지 생각해야 한다. 오러클린은 삼성에 5승과 83⅓이닝을 남겼다. 동시에 준비가 빠른 투수가 반드시 긴 시즌에 강한 것은 아니라는 사실도 보여줬다. LG에는 그것이 좋은 참고서가 될 수 있다. 웰스의 시즌은 지금까지 성공적이다. 그래서 더 조심해야 한다. 좋은 투수를 계속 던지게 하는 것은 누구나 할 수 있다. 좋은 투수를 적절히 멈춰 세워 시즌 끝까지 좋은 투수로 남게 하는 것이 벤치의 역할이다. 오러클린은 겨울부터 쉬지 못한 대가를 여름에 치렀다. 웰스는 이제 자신의 경력에서 한 번도 밟아보지 못한 이닝으로 들어간다. 85⅓이닝에서 100이닝으로 향하는 구간은 단순한 숫자의 증가가 아니다. 웰스의 몸과 LG의 관리 능력이 함께 받는 시험이다. LG는 이미 한 차례 정답을 보여줬다. 허리가 아팠을 때 기다리지 않고 엔트리에서 뺐고, 충분히 쉬게 한 뒤 다시 돌려보냈다. 후반기에도 같은 용기가 필요하다. 웰스에게 필요한 것은 100이닝을 반드시 넘으라는 독려가 아니다. 100이닝을 넘은 뒤에도 지금의 웰스로 남게 해주는 관리다.",https://v.daum.net/v/7ztaiOrNdX
2026.07.13 09:59,"[김기철의 스포츠 브레인] 2026년 KBO 올스타전, 잠실 마지막 밤에...",마니아타임즈,"지난 7월 11일 토요일 저녁 6시, 잠실야구장에서 나눔 올스타가 드림 올스타를 10-2로 눌렀다. 하지만 이날 스코어보드보다 더 크게 걸린 문구가 있었다. 'RE:잠실 - 올스타즈, 올 메모리즈', 1982년 출범한 한국프로야구는 올해 45번째 시즌을 보내고 있고, 잠실야구장은 올해 시즌으로 마무리되고 2031년 돔구장으로 다시 태어나기 위한 이별을 한다. 2026년 KBO 올스타전은 그렇게 잠실에서 열리는 마지막 올스타전이 됐고, 관중석 곳곳에서 카메라를 든 손이 유독 많았던 이유도 여기에 있었다. 왜 사람들은 스코어보다 '마지막'이라는 단어에 더 반응했을까. 여기엔 해마와 대뇌피질이 손잡고 벌이는 특별한 작업이 있다. 평소 우리 뇌는 오래된 기억을 창고에 얌전히 넣어두고 어지간해서는 꺼내지 않는다. 그런데 '이제 다시는 볼 수 없다'는 신호가 들어오면 상황이 달라진다. 뇌는 그 기억을 다시 꺼내 재생하고 현재의 감정을 덧입혀 새로 저장한다. 이를 기억 재응고화라고 부른다. 마치 오래된 필름을 다시 편집실로 가져와, 지금의 색감으로 덧칠하는 것과 비슷하다. 잠실이라는 공간이 사라진다는 사실 하나가, 관중 수만 명의 뇌 속에서 각자 다른 필름을 동시에 재생시킨 셈이다. 누군가는 첫 데이트를, 누군가는 아버지의 손을 잡고 앉았던 좌석을 떠올렸을 것이다. 이 재편집 과정에서 뇌는 단순한 사실을 넘어 '내가 이 공간에서 살아온 시간'이라는 감정적 의미를 다시 확인한다. 그래서 마지막이라는 말은 슬픔의 신호가 아니라, 뇌가 스스로에게 보내는 정리의 신호에 가깝다. 잊기 위해서가 아니라, 제대로 간직하기 위해 한 번 더 꺼내보는 것이다. 흥미롭게도 이 재응고화는 그냥 기억을 되풀이하는 것과는 다르다. 꺼내는 순간 기억은 잠시 불안정한 상태가 되고, 그 틈에 지금 느끼는 아쉬움이나 자부심 같은 감정이 새로 끼어든다. 그래서 사람들은 같은 잠실을 떠올려도 저마다 조금씩 다른 온도로 그 공간을 다시 저장하게 된다. 이날 주인공은 예상 밖의 인물이었다. 공교롭게도 생일이 7월 11일이었던 한화 허인서는 5타수 4안타 1타점 1득점으로 나눔 올스타의 10-2 승리를 이끌었고, 기자단 투표 26표 중 13표를 얻어 미스터 올스타에 올랐다. 2위는 10표를 받은 팀 동료 문현빈이었는데, 두 사람은 경기 후 서로를 향해 웃으며 축하를 건넸다. 마운드에서는 17년 만에 감독추천선수로 복귀한 류현진이, 타석에서는 42세의 최형우가 각자의 자리를 지켰다. 두 베테랑에게는 이번이 기록보다 더 큰 의미였을 것이다. 잠실이라는 무대가 사라지기 전, 자신이 걸어온 시간을 다시 한번 그 자리에서 확인하는 셈이었을 테니 말이다. 그런데 정작 이번 올스타전에서 가장 화제였던 인물은 경기장 밖에 있었다. 양의지는 팬투표 기간 중 올린 ""자려고 누웠는데""라는 짧은 글이 밈으로 번지면서, 정작 이날의 활약과는 무관하게 전체 득표 1위에 올랐다. 이 현상은 뇌과학적으로도 흥미롭다. 우리는 온라인에서 재미있는 이야기를 접하면, 그 내용의 사실 여부보다 '이걸 공유하면 나도 반응을 얻겠다'는 예측에 먼저 반응한다. 밈이 퍼지는 속도는 정보의 질이 아니라, 뇌가 사회적 반응을 예측하는 속도에 달려 있다. 45년째 같은 자리를 지켜온 구장과 하루 만에 퍼진 밈이 같은 밤 같은 공간에서 만난 셈이다. 잠실의 마지막 밤은 그렇게 그리움과 웃음이 동시에 SNS를 타고 흘렀다. 격세지감(隔世之感)이라는 말이 있다. 오래 지나지 않았는데도 마치 딴 세상에 온 듯한 느낌을 뜻한다. 원래는 급격한 세월의 변화를 한탄하는 말이었지만, 이날 잠실 관중들에게는 조금 다른 의미로 다가왔을 것이다. 45년 된 공간이 사라지기 직전, 사람들은 그 변화를 슬퍼하기보다 자신이 그 세월을 함께 지나왔다는 사실을 조용히 확인하고 있었다. 세대가 바뀌고 응원하는 팀이 바뀌어도 잠실이라는 좌표만은 변하지 않았기 때문이다. 당신의 뇌 속에도 이제 곧 사라질 '잠실' 하나쯤은 있을 것이다. 자주 가던 분식집일 수도, 매년 여름을 보냈던 바닷가 마을일 수도 있다. 그 공간이 완전히 사라지기 전, 뇌는 이미 필름을 다시 돌리기 시작했을지 모른다. 다음에 그런 순간이 찾아오면, 슬퍼하기보다 한 번 물어보면 어떨까. 나는 지금 이 공간에서 어떤 장면을 가장 오래 붙잡고 싶은가. [김기철 마니아타임즈 기자 / maniareport@naver.com] 기사제보 및 보도자료 report@maniareport.com",https://v.daum.net/v/3jLQUx6b5G
2026.07.13 09:48,"‘KBO 최초 기록’ 올스타전 깜짝쇼, 한화 23세 MVP “타격은 만점...",OSEN,"[OSEN=한용섭 기자] 프로야구 한화 이글스 포수 허인서(23)가 올스타전에서 누구도 해보지 못한 진기록을 달성했다. 지난해 퓨처스 올스타전 출전했던 허인서는 올해 KBO 올스타전에 처음 출전했고, 깜짝 활약으로 올스타전 MVP까지 수상했다. 역대 최초 기록이다. 지난 11일 서울 잠실구장에서 열린 2026 KBO리그 올스타전에 출전한 허인서는 생애 첫 1군 올스타전을 즐겼다. 허인서는 팬투표와 선수단 투표로 선정된 베스트12에 나눔 올스타 포수로 당당하게 뽑혔다. 허인서는 10일 열린 올스타전 홈런레이스에서 강백호, 오태곤과 함께 나란히 홈런 7개를 쳤지만, 최고 비거리에서 밀려서 2명이 겨루는 결승 진출이 좌절됐다. 11일 올스타전 경기에 앞서 허인서는 “퓨처스 올스타전은 작년까지 3번 나갔다. 이전에는 팀내 형들이랑 나갔는데, 작년에는 제가 제일 형이었다. 후배들을 데리고 갔는데, 이전에 경험을 해봐서 뭘 해야 되는지 후배들을 좀 챙겼다”고 말했다. 지난해 퓨처스 올스타전을 뛰면서 올해 KBO 올스타전에 나올 줄은 생각도 못했을 것이다. 허인서는 “1군 올스타는 사실 누구나 가보고 싶은 무대이고, 그런 무대를 빠른 시일 내에 올 수 있어서 기분이 좋다. 오고 싶다고 생각했는데, 풀타임 첫 해에 바로 올 수 있게 돼 더 기분이 좋다”고 말했다. 허인서는 지난해 퓨처스 올스타전에 출전했고, 1년 만에 올해 KBO 올스타전에 출전하게 됐다. 허인서처럼 전년도 퓨처스 올스타전에 출전하고, 다음해 1군 올스타전 출전한 선수는 드물다. 최근 10년 동안 단 5명 뿐이었다. KBO에 따르면, 2017년 이후로 지난해 권동진(KT), 조형우(SSG), 김서현(한화)과 올해 허인서와 박재현(KIA)이 그 주인공이다. MVP를 수상한 선수는 허인서가 최초다. 허인서는 11일 열린 KBO 올스타전에서 8번 포수로 선발 출장해 5타수 4안타 1타점 1득점 맹활약, 미스터 올스타로 뽑혔다. 기자단 투표 26표 중 13표(50%)를 받아 팀 동료 문현빈(10표)을 3표 차이로 제치고 올스타전 MVP를 차지했다. 허인서는 2회초 1사 1루에서 중전 안타를 때렸고, 1-1 동점인 4회초 1사 1루에서 좌전안타를 때려 역전 찬스로 연결했다. 이후 이도윤의 적시타로 역전에 성공했다. 2-1로 앞선 6회초 무사 1,2루에서 1타점 좌전 적시타를 터트렸다. 7-1로 크게 앞선 7회초 1사후 4번째 안타를 때렸다. 8회초 2루수 뜬공으로 물러나, KBO 최초 한 경기 5안타 기록은 아쉽게 무산됐다. 경기 후 허인서는 “처음 올스타에 뽑혔는데 이렇게 미스터 올스타를 수상해 기분이 좋다. 미스터 올스타는 머릿속에 없는 그림이었는데 받을 수 있어서 더 기분이 좋다”라고 소감을 말했다. 2022 신인드래프트 2차 2라운드 11순위로 한화에 입단한 허인서는 지난해까지 1군에서 28경기에 출장해 타율 1할7푼(47타수 8안타)을 기록했다. 올해 73경기에 출장해 타율 2할9푼2리 62안타 12홈런 45타점 39득점 출루율 .369, 장타율 .495, OPS .864를 기록하며 최재훈을 밀어내고 주전 포수로 자리잡았다. 특히 5월말까지 11홈런을 몰아치며 장타력을 과시했다. 전반기 좋은 활약에 대해 허인서는 “타격에서는 점수를 만점을 줄 수 있을 것 같은데, 수비에서 조금 기대에 못 미쳤다고 생각한다. 후반기에는 방망이도 방망이지만 수비 쪽에 좀 더 집중을 해서 팀 성적이 더 높은 곳으로 올라갈 수 있도록 노력을 하겠다”고 각오를 보였다. /orange@osen.co.kr",https://v.daum.net/v/VzR1YB71vc
2026.07.13 09:42,"“앞으로의 몇 달이 정말 기다려진다”…푸른 유니폼 입은 페덱, 삼성 우승...",MK스포츠,"“앞으로의 몇 달이 정말 기다려진다.” 크리스 페덱이 삼성 라이온즈의 우승 청부사가 될 수 있을까. 페덱은 최근 삼성 공식 영상 채널 ‘라이온즈 TV’를 통해 한국 무대에 입성한 소감을 전했다. 2015년 드래프트에서 8라운드 전체 236번으로 마이애미 말린스의 지명을 받은 페덱은 패스트볼 및 체인지업이 강점으로 꼽히는 우완투수다. 샌디에이고 파드리스, 미네소타 트윈스 등을 거쳤으며, 미국프로야구 메이저리그(MLB) 통산 132경기(581.2이닝)에서 32승 43패 평균자책점 4.83을 올렸다. 마이너리그에서는 통산 40경기에 나서 13승 7패 평균자책점 1.92를 작성했다. 삼성은 최근 맷 매닝의 부상 대체 선수인 잭 오러클린이 다소 체력이 떨어진 모습을 보이자 이런 페덱을 품에 안았다. 페덱은 “삼성에 합류하게 돼 매우 기쁘고 영광이다. 기회를 얻기 전 리그에 대해 미리 많은 조사를 했다. 이곳에서 선수 생활을 했던 몇몇 동료들과 이야기를 나눴는데, 모두 삼성에 대해 좋은 평가를 해줬다. 특히 열정적인 팬덤과 외국인 선수들을 세심히 배려해 주는 팀 문화에 대해 많은 이야기를 들었다”고 말했다. 이어 “저 개인적으로도 이번 합류가 매우 기대된다. 팀이 전반기를 1위로 마무리 했는데, 후반기 우승 목표를 달성하는데 작은 힘이라도 되고 싶다”고 고개를 끄덕였다. 과거 샌디에이고에서 한솥밥을 먹었던 김하성(애틀랜타 브레이브스)과의 인연 및 삼성이 올해 우승을 노리는 팀이라는 점은 페덱이 푸른 유니폼을 선택하게 된 주요 배경들이었다. 그는 “야구라는 스포츠에서 선수라면 메이저리그든 KBO리그든 일본 리그든 어느 곳에 있든 누구나 승리를 열망한다. 현재 삼성의 성적과 팀 분위기를 살펴보니 상위권인 데다 역사도 깊더라. 또 과거 샌디에이고에서 함께한 김하성과 같은 인연들도 있어 더욱 마음이 끌렸다”면서 “저 개인적으로도 새로운 도전을 원했다. 현재 승리를 향해 달리고 있는 팀에 기여하며 힘을 보태고 싶었다. 앞으로의 몇 달이 정말 기다려진다”고 두 눈을 반짝였다. 대구 삼성 라이온즈 파크를 뜨겁게 달궈주는 팬들의 응원도 기대가 된다고. 페덱은 “보시는 바와 같이 저는 텍사스 출신이라 보안관이라는 별명으로 불리기도 한다. 텍사스 카우보이 문화를 대표하는 선수로서 자부심을 갖고있다”며 “이제 야구장을 찾아주시는 팬 분들과 직접 만나 뵙고 싶다. 팬 분들이 정말 열정적이고 분위기도 뜨겁다 들었다. 그만큼 기대치가 높다는 것을 잘 알고 있다”고 밝은 미소를 지었다. 삼성이 페덱을 영입한 이유는 분명하다. 선발진을 보강해 대권 도전에 나서기 위함이다. 빅리그에서 통산 9이닝당 탈삼진 8.02개, 볼넷 2.04개를 기록한 페덱이 KBO리그에 순조롭게 적응할 경우 삼성은 선두 다툼에 있어 큰 힘을 얻게된다. 페덱은 “경기장에서 최선을 다해 팬 분들을 기쁘게 하고 우승을 안겨드리는 것이 우리의 임무”라고 목소리에 힘을 줬다. 과연 페덱은 삼성의 우승 청부사가 될 수 있을까. [이한주 MK스포츠 기자] [ⓒ MK스포츠, 무단전재 및 재배포 금지]",https://v.daum.net/v/3e5aRwkLin
2026.07.13 09:34,"디아즈가 폭풍 감동한 박진만 덕담 ""50홈런 필요 없어→20개만 쳐도 충...",스타뉴스,"[스타뉴스 | 박수진 기자] ""50홈런까지 필요 없다, 20개만 쳐도 충분하다."" 삼성 라이온즈의 외국인 타자 르윈 디아즈(30)가 시즌 초반 겪었던 극심한 스트레스와 부진을 털어낼 수 있었던 비결로 박진만(50) 삼성 감독의 따뜻한 한마디를 꼽았다. 디아즈는 지난 11일 서울 송파구에 위치한 잠실야구장에서 열린 '2026 KBO 리그' 올스타전을 앞두고 현장 취재진과 만나 ""사실 올해는 작년만큼의 성적을 내지 못했지만, 이렇게 많은 팬분들이 축하해 주실 줄은 몰랐다""며 ""올스타 투표 결과를 보고 팬분들께 너무 감사한 마음이 들었다""고 고개를 숙였다. 삼성이 치른 전반기 모든 경기에 출장하며 체력적인 부담이 컸던 탓에 홈런레이스에는 참가하지 못한 디아즈다. 그는 ""하나도 아쉽지 않다. 옆에서 더비를 직접 관람하며 하루 쉴 수 있어서 오히려 좋았다""고 미소를 지었다. 전반기 막판 대구에서 열린 LG 트윈스전 도중 어지럼증으로 교체됐던 상황에 대해서는 ""경기 전부터 어지러웠는데 이닝이 거듭될수록 심해져 후반기와 올스타전을 위해 교체를 요청했었다""며 ""대구 날씨가 워낙 덥다 보니 수분이 많이 빠져나갔던 것 같다. 지금은 쉬고 나니 완전히 괜찮아졌다""며 팬들을 안심시켰다. 디아즈의 전반기는 타율 0.295(332타수 98안타) 16홈런 71타점으로 나쁜 성적은 아니었지만, 본인 스스로는 아쉬움이 남는 무대였다. 지난 시즌 50홈런 158타점의 맹활약을 했던 터라, 다소 아쉬움이 있기 때문이다. 디아즈는 전반기를 되돌아보며 ""좋은 날과 나쁜 날의 업앤다운이 심했던 것 같다. 나는 꾸준함을 원하는 스타일""이라며 ""후반기에는 꾸준함을 이어갈 수 있도록 운동하려고 한다""며 각오를 다졌다. 지난 시즌보다 조금 힘들었던 전반기, 디아즈를 지탱해 준 것은 박진만 감독의 한마디였다. 디아즈는 ""시즌 초반 스트레스와 걱정이 많았을 때 감독님께서 오셔서 '걱정하지 마라. 50홈런 필요 없으니 20개만 쳐도 충분하다'고 직접 말씀해 주셨다""고 털어놓았다. 이어 ""감독님께서 '홈런뿐만 아니라 수비도 열심히 잘해주고 있으니 홈런 안 나오는 것에 신경 쓰지 말아달라'고 하셨는데, 그 말씀 덕분에 심리적으로 침착해질 수 있었고 정말 큰 도움이 됐다""고 박 감독을 향한 깊은 신뢰와 감사를 전하기도 했다. 박수진 기자 bestsujin@mtstarnews.com",https://v.daum.net/v/8IJPt42uvp
2026.07.13 09:14,한 자루 최고 50만원… 최적의 ‘배팅’ 위한 최상의 ‘베팅’,문화일보,"“어, ○○형. 방망이 못 보던 건데요?” “물 건너온 거야” “이야! 나도 한 번 써봐도 돼요?” 최근 잠실구장에서 오간 두 야수의 대화를 각색한 장면이다. 프로야구 선수들에게 방망이는 단순한 장비가 아니다. 전쟁터로 치면 ‘총’과 같다. 방망이 하나에서 홈런과 안타가 나오고, 때로는 경기 흐름을 끊는 타구도 나온다. 그만큼 타자에게 방망이는 예민한 무기다. 야구 규칙에는 경기 때 사용하는 배트가 ‘가장 굵은 부분의 지름이 10㎝ 이하, 길이 42인치 이하여야 하며 하나의 목재로 만들어져야 한다’고 명시돼 있다. 무게는 개인 재량이다. 한국 선수들은 보통 33∼34인치, 850∼910g 안팎의 배트를 쓴다. 길면 몸쪽 공 대처가 늦고, 무거우면 스윙 스피드가 떨어지기 때문이다. 방망이 재료는 주로 단풍나무, 물푸레나무, 자작나무다. 이 가운데 요즘 1군 선수용 배트의 주류는 단풍나무, 즉 하드메이플이다. 단단하고 타구감이 묵직하다는 이유에서다. 배리 본즈의 73홈런 이후 미국프로야구 메이저리그(MLB)에서 단풍나무 배트가 인기를 끌었고, KBO리그에서도 대세로 자리 잡았다. 방망이는 길이, 무게, 손잡이 두께, 헤드 모양, 무게 중심에 따라 손에 쥐는 느낌이 다르다. 타자들은 무게가 1g만 달라지고 손잡이 두께가 1㎜만 바뀌어도 손끝에서 차이를 느낀다. 선수들은 규칙 안에서 방망이에 미세한 차이를 둔다. 어떤 선수는 헤드 쪽 무게감이 살아 있는 방망이를 좋아하고, 어떤 선수는 손목이 빠르게 돌아가는 가벼운 방망이를 선호한다. 이승엽 전 두산 감독은 현역 시절인 2003년 56홈런을 때릴 때 1㎏에 육박하는 배트를 썼다. KBO리그에서 사용할 수 있는 공인 배트는 모두 26개 브랜드다. 국내 브랜드는 본(BON), 맥스(MAX), 하드 배트(HARD BAT) 등 10개다. 미국 브랜드는 챈들러, 빅터스, 마루치 등 12개다. 일본 브랜드는 미즈노, SSK, 제트(ZETT) 등 4개다. 최근 국내 브랜드의 성장이 눈에 띈다. 과거에는 일본산 배트를 선호하는 선수가 많았지만, 최근에는 국내 브랜드를 쓰는 선수도 크게 늘었다. 무게 중심 조정, 손잡이와 헤드 가공 기술이 좋아지면서 국내 배트도 프로 선수들이 경기에서 믿고 쓸 수 있는 수준으로 올라왔다는 평가가 많다. 여기에 국내 브랜드는 주문 대응이 빠르다는 장점도 있다. 시즌 중 같은 모델이 급하게 필요할 때 곧바로 제작 방향을 맞추고 공급할 수 있다는 점은 국내 브랜드의 경쟁력이다. 그런데 요즘 고가의 미국산 방망이를 찾는 선수도 크게 늘고 있다. 서울 연고의 A구단 관계자는 “현장에서는 미국산 배트를 추천받는 경우도 많다고 한다. 미국산 배트도 커스텀이 가능하다”면서 “미국산 배트 중에는 자작나무인 버치 소재를 앞세운 제품도 많다. 버치 배트는 사용할수록 타격면이 눌리며 더 단단해진다는 이야기가 있다”고 귀띔했다. 미국산 방망이는 가격 부담이 크다. 환율과 배송비, 관세 등을 더하면 한 자루 가격이 40만 원을 훌쩍 넘는 경우도 많다. 여기에 선수 취향에 맞춘 커스텀 주문이 들어가면 가격은 50만 원대로 더 올라간다. 일반적으로 국내 선수들이 많이 쓰는 방망이가 20만 원 선인 것과 비교하면 가격 차이가 크다. 그래도 찾는 이유는 있다. 오지환은 KBO리그에서 가장 비싼 축에 속하는 미국 챈들러 방망이를 쓰고 있다. 챈들러는 MLB 선수들도 사용하는 고급 목재 배트 브랜드다. 오지환은 “오타니 쇼헤이처럼 세계에서 가장 잘하는 선수들도 쓰는 브랜드라면 그만한 이유가 있다고 본다. 야구를 더 잘하기 위한 투자라면 그 정도는 할 수 있다고 생각한다”고 말했다. 하지만 방망이는 값이 비싸도 소모품이다. 나무로 만들어진 만큼 빗맞은 파울 하나, 몸쪽 빠른 공 하나에도 쉽게 금이 가고 부러진다. 수도권 B구단 관계자는 “방망이를 많이 쓰는 선수는 한 시즌에 40∼50자루 정도 쓴다”고 설명했다. 실제 1군에서 이름이 알려진 선수의 경우, 방망이에만 보통 1000만 원 이상을 쓰는 것으로 알려졌다. 소모품인 방망이는 구단 지원도 받는다. 구단마다 방식과 수량은 다르지만, 선수들은 보통 1년에 10∼15개 안팎의 방망이 쿠폰을 받는다. 방망이 쿠폰은 방망이가 부러지거나 훈련 과정에서 소모되는 것을 감안한 장비 지원이다. 경기 중 방망이가 부러지면 추가 쿠폰을 받는 경우도 있다. 다만 쿠폰 범위를 넘어서거나 고가 수입 방망이를 계속 쓰면 초과 비용은 선수가 부담해야 한다. 방망이는 선수들 사이에서 정보와 감각, 동료애가 오가는 통로다. 선수들은 선배나 동료에게 방망이를 받기도 하고, 좋은 평가가 나온 방망이를 빌려 써보기도 한다. 이적한 선배가 남기고 간 방망이가 후배 손에 들어가는 경우도 있다. 타격감이 떨어진 선수가 고참이나 중심 타자의 방망이를 들고 반등 계기를 찾는 사례도 흔하다. 올 시즌 방망이 이야기의 중심에 선 선수는 한화 강백호다. 강백호는 올해 방망이에만 3000만 원을 투자했다. 대부분 미국산 방망이다. 강백호는 공들여 마련한 방망이를 동료들과 나눠 쓰고 있다. 노시환을 비롯해 문현빈, 허인서, 김태연 등이 강백호의 배트를 사용했다. 한화 타선의 화끈한 분위기 뒤에는 이런 방망이 공유 문화도 있다. 강백호는 “잘만 하면 줄 수 있다. 어려운 건 아니다”라며 “그만큼 타점도 올리고 있고 팀도 이기고 있다”고 말했다. 정세영 기자",https://v.daum.net/v/YSvy6mDghv
2026.07.13 09:13,"떠난 ‘데일’이 제일 잘 쳤다? KIA, 내야진 아쉬움…후반기 달라져야 ...",스포츠서울,"[스포츠서울 | 김동영 기자] KIA가 전반기 막판 꽤 애를 먹었다. 순위는 여전히 4위다. 대신 위보다 아래가 더 가까워졌다. 일단 현재 순위부터 지키는 게 먼저다. 내야진 각성이 필요하다. 특히 키스톤이 약하다. 떠난 제리드 데일(26)이 가장 잘 치고 간 모양새다. 숫자가 그렇다. 비시즌 KIA는 주전 유격수 박찬호가 떠났다. 4년 총액 80억원에 두산과 계약했다. 유격수 공백을 메우기 위해 아시아쿼터로 데일을 영입했다. 파격적인 선택이다. 결과적으로 실패다. 일단 데일이 수비에서 애를 먹었다. 34경기 뛰었는데 실책이 9개다. 유격수에서 밀렸고, 1루수로 뛰기도 했다. 결국 KIA는 데일을 보내고 사라카와 게이쇼를 데려왔다. 어차피 2루수는 김선빈이라는 확실한 주전이 있다. 3루는 김도영 고정이다. 유격수 쪽은 박민 김규성 정현창 등 다른 자원을 믿었다. 적어도 현재까지는 김도영만 날아다니는 양상이다. 김도영은 타율 0.298, 27홈런 74타점, OPS(출루율+장타율) 1.010 기록 중이다. 리그 홈런 1위다. 타율도 3할이 보인다. 종합공격지표인 wRC+(조정득점생산력)가 무려 167.5에 달한다. 역시 건강한 김도영은 파괴력 만점이다. 문제는 다른 쪽이다. 일단 김선빈 부진이 아쉽다. 시즌 타율 0.243이 전부다. OPS도 0.650이다. wRC+는 84.0이다. 오롯이 주전으로 올라선 후 이렇게 힘든 시즌은 없었다. 유격수도 마뜩잖기는 마찬가지다. 박민이 타율 0.200, 김규성이 타율 0.239다. 정현창은 타율이 0.149에 그친다. 3명의 OPS도 0.561-0.612-0.425다. 공격에서 크게 기대를 걸기 어렵다. 참고로 데일이 타율 0.256, 1홈런 6타점, OPS 0.644 만들고 갔다. wRC+는 75.2다. 좋은 기록이 아니다. 그러나 박민-김규성-정현창이 데일보다 좋은 게 아니라는 점이 문제다. 김도영이라는 타선의 에이스가 있다. 나성범도 올시즌 부활을 알린다. 타율 0.295, 17홈런 49타점, OPS 0.912 기록 중이다. 김도영-나성범 ‘쌍포’는 리그 최고를 논한다. 해럴드 카스트로도 부상에서 돌아와 준수한 활약 펼친다. 2년차 박재현도 7월 들어 3할대 타율 만드는 등 살아났다. 한준수 또한 타율 0.322, 6홈런 26타점, OPS 0.923으로 좋다. 내야수 쪽에서 구멍이 제법 보인다. 중앙 내야가 특히 약한 것이 아쉽다. 어떤 식이든 돌파구를 찾아야 한다. 젊은 선수들이 시즌 중이라도 각성해 ‘확’ 성장하면 가장 좋다. 쉽지 않다는 점이 문제다. 한때 3강을 위협한 팀이다. 전반기 막판 네 번의 시리즈에서 위닝이 딱 한 번이다. 마지막 두 번의 시리즈에서는 모두 1승2패씩이다. 썩 좋지 않은 흐름에서 전반기 마쳤다. 브레이크가 반가울 법하다. 후반기는 달라져야 한다. 내야진이 해줘야 KIA도 다시 올라갈 수 있다. raining99@sportsseoul.com",https://v.daum.net/v/79a5dSCEvO
2026.07.13 09:11,"'구자욱이 옳다' 연예인인가, 야구선수인가...올스타전 퍼포먼스는 어설픈...",마니아타임즈,"최근 몇 년간 KBO 리그 올스타전은 주객(主客)이 전도된 기묘한 축제의 장이 되었다. 당대 최고의 실력과 명예를 가진 '별들의 무대'여야 할 올스타전이, 언제부턴가 누가 더 자극적이고 우스꽝스러운 분장을 하고 나와 코믹 댄스를 추는지 겨루는 '어설픈 아마추어 장기자랑'으로 전락했기 때문이다. 보다 못한 현역 최고의 스타 구자욱이 ""올스타 분장쇼는 장난 같다. 제대로 된 경기 하고싶다""고 한 소신 발언에 대다수의 야구팬이 고개를 끄덕이는 이유다. 리그와 구단들은 이를 '야구 팬들을 위한 KBO만의 독창적인 야구 문화' 혹은 '트렌디한 마케팅'이라며 포장한다. 그러나 이는 스포츠의 본질로 승부할 자신감이 없는 리그 주최 측의 얄팍한 흥행주의일 뿐이다. 야구장을 찾은 팬들은 예능 프로그램을 보러 온 것이 아니다. 야구선수는 그라운드 위에서 가장 프로다울 때 빛나며, 연예인과는 엄연히 존재의 목적과 전문성이 다르다. 정말 그런 서커스 같은 쇼가 하고 싶다면 TV 연예 프로에 나가거나, 미국의 '사바나 바나나스' 같은 이벤트성 쇼단을 따로 차려서 할 일이다. 대한민국 최고 프로 리그의 공식 올스타전이라는 이름에 먹칠을 할 일이 아니다. 왜 그런 연예 퍼포먼스를 야구 올스타전에서 하나? 팬들이 진짜로 돈을 지불하고 올스타전에서 보고 싶어 하는 것은 가발을 쓴 선수의 춤사위가 아니다. 이번 올스타전에서 박찬호와 박준순이 보여준 환상적인 'MLB급 명품 수비'야말로 팬들을 진정으로 열광케 하는 스포츠 본연의 카타르시스다. 세계 최고 수준의 야구를 보여주는 미국(MLB)의 '한여름의 고전(Midsummer Classic)'이나 일본(NPB)의 올스타전이 철저히 야구 그 자체의 정통성과 진검승부로 팬들을 전율케 하는 이유를 KBO는 무겁게 되돌아보아야 한다. 이대로 폭주하는 예능화를 방치하다가는 조롱 섞인 해외토픽감이 될지도 모른다. 눈앞의 SNS 숏폼 조회수 몇 회에 취해 프로 스포츠의 품격을 스스로 깎아내리는 '삼류 기획'은 이제 멈춰야 한다. 야구는 야구에서 시작해서 야구로 끝나야 한다. 오직 배트와 글러브만으로 프로의 위대함을 증명하는 것이 전정한 올스타전의 정의다. [강해영 마니아타임즈 기자/hae2023@maniareport.com] 기사제보 및 보도자료 report@maniareport.com",https://v.daum.net/v/0yhplbzt5Q
2026.07.13 09:05,"[IS 인터뷰] '삼성 1위' 일등공신, 그런데 '8점'밖에 안 준다고?...",일간스포츠,"""(이)호성아, (배)찬승아, (장)찬희야. 다음 올스타전엔 꼭 함께 하자."" 삼성 라이온즈 마운드의 핵심이 된 좌완 투수 이승민이 생애 첫 올스타전이라는 영광스러운 무대에서 '함께하지 못한' 동료들을 먼저 떠올렸다. 화려한 축제의 현장 속에서도 부상으로 이탈한 동료들의 쾌유를 빌며, 언젠가 다 같이 큰 무대에 서겠다는 진심 어린 바람을 전했다. 이승민은 지난 11일 열린 2026 KBO 올스타전에서 데뷔 첫 올스타 무대를 밟았다. 전반기 내내 불펜에서 궂은일을 도맡은 이승민은 올 시즌 42경기에 등판해 4승 무패 13홀드 평균자책점 1.83을 기록하며 팀의 1위 도약을 견인, 올스타 영예도 안았다. 이승민은 자신의 활약에 동료들의 도움이 많았다고 이야기했다. 올 시즌 이승민은 양창섭을 비롯해 이재희, 배찬승, 장찬희 등 동료들과 훈련 과정을 서로 면밀히 모니터링하며 부족한 점을 채운 바 있다. 동료의 투구 모습을 밖에서 지켜봐 주고 피드백을 주고받으며 각자의 피칭 밸런스를 안정적으로 잡아나간 것이다. 이러한 시너지는 전반기 양창섭의 완봉승은 물론, 리그 유일의 3점대 평균자책점(3.78)을 기록 중인 삼성 불펜진 전체의 동반 성장으로 이어졌다. 하지만 기쁨의 순간, 이승민의 마음 한편에는 짙은 아쉬움도 자리 잡고 있었다. 함께 땀 흘리며 불펜의 성장을 이끌었던 동생들이 정작 영광스러운 자리에는 함께하지 못했기 때문이다. 공교롭게도 친하게 지내는 배찬승과 이호성, 장찬희는 현재 부상으로 인해 1군 엔트리에서 제외돼 있다. 특히 장찬희는 올해 이승민과 나란히 생애 첫 올스타에 선정되는 기쁨을 누렸으나 전반기 막판 부상으로 끝내 출전이 무산됐다. 올스타전 현장에서 만난 이승민은 동생들을 향한 애틋한 마음을 숨기지 않았다. 그는 ""아쉽게도 애들이 다 아파서 현재 재활훈련 중이다""라며 ""호성이와 찬승이는 작년에 올스타전을 경험했지만, 나도 직접 와보니 동기부여도 되고 좋은 점이 많더라. 나중에 찬희까지 다 같이 이런 큰 행사에 참여한다면 정말 좋은 추억도 되고 도움이 될 것""이라고 말했다. 이어 ""꼭 그런 좋은 날이 올 거라 믿는다. 동생들이 빨리 재활을 마치고 건강하게 돌아와서 1군에서 같이 야구를 했으면 좋겠다. 애들이 없으니까 너무 심심하다""라며 쾌유를 바랐다. 동생들을 향한 그리움을 뒤로하고, 이승민의 시선은 이제 철저하게 후반기를 향해 있다. 전반기 뛰어난 활약으로 주위의 찬사를 받았음에도, 그는 스스로의 전반기에 ""10점 만점에 8점""이라는 냉정한 평가를 내렸다. 마음에 들지 않았던 투구 내용을 복기하며 ""결과가 좋아 운이 따랐을 뿐""이라고 낮춘 그는 나머지 2점을 후반기에 반드시 채우겠다고 다짐했다. 삼성은 전반기를 1위로 마쳤지만, 후반기 치열한 선두 수성을 앞두고 있다. 필승조 최지광을 비롯해 동료들의 부상 이탈이 겹치면서 마당쇠 역할을 해온 이승민의 어깨는 더욱 무거워졌다. 하지만 이승민은 ""우리 불펜이 약하다고 생각해 본 적이 없다. 올해는 삼성이 강하다는 걸 명백히 보여주고 있다""면서 ""어떤 상황에 마운드에 오르든 내 역할을 충분히 다하는 데만 집중하겠다. 후반기에도 빈자리를 잘 메우겠다""고 힘주어 말했다. 잠실=윤승재 기자 yogiyoon@edaily.co.kr",https://v.daum.net/v/PJonuLJ6Oz
2026.07.13 09:00,페덱이 '벨라스케즈 시즌 2' 라고? 출발선이 다르고 걸어온 길도 다르다,MHN스포츠,"(MHN 정철우 기자) 우승을 노리는 팀은 '괜찮은 선택'에 만족하지 않는다. 더 좋은 선택지가 보이면 미련 없이 움직인다. 삼성 라이온즈가 크리스 페덱을 선택한 이유도 여기에 있다. 잭 오러클린은 실패한 외국인 투수가 아니었다. 오히려 성공에 가까웠다. 부상 대체 선수라는 꼬리표를 달고 합류했지만 선발 로테이션을 무너지지 않게 붙잡아 줬고, 시즌 초반에는 기대 이상의 안정감을 보여줬다. 다른 팀이었다면 시즌 끝까지 함께 가는 선택을 했을 가능성도 적지 않았다. 하지만 삼성은 우승을 바라보는 팀이다. '충분하다'는 평가가 '계속 간다'는 의미는 아니었다. 삼성이 본 것은 오러클린의 현재가 아니라 앞으로의 시간이었다. 오러클린은 전반기 막판으로 갈수록 공의 힘이 조금씩 떨어졌다. 시즌 전 WBC 출전으로 예년보다 이른 시기에 몸을 만들어야 했고, 긴 시즌을 버티는 과정에서 체력 부담도 나타났다. 당장 못 던질 투수는 아니었지만 지금보다 더 좋아질 가능성보다는 유지하거나 떨어질 가능성을 함께 고민해야 하는 시점이었다. 그 순간 메이저리그 시장에 페덱이 나왔다. 삼성은 망설이지 않았다. 언뜻 보면 지난해 롯데가 데이비슨 대신 빈스 벨라스케즈를 데려왔던 그림과 닮았다. 기존 외국인 투수가 아주 나쁜 성적을 낸 것도 아닌데 더 높은 이름값의 메이저리그 출신 투수를 영입했다는 점에서는 비슷해 보인다. 그러나 두 영입은 출발선부터 달랐다. 벨라스케즈는 KBO리그에 올 당시 재활을 마친 직후였다. 팔꿈치 수술을 끝내고 다시 선수 생활을 이어가는 과정이었다. 공을 던질 수는 있었지만 몸 상태와 경기 감각을 확인해야 하는 단계였다. 롯데는 현재보다 미래의 반등 가능성에 투자한 셈이었다. 페덱은 다르다. 페덱은 메이저리그와 마이너리그를 오가며 끝까지 빅리그 경쟁을 이어가던 선수다. 몸을 만드는 투수가 아니라 이미 경쟁 속에 있던 투수다. 삼성은 가능성을 산 것이 아니라 현재의 전력을 데려왔다. 메이저리그 커리어를 비교하면 차이는 더욱 분명해진다. 페덱은 메이저리그 통산 132경기 가운데 119경기를 선발로 등판했다. 통산 성적은 32승43패, 평균자책점 4.83, 638⅔이닝, 569탈삼진, WHIP 1.26이다. 숫자보다 중요한 것은 활용 방식이다. 메이저리그 구단들은 페덱을 꾸준히 선발 자원으로 계산했다. 한때는 리그 정상급 유망주로 평가받았고, 부상만 아니었다면 훨씬 많은 승수를 쌓을 수 있었던 투수라는 평가를 받았다. 벨라스케즈는 메이저리그 통산 193경기에서 144차례 선발로 나섰고 38승51패, 평균자책점 4.86, 767이닝, 823탈삼진, WHIP 1.37을 기록했다. 통산 경기 수는 벨라스케즈가 더 많다. 하지만 커리어의 무게는 다르다. 벨라스케즈는 여러 팀을 옮겨 다니며 선발과 불펜을 오간 저니맨이었다. 필요할 때 쓰는 카드였지, 오랫동안 로테이션 중심축으로 인정받은 선수는 아니었다. 페덱 역시 저니맨의 길을 걸었지만 색깔은 다르다. 여러 팀을 옮겼다고 해서 같은 저니맨은 아니다. 페덱은 이적을 반복하면서도 계속 선발 자원으로 평가받았다. 선발로 던질 능력이 있기 때문에 새로운 팀에서도 기회를 얻었다. 반면 벨라스케즈는 역할 자체가 계속 바뀌었다. 선발과 불펜을 오가는 과정이 반복됐다. 삼성이 높게 평가한 것도 바로 이 부분이다. KBO리그는 선발 야구의 비중이 절대적이다. 짧게 강한 공을 던지는 능력보다 긴 이닝 동안 경기 흐름을 조절하는 능력이 더 중요하다. 페덱은 메이저리그에서도 그런 역할을 맡아 왔다. 삼성은 구속보다 선발 완성도를 선택했다고 볼 수 있다. 계약 규모 역시 삼성의 의지를 보여준다. 잔여 시즌만 남은 선수에게 적지 않은 금액을 투자했다는 것은 단순히 외국인 한 자리를 바꾼 것이 아니라 우승 확률을 높이기 위한 투자라는 의미다. 오러클린 정도면 버틸 수 있다는 계산보다 페덱이면 판을 바꿀 수도 있다는 기대가 더 컸다. 그래서 이번 영입은 지난해 롯데의 벨라스케즈 영입과 닮았지만 본질은 다르다. 롯데는 재활을 마친 투수의 부활을 기다렸고, 삼성은 아직 메이저리그 경쟁력을 유지한 투수를 데려왔다. 가능성을 산 것이 아니라 현재를 샀다. 삼성이 바꾼 것은 외국인 투수 한 명이 아니다. 우승을 향한 기준이었다. 그것이 이번 페덱 영입이 갖는 가장 큰 의미다.",https://v.daum.net/v/qTXlzgnQeL
2026.07.13 08:56,"키움 日투수 '금발 갸루' 충격 변신→일본 열도 발칵! ""여기가 KBO ...",스타뉴스,"[스타뉴스 | 박수진 기자] 한국 프로야구(KBO) 올스타전 특유의 유쾌한 퍼포먼스 문화가 바다 건너 일본 열도까지 뒤흔들었다. 주인공은 키움 히어로즈의 일본인 아시아 쿼터 투수 카나쿠보 유토(27)다. 지난 11일 서울 송파구에 위치한 잠실 야구장에서 열린 KBO 올스타전에서 7회초 마운드에 오른 카나쿠보는 금발 롱헤어 가발에 호피 무늬 핑크 셔츠를 입은 파격적인 '갸루' 분장으로 등장해 현장을 열광시켰다. 특히 마운드에 올라 투구 준비 과정에서 중계 카메라를 향해 정석적인 '갸루' 포즈를 취하는 모습은 한일 양국 야구팬들 사이에서 빠르게 확산되며 폭발적인 화제를 모으고 있다. 일본 매체 디 앤서를 통해 이 소식이 전해지자 일본 야구팬들은 충격과 재미를 동시에 감추지 못했다. 디 앤서가 보도한 바에 따르면 해당 장면을 본 일본 팬들은 SNS를 통해 ""카나쿠보의 갸루피스 영상을 보고 너무 웃겼다"", ""한국에서도 즐겁게 잘 지내고 있는 것 같아 다행이다"", ""일본의 갸루 문화가 한국 올스타전에서 이렇게 쓰일 줄은 몰랐다"", ""이게 KBO의 맛인가"" 등 뜨거운 반응을 쏟아냈다. 외적으로는 파격적이었지만 실력은 진지했다. 분장을 벗고 이날 7회 마운드에 선 카나쿠보는 선두타자 박찬호에게 중견수 뒤를 넘어가는 2루타를 허용했으나, 이내 안정을 찾고 최원준을 2루수 땅볼로 돌려세운 뒤 황성빈을 삼진, 정준재를 유격수 땅볼로 처리하며 1이닝을 무실점으로 깔끔하게 막아냈다. 지난 2025시즌을 마친 뒤 일본 프로야구(NPB) 야쿠르트 스왈로스에서 방출되는 아픔을 겪었던 유토는 이번 시즌을 앞두고 KBO 리그에 새롭게 도입된 '아시아 쿼터' 제도를 통해 키움에 입단했다. 전반기 동안 키움의 마무리와 셋업맨 보직을 오가며 이번 시즌 38경기 5승 4패 11세이브 8홀드 평균자책점 3.48의 준수한 성적을 기록하고 있다. 박수진 기자 bestsujin@mtstarnews.com",https://v.daum.net/v/pOzpMCsAWN
2026.07.13 08:45,44년 만의 우승에 바친 손… '2학년 4번타자+150㎞' 고교 오타니 ...,스포츠조선,"[목동=스포츠조선 정현석 기자]44년 묵은 한을 푸는 뜨거운 환호의 현장. 그라운드 대신 벤치에서 목청껏 응원한 선수가 있었다. 세광고의 '2학년 4번타자' 이홍석이었다. 세광고는 12일 서울 목동야구장에서 열린 제81회 청룡기 전국고교야구선수권대회 경북고와의 결승전에서 6대2로 승리하며 1954년 창단 후 72년 만에 처음으로 정상에 섰다. '전설' 송진우가 이끌던 1982년 황금사자기 첫 우승 이후 무려 44년 만의 창단 두번째 전국대회 제패. 하지만 투타의 핵 이홍석의 모습은 라인업에서 찾아볼 수 없었다. 지난 배명고와의 준결승전에서 상대 투수의 사구에 오른손 엄지손가락을 맞아 골절상을 입었기 때문이다. 결국 결승전 날, 이홍석은 오른손에 깁스를 한 채 더그아웃에서 목이 터져라 동료들을 응원하는 '응원단장' 역할을 자처했다. 경기 전 세광고 방진호 감독은 아쉬움을 감추지 못했다. ""4번 타자 이홍석이 준결승 사구 여파로 다음 주에 수술(핀 고정술)을 받아야 하는 상황이라 출전하지 못한다""고 안타까워하면서도 ""그라운드에 나서는 선수들이 홍석이의 마음까지 담아서 열심히 잘해줄 것으로 믿는다""고 신뢰를 보냈다. 실제 동료들은 감독의 믿음과 부상당한 4번 타자의 몫까지 다하며 보란 듯이 우승컵을 선물했다. ▶부상 아쉬움 삼킨 '고교 오타니', ""팀 믿었기에 쫄깃하지 않았다"" 우승이 확정된 후 다친 손을 감싸쥔 채 동료들과 그라운드 세리머니로 기쁨을 나눈 이홍석의 표정은 목동구장을 감싼 눈부신 햇살 만큼이나 밝았다. 절정의 타격감을 보여주던 상황에서 겪은 부상이었기에 아쉬움이 남을 법 했지만, 그는 오직 팀의 승리 만을 기뻐했다. 상기된 표정으로 인터뷰에 임한 이홍석은 ""타격감이 좋을 때 다쳐 결승전에 못 나간 것은 아쉽지만, 그래도 팀이 우승해서 너무 좋다""며 ""우리 팀을 100% 믿었기 때문에 경기 내내 전혀 쫄깃하거나 불안하지 않았다. 무조건 우승할 거라 생각해서 마음 편히 응원했다""고 벅찬 소감을 전했다. 부상 전까지 이번 대회에서 이홍석이 보여준 임팩트는 강렬했다. 준결승까지 4경기에서 4번 중견수로 꾸준하게 출전하며 14타수 7안타(1홈런), 타율 0.500, 6타점, 2루타 2방을 터뜨리며 타선의 중심 역할을 해냈다. 이홍석 등의 활약에 힘입어 세광고는 준결승전까지 3경기 연속 두자리 수 득점을 올리는 가공할 타선의 힘을 과시했다. 올 시즌 18경기 타율 0.415, 1홈런, 16타점, 20득점, 6도루. 투수로도 140㎞ 후반대의 빠른 공과 다양한 변화구를 구사한다. 힘과 스피드, 강한 어깨를 두루 갖춘 '호타준족'의 정석. 3학년이 되는 내년 시즌 가장 주목받는 '투타겸업(이도류)' 유망주다. 1m80, 82kg으로 큰 체구가 아님에도 힘을 모아 공에 실을 줄 아는 운동능력의 소유자. 세광고 방진호 감독도 ""타격 재능을 타고난 선수""라며 2학년 임에도 붙박이 4번타자로 기용하는 이유를 설명한다. ▶""진짜 '세광의 시대'가 왔음을 보여줄 것"" 현재 2학년 '주장'을 맡고 있을 만큼 뛰어난 리더십까지 인정받고 있는 이홍석은 ""44년 만의 대기록이라는 게 진짜 믿어지지 않는다""고 감격을 표하면서도, 당찬 포부를 드러냈다. 그는 ""이번 우승으로 이제 진짜 '세광의 시대'가 왔다고 생각한다. 보여드리겠다""고 다짐했다. 이홍석의 장점은 야구 실력 뿐 아니다. 활달한 성격과 리더십에 팀 퍼스트 정신까지 앞세우는 선수. '앞으로 어떤 선수가 되고 싶냐'는 질문에 주저 없이 ""항상 성실하고 감독님, 코치님 말씀 잘 따르는 선수, 그리고 무엇보다 언제나 팀과 동료들을 위해 기꺼이 희생할 줄 아는 선수로 야구 인생을 살아가겠다""고 약속했다. 44년 만의 청룡기 첫 우승을 위해 자신의 오른손을 바친 세광고의 현재이자 미래 이홍석. 부상을 딛고 더 강해져서 돌아올 '고교 오타니'가 몰고올 '세광의 시대'가 찬란한 현실이 될 지도 모르겠다. 정현석 기자 hschung@sportschosun.com",https://v.daum.net/v/BkVKPswa7p
2026.07.13 08:44,"'축구의 신' 메시 ""상대 누구든""…잉글랜드전 '자신감'",한국경제,"2026 북중미 월드컵 4강에 진출한 아르헨티나 축구 대표팀의 주장 리오넬 메시가 자신의 A매치 경력에서 처음 만나는 잉글랜드를 향해 ""강호와의 경기는 언제든 특별하다""고 말했다. 메시는 지난 12일(한국시간) 스위스와의 8강전을 마친 뒤 ESPN 아르헨티나와의 인터뷰에서 ""아르헨티나 국민들이 우리 대표팀만큼 이 순간을 즐기고 있어서 기쁘다""며 ""이게 바로 우리가 살아가는 방식""이라고 밝혔다. 이어 ""우리 대표팀 선수들은 국민들이 비정상적인 것에 익숙하게 만들었다""며 ""직전 월드컵에서 우승한 이후 다시 돌아와 계속 경쟁하며 4강까지 진출한 것은 결코 쉬운 일이 아니다. 정상적인 일이 아닌 만큼 이 순간을 마음껏 즐겨야 한다""고 강조했다. 메시는 ""이런 일이 언제 또 일어날지, 과연 다시 생길 수 있을지 아무도 모른다""면서 ""2022년 카타르 대회 우승 직전까지 우리는 오랫동안 챔피언에 오르지 못했다. 앞으로 다가올 모든 것을 즐기고 가치 있게 여겨야 한다. 잘 쉬고 힘을 회복해서 준결승에 나서겠다""고 말했다. 아르헨티나의 준결승 상대는 잉글랜드다. 두 팀은 역대 A매치에서 14차례 만나 아르헨티나가 3승 5무 6패로 뒤져 있다. 1953년 5월 아르헨티나가 잉글랜드를 3-1로 꺾은 경기는 A매치로 인정되지 않아 공식 전적에서 제외됐다. 월드컵 무대에서도 아르헨티나는 잉글랜드를 상대로 1승 1무 3패로 열세다. 1998년 프랑스 월드컵 16강에서는 2대2로 비긴 뒤 승부차기에서 4대3으로 이겼지만 공식 기록은 무승부로 남았다. 아르헨티나 대표팀에서 205경기를 뛴 메시는 아직 잉글랜드를 상대해본 적이 없다. 두 나라가 2005년 11월 친선전 이후 맞붙지 않으면서 메시에게도 이번 준결승이 첫 잉글랜드전이 됐다. 메시는 ""우리는 상대가 누구든 개의치 않고 경기를 치르는 데 익숙해 있다""며 ""잉글랜드는 강호인 만큼 특별한 경기가 될 것이다. 강호와의 경기는 언제든 특별하다""고 밝혔다. 이어 ""잉글랜드와 개인적으로 상대하는 것은 이번이 처음""이라며 ""훌륭한 상대와 준결승에서 만나는 만큼 최상의 상태로 나서겠다""고 덧붙였다. 홍민성 한경닷컴 기자 mshong@hankyung.com",https://v.daum.net/v/ppylH6fzlN
2026.07.13 08:42,'와 초대박' 삼성은 어떻게 7억에 32승 빅리거를 품었나…1위팀에 우승...,마이데일리,"[마이데일리 = 이정원 기자] ""몇 달이 기다려진다."" 11년 만에 전반기를 1위로 마친 삼성 라이온즈에 든든한 지원군이 왔다. 바로 메이저리그 경험이 풍부한 크리스 페덱이 그 주인공이다. 삼성은 지난 11일 페덱과 47만 3333달러(약 7억)에 계약을 체결했다. 페덱은 메이저리그 통산 132경기(선발 119경기) 32승 43패 평균자책 4.83을 기록했다. 삼성 오기 전까지 올 시즌에는 마이애미 말린스, 신시내티 레즈, 텍사스 레인저스에서 뛰었다. 성적은 좋지 못했다. 평균자책 6.79. 그전에는 샌디에이고 파드리스, 미네소타 트윈스, 디트로이트 타이거스에도 몸을 담았다. 메이저리그트레이드루머스(MLBTR)는 ""이번 계약은 페덱의 커리어에 도움이 될 수 있다. 계속 메이저리그 여러 팀을 떠돌았다면, 2027년에도 마이너리그 계약을 맺었을 가능성이 크다. 삼성에서 좋은 활약을 펼친다면 삼성과 재계약하거나 다른 KBO 구단 또는 일본프로야구(NPB) 같은 다른 리그에서 새로운 계약을 따낼 가능성도 충분히 있다""라고 기대했다. 페덱은 삼성 공식 유튜브 채널 '라이온즈 TV'를 통해 각오를 전했다. 페덱은 ""삼성에 합류하게 되어 매우 기쁘고 영광이다. 리그에 대해 미리 많은 조사를 했다. 이곳에서 선수 생활을 했던 몇몇 동료들과 이야기를 나눴다. 모두 삼성에 대해 좋은 평가를 해줬다. 열정적인 팬덤과 외국인 선수들을 세심히 배려해 주는 팀 문화에 대해 많은 이야기를 들었다. 개인적으로 이번 합류가 매우 기대된다. 팀이 전반기를 1위로 마무리했는데 후반기에 힘을 보태 우승 목표를 달성하는데 작은 힘이 되고 싶다""라고 미소 지었다. 이어 ""야구라는 스포츠는 메이저리그든, KBO리그든, 일본리그든 어느 곳에 있든 선수라면 누구나 승리를 열망한다. 삼성의 성적을 보니 상위권인데가 역사도 깊은 팀이더라""라며 ""과거 샌디에이고에서 함께한 김하성과 같은 이연들도 있어 더욱 마음이 끌렸다. 개인적으로 새로운 도전에 나섰다. 현재 승리를 향해 달리고 있는 팀에 기여하고 싶었다. 앞으로의 몇 달이 기다려진다""라고 덧붙였다. 무더운 날씨에도 불구하고 카우보이모자를 쓰고 오피셜 사진을 찍었다. 페덱은 ""텍사스 출신이라 보안관이라는 별명으로 불린다. 텍사스 카우보이 문화를 대표하는 선수로서 자부심을 갖고 있다""라며 ""그동안 쌓아온 나의 경험과 지식을 동료 선수들과 공유하고 싶다. 또한 팬분들이 정말 열정적이고 뜨겁다고 들었다. 경기장에서 최선을 다해 팬들을 기쁘게 하고 우승을 안겨드리는 게 목표다. 설렌다. 야구는 즐거워야 하는 스포츠, 팬 여러분이 없다면 의미가 없다. 선수로서 항상 관중석을 가득 채워주시는 팬분들께 감사하게 생각한다""라고 진심을 전했다. 후반기는 오는 16일 재개한다. 페덱이 데뷔전에서 어떤 모습을 보여줄지 삼성 팬들도 기대가 된다.",https://v.daum.net/v/b9kwCqu5OM
2026.07.13 08:36,"‘안녕하세요’ 만큼 자주 들었던 그 인사···삼성, 초심으로 다시 조심하...",스포츠경향,"프로야구 삼성 관계자라면 지난 2월 스프링캠프에서 적어도 한번 이상은 들었던 인사였다. 새 시즌을 준비하는 각 구단 전력을 살핀 스프링캠프의 손님들은 삼성 훈련지를 찾아서는 덕담을 하면서도 “불펜만 어느 정도 해준다면”이라는 단서는 빠뜨리지 않았다. FA 최형우의 가세로 더 견고해진 타선과 변동성 대비 대응력이 커진 선발진의 변화를 고려할 때 불펜 전력의 불투명성만 걷어낸다면 삼성이 우승 경쟁을 할 가능성이 충분하다는 전망이기도 했다. 그때 분위기를 고려하면 큰 반전이 일어났다. 삼성은 불펜 평균자책 1위로 전반기를 마쳤다. 불펜 평균자책 3.78로 2위 두산(4.35)과도 간격을 보인 가운데 리그 평균(4.86)과 차이가 도드라졌다. 삼성이 지난 9일 대구 LG전 승리로 전반기를 LG와 게임차 없는 선두로 마감한 데는 불펜진의 활약이 그만큼 크게 작용했다. 승계 주자 실점률이 25.9%로 전체 최저였던 데다 불론 세이브 10개 또한 10개구단 중 가장 적었다. 불펜진의 WAR은 6.89(스탯티즈)로 전체 1위였다. 마무리 김재윤이 40경기에 출전해 4승3패 22세이브 평균자책 2.87에 WHIP 1.01로 뒷문을 튼튼히 지킨 가운데 좌완 이승민이 전천후로 42경기에 등판하며 4승 13홀드 평균자책 1.83으로 불펜 전력 상승의 지렛대가 됐다. 또 임기영이 애매한 경기 흐름에서 마운드를 지키며 23경기 34.2이닝 평균자책 3.89로 활약했다. 주요 불펜진의 오르내림 속에서도 김태훈 최지광 배찬승 이승현 백정현 이재희 등이 십시일반으로 역할을 나눴다, 최원호 SBS스포츠 해설위원은 그중에서도 뒷문 사수 최후의 보루였던 김재윤의 역할을 크게 봤다. 마무리가 버텨준 덕분에 역산하듯 불펜 운용이 가능했다는 것이었다. 그래서 삼성의 후반기 키맨 또한 김재윤일 수 있다는 전망도 곁들였다. 최원호 위원이 주목한 김재윤의 반등 동력은 포심패스트볼 구속이었다. 김재윤이 패스트볼 위력을 회복하면서 포크볼을 비롯한 변화구 효과 또한 다시 키울 수 있다는 진단이었다. 최 위원은 “김재윤 스스로 구속을 유지하기 위해 여러 노력하는 것으로 알고 있다”고도 했다. 김재윤이 150㎞ 이상을 쉽게 던지는 파이어볼러는 아니다. 그러나 140㎞ 중반대 포심 구속을 유지할 때와 그렇지 못할 때의 타자와 주도권 다툼 양상은 크게 나타난다. 김재윤은 올시즌 포심패스트볼 평균구속 144.6㎞를 했는데 수치로는 평범해 보이지만 삼성 이적 첫해인 2024시즌 포심 평균구속(141.9㎞)과 비교하면 변화가 뚜렷하다. 그해 83.3%였던 포심 콘택트율도 74.2%로 떨어뜨렸다. 삼성은 전반기 불펜진이 너무도 잘했기 때문에 후반기를 준비하면서는 더 신경 쓰일 수도 있다. 스프링캠프에서 받았던 인사가 불펜 얘기 시작했던 것처럼 삼성 벤치에서부터 초심을 갖고 더 조심해야 하는 대목일 수 있다. 더구나 최근 불펜진에서 비중이 컸던 최지광이 전반기를 마치며 팔꿈치 근육 손상으로 6주 재활 진단을 받아 후반기 초반에는 인적 변화도 필요한 상황이다. 삼성의 후반기 불펜 지표가 곧 정규시즌 패권 다툼의 지표가 될 것으로도 보인다. 안승호 기자 siwoo@kyunghyang.com",https://v.daum.net/v/2UkcFex2FP
2026.07.13 08:35,"""1위 팀이라 망설일 이유 없었다""…삼성 새 외인 페덱의 첫 약속 ""우승...",OSEN,"[OSEN=손찬익 기자] ""삼성은 승리를 향해 달리는 팀이었다"". 프로야구 삼성 라이온즈의 새 외국인 투수 크리스 페덱(30)이 구단 공식 유튜브 채널 '라이온즈TV'를 통해 팬들에게 첫인사를 건네며 우승을 향한 의지를 드러냈다. 지난 11일 총액 47만3333달러에 삼성과 계약한 페덱은 키 196㎝, 몸무게 98㎏의 체격 조건을 갖춘 우완 투수다. 메이저리그 통산 132경기(119경기 선발)에 등판해 32승 43패 평균자책점 4.83을 기록했고, 다양한 구종과 안정적인 제구력을 앞세워 선발 자원으로 활약했다. 페덱은 ""삼성에 합류하게 돼 정말 기쁘고 영광""이라며 ""계약 전 KBO리그에 대해 많이 알아봤고, 한국에서 뛰었던 선수들과도 이야기를 나눴다. 모두 삼성에 대해 좋은 평가를 해줬다. 특히 열정적인 팬들과 외국인 선수를 잘 배려하는 팀 문화가 인상적이었다""고 입단 소감을 밝혔다. 그가 삼성행을 선택한 가장 큰 이유는 '우승에 도전하는 팀'이라는 점이었다. 페덱은 ""야구는 메이저리그든 KBO리그든 어느 무대에서든 승리를 목표로 하는 스포츠""라며 ""삼성은 상위권을 달리고 있는 데다 역사와 전통이 있는 팀이다. 과거 샌디에이고에서 김하성과 함께 뛰면서 KBO리그에 대해서도 알게 됐고, 여러 이유가 더해져 삼성을 선택하게 됐다""고 설명했다. 페덱은 이어 ""새로운 도전을 원했고, 지금 승리를 향해 달리는 팀에 보탬이 되고 싶었다. 앞으로의 몇 달이 정말 기대된다""며 후반기 활약을 다짐했다. 전반기를 1위로 마친 삼성의 우승 도전에도 힘을 보태겠다고 약속했다. 페덱은 ""팀이 전반기를 1위로 마친 만큼 후반기에도 힘을 보태 팀의 목표인 우승을 이루는 데 기여하고 싶다""고 힘주어 말했다. 자신의 별명인 '텍사스 보안관'도 소개했다. 그는 ""텍사스 출신이라 '보안관'이라는 별명이 있다. 텍사스의 카우보이 문화를 대표한다는 자부심을 갖고 있다""며 ""그동안 쌓은 경험과 노하우를 동료들과 나누고 싶다""고 말했다. 끝으로 팬들에게도 진심 어린 메시지를 전했다. 페덱은 ""삼성 팬들의 열정이 대단하다고 들었다. 그만큼 기대가 크다는 것도 잘 알고 있다""며 ""경기장에서 최선을 다해 팬들을 기쁘게 하고 우승을 안겨드리는 것이 제 역할이다. 야구는 팬들과 함께하는 스포츠다. 항상 관중석을 가득 메워주시는 팬들께 감사드린다""고 말했다. /what@osen.co.kr",https://v.daum.net/v/4FMszgnQhj
2026.07.13 08:16,"“롯데 충분히 올라갈 수 있어, 분위기 최고” 김태형이 극찬한 좌완, 기...",OSEN,"[OSEN=이후광 기자] 김태형 감독이 꼽은 전반기 MVP가 남은 59경기 롯데 자이언츠의 기적을 외쳤다. 프로야구 롯데 좌완 기대주 김진욱은 인고의 시간을 뒤로 하고 올해 전반기 마침내 1라운더의 위용을 뽐냈다. 선발진 한 축을 맡아 16경기 5승 4패 평균자책점 2.95(94⅔이닝 31자책) 호투하며 후반기 시작도 하기 전에 승리, 이닝 커리어하이를 썼다. 2021년 신인드래프트에서 롯데 2차 1라운드 1순위 지명된 이후 방황을 거듭한 끝에 맺은 결실이었다. 김진욱은 활약에 힘입어 감독 추천선수로 꿈의 무대인 올스타전도 밟았다. 김진욱은 “개인적인 성적만 보면 만족스러운 전반기를 보냈다. 후반기도 준비를 잘해서 이제는 팀이 순위를 더 끌어올리는 데 초점을 맞춰야 한다”라고 밝혔다. 김태형 감독은 전반기 롯데 마운드의 수훈선수로 주저없이 김진욱을 언급했다. 이에 대해 김진욱은 “확실히 야구를 잘하니까 감독님이 칭찬을 많이 해주시는 거 같다”라고 웃으며 “감독님이 늘 조언도 많이 해주시고, 마운드에 올라가서 편하게 던질 수 있게끔 말도 걸어주신다. 그 덕분에 전반기 계속 좋은 결과를 낼 수 있었다”라고 김태형 감독에게 감사를 표했다. 그 때문일까. 김진욱은 그 어느 때보다 자신의 공에 확신을 갖고 타자를 상대할 수 있었다. 그는 “전반기 좋은 성적을 낸 이유는 정말 많다. 자신감도 붙었고, 기술적인 부분도 좋아졌다. 그런데 결국에는 경기를 할 때 내 생각에 자신감이 붙어서 좋은 결과를 낸 듯하다”라고 바라봤다. 지난 11일 올스타전을 마치고 12일부터 올스타 브레이크에 돌입한 김진욱. 전반기를 잘 마쳤기에 후반기 기세를 그대로 잇고 싶고, 그러기 위해서는 휴식기를 잘 보내야 한다. 김진욱은 “쉬는 것도 잘 쉬어야하지만, 운동도 꾸준히 해야한다. 다음 등판 때 조금 더 집중을 해야하기 때문에 그 등판 시기에 맞춰서 운동 스케줄을 소화할 계획이다”라고 밝혔다. 롯데는 지난달 16일부터 한 달 동안 21경기 14승 1무 6패 승률 0.700의 무서운 상승세를 탔다. 6월 30일부터 7월 2일 잠실 두산 베어스 시리즈(1승 2패)를 제외하고 무려 6차례 위닝시리즈를 달성, 후반기 5강 구도를 위협할 다크호스로 급부상했다. 시즌 초반 워낙 많은 좌절을 겪은 탓에 포스트시즌 마지노선인 5위 두산 베어스와 승차가 여전히 5경기이지만, 김진욱은 후반기 기적을 확신했다. 김진욱은 “전반기 막바지 승률이 많이 올랐다. 그만큼 많이 이겼기 때문에 분위기는 어떻게 보면 이번 시즌 중 가장 좋은 거 같다”라며 “휴식기 동안 형들과 함께 잘 쉬면서 후반기 준비를 잘하면 충분히 높은 곳으로 올라갈 수 있을 것”이라고 기적의 가을야구를 꿈꿨다. /backlight@osen.co.kr",https://v.daum.net/v/bc1JA5HlyZ
2026.07.13 08:11,“(조)상우도 고민해봐야” KIA 정해영에게만 짐을 안길 이유 없다? E...,마이데일리,"[마이데일리 = 김진성 기자] “(조)상우가 구위가 제일 좋아 보이니까…그것도 한번 고민해봐야 될 것 같다.” KIA 타이거즈 이범호 감독은 9일 롯데 자이언츠와의 전반기 최종전을 앞두고 후반기에 정해영과 곽도규로 8~9회를 꾸려갈 것이라고 선언했다. 사실상 정해영의 마무리 원대 복귀를 의미한다. 9회에 좌타자가 많이 걸리면 곽도규를 쓸 수 있지만, 결국 정해영을 마무리로 쓰겠다는 생각이다. 정해영은 올 시즌 초반 부진 후 셋업맨으로 돌아와 맹활약했다. 140km대 후반의 포심을 보유했고, 스피드 대비 구위가 좋은 투수다. 그러나 이 선수의 구위가 마무리치고 압도적인 것은 아니다. 때문에 기복은 있다. 마침 전반기 마지막 5경기 중 2경기서 실점했다. 전반기를 31경기서 2승1패2세이브7홀드 평균자책점 4.91로 마쳤다. 현 시점에선 결국 정해영이 뒷문을 맡을 가능성이 크다. 그러나 정해영에게만 짐을 짊어지게 할 이유는 없어 보인다. 전반기 KIA 불펜의 실질적 에이스는 부활한 조상우였다. 조상우는 40경기서 4승1패13홀드 평균자책점 1.53으로 맹활약 중이다. 더 이상 구속에 집착하지 않고 슬라이더와 포크볼 비중을 더 높여 성공가도를 달린다. 지금도 조상우의 스피드는 140km대 중반이다. 정해영보다 스피드는 떨어지는데 상대적으로 안정적인 느낌은 있다. 어차피 정해영과 조상우, 곽도규까지 전부 마무리로 압도적 카드는 아니다. 그렇다면 서로 짊을 나눠지게 할 필요도 있다. 단, 전상현의 경우 부상을 털고 전반기 막판 돌아왔지만, 현 시점에선 8~9회로 갈만한 상황은 아니다. 이범호 감독은 “상우도 구위를 볼 때 제일 좋아 보이니까, 그것도 한번 고민을 해봐야 할 것 같다”라고 했다. 그러나 이범호 감독이 조상우를 마무리 우선순위로 안 둔 이유도 확실하다. 조상우 역시 압도적인 구위를 가지지 않은데다, 주무기가 슬라이더라는 걸 불안하게 바라봤다. 이범호 감독은 “상우를 써도 되는데, 옆으로 휘고 도는 슬라이더성 공이다. 옛날에 9회를 많이 단졌지만 구종 자체는 좀 단순하다. 장타를 맞을 위험이 있어서…그게 아무래도 조금 머릿속에 걸리긴 하죠”라고 했다. ABS 시대에 슬라이더를 주무기로 삼는 투수들이 다소 고전하는 경향은 있다. 그러나 조상우는 그런 케이스는 아니다. 올해 홈런의 경우 딱 1개를 내줬다. 2루타는 네 방. 의외로 전반기에 장타를 많이 안 내줬다. 어쨌든 구위가 아닌 무브먼트와 변화구로 승부하는 마무리가 9회에 장타를 맞으면 치명적이긴 하다. 과연 이범호 감독은 어떤 결론을 내리고 어떻게 필승조를 다시 세팅할까. 정해영과 곽도규, 조상우를 잘 활용하는 게 가장 중요하다. 전상현과 이태양, 김범수가 그 앞을 책임질 전망이다. 한재승과 최지민도 있다.",https://v.daum.net/v/xkRAnySrDi
2026.07.13 08:02,"[굿바이 잠실] ⑦잠실의 양쪽 라커룸 20년을 지킨 두 남자, 박용택과 ...",연합뉴스,"(서울=연합뉴스) 이대호 기자 = 한 명은 3루 쪽 라커룸에서, 또 한 명은 1루 쪽 라커룸에서 20년 가까이 그라운드를 공유했다. 유니폼 색은 달랐다. 한 명은 검은 줄무늬, 다른 한 명은 남색을 입었다. 그러나 두 사람이 밟은 흙, 두 사람이 올려다본 조명탑, 두 사람이 마주한 관중석은 모두 같은 잠실이었다. 박용택(47·전 LG 트윈스)과 김재호(41·전 두산 베어스)는 10일 잠실구장에서 열린 KBO 퓨처스 올스타전 시구자로 마운드에 섰다. 올해를 끝으로 철거에 들어가는 잠실구장을 추억하기 위해 올해 올스타전은 지난 11일 잠실구장에서 열렸다. 잠실을 홈으로 쓴 라이벌 구단에서 각자 한 팀의 유니폼만 입고 선수 생활을 마친 원클럽맨은 사이좋게 마운드에 올랐다. 잠실구장이 역사의 뒤안길로 사라질 날이 다가오는 지금, 이 구장을 '집'이라 부른 두 프랜차이즈 스타의 이야기는 각별할 수밖에 없다. 시구를 위해 마운드에 올랐던 순간, 두 사람은 비로소 이별을 실감했다고 했다. 박용택은 ""저와 재호를 섭외한 것은 잠실야구장 마지막이니까 그런 것 같다. 마운드 올라가기 전에는 아무 생각이 없었는데, 실제로 마운드에 올라가니까 진짜 이 야구장이 마지막이구나 하는 생각이 들더라""며 ""시즌이 끝날 때가 되면 더 그런 생각이 들 것 같다""고 말했다. 김재호는 ""저도 잠실에서 오랜 시간 뛰었다. 연차 수로 따지면 21년으로 용택이 형보다 오히려 오래 뛰었다""며 ""아직은 마지막이라는 생각이 안 든다. 시즌 마지막에 여기가 허물어지기 시작하면 가슴에 와닿을 것 같다. 동대문야구장이 없어진다는 말이 많았을 때도 '에이' 그러다가 결국 없어지니까 허전함을 느꼈다. 잠실야구장 역시 허물어지면 그때 마음이 쓰이지 않을까 싶다""고 소회를 밝혔다. 박용택의 이야기는 2002년에서 시작한다. 고려대를 졸업하고 그해 LG 유니폼을 은 그는 2020년 은퇴할 때까지 19시즌을 오직 한 팀에서만 뛰었다. 그사이 그의 방망이가 만들어낸 안타는 2천504개. 지금은 후배들이 하나둘 앞질렀으나 은퇴 당시에는 KBO리그 역대 최다안타 기록이었다. 그의 은퇴식은 코로나19가 조금이나마 수그러든 2022년 잠실에서 열렸고, 등번호 33번은 LG 구단 영구결번으로 남았다. 김재호는 2004년 두산에 입단해 2025년 유니폼을 벗기까지 21시즌을 한 팀에서 보냈다. 데뷔 초반은 벤치와 2군을 오가는 무명의 시간이었다. 그러나 30대에 접어들며 두산의 주전 유격수로 자리 잡았고, 이후 2010년대 중반 이후 우뚝 선 두산 왕조의 내야 사령관으로 활약했다. 골든글러브 2회 수상, 한국시리즈 우승 3회로 늦게 피었지만, 오래 빛난 야구 인생이었다. 같은 구장에서 뛰었지만, 두 사람이 상징하는 바는 극명하게 갈렸다. 박용택은 '기록의 사나이'였다. 외야 한 자리를 지키며 매년 3할 안팎의 타율을 찍었고, 꾸준함으로 안타를 쌓아 올렸다. LG가 오랜 기간 포스트시즌 무대에서 멀어져 있던 시기, 그의 방망이는 팬들이 잠실을 찾는 이유였다. 김재호는 '우승의 사나이'였다. 두산 왕조 시절, 그의 글러브는 내야를 조용히 지배했다. 화려한 홈런이나 타격 기록보다, 결정적인 순간 잡아내는 타구 하나, 병살을 완성하는 송구 하나가 그의 언어였다. 두 사람은 잠실을 상징하는 인물로 시구자에 이름을 올린 것에 대해 겸손함을 잃지 않았다. 박용택은 ""사실 처음에는 '왜 퓨처스 올스타지'라고 생각했다. 들어보니 본경기(1군 올스타전)는 어린이들이 시구한다고 하더라""고 농담을 건넨 뒤 ""사실은 진짜 영광""이라며 웃었다. 김재호는 ""용택이 형은 당연히 1군 올스타전 시구자로 나갈 정도의 실력을 갖춘 분이다. 저는 여기(퓨처스 올스타전) 시구가 수준에 맞다""며 ""아직은 은퇴한 선배님들에 비하면 제 나이가 어린 편이다. 그래서 이 자리가 무척 뜻깊고, 내가 와도 되나 싶을 정도""라고 몸을 낮췄다. 잠실 라이벌전은 한국 프로야구에서 가장 특수한 라이벌전이다. 홈구장을 공유하는 두 팀이 유니폼과 더그아웃만 바꿔 맞붙는 경기다. 박용택과 김재호는 이 시리즈의 한복판에 서 있었다. 두 사람에게 현역 시절 서로를 어떻게 기억하는지 물었다. 박용택은 ""재호한테 개인적인 감정이 크게 있지는 않다""면서도 ""다만 제가 뛰었던 시기는 두산에 많이 열세였다. 15연패를 했던 시즌(2018년)도 있다. 두산이랑 할 때는 팬들은 물론 프런트나 모기업의 관심도도 높았다. 이겨야 하는 경기를 졌던 아픈 기억밖에 없다""고 털어놨다. 김재호는 ""모기업 간의 라이벌 구도와 경쟁 심리가 있었다""면서 한 장면을 떠올렸다. ""용택이 형 하면 (정)재훈이 형 팔 다쳤을 때가 생각난다. LG와 경기하면 경기가 끝날 때까지 긴장을 늦추면 안 되는 상황이 많았다. 그 중심에는 항상 용택이 형이 있었다. 당시에는 '용택이 형만 막으면 된다', 이런 분위기가 있었다."" 김재호가 언급한 장면은 2016년 8월 3일 잠실 경기다. 박용택의 강습 타구가 두산 정재훈의 오른 팔뚝을 강타해 골절상을 입혔고, 정재훈은 결국 부상에서 완전히 회복하지 못한 채 은퇴했다. 휘문중·휘문고 후배였던 박용택은 정재훈의 은퇴식에 따로 연락을 넣는 등 오랜 시간 미안함을 표시해 온 것으로 알려져 있다. 두 사람의 시선은 현재 친정팀 성적으로 향했다. 박용택은 ""LG는 당연히 우승해야죠""라며 힘줘 말했다. 그는 ""우승해서 2020년대는 LG가 왕조를 했다고 기억되면 좋겠다""고 바람을 전했다. 해설위원으로 활동하기 때문에 마이크 앞에서 언제나 균형을 지키고자 노력하지만, 이날만큼은 '미스터 LG'다웠다. 김재호는 조심스러웠다. 그는 ""두산은 김원형 감독님 첫해이고, 천천히 만들어가는 과정이라고 생각한다. 잘 만들어가고 있다""며 ""당장 우승을 바라기보다는, 일단 포스트시즌에 나가는 발판을 마련하는 시기가 됐으면 좋겠다""고 답했다. 잠실구장은 곧 사라진다. 새 돔구장이 들어서고, 두 팀은 새로운 홈에서 새로운 역사를 써 내려갈 것이다. 두 사람에게 새 잠실구장에 바라는 점을 물었다. 박용택은 라커룸 이야기부터 꺼냈다. 그는 ""모든 야구장을 통틀어 잠실 라커룸이 가장 열악하다. 불과 몇 년 전만 해도 원정팀은 복도에서 옷을 갈아입었다""며 ""그런 시설들이 잘 갖춰졌으면 한다""고 당부했다. 김재호는 세계 어디에 내놔도 부끄럽지 않은 돔구장을 원했다. 그는 새롭게 들어설 '잠실 돔'에 대해 ""우리나라에 돔구장이 흔하지 않다. 이제는 늘어나야 하는 시기""라며 ""우리가 외국으로 돔구장 견학을 가는 게 아니라, 이제는 외국에서 우리나라에 견학을 오는, 그런 돔구장을 만들어줬으면 한다""고 힘줘 말했다. 프리에이전트(FA) 제도가 정착하고 선수들의 이적이 활발해진 지금, '한 팀에 뼈를 묻는' 프랜차이즈 스타는 희귀한 존재가 되어 버렸다. 박용택과 김재호는 잠실이라는 시대가 남긴 마지막 세대의 프랜차이즈 스타다. 잠실의 마지막 조명이 꺼지는 날, 두 사람의 이름은 라이벌이 아닌 '잠실의 아이들'로 함께 기억될 것이다. 4bun@yna.co.kr (끝) ▶제보는 카톡 okjebo",https://v.daum.net/v/5999fDcnGw
2026.07.13 07:53,"출전은 못했지만.. ""잠실은 한국시리즈 느끼게 해준 곳"" → 미스터 올스...",스포츠조선,"[스포츠조선 한동훈 기자] 잠실의 마지막 올스타전 주인공은 2003년생 허인서(한화)였다. 1982년 개장한 잠실구장은 올 시즌 뒤 철거하고 돔구장으로 재탄생한다. 2022년 프로에 데뷔한 허인서는 잠실과 특별한 인연을 맺을 일이 없었지만 이번에 영원히 잊을 수 없는 추억을 만들었다. 허인서는 11일 잠실구장에서 개최된 2026 KBO리그 올스타전의 MVP인 '미스터 올스타'에 등극했다. 나눔올스타(LG 한화 NC KIA 키움) 8번-포수로 선발 출전한 허인서는 5타수 4안타 1타점 1득점 맹활약을 펼쳤다. 나눔은 드림올스타(SSG 삼성 KT 롯데 두산)를 10대2로 제압했다. 허인서는 26표 중 절반인 13표를 획득했다. 마침 허인서의 생일이기도 했다. 허인서는 2003년 7월 11일에 태어났다. 허인서는 ""처음 올스타에 뽑혔는데 바로 미스터 올스타를 받아 기쁘다. 진짜 머리에 없던 그림이었다. 생일 선물을 받은 것 같다. 최고의 생일이다""라며 웃었다. 한국 프로야구의 상징과도 같은 잠실구장의 마지막 대형 이벤트에서 차세대 샛별이 탄생했다. 허인서에게 잠실은 '한국시리즈'였다. 허인서는 ""잠실이라고 하면 한국시리즈가 생각난다. 작년 한국시리즈 엔트리에 들었는데 출전하지 못했다. 하지만 한국시리즈 분위기를 느낄 수 있어서 좋았다. 잠실에는 그런 추억이 있었다""고 돌아봤다. 한화는 2025년 한국시리즈 엔트리에 포수 3명(최재훈 이재원 허인서)을 넣었다. 최재훈이 풀타임으로 뛰고 이재원이 교체로 1경기에 나가느라 허인서는 응원과 훈련에 전념했다. 허인서는 벤치에서 준우승을 지켜봤다. 허인서는 지난해 가능성을 보인 뒤 올해 본격적으로 두각을 나타냈다. 양의지(두산) 강민호(삼성)를 이을 차세대 공격형 포수로 성장했다. 2022년 신인드래프트 2차 11번에 뽑혔다. 그해 8경기 출전에 그친 뒤 상무에서 군복무를 마쳤다. 올해 전반기엔 주전 포수로 나서 73경기 12홈런 OPS(출루율+장타율) 0.864를 기록했다. 허인서는 ""양의지 강민호 선배님을 이어간다는 표현은 과분하다""며 아직 갈 길이 멀다고 말했다. 1군 출전 시간이 늘어나면서 자신도 몰랐던 약점들이 나타나고 있기 때문이다. 허인서는 ""더욱 노력하고 더 잘하려고 해야 한다. 단적으로 송구가 약하다고 생각을 해본 적이 없었는데 올해 도루 저지율이 낮은 편이다. 어떤 부분 때문에 그랬는지 생각을 많이 해보고 배터리 코치님과 연구하면서 배워나가겠다""고 각오를 다졌다. 한동훈 기자 dhhan@sportschosun.com",https://v.daum.net/v/Q7jEJvhDFO
2026.07.13 07:49,"KBO 올스타전의 딜레마...최고실력의 진검 승부냐, 퍼포먼스 이벤트냐 ...",OSEN,"<사진>올 시즌을 끝으로 문을 닫는 잠실구장에서 펼쳐진 마지막 올스타전 [OSEN=박선양 기자]올해도 프로야구 올스타전(7월 11일)이 올 시즌을 끝으로 문을 닫는 잠실야구장에서 성대하게 치러졌다. 1982년 개장해서 44년간 한국야구 발전과 함께 했던 잠실구장의 의미를 되새기는 한편 선수들은 저마다 특색있는 퍼포먼스로 관객들을 즐겁게 했다. 팬들은 올스타 선수들의 평소와 다른 모습에 열광했다. 하지만 한편에서는 선수들이 경기에 집중하며 진검승부를 펼치지 못한 것을 몹시 아쉬워하는 목소리도 적지 않았다. 이날 현장에서 올스타전을 지켜본 한 원로 야구인은 “선수들이 경기보다는 퍼포먼스에 더 신경을 쓰는 모습이다. 1년에 한 번 야구팬들을 위해 독특한 장면들을 연출하는 것도 중요하다. 하지만 빠른 경기진행을 위해 피치클락에 비디오판독까지 실시하는데 타자나 투수마다 퍼포먼스를 진행하는 바람에 선수들이 경기에 보다 집중하지 못하는 모습이 아쉽다”면서 “프로선수들이 경기보다 퍼포먼스에 신경쓰는 장면이 그대로 노출되면서 요즘 고교야구 등 아마선수들이 따라해서 눈살을 찌푸리게 한다”며 지나친 퍼포먼스 장면에 혀를 찼다. 경기력이냐, 이벤트냐는 딜레마는 선수들이나 감독들도 고민이 적지 않은 모습이다. 이번 올스타전이 시작되기전부터 논란은 시작됐다. 삼성의 올스타 타자인 구자욱이 “이번 올스타전에서는 퍼포먼스보다는 경기에 집중하고 싶다”면서 절친인 두산 외야수 정수빈의 퍼포먼스와 비교해 논란이 됐다. 둘이 워낙 친한 사이이고 다른 의미가 있는 말이 아니라며 오해를 풀면서 해프닝으로 끝났지만 선수들도 경기와 이벤트 사이에서 고민하고 있음을 엿볼 수 있는 대목이었다. 이전부터 올스타전에서는 선수들이 부상 등을 우려해 전력을 다하지 않는 모습이었다. 물론 상을 노리는 선수들은 눈에 불을 켜고 달려들지만....대표적인 모습이 투수들의 투구이다. 평소보다 훨씬 떨어지는 구속으로 설렁설렁 던지는 장면이다. 이런 가운데 올스타전에 처음 나온 키움의 일본인 투수 유토는 전력투구, 시즌 때도 안나온 시속 154km의 강속구를 뿌려 인상적이기는 했다. 올스타다운 투구였다. <사진>베스트 퍼포먼스상을 수상한 롯데 자이언츠의 황성빈 감독들 특히 양팀 사령탑을 맡은 감독의 고민도 있다. 팬투표로 선정된 올스타 선수들 이외에 감독선정 올스타를 뽑을 때 문제가 생긴다. 양팀 사령탑을 맡은 감독들은 소속 타구단 감독들에게 팀선정 올스타 추천을 요청한다. 그러나 대부분 감독들이 부상 등을 이유로 팬투표 올스타 이외에 팀최고 선수 대신 올스타전을 경험하지 못한 신예급 주전선수들을 추천해 최고 전력으로 팀을 꾸리는 것과는 거리가 있다. 이런 상황에서 멋진 승부를 펼치는 최고의 올스타전을 기대하는 것은 무리이다. 선수도, 감독도 경기력과는 조금 거리가 있는 올스타전인 셈이다. 물론 팬들에게는 다양한 볼거리를 제공해 승부외적인 재미를 선물하지만 야구인들에게는 다소 아쉬움이 남는다. 그렇다면 선수들이 좀 더 경기에 집중하게 만들 수 있는 묘수는 없을까. 한 야구관계자는 “상금을 지금보다 대폭 올리는 것도 한 방안이다. 지금은 팀승리수당이 2000만원인데 이것을 억대로 올리면 양팀 선수들이 좀 더 멋진 승부를 펼칠 것”이라며 “올스타전을 주관하는 한국야구위원회(KBO)가 긍정적으로 검토했으면 좋겠다”는 바람을 전했다. 올스타 선수 개인출전수당은 200만원으로 이전보다는 그래도 많이 오른 편이다. 올스타전이 평소 경기보다 맥이 풀리기는 미국 메이저리그도 비슷하다. 메이저리그에서는 한 때 경기집중을 위해 양리그(내셔널리그, 아메리칸리그) 올스타팀 중 이긴팀에 포스트시즌 홈어드밴티지를 주기도 했다. 지금은 이제도도 없어졌다. 현재는 양리그의 자존심을 건 대결이 펼쳐지고 있다. 정말 올스타전에서 경기력과 이벤트를 조화롭게 하는 방안은 없는 것일까. 많은 야구인들은 팬들을 위한 퍼포먼스는 양팀 선수들중에서 원하고 잘하는 2~3명 정도로 제한하고, 경기집중을 위해 상금을 좀 더 올리는 방안을 함께 검토하기를 KBO에 바라고 있다. <사진>잠실구장 마지막 올스타전의 '미스터 올스타'가 된 한화 이글스 허인서 /sun@osen.co.kr",https://v.daum.net/v/pdqgrpFYSW
2026.07.13 07:44,"[IS 인터뷰] ""50홈런 안 쳐도 돼"" 박진만 'THE 면담'에 짐 벗...",일간스포츠,"""홈런 20개만 쳐도 좋아."" 지난해 50홈런을 때려낸 홈런왕이다. 타점도 158타점으로 단일 시즌 최다 타점 기록이라는 신기원도 작성한 선수다. 하지만 감독은 지난해만큼의 활약은 바라지 않았다. '홈런왕'이 주춤한 순간, 오히려 그의 조급한 마음을 안정시키기 위해 조금 더 낮은 목표를 제시했다. 또 하나의 '면담 효과'가 나타났다. 삼성 라이온즈의 내야수 르윈 디아즈가 사령탑의 굳건한 신뢰 속에 장타에 대한 강박을 지우고 후반기 도약을 준비한다. 전년도 '홈런왕' 타이틀이 주는 심리적 압박감을 덜어낸 것이 타석에서의 심리적 안정으로 이어지고 있다. 디아즈는 지난 시즌 50홈런을 터뜨리며 리그 홈런왕에 올랐다. 그러나 올 시즌 전반기에는 홈런 페이스가 예년만 못하다. 올해 83경기에서 16홈런만을 기록했다. 이 페이스대로라면 시즌 종료 시 28홈런 123타점을 기록한다. 50홈런-158타점을 기록한 지난해와 비교했을 땐 초라한 성적이다. 지난 11일 올스타전을 앞두고 만난 디아즈는 전반기 성적에 대해 ""클러치 상황이나 득점 상황에서 좋을 때도 있었지만, 아닐 때도 많았다. 타격 사이클의 기복이 심했다""라며 냉정하게 자체 평가를 내렸다. 자연스레 이는 스트레스로 이어졌다. 이 때 디아즈의 멘털을 다잡아준 사람이 박진만 감독이었다. 박 감독은 디아즈의 부진 이야기가 나올 때마다 ""홈런이 없어도 중요한 순간 해결사 역할을 잘해주고 있다. 디아즈가 올 시즌 20홈런에 100타점만 기록해도 팀에는 큰 힘이 된다""며 디아즈의 현재 팀 내 기여도를 높게 평가한 바 있다. 실제로 전반기 디아즈는 홈런은 적지만 리그 5위(팀 내 1위)에 해당하는 71타점을 기록하며 해결사 역할을 톡톡히 해냈다. 박진만 감독은 지난해 초반 디아즈가 1할대 타율에 허덕일 때도 '면담'을 통해 그의 심리적 압박을 덜어낸 바 있다. 그 결과 디아즈는 퇴출 위기를 딛고 홈런왕으로 거듭났다. 올해 역시, 감독의 배려는 디아즈에게 큰 힘이 됐다. 디아즈는 ""시즌 초반 성적으로 인해 스트레스를 많이 받고 있을 때, 감독님께서 직접 내게 말해줬다. '우리는 네가 다시 50홈런을 치는 것을 바라지 않는다. 20홈런만 쳐도 충분히 훌륭한 활약이다'라고 말씀해 주셨다""고 회상했다. 이어 ""홈런에 대한 스트레스를 내려놓을 수 있게 됐다. 홈런을 치지 못한다고 해서 수비나 다른 플레이를 소홀히 하는 것은 아니지 않나. (부담을 덜고) 주어진 내 역할에 최선을 다할 수 있게 됐다""고 덧붙였다. 디아즈는 전반기 모든 경기에 출전하며 쉼없이 달려왔다. 전반기 마지막 경기에서 어지럼증 및 일시적인 탈수 증세로 교체되면서 우려를 낳기도 했으나, 휴식 후 빠르게 회복해 후반기를 준비한다. 남은 시즌 디아즈의 목표는 명확하다. 화려한 홈런 숫자보다는 타석에서의 기복 없는 '일관성'이다. 디아즈는 ""수치상 전반기 기록이 나쁘진 않지만, 내가 원하는 것은 꾸준함(Consistency)""이라며 ""클러치 상황에서의 기복을 줄이고, 타석에서 일관된 모습을 보여주는 데 집중하겠다""고 후반기 각오를 다졌다. 무조건적인 한 방을 노리는 무리한 스윙보다, 팀의 4번 타자로서 득점권 상황에 맞는 실용적인 타격을 이어가겠다는 의지를 보였다. 윤승재 기자 yogiyoon@edaily.co.kr",https://v.daum.net/v/1f80jZGhrO
2026.07.13 07:44,"국민유격수의 ""실망했다"" 쓴소리, 삼성 또 한번 움직일까…오러클린 이어 ...",엑스포츠뉴스,"(엑스포츠뉴스 김지수 기자) 박진만 감독이 이끄는 삼성 라이온즈는 지난 9일 2026시즌 전반기 최종전에서 LG 트윈스를 6-5로 꺾고 올스타 휴식기를 1위로 돌입했다. 개막을 앞두고 우승후보라는 평가를 받았던 가운데 2015시즌 이후 11년 만에 전반기를 1위로 마감하는 기염을 토했다. 삼성은 페넌트레이스 종료까지 59경기가 남은 데다 2위 LG와 승차 없이 승률에서만 앞서 있는 상태다. 2014시즌 이후 12년 만에 한국시리즈 정상 정복 도전을 위해 후반기 시작을 앞두고 승부수를 던졌다. 삼성은 먼저 오는 16일 단기 대체 외국인 선수 계약 만료를 앞두고 있던 잭 오러클린과 결별을 결정했다. 대신 메이저리그 통산 32승의 빛나는 커리어를 자랑하는 크리스 페덱을 지난 11일 새롭게 영입했다. 삼성은 당초 2026시즌 2선발로 점찍고 영입한 맷 매닝이 지난 2월 일본 오키나와 스프링캠프 기간 팔꿈치 부상으로 수술 소견을 받는 악재를 맞았다. 급하게 새 외국인 투수를 물색해야 했고, 호주 국가대표로 2026 월드베이스볼클래식(WBC)에서 준수한 투구를 보여준 오러클린을 데려왔다. 오러클린은 2026시즌 전반기 17경기 83⅓이닝 5승5패 평균자책점 4.86을 기록했다. 5월까지 안정적으로 선발 로테이션을 지켜줬지만, 6월 이후 6경기 1승3패 평균자책점 6.67로 부진했다. 삼성은 '대권' 도전을 위해 더 강력한 외국인 투수를 원했고, 페덱 영입으로 이어졌다. 삼성이 오러클린에 이어 아시아 쿼터로 영입한 일본 우완 파이어볼로 미야지 유라의 거취 문제도 빠르게 결정할 수 있을지도 주목된다. 미야지는 전반기 33경기 28⅔이닝 1패 3홀드 평균자책점 5.97로 기대에 크게 못 미쳤다. 피안타율 0.248, 이닝당 출루허용률(WHIP) 1.67 등 세부 지표를 살펴보면 1이닝을 확실하게 믿고 맡길 수 있는 퍼포먼스를 보여주지 못했다. 박진만 감독은 지난 7일 전반기 마지막 3연전에 앞서 미야지를 1군 엔트리에 등록한 뒤 ""선수에게 중요한 시리즈가 될 것 같다""고 강조한 바 있다. 미야지의 등판 내용에 따라 선수의 후반기 기용법이 크게 달라질 수 있음을 시사했다. 하지만 미야지는 지난 8일 LG전에서 삼성이 2-5로 끌려가던 5회초 2사 2루에서 등판, 첫 타자 박동원을 상대로 공 3개를 던진 뒤 교체됐다. 1볼 1스트라이크에서 던진 152km/h짜리 직구가 박동원의 헬멧 챙 끝에 스쳤다. 다행히 박동원은 부상을 피했지만, 미야지는 KBO리그 규정에 따라 헤드샷 사구 다이렉트 퇴장을 당했다. 박진만 감독은 지난 9일 ""미야지가 퓨처스리그에서 재정비를 마치고 전날 첫 1군 등판이었다. 기대를 했는데 조금 실망스러운 게임이었다""며 ""올스타 브레이크 기간에 구단에서도 여러 방안을 생각하면서 움직이지 않을까 생각한다""고 쓴소리를 내놨다. 박진만 감독은 2026시즌 미야지를 활용하기 위해 꾸준히 1군 등판 기회를 제공했다. 150km/h 초반대 패스트볼은 분명 경쟁력이 있다고 봤다. 투구 밸런스를 잡기 위해 지난 6월 26일부터 7월 6일까지 2군에서 머물렀던 걸 제외하면 개막 후 줄곧 1군에 머물렀다. 그러나 미야지는 좀처럼 반등하지 못했다. 한국에 오기 전 일본프로야구(NPB) 경험 없이 독립리그에서만 뛰었던 까닭에 많은 관중 앞에서 투구하는 부분에 어려움을 겪고 있다고는 하지만, 박진만 감독은 프로 선수라면 멘털적으로 이겨내야 한다는 입장이다. 박진만 감독은 ""프로 선수가 1군에서 긴장감 속에 자기 공을 못 던지면 버틸 수 없다. 코칭스태프가 어떻게 케어해 준다고 되는 것도 아니다""라며 ""미야지가 여러 가지로 1군 복귀 등판은 아쉬운 부분이 많았다""고 분명한 메시지를 내놨다. 관건은 아시아 쿼터 선수 풀(Pool)이다. 아시아 쿼터 영입 선수가 부진한 팀들 대부분이 이구동성으로 하는 얘기는 ""시즌 중에는 데려올 선수가 없다""라는 것이다. 삼성이 이 숙제를 해결하고 전력에 보탬이 될 새 카드를 손에 쥘 수 있을지, 아니면 미야지와 동행을 이어갈지 지켜볼 일이다. 사진=삼성 라이온즈 김지수 기자 jisoo@xportsnews.com",https://v.daum.net/v/YagtgGyOGd
2026.07.13 07:42,"FA 계약 이후 전반기 최고 성적 찍었는데…LG 캡틴, 왜 “70~80점...",OSEN,"[OSEN=한용섭 기자] 프로야구 LG 트윈스 주장 박해민이 LG 이적 후 최고의 전반기 성적을 기록했다. 두 번째 FA 계약 첫 해 스텝업을 보여줬다. 박해민은 대체로 후반기 성적이 좋았기에 올스타 휴식기 이후 후반기도 기대된다. 박해민은 2025시즌 통합 우승을 차지하고 지난 겨울 LG와 두 번째 FA 계약을 했다. 첫 번째 계약 60억 원에서 두 번째 계약은 65억 원으로 올랐다. 4년의 시간이 지났지만, 가치를 더 높게 인정받은 것이다. 박해민은 “부담스럽지는 않았다. 구단에서 이만큼의 몸값을 측정해 준 거에 대해서 증명해야겠다는 생각을 갖고 올 시즌을 시작했는데 그래도 전반기는 어느 정도 잘 마무리하지 않았나 생각한다”고 말했다. 올 시즌 LG는 주전 다수가 타격 슬럼프로 시즌을 시작했다. 박해민도 4월말까지 타율 2할4푼5리였다. 홍창기, 신민재, 오지환, 박동원 등과 함께 부진했다. 박해민은 5월 24일 잠실 키움전에서 극적인 끝내기 홈런을 터뜨렸다. 3-4로 뒤진 9회말 2사 1,2루에서 역전 스리런 홈런을 터뜨렸다. 박해민의 프로 첫 끝내기 홈런이었다. 이 홈런이 터닝포인트가 됐는지, 6월에는 타율 3할5푼6리의 고타율을 기록하며 부진에서 벗어났다. 전반기 마지막 10경기에서 타율 3할2푼5리로 마쳤다. 박해민은 전반기 85경기 전 경기에 출장해 타율 2할9푼1리 82안타 3홈런 35타점 50득점 24도루 출루율 .362, OPS .727을 기록했다. KBO 최초로 13시즌 연속 20도루 대기록을 달성했다. 특히 2022년 LG 유니폼을 입은 이후로 전반기 가장 높은 타율과 OPS를 기록했다. 전반기 자신의 활약에 대해 점수를 매겨달라고 하자, 박해민은 “70~80점 정도 줄 수 있을 것 같다”고 답했다 # 박해민의 전반기 성적 2026년 타율 2할9푼1리 출루율 .363 OPS .727 2025년 타율 2할6푼 출루율 .370 OPS .685 2024년 타율 2할6푼4리 출루율 .326 OPS .667 2023년 타율 2할8푼9리 출루율 .358 OPS .719 2022년 타율 2할8푼5리 출루율 .359 OPS .712 LG는 전반기 삼성과 마지막 경기에서 5-6으로 패배하면서 승차없이 승률에서 뒤진 2위가 됐다. LG는 52승 33패(승률 .612), 삼성은 51승 32패 2무(승률 .614)로 1위다. 박해민은 “승차없는 2위인데, 전반기 마지막 경기들을 봤으면 알겠지만 부진했던 선수들이 조금 좋아지고 있다. 전반기에 부진했던 선수들이 후반기에는 팀을 이끌어 나가지 않을까 생각하고 있다”고 말했다. 박해민은 베테랑들의 헌신, 팀워크를 언급했다. 박해민은 “성적이 안 좋은 선수들이 좀 많았는데, 사람이라 개인적인 감정이 앞설 수도 있었는데, 그런 것들을 감추고 팀을 위해서 뛰었기 때문에 전반기에 승차 없는 2위를 할 수 있었다고 생각한다. 그 부분을 선수들한테 되게 고맙다”고 말했다. 또 “이전부터 개인적인 성적을 앞세우는 게 아니고 팀 성적을 생각하는 LG 트윈스의 문화가 있기 때문이다. 내가 처음 LG에 왔을 때 주장을 하고 있던 지환이나 그 위에 고참 선수들이 그런 문화를 잘 만들어줬기 때문에, 우리가 개인 성적이 좀 떨어지는 선수들이 있어도 이렇게 팀이 무너지지 않지 않았나 생각한다”고 말했다. /orange@osen.co.kr",https://v.daum.net/v/tXfOVEAilK
2026.07.13 07:42,“작년처럼 좋은 결과 낼 것”…LG 후반기 선전 예고한 ‘트윈스 역대 최...,MK스포츠,"“작년처럼 후반기에 좋은 결과를 낼 수 있을 거라 믿는다.” ‘트윈스 역대 최고의 외국인 타자’ 오스틴 딘이 LG 트윈스의 후반기 선전을 약속했다. 오스틴은 11일 서울 잠실야구장에서 열린 2026 프로야구 KBO 올스타전에 참가했다. 고향인 미국 텍사스 보안관 분장을 한 채 첫 타석에 등장한 그는 한복을 입고 ‘잠실 오씨’ 퍼포먼스도 선보여 많은 팬들의 환호를 이끌어냈다. 이번 올스타전은 또한 잠실야구장에서 펼쳐진 마지막 ‘별들의 잔치’라 더 의미가 있었다. 프로야구 원년인 1982년 준공된 잠실야구장은 올 시즌을 끝으로 철거된다. 이후 2032년 3월 같은 자리에 3만석 규모의 돔구장이 들어설 예정이다. 본 행사가 열리기 전 만난 오스틴은 “(잠실 마지막 올스타전이라) 정말 슬프다. 잠실야구장에서 개인적으로도 정말 좋은 추억이 많다. 팬 분들도 아마 비슷한 감정일 것 같은데, 그래도 좋은 점은 LG와 두산 베어스가 2032년 쯤 새로운 구장을 선물받는다. 새로운 구장에서 어린 선수들이 야구할 수 있다는 것이 부럽다. 좋은 부분도 있는 것 같다”고 말했다. 이어 2032년에도 뛰고 싶은 마음이 있을 것 같다는 취재진의 발언에는 “당연히 하고 싶다. 하고 싶은데, 현실적으로 생각하면 그때 쯤 39세다. KBO리그에서 용병 선수로 그렇게 오랫동안 뛰는 것은 쉽지 않을 것 같다. 당연히 좋은 구장에서 야구하고 싶지만, 현실적으로는 쉽지 않을 것 같다”고 전했다. 아쉽게 허리 통증으로 10일 진행된 홈런 더비에는 참가하지 못했다. 많은 기대를 모았던 김도영(KIA 타이거즈)과의 맞대결도 불발됐다. 오스틴은 “(홈런 더비에 참가하지 못해) 당연히 아쉽다. 출전하지 못한 것에 대해 아쉬움은 분명히 있다. 하지만 제 몸을 위한 선택을 한 것이다. 아직 시즌 남은 경기가 많다. 끝까지 건강하게 시즌을 소화하기 위한 최선의 선택이었다”며 “홈런 더비에 2023년 2024년 참가했는데, 새로운 얼굴들이 참여하는 것도 좋다. 특히 강백호(한화 이글스)가 어제 좋은 퍼포먼스를 보여줘 의미있는 홈런 더비가 된 것 같다”고 이야기했다. 명실상부 오스틴은 LG 역사상 최고의 외국인 타자다. 2023시즌 LG와 동행을 시작한 뒤 통산 480경기에서 타율 0.320(1799타수 575안타) 113홈런 405타점 OPS(출루율+장타율) 0.969를 적어냈다. 이런 오스틴을 앞세운 LG는 2023년과 2025년 통합우승의 위업을 달성할 수 있었다. 올해에도 존재감은 크다. 전반기 85경기에 나서 타율 0.339(327타수 111안타) 27홈런 83타점 OPS 1.082를 작성했다. 김도영(27홈런)과 함께 홈런 공동 1위이며 타점과 타율은 각각 2, 3위를 마크 중이다. 한국 무대에 잘 적응한 덕분이다. 그는 “메이저리그에서 성공한다고 꼭 KBO리그에서 성공하는 것이 아니다. 기본적으로 KBO리그에서 성공하려면 한국 야구, KBO리그를 잘 받아들이고 적응해야 한다”고 고개를 끄덕였다. 그러면서 “기본적으로 저는 어린 나이부터 스스로 어른이 되는 법을 배워야 했다. 어떻게 보면 그때 적응력을 키울 수 있었다. 그것 뿐 아니라 한국에 와서 매우 운이 좋게 좋은 팀원들을 만났다. 저를 받아주고, 팀의 일원이라 팀원들이 생각해 준 덕분에 적응을 잘 마칠 수 있었던 것 같다”고 두 눈을 반짝였다. LG는 52승 33패를 기록, 삼성 라이온즈(51승 2무 32패)에 승률에서 밀린 2위로 전반기를 마쳤다. 전반기 마지막 일정이었던 대구 삼성 3연전에서 루징시리즈에 그친 것이 뼈아팠다. 그럼에도 오스틴은 LG의 후반기 선전을 믿어 의심치 않았다. 그는 “우리가 이런 성공적인 전반기를 보낼 수 있어 정말 자랑스럽다. 마무리가 좀 아쉬웠지만, 삼성이라는 강팀을 만났다. 그때 (삼성) 분위기도 좋았고, 심지어 (LG에게는 원정인) 대구 삼성 라이온즈 파크에서 했기에 우리가 그 정도 결과를 냈던 것에 대해 어느 정도 만족스럽게 생각한다”며 “앞으로 시즌이 많이 남았으니, 올스타 브레이크 동안 휴식을 잘 취해 피로도를 회복하면 충분히 작년처럼 후반기에 좋은 결과를 낼 수 있을 거라 믿는다”고 목소리에 힘을 줬다. [잠실(서울)=이한주 MK스포츠 기자] [ⓒ MK스포츠, 무단전재 및 재배포 금지]",https://v.daum.net/v/ufn8SKqFLE
2026.07.13 07:32,"후반기 문 여는 KIA, SSG 넘어 3위 추격",광주매일신문,"[광주매일신문= 주홍철 기자] 프로야구 KIA 타이거즈가 후반기 레이스에 돌입한다. 오는 16일부터 19일까지 인천 문학 SSG랜더스필드에서 SSG 랜더스와 원정 4연전을 치른다. KIA는 전반기를 45승 39패 2무, 4위로 마쳤다. 1위 삼성·2위 LG와는 6.5경기 차, 3위 KT와는 3.5경기 차다. 5위 두산에는 1.5경기 앞서 있다. 후반기 시작부터 순위 경쟁이 치열하다. KIA는 3위를 추격하는 동시에 5위 두산도 따돌려야 한다. 이번 주 3위 KT는 2위 LG와 4연전을 치른다. 격차를 좁힐 기회다. 전반기 KIA의 강점은 장타력과 마운드였다. 팀 타율은 0.269로 리그 7위에 그쳤지만 홈런은 101개로 가장 많았다. 장타율도 0.428로 2위다. 팀 평균자책점은 4.28로 리그 3위다. 선발진은 4.12, 불펜은 4.50으로 모두 상위권이다. 다만 전반기 막판 흔들린 마무리 체제는 정비가 필요하다. 후반기 첫 상대는 9위 SSG다. 올 시즌 맞대결 성적은 5승 2패 1무로 KIA가 앞선다. 특히 방망이가 강했다. SSG전 팀 타율은 0.310이다. 9개 구단 가운데 1위다. 장타율 0.484와 OPS 0.864도 가장 좋다. 이번에도 타선에 기대가 모이는 이유다. 아쉬운 면도 있다. KIA는 SSG전에서 병살타 9개로 공동 최다를 기록했다. 타석당 삼진 비율도 21.7%로 가장 높다. 마운드는 선발과 불펜의 차이가 뚜렷했다. KIA 선발진의 SSG전 평균자책점은 3.12로 리그 2위다. 안정감을 보이며 상대 전적 우위에 힘을 보탰다. 반면 불펜은 고전했다. SSG전 평균자책점은 5.91로 9개 구단 중 8위다. WHIP도 1.72로 세 번째로 높다. 이번 맞대결은 4연전이다. 통상 3연전보다 한 경기가 많다. 선발진이 긴 이닝을 소화해야 계투진의 부담을 덜 수 있다. 첫 경기부터 불펜 소모가 커지면 운영이 어려워진다. SSG의 수비는 공략 대상이다. 전반기 실책 64개로 리그 두 번째로 많다. 최다인 한화와는 1개 차다. KIA로선 상대 수비의 빈틈을 놓치지 않아야 한다. 날씨는 변수다. 4연전 마지막 날인 19일 인천에 비가 예보됐다. 우천 취소되면 세 경기만 치르게 된다. 이후 선발 로테이션에도 영향을 줄 수 있다. KIA는 전반기 막판 4연패를 끊고 휴식기에 들어갔다. 이제 다시 순위 싸움에 나선다. 올 시즌 문학에서는 아직 승리가 없다. 개막 2연전에서 모두 졌다. 하지만 이후 SSG전에서 5승 1무로 무패 행진을 이어갔다. KIA의 후반기가 다시 문학에서 시작된다. jhc@kjdaily.com",https://v.daum.net/v/Z1bSrpFYjU
2026.07.13 07:24,"남다른 노하우에 확실한 지원이 더해졌다…올스타전 한화의 '비밀 공간', ...",스포츠조선,"[스포츠조선 이종서 기자] 1등은 괜히 하는 게 아니었다. 한화 이글스의 공식 유튜브 '이글스TV'는 56.6만명(12일 기준)의 구독자를 보유하고 있다. 10개 구단 중 압도적 1위로 2위 KIA 타이거즈 공식 유튜브(41.5만명)에 15만명 넘게 차이가 나는 수치다. 지난 10일과 11일 잠실구장에서 열린 퓨처스 올스타전과 올스타전. '이글스TV'는 남다른 장소 하나로 부러움의 대상이 됐다. 이번 올스타전은 남모를 열악한 환경 속에서 진행됐다. 잠실구장 철거 전 치르는 마지막 올스타전인 만큼 구장의 한계도 있었다. 10개 구단 관계자가 모이는 자리였지만, 앉을 자리가 부족했다. 구단 유튜브팀의 사정은 더욱 좋지 못했다. 노트북 펼쳐 놓을 공간이 없어 바닥에 앉아서 찍은 영상을 옮기고 편집하는 구단이 대부분이었다. 인터뷰 영상 찍는 공간 확보도 그야말로 '전쟁'이었다. 중앙문 근처에 선수들이 북적거리면서 동선이 겹쳤다. 반면, '이글스TV'의 취재 환경은 달랐다. 캠핑카 한 대를 빌려 잠실구장 한구석에 놓았다. 선수와 구단에 할당된 주차 공간을 활용했고, 새벽에 와서 주차를 마쳐 교통 혼잡 우려도 지웠다. 한화 이글스TV 관계자는 ""올스타전 취재를 여러 해 경험하면서 우리만의 취재 공간이 있으면 좋겠다는 생각을 하게 됐고, 캠핑카를 활용해 선수들의 휴식 공간이자 콘텐츠 제작 공간을 마련해보자는 아이디어를 떠올렸다""라며 ""말하자면 미니 이동식 스튜디오다. 카메라를 들고 선수들을 따라다녀야 하는 입장이지만, 그동안 쌓은 노하우를 통해 선수들이 찾아올 수 있도록 해보자는 생각에서 출발한 아이디어""라고 배경을 설명했다. 추가적인 예산이 들어가는 일이었지만, 구단도 흔쾌히 지원했다. 이 관계자는 ""회사에서도 아이디어를 듣고 올스타전 참가 선수들과 직원들을 위해 흔쾌히 지원을 해주신 덕분에 좀 더 쾌적한 환경에서 촬영 및 휴식이 가능해졌다""고 고마운 마음을 전했다. 선수들의 반응도 뜨거웠다. 무더위에 습도까지 높은 날씨에 한화 선수단은 편하게 인터뷰를 할 수 있었다. 퓨처스 올스타에 참가한 원종혁은 ""너무 좋다. 다른 선수들은 땀을 뻘뻘 흘리면서 인터뷰를 하더라""고 고마움을 전했다. 또한 선수단 가족 역시 무더위를 피해 휴식을 취할 수 있는 공간이 됐다. 또한 편안한 캠핑카에서 비하인드 스토리 등을 생생하게 전달할 수 있었다. 현장의 작은 불편함을 놓치지 않고 새로운 아이디어로 연결한 결과는 대성공이었다. 남다른 기획력과 구단의 전폭적인 지원은 왜 '이글스TV'가 구독자 1위로 사랑받고 있는지 증명하기에 충분했다. 이종서 기자 bellstop@sportschosun.com",https://v.daum.net/v/PjuZw0tW7k
2026.07.13 07:23,"10km 급증→150km 쾅! 하지만 들려오지 않는 콜업, 롯데가 밀어주...",스포티비뉴스,"[스포티비뉴스=박승환 기자] ""1년 만에 10km가 빨라졌어요"" '초대형 트레이드 주인공' 전민재와 '1차 지명' 손성빈의 눈에 띄는 성장세로 롯데 자이언츠는 수년 동안 안고 있던 고민을 하나씩 지워나가고 있다. 하지만 롯데가 아직까지도 해결하지 못한 숙제가 있다. 바로 좌완 불펜 자원의 확보다. 현재 롯데의 1군 마운드에는 믿을 수 있는 계투 카드가 없다. 지난해 정현수와 홍민기가 인상적인 활약을 펼쳤지만, 올해는 작년과 같은 모습을 보여주지 못하고 있다. 그렇다고 손을 놓고 있는 것만은 아니다. 롯데가 정현수, 홍민기와 함께 심혈을 기울여 육성해 나가고 있는 선수가 있다. 바로 2025년 신인드래프트 7라운드 전체 64순위로 롯데의 선택을 받은 이영재다. 이영재는 지난해 처음 밟은 1군 무대에서 3경기 평균자책점 9.00을 기록하는데 그쳤다. 하지만 퓨처스리그에서는 30경기에서 4승 1패 6홀드 평균자책점 3.56을 마크하며 인상적인 활약을 펼쳤다. 이에 이영재는 올해 1군의 대만 타이난 1차 스프링캠프 명단에도 이름을 올리며 불펜의 한 자리를 놓고 경쟁했다. 특히 이영재는 롯데 유니폼을 입은 후 단 1년 만에 구속을 무려 10km 향상시켰다. 홍민기와 함께 빠른 볼로 상대 타자를 윽박지를 수 있는 불펜 자원인 셈이다. 하지만 이영재는 올해 1군 무대에서는 1경기 등판에 머무르고 있다. 시범경기 2경기에서 평균자책점 6.75로 아쉬움을 남기면서 2군에서 개막을 맞았고, 올해 퓨처스리그에서도 17경기 2승 1홀드 평균자책점 6.33으로 아쉬운 결과들이 이어지고 있는 까닭이다. 이영재는 지난 10일 서울 잠실구장에서 열린 퓨처스리그 올스타전에 앞서 취재진과 만남에서 전반기를 돌아보는 시간을 가졌다. 지난해 퓨처스 올스타에서 알렉 감보아(보스턴 레드삭스)를 따라하며 보는 이들의 눈을 사로잡았던 이영재는 코칭스태프들의 추천 속에 2년 연속 올스타 명단에 이름을 올렸다. 이영재는 ""전반기 성적이 좋지 못해서 (올스타 출전을) 기대 안 하고 있었는데, 감독님과 코치님들께서 좋은 기회를 주신 것 같다. 신인이었던 작년부터 출전 기회를 많이 받았다는 걸 많이 느꼈다. 이제 2년차가 된 만큼 더 잘해야겠다는 생각이 든다""고 2년 연속 퓨처스 올스타로 뽑힌 소감을 밝혔다. 그러면서 전반기를 돌아봤다. 이영재는 ""올해는 시작부터 너무 들떴다는 느낌이었다. 무리를 했던 것 같다. 시즌 초반부터 구속도 잘 나오고 하다 보니, 흥분이 돼 있는 상태로 막 던지니까 몸에 무리가 있었다. 아무래도 힘도 더 들어갔다. 페이스를 너무 빨리 올렸던 것도 있었고, 시즌이 시작되니 페이스가 살짝 떨어지더라. 전반기는 '잘 버텼다'고 표현하는 것이 맞다고 생각한다""고 말했다. 데뷔 첫 시즌이었던 지난해와 비교했을 때 구속이 크게 증가했다는 점은 그만한 강점이 생겼다는 점이다. 그러나 이는 이영재가 올해 2군에서도 어려움을 겪고 있는 이유이기도 하다. ""지금 부족한 점은 확실하다. 변화구다. 변화구를 아예 못 던지는 것은 아니다. 작년에는 슬라이더, 커브, 체인지업을 던졌다. 그런데 스피드가 빨라지면서 변화구가 아예 안 되더라. 타이밍도 안 맞고, 체인지업은 떨어져야 하는데 직구처럼 쭉쭉 날아가고. 그래서 지금은 그 부분에 맞춰서 훈련을 하고 있다. 직구가 150km가 넘어가면서, 팔 스피드도 빨라졌다. 그러면서 기존의 변화구들이 안 된다는 결론이 나왔다""고 설명했다. 이에 이영재는 현재 변화구 장착에 구슬땀을 흘리는 중이다. 그는 ""힘과 스피드가 붙었는데, 이전의 변화구들과 조화가 안 맞는 것 같다. 그래서 지금은 체인지업을 던지다가 너무 안 되서, 스플리터를 연습하고 있다. 구속이 1년 사이에 10km가 빨라졌다. 특별한 것을 했다기 보다는 구단의 훈련 프로그램을 따라가고 하다 보니 구속이 오르게 됐다""고 덧붙였다. 제대로 된 변화구만 장착이 된다면, 150km가 넘는 패스트볼을 뿌리는 이영재는 1군 마운드에서도 충분히 힘이 될 수 있다. 이영재는 퓨처스 올스타에서도 최고 150km, 평균 149km의 패스트볼을 뿌렸다. 강점도, 보강 포인트도 확실하다. 때문에 선배들에게도 많은 조언을 구하며 성장해 나가는 중. 그렇기에 올 시즌의 목표도 뚜렷하다. 변화구 장착 후 1군 무대에서 더 많은 활약을 보여주는 것이다. 이영재는 ""후반기에는 변화구를 더 가다듬고 1군에서 많은 경기를 뛰는 것이 목표다. 사실 군 문제를 빨리 해결하고 싶은 마음도 있다. 상무에 가기 위해선 1군에서 성적이 필요하다""며 ""김원중 선배님처럼 롯데 불펜에서 최고가 될 수 있게 잘 준비하겠다""고 두 주먹을 힘껏 쥐었다. <저작권자 ⓒ SPOTV NEWS. 무단전재 및 재배포 금지>",https://v.daum.net/v/B7wGMCsAhT
2026.07.13 07:12,'살다살다 이렇게 트레이드가 없는 리그는 처음'...선수 풀 한계에 갇힌...,마니아타임즈,"전반기가 끝났지만 2026 KBO 리그의 이적시장은 기이할 정도로 고요하다. 팬들은 매일 밤 터지는 팀의 약점을 보며 전력 보강을 외치지만, 10개 구단 단장실의 전화기는 침묵을 지키고 있다. 그렇다고 각 구단 프런트가 손을 놓고 노는 것은 아니다. 현장의 요청에 따라 단장들은 연일 수화기를 붙잡고 카드를 맞춰보고 있다. 다만 얇디얇은 국내 야구 선수 풀의 한계 속에서 서로 손해를 보지 않으려는 지독한 눈치 게임이 이어질 뿐이다. 판도를 뒤흔들 대형 트레이드는 사실상 꿈도 꾸지 못하는 상황이며, 전력의 실질적 공백을 메울 백업급 '잔챙이' 카드 위주로 물밑 접촉을 이어가고 있는 것이 현실이다. 결국 실패에 대한 리스크를 피하려는 프런트의 신중함과 쓸 만한 선수가 없는 리그의 구조적 모순이 맞물리면서 시장 전체가 꽁꽁 얼어붙었다. 10개 구단 체제에서 트레이드 실패는 곧바로 부메랑이 되어 돌아오기에, 단장들은 '본전만 찾아도 다행'이라는 보수적인 태도로 협상 테이블에 임할 수밖에 없다. 따라서, 판도를 바꿀 대형 딜은 물론이고, 전력 보충을 위한 중형이나 소형 트레이드조차도 사실상 전무한 상태로 후반기를 맞을 가능성이 크다. [강해영 마니아타임즈 기자/hae2023@maniareport.com] 기사제보 및 보도자료 report@maniareport.com",https://v.daum.net/v/yvy64wkLG6
2026.07.13 07:04,"전반기 1위, 돌아온 최형우 ""구자욱, 강민호 우승하면 엄청 울 거다""",일간스포츠,"""우승 외에 신경 쓸 게 전혀 없죠."" (구자욱) ""이제부터 죽기 살기로 해야죠."" (최형우) 주장 구자욱(33)과 베테랑 최형우(43)가 10년 만에 재회, 삼성 라이온즈의 우승을 위해 의기투합하고 있다. 삼성은 전반기 51승 2무 32패(승률 0.614)를 기록, 2위 LG 트윈스(0.612)를 2리 차이로 따돌렸다. 삼성의 전반기 우승은 2015년 이후 11년 만이다. 최형우는 ""우리 팀이 전반기에 완벽했다. 후반기에 죽기 살기로 미친 듯이 해야 한다""라고 말했다. 두 선수는 삼성의 전반기 1위 달성을 이끈 주역이다. 구자욱은 전반기 타율 0.339 8홈런 57타점 OPS(출루율+장타율) 0.940을 기록했고, 최형우는 타율 0.329 12홈런 66타점 OPS 0.934를 올렸다. 구자욱은 지난해 이종열 단장을 찾아가 ""최형우 선배가 우리 팀에 꼭 필요하다""며 영입을 건의했다. 몇 달 뒤, 삼성은 자유계약선수(FA) 최형우와 2년 총 26억원에 계약하며 타선을 보강했다. 2016시즌 종료 후 KIA 타이거즈로 떠났던 최형우는 10년 만에 푸른 유니폼을 다시 입었다. 최형우는 ""삼성에 돌아와서 보니 (구)자욱이가 못하면 팀이 안 돌아가더라. 본인 부담을 덜려고 날 찾았던 것""이라고 웃었다. 곁에 있던 구자욱은 ""제가 바로 원했던 그림""이라고 웃으면서 ""타격 부담이나 욕심이 확실히 줄었다""고 반겼다. 최형우가 삼성을 떠나있던 사이 구자욱은 팀의 리더로 성장했다. 최형우는 ""자욱이가 여전히 키 큰 20살 꼬맹이로 여겨진다""라면서도 ""이제 팀을 좌지우지할 수 있는 선수로 성장했다. 지금 삼성에 자욱이가 없으면 안 된다. 우리 팀의 승패는 자욱이의 활약에 달려 있더라""고 실력만큼은 인정했다. '현역 최고령 타자' 최형우도 출루율 4위, 타점 7위, 타율 8위 등 펄펄 날고 있다. '녹슬지 않은 기량'이 아닌 '최정상급' 기량을 보여준다. KBO리그 개인 통산 최다안타(2681개) 타점(1803개) 2루타(559개) 기록도 계속 늘려가는 중이다. 구자욱은 ""제 목표(롤모델)입니다""라면서 ""옆에서 보면 정말 탄탄한 기본기와 노력의 결과""라고 혀를 내둘렀다. 프로 데뷔 후 지금까지 한국시리즈 우승 경험이 없는 구자욱도, 돌아온 최형우도 함께 힘을 합쳐 정상 등극을 꿈꾼다. 최형우는 ""올해 우승하면 (구)자욱이랑 (강)민호는 엄청 울 거 같다""고 점쳤다. 2004년 프로 입단한 강민호 역시 우승 경험이 없을뿐더러 한국시리즈 무대도 2024년 처음 밟았다. 지금까지 우승 반지만 6개나 모은 최형우는 ""(우승 못 하면 지금까지 해온 것이) 너무 아깝잖아""라고 말했다. 대구=이형석 기자 ops5@edaily.co.kr",https://v.daum.net/v/5Hj0elIkO5
2026.07.13 07:01,"손가락 부러진 5할 타자, 결승전 안타까운 불참…그런데 웃었다? ""세광의...",스포티비뉴스,"[스포티비뉴스=신원철 기자] 제81회 청룡기에서 44년 만의 전국대회 우승에 도전한 세광고등학교는 결승전에 진출하고도 큰 고민을 안고 있었다. 이번 대회 5할 타율을 기록하고 있던 '2학년 4번타자' 이홍석이 준결승전에서 손가락 골절상을 입어 결승전에 출전하지 못하게 됐기 때문이다. 이홍석이 몸에 맞는 공에 골절이 생긴 상태에서 계속 경기에 남겠다고 의지를 보인 것이 오히려 역효과로 돌아왔다. 그러나 세광고는 이홍석의 공백에도 12일 결승전에서 경북고를 6-2로 꺾고 정상에 올랐다. 1982년 황금사자기 이후 첫 전국대회 우승이다. 경기 전 응원단장이 되겠다고 했던 이홍석은 밝은 얼굴로 ""팀을 믿었다. 우승할 줄 알았다""고 말했다. 세광고가 2회까지 4-0으로 앞서 있었지만 고교야구에서 4점 차는 승리를 장담할 수 없는 점수 차다. 여기에 경북고가 5회 2점을 따라붙고, 세광고의 득점이 한동안 멈추면서 결승전다운 긴장감이 계속해서 이어졌다. 세광고는 3회부터 8회까지 추가점을 내지 못하다 9회 2점을 달아나면서 승리에 쐐기를 박았다. 이홍석은 ""긴장하지 않았다. 무조건 우승한다고 생각해서 마음 편하게 봤다""며 ""출전하지 못한 점은 아쉽지만 그래도 우승해서 너무 좋다""고 밝혔다. 44년 만의 우승으로 학교 역사를 빛낸 점에 대해서는 상기된 목소리로 ""믿겨지지가 않는다. 44년 만의 대기록이라니. 이제 세광의 시대가 왔다. 진짜 보여드리겠다""고 얘기했다. 이홍석은 인터뷰를 마치고 사진을 찍자는 얘기에 과감한(?) 포즈를 취하며 기쁜 마음을 표현했다. 장난꾸러기 같지만 2학년 주장을 맡고 있을 만큼 리더십을 인정받았다. 이홍석은 ""앞으로도 성실하고 감독님 코치님 말씀 잘 따르고 동료들을 위해 희생하는 선수가 되고 싶다""고 말했다. <저작권자 ⓒ SPOTV NEWS. 무단전재 및 재배포 금지>",https://v.daum.net/v/FDKnv9B3T9
2026.07.13 06:32,'17년 만의 WBC 8강'이 불붙인 야구 열기…더 뜨거워진 2026 K...,스포츠투데이,"[스포츠투데이 신서영 기자] 2026 KBO리그는 또 하나의 흥행 역사를 향해 달려가고 있다. 2024년 국내 프로 스포츠 사상 처음으로 1000만 관중 시대를 연 데 이어 지난해에는 역대 최초로 1200만 관중을 돌파했다. 올해 KBO리그는 그보다 더 가파른 흥행 곡선을 그리며 1300만 관중이라는 새로운 이정표까지 바라보고 있다. KBO리그는 지난 11일 서울 잠실야구장에서 열린 올스타전을 끝으로 휴식기에 돌입했다. 후반기 일정은 오는 16일부터 시작된다. 올 시즌 KBO리그는 전반기부터 각종 흥행 기록을 갈아치웠다. 역대 최소인 388경기 만에 700만 관중을 넘어섰고 전반기 424경기 누적 관중은 763만 3775명을 기록했다. 이는 사상 최초로 전반기 700만 관중을 돌파한 지난해 758만 228명(440경기)을 크게 앞선 수치다 평균 관중도 증가했다. 전반기 경기당 평균 관중은 1만 8004명으로 지난해 같은 기간(1만 7228명)을 웃돌았고 전국 야구장은 연일 매진 사례가 이어지며 뜨거운 흥행 열기를 입증하고 있다. 자동 투구 판정 시스템(ABS)과 피치클락 도입, 숏폼 콘텐츠 확산, 2030 여성 팬 증가 등 흥행을 이끄는 요인은 다양하다. 하지만 올해 KBO리그를 이야기할 때 빼놓을 수 없는 변수가 있다. 바로 시즌 개막 직전 열린 2026 월드베이스볼클래식(WBC)이다. 올해 프로야구는 사실상 WBC로 시작됐다. 류지현 감독이 이끄는 한국 야구 대표팀은 지난 3월 일본 도쿄돔에서 열린 WBC 1라운드 조별리그 C조 최종전에서 호주를 7-2로 꺾고 '5점 차 이상, 2실점 이하'라는 까다로운 경우의 수를 충족시키며 극적으로 8강에 진출했다. 한국은 호주, 대만과 함께 나란히 2승 2패를 기록했지만 최소 실점률에서 앞서 일본에 이어 조 2위를 차지했다. 한국이 WBC에서 8강 무대를 밟은 것은 2009년 대회 이후 무려 17년 만이었다. 2013년, 2017년, 2023년 대회에서 모두 1라운드 탈락이라는 아픔을 겪었던 한국 야구는 오랜만에 WBC에서 자존심을 회복했다. 비록 8강에서 도미니카공화국에 0-10, 7회 콜드게임으로 패하며 여정을 마쳤지만 값진 '도쿄의 기적'은 팬들에게 강렬한 인상을 남겼다. 대표팀이 끌어올린 분위기는 곧바로 KBO리그로 이어졌다. WBC 8강 진출로 야구에 대한 관심이 일찌감치 고조된 가운데 시범경기부터 역대 최다인 44만 247명의 관중이 몰렸다. 3월 22일에는 시범경기 일일 최다인 8만 3584명이 입장하며 개막 전부터 흥행 조짐을 보였다. 정규 시즌에 돌입하자 열기는 더 뜨거워졌다. 3월 28일 개막전 5경기가 모두 매진됐고, 개막 14일 만인 4월 10일 100만 관중을 돌파하며 역대 최소 경기(55경기)이자 최단 기간 기록을 동시에 경신했다. 이후에도 200만 관중부터 700만 관중까지 모두 역대 최소 경기 기록을 갈아치우며 역대 최다 관중을 동원한 지난 시즌보다도 빠른 흥행 속도를 보이고 있다. 시즌 전만 해도 국제 대회 성적이 프로리그 흥행에 미치는 영향은 과거보다 크지 않을 것이라는 평가가 많았다. 2008 베이징 올림픽과 2009 WBC 때와는 달리 현재 KBO리그는 이미 탄탄한 고정 팬층을 확보한 상태였기 때문이다. 코로나19 이후에는 2030 여성 팬을 중심으로 새로운 팬덤 문화가 형성됐고, 응원 문화와 콘텐츠 소비가 활성화되면서 국제 대회 성적보다 리그 자체의 경쟁력이 흥행을 이끈다는 분석이 우세했다. 더욱이 한국 야구가 2009년 WBC 준우승 이후 세 차례 연속 1라운드에서 탈락하며 대표팀을 향한 기대감도 예전만 못한 상황이었다. 그러나 이번 WBC는 달랐다. 극적인 8강 진출 과정은 새로운 팬들의 관심을 끌어당기기에 충분했고, 그 열기는 시즌 개막과 동시에 자연스럽게 KBO리그로 이어졌다. KBO 역시 국제대회 성과와 리그 흥행의 연관성을 인정했다. KBO는 스포츠투데이에 ""국제 대회 성과가 국내 리그 흥행으로 이어지는 경향은 여러 종목에서 공통적으로 나타난다""며 ""대표팀이 국제무대에서 좋은 성적을 거두면 비시즌부터 야구에 대한 관심이 높아지고, 시즌 개막 시점의 화제성과 초반 관중 동원으로 이어지는 경우가 많다. 특히 올해처럼 시즌 개막 직전에 국제 대회가 열린 경우 그 효과가 더 크게 나타날 수 있다""고 설명했다. 실제 데이터도 이를 뒷받침한다. KBO는 ""올해 WBC 8강 진출로 야구에 대한 관심이 일찌감치 고조됐고 이런 흐름은 시범경기부터 정규시즌까지 이어졌다""며 ""정규 시즌 매진 행렬과 시즌 초반 관중 증가세는 시즌 전 WBC 성과와 맞물려 나타난 결과라고 평가할 수 있다""고 밝혔다. 팬 유입 배경에 대해서도 ""대표팀에서 활약한 선수들이 소속팀으로 복귀해 시즌 초반부터 좋은 모습을 보여준 점, WBC를 통해 새롭게 야구를 접한 팬들이 리그로 유입된 점, 그리고 극적인 8강 진출에서 느꼈던 긴장감이 자연스럽게 리그 관람으로 이어진 것으로 보고 있다""고 분석했다. 현장에서도 비슷한 분위기를 체감했다. 서울 A구단 관계자는 ""대표팀의 호성적이 리그 흥행으로 이어지는 것은 분명한 사실이다. 2008 베이징 올림픽과 2009 WBC가 대표적인 사례""라며 ""올해도 WBC 8강 진출 이후 야구를 향한 팬들의 관심이 뜨거워졌다는 것을 피부로 느꼈다""고 말했다. 다만 그는 ""대표팀이나 팀 성적과 별개로 구단도 리그의 흥행을 이어가고자 꾸준히 노력하고 있다""며 ""팬들이 관심을 가질 만한 다양한 컬래버레이션과 사회공헌 활동, 새롭고 즐거운 관람 경험을 제공하기 위해 꾸준히 노력하고 있다. 이러한 노력들이 모여 구단을 넘어 리그 전체의 역대급 관중 페이스로 이어지는 것 같다""고 덧붙였다. 팬들도 비슷한 평가를 내렸다. 수도권 구단을 응원하는 김 모(28) 씨는 ""WBC는 아무래도 야구에서는 큰 대회이다 보니 프로야구 인기가 절정에 달한 상황에서 시너지를 더한 것 같다""고 이야기했다. 물론 이번 흥행을 WBC 하나만으로 설명하기는 어렵다. KBO리그는 이미 지난해 1231만 2519명의 관중을 동원하며 국내 프로 스포츠 사상 최고의 흥행 기록을 세웠다. 리그 운영 개선과 콘텐츠 다양화, 팬 친화적 마케팅 등 꾸준한 변화가 흥행의 기반이 됐고 이번 WBC는 여기에 촉매제 역할을 했다는 평가가 나온다. KBO 역시 단기적인 흥행에 만족하지 않고 장기적인 관점에서 리그와 대표팀의 경쟁력을 함께 끌어올리는 데 초점을 맞추고 있다. KBO는 국가대표 국제 경쟁력 강화를 위해 2024년부터 해외 대표팀과의 평가전인 'K-BASEBALL SERIES'를 추진해왔으며, 이를 정례화해 국제 무대 경험치를 쌓겠다는 계획이다. 아울러 아시안게임과 APBC를 통해 젊은 유망주들에게 국제 대회 경험을 제공하는 등 대표팀 경쟁력과 리그 흥행이 선순환하는 구조를 만들겠다는 구상이다. 이와 함께 현장과 소통을 바탕으로 한 안정적인 리그 운영과 팬퍼스트 기조, 콘텐츠 다변화를 이어가며 올해의 흥행 열기를 후반기와 다음 시즌까지 지속시키겠다는 방침이다. [스포츠투데이 신서영 기자 sports@stoo.com]",https://v.daum.net/v/P5AYdSCETX
2026.07.13 06:31,'견주' 김태형 감독도 빵 터졌다!…강아지로 변신한 황성빈과 올스타전 '...,스포티비뉴스,"[스포티비뉴스=잠실, 곽혜미 기자] 롯데 김태형 감독이 올스타전에서 황성빈과 함께 '견주와 강아지' 퍼포먼스를 펼치며 팬들에게 큰 즐거움을 안겼다. 2026 신한 SOL KBO 올스타전이 11일 서울 송파구 잠실야구장에서 열렸다. 야구팬들과 함께 즐기는 축제의 무대인 만큼, 선수들은 다양한 퍼포먼스로 시선을 사로잡았다. 그중에서도 7회말 등장한 롯데 김태형 감독과 황성빈의 퍼포먼스가 가장 돋보였다. 자신의 타석 전부터 김태형 감독과 그라운드로 나선 황성빈. 황성빈은 강아지 머리띠를 하고 목에는 목줄, 뼈다귀 인형은 입에 물고 사족보행을 했다. '견주'로 변신한 김태형 감독은 목줄을 쥔 채 처음에는 다소 어색한 표정을 지었지만, 이후 환한 미소와 함께 분위기를 즐겼다. 경력직 견주인 김태형 감독은 황성빈에게 ""손""을 외치며 실제 반려견을 다루듯 능숙한 모습을 보였고, 목줄을 잡아끄는 등 유쾌한 퍼포먼스로 모두를 웃게 만들었다. 황성빈은 김태형 감독과 함께 환상적인 호흡을 펼치며 팬 투표로 진행된 베스트 퍼포먼스상에서 총 43,910표 가운데 12,134표(28%)를 얻어 상금 300만 원의 주인공이 됐다. 경기 후 황성빈은 ""퍼포먼스를 도와주신 감독님께 진심으로 감사드린다. 감독님이 도와주시지 않았으면, 받을 수 없었을 것이다""라고 감사의 인사를 했다. 무표정의 김태형 감독, '(황)성빈이가 하자고 해서 하긴 하는데..' 이후 바로 적응한 김태형 감독, '생각보다 재미있네~' 김태형 감독, '황성빈 손!' 황성빈보다 더 즐거워하는 김태형 감독 김태형 감독-황성빈, '올스타전 최고의 퍼포먼스' <저작권자 ⓒ SPOTV NEWS. 무단전재 및 재배포 금지>",https://v.daum.net/v/4PEwKAaehO
2026.07.13 06:27,"""처음엔 거절당했다"" 폰세의 길, ML 32승 거물의 깜짝 삼성행, 노 ...",스포츠조선,"[스포츠조선 정현석 기자]새 외인투수 크리스 페덱과의 계약 소식이 알려진 11일. 삼성 라이온즈 이종열 단장은 미국 출장중이었다. 이 단장은 ""어제 (미국에) 왔다""며 ""전반 마지막 경기 끝나고 밤에 올라와 다음날 아침에 여기로 왔다""고 했다. 그는 ""미리 계속 선수들을 봐둬야 한다. 내년도 있고, 시즌 중간에는 움직이기가 굉장히 어렵지 않나""라며 중장기적 차원의 외국인 선수 풀 확보를 위한 시간 쪼개기임을 설명했다. 이종열 단장은 지난달 부터 분주하게 움직였다. 잭 오러클린과의 결별을 결심하고, 그를 대체할 새 외국인 투수 찾기 위함이었다. 기준은 분명했다. 올시즌 유일한 팀 목표인 '우승'을 선도할 수 있는 특급 투수가 필요했다. 시즌이 한창인 시점. 쉽지 않은 미션이었다. 군침 흘릴 만한 투수가 나타났다. 크리스 페덱(30)이었다. 사실 그는 처음에 '찔러나 본' 못 먹는 감과 같은 존재였다. 하지만 결국 삼성 유니폼을 입히는 데 성공했다. 도대체 무슨 일이 있었던 걸까. 삼성은 지난 11일, 부상 대체 외국인 투수로 활약해 온 잭 오러클린과의 추가 계약 연장 대신 크리스 페덱과 47만 3333달러에 계약을 체결했다고 공식 발표했다. 빅리그 132경기(선발 119경기)에서 32승 43패, 평균자책점 4.83을 기록한 화려한 경력을 자랑하는 거물급 투수. 팔꿈치 수술 후 구위가 살짝 떨어진 후 빅리그 레벨에서 뚜렷한 하향곡선을 그리고 있었다. 올시즌은 승리 없이 7패 뿐. 한참 전성기 나이에 어느덧 저니맨으로 전락하고 말았다. 하지만 자존심까지 바닥으로 떨어진 건 아니었다. 그는 여전히 올시즌도 빅리그에서 활약하던 현역 메이저리거. 시즌 중 한국행이 내킬 리 없었다. 게다가 시야를 넓히면 일본이나 국내 수도권 다른 구단 선택지도 있을 수 있는 화려한 경력자였다. 사실상 KBO리그에 올 수 없을 것처럼 보였던 빅리그 현역 거물을 데려온 배경에는 포기 없는 '집념의 구애'가 있었다. ▶""사실 올 수 있는 선수가 아니었다"" 첫 거절에도 이어진 끈질긴 설득 삼성 이종열 단장은 이번 영입을 돌아보며 ""우리 팀에 정말 필요한 선수를 뽑자는 생각 뿐이었다""며 ""사실 페덱은 커리어나 타이밍 상 쉽게 KBO리그행을 선택할 선수가 아니었다. 여러 가지 방법으로 공을 들여야 했다""고 영입 비하인드 스토리를 털어놨다. 실제 삼성의 첫 제안은 일언지하에 거절 당했다. 페덱은 삼성의 오퍼를 고사하고 지난 6월 30일(이하 한국시각) 메이저리그 텍사스 레인저스와 계약을 맺으며 빅리그 잔류를 택했다. 하지만 기회는 의외의 순간에 다시 찾아왔다. 계약 바로 다음 날인 7월 1일, 페덱이 곧바로 지명할당(DFA) 조치된 것. 이 단장과 삼성 프런트는 이 틈을 놓치지 않고 곧바로 두 번째 오퍼를 던지며 '진심 어린 읍소'와 설득에 나섰다. 이 단장은 ""거절당한 뒤에도 계속 구애했다""며 ""'KBO리그를 거쳐 다시 메이저리그로 화려하게 복귀한 코디 폰세(한화→토론토) 같은 좋은 선례가 있지 않느냐. 너에게도 분명 좋은 기회가 될 것'이라고 설득했다""고 밝혔다. ▶김하성의 조언과 보라스 라인의 백그라운드 체크, 페덱의 마음을 움직이다 텍사스에서 단 하루 만에 지명할당 조치된 당혹감 속에 삼성의 진심이 닿자 페덱의 마음도 조금씩 움직이기 시작했다. 한국행에 관심을 가진 페덱은 에이전시사인 스콧 보라스 코퍼레이션 소속의 한국 선수들과 소통하며 KBO리그의 환경을 면밀히 체크했다. 특히 과거 샌디에이고 파드리스 시절 한솥밥을 먹었던 김하성과의 대화가 큰 촉매제가 됐다. 그는 ""샌디에이고에서 김하성과 함께 뛴 경험이 있어 KBO리그에 대해서도 어느 정도 알고 있다. 라이온즈의 선수들과 많은 걸 나누고 싶다""며 김하성에게 조언을 구했음을 시사했다. 여기에 삼성이 현재 리그 최상위권에서 치열한 '1위 경쟁'을 펼치고 있다는 점도 페덱의 승부욕을 자극했다. 페덱은 삼성의 두 번째 제안을 받은 뒤 팀의 현재 상황과 백그라운드를 모두 확인했고, ""우승할 수 있는 팀""이라는 판단하에 한국행 결단을 내렸다. 그는 ""어떤 리그에서든 프로야구는 많이 이겨야 하는 스포츠다. 그런 면에서 1위 경쟁을 하고 있는 삼성 라이온즈가 매력적으로 느껴졌다. 이 팀의 전통과 팬들의 열정에도 끌렸다""고 입단 소감을 밝혔다. 삼성 역시 추후 페덱이 빅리그에 재도전할 수 있는 길을 열어주며 선수의 선택을 존중해 주기로 했다. 타 팀들의 강렬한 오퍼가 있었음에도 페덱이 최종적으로 푸른 유니폼을 선택한 이유다. 국내에서 메디컬테스트를 성공적으로 마친 페덱은 조만간 팀에 합류해 선발 로테이션을 소화할 예정이다. '우리 팀에 필요한 선수'라는 판단이 들자 '첫 거절'에도 굴하지 않고 집요하게 구애해 마음을 돌린 삼성의 '집념'. 올 시즌 숙원인 대권 도전의 마지막 퍼즐이 될 수 있을까. 페덱 영입에 간접 공헌한 폰세급 활약에 대한 기대감이 조금씩 피어오르고 있다. 정현석 기자 hschung@sportschosun.com",https://v.daum.net/v/ysKUO7pX30
2026.07.13 06:11,어? 왕옌청 두 번 맞붙어서 두 번 다 이겨야 AG 金? 완벽하지 않은 ...,마이데일리,"[마이데일리 = 김진성 기자] ‘왕서방’ 왕옌청(25, 한화 이글스)을 두 번이나 상대한다? 최근 아이치나고야아시안게임 조직위원회가 야구 일정을 발표했다. 류지현 감독이 이끄는 한국은 B조에서 대만, 홍콩, 태국과 조별리그를 갖는다. 9월21일 18시30분에 대만과 첫 경기를 갖는다. 9월22일 18시30분에 홍콩, 9월23일 12시에 태국을 상대한다. 상위 1~2위가 A조(일본, 중국, 필리핀, 팔레스타인) 1~2위와 슈퍼라운드를 갖는다. 조별리그 성적을 안고 슈퍼라운드에 올라가며, 9월25일과 9월26일에 A조 1~2위와 차례로 맞붙는다. 9월27일에 결승과 동메달결정전이 각각 열린다. A조는 일본과 중국의 슈퍼라운드 진출이 유력하다. 한국은 B조에서 대만과 함께 슈퍼라운드에 올라갈 전망이다. 즉, 한국은 조별리그 대만전 성적을 안고 일본과 중국전까지 치러 1~2위를 차지하면 결승으로 가고, 2위에 못 들면 ‘나고야 참사 확정’과 동시에 상처뿐인 동메달 결정전으로 갈 전망이다. 결국 대만, 일본, 중국을 상대로 최소 2승을 챙겨야 결승에 간다는 결론이 나온다. 한국은 최근 국제대회서 대만에 일방적으로 밀리고 있다. 일본은 사회인야구대표팀이지만 국내 사회인야구가 아니다. 더구나 일본에서 열리는 대회다. 중국을 잡을 가능성이 크다고 보면, 결국 대만과 일본 중 최소 한 팀을 잡아야 결승에 간다는 결론이 나온다. 조별리그와 슈퍼라운드에서 대만과 일본에 잇따라 지면 참사 확정이다. 대만과 일본에 이기는 게 어렵지는 않은 일이지만 결코 만만한 일도 아니다. 특히 경기일정상, 한국도 대만도 에이스를 9월21일 첫 맞대결에 투입한 뒤 27일 결승에도 투입 가능할 전망이다. 아무래도 결승은 한국과 대만의 맞대결이 될 가능성이 크다. 즉, 대만이 왕옌청을 선발할 경우 두 차례 한국전에 모두 내보낼 수 있다는 의미다. 대만야구협회가 한화에 공문을 보내 왕옌청을 대표팀에 선발 가능한지 질의했을 때부터 한화도 KBO 전력강화위원회도 마음을 먹고 있었다. 사실상 왕옌청을 뽑겠다는 통보로 해석했다. 심지어 맞대결이 한번도 아니고 두 번이라면, 한국은 더욱 철저히 왕옌청 공략을 준비해야 한다. 상식적으로 대만이 왕옌청을 뽑을 경우 한국전에 내세울 가능성이 대단히 크다고 봐야 한다. 어쨌든 왕옌청이 한국 타자들을 잘 아는 게 장점이기 때문이다. 대만으로선 그 장점을 활용하지 않는다면 굳이 왕옌청을 대표팀에 뽑을 필요가 있을까. 물론 한국타자들도 왕옌청을 잘 안다. 왕엔청은 일정한 이중키킹으로 타자들의 타격 타이밍을 흐트러뜨리고, 140km대 후반의 패스트볼과 스위퍼를 주로 구사한다. 제구력과 커맨드가 완벽한 투수는 아니다. 충분히 공략 가능한 상대다. 하지만 단기전이다. 서로 잘 알아도 투수가 컨디션이 좋으면 타자들이 당하는 게 야구다. 왕옌청과 두 번 맞붙는다고 봤을 때, 한 번이라도 그렇게 ‘말리면’ 무조건 한국은 큰 타격을 받을 전망이다. 특히 결승서 말린다면? 상상하기도 싫은 일이다. 9월21일 첫 경기서 져도 일본과의 슈퍼라운드를 이기면 결승에 갈 수 있다. 그러나 이번 대회 일본이 결코 쉬운 상대가 아니다. 대만과의 최대 두 차례 맞대결을 다 이겨야 금메달을 딸 확률이 높다. 이는 다시 말해 왕옌청을 두 번 모두 공략해야 금메달 가능성이 높다는 결론으로 이어진다. 즉, 한국 야구의 아이치나고야아시안게임 금메달은 역대 아시안게임과 비교할 수 없을 정도로 난이도가 높을 전망이다.",https://v.daum.net/v/UwwYrpFYO0
2026.07.13 05:06,"아시안게임 첫 상대는 대만…예선서 난적 만나는 류지현호, 기선 제압 성공...",스포츠동아,"[스포츠동아 김현세 기자] 류지현 감독(55)이 이끄는 한국 야구대표팀이 2026아이치·나고야아시안게임 첫 경기서 난적 대만과 맞붙는다. 대회 조직위원회는 10일 야구 종목의 조 편성 결과와 일정을 발표했다. 이번 대회에는 개최국 일본과 대만, 홍콩, 태국, 중국, 필리핀, 팔레스타인 등 8개국이 참가한다. 조직위는 4개국씩 2개로 나눠 조를 편성했다. 대표팀은 대만, 홍콩, 태국과 B조에 묶였다. 야구 종목은 9월 21일부터 일주일간 일본 아이치현의 오카자키중앙종합공원야구장, 도요하시시민구장 등 2개 구장서 치러진다. 8개국은 21일부터 3일간 조별리그 일정을 소화한 뒤 24일 휴식을 갖는다. 25일부터 이틀간 각 조의 1, 2위가 다른 조의 1, 2위, 각 조의 3, 4위가 다른 조의 3, 4위와 한 차례씩 맞붙는 슈퍼라운드가 열린다. 27일에는 낮 12시 오카자키서 동메달 결정전, 오후 6시 30분 도요하시서 결승전이 펼쳐진다. 대표팀은 21일 오후 6시 30분 오카자키서 대만과 첫판을 벌인다. 22일에는 오후 6시 30분 도요하시서 홍콩과 조별리그 2차전이 열린다. 대표팀은 23일 낮 12시 오카자키서 펼쳐질 태국전을 끝으로 조별리그 일정을 마무리한다. 대표팀은 2010년 광저우 대회부터 5연속 금메달을 노린다. 목표를 수월히 이루려면 대만전 승리가 절실하다. 대표팀은 2018년 자카르타·팔렘방 대회부터 2대회 연속 대만과 조별리그 맞대결서 졌다. 2023년 항저우 대회서는 결승전서 설욕했지만 조별리그 패배로 슈퍼라운드 순위 결정의 셈법이 복잡해진 게 골치 아팠다. 대만은 이번에도 전력 구성에 열을 올렸다. KBO리그의 정상급 선발 왕옌청(한화 이글스)과 대만프로야구(CPBL) 라쿠텐 몽키스의 수위타자 천천웨이 등 수준급 선수의 발탁이 유력하다. 대만 일간지 자유시보는 10일 “대표팀이 2006년 도하 대회 이후 20년 만에 금메달을 탈환하기 위해 해외파와 CPBL 선수로 전력을 구성할 예정”이라고 보도했다. 또 다른 대만 매체 비디오랜드는 “첫 경기부터 금메달 후보간 맞대결이 펼쳐진다”고 기대했다. 대만야구협회는 16일 대표팀 명단을 발표한다. 김현세 기자 kkachi@donga.com",https://v.daum.net/v/78bjFSCEFn
2026.07.13 05:04,"“아듀, 잠실!” 폭죽… 가을야구 판도 보여준 ‘한화 젊은피’",서울신문,"발레리노·손오공 갑옷 등 퍼포먼스 한화 허인서 4안타 ‘미스터 올스타’ 문현빈 등 타자 3인방 11안타 합작 박찬호·박준순 수비 ‘최고 명장면’ 2026 프로야구 올스타전은 서울 잠실구장과의 이별을 예고하는 이벤트였다. 그 어느 때보다 풍성한 이야기가 11일 잠실벌 밤하늘을 수놓았다. 선수들의 팬서비스 역시 화끈했다. 승패보다 퍼포먼스에 더 진심을 보인 것 아니냐는 말이 나올 정도였다. 그런 속에서도 가을야구의 판도를 예측할 수 있는 여러가지 징조도 함께 보여줬다. 드림 올스타 선발인 곽빈(두산 베어스)이 영화 ‘와일드씽’의 최성곤 퍼포먼스로 포문을 열자 강백호(한화 이글스)는 발레리노 분장으로 화답했다. KIA 타이거즈의 재간둥이 박재현은 손오공 갑옷에 구름 씽씽카를 타고 타석으로 들어섰다. 문현빈(한화)은 모나리자로 분장했고 김주원(NC 다이노스)은 우주복을 입었다. 양의지(두산 베어스)는 잠옷 차림으로 등장했다. 황성빈(롯데 자이언츠)은 7회말 강아지 분장을 하고 나타나 ‘누가 잠실에 개 풀어놨어’ 퍼포먼스로 큰 웃음을 줬다. 승부 자체는 의미 없다 하더라도 올스타전에서 드러난 기세는 무시할 수 없다. 이번 올스타전의 진정한 승자는 한화였다. 나눔 올스타는 22안타를 몰아치며 역대 올스타전 한 경기 최다 안타(종전 2017년 드림팀 19안타) 기록을 새롭게 썼다. 그 중심에는 한화의 젊은 피들이 있었다. ‘미스터 올스타’를 차지한 허인서(5타수 4안타)를 비롯해 문현빈(5타수 4안타), 이도윤(4타수 3안타) 등 한화 타자 3명이 나눔팀 전체 안타의 절반인 11안타를 합작했다. 타점 역시 나눔팀이 기록한 10점 중 6점을 한화 타자들이 책임졌다. 마운드에서는 류현진(한화)이 관록의 피칭을 펼쳤다. 2회에 등판해 1이닝을 무실점으로 막았다. 아웃카운트 3개를 채우는 데 공 9개로 충분했다. 변화구 없이 직구만 던졌고 최고 구속은 121㎞에 불과했는데도 절묘한 제구력으로 여유롭게 타자들을 요리했다. 전반기를 6위로 마친 한화는 올스타전을 지배했던 폭발적인 기세를 앞세워 후반기 대약진을 예고했다. 드림 올스타의 패배 속에서도 두산의 전력은 단연 돋보였다. 키스톤 콤비로 호흡을 맞춘 박찬호와 박준순은 찰떡 호흡을 과시하며 탄탄한 수비를 뽐냈다. 5회초 강백호의 안타를 지워낸 둘의 콤비 플레이는 올스타전 최고의 명장면으로 꼽기에 손색이 없었다. 박찬호는 타석에서도 눈부셨다. 2루타 3개, 볼넷 1개로 전 타석 출루하는 기염을 토했다. 마운드에서는 에이스 곽빈과 마무리 이영하가 경기의 시작과 끝을 책임지며 안정감을 더했다. 5위로 반환점을 돈 두산은 투타 밸런스를 앞세워 더 높은 곳으로 올라갈 채비를 마쳤다. 반면 롯데는 뼈아픈 숙제를 떠안았다. 4회에 등판한 현도훈이 2실점으로 흔들린 데 이어 6회 나선 박정민이 5실점으로 무너지며 아쉬움을 남겼다. 박정민은 아웃카운트를 잡을 때마다 댄스 퍼포먼스를 펼치겠다고 공언했는데 등판하자마자 내리 5개의 안타를 두들겨 맞는 바람에 제대로 춤을 춰보지도 못했다. 롯데로서는 올스타전 휴식기 동안 투수진을 얼마나 빠르게 재정비하느냐가 반전의 실마리가 될 것으로 보인다. 박현진 전문기자",https://v.daum.net/v/88i5mLJ6Wu
2026.07.13 05:01,"[IS 포커스] 로-맥아더부터 행위예술가 황성빈까지...1년에 딱 하루,...",일간스포츠,"1년에 딱 하루, 경쟁에 임하는 땀보다 웃음을 자아내는 재기가 더 박수받는 무대. 바로 올스타전이다. 특히 모든 선수가 후보자로 나서 경쟁하는 '베스트 퍼포먼스상'이 축제 열기를 뜨겁게 달군다. 베스트 퍼포먼스상은 2019년 신설됐다. 수여 기준은 '쇼맨십을 발휘해 팬들에게 즐거움을 선사한 선수'. 그저 그라운드 위 허슬 플레이에 그치지 않고, 준비한 복장과 제스처로 강렬한 인상을 남겨야 했다. 초대 수상자는 SK 와이번스(현 SSG 랜더스)의 장수 용병 제이미 로맥이었다. 그는 한국 전쟁 당시 인천상륙작전을 지휘한 더글러스 맥아더 장군을 연상케 하는 제복과 모자를 착용하고 타석에 섰다. 소속팀 연고지가 인천이라는 점을 착안해 '로-맥아더'로 변신한 것. 당시 SK 선수들은 베스트 퍼포먼스상 도전에 '진심'이었다. 특히 슈퍼스타 최정은 공사 현장 안전모를 착용해 자신의 별명인 '홈런공장장'을 연상하게 만들었다. 이후 올스타전은 코로나 팬데믹 영향으로 2년 연속 열리지 않았다. 3년 만에 돌아온 2022년부터 모든 출전 선수가 베스트 퍼포먼스상에 도전하는 것처럼 다양한 아이디어를 구현해 경쟁했다. 2022년 퍼포먼스상 수상자는 별명 '태군마마'를 모티브로 곤룡포를 입고 마치 왕처럼 행동한 김태군(현 KIA 타이거즈)였다. 당시 리그 최단신 선수였던 김지찬(삼성)은 노란색 유치원 모자와 캐릭터 가방을 메고 등장해 김태군에 대항했다. 최근 4시즌(2023~2026)은 롯데 자이언츠 소속 선수들이 유독 강했다. 2023 올스타전에서는 당시 신인이었던 김민석(현 두산 베어스)이 세계적인 걸그룹 블랙핑크 멤버 제니의 솔로곡에 맞춰 수준급 댄스를 선보였다. 2024 올스타전에서는 그해 주전으로 도약한 황성빈이 '배달의 마황'이라는 문구를 새긴 헬멧과 라이더(배달 기사) 복장을 착용한 뒤 웃음을 자아내는 퍼포먼스를 연달아 보여주며 상을 거머쥐었다. 당시 그는 ""오늘은 웃을 주는 게 목표인 자리(올스타전)였다. 제대로 하고 싶었다""라고 웃었다. 올해도 주인공은 황성빈이었다. 11일 열린 올스타전 7회 말 타석을 앞둔 그는 강아지 모자를 착용하고 개껌 모양 인형을 문 채 등장했다. '애견인'으로 소문난 소속팀 사령탑 김태형 롯데 감독에게 목줄을 맡겨 그의 반려견으로 변신한 뒤 마치 행위예술가처럼 자연스러운 연기를 펼쳤다. 앞서 두산 에이스 곽빈이 하얀 상하의와 청초한 헤어스타일로 등장, 지난달 개봉한 영화 와일드 씽 최성곤 캐릭터의 '니가 좋아' 챌린지를 보여주며 장내를 흔들었지만, 황성빈이 팬 투표 결과 1위에 올랐다. 냉혹한 승부의 세계를 사는 선수들이 올스타전만큼은 감춰둔 끼를 발산한다. 그런 의외성이 야구팬에게 추억을 선사한다. 올해도 퍼포먼스상이 흥행한 이유다. 안희수 기자 anheesoo@edaily.co.kr",https://v.daum.net/v/94Yj8U3Gwe
2026.07.13 04:42,"'ERA 7.43 대참사' 두산도 관심→韓에서 재기 다짐했는데, 위기의 ...",마이데일리,"[마이데일리 = 이정원 기자] ""풀이 좋지는 않다."" SSG 랜더스 아시아쿼터 투수 타케다 쇼타를 향한 기대감은 컸다. 타케다는 일본프로야구(NPB)에서 66승 48패 평균자책 3.33의 성적을 거둔 베테랑이다. 특히 2015시즌 25경기 13승 6패 평균자책 3.17, 2016시즌 27경기 14승 8패 평균자책 2.95를 기록했고, 2015 WBSC 프리미어 12와 2017 월드베이스볼클래식(WBC)에서는 일본 국가대표로 활약했다. 2024년 4월 팔꿈치 수술 이후 1군 무대에서 뛰지 못하면서 하락세를 걸었지만, SSG는 일본으로 날아가 타케다의 몸 상태를 확인했고 최고 구속 147km에 달하는 걸 보고 영입을 결정했다. 소프크뱅크에서 지도자 연수를 받으며 타케다를 알고 있는 김원형 두산 감독도 타케다에게 전화를 걸었지만, 이미 SSG와 계약을 한 직후였다. 계약 이후 타케다는 자비를 들여 한국을 방문해 그라운드 상태부터 치료 기기, 숙소 위치까지 직접 확인했다. 미국 플로리다 스프링캠프에서부터 젊은 선수들에게 자신의 노하우를 전수하며 멘토 역할도 했다. 또한 알아서 몸 관리를 할 수 있게 전권을 줬다. 그만큼 기대가 컸다. 하지만 타케다를 향한 기대감, 지금은 없다. 전반기 타케다가 거둔 성적은 15경기 1승 7패 평균자책 7.43. 퀄리티스타트(선발 6이닝 3자책점 이하)는 단 2회뿐이다. 데뷔 4경기 만인 4월 25일 인천 KT 위즈전에서 5이닝 3피안타 2사사구 6탈삼진 무실점 승리를 기록했지만 이때가 처음이자 유일한 무실점 경기다. 5월 13일 수원 KT전에서는 3이닝 9실점으로 무너졌고, 전반기 마지막 등판이었던 7월 4일 인천 삼성 라이온즈전에서는 2⅓이닝 6피안타 3사사구 3탈삼진 2실점으로 조기 강판했다. 홈인 인천에서 10경기 1승 5패 평균자책 6.27로 아쉬움을 남겼다. 시즌 초반 2군도 다녀왔지만 효과는 없었다. 이미 미치 화이트-김광현이 부상으로 빠지고, 앤서니 베니지아노도 부진한 상황에서 선발 로테이션을 돌아주는 것만으로 다행일 따름이었다. 그렇지만 경기당 평균 4이닝을 겨우 넘기고, 후반기에도 부활을 할 것이라는 기대감이 크지 않은 상황이기에 이숭용 SSG 감독도 고민이 많다. 이숭용 감독은 전반기 막판에 ""후반기 로테이션은 고민을 해보겠다""라며 ""지금 다 알아보고 있다. 풀이 좋은 상황이 아니다. 프런트들이 부지런히 움직이고 있다""라고 한숨을 내쉬었다. 과연 타케다에게 부활의 기회는 올까.",https://v.daum.net/v/9UYByDcnEH
2026.07.13 04:33,우승 조준한 삼성 '핵잠수함' vs 불 끄기 급급한 LG '소방수'…외인...,마니아타임즈,"전반기를 단 2리 차이의 역대급 순위 싸움으로 마친 삼성 라이온즈와 LG 트윈스의 희비가 외국인 선수 교체 시장에서 극명하게 갈리고 있다. 삼성이 메이저리그 통산 32승 커리어의 크리스 페덱을 장착하며 대권 행보에 날개를 단 반면, LG는 불펜 보강을 위해 약셀 리오스를 선택했으나 벌써부터 팬들의 거센 원성과 우려를 자아내고 있다. 몸값은 비슷하지만 파급력은 하늘과 땅 차이라는 평가가 지배적이다. 가장 큰 격차는 보직이 주는 경기 지배력에서 나온다. 삼성의 페덱은 5~6일마다 마운드에 올라 6~7이닝을 통째로 책임질 수 있는 확실한 선발 에이스 카드다. 선발이 길게 버텨주면 불펜진 전체에 휴식을 주는 강력한 연쇄 상승 효과까지 기대할 수 있다. 반면 LG가 영입한 리오스는 160km에 육박하는 강속구를 가졌으나 경기 후반 1~2이닝을 책임지는 구원 투수다. 앞선 선발진이 무너지면 등판 기회조차 잡기 힘들어 경기 전체를 지배하는 영향력 면에서 페덱과 체급 차이가 날 수밖에 없다. 이번 영입으로 두 팀의 마운드 구조 역시 대조적인 기로에 섰다. 삼성은 후라도에페덱이 더해지며 리그 최강의 원투펀치를 완성, 후반기 독주 체제의 기반을 닦았다. 반면 LG는 기존 선발이었던 요니 치리노스를 내보내고 불펜 투수인 리오스를 데려오면서 선발 로테이션에 거대한 구멍이 생겼다. 지친 불펜의 불을 끄려다 오히려 선발진이 헐거워지는 모순에 빠진 셈이다. 결국 치리노스의 빈자리를 국내 투수들로만 메워야 해 선발진의 과부하 리스크를 고스란히 떠안게 됐다. 투자 대비 효율을 뜻하는 가성비 측면에서도 LG는 뼈아픈 판정패를 당했다. 삼성이 현역 빅리거급 선발 페덱을 영입하는 데 쓴 돈은 47만 3,333달러이며, LG가 리오스를 데려오는 데 지출한 금액은 45만 달러 선으로 알려졌다. 고작 2만 달러 안팎의 차이다. 비슷한 규모의 예산을 지출했음에도 한 팀은 우승을 배달해 줄 대형 선발 에이스를 얻었고, 다른 한 팀은 활용도가 제한적인 불펜 투수를 얻는 데 그쳤다. LG 팬들이 커뮤니티를 통해 리오스 대신 제대로 된 선발 투수로 당장 다시 교체하라며 분통을 터뜨리는 이유다. 결과적으로 삼성이 가을야구 우승 트로피를 조준한 핵잠수함을 마운드에 띄웠다면, LG는 당장 급한 불을 끄기 위한 소방수를 택한 형국이다. [강해영 마니아타임즈 기자/hae2023@maniareport.com] 기사제보 및 보도자료 report@maniareport.com",https://v.daum.net/v/3nVayDcntG
2026.07.13 04:31,"“선발 약하니까, 제일 걱정된다” KIA 최강 에이스 올러에 7선발도 가...",마이데일리,"[마이데일리 = 김진성 기자] 풍요 속의 빈곤이다. KIA 타이거즈 이범호 감독은 지난 9일 롯데 자이언츠와의 전반기 최종전을 앞두고 “선발이 약하니까, 제일 걱정된다”라고 했다. 아니, 올해 최고 외국인투수 아담 올러에 최대 7명까지 동시에 선발투수로 기용 가능하다. 팀 선발 평균자책점 4.12로 4위다. 올러에 제임스 네일, 베테랑 양현종에 황동하가 고정이다. 여기에 시라카와 케이쇼와 김태형이 번갈아 5선발을 맡아왔다. 여기에 후반기 시작과 함께 이의리가 1군에 돌아온다. 7명이고, 실질적으로 5+2선발이다. 시라카와를 되도록 선발로 쓴다는 게 이범호 감독의 구상. 그러면 선발이 일찍 무너질 때 김태형, 이의리를 롱릴리프로 활용한다는 계획. 겉보기엔 완벽에 가까운 구성으로 보인다. 또 불펜 물량이 좋아서 장기레이스에서 마운드가 무너지지 않을 가능성이 크다. 그러나 이범호 감독은 걱정이 많다. “선발투수들이 5회까지 3점 이내로 막아줘야 그 다음이 생기는데, 전반기 막판부터 그러지 못하는 경기가 너무 많았다. 후반기에 선발로테이션을 어떻게 해야 하나, 그 걱정이 제일 크다”라고 했다. 실제 올러를 제외한 6명의 선발요원은 전부 장, 단점이 확연하다. 네일은 김태군이 부상으로 빠지자 2경기 연속 부진했다. 사실 김태군 유무가 문제가 아니라, 특유의 스위퍼와 투심이 더 이상 언터쳐블이 아니라는 게 고민이다. 현란한 볼배합으로 위기를 극복하려고 하지만, 스피드와 구위가 압도적인 선수는 아니다. 양현종은 관록으로 5이닝을 버티지만 압도적인 구위를 보유한 선수가 아니다. 바빕신이 안 따라주면 불안정성이 높아진다. 황동하와 김태형은 구위 자체는 많이 좋아졌다. 그러나 제구력과 경기운영능력이 그렇게 안정적인 스타일은 아니다. 양현종과 정반대라고 보면 된다. 시라카와는 구위, 경기운영 등 딱히 약점도 안 보이지만 그렇다고 어떤 대목도 압도적이지는 않다. 이의리는 다 알다시피 제구 이슈라는 폭탄을 안고 있다. 이렇다 보니 올러를 제외하면 편안하게 6이닝 안팎을 이범호 감독의 계산 속에 던질 수 있는 카드는 없다고 봐야 한다. 이른바 풍요 속의 빈곤이다. 전반기 막판엔 타자들의 응집력이 비교적 좋았다. 단, 타자들은 기복이 있을 수밖에 없다. 그래서 전반기 막판 4연패도 당했다. 이범호 감독은 일단 김태형과 이의리를 롱릴리프로 쓰면서 후반기를 치르겠다는 계산이지만, 7명의 선발요원이 결국 잘 던지는 게 가장 중요하다. 야구통계사이트 스탯티즈에 다르면 전반기 KIA 선발진은 중간 수준의 위력이었다. 퀄리티스타트는 29회로 5위, 선발 이닝소화도 437⅓이닝으로 5위, 선발 WAR 9.86으로 역시 5위다. 결국 올 시즌 KIA 운명은 선발투수 7인방이 쥐었다. 특히 이범호 감독은 “후반기에 네일이 잘해야 한다”라고 했다.",https://v.daum.net/v/HxFFQzUZs9
2026.07.13 04:22,'리햅시즌' 끝낸 안우진에 '7억팔' 박준현→'괴물 유망주' 하현승까지…...,스포츠조선,"[스포츠조선 고재완 기자] KBO 리그 전반기가 마감되고 올스타 브레이크에 돌입한 지금, 고척돔을 홈으로 쓰는 키움 히어로즈 팬들의 시선은 벌써부터 내년 시즌 마운드로 향하고 있다. 부상 공백을 깨고 돌아와 성공적으로 '리햅 시즌'을 치러내고 있는 토종 에이스 안우진에 더해, 올해 전체 1순위로 입단한 특급 신인 박준현, 그리고 내년도 전체 1순위 지명이 확실시되는 고교 파이어볼러 하현승으로 이어지는 역대급 선발 로테이션이 그려지고 있기 때문이다. 안우진은 현재 성공적인 '재활 시즌'을 보내고 있는 중이다. 13경기 2승5패, 평균 자책점 3.70으로 준수한 수준. 평소 안우진이라면 부진한 기록이겠지만 부상 재활을 마치고 복귀한 시즌으로서는 꽤 성공적인 결과라고 할 수 있다. 게다가 가장 우려됀던 어깨 부상 부위에 통증이 없고 물집 관리만 하면 내년 시즌에는 무시무시한 구위로 돌아올 것이라는 평가가 많다. 박준현은 북일고 시절 최고 시속 157㎞에 달하는 불같은 강속구를 뿌리며 일찌감치 메이저리그 스카우트들의 표적이 됐다. 하지만 레전드 투수 출신인 아버지 박석민(전 NC 다이노스) 등 주변의 조언을 받아들여 미국 직행 대신 KBO 신인 드래프트 지원을 선택했다. 2026 신인드래프트 전체 1순위로 키움 유니폼을 입은 박준현은 올해 전반기 10경기에 모두 선발 투수로 출전해 1승 4패 평균자책점 3.67이라는 고졸 신인으로서 훌륭한 연착륙 성적을 남겼다. 이미 한시즌을 치뤄본 박준현은 내년 선발 로테이션에서 더욱 확실한 축이 될 것은 자명한 일이다. 부산고 하현승 역시 메이저리그의 유혹을 뿌리치고 KBO 드래프트 참가를 공언한 상태다. 신장 195㎝의 압도적인 피지컬에서 뿜어져 나오는 시속 150㎞대 강속구는 고교 무대를 완전히 초토화했다. 하현승은 올해 고교 무대 10경기에 출전해 31이닝을 책임지는 동안 무려 50개의 탈삼진을 솎아내며 평균자책점은 단 0.29라는 경이로운 짠물 피칭을 선보였다. 메이저리그의 뜨거운 관심에도 불구하고 국내 잔류를 선언함에 따라, 내년도 신인 드래프트 전체 1순위 지명권을 보유한 키움 히어로즈의 지명이 사실상 확실시되는 분위기다. 과거 어깨 부상 리스크를 완전히 털어내고 올 시즌 통증 없이 복귀 레이스를 진행하고 있는 안우진이라는 확실한 태양이 버티고 있는 상황. 여기에 전반기 10경기 선발 완주로 클래스를 입증한 박준현이 달리고 있고, 내년 봄에는 1m95의 하현승까지 고척 마운드에 가세한다면 키움 팬으로서는 행복한 상상일 수밖에 없다. 방망이가 다소 기복을 겪더라도 선발 마운드가 6~7이닝을 확실하게 무실점으로 통제해 주면 경기 후반 뒤 싸움은 한층 수월해질 수밖에 없다. 라울 알칸타라가 에이징커브를 겪지 않는 한 재계약이 확실시 되고 하영민과 배동현이라는 선발 자원이 버티고 있는 상황에서 이들까지 합류한다면 키움의 선발 로테이션은 타 팀의 공포의 대상이 될만 하다. 고재완 기자 star77@sportschosun.com",https://v.daum.net/v/Pm6gCNoMzS
2026.07.13 04:01,'후치올' 생각보다 많았다? 작년엔 삼성이 해냈다!…하위권 팀 후반기 드...,엑스포츠뉴스,"(엑스포츠뉴스 김지수 기자) KBO리그 10개 구단이 2026시즌 올스타전 종료와 함께 짧은 여름 방학에 돌입했다. 전반기 5강권 밖으로 밀려났던 팀들은 당연히 후반기 '치올'과 함께 극적인 가을야구 티켓 확보가 목표다. 확률이 높은 건 아니지만, 거의 매년 포스트시즌 막차에 탑승한 사례가 나왔다. 2026시즌 KBO리그 페넌트레이스는 지난 9일까지 전반기 일정을 소화했다. 삼성 라이온즈가 LG 트윈스를 승차 없이 승률에서 앞선 1위를 달리고 있는 가운데 KT 위즈가 두 팀을 3.5경기 차로 쫓고 있다. 4위 KIA 타이거즈는 3위 KT와는 3경기, 1위 삼성과 2위 LG와는 6.5경기 차다. KIA는 일단 4위 수성과 3위 도약을 후반기 1차 목표로 설정할 것으로 보인다. 5위 두산 베어스는 4위 KIA를 1.5경기 차로 쫓는 동시에 5위 한화 이글스에 1.5경기 차로 쫓기고 있다. 한화도 7위 NC 다이노스와 격차가 1.5경기에 불과하다. 8위 롯데 자이언츠도 페넌트레이스 잔여 59경기를 남겨둔 상황에서 5위 두산과 5경기 차로 아직 가을야구를 포기할 단계가 아니다. 2015년 KBO리그 1군 10개 구단 체제가 시작된 이후 전반기까지 하위권에서 맴돌던 팀이 5강 진출에 성공한 사례는 총 11번 있었다. 2025시즌의 경우 삼성과 SSG의 후반기 대약진이 돋보였다. 삼성은 지난해 올스타 브레이크 전까지 전반기 43승44패1무로 8위에 머무르고 있었다. 5위 KT에 2.5경기 차로 뒤져 있던 가운데 반등을 노리기 쉽지 않을 것으로 보였다. 그러나 후반기 31승24패1무로 선전한 끝에 최종 4위로 가을야구 티켓을 거머쥐었다. 플레이오프까지 진출하면서 성공적인 시즌을 보냈다. SSG도 작년 올스타 브레이크 전까지 43승41패3무로 KT에 1경기 뒤진 6위였다. 2025시즌 후반기 32승24패1무로 승패마진 플러스8을 챙기면서 최종 3위로 포스트시즌 진출에 성공했다. KT도 2024시즌 전반기까지 5위 SSG에 3경기 차 뒤진 7위였지만, 타이 브레이크 끝에 최종 5위로 가을야구 막차에 탑승했다. 2023시즌에도 전반기를 5위 롯데에 1.5경기 뒤진 7위에서 최종 2위까지 올라가는 기염을 토했다. 코로나19 팬데믹 여파로 별도의 올스타 브레이크가 아닌 리그 중단만 있었던 2020~2021시즌 역시 KT와 두산이 80경기 이상 소화한 시점에서 5위 밖이었지만, 각각 최종 순위 2위와 4위로 포스트시즌 티켓을 따냈다. 2018시즌에는 KIA가 전반기 6위에서 최종 5위로 와일드카드 결정전에 진출했다. 당시 KIA에 6경기 차 앞선 단독 4위였던 LG는 후반기 충격적인 추락을 겪으며 2년 연속 가을야구가 좌절됐다. 2017시즌은 롯데가 드라마를 썼다. 롯데는 당시 전반기까지 5위 두산에 3경기 차 뒤진 7위였지만, 후반기 39승18패1무로 6할8푼대 승률을 기록하면서 3위로 준플레이오프에 직행했다. 2016시즌에는 LG와 KIA가 나란히 후반기 대도약을 만들었다. LG는 전반기 5위 롯데에 3.5경기 차 뒤진 8위에서 최종 4위까지 급상승했다. 롯데에 1경기 차 6위였던 KIA는 최종 5위로 5년 만에 가을야구 무대를 밟을 수 있었다. 2015시즌은 SK(현 SSG 랜더스) 와이번스가 전반기 6위에서 최종 5위로 반전의 주인공이었다. 넥센(현 키움)과 KBO리그 사상 첫 와일드 카드 결정전을 치렀다. 올해도 중위권 팀들의 격차와 전력을 고려하면 팬들을 즐겁게 하는 드라마가 연출될 가능성은 충분하다. 최하위 키움과 9위 SSG를 제외하면 8~6위까지는 가을야구 진출 희망을 키울 기회가 있다. '후반기 치고 올라가기'에 성공하는 팀이 또 한 번 나올 수 있을지 지켜볼 일이다. 사진=엑스포츠뉴스 DB 김지수 기자 jisoo@xportsnews.com",https://v.daum.net/v/pGwt3vhDGe
2026.07.13 03:54,전반기 2강 입증한 삼성·LG…혼돈의 중위권과 하위권 SSG·키움,스포츠동아,"[스포츠동아 장은상 기자] 삼성 라이온즈와 LG 트윈스가 ‘2강’임을 입증했다. 올 시즌 개막 전부터 ‘2강’으로 꼽힌 삼성과 LG가 예상대로 전반기를 1·2위로 마쳤다. 승률 5할 안팎을 기록한 6개 팀이 중위권을 형성한 가운데, 3할 대 승률에 그친 SSG 랜더스와 키움 히어로즈는 하위권으로 뒤쳐졌다. 삼성은 전반기 85경기에서 51승2무32패(0.614)를 기록했다. 2위 LG(52승33패·0.612)와 경기 차는 없지만, 승률에서 2리를 앞서 전반기 1위 타이틀을 가져갔다. 올해 삼성은 투·타 밸런스를 앞세워 효율적인 승수 쌓기에 성공하고 있다. 전반기 팀 평균자책점(ERA) 4.11을 기록하며 전체 2위를 차지했고, 타격에선 팀 타율 0.275(3위)를 마크했다. LG는 시즌 초반 홍창기, 신민재, 오지환 등 주축 선수들이 타격 슬럼프에 빠져 있는 가운데도 백업 자원을 적극 활용해 순위 싸움에서 우위를 점했다. 송찬의, 문정빈, 천성호 등이 돌아가며 제 몫 이상을 해내 승률 고공행진을 이끌었다. 마운드 위기도 잘 넘겼다. 유영찬(부상)의 마무리 투수 역할을 손주영이 대신 맡았고, 요니 치리노스를 방출하며 생긴 선발 공백은 장현식이 긴급히 메웠다. 중위권은 선두 경쟁에서 잠시 멀어진 KT 위즈가 주도권을 쥐고 있다. KT는 타격 1위 최원준을 비롯해 김현수, 샘 힐리어드 등의 맹활약이 전반기 내내 이어졌다. 하지만 최근 들어 기복 있는 투구를 반복하고 있는 불펜진의 안정화가 급선무로 떠올랐다. KT를 가장 가까이 추격하고 있는 팀은 KIA 타이거즈다. KIA는 아담 올러, 제임스 네일 원투 펀치와 함께 리그 홈런 공동 1위를 달리고 있는 김도영의 힘을 앞세워 순위를 끌어 올리고 있다. 이후 5강행 막차 싸움을 벌이고 있는 팀은 두산 베어스, 한화 이글스, NC 다이노스다. 두산과 한화는 전반기를 5할 이상의 승률로 마치며 후반기에 승부를 걸 발판을 마련했다. NC는 5할 승률에 ‘-3’을 기록하고 있지만, 6위 한화와 경기 차는 1.5밖에 되지 않는다. 8위 롯데 자이언츠는 6월 이후 팀 승률 0.531를 기록하며 5위권 그룹과의 경기 차를 상당히 많이 줄였다. 안정된 선발진의 체력 유지가 후반기 최대 관건이 될 전망이다. 9~10위를 기록하고 있는 SSG와 키움은 반등이 절실하다. 두 팀은 외국인 선수 교체 카드까지 모두 사용하며 시즌 중 전력 개편에 나섰다. SSG는 토마스 해치와 페드로 아빌라가 마운드에서 긴 이닝을 끌어줘야 마운드 붕괴를 막을 수 있을 전망이다. 키움은 케스턴 히우라와 맷 데이비슨으로 이어지는 외국인 타자 2명 라인을 통해 후반기 승부수를 던진다. 장은상 기자 award@donga.com",https://v.daum.net/v/ttWlTEAipK
2026.07.13 02:38,‘팬 퍼스트’는 역시 KT!…마지막 잠실구장 올스타전 수놓았다,스포츠동아,"[스포츠동아 박정현 기자] KT 위즈가 야구 팬들을 위한 다양한 선물을 준비해 올스타전을 빛냈다. ‘2026 신한 SOL KBO 올스타전’이 11일 잠실구장서 성황리에 막을 내렸다. 팬, 선수, 야구 관계자들은 올 시즌이 끝난 뒤 철거되는 잠실구장서 마지막 이벤트를 즐겼다. KT는 팬들과 함께 마지막 올스타전을 즐기기 위해 단단히 준비했다. 10일 퓨처스(2군)리그 올스타전에 앞서 무더워를 극복할 수 있도록 부채 1000개를 제작해 야구팬들에게 배포했다. 부채에는 퓨처스 올스타전에 출전하는 투수 박지훈(19)과 김정운(22), 포수 김민석(21), 외야수 이재원(19)의 롤모델과 각오를 담아 팬들이 축제를 더 쉽게 즐길 수 있도록 도왔다. 여기에 그치지 않고 직접 디자인해 제작한 뱃지 200개를 전달했다. 잠실구장의 마지막을 기념해 이를 시각화했고, 올스타전 출전 선수 투수 전용주(26)와 손동현(25), 내야수 허경민(36)과 외야수 최원준(29)의 등번호를 표기했다. 경기 전후로 선수단과 마스코트가 직접 팬들에게 선물을 나눠주며 팬 퍼스트를 실천했다. 위즈포터(대학생리포터)들도 활약했다. 올스타전 현장에 전용주, 손동현과 직접 만든 스트레스볼 50개와 아이 패치 700개를 선물했다. 팬들은 깜짝 선물에 미소를 감추지 못했다. 본경기서는 입장 퍼포먼스가 돋보였다. 최원준이 자신의 별명인 ‘공포의 주둥아리’서 따온 공주 분장을 하고 타석에 들어섰다. 손동현은 응원단장의 복장을 입고 준비했던 응원가 율동을 선보이며 분위기를 띄웠다. 축제에 참석한 선수들은 승패보다 더 중요한 ‘즐기는’ 가치를 직접 선보이며 올스타전을 더 뜻깊게 마무리했다. 박정현 기자 pjh60800@donga.com",https://v.daum.net/v/1RkG5CsA7l
2026.07.13 02:31,“욕심 안 가질 수 없지만” 김도영 vs 오스틴 홈런왕 레이스는 기울어진...,마이데일리,"[마이데일리 = 김진성 기자] “위치가 위치인지라 욕심을 안 가질 수 없지만.” KIA 타이거즈 간판스타 김도영(23)의 올 시즌 목표는 딱 두 가지다. 전경기 출전과 타율 3할이다. 그리고 큰 욕심은 내지 않겠지만 당연히 홈런왕에 대한 꿈도 품고 있다. 그러나 김도영은 알고 보면 어차피 전경기 출전은 불가능하다. 그리고 홈런왕도 상당히 불리한 입장이다. 오히려 전반기 내내 고전했던 타율이 가장 충족시키기 좋은 입장이다. 전반기 막판 맹활약으로 시즌타율을 0.298까지 끌어올렸기 때문. 리그 15위로 전반기를 마쳤다. 이범호 감독은 김도영이 타율 0.330을 칠 수 있는 능력이 있다고 본다. 그렇다면 왜 전 경기 출전이 불가능하고, 왜 홈런왕 등극이 상당히 불리할까. 최근 세부 경기일정이 발표된 아이치나고야아시안게임 야구(9월21~27일) 때문이다. 김도영은 대표팀 주전 3루수를 맡을 전망이다. 대표팀은 아무리 늦어도 9월 초에서 9월10일 안팎으로는 소집돼야 한다. 즉, 아시안게임에 나가는 선수들은 애당초 전 경기 출전이 불가능하다. 김도영은 KIA가 치른 전반기 86경기에 모두 나갔지만, KIA의 9월 잔여일정의 상당 부분 결장할 전망이다. 반면 오스틴 딘(LG 트윈스)은 이 기간 다치거나 아프지만 않다면 모든 경기에 나갈 것이다. 홈런왕 레이스가 결국 기울어진 운동장이란 얘기가 나오는 이유다. 27홈런으로 동일 선상에서 후반기를 출발하지만, 오스틴이 김도영보다 홈런왕 등극에 훨씬 유리한 조건이다. 당연히 김도영도 이를 안다. 그래서 김도영은 나름의 확실한 목표를 세워서 긴장감 있게 후반기를 치르려고 한다. 11일 올스타전을 앞두고 “일단 아시안게임 가기 전까지 풀타임을 나가고 싶고, 사실 (홈런 1위)위치가 위치인지라 욕심을 안 가질 수 없겠지만, 그래도 욕심 안 갖고 타석에서 내가 어떤 걸 해야 팀에 도움이 될지 좀 더 냉정하게 생각해보겠다”라고 했다. 아시안게임 핸디캡이 있다고 해도 올해 김도영은 생애 첫 40홈런이 가능한 시즌이다. 9월의 KBO리그는 추후일정이 진행되는 시기다. 순위다툼이 클라이맥스로 향하는 시기지만, 이미 10개 구단은 아시안게임에 적극 협조하기로 마음을 모은 상태다. 올해는 정규시즌 우천취소 경기가 적다. 10개 구단이 아시안게임에 대표선수들을 보낸 뒤 최종순위를 그대로 결정할 가능성이 크다. 김도영을 비롯한 대표팀 멤버들은 사실상 정규시즌 최종 성적표를 받고 아시안게임으로 가는 수순을 밟을 것으로 보인다.",https://v.daum.net/v/y8ZlBZGhmv
2026.07.13 01:52,내년 KIA 마운드에 선물이 온다…다승-ERA 1위 2군 점령→상무 에이...,스포티비뉴스,"[스포티비뉴스=윤욱재 기자] 이런 활약이라면 내년 KIA 선발투수진의 '다크호스'로 주목해도 좋을 것 같다. KIA가 함박웃음을 짓고 있다. 상무에서 뛰고 있는 우완투수 김민재(23)가 퓨처스리그에서 뛰어난 활약을 펼치며 성장을 거듭하고 있기 때문이다. 김민재는 오는 11월에 전역할 예정이다. 당장 내년 시즌 1군에서 활용이 가능한 자원이다. 2024 KBO 신인 드래프트 8라운드 전체 76순위로 KIA 유니폼을 입은 김민재는 지난해 상무에 입대, 퓨처스리그에서 19경기 58⅔이닝 8승 4패 평균자책점 5.37을 기록하는데 만족해야 했으나 올해는 14경기 71⅓이닝 7승 2패 평균자책점 2.52로 뛰어난 피칭을 선보이고 있다. 특히 올해는 출발부터 남달랐다. 지난 3월 22일 SSG와의 퓨처스리그 경기에서 선발투수로 등판한 김민재는 6이닝 동안 안타를 1개도 맞지 않고 3볼넷 5탈삼진 무실점으로 호투, 상무가 팀 노히트노런이라는 대기록을 달성하는데 앞장섰다. 꾸준히 호투 행진을 펼친 김민재는 퓨처스리그 북부리그 다승, 평균자책점, 이닝 모두 1위를 석권하면서 전반기를 마칠 수 있었다. 그가 퓨처스 올스타로 선발된 것은 당연한 결과였다. 올해 그는 상무에서 얼마나 발전한 것일까. 퓨처스 올스타전이 열린 지난 10일 잠실구장에서 만난 김민재는 ""직구 구위가 장점이라고 생각한다. 패스트볼의 장점은 그대로 살아 있는 것 같고 변화구 커맨드만 완성되면 더 좋을 것 같다""라면서 ""상무에 들어온 순간부터 부족한 부분을 생각해서 준비하려고 했다. 스스로 변화구 커맨드가 부족하다는 생각이 들었다. 연습 때부터 집중해서 변화구 제구에 신경을 썼는데 준비한 것이 경기에서도 잘 나오고 있어서 좋은 성적으로 이어진 것 같다""라고 말했다. 김민재는 시속 140km 초중반대를 형성하는 패스트볼과 더불어 커브, 슬라이더, 스플리터 등 여러 변화구를 구사한다. 그동안 상무를 다녀온 선수들을 보면 기량과 멘탈을 가다듬고 전역한 케이스가 많다. ""운동을 할 수밖에 없는 환경이 만들어져서 정말 좋은 것 같다. 그 속에서도 배운 점도 많아서 선수가 발전하는데 많은 도움이 되는 것 같다""라는 김민재. 이제 전역까지 4개월 정도 시간이 남았다. 김민재는 '전역이 가까워진 것이 실감이 나느냐'라는 말에 ""조금씩 실감이 나는 것 같다""라면서 ""후반기에도 좋은 성적을 유지하고 싶다. 팀에 돌아가서도 잘 하는 모습을 보여드리면서 팬들께 기쁨을 드리고 싶다""라고 이야기했다. 김민재가 이러한 활약을 이어간다면 내년 시즌 KIA 마운드 운영에 큰 보탬이 될 선수가 될 것이 분명하다. ""후반기에도 전반기에 했던 것처럼 좋은 성적을 유지해서 내년까지 좋은 흐름으로 이어가고 싶다""라는 김민재는 ""내년 시즌부터 바로 1군에 들어가서 팀에 보탬이 되고 싶다""라고 야무진 각오를 숨기지 않았다. <저작권자 ⓒ SPOTV NEWS. 무단전재 및 재배포 금지>",https://v.daum.net/v/4hQgJ2b0C4
2026.07.13 01:23,‘와’ 삼성 우승에 이토록 진심이다! 어떻게 시즌 도중 현역 빅리거 품었...,OSEN,"[OSEN=이후광 기자] 이토록 우승에 진심이라니. 삼성은 어떻게 대체 외국인투수로 현역 메이저리거를 데려올 수 있었을까. 프로야구 삼성 라이온즈는 지난 11일 “부상 대체 외국인선수로 뛰어온 잭 오러클린과 계약 연장 대신 최근까지 메이저리그에서 뛴 우완투수 크리스 페덱에게 선발 마운드의 한 축을 맡도록 할 계획이다”라고 공식 발표하며 총액 47만3333달러(약 7억 원)에 페덱을 영입했다. 삼성의 외국인투수 농사는 시즌 시작도 전에 흉년 판정을 받았다. 100만 달러(약 15억 원)를 들여 야심차게 품은 뉴 에이스 맷 매닝이 스프링캠프 도중 팔꿈치 인대가 파열되는 큰 부상을 당하며 전반기 내내 자취를 감췄다. 그럼에도 삼성이 전반기를 1위로 마친 건 발빠르게 움직여 대체 외국인투수를 구했고, 그 투수가 다행히 제 몫을 해줬기 때문이다. 3월 16일 6주 총액 5만 달러(약 7500만 원)에 삼성 유니폼을 입은 호주 출신 잭 오러클린이 17경기 5승 5패 평균자책점 4.86의 기록과 함께 꾸준히 로테이션을 소화하며 공백을 최소화했다. 오러클린은 두 차례의 연장 계약을 체결하며 정식 계약 가능성을 높였으나 삼성의 선택은 새 외국인투수였다. KBO가 지난 10일 매닝을 웨이버, 오러클린은 자유계약선수로 각각 공시하면서 매닝은 ‘먹튀’ 외인이라는 오명을 안게 됐고, 오러클린은 3⅔이닝 5실점 난조 속 패전을 당한 8일 대구 LG 트윈스전이 고별전이 됐다. 삼성이 새롭게 품은 페덱은 메이저리그 통산 132경기(선발 119경기) 32승 43패 평균자책점 4.83 이닝당 출루허용률(WHIP) 1.26의 풍부한 경력을 자랑한다. 2019년 샌디에이고 파드리스에서 빅리그에 데뷔해 미네소타 트윈스, 디트로이트 타이거즈, 마이애미 말린스, 신시내티 레즈, 텍사스 레인저스 등 다양한 팀을 거쳤다. 올해 메이저리그에서 14경기를 등판한 현역 메이저리그 출신이다. 마이너리그에서는 통산 40경기(선발 35경기) 13승 7패 평균자책점 1.92 WHIP 0.82의 성적을 남겼다. 삼성은 “다양한 구종을 갖춘 페덱은 메이저리그 통산 9이닝당 탈삼진 8.02개, 9이닝당 볼넷 2.04개를 기록했다. 국내에서 메디컬테스트를 마쳤고 조만간 팀에 합류할 예정이다”라고 기대를 드러냈다. 삼성의 우승 청부사 임무를 맡은 페덱은 “어떤 리그든 프로야구는 많이 이겨야 하는 스포츠다. 그런 면에서 1위 경쟁을 하고 있는 삼성 라이온즈가 매력적으로 느껴졌다. 이 팀의 전통과 팬들의 열정에도 끌렸다”라며 “샌디에이고에서 김하성과 함께 뛴 경험이 있어 KBO리그에 대해서도 어느 정도 알고 있다. 라이온즈의 선수들과 많은 걸 나누고 싶다”라고 각오를 다졌다. 선수단의 기대도 당연히 높다. 11일 잠실구장에서 펼쳐진 올스타전에서 만난 사자군단 캡틴 구자욱은 “페덱의 합류로 후반기 기대가 된다”라며 “구단에서 좋은 투수를 영입했다고 들었다. 많은 기대가 된다. 빨리 선수가 팀에 적응하고 녹아들 수 있도록 주장으로서 노력해보겠다”라고 말했다. /backlight@osen.co.kr",https://v.daum.net/v/YEBqvkjJTo
2026.07.13 01:19,삼성 성적 단속할 ‘텍사스 보안관’ 떴다…“우승이 나의 임무”,서울신문,"삼성 라이온즈 새 외국인 투수 크리스 페덱이 올 시즌 삼성의 우승에 일조하겠다는 각오를 드러냈다. 페덱은 12일 구단 유튜브 채널을 통해 팬들에게 자기소개와 함께 시즌 다짐, 인사를 전했다. 페덱은 “삼성에 합류하게 돼서 매우 기쁘고 영광”이라며 “팀이 전반기 1위로 마무리했는데 제가 후반기에도 힘을 보태 팀의 우승 목표를 달성하는 데 작은 힘이라도 되고 싶다”고 밝혔다. 삼성은 올해 대체 외국인 선수로 뛰었던 잭 오러클린과의 정식 계약 대신 페덱을 영입하기로 했다고 11일 전했다. 페덱은 2019년 샌디에이고 파드리스 유니폼을 입고 빅리그에 데뷔했다. 2021년에는 당시 샌디에이고 소속이었던 김하성(애틀랜타 브레이브스)과 한솥밥을 먹기도 했다. 이후 그는 미네소타 트윈스, 디트로이트 타이거스, 마이애미 말린스, 신시내티 레즈, 텍사스 레인저스 등을 거쳐 삼성에 합류했다. 메이저리그 통산 132경기 32승 43패 1세이브 평균자책점 4.83을 기록했고 마이너리그에서는 통산 40경기 13승 7패 평균자책점 1.92의 빼어난 성적을 남겼다. 기록에서 알 수 있듯 커리어 대부분을 메이저리그에서 보낸 선수다. 132경기 중 선발로 나선 경기가 119번인 선발 자원이다. 페덱은 팀에 합류하기 전 한국을 경험했던 선수들로부터 삼성에 대해 들었다며 “이번 합류가 매우 기대된다”고 전했다. 그는 “메이저리그든 한국이든 일본이든 어느 곳에 있든 선수라면 누구나 승리를 열망한다”면서 “현재 삼성의 성적과 팀 분위기를 살펴보니 상위권인 데다 역사도 깊은 팀이더라”고 말했다. 보안관 모자를 쓰고 인터뷰에 응한 그는 “보시는 바와 같이 저는 텍사스 출신이라서 보안관이라는 별명으로 불리기도 한다”면서 “텍사스 카우보이 문화를 대표하는 선수로서 자부심을 갖고 있다”고 소개했다. 그러면서 “팬분들이 정말 열정적이고 분위기도 뜨겁다고 들었다. 그만큼 기대치가 높다는 것을 잘 알고 있고 경기장에서 최선을 다해 팬분들을 기쁘게 하고 우승을 안겨드리는 것이 임무”라고 강조했다. 또한 “저 개인적으로 새로운 도전을 원했고 현재 승리를 향해 달리고 있는 팀에 기여하며 힘을 보태고 싶었다”면서 “앞으로의 몇 달이 정말 기다려진다”는 말로 멋진 활약을 예고했다. 페덱은 지금까지 국내 무대에서 활약했던 외국인 투수들 가운데서도 손꼽힐 만한 거물이다. 최근까지도 메이저리그 선발 마운드의 한 축을 맡고 있었다. 키 196㎝, 몸무게 98㎏의 건장한 체격을 갖춘 데다 아직 30세로 나이도 젊다. 전반기 마지막 시리즈에서 LG 트윈스를 잡아내고 선두에 오른 삼성으로서는 페덱의 영입으로 한층 더 무서운 전력을 갖추게 됐다. 페덱이 아리엘 후라도와 함께 막강한 원투펀치를 구성한다면 삼성으로서도 12년 만의 우승에 한 걸음 더 다가설 수 있을 전망이다. 류재민 기자",https://v.daum.net/v/9jGx7P4qSY
2026.07.13 01:17,"고우석, MLB 두 번째 경기서 첫 홀드",국민일보,"한국인 30번째 빅리거 고우석(미네소타 트윈스)이 미국 메이저리그(MLB) 데뷔 이틀 만에 첫 홀드를 수확했다. 고우석은 12일(한국시간) 미네소타주 미니애폴리스 타깃필드에서 열린 LA 에인절스와의 2026 MLB 홈경기에 5-3으로 앞선 8회 팀의 세 번째 투수로 등판해 1이닝 무실점을 기록했다. 첫 타자 본 그리섬을 우익수 뜬공으로 처리한 고우석은 조 아델에게 볼넷을 내줬다. 이어 웨이드 멕클러 타석에서 2루수 땅볼을 유도해 선행 주자를 잡아냈지만 병살 처리에는 실패했다. 이후 덴저 구스만에 내야 안타를 허용하며 2사 1, 2루 위기를 맞았지만 로건 오하피를 유격수 직선타로 요리하며 실점 없이 이닝을 마쳤다. 총 21개의 공을 뿌린 고우석은 13개를 스트라이크로 꽂으며 안정된 제구를 선보였다. 최고 구속은 시속 155㎞를 찍었다. 9회 등판한 요엔드라이스 고메즈가 세이브를 거두며 고우석은 홀드를 올렸다. 한국인 투수의 MLB 홀드는 2019년 5월 29일 콜로라도 로키스 소속 오승환 이후 2601일 만이다. 고우석은 앞서 10일 클리블랜드 가디언스전에서 MLB 데뷔전을 치렀다. 지난 6일 미네소타로 트레이드된 뒤 26인 로스터에 등록되면서 미국 진출 2년 반 만에 빅리그 무대를 밟은 그는 30번째 한국인 메이저리거가 됐다. 데뷔전에서는 솔로포를 허용해 1이닝 1탈삼진 1실점을 기록했다. 전날 미네소타가 지난해 30경기에서 5홀드 평균자책점 1.99를 기록한 오른손 불펜 투수 토미 낸스를 트레이드로 영입하면서 고우석의 입지가 흔들리는 것 아니냐는 목소리가 나왔다. 고우석은 이날 당당히 필승조 한자리를 차지해 임무를 완수하며 우려를 불식시켰다. 최원준 기자 1jun@kmib.co.kr GoodNews paper ⓒ , 무단전재 및 수집, 재배포 및 AI학습 이용 금지",https://v.daum.net/v/5qhXmGyOCi
2026.07.13 01:16,잠실의 마지막 올스타전… ‘별 중의 별’은 첫 출전 허인서,국민일보,"2026 KBO리그 올스타전이 열린 11일 서울 잠실구장에 2회초 한국판 칼 랄리(시애틀 매리너스)가 등장했다. 미국 메이저리그(MLB)를 대표하는 거포 포수 랄리의 트레이드마크인 콧수염을 붙인 이는 바로 한화 이글스의 신예 안방마님 허인서였다. 최근 잠재력을 꽃피우며 차세대 대형 포수로 떠오른 그를 두고 팬들이 붙인 ‘허랄리’라는 별명을 풀어낸 퍼포먼스였다. 허인서는 생애 첫 올스타전 선발 출전이라는 부담이 무색하게 첫 타석 중전 안타를 시작으로 안타 4개를 몰아쳤다. 전날 홈런더비 예선에서 선두권과 같은 7개의 홈런을 치고도 비거리 규정에 밀려 결선 진출이 무산된 아쉬움을 말끔히 털어냈다. 마지막 타석에서 범타로 물러난 뒤에는 “MVP를 놓친 줄 알았다”며 머리를 감싸 쥘 만큼 간절했던 그는 결국 ‘미스터 올스타’의 영예를 안았다. 허인서의 맹타를 앞세운 나눔 올스타는 드림 올스타를 10대 2로 완파하며 올스타전 5연승을 달렸다. 나눔·드림 구도가 도입된 2015년 이후(2020·2021년 코로나19로 취소) 상대 전적도 6승 4패로 벌렸다. 공교롭게도 이날은 허인서의 생일이었다. 5타수 4안타 1타점 1득점으로 별 중의 별이 된 그는 “최고의 생일 선물이다. 팬들이 ‘허랄리’라는 별명을 부르며 즐겁다면 나도 행복하다”며 “오늘 한화 타자들의 타격감이 좋았는데 후반기에도 이 감각을 이어가겠다”고 소감을 밝혔다. 올 시즌을 끝으로 역사 속으로 사라지는 잠실구장의 마지막 올스타전을 맞아 야구팬들은 마지막 추억을 남기기 위해 경기장을 찾았다. 오후 2시부터 진행된 잠실구장 내야 흙 담기 행사는 5000명의 팬이 몰려 조기 종료됐고, 잠실구장의 역사를 조명한 특별 전시장에도 관람객들의 발길이 끊이지 않았다. 1982년 원년부터 MBC 청룡과 LG 트윈스를 응원해 온 김민석(56)씨는 “어릴 적 아버지 손을 잡고 찾았던 기억이 생생하다”며 “마지막이라는 생각에 꼭 오고 싶었다. 잠실은 한국 야구의 메카이자 내 유년 시절과 청춘이 담긴 공간이다. 수고했다는 말을 전하고 싶다”고 말했다. 잠실구장은 허문 뒤 2032년 돔구장으로 재탄생할 예정이다. 무더위 속에서도 관중석을 가득 메운 2만3750명의 팬들을 위해 선수들은 저마다 개성 넘치는 퍼포먼스를 선보였다. 최다 득표자 양의지(두산 베어스)는 잠옷 차림으로 등장해 그룹 아이오아이의 ‘갑자기’에 맞춰 춤을 췄다. 오스틴 딘(LG 트윈스)은 첫 타석에서 보안관 복장으로 등장하더니 두 번째 타석에선 한복을 입고 ‘잠실 오씨’ 족자를 펼쳐 보였다. 진기록도 쏟아졌다. 최형우(삼성 라이온즈)는 42세 6개월 25일의 나이로 출전해 오승환이 2024년 세운 올스타전 최고령 출전 기록(41세 11개월 21일)을 경신했다. 나눔 올스타는 장단 22안타를 몰아쳐 올스타전 한 경기 최다 안타 기록을 새로 썼다. 양 팀이 기록한 31안타 가운데 홈런은 하나도 없어 역대 5번째 무홈런 올스타전으로 기록됐다. 최원준 기자 1jun@kmib.co.kr GoodNews paper ⓒ , 무단전재 및 수집, 재배포 및 AI학습 이용 금지",https://v.daum.net/v/fTOuypFYvr
2026.07.13 00:48,"""첫 결승전서 우승 행복"" 송진우의 후배들, 4번 없이도 44년만 우승,...",스포츠조선,"세광고가 전통의 강호 경북고를 꺾고 청룡기 첫 우승을 차지했다. 세광고는 12일 목동구장에서 열린 제81회 청룡기 전국고교야구선수권대회 겸 주말리그 왕중왕전(조선일보·스포츠조선·대한야구소프트볼협회 공동 주최) 경북고와의 결승전에서 6대2로 승리하며 1954년 창단 후 처음으로 청룡기 트로피를 품었다. 세광고는 송진우가 활약하던 1982년 황금사자기 첫 우승 이후 무려 44년 만에 전국대회를 제패하는 감격을 누렸다. 세광고는 황동민(3루수)-김우진(유격수)-전영훈(포수)-이상준(우익수)-서정휘(2루수)-이시윤(1루수)-장성욱(지명타자)-이성준(좌익수)-이승기(중견수)로 선발라인업을 꾸렸다. 선발투수는 잠수함 에이스 김동유. 세광고 방진호 감독은 경기 전 ""4번 이홍석이 출전하지 못한다. 준결승전 사구로 (오른손) 엄지 골절을 당해 다음주에 수술을 해야 하는 상황""이라며 ""선수들이 홍석이 마음까지 담아서 열심히 잘 해줄 것으로 믿는다""고 기대했다. 2학년 내야수 이홍석은 이번 대회에서 14타수 7안타(1홈런) 5할 타율을 기록한 타선의 중심이었다. 이에 맞서 경북고는 석지호(2루수)-조채환(중견수)-최우준(유격수)-엄태욱(포수)-이한진(지명타자)-강태현(우익수)-이원혁(3루수)-피지윤(좌익수)-성민승(1루수)으로 선발 라인업을 꾸렸다. 선발투수는 정환희. 경북고 이준호 감독은 경기 전 ""강연우가 전주고와의 8강전 때 102구를 던져 오늘 등판할 수 없다""고 아쉬워 했다. 강연우는 전주고전에 구원 등판, 6이닝 동안 2안타, 4사구 2개 무실점 역투로 3대2 승리를 이끈 바 있다. 경북고는 에이스 없이, 세광고는 4번타자 없이 치른 결승전. 기선 제압은 세광고의 몫이었다. 1회초 1사후 김우진의 볼넷에 이어 청소년 대표 포수 정영훈의 우전안타로 1,2루 찬스를 열었다. 경북고 선발 정환희의 폭투로 2사 2,3루에서 서정휘의 적시타로 선취점을 올렸다. 2루주자도 홈을 노렸지만, 좌익수 피지윤의 빨랫줄 송구로 홈에서 태그아웃. 세광고 타선은 2회초에도 경북고를 거세게 몰아붙였다. 볼넷 3개로 만든 1사 만루에서 바뀐 투수 우주영을 상대로 황동민이 중견수 쪽 희생플라이를 날려 2-0을 만들었다. 이어진 2사 2,3루에서 김우진의 2타점 우전 적시타로 4-0까지 점수 차를 벌렸다. 세광고 선발 김동유에 막혀 무득점으로 끌려가던 경북고는 5회말 반격에 나섰다. 대타 김건록이 몸에 맞는 볼로 출루한 뒤 2루 도루에 이어 조채완의 적시 2루타 때 홈을 밟아 1-4. 최우준이 바뀐 투수 박상민을 상대로 좌전적시타를 날리며 2-4로 추격했다. 하지만 세광고는 4-2로 앞선 9회초 1사 2루에서 이상준의 중전 적시타와 이어진 2사 1,2루에서 터진 대타 황재윤의 적시타로 2점을 보태며 쐐기를 박았다. 세광고 김동유는 선발 4⅓ 이닝 동안 56구(스트라이크 37구)를 던지며 6안타 1사구 2탈삼진 2실점으로 승리의 발판을 마련했다. 두번째 투수 박상민이 나머지 4⅔이닝을 3안타 1볼넷 1탈삼진 무실점의 역투로 승리를 완성했다. 세광고는 고비마다 유격수 김우진과 3루수 황동민, 2루수 서정휘의 탄탄한 내야진이 그물망 수비를 선보이며 경북고 타선의 추격 흐름을 막았다. 경북고 두번째 투수 우주영은 6⅓이닝 동안 3안타 4사구 5개, 4탈삼진 무실점으로 추격의 발판을 마련했지만 타선이 힘을 내지 못했다. 2023년 우승 후 3년 만에 청룡기 제패를 노린 경북고는 준우승에 그치며 청룡기 최다우승 타이 기록(9차례)을 다음으로 미뤘다. 세광고에 44년 만의 전국대회 우승을 안긴 방진호 감독은 ""청룡기 결승전에 처음 올라와서 트로피를 가져갈 수 있다는 사실이 너무나도 기쁘다""며 ""3년 전 초보감독으로 우승에 도전(봉황대기 준우승)할 때 미숙한 점이 많았는데, 그동안 많은 분들이 도와주시고, 아이들도 잘 성장하고 똘똘 뭉쳐 좋은 결과를 가져올 수 있었다""고 벅찬 소감을 밝혔다. 1회 결승타의 주인공인 세광고 2루수 서정휘가 공수주 활약을 앞세워 최우수선수상을 받았다. 서정휘는 ""44년 만에 첫 결승에 올라왔는데 우승까지 할 수 있어서 정말 좋다""며 ""경북고에 워낙 잘하는 선수들이 많아서 점수 차가 있어도 계속 긴장하고 있었다. 오늘이 가장 어려웠던 경기였다""고 말했다. 세광고 박상민이 우수투수상을 받았고, 유격수로 좋은 수비를 펼친 김우진은 수훈상의 주인공이 됐다. 경북고 우주영은 감투상, 결승전에서도 2안타 1타점으로 활약한 경북고 유격수 최우준은 대회 11안타로 최다안타상을 수상했다. 한편, 마산용마고 유격수 노민혁은 타격상(0.643), 타점상(15타점), 도루상(8도루), 홈런상(2홈런) 최다득점상(12득점)을 휩쓸며 대회 5관왕에 올랐다. 정현석 기자 hschung@sportschosun.com ◇제81회 청룡기 전국고교야구선수권대회 겸 주말리그 왕중왕전 수상자 ▶최우수 선수상-서정휘(세광고 2루수) ▶우수투수상-박상민(세광고 투수) ▶감투상-우주영(경북고 투수) ▶수훈상-김우진(세광고 유격수) ▶타격상-노민혁(마산용마고 유격수) 14타수9안타(0.643) ▶타점상-노민혁(마산용마고 유격수) 15타점 ▶도루상-노민혁(마산용마고 유격수) 8개 ▶홈런상-노민혁(마산용마고 유격수) 2개 ▶최다득점상-노민혁(마산용마고 유격수) 12득점 ▶최다안타상-최우준(경북고 유격수) 11안타 ▶감독상-방진호(세광고 감독) ▶지도상-김제명(세광고 부장) ▶공로상-정예용(세광고 교장)",https://v.daum.net/v/pc8wt9B3zr
2026.07.13 00:44,"끈끈한 수비의 힘… 세광고, 청룡을 움켜쥐다",조선일보,"우익수 뜬공으로 27번째 아웃카운트를 잡는 순간, 1루 쪽 더그아웃에 있던 세광고 선수들이 일제히 뛰쳐나갔다. 그라운드에 있던 9명은 자신의 모자와 글러브를 하늘로 던졌다. 선수들은 서로 물을 뿌리고 얼싸안으며 장장 72년을 기다린 청룡기 우승의 기쁨을 만끽했다. 세광고가 12일 서울 목동야구장에서 열린 제81회 청룡기 전국고교야구선수권대회 겸 주말리그 왕중왕전(조선일보·스포츠조선·대한야구소프트볼협회 공동 주최) 결승에서 경북고를 6대2로 이겼다. 1954년 야구부 창단 이후 첫 청룡기 우승이다. 종전 청룡기 최고 성적은 2020년 4강이었고, 전국대회 우승도 한국 프로야구 최다승(210승) 투수 송진우가 활약한 1982년 황금사자기 이후 44년 만이다. 세광고는 경기 초반 짜임새 있는 공격으로 리드를 잡았다. 1회초 김우진의 볼넷과 전영훈의 안타, 상대 투수 폭투로 만든 2사 2·3루에서 5번 타자 서정휘가 좌전 적시타를 날려 선취점을 뽑았다. 2회에는 볼넷 3개로 만든 1사 만루에서 황동민의 희생플라이와 김우진의 2타점 우전 적시타를 묶어 4-0으로 달아났다. 5회 2점을 내주긴 했으나 세광고는 9회 이상준과 대타 황재윤의 적시타로 두 점을 보태 승리를 굳혔다. 마운드에선 2학년생 투수 두 명이 우승의 발판을 놓았다. 오른손 언더핸드 김동유는 선발로 4와 3분의 1이닝을 6피안타 2실점으로 막았다. 5회 1사 후 마운드에 오른 박상민은 9회까지 안타 3개와 볼넷 1개만 내주며 무실점으로 경북고 타선을 틀어막았다. 7회 1사 1·2루 위기를 좌익수 뜬공과 3루수 땅볼로 넘겼고, 8회에도 선두 엄태욱에게 안타를 맞은 뒤 다시 병살타를 끌어냈다. 세광고 내야진은 5회와 8회 각각 병살타를 완성하며 뛰어난 수비로 우승의 밑거름이 됐다. 2학년 유격수 김우진은 이날 여러 차례 고등학생이라고 믿기 어려운 뛰어난 수비를 선보였고, 타석에서도 3타수 2안타 2타점을 올려 수훈상을 차지했다. 1학년 이시윤도 1루수와 3루수를 오가며 호수비를 펼쳤다. 방진호 세광고 감독은 “8강부터는 결국 수비 싸움이라고 생각해 수비 훈련에 집중했다”며 “결승전도 수비 덕분에 여러 차례 위기를 넘겼다”고 말했다. 그는 “처음으로 청룡기를 품에 안아 학교와 동문 전체의 염원을 풀어낸 것 같아 정말 기쁘다”고 덧붙였다. 세광고 3학년 2루수 서정휘는 안정적인 수비는 물론 날카로운 타격으로 대회 최우수선수(MVP)로 뽑혔다. 결승전 선제 타점을 비롯해 이번 대회 5경기에서 모두 안타를 치며 타율 0.529(17타수 9안타), 7타점 7득점, 5도루를 기록했다. 서정휘는 “시즌 초 뭔가 보여줘야 한다는 욕심이 있었는데, 부담감을 떨쳐내자 제가 잘하는 플레이가 나왔다”면서 “목이 터져라 응원해 준 가족과 동문, 친구들에게 정말 고맙다”고 말했다. 이어 “이제 남은 목표는 프로에 지명되는 것”이라며 “프로에서 차근차근 배워 최대한 빨리 1군에 올라가고 싶다”고 했다. 결승전 승리 투수가 된 박상민은 4경기에서 1승, 평균자책점 0.82를 기록하며 우수투수상을 받았다. 박상민은 “내년에도 다시 청룡기 우승을 차지할 수 있도록 잘 준비하겠다”고 말했다.",https://v.daum.net/v/XHJxwWvmHU
2026.07.13 00:17,"'미완의 대기' 롯데 김진욱, 체인지업으로 야구 인생 '체인지업'",이데일리,"[이데일리 스타in 이석무 기자] 롯데자이언츠 왼손 투수 김진욱(24)은 오랫동안 ‘미완의 대기’로 불렸다. 김진욱은 강릉고 2학년이던 2019년 3학년 형들을 제치고 고교 최고 투수에게 주는 ‘최동원상’을 수상했다. 2021년 신인 드래프트에선 전체 1순위로 롯데에 입단했다. 류현진-김광현-양현종의 왼손 에이스 계보를 잇는 기대주로 주목받았다. 하지만 프로 무대는 호락호락하지 않았다. 입단 후 첫 3년 동안 매년 6점대 평균자책점에 머물렀다. 빠른 공과 날카로운 슬라이더를 갖췄지만 제구가 흔들렸다. 스트라이크를 넣지 못해 불리한 볼카운트에 몰렸다. 가운데로 밋밋한 공을 던지다 장타를 허용하는 장면이 반복됐다. 2024년 선발로 가능성을 보였지만 이듬해 다시 부진했다. 특급 유망주라는 수식어는 어느새 롯데의 ‘아픈 손가락’이라는 표현으로 바뀌었다. 김진욱의 야구 인생을 바꾼 공은 체인지업이었다. 체인지업이라는 신무기를 통해 말 그대로 야구 인생도 ‘체인지업(Change up)’ 됐다. 변화는 간절함에서 시작됐다. 김진욱은 2024시즌 마지막 경기를 마친 뒤 ‘대선배’ 류현진을 직접 찾아갔다. 직구와 슬라이더만으로는 프로 타자를 상대하는 데 한계가 있다고 판단해 체인지업의 그립과 원리를 물었다. 김진욱은 “프로에서 단순한 패턴만으로 계속 승부하기는 어렵다고 생각했다”며 “포크볼과 체인지업을 모두 던져봤지만 체인지업을 제대로 연마하고 싶었다”고 했다. 류현진은 무작정 찾아온 김진욱에게 자신의 체인지업 노하우를 알려줬다. 물론 김진욱이 류현진과 똑같은 체인지업을 던질 수는 없었다. 대신 류현진에게 얻은 힌트를 바탕으로 구단 데이터 팀과 함께 자신에게 맞는 공을 찾았다. 과거 롯데에서 뛰었던 댄 스트레일리의 체인지업 자료를 참고했다. 메이저리그 정상급 왼손 투수 타릭 스쿠벌의 투구 영상도 반복해서 살폈다. 그렇게 만든 체인지업은 전형적인 체인지업과 조금 다르다. 투심 패스트볼과 비슷한 그립으로 잡고 슬라이더처럼 팔을 휘두르지만, 공은 슬라이더의 반대 방향으로 떨어진다. 직구, 슬라이더와 팔 스윙이 비슷해 타자는 공이 손을 떠난 뒤에야 구종을 알아차릴 수 있다. 왼손 투수 김진욱의 슬라이더가 오른손 타자의 몸쪽으로 휘어든다면 체인지업은 바깥쪽으로 흘러나간다. 같은 팔 동작에서 슬라이더와 체인지업이 서로 반대 방향으로 움직인다. 타자 입장에선 더 혼란스러워진다. 체인지업을 완벽하게 장착하면서 직구와 슬라이더의 위력까지 함께 올라가다. 투구 동작도 뜯어고쳤다. 김진욱은 비활동 기간 사비를 들여 일본의 야구 트레이닝 센터를 찾았다. 이전에는 공을 최대한 앞으로 끌고 나와 던지는 데 집중했다. 일본 연수를 통해 앞발이 땅에 닿는 순간 몸통을 빠르게 회전하는 방법을 익혔다. 하체의 중심 이동과 상체 회전이 자연스럽게 연결되면서 구속과 제구가 동시에 좋아졌다. 올 시즌 성적이 변화를 증명한다. 김진욱은 전반기 16경기에서 5승 4패, 평균자책점 2.95를 기록했다. 승운이 따르지 않아 승수는 5승에 머물렀지만, 평균자책점 리그 5위, 피안타율 0.239로 4위에 올랐다. 5승도 이미 개인 한 시즌 최다승이다. 무엇보다 볼넷이 줄었다. 김진욱은 76개 삼진을 잡는 동안 볼넷은 27개만 허용했다. 예전처럼 제구가 무너져 스스로 위기를 키우는 일이 줄었다. 김태형 롯데 감독은 전반기 가장 잘한 선수로 김진욱을 꼽았다. 김 감독은 “예전에는 제구가 안 되면서 카운트를 잡으려고 밋밋한 공을 던지는 경우가 많았다”며 “지금은 1~2회 좋지 않은 모습을 보여도 금방 자기 페이스를 찾는다. 경기 운영을 익힌 것 같다”고 했다. 김진욱은 단순히 잘 던지는 투수를 넘어 긴 이닝을 책임지는 에이스로 진화하고 있다. 올 시즌 전반기 94⅔이닝을 던졌다. 팀 내에서 가장 많은 이닝을 책임졌다. 리그 전체로도 7위에 해당한다. 롯데는 2014년 장원준 이후 두 자리 수 선발승을 거둔 국내 왼손 투수를 배출하지 못했다. 김진욱은 12년 동안 끊긴 롯데 좌완 10승 계보에 도전한다. 9월 아이치·나고야 아시안게임에서도 대표팀 마운드의 핵심 역할을 맡을 것으로 기대된다. 김진욱은 자신의 전반기에 100점 만점 중 75점을 줬다. ‘더 잘 할 수 있었는데...’라는 아쉬움이 늘 머릿속에 남아있단다. 그는 “아직 시즌이 끝나지 않았고 팀도 더 높은 곳으로 올라가야 한다”며 “승수는 내가 통제할 수 없는 부분이다. 가장 큰 목표는 많은 이닝을 던지는 것”이라고 담담하게 말했다. 이석무 (sports@edaily.co.kr)",https://v.daum.net/v/UlpXbRQ9mO
2026.07.13 00:08,한국 야구 AG 첫 관문 ‘대만 징크스 넘어라’,강원도민일보,"아시안게임 5연패 도전에 나서는 류지현호가 새로운 라이벌인 대만을 상대로 열전에 돌입한다. 2026 아이치-나고야 아시안게임 조직위원회는 10일(한국 시간) 야구 종목 조 편성과 일정을 발표했다. 발표에 따르면 류지현 감독이 이끄는 한국 야구 국가대표팀은 대만, 홍콩, 태국과 B조에 묶였다. 개최국인 일본과 중국, 필리핀, 팔레스타인은 A조다. 조별리그 형태로 진행되는 본선 라운드에서는 8개 국가가 2개 그룹으로 나눠 경쟁을 펼친다. 한국 야구는 5연패에 도전하는 가운데 류지현호는 우선 본선 라운드 상위 2개 국가가 상대 전적을 안고 펼치는 슈퍼 라운드 진출을 노린다. 이어 슈퍼 라운드 상위 2개 국가에 주어지는 금메달 결정전에서 승리해야만 위업을 완성할 수 있다. 류지현호는 오는 9월 21일 오후 6시 30분에 일본 아이치 오카자키 중앙종합공원 야구장에서 대만과 본선 라운드 개막전을 치른다. 이어 22일 오후 6시 30분에 아이치 도요하시 시민구장에서 홍콩과 2차전, 23일 낮 12시에는 다시 오카자키 중앙종합공원 야구장에서 태국과 최종전에 나선다. 금메달 결정전 진출의 분수령인 슈퍼 라운드가 상위 2개 국가의 상대 전적을 안고 진행되는 만큼 류지현호에게 첫 단추의 중요성은 아주 크다. 특히 본선 라운드 개막전 상대가 최근 급격한 성장세를 보이며 새로운 라이벌로 떠오른 대만인 만큼 반드시 기선 제압을 이뤄야 한다. 실제로 아시안게임에 일본은 실업 선수들로 꾸린 사회인 대표팀을 파견하고 있어 한국 야구의 최대 라이벌은 대만으로 꼽힌다. 한국 야구는 2018년 자카르타-팔렘방 대회와 2022년 항저우 대회 본선 라운드에서 연거푸 대만에 덜미를 잡혀 슈퍼 라운드에서 고난의 행군 끝에 금메달을 차지하며 4연패를 완성한 바 있다. 한편, 이번 대회에서는 ‘강원 전사’ 김건희(키움 히어로즈·포수·원주고 졸업)와 김진욱(롯데 자이언츠·투수·강릉고 졸업), 정준재(SSG 랜더스·내야수·강릉고 졸업)가 태극마크를 달고 힘을 보탠다. 한규빈 기자#야구 #라운드 #한국 #본선 #관문",https://v.daum.net/v/Uo0Y5bztvq
2026.07.13 00:03,홈런 맞고 정신 차렸다,중앙일보,"가까스로 치른 메이저리그 데뷔전에서 홈런 하나를 맞았다. 그러나 아픔도 잠시, 이틀 뒤에는 더 중요한 상황에서 다시 마운드를 밟았다. 결과는 빅리그 1호 홀드. 고우석(28·미네소타 트윈스)에겐 단순한 ‘마수걸이 기록’ 하나 이상의 가치를 남겼다. 고우석은 12일(한국시간) 미국 미네소타주 미니애폴리스 타깃필드에서 열린 LA 에인절스와 홈경기에서 5-3으로 앞선 8회초 세 번째 투수로 등판해 1이닝을 무실점으로 막았다. 볼넷과 안타를 하나씩 내줬지만, 위기를 잠재우고 5-3 승리의 발판을 놓았다. 팀이 이기고 있는 8회에 감독의 선택을 받았다는 점에서 뜻깊다. 이로써 고우석은 미국 진출 후 처음으로 홀드를 수확했다. 지난 10일 메이저리그 데뷔전으로 치른 클리블랜드 가디언스와 홈경기에선 솔로홈런을 맞았지만, 이날은 실점 없이 1이닝을 책임져 역대 30번째 한국인 빅리거로서의 확실한 발자취를 남겼다. 친정팀 LG 트윈스를 떠나 2024년 초 미국으로 건너온 고우석. 샌디에이고 파드리스와 2년 계약해 청운의 꿈을 품었다. 그러나 이후 진로는 순탄치 않았다. 시범경기에서부터 구위 난조를 보였고, 결국 마이너리그를 전전하다가 그해 5월 마이애미 말린스로 트레이드됐다. 마이애미에선 오른손 검지 부상으로 자기 공을 던지지 못해 방출됐다. 이어 어렵사리 디트로이트 타이거스와 계약했지만, 역시 메이저리그로 올라오지 못하다가 최근 미네소타로 이적했다. 이 사이 LG로부터 복귀 제안을 받기도 한 고우석은 뜻을 굽히지 않고 도전을 이어갔다. 그래서 이날 홀드는 앞날을 환하게 밝히는 신호탄과도 같다. 메이저리그 전문가인 송재우 해설위원은 “미네소타는 지난해부터 리빌딩을 시작했다. 젊은 선수들을 위주로 세대교체 작업을 진행하고 있다”면서 “그런 점에서 아직 20대인 고우석에겐 당분간 많은 기회가 주어질 전망이다. 최근 같은 포지션의 토미 낸스가 이적해 왔지만, 경쟁자라기보다는 둘 모두 가능성을 평가받는 시간이라고 보면 된다. 오히려 시너지 효과를 기대해도 좋다”고 설명했다. 아메리칸리그 중부지구 3위인 미네소타는 여전히 포스트시즌 진출 희망을 품고 있다. 공동선두인 시카고 화이트삭스, 클리블랜드와는 3경기 차이로 충분히 뒤집기가 가능하다. 그런데 영 찜찜한 숙제가 하나 있다. 지난해부터 취약점을 드러낸 구원진. 올 시즌 미네소타의 불펜 평균자책점은 5.22로 메이저리그 전체 28위다. 3.05로 1위인 뉴욕 양키스와는 차이가 크다. 주축 선수들이 부상과 부진으로 잇따라 이탈하면서 공백이 커졌다. 며칠 사이 고우석과 낸스를 차례로 영입한 이유다. 송 위원은 “고우석은 데뷔전에선 지고 있는 시점에서 나와 홈런을 허용했지만, 에인절스전에선 리드 상황에서 다시 투입됐다. 미네소타의 믿음을 방증하는 대목이다”고 분석했다. 이어 “고우석의 메이저리그 커리어가 미네소타에서 끝나리라고 보지는 않는다. 지금은 트레이드 마감시한(8월 1일)이 얼마 남지 않아 대다수 구단이 메이저리그 스카우트들을 활용해 모든 경기를 지켜보고 있는 시기다. 고우석도 빅리그 마운드에서 잠재력을 보여준다면 더 좋은 조건이 가능한 곳으로 이적할 수 있다”고 전망했다. 한편 고우석의 처남인 샌프란시스코 자이언츠 외야수 이정후는 콜로라도 로키스와의 홈경기에서 3타수 무안타로 침묵했다. 올 시즌 타율은 0.306으로 떨어졌다. 고봉준 기자",https://v.daum.net/v/qjCJT0tWlJ
2026.07.13 00:03,“준비한 대로 묵묵히 던지려 한다”…지난해 경험 통해 한층 단단해진 NC...,MK스포츠,"“(결과에 연연하지 않고) 준비한 대로 묵묵히 던지려 한다. 후반기에도 목표 생각하면서 지치지 않고 계속 나아갈 것이다.” ‘워리어(Warrior·전사)민’ 전사민(NC 다이노스)이 후반기 공룡군단의 선전을 약속했다. 전사민은 11일 서울 잠실야구장에서 열린 2026 프로야구 KBO 올스타전에 참가했다. 개인 첫 올스타전에 나선 그는 ‘전사’ 분장을 하고 등장해 많은 팬들의 환호를 이끌어냈다. 본 행사가 열리기 전 만난 전사민은 “이번이 첫 올스타전이다. 이런 큰 축제에 나갈 수 있어 너무 영광이다. 큰 행사인 만큼 얼마나 재미있을지 기대가 된다. 그만큼 많이 즐기려 한다”고 밝은 미소를 지었다. 2019년 2차 2라운드 전체 17번으로 NC의 부름을 받은 전사민은 194cm, 85kg의 당당한 체격을 지닌 우완투수다. 통산 146경기(168이닝)에서 9승 13패 9세이브 16홀드 평균자책점 4.93을 올렸다. 특히 지난해 성장세가 가팔랐다. 74경기(82.1이닝)에 나서 7승 7패 2세이브 13홀드 평균자책점 4.26을 찍었다. 이 같은 전사민의 투혼을 앞세운 NC는 막판 9연승이라는 기적의 질주를 펼치며 가을야구 막차를 탈 수 있었다. 올해에도 존재감이 크다. 전반기 38경기(35.2이닝)에 출전해 2승 4패 6세이브 3홀드 평균자책점 4.04를 기록, 핵심 불펜 자원으로 활약했다. 전사민은 “전반기를 잘 마무리 한 것 같다. 큰 문제없이 순탄하게 잘한 것 같다. 준비한 만큼 잘 이뤄졌다. 이제 후반기를 앞두고 있는 만큼 잘 정비해 또 열심히 달려갈 것”이라고 전했다. 이어 “경기 하다 보면 잘 던질 때가 있고, 못 던질 때도 있다. 결과에 크게 연연하지 않으려 한다. 못 던졌을 때도 너무 좌절하지 않는다. 잘 던진 경기는 잘 준비했으니 좋은 결과가 나왔을 거라 생각한다. 제가 준비한 대로 계속 묵묵히 던지려 한다”고 덧붙였다. 이렇듯 마음가짐이 단단해 질 수 있었던 배경에는 지난해 경험이 있었다. 그는 “작년에 데뷔 후 처음으로 타이트한 상황에 많이 나갔다. 그런 경험들 덕분에 모든 면에서 안정된 것 같다. 여유도 생겼다”며 “저는 항상 작년의 나보다 좀 더 좋아지면 된다는 생각을 한다. 작년보다 성장하는 것을 목표로 한다. 얼마나 성장하는지는 중요하지 않다. 일단 성장한다는 자체가 중요하다. 조금이라도 성장할 수 있다면 한 걸음씩이라도 나아갈 것”이라고 두 눈을 반짝였다. 39승 1무 42패를 기록, 전반기를 7위로 마친 NC는 후반기 더 높은 곳을 바라보고 있다. 전사민 또한 여기에 힘을 보탤 태세다. 전사민은 “당연히 올해에도 가을야구 가야한다. 더 나아가 좀 더 높은 순위로 마무리 해야 한다”며 “후반기에도 목표 생각하면서 지치지 않고 계속 나아갈 것”이라고 목소리에 힘을 줬다. [잠실(서울)=이한주 MK스포츠 기자] [ⓒ MK스포츠, 무단전재 및 재배포 금지]",https://v.daum.net/v/zlihHzUZMc
2026.07.13 00:02,[IS 포커스] SSG 돈 받고 울산 뛸 수 있다? 하재훈 이적이 불러온...,일간스포츠,"하재훈(36)의 이적을 계기로 울산 웨일즈 관련 계약을 재정비해야 한다는 목소리가 힘을 얻고 있다. KBO리그 퓨처스(2군)리그 소속 울산은 지난 11일 하재훈 영입을 공식 발표했다. 지난달 30일 원소속팀 SSG 랜더스에서 웨이버로 공시된 하재훈은 7일간의 양도 절차를 거쳐 지난 7일 '자유의 몸'이 됐다. 현행 한국야구위원회(KBO) 규약에 따르면 웨이버로 공시된 선수는 7일 이내 계약을 양도받겠다는 구단이 없으면 자유계약선수로 신분이 변경된다. 다만 이 경우 어느 구단도 그 선수와 당해 연도 선수 계약을 할 수 없다. 하재훈이 울산과 계약할 수 있었던 배경에는 독특한 구단 운영 방식이 자리하고 있다. 올 시즌 2군 전문 시민구단으로 출범한 울산은 KBO 가맹 구단이 아니다. 이 때문에 KBO리그 통일계약서(표준계약서)도 사용하지 않는 것으로 알려졌다. KBO 규약의 적용을 받지 않는 구단인 만큼 선수 계약과 신분에도 일반 KBO 구단과는 다른 기준이 적용된다. 웨이버 공시 이후 다른 구단의 선택을 받지 못한 하재훈이 같은 해 울산 유니폼을 입을 수 있었던 것도, 이 같은 배경 덕분이다. 문제는 이 과정에서 이른바 '이중 계약' 논란이 불거질 수 있다는 점이다. 계약을 양도할 구단을 찾지 못한 SSG는 KBO 규약에 따라 하재훈의 잔여 시즌 연봉을 모두 지급해야 한다. 반면 하재훈은 울산과 별도의 계약을 하고 선수 생활을 이어갈 수 있어 사실상 두 계약 관계가 동시에 유지되는 구조가 만들어진다. 실제로 하재훈은 잔여 시즌인 11월까지를 계약 기간으로 설정해 울산과 계약했다. 만약 하재훈이 후반기 SSG 2군 경기에 출전할 경우, SSG로부터 잔여 연봉을 받으면서도 울산 소속 선수로 그라운드를 누비는 보기 드문 장면이 연출될 수 있다. A 구단 운영팀 관계자는 ""선수로서는 (경기를 계속 뛸 수 있으니) 나쁠 게 없지만 구단 입장에선 아쉬운 부분도 있다. 다른 나라 리그나 연천 미라클 같은 독립구단이면 모를까 KBO 2군 구단 아닌가. 선수를 영입하려면 이적료를 줘야 하는데 그런 상황이 아니다. 정리가 필요한 사안""이라고 말했다. KBO 규약에 따르면 웨이버로 계약이 양도되는 경우 300만원의 이적료가 발생하지만, 하재훈은 이마저도 해당하지 않는다. B 구단 운영팀 관계자는 ""현장의 혼란을 줄이려면 울산 관련 규약을 정리할 필요가 있다""고 전했다. 더욱이 KBO는 현재 '제2의 울산 웨일즈' 창단을 목표로 오는 28일까지 희망 지방자치단체를 대상으로 공모를 진행하고 있다. 울산과 같은 형태의 2군 전문 구단이 추가로 생길 경우, 이번 사례와 같은 계약 구조를 둘러싼 논란이 재연될 수 있다는 지적도 나온다. KBO 관계자는 ""울산은 선수들에게 다시 (뛸 수 있는) 기회를 제공한다는 취지다. 향후 (비슷한 사례가 이어질 수 있는 만큼) 고민해 봐야 할 거 같다""고 말했다. 배중현 기자 bjh1025@edaily.co.kr",https://v.daum.net/v/KIdjsHWIsK
2026.07.13 00:02,"'전반기 1위' 삼성, 감독이 뽑은 수훈갑은 역시 이 선수들…""김재윤-이...",엑스포츠뉴스,"(엑스포츠뉴스 김지수 기자) ""모든 선수가 자기 위치에서 잘해줬지만, 김재윤의 역할이 가장 컸다"" 박진만 감독이 이끄는 삼성 라이온즈는 2026시즌 개막을 앞두고 충분히 우승을 노릴 만한 전력을 갖췄다는 평가를 받았다. '리빙 레전드' 최형우를 10년 만에 다시 데려오면서 10개 구단 최강의 화력을 자랑하는 중심 타선의 위력을 더욱 크게 키웠다. 삼성은 다만 방망이에 비해 마운드 구성, 특히 불펜 필승조는 2026시즌 개막 전 예측에서 좋은 점수를 받지 못했던 게 사실이다. 대신 탄탄한 선발 로테이션과 강력한 타선을 바탕으로 페넌트레이스에서 충분히 원활한 승수 쌓기가 가능할 것으보 보였다. 하지만 역시 '야구 몰라요'라는 격언은 2026시즌 삼성 야구에 그대로 나타났다. 삼성은 지난 9일 전반기 최종전에서 LG를 6-5로 제압, 올스타 휴식기를 1위로 돌입했지만, 이 성과는 불펜 필승조가 분전한 지분이 가장 컸다. 삼성은 올해 팀 평균자책점은 4.11로 2위, 불펜 팀 평균자책점은 3.78로 1위다. 중간계투가 불안할 것이라는 예측을 비웃듯 삼성의 2026시즌 전반기를 지탱해 준 건 불펜이었다. 삼성이 올 시즌 초반 주축 야수들의 연쇄 부상 이탈 여파 악재 속에서도 선두권에 꾸준히 머무를 수 있었던 건 불펜 필승조가 든든하게 게임 후반을 책임져 준 덕분이었다. 박진만 감독도 올 시즌 전반기 중 수차례 ""삼성이 타격의 팀이라고들 예상했는데 우리 팀은 올해 투수력의 팀 같다""고 웃은 뒤 ""주전 타자들의 사이클이 좋지 않을 때 투수들이 잘 막아줘 고비를 넘긴 적이 많았다""고 치켜세웠다. 박진만 감독이 꼽은 2026시즌 전반기 수훈갑은 좌완 이승민과 우완 김재윤이다. 이승민은 42경기 39⅓이닝 4승무패 13홀드, 평균자책점 1.83으로 리그 정상급 좌완 불펜 요원으로 거듭났다. 마무리 김재윤도 40경기 37⅔이닝 4승3패 22세이브 평균자책점 2.87로 든든히 9회를 지켜줬다. 피안타율 0.154, 이닝당 출루허용률(WHIP) 1.01 등 세부지표도 훌륭하다. 세 차례 블론 세이브가 옥에 티지만, 김재윤이 있어 웃었던 날이 훨씬 많았다. 리그 세이브 부문 1위를 달리면서 커리어 첫 구원왕에 도전 중이다. 박진만 감독은 올스타 브레이크 직전 ""불펜 쪽에서는 이승민, 김재윤이 전반기 내내 풀타임으로 뛰어줬다. 다들 고생을 많이 했지만, 이승민과 김재윤이 특히 제일 고맙다""고 강조했다. 또 ""우리가 최근 몇 년 동안 게임 후반 어려움을 많이 겪었는데 김재윤이 마무리로 딱 자리를 잡아준 뒤 이겨야 할 게임을 확실하게 막아줘서 지금까지 왔다. 전반기에는 김재윤의 역할이 제일 컸지 않았나 생각한다""고 강조했다. 삼성은 이승민, 김재윤 외에도 2년차 좌완 파이어볼러 배찬승과 수술과 재활을 거쳐 올 시즌 복귀한 최지광, 베테랑 우완 김태훈을 비롯해 롱릴리프 역할을 훌륭하게 수행 중인 사이드암 임기영까지 신구조화까지 이뤄지고 있다. 2011~2014시즌 통합 4연패의 역사를 썼던 '왕조' 시절에는 미치지 못하지만, 적어도 우승에 도전할 수 있는 탄탄함을 갖췄다. 사진=엑스포츠뉴스 DB 김지수 기자 jisoo@xportsnews.com",https://v.daum.net/v/HiWCG7pXXz
2026.07.13 00:02,‘왕조건설’ 꿈꾸는 LG…더 강해져야 한다 [김대호의 야구생각],더팩트,"전반기 승차 없이 삼성에 뒤진 2위 주전 부상과 부진 악재 속에 선전 KS 2연패와 '왕조' 위해선 더 강해져야 [더팩트 | 김대호 전문기자] 프로야구 LG 트윈스가 2026시즌 전반기를 2위로 마쳤다. 삼성 라이온즈에 승차 없이 승률에서 밀렸다. 우승 후보 1순위 다운 당연한 성적으로 보이지만 꼼꼼히 들여다보면 기적에 가깝다. 주전들의 연이은 부상과 부진으로 너덜너덜 만신창이가 된 상태에서 거둔 놀라운 성적이다. 팀 타율 5위(.272), 팀 평균자책점 5위(4.49)의 평범한 팀이 시즌 내내 선두권을 유지할 수 있었던 건 탄탄한 내-외야 수비력 그리고 끈질긴 팀 결속력 때문이다. 그렇다면 후반기에도 조직력 하나로 이 순위를 지킬 수 있을까. 어림없는 얘기다. 염경엽 LG 감독은 시즌 전 ""부임 이래 가장 탄탄한 전력을 구축했다. 이번 시즌은 지난 3년간 준비해 온 결과물이 될 것""이라면서 우승을 자신했다. 2025시즌 우승은 한화 이글스가 갖다 바친 것이나 마찬가지였다. 염 감독도 이 점을 알고 있다. 2026시즌은 아무도 토를 달지 못하는 완벽한 우승을 꿈꿨다. 훗날 이 시기를 ‘왕조’로 불리길 원했다. 하지만 현실은 바라는 대로만 흘러가지 않는다. 토종 에이스 손주영이 시즌 들어가기도 전에 부상으로 이탈하면서 비상등이 켜졌다. 5월 들어 마무리 유영찬이 팔꿈치 부상으로 시즌 아웃 판정을 받았다. 월드베이스볼클래식(WBC)의 히어로 문보경은 발목 부상으로 한 달 넘게 모습을 감췄고 팀 타선의 보석 같은 존재 문성주도 부상으로 빠졌다. 믿었던 요니 치리노스와 송승기가 부진하면서 선발진에도 균열이 생겼다. 부상에서 복귀한 손주영을 마무리로 급조했다. 활용도가 모호한 장현식을 선발로 돌렸다. 크게 기대하지 않았던 아시아쿼터 라클란 웰스가 선발 로테이션을 꾸준히 지켜줬다. 만년 백업 요원 송찬의와 문정빈이 울분의 방망이를 토했다. 지난해 신민재와 구본혁처럼. 결정적인 순간 똘똘 뭉쳐 승리를 지켰다. LG가 2026시즌 전반기를 지나온 과정이다. 주전 라인업 가운데 제 몫을 한 선수는 오스틴 딘과 박해민 정도다. 오지환(타율 .252) 문보경(.254) 홍창기(.259) 신민재(.248) 박동원(.240)이 모두 평균 이하로 부진했다. 이들 가운데 3명은 터져줘야 리그 1위 나아가 한국시리즈 2연패를 기대할 수 있다. 그나마 전반기 막판 살아날 조짐을 보인 게 위안이다. 오지환이 전반기 마지막 3경기에서 10타수 5안타 타율 .500로 상승세를 탔다. 신민재도 7월 들어 .467(15타수 7안타), 홍창기는 .444(18타수 8안타)로 반등 기미를 보였다. 불펜에 과부하가 걸리지 않은 건 장기 레이스에서 최대 강점이다. 염경엽 감독은 순발력이 뛰어나다. 팀 상황을 냉철하게 분석해 위기에서 탈출한다. 염 감독의 목표는 월별 ‘+5’의 승패 마진이다. 어려운 팀 여건에서도 4월 17승 7패, 5월 16승 10패, 6월 15승 10패로 기준치를 넘어섰다. 특히 5월 중순 투-타 균형이 깨지면서 22일 3위로 떨어졌지만 금세 전열을 정비해 차고 올라갔다. LG의 저력이 발휘된 시점이었다. 7월 들어 4승 3패로 주춤한 상태다. 힘겹지만 꾸준하게 맨 윗자리를 지키고 있는 LG다. 그들이 원하는 목표를 달성하기 위해선 더 강해져야 한다. daeho9022@tf.co.kr 발로 뛰는 더팩트는 24시간 여러분의 제보를 기다립니다. ▶카카오톡: '더팩트제보' 검색 ▶이메일: jebo@tf.co.kr ▶뉴스 홈페이지: http://talk.tf.co.kr/bbs/report/write",https://v.daum.net/v/7EcCG7pXjV
