2026.07.11 23:51,"1년 전엔 퓨처스 별, 올해는 별 중의 별…허인서의 '인생 생일'",이데일리,"[이데일리 스타in 이석무 기자] 1년 전 생일에는 퓨처스 올스타전에서 미래를 기약했다. 올해 생일에는 명실상부 프로야구 최고의 별이 됐다. 한화이글스 포수 허인서(23)가 잠실야구장에서 열린 마지막 올스타전에서 ‘미스터 올스타’에 선정됐다. 허인서는 11일 잠실구장에서 열린 2026 신한 SOL KBO 올스타전에서 나눔 올스타의 8번 타자 포수로 선발 출전해 5타수 4안타 1타점 1득점을 기록, 팀의 10-2 완승을 이끌었다. 기자단 투표 26표 가운데 13표를 받아 같은 한화 소속 문현빈(10표)을 3표 차로 제쳤다. 2003년 7월 11일생인 허인서는 이날 23번째 생일을 맞았다. 생애 첫 올스타전 출전과 MVP 수상이 한꺼번에 찾아온 셈이다. 그는 “미스터 올스타는 머릿속에도 없었다. 내 이름이 불리는 순간 정말 기뻤다”면서 “생일 선물을 받은 기분이다. 인생 최고의 생일로 기억될 것 같다”고 말했다. 허인서는 첫 타석부터 안타를 때렸고 4회와 6회에도 잇따라 안타를 보탰다. 6회에는 적시타로 타점까지 올렸다. 7회 네 번째 안타를 기록하며 MVP 경쟁에서 앞서갔지만, 문현빈도 8회 3루타를 터뜨려 나란히 4안타로 경기를 마쳤다. 허인서는 “현빈이가 3루타를 쳤을 때 ‘역시 될 놈은 된다’고 생각했다”며 “현빈이는 마지막 수비 실책 때문에 자신이 MVP를 못 받은 것 같다고 하더라. 맞는 것 같기도 하다”고 웃었다. 문현빈은 우수 타자상을 받았다. MVP 상금 2000만원은 부모님께 모두 드릴 계획이다. 허인서는 “일단 전부 드린 뒤 나에게 주고 싶은 만큼 다시 달라고 하겠다”며 “어차피 용돈을 받아 생활한다. 이번 기회에 부모님의 마음을 확인해 보겠다”고 했다. 동료들에게는 커피를 돌리겠다고 약속했다. 허인서는 올 시즌 한화의 주전 포수로 도약했다. 전반기 73경기에서 타율 0.292, 12홈런, 45타점을 기록하며 신인상은 물론 포수 골든글러브 후보로도 거론되고 있다. 10년 넘게 이어진 양의지와 강민호 중심의 포수 구도에 도전장을 내민 신예다. 허인서는 “양의지, 강민호 선배는 워낙 훌륭한 포수라 뒤를 잇는다는 말조차 과분하다”며 “타격뿐 아니라 포수로서 더 성장하겠다. 특히 도루 저지율이 낮은 원인을 연구해 보완하겠다”고 말했다. 한화는 허인서를 비롯해 문현빈, 이도윤, 강백호 등이 올스타전에서 맹타를 휘둘렀다. 허인서는 “한화 타자들의 타격감이 모두 좋아 보였다”며 “이 흐름을 후반기까지 이어가 팀이 더 높은 곳으로 올라가는 데 힘을 보태겠다”고 다짐했다. 이석무 (sports@edaily.co.kr)",https://v.daum.net/v/V3onjnd8sa
2026.07.11 23:45,"잠실의 마지막 올스타전, 한화의 젊은 별이 삼켰다",이데일리,"[이데일리 스타in 이석무 기자] 프로야구의 추억이 켜켜이 쌓인 잠실야구장에서 열린 마지막 올스타전. 주역은 한화이글스의 ‘젊은 별’ 허인서였다. 나눔 올스타(LG·한화·NC·KIA·키움)는 11일 서울 잠실야구장에서 열린 2026 신한 SOL뱅크 KBO 올스타전에서 드림 올스타(SSG·삼성·KT·롯데·두산)를 10-2로 완파했다. 나눔은 코로나 사태로 2020년과 2021년 대회가 열리지 않은 뒤 재개된 2022년부터 5년 연속 승리했다. 1987~1991년과 2004~2008년 동군이 세웠던 올스타전 최다 연승 기록과 어깨를 나란히 했다. 2015년 나눔·드림 체제가 출범한 뒤 상대 전적에서도 나눔이 6승4패로 앞섰다. 승리의 중심에는 한화 선수들이 있었다. 허인서와 문현빈이 나란히 5타수 4안타 1타점으로 맹타를 휘둘렀다. 이도윤은 결승타를 포함해 4타수 3안타 3타점을 올렸다. 세 선수가 합작한 안타만 11개였다. 생애 처음 올스타 무대를 밟은 허인서는 기자단 투표 26표 중 13표를 얻어 문현빈(10표)을 제치고 ‘미스터 올스타’에 선정됐다. 마침 이날은 허인서의 23번째 생일이었다. 허인서는 상금 2000만원과 1400만원 상당의 안마의자를 받았다. 올 시즌 연봉이 3600만원인 허인서는 한 경기로 연봉의 절반이 넘는 상금을 거머쥐었다. 선취점은 드림이 냈다. 3회말 박찬호의 2루타와 최원준의 볼넷으로 만든 2사 1·3루에서 허경민이 중전 적시타를 터뜨렸다. 나눔은 4회초 바로 경기를 뒤집었다. 오스틴 딘과 문현빈의 연속 안타로 만든 무사 1·3루에서 김주원의 희생플라이로 동점을 만들었고, 2사 후 이도윤의 적시타로 2-1 역전에 성공했다. 승부는 6회초 갈렸다. 문현빈부터 김주원, 허인서, 송찬의, 이도윤까지 5타자가 연속 안타를 몰아쳤다. 강백호의 희생플라이와 한준수의 적시타까지 더해 점수는 순식간에 7-1로 벌어졌다. 나눔은 8회에도 한준수의 2루타와 문현빈의 3루타, 구본혁의 적시타로 3점을 보탰다. 나눔은 이날 장단 22안타를 터뜨려 2017년 드림이 기록한 19안타를 넘어 올스타전 한 경기 팀 최다 안타 신기록을 세웠다. 올스타전 특유의 퍼포먼스 경쟁도 뜨거웠다. 양의지는 잠옷과 베개를 들고 등장했고, 오스틴은 텍사스 보안관과 한복 차림의 ‘잠실 오씨’로 두 차례 변신했다. 특히 이날 최고는 황성빈이었다. 황성빈은 강아지 분장을 한 채 김태형 롯데 감독에게 목줄을 맡겼다. 김 감독이 개껌을 던지자 경기장에는 ‘후 렛 더 도그스 아웃’이 울려 퍼졌다. 황성빈은 2024년에 이어 다시 베스트 퍼포먼스상을 받았다. 수비에서는 두산의 박준순과 박찬호가 빛났다. 박준순은 5회 강백호의 강한 땅볼을 잡아 글러브 토스로 박찬호에게 전달했고, 박찬호가 1루에 강하게 송구해 타자를 잡아냈다. 박준순은 우수 수비상을 받았다. 최형우는 42세6개월25일의 나이로 출전해 오승환이 갖고 있던 종전 올스타전 최고령 출전 기록을 경신했다. 우수 타자상은 문현빈, 우수 투수상은 류현진, 승리 감독상은 염경엽 LG 감독에게 돌아갔다. 이날 잠실야구장은 폭염 속에서도 2만3750석이 모두 팔렸다. 올스타전 통산 25번째이자 2022년 이후 5년 연속 매진이었다. 시구에는 잠실을 대표했던 김용수-김동수와 박철순-김경문 배터리가 나서 마지막 별들의 축제를 열었다. 1982년 문을 연 잠실야구장은 올 시즌을 끝으로 철거된다. LG와 두산은 내년부터 서울올림픽주경기장을 임시 홈구장으로 사용한 뒤 2032년 개장할 새 돔구장으로 옮긴다. 이석무 (sports@edaily.co.kr)",https://v.daum.net/v/GqhoHvhDrW
2026.07.11 23:39,마지막 잠실 올스타전서…미스터 올스타는 한화 허인서,이데일리,"[이데일리 스타in 주미희 기자] 차세대 거포 포수 허인서(한화)가 ‘별들의 축제’ 주인공이 됐다. 전반기 두 자릿수 홈런을 때려내며 생애 첫 올스타전에 초대받은 허인서는 ‘미스터 올스타’ 타이틀까지 거머쥐었다. 나눔 올스타(KIA·LG·키움·한화·NC)는 11일 서울 잠실야구장에서 열린 ‘2026 신한 SOL KBO리그 올스타전’에서 드림 올스타(두산·롯데·삼성·SSG·KT)를 10-2로 완파했다. 나눔 올스타는 이날 22안타를 몰아치며 지난 2017년 드림 올스타가 기록한 기존 단일 팀 최다 안타 기록(19안타)을 경신했다. 이번 승리로 나눔 올스타는 2022년부터 5연승을 달렸으며, 나눔-드림 체제로 개편된 2015년 이후 상대 전적에서 6승 4패로 우세를 이어갔다. 나눔 올스타에게는 우승 상금 3000만 원이 주어졌다. 이날 경기는 양 팀 도합 31개의 안타(나눔 22개, 드림 9개)가 쏟아져 역대 올스타전 통산 최다 안타 2위(1위 2017년 32개) 기록을 남겼다. 반면 두 팀 통틀어 홈런은 단 한 개도 나오지 않아, 올스타전 역대 5번째 무홈런 경기로 기록됐다. 나눔 올스타의 한화 이글스 소속 타자들이 공격을 주도했다. 허인서가 5타수 4안타 1타점, 문현빈이 5타수 4안타 3타점으로 맹타를 휘둘렀고, 이도윤도 4타수 3안타 1타점을 보탰다. 나눔 올스타는 2-1로 앞선 6회초 문현빈을 시작으로 타선이 한 바퀴 돌며 안타 7개를 집중시켜 5점을 뽑아냈고, 8회초 3점을 더하며 승부를 굳혔다. 올스타전 최우수선수(MVP)인 ‘미스터 올스타’의 영예는 허인서에게 돌아갔다. 허인서는 2회와 4회 안타로 기회를 열었고, 6회 무사 1, 2루에서는 1타점 적시타를 터뜨리며 활약했다. MVP로 선정된 허인서는 상금 2000만 원과 안마의자를 부상으로 받았다. 경기 후 허인서는 “현빈이와 서로 누가 상을 받을지 이야기를 나누기도 했다. 현빈이가 받았어도 기분 좋았을 것”이라며 “상금은 우선 부모님께 모두 드린 뒤 부모님의 뜻에 따르겠다”고 소감을 밝혔다. 기타 시상에서는 4안타를 기록한 문현빈이 우수 타자상을 받았고, 1이닝을 공 9개로 무실점 처리한 류현진(한화)이 우수 투수상을 수상했다. 우수 수비상은 2루수 박준순(두산)에게 돌아갔다. 수상자들에게는 각각 300만 원의 상금이 수여됐다. 향후 리모델링을 앞둔 잠실야구장에서의 마지막 올스타전으로 치러진 이날 경기는 2만 3750석의 좌석이 매진되며 5년 연속 올스타전 매진 기록을 이어갔다. KBO 리그는 전반기 흥행세에 힘입어 지난 시즌에 이어 2년 연속 연간 1200만 관중 돌파 가능성을 높였다. 주미희 (joomh@edaily.co.kr)",https://v.daum.net/v/KoieDNoMsu
2026.07.11 23:32,허인서가 빛난 마지막 잠실 올스타전…나눔 올스타 5연승 완성,포모스,"잠실구장에서 열린 마지막 KBO 올스타전은 화려한 퍼포먼스와 기록, 그리고 팬들의 뜨거운 응원 속에서 막을 내렸다. 나눔 올스타는 폭발적인 타격을 앞세워 드림 올스타를 완파했고, 한화 허인서는 생애 첫 올스타전 MVP를 차지하며 최고의 밤을 만들었다. 11일 서울 잠실구장에서 열린 2026 KBO 올스타전에서 나눔 올스타는 드림 올스타를 10-2로 꺾었다. 이로써 나눔 올스타는 2022년부터 이어진 올스타전 연승 행진을 5경기로 늘리며 역대 최다 연승 타이기록을 세웠다. 승리의 중심에는 허인서가 있었다. 5타수 4안타 1타점 1득점의 맹활약을 펼친 그는 기자단 투표에서 가장 많은 표를 받아 생애 첫 미스터 올스타에 선정됐다. 허인서는 상금 2천만 원과 안마의자를 부상으로 받으며 잊지 못할 올스타전을 완성했다. 경기 흐름은 중반부터 나눔 올스타가 완전히 가져갔다. 3회 선취점을 내준 뒤 4회 역전에 성공했고, 6회에는 연속 안타를 앞세워 대거 득점하며 승부를 갈랐다. 8회에도 추가점을 쌓으며 점수 차를 더욱 벌렸다. 나눔 올스타는 이날 무려 22개의 안타를 기록하며 올스타전 한 경기 최다 팀 안타 신기록도 세웠다. 이전 기록을 넘어서는 화끈한 공격력으로 팬들에게 시원한 타격쇼를 선사했다. 이번 올스타전은 올 시즌을 끝으로 철거되는 잠실구장에서 열리는 마지막 축제라는 점에서도 의미가 남달랐다. 2만3천750석이 모두 매진되며 5년 연속 매진 기록이 이어졌고, 팬들은 마지막 잠실 올스타전을 함께하며 특별한 추억을 만들었다. 시구 행사도 역사적인 의미를 담았다. LG 레전드 김용수와 김동수, 두산의 전설 박철순과 김경문 감독이 시구와 시포를 맡아 잠실구장의 오랜 역사를 기념했다. 선수들은 다양한 퍼포먼스로 분위기를 더욱 뜨겁게 달궜다. 양의지는 잠옷 차림으로 등장해 관중을 웃게 했고, 오스틴은 보안관 복장과 한복을 차례로 선보이며 팬들의 환호를 이끌었다. 황성빈은 강아지 분장과 김태형 감독의 연출이 더해진 퍼포먼스로 다시 한번 베스트 퍼포먼스상의 주인공이 됐다. 그라운드에서는 화려한 수비도 나왔다. 두산 박준순과 박찬호는 절묘한 글러브 토스와 송구로 메이저리그를 연상시키는 병살 플레이를 완성하며 박수를 받았다. 삼성 최형우는 42세 6개월 25일의 나이로 올스타전 최고령 출전 기록도 새롭게 작성했다. 개인 시상에서는 우수 타자상에 문현빈, 우수 투수상에 류현진, 우수 수비상에 박준순이 선정됐고, 승리 감독상은 염경엽 감독이 받았다. 베스트 퍼포먼스상은 황성빈에게 돌아갔다. 44년 동안 수많은 명승부와 추억을 남긴 잠실구장의 마지막 올스타전은 기록과 웃음, 감동이 어우러진 축제로 마무리됐다. KBO리그는 짧은 올스타 휴식기를 마친 뒤 오는 16일부터 후반기 레이스를 다시 시작한다. 사진 = 연합뉴스 최대영 rokmc117@fomos.co.kr",https://v.daum.net/v/3XYHtGyOLZ
2026.07.11 23:30,"잠실 흙 한 줌에 담긴 44년…마지막 올스타전, 팬들은 추억을 챙겼다",포모스,"올해를 끝으로 철거되는 잠실야구장에서 마지막 KBO 올스타전이 열렸다. 경기장을 찾은 팬들은 뜨거운 햇볕 아래 긴 줄을 서면서도 잠실의 흙을 병에 담고, 전설적인 선수들의 유니폼 앞에서 사진을 남기며 오랜 추억과 작별했다. 11일 서울 잠실종합운동장 인근에 마련된 팬 페스트존에서는 실제 잠실구장 내야에 사용된 흙을 작은 공병에 담아주는 행사가 진행됐다. 잠실구장과 이곳에서 열린 마지막 올스타전을 기억할 수 있도록 준비된 특별한 기념품이었다. 기온이 32도에 가까운 무더운 날씨에도 팬들의 발길은 끊이지 않았다. 일부 관람객은 한 시간 반 넘게 기다렸고, 이틀 동안 선착순으로 제공하기 위해 준비한 공병 5천개는 모두 소진됐다. 부스도 예정된 시간보다 일찍 운영을 마쳐야 했다. 중학생 시절 부모님과 처음 잠실구장을 찾았다는 한 LG 팬은 경기장에 드리우던 노을과 가족의 추억을 더는 같은 모습으로 볼 수 없다는 점이 가장 아쉽다고 말했다. 다만 새로운 돔구장으로 다시 태어날 잠실을 기대하며 아쉬움을 달래겠다는 마음도 전했다. 이날 마지막 잠실 올스타전을 보기 위해 2만3천750명의 관중이 경기장을 찾았다. 팬들은 별도 전시 공간에서 44년 동안 이어진 잠실구장의 역사를 돌아봤다. 잠실에서는 90차례 한국시리즈 경기가 열렸고, 25번의 우승팀이 탄생했다. 한국 야구를 대표했던 전설들의 흔적도 한자리에 모였다. 1982년 세계야구선수권대회 일본전에서 극적인 홈런을 터뜨린 한대화, 잠실에서 영구결번식을 치른 박철순, 프로야구 원년 4할 타율을 기록한 백인천의 유니폼이 전시됐다. 팬들은 유니폼 앞에서 기념사진을 찍으며 자신만의 야구 기억을 되새겼다. 43년째 두산을 응원해온 한 팬은 어린이 회원으로 잠실을 드나들던 시절부터 지금까지 한 팀을 지켜봤다며, 아들이 구해준 입장권 덕분에 마지막 올스타전을 현장에서 볼 수 있게 됐다고 밝혔다. 가장 기억에 남는 순간으로는 지난해 김재호의 은퇴 경기에서 나온 두산의 극적인 역전승을 꼽았다. 그라운드에서도 마지막 잠실 올스타전을 기념하는 장면이 이어졌다. ‘잠실 아이돌’로 불리는 정수빈은 3회 타석에 들어서기 전 화려한 분장과 함께 등장해 두산 마스코트 철웅이와 춤을 선보였다. 관중들도 팔을 흔들며 동작을 따라 했고, 잠실구장은 웃음과 환호로 가득 찼다. 정수빈에게 잠실은 처음 프로야구 그라운드를 밟았던 공간이자 선수 생활의 대부분이 쌓인 무대다. 그는 유쾌한 퍼포먼스로 마지막 올스타전의 아쉬움을 달래며 팬들과 또 하나의 추억을 만들었다. 잠실구장은 사라지지만 그곳에서 쌓인 기억까지 없어지는 것은 아니다. 팬들이 공병에 담아간 흙과 사진, 선수들의 마지막 퍼포먼스는 44년 역사를 이어온 잠실야구장을 오래 기억하게 할 새로운 기록으로 남게 됐다. 사진 = 연합뉴스, 두산 베어스 제공, 티빙 중계화면 캡처 최대영 rokmc117@fomos.co.kr",https://v.daum.net/v/WsNLjnd8Mw
2026.07.11 23:26,홈런왕도 흔들렸다! 김도영 “홈런더비 망치고 야구 그만두고 싶었다”,포모스,"KIA 타이거즈 김도영이 올스타 홈런더비에서 예상 밖의 부진을 겪은 뒤 유쾌한 입담으로 현장을 웃음바다로 만들었다. 전반기 27홈런으로 리그 공동 선두를 달렸지만, 홈런더비에서는 단 2개에 그치며 예선에서 탈락했다. 11일 서울 잠실구장에서 열리는 KBO 올스타전에 참가한 김도영은 전날 홈런더비를 떠올리며 “망치고 나니 야구를 안 하고 싶었다. 그냥 그만둬야겠다는 말을 계속했다”고 말해 주변의 폭소를 자아냈다. 배팅볼 투수로 나선 두산 박찬호에 대해서는 전혀 책임이 없다며 자신이 제대로 치지 못했다고 설명했다. 기대에 부응하지 못해 미안하다고 말하면서도 특유의 여유로운 표정으로 분위기를 풀었다. 같은 팀 선배 한준수가 강백호의 배팅볼 투수로 나서 우승을 도운 장면도 화제가 됐다. 김도영은 한준수에게 부탁하는 것이 더 나은 선택이었을 수 있다고 인정하면서도, 팀의 중요한 포수를 올스타전에서까지 힘들게 하면 KIA에 손해라며 재치 있게 받아쳤다. 홈런더비를 통해 얻은 교훈도 분명했다. 홈런을 의식할수록 힘이 들어가고 타격 자세가 흐트러졌다며 후반기에는 장타 욕심보다 출루에 집중하겠다고 밝혔다. 전반기 홈런 공동 선두라는 성과에도 기록에 얽매이지 않고 자신만의 타격을 되찾겠다는 뜻이다. 팬들을 향한 감사도 잊지 않았다. 김도영은 한 중학생 팬이 선물한 맞춤형 신발을 홈런더비에서 착용했고 올스타전에서도 다시 신을 예정이다. 수줍게 응원 편지를 건네는 모습을 볼 때마다 더 열심히 해야겠다는 책임감을 느낀다고 전했다. 올 시즌을 끝으로 철거되는 잠실구장과의 특별한 추억도 공개했다. 신인 시절 유니폼을 챙기지 못해 관중석에 있던 팬에게 유니폼을 빌려 입고 경기에 나섰고, 이후 광주에서 다시 만난 그 팬에게 사인을 해준 기억이 남아 있다고 돌아봤다. 홈런더비에서는 아쉬움을 남겼지만, 김도영은 팬들과 웃음을 나누며 올스타전의 의미를 다시 확인했다. 후반기에는 홈런 숫자보다 꾸준한 출루와 팀 승리에 집중하겠다는 각오다. 사진 = 연합뉴스 최대영 rokmc117@fomos.co.kr",https://v.daum.net/v/1KtctGyOeu
2026.07.11 23:23,'허인서 미스터 올스타·문현빈 우수타자상·류현진 우수투수상' 한화 올스타...,더게이트,"[더게이트] 리그 최고 스타들의 축제라기엔 다소 민망하게도 일방적인 경기가 펼쳐졌다. 타선이 대폭발한 나눔 올스타가 드림 올스타 마운드를 사정없이 두들기며 5년 연속 올스타전 승리를 가져갔다. LG 트윈스·한화 이글스·NC 다이노스·KIA 타이거즈·키움 히어로즈 선수들로 구성된 나눔 올스타는 11일 서울 잠실야구장에서 열린 '2026 신한 SOL KBO 올스타전'에서 SSG 랜더스·삼성 라이온즈·KT 위즈·롯데 자이언츠·두산 베어스로 구성된 드림 올스타를 10대 2로 대파했다. 이날 경기는 프로야구의 수많은 역사를 함께한 잠실구장에서 열리는 14번째이자 마지막 올스타전이었다. 마지막 잠실 올스타전의 의미를 되새기며 LG와 두산의 전설들이 경기 시작을 알렸다. LG에서는 김용수-김동수 배터리가, 두산에서는 박철순-김경문 배터리가 나란히 시구와 시포를 맡았다. 22안타 신기록, 한화 타자들이 앞장섰다 나눔 올스타는 이날 22안타를 몰아치며 역대 올스타전 한 경기 팀 최다 안타 기록을 새로 썼다. 종전 기록은 2017년 드림이 작성한 19안타. 특히 허인서와 문현빈이 나란히 5타수 4안타 1타점을 기록했고, 이도윤도 4타수 3안타 3타점으로 가세해 한화 소속 세 선수가 합작한 안타만 11개로 팀 전체 안타의 절반을 차지했다. 마운드에서는 선발 애덤 올러(KIA)를 시작으로 류현진(한화), 안우진·박준현·카나쿠보 유토(이상 키움), 전사민·류진욱(이상 NC), 우강훈(LG), 정해영·성영탁(이상 KIA)까지 10명의 투수가 9이닝을 나눠 던졌다. 3회 1점을 내준 안우진과 9회 1점을 빼앗긴 성영탁을 제외한 나머지 투수 8명은 무실점. 정규시즌 주로 최재훈과 호흡을 맞춘 류현진은 이날 허인서와 호흡을 맞춰 호투했다. 먼저 앞서 나간 쪽은 드림 올스타였다. 드림은 3회말 박찬호(두산)의 2루타와 최원준(KT)의 볼넷, 구자욱(삼성)의 진루타로 만든 2사 1, 3루에서 허경민(KT)이 중전 안타로 선취점을 냈다. 나눔도 4회초 곧바로 반격했다. 오스틴 딘(LG)과 문현빈의 연속 안타로 만든 무사 1, 3루에서 김주원(NC)의 희생플라이로 동점을 만들었고, 이도윤의 적시타로 역전까지 했다. 승부가 완전히 결정난 건 6회초. 문현빈부터 김주원, 허인서, 송찬의(LG), 이도윤까지 5타자 연속 안타로 3점을 달아났고 강백호(한화)의 희생플라이와 한준수(KIA)의 적시타까지 이어지며 스코어는 7대 1까지 벌어졌다. 롯데 박정민은 0.1이닝 동안 6피안타로 5실점하며 첫 올스타 무대에서 고전했다. 나눔은 8회초에도 한준수의 2루타와 문현빈의 3루타, 구본혁의 적시타로 추가 3득점, 10대 1까지 멀리 달아났다. 드림 올스타는 9회말 2사 2, 3루에서 황성빈(롯데)의 적시타로 한 점을 만회했지만 정준재가 1루수 땅볼로 물러나면서 그대로 경기가 끝났다. 10대 2 나눔 올스타의 승리. 올스타전 최고 선수에게 돌아가는 '미스터 올스타'는 4안타를 때린 허인서가 받았다. 허인서는 기자단 투표 26표 중 13표를 얻어 10표를 받은 팀 동료 문현빈을 제치고 수상의 기쁨을 누렸다. 허인서는 올해 자기 연봉(3600만원)의 절반이 넘는 상금 2000만원과 함께 바디프랜드 안마의자, 메디힐 상품을 부상으로 받았다. 쏟아진 기록과 볼거리 한화 문현빈은 우수타자상, 류현진은 우수투수상을 각각 차지하며 상금 300만원과 트로피를 받았다. 두산 박준순은 우수수비상을, LG를 이끈 염경엽 감독은 승리감독상을 받았다. 강아지 분장을 하고 나타난 황성빈은 2024년에 이어 2년 만에 베스트퍼포먼스상을 수상했다. 이날 2회말 선두타자로 나선 최형우(삼성)는 42세 6개월 25일의 나이로 올스타전에 출전, 종전 오승환이 2024년에 세운 기록(41세 11개월 21일)을 넘어 역대 올스타전 최고령 출전 기록을 새로 썼다. 드림 타선에서는 박찬호가 3타수 3안타로 팀에서 유일하게 멀티 히트를 기록했다. 이날 잠실구장은 폭염 속에서도 2만 3750석이 빈자리 없이 채워져 통산 25번째이자 5년 연속 올스타전 매진을 기록, 잠실에서의 마지막 축제를 함께 했다. 반환점을 돈 KBO리그는 15일까지 올스타 브레이크 휴식기를 가진 뒤 16일부터 후반기 일정을 재개한다.",https://v.daum.net/v/KAswSswaFG
2026.07.11 23:23,“아직 절반뿐” 안우진의 냉정한 자기평가…후반기 50점 더 채운다,포모스,"3년 만에 KBO 올스타 무대로 돌아온 키움 히어로즈의 에이스 안우진이 전반기 자신의 성적에 50점을 줬다. 두 차례 수술과 긴 재활을 거쳐 다시 마운드에 선 만큼 건강하게 전반기를 마친 데 의미를 두면서도, 경기력에는 여전히 만족하지 않는 모습을 보였다. 안우진은 11일 서울 잠실구장에서 열리는 KBO 올스타전을 앞두고 취재진과 만나 전반기 평가를 묻는 질문에 망설임 없이 50점이라고 답했다. 시즌의 절반이 지난 만큼 나머지 절반을 후반기에 채우겠다는 의미였다. 지난 2023년 올스타전에 출전했던 그는 그해 후반기 팔꿈치 수술을 받으며 긴 공백기에 들어갔다. 이후 두 차례 수술과 재활 과정을 거친 뒤 올 시즌 복귀했지만, 3년 가까운 실전 공백은 생각보다 크게 느껴졌다고 털어놨다. 안우진은 매 경기 부족한 부분을 찾고 개선하려는 과정에 있다며, 좋은 투구를 펼친 날에도 완전히 만족한 적은 거의 없다고 밝혔다. 완벽을 추구하는 성향답게 복귀 자체에 안주하지 않고 더 나은 구위와 경기 운영을 만들겠다는 의지를 드러냈다. 전반기 성적은 13경기 2승 5패, 평균자책점 3.70이다. 승수만 보면 기대에 미치지 못한 듯 보이지만, 세부 기록에서는 여전히 강력한 위력을 보여줬다. 74개의 탈삼진을 잡았고 피안타율 0.231, 이닝당 출루 허용률 1.21을 기록하며 타자들을 압박했다. 가장 큰 성과는 부상 없이 전반기를 마쳤다는 점이다. 수술 직후에는 다시 정상적으로 공을 던질 수 있을지 걱정했지만, 지금은 마운드에 서 있다는 사실 자체에 감사함을 느끼고 있다고 말했다. 키움도 에이스의 몸 상태 관리에 신중하게 접근하고 있다. 구단은 통증이 생기면 즉시 알리고 무리하지 말 것을 거듭 강조하고 있으며, 안우진 역시 성적보다 건강을 우선순위에 두고 시즌을 치르고 있다. 올 시즌을 끝으로 철거되는 잠실구장에 대한 추억도 전했다. 신인 시절 첫 선발 등판에서 김현수에게 홈런 두 개를 허용한 아픈 기억이 있는 반면, 2022년에는 잠실에서 평균자책점 1위를 확정하며 최고의 순간도 경험했다. 쓰라린 출발과 영광의 기억이 함께 남은 잠실구장이 사라지는 데 아쉬움을 드러낸 안우진은 후반기에는 전반기에 남겨둔 50점을 채우겠다는 각오다. 건강을 지키면서도 에이스다운 투구를 완성하는 것이 그의 남은 시즌 과제다. 사진 = 키움 히어로즈 제공, 연합뉴스 최대영 rokmc117@fomos.co.kr",https://v.daum.net/v/2Ud57F5TdM
2026.07.11 23:23,‘미스터 올스타’ 허인서 “최고의 생일 선물…상금은 부모님께”,국민일보,"생애 첫 올스타 무대에서 ‘미스터 올스타’에 오른 한화 이글스 허인서가 “전혀 예상하지 못했던 MVP라 더 기쁘다”며 활짝 웃었다. 허인서는 11일 서울 잠실구장에서 열린 2026 KBO리그 올스타전에서 5타수 4안타 1타점 1득점으로 활약하며 최우수선수(MVP)에 선정됐다. 공교롭게도 이날은 그의 생일이었다. 허인서는 “최고의 생일 선물을 받은 것 같다”며 기쁨을 감추지 못했다. 팀 동료 문현빈과 경기 내내 MVP를 놓고 치열한 경쟁을 펼쳤다. 문현빈 역시 5타수 4안타 1타점 3득점으로 맹활약했다. 허인서는 승부에 쐐기를 박을 수 있었던 마지막 타석에서 범타로 물러나자 머리를 감싸 쥐기도 했다. 그는 “현빈이와 안타 수가 같아 덕아웃에서 계속 MVP 이야기를 했다”며 “현빈이가 받았더라도 기뻤을 것”이라고 말했다. 미국 메이저리그(MLB) 최고의 포수 칼 랄리(시애틀 매리너스)를 빗대 ‘허랄리’라는 별명을 가진 허인서는 이날 첫 타석에서 랄리를 상징하는 턱수염 분장으로 팬들의 웃음을 자아냈다. 그는 “빅리그에서 홈런을 많이 치는 최고의 포수와 비교해주시는 것만으로도 과분하다”며 “팬들이 그 별명을 부르며 즐거워하신다면 저도 행복하다”고 말했다. 2022년 한화에 입단한 허인서는 지난해까지 통산 47타수 출전에 그쳤다. 그러나 올해 처음 풀타임 기회를 잡아 타율 0.292(212타수 62안타) 12홈런(공동 14위) 45타점을 기록하며 주전 포수로 자리매김했다. 그는 “6월에는 체력적으로 조금 힘들었지만 이제는 적응 됐다”며 “프로에서 좋은 활약을 펼치는 2003년생 동기들에게 뒤처지지 않기 위해 더 열심히 하고 있다”고 말했다. 이어 “양의지, 강민호 선배님처럼 오랫동안 꾸준한 선수가 되고 싶다”고 덧붙였다. 올스타전에서도 한화 타선은 뜨거웠다. 문현빈을 비롯해 이도윤이 4타수 3안타 3타점 1득점으로 나란히 맹타를 휘둘렀다. 허인서는 “형들 타격감이 정말 좋아 보였다. 이 분위기를 후반기에 이어가 팀이 더 높은 순위로 올라갈 수 있도록 최선을 다하겠다”고 다짐했다. MVP 상금 2000만원의 사용 계획도 밝혔다. 허인서는 “상금은 전부 부모님께 드릴 생각”이라며 “부모님께서 용돈을 조금 주시지 않을까 기대하고 있다”고 웃었다. 이어 “용돈의 일부는 내 연봉이 많지 않아 크게는 못 베풀지만 선수단에 커피 정도는 쏠 수 있을 것”이라고 웃었다. 최원준 기자 1jun@kmib.co.kr GoodNews paper ⓒ , 무단전재 및 수집, 재배포 및 AI학습 이용 금지",https://v.daum.net/v/0fqarAaehV
2026.07.11 23:16,"'와' 한화 싹쓸이! '4안타' 허인서, 미스터 MVP 수상…우수투수상 ...",엑스포츠뉴스,"(엑스포츠뉴스 잠실, 유준상 기자) 한화 이글스 포수 허인서가 미스터 올스타의 영예를 안았다. 염경엽 LG 트윈스 감독이 이끈 나눔 올스타는 11일 서울 잠실야구장에서 열린 2026 신한 SOL KBO 올스타전에서 드림 올스타를 10-2로 대파하며 2022년, 2023년, 2024년, 지난해에 이어 5년 연속 올스타전 승리를 거뒀다. MVP의 주인공은 나눔 올스타 포수 허인서였다. 허인서는 기자단 투표에서 26표 중 13표(50%)를 획득하며 팀 동료 문현빈(한화·10표)을 제치고 올스타전 MVP까지 차지했다. 허인서에게는 지난해 대비 1000만원 증액된 2000만원의 상금, 트로피, 바디프랜드 733 제품과 메디힐 시상품이 부상으로 주어진다. 한화 소속 선수가 올스타전 MVP를 수상한 건 2023년 채은성 이후 3년 만이다. 당시 채은성은 3타수 2안타(1홈런) 5타점을 기록한 바 있다. 2회초 1사 1루에서 첫 타석을 맞은 허인서는 미국 메이저리그(MLB)의 강타자 포수 칼 랄리(시애틀 매리너스)의 스타일을 오마주한 허랄리(허인서+칼 랄리) 퍼포먼스를 공개했다. 이어 중전 안타를 때리며 MVP 경쟁에 도전장을 내밀었다. 허인서는 두 타석 만에 멀티히트를 달성하며 MVP에 대한 의지를 드러냈다. 6회초 세 번째 타석에서는 1타점 적시타를 터트렸고, 이어진 1사 만루에서 이도윤(한화)의 적시타 때 득점까지 올렸다. 허인서는 7회초 네 번째 타석에서도 안타를 생산하며 MVP에 한 걸음 더 다가섰다. 비록 8회초 다섯 번째 타석에서는 2루수 뜬공에 그쳤지만, MVP 투표에서 가장 많은 표를 얻었다. 이날 허인서의 최종 성적은 5타수 4안타 1타점 1득점이었다. 감독 추천 선수로 올스타전 무대를 밟은 나눔 투수 류현진(한화)은 우수투수상을 수상했다. 선발 아담 올러(KIA)에 이어 두 번째 투수로 나와 1이닝을 퍼펙트로 틀어막았다. MVP를 놓친 문현빈은 우수타자상을 받았다. 이날 6번타자 겸 우익수로 라인업에 이름을 올린 문현빈은 5타수 4안타 1타점 3득점으로 활약했다. 우수 수비상은 드림 2루수 박준순(두산 베어스)에게 돌아갔다. 이날 박준순은 안정적인 수비를 선보이며 팬들의 박수를 받았다. 베스트 퍼포먼스상 팬 투표에서 가장 많은 표를 얻은 선수는 황성빈(롯데 자이언츠)이었다. 황성빈은 4만3910표 중 1만2134표(28%)를 획득하며 수상의 영예를 안았다. 황성빈에게는 상금 300만원, 트로피와 함께 메디힐 시상품이 부상으로 수여된다. 사진=잠실, 김한준·박지영 기자 유준상 기자 junsang98@xportsnews.com",https://v.daum.net/v/xkHX5WvmHC
2026.07.11 23:13,잠실 마지막 올스타전 빛낸 KIA 6인방…한준수 2안타 2타점,광주매일신문,"[광주매일신문= 주홍철 기자] 프로야구 KIA 타이거즈 선수들이 잠실에서 열린 마지막 올스타전을 빛냈다. 11일 서울 잠실야구장에서 열린 2026 신한 SOL뱅크 KBO 올스타전에는 KIA 선수 6명이 출전했다. 올러와 정해영, 성영탁, 김도영, 박재현, 한준수가 나눔 올스타 소속으로 팬들과 만났다. 올 시즌을 끝으로 철거를 앞둔 잠실구장에서 열린 마지막 올스타전이다. 나눔 올스타는 장단 22안타를 몰아치며 드림 올스타를 10-2로 크게 이겼다. 22안타는 역대 올스타전 한 경기 팀 최다 기록이다. 나눔 올스타는 5년 연속 승리도 이어갔다. 역대 올스타전 최다 연승 타이기록이다. KIA 선수 가운데 가장 좋은 타격을 보여준 선수는 한준수였다. 생애 첫 올스타전에 나선 한준수는 3타수 2안타 2타점을 기록했다. 두 차례 안타를 때려내며 나눔 올스타의 대승에 힘을 보탰다. 퍼포먼스도 준비했다. 한준수는 아기 모습으로 변신해 타석에 등장했다. 첫 올스타전에서 방망이와 퍼포먼스 모두 팬들의 눈길을 끌었다. 김도영은 3번 타자 3루수로 선발 출전했다. 5타수 2안타 1볼넷으로 멀티히트를 기록했다. 1회초 첫 타석에서는 볼넷을 골라냈다. 3회초에는 좌측 담장을 향하는 큼지막한 타구를 날렸다. 타구는 펜스 바로 앞에서 잡혔다. 김도영은 손가락 하나를 들어 보이며 홈런 세리머니를 펼쳤다. 팬들의 웃음을 자아냈다. KIA 선수 가운데 유일하게 별도의 퍼포먼스를 준비하지 않았다. 그래도 방망이로 존재감을 보였다. 박재현의 파격적인 변신도 눈길을 끌었다. 2회초 타석에 들어선 그는 ’드래곤볼’의 손오공 분장으로 등장했다. 첫 올스타전에 나섰지만 2타수 무안타에 그쳤다. 마운드에서는 올러가 가장 먼저 나섰다. 나눔 올스타 선발 투수로 등판한 올러는 1이닝을 무실점으로 막았다. 선두 타자에게 볼넷을 내줬지만 곧바로 병살타를 유도했다. 이어 우익수 뜬공으로 이닝을 마쳤다. 투구 수는 11개였다. 등장부터 남달랐다. 올러는 유명 애니메이션 ‘나루토’ 퍼포먼스를 펼치며 마운드에 올랐다. 경기 후반에는 정해영과 성영탁이 차례로 등판했다. 정해영은 8회말 마운드에 올라 아웃카운트 3개를 책임졌다. 성영탁은 9회말 등판했다. 0.2이닝 동안 3피안타 1실점을 기록했다. 이날 ‘미스터 올스타’는 한화 이글스 허인서에게 돌아갔다. 허인서는 5타수 4안타 1타점의 맹타를 휘둘렀다. 활약을 인정받아 최우수선수(MVP)에 선정됐다. KIA 선수들도 잠실에서 열린 마지막 올스타전을 즐겼다. 김도영과 한준수는 멀티히트를 기록했고, 올러는 선발로 나서 무실점 투구를 펼쳤다. 올러의 나루토, 박재현의 손오공, 한준수의 아기 퍼포먼스도 팬들에게 즐거움을 안겼다. jhc@kjdaily.com",https://v.daum.net/v/fby4P2b0gL
2026.07.11 23:13,"마지막 잠실 올스타전 MVP 한화 허인서 ""인생 최고의 생일""",연합뉴스,"(서울=연합뉴스) 이대호 김동한 기자 = 잠실구장에서 열린 마지막 올스타전의 최우수선수(MVP)는 마침 이날 23번째 생일을 맞은 프로야구 한화 이글스 포수 허인서였다. 허인서는 11일 서울 잠실구장에서 열린 2026 신한 SOL뱅크 KBO 올스타전에서 한화, LG 트윈스, KIA 타이거즈, NC 다이노스, 키움 히어로즈로 구성된 나눔 올스타의 8번 타자 포수로 선발 출전해 5타수 4안타 1득점 1타점으로 활약하며 MVP로 뽑혔다. 그는 기자단 투표 26표 중 13표를 얻어 이날 4안타를 친 같은 팀 문현빈(10표)을 제치고 생애 처음으로 올스타 MVP 트로피를 거머쥐었다. 허인서와 문현빈은 나란히 첫 세 타석에서 안타를 터뜨리며 치열한 MVP 경쟁을 펼쳤다. 허인서는 7회초 네 번째 타석에서도 안타를 보태 먼저 4안타를 완성했다. 이어 문현빈도 8회초 우중간을 가르는 3루타를 때린 뒤 득점해 5타수 4안타로 경기를 마쳤다. 허인서가 8회초 2루수 뜬공으로 물러나 두 선수의 최종 안타 수는 같아졌지만, MVP는 허인서에게 돌아갔다. 한화 선수가 올스타전 MVP를 받은 건 2023년 채은성 이후 3년 만이다. 지난해 MVP로 선정된 박동원(LG 트윈스)에 이어 2년 연속 포수 MVP가 나왔다. 허인서는 트로피와 함께 부상으로 상금 2천만원과 바디프랜드의 웨어러블 인공지능(AI) 헬스케어 로봇 733 안마의자도 받았다. 마침 이날은 허인서의 생일이었다. 허인서는 올스타전이 끝난 후 취재진과 만나 ""처음 올스타에 뽑혔는데 MVP까지 받아 기분이 좋다""며 ""생일선물을 받은 것처럼 좋다. 인생 최고의 생일""이라고 소감을 말했다. 끝까지 MVP 경쟁을 벌인 문현빈의 8회초 3루타를 지켜본 순간에는 수상을 예상하지 못했다고 했다. 허인서는 ""(문)현빈이가 8회초 3루타를 쳤을 때 MVP는 현빈이가 받겠다고 생각했다""며 ""막상 결과가 나오자 현빈이는 자기가 마지막에 수비 실수를 해서 못 받은 것 아니냐고 하더라""고 했다. 이어 ""나는 그런 생각을 하지 않았는데, 현빈이는 내가 타석에 들어섰을 때 '못 쳤으면 좋겠다'는 식으로 이야기했다고 하더라""며 웃었다. 허인서는 전날 열린 '컴투스프로야구 홈런더비' 예선에서도 강백호(한화), 오태곤(SSG 랜더스)과 함께 홈런 7개를 쳤다. 그러나 홈런 수가 같을 경우 비거리로 결승 진출자 2명을 가리는 규정에 따라 결승 무대를 밟지 못했다. 허인서는 ""처음에는 동률이면 비거리로 순위를 가린다는 것을 몰랐다. 다시 칠 준비를 하고 있었는데 이름이 불리지 않았다""며 ""아무래도 내 홈런 비거리가 조금 부족했던 것 같다""고 했다. MVP 상금 2천만원은 부모님께 모두 드릴 계획이다. 허인서는 ""일단 부모님께 상금을 전부 드린 뒤, 내게 주고 싶은 만큼 다시 달라고 말씀드릴 생각""이라며 ""어차피 다시 용돈을 받는 셈이니 이번 기회에 부모님의 마음을 확인해보겠다""고 농담해 웃음을 자아냈다. 허인서는 올 시즌 전반기까지 타율 0.292(212타수 62안타), 12홈런, 39득점, 45타점을 기록했다. 올스타전에서 좋은 타격감을 뽐낸 허인서는 팀 동료들과 함께 후반기 더 높은 곳을 바라보겠다고 다짐했다. 그는 ""오늘 경기를 보니 한화 타자들의 타격감이 모두 좋아 보였다""며 ""이 좋은 흐름을 이어가 후반기에 팀이 더 높은 무대로 올라갈 수 있도록 노력하겠다""고 말했다. 포수로서 보완해야 할 과제로는 도루 저지를 꼽았다. 허인서는 ""스스로 송구가 약하다고 생각해본 적은 없지만, 올해 도루 저지율은 낮은 편""이라며 ""어떤 부분에서 문제가 생기는지 많이 연구하고 보완하겠다""고 말했다. moved@yna.co.kr (끝) ▶제보는 카톡 okjebo",https://v.daum.net/v/yLeNcoiP5P
2026.07.11 23:12,“최고의 생일이다” 문현빈과 ‘집안싸움’ 끝에 ‘미스터 올스타’ 오른 허...,스포츠서울,[스포츠서울 | 잠실=강윤식 기자] “최고의 생일이다.” 한화 허인서가 최고의 생일 선물을 받았다. 데뷔 후 처음으로 올스타에 뽑혔다. MVP까지 수상했다. 이보다 기쁜 생일이 있을 수 없다. 허인서는 11일 서울 잠실구장에서 열린 2026 KBO 올스타전에서 MVP를 받았다. 4안타 1타점을 기록했다. 집안싸움이 치열했다. 문현빈도 4안타 1타점이다. 마지막에 3루타를 치며 존재감을 뽐냈다. 기자단 투표에서 허인서가 26표 중 13표를 받았다. 10표를 받은 문현빈을 아슬아슬하게 제쳤다. 마침 이날은 허인서 생일이었다. 기쁨의 두배다. 경기 후 취재진을 만난 허인서는 “생일날 마치 생일 선물을 받은 것처럼 받아서 더 좋다. 최고의 생일”이라고 소감을 밝혔다. 이어 “처음 올스타에 뽑혔는데 바로 미스터 올스타가 돼서 기분 좋다. 머릿속에 없던 그림인데 받을 수 있어서 기분 좋다”고 덧붙였다. 이날 허인서는 메이저리그(ML) 최고의 공격형 포수 칼 랄리 분장을 하고 첫 타석에 나섰다. 허인서는 “ML에서 홈런 많이 치는 포수여서 그런 별명이 과분하긴 하다. 그런데 팬들이 좋아해 주시는 것 같아서 기분 좋다”며 미소 지었다. MVP까지 가는 과정이 쉽진 않았다. 문현빈과 싸움이 치열했기 때문이다. 아무래도 신경이 쓰일 수밖에 없었다. 문현빈과 에피소드를 전했다. 허인서는 “(문)현빈이랑 계속 안타 개수가 똑같았다. 그런 부분에 대해 현빈이와 얘기도 했다. 마지막에 3루타를 칠 줄 몰랐다. 딱 치더라. ‘되는 놈’이라고 생각했다. 그런데 많은 분이 나에게 투표해주셔서 감사했다”고 말했다. 그러면서 “사실 현빈이가 우수타자상 받고 나서 약간 희망이 생겼다. 이름이 불리는 순간 정말 좋았다. 현빈이는 ‘자기가 마지막 수비 실수해서 못 받은 거’라고 하더라. 그래서 내가 ‘그런 것 같다’고 했다”며 웃었다. skywalker@sportsseoul.com,https://v.daum.net/v/F2zb2zUZvv
2026.07.11 23:10,"'허인서 4안타 첫 미스터 올스타' 나눔, 드림 10-2 꺾고 올스타전 ...",마니아타임즈,[진병두 마니아타임즈 기자] 잠실에서의 마지막 축제는 나눔 올스타의 몫이었다. 나눔 올스타가 드림 올스타를 10-2로 꺾고 올스타전 5년 연속 승리를 거뒀다. 나눔 올스타는 11일 서울 잠실구장에서 열린 2026 신한 SOL뱅크 KBO 올스타전에서 드림 올스타에 10-2로 승리했다. 2022년부터 5년 연속 웃은 나눔은 1987년부터의 동군 기록과 어깨를 나란히 한 올스타전 최다 연승 타이를 이룬 것이다. 이날의 주인공은 허인서였다. 5타수 4안타 1타점으로 활약한 그가 생애 첫 미스터 올스타에 뽑힌 것이다. 기자단 투표 26표 중 13표를 얻은 그는 연봉의 절반에 가까운 상금 2천만 원을 거머쥐었다. 경기는 중반부터 갈렸다. 드림이 3회 허경민의 적시타로 선취점을 냈으나 나눔이 4회 역전한 뒤 6회 다섯 타자 연속 안타 등으로 7-1로 달아난 것이다. 나눔은 8회에도 점수를 보태 10-1까지 벌렸다. 이 과정에서 22안타를 몰아친 나눔은 올스타전 한 경기 최다 팀 안타 기록도 새로 썼다. 무대 밖도 즐거웠다. 올 시즌을 끝으로 철거되는 잠실과의 작별을 주제로 꾸려진 이날 관중석은 가득 찼고 선수들은 다양한 분장으로 팬들에게 웃음을 줬다. 최형우는 42세의 나이로 올스타전 최고령 출전 기록을 세우기도 했다. 우수 투수상은 류현진 승리 감독상은 염경엽 감독에게 돌아갔다. [진병두 마니아타임즈 기자/maniareport@naver.com] 기사제보 및 보도자료 report@maniareport.com,https://v.daum.net/v/KmpSyCsA5D
2026.07.11 23:09,'마스코트와 함께 춤을' 베스트 퍼포먼스 놓쳤지만 박수 받은 정수빈과 손...,마이데일리,"[마이데일리 = 잠실 류한준 기자] ""잠실구장 잔디를 처음 밟는 날이 생생합니다."" 정수빈(두산 베어스)에겐 잠실구장이 특별하다. 잠실구장으로 LG 트윈스와 함께 홈 구장으로 사용하고 있는 두산 유니폼을 입고 지난 2009년 프로선수로 첫 발걸음을 내딛었다. 두산 팬들로부터 많은 인기를 얻었고 이제는 프로 17년 차 시즌을 조내고 있는 베테랑이다. 그래도 팬들은 여전히 정수빈을 '잠실 아이돌'이라는 별명으로 부르곤 한다. 정수빈에게 잠실구장에서 열리는 마지막 올스타전은 의미가 남다르다. 잠실구장은 가을야구 일정을 모두 마친 뒤 오는 12월 철거 예정이다. 재개발 계획에 따라 신축 돔구장으로 탈바꿈한다. 그는 자신에게도 잠실구장에서 마지막 올스타전이 되는 11일 경기에서 3회말 첫 타석에 나왔다. 그는 잠실구장 전광판을 통해 '마지막 잠실 올스타, 파라파라나 춰야겠다'는 문구를 띄웠다. 정수빈은 앞서 '갸루' 콘셉트로 올스타 팬 투표 홍보 영상을 촬영했다. 그는 영상 속 모습을 다시 재현했다. 같은 분장을 하고 그라운드로 나왔다. 팀 마스코트인 '철웅이'와 함께 파라파라 춤을 췄다. 잠실구장을 가득 메운 팬들은 이날 만큼은 두산팬 여부를 떠나 함께 팔을 흔들며 정수빈 동작을 따라하며 즐거워했다. 퍼포먼스를 정수빈처럼 구단 마스코트와 함께 한 선수는 또 있다. 손동현(KT 위즈)이다. 그는 드림 올스타 8번째 투수로 마운드 위로 오르기 전 구단 마스코트 빅또리와 함께 합을 맞췄다. 손동현은 빅또리와 함께 응원가로 잘 알려진 '질풍가도' 음악에 맞춰 칼군무를 선보여 팬들로부터 많은 박수와 환호성을 이끌어냈다. 이날 잠실구장은 기온은 한낮 최고 34도까지 올라갔고 해가 저문 뒤에도 29도를 나타냈다. 두 선수를 제외하고도 이날 올스타전을 함께 한 선수들 대부분이 소속 구단 마스코트들과 식전 행사 등에도 손발을 맞췄다. 참가 선수들과 관중석에서 올스타전을 처음부터 끝까지 지켜본 팬들도 그렇지만 철웅이와 빅또리를 비롯한 10개 구단 마스코트들이 누구보다 가장 많은 땀을 흘린 하루가 됐다. 류한준 기자 hantaeng@mydaily.co.kr",https://v.daum.net/v/0JiWutZvIQ
2026.07.11 23:08,[KBO 올스타전] '마황 is back' 마음껏 망가진 황성빈 베스트 ...,일간스포츠,"'마황'을 넘을 자는 없었다. '누가 잠실에 개 풀어놨어' 콘셉트로 올스타전에 돌아온 황성빈(롯데 자이언츠)이 2년 만에 베스트 퍼포먼스상을 수상했다. 황성빈은 11일 서울 잠실야구장에서 열린 2026 신한 SOL 뱅크 KBO리그 올스타전에 드림 올스타의 대주자로 출전, 2타수 1안타 1타점을 기록했다. 안타만큼 빛난 건 그의 '퍼포먼스'였다. 황성빈의 7회 첫 타석 준비는 매우 길었다. 강아지 귀에 뼈다귀 인형을 문 그의 몸엔 하네스와 목줄이 채워져 있었다. 그리고 그 목줄의 끝엔 김태형 롯데 감독이 있었다. 앞서 박찬호의 다음 타석을 준비하는 내내 1루 더그아웃 앞에 앉아있던 그는 박찬호의 안타에 그라운드로 뛰어 가려다 김태형 감독의 '목줄 제지'를 받기도 했다. 그리고 기다렸던 그의 타석. 황성빈은 김태형 감독의 목줄에 이끌려 타석으로 이동했다. 그리고는 김태형 감독이 던진 뼈다귀 인형을 향해 네 발로 달려가 무는 퍼포먼스까지 펼쳤다. 롯데 구단 관계자에 따르면, 황성빈이 준비한 퍼포먼스는 '누가 잠실에 개 풀어놨어'로, 해당 타이틀의 영문곡에 맞춰 등장한 황성빈은 '개처럼 뛰겠다'는 뜻으로 퍼포먼스를 준비했다고 전했다. 수많은 선수들의 퍼포먼스가 있었지만, 황성빈의 아성을 넘은 선수는 없었다. 팬 투표로 진행된 퍼포먼스상에서 황성빈은 총 투표수 4만3910표 중 1만2134표 득표(28%)를 얻어 수상의 영예를 안았다. 2024년 올스타전에서도 퍼포먼스상을 수상한 그는 2년 만에 돌아온 축제에서 또 한 번 팬들을 홀렸다. 황성빈에겐 베스트 퍼포먼스상과 함께 상금 300만원이 주어졌다. 이날 올스타전은 수많은 선수들의 퍼포먼스로 조명을 받았다. 드림 올스타 선발 투수 곽빈(두산 베어스)의 '네가 좋아' 콘셉트로 포문을 연 데 이어, 강백호(한화 이글스)의 발레리노 복장, 오스틴 딘(LG 트윈스)의 고향인 미국 텍사스를 떠오르게 하는 '텍사스 보안관' 분장 등으로 팬들을 열광하게 했다. 잠실=윤승재 기자 yogiyoon@edaily.co.kr",https://v.daum.net/v/ZR7EyCsAsZ
2026.07.11 23:07,'굿바이' 잠실 야구장서 열리는 마지막 올스타전…최고의 별은 허인서(종합...,스포츠투데이,"[잠실=스포츠투데이 강태구 기자] 잠실 야구장에서의 마지막 '별들의 잔치'가 성황리에 마무리됐다. 나눔 올스타는 11일 서울 잠실야구장에서 열린 2026 신한 SOL KBO리그 올스타전에서 드림 올스타를 10-2로 꺾었다. 이로써 나눔 올스타는 2022년부터 이어진 연승 행진을 '5'로 늘렸고, 역대 상대 전적에서도 6승 4패로 리드를 이어갔다. 이날 최종 관중은 2만 3750명으로, KBO 올스타전은 지난 2022년부터 올해까지 5년 연속 매진을 달성했다. 이번 올스타전은 잠실 야구장에서 진행되는 마지막 올스타전이었다. 잠실야구장은 올 시즌을 끝으로 철거돼 2031년 말 3만 5000석 규모의 최신식 돔구장으로 다시 태어난다. 1982년 프로야구 원년에 문을 연 야구의 성지에서 열리는 마지막 올스타전인 것이다. 올스타전 승리의 주역은 허인서였다. 포수 부문 베스트12에 선정된 허인서는 이날 8번 타자 겸 포수로 선발 출전해 5타수 4안타 1타점 1득점으로 맹타를 휘둘렀다. 경기 후 허인서는 기자단 투표 26표 중 13표를 받아 생애 첫 미스터 올스타에 등극했다. 더불어 문현빈이 우수 타자상, 류현진이 우수 투수상을 받으며 한화는 3명의 수상자를 배출해내는 기염을 토했다. 경기 후 취재진과 만난 허인서는 ""최고의 생일 선물을 받은 것 같다""며 행복한 모습을 보였다. 전반기 종료 시점까지 다승 공동 4위(8승), 평균자책점 4위(2.67)를 기록하며 감독 추천 선수로 올스타전에 참가한 류현진은 이날 나눔 올스타의 두 번째 투수로 등판해 1이닝을 퍼펙트하게 막아내 우수 투수상을 차지했다. 이날 선수단은 각종 퍼포먼스를 선보이며 만원 관중의 열기를 더욱 달궜다. 그 중 가장 많은 이들의 이목을 집중시킨 건 황성빈이었다. 대주자로 교체 투입된 황성빈은 7회말 맞이한 첫 타석에 들어서기 전 강아지 분장을 하고 타석까지 가 잠실구장을 찾은 팬들로부터 큰 환호와 웃음을 자아냈다. 특히 김태형 롯데 감독이 강아지 콘셉트에서 황성빈을 타석까지 안내하는 장면은 이번 올스타전 최고의 퍼포먼스였다. 이로써 황성빈은 올스타전에서 개인 두 번째 퍼포먼스 수상자가 됐다. 황성빈은 지난 2024년 올스타전에서 '배달의 마황' 콘셉트로 타석에 들어서기 전 스쿠터를 몰고 등장했고, 배달용 철가방도 준비했다. 이번 올스타전에선 클리닝타임 쇼도 진행됐다. 6회가 시작되기 전 경기장에 무대가 설치됐고, 가수 우즈(WOODZ)가 등장했다. 우즈는 폭발적인 가창력과 탄탄한 음악성으로 역주행 신화를 쓴 자신의 히트곡 'Drowning'을 불렀고, 이를 들은 관중들은 함성과 함께 따라부르기 시작했다. 이후 경기가 끝난 뒤에는 잠실의 밤하늘을 화려하게 수놓은 불꽃놀이가 진행되면서 올스타전이 막을 내렸다. [스포츠투데이 강태구 기자 sports@stoo.com]",https://v.daum.net/v/0epp8KqFWY
2026.07.11 23:06,"'우수 타자상' 한화 문현빈 ""우리 팀이 상 싹쓸이해서 기분 좋다""",뉴스1,"(서울=뉴스1) 서장원 기자 = 프로야구 올스타전 우수 타자상을 받은 한화 이글스 문현빈이 팀 동료들과 주요 상을 휩쓴 것에 기쁜 마음을 나타냈다. 문현빈은 11일 서울 잠실 구장에서 열린 2026 KBO 올스타전에 나눔 올스타의 6번 타자 우익수로 선발 출전해 5타수 4안타 1타점 3득점을 기록했다. 최우수선수(MVP)로 뽑히기에 부족함이 없는 성적을 냈지만, 경쟁자들이 너무 강력했다. 이날 8번 타자 포수로 출전해 5타수 4안타 1타점 1득점을 기록한 팀 동료 허인서가 MVP를 차지했다. MVP는 놓쳤지만, 문현빈은 우수 타자상을 받으면서 아쉬움을 조금이나마 씻었다. 그는 상금 300만 원을 함께 받았다. 경기 후 문현빈은 ""홈 구장은 아니지만 한국 프로야구의 역사가 녹아 있는 잠실야구장에서 열리는 마지막 올스타전에서 좋은 모습 보여드렸다는 의미가 있다. 또한 한화 선수들이 상을 싹슬이해서 기분이 좋다""고 말했다. 이날 한화는 허인서와 문현빈 외에 류현진이 우수 투수상을 받았고, 전날(10일)엔 강백호가 홈런더비에서 우승했다. MVP 투표는 9회초까지 진행됐다. 문현빈은 ""투표 시점에 대한 이야기를 들었는데, 내가 어떻게 할 수 있는 부분이 아니다. 거기에 대해서는 할 말이 없다""고 말했다. 허인서를 향해서는 ""너무 축하한다. 경기 중엔 경쟁하는 상황이었기 때문에 더 재밌었다. 오늘 올스타전을 계기로 시즌도 잘 마무리했으면 좋겠다""고 축하를 건넸다. 후반기에 대해서는 ""승률 5할로 전반기를 마무리 했다. 가을야구 싸움을 이어가고 있는만큼 후반기 시작부터 좋은 성적을 거두고 싶다""고 강조했다. superpower@news1.kr",https://v.daum.net/v/uBAgIDcnXm
2026.07.11 23:06,"‘4안타’ 허인서 MVP…나눔 올스타, 드림에 10대 2 완승",국민일보,"마지막 잠실 올스타전의 승자는 나눔 올스타였다. 데뷔 첫 올스타 무대를 밟은 허인서(한화 이글스)는 미스터 올스타의 영예를 안았다. 나눔 올스타(LG 트윈스·KIA 타이거즈·한화 이글스·NC 다이노스·키움 히어로즈)는 11일 서울 잠실구장에서 열린 2026 KBO리그 올스타전에서 드림 올스타(삼성 라이온즈·KT 위즈·두산 베어스·롯데 자이언츠·SSG 랜더스)를 10대 2로 꺾었다. 이로써 2022년부터 5년 연속 올스타전 승리를 거두며 역대 최다 연승 타이 기록을 세웠다. 기선을 제압한 쪽은 드림 올스타였다. 3회말 허경민(KT)의 적시타로 선취점을 뽑았다. 그러나 나눔 올스타는 4회초 김주원(NC)의 희생플라이와 이도윤(한화)의 적시타로 곧바로 승부를 뒤집었다. 나눔 올스타는 6회초 승부를 갈랐다. 허인서와 이도윤, 강백호(이상 한화), 한준수(KIA)가 연이어 적시타를 터뜨리며 순식간에 7-1까지 달아났다. 8회초에도 한준수와 문현빈(한화), 구본혁(LG)의 연속 적시타로 10-1을 만들었다. 9회말 1점을 내줬지만 추가 실점 없이 경기를 그대로 마무리했다. 이날 경기장에서는 각종 진기록도 쏟아졌다. 나눔 올스타는 장단 22안타를 몰아치며 2017년 드림 올스타가 작성한 올스타전 한 경기 최다 안타 기록(19개)을 갈아치웠다. 반면 홈런은 한 개도 나오지 않아 역대 다섯 번째 무홈런 올스타전으로 남았다. 최형우(삼성)는 42세6개월25일의 나이로 출전해 오승환이 2024년 세운 최고령 출전 기록(41세11개월21일)을 경신했다. 허인서는 5타수 4안타 1타점 1득점으로 생애 첫 올스타전 최우수선수(MVP)에 선정됐다. 기자단 투표 26표 가운데 13표를 받아 팀 동료 문현빈(10표)을 제쳤다. 연중 최고의 야구 축제답게 선수들의 퍼포먼스도 팬들의 눈길을 사로잡았다. 최다 득표자 양의지(두산)는 잠옷 차림으로 등장해 그룹 아이오아이(I.O.I)의 ‘갑자기’에 맞춰 춤을 선보였다. 오스틴 딘(LG)은 첫 타석에서 고향인 미국 텍사스를 연상시키는 보안관 복장으로 모형 권총 퍼포먼스를 펼쳤고, 두 번째 타석에서는 한복을 입고 ‘잠실 오씨’ 족자를 펼쳐 팬들의 환호를 이끌었다. 베스트 퍼포먼스상의 주인공은 황성빈(롯데)이었다. 7회말 강아지 분장으로 등장한 그는 김태형 롯데 감독에게 직접 목줄을 채웠다. 김 감독은 개껌을 던져주는 연기를 펼쳤고, 전광판에는 ‘누가 잠실에 개를 풀어놨어’라는 문구가, 경기장에는 바하 맨(Baha Men)의 ‘Who Let the Dogs Out’이 흘러나오며 폭소를 자아냈다. 이날 잠실구장은 2만3750석이 매진됐다. 통산 25번째 올스타전 매진이자 5년 연속 완판이다. 최원준 기자 1jun@kmib.co.kr GoodNews paper ⓒ , 무단전재 및 수집, 재배포 및 AI학습 이용 금지",https://v.daum.net/v/BlNeEaLxT8
2026.07.11 23:05,"23번째 생일에 '미스터 올스타'…허인서 ""최고의 생일 선물 받았다""",뉴스1,"(서울=뉴스1) 권혁준 기자 = 불과 1년 전 생일엔 '퓨처스 올스타전'에서 미래를 기약했던 허인서(23·한화 이글스)가, 올해 생일엔 처음으로 올스타전 본게임에 출전해 '별 중의 별'로 우뚝 섰다. 그는 ""최고의 생일 선물을 받았다""며 활짝 웃었다. 허인서는 11일 서울 잠실구장에서 열린 2026 신한 SOL KBO 올스타전에서 나눔 올스타의 8번타자 포수로 선발 출전해 5타수 4안타 1득점 1타점의 맹타로 팀의 10-2 승리를 이끌었다. 허인서는 경기 후 기자단 투표 26표 중 13표를 받아 팀 후배 문현빈(10표)을 제치고 '미스터 올스타'에 선정됐다. 그는 상금 2000만 원과 함께 바디프렌드 안마 의자를 부상으로 받았다. 기자회견에 참석한 허인서는 ""처음으로 출전한 올스타전이었고 미스터 올스타는 머릿속에 없었다""면서 ""내 이름이 불리는 순간 너무 기뻤다. 생일 선물을 받은 기분이고, 최고의 생일로 기억될 것 같다""고 기뻐했다. 허인서는 경기가 끝난 뒤에도 자신의 미스터 올스타 수상을 예상하지 못했다. 8회초 공격에서 문현빈이 1타점 3루타로 본인과 안타 개수가 같아졌고, 이어진 타석에서 범타로 물러나면서 문현빈 가능성이 높다고 봤기 때문이다. 허인서는 ""(문)현빈이랑 안타 개수가 똑같이 가고 있어서 더그아웃에서 누가 받을지에 대해 얘기했다""면서 ""8회 현빈이가 3루타를 쳤을 때 '쟤는 될 놈이다' 생각했는데, 감사하게 내가 받게 됐다""고 했다. 이어 ""현빈이가 막판 수비 실책 때문이 아닌가 자책하던데, 맞는 것 같다""며 웃은 뒤 ""만약 내가 아니라 현빈이가 받았어도, 이 정도는 아니지만 기분은 좋았을 것 같다""며 미소 지었다. 2000만원의 상금은 모두 부모님께 드린 뒤 용돈을 달라고 하겠다고 해 웃음을 자아냈다. 허인서는 ""부모님께 내게 주고 싶은 만큼 달라고 할 것""이라며 ""부모님의 마음을 확인해 보고 싶다""며 웃었다. 이어 ""내가 연봉이 높은 선수가 아니라 팀원들에게는 큰 선물은 못 하겠지만, 커피를 쏘고 좋은 일을 더 많이 하겠다""고 말했다. 허인서는 올 시즌 한화의 주전 포수로 도약했다. 73경기에 출전해 0.292의 타율과 12홈런 45타점으로 활약하고 있고, 신인상에 골든글러브 후보로까지 점쳐진다. 10년 넘게 지속되던 '양의지-강민호' 체제에 균열을 낼 '신예 포수'다. 그는 ""양의지, 강민호 선배님은 워낙 좋은 포수여서 '이어간다'는 말 자체가 과분하게 느껴진다""면서 ""그래도 더 좋은 선수가 되려고 노력하겠다. 올 시즌 도루 저지율이 많이 약한데, 성장하도록 연구하겠다""고 했다. 올스타전의 활약을 바탕으로 후반기에도 기세를 이어가겠다는 각오다. 허인서는 ""나도 잘했지만, 현빈이와 (이)도윤이형, (강)백호형 모두 오늘 타격감이 좋더라""면서 ""좋은 감각을 유지해 후반기 시작할 때 팀이 더 올라갈 수 있게 힘을 보태겠다""고 각오를 다졌다. starburyny@news1.kr",https://v.daum.net/v/Pkp67F5TGa
2026.07.11 23:02,"생일날 미스터 올스타 등극…허인서 ""최고의 생일, 선물 받은 것 같아 기...",스포츠투데이,"[잠실=스포츠투데이 강태구 기자] ""최고의 생일인 것 같아요"" 투표를 통해 나눔 올스타 베스트12에 선정된 허인서는 11일 서울 잠실야구장에서 열린 2026 신한 SOL KBO 올스타전에 8번 타자 겸 포수로 선발 출전해 5타수 4안타 1타점 1득점을 기록했다. 경기 후 허인서는 기자단 투표 26표 중 13표를 받아 생애 첫 미스터 올스타에 등극했다. 경기 후 허인서는 취재진과 만나 인터뷰를 진행했다. 허인서는 ""처음 올스타에 뽑혔는데, 바로 미스터 올스타에 뽑혀서 너무 기분 좋다. 미스터 올스타는 머릿속에 없던 였어서 더욱 기분이 좋은 것 같다""고 소감을 전했다. 4안타를 치고 있던 허인서는 8회초 2루수 뜬공을 친 뒤 아쉬움을 드러냈고, 이를 본 문현빈은 자신이 미스터 올스타가 될 가능성이 높다고 생각해 환호했다. 허인서는 ""(문)현빈이랑 안타 개수가 거의 똑같아서 더그아웃에서 계속 얘기를 했었다. 앞에서는 '하나 쳐라'라고 이야기 하는데, 제가 나갔을 땐 현빈이가 '못 쳤으면 좋겠다'는 식으로 얘기했다고 하더라""라고 이야기했다. 그러면서도 ""제가 못 받고, 현빈이가 받았어도 기분은 좋았을 것 같다""며 ""(문현빈의) 3루타가 나왔을 때 사실 칠 줄은 몰랐는데, 많은 분들이 투표를 해주셔서 감사하다""고 말했다. 허인서는 전날(10일) 홈런더비 예선에서 7개의 홈런을 쳤음에도 비거리에서 밀려 결승에 진출하지 못했었다. 그는 ""처음에 비거리로 계산한다는 걸 몰랐다. 현빈이가 작년에 서든데스를 했다고 해서 서든데스를 하겠다고 생각하고 준비를 하고 있었다""며 아쉬움을 드러냈다. 오늘은 허인서의 생일이다. 허인서는 생일날 가장 큰 선물로 미스터 올스타를 받게 된 것이다. 그는 ""생일날 마치 생일 선물을 받은 것처럼 미스터 올스타에 등극해서 더 기분 좋은 것 같다. 최고의 생일인 것 같다""며 만족감을 드러냈다. 이날 허인서는 시애틀 매리너스의 거포 포수인 칼 랄리 분장을 하고 등장했다. 실제로 허인서는 전반기 타율 0.292, 12홈런을 기록하며 팬들 사이에선 '허랄리'로 불리기도 한다. 허인서는 ""워낙 좋은 선수라서 좀 과분하긴 한데, 팬들이 좋아해 주시는 것 같아서 저도 좋은 것 같다""며 수줍어했다. 한화는 올 시즌 초반 분우기가 좋지 못했지만, 5월 들어서 치고 올라오기 시작하더니 현재는 6위를 기록하며 중상위권을 노리고 있다. 이번 올스타전에선 3명의 수상자를 배출하면서 분위기가 좋은 상태다. 허인서는 ""저희가 좋은 타격감을 후반기에도 이어가서 좀 더 높은 곳에 올라갈 수 있게 잘할 수 있도록 노력해야 할 것 같다""고 다짐했다. 이번 미스터 올스타 수상으로 허인서는 2000만원과 함께 상품으로 바디프렌드 733을 받게 됐다. 그는 ""부모님을 다 드리고, 부모님이 주고 싶은 만큼 저한테 주셨으면 한다""며 ""안마 기계는 집에 두고 다같이 쓸 것 같고, 제가 연봉이 높은 선수는 아니지만 팀원들한테 커피라도 한 번 사야할 것 같다""며 웃었다. [스포츠투데이 강태구 기자 sports@stoo.com]",https://v.daum.net/v/bA5dALJ6hY
2026.07.11 23:01,"“최고의 생일 선물”…허인서, 전날 홈런 더비 아쉬움 날린 ‘올스타 MV...",한겨레,"11일 잠실야구장에서 열린 2026 KBO 올스타전. 나눔 올스타의 허인서(한화)가 첫 타석에 들어서자 3루측에서 생일 축하 노래가 흘러나왔다. 이날은 그의 23번째 생일이었다. 생일에 생애 처음 ‘별들의 무대’에서 포수 마스크를 썼고, 신들린 듯 4안타(5타수)를 뽑아내면서 ‘미스터 올스타’가 됐다. 허인서는 기자단 현장 투표 26표 중 13표를 받아 똑같이 4안타를 친 팀 후배 문현빈(10표)을 3표 차이로 제쳤다. 허인서는 경기 뒤 기자단 인터뷰에서 “처음 올스타에 출전했는데 MVP에 뽑혀서 너무 좋다”면서 “‘미스터 올스타’는 머릿속 그림에 없었는데 됐다”고 했다. 그는 이어 “(문)현빈이랑 계속 안타 개수가 똑같아서 더그아웃에서 얘기를 했다. 내가 타석에 나갔을 때는 현빈이가 못 치기를 바랐다고 한다”면서 “현빈이가 마지막에 3루타를 쳐서 ‘쟤는 될 놈이다’ 생각했고, 현빈이가 받을 줄 알았다”고 말했다. 문현빈이 우수 타자상으로 호명돼 기대는 하고 있었다고. 허인서는 ”현빈이가 마지막 수비에서 실책 해서 못 받은 것 같다고 해서 ‘그런 것 같다’고 해줬다”며 웃었다. 허인서는 전날 열린 홈런 더비 예선에서 강백호(한화), 오태곤(SSG)과 똑같이 7개의 홈런을 기록했으나 비거리에서 밀리면서 아쉽게 결선에 오르지 못했다. 전날의 아쉬움을 MVP로 달래게 됐다. 허인서는 “최고의 생일 선물을 받았다”고 했다. 허인서에게는 상금 2000만원과 로봇 안마기가 부상으로 주어졌다. 상금은 전부 부모님께 드린다고 한다. 허인서는 “용돈을 받는 입장에서 얼마 정도는 주시지 않을까 싶다. 팀원들에게는 커피 등을 쏘겠다”고 했다. 한화는 이번 올스타전에서 MVP를 비롯해 홈런 더비 우승(강백호), 우수 타자상(문현빈), 우수 투수상(류현진) 등을 받았다. 허인서는 “우리 팀 타격감이 다 좋아 보인다. 후반기에 더 높은 곳에 있게끔 잘하겠다”고 각오를 다졌다. 김양희 기자 whizzer4@hani.co.kr",https://v.daum.net/v/UhXbQVKpIv
2026.07.11 23:00,"잠실에서 치러지는 마지막 올스타전, 한화의 5년차 포수 허인서가 ‘별 중...",세계일보,"[잠실=남정훈 기자]프로야구 역사와 함께 해온 서울 잠실구장에서 치러지는 마지막 올스타전에서 한화의 ‘허랄리’ 허인서가 별 중의 별로 우뚝 섰다. 허인서는 11일 서울 잠실구장에서 열린 2026 KBO 올스타전 나눔 올스타(LG, 한화, KIA, NC, 키움)의 8번 타자 포수로 선발 출장해 5타수 4안타 1타점 1득점의 맹타를 휘두르고 9회말까지 포수 마스크를 쓰면서 공수 걸쳐 맹활약하며 나눔 올스타가 드림 올스타(SSG, 삼성, kt, 롯데, 두산)를 10-2로 대파하는 데 일등공신이 됐다. 나눔 올스타는 신종 코로나바이러스 감염증(코로나19)으로 2020년과 2021년 올스타전이 열리지 못한 뒤 재개된 2022년부터 올해까지 5년 연속 승리의 기쁨을 맛봤다. 기자단 투표 결과 허인서는 총 26표 중 절반에 해당하는 13표를 휩쓸며 생애 첫 출전한 올스타전에서 MVP를 수상하는 영광을 안았다. 허인서의 팀 동료인 문현빈도 8회 3루타 포함 5타수 4안타 1타점 3득점으로 허인서를 능가하는 맹타를 휘둘렀으나 기자단의 표심은 26표 중 10표에 그쳤다. 허인서는 2000만원의 상금과 바디프렌드의 안마 의자를 부상으로 받았다. 올해로 프로 5년차인 허인서의 연봉은 3600만원. 올해 처음으로 풀타임 시즌을 보내고 있는 허인서는 연봉의 절반이 넘는 금액을 올스타전 MVP 수상으로 버는 기쁨을 누리게 됐다. 이번 올스타전은 올 시즌을 끝으로 철거하는 잠실구장과의 작별을 주제로 꾸며졌다. 장마전선이 잠시 물러난 뒤 무덥고 습한 날씨가 잠실구장을 뒤덮었지만, 10개 구단 팬들은 날씨에도 아랑곳하지 않고 2만3750석을 가득 채우며 야구에 대한 사랑과 열정을 보여줬다. 올스타전 통산 25번째 매진이자 최근 5년 연속 모든 입장권이 팔렸다. 먼저 포문을 연 쪽은 드림 올스타였다. 드림 올스타는 3회말 2사 후 터진 허경민(kt)의 적시타로 선취점을 냈다. 나눔 올스타는 4회초 김주원(NC)의 희생플라이로 동점을 만들고 교체 투입된 이도윤(한화)의 적시타로 역전에 성공했다. 6회초에는 문현빈∼김주원∼허인서∼송찬의(LG)∼이도윤까지 5명의타자가 연속 안타를 터트려 3점을 보탠 뒤 강백호(한화)의 희생플라이와 한준수(KIA)의 적시타까지 묶어 7-1로 달아났다. 드림 올스타는 여기에서 멈추지 않고 8회초 한준수의 1타점 2루타와 문현빈의 1타점 3루타, 구본혁의 1타점 적시타를 묶어 10-1까지 점수를 벌렸다. 이날 나눔 올스타는 2017년 드림 올스타가 세웠던 19안타를 넘어 22개의 안타로 올스타전 한 경기 최다 팀 안타를 기록했다. 두산 키스톤 콤비 박준순(2루수)과 박찬호(유격수)는 메이저리그에서나 볼 수 있었던 호수비를 합작해 진정한 ‘최고의 퍼포먼스’를 보여줬다. 박준순은 5회초 강백호의 안타성 강한 땅볼을 잡아 글러브 토스로 달려오던 박찬호에게 넘겨줬고, 박찬호는 강한 송구로 1루에서 타자 주자를 잡았다. 최형우(삼성)는 2회말 선두타자로 타석에 등장해 42세 6개월 25일로 종전 오승환(41세 11개월 21일)을 넘어 올스타전 최고령 출전 기록을 세웠다. 우수 타자상은 문현빈(한화), 우수 투수상은 류현진(한화), 우수 수비상은 박준순(두산), 승리 감독상은 염경엽(LG) 감독에게 돌아갔다. 황성빈(롯데)은 2024년에 이어 2년 만에 베스트 퍼포먼스상을 다시 받았다. 이들은 모두 상금 300만원을 받는다. 여름밤의 축제를 마친 KBO리그는 16일부터 하반기 일정을 재개한다. 잠실=남정훈 기자 che@segye.com",https://v.daum.net/v/8JinEaLxcu
2026.07.11 22:57,“(문)현빈이는 제가 (타석에)나갔을 때 ‘못 쳤으면 좋겠다’고…” 한화...,마이데일리,"[마이데일리 = 잠실 김진성 기자] “저는 안 그랬는데 (문)현빈이는 제가 (타석에)나갔을 때 ‘못 쳤으면 좋겠다’ 이런 식으로…” 한화 이글스가 다 한 경기였다. 11일 서울 잠실구장에서 열린 2026 KBO리그 올스타전 MVP는 허인서(23)가 차지했다. 허인서는 이날 나눔 올스타 8번 포수로 선발 출전해 5타수 4안타 1타점 1득점으로 미스터 올스타가 됐다. 허인서의 팀 동료 문현빈도 4안타를 쳤다. 1타점에 3득점을 곁들였다. 그러나 기자단의 선택은 허인서였다. 총 26표 중 13표를 받았고, 문현빈은 10표를 받았다. 허인서는 상금 2000만원과 함께 부상으로 바디프랜드 733을 받았다. 허인서는 “올스타에 뽑혔는데 바로 미스터 올스타를 받을 수 있어서 기분이 너무 좋았다. 미스터 올스타는 진짜 내 머릿속에 없었는데 더 기분이 좋다”라고 했다. 그러면서 “현빈이랑 계속 안타 개수가 거의 똑같아서 덕아웃에서도 계속 현빈이랑 얘기했거든요”라고 했다. 여기서 반전의 코멘트가 나왔다. 허인서는 “계속 앞에서 말로는 ‘하나 쳐라, 하나 쳐라’ 그렇게 얘기를 했는데, 나는 안 그랬는데 내가 나갔을 때 현빈이는 ‘(내가)못 쳤으면 좋겠다’ 이런 식으로 얘기하더라”고 했다. 문현빈도 참 MVP를 받고 싶었던 모양이다. 문현빈은 결국 우수타자상을 수상했다. 허인서는 “내가 못 받고 현빈이가 받아도, 그래도 기분은 좋았을 것 같다. 나도 현빈이가 받겠다 생각도 했는데 많은 분이 투표를 해줘서 감사하게 받게 됐다”라고 했다. 허인서에 따르면, 문현빈은 MVP 수상 실패에 대해 “마지막에 수비 실수해서 못 받은 건가?”라고 했다고. 허인서는 “현빈이가 우수타자상을 받고 약간 희망이 생겼다. 옆에서 (강)백호 형도 내가 받을 것이라고 얘기해줘서, 이름이 불리는 그 순간 나도 좀 많이 좋았다”라고 했다. 상금은 어떻게 할까. 허인서는 “일단 부모님에게 다 드릴 것이다. 어차피 용돈을 받는 것이다. 부모님의 마음을 한번 확인해보고 싶다. 집에 두고 다 같이 쓰는 거죠. 그래도 내가 연봉이 높은 선수가 아니어서 커피라도 한번씩 돌리고, 좋은 일을 더 많이 해야 할 것 같다”라고 했다.",https://v.daum.net/v/GL81jnd8sB
2026.07.11 22:55,"‘미스터 올스타’ 허인서 “최고의 생일, 선물 받은 것 같다”[스경X현장...",스포츠경향,"허인서가 자신의 생일날, 생애 첫 출전한 올스타전에서 MVP(최우수선수)상 영예를 안았다. 허인서는 11일 잠실구장에서 열린 KBO 올스타전에서 총 26표 중 13표를 얻어 팀 동료 문현빈(10표)을 제치고 ‘미스터 올스타’로 선정됐다. 허인서는 올스타전을 마치고 “미스터 올스타는 정말 제 머릿속에 없었던 그림인데 이렇게 받게 돼서 기분이 너무 좋다”며 “생일 선물을 받은 것 같다. 최고의 생일”이라고 말했다. 허인서는 이날 5타수 4안타 1타점 1득점으로 나눔팀의 10-2 승리에 기여했다. 문현빈은 5타수 4안타 1타점 3득점이었다. 경기 내내 두 선수의 안타 갯수가 비슷하게 올라가 서로를 의식할 수밖에 없었다. 허인서는 “현빈이랑 계속 안타 갯수가 거의 똑같아서 더그아웃에서 계속 대화했다”며 “MVP를 내가 못 받고 현빈이가 받았어도, 내가 받았을 때만큼은 아니지만 기분은 같이 좋았을 것 같다”고 했다. 이날 문현빈은 우수타자상을 받았다. 시상식에서 미스터 올스타 호명에 앞서 우수타자상 수상자가 발표되자 분위기상 허인서가 미스터 올스타로 뽑힐 것이라는 추측이 가능했다. 허인서는 “현빈이가 우수타자상을 받아서 약간 희망이 생겼다”고 웃으며 “옆에서 강백호 형도 내가 받을 거라고 계속 얘기해줬다. 이름이 실제로 불리는 순간 기분이 많이 좋았다”고 했다. 허인서는 전날(10일) 진행된 홈런더비 예선전에서 7개를 때려 강백호(한화), 오태곤(SSG)과 공동 1위에 올랐다. 하지만 최장 비거리 순으로 2명이 결승에 진출하는 규정 탓에 결선 무대를 밟지 못해 아쉬움을 남겼다. 허인서는 “비거리로 결승 진출자가 가려진다는 걸 처음에는 몰랐다. 현빈이가 작년 홈런더비 때는 서든데스로 하나씩 쳤다고 하길래 이번에도 할 것 같아서 준비하고 있었는데 결승에 못 나간다고 하더라. 내 비거리가 부족했다”고 했다. 잠실 | 유새슬 기자 yooss@kyunghyang.com",https://v.daum.net/v/bgeVvOrNzc
2026.07.11 22:52,"생일날 미스터 올스타 등극한 허인서 ""문현빈 우수타자상 수상 때 확신""",스포츠한국,"[잠실=스포츠한국 심규현 기자] 자신의 생일날 생애 첫 미스터 올스타를 수상한 한화 이글스 허인서가 소감을 전했다. 나눔 올스타는 11일 오후 6시 서울 잠실야구장에서 2026 신한 SOL뱅크 KBO 올스타전 드림 올스타를 상대로 10-2로 이겼다. 2015년부터 진행된 드림과 나눔 맞대결은 이날 경기 결과로 나눔의 6승4패 우위가 됐다. 또한 나눔은 드림을 상대로 5연승에 성공했다. 2026 미스터 올스타는 5타수 4안타 1타점 1득점의 허인서가 차지했다. 한화는 2023년 채은성 이후 3년 만에 미스터 올스타를 배출했다. 미스터 올스타에 오른 허인서는 상금 2000만원을 받는다. 생애 첫 1군 올스타전 출전에서 미스터 올스타까지 받은 그는 ""미스터 올스타는 정말 머릿속에 없었는데 받아 너무 행복하다""고 웃으며 말했다. 이날 허인서는 문현빈과 미스터올스타를 놓고 치열하게 경쟁했다. 8회 문현빈이 3루타를 치고 허인서가 2루 뜬공으로 물러나면서 문현빈이 미스터 올스타에 오르는 것처럼 보였으나 최종 승자는 허인서였다. 허인서는 ""(문)현빈이랑 계속 안타 개수가 같아 더그아웃에서 얘기했었다. (문)현빈이가 앞에서는 '하나 때리라'고 하는데 제가 나갔을 때 '못 쳤으면 좋겠다'고 얘기하더라""면서 ""솔직히 문현빈이 거기서 3루타를 칠 줄 몰랐다. 3루타가 나온 순간 속으로 '될 놈이다, (문)현빈이가 받겠다'고 생각했다. 그래도 문현빈이 받았어도 기분은 좋았을 것 같다""고 밝혔다. 언제 수상을 확신했냐는 질문에는 ""(문)현빈이가 우수타자상 받고 나서 약간 희망이 생겼다. 옆에서 (강)백호 형도 '너가 받을거라'라고 말해주더라. 이름이 불리는 순간 많이 기뻤다""고 웃으며 말했다. 공교롭게도 이날은 허인서의 생일이다. 이날을 ""최고의 생일""이라 표현한 그는 상금 2000만원 활용에 대해 ""일단 부모님께 다 드리고 부모님이 주고 싶은 만큼 받을 계획이다. 얼마를 주실지는 모르겠다""고 말해 웃음을 안겼다. 스포츠한국 심규현 기자 simtong96@sportshankook.co.kr",https://v.daum.net/v/W1N0jnd8yD
2026.07.11 22:52,‘올스타 퍼포먼스만큼은 우리의 것’ 배달 기사→반려견 변신한 황성빈 또 ...,스포츠경향,"롯데가 또 올스타전에서 가장 빛나는 퍼포먼스를 선보였다. 4년 연속 퍼포먼스 상을 배출했다. 롯데 황성빈은 11일 서울 잠실구장에서 열린 2026 KBO 올스타전에서 퍼포먼스 상을 수상했다. 이날 선발 라인업에서는 제외됐지만 황성빈은 경기 후반 가장 강렬한 인상을 안겼다. 황성빈은 이미 2024년에도 이 상을 수상한 바 있다. 당시 ‘배달의 마황’이라고 적힌 헬멧을 쓰고 등장해 배달 기사 퍼포먼스를 선보였다. 1루에서는 한 때 논란을 빚었던 ‘투수 도발 동작’을 선보여 큰 웃음을 끌어냈다. 투수 박세웅에게는 철가방에 담긴 로진백을 배달했고 박세웅은 거스름돈은 안 받는 제스처로 화답했다. 이번에는 반려견으로 변신했다. 황성빈은 7회말 더그아웃에서부터 강아지 모자를 쓰고 입에는 개껌 모양 인형을 물고 변장했다. 그리고 더그아웃 앞에 서 있던 김태형 롯데 감독에게 목줄을 맡겼다. 황성빈은 반려견처럼 그라운드를 네발로 기어다녔고 김 감독은 목줄을 쥐고 산책을 했다. 황성빈이 공을 주우러 뛰어가려고 하자 제지하는 모습도 보였다. 그러다 황성빈 타순이 되자 개껌 인형을 던졌고 황성빈은 입으로 주웠다. 그리고 황성빈은 타자로 변신했다. 바하 멘의 히트곡 ‘후 렛 더 도그스 아웃’에 맞춰 타격을 했다. 황성빈은 경기 후 베스트 퍼포먼스상의 수상자가 됐다. 총 4만3910표 가운데 1만2134표(28%)를 얻었다. 그리고 상금 300만원도 받았다. 롯데는 2023년 김민석(현 두산), 2024년 황성빈, 2025년 전민재에 이어 올해 황성빈까지 4년 연속 베스트 퍼포먼스상 수상자를 독식했다. 잠실 | 김하진 기자 hjkim@kyunghyang.com",https://v.daum.net/v/z2XJZySrUB
2026.07.11 22:51,"생일에 올스타 첫 출전-미스터 올스타까지, 허인서 “MVP는 생각 못했는...",뉴스엔,"[잠실=뉴스엔 글 안형준 기자/사진 유용주 기자] 허인서가 '미스터 올스타' 선정 소감을 전했다. 별들의 축제 '2026 신한 SOL 뱅크 KBO 올스타전'이 7월 11일 서울 잠실구장에서 열렸다. 올시즌을 끝으로 사라지는 잠실 야구장의 마지막 올스타전에서 나눔 올스타가 10-2 승리를 거뒀다. 나눔 올스타 8번 포수로 출전한 허인서(한화)는 5타수 4안타 1타점 맹타를 휘둘렀고 올스타전 MVP '미스터 올스타'로 선정됐다. 팬투표로 생애 첫 올스타에 선정된 것에 이어 첫 출전한 올스타전에서 MVP까지 거머쥔 허인서다. 허인서는 ""올스타에 처음 뽑혔는데 미스터 올스타까지 받아서 기분좋다. 사실 올스타 MVP는 머리 속에 한 번도 없었던 것이었는데 받아서 기분좋다""고 활짝 웃었다. 팀 동료인 문현빈과 MVP 경쟁을 펼친 허인서다. 허인서와 문현빈은 나란히 4안타 1타점을 기록했다. 허인서는 ""현빈이와 계속 안타 수가 같았다. 같이 덕아웃에서 계속 이야기를 했다""며 ""나는 현빈이에게 '하나 치라'고 했는데 내가 타격할 때 현빈이는 '못쳤으면 좋겠다'고 했다더라""고 웃었다. 허인서는 ""물론 내가 받는 것 만큼은 아니겠지만 아마 현빈이가 MVP를 받았어도 기분이 좋았을 것이다""고 덧붙였다. 전날 홈런더비에서도 좋은 모습을 보였던 허인서다. 예선에서 강백호, 오태곤과 나란히 7홈런을 기록했지만 비거리에서 밀려 결승 진출에 실패했다. 허인서는 ""사실 동점일 때 비거리로 순위를 정한다는 것을 몰랐다. 현빈이가 작년에는 동점이면 서든데스를 했다고 하더라. 그래서 서든데스를 준비하고 있었는데 이번에는 안한다더라. 내 비거리가 부족했던 것 같다""고 쓴웃음을 지었다. 허인서는 이날 생일을 맞이했다. 생일에 첫 올스타전 출전 뿐 아니라 MVP까지 수상하는 '겹경사'를 맞이했다. 허인서는 ""생일 선물을 받은 것 같아서 좋다. 최고의 생일인 것 같다""고 웃었다. 문현빈의 활약도 뛰어났던 만큼 마지막까지 MVP 수상 여부를 확신할 수 없었다. 허인서는 ""현빈이가 우수타자상을 받는 것을 보고 내가 MVP를 받을 수도 있겠다는 희망을 가졌다. 내 이름이 수상자로 불리는 순간 너무 좋았다""며 ""현빈이가 '마지막에 수비 실수를 해서 못받은 것 같다'고 하더라. 그래서 '맞다 그런 것 같다'고 해줬다""고 웃었다. 미스터 올스타 상금 2,000만 원도 받았다. 허인서는 ""일단 상금은 부모님께 전부 드릴 것이다. 그리고 '주시고 싶은 만큼 용돈으로 달라'고 할 것이다. 얼마를 주시는지 마음을 확인해보고 싶다""고 말했다. 20대 초반 어린 선수의 장난기가 그대로 드러난 허인서다. 올해 첫 1군 풀타임 시즌을 보내고 있는 허인서는 ""6월 초에는 힘들다는 느낌이 많았는데 이제는 적응이 됐는지 괜찮은 것 같다""며 ""현빈이도 (이)도윤이 형, (강)백호 형도 타격감이 안좋다더니 오늘 치는 것을 보니 다 잘치더라. 후반기에 더 잘할 수 있도록 노력하면 될 것 같다""고 후반기 각오를 다졌다.(사진=허인서) 뉴스엔 안형준 markaj@ / 유용주 yongju@ 기사제보 및 보도자료 newsen@newsen.com copyrightⓒ 뉴스엔. 무단전재 & 재배포 금지",https://v.daum.net/v/uChkz31yCK
2026.07.11 22:48,"효자가 여기 있다! 미스터 올스타 허인서, 연봉 3600만원인데 상금 2...",스포츠조선,"[잠실=스포츠조선 한동훈 기자] 한화 이글스 허인서가 올스타전에 처음 출전해 '미스터 올스타'에 등극했다. 허인서는 11일 잠실구장에서 열린 2026 KBO 올스타전 나눔 올스타(LG 한화 NC KIA 키움)의 8번타자 포수로 선발 출전했다. 허인서는 5타수 4안타 1타점 1득점 불방망이를 휘둘렀다. 나눔은 올스타전 팀 최다안타 신기록(22개)을 갈아치웠다(종전기록은 2017년 드림 19개). 나눔은 드림 올스타(SSG 삼성 KT 롯데 두산)를 10대2로 완파했다. 미스터 올스타는 한화의 집안 싸움이었다. 이도윤 4타수 3안타 3타점, 문현빈 5타수 4안타 1타점 3득점을 기록했다. 총 26표 중 허인서가 13표를 얻었다. 문현빈은 10표를 받았다. 허인서는 미스터 올스타 상금 2000만원과 고급 안마의자를 상품으로 차지했다. 문현빈은 우수타자상(상금 300만원)으로 아쉬움을 달랬다. 마침 이날은 허인서의 생일이었다. 허인서는 2003년 7월 11일에 태어났다. 다음은 허인서 공식 기자회견 일문일답. -소감은 ▶처음 올스타에 뽑혔는데 바로 미스터 올스타를 받아 기쁘다. 미스터 올스타는 진짜 머리 속에 없던 그림이었다. 받아서 기분이 좋다. -문현빈과 경쟁이 치열했다. ▶현빈이랑 안타 수가 똑같았다. 현빈이랑 이야기 계속 했다. 현빈이가 나 못 쳤으면 좋겠다는 식으로 말하더라(웃음). 현빈이가 3루타까지 칠 줄 몰랐다. 치니까 쟤는 될놈이다 싶었다. 현빈이가 받겠다 생각했다. 현빈이가 받았어도 내가 받은 것처럼 축하해주려고 했다. 많은 분들이 투표해주셔서 감사하게 받게 됐다. -홈런더비 예선에서 7개를 치고 비거리 때문에 탈락했는데. ▶비거리로 간다는 걸 몰랐다. 현빈이가 작년에도 나갔는데 서든데스라고 했다. 서든데스 할 줄 알고 준비했다. -오늘 마침 생일이다. ▶이렇게 생일 선물을 받은 것처럼 받아가지고 기분 좋다. 최고의 생일이다. -문현빈과 어떤 이야기 나눴는지. ▶현빈이가 우수타자상 받고 나서 약간 희망이 생겼다. 백호 형도 내가 받을 거라고 이야기 해줘서 이름이 불리는 순간 많이 좋았다. 현빈이 자기가 수비 마지막에 실수해서 못 받았나 그러더라. 그런 것 같다고 했다. -허랄리라는 별명 마음에 드는지. ▶워낙 메이저리그에서 홈런 많이 치고 수비 좋은 포수다. 그런 별명 과분하다. 팬들이 좋아해주셔서 기분이 좋다. 한 번 잘했다고 해서 잘한다고 할 수 없다. 타격도 사이클이 있다. -오늘 한화 분위기 좋아 보이던데. ▶현빈이 도윤이형 백호형도 그렇고 다들 타격감이 안좋다고 그랬는데 타격감이 좋아보이더라. 이어가서 후반기 시작했을때 높은곳에 올라갈수있게 잘할수 있도록 노력하겠다. -상금은? ▶일단 부모님 다 드리겠다. 어차피 용돈 받고 산다. 그 다음에 부모님이 저한테 주고 싶은만큼 주시면 받겠다. 부모님 드리면 부모님의 마음을 확인 해보고싶다. 워낙 큰 금액이라 예상이 안된다. 안마의자는 집에 두고 같이 쓴다. 제가 연봉이 높은 선수가 아니어서 동료들에게는 커피 한잔 돌리면 될 것 같다. -첫 풀타임인데 체력 문제 없는지? ▶6월 초에 힘들다는게 느껴졌다. 지금은 많이 괜찮아졌다. -잠실에 대한 추억이 있는지. ▶한국시리즈 엔트리 들었는데 못 나갔다. 하지만 작년 한국시리즈 분위기 느낄수 있어서 좋았다. 잠실에는 그 추억이 있다 -양의지 강민호의 후계자로 거론된다. ▶이어간다는 말이 과분하다. 그래도 앞으로 야구하면서 좀더 노력을 하고 잘하려고 노력을 해야될거같다. 일단 송구 부분에 있어서 약하다고 생각을 해본적이 없는데 올해 그렇게 도루 저지율이 낮은 편이라 어떤 부분 때문에 그랬는지 생각 많이 해보고 배터리 코치님과 연구하면서 배워나가겠다. 한동훈 기자 dhhan@sportschosun.com",https://v.daum.net/v/8wKhQVKp3N
2026.07.11 22:48,"""안타 나눠드림!"" 나눔, 22안타 퍼부으며 잠실 고별전 완승",에스티엔,"[STN뉴스] 정아람 기자┃나눔 올스타가 11일 서울 잠실구장에서 열린 2026 신한 쏠 KBO 올스타전에서 드림 올스타를 10-2로 완파했다. 이로써 나눔은 2022년부터 5년 연속 올스타전 승리라는 기록을 이어갔다. 나눔과 드림 대결이 시작된 2015년 이후 상대 전적은 나눔이 6승 4패로 앞서게 됐다. 이날 나눔 타선은 장단 22안타를 몰아쳐 역대 올스타전 한 경기 팀 최다 안타 신기록을 세웠다. 기존 기록은 2017년 드림이 세운 19안타였다. 드림은 3회말 박찬호의 2루타와 최원준의 볼넷으로 만든 2사 1, 3루에서 허경민이 중전 적시타를 때려 선취점을 뽑았다. 그러나 나눔은 4회초 오스틴 딘과 문현빈의 연속 안타로 만든 무사 1, 3루에서 김주원의 희생플라이로 동점을 만들었고, 이어 2사 1, 2루에서 이도윤이 역전 적시타를 터뜨려 2-1로 경기를 뒤집었다. 승부는 6회초 갈렸다. 나눔은 문현빈, 김주원, 허인서, 송찬의, 이도윤까지 5타자 연속 안타를 몰아치며 3점을 추가했다. 1사 만루에서는 강백호의 희생플라이와 한준수의 적시타가 이어지며 대거 5득점, 7-1까지 달아났다. 8회초에도 한준수의 1타점 2루타와 문현빈의 1타점 3루타, 구본혁의 적시타가 터지며 10-2로 승기를 굳혔다. 나눔 투수진은 선발 아담 올러를 필두로 류현진, 박준현, 카나쿠보 유토, 전사민, 류진욱, 우강훈, 정해영, 성영탁 등 9명이 이어 던지며 무실점 릴레이 호투를 펼쳤다. 드림에서는 박찬호가 3타수 3안타로 활약했고, 최형우는 2회말 타석에 들어서며 42세 6개월 25일의 나이로 올스타전 최고령 출전 신기록을 썼다. 이날 생애 첫 올스타전에서 5타수 4안타 1타점을 기록한 허인서가 기자단 투표 26표 중 13표를 받아 MVP인 '미스터 올스타'의 영예를 안았다. 경기 전후로는 다양한 퍼포먼스도 이어졌다. 드림 선발 곽빈은 천사 날개를 달고 등장했고, 1회초 타석에 들어선 강백호는 발레리노 분장을 하고 나와 관중들에게 웃음을 선사했다. 이번 올스타전은 잠실구장에서 열리는 마지막 '별들의 축제'였다. 1982년 개장한 잠실구장은 이번 시즌을 끝으로 철거된다. 이날 입장권 2만 3750장은 매진됐으며, 이로써 2022년부터 5년 연속 올스타전 매진 사례가 이어졌다. ※STN뉴스 보도탐사팀 제보하기 당신의 목소리가 세상을 바꾸고, 당신의 목소리가 권력보다 강합니다. STN뉴스는 오늘도 진실만을 지향하며 여러분의 소중한 제보를 기다립니다. ▷ 전화 : 1599-5053 ▷ 이메일 : news@stnsports.co.kr ▷ 카카오톡 : @stnnews / STN뉴스=정아람 기자 dalmiwicked@gmail.com ▶STN 뉴스 공식 모바일 구독 ▶STN 뉴스 공식 유튜브 구독 ▶STN 뉴스 공식 네이버 구독 ▶STN 뉴스 공식 카카오톡 구독",https://v.daum.net/v/WuUZgdMVAg
2026.07.11 22:35,'멍멍!' 롯데 황성빈은 '신 스틸러'…또 베스트 퍼포먼스상,연합뉴스,"(서울=연합뉴스) 이대호 기자 = 프로야구 롯데 자이언츠 외야수 황성빈은 전반기 32개의 도루로 KBO리그 최고의 '도둑'이었다. 여기에 그치지 않고 그는 올스타전마저 '신 스틸러'가 됐다. 황성빈은 11일 서울 잠실구장에서 열린 2026 신한 SOL KBO 올스타전에 5회말 구자욱(삼성 라이온즈)의 대주자로 그라운드를 밟았다. 의욕이 지나쳤던 탓일까. 순조롭게 2루 도루까지는 성공했던 그는 3루까지 노렸으나 포수 허인서(한화 이글스)의 정확한 송구에 잡혔다. 그러나 황성빈은 혼신의 연기로 베스트 퍼포먼스상을 받는 데 성공했다. 최근 몇 년 동안 KBO 올스타전의 유행이 된 퍼포먼스는 선발로 출전한 선수가 유리하기 마련이다. 아무리 재미있는 퍼포먼스라도 뒤로 갈수록 감동이 덜하기 때문이다. 이미 2024년 '오토바이 배달' 퍼포먼스로 상을 받았던 '경력자' 황성빈은 모두의 시선을 사로잡는 쇼를 준비했다. 7회말 더그아웃에서 반려견으로 분장한 그는 더그아웃 앞에 서 있던 김태형(롯데) 감독에게 다가가 목줄을 쥐여줬다. 김 감독은 야구계에서 이름난 반려견 애호가다. 황성빈은 그라운드를 기어 다녔고, 김 감독은 태연하게 목줄을 쥐고 쇼에 동참했다. 김 감독은 한술 더 떠 자신의 타순을 얌전하게 기다리던 황성빈에게 손을 내밀고, 개껌을 던져 주워오도록 시켰다. 마치 행위 예술과 같았던 이 퍼포먼스는 등장곡을 통해 완성됐다. 황성빈이 타석에 들어가자 드림 올스타 응원석에서는 바하 멘의 히트곡 '후 렛 더 도그스 아웃'(누가 개 풀어놨어)을 틀었다. 그리고 관중들은 신나게 노래 가사의 개 짖는 의성어인 가사 '우프'(Woof)를 따라 했다. 황성빈은 팬 투표로 진행한 베스트 퍼포먼스상에서 총 4만3천910표 가운데 1만2천134표(28%)를 얻어 상금 300만원의 주인공이 됐다. 롯데는 2023년 김민석(현 두산 베어스), 2024년 황성빈, 2025년 전민재에 이어 올해 황성빈까지 4년 연속 베스트 퍼포먼스상 수상자를 배출했다. 4bun@yna.co.kr (끝) ▶제보는 카톡 okjebo",https://v.daum.net/v/3njEQVKptb
2026.07.11 22:35,한화 타자들 맹활약 속 마지막 잠실 올스타전 나눔 승리… MVP는 허인서,대전일보,"잠실경기장에서 열린 프로야구 올스타전이 나눔 올스타의 승리로 끝이 났다. 특히 한화 이글스 선수들의 폭발적인 활약을 앞세워 드림 올스타를 완파했다. 그 결과, 우수 타자상은 문현빈, 우수 투수상은 류현진이 수상하게 됐다. 게다가 생애 첫 올스타전 출전인 허인서가 미스터올스타(MVP)로 선발되면서 올스타전을 빛냈다. 한화 이글스를 비롯해 KIA 타이거즈, LG 트윈스, NC 다이노스, 키움 히어로즈로 꾸려진 나눔 올스타는 11일 잠실야구장에서 열린 2026 프로야구 KBO 올스타전에서 드림 올스타에 10-2 대승을 거뒀다. 드림 올스타는 삼성 라이온즈, 두산 베어스, KT 위즈, SSG 랜더스, 롯데 자이언츠로 구성됐다. 나눔 올스타는 이날 선발 투수 아담 올러(KIA)를 필두로 박민우(NC·2루수)-박해민(LG·중견수)-김도영(KIA·3루수)-강백호(한화·지명타자)-오스틴 딘(LG·1루수)-문현빈(한화·우익수)-김주원(NC·유격수)-허인서(한화·포수)-박재현(KIA·좌익수)으로 선발 명단을 꾸렸다. 드림 올스타는 선발 투수 곽빈(두산)을 비롯해 최원준(KT·우익수)-구자욱(삼성·좌익수)-최정(SSG·3루수)-최형우(삼성·지명타자)-르윈 디아즈(삼성·1루수)-양의지(두산·포수)-박준순(두산·2루수)-정수빈(두산·중견수)-박찬호(두산·유격수)로 라인업을 짰다. 선취점은 드림이 먼저 따냈다. 3회 말 박찬호가 좌중간 2루타로 출루한 후, 최원준이 볼넷을 골라 나가며 1사 1, 2루 찬스를 맞았다. 이어 허경민의 적시타로 1-0 리드를 잡았다. 그러나 곧바로 나눔팀이 반격에 나섰다. 4회초 오스틴이 출루한 후 문현빈의 안타로 무사 1, 3루 기회가 만들어졌다. 이어 김주원의 희생플라이로 1-1 균형이 맞춰졌다. 2사 1, 2루 상황에서는 이도윤이 우전 적시타를 치며 2-1로 역전에 성공했다. 나눔은 6회에만 5득점하며 승기를 굳혔다. 문현빈과 김주원의 연속 안타와 허인서의 좌전 적시타가 1점을 더했다. 대타 송찬의의 안타로 만들어진 무사 만루 찬스에서 이도윤이 좌중간 2타점 적시타를 때려냈고, 강백호의 희생플라이, 한준수의 적시타까지 더해 7-1로 달아났다. 8회초 나눔은 한준수의 적시 2루타와 문현빈의 3루타, 구본혁의 적시타가 대거 터지면서 3득점을 더해 10-2로 경기를 마무리지었다. 이날 경기에서 단연 돋보인 것은 한화 야수들이었다. 허인서가 5타수 4안타 1타점을 , 문현빈 역시 5타수 4안타 1타점으로 맹타를 휘둘렀다. 교체 선수로 들어온 이도윤 역시 3타수 2안타 3타점으로 활약했다. 경기 이후 발표된 우수 타자상은 한화 문현빈에게 돌아갔다. 우수 투수상의 주인공 역시 한화의 류현진이었다. 우수 수비상은 박준순(두산), 승리 감독상은 염경엽(LG) 감독이 차지했다. 이들은 모두 상금 300만 원을 받게 됐다. 이날 미스터 올스타의 영광은 한화의 허인서에게 돌아갔다. 생애 첫 올스타전에 참가한 허인서는 5타수 4안타 1타점 1득점으로 기자단 투표 26표 가운데 13표를 얻어 MVP가 됐다. 허인서는 상금 2000만 원과 바디프랜드 안마의자를 부상으로 받는다. 한편 이번 올스타전은 잠실에서 펼쳐지는 마지막 올스타전이다. 프로야구 원년인 1982년 준공된 잠실야구장은 올 시즌을 끝으로 철거된다. 이후 2032년 3월 개장을 목표로 3만 석 규모의 돔구장이 지어질 예정이다.",https://v.daum.net/v/t8zo97pXED
2026.07.11 22:32,"'굿바이 잠실 올스타전' 드림 올스타, 나눔에 10-2 대승…허인서 '별...",연합뉴스TV,"올 시즌을 끝으로 철거되는 서울 잠실구장에서의 마지막 프로야구 올스타전은 화끈한 타격전과 유쾌한 축제의 장이었습니다. 나눔 올스타는 잠실구장을 가득 메운 만원 관중 앞에서 드림 올스타를 10-2로 대파했습니다. 나눔 올스타는 올스타전 5년 연속 승리를 거두며 역대 최다 연승 타이기록을 세웠습니다. 나눔 올스타는 무려 22개의 안타를 터트리며 역대 올스타전 한 경기 최다 팀 안타 기록까지 갈아치웠습니다. 이번 대회 최고의 별인 '미스터 올스타'의 영예는 한화의 허인서에게 돌아갔습니다. 허인서는 5타수 4안타 1타점의 맹타를 휘두르며 MVP에 선정됐는데, 자신의 연봉 절반에 가까운 상금 2천만 원을 거머쥐었습니다. 마지막 잠실 올스타전인 만큼 팬들을 위한 선수들의 깜짝 변장과 퍼포먼스도 경기장을 뜨겁게 달궜습니다. 최고령 출전 기록을 세운 최형우가 별님으로 변신한 데 이어 두산 양의지는 잠옷 차림으로 춤을 추며 입장했고, LG 오스틴은 보안관과 한복 차림으로 관중들을 매료시켰습니다. 특히 롯데 황성빈은 강아지로 분장한 뒤 김태형 감독에게 목줄을 쥐여주는 파격적인 행위 예술을 선보여 베스트 퍼포먼스상을 수상했습니다. 한여름 밤의 뜨거웠던 별들의 축제를 마친 프로야구는 오는 16일부터 본격적인 후반기 레이스에 돌입합니다. #프로야구 #올스타 #허인서 #한화 #두산 #양의지 #팬 연합뉴스TV 기사문의 및 제보 : 카톡/라인 jebo23 김종성(goldbell@yna.co.kr)",https://v.daum.net/v/963I97pXXu
2026.07.11 22:31,"‘22안타 안타쇼’나눔올스타, 5년 연속 ‘별들의 전쟁’ 승리…4안타 허...",문화일보,"잠실 = 정세영 기자 나눔올스타(LG·한화·KIA·NC·키움)가 무시무시한 화력쇼를 앞세워 5년 연속 올스타전 승리를 챙겼다. 한화 포수 허인서는 역대 올스타전 한 경기 최다 타이인 4안타를 몰아쳐 최우수선수(MVP)에 선정됐다. 나눔올스타는 11일 잠실구장에서 열린 드림올스타(삼성·롯데·두산·SSG·KT)와의 2026 신한 쏠(SOL) KBO 올스타전에서 장단 22안타를 몰아치며 10-2로 이겼다. 22안타는 역대 팀 최다 안타 신기록이다. 종전 기록은 2017년 드림올스타의 19안타였다. 나눔올스타는 이날 승리로 2022년부터 5년 연속 올스타전에서 승리했다. 프로야구 올스타전은 2015년 10개 구단 체제가 된 이후 나눔올스타와 드림올스타의 대결로 열리고 있다. 역대 전적에서는 나눔올스타가 6승 4패로 앞서 있다. 0의 균형이 깨진 것은 3회 말이었다. 드림올스타는 1사에서 박찬호(두산)의 좌중간 2루타로 기회를 잡았다. 이어 최원준(KT)이 볼넷으로 출루했고, 구자욱(삼성)의 유격수 앞 땅볼 때 주자들이 진루해 2사 1, 3루가 됐다. 드림올스타는 이어 나온 허경민(KT)이 중전 적시타를 날려 선취점을 뽑았다. 하지만 나눔올스타는 곧바로 반격에 나섰다. 4회 초 선두타자 오스틴 딘(LG)과 문현빈(한화)의 연속 안타로 무사 1, 3루 기회를 잡았고, 김주원(NC)의 중견수 희생플라이로 1-1 동점을 만들었다. 계속된 찬스에서 허인서가 3루수 글러브를 맞고 좌익수 방면으로 흐르는 안타를 때려 1, 2루 기회를 이어갔다. 박재현(KIA)이 삼진으로 물러났지만, 이도윤(한화)이 우전 적시타를 날려 2-1로 역전했다. 나눔올스타는 6회 ‘빅이닝’을 만들며 승기를 잡았다. 선두타자 문현빈의 중전 안타에 이어 김주원이 우전안타를 때려 만든 1,2루에서 허인서가 1타점 좌전 적시타를 날려 3-1로 달아났다. 이어 송찬의(LG)의 우전 안타로 만루 기회를 만들었고, 이도윤이 좌중간 2타점 적시타를 터뜨려 5-1로 격차를 벌렸다. 나눔올스타의 공세는 계속됐다. 나눔올스타는 다시 만루 기회를 잡은 뒤 강백호(한화)의 우익수 희생플라이와 한준수(KIA)의 1타점 우중간 적시타를 묶어 7-1까지 달아났다. 기세를 올린 나눔올스타는 8회 한준수, 문현빈, 구본혁(LG)의 연속 적시타로 3점을 추가하며 승부에 쐐기를 박았다. 드림올스타는 9회 말 마지막 공격에서 1점을 만회하는 데 그쳤다. 허인서는 이날 5타수 4안타 1타점 1득점을 올렸다. 문현빈도 5타수 4안타 1타점 3득점으로 활약했다. 올스타전 한 경기 4안타는 허인서와 문현빈을 포함해 이날까지 총 13차례 나왔다. 종전 마지막 기록은 2019년 올스타전에서 한유섬(SSG)이 작성했다. 허인서는 기자단 투표에서 유효투표수 26표 중 13표를 얻어 문현빈(10표)을 따돌리고 미스터 올스타에 선정됐다. 허인서는 상금 2000만 원과 바디프랜드 안마의자 ‘733’을 받았다. 나눔올스타에는 우승 상금 3000만 원이 돌아갔다. 2022년 신인드래프트 2차 2라운드 11순위로 독수리 유니폼을 입은 허인서는 전반기 73경기에서 타율 0.292, 12홈런, 45타점을 남겼다. 시즌 초반만 해도 백업 포수였지만, 최재훈을 제치고 주전 포수로 자리 잡았다. 허인서는 지난해까지 1군 28경기에서 49타석만 소화해 신인왕 자격도 갖추고 있다. 다른 개인상은 양 팀이 나눠 가졌다. 나눔올스타의 문현빈은 우수 타자상, 류현진(한화)은 우수 투수상을 받았다. 드림올스타의 박준순(두산)은 우수 수비상을 차지했다. 나눔올스타를 승리로 이끈 염경엽 LG 감독은 승리 감독상을 받았다. 드림올스타의 황성빈(롯데)은 베스트 퍼포먼스상 투표에서 총 4만3910표 중 가장 많은 1만2134표를 얻었다. 황성빈은 7회 말 타석을 앞두고 강아지 분장을 한 채 등장했다. 이어 김태형 롯데 감독에게 직접 목줄을 건넸고, 김 감독은 개껌을 던져주며 퍼포먼스에 동참했다. 관중석에서는 바하 멘의 히트곡 ‘후 렛 더 도그스 아웃(Who Let the Dogs Out)’이 흘러나와 ‘누가 잠실에 개를 풀어놨나’를 주제로 한 장면을 완성했다. 이들에게는 각각 상금 300만 원이 수여됐다. 허인서를 포함한 개인상 수상자 전원에게는 25만 원 상당의 메디힐 시상품도 주어졌다. 정세영 기자",https://v.daum.net/v/30Q4IDcnCz
2026.07.11 22:29,퍼포먼스 장인 '내가 주인공' 롯데 황성빈 2024년 이어 두 번째 수상...,마이데일리,"[마이데일리 = 잠실 류한준 기자] '별들의 무대'인 프로야구 올스타전을 대표하는 볼거리는 선수들이 선보이는 여러 퍼포먼스다. 11일 잠실구장에서 열린 2026 KBO리그 올스터전에도 나눔 올스타(키움 히어로즈, KIA 타이거즈, 한화 이글스, LG 트윈스, NC 다이노스)와 드림 올스타(롯데 자이언츠, 두산 베어스, 삼성 라이온즈, KT 위즈, SSG 랜더스)에 선발된 선수들이 타석과 마운드로 나가기 전 다양한 콘셉트로 퍼포먼스를 선보였다. 무더위와 폭염경보에도 잠실구장을 찾은 야구팬들은 올스타 선수들이 보이는 퍼포먼스에 환호성과 박수로 화답했다. 잠실구장에서 치러지는 마지막 올스타전 퍼포먼스상은 드림 올스타 황성빈(롯데)이 받았다. 황성빈은 이로써 올스타전에서 개인 두 번째로 퍼포먼스 수상자가 됐다. 그는 지난 2024년 올스타전에서 '배달의 마황' 콘셉트로 타석에 들어서기 전 오토바이(스쿠터)를 몰고 등장했다. 콘셉트에 맞춰 배달용 철가방도 준비했다. 황성빈은 이번 올스타전을 맞이해 '나는 이 게임을 해봤어요'라는 콘셉트를 잡았다. 롯데 구단은 ""(황성빈은) 올스타전 시작 시 더그아웃에서 '나는 이 게임을 해봤어요!'라는 현수막을 든다""고 전했다. 그러면서 ""타석에 등장시 강아지 분장을 하고 나타내면 드림 올스타 감독을 비롯한 코칭스태프 또는 선수들이 황성빈을 강아지 주인처럼 하네스(강아지나 고양이 등 반려동물의 목에 무리가 가는 걸 방지하기 위해 가슴과 등 부위를 감싸는 산책용 줄)를 걸고 함께 타석으로 가는 콘셉트""라고 덧붙였다. 황성빈은 준비한대로 퍼포먼스를 선보였다. 대주자로 교체 투입된 그는 7회말 맞이한 첫 타석에 들어서기 전 강아지 분장을 하고 타석까지 가 잠실구장을 찾은 팬들로부터 큰 환호와 웃음을 받았다. 김태형 롯데 검독이 강아지 콘셉트에서 황성빈을 타석까지 안내했다. 그는 해당 타석에선 삼진으로 돌아섰지만 9회말 다시 돌아온 타석에선 안타를 쳤고 3루 주자 오태곤(SSG)이 홈으로 들어와 타점도 올렸다. 류한준 기자 hantaeng@mydaily.co.kr",https://v.daum.net/v/uXHpoex2Id
2026.07.11 22:29,잠실의 마지막 올스타전서 ‘나눔’ 5연승…‘미스터올스타’ 허인서,강원도민일보,"잠실구장에서 마지막으로 펼쳐진 프로야구 올스타전에서 나눔 올스타가 장단 22안타를 몰아치며 5년 연속 승리를 이어갔다. 나눔 올스타(LG 트윈스·한화 이글스·NC 다이노스·KIA 타이거즈·키움 히어로즈)는 11일 서울 잠실구장에서 열린 2026 신한 SOL뱅크 KBO 올스타전에서 드림 올스타(SSG 랜더스·삼성 라이온즈·kt wiz·롯데 자이언츠·두산 베어스)를 10-2로 제압했다. 나눔 올스타는 신종 코로나바이러스 감염증(코로나19) 여파로 2020년과 2021년 대회가 취소된 뒤 올스타전이 재개된 2022년부터 올해까지 5회 연속 승리했다. 올스타전 5연승은 동군이 1987∼1991년과 2004∼2008년 두 차례 작성한 역대 최다 연승과 같은 기록이다. 허인서(한화)는 5타수 4안타 1타점 1득점의 맹타를 휘두르며 생애 처음으로 ‘미스터 올스타’에 선정됐다. 기자단 투표 26표 중 13표를 받은 허인서는 올스타전 최우수선수(MVP) 상금 2000만원과 바디프랜드 안마의자 733을 부상으로 받았다. 올해 연봉이 3600만원인 허인서는 연봉의 절반을 웃도는 상금을 한 경기에서 챙겼다. 이번 올스타전은 올 시즌을 끝으로 철거될 잠실구장과의 작별을 주제로 진행됐다. 장마전선이 물러난 뒤 무더위가 찾아왔지만 야구팬들은 잠실구장 2만3750석을 가득 메웠다. 올스타전 통산 25번째 매진이자 5년 연속 전 좌석 매진이다. 시구 행사에는 잠실구장을 홈으로 사용해 온 LG와 두산의 전설들이 참여했다. LG에서는 김용수와 김동수 배터리가 나섰고, 두산에서는 OB 시절 프로야구 초창기를 대표했던 박철순과 김경문이 시구와 시포를 맡았다. 선취점은 드림 올스타가 뽑았다. 3회말 2사 후 허경민(kt)이 적시타를 터뜨려 먼저 앞서갔다. 나눔 올스타는 4회초 김주원(NC)의 희생플라이로 승부를 원점으로 돌린 뒤 이도윤(한화)의 적시타로 경기를 뒤집었다. 승부는 6회초 급격히 기울었다. 문현빈(한화)을 시작으로 김주원, 허인서(한화), 송찬의(LG), 이도윤까지 5타자가 연속 안타를 때려 3점을 추가했다. 이어 강백호(한화)의 희생플라이와 한준수(KIA)의 적시타까지 나오면서 점수는 7-1로 벌어졌다. 나눔 올스타는 8회초에도 한준수의 1타점 2루타와 문현빈의 1타점 3루타, 구본혁(LG)의 적시타를 묶어 10-1까지 달아나며 승부에 쐐기를 박았다. 나눔 올스타는 이날 모두 22안타를 기록해 2017년 작성한 종전 올스타전 한 경기 팀 최다 안타 기록인 19개를 넘어섰다. 선수들이 준비한 이색 퍼포먼스도 팬들의 눈길을 끌었다. 올스타 최다 득표자인 양의지(두산)는 잠옷 차림에 베개와 이불을 들고 등장해 그룹 ‘아이오아이’(I.O.I)의 곡 ‘갑자기’에 맞춰 공연을 펼쳤다. 두산에서 방출된 뒤 롯데의 필승조로 자리 잡은 현도훈은 어사화를 쓰고 팀 동료 김진욱과 박정민이 만든 손가마를 타고 마운드에 올랐다. 오스틴 딘(LG)은 두 차례 색다른 의상을 선보였다. 첫 타석에서는 고향인 미국 텍사스주를 연상시키는 보안관 복장을 하고 모형 권총을 돌렸다. 두 번째 타석에서는 한복을 입고 팬들이 붙여준 별명인 ‘잠실 오씨’가 적힌 족자를 펼쳤다. 황성빈(롯데)은 7회말 타석을 앞두고 강아지 분장을 한 채 김태형 롯데 감독에게 목줄을 건넸다. 김 감독은 황성빈에게 개껌을 던지며 ‘누가 잠실에 개 풀어놨어’를 주제로 한 퍼포먼스에 동참했다. 관중석에는 바하 멘의 히트곡 ‘후 렛 더 도그스 아웃’(누가 개 풀었어)이 흘러나오며 분위기를 끌어올렸다. 두산의 키스톤 콤비 박준순과 박찬호는 화려한 수비로 팬들의 탄성을 자아냈다. 박준순은 5회초 강백호의 안타성 강한 땅볼을 잡은 뒤 달려오던 박찬호에게 글러브 토스로 공을 전달했다. 박찬호는 곧바로 1루에 강하게 송구해 타자 주자를 잡아냈다. 최형우(삼성)는 2회말 선두타자로 출전해 42세 6개월 25일의 나이로 종전 오승환의 41세 11개월 21일을 넘어 올스타전 최고령 출전 기록을 새로 썼다. 우수 타자상은 문현빈, 우수 투수상은 류현진(이상 한화), 우수 수비상은 박준순, 승리 감독상은 염경엽 LG 감독에게 돌아갔다. 황성빈은 2024년에 이어 2년 만에 베스트 퍼포먼스상을 다시 수상했다. 수상자들에게는 각각 상금 300만원이 지급됐다. 여름밤의 별들의 축제를 마친 KBO리그는 오는 16일부터 후반기 일정을 시작한다.",https://v.daum.net/v/y4ceTImjy6
2026.07.11 22:27,‘잠실의 마지막 별’은 허인서! 나눔 올스타 승리로 화려한 피날레 (종합...,MHN스포츠,"(MHN 황혜성 기자) 잠실야구장의 마지막 올스타전에서 한화의 허인서가 가장 밝게 빛나는 별로 떠올랐다. 나눔 올스타는 11일 서울 잠실야구장에서 열린 2026 신한 SOL KBO 올스타전에서 드림 올스타를 10-2로 꺾었다. 나눔 올스타의 5연승이다. 잠실야구장에서 열린 마지막 올스타전이었다. 1982년 문을 연 잠실야구장은 올 시즌을 끝으로 프로야구 경기 개최를 마무리할 예정이다. 이날 드림 올스타는 1번 최원준(우익수)을 시작으로 구자욱(좌익수)-최정(3루수)-최형우(지명타자)-르윈 디아즈(1루수)-양의지(포수)-박준순(2루수)-정수빈(중견수)-박찬호(유격수) 순으로 선발 라인업을 구성했다. 선발 마운드에는 두산 베어스 곽빈이 올랐다. 나눔 올스타는 1번 박민우(2루수), 2번 박해민(중견수), 3번 김도영(3루수), 4번 강백호(지명타자), 5번 오스틴 딘(1루수), 6번 문현빈(우익수), 7번 김주원(유격수), 8번 허인서(포수), 9번 박재현(좌익수) 순으로 맞섰다. 선발 투수는 KIA 타이거즈 아담 올러가 맡았다. 한화 이글스 허인서는 4타수 3안타 2타점의 맹타를 휘두르며 나눔 올스타의 승리를 이끌었다. 선발 포수로 출전한 허인서는 첫 타석부터 안타를 신고하며 좋은 타격감을 보였다. 이후에도 두 차례 안타를 추가해 3안타 경기를 완성했고, 득점권에서는 주자를 홈으로 불러들이며 해결사 역할까지 해냈다. 특히 6회에는 문현빈을 홈으로 불러들이는 적시타를 터뜨리며 나눔 올스타가 흐름을 가져오는 데 힘을 보탰다. 안방에서도 투수진을 안정적으로 이끈 허인서는 공수에서 존재감을 드러냈고, 경기 최고의 활약을 인정받아 ‘미스터 올스타’에 선정됐다. 문현빈도 5타수 4안타 1타점 3득점으로 나눔 올스타 타선을 이끌었다. 문현빈은 8회초 1사 2루에서 우중간을 가르는 1타점 적시 3루타를 터뜨렸다. 빠른 발을 앞세워 단숨에 3루까지 내달린 문현빈은 힘찬 세리머니를 펼치며 잠실야구장을 뜨겁게 달궜다. 이도윤도 3타수 2안타 2타점을 기록하며 승리에 힘을 보탰다. 투수진에서는 류현진이 인상적인 투구를 선보였다. 2회 마운드에 오른 류현진은 빠른 공 대신 시속 121㎞ 안팎의 공으로 타자들과 승부하며 1이닝을 무실점으로 막았다. 베테랑다운 여유 있는 투구로 잠실야구장을 찾은 팬들의 박수를 받았다. 올스타전답게 선수들의 개성 넘치는 퍼포먼스도 이어졌다. 오스틴과 곽빈을 비롯한 선수들은 화려한 의상과 재치 있는 세리머니로 팬들에게 웃음을 선사했다. 베스트 퍼포먼스상의 주인공은 황성빈이었다. 강아지로 변신해 그라운드에 등장한 황성빈은 특유의 익살스러운 연기로 김태형 감독과 함께 잠실야구장을 웃음바다로 만들며 수상의 영예를 안았다. 경기 종료 후 가장 큰 관심을 모은 ‘미스터 올스타’에는 허인서가 선정됐다. 허인서는 한국야구기자회 소속 기자단 투표에서 총 26표 가운데 13표를 받아 생애 첫 미스터 올스타에 올랐다. 허인서에게는 상금 2,000만원과 트로피, 안마의자와 메디힐 시상품이 부상으로 주어졌다. 우수 투수상은 1이닝을 무실점으로 막은 류현진이 차지했다. 우수 타자상은 5타수 4안타 1타점 3득점으로 맹활약한 문현빈에게 돌아갔다. 박준순은 박찬호와 합작한 화려한 수비로 우수 수비상을 받았고, 강아지로 변신해 팬들에게 가장 큰 웃음을 선사한 황성빈은 베스트 퍼포먼스상을 수상했다. 승리 감독상은 나눔 올스타를 이끈 염경엽 감독이 차지했다. 우승팀 나눔 올스타에는 상금 3,000만원이 주어졌다. 승리 감독상과 우수 투수상, 우수 타자상, 우수 수비상, 베스트 퍼포먼스상 수상자에게는 각각 상금 300만원과 트로피, 메디힐 시상품이 수여됐다. 미스터 올스타에게는 지난해보다 1,000만원 늘어난 상금 2,000만원이 주어졌다. 모든 시상식이 끝난 뒤에도 팬들은 쉽게 자리를 떠나지 못했다. 잠실야구장 위로 화려한 불꽃이 수놓아지며 마지막 올스타전의 대미를 장식했다. 잠실야구장의 44년 역사는 올해를 끝으로 막을 내리지만, 그곳에서 만들어진 수많은 추억은 팬들의 가슴속에 영원히 남을 것이다. ◇2026 KBO 올스타전 시상 결과 ▲미스터 올스타=허인서(한화 이글스) ▲우수 투수상=류현진(한화 이글스) ▲우수 타자상=문현빈(한화 이글스) ▲우수 수비상=박준순(두산 베어스) ▲베스트 퍼포먼스상=황성빈(롯데 자이언츠) ▲승리 감독상=염경엽 감독(LG 트윈스)",https://v.daum.net/v/2bQ1dP4qJM
2026.07.11 22:27,"나눔, '굿바이 잠실' 올스타전 10-2 완승…'별중의 별' 허인서(종합...",뉴스1,"(서울=뉴스1) 권혁준 기자 = 잠실구장에서 열린 마지막 올스타전에서 나눔 올스타가 불방망이를 앞세워 완승을 거뒀다. KIA, LG, 한화, NC, 키움 연합팀인 나눔 올스타는 12일 대전 한화생명볼파크에서 열린 2025 신한 SOL뱅크 KBO 올스타전에서 삼성, 두산, KT, SSG, 롯데 연합의 드림 올스타를 10-2로 제압했다. 이로써 나눔 올스타는 올스타전이 드림과 나눔 체제로 바뀐 2015년 이후 열린 10번의 올스타전(2020, 2021년은 코로나19로 인해 미개최)에서 6승 4패의 우위를 이어갔다. 특히 나눔 올스타는 2022년 이후 5년 연속 드림 올스타에 승리를 거뒀다. 이날 나눔은 무려 22안타를 폭발하며 드림 마운드를 두들겼다. 22안타는 올스타전 한 경기 팀 최다 안타 신기록이다. 종전 기록은 2017년 올스타전에서 드림이 기록한 19안타였다. 특히 한화 소속 선수들 활약이 빛났다. 교체 투입된 이도윤이 결승타를 포함해 4타수 3안타 3타점으로 공격을 주도했고, 허인서와 문현빈은 각각 4안타씩을 합작했다. 이 세 선수가 나눔 안타의 절반인 11안타를 쓸어 담았다. 마운드도 아담 올러(KIA)를 필두로 류현진(한화), 안우진, 박준현(이상 키움), 전사민(NC), 우강훈(LG), 카나쿠보 유토(키움), 정해영(KIA), 류진욱(NC), 성영탁(KIA) 등 10명의 투수가 9이닝을 나눠 던지면서 드림 타선을 1실점으로 묶었다. 3회 1실점한 안우진, 9회 1점을 준 성영탁을 제외하고는 모든 투수가 무실점 호투를 펼쳤다. 드림은 투타 모두 침체를 보이며 완패했다. 드림 4번 지명타자로 나선 최형우(삼성)가 42세6개월25일의 역대 올스타전 최고령 출전 신기록을 세운 게 유일한 위안거리였다. 최형우는 오승환(2024년)의 41세11개월21일, 양준혁(2010년)의 41세1개월28일 등 투·타 통틀어 최고령 올스타 출전 선수가 됐다. '최고의 별' 미스터 올스타의 영예는 허인서에게 돌아갔다. 허인서는 26표 중 13표를 받아 문현빈(10표)을 3표 차로 따돌렸다. 상금 2000만 원과 바디프렌드 안마의자를 부상으로 받은 2003년 7월 11일 생인 허인서는 잊을 수 없는 최고의 생일을 보내게 됐다. 우수 투수상은 나눔 류현진, 우수 타자상은 문현빈, 우수 수비상은 드림의 박준순(두산)에게 돌아갔으며, 베스트 퍼포먼스상은 드림 황성빈(롯데)이 받았다. 이날 경기는 1983년(2차전), 1985년(1차전), 1986년, 1988년, 1990년, 1992년, 1994년, 1996년, 2001년, 2006년, 2011년, 2022년에 이어 잠실에서 열린 13번째 올스타전이었다. 잠실구장은 올 시즌을 끝으로 철거가 확정돼 역사 속으로 사라질 예정으로, 이날 경기는 잠실에서 열리는 마지막 올스타전이라는 의미가 있었다. 선수들의 다양한 퍼포먼스로 팬들에게 다채로운 볼거리를 제공한 가운데 초반은 투수전의 양상이 펼쳐졌다. 기선을 제압한 건 드림이었다. 3회말 1사 후 박찬호(두산)의 2루타, 최원준(KT)의 볼넷으로 찬스를 잡았고, 2사 후 허경민(KT)의 적시타로 선취점을 냈다. 나눔은 4회초 곧장 반격했다. 오스틴 딘(LG)과 문현빈의 연속 안타로 만든 무사 1,3루에서 김주원(NC)의 희생플라이로 동점을 만들었다. 이후 허인서의 안타로 찬스를 이어갔고, 2사 후 이도윤의 적시타로 역전에 성공했다. 한 점 차의 살얼음 리드를 이어가던 나눔은 클리닝 타임 이후 이어진 6회초 바뀐 투수 박정민(롯데)을 공략하며 대량 득점에 성공했다. 문현빈, 김주원의 연속 안타로 찬스를 만들었고, 허인서의 적시타로 귀중한 추가점을 냈다. 이어 대타 송찬의(LG)의 뜬공을 드림 수비가 잡지 못해 무사 만루가 됐고, 이도윤의 2타점 적시타가 터졌다. 이후 강백호(한화)의 희생플라이, 한준수(KIA)의 적시타로 7-1까지 벌리며 승부의 추가 크게 기울었다. 나눔은 8회초 한준수, 문현빈, 구본혁의 연속 적시타로 3점을 추가해 사실상 승리를 확정했다. 드림이 9회말 마지막 공격에서 황성빈의 적시타로 1점을 만회했으나 대세엔 지장이 없었다. 승리투수는 나눔 안우진, 패전투수는 드림 현도훈이 기록했다. starburyny@news1.kr",https://v.daum.net/v/9FCqALJ6Hf
2026.07.11 22:26,"굿바이 잠실, 마지막 올스타전…MVP는 생일 맞은 허인서",한겨레,"4회초 드림 올스타 투수가 현도훈(롯데)으로 교체됐다. 장원급제한 듯 어사화를 쓴 모습이었다. 팀 동료 박정민, 김진욱이 손가마까지 태워줬다. 현도훈은 2018년 잠실야구장을 홈으로 쓰는 두산에서 프로 데뷔했지만 1년 만에 방출됐던 아픔이 있다. 2024년부터 롯데에서 뛰고 있는데, 올해 기량이 만개해 생애 첫 올스타(감독 추천)에 선정됐다. ‘잠실로 금의환향.’ 현도훈 퍼포먼스의 의미였다. 그리고, 자신의 임무를 다 마친 뒤 그는 준비한 주머니에 마운드의 흙을 한 줌, 한 줌 넣었다. 방출의 아픔을 느꼈던 곳, 별들의 무대에 처음 선 곳, 그리고 올 시즌이 끝나면 영영 사라질 곳. 그는 흙과 함께 잠실야구장의 기억을 박제했다. 11일 저녁 열린 2026 KBO 올스타전에서 선수들은 자신들만의 방법으로 잠실야구장에서의 마지막 올스타전을 즐겼다. 강백호(한화)는 평소 타격 때 자주 보이던 턴에서 착안해 발레리노 복장을 했고, 아담 올러(KIA)는 ‘나루토’, 전용주(KT)는 ‘주술회전’ 캐릭터를 따라 했다 오스틴 딘(LG)은 첫 타석 때는 고향인 미국 텍사스를 떠오르게 하는 ‘텍사스 보안관’을 연기했고, 두번째 타석 때는 한복을 착용하고 팬들의 애정이 담긴 별명 ‘잠실 오씨’가 적힌 족자를 펼쳤다. 최원준(KT)은 팬들이 지어준 별명 ‘공주’(공포의 주둥이)에서 따온 공주 복장을, 박재현(KIA)은 ‘끼끼’ 별명대로 손오공 복장을 했다. 압권은 황성빈(롯데)이었다. 2024년 ‘배달의 마황’ 주제로 택배 기사로 변신했던 황성빈은 올해는 강아지 분장을 하고 나왔고, 김태형 롯데 감독이 그의 목줄을 잡았다. 김 감독은 자꾸만 그라운드로 뛰쳐나가려던 그를 붙잡아 웃음을 자아냈다. 배경 음악까지 ‘후 렛 더 도그즈 아웃’(누가 개를 풀어놨어)이어서 몰입감이 더 컸다. 김 감독은 황성빈의 타석이 돌아오자 그를 풀어줬다. 그리고, 황성빈은 또다시 베스트 퍼포먼스 주인공이 됐다. 총 투표수 4만3910표 중 1만2134표(득표율 28%)를 받았다. 이날 경기에서는 장단 22안타를 터뜨린 나눔 올스타가 10-2로 드림 올스타를 꺾었다. 22안타는 올스타전 한 경기 팀 최다 안타 기록(종전 2017년 드림 19안타)이다. 나눔 올스타의 허인서와 문현빈(이상 한화)이 각각 4안타를 작렬시켰다. 한화 이도윤 또한 4타수 3안타 3타점을 기록했다. 안타 22개 중 11개를 한화 선수들이 쳐냈다. 우승팀인 나눔 올스타는 3000만원의 상금을 받았다. ‘미스터 올스타’는 5타수 4안타 1타점 1득점을 기록한 허인서가 차지했다. 기자단 투표 26표 중 13표(50%)를 받으면서 팀 후배 문현빈(10표)을 3표 차이로 제쳤다. 올스타전 첫 출전에서 MVP까지 차지한 허인서는 상금 2000만원과 로봇 안마기를 부상으로 받았다. 이날이 생일인 터라 더 뜻깊은 날이 됐다. 우수 타자상은 문현빈, 우수 투수상은 류현진(한화)이 수상했다. 전날 홈런 더비에서 강백호(한화)가 우승했던 터라 올해 올스타전은 독수리 무대가 됐다. 우수 수비상은 박준순(두산)이 받았다. 문현빈, 류현진, 박준순은 상금 300만원을 획득했다. 잠실야구장에서의 마지막 올스타전을 보기 위해 모인 관중은 총 2만3750명(매진)이었다. 3루측에서 나눔 올스타를 응원한 팬들은 9회초 ‘남행열차’를 다 같이 열창했다. “만날 수는 없어도, 잊지는 말아요. 당신을 사랑했어요~.” 잠실야구장을 향한 야구팬들의 작별 인사와도 같은 노래였다. 선수들과 팬들은 시상식 뒤 내년부터는 절대 다시 볼 수 없는 하늘 위로 펑펑 터지는 불꽃놀이를 바라보면서 ‘잠실야구장 올스타전’과 작별을 고했다. 김양희 기자 whizzer4@hani.co.kr",https://v.daum.net/v/tShEp5HlmI
2026.07.11 22:25,배달의 마황 또 사고쳤다! 김태형의 애완견 변신→베스트 퍼포먼스상 탈환하...,OSEN,"[OSEN=잠실, 이후광 기자] 배달의 마황이 돌아왔다. 드림 올스타 소속의 황성빈(롯데 자이언츠)은 11일 서울 잠실구장에서 열린 2026 신한 SOL KBO 올스타전에서 베스트 퍼포먼스상을 수상했다. 황성빈은 총 투표수 4만3910표 중 1만2134표(28%)를 획득, 배달원으로 변신해 큰 재미를 안겼던 2024년 올스타전 이후 2년 만에 베스트 퍼포먼스상의 주인공이 됐다. 압권은 7회말이었다. 황성빈이 강아지 분장을 하고 뼈다귀를 입에 문 채 그라운드에 깜짝 등장한 것. ‘성빈’이라는 뼈다귀 이름표가 달린 하네스까지 착용했는데 순식간에 1루 베이스코치를 맡은 ‘스승’ 김태형 감독의 애완견이 됐다. 황성빈 타석이 되자 김 감독이 뼈다귀 인형을 타석 쪽으로 던졌고, 황성빈이 이를 향해 빠르게 달려가며 강렬했던 퍼포먼스가 마무리됐다. 독보적인 퍼포먼스로 올스타전 분위기를 뜨겁게 달군 황성빈은 상금 300만 원을 차지했다. /backlight@osen.co.kr",https://v.daum.net/v/2n8u7F5TSt
2026.07.11 22:25,"잠실의 마지막 KBO 올스타전…""한 페이지가 될 수 있게~!""",에스티엔,"[STN뉴스] 정아람 기자┃'별들의 잔치'를 향한 야구팬들의 열기는 30도를 웃도는 폭염도 막아서지 못했다. 11일 서울 잠실구장에서 열린 '2026 신한 쏠 KBO 올스타전'이 경기 시작 전 일찌감치 매진을 기록하며 5년 연속 만원 관중이라는 대기록을 썼다. KBO 사무국은 이날 오후 5시 28분을 기해 총 2만 3,750석의 좌석이 모두 주인을 찾았다고 공식 발표했다. 역대 올스타전 중 최다 관중 기록은 잠실에서 개최된 1984년 1차전의 3만 5천 명이며, 이후 구장 리모델링 등을 거치며 관중석 규모는 점진적으로 변화해 왔다. 올해를 끝으로 철거를 앞둔 잠실구장에서 열리는 이번 올스타전은 이곳에서 개최되는 14번째이자 마지막 별들의 축제다. 1982년 개장 이후 역사의 뒤안길로 사라지게 된 잠실구장의 마지막을 함께하기 위해, 10개 구단 팬들은 경기 시작 수 시간 전부터 구장을 가득 메웠다. 2032년 완공 예정인 잠실 돔구장은 3만 석 규모로 건설될 계획이다. KBO는 잠실구장의 마지막을 기념하기 위해 'Re:잠실'을 테마로 팬 페스트존을 운영했다. 특히 'Re:member 잠실' 체험존에서는 실제 내야 흙을 공병에 담아갈 수 있는 행사가 열려 팬들의 큰 호응을 얻었다. 30도가 넘는 폭염 속에서도 야구팬들은 저마다의 잠실에 대한 추억을 되새기며 축제를 즐겼다. 이번 올스타전의 마지막 의미를 더하기 위해 한국 야구의 전설들이 마운드와 홈플레이트에 섰다. OB 베어스의 박철순과 LG 트윈스의 김용수가 시구·시포자로 나섰고, OB 창단 멤버인 김경문 한화 감독과 LG의 대표 포수 출신 김동수 서울고 감독이 함께해 잠실의 마지막을 기념했다. 한편, '기록의 사나이' 최형우(삼성)는 이날 2회말 드림팀 선두 타자로 나서 42세 6개월 25일의 나이로 올스타전 역대 최고령 출전 신기록을 경신하며 또 하나의 이정표를 세웠다. 기존 기록은 2024년 오승환의 41세 11개월 21일이었다. 뜨거운 팬심 속에 막을 내린 이번 올스타전은 2032년 돔구장 시대를 향한 한국 야구의 긴 여정에 잊지 못할 작별 인사를 남겼다. ※STN뉴스 보도탐사팀 제보하기 당신의 목소리가 세상을 바꾸고, 당신의 목소리가 권력보다 강합니다. STN뉴스는 오늘도 진실만을 지향하며 여러분의 소중한 제보를 기다립니다. ▷ 전화 : 1599-5053 ▷ 이메일 : news@stnsports.co.kr ▷ 카카오톡 : @stnnews / STN뉴스=정아람 기자 dalmiwicked@gmail.com ▶STN 뉴스 공식 모바일 구독 ▶STN 뉴스 공식 유튜브 구독 ▶STN 뉴스 공식 네이버 구독 ▶STN 뉴스 공식 카카오톡 구독",https://v.daum.net/v/t8wnLRQ9kt
2026.07.11 22:24,'마지막 잠실' 올스타전 수놓은 퍼포먼스…최고는 '애완견' 황성빈(종합),뉴스1,"(서울=뉴스1) 서장원 기자 = KBO리그 대표 선수들이 재기 넘치는 퍼포먼스로 '마지막 잠실' 올스타전을 뜨겁게 달군 가운데 강아지 분장을 한 황성빈(롯데)이 베스트 퍼포먼스상을 차지했다. 11일 서울 잠실구장에서 열린 2026 KBO 올스타전에서는 선수들의 다채로운 퍼포먼스가 팬들의 호응을 끌어냈다. 14번째 올스타전이자 오랜 역사를 지닌 잠실 구장의 마지막 올스타전이라는 상징적 의미를 지닌 축제답게, 선수들도 저마다 열심히 준비한 것을 펼쳐 보이며 뜻깊은 시간을 보냈다. 스타트는 드림 올스타 선발 투수 곽빈(두산)이 끊었다. 그는 영화 '와일드씽'의 등장인물인 최성곤 의상을 입고 등장해 '니가 좋아' 퍼포먼스를 선보여 웃음을 자아냈다. 곽빈에 맞서는 나눔 올스타 선발 투수 아담 올러(KIA)도 만만치 않은 등장으로 즐거움을 안겼다. 평소 일본 만화 '나루토' 마니아인 그는 등장인물 의상을 입고 나와 공이 아닌 장난감 소품을 던졌다. 잠실 구장을 홈으로 쓰는 두산은 곽빈 외에도 여러 선수가 특색 있는 모습으로 이목을 끌었다. 박찬호는 유럽 전통 의상 착용 후 올스타 홍보 요들송 응원가 버전 퍼포먼스를 선보였고, 박준순은 반짝이 무대의상 착용 후 등장곡 '날 봐, 귀순' 코첼라 버전에 춤을 췄다. '잠실 아이돌' 정수빈은 별명처럼 최근 온라인상에서 유행을 끈 '갸루 수빈' 파라파라 댄스로 탄성을 자아냈다. 두산과 잠실 구장을 공유하는 LG는 '장수 외인' 오스틴 딘이 앞장섰다. 첫 번째 타석에서 고향인 미국 텍사스를 떠오르게 하는 '텍사스 보안관' 분장을 한 오스틴은 두 번째 타석에서는 전통 의상인 한복을 착용하고, 팬들의 애정이 담긴 별명 '잠실 오씨'가 적힌 족자를 펼치는 모습을 보였다. '홈런더비' 우승자 강백호(한화)는 평소 타격자세가 발레리노와 유사하다는 팬들의 별명을 반영해 발레리노 복장을 하고 리쌍의 노래 '발레리노'에 맞춰 타석에 등장했다. 17년 만에 감독 추천선수로 올스타전에 참가한 류현진(한화)은 염소 탈을 쓴 문현빈을 끌고 등장해 한국 레전드 투수로서의 상징성(G.O.A.T)을 유머러스하게 표현했다. 3루수 역대 최다 10회 베스트에 뽑힌 최정(SSG)은 상징적인 별명인 '유신의 별' 퍼포먼스를 뽐냈다. KBO 최다 468홈런 달성 당시의 감동적인 캐스터콜 전광판 영상 활용했고, 타석 입장 때 '유신의 별' 분장으로 등장해 노란 고무줄로 별을 만들었다. 롯데 황성빈은 독보적인 콘셉트로 이목을 집중시켰다. 강아지 분장을 하고 나타난 그는 실제 '애견인' 김태형 롯데 감독에게 이끌려 가는 모습으로 베스트 퍼포먼스상을 향한 의지를 불태웠다. 이 밖에 롯데 투수 김진욱은 경기에는 등판하진 않았지만 더그아웃에서 '스크류바' 탈을 착용했고, KT 최원준은 본인 별명인 '공포의 주둥이'에 맞게 공주 코스프레를 하고 나타났다. KT 손동현은 마운드 위에서 응원단장으로 변신해 응원가에 맞춰 치어리딩을 뽐냈다. 나눔 올스타가 10-1로 앞선 9회말 1사에서 마운드에 오른 KIA 투수 성영탁은 자신과 닮은 꼴인 '코코몽'으로 구민 채 마운드에 올라와 1이닝을 1실점으로 막고 경기의 문을 닫았다. 한편 최고의 퍼포먼스의 주인공은 황성빈이 선정됐다. 총투표수 4만3910표 중 1만2134표를 얻어 28%의 득표율로 수상의 영예를 안았다. 황성빈은 상금 300만원과 25만원 상당의 메디힐 시상품을 부상으로 받았다. superpower@news1.kr",https://v.daum.net/v/KMBWYlIk1H
2026.07.11 22:24,"'4안타 폭발' 허인서, 2026 미스터 올스타 등극…퍼포먼스상은 김태형...",스포츠투데이,"[잠실=스포츠투데이 강태구 기자] 나눔 올스타의 허인서(한화 이글스)이 미스터 올스타에 등극했다. 투표를 통해 나눔 올스타 베스트12에 선정된 허인서는 11일 서울 잠실야구장에서 열린 2026 신한 SOL KBO 올스타전에 8번 타자 겸 포수로 선발 출전해 5타수 4안타 1타점 1득점을 기록했다. 이날 2회말 1사 1루에서 첫 타석에 들어서 양창섭을 상대로 중전 안타를 만들어냈다. 하지만 후속타가 나오지 않으면서 추가 진루엔 실패했다. 허인서의 타격감은 계속됐다. 팀이 1-1로 맞선 4회초 1사 1루에서도 안타를 뽑아내며 출루에 성공했고, 6회에도 무사 1, 2루에서 1타점 적시타를 때려냈다. 7회초 1사 주자 없는 상황에서 세 번째 타석에 나선 허인서는 자신의 네 번째 안타까지 터뜨렸다. 경기 후 허인서는 기지단 투표 26표 중 13표를 받아 생애 첫 미스터 올스타에 등극했다. 허인서는 상금 2000만원과 함께 상품으로 바디프렌드 733을 받게 됐다. 한편 우수 타자상은 허인서와 함께 4안타를 몰아친 문현빈(한화)이 차지했다. 우수 투수상은 나눔의 두 번째 투수 류현진(한화)에게 돌아갔다. 류현진인 2회말에 마운드에 올라 1이닝을 공 9개로 퍼펙트하게 막아냈다. 우수 수비상은 박준순(두산 베어스)의 몫이었고, 베스트 퍼포먼스상은 김태형 감독과 함께 한 '누가 잠실에 개 풀어놨어' 퍼포먼스를 선보인 황성빈(롯데 자이언츠)가 가져갔다. 우승팀 나눔 올스타는 상금 3000만원을, 허인서를 제외한 수상자 전원은 상금 300만원을 받는다. [스포츠투데이 강태구 기자 sports@stoo.com]",https://v.daum.net/v/08fOIDcnWm
2026.07.11 22:24,"‘데뷔 첫 올스타 선정→4안타 폭발!’ 한화 허인서, 마지막 잠실 올스타...",MK스포츠,"허인서(한화 이글스)가 데뷔 첫 올스타전에서 미스터 올스타(MVP)까지 따내는 영예를 누렸다. 한화를 필두로 KIA 타이거즈, LG 트윈스, NC 다이노스, 키움 히어로즈로 꾸려진 나눔 올스타는 11일 서울 잠실야구장에서 열린 2026 프로야구 KBO 올스타전에서 삼성 라이온즈, 두산 베어스, KT위즈, SSG랜더스, 롯데 자이언츠로 구성된 드림 올스타에 10-2 대승을 거뒀다. 8번타자 겸 포수로 선발 출전한 허인서의 활약이 눈부신 경기였다. 5타수 4안타 1타점을 올리며 나눔 올스타의 공격을 이끌었다. 이런 공을 인정 받은 허인서는 MVP 투표 총 26표 중 13표를 받아 문현빈(한화·10표)을 제치고 ‘별 중의 별’로 뽑혔다. 데뷔 첫 올스타전 출전에서 거둔 결과라 더 의미있는 성과다. 허인서에게는 상금 2000만 원과 안마 의자기가 주어진다. 한편 우수 투수상, 우수 수비상은 각각 류현진(한화), 박준순(두산 베어스)의 몫이었다. 두 선수에게는 나란히 상금 300만 원이 돌아갔다. 베스트 퍼포먼스상은 황성빈(롯데 자이언츠)이 차지했다. 황성빈은 강아지 분장을 하고 김태형 롯데 감독과 ‘애완견’ 퍼포먼스를 펼쳤다. 황성빈에게도 상금 300만 원이 수여된다. [잠실(서울)=이한주 MK스포츠 기자] [ⓒ MK스포츠, 무단전재 및 재배포 금지]",https://v.daum.net/v/ySJogdMVif
2026.07.11 22:23,[뉴스1 PICK] '굿바이 잠실' 프로야구 올스타전… 뜨거운 열기 속 ...,뉴스1,"(서울=뉴스1) 김성진 김진환 기자 = 마지막 올스타전을 치르는 서울 잠실구장이 야구팬들로 가득 찼다. 한국야구위원회(KBO) 사무국은 11일 ""오후 5시 28분 현재 2만3천750석이 모두 팔렸다""고 발표했다. 올해 올스타전은 잠실구장의 철거 전 치르는 마지막 올스타전이라는 의미가 있다. 잠실구장은 올 시즌을 마지막으로 역사 속으로 사라진다. 프로야구 올스타전 매진은 역대 5번째고, 2022년부터 올해까지 5년 연속 가득 찼다. 이날 경기는 승부 못지않게 다양한 퍼포먼스와 코스프레가 팬들의 눈길을 사로잡았다. 드림 올스타 선발투수 곽빈은 투구를 하다 영화 와일드씽에서 최성곤의 '니가 좋아' 분장에 맞춰 노래를 불렀다. 나눔 올스타 선발 투수 아담 올러는 애니메이션 '나루토' 아카츠키의 의상을 입고 마운드에 올랐다. '잠실 아이돌' 정수빈은 별명처럼 최근 온라인상에서 유행을 끈 '갸루 수빈' 파라파라 댄스로 탄성을 자아냈다. 진한 눈썹이 트레이드마크인 문현빈(한화)은 눈썹을 지운 채 레오나르도 다빈치의 명화 모나리자의 탈을 쓰고 등장했다. 미국 텍사스를 떠오르게 하는 '텍사스 보안관' 분장을 하고 첫 타석에 나선 오스틴은 두번째 타석에서는 전통 의상인 한복을 착용하고, 팬들의 애정이 담긴 별명 '잠실 오씨'가 적힌 족자를 펼치는 모습을 보였다. '홈런더비' 우승자 강백호(한화)는 평소 타격자세가 발레리노와 유사하다는 팬들의 별명을 반영해 발레리노 복장을 하고 리쌍의 노래 '발레리노'에 맞춰 타석에 등장했다. 3루수 역대 최다 10회 베스트에 뽑힌 최정(SSG)은 상징적인 별명인 '유신의 별' 퍼포먼스를 뽐냈다. 김주원(NC)는 김주원은 '김'주원은 '우'리 '주'원이를 직관적으로 표현한 우주복을 입고 타석에 들어섰다. 손오공으로 분장한 박재현(KIA)은 근두운 퀵보드를 타고 등장해 걸그룹 아일릿의 인기곡 'It's Me'에 맞춰 춤을 췄다. 이도윤(한화)은 손오공 분장을 한 채 등장해 많은 웃음을 안겼다. 드림 황성빈(롯데)은 개 분장을 하고 뼈다귀를 문 뒤 목줄까지 달고 김태형 감독의 안내를 받아 그라운드에 나서기도 했다. 황성빈은 총 투표수 4만3910표 중 1만2134표를 얻어 28%의 득표율로 수상의 영예를 안고 상금 300만 원과 25만 원 상당의 메디힐 시상품을 부상으로 받았다. 한편 오는 2032년 개장 예정인 잠실 돔구장(가칭)은 3만석 규모로 건설될 예정이다. ssaji@news1.kr",https://v.daum.net/v/KGXOIDcnZn
2026.07.11 22:20,"‘최고의 생일’ 한화 허인서, 생애 첫 올스타전 출전에서 4안타 맹타로 ...",스포츠경향,"올스타전 MVP의 영광을 한화 허인서가 안았다. 허인서는 11일 잠실구장에서 열린 2026 KBO 올스타전에서 8번 포수로 선발 출장해 5타수 4안타 1타점 1득점으로 나눔 올스타의 10-2 승리에 기여했다. 2회 첫 타석에서부터 중전 안타를 친 허인서는 4회에도 안타를 뽑아냈다. 3루수에게 맞고 좌전 안타가 되는 행운의 안타였다. 6회에는 무사 1·2루에서 좌전 적시타를 쳐 빅이닝을 만드는데 기여했다. 7회에도 1사 후 좌전 안타를 치며 4안타 경기를 만든 허인서는 MVP의 영광을 안았다. 허인서는 총 26표 중 13표를 득표해 팀 동료인 문현빈(10표)를 제치고 ‘미스터 올스타’에 선정됐다. MVP는 상금 2000만원과 바디프랜드 733 안마기를 받는다. 효천고를 졸업한 뒤 2022년 신인드래프트에서 2차 2라운드 11순위로 한화 유니폼을 입은 허인서는 올 시즌 자신의 기량을 뽐냈다. 지난 5월 1~3일 열린 삼성과의 3연전에서 4개의 홈런을 몰아치면서 주목을 받았고 이후 타격감을 자랑하며 1군에서 자리를 굳혔다. 전반기 73경기 타율 0.292 12홈런 45타점 등을 기록하며 커리어하이를 달성했다. 그리고 올스타 투표에서도 베스트 12에 선정되며 생애 첫 1군 올스타에 참가하는 영광을 안았다. 게다가 올스타전에서 타격감을 자랑하며 MVP까지 수상했다. 2003년 7월 11일생인 허인서는 최고의 생일 축하 선물을 받았다. 이밖에 베스트 퍼포먼스상은 황성빈, 우수 타자는 문현빈, 우수 투수는 류현진이 받았다. 우수 수비상은 박준순이 받았고 나눔 올스타의 승리로 염경엽 감독은 승리 감독상의 영예를 안았다. 각 부문에서는 상금 300만원의 포상이 주어진다. 또한 수상자 전원에게는 25만원 상당 메디힐 시상품이 증정됐다. 우승팀 나눔은 상금 3000만원을 받았다. 잠실 | 김하진 기자 hjkim@kyunghyang.com",https://v.daum.net/v/GvfOmcNdpD
2026.07.11 22:20,"허인서, 팀 동료 문현빈 제치고 올스타전 왕별",중앙일보,"한화 이글스 허인서(23)가 팀 동료 문현빈(22)을 제치고 올스타전 최고의 별로 우뚝 섰다. 한화는 전날 홈런 더비 포함 주요 부문 수상을 싹쓸이했다. 허인서는 11일 서울 잠실구장에서 열린 2026 KBO리그 올스타전에서 기자단 투표에서 유효표 26표 중 13표를 받아 문현빈(10표)를 3표 차로 제치고, 최우수선수상(MVP)을 수상해 상금 2000만원과 안마의자를 받았다. 허인서는 5타수 4안타 1타점을 기록했다. 4안타는 올스타전 개인 최다 안타 타이 기록이다. 허인서는 이강돈(1993년), 정경훈(95년), 송지만(2000년), 정은원(22년), 채은성(23년)에 이어 한화 선수 5번째로 수상했다. 우수 타자상(상금 300만원)은 역시 5타수 4안타 1타점을 기록한 문현빈이 받았고, 우수 투수상(상금 300만원)은 류현진(한화)이 차지했다. 류현진은 1이닝 무실점했다. 한화는 전날 홈런 더비에서 우승한 강백호를 포함해 무려 4명의 선수가 개인상을 받았다. 우수 수비상(상금 300만원)은 박준순(드림·두산 베어스)이 받았다. 황성빈(드림·롯데 자이언츠)은 2년 만에 또다시 베스트 퍼포먼스상(상금 300만원)을 수상했다. 강아지 분장을 하고 그라운드를 뛰어다닌 황성빈은 4만 3910표 중 1만2134표(28%)를 얻었다. 나눔 올스타 8번 타자로 나선 허인서는 2회 첫 타석에서 중전안타를 쳤고, 4회엔 3루 강습 안타를 날렸다. 문현빈도 세 타석 연속 안타를 쳐 두 사람의 경쟁이 뜨거워졌다. 문현빈이 6회 타자 일순하면서 또 타석에 섰으나 이번엔 중견수 플라이에 그쳤다. 반면 허인서는 7회 네 번째 타석에서 네 번째 안타를 쳐 경쟁에서 앞서갔다. 8회엔 문현빈이 우중간을 완전히 가르는 3루타를 때려낸 뒤 득점했고, 허인서는 2루수 플라이로 물러나 둘은 똑같이 5타수 4안타가 됐지만, 허인서가 수상의 영광을 차지했다. 허인서는 “처음 올스타로 뽑혔는데 MVP를 받아 기분 좋다. 미스터 올스타는 내 머리 속에 없었는데 받을 수 있어 기쁘다”며 “문현빈이 3루타를 치길래 쟤는 ‘될 놈이다. 받겠구나’라고 생각했는데 투표를 해주셔서 감사하다”고 말했다. 이날 생일이었던 허인서는 “마치 생일 선물 받은 것처럼 기분이 좋다. 최고의 생일인 것 같다”고 했다. 허인서가 투표에서 문현빈을 제칠 수 있었던 또다른 이유는 전날 홈런 레이스에서 아쉽게 3위를 했기 때문이었다. 허인서는 전날 예선에서 강백호(한화), 오태곤(SSG 랜더스)와 함께 7개를 기록했지만 비거리에서 뒤져 결선에 오르지 못했다. 허인서는 “처음에는 그 규칙을 몰랐다. 현빈이가 작년엔 연장전을 했다고 말했는데 바뀐 줄 몰랐다”고 했다. 허인서는 메이저리그 시애틀 매리너스 포수 칼 랄리를 딴 ‘허랄리’란 별명을 얻었고, 이날 수염을 붙이며 랄리처럼 분장했다. 랄리는 지난해 포수 최초로 60홈런을 때려낸 거포다. 허인서는 “홈런도 많이 치고, 수비도 좋은 포수여서 과분한 별명이지만 팬들이 좋아하셔서 나도 좋다”고 했다. 지난해 준우승을 차지한 한화는 6위로 전반기를 마쳤다. 허인서는 “오늘 현빈이, 백호 형, 도윤이 형이 다들 타격감이 안 좋다고 했는데 좋았다. 이 타겸감을 이어가서 후반기에는 높은 곳에 올라가겠다”고 말했다. 상금에 대해선 “부모님께 다 드리고 용돈을 받게 될 것 같다”고 했다. 2022년 한화에 입단한 허인서는 군복무를 마친 뒤 올해는 1군에서 최재훈과 함께 주전 경쟁을 벌이고 있다. 정규시즌 타율은 0.292, 홈런은 포수 중 가장 많은 12개를 기록했다. 허인서는 “6월 초에 (체력적으로)힘들다는 게 많이 느껴졌는데 지금은 적응했다”고 했다. 김효경 기자 kaypubb@joongang.co.kr",https://v.daum.net/v/q0QhIDcnWw
2026.07.11 22:18,"와, 생일 선물이 현금 2000만원...허인서, 생애 첫 올스타전 '미스...",스포츠조선,"[잠실=스포츠조선 김용 기자] 허인서가 최고의 생일 선물을 받았다. 한화 이글스 포수 허인서가 데뷔 첫 올스타전 출전 영광에 만족하지 않고, '미스터 올스타' 타이틀까지 품었다. 허인서는 11일 잠실구장에서 열린 KBO리그 올스타전 나눔 올스타 주전 포수로 출전했다. 허인서는 팬 투표, 선수단 투표 합산 결과 당당히 나눔 올스타 베스트12 포수 부분에 선발되며 자신이 올시즌 왜 최고의 '히트상품'인지 증명했다. 허인서는 올시즌 김경문 감독의 전폭적 지지 속 한화의 주전 포수로 우뚝 섰다. 수비는 어설픈 면이 있지만, 타격에서 확실한 강점을 보여줬다. 전반기 73경기 타율 2할9푼2리 12홈런 45타점을 기록하며 센세이션을 일으켰다. 허인서는 그 기세를 올스타전에도 이었다. 10일 열린 홈런더비에 참가, 예선에서 7개를 치며 오태곤(SSG) 강백호(한화)와 공동 1위를 기록했지만 최다 비거리에서 밀려 아쉽게 결선 진출에 실패했다. 하지만 처음 참가하는 홈런더비에서 전혀 긴장하는 모습 없이 자신의 파괴력을 마음껏 발휘했다. 홈런더비에서 긴장을 풀었을까. 올스타전에서도 거침이 없었다. 허인서는 이날 나눔 올스타 8번 타자로 출전했는데 2회 첫 타석부터 양창섭(삼성)을 상대로 중전 안타를 쳤다. 허인서는 4회 현도훈(롯데) 상대 좌전 안타, 그리고 6회 이승민(삼성) 상대 좌전 안타를 또 쳤다. 6회에는 1타점까지 곁들였다. 허인서는 7회에도 거침 없는 타격으로 다시 한 번 이승민으로부터 좌전 안타를 뽑아냈다. 1루로 달려나가며 주먹을 불끈 쥐었다. 마치 MVP를 예상이라도 한 것처럼. 이도윤이 3안타 5타점을 기록하면 결승타 가치 포함, 유력한 후보가 될 수 있었찌만 7회 잘 친 타구가 직선타로 잡히며 2안타 3타점에 그치며 레이스에서 탈락. 하지만 복병이 또 있었다. 동료 문현빈. 문현빈도 8회 안타를 치며 4안타를 채웠다. 그리고 허인서가 등장했다. 5안타를 치면 쐐기타. 하지만 손동현 상대 내야 플라이로 물러났다. 본인도 아쉬운지 머리를 감싸쥐며 아쉬워했다. 두 사람 모두 똑같은 5타수 4안타 1타점. 득점은 3득점의 문현빈이 1득점의 허인서보다 앞섰다. 하지만 표심은 이날 생일을 맞은 허인서에게 쏠렸다. 기자단 투표 26표 중 13표를 허인서가 받았고, 문현빈은 10표에 그쳤다. 보통 홈런을 치거나 결정타를 친 선수가 MVP를 받는데 이날은 홈런이 나오지 않았다. 또 점수차가 너무 크게 벌어져 결정적 타점을 만든 선수도 없었다. 허인서는 상금 2000만원의 주인공이 됐다. 최고의 생일 선물이었다. 부상 안마 의자는 보너스였다. 아쉽게 미스터 올스타가 안 된 문현빈은 우수타자상으로 만족해야 했다. 상금 300만원. 잠실=김용 기자 awesome@sportschosun.com",https://v.daum.net/v/7OmrEaLxpn
2026.07.11 22:16,"[KBO 올스타전] '축하합니다' 생일에 미스터 올스타라니, 내가 바로 ...",일간스포츠,"한화 이글스의 '허랄리' 허인서가 자신의 생일에 '미스터 올스타'에 등극했다. 허인서는 11일 서울 잠실야구장에서 열린 2026 신한 SOL 뱅크 KBO리그 올스타전에서 나눔 올스타의 8번 타자·포수로 선발 출전, 5타수 4안타 1타점 1득점 만점 활약을 펼치며 팀의 10-2 대승을 이끌었다. 허인서는 기자단 투표 26표 중 13표(50%)를 받으면서 미스터 올스타에 선정됐다. 미스터 올스타에겐 2000만원의 상금과 바디프렌드의 733 안마의자가 주어졌다. 2등은 이날 5타수 4안타 1타점 3득점을 기록한 문현빈(한화)으로, 10표(38.5%)를 얻었다. 이날 허인서는 '허랄리(허인서+칼 랄리)'라는 별명으로 콧수염을 달고 올스타전에 출전했다. 칼 랄리는 시애틀 매리너스의 명포수로, 지난해 미국 메이저리그(MLB)에서 포수 역대 최다 홈런 기록을 경신한 전설적인 선수다. '허랄리'는 신인 풀타임 시즌인 올해 12개의 홈런을 쏘아 올리며 맹활약한 허인서를 향해 팬들이 붙여준 별명이다. 또 7월 11일생인 허인서는 이날 팬들의 생일 축하 노래를 들으며 타석에 들어서는 뜻깊은 하루를 보냈다. '허랄리'라는 별명답게, 허인서는 이날 불방망이를 휘둘렀다. 2회 선두타자 문현빈의 안타로 만들어진 1사 1루에서 중전 안타를 치고 나가며 첫 안타를 신고한 허인서는 4회엔 1사 1루에서 3루수 강습타구로 좌전 안타를 만들어내며 멀티 안타를 기록했다. 6회엔 무사 1, 2루 상황서 나와 좌전 적시타를 때려내며 안타와 타점을 동시에 올렸다. 이후 이도윤의 적시타에 홈을 밟으며 득점까지 성공했다. 허인서는 7회 네 번째 타석에서도 안타를 신고하며 올스타전에서만 4안타 경기를 펼치는 대위업을 달성했다. 한편, 우수 타자상은 문현빈에게 돌아갔다. 우수 투수상은 1이닝을 무실점으로 막은 류현진(한화)이 수상했고, 우수 수비상은 5회 박찬호(두산 베어스)와 환상적인 키스톤 콤비 호흡으로 강백호(한화)의 안타를 지운 박준순(두산)이 받았다. 승리 감독상은 나눔 올스타의 승리를 이끈 염경엽 감독(LG 트윈스)에게 돌아갔다. 베스트 퍼포먼스상은 '누가 잠실에 개 풀어놨어' 컨셉으로 김태형 롯데 자이언츠 감독과 강아지 퍼포먼스를 펼친 황성빈(롯데)에게 돌아갔다. 이들에겐 상금 300만원과 25만원 상당의 메디힐 시상품이 증정됐다. 잠실=윤승재 기자 yogiyoon@edaily.co.kr",https://v.daum.net/v/6mcu0ZGhmM
2026.07.11 22:16,"마지막 잠실 올스타전, 한화가 MVP 배출! ‘4안타’ 허인서 미스터 올...",OSEN,"[OSEN=잠실, 이후광 기자] 마지막 잠실 올스타전. MVP는 LG 트윈스, 두산 베어스가 아닌 한화 이글스에서 나왔다. 나눔 올스타 소속 허인서(한화 이글스)는 11일 서울 잠실구장에서 열린 2026 신한 SOL KBO 올스타전에 8번 포수로 선발 출전해 5타수 4안타 1타점 1득점 맹활약하며 미스터 올스타의 영예를 안았다. 나눔 올스타의 10-2 승리를 이끌었다. 허인서는 2회초 첫 타석 중전안타를 시작으로 4회초 좌전안타, 6회초 1타점 좌전 적시타, 7회초 좌전안타를 차례로 때려냈다. 8회초 마지막 타석에서 최초 개인 한 경기 5안타에 도전할 정도로 기세가 대단했다. 허인서는 기자단 투표 26표 중 13표(50%)를 획득하며 팀 동료 문현빈(10표)을 3표 차이로 제치고 올스타전 최고의 별로 우뚝 섰다. 한화는 2023년 채은성 이후 3년 만에 올스타전 MVP를 배출했다. 허인서에게는 상금 2000만 원과 부상으로 안마의자 바디프랜드 733이 주어진다. -올스타전 시상 내역 * 미스터 올스타(상금: 2,000만 원) - 허인서(나눔, 한화) * 우승팀(상금: 3,000만 원) - 나눔 올스타 * 우수 타자상(상금: 300만 원) - 문현빈(나눔, 한화) * 우수 투수상(상금: 300만 원) - 류현진(나눔, 한화) * 우수 수비상(상금: 300만 원) - 박준순(드림, 두산) * 승리 감독상(상금: 300만 원) - 염경엽(나눔, LG) * 베스트 퍼포먼스상(상금: 300만 원) - 황성빈(드림, 롯데) * 수상자 전원 25만 원 상당 메디힐 시상품 증정 /backlight@osen.co.kr",https://v.daum.net/v/WdhVKu0HCL
2026.07.11 22:15,별들이 빛낸 잠실의 마지막 올스타전서 나눔 5연승…MVP 허인서,연합뉴스,"(서울=연합뉴스) 이대호 김동한 기자 = 잠실구장에서 마지막으로 열린 프로야구 올스타전에서 나눔 올스타가 화끈한 타격으로 5년 연속 승리를 거뒀다. 나눔 올스타(LG 트윈스, 한화 이글스, NC 다이노스, KIA 타이거즈, 키움 히어로즈)는 11일 서울 잠실구장에서 열린 2026 신한 SOL뱅크 KBO 올스타전에서 드림 올스타(SSG 랜더스, 삼성 라이온즈, kt wiz, 롯데 자이언츠, 두산 베어스)에 10-2로 승리했다. 나눔 올스타는 신종 코로나바이러스 감염증(코로나19)으로 2020년과 2021년 올스타전이 열리지 못한 뒤 재개된 2022년부터 올해까지 5년 연속 승리의 기쁨을 맛봤다. 올스타전 5연승은 동군이 1987∼1991년, 2004∼2008년 달성했던 최다 연승과 타이기록이다. 허인서(한화)는 5타수 4안타 1타점 1득점으로 활약해 생애 첫 '미스터 올스타'에 뽑혔다. 기자단 투표 26표 가운데 13표를 얻어 올스타전 최우수 선수(MVP)에 뽑힌 허인서는 상금 2천만원과 바디프랜드 안마 의자 733을 부상으로 받았다. 올해 연봉 3천600만원의 허인서는 연봉의 절반에 가까운 상금을 거머쥐었다. 이번 올스타전은 올 시즌을 끝으로 철거하는 잠실구장과 작별을 주제로 꾸려졌다. 야구팬들은 장마전선이 잠시 물러난 뒤 무더위가 점령한 잠실구장 2만3천750석을 가득 채우며 변함없는 사랑을 보여줬다. 올스타전 통산 25번째 매진이자 5년 연속 모든 입장권이 팔렸다. 시구는 잠실구장을 홈으로 쓰는 LG와 두산의 '전설'이 나섰다. LG에서는 김용수와 김동수 배터리가, 두산에서는 OB 시절인 프로야구 초창기 배터리인 박철순-김경문이 시구와 시포를 맡아 의미를 더했다. 먼저 포문을 연 쪽은 드림 올스타다. 드림 올스타는 3회말 2사 후 터진 허경민(kt)의 적시타로 선취점을 냈다. 나눔 올스타는 4회초 김주원(NC)의 희생플라이로 동점을 만들고 이도윤(한화)의 적시타로 역전에 성공했다. 6회초에는 문현빈(한화)∼김주원∼허인서(한화)∼송찬의(LG)∼이도윤까지 5명의 타자가 연속 안타를 터트려 3점을 보탠 뒤 강백호(한화)의 희생플라이와 한준수(KIA)의 적시타까지 묶어 7-1로 달아났다. 드림 올스타는 여기에서 멈추지 않고 8회초 한준수의 1타점 2루타와 문현빈의 1타점 3루타, 구본혁의 1타점 적시타를 묶어 10-1까지 점수를 벌렸다. 이날 드림 올스타는 2017년 자신이 세웠던 19안타를 넘어 22개의 안타로 올스타전 한 경기 최다 팀 안타를 기록했다. 이날 올스타 선수들은 다양한 분장으로 팬들에게 즐거움을 줬다. 올스타 최다 득표 주인공인 양의지(두산)는 잠옷 차림에 베개와 이불을 착장한 뒤 그룹 '아이오아이'(I.O.I)의 곡 '갑자기' 퍼포먼스를 했다. 또 두산에서 뛰다가 방출된 뒤 먼 길을 돌아 이번 시즌 롯데 필승조로 거듭난 현도훈은 어사화를 쓴 채 팀 동료 김진욱과 박정민의 손가마를 타고 마운드에 등장해 의미를 더했다. 오스틴 딘(LG)은 두 차례 분장했다. 첫 타석은 고향인 미국 텍사스주를 떠올리게 하는 보안관 옷을 입고 모형 권총을 빙빙 돌렸고, 두 번째 타석은 한복을 착용하고 팬들의 애정이 담긴 별명 '잠실 오씨' 족자를 펼쳐 보였다. 황성빈(롯데)은 7회말 타석을 앞두고 강아지로 분장한 뒤 김태형(롯데) 감독에게 직접 목줄을 쥐여줬다. 김 감독은 개껌을 던져주며 '누가 잠실에 개 풀어놨어'를 주제로 한 '행위 예술' 도우미로 나섰고, 관중석에서는 바하 멘의 히트곡 '후 렛 더 도그스 아웃'(누가 개 풀었어)이 흘러나와 퍼포먼스를 완성했다. 두산 키스톤 콤비 박준순(2루수)과 박찬호(유격수)는 메이저리그에서나 볼 수 있었던 호수비를 합작해 진정한 '최고의 퍼포먼스'를 보여줬다. 박준순은 5회초 강백호의 안타성 강한 땅볼을 잡아 글러브 토스로 달려오던 박찬호에게 넘겨줬고, 박찬호는 강한 송구로 1루에서 타자 주자를 잡았다. 최형우(삼성)는 2회말 선두타자로 타석에 등장해 42세 6개월 25일로 종전 오승환(41세 11개월 21일)을 넘어 올스타전 최고령 출전 기록을 세웠다. 우수 타자상은 문현빈(한화), 우수 투수상은 류현진(한화), 우수 수비상은 박준순(두산), 승리 감독상은 염경엽(LG) 감독에게 돌아갔다. 황성빈(롯데)은 2024년에 이어 2년 만에 베스트 퍼포먼스상을 다시 받았다. 이들은 모두 상금 300만원을 받는다. 여름밤의 축제를 마친 KBO리그는 16일부터 하반기 일정을 재개한다. 4bun@yna.co.kr, moved@yna.co.kr (끝) ▶제보는 카톡 okjebo",https://v.daum.net/v/1uPmDNoMHS
2026.07.11 22:15,"‘역대 올스타전 한 경기 최다 안타’ 나눔 올스타, 5년 연속 승리…‘미...",스포츠서울,"[스포츠서울 | 잠실=강윤식 기자] 마지막 잠실 올스타전. 나눔 올스타가 웃었다. 올스타전 한 경기 팀 최다 안타인 22안타를 작렬하면서 5년 연속 승리를 가져갔다. ‘미스터 올스타’는 한화 허인서(23)다. 나눔 올스타는 11일 서울 잠실구장에서 열린 2026 KBO 올스타전에서 드림 올스타를 10-1로 이겼다. 20개의 안타를 때리며 2017년 드림 올스타의 17안타를 넘어 한 경기 최다 안타 기록을 세웠다. 화끈한 방망이 쇼로 7월 무더위를 날렸다. 2022년부터 이어온 올스타전 연승 행진도 유지했다. MVP 주인공은 허인서다. 4안타 1타점을 기록했다. 집안싸움이 치열했다. 문현빈도 4안타 1타점이다. 마지막에 3루타를 치며 존재감을 뽐냈다. 기자단 투표에서 허인서가 26표 중 13표를 받았다. 10표를 받은 문현빈을 아슬아슬하게 제쳤다. MVP만큼 빛난 이는 황성빈(롯데)이다. 본인의 등장 곡에 맞춰서 강아지 분장을 하면서 ‘기어’ 나왔다. 목줄을 1루 코치를 보던 김태형 감독이 잡은 게 ‘킥’이다. 뜨거운 반응이 터져나왔고, 베스트 퍼포먼스 상을 가져갔다. 이밖에 우수 타자상은 문현빈이 챙겼다. 우수 투수상은 류현진(한화)이다. 우수 수비상은 박찬호(두산)와 좋은 호흡을 보여준 박준순(두산)이다. 승리 감독상은 염경엽(LG) 감독이 차지했다. 3회말 드림 올스타가 먼저 점수를 냈다. 선두타자 정수빈은 중견수 뜬공으로 물러났다. 이후 박찬호가 좌중간에 떨어지는 2루타로 득점권 기회를 만들었다. 최원준 볼넷으로 1사 1,2루. 구자욱 유격수 땅볼로 2사 1,3루다. 여기서 허경민의 중전안타로 1-0을 만들었다. 나눔 올스타는 이어진 4회초 공격에서 곧바로 반격했다. 첫 타자 오스틴의 안타, 후속 타자 문현빈의 안타로 무사 1,3루다. 김주원 희생플라이로 3루주자 오스틴이 홈을 밟았다. 1-1로 스코어 균형을 맞췄다. 허인서 안타로 1사 1,2루. 박재현 삼진 아웃 후 이도윤 안타로 2-1 역전했다. 6최초 나눔 올스타가 점수를 더 추가했다. 선두타자 문현빈이 이날 본인의 세 번째 안타를 때렸다. 김주원과 허인서 연속 안타로 3-1이 됐다. 송찬의가 행운의 안타로 출루하며 베이스가 꽉 찼다. 이도윤의 2타점 적시타가 터지면서 5-1이다. 공격이 이어졌다. 박해민은 좌익수 뜬공으로 물러났다. 김도영이 좌전안타를 쳐 다시 주자는 만루. 강백호 희생플라이로 2사 1,3루가 됐고, 한 점이 더 들어왔다. 6-1이다. 한준수의 우중간에 떨어지는 안타로 7-1로 달아났다. 8회초 1사에서 김건희가 안타를 쳤다. 이후 한준수가 우중간을 완전히 가르는 2루타를 기록했다. 빠르게 베이스를 돈 김건희가 홈으로 들어와 8-1이다. 문현빈도 같은 코스로 타구를 보냈다. 문현빈은 3루까지 내달렸다. 타점도 올리며 9-1. 구본혁 안타를 더해 10-1로 달아났다. 9회말 드림 올스타가 끈질기게 점수를 냈다. 황성빈 적시타가 나왔다. 결과가 바꾸긴 힘들었다. 나눔 올스타가 10-2로 승리했다. skywalker@sportsseoul.com",https://v.daum.net/v/qpNu0ZGhS4
2026.07.11 22:15,"잠실 고별 올스타전, 나눔 5연승으로 마무리… 미스터 올스타는 허인서(종...",스포츠한국,"[잠실=스포츠한국 심규현 기자] 잠실야구장 마지막 올스타전이 한화 이글스 선수들의 활약을 앞세운 나눔 올스타의 승리로 마무리됐다. 나눔 올스타는 11일 오후 6시 서울 잠실야구장에서 2026 신한 SOL 뱅크 KBO 올스타전 드림 올스타를 상대로 10-2로 이겼다. 2015년부터 진행된 드림과 나눔 맞대결은 이날 경기 결과로 나눔의 6승4패 우위가 됐다. 또한 나눔은 드림을 상대로 5연승에 성공했다. 이번 올스타전은 잠실야구장에서 열리는 마지막 올스타전이었다. 잠실야구장은 올 시즌을 끝으로 철거된다. 2032년 3월, 같은 자리에 3만석 규모의 돔구장이 들어설 예정이다. 공사 기간인 2027년부터 2031년까지 LG와 두산은 잠실주경기장을 대체 경기장으로 활용한다. 이날 선취점을 뽑은 팀은 드림 올스타다. 3회말 안우진을 상대로 1사 후 박찬호가 좌중간 2루타로 포문을 열었다. 최원준이 볼넷으로 기회를 이어갔으나 구자욱이 유격수 땅볼로 물러나면서 아쉬움을 삼켰다. 그러나 2사 후 허경민이 1타점 적시타를 작렬, 드림이 기분 좋은 출발을 알렸다. 나눔은 4회초 곧바로 반격에 나섰다. 선두타자 오스틴 딘과 문현빈의 연속 안타로 무사 1,3루를 만들었다. 이어 김주원의 1타점 희생플라이로 나눔이 경기의 균형을 맞추는 데 성공했다. 나눔은 여기서 멈추지 않았다. 이후 허인서가 3루수 강습 타구를 만들어 1사 1,2루 밥상을 차렸다. 박재현이 헛스윙 삼진으로 물러났지만 이도윤의 1타점 적시타를 통해 2-1 역전했다. 6회초 나눔이 사실상 승기를 잡았다. 문현빈, 김주원, 허인서의 연속 안타로 나눔이 한 점을 더 추가했다. 이어 송찬의의 우전 안타, 이도윤의 2타점 적시타로 5-1까지 달아났다. 계속되는 공격에서 나눔은 1사 후 김도영의 안타로 만루 기회를 잡았다. 여기서 강백호의 우익수 희생플라이, 한준수의 1타점 적시타를 통해 7-1을 만들었다. 나눔은 8회초 한준수, 문현빈, 구본혁의 1타점 적시타로 10-1 승부에 쐐기를 박았다. 또한 구본혁의 안타로 KBO 역대 올스타전 최다 안타 신기록(20안타)을 경신했다. 드림은 9회 한 점을 추가했으나 승부를 뒤집을 수는 없었고 결국 경기는 나눔의 완승으로 끝났다. 한편 2026 미스터 올스타는 이날 5타수 4안타 1타점 1득점의 허인서가 차지했다. 한화는 2023년 채은성 이후 3년 만에 미스터 올스타를 배출했다. 미스터 올스타에 오른 허인서는 상금 2000만원을 받는다. 우수 타자상은 나눔의 문현빈, 우수 투수상은 한화 류현진, 우수 수비상은 드림의 박준순이었다. 승리 감독상은 염경엽 감독, 베스트 퍼포먼스상은 황성빈의 손에 돌아갔다. 스포츠한국 심규현 기자 simtong96@sportshankook.co.kr",https://v.daum.net/v/zCWexf9Uvf
2026.07.11 22:15,"'3루타도 소용없었다'… '4안타' 허인서, 문현빈 제치고 2026 미스...",스포츠한국,"[잠실=스포츠한국 심규현 기자] 마지막 잠실 미스터 올스타를 놓고 한화 이글스 허인서와 문현빈이 격돌했다. 결과는 허인서의 승리였다. 나눔 올스타는 11일 오후 6시 서울 잠실야구장에서 2026 신한 SOL 뱅크 KBO 올스타전 드림 올스타를 상대로 10-1로 이겼다. 2015년부터 진행된 드림과 나눔 맞대결은 이날 경기 결과로 나눔의 6승4패 우위가 됐다. 또한 나눔은 드림을 상대로 5연승에 성공했다. 이번 올스타전은 잠실야구장에서 열리는 마지막 올스타전이었다. 잠실야구장은 올 시즌을 끝으로 철거된다. 2032년 3월, 같은 자리에 3만석 규모의 돔구장이 들어설 예정이다. 공사 기간인 2027년부터 2031년까지 LG와 두산은 잠실주경기장을 대체 경기장으로 활용한다. 나눔의 대승으로 경기가 끝난 가운데 올스타전이지만 이날 경기에서도 한화의 화력은 상당했다. 이번 올스타전에 선발된 한화 소속 선수는 총 5명이다. 지명타자 강백호, 외야수 문현빈, 포수 허인서는 베스트 12에 선정됐으며 류현진과 이도윤은 감독 추천 선수로 올스타전에 참가했다. 베스트 12으로 뽑힌 문현빈, 허인서, 강백호가 선발로 나온 가운데 이날 강백호를 제외한 문현빈, 허인서, 그리고 이도윤이 모두 멀티히트를 신고하면서 뜨거운 타격감을 자랑했다. 특히 눈에 띄는 것은 바로 문현빈과 허인서의 미스터 올스타 경쟁. 이날 문현빈은 7회말까지 3안타 2득점, 허인서는 4안타 1타점을 기록했다. 이때까지만 해도 어느 한쪽의 우위를 쉽게 점칠 수 없었다. 8회초 사실상 승부가 갈리는 것처럼 보였다. 문현빈이 무사 2루에서 1타점 3루타를 작렬한 것. 자신의 미스터 올스타 수상을 확신한듯 문현빈은 3루에 도달한 뒤 포효했다. 반면 경쟁자였던 허인서는 2루 뜬공으로 아쉬움을 삼켜야 했다. 하지만 미스터 올스타는 허인서에게 돌아갔다. 5타수 4안타 1타점 1득점의 허인서는 기자단 투표 26표 중 13표를 받아 10표의 문현빈을 제치고 생애 첫 올스타 출전에서 미스터 올스타에 올랐다. 스포츠한국 심규현 기자 simtong96@sportshankook.co.kr",https://v.daum.net/v/PkzhOEAiSA
2026.07.11 22:14,"‘4안타’ 허인서, 첫 출전서 올스타전 MVP 영광..황성빈 2번째 베스...",뉴스엔,"[잠실=뉴스엔 글 안형준 기자/사진 유용주 기자] 허인서가 올스타전 첫 출전에 MVP를 거머쥐었다. 별들의 축제 '2026 신한 SOL 뱅크 KBO 올스타전'이 7월 11일 서울 잠실구장에서 열렸다. 올시즌을 끝으로 사라지는 잠실 야구장의 마지막 올스타전에서 나눔 올스타가 10-2 승리를 거뒀다. 팬투표로 첫 올스타에 선정된 나눔 포수 허인서(한화)는 올스타전 MVP '미스터 올스타'에 선정됐다. 허인서는 이날 5타수 4안타 1타점 맹타를 휘둘렀다. 허인서는 상금 2,000만 원과 부상을 받는다. 허인서는 득표율 50%로 MVP의 영광을 안았다. 역시 4안타 1타점으로 맹활약한 나눔 문현빈(한화)은 우수 타자상을 수상했다. 문현빈은 허인서와 MVP 경쟁을 펼쳤지만 아쉽게 밀렸다. 1이닝 무실점을 기록한 류현진(한화)은 우수 투수상 주인공이 됐다. 환상적인 수비를 선보인 드림 2루수 박준순(두산)은 우수 수비상을 차지했다. 소속팀 김태형 감독과 함께 충격적인 '대형견' 퍼포먼스를 선보인 드림 황성빈(롯데)은 베스트 퍼포먼스상을 수상했다. 황성빈은 2024년에 이어 통산 2번째 베스트 퍼포먼스상을 받았다. 문현빈, 류현진, 황성빈, 박준순과 승리 감독상을 수상한 나눔 염경엽 감독(LG)은 각각 상금 300만 원을 받는다.(사진=위부터 허인서, 황성빈) 뉴스엔 안형준 markaj@ / 유용주 yongju@ 기사제보 및 보도자료 newsen@newsen.com copyrightⓒ 뉴스엔. 무단전재 & 재배포 금지",https://v.daum.net/v/HB3gWhOcvF
2026.07.11 22:11,눈 둘 곳 없지만…즐거웠으면 됐다! 마지막 잠실 올스타전 장식한 “자려고...,스포츠서울,"[스포츠서울 | 잠실=이소영 기자] “자려고 누웠는데 양의지~” 별들의 최대 축제답게 이번에도 각양각색 퍼포먼스들의 향연이 이어졌다. 두산 양의지(39)가 속한 드림팀 아쉽게 패했지만, 올해 SNS를 강타한 밈(Meme) ‘자려고 누웠는데 양의지’로 마지막 잠실 올스타전을 장식했다. 나눔팀은 11일 서울 잠실구장에서 열린 2026 KBO리그 올스타전에서 장단 22안타를 앞세워 드림팀에 10-2 역전승을 거뒀다. 역대 맞대결에서 통산 6승4패로 앞서게 된 데 이어, 마지막 잠실 올스타전에서 유종의 미를 거뒀다. 선제 실점을 허용했지만, 나눔팀도 호락호락하지 않았다. 현도훈이 바통을 이어받은 4회초, 선두타자 오스틴 딘이 우전안타를 때려냈다. 무사 1루에서 문현빈도 우전안타를 추가한 가운데, 김주원의 동점 희생타가 터졌다. 허인서가 행운의 안타로 출루한 뒤 이도윤이 1타점 역전 적시타를 터뜨렸다. 6회초 사실상 승부가 기울었다. 문현빈과 김주원이 릴레이 안타를 날렸고, 무사 1·2루에서 허인서가 달아나는 1타점 적시타를 쳤다. 대타 송찬의의 우전안타로 만들어진 만루에서는 이도윤이 2타점 적시타로 주자를 홈으로 불러들였다. 강백호와 한준수도 나란히 안타로 힘을 보탰다. 8회초엔 대타 김건희가 좌전안타를 신고하며 추가 득점 기회를 잡았다. 한준수와 문현빈의 적시타 행진으로 주자들이 홈을 밟았고, 구본혁도 1타점 적시타를 기록했다. 경기 막판 드림팀이 1점을 추가했으나, 결국 나눔팀의 10-2 승리로 끝났다. 경기 전 올스타전 퍼포먼스를 둘러싸고 여러 얘기가 오갔지만, 이날 승부만큼이나 뜨거웠던 건 오직 올스타전에서만 만날 수 있는 이색 볼거리였다. 그중에서도 기발한 ‘투표 독려’ 영상으로 화제를 모았던 두산 선수들이 눈에 띄었다. 올시즌 밈의 최대 수혜자 양의지는 ‘자려고 누웠는데 갑자기’ 가사에 맞춰 파자마 차림으로 타석에 들어서며 좌중을 폭소케 했다. 앙증맞게 품에 안은 마스코트 인형은 덤이었다. ‘갸루 열풍’은 올스타전에서도 계속됐다. 정수빈은 금발 가발에 호피 무늬 자켓까지 걸치고 갸루 피스를 선보였다. 이에 질세라 박찬호는 요들레이로 변신해 웃음을 안겼다. 이밖에도 각 구단의 센스가 돋보였다. KBO리그에 완벽 적응한 LG 오스틴은 자신의 별명을 활용해 ‘잠실 오씨’로 나섰고, KT 최원준은 이른바 ‘공주(공포의 주둥이)’ 퍼포먼스로 눈길을 사로 잡았다. 한화 문현빈은 짙은 눈썹과 정반대인 모나리자를 선택했다. 지난해 퓨처스 올스타전 베스트 퍼포먼스상을 차지한 KIA 박재현은 손오공으로 변신해 다시 한번 존재감을 뽐냈다. 롯데 황성빈은 김태형 감독과 함께 강아지 퍼포먼스를 펼쳐 색다른 충격을 안겼다. 쟁쟁한 경쟁자까지 제치며 베스트 퍼포먼스상을 품에 안았다. sshong@sportsseoul.com",https://v.daum.net/v/V84vbU3Gll
2026.07.11 22:11,[프로야구] 올스타전 전적(11일),뉴스1,(서울=뉴스1) 권혁준 기자 = ◆잠실 나눔 000 205 030 | 10 드림 001 000 001 | 2 △승리투수=안우진(1승) △패전투수=현도훈(1패) starburyny@news1.kr,https://v.daum.net/v/GrTLTImj5Y
2026.07.11 22:10,"김태형 혼신의 열연, 황성빈을 '베스트 퍼포먼스' 수상자로 만들었다 [올...",스포츠조선,"[잠실=스포츠조선 김용 기자] 올스타전의 숨은 MVP는 황성빈. 롯데 자이언츠 황성빈이 지루해지던 올스타전을 살렸다. 최근 열리는 올스타전의 백미, 베스트 퍼포먼스상을 수상했다. 김태형 감독의 열연이 큰 몫을 했다. 황성빈은 11일 잠실구장에서 열린 KBO리그 올스타전 드림 올스타 감독 추천 선수로 참가했다. 평소 퍼포먼스라면 누구에게도 뒤지지 않는 그이기에, 선수들의 다양한 퍼포먼스 향연이 벌어지는 올스타전에서 큰 활약(?)이 기대됐다. 이번 올스타전은 6회 나눔 올스타가 대거 5득점하며 긴장감이 풀렸다. 점수차가 커지며 일말의 긴장감이 사라졌다. 하지만 7회 황성빈이 경기장을 들썩이게 했다. 자신은 이닝 세 번째 타석인데 일찌감치 강아지 분장을 하고 등장했다. 그리고 1루 베이스코치를 맡은 롯데 김태형 감독에게 다가가 목줄을 잡아달라고 요청했다. 할 때는 하는 김 감독. 목줄을 잡았다. 황성빈은 그 옆에 얌전하게 앉았다. 앞에 타자가 안타를 치고 나가자, 그라운드로 뛰어들어가려는 맹견 황성빈을 김 감독이 막아서자 관중석에서 웃음이 터졌다. 드디어 황성빈 타석. 김 감독이 배터박스쪽으로 뼈다귀 모형을 던지자, 황성빈이 달려가 이를 물었다. 이날 많은 선수들이 팬들을 위해 다양한 퍼포먼스를 준비했지만, 가장 뜨거운 반응을 보인 건 황성빈이었다. 팬 투표 결과 황성빈은 총 4만3910표 중 1만2134표를 얻으며 1위를 차지했다. 상금 300만원. 혼신의 연기로 알찬 소득이 생겼다. 잠실=김용 기자 awesome@sportschosun.com",https://v.daum.net/v/9Q1cZySrFZ
2026.07.11 22:10,"'강아지 분장' 황성빈, '갸루 분장' 정수빈…별들의 축제서 빛난 10개...",엑스포츠뉴스,"(엑스포츠뉴스 잠실, 유준상 기자) 10개 구단 선수들이 '별들의 축제' 올스타전에서 다양한 퍼포먼스를 선보였다. 한국야구위원회(KBO)는 11일 서울 잠실야구장에서 2026 신한 SOL KBO 올스타전을 개최했다. 경기에서는 나눔 올스타가 드림 올스타를 10-2로 제압하며 2022년, 2023년, 2024년, 지난해에 이어 올스타전 5연승을 달성했다. 경기 내용만큼 많은 관심을 받은 건 선수들의 퍼포먼스였다. 선수들도, 팀들도 팬들의 성원에 화답하기 위해 고민한 흔적이 보였다. 젊은 선수들은 물론 베테랑 선수들도 퍼포먼스를 통해 팬들에게 감사한 마음을 전했다. 경기 후반 진행된 베스트 퍼포먼스상 팬 투표에서 가장 많은 표를 얻은 선수는 황성빈(롯데)이었다. 황성빈은 4만3910표 중 1만2134표(28%)를 획득하며 수상의 영예를 안았다. 황성빈에게는 상금 300만원, 트로피와 함께 메디힐 시상품이 부상으로 수여된다. ◆경기 초반부터 후끈 달아오른 열기 올스타전의 시작을 알린 선수는 드림 올스타 선발 곽빈(두산 베어스)이었다. 곽빈은 영화 '와일드씽'의 등장 인물 최성곤(오정세 분)의 '니가 좋아'에 맞춰서 퍼포먼스를 선보였다. 올스타 투표 기간 화제를 모았던 '투표 독려 숏츠'를 재현한 퍼포먼스였다. 나눔 올스타도 가만히 있지 않았다. 지명타자 강백호(한화 이글스)가 평소 타격폼이 발레리노와 유사하다는 팬들의 별명을 반영해 힙합 그룹 리쌍의 '발레리노'에 맞춰 발레리노 퍼포먼스를 했다. 1루수 오스틴 딘(LG 트윈스)은 본인의 고향인 텍사스를 강조하는 텍사스 보안관 분장을 하고 그라운드에 모습을 드러냈다. 1회말에도 선수들의 퍼포먼스가 이어졌다. 지난해 퓨처스 올스타전에서 베스트 퍼포먼스상을 수상한 나눔 좌익수 박재현(KIA 타이거즈)은 팀 동료이자 나눔 선발 아담 올러(KIA)의 수염 분장을 하고 수비에 나섰다. 애니메이션 매니아이자 애니매이션 '나루토'를 사랑하는 올러는 나루토 의상을 입었다. 마운드 위에서는 투구에 앞서 공이 아닌 장난감 소품을 던졌다. 드림 선수들도 퍼포먼스를 선보였다. 우익수 최원준(KT 위즈)은 자신의 별명인 '공주(공포의 주둥이)'에 맞춰서 'princcess choi' 퍼포먼스를 했다. 3루수 최정(SSG 랜더스)은 자신의 상징적인 별명인 '유신의 별' 퍼포먼스를 준비했다. KBO리그 최다홈런 신기록을 세웠을 때 감동적인 캐스터의 콜을 전광판 영상으로 활용했다. 타석에 입장할 때 '유신의 별' 분장으로 등장해 노란 고무줄로 별을 만드는 퍼포먼스를 진행하기도 했다. ◆박재현부터 베테랑 양의지·류현진까지 퍼포먼스 경쟁 열기는 더 뜨거워졌다. 2회초 나눔 우익수 문현빈(한화)이 모나리자로 변신했다. 짙은 눈썹이 특징인 매력을 살려 팬들을 위해 모나리자 퍼포먼스를 준비했다. '김우주(우리 주원이)'라는 별명을 갖고 있는 나눔 유격수 김주원(NC 다이노스)은 우주복 입고 달 위를 걷는 듯한 퍼포먼스를 보여줬다. 팬들이 가장 사랑하는 별명 중 하나인 김우주를 직관적으로 표현했다. 나눔 포수 허인서(한화)는 미국 메이저리그(MLB)의 강타자 포수 칼 랄리(시애틀 매리너스)의 스타일을 오마주한 허랄리(허인서+칼 랄리) 퍼포먼스를 공개했다. 허랄리 커스텀 유니폼을 입고 등장해 눈길을 끌었다. 나눔 좌익수 박재현은 자신의 별명인 '재현끼끼'에 맞춘 퍼포먼스를 소화했다. 갑옷을 착용한 채 구름 씽씽카를 타고 타석 쪽으로 갔고, 그룹 아일릿의 'it's me'에 맞춰 안무를 선보이기도 했다. 2회말 구원 등판한 나눔 투수 류현진(한화)은 염소를 리드하며 등장했다. 염소 탈을 쓰고 나온 선수는 팀 동료 문현빈이었다. 문현빈은 '류현진 G.O.A.T(Greatest of all time)'라는 문구가 쓰여진 현수막을 펼쳐보였다. 대한민국 레전드 투수로서의 상징성을 유머러스하게 표현한 장면이었다. 올스타 베스트12 팬 투표 1위를 차지한 드림 포수 양의지(두산)는 나이트가운, 나이트 캡, 베개, 이불 등 수면 복장을 입은 뒤 그룹 I.O.I의 '갑자기'에 맞춰서 퍼포먼스를 했다. 팀 동료인 드림 2루수 박준순(두산)은 반짝이 무대의상을 착용하고 나와 등장곡 '날 봐, 귀순' 코첼라 버전 퍼포먼스를 뽐냈다. ◆팬들의 시선 사로잡은 '안장군'과 '갸루 수빈' 3회에는 투수들의 퍼포먼스가 눈에 띄었다. 드림 투수 전용주(KT 위즈)는 애니메이션 '주술회전'의 고죠 사토루 코스프레를 선보였고, 나눔 투수 안우진(키움 히어로즈)은 본인의 대표적인 별명인 '안장군' 이미지를 살려 장군을 연상케 하는 갑옷 복장을 착용했다. 마운드 위에서 위엄 넘치는 퍼포먼스까지 뽐냈다. 드림 중견수 정수빈(두산)은 '갸루 수빈'으로 변신해 파라파라 댄스를 선보였다. 최근 그룹 '리센느'의 멤버 미나미가 유튜브 채널 '안녕하세요원이입니다잘부탁드립니다'에서 무반주로 파라파라 댄스를 선보여 화제가 됐다. 정수빈은 미나미의 헤어스타일, 의상, 댄스를 재현했다. 드림 유격수 박찬호(두산)은 유럽 전통 의상을 착용한 뒤 올스타 홍보 요들송 응원가 버전 퍼포먼스를 하며 타석으로 향했다. 첫 번째 타석에서 '공주' 최원준은 두 번째 타석에서 공주 복장, 가발을 착용한 퍼포먼스를 보여 웃음을 자아냈다. 드림 내야수 허경민(KT)의 타석에서는 생일 축하 노래가 울려퍼졌다. 딸 허서우 양의 생일을 맞아 팬과 함께 축하하는 시간이 마련됐다. 드림 포수 조형우(SSG)는 평소 가장 좋아하는 애니메이션 캐릭터(주토피아 뱀) 콘셉트를 준비했다. 주토피아 분장을 한 채 등장했으며, 타석에 입장할 때 뱀 인형에게 물리는 시늉을 한 뒤 해독제로 치료하는 퍼포먼스까지 진행했다. 4회초에는 전 소속팀 두산에서 프로 생활을 시작한 드림 투수 현도훈(롯데)이 팀 동료 박정민, 김진욱의 손가마와 함께 등장했다. 자신의 야구 인생 첫 올스타 선정을 모두에게 축하받는다는 의미를 담아 '잠실로 금의환향' 퍼포먼스를 준비했다. 오스틴은 두 타석 연속 퍼포먼스를 뽐내며 팬들의 박수를 받았다. 오스틴이 준비한 두 번째 퍼포먼스는 잠실 오씨 퍼포먼스였다. 전통 의상인 한복을 착용하고, 팬들의 애정이 담긴 별명 '잠실 오씨'가 적힌 족자를 펼치는 모습을 표현했다. 나눔 내야수 이도윤(한화)은 본인의 등장곡인 그룹 '세븐틴'의 손오공에 맞춰 손오공 코스튬 착장과 함께 타석으로 향했다. 퍼포먼스 이후 적시타를 때린 이도윤은 1루에서 주먹을 불끈 쥐었다. 4회말 구원 등판한 나눔 투수 박준현(키움)도 퍼포먼스를 준비했다. 아버지 박석민(삼성 라이온즈 코치)를 연상케 하는 특유의 뽀글머리 가발과 스타일을 매치해 유쾌한 오마주 무대를 연출했다. ◆SSG 선수들의 존재감 돋보였던 경기 중반 5회초에는 드림 투수 김건우, 내야수 정준재(이상 SSG)의 드라마 등장인물 관련 퍼포먼스가 눈길을 끌었다. 김건우는 전광판에 영상이 송출된 이후 소지섭 분장을 한 채 등장했다. 김건우는 과거 구단 공식 유튜브 '쓱튜브'를 통해 파마머리 시절 본인을 스스로 드라마 '미안하다 사랑한다'의 그지섭이라고 지칭한 바 있다. 팀 동료 정준재는 임수정 역할로 보조해 마운드 위에서 쭈그려 앉는 장면을 함께 재연했다. 5회말에는 나눔 투수 전사민(NC)이 자신의 이름에서 전사(Warrior) 콘셉트를 따와 '전사 퍼포먼스'를 준비했다. 수많은 이닝을 던져도 쓰러지지 않는 '불멸의 전사' 이미지로, 영화 '300'의 스파르타 전사를 연상케 한다. 평소 마운드를 향해 뛰쳐나갈 때 보여준 용맹함을 이번 퍼포먼스를 통해 더욱 극대화했다. 클리닝타임 이후 경기가 재개된 가운데, 6회초에는 젊은 투수들의 퍼포먼스가 눈에 띄었다. 드림 투수 박정민(롯데)은 마운드에서 아웃카운트를 잡은 뒤 댄스 3종을 선보였다. 태권도복을 착용한 채 마운드에 오른 드림 투수 이승민(삼성)은 격파 시범을 했다. 도복 뒷면에는 이승민의 별명인 '공포의 주둥이', '공주승민'이 새겨져 있었다. 전광판에 이승민의 어린 시절 사진이 송출되기도 했다. 나눔에서는 포수 한준수(KIA)가 몬치치 캐릭터 소품을 착용했다. 전광판에는 한준수와 함께 딸 한아린 양의 모습이 송출됐다. 6회말에는 나눔 투수 우강훈(LG)이 기존 등장곡인 영화 '토르'의 테마곡을 떠오르게 하는 토르 분장과 함께 마운드로 향했다. 리그 홀드 2위 이미지를 반영한 자물쇠 퍼포먼스였다. 드림 외야수 오태곤(SSG)은 EDM 분위기의 신나는 등장곡(곤팅포차)에 맞춰 직접 춤을 추며 타석에 들어섰다. 오태곤은 올해 정규시즌 경기에서 오후 9시 이후 극적인 홈런이나 끝내기 등을 치며 '9시의 남자', '곤데렐라'라는 별명을 얻었다. ◆마지막까지 퍼포먼스에 진심이었던 선수들 경기 후반에도 선수들의 퍼포먼스가 펼쳐졌다. 7회말 일본 출신 아시아쿼터 선수인 나눔 투수 유토(키움)는 올스타전 최고의 신스틸러가 되기 위해 갸루로 변신했다. 금발 머리 가발에 레오파드 빵모자를 착용했다. 올스타전 퍼포먼스을 논할 때 빠질 수 없는 인물인 드림 외야수 황성빈도 퍼포먼스를 준비했다. 강아지 분장을 한 황성빈은 7회말 시작과 함께 1루 쪽 불펜에서 나왔다. 이어 1루 파울 라인 쪽에 서 있었던 김태형 롯데 감독에게 다가갔다. 김 감독은 강아지 주인처럼 하네스를 끌고 걷는 모습을 연출하며 웃음을 자아냈다. 팬들은 물론 더그아웃에 있었던 선수들과 감독들도 웃었다. 8회초 마운드에 오른 드림 투수 손동현(KT)은 구단 공식 유튜브 '위즈TV' 올스타전 특별 영상을 통해 공개된 모습인 김주일 응원단장의 복장을 입고 응원가 율동을 선보였다. 나눔 포수 김건희(키움)는 팀의 마스코트이자 본인의 닮은꼴인 '턱돌이'를 직관적으로 반영한 유쾌하고 친근한 퍼포먼스를 진행했다. 마지막을 장식한 선수는 드림 투수 성영탁(KIA)이었다. 9회말 구원 등판한 성영탁은 자신의 닮은꼴 '코코몽' 분장과 함께 코코몽 캐릭터 소품을 착용했다. 한편 10개 구단 선수들은 15일까지 휴식기를 가진 뒤 16일부터 후반기 일정에 돌입한다. 사진=잠실, 김한준·박지영 기자 유준상 기자 junsang98@xportsnews.com",https://v.daum.net/v/fO3Poex21c
2026.07.11 22:09,또 황성빈 '역대급 퍼포먼스' 개로 변신 '누가 잠실에 개 풀어놨어'.....,스타뉴스,"[스타뉴스 | 잠실=김우종 기자] 롯데 자이언츠의 '마황' 황성빈이 또 올스타전에서 역대급 퍼포먼스를 펼쳤다. '별들의 축제' 2026 신한 SOL KBO 올스타전이 11일 서울 잠실야구장에서 열렸다. 이번 올스타전은 기존 잠실야구장에서 열리는 마지막 올스타전이라 그 의미가 더했다. 결과는 나눔 올스타의 10-2 완승. 이날 많은 올스타 선수들이 기발한 퍼포먼스를 준비하며 야구 팬들을 즐겁게 했다. 그리고 또 한 명의 별이 올스타전을 찢었다. 이미 지난 2024년 인천 올스타전에서 배달 기사로 변신해 역대급 퍼포먼스를 보여줬던 황성빈이었다. 먼저 황성빈은 올스타 게임 시작 순간, 더그아웃에서 '나는 이 게임을 해봤어요!'라는 현수막을 들고 등장, 나눔 올스타팀의 기선을 제압했다. 7회말 드림 올스타의 공격. 갑자기 더그아웃이 분주해지기 시작했다. 황성빈이 개 분장을 하며 서서히 시동을 걸고 있었다. 선두타자는 박찬호. 황성빈도 그라운드에 모습을 드러냈다. 타석에 아닌 김태형 감독이 서 있는 1루 주루 코치 쪽이었다. 황성빈은 강아지 분장을 한 채 입에 뼈 쿠션을 문 채 얌전히 무릎을 꿇고 있었다. 김태형 감독은 그런 황성빈을 보며 평소 시즌 도중에는 좀처럼 보기 힘든, 사람 좋은 아빠 미소를 짓고 있었다. 뒤이어 박찬호가 중견수 키를 넘어가는 2루타를 터트렸다. 그러자 갑자기 황성빈이 흥분을 주체하지 못한 채 2루로 맹견처럼 달려가려 했다. 이를 본 김태형 감독이 하네스를 잡아당기며 제지했다. 다음 타자 최원준은 2루 땅볼 아웃. 그리고 1사 3루에서 황성빈이 타석에 들어서려는 찰나, 그의 등장곡 'Who Let The Dogs Out'이 잠실구장에 울려 퍼졌다. 롯데 관계자에 따르면 '누가 잠실에 개 풀어놨어' 퍼포먼스였다. 타석을 향해 강아지처럼 뛰어가던 황성빈. 잠실구장에 운집한 만원 관중을 폭소에 빠트린 순간이었다. 잠실=김우종 기자 woodybell@mtstarnews.com",https://v.daum.net/v/BTXz69B3v8
2026.07.11 22:09,"황성빈, 베스트 퍼포먼스상…무더위 날린 ‘분장쇼’[스경X현장]",스포츠경향,"잠실구장에서 열린 KBO리그 마지막 올스타전은 습하고 무더운 날씨 속에 진행됐지만 올해도 어김없이 선수들의 분장과 퍼포먼스가 야구 팬들에게 웃음과 즐거움을 안겼다. 11일 올스타전의 베스트 퍼포먼스상은 황성빈(롯데)에게 돌아갔다. 총 투표 수 4만 3910표 중 1만2134표를 받아 득표율 28%를 기록한 황성빈은 상금 300만원을 받았다. 황성빈은 2024년 올스타전에서도 배달 기사 코스프레로 같은 상을 받은 바 있다. 이날 황성빈의 퍼포먼스도 2024년 못지 않았다. 황성빈은 강아지 분장을 하고 입에 뼈다귀 인형을 문 채 대기 타석에 등장했다. 가슴에 하네스를 차고 바닥에 무릎 꿇고 앉은 황성빈과 하네스를 손에 쥔 김태형 롯데 감독이 나란히 선 모습이 큰 웃음을 자아냈다. 황성빈의 타석이 되자 김 감독은 뼈다귀 인형을 타석 쪽으로 던졌고 황성빈이 뼈다귀를 향해 빠르게 달려가는 것으로 퍼포먼스가 마무리됐다. 이번 퍼포먼스는 황성빈의 등장곡 ‘Who let the dogs out’에서 착안한 것으로 보인다. 드림팀 선발로 등판한 곽빈(두산)은 영화 ‘와일드씽’의 등장인물 최성곤 복장으로 마운드에 올랐다. ‘니가 좋아’ 음악에 맞춰 카메라를 보고 윙크를 했고 관중은 환호했다. 나눔팀 선발 투수 애덤 올러(KIA)는 일본 애니메이션 ‘나루토’ 의상을 착용하고 마운드 위에서 초구로 공이 아닌 장난감 소품을 던졌다. 올러는 애니메이션 매니아로 팬들 사이에서는 ‘오타쿠’로 알려져있다. 드림팀 리드오프로 선발 출전한 최원준(KT)은 자신의 별명인 ‘공주(공포의 주둥이)’에 걸맞게 유럽풍 원피스를 입고 공주 코스프레를 했다. 이후에도 최원준은 핫핑크 색상의 헬멧과 보호대, 신발을 착용하고 타석에 섰다. 오스틴 딘(LG)은 첫 번째 타석에서는 고향인 미국 텍사스를 떠오르게 하는 텍사스 보안관 분장을 했다. 두 번째 타석에서는 한복을 입고 등장하더니 손에 든 족자를 펼쳐보였다. 족자에는 ‘잠실 오씨’라고 적혔다. 정수빈(두산)은 걸그룹 리센느 멤버 미나미의 ‘파라파라’ 댄스를 췄다. 구단의 올스타 투표 독려 영상에서 분장을 하고 같은 춤을 췄던 정수빈은 이번에는 긴 머리에 호피 무늬 겉옷까지 추가했다. 강백호(한화)는 발레복의 형상을 한 코스튬을 입고 등장했다. 강백호는 평소 타석에서 배트를 휘두른 뒤 발레리노처럼 한 바퀴 도는 경우가 많아 ‘트리플 악셀’ ‘발레리노’ 별명이 붙었다. 강백호가 등장할 때 잠실구장에는 가수 리쌍의 노래 발레리노가 울려퍼졌다. 김진욱(롯데)은 ‘오늘은 사직 스쿠발 아니고 롯데 스크류바’라는 현수막을 들고 아이스크림 스크류바를 본뜬 긴 탈을 썼다. 스크류바 핫핑크 색깔로 얼굴도 칠해 웃음을 안겼다. 지난해 퓨처스 올스타전에서 원숭이 분장을 해 베스트 퍼포먼스상을 받았던 박재현(KIA)은 이날은 손오공 복장을 하고 그라운드에 입장했다. 갑옷을 입은 채 구름 씽씽카를 타고 타석으로 향한 박재현은 걸그룹 아일릿의 노래 ‘It’s Me‘에 맞춰 춤을 췄다. 경기 중 오후 9시1분이 되자 구장에는 “9시의 남자”라는 목소리가 울려퍼지더니 오태곤(SSG)이 대타로 등장했다. 시즌 중 오태곤은 밤 9시가 넘었을 때쯤 대타로 타석에 서면 뜨거운 타격감을 자랑해 ‘9시의 남자’라는 별명이 붙었다. 오태곤은 일명 ‘곤팅포차’로 불리는 자신의 등장곡에 맞춰 구단 마스코트들과 안무를 췄다. 우강훈(LG)은 마블 캐릭터 토르 분장을 하고 더그아웃을 나갔다. 우강훈의 등장곡이 영화 ‘토르’ 테마곡이라는 점을 반영한 것이다. 빨간색 망토를 두른 채 망치를 들고 마운드에 오른 우강훈은 망치를 높이 들었다가 마운드 바닥을 때렸고 옆에 있던 LG 마스코트가 그에 맞춰 바닥에 쓰러지는 퍼포먼스를 보였다. 잠실 | 유새슬 기자 yooss@kyunghyang.com",https://v.daum.net/v/7x1FKu0HpU
2026.07.11 22:08,허인서·문현빈·이도윤 11안타 합작 잠실구장 마지막 올스타전 화끈한 타격...,마이데일리,"[마이데일리 = 잠실 류한준 기자] 잠실구장에서 치러지는 마지막 올스타전에서 화끈한 타격쇼가 펼쳐졌다. 나눔 올스타(키움 히어로즈, KIA 타이거즈, 한화 이글스, LG 트윈스, NC 다이노스)와 드림 올스타(롯데 자이언츠, 두산 베어스, 삼성 라이온즈, KT 위즈, SSG 랜더스)가 11일 잠실구장에서 맞대결한 2026 KBO리그 올스타전에서 새 기록이 나왔다. 나눔올스타는 이날 22안타를 쳤다. 타선의 힘을 앞세운 나눔올스타는 드림올스타에 10-2로 이겼다. 22안타는 역대 올스타전 팀 최다 안타다. 종전 기록은 2017년 7월 15일 삼성 홈 구장인 대구 삼성라이온즈파크에서 열린 올스타전에서 나온 드림올스타의 19안타다. 나눔올스타가 팀 최다 안타 신기록을 작성하는데 주역은 한화 소속 선수들이다. 허인서가 5타수 4안타 1타점, 문현빈도 5타수 4안타 1타점, 이도윤은 4타수 3안타 3타점으로 활약했다. 세 선수는 11안타를 합작하며 나눔올스타가 기록한 안타 절반을 책임졌다. 드림올스타 타선은 9안타를 쳐 양팀 합쳐 올스타전 최다 안타 기록은 바뀌지 않았다. 올스타전 최다 안타 경기도 2017 올스타전에서 나왔다. 당시 나눔과 드림올스타는 32안타를 주고 받았다. 이날은 해당 기록에 한 개 모자란 31안타가 나왔다. 류한준 기자 hantaeng@mydaily.co.kr",https://v.daum.net/v/56rNOEAiIT
2026.07.11 22:07,'애완견' 황성빈·'발레리노' 강백호…'마지막 잠실' 올스타전 달군 스타...,뉴스1,"(서울=뉴스1) 서장원 기자 = KBO리그 대표 선수들이 재기 넘치는 퍼포먼스로 '마지막 잠실' 올스타전을 뜨겁게 달궜다. 11일 서울 잠실구장에서 열린 2026 KBO 올스타전에서는 선수들의 다채로운 퍼포먼스가 팬들의 호응을 끌어냈다. 14번째 올스타전이자 오랜 역사를 지닌 잠실 구장의 마지막 올스타전이라는 상징적 의미를 지닌 축제답게, 선수들도 저마다 열심히 준비한 것을 펼쳐 보이며 뜻깊은 시간을 보냈다. 스타트는 드림 올스타 선발 투수 곽빈(두산)이 끊었다. 그는 영화 '와일드씽'의 등장인물인 최성곤 의상을 입고 등장해 '니가 좋아' 퍼포먼스를 선보여 웃음을 자아냈다. 곽빈에 맞서는 나눔 올스타 선발 투수 아담 올러(KIA)도 만만치 않은 등장으로 즐거움을 안겼다. 평소 일본 만화 '나루토' 마니아인 그는 등장인물 의상을 입고 나와 공이 아닌 장난감 소품을 던졌다. 잠실 구장을 홈으로 쓰는 두산은 곽빈 외에도 여러 선수가 특색 있는 모습으로 이목을 끌었다. 박찬호는 유럽 전통 의상 착용 후 올스타 홍보 요들송 응원가 버전 퍼포먼스를 선보였고, 박준순은 반짝이 무대의상 착용 후 등장곡 '날 봐, 귀순' 코첼라 버전에 춤을 췄다. '잠실 아이돌' 정수빈은 별명처럼 최근 온라인상에서 유행을 끈 '갸루 수빈' 파라파라 댄스로 탄성을 자아냈다. 두산과 잠실 구장을 공유하는 LG는 '장수 외인' 오스틴 딘이 앞장섰다. 첫 번째 타석에서 고향인 미국 텍사스를 떠오르게 하는 '텍사스 보안관' 분장을 한 오스틴은 두번째 타석에서는 전통 의상인 한복을 착용하고, 팬들의 애정이 담긴 별명 '잠실 오씨'가 적힌 족자를 펼치는 모습을 보였다. '홈런더비' 우승자 강백호(한화)는 평소 타격자세가 발레리노와 유사하다는 팬들의 별명을 반영해 발레리노 복장을 하고 리쌍의 노래 '발레리노'에 맞춰 타석에 등장했다. 17년 만에 감독 추천선수로 올스타전에 참가한 류현진(한화)은 염소 탈을 쓴 문현빈을 끌고 등장해 한국 레전드 투수로서의 상징성(G.O.A.T)을 유머러스하게 표현했다. 3루수 역대 최다 10회 베스트에 뽑힌 최정(SSG)은 상징적인 별명인 '유신의 별' 퍼포먼스를 뽐냈다. KBO 최다 468홈런 달성 당시의 감동적인 캐스터콜 전광판 영상 활용했고, 타석 입장 때 '유신의 별' 분장으로 등장해 노란 고무줄로 별을 만들었다. 롯데 황성빈은 독보적인 콘셉트로 이목을 집중시켰다. 강아지 분장을 하고 나타난 그는 실제 '애견인' 김태형 롯데 감독에게 이끌려 가는 모습으로 베스트 퍼포먼스상을 향한 의지를 불태웠다. 이 밖에 롯데 투수 김진욱은 경기에는 등판하진 않았지만 더그아웃에서 '스크류바' 탈을 착용했고, KT 최원준은 본인 별명인 '공포의 주둥이'에 맞게 공주 코스프레를 하고 나타났다. KT 손동현은 마운드에서 응원가에 맞춰 치어리딩을 뽐냈다. 나눔 올스타가 10-1로 앞선 9회말 1사에서 마운드에 오른 KIA 투수 성영탁은 자신과 닮은 꼴인 '코코몽'으로 변신한 채 마운드에 올라와 1이닝을 1실점으로 막고 경기의 문을 닫았다. superpower@news1.kr",https://v.daum.net/v/8ZBS1YTsHV
2026.07.11 22:06,"'허인서·문현빈 8안타' 한화가 이끈 나눔, 장단 22안타로 올스타전 신...",스타뉴스,"[스타뉴스 | 잠실=박수진 기자] 역사적인 '잠실야구장 마지막 올스타전'의 주인공은 한화 이글스 선수들이 이끈 나눔 올스타였다. 염경엽 감독이 이끈 나눔 올스타(LG 트윈스, 한화 이글스, NC 다이노스, KIA 타이거즈, 키움 히어로즈)는 11일 오후 6시 서울 송파구 잠실야구장에서 열린 '2026 KBO 올스타전'에서 이숭용 감독의 드림 올스타(SSG 랜더스, 삼성 라이온즈, 롯데 자이언츠, KT 위즈, 두산 베어스)를 상대로 10-2의 역전승을 거두었다. 선제 실점하긴 했지만 곧바로 경기를 뒤집으며 경기를 품었다. 특히 한화 선수들이 도합 10안타를 합작하며 승리의 선봉에 섰다. 이날 드림 올스타는 최원준(우익수)-구자욱(좌익수)-최정(3루수)-최형우(지명타자)-디아즈(1루수)-양의지(포수)-박준순(2루수)-정수빈(중견수)-박찬호(유격수) 순으로 라인업을 꾸렸고, 선발 투수로 곽빈이 나섰다. 나눔 올스타는 박민우(2루수)-박해민(중견수)-김도영(3루수)-강백호(지명타자)-오스틴(1루수)-문현빈(우익수)-김주원(유격수)-허인서(포수)-박재현(좌익수) 순으로 타순을 짜고 선발 투수 올라가 마운드에 올랐다. 선취점의 주인공은 드림이었다. 선두타자 정수빈이 중견수 플라이로 물러났지만 박찬호가 좌중간 2루타를 날려 기회를 잡았다. 후속 최원준이 볼넷을 골라 나가며 1사 1, 2루로 기회가 연결됐다. 다음 구자욱의 유격수 땅볼 때 1루 주자 최원준이 2루에서 포스아웃됐으나, 구자욱이 주자 올 세이프를 만들며 2사 1, 3루 기회를 이어갔다. 여기서 허경민이 중전 적시타로 1-0 드림이 먼저 리드를 잡았다. 하지만 나눔 역시 4회 반격에 나섰다. 선두타자 오스틴이 우전 안타로 물꼬를 텄다. 후속 문현빈까지 우전 안타로 무사 1,3루 기회가 만들어졌다. 여기서 김주원이 중견수 희생플라이를 날려 1-1 균형을 맞췄고 이후 2사 1, 2루 상황에서 이도윤이 우전 적시타로 2-1로 나눔이 경기를 뒤집었다. 나눔은 6회초 대거 5득점하며 승기를 잡았다. 선두타자 문현빈과 김주원의 연속 안타로 기회에서 허인서가 좌전 적시타를 터뜨려 1점을 더했다. 이어 대타 송찬의의 안타로 만들어진 무사 만루 찬스에서 이도윤이 좌중간 2타점 적시타를 때려냈고, 강백호의 우익수 방면 희생 플라이와 한준수의 적시타까지 나와 7-1까지 도망갔다. 8회초 나눔은 한준수의 적시 2루타를 시작으로 문현빈의 적시 3루타와 구본혁의 적시타로 3득점하며 10-1로 경기를 매조졌다. 이날 나눔은 장단 22안타로 역대 올스타전 한 경기 팀 최다 안타를 기록했다. 9회말 드림은 황성빈의 적시타로 1점을 추가했지만 승패에 영향을 미치진 못했다. 이날 경기에서는 한화 야수들이 나눔의 타선을 완벽히 이끌었다. 포수 허인서가 5타수 4안타 1타점을 기록했고, 문현빈 역시 5타수 4안타 1타점 3득점으로 맹타를 휘둘렀다. 이도윤 역시 3타수 2안타 3타점으로 맹활약하며 잠실을 가득 메운 야구팬들에게 강렬한 인상을 남겼다. 잠실=박수진 기자 bestsujin@mtstarnews.com",https://v.daum.net/v/49WEEaLxy9
2026.07.11 22:04,[프로야구 올스타전 전적] 나눔 10-2 드림,연합뉴스,2026 신한 SOL뱅크 KBO 올스타전 전적(11일·서울 잠실구장) 나눔 올스타 000 205 030 - 10 드림 올스타 001 000 001 - 2 △ 승리투수 = 안우진 △ 패전투수 = 현도훈 (서울=연합뉴스) (끝) ▶제보는 카톡 okjebo,https://v.daum.net/v/upKpp5HlYZ
2026.07.11 22:04,"'22안타 폭발' 나눔, '굿바이 잠실' 올스타전서 드림 10-2 완파",뉴스1,"(서울=뉴스1) 권혁준 기자 = 잠실구장에서 열린 마지막 올스타전에서 나눔 올스타가 불방망이를 앞세워 완승을 거뒀다. KIA, LG, 한화, NC, 키움 연합팀인 나눔 올스타는 12일 대전 한화생명볼파크에서 열린 2025 신한 SOL뱅크 KBO 올스타전에서 삼성, 두산, KT, SSG, 롯데 연합의 드림 올스타를 10-2로 제압했다. 이로서 나눔 올스타는 올스타전이 드림과 나눔 체제로 바뀐 2015년 이후 10번의 올스타전(2020, 2021년은 코로나19로 인해 미개최)에서 6승 4패의 우위를 이어갔다. 특히 나눔 올스타는 2022년 이후 5년 연속 드림 올스타에 승리를 거뒀다. 이날 나눔은 무려 22안타를 폭발하며 드림 마운드를 두들겼다. 22안타는 올스타전 한 경기 팀 최다 안타 신기록이다. 종전 기록은 2017년 올스타전에서 드림이 기록한 19안타였다. 특히 한화 소속 선수들의 활약이 빛났다. 교체 투입된 이도윤이 결승타를 포함해 4타수 3안타 3타점으로 공격을 주도했고, 허인서와 문현빈은 각각 4안타씩을 합작했다. 이 세 선수가 나눔 안타의 절반인 11안타를 쓸어 담았다. 마운드도 아담 올러(KIA)를 필두로 류현진(한화), 안우진, 박준현(이상 키움), 전사민(NC), 우강훈(LG), 카나쿠보 유토(키움), 정해영(KIA), 류진욱(NC), 성영탁(KIA) 등 10명의 투수가 9이닝을 나눠 던지면서 드림 타선을 2실점으로 묶었다. 3회 1실점한 안우진, 9회 1점을 준 성영탁을 제외하고는 모든 투수가 무실점 호투를 펼쳤다. 드림은 투타 모두 침체를 보이며 완패했다. 드림 4번 지명타자로 나선 최형우(삼성)가 42세6개월25일의 역대 올스타전 최고령 출전 신기록을 세운 게 유일한 위안거리였다. 최형우는 오승환(2024년)의 41세11개월21일, 양준혁(2010년)의 41세1개월28일 등 투·타 통틀어 최고령 올스타 출전 선수가 됐다. 이날 경기는 1983년(2차전), 1985년(1차전), 1986년, 1988년, 1990년, 1992년, 1994년, 1996년, 2001년, 2006년, 2011년, 2022년에 이어 잠실에서 열린 13번째 올스타전이었다. 잠실구장은 올 시즌을 끝으로 철거가 확정돼 역사 속으로 사라질 예정으로, 이날 경기는 잠실에서 열리는 마지막 올스타전이라는 의미가 있었다. 선수들의 다양한 퍼포먼스로 팬들에게 다채로운 볼거리를 제공한 가운데 초반은 투수전의 양상이 펼쳐졌다. 기선을 제압한 건 드림이었다. 3회말 1사 후 박찬호(두산)의 2루타, 최원준(KT)의 볼넷으로 찬스를 잡았고, 2사 후 허경민(KT)의 적시타로 선취점을 냈다. 나눔은 4회초 곧장 반격했다. 오스틴 딘(LG)과 문현빈의 연속 안타로 만든 무사 1,3루에서 김주원(NC)의 희생플라이로 동점을 만들었다. 이후 허인서의 안타로 찬스를 이어갔고, 2사 후 이도윤의 적시타로 역전에 성공했다. 한 점 차의 살얼음 리드를 이어가던 나눔은 클리닝 타임 이후 이어진 6회초 바뀐 투수 박정민(롯데)을 공략하며 대량 득점에 성공했다. 문현빈, 김주원의 연속 안타로 찬스를 만들었고, 허인서의 적시타로 귀중한 추가점을 냈다. 이어 대타 송찬의(LG)의 뜬공을 드림 수비가 잡지 못해 무사 만루가 됐고, 이도윤의 2타점 적시타가 터졌다. 이후 강백호(한화)의 희생플라이, 한준수(KIA)의 적시타로 7-1까지 벌리며 승부의 추가 크게 기울었다. 나눔은 8회초 한준수, 문현빈, 구본혁의 연속 적시타로 3점을 추가해 사실상 승리를 확정했다. 드림이 9회말 마지막 공격에서 황성빈의 적시타로 1점을 만회했으나 대세엔 지장이 없었다. starburyny@news1.kr",https://v.daum.net/v/3CiBBpFYHa
2026.07.11 22:04,"허인서 4안타-문현빈 4안타-이도윤 3타점, 한화가 다했다...'역대 팀...",OSEN,"[OSEN=잠실, 한용섭 기자] 나눔 올스타가 잠실구장 마지막 올스타전에서 승리했다. 나눔 올스타는 2022년 이후 5연승을 거뒀다. 나눔 올스타는 11일 서울 잠실구장에서 열린 ‘2026 KBO 올스타전’에서 드림 올스타에 10-1로 승리했다. 22안타를 몰아친 나눔 올스타는 역대 팀 최다 안타 신기록을 세웠다. 종전 기록은 2017년 드림 올스타의 19안타였다. 허인서가 5타수 4안타 1타점, 문현빈이 5타수 4안타 1타점, 이도윤이 4타수 3안타 3타점으로 활약했다. 나눔 올스타(원정팀)는 박민우(2루수, NC) 박해민(중견수, LG) 김도영(3루수, KIA) 강백호(지명타자, 한화) 오스틴 딘(1루수, LG) 문현빈(우익수, 한화) 김주원(유격수, NC) 허인서(포수, 한화) 박재현(좌익수, KIA)이 선발 출장했다. 선발투수는 아담 올러(KIA). 드림 올스타(홈팀)는 최원준(우익수, KT) 구자욱(좌익수, 삼성) 최정(3루수, SSG) 최형우(지명타자, 삼성) 르윈 디아즈(1루수, 삼성) 양의지(포수, 두산) 박준순(2루수, 두산) 정수빈(중견수, 두산) 박찬호(유격수, 두산)가 선발 라인업으로 출장했다. 선발투수는 곽빈(두산). 1회 드림 선발 곽빈은 톱타자 박민우를 삼진으로 잡고, 박해민에게 좌전 안타를 허용했다. 김도영을 스트레이트 볼넷으로 내보냈고, 강백호는 헛스윙 삼진으로 돌려세웠다. 투구 수 20구에서 교체. 양창섭이 구원 투수로 올라와 오스틴을 우익수 뜬공으로 이닝을 끝냈다. 1회말 나눔 선발 올러는 톱타자 최원준을 볼넷으로 내보냈으나, 구자욱을 2루수 땅볼 병살타로 처리했다. 최정을 우익수 뜬공으로 3타자만으로 이닝을 끝냈다. 나눔 류현진은 2회말 등판해 선두타자 최형우를 1루수 송구 실책으로 내보냈다. 디아즈를 1루수 뜬공 아웃, 양의지를 중견수 뜬공 아웃, 박준순을 우익수 뜬공 아웃으로 실점없이 이닝을 끝냈다. 투구 수 9개, 힘을 빼고 112~121km 구속의 직구만 던졌음에도 실점은 없었다. 드림 올스타는 3회 선취점을 뽑았다. 나움 투수 안우진 상대로 1사 후 박찬호가 좌중간 2루타로 출루했다. 최원준은 볼넷을 골라 출루했다. 구자욱의 유격수 땅볼 때 2루에서만 주자가 아웃, 2사 1루와 3루가 됐다. 허경민이 중전 적시타를 때려 선취점을 뽑았다. 조형우가 우측 펜스 앞에서 잡히는 뜬공 아웃으로 공격이 끝났다. 나눔 올스타는 4회 곧바로 역전시켰다. 드림 투수 현도훈 상대로 선두타자 오스틴이 우전 안타로 출루했다. 문현빈이 1~2루 사이를 빠지는 우전 안타를 때려 무사 1,3루 찬스로 연결했다. 김주원이 중견수 희생플라이로 1-1 동점을 만들었다. 허인서가 3루수 맞고 좌익수 앞으로 굴러가는 안타를 때려 1,2루가 됐다. 박재현이 삼진으로 물러났지만, 2사 후 이도윤이 우전 적시타를 때려 2-1로 역전시켰다. 나눔 올스타는 6회 타순이 한 바퀴 돌면서 5득점 빅이닝으로 승기를 잡았다. 드림 투수 박정민 상대로 문현빈, 김주원, 허인서가 3연속 안타를 때려 1점을 추가했다. 이어 대타 송찬의가 우익수와 2루수 사이에 떨어지는 안타를 때려 무사 만루 찬스가 이어졌다. 이도윤이 좌중간 적시타를 때려 2타점을 추가했다. 스코어는 5-1이 됐다. 박해민이 좌익수 뜬공으로 아웃됐고, 김도영이 좌익수와 유격수 사이에 떨어지는 안타로 1사 만루가 됐다. 강백호가 우익수 희생플라이로 1타점을 더해 6-1로 달아났다. 2사 1,3루에서 한준수가 우중간 적시타를 때려 7-1까지 점수 차를 벌렸다. 나눔은 8회 3점을 추가했다. 1사 후 김건희가 좌전 안타로 출루했고, 한준수가 우중간 2루타로 1타점을 추가했다. 이어 문현빈이 우중간을 가르는 3루타로 1타점을 보탰다. 구본혁이 중전 적시타를 때려 10-1을 만들었다. 드림은 9회말 마지막 공격에서 1사 후 성영탁 상대로 오태곤의 좌전 안타, 박찬호의 우익수 키를 넘어가는 2루타로 2,3루 찬스를 만들었다. 2사 2,3루에서 황성빈이 1타점 좌전 적시타를 때려 10-2가 됐다. /orange@osen.co.kr",https://v.daum.net/v/4iNMM42uln
2026.07.11 22:03,‘굿바이’ 마지막 잠실 올스타전 승자는 나눔이었다!…‘한화 타자들 대폭발...,MK스포츠,"마지막 잠실 프로야구 올스타전이 나눔 올스타의 승리로 막을 내렸다. 한화 이글스 타자들은 불방망이를 휘두르며 나눔 올스타 승전고에 앞장섰다. 한화를 필두로 KIA 타이거즈, LG 트윈스, NC 다이노스, 키움 히어로즈로 꾸려진 나눔 올스타는 11일 서울 잠실야구장에서 열린 2026 프로야구 KBO 올스타전에서 삼성 라이온즈, 두산 베어스, KT위즈, SSG랜더스, 롯데 자이언츠로 구성된 드림 올스타에 10-2 대승을 거뒀다. 23750석을 가득 메운 팬들은 열띤 응원과 함성으로 선수들과 호흡했다. 특히 이번 올스타전은 잠실에서 펼쳐지는 마지막 올스타전이라 의미가 더했다. 프로야구 원년인 1982년 준공된 잠실야구장은 올 시즌을 끝으로 철거된다. 이후 2032년 3월 같은 자리에 3만석 규모의 돔구장이 들어설 예정이다. 마지막 잠실 올스타전답게 시구 및 시포자들도 뜻 깊은 이들이 나섰다. 두산, LG 레전드 배터리인 박철순-김경문, 김용수-김동수가 시구 행사를 펼치며 많은 팬들의 박수를 받았다. 나눔 올스타는 투수 아담 올러(KIA)와 더불어 박민우(NC·2루수)-박해민(LG·중견수)-김도영(KIA·3루수)-강백호(한화·지명타자)-오스틴 딘(LG·1루수)-문현빈(한화·우익수)-김주원(NC·유격수)-허인서(한화·포수)-박재현(KIA·좌익수)으로 선발 명단을 구축했다. 이에 맞서 드림 올스타는 최원준(KT·우익수)-구자욱(삼성·좌익수)-최정(SSG·3루수)-최형우(삼성·지명타자)-르윈 디아즈(삼성·1루수)-양의지(두산·포수)-박준순(두산·2루수)-정수빈(두산·중견수)-박찬호(두산·유격수)가 타선에 이름을 올렸다. 선발투수는 곽빈(두산). ‘별들의 축제’답게 선수들은 평소에는 볼 수 없었던 이색적인 세리머니를 펼치며 팬들을 즐겁게 했다. 곽빈은 천사 분장을 하고 영화 ‘와일드씽’의 등장인물 최성곤을 따라했으며, 양의지는 나이트가운, 나이트 캡, 베개, 이불 등을 통해 I.O.I의 ‘갑자기’ 퍼포먼스를 펼쳤다. 오스틴은 고향인 미국 텍사스를 떠오르게 하는 ‘텍사스 보안관’ 분장을 하고 첫 타석에 나섰으며, 김건우와 정준재(이상 SSG)는 드라마 ‘미안하다 사랑하다’의 주인공 소지섭, 임수정을 패러디했다. 이 밖에 전사민(NC)은 ‘전사(Warrior)’ 컨셉트로 퍼포먼스를 펼쳤으며, 이도윤(한화)은 손오공 분장을 한 채 등장해 많은 웃음을 안겼다. 기선제압은 드림 올스타의 몫이었다. 3회말 박찬호의 좌중월 2루타와 최원준의 볼넷, 구자욱의 유격수 땅볼로 연결된 2사 1, 3루에서 허경민이 1타점 중전 적시타를 때렸다. 나눔 올스타도 보고만 있지 않았다. 4회초 오스틴의 우전 안타와 문현빈의 우전 안타로 완성된 무사 1, 3루에서 김주원이 중견수 방면 희생플라이를 날렸다. 허인서의 좌전 안타와 박재현의 삼진으로 이어진 2사 1, 2루에서는 이도윤이 1타점 우전 적시타를 터뜨렸다. 5회말 종료 후 클리닝 타임에는 가수 우즈의 공연이 진행됐다. 선수들 및 팬들은 라이브 공연을 감상하며 즐거운 시간을 보냈다. 잠시 숨을 고른 나눔 올스타는 6회초를 빅이닝으로 장식하며 점수 차를 벌렸다. 문현빈의 중전 안타와 김주원의 우전 안타로 만들어진 무사 1, 2루에서 허인서가 1타점 좌전 적시타를 쳤다. 송찬의(LG)의 우전 안타로 계속된 무사 만루에서는 이도윤이 좌중월에 떨어지는 2타점 적시타를 폭발시켰다. 한 번 불 붙은 나눔 올스타 타선의 화력은 좀처럼 식을 줄 몰랐다. 박해민의 좌익수 플라이와 김도영의 좌전 안타로 이어진 1사 만루에서 강백호가 우익수 방면 희생플라이를 쏘아올렸다. 이후 한준수(KIA)마저 1타점 우중월 적시타를 작렬시켰다. 여유가 생긴 나눔 올스타는 8회초에도 득점 행진을 멈추지 않았다. 1사 후 김건희(키움)가 좌전 안타를 치고 나가자 한준수가 1타점 우중월 적시타를 때렸다. 이어 문현빈, 구본혁(LG)도 각각 1타점 우중월 적시 3루타, 1타점 중전 적시타를 쳤다. 다급해진 드림 올스타는 9회말 황성빈(롯데)의 1타점 좌전 적시타로 한 점을 만회했지만, 거기까지였다. 그렇게 마지막 잠실 올스타전은 나눔 올스타의 승리로 막을 내렸다. 나눔 올스타는 선발 올러를 필두로 류현진(한화·1이닝 무실점)-안우진(키움·1이닝 1실점)-박준현(키움·1이닝 무실점)-전사민(1이닝 무실점)-우강훈(LG·1이닝 무실점)-카나쿠보 유토(키움·1이닝 무실점)-정해영(KIA·1이닝 무실점)-류진욱(NC·0.1이닝 무실점)-성영탁(KIA·0.2이닝 1실점)을 마운드로 불러올렸다. 타선에서는 단연 한화 선수들이 빛났다. 이도윤(4타수 3안타 3타점)과 더불어 문현빈(5타수 4안타 1타점), 허인서(5타수 4안타 1타점)가 모두 쾌조의 타격감을 뽐냈다. 이 밖에 한준수(3타수 2안타 2타점), 송찬의(3타수 2안타)도 뒤를 든든히 받쳤다. 드림 올스타는 곽빈(0.2이닝 무실점)-양창섭(삼성·1.1이닝 무실점)-전용주(KT·1이닝 무실점)-현도훈(롯데·1이닝 2실점)-김건우(1이닝 무실점)-박정민(롯데·0.1이닝 5실점)-이승민(삼성·1.2이닝 무실점)-손동현(KT·1이닝 3실점)-이영하(두산·1이닝 무실점)를 등판시켰다. 박찬호(3타수 3안타)는 3안타를 쳐내며 큰 존재감을 뽐냈다. [잠실(서울)=이한주 MK스포츠 기자] [ⓒ MK스포츠, 무단전재 및 재배포 금지]",https://v.daum.net/v/789pp5HlM2
2026.07.11 22:02,"허인서+이도윤+문현빈 11안타 미쳤다 → 나눔 22안타 폭격, 10-2 ...",스포츠조선,"[잠실=스포츠조선 한동훈 기자] 나눔 올스타가 올스타전 팀 최다 안타 신기록을 갈아치우며 대승을 거뒀다. 나눔은 11일 잠실구장에서 열린 2026 KBO 올스타전에서 드림 올스타를 10대2로 완파했다. 나눔은 22안타를 몰아쳤다. 2017년 올스타전 드림의 19안타를 넘어섰다. 이도윤 4타수 3안타 3타점, 문현빈 5타수 4안타 1타점 3득점, 허인서 5타수 4안타 1타점 1득점을 기록했다. 잠실구장과 이별을 기념하는 행사였다. 잠실에서 치르는 마지막 올스타전. 올 시즌이 끝나면 잠실구장은 철거된다. 2032년 입주를 목표로 '잠실돔'이 지어진다. 드림이 3회말 선취점을 뽑았다. 나눔 세 번째 투수 안우진을 공략했다. 1사 후 박찬호가 2루타를 쳤다. 최원준이 볼넷으로 1루를 채웠다. 구자욱이 유격수 땅볼을 쳤지만 병살을 면했다. 2사 1, 3루에서 허경민이 중전 적시타를 터뜨렸다. 허경민은 2회초 최정의 대수비로 출전했다. 나눔이 4회초 곧바로 역전했다. 오스틴 문현빈이 연속 안타를 쳤다. 김주원이 중견수 희생플라이로 동점을 만들었다. 허인서가 좌전 안타를 쳐 기회를 이어갔다. 박재현이 삼진을 당했지만 이도윤이 우전 적시타를 터뜨렸다. 2-1로 앞서가던 나눔은 6회초에 승리를 예감했다. 5점 빅이닝을 만들었다. 드림은 엉성한 외야 수비를 연발하며 자멸했다. 신인 투수 박정민은 첫 올스타전에서 수비 도움을 받지 못하고 외롭게 투구했다. 선두타자 문현빈이 중전 안타로 포문을 열었다. 김주원 허인서가 연속 안타를 쳐 3-1로 달아났다. 무사 1, 2루에서 송찬의가 친 공이 우측에 높이 떴다. 2루수 박준순과 우익수 최원준이 공을 다 따라가놓고 떨어뜨렸다. 졸지에 빗맞은 타구가 안타가 됐다. 베이스 꽉 찼다. 후속 이도윤의 타구는 좌익수 황성빈과 유격수 박찬호가 처리하지 못했다. 앞 상황과 방향만 반대였을 뿐 잡을 수 있는 공을 놓친 것은 똑같았다. 주자 둘이 득점하며 나눔이 5-1로 앞서갔다. 드림 투수가 이승민으로 바뀌었다. 강백호의 희생플라이와 한준수의 적시타가 이어졌다. 박정민의 자책점이 5점으로 불어났다. 나눔이 7-1로 리드하며 승부에 쐐기를 박았다. 나눔은 8회초에 3점을 추가, 드림의 추격 의지를 꺾었다. 한동훈 기자 dhhan@sportschosun.com",https://v.daum.net/v/4CeUU1XS0Z
2026.07.11 22:02,"홈런은 없었지만 최다 안타 기록 갈아치웠다…나눔, 잠실 마지막 ‘별들의 ...",스포츠경향,"‘별들의 축제’에서 안타를 대량으로 생산한 나눔 올스타가 승리를 거뒀다. 나눔 올스타는 11일 잠실구장에서 열린 2026 KBO 올스타전에서 10-2로 대승했다. 선취점은 드림이 먼저 뽑아냈다. 1사 후 박찬호의 좌중간 2루타에 이어 최원준이 볼넷을 얻어낸 뒤 구자욱이 유격수 땅볼로 출루하면서 2사 1·3루의 득점 찬스가 만들어졌다. 이어 허경민이 중전 적시타를 치면서 1-0으로 리드를 잡아냈다. 하지만 4회 바로 나눔이 역전했다. 오스틴 딘과 문현빈이 연속 안타를 치고 김주원이 중견수 희생플라이로 동점을 만들었다. 이어 허인서의 안타로 득점 찬스를 이어간 나눔은 2사 1·2루에서 이도윤의 우전 적시타로 2-1 역전에 성공했다. 그리고 나눔은 6회 빅이닝을 만들면서 승기를 잡았다. 문현빈, 김주원의 연속 안타에 이어 허인서의 좌전 적시타로 추가점을 뽑은 뒤 계속된 만루 상황에서 이도윤이 2타점 적시타를 쳤다. 1사 만루의 상황에서 강백호의 우익수 플라이로 3루주자 송찬의가 홈인했고 한준수도 우전 적시타를 쳐 빅이닝의 방점을 찍었다. 나눔은 여기서 멈추지 않고 8회 한준수의 적시타, 문현빈의 3루타로 2점을 더 달아났다. 그리고 구본혁도 중전 적시타를 뽑아내며 나눔은 20안타를 기록했다. 2017년 드림이 19안타를 기록한 이후 9년만에 올스타전 한 경기 팀 최다 안타 기록을 갈아치웠다. 드림은 9회 한 점을 만회했지만 격차를 좁히지 못했다. 이날 양 팀은 16명의 투수를 투입했다. 나눔은 애덤 올러-류현진-안우진-박준현-전사민-우강훈-가나쿠보 유토-정해영-성영탁이 1이닝씩을 맡았다. 드림은 곽빈(0.2이닝)-양창섭(1.1이닝)이 2회까지 책임진 뒤 전용주-현도훈-김건우가 나란히 1이닝 씩을 맡았다. 박정민이 0.1이닝을 기록하고 내려왔고 이승민이 1.2이닝을 소화했다. 그리고 손동현이 1이닝을 던졌다. 잠실 | 김하진 기자 hjkim@kyunghyang.com",https://v.daum.net/v/HxBijnd8z6
2026.07.11 22:02,"문현빈 4안타, 허인서 4안타, 이도윤 3안타…한화 타자들이 올스타전 영...",스포티비뉴스,"[스포티비뉴스=잠실, 윤욱재 기자] 한화 타자들의 맹타 행진이 나눔 올스타의 승리를 이끌었다. 나눔 올스타는 장단 21안타를 폭발, 역대 올스타전 한 경기 팀 최다 안타 신기록을 수립했다. 나눔 올스타는 11일 서울 잠실구장에서 열린 2026 신한 SOL뱅크 KBO 올스타전에서 드림 올스타를 10-2로 제압했다. 이날 경기는 KIA, LG, 키움, 한화, NC 선수들로 구성된 나눔 올스타와 두산, 삼성, KT, SSG, 롯데 선수들로 이뤄진 드림 올스타의 맞대결이 펼쳐졌다. 나눔 올스타는 박민우(2루수)-박해민(중견수)-김도영(3루수)-강백호(지명타자)-오스틴(1루수)-문현빈(우익수)-김주원(유격수)-허인서(포수)-박재현(좌익수)을 1~9번 타순에 배치했고 선발투수 애덤 올러를 내세웠다. 드림 올스타는 최원준(우익수)-구자욱(좌익수)-최정(3루수)-최형우(지명타자)-르윈 디아즈(1루수)-양의지(포수)-박준순(2루수)-정수빈(중견수)-박찬호(유격수)를 1~9번 타순에 기용했고 선발투수 곽빈을 내보냈다. 선취 득점은 드림 올스타의 몫이었다. 3회말 1사 후 박찬호가 좌중간 2루타를 때렸고 최원준이 볼넷으로 출루했다. 구자욱의 유격수 땅볼 아웃으로 2사 1,3루 찬스를 이어간 드림 올스타는 허경민이 중전 적시타를 작렬, 1점을 먼저 따내는데 성공했다. 그러자 나눔 올스타는 4회초 선두타자 오스틴의 우전 안타를 시작으로 문현빈의 우전 안타로 무사 1,3루 찬스를 잡은 뒤 김주원의 중견수 희생플라이에 힘입어 1-1 동점을 이뤘다. 허인서의 타구가 3루수를 맞고 좌전 안타로 이어져 찬스를 이어간 나눔 올스타는 이도윤이 우전 적시타를 날려 2-1 역전까지 해낼 수 있었다. 나눔 올스타는 6회초 공격에서 쐐기를 박는데 성공했다. 선두타자 문현빈이 중전 안타를 쳤고 김주원이 우전 안타를 때렸다. 무사 1,2루 찬스에 나온 허인서는 좌전 적시타를 작렬, 나눔 올스타에 3-1 리드를 안겼다. 송찬의가 우전 안타를 날려 무사 만루 찬스는 이도윤에게로 향했다. 이도윤은 좌중간 적시타로 화답, 주자 2명이 득점하면서 점수차 벌리기에 나섰다. 김도영의 좌전 안타로 또 한번 만루 찬스를 획득한 나눔 올스타는 강백호의 우익수 희생플라이에 힙이어 1점을 추가했다. 여기에 한준수의 우중간 적시타까지 터진 나눔 올스타는 7-1로 앞서 나갈 수 있었다. 나눔 올스타는 8회초 공격에서 기어코 두 자릿수 득점을 채웠다. 1사 후 김건희가 좌전 안타를 쳤고 한준수가 우중간 적시 2루타를 때려 1점을 더한 나눔 올스타는 문현빈이 우중간 적시 3루타를 때려 또 1점을 챙겼고 구본혁도 중전 적시타를 날리면서 1점을 추가할 수 있었다. 이날 나눔 올스타에서는 한화 선수들의 맹타 행진이 눈부셨다. 문현빈이 5타수 4안타 1타점 3득점, 허인서가 5타수 4안타 1타점 1득점, 이도윤이 4타수 3안타 3타점 1득점을 각각 기록했다. 류현진은 올러에 이어 구원 등판해 1이닝 무실점으로 막았다. 나눔 올스타는 장단 21안타를 작렬, 역대 올스타전 한 경기 팀 최다 안타 신기록을 수립했다. 종전 기록은 2017년 드림 올스타의 19안타였다. <저작권자 ⓒ SPOTV NEWS. 무단전재 및 재배포 금지>",https://v.daum.net/v/FNF6dP4qTY
2026.07.11 22:02,나눔 올스타 10-2 대승… 5년 연속 승리,중앙일보,"나눔 올스타가 잠실구장에서 열린 마지막 올스타전에서 승리했다. 나눔 올스타는 11일 열린 2026 KBO리그 올스타전에서 드림 올스타를 10-2로 이겼다. 나눔 올스타는 2022년 이후 5년 연속 승리를 거뒀다. 5년 연속 만원 관중(2만 3750석) 기록도 이어갔다. 나눔 올스타는 상금 3000만원을 받았고, 염경엽 감독은 승리 감독상(300만원)을 수상했다. 문현빈과 허인서가 5타수 4안타 1타점, 이도윤이 4타수 3안타 3타점을 기록하는 등 한화 이글스 타자들이 맹타를 휘둘렀다. 나눔 올스타는 22안타를 쳐 올스타전 최다 안타 기록(종전 기록 2017년 드림 올스타 19안타)을 세웠다. 선제점은 드림 올스타가 올렸다. 1사 이후 박찬호(두산 베어스)가 2루타를 때리며 물꼬를 텄고, 최원준(KT 위즈)의 볼넷과 구자욱(삼성 라이온즈)의 땅볼로 만들어진 2사 1, 3루에서 허경민(KT)이 적시타를 날렸다. 나눔은 4회 초 오스틴 딘(LG 트윈스)과 문현빈의 연속 안타 이후 김주원이 희생플라이를 쳐 동점을 만들었다. 허인서의 안타 이후 2사 1, 2루에서 이도윤이 적시타를 날려 2-1 역전까지 이끌어냈다. 나눔 올스타는 5회 대량득점에 성공했다. 박정민(롯데 자이언츠)을 상대로 문현빈, 김주원(NC 다이노스), 허인서, 송찬의(LG), 이도윤이 5타자 연속 안타를 때려냈다. 2루수 박준순(두산)과 유격수 박찬호가 높게 뜬공을 잡지 못하면서 안타를 만들어주기도 했다. 김도영(KIA 타이거즈)의 안타, 강백호(한화)의 희생플라이, 한준수(KIA)의 안타도 이어지면서 7-1로 벌어지면서 승부가 갈렸다. 삼성 최형우는 올스타전 최고령 경기 출장 기록을 갈아치웠다. 종전 타자 최고령 경기 출장 기록은 2010년 양준혁(이스턴, 삼성·41세 1개월 28일)이 보유하고 있었다. 투수까지 범위를 넓히면 종전 올스타전 최고령 경기 출장 기록은 2024년 오승환(드림, 삼성)의 41세 11개월 21일이었다. 한편 10일 열린 퓨처스(2군) 올스타전에선 남부리그 올스타(울산·롯데·KIA·KT·NC·삼성)가 북부리그 올스타(상무·한화·두산·LG·SSG·고양)에 4-0으로 이겼다. 2회 선제 솔로홈런 포함 3타수 2안타 1타점을 기록한 삼성 함수호가 최우수선수(상금 200만원)로 뽑혔다. 삼성 선수로는 2010년 김종호 이후 16년 만이다. 4회 쐐기 투런 홈런을 쏘아올린 NC 신재인은 우수타자상, 1이닝 무실점한 나가 다이세이(울산)는 우수투수상을 받았다. 북부 올스타 선발 투수로 나선 강건우(한화)는 삼진 2개를 곁들여 1과 3분의 1이닝을 퍼펙트로 막고 감투상을 수상했다. KBO리그 정규시즌은 16일부터 재개된다. 김효경 기자 kaypubb@joongang.co.kr",https://v.daum.net/v/9HkIyCsAhy
2026.07.11 22:02,'발레리노' 강백호부터 '안장군' 안우진까지…잠실의 마지막 올스타전 수놓...,스포츠투데이,"[잠실=스포츠투데이 강태구 기자] 선수들의 다양한 퍼포먼스가 잠실에서 열리는 마지막 올스타전의 분위기를 한껏 끌어올렸다. 11일 서울 잠실야구장에서는 2026 신한 SOL KBO 올스타전이 열렸다. 이날 최종 관중은 2만 3750명으로, KBO 올스타전은 지난 2022년부터 올해까지 5년 연속 매진을 달성했다. 선수들은 만원 관중 앞에서 각종 퍼포먼스를 선보이며 환호성을 자아냈다. 드림 선발투수 곽빈부터 시작됐다. 곽빈은 영화 '와일드씽' 최성곤의 '니가 좋아' 분장을 한 채 마운드로 향했다. 마운드에 오른 뒤에는 분장을 벗고 154km/h의 빠른 볼을 던지면서 타자를 상대했다. 나눔의 4번 타자 강백호는 평소 타격폼이 발레리노와 유사하다는 팬들의 별명을 반영해 발레리노 코스튬을 입고 등장했고, 한바퀴를 도는 퍼포먼스까지 선보였다. 뒤이어 올라온 나눔의 5번 타자 오스틴 딘은 고향인 미국 텍사스를 떠오르게 하는 '텍사스 보안관' 분장을 하고 나왔고, 두 번째 타석에선 전통 의상인 한복을 착용하고, 팬들의 애정이 담긴 별명 '잠실 오씨'가 적힌 족자를 펼치는 모습을 표현했다. 나눔의 선발투수 아담 올러는 애니메이션 '나루토' 안에서의 악역 '아카츠키' 분장을 한 채 수리검을 들고 나타나 드림의 테이블세터진을 깔끔하게 정리했다. '재현끼끼'라는 별명을 갖고 있는 KIA의 박재현은 별명에 맞게 손오공 갑옷을 착용한 뒤 구름 씽씽카를 타고 타석 쪽으로 향한 후 아일릿의 'It’s Me' 음악에 맞춰 댄스를 진행했다. 두산의 안방마님 양의지는 나이트 가운과 나이트 캡, 배게, 이불 등 수면 아이템을 착장한 뒤 걸그룹 I.O.I의 '갑자기' 퍼포먼스를 선보였다. 박준순은 반짝이 무대의상을 착용한 뒤 등장곡 '날 봐, 귀순' 코첼라 버전 퍼포먼스를 보여줬다. 박찬호 역시 유럽 전통 의상을 착용한 뒤 올스타 홍보 요들송 응원가 버전 퍼포먼스를 보여줬다. 팀 동료이자 함께 올스타에 뽑힌 정수빈은 '갸루 수빈' 파라파라 퍼포먼스를 해 팬들에게 웃음을 선물했다. 나눔 올스타의 두 번째 투수인 류현진은 염소 분장을 한 문현빈을 리드하며 등장했다. 이는 대한민국 레전드 투수로서의 상징성(G.O.A.T)을 유머러스하게 표현한 것이다. 한화의 포수 허인서는 시애틀 매리너스의 거포 포수 칼랄리를 오마주한 '허랄리' 커스텀 유니폼을 입고 등장했고, 문현빈은 자신의 타석 때 모나리자 코스튬을 착장하며 짙은 눈썹이 특징인 매력을 살렸다. 키움 히어로즈의 안우진은 본인의 대표적인 별명인 '안장군' 이미지를 살려 장군을 연상케 하는 갑옷 복장을 착용한 채 모습을 드러냈다. 야구 레전드 중 한 명인 박석민의 아들이자 키움의 투수 박준현은 아버지 박석민을 연상시키는 특유의 뽀글머리 가발과 스타일을 매치해 오마주 무대를 연출했다. SSG를 대표하는 타자인 최정은 '유신의 별' 분장을 한 채로 등장해 고무줄로 별을 만드는 퍼포먼스를 선보였다. 투수 김건우는 파마머리 시절 보인을 스스로 '그지섭'이라고 지칭했던 쓱튜브 화제 영상 콘셉트를 가져와 드라마 '미안하다 사랑한다'의 배우 소지섭 준장을 한 채 등장했다. 정준재가 임수정 역할로 보조해 마운드 위에서 쭈그려 앉는 장면을 함께 재연했다. 평소 21시 이후 극적인 홈런이나 끝내기 등을 치며 '9시의 남자', '곤데렐라'라는 별명을 가진 오태곤은 화제가 된 EDM 분위기의 신나는 등장곡('곤팅포차')에 맞춰 직접 춤을 추며 타석에 등장했다. 롯데 투수 현도훈은 '잠실로 금의환향'이라는 콘셉트로 등장했다. 이는 현도훈의 야구 인생 첫 올스타를 모두에게 축하 받는다는 의미로 현도훈은 박정민과 김진욱의 손가마를 받았다. 박정민은 춤신춤왕 컨셉으로 마운드에서 아웃카운트를 잡은 후에 댄스 3종을 선보였다. KT 최원준은 본인 별명인 '공포의 주둥이'에 어울리는 공주를 코스프레하며 유럽풍 원피스를 착용했고, 전용주는 인기 애니메이션인 '주술회전'의 캐릭터를 코스프레해 많은 이들의 이목을 사로잡았다. NC의 김주원은 팬들이 가장 사랑하는 별명 중 하나인 '김우주(우리주원)'를 직관적으로 표현했다. 의상뿐 아니라 입장과 출루 시에도 우주인 퍼포먼스를 보여줬다. 전사민은 이름에 전사 콘셉트를 따와 영화 ‘300’의 스파르타 전사를 연상시키는 퍼포먼스를 준비했다. 삼성의 이승민도 본인의 어린시절 모습을 재현하는 콘셉트로 머리 브릿지를 하고 태권도를 퍼포먼스를 하며 장내의 열기를 더욱 뜨겁게 했다. [스포츠투데이 강태구 기자 sports@stoo.com]",https://v.daum.net/v/0F9Qix6bTO
2026.07.11 22:01,"'문현빈·허인서 각각 4안타' 나눔 올스타, 22안타 폭발하며 드림 올스...",스포츠투데이,"[잠실=스포츠투데이 강태구 기자] 잠실 야구장에서 치르는 마지막 올스타전이 나눔 올스타의 승리로 막을 내렸다. 나눔 올스타는 12일 서울 잠실야구장에서 열린 2026 신한 SOL KBO리그 올스타전에서 드림 올스타를 10-2로 꺾었다. 이로써 나눔 올스타는 2022년부터 이어진 연승 행진을 '5'로 늘렸다. 역대 상대 전적에서도 6승 4패로 리드를 이어갔다. KBO 올스타전은 드림 올스타(삼성 라이온즈, 두산 베어스, KT 위즈, SSG 랜더스, 롯데 자이언츠)와 나눔 올스타(KIA 타이거즈, LG 트윈스, 한화 이글스, NC 다이노스, 키움 히어로즈)의 맞대결로 펼쳐진다. 나눔 올스타 선발투수로 나선 아담 올러는 1이닝 1사사구 무실점을 기록했다. 올러는 11구를 던졌고, 직구 8개, 커브 3개를 구사했다. 직구 최고 구속은 149km/h, 평균 구속은 141km/h가 찍혔다. 타선에선 문현빈과 허인서가 각각 4안타씩을 때려내며 팀 승리를 이끌었다. 드림 올스타의 선발 곽빈은 0.2이닝 1피안타 2탈삼진 1사사구 무실점을 기록했으나 승패 없이 내려갔다. 곽빈은 20개의 공을 던지면서 직구 13개, 슬라이더 2개, 체인지업 4개, 커브 1개를 구사했다. 직구 최고 구속은 154km/h, 평균 구속은 150km/h가 나왔다. 양 팀은 1회와 2회에 서로 득점을 올리지 못했고, 3회에 드림 올스타가 먼저 균형을 깼다. 3회말 바뀐 투수 안우진을 상대로 박찬호가 좌중간을 가르는 2루타를 때린 뒤 최원준이 볼넷을 골라내 1사 1, 2루 찬스를 잡았다. 이후 구자욱이 유격수 땅볼을 쳐 2루로 향하던 최원준이 잡혔으나 2사 1, 3루에서 허경민이 중전 안타를 때려 박찬호를 홈으로 불러들였다. 나눔 올스타가 곧장 경기를 뒤집었다. 4회초 바뀐 투수 현도훈을 상대로 오스틴과 문현빈의 안타로 만든 무사 1, 3루에서 김주원이 중견수 희생플라이로 1-1 동점을 만들었다. 이어 허인서가 안타를 치며 다시 득점권을 생산했고, 박재현이 삼진을 당했으나 이도윤의 1타점 우전 안타로 2-1로 경기를 뒤집었다. 역전을 허용한 드림 올스타는 결정력이 아쉬웠다. 4회말 디아즈와 박준순이 안타, 박찬호가 볼넷으로 출루해 2사 만루 찬스를 잡았으나 최원준이 우익수 뜬공으로 물러났다. 5회말엔 구자욱이 안타를 치고 나갔으나 대주자 황성빈이 2루 도루에 성공했지만, 3루 도루에 실패하며 기회가 무산됐다. 나눔 올스타가 균형을 완전히 무너뜨렸다. 6회초 문현빈과 김주원이 안타를 치고 나간 무사 1, 2루에서 허인서의 1타점 좌전 안타로 1점을 추가했다. 계속된 무사 1, 2루에서 송찬의의 우전 안타로 만루를 채웠고, 이도윤의 2타점 적시타가 나오면서 5-1까지 달아났다. 나눔 올스타의 공격은 계속됐다. 1사 1, 2루에서 김도영이 행운의 안타를 만들어내 재차 만루를 만들었고, 강백호의 우익수 희생플라이, 한준수의 1타점 적시타로 2점을 더 도망갔다. 나눔 올스타가 쐐기 찬스를 놓쳤다. 7회초 허인서의 좌전 안타, 송찬의의 2루타로 만든 1사 2, 3루에서 이도윤이 3루수 직선타, 문성주가 1루수 땅볼로 잡히며 아쉬움을 삼켰다. 허나 드림 올스타 역시 추격 찬스를 잡지 못했고, 그 사이 나눔 올스타가 승부에 방점을 찍었다. 8회초 김건희가 안타로 나간 1사 1루에서 한준수의 1타점 2루타, 문현빈의 1타점 3루타가 나오면서 9-1까지 격차를 벌렸다. 이어 구본혁마저 안타를 뽑아내며 10-1을 만든 나눔 올스타는 9회말 성영탁이 황성빈에게 1타점 적시타를 내줬으나 이미 벌어 놓은 큰 격차로 승리를 확정했다. [스포츠투데이 강태구 기자 sports@stoo.com]",https://v.daum.net/v/t61b8KqFC8
2026.07.11 22:01,'마지막 잠실 올스타전' 승자는 나눔! 문현빈·허인서 8안타 합작→이도윤...,엑스포츠뉴스,"(엑스포츠뉴스 잠실, 양정웅 기자) 45년 역사의 마침표를 찍는 잠실야구장. 마지막 '잠실 올스타전'에서 승리를 거둔 팀은 나눔 올스타였다. 나눔 올스타는 11일 서울 잠실야구장에서 열린 2026 신한 SOL KBO 올스타전에서 드림 올스타를 상대로 10-1 승리를 거뒀다. 그동안 잠실야구장에서는 1983년 올스타전 3차전을 시작으로 1984년과 1985년 1차전이 열렸고, 1986년부터 1996년까지 짝수 해마다 개최됐다. 이후로는 2001, 2006, 2011, 2022년에 개최됐다. 올해가 14번째 잠실 올스타전이다. KBO 올스타전은 10개 구단이 5개 구단씩 드림 올스타와 나눔 올스타로 나뉘어 열린다. 드림 올스타는 롯데 자이언츠, 삼성 라이온즈, KT 위즈, SSG 랜더스, 두산 베어스 선수들로 구성됐다. 나눔 올스타는 한화 이글스, LG 트윈스, KIA 타이거즈, NC 다이노스, 키움 히어로즈 선수들로 꾸려졌다. 드림 올스타와 나눔 올스타 간의 맞대결은 2015시즌부터 이날 전까지 총 9차례 펼쳐졌다. 전체 전적은 5대4로 접전이었지만, 나눔 올스타가 2022년부터 4연승을 달리며 최근 우세를 점하는 상황이었다. 올해도 나눔 올스타가 이기면서 6승 4패 우위를 점하게 됐다. 나눔 올스타는 역대 올스타전 한 경기 최다 안타인 22안타를 기록하며 화력을 과시했다. 특히 한화 선수들의 활약이 빛났다. 문현빈이 5타수 4안타 1타점 3득점, 허인서가 5타수 4안타 1타점 1득점, 이도윤이 4타수 3안타 3타점 1득점으로 맹활약했다. 이날 드림 올스타는 최원준(우익수·KT)~구자욱(좌익수·삼성)~최정(3루수·SSG)~최형우(지명타자·삼성)~르윈 디아즈(1루수·삼성)~양의지(포수·두산)~박준순(2루수·두산)~정수빈(중견수·두산)~박찬호(유격수·두산)가 선발 라인업에 올랐다. 곽빈(두산)이 선발투수로 나섰다. 나눔 올스타는 박민우(2루수·NC)~박해민(중견수·LG)~김도영(3루수·KIA)~강백호(지명타자·한화)~오스틴 딘(1루수·LG)~문현빈(우익수·한화)~김주원(유격수·NC)~허인서(포수·한화)~박재현(좌익수·KIA)이 스타팅으로 나섰다. 선발투수는 아담 올러(KIA)가 출격했다. 먼저 공격에 나선 나눔은 1회 1사 후 박해민의 좌익수 쪽 안타와 김도영의 볼넷으로 득점권 찬스를 잡았다. 하지만 강백호가 삼진으로 물러났고, 바뀐 투수 양창섭(삼성)이 오스틴을 우익수 플라이로 처리하며 이닝을 마무리했다. 드림 역시 1회말 첫 타자 최원준이 볼넷으로 포문을 열었다. 하지만 구자욱이 2루수 앞 병살타로 물러나면서 2아웃이 됐고, 최정이 우익수 플라이로 아웃되면서 득점 없이 끝났다. 2회초 나눔 올스타는 문현빈이 선두타자 안타로 출루했지만, 김주원이 삼진으로 물러났다. 1사 후 허인서의 안타로 득점권 찬스를 만든 나눔은 박재현이 좌익수 뜬공, 박민우가 유격수 직선타로 아웃돼 기회를 살리지 못했다. 나눔이 2회말 류현진(한화)으로 투수를 바꾼 가운데, 드림은 선두타자 최형우가 1루를 밟으며 살아나갔다. 하지만 후속 세 타자가 범타로 물러나 기회를 놓치고 말았다. 3회 나눔은 홈런 1위 김도영이 워닝트랙까지 가는 타구를 날렸으나 좌익수에게 잡히는 등 삼자범퇴로 물러났다. 그러자 드림 올스타가 득점에 성공했다. 드림은 3회말 1사 후 박찬호가 좌중간에 떨어지는 안타를 치고 2루까지 들어갔다. 최원준의 볼넷으로 주자가 들어찬 가운데, 구자욱의 땅볼 때 1루 주자가 아웃되면서 2아웃이 됐다. 하지만 허경민(KT)의 적시타가 나오면서 1-0으로 앞서나갔다. 이후 나눔 올스타도 반격에 나섰다. 4회초 드림이 현도훈(롯데)을 올린 가운데, 오스틴과 문현빈이 연속 안타를 터트려 무사 1, 3루 기회를 잡았다. 여기서 김주원이 중견수 쪽 희생플라이를 기록해 곧바로 동점을 만들었다. 이어 허인서가 3루수 강습 안타로 기회를 이어간 후, 2아웃에서 이도윤(한화)의 우익수 방면 안타가 나오면서 문현빈이 홈을 밟아 2-1로 앞서나갔다. 드림도 반격을 시도했다. 4회말 디아즈가 바뀐 투수 박준현(키움)에게 안타를 치고 나갔고, 김도환(삼성)이 삼진으로 물러난 후 박준순이 안타를 만들면서 1, 2루가 됐다. 이어 2사 후 정수빈이 볼넷으로 나가면서 만루가 세팅됐다. 하지만 최원준의 타구가 우익수 플라이로 잡히면서 점수를 올리는 데 실패했다. 올스타전답게 멋진 수비 장면도 나왔다. 5회초 나눔 강백호의 타구가 2루수 옆으로 향했는데, 2루수 박준순이 유격수 박찬호에게 글러브 토스를 한 후 곧바로 1루로 송구가 이어졌다. 심판은 아웃을 선언했고, 비디오 판독에도 결과가 바뀌지 않았다. 5회말 드림 올스타는 첫 타자 구자욱이 안타로 출루했으나, 대주자 황성빈(롯데)이 2루에 이어 3루를 훔치려다 송구에 잡히고 말았다. 이후 허경민의 볼넷이 나왔으나 이 역시 득점으로 연결되지 못했다. 가수 우즈(WOODZ)의 축하공연 이후 진행된 6회초, 나눔은 박정민(롯데)을 상대로 문현빈과 김주원의 연속 안타로 무사 1, 2루를 만들었다. 여기서 허인서가 바깥쪽 변화구를 잡아당겨 좌익수 앞에 떨어지는 안타를 기록, 2루 주자를 홈으로 불러들였다. 여기서 그치지 않고 대타 송찬의(LG)가 우익수 앞 안타를 기록해 만루가 됐고, 여기서 이도윤이 좌중간에 떨어지는 안타를 터트리면서 주자 2명이 득점해 5-1이 됐다. 1사 후 김도영의 안타로 다시 만루가 되자 드림은 마운드를 이승민(삼성)으로 바꿨다. 나눔 올스타는 강백호의 희생플라이와 한준수의 적시타로 2점을 더 얻어내 6회에만 5득점을 기록했다. 나눔은 8회에도 한준수와 문현빈, 구본혁(LG)이 3연속 적시타를 터트리면서 승부에 쐐기를 박았다. 이와 함께 20개의 안타를 뽑아내며 역대 올스타전 한 팀 최다안타 기록도 경신했다. 사진=잠실, 김한준·박지영 기자 양정웅 기자 orionbear@xportsnews.com",https://v.daum.net/v/4YDOTImjXW
2026.07.11 22:01,‘자려고 누웠는데 양의지’부터 ‘대형견’ 황성빈까지..올해도 올스타전 달...,뉴스엔,"[잠실=뉴스엔 안형준 기자] 올해도 다양한 '퍼포먼스'들이 올스타전을 달궜다. 별들의 축제 '2026 신한 SOL 뱅크 KBO 올스타전'이 7월 11일 서울 잠실구장에서 열렸다. 올시즌을 끝으로 사라지는 잠실 야구장의 마지막 올스타전이다. 올스타전의 퍼포먼스 경쟁은 올해도 계속됐다. 대부분의 올스타 선수들이 분장 등 다양한 퍼포먼스를 준비해 잠실구장을 가득 채운 팬들에게 즐거움을 선사했다. 드림 올스타 선발투수로 1회초 마운드에 오른 곽빈은 영화 '와일드씽'에서 배우 오정세가 부른 '니기 좋아'를 패러디한 모습으로 등장해 시작부터 분위기를 끌어올렸다. 타석에서 헛스윙 후 마치 발레를 하듯 회전하는 동작이 특징인 강백호는 '발레리노'로 분장하고 타석에 들어서 웃음을 자아냈다. 미국 텍사스 출신의 오스틴은 서부극에 나오는 텍사스 보안관처럼 멋진 포즈로 등장했다. 오스틴은 두 번째 타석에서는 한복을 입고 '잠실 오씨'라 적힌 족자를 펼치는 퍼포먼스로 한국에 대한 애정을 나타냈다. 문현빈은 모나리자, 허인서는 '허랄리' 분장으로 팬들 앞에 등장했다. 애니메이션 매니아로 알려진 나눔 선발투수 올러는 '나루토' 옷을 입고 등장해 즐거움을 선사했다. 노장들도 퍼포먼스에 동참했다. 응원가가 걸그룹 I.O.I의 신곡 '갑자기'와 비슷해 큰 화제가 됐던 양의지는 화제의 가사 '자려고 누웠는데 양의지'에 걸맞는 수면 복장으로 첫 타석에 등장해 환호를 자아냈다. 최정도 모교인 유신고등학교의 이름을 딴 '유신의 별' 별명대로 분장하고 타석에 들어섰다. 데뷔시즌 올스타 선정으로 '부자 올스타'가 된 박준현은 아버지 박석민 코치의 현역 시절 헤어스타일을 따라한 가발을 쓰고 등장해 재미와 의미를 모두 챙겼다. SSG 김건우와 정준재는 두 차례 커플 퍼포먼스를 펼치며 환호를 받았다. 김건우가 등판할 때는 김건우가 '미안하다 사랑한다'의 소지섭, 정준재가 임수정으로 분장했고 정준재가 타석에 들어설 때는 정준재가 '꽃보다 남자'의 구준표, 김건우가 금잔디 역할로 나서 한 번 더 환상의 호흡을 자랑했다. 2024년 '배달기사 퍼포먼스'로 베스트 퍼포먼스 상을 거머쥐었던 황성빈은 이번에도 충격적인 퍼포먼스를 선보였다. 김태형 감독이 키우는 '대형견'으로 분장해 목줄을 걸고 뼈다귀를 무는 남다른 모습으로 팬들 앞에 섰다. 한편 이날 경기는 역대 최다 22안타를 몰아친 나눔 올스타가 10-2 완승을 거뒀다. 나눔 올스타는 5년 연속 올스타전 승리에 성공했다.(사진=위부터 양의지, 곽빈, 황성빈) 뉴스엔 안형준 markaj@ 기사제보 및 보도자료 newsen@newsen.com copyrightⓒ 뉴스엔. 무단전재 & 재배포 금지",https://v.daum.net/v/BC1W1YTsSD
2026.07.11 22:01,"‘이도윤 허인서 문현빈 11안타 합작+팀 22안타 신기록’ 나눔 올스타,...",뉴스엔,"[잠실=뉴스엔 글 안형준 기자/사진 유용주 기자] 나눔 올스타가 대승을 거뒀다. 별들의 축제 '2026 신한 SOL 뱅크 KBO 올스타전'이 7월 11일 서울 잠실구장에서 열렸다. 올시즌을 끝으로 사라지는 잠실 야구장의 마지막 올스타전이다. 이날 경기는 나눔 올스타가 10-2 대승을 거뒀다. 나눔 올스타는 무려 22안타를 몰아치며 올스타전 한 경기 최다안타 신기록을 썼다. 나눔은 올스타전 5년 연속 승리를 거뒀다. LG, 한화, NC, KIA, 키움으로 구성된 나눔 올스타는 LG 염경엽 감독이 이끌었다. SSG, 삼성, KT, 롯데, 두산으로 이뤄진 드림 올스타 지휘봉은 SSG 이숭용 감독이 잡았다. 홈팀 드림은 곽빈이 선발등판했다. 이숭용 감독은 최원준(RF)-구자욱(LF)-최정(3B)-최형우(DH)-디아즈(1B)-양의지(C)-박준순(2B)-정수빈(CF)-박찬호(SS)로 타순을 짰다. 나눔 선발은 올러. 염경엽 감독은 박민우(2B)-박해민(CF)-김도영(3B)-강백호(DH)-오스틴(1B)-문현빈(RF)-김주원(SS)-허인서(C)-박재현(LF)의 순서로 라인업을 구성했다. 나눔은 1회초 박해민의 안타, 김도영의 볼넷으로 득점권 찬스를 만들었지만 득점에 실패했다. 드림도 1회말 선두타자 최원준이 볼넷을 골랐지만 구자욱이 병살타를 기록해 득점하지 못했다. 나눔은 2회 문현빈과 허인서의 안타로 1사 1,2루를 만들었지만 득점으로 연결하지 못했다. 먼저 득점한 쪽은 드림이었다. 드림은 3회말 안우진을 상대로 득점을 올렸다. 1사 후 박찬호가 2루타로 찬스를 만들었고 최원준이 볼넷을 골랐다. 구자욱이 땅볼에 그쳤지만 허경민이 적시타로 박찬호를 불러들여 1점을 선취했다. 나눔은 4회초 경기를 뒤집었다. 현도훈을 상대로 선두타자 오스틴이 안타로 출루했고 문현빈이 연속안타로 무사 1,3루를 만들었다. 김주원이 희생플라이로 오스틴을 불러들여 동점을 만든 나눔은 허인서가 안타로 찬스를 이었고 2사 후 이도윤이 적시타로 문현빈을 불러들여 역전에 성공했다. 5회까지 팽팽했던 경기는 클리닝타임 공연으로 약 45분간 중단된 후 재개된 6회 급격히 기울었다. 나눔은 6회초 타자일순하며 5점을 몰아쳐 순식간에 승기를 잡았다. 문현반과 김주원이 연속안타를 기록해 무사 1,2루 찬스를 만들었고 허인서가 적시타로 문현빈을 불러들였다. 대타 송찬의가 행운의 안타로 만루를 만들었고 이도윤이 2타점 적시타를 터뜨렸다. 1사 후 김도영이 안타로 다시 만루를 만든 나눔은 강백호가 희생플라이, 한준수가 적시타를 더했다. 나눔의 6회초 공격은 선두타자였던 문현빈이 다시 타석에 들어서 아웃되며 마무리됐다. 나눔은 8회초에도 3점을 추가해 쐐기를 박았다. 1사 후 김건희가 안타로 출루했고 한준수가 2루타로 불러들였다. 문현빈이 3루타로 한준수를 불러들였고 구본혁이 적시타로 문현빈까지 불러들이는데 성공했다. 드림은 9회말 황성빈의 적시타로 1점을 만회했다. 나눔은 선발 올러가 1이닝 무실점을 기록했고 이후 류현진, 안우진, 박준현, 전사민, 우강훈, 유토, 정해영이 각각 1이닝씩을 책임졌다. 그리고 9회는 류진욱과 성영탁이 함께 나눠 지켰다. 안우진과 성영탁은 1실점씩을 기록했고 나머지 투수들은 모두 실점하지 않고 자신의 이닝을 막아냈다. 나눔의 한화 타자들은 맹타로 올스타전을 달궜다. 교체 출전한 이도윤은 결승타 포함 3안타 3타점 맹타를 휘둘렀고 문현빈과 허인서는 나란히 5타수 4안타 1타점으로 활약했다. 드림 선발 곽빈은 0.2이닝 무실점을 기록했다. 양창섭이 1.1이닝, 전용주가 1이닝을 각각 무실점으로 막았고 현도훈이 1이닝 2실점을 기록해 패전투수가 됐다. 김건우가 1이닝을 무실점으로 막아낸 뒤 박정민이 0.1이닝 5실점으로 부진했고 이승민이 1.2이닝 무실점, 손동현이 1이닝 3실점, 이영하가 1이닝 무실점을 각각 기록했다.(사진=왼쪽부터 이도윤, 허인서, 문현빈) 뉴스엔 안형준 markaj@ / 유용주 yongju@ 기사제보 및 보도자료 newsen@newsen.com copyrightⓒ 뉴스엔. 무단전재 & 재배포 금지",https://v.daum.net/v/PQeJNie4Wt
2026.07.11 22:01,"허인서·문현빈 4안타에 이도윤 3타점, 한화가 다했다→나눔 22안타로 드...",마이데일리,"[마이데일리 = 잠실 김진성 기자] 올해를 끝으로 철거하는 서울 잠실구장에서 마지막 올스타전이 열렸다. 팬들과 선수들의 축제의 장이었다. 나눔 올스타는 11일 서울 잠실구장에서 열린 2026 신한은행 SOL BANK KBO리그 올스타전서 드림 올스타에 10-2로 완승했다. 장단 22안타를 몰아치며 화끈한 승리를 따냈다. 나눔은 박민우(2루수) 박해민(중견수) 김도영(3루수) 강백호(지명타자) 오스틴 딘(1루수) 문현빈(우익수) 김주원(유격수) 허인서(포수) 박재현(좌익수)으로 선발라인업을 짰다. 선발투수는 아담 올러. 드림은 최원준(우익수) 구자욱(좌익수) 최정(3루수) 최형우(지명타자) 르윈 디아즈(1루수) 양의지(포수) 박준순(2루수) 정수빈(중견수) 박찬호(유격수)로 선발라인업을 구성했다. 선발투수는 곽빈. 나눔은 1회초 박해민의 좌중간안타와 김도영의 볼넷으로 1사 1,2루 찬스를 잡았으나 후속타가 나오지 않았다. 드림도 1회말 1사 1루서 구자욱이 2루수 병살타를 쳤다. 그러나 나눔은 2회초에도 문현빈의 우중간안타와 허인서의 중전안타로 잡은 1사 1,2루 기회를 살리지 못했다. 드림이 3회말에 기선을 제압했다. 박찬호의 좌중간 2루타와 최원준의 볼넷, 구자욱의 야수선택으로 2사 1,3루 찬스를 잡았다. 허경민이 선제 1타점 중전적시타를 쳤다. 그러자 나눔은 4회초 오스틴의 우중간안타, 문현빈의 우전안타로 무사 1,3루 찬스를 잡은 뒤 김주원이 동점 중견수 희생플라이를 쳤다. 계속해서 허인서가 3루수를 맞고 좌측으로 빠지는 안타를 쳤고, 2사 후 이도윤이 승부를 뒤집는 1타점 우전적시타를 날렸다. 드림은 4회말 2사 만루 찬스서 최원준이 우익수 뜬공으로 물러났다. 5회말엔 대주자 황성빈이 3루 도루를 시도하다 아웃되기도 했다. 그러자 나눔은 6회초 문현빈의 중전안타, 김주원의 우전안타에 이어 허인서가 도망가는 1타점 좌전적시타를 쳤다. 계속해서 송찬의가 우익수와 2루수 사이에 뚝 떨어지는 안타를 쳤다. 무사 만루서 이도윤이 좌중간 2타점 적시타를 터트렸다. 김도영도 좌선상에 뚝 떨어지는 안타를 날려 다시 1사 만루. 강백호가 우익수 희생플라이를 쳤다. 한준수도 1타점 중전적시타를 날렸다. 끝이 아니었다. 나눔은 8회초 1사 후 김건희의 좌선상안타에 이어 한준수가 우중간 1타점 2루타를 쳤다. 문현빈의 우중간 1타점 3루타에 이어 구본혁도 1타점 중전적시타를 날렸다. 드림은 9회말 2사 2,3루서 황성빈의 1타점 좌전적시타로 추격했으나 승패에 영향을 미치지 않았다. 나눔 올스타 선발투수 아담 올러는 1이닝 1사사구 무실점했다. 드림 올스타 선발투수 곽빈은 ⅔이닝 1피안타 2탈삼진 1사사구 무실점했다. 양팀은 로스터에 등록된 대부분 투수를 마운드에 올려 경기를 마무리했다. 아울러 이날 출전 선수들은 각자 준비한 퍼포먼스를 선보이며 팬들의 폭발적인 환호를 이끌어냈다. 드림 올스타 선발투수 곽빈은 투구를 하다 영화 와일드씽에서 최성곤의 ‘네가 좋아’ 분장에 맞춰 노래를 불렀다. 그런가 하면 드림 김건우와 정준재는 2004년 KBS2에서 방영된 드라마 ‘미안하다 사랑한다’의 소지섭과 임수정의 헤어 및 의상을 똑같이 입고 마운드에 올랐다. 심지어 두 사람은 경기 후반엔 2009년 KBS2에서 방영된 꽃보다 남자의 구준표와 금잔디로 변신하기도 했다. 김건우가 교복 치마를 입고 충격적으로 등장했다. 심지어 드림 황성빈은 개 분장을 하고 뼈다귀를 문 뒤 목줄까지 달고 김태형 감독의 안내를 받아 그라운드에 나서기도 했다. 교복 치마와 개 퍼포먼스는 여러 의미로 충격 그 자체였다.",https://v.daum.net/v/zbX1utZvOI
2026.07.11 22:00,'스크류바' 김진욱부터 '강아지' 황성빈까지… 롯데 분장에 웃음 폭발한 ...,스포츠한국,"[잠실=스포츠한국 심규현 기자] '스크류바' 김진욱부터 강아지 분장을 한 황성빈까지 롯데 자이언츠 선수들의 분장에 잠실 야구장은 웃음으로 가득했다. 나눔 올스타는 11일 오후 6시 서울 잠실야구장에서 열린 2026 신한 SOL 뱅크 KBO 올스타전 드림 올스타를 상대로 10-2 승리를 거뒀다. 이번 올스타전은 잠실야구장에서 열리는 마지막 올스타전이었다. 잠실야구장은 올 시즌을 끝으로 철거되며, 2032년 3월 같은 자리에 3만석 규모의 돔구장이 들어설 예정이다. 공사 기간인 2027년부터 2031년까지 LG와 두산은 잠실주경기장을 대체 구장으로 활용한다. 잠실에서의 고별 올스타전을 빛내기 위해 선수들은 저마다 개성이 담긴 분장과 퍼포먼스로 분위기를 한껏 끌어올렸다. 그중에서도 단연 눈에 띈 선수는 김진욱이었다. 김진욱은 이날 모기업 롯데의 대표 아이스크림 '스크류바'를 연상시키는 분장과 탈을 쓰고 등장했다. 롯데에 따르면 김진욱은 자신의 별명 '사직 스쿠발'에서 착안해 이 분장을 준비했다고 한다. 얼마 뒤 김진욱을 뛰어 넘는 분장이 등장했다. 바로 황성빈. 5회 무사 1루에서 구자욱을 대신해 대주자로 들어간 그는 연이은 도루로 시작부터 자신의 존재감을 뽐냈다. 그리고 '마황' 황성빈은 7회말 제대로 분위기를 띄웠다. 1루 주루코치쪽에서 '강아지 분장'을 하고 등장한 것. 목줄까지 찬 황성빈은 이를 김태형 감독에게 쥐어줬고 김태형 감독은 웃으면서 황성빈과 함께 퍼포먼스를 펼쳤다. 롯데 선수들의 화려한 퍼포먼스로 잠실 야구장은 이날 경기 내내 웃음이 가득했다. 스포츠한국 심규현 기자 simtong96@sportshankook.co.kr",https://v.daum.net/v/GfzTZySrlB
2026.07.11 21:53,[KBO 올스타전] '이게 올스타지' 박준순-박찬호 두산 키스톤의 환상 ...,일간스포츠,"'올스타전'에 걸맞은 플레이가 나왔다. 두산 베어스의 키스톤콤비 박준순과 박찬호가 환상적인 호수비로 잠실 팬들을 열광하게 했다. KBO 올스타전이 11일 서울 잠실야구장에서 열렸다. 이번 올스타전은 올해를 끝으로 철거되는 서울 잠실야구장에서 열리는 마지막 대회로 의미가 깊었다. 10개 구단 최고의 선수들이 모인 자리. 올스타전에 걸맞은 플레이가 나왔다. 5회 1사 후 나눔 올스타의 강백호 타석이었다. 강백호의 타구가 2루수와 유격수 사이를 향해 뻗어나갔고, 그대로 중전 안타가 되는 듯 했다. 이때, 2루수 박준순이 빠르게 달려와 공을 낚아챘다. 역동작 후 1루 송구가 불가능하다고 빠르게 판단한 박준순이 그대로 글러브 토스로 박찬호에게 연결했고, 박찬호가 빠르게 빙글 돌아 1루수에게 공을 연결했다. 1루수 르윈 디아즈의 포구는 강백호와 거의 동시에 이뤄졌다. 첫 판정은 아웃. 잠실을 가득 메운 2만3750명의 만원 관중이 환호성을 내질렀고, 박찬호와 박준순도 서로를 얼싸 안으며 호수비를 기뻐했다. 투수 김건우(SSG 랜더스)도 감탄한 호수비였다. 이에 강백호가 비디오판독을 요청했고, 1분이라는 시간 끝에 최종 아웃 판정을 받았다. 다음 타석을 대기하던 오스틴 딘(LG 트윈스)도 상대 키스톤콤비를 향해 박수를 치며 칭찬에 동참했다. 한편, 박찬호와 박준순 두 선수는 올스타전에 걸맞은 퍼포먼스로 잠실 팬들을 열광하게 했다. 박찬호는 유럽 전통 의상 착용 후 올스타 홍보 요들송 응원가 버전에 맞춰 타석에 등장했고, 박준순 역시 반짝이 무대의상 착용 후 '날 봐, 귀순'의 코첼라 버전 등장곡에 맞춰 타석에 들어서 팬들의 환호를 받았다. 잠실=윤승재 기자 yogiyoon@edaily.co.kr",https://v.daum.net/v/yzV8xf9UE0
2026.07.11 21:47,"잠실 마지막 올스타전, 왜 KT가 동분서주 발로 뛰었나…스페셜 부채+뱃지...",OSEN,"[OSEN=잠실, 이후광 기자] 잠실구장 마지막 올스타전. 그런데 왜 수원 연고의 KT 위즈 프런트가 동분서주 발로 뛰었을까. 프로야구 KT 위즈 프런트는 잠실구장에서 열리는 마지막 축제의 장을 맞아 다양한 팬서비스를 마련했다. 팬, 선수, 응원단 모두가 즐길 수 있는 다양한 아이템을 기획했다. KT는 과거 퓨처스 올스타전과 올스타전 때마다 선수단 주요 기록이 명시된 카탈로그를 특별 제작하며 미디어, 팬들과 소통했다. 카탈로그 맛집이라는 별칭까지 붙었을 정도였다. 올해는 팬들과 미디어 대상 카탈로그보다 실용적인 부채를 제작했다. KT 관계자는 “올스타전이 열리는 시기의 더운 날씨를 고려했고, 부채에 선수들의 롤 모델과 각오를 명시하며 홍보 효과를 노렸다”라고 부연 설명했다. KT는 올스타전 당일 직접 디자인하고 제작한 뱃지 200개를 야구팬들에 선물했다. 뱃지는 마지막 잠실 올스타전의 의미를 담아 아래에 잠실구장을 시각화했고, 2026 KT 올스타 출전 선수의 배번을 표기해 기념했다. KT는 경기 전과 후 이벤트 장소, 팬사인회 등에서 선수와 마스코트가 직접 KBO 팬들을 찾아 나눠주며 팬 퍼스트를 몸소 실천했다. 대학생리포터 ‘위즈포터’의 도움도 컸다. 올스타전 현장에서 직접 만든 스트레스볼(말랑이) 50개와 아이 패치 700개를 팬 대상으로 선물했다. 스트레스볼은 KT 올스타전 출전 선수인 투수 전용주, 손동현이 위즈포터와 함께 제작하며 팬들에게 선물하며 의미를 더했다. 선수들의 팬퍼스트도 돋보였다. KT 관계자에 따르면 퓨처스와 1군 선수들 모두 자진해서 본인이 원하는 등장 퍼포먼스 아이디어를 제공했다고. 전날 박지훈, 김민석, 이재원, 이날 최원준, 허경민, 전용주, 손동현 모두 톡톡 튀는 아이디어로 10개 구단 팬들의 환호를 자아냈다. /backlight@osen.co.kr",https://v.daum.net/v/YXvunMPKlb
2026.07.11 21:40,‘굿바이 잠실’ 44년 역사 되새긴 올스타 축제,KBS,"[앵커] 44년간 한국 야구의 중심이었던 잠실야구장에선 마지막 프로야구 올스타전이 열렸습니다. 팬들과 선수들은 흙 한 줌부터 오래된 추억까지 함께 나눴는데요. 현장을 이무형 기자가 다녀왔습니다. [리포트] 가만히 있어도 땀이 절로 나는 무더위. 그보다 더 뜨거운 건 잠실에서의 마지막 별들의 잔치를 즐기려는 야구팬들의 열기였습니다. 본 경기 6시간 전부터 현장을 찾은 팬들은 저마다 잠실구장에서의 기억을 눈과 마음에 되새겼습니다. [이용기/야구 팬 : ""사실 표를 못 구해서 와야 하나 싶었는데 그래도 아이들하고 같이 잠실에서 즐겼던 추억을 같이 즐기기 위해서 마지막으로 왔습니다. 나눔, 드림, 파이팅!""] 실제 잠실 그라운드의 흙을 담아갈 수 있는 부스엔 가장 많은 팬들의 발길이 이어졌습니다. 저도 20년 전, 이곳 잠실 야구장에서 첫 야구장 직관을 했었는데요. 그 추억을 팬들과 함께 담아보겠습니다. 팬들과 직접 손뼉을 맞대고, 사인회로 소통한 선수들도 축제에 대한 특별한 기대감을 드러냈습니다. [박해민/나눔 올스타 : ""잠실 야구장 마지막 올스타전인 만큼 제 전매특허인 호수비가 한번 나오면 어떨까 하는 생각을 하고 있습니다.""] 경기 역시 웃음과 놀라움의 연속이었습니다. 팬 투표 최다 득표의 주인공 양의지가 '갑자기' 잠옷을 입고 등장해 절친 류현진까지 웃게 했고, 롯데 김진욱은 파격적인 아이스크림 분장으로 이목을 집중시켰습니다. 박준순과 박찬호가 보고도 믿기 힘든 호수비를 합작하는 등 선수들은 최선의 플레이로 특별한 하루를 장식했습니다. [류현진/나눔 올스타 : ""정 많이 들었던 곳인데 이젠 아쉽게 이별해야 돼서 너무 아쉽고, 그동안 즐거웠다.""] 경쟁을 뒤로하고, 모두가 한마음으로 잠실에서의 마지막 올스타전을 즐긴 프로야구는 오는 16일부터 다시 우승을 향한 뜨거운 레이스를 이어갑니다. KBS 뉴스 이무형입니다. 촬영기자:정민욱/영상편집:하동우 ■ 제보하기 ▷ 전화 : 02-781-1234, 4444 ▷ 이메일 : kbs1234@kbs.co.kr ▷ 카카오톡 : 'KBS제보' 검색, 채널 추가 ▷ 유튜브, 네이버에서도 KBS뉴스를 구독해주세요! 이무형 기자 (nobrother@kbs.co.kr)",https://v.daum.net/v/4OpYdP4qyw
2026.07.11 21:34,대구 3연승…성남FC에 3대2 승리,매일신문,"프로축구 K리그2 대구FC는 11일 오후 7시30분 대구 아이엠뱅크파크에서 열린 성남FC와의 17라운드 홈 경기에서 성남을 3대2로 꺾었다. 대구는 이날 선발진에 작지만 큰 변화가 있었다. 세징야와 에드가 등 익숙한 외국인 선수 대신 출전 선수 모두를 국내 선수로 채웠다. 특히 세라핌이 있던 자리에 손승민을 세웠다. 손승민은 지난 3월 서울이랜드FC전에서 올해 첫 출전해 인상깊은 활약을 보였지만 그 뒤로는 출전기회를 잡지 못했었다. 최성용 대구 감독은 ""왼발잡이인 손승민이 성남의 두터운 수비진을 공략할 것""이라며 기용 이유를 밝혔다. 전반전부터 대구는 공격진을 위로 올리며 성남을 압박했고, 성남은 대구의 자잘한 실수를 이용해 역습을 시도했다. 공방을 주고받던 중 먼저 골을 기록한 건 성남이었다. 전반 18분 대구는 프리킥 이후 흘러나온 공이 만든 성남의 찬스를 막아내지 못하며 성남 베니시오에게 한 골을 주고 말았다. 대구 또한 반격을 시도했다. 그러던 중 전반 22분 성남 류준선이 김주공의 발을 밟아 키킹 파울이 선언, 패널티킥을 얻어냈다. 김주공은 직접 키커로 나서 오른발로 침착히 차 넣어 동점을 만들었다. 승부가 원점으로 돌아오자 대구는 박인혁을 필두로 성남 수비진을 흔들며 추가 득점을 노렸고, 성남 또한 대구의 뒷공간을 노리며 역습, 기회를 만들어냈다. 하지만 양 팀 모두 추가득점을 만들어내지 못한 채 전반 추가시간 4분을 모두 다 쓰며 전반전은 1대1로 마무리했다. 후반전은 손승민 대신 측면 돌파력이 좋은 세라핌이 들어갔다. 그러나 후반 3분 대구는 성남 빌레로와 이정빈의 합작에 골 하나를 내주고 시작했다. 대구는 계속 성남의 골문을 두드렸다. 후반 11분 세라핌의 크로스를 최강민이 받은 뒤 이를 류재문이 차 넣으면서 다시 승부를 원점으로 돌렸다. 이후 대구는 박기현, 단레이, 한종무, 데커스를 투입하며 공격의 피치를 계속 올렸다. 최성용 감독의 공격수 위주 투입은 후반 44분 데커스의 패스를 받은 단레이가 대구FC 이적 후 데뷔골을 이루면서 그 빛을 발했다. 단레이의 마지막 역전골을 끝으로 대구는 월드컵 휴식기 시작 직전 파주프런티어 FC와의 승리 이후 3연승을 이루며 상승세를 계속 유지했다.",https://v.daum.net/v/qaITutZv7Y
2026.07.11 21:33,"'42세의 이정표' 최형우, 올스타전 최고령 출전 기록 새로 썼다",마니아타임즈,이번에는 올스타 무대에서 새 기록이 나왔다. 삼성 최형우가 2026 올스타전에서도 기록을 한 줄 남겼다. 최형우는 11일 서울 잠실구장에서 열린 2026 신한 SOL KBO 올스타전에 2회말 드림팀 선두 타자로 등장하며 기록의 주인공이 됐다. 1983년생인 그는 이날 42세 6개월 25일로 2024년 오승환이 세운 올스타전 최고령 출전 기록을 경신한 것이다. 야수로만 보면 종전 최고령은 2010년 양준혁이었다. 이 기록은 흐름의 연장선에 있었다. 최형우는 올 시즌 KBO리그 최고령 출장과 안타 홈런 도루 기록을 새로 쓴 데 이어 올스타전에서도 최고령 기록을 세운 것이다. 2024년 올스타전 MVP였던 그는 이날 통산 두 번째 수상을 노린다. [김선영 마니아타임즈 기자 / maniareport@naver.com] 기사제보 및 보도자료 report@maniareport.com,https://v.daum.net/v/GfBjvOrNZR
2026.07.11 21:29,"세월 앞에 장사 있다는 것을 몸소 증명하고 있는 삼성 최형우, 올스타전 ...",세계일보,"[잠실=남정훈 기자] 프로야구에서 역대 최다 안타(2681개), 최다 2루타(559개), 최다 루타(4573), 최다 타점(1803개) 기록을 보유한 ‘기록의 사나이’ 최형우(삼성)가 올스타전 역사에도 자신의 이름을 올렸다. 최고령 출전 기록이다. 최형우는 11일 서울 잠실구장에서 열린 2026 KBO 올스타전에 2회말 드림팀 선두 타자로 타석에 등장해 기록의 주인공이 됐다. 1983년생인 최형우는 이날 42세 6개월 25일로 2024년 오승환(당시 삼성)이 세운 올스타전 최고령 출전 기록(41세 11개월 21일)을 경신했다. 야수로 한정하면 올스타전 종전 최고령 출전은 2010년 양준혁(당시 삼성)으로 41세 1개월 28일이었다. 현역 최고령 선수인 최형우는 지난 시즌을 마친 뒤 FA 자격을 얻었고, 오늘의 자신을 있게 해준 ‘친정팀’인 삼성으로 둥지를 옮겼다. 최고령임에도 최형우의 타격 생산력은 여전히 리그 최고 수준이다. 전반기에 81경기에 출전해 타율 0.329 12홈런 66타점 OPS 0.934를 기록 중이다. 올스타 팬투표에서 두산 손아섭에 이어 드림 올스타 지명타자 부문 2위를 기록한 최형우는 선수단 투표에서 역대 최다인 278표를 얻어 역전에 성공했다. 2024년 KIA 유니폼을 입고 올스타전 최우수선수(MVP)로 뽑혔던 최형우는 이날 첫 타석 소화 후 대주자와 교체돼 MVP 도전은 물 건너갔다. 잠실=남정훈 기자 che@segye.com",https://v.daum.net/v/XxjpQVKpa8
2026.07.11 21:22,"""그렇게 뽑히셨으니 그렇게 하세요"" 때아닌 저격 논란? 알고 보니 오해....",엑스포츠뉴스,"(엑스포츠뉴스 잠실, 양정웅 기자) 올스타전을 앞두고 뜻밖의 갈등 아닌 갈등이 나오는 듯했다. 하지만 선수들끼리 잘 풀면서 해프닝으로 일단락됐다. 구자욱(삼성 라이온즈)은 최근 중계방송사 인터뷰에서 올스타전에 대해 언급했는데, 이 발언이 팬들 사이에서 논란이 됐다. 지난 7일 LG 트윈스와 홈경기 종료 후 마이크를 잡은 구자욱에게 ""(올스타 베스트 12 선정 후) 반응을 보니까 '딱히 최소한의 노력도 안하고 얼굴로 밀어붙여서 선정됐다'고 하더라""라며 ""정수빈 선수가 '파라파라'를 춘 것 때문인 것 같다""고 질문했다. 정수빈은 구단 공식 유튜브 채널에서 걸그룹 리센느(RESCENE) 멤버 미나미가 했던 '갸루' 복장을 하고, 파라파라 댄스를 추며 투표를 독려했다. 이런 노력 덕에 정수빈은 팬 투표 227만 2910표, 선수단 투표 48표 등 총점 35.68점으로 외야수 부문 2위에 올랐다. 이에 대해 구자욱은 ""그런 노력은 중요하다고 생각하지 않고, 경기장에서 보여줘야 하는 게 아닌가. 성적으로 가야되는 게 아닌가 생각한다""고 얘기했다. 이어 올스타전 퍼포먼스에 대한 소신을 밝힌 그는 ""정수빈 선수가 슬퍼할 것 같다""는 말에 ""그렇게 뽑히셨으니까 그렇게 하세요""라고 얘기했다. 이는 자칫 정수빈을 저격하는 발언이 될 수도 있었다. 팬들은 정수빈의 노력을 폄하하는 게 아니냐는 지적도 했다. 사건이 커질 기미가 보이자, 두 선수가 직접 나섰다. 11일 올스타전 경기 전 취재진과 만난 구자욱은 ""(정)수빈이 형이랑 방금 만나서 또 얘기했다. 사적으로도 매일 보는 사이다""라며 진화에 나섰다. 구자욱은 ""질문이 '정수빈 선수는 뭐가 돼요'라고 하셔서 그렇게 얘기했다""며 ""기분 나쁘셨다면 죄송하다""고 사과했다. 이어 ""수빈이 형 만나서 잘 얘기했다. 옆에 딱 붙어있어야겠다""고 말했다. 취재진이 이른바 화해의 상징이라고 할 수 있는 헤드락을 언급하자, 구자욱은 ""내가 당해야 한다""고 얘기했다. 정수빈 역시 ""(구)자욱이도 깜짝 놀랐다. 다음부터 언행을 조심하겠다고 했다""고 말했다. 그는 ""요즘 시대는 언행이나 단어 하나에 크게 이슈가 되는 문제들이 많다""며 ""이번 계기로 다음에는 조심할 것이다""라고 말했다. 이어 ""우리는 워낙 다 잘 알고 하니까 장난도 많이 치고, 밥도 잘 먹고 하는 사이다""라며 ""하루이틀이 아니니까 다 이해한다""고 밝혔다. 정수빈은 ""우리 자욱이를 살리려면 옆에서 같이 호응해야 할 것 같다""고 했다. 이날 정수빈은 올스타 투표 홍보영상에서 했던 파라파라 댄스를 다시 한번 보여줘 팬들의 박수를 받았다. 그러면서 이번 사건은 가벼운 해프닝으로 마무리되게 됐다. 사진=잠실, 김한준·박지영 기자 / 두산 베어스 양정웅 기자 orionbear@xportsnews.com",https://v.daum.net/v/0Vw5CwkL5X
2026.07.11 21:10,마지막 잠실 올스타전…그라운드 흙 담고 추억 새긴 야구팬들,연합뉴스,"(서울=연합뉴스) 이대호 김동한 기자 = 11일 오후 2시 서울 잠실종합운동장 2주차장에 마련된 팬 페스트존의 'Re:member 부스에선 팬들이 공병에 차곡차곡 흙을 담았다. 공병에 담긴 것은 실제 잠실구장 내야에 사용된 흙으로, 올해를 끝으로 철거되는 잠실구장과 이곳에서 열리는 마지막 올스타전을 영원히 기억할 수 있도록 마련된 기념품이었다. 기온이 32도에 육박하고 뙤약볕이 쏟아지는 무더위에도 팬들은 1시간 30분 넘게 기다리면서 이곳을 찾았다. 이틀 동안 선착순으로 제공하기 위해 준비한 공병 5천개는 모두 소진되면서 부스는 예정된 운영시간보다 일찍 문을 닫았다. 11년 LG 트윈스 팬 한지헌(27·서울)씨는 ""이 부스에 오려고 오전 11시 30분에 와서 내내 기다렸다""며 ""중학교 2학년 때 부모님과 함께 첫 잠실구장 직관을 했는데 사라진다고 생각하니 아쉽다. 잠실구장에서 노을이 지는 아름다운 풍경을 더는 볼 수 없다는 것도 아쉽지만, 더 좋은 구장으로 다시 태어난다고 하니 위안으로 삼으려 한다""고 말했다. 올해를 끝으로 허물고 돔구장으로 재탄생할 예정인 마지막 잠실 올스타전을 보기 위해 경기장을 찾은 2만3천750명의 팬은 잠실구장의 역사를 되새기며 저마다 간직한 추억을 꺼내 들었다. 팬들은 팬 페스트존에서 특별 전시 부스인 'Re:cord 잠실'에서는 44년 동안 90번의 한국시리즈 경기가 열리고 25번의 우승자가 탄생한 잠실구장의 역대 연혁과 한국 야구사의 감동적인 순간들을 영상으로 만났다. 1982년 세계야구선수권대회 일본전에서 '굿바이 역전 쓰리런' 친 한대화와 2002년 4월 5일 잠실구장에서 공식 영구결번식이 열린 '불사조' 박철순, 프로야구 원년 타율 0.412를 기록한 '4할 타자' 백인천의 유니폼이 전시된 공간에서 팬들은 사진을 찍었다. 43년째 두산 베어스를 응원한다는 한 팬(55·인천)은 ""1983년 어린이 회원으로 야구장을 다니기 시작해 지금까지 두산을 응원하고 있다""며 ""어릴 때는 박철순 선수를 좋아했고, 요즘 가장 좋아하는 선수는 정수빈""이라고 했다. 이어 ""아들이 티켓을 예매해줘 마지막 잠실 올스타전을 직접 볼 수 있게 됐다""며 ""지난해 김재호의 은퇴 경기에서 두산이 8회 대역전에 성공했던 경기가 가장 기억에 남는다""고 회상했다. 잠실구장에서 가장 깊이 남은 기억으로 ""처음 잠실구장 잔디를 밟았던 순간""을 꼽은 '잠실 아이돌' 두산 정수빈은 2026 신한 SOL KBO 올스타전 3회말 선두 타자로 나설 때 전광판에 ""마지막 잠실 올스타, 파라파라나 춰야겠다""는 문구를 띄웠다. 최근 '갸루' 콘셉트로 올스타 팬 투표 홍보 영상을 찍었던 정수빈은 영상 속 모습 그대로 화려한 분장을 하고 그라운드에 등장했다. 정수빈은 두산 마스코트 '철웅이'와 함께 파라파라 춤을 췄고, 관중석의 팬들도 팔을 흔들며 동작을 따라 하면서 웃음을 자아냈다. moved@yna.co.kr (끝) ▶제보는 카톡 okjebo",https://v.daum.net/v/Yd5fbU3GZf
2026.07.11 20:51,"“잠실은 내 가족”…‘두산 레전드’ 니퍼트, 사라질 잠실 떠올리며 끝내 ...",MHN스포츠,"(MHN 황혜성 기자) “잠실야구장은 제 두 번째 집이 아니에요. 진짜 집이에요.” 두산 베어스의 전설 더스틴 니퍼트가 잠실야구장과의 이별을 떠올리며 끝내 눈물을 쏟았다. 니퍼트는 2011년 두산 유니폼을 입고 KBO리그에 입성했다. 이후 2017년까지 7시즌 동안 두산에서 185경기에 등판해 94승 43패, 평균자책점 3.48을 기록했다. 2015년과 2016년에는 두산의 한국시리즈 2연패를 이끌었고, 특히 2016년에는 22승 3패를 거두며 정규시즌 최우수선수(MVP)와 투수 부문 골든글러브를 동시에 차지했다. 2015년 포스트시즌에서 보여준 투혼은 지금도 두산 팬들의 기억에 선명하게 남아 있다. 부상으로 정규시즌 대부분을 힘겹게 보냈지만 가을야구에서 26⅔이닝 연속 무실점 행진을 펼치며 두산의 14년 만의 한국시리즈 우승을 이끌었다. KBO리그 통산 기록은 214경기 102승 51패, 평균자책점 3.59. 외국인 선수로는 처음으로 통산 100승을 넘어섰고, 2022년에는 KBO리그 출범 40주년을 기념해 선정된 ‘레전드 40인’ 중 33위에 이름을 올렸다. 잠실야구장에서 열리는 마지막 올스타전 진행 중, 중계방송을 통해 니퍼트의 인터뷰가 공개됐다. 잠실야구장을 회상하며 니퍼트가 가장 먼저 떠올린 것은 화려한 기록이나 우승 트로피가 아니었다. 처음 한국에 도착했을 때 자신의 손을 잡아준 동료들이었다. 니퍼트는 “저에게 잠실구장은 야구 인생의 새로운 출발과도 같은 곳”이라며 “제가 처음 왔을 때 김선우가 정말 많이 도와줬다. 미국에서 선수 생활을 했고 영어도 할 줄 알았다. 당시에는 길 잃은 강아지처럼 ‘써니’만 따라다녔던 기억이 난다”고 돌아봤다. 이어 “홍성흔과 양의지, 김재호, 손시헌도 생각난다. 모든 동료의 이름을 다 이야기하고 싶을 정도”라며 “당시 우리는 성격과 마음가짐이 잘 맞았다. 그렇기 때문에 강한 팀이 될 수 있었다”고 말했다. 팬들을 향한 감사도 잊지 않았다. 니퍼트는 “두산 팬들은 우리가 어디에 있든 응원해 주셨다. 야구장 안에서뿐만 아니라 밖에서도 조건 없이 지지해 주셨다”며 “선수들에게도, 팬들에게도 잠실야구장은 정말 특별한 곳”이라고 말하다 잠시 말을 잇지 못했다. 잠실에서 보낸 시간이 행복했기에 두산과의 갑작스러운 이별은 더욱 큰 상처로 남았다. 니퍼트는 “제가 두산을 떠나게 됐을 때 솔직히 배신당한 것 같은 기분도 들었다”며 “잠실에서 제 모든 것을 쏟아부었다. 다른 곳으로 떠날 기회가 있었을 때도 이곳에 남았다”고 털어놨다. 그러면서 “잠실을 떠나기 싫었다. 두산에서 은퇴하고 싶었다”라고 말했다. 두산을 떠난 니퍼트는 2018년 KT 위즈 유니폼을 입었다. 그리고 공교롭게도 현역 마지막 등판은 그해 10월 13일, 잠실야구장에서 열린 두산전이었다. 마운드 위 니퍼트와 마주한 상대 팀 포수는 오랜 시간 그의 공을 받아줬던 양의지였다. 니퍼트는 당시를 떠올리며 다시 눈시울을 붉혔다. “눈물이 나려고 하네요. 2011년 제가 처음 잠실에 왔을 때 양의지는 제 공을 받아주던 포수였습니다. 그런데 제 마지막 경기에서는 양의지가 반대편에 있었어요. 정말 운명 같은 일이었습니다.” 이어 “양의지가 없었다면 지금의 저도 없었을 것”이라며 오랜 배터리 파트너를 향한 고마움을 전했다. 시간이 흘렀지만 니퍼트에게 잠실은 여전히 떠나보낼 수 없는 공간이었다. 잠실야구장이 사라진다는 소식을 들은 직후에는 두산 시절 통역에게 먼저 연락했다. 그는 “좌석이든 라커룸에 있는 물건이든 잠실을 기억할 수 있는 무언가를 가져가 간직할 수 있는지 물어봤다”며 “솔직히 너무 아쉽다”고 말했다. 이어 “울지 않으려고 했는데, 추억이 사라지는 거잖아요”라며 한동안 말을 잇지 못했다. 니퍼트는 서툴지만 또렷한 한국어로 자신의 진심을 전했다. “잠실야구장은 두 번째 집이 아니에요. 진짜 집이에요. 추억이 진짜 많아요. 다음 시즌에 이 야구장이 없다는 게 진짜 슬퍼요.” 니퍼트는 마지막까지 눈물을 닦으며 말했다. “제가 느낀 건 야구장이 아니에요. 마이 패밀리(My family), 제 가족이에요. 정말 그리울 거예요.” 그리고 “잠실야구장, 진짜 사랑해요”라며 잠실을 향해 마지막 인사를 남겼다.",https://v.daum.net/v/YKSNix6bnf
2026.07.11 20:47,"'리빙 레전드' 최형우, 오승환 기록 갈아치웠다…올스타전 최고령 경기 출...",엑스포츠뉴스,"(엑스포츠뉴스 잠실, 유준상 기자) KBO리그를 대표하는 '리빙 레전드' 중 한 명인 최형우(삼성 라이온즈)가 의미 있는 기록을 작성했다. 최형우는 11일 서울 잠실야구장에서 열린 2026 신한 SOL KBO 올스타전 드림 올스타 4번 지명타자로 선발 출전했다. 최형우는 이날 올스타전 최고령 경기 출장 기록을 갈아치우며 KBO리그 역사에 한 획을 그었다. 종전 올스타전 타자 최고령 경기 출장 기록은 2010년 양준혁(이스턴, 삼성·41세 1개월 28일)이 보유하고 있었다. 투수까지 범위를 넓히면 종전 올스타전 최고령 경기 출장 기록은 2024년 오승환(드림, 삼성)의 41세 11개월 21일이었다. 최형우는 한 타석만 소화한 뒤 교체됐다. 2회말 선두타자로 나와 1루수 송구 실책으로 1루를 밟았고, 이후 대주자 조형우(SSG)와 교체됐다. 베스트12 드림 올스타 지명타자 부문 후보에 올랐던 최형우는 팬 투표에서 손아섭(두산 베어스)에 이어 2위를 차지했다. 하지만 선수단 투표에서 278표를 얻어 역전에 성공해 통산 9번째 올스타에 선정됐다. 2023년 이정후(당시 키움 히어로즈·현 샌프란시스코 자이언츠)가 기록한 276표를 넘어 역대 선수단 투표 최다 득표 신기록까지 작성했다. 1983년생인 최형우는 이미 올해 정규시즌 최고령 출장, 안타(이상 42세 3개월 12일), 홈런(42세 3개월 15일), 도루(42세 6개월 8일) 기록 등을 새로 썼다. 이게 끝이 아니었다. 최형우는 5월 10일 창원 NC 다이노스전에서 리그 최초 통산 4500루타를 달성했다. 5월 31일 대구 두산전에서는 최초의 1000장타(2루타 553개, 3루타 20개, 홈런 427개)를 기록했고, 지난 1일 창원 NC전에서는 최정(SSG 랜더스)에 이어 역대 2번째 19시즌 연속 두 자릿수 홈런을 만들었다. 개인 성적도 화려했다. 최형우는 전반기 81경기에서 289타수 95안타 타율 0.329, 12홈런, 66타점, 출루율 0.425, 장타율 0.509를 기록하며 팀이 전반기를 1위로 마치는 데 힘을 보탰다. 사진=잠실, 김한준·박지영 기자 유준상 기자 junsang98@xportsnews.com",https://v.daum.net/v/Ppv4z31yXH
2026.07.11 20:11,최형우의 시간은 거꾸로 간다…오승환 넘어 올스타전 최고령 출전 신기록 작...,스포츠투데이,"[잠실=스포츠투데이 강태구 기자] 최형우(삼성 라이온즈)가 오승환을 넘어 올스타전 최고령 출전 신기록을 작성했다. 최형우는 11일 서울 잠실야구장에서 열린 2026 KBO 올스타전에서 드림 올스타의 지명타자 겸 4번 타자로 선발 출전했다. 이날 최형우는 2회말 선두타자로 나서 나눔 올스타의 두 번째 투수 류현진(한화)와 맞대결을 펼쳤고, 3구째 공을 밀어쳤으나 1루수 오스틴 딘에게 잡혔다. 허나 오스틴이 류현진에게 토스하는 과정에서 실책이 나왔고, 최형우는 출루에 성공했다. 이후 대주자 조형우(SSG)와 교체되면서 이번 올스타전 일정을 마쳤다. 이로써 최형우는 42세 6개월 25일로 2024년 오승환(당시 삼성)이 세운 올스타전 최고령 출전 기록(41세 11개월 21일)을 경신했다. 야수로 한정하면 올스타전 종전 최고령 출전은 2010년 양준혁(당시 삼성)으로 41세 1개월 28일이었다. 최형우는 전반기 81경기에 출전해 타율 0.329(289타수 95안타), 12홈런을 기록하는 등 삼성의 전반기 1위를 달성하는 데 혁혁한 공을 세웠다. 이러한 활약을 바탕으로 최형우는 팬 투표에서 손아섭(두산)에 이어 2위를 기록했고, 선수단 투표에서 역대 최다인 278표를 얻으며 역전에 성공했다. [스포츠투데이 강태구 기자 sports@stoo.com]",https://v.daum.net/v/4t5Wcf9Uhm
2026.07.11 20:09,"‘스타 중의 스타’ 김도영, 올스타전에서는 다른 별들에 묻혔다…‘미스터 ...",MHN스포츠,"(MHN 황혜성 기자) KBO 최고의 스타 김도영이지만, 올스타전 무대는 좀처럼 뜻대로 풀리지 않았다. 전반기 27홈런으로 공동 1위에 오른 김도영은 나눔 올스타 3루수 부문 팬 투표 1위로 베스트12에 선정돼 별들의 축제에 초대받았다. 홈런더비 출전 선수 투표에서도 2만6731표를 얻어 전체 1위에 오르는 등 올스타전을 앞두고 가장 큰 관심을 받은 선수 중 한 명이었다. 말 그대로 ‘슈퍼스타’이자 스타 중의 스타였다. 정규시즌 활약과 팬들의 뜨거운 지지를 고려하면 ‘미스터 올스타’의 유력 후보로 꼽히기에 충분했다. 그러나 정작 잠실에서 열린 올스타전에서는 김도영다운 장면이 좀처럼 나오지 않았다. 첫 번째 아쉬움은 전날 열린 홈런더비였다. 당초 전반기 홈런 공동 선두인 오스틴 딘과의 맞대결이 기대됐지만, 오스틴이 허리 불편감으로 불참하면서 김도영이 가장 강력한 우승 후보로 떠올랐다. 그러나 김도영은 새롭게 도입된 5아웃 방식과 1분간의 ‘피버타임’ 속에서도 홈런 2개에 그쳤다. 김도영이라는 이름값을 보여주지 못한 채 예선에서 탈락했다. 본 경기에서도 침묵이 이어졌다. 특별한 퍼포먼스 없이 타석에 들어선 김도영은 첫 타석에서 볼넷을 골라 출루했다. 두 번째 타석에서는 큼지막한 타구를 날렸지만 잠실야구장의 넓은 외야를 넘지 못하고 좌익수 뜬공으로 잡혔다. 세 번째 타석에서는 삼진으로 물러났다. 세 차례 타석에서 안타를 기록하지 못하면서 ‘미스터 올스타’ 경쟁에서도 멀어졌다. 정규시즌에서는 누구보다 뜨거웠고 팬 투표와 홈런더비 투표에서도 가장 많은 선택을 받았지만, 별들의 축제에서는 끝내 주인공이 되지 못했다.",https://v.daum.net/v/xMrmP1XSRc
2026.07.11 19:48,'역시나 기록의 사나이' 삼성 최형우 올스타전 최고령 경기 출장 만 42...,마이데일리,"[마이데일리 = 잠실 류한준 기자] 나이는 숫자에 불과하다. 불혹을 넘긴 나이에도 후배 선수들과 함께 팬들의 환호 속에 그라운드로 나왔다. 프로야구 삼성 라이온즈 최형우가 2026 KBO리그 올스타전을 통해 KBO리그 역사에 또 다른 한 페이지를 장식했다. 최형우는 11일 잠실구장에서 열린 올스타전에 드림 올스타 소속으로 지명타자 겸 4번 타자로 선발 라인업에 이름을 올렸다. 그는 2회말 선두타자로 타석에 나와 새로운 기록 주인공이 됐다. 최형우는 1983년생으로 이날 기준 만 42세 6개월 25일이 됐다. 그는 이로써 2024년 오승환(당시 삼성)이 달성한 기존 올스타전 최고령 출전 기록(만 41세 11개월 21일)을 경신했다. 투수를 제외한 야수를 기준으로도 최고령 출전이다. 종전 기록은 2010년 올스타전에 만 41세 1개월 28일 나이로 출전한 양준혁(당시 삼성)이 갖고 있었다. 최형우는 올 시즌 개막 후 KBO리그 최고령 출장, 안타, 홈런, 도루 기록도 이미 새로 썼다. 그는 KIA 타이거즈 소속이던 지난 2024년 올스타전에서 MVP에도 선정됐다. 한편 이날 첫 타석에서 1루수 실책으로 출루했다. 1루 진루 후 대주자 조형우(SSG 랜더스)와 교체돼 이날 경기를 먼저 마쳤다. 최형우의 전반기 성적은 81경기에 나와 타율 0329(289타수 95안타) 12홈런 66타점으로 삼성이 1위에 오르며 올스타 휴식기를 맞이하는데 힘을 보탰다. 류한준 기자 hantaeng@mydaily.co.kr",https://v.daum.net/v/G8ewlie4rx
2026.07.11 19:47,"“그동안 즐거웠다”…‘GOAT’ 류현진, 추억의 잠실에 마지막 인사",MHN스포츠,"(MHN 황혜성 기자) ‘괴물 투수’ 류현진이 잠실야구장에서 열리는 마지막 올스타전에서 특별한 추억을 남겼다. 류현진은 등판 전 문현빈과 함께 역대 최고를 뜻하는 ‘GOAT’ 퍼포먼스를 선보였다. 문현빈이 ‘류현진 GOAT’라고 적힌 현수막을 든 가운데, 류현진이 밧줄을 잡고 그를 이끄는 장면을 연출해 팬들의 웃음을 자아냈다. 류현진은 방송 인터뷰에서 “저희 이글스 구단에서 준비를 많이 해주셔서 의미 있게 한 것 같다”고 말했다. 잠실야구장은 류현진에게 남다른 의미가 있는 장소다. 류현진은 신인이던 2006년 4월 12일 잠실 LG전에서 프로 데뷔전을 치러 7⅓이닝 무실점으로 첫 선발승을 거뒀다. 류현진은 그 추억에 대해 ""아직까지 기억에 많이 남아 있다”고 돌아봤다. 마지막 올스타전을 끝으로 작별을 앞둔 잠실야구장을 향해 애틋한 인사를 남겼다. 류현진은 “정이 많이 들었던 곳인데 이별해야 해서 아쉽다”며 “더 좋은 구장이 생기기 때문에 기대되는 것 같다”고 말했다. 이어 잠실야구장을 향해 “그동안 즐거웠다”고 마지막 인사를 건넸다. 류현진은 2회말 나눔 올스타의 두 번째 투수로 마운드에 올라 1이닝을 책임진 뒤 내려갔다.",https://v.daum.net/v/0MELk42unt
2026.07.11 19:47,"‘42세 6개월 25일’ 삼성 최형우, 올스타전에서도 기록 세웠다…오승환...",스포츠경향,"삼성 베테랑 최형우가 올스타전에서도 신기록을 세웠다. 최형우는 11일 잠실구장에서 열린 2026 KBO 올스타전에서 드림팀의 4번 지명타자로 선발 출장해 2회말 첫 타석에 들어섰다. 이로써 최형우는 올스타전 최고령 출전 기록을 경신했다. 1983년생인 최형우는 이날 42세 6개월 25일로 2024년 오승환(삼성)이 41세 11개월 21일로 세운 최고령 출전 기록을 다시 한번 바꿨다. 야수로만 따지면 2010년 양준혁(삼성)이 41세 1개월 28일로 최고령 기록을 세운 후 16년만에 최고령 기록이 나왔다. 최형우는 올해 정규시즌 전반기 동안 최고령 출장, 안타, 홈런, 도루 등 각종 부문에서 신기록을 세웠다. 이날 경기 전 최형우는 “10년만에 왔는데 팬분들도 많이 뽑아주셔서 나를 아직 안 잊고 계셨구나라고 생각하고 감사하게 받아들이고 있다”고 고마움을 표했다. 잠실 | 김하진 기자 hjkim@kyunghyang.com",https://v.daum.net/v/x0plYNoM0N
2026.07.11 19:42,"[KBO 올스타전] '홈런 1위' KIA 김도영의 너스레 ""야구 그만두고...",일간스포츠,"""어제 홈런 더비 망치고 야구를 안 하고 싶었다."" 전반기 홈런 1위(27개)의 엄살이었다. 하지만 나름의 교훈도 있었다. 후반기엔 홈런을 의식하지 않고 타석에 나서겠다고 전했다. 김도영은 지난 10일 서울 잠실야구장에서 열린 2026 KBO 올스타전 홈런 더비 예선에서 2개의 아치만 그리고 물러났다. 전반기 홈런왕의 부진. 의외의 결과였다. 이튿날(11일) 만난 김도영은 ""배팅볼 투수 (박)찬호 형이 던져주는 공은 괜찮았다. 순전히 내가 못 친 것""이라면서 ""홈런을 의식하다 보니 힘만 들어가고 타격 자세만 망가지는 것 같았다""라고 말했다. 그러면서 ""나와 홈런은 맞지 않는 것 같다. 후반기에는 홈런에 신경을 쓰지 않겠다""고 못 박기도 했다. 김도영은 ""타격 쪽에서 좀 더 출루하는 쪽으로 방향을 잡고 싶다. 타석에서 어떤 플레이를 해야 팀에 도움이 될까를 더 냉정하게 생각하겠다""고 선언했다. 홈런 더비 결과는 아쉬웠지만, 김도영은 소중한 팬과의 약속은 지켰다. 김도영은 팬이 선물한 개인 맞춤형 신발을 신고 전날 홈런더비를 소화했고, 본경기에도 나섰다. 그는 ""부모님과 항상 함께 오시는 중학생 남자 팬이 있다. 부끄러워 말도 잘 못하면서 항상 응원 편지를 주신다. 그걸 볼 때마다 '이런 팬이 있구나' 싶어 야구를 열심히 해야겠다고 다짐한다""며 진심 어린 감사를 전했다. 김도영의 후반기 목표는 '다치지 않기'다. 그는 ""아시안게임에 가기 전까지 다치지 않고 전 경기에 출전하는 것이 목표""라고 전했다. 잠실=윤승재 기자 yogiyoon@edaily.co.kr",https://v.daum.net/v/WfXxrQ8BIX
2026.07.11 19:30,"“굿바이 잠실” 2026 올스타전도 매진… LG 김용수-김동수, 두산 박...",세계일보,"[잠실=남정훈 기자]“굿바이 잠실” 프로야구 원년부터 함께 한 서울 잠실구장에서 마지막 열리는 올스타전도 매진됐다. 프로야구 올스타전 5년 연속 만원 관중이다. 한국야구위원회(KBO) 사무국은 11일 “오후 5시 28분 현재 2만3750석이 모두 팔렸다”고 발표했다. 이날은 올해를 끝으로 허물고 돔구장으로 재탄생할 예정인 잠실구장의 고별 올스타전 무대다. 프로야구 올스타전 매진은 역대 5번째고, 2022년부터 올해까지 5년 연속 가득 찼다. 2020년과 2021년은 신종 코로나바이러스 감염증(코로나19) 때문에 올스타전이 열리지 않았고, 2019년 경남 창원에서 열린 창원NC파크 개장 기념 올스타전은 매진에 실패했다. 역대 올스타전 최다 관중은 잠실에서 열린 1984년 1차전으로 3만5000명이 입장했다. 잠실구장은 꾸준히 관중 친화적으로 관중석이 변모하면서 최대 입장 관중 숫자는 꾸준히 줄었다. 2032년 개장 예정인 잠실 돔구장(가칭)은 3만석 규모로 건설될 예정이다. 잠실구장 고별 올스타전을 기념해 시구와 시포는 잠실구장을 홈으로 쓰는 LG와 두산을 대표하는 레전드들이 나섰다. LG의 김용수-김동수, 두산의 박철순-김경문 배터리가 나란히 마운드와 홈 플레이트 뒤에 서서 공을 던지고 받았다. 박철순은 두산의 전신인 OB의 창단 멤버로 프로야구 원년인 1982년 OB의 한국시리즈 우승을 이끌었다. 원년에 거둔 22연승은 여전히 단일 시즌 최다 연승 기록으로 남아있다. 수많은 부상을 딛고 마운드에서 다시 서면서 ‘불사조’란 별명을 얻은 박철순의 등번호 21번은 두산에서 영구결번이기도 하다. ‘노송’이란 별명으로 유명한 김용수는 현역 시절 선발과 마무리를 오갔다. 덕분에 KBO리그 최초로 100승-200세이브를 달성했고, 등번호 41번은 LG 최초의 영구결번이기도 하다. 잠실=남정훈 기자 che@segye.com",https://v.daum.net/v/XzpDToiPjT
2026.07.11 19:23,폭염도 막을 수 없는 야구 열기…잠실구장 2만3750석 완판→5년 연속 ...,엑스포츠뉴스,"(엑스포츠뉴스 잠실, 유준상 기자) 잠실야구장이 만원 관중으로 꽉 들어찼다. 한국야구위원회(KBO)는 11일 서울 잠실야구장에서 열린 2026 신한 SOL KBO 올스타전 입장권 2만3750장이 모두 판매됐다고 발표했다. 역대 25번째 올스타전 매진이다. 이로써 KBO 올스타전은 2022년부터 올해까지 5년 연속 매진 기록을 이어갔다. 기상청 발표에 따르면 이날 잠실야구장 최고 기온은 34도에 달했다. 올해 첫 폭염경보가 발효될 정도로 날씨가 더웠지만, 이른 시간부터 많은 야구팬들이 야구장을 찾았다. 올스타전 베스트12 나눔 올스타 3루수 부문에 선정된 김도영(KIA 타이거즈)은 ""아까 차를 타고 출근하는데, 더운 날씨임에도 불구하고 팬분들이 줄을 서 계시더라. 오늘 다시 한번 야구의 인기를 느낄 수 있었고, 더 잘해야겠다는 생각이 들었다""며 팬들에게 고마움을 표현했다. 이번 올스타전은 잠실야구장에서 펼쳐지는 마지막 올스타전이다. 잠실야구장을 홈구장으로 사용하는 LG 트윈스와 두산 베어스는 2027시즌부터 대체 구장을 홈구장으로 쓸 계획이다. 그만큼 팬들과 선수들 모두에게 의미가 남다른 올스타전이다. 나눔 올스타 1루수 오스틴 딘(LG 트윈스)은 ""정말 슬프다. 잠실야구장에서 정말 좋은 추억을 많이 남겼다. 팬분들의 감정도 비슷할 것""이라며 ""그래도 LG와 두산이 2032년쯤 새 구장이라는 선물을 받지 않나. 어린 선수들이 좋은 야구장에서 뛸 수 있다는 게 부럽고, 그런 부분이 좋은 것 같다""고 얘기했다. 경기 초반부터 나눔 올스타와 드림 올스타 선수들 모두 각자 준비한 퍼포먼스를 선보이고 있는 가운데, 경기에서는 드림 올스타가 먼저 리드를 잡았다. 3회말 2사 1, 3루 기회를 맞은 허경민(KT 위즈)이 1타점 적시타를 날리며 팀에 선취점을 안겼다. 그러자 나눔 올스타도 반격에 나섰다. 4회초 오스틴 딘(LG 트윈스), 문현빈(한화 이글스)의 연속 안타 이후 무사 1, 3루에서 김주원(NC 다이노스)이 중견수 희생플라이를 치며 1-1 균형을 맞췄다. 이어진 2사 1, 2루에서는 이도윤(한화)의 우전 안타 때 2루주자 문현빈이 홈을 밟으면서 승부를 뒤집었다. 나눔 올스타는 4회말 현재 드림 올스타에 2-1로 앞서고 있다. 사진=잠실, 김한준·박지영 기자 유준상 기자 junsang98@xportsnews.com",https://v.daum.net/v/VVniygnQHS
2026.07.11 19:16,‘불사조’ 박철순 ‘노송’ 김용수 마지막 잠실 올스타전 시구,중앙일보,"잠실구장에서 활약한 레전드 박철순과 김용수가 잠실에서 마지막으로 치러진 올스타전 시구자로 나섰다. KBO는 11일 열린 올스타전 시구자로 잠실 구장을 안방으로 쓰는 LG와 두산의 레전드 투수들을 초청했다. 박철순은 두산 베어스(당시 OB)의 창단 멤버로 1982년 프로야구 원년 우승을 이끌며 정규시즌 최우수선수(MVP)를 차지했다. 특히 단일 시즌 22연승은 여전히 KBO리그 기록으로 남아 있다. 수많은 부상을 딛고 ‘불사조’란 별명을 얻은 그는 1995년 팀의 두 번째 우승에도 기여했다. 등번호 21번은 두산의 영구결번으로 지정됐다. 박철순이 던진 공은 ‘안방마님’ 김경문이 받았다. 김경문 한화 이글스 감독 역시 OB 창단 멤버로 박철순과 원년 우승을 합작했다. 김 감독은 2008년 베이징 올림픽 9전 전승 금메달을 지휘했다. ‘노송’ 김용수는 KBO리그 최초로 100승-200세이브를 달성한 LG의 대표 프랜차이즈 스타이다. LG 최초의 영구결번(41번) 주인공이기도 하다. 그는 선발과 마무리를 오가며 1990년과 1994년 팀 우승을 이끌었고 두 차례 모두 한국시리즈 MVP를 차지했다. 김용수와 짝을 이룬 김동수 감독은 1990년대 LG 전성기 안방을 지키며 두 차례 우승을 합작했다. 1990년 신인왕을 시작으로 골든글러브 7회 수상에 빛나며, 가장 넓은 잠실야구장을 쓰면서도 통산 202홈런을 쏘아 올린 강타자였다. 이날 애국가는 대한민국 대표 ‘R&B의 요정’ 박정현이 불렀다. 박정현은 지난 2011년 잠실 올스타전 이후 15년 만에 다시 올스타전 마이크를 잡았다. 김효경 기자 kaypubb@joongang.co.kr",https://v.daum.net/v/q85SZkjJhq
2026.07.11 19:10,"'42세 6개월 25일' 삼성 최형우, 최고령 올스타전 출전 신기록",뉴스1,"(서울=뉴스1) 서장원 기자 = 프로야구 삼성 라이온즈 베테랑 타자 최형우(43)가 올스타전에서 또 하나의 이정표를 세웠다. 최형우는 11일 서울 잠실 구장에서 열린 2026 KBO 올스타전에 드림 올스타 4번 지명타자로 선발 출전했다. 1983년생 최형우는 올 시즌 최고령 출장·안타·홈런·도루 기록을 새로 쓴 '리빙 레전드'다. 2024년 올스타전에서는 불혹이 넘은 나이에 최우수선수(MVP)를 수상하기도 했다. 올 시즌에도 녹슬지 않은 기량을 과시한 최형우는 지명타자 부문에서 올스타로 뽑혔다. 팬 투표에서는 두산 베어스 손아섭에 이은 2위였지만, 선수단 투표에서 278표를 얻어 통산 9번째 올스타에 선정됐다. 최형우는 2023년 이정후가 기록한 276표를 넘어 역대 선수단 투표 최다 득표 신기록까지 작성했다. 최형우는 2회말 드림 공격 때 선두 타자로 나섰다. 이로써 최형우는 42세 6개월 25일의 나이에 투수와 타자 통틀어 최고령 올스타전 출장 신기록을 세웠다. 종전 최고령 올스타전 출전 기록은 오승환(은퇴)이 2024년에 작성한 41세 11개월 21일이었다. 타자 중에서는 2010년 양준혁(은퇴)의 41세 1개월 28일을 16년 만에 경신했다. 공교롭게도 최형우가 상대한 투수는 '최고령' 투수 올스타 류현진(39·한화)이었다. 최형우는 볼카운트 2볼에서 3구째 공을 타격했지만 1루수 앞으로 굴러갔다. 그러나 타구를 잡은 나눔 1루수 오스틴 딘(LG 트윈스)이 1루 커버를 들어온 류현진에게 던진 공이 높이 뜨면서 뒤로 빠졌고, 최형우는 1루에 안착했다. 출루에 성공한 최형우는 대주자 조형우(SSG)와 교체되며 더그아웃으로 들어갔다. superpower@news1.kr",https://v.daum.net/v/WC7t3mDgty
2026.07.11 19:09,"'최고령 미스터 올스타' 최형우, 이번엔 최고령 올스타전 출전 영예",스포츠한국,[스포츠한국 심규현 기자] 최고령 올스타 MVP 기록을 갖고 있는 최형우가 이번에는 최고령 올스타전 출전이라는 영예를 안았다. KBO는 11일 오후 6시 서울 잠실야구장에서 2026 신한 SOL뱅크 KBO 올스타전을 개최한다. 이번 올스타전은 잠실 야구장에서 열리는 마지막 올스타전이다. 잠실 야구장은 올 시즌을 끝으로 철거된다. 의미 있는 올스타전에서 의미 있는 기록까지 나왔다. 바로 최형우의 최고령 경기 출장. 그는 이날 42세6개월25일로 종전 오승환의 41세 11개월21일을 넘고 올스타전 최고령 출장 신기록을 세웠다. 종전 타자 최고령은 2010년 양준혁의 41세1개월28일이다. 최형우는 2024년 역대 최고령 40세 7개월 4일로 미스터 올스타에 선정됐다. 2년 뒤 또 한 번 의미 있는 기록을 쓴 최형우다. 스포츠한국 심규현 기자 simtong96@sportshankook.co.kr,https://v.daum.net/v/xGYyYNoMy3
2026.07.11 19:06,‘내 소신이 어때서’ 올스타전 퍼포먼스 발언? 인기는 괴로워! 구자욱 “...,스포츠서울,"[스포츠서울 | 잠실=이소영 기자] “(정)수빈이 형 옆에 딱 붙어 있어야 할 것 같다.” 인기엔 늘 명과 암이 있는 법이다. 삼성 구자욱(33)이 최근 올스타전 퍼포먼스와 관련해서 소신 발언을 하자, 일각에서는 갑론을박이 벌어졌다. 그는 “수빈이 형과 사적으로도 자주 보는 사이”라며 “오늘 딱 옆에 붙어 있어야 할 것 같다”고 너스레를 떨었다. 구자욱은 11일 서울 잠실구장에서 열린 2026 KBO리그 올스타전 드림팀 2번 타자 겸 좌익수로 선발 출전했다. 개인 10번째 올스타전 출전이자 2021년부터 6년 연속 베스트 12에 이름을 올렸다. 전날 SNS상에서 구자욱의 올스타전 퍼포먼스 관련 발언이 화제가 됐다. 화려한 볼거리보다 경기 본연에 집중하고 싶다는 생각을 전했다. 이를 두고 공감하는 목소리가 나온 한편 다소 경솔했다는 반응도 뒤따랐다. 최근 KBO리그의 뜨거운 인기에서 비롯된 일종의 해프닝인 셈이다. 경기 전 취재진과 만난 구자욱은 “더운데 많이 찾아와 주신 팬분들께 감사드린다”고 출전 소감을 밝혔다. 이어 “전반기를 1위로 마쳤는데 선수단 모두 고생 많았다. 각자 제 역할을 해준 덕분”이라고 덧붙였다. 올스타전 단골손님이지만, 잠실에서 열리는 마지막 축제인 만큼 의미가 남다를 법도 하다. 구자욱은 “잠실이 워낙 큰 구장으로 유명하지 않나. 어렸을 때부터 담장을 넘겨보고 싶다고 생각했다”며 “다행히 좌측과 중간, 우측 담장을 모두 넘겨봐서 기분이 좋다”고 웃었다. 뜻하지 않은 갑론을박도 마주했다. 야구 인기가 높아지면서 올스타전에서 선수들이 선보이는 볼거리를 향한 관심과 기대 역시 커졌다. 구자욱이 경기 자체에 더 집중하고 싶다는 생각을 내비치면서 다양한 반응이 쏟아졌다. 그는 “팬분들께서 기대하고 좋아하시는 부분이라는 걸 알고 있다”며 “다만 다른 시각에서 보면 또 다른 걸 원하실 수도 있다. 퍼포먼스는 이미 충분히 많이 했으니 열심히 경기에 임하는 것도 나쁘지 않을 것 같다는 생각을 해봤다”고 설명했다. 이 과정에서 정수빈이 소환됐다. 두산 선수단이 참여한 ‘투표 독려’ 영상 때문이다. 해석에 따라 구자욱의 발언이 정수빈을 겨냥한 것처럼 보일 수 있다는 시각도 나왔다. 구자욱은 “안 그래도 수빈이 형과 만나서 얘기했다”며 “사적으로도 자주 만나는 사이다. 그럴 의도는 없었지만, 기분이 나쁘셨다면 사과드린다”고 했다. 이어 “수빈이 형을 만나면 잘 얘기할 예정”이라며 “형 옆에 딱 붙어있어야 할 것 같다”며 뜻하지 않게 불거진 논란을 유쾌하게 일단락했다. sshong@sportsseoul.com",https://v.daum.net/v/bvNZtwkLyo
2026.07.11 19:06,“(김)주원이 홈런 2개? 100% 주원이 실력…내 배팅볼은 100점만점...,마이데일리,"[마이데일리 = 잠실 김진성 기자] “(김)주원이가 어제 연습할 때부터 헛스윙 하더라고요.” 김주원(24, NC 다이노스)은 10일 서울 잠실구장에서 열린 올스타 홈런더비에서 2홈런에 그쳤다. 그러자 김주원에게 공을 던져줬던 박민우(33, NC 다이노스)는 11일 올스타전을 앞두고 후배 저격(?)에 열을 올렸다. 덕아웃에 큰 웃음이 터졌다. 박민우의 요점은 자신은 너무 공을 잘 던져줬는데 김주원이 못 쳤다는 얘기다. 박민우는 “제가 배팅볼 진짜 좋거든요. 심지어 예전에 (이호준)감독님 선수생활 할 때 배팅볼 내 걸 제일 좋아하셨다. 내가 배팅볼을 잘 던져요. 이번에 캠프에서도 좋은 공 던져주고 그랬어요”라고 했다. 박민우는 취재진이 알쏭달쏭한 표정을 짓자 공을 받아준 포수에게 물어봤다고 주장(?)했다. 그는 “어제 받아준 포수 분에게 여쭤봤더니 잘 던졌다고 했다. 진짜 거의 딱 홈런 칠 수 있는 코스로 던졌거든요”라고 했다. 그러나 박민우는 김주원이 타석에 들어가기 전부터 기대를 접었다. “주원이가 어제 연습할 때부터 헛스윙을 하더라고요. 그래서 약간 틀려먹었다고 생각하긴 했는데 어제의 주원이의 홈런 2개는 솔직히 진짜 100% 주원이의 실력이고, 진짜 어제 내 배팅볼은 솔직히 100점 만점에 120점을 줄 수 있다”라고 했다. 취재진 사이에서 폭소가 터졌다. 그러자 박민우는 한술 더 떴다. “진짜 내가 어제 몸 풀 때 그 생각을 했어요. 아니, 몇 명 참가했죠? 난 레이스에서 8명이 나오면, 내가 다 던지면 어쨌든 저는 1등을 하는 거잖아요? 누군가는 우승 할 테니까. 그래서 저는 8명에게 다 던져주고 싶었거든요. 누가 마지막까지 좀 고민하긴 하던데 나를 선택 안 하더라고요”라고 했다. KBO는 올해 올스타 홈런더비서 우승한 선수에게 배팅볼을 던져준 선수에게도 헤드폰을 부상으로 줬다. 실제 이번에 우승한 강백호에게 공을 던져준 한준수(27, KIA 타이거즈)가 헤드폰을 받아갔다. 강백호는 상금도 한준수와 나눠가질 것이라고 했다. 혹시 박민우는 이걸 기대했던 게 아닐까. 향후 배팅볼투수에게도 부상이나 상금이 계속 주어진다면 올스타 홈런더비가 더욱 흥미로워질 듯하다.",https://v.daum.net/v/Ptv24XYCrk
2026.07.11 19:06,"“제 자신이 역겨웠다”…곽빈, 천사 날개 달고 ‘니가 좋아’ 치명 퍼포먼...",MHN스포츠,(MHN 황혜성 기자) 생애 첫 올스타전에 나선 곽빈이 파격적인 등장 퍼포먼스로 팬들의 시선을 사로잡았다. 드림 올스타 선발투수 부문 팬 투표 1위로 생애 첫 올스타에 선정된 곽빈은 선발 투수로 마운드에 올랐다 곽빈은 등판 전 영화 ‘와일드 씽’에서 최성곤이 부른 ‘니가 좋아’를 틀고 천사 날개를 단 채 퍼포먼스를 펼쳤다. 곽빈은 ‘니가 좋아’ 가사에 맞춰 치명적인 표정을 지었다. 곽빈은 방송 인터뷰에서 자신의 파격적인 퍼포먼스를 떠올리며 “제 자신한테 역겨웠다. 그거밖에 없다”고 웃었다. 주변 동료들의 반응에 대해서는 “충격적이었다고 들었다”고 전했다. 곽빈은 “PD님 립스틱이었는데 처음 발라보니까 입술이 너무 화해서 부었다”고 설명했다. 그럼에도 제대로 망가질 각오로 무대에 나섰다. 곽빈은 “이왕 하는 거 퍼포먼스상이라도 받아보자는 생각으로 열심히 했던 것 같다”고 말했다. 잠실야구장에서 열리는 마지막 올스타전의 선발 투수로 나선 곽빈은 ⅔이닝 1피안타 1볼넷 2탈삼진 무실점을 기록하고 마운드에서 내려갔다.,https://v.daum.net/v/8L6ngbztRy
2026.07.11 19:00,‘잠실돔’ 외야가 지금보다 좁아진다면? “나 말고 다 좋아하지 않겠나” ...,스포츠서울,"[스포츠서울 | 잠실=강윤식 기자] “나 말고 다 좋아하지 않겠나.” 올해를 끝으로 오랜 역사의 잠실구장이 역사 속으로 사라진다. 새롭게 지어질 ‘잠실 돔구장’에 대한 기대감도 커진다. 다만 ‘트중박’ 박해민(36) 생각은 다르다. 만약 잠실돔 외야가 지금 잠실구장 외야보다 좁아진다면, 본인에게 불리(?)하기 때문이다. 11일 서울 잠실구장에서 2026 KBO리그 올스타전이 열렸다. 프로야구 원년인 1982년 준공해 야구팬들과 수많은 추억을 공유한 잠실구장. 올시즌을 끝으로 철거 예정이다. 잠실을 홈으로 쓰는 박해민은 오히려 아직 실감이 안 난다. 아직 매일 출근하는 곳이기 때문이다. 올스타전 본 경기 전 만난 박해민은 “아직 믿기지 않는다. 항상 출근하고 있다. 마지막이라고 다들 말씀을 하지만, 아직 와닿지 않는 것 같다”고 말했다. 2026시즌 종료 후 잠실구장을 홈으로 쓰는 LG와 두산은 주경기장을 임시구장으로 활용할 예정이다. 이후 2032년 새롭게 지금 잠실구장 부지에 지어질 잠실돔으로 들어가게 된다. 아직 자세한 경기장 규모를 확정하지 않은 상황. 박해민은 외야가 좁아질까 우려(?)스럽다. 박해민은 “아직 새로운 경기장이 어떻게 지어질지 모르지만, 만약에 외야가 작아진다면 수비 범위도 작아질 수 있기 때문에 아쉬울 것 같긴 하다. 그런데 나 말고 다 좋아하지 않겠나”라며 웃었다. 그러면서 잠실구장이 워낙 넓다 보니까 장타나 홈런이 많이 안 나오는 만큼, 타자들도 반길 것 같다. 투수들은 조금 아쉬울 것 같기도 하다. 나는 투수들처럼 아쉬운 마음에 한 표가 갈 것 같다“고 덧붙였다. 이어 박해민은 또 하나의 바람을 전했다. KBO리그의 담장도 조금 더 다양해지길 원한다. 수비하는 입장에서 담장을 타는 등 ‘멋진 퍼포먼스’를 팬들에게 뽐낼 수 있길 바란다. 박해민은 “아직 어떻게 된다는 얘기가 없지만, 한국 야구도 이제는 다양한 펜스가 생기면 좋겠다. 그러면 선수들이 조금 더 과감하게 펜스 넘어가는 것도 잡아낼 수 있을 것 같다. 지금은 대부분 야구장 펜스가 높다. 그런 부분에서 볼거리가 조금 더 생기면 좋겠다”고 힘줘 말했다. skywalker@sportsseoul.com",https://v.daum.net/v/1IkaCdMVlY
2026.07.11 18:57,"‘역시 한국 투수 GOAT’ 류현진, 121km 직구만 9구 던졌다…1이...",OSEN,"[OSEN=잠실, 길준영 기자] 프로야구 한화 이글스 류현진이 올스타전에서 ‘GOAT’의 품격을 뽐냈다. 류현진은 11일 서울 잠실구장에서 열린 ‘2026 신한 SOL KBO 올스타전’ 나눔 올스타로 구원등판해 1이닝 무실점을 기록했다. 양 팀이 0-0으로 팽팽히 맞선 2회말 선발투수 애덤 올러(KIA)를 대신해 마운드에 오른 류현진은 ‘역대 최고’라는 의미의 ‘GOAT’(Greatest of all time / 염소) 분장을 한 문현빈(한화)과 함게 마운드에 올랐다. 류현진은 KBO리그 통산 259경기(1654⅓이닝) 125승 69패 1세이브 평균자책점 2.93를 기록한 한국 최고의 에이스다. 2013년부터 2023년까지는 메이저리그 LA 다저스와 토론토 블루제이스에서 뛰며 통산 186경기(1055⅓이닝) 78승 48패 평균자책점 3.27을 기록했다. 통산 9번째 올스타전 마운드에 오른 류현진은 선두타자 최형우(삼성)를 1루수 송구 실책으로 내보낸 류현진은 르윈 디아즈(삼성)을 1루수 뜬공으로 처리했다. 양의지(두산)는 중견수 뜬공으로 잡았고 박준순(두산)도 우익수 뜬공으로 아웃시키며 실점없이 이닝을 끝냈다. 투구를 마친 류현진은 3회 안우진(키움)에게 마운드를 넘기고 이날 등판을 마쳤다. 투구수 9구를 던진 류현진은 모두 직구만 던졌다. 직구 최고 구속은 시속 121km에 불과했지만 한국 최고의 에이스답게 효율적인 투구로 무실점 피칭을 해냈다. /fpdlsl72556@osen.co.kr",https://v.daum.net/v/tngpWaLxlL
2026.07.11 18:57,"43세에 올스타라니, 최형우 경이롭다…오승환-양준혁 넘어 최고령 별이 되...",OSEN,"[OSEN=잠실, 이후광 기자] 최형우가 오승환, 양준혁을 넘어 최고령 별이 됐다. 드림 올스타 소속의 최형우(삼성 라이온즈)는 11일 서울 잠실구장에서 열린 2026 신한 SOL KBO 올스타전에 4번 지명타자로 선발 출전했다. 최형우는 0-0으로 맞선 2회말 선두타자로 등장했다. 한화 이글스 류현진을 만나 2B-0S 유리한 카운트를 선점한 가운데 3구째 121km 직구를 타격했고, 1루수 송구 실책에 힘입어 출루했다. 최형우는 이날 출전으로 올스타전 최고령 경기 출장 신기록(42세 6개월 25일)을 세웠다. 종전 기록은 2024년 41세 11개월 21일에 올스타전을 밟은 오승환. 최형우는 2010년 41세 1개월 28일에 올스타전에 출전한 양준혁의 타자 최고령 신기록도 넘어섰다. 최형우는 이번 시즌 전반기 81경기 타율 3할2푼9리 12홈런 66타점 40득점 OPS .934 노익장을 과시하며 드림 올스타 베스트12 지명타자 부문 팬투표 1위를 차지했다. /backlight@osen.co.kr",https://v.daum.net/v/GG6jM31ySu
2026.07.11 18:55,"최형우, 올스타전에서도 '기록의 사나이'…최고령 출장 신기록",연합뉴스,"(서울=연합뉴스) 이대호 기자 = 프로야구 '기록의 사나이' 최형우(삼성 라이온즈)가 올스타전에서도 기록을 한 줄 남겼다. 최형우는 11일 서울 잠실구장에서 열린 2026 신한 SOL KBO 올스타전에 2회말 드림팀 선두 타자로 타석에 등장해 기록의 주인공이 됐다. 1983년생인 최형우는 이날 42세 6개월 25일로 2024년 오승환(당시 삼성)이 세운 올스타전 최고령 출전 기록(41세 11개월 21일)을 경신했다. 야수로 한정하면 올스타전 종전 최고령 출전은 2010년 양준혁(당시 삼성)으로 41세 1개월 28일이었다. 최형우는 올 시즌 KBO리그 최고령 출장과 안타, 홈런, 도루 기록을 새로 쓴 데 이어 올스타전에서도 최고령 기록을 수립했다. 2024년 KIA 타이거즈 유니폼을 입고 올스타전 최우수선수(MVP)로 뽑혔던 최형우는 이날 개인 통산 두 번째 수상을 노린다. 4bun@yna.co.kr (끝) ▶제보는 카톡 okjebo",https://v.daum.net/v/YGsJcf9U5z
2026.07.11 18:55,무더위에 '폭염경보'도 막지 못한 KBO리그 인기…2026 올스타전 매진...,마이데일리,"[마이데일리 = 잠실 류한준 기자] ""야구가 이렇게 인기를 많이 얻고 팬들로부터 많은 관심과 사랑을 받고 있는 시기에 올스타 팬 투표 1위를 차지했다는 건 제게도 정말 큰 의미로 다가옵니다."" 소속팀 두산 베어스를 비롯해 KBO리그를 대표하는 '안방마님' 양의지는 11일 잠실구장에서 열린 2026 KBO리그 올스타전에 앞서 현장 취재진과 만난 자리에서 이렇게 소감을 전했다. 양의지 언급대로 이날 올스타전은 매진 사례를 보였다. 한국야구위원회(KBO)는 ""경기 개시 시작 약 30분여를 남기고 잠실구장은 매진(2만37500명) 됐다""고 공식 발표했다. 올스타전 역사상 25번째이자 2022년부터 5년 연속 매진이다. 이날 서울을 비롯한 중부지방에는 폭염 경보가 내려졌다. 잠실구장이 자리한 서울시 송파구 잠실동의 오후 최고 기온은 34도까지 올라갔고 습도도 67％에 달했다. 그러나 야구팬들의 열기는 무더위를 뛰어 넘었다. 팬들은 경기 개시 시간을 3시간여 앞두고부터 잠실구장 매표소 주변에 길게 줄을 서 입장 시간을 기다렸다. 잠실구장에서는 이번 올스타전이 마지막이다. 오는 12월 재개발을 위해 철거되기 때문이다. 돔 구장으로 새롭게 건설되는 잠실구장은 오는 2032년 개장 예정이다. 잠실구장은 KOB리그 출범 원년인 1982년 문을 열었다. 잠실구장에서 올스타전은 1983년 1차전이 처음으로 열렸고 이후 올해까지 모두 14차례 개최됐다. 역대 올스타전 최다 관중도 잠실구장에서 1984년 열린 1차전으로 당시 3만5000명이 입장했다. KBO리그 올스타전은 1982년부터 1985년까지는 1~3차전으로 진행됐으나 7구단 출범 후인 1986년부터는 지금과 같은 단일 경기로 치러졌다. 한편 잠실구장은 그동안 관중 친화적으로 관중석을 개조하는 등 시설 개선을 해 입장 관중 숫자는 개장 초기와 견저 줄어들었다. 류한준 기자 hantaeng@mydaily.co.kr",https://v.daum.net/v/Pr3OYNoMrB
2026.07.11 18:47,"“야구 그만해야지”…홈런 공동 1위의 웃픈 고백, 자존심 상했던 생애 첫...",스포츠동아,"[잠실=스포츠동아 박정현 기자] “홈런더비는 나랑 맞지 않는 것 같다(웃음).” 김도영(23·KIA 타이거즈)은 11일 잠실구장서 열린 ‘2026 신한 SOL KBO 올스타전’에 앞서 “홈런더비서 실패한 뒤 야구가 하기 싫었다. 후반기에는 홈런을 신경 쓰면 안 될 것 같다”고 말했다. 김도영은 전날(10일) ‘2026 신한 SOL KBO 올스타전’ 컴투스프로야구 홈런더비 예선전서 2홈런을 치는 데 그쳤다. 그는 전반기 27홈런을 때려 오스틴 딘(33·LG 트윈스)과 함께 공동 1위로 많은 기대를 받았지만, 최고의 홈런 타자를 가리는 승부서는 결과를 내지 못해 자존심이 상했다. “홈런 공동 1위이기 때문에 더 많이 쳤어야 하는데 그렇게 하지 못해 아쉬웠다”고 솔직히 말한 김도영은 “(박)찬호 형이 나를 우승 후보로 생각하고 잘 던져주려고 했는데 기대에 부응하지 못해 미안했다”고 밝혔다. 이어 “홈런을 치려고 더 의식하다 보니 힘만 들어가고 자세만 망가지는 것 같다”고 덧붙였다. 지난해 햄스트링 부상으로 정규리그 30경기 출전에 그쳤던 김도영은 올해 달라졌다. KIA가 전반기 치른 86경기에 모두 출전할 정도로 완벽한 몸 상태를 보이고 있다. 꾸준히 경기에 출전하니 타율 0.298, 27홈런, 74타점, 5도루, OPS(출루율+장타율) 1.010으로 좋은 성적도 함께 따라오고 있다. 김도영은 “9월 아시안게임에 출전하기 전까지 풀타임에 나서고 싶다. 욕심을 가지지 않을 수는 없지만, 타석서 어떻게 해야 팀에 더 도움이 될지 냉정하게 생각하면서 야구하고 싶다”고 각오를 다졌다. 잠실｜박정현 기자 pjh60800@donga.com",https://v.daum.net/v/fqPZnzUZ3k
2026.07.11 18:47,"'나루토 아카츠키' 분장한 나눔 선발 올러, 올스타 데뷔전서 1이닝 무실...",스포츠투데이,"[스포츠투데이 강태구 기자] 나눔 올스타의 선발 아담 올러(KIA 타이거즈)가 애니메이션 '나루토'의 '아카츠키' 분장을 한 채 나타나 1이닝을 세 타자로 솎아냈다. 올러는 11일 서울 잠실야구장에서 열린 2026 신한 SOL KBO리그 올스타전 나눔 올스타의 선발 투수로 등판해 1이닝 1사사구 무실점을 기록했다. 올러는 11구를 던졌고, 직구 8개, 커브 3개를 구사했다. 직구 최고 구속은 149km/h, 평균 구속은 141km/h가 나왔다. 이날 올러는 애니메이션 '나루토'의 '아카츠키' 분장을 한 채 마운드에 올랐다. 올러는 선두타자 최원준을 볼넷으로 내보냈지만, 두 번째 타자 구자욱을 2루수 방면 병살타로 유도해 단숨에 아웃 카운트 2개를 채웠다. 이후 최정을 우익수 뜬공을 처리하면서 공 11개와 세 타자로 이닝을 마무리했다. 한편 경기는 2회말까지 끝난 가운데 양 팀은 득점 없이 0-0으로 팽팽하게 맞서고 있다. [스포츠투데이 강태구 기자 sports@stoo.com]",https://v.daum.net/v/GG0zD6fzWx
2026.07.11 18:46,"데뷔시즌 올스타까지, 특급신인 박준현 “(안)우진이 형과 미국서 선발 맞...",뉴스엔,"[잠실=뉴스엔 안형준 기자] 박준현이 데뷔시즌 올스타 선정 소감을 밝혔다. 별들의 축제 '2026 신한 SOL 뱅크 KBO 올스타전'이 7월 11일 서울 잠실구장에서 열렸다. 이번 올스타전은 올시즌을 끝으로 사라지는 잠실 야구장에서 열리는 마지막 올스타전이다. 올해 드래프트 전체 1순위로 지명돼 1군에 데뷔한 키움 박준현은 프로 입문 첫 해 1군 올스타 선정의 영광을 맞이했다. 박준현은 ""감독님께 감사드린다. 오늘 좋은 추억을 쌓고 후반기에는 더 좋은 모습을 보여드릴 수 있도록 하겠다""고 올스타 선정 소감을 전했다. 박준현의 아버지는 삼성 박석민 코치. 현역시절 스타였던 박석민 코치는 올스타 선정 경험이 있고 박석민 코치가 올스타전에 출전할 때 박준현도 가족으로 함께 올스타전을 경험한 바 있다. '부자 올스타'면서도 '올스타전 유경험자'인 박준현. 하지만 박준현은 ""사실 어릴 때 올스타전에 온 것은 잘 기억이 나지 않는다. 그당시에는 잘 모르는 나이기도 했다""며 ""이제 와보니 올스타가 정말 오기 힘든 곳이구나를 느낀다. 다음에 또 오고 싶다""고 말했다. '부자 올스타' 기록에 대해서는 ""딱히 생각하지 않았다. 아버지도 그에 대해 별 말씀은 안하셨다""며 ""가서 선배들한테 인사 잘 하라고만 하시더라""고 웃었다. 박준현은 4월 26일 1군에 데뷔해 전반기를 1군에서 마쳤다. 전반기 성적은 10경기 49이닝, 1승 4패, 평균자책점 3.67. 기복은 있었지만 위력적인 모습도 보이며 전체 1순위 지명자로서의 기대감을 더욱 키운 전반기였다. 박준현은 전반기에 대해 ""아쉬운 부분이 더 많은 것 같다""고 돌아봤다. 박준현은 ""그것도 배워가는 것이기에 후반기에는 전반기 경험을 바탕으로 더 준비를 단단히 해야할 것 같다""며 ""마운드에서 한 번씩 스스로 제구가 무너지는 부분이 있었다. 또 맞을 때 늘 불리한 카운트에서 맞는데 후반기에는 맞더라도 유리한 카운트에서 승부하며 맞고 싶다""고 말했다. '롤모델'인 팀 선배 안우진과 함께 올스타전에 온 박준현이다. 박준현은 ""우진이 형이 롤모델인데 스프링캠프부터 많이 챙겨주시고 야구적인 이야기도 많이 했다. 우진이 형 같은 형을 만났다는 것이 내게는 가장 큰 복인 것 같다""며 ""이제까지 야구를 하면서 진짜 괴물이다 싶은 사람을 본 적이 없었는데 우진이 형이 던지는 것을 보면서 '아 정말 이 사람은 다르구나' 싶었다. 몇 년 뒤에는 나도 우진이 형만큼 하고 싶다""고 언급했다. 롤모델에게 한 가지 능력을 빼앗아 올 수 있다면 무엇을 갖고 싶을까. 박준현은 ""습득력이다""고 말했다. 박준현은 ""우진이 형은 습득력이 다르다. 밸런스가 안좋거나 할 때 코치님이 뭔가 알려주시면 바로 그 점을 고친다. 나도 그런 재능을 갖고싶다""고 말했다. 롤모델 안우진과 맞대결을 해보고 싶다는 꿈도 있다. 박준현은 ""지금은 같은 팀이지만 몇 년 뒤에는 다른 팀에서 선발 맞대결을 해보고 싶다. 미국에서 맞대결을 할 수 있으면 좋겠다""고 말했다. 함께 메이저리그의 꿈을 꾸자는 당찬 희망이었다. 박준현은 ""오늘 올스타전에 등판하게 된다면 모든 공을 다 스트라이크로 던지고 오겠다""고 각오를 밝혔다.(사진=박준현) 뉴스엔 안형준 markaj@ 기사제보 및 보도자료 newsen@newsen.com copyrightⓒ 뉴스엔. 무단전재 & 재배포 금지",https://v.daum.net/v/zsaC4XYCyD
2026.07.11 18:43,"야구는 졌지만, 이벤트는 이겼다…‘구본혁-우강훈’ LG, 삼성 꺾고 썸머...",OSEN,"[OSEN=잠실, 한용섭 기자] 프로야구 LG 트윈스가 2026 올스타전 이벤트 ‘썸머 레이스’에서 삼성 라이온즈를 꺾고 우승을 차지했다. 11일 잠실구장에서 열린 KBO리그 올스타전, 올해를 끝으로 역사 속으로 사라지는 잠실구장에서 열리는 마지막 올스타전이었다. 올스타전 사전 이벤트로 선수와 팬이 함께 릴레이 장애물 경주를 하는 썸머 레이스가 열렸다. 선수 2명과 팀 마스코트, 팬 2명(여성, 남성) 등 5명이 참가하는 레이스였다. 자전거 타기(선수), 공 굴리기(남성 팬), 오뚝이 허들(마스코트), 점핑볼(선수), 아슬아슬 스푼(여성 팬), 깃발 뽑기(여성 팬) 코스를 통과하는 레이스. 예선 1조에서 KT, SSG, 삼성, 롯데 4팀이 참가해 삼성과 롯데가 준결승에 진출했다. 이어 예선 2조에서는 KIA, 키움, NC, 한화 4팀이 KIA와 키움이 준결승에 올랐다. 두산과 LG는 준결승 직행이었다. 준결승 1조에서 삼성, 롯데, 두산이 경쟁했는데 삼성이 결승 티켓을 차지했다. 준결승 2조에서 LG, KIA, 키움이 출전해 LG가 1위로 결승에 올라갔다. 공교롭게 지난 9일 열린 전반기 최종전에서 삼성과 LG는 맞붙었고, 삼성이 6-5로 승리하면서 승차없이 승률에서 2리 앞서 전반기 1위를 차지했다. '썸머 레이스'에서 1~2위의 맞대결이 성사됐다. LG는 내야수 구본혁, 투수 우강훈, 남성팬 김민석 씨, 여성팬 김하진 씨, 마스코트 럭키가 출전했다. 삼성은 투수 이승민, 투수 양창섭, 남성팬 넬슨 조던 씨, 여성팬 이경민 씨, 마스코트 블레오가 출전했다. LG는 구본혁이 자전거 타기에서 이승민 보다 앞섰고, 이후 코스에서 줄곧 삼성에 앞서 나갔다. 마지막 주자 김하진 씨가 아슬아슬 스푼 코스에서 공을 떨어뜨리지 않고 잘 달려서 깃발을 먼저 뽑아 우승을 차지했다. LG는 우승 상금 350만원을 받았다. /orange@osen.co.kr",https://v.daum.net/v/2d32lie4Sk
2026.07.11 18:40,"‘149km 쾅!’ KIA 올러, 올스타전 데뷔…1이닝 무실점 퍼펙트 피...",OSEN,"[OSEN=잠실, 길준영 기자] 프로야구 KIA 타이거즈 애덤 올러(32)가 첫 올스타전에서 올러는 11일 서울 잠실구장에서 열린 ‘2026 신한 SOL KBO 올스타전’에 나눔 올스타 선발투수로 등판해 올 시즌 16경기(99⅓이닝) 9승 5패 평균자책점 2.36을 기록해 전반기 리그 평균자책점 2위, 다승 공동 1위, 탈삼진 2위에 오른 올러는 KBO리그 데뷔 2년 만에 처음으로 올스타로 선정됐다. 일본 애니메이션 ‘나루토’에 나오는 악역 캐릭터 분장을 하고 마운드에 오른 올러는 1회말 선두타자 최원준을 볼넷으로 내보냈다. 이후 구자욱의 타구에 맞았지만 4-6-3 병살타로 연결되며 빠르게 아웃카운트 2개를 올렸다. 최정은 우익수 뜬공으로 잡았다. 1회를 무실점을 마친 올러는 2회 류현진과 교체돼 이날 등판을 마쳤다. 투구수 11구를 던졌고 직구와 커브를 구사했다. 직구 최고 구속은 시속 149km를 찍었다. /fpdlsl72556@osen.co.kr",https://v.daum.net/v/btYvR0tWhm
2026.07.11 18:33,"[KBO 올스타전] '마지막 잠실 올스타전' 보러 가자, 별들의 축제 5...",일간스포츠,"프로야구 올스타전에 5년 연속 만원 관중이 들어찼다. 한국야구위원회(KBO) 사무국은 11일 ""오후 5시 28분 2만3750석이 모두 팔렸다""고 발표했다. 이로써 프로야구 올스타전은 2022년부터 5년 연속 매진 행진을 이어갔다. 올스타전 매진은 역대 5번째다. 2020년과 2021년은 신종 코로나바이러스 감염증(코로나19) 때문에 올스타전이 열리지 않았고, 2019년 창원에서 열린 창원NC파크 개장 기념 올스타전은 우천 순연 여파로 매진에 실패했다. 역대 올스타전 최다 관중은 잠실에서 열린 1984년 1차전으로, 3만5000명이 입장했다. 한편, 서울 잠실야구장은 올해를 끝으로 철거된다. 2032년 완공 예정인 잠실 돔구장(가칭)이 개장되기 전까지는 서울 종합운동장을 리모델링한 임시 구장에서 시즌을 보낼 예정이다. 잠실=윤승재 기자 yogiyoon@edaily.co.kr",https://v.daum.net/v/xRDvmx6bws
2026.07.11 18:28,"'니가 좋아 분장' 드림 선발 곽빈, 0.2이닝 2K 무실점…최고 구속 ...",스포츠투데이,"[스포츠투데이 강태구 기자] 드림 올스타의 선발투수 곽빈(두산 베어스)이 실점 없이 마운드를 내려왔다. 곽빈은 11일 서울 잠실야구장에서 열린 2026 신한 SOL KBO리그 올스타전 드림 올스타의 선발투수로 등판해 0.2이닝 1피안타 2탈삼진 1사사구 무실점을 기록했다. 곽빈은 20개의 공을 던지면서 직구 13개, 슬라이더 2개, 체인지업 4개, 커브 1개를 구사했다. 직구 최고 구속은 154km/h, 평균 구속은 150km/h가 나왔다. 이날 곽빈은 영화 와일드씽 최성곤의 '니가 좋아' 분장을 한 채 등장했다. 출발은 좋았다. 선두타자 박민우(NC)를 4구 만에 삼진으로 처리했다. 하지만 박해민(LG)에게 안타를 허용했고, 김도영(KIA)에겐 스트레이트 볼넷을 내줬다. 1사 1, 2루 위기 상황에서 곽빈은 강백호를 7구 승부 끝에 헛스윙 삼진으로 돌려세운 뒤 양창섭과 교체되며 마운드를 내려갔다. 양창섭은 오스틴 딘을 우익수 뜬공으로 처리하며 이닝을 끝냈다. [스포츠투데이 강태구 기자 sports@stoo.com]",https://v.daum.net/v/XuSuj2b0v2
2026.07.11 18:27,“개인 목표는 없다”…류현진이 바라보는 곳은 오직 가을야구,문화일보,잠실 = 정세영 기자 8승(2패)과 평균자책점 2.67. 한화의 에이스 류현진(39)의 전반기 성적이다. 올해 39세인 류현진은 여전히 한화 선발진의 중심을 지키고 있다. 류현진은 11일 서울 잠실구장에서 열린 2026 신한 쏠(SOL) KBO 올스타전을 앞두고 취재진을 만나 “올해 선발투수로서 할 수 있는 역할을 한 것 같아서 개인적으로 만족한다. 다른 부분은 없다. 선발투수로서 팀이 이길 수 있는 경기를 만들어줄 수 있어서 그 부분이 가장 만족스럽다”고 돌아봤다. 류현진은 전반기 마지막 등판이 비로 취소되면서 한·미 통산 2500탈삼진에 1개만을 남겨뒀다. 류현진은 이를 두고 “그런 기록적인 부분은 하고 싶다고 할 수 있는 게 아니다. 그냥 신경을 안 쓰고 있다. 저는 제가 할 수 있는 역할만 생각하고 준비하고 있다”고 강조했다. 류현진은 2024년 올스타전에서 37세 3개월 11일의 나이로 승리투수가 돼 역대 최고령 올스타전 승리 기록을 세웠다. 이번에는 39세 3개월 16일의 나이로 마운드에 오를 수 있다. 그러나 류현진은 “그런 기록은 전혀 의미를 두지 않는다. 그냥 열심히 즐기도록 하겠다”고 선을 그었다. 류현진은 올스타전 무대에 함께 서는 동료들에 대해 “너무 기쁘게 생각한다. 모르는 선수들과 함께하면서 그 선수들을 알아갈 수 있는 시간”이라며 “오늘 하루 팬분들과 즐길 수 있는 시간을 갖도록 하겠다”고 말했다. 정세영 기자,https://v.daum.net/v/2zuVsMPKTt
2026.07.11 18:26,"""아직도 믿기지 않습니다"" 첫 올스타전 나들이 롯데 박정민 [MD잠실]",마이데일리,"[마이데일리 = 잠실 류한준 기자] 프로야구 롯데 자이언츠는 11일 잠실구장에서 열린 2026 KBO리그 올스타전 선발 라인업에 단 한 명의 선수도 배출하지 못했다. 그래도 감독 추천 선수로 김진욱, 박정민, 현도훈(이상 투수) 황성빈(외야수)까지 4명이 드림올스타 소속으로 '별들의 무대'에 왔다. 특히 김진욱, 박정민, 현도훈은 첫 올스타전 참가다. 특히 박정민은 신인으로 별들의 무대에 초대됐다. 그는 올스타전을 앞두고 현장을 찾은 취재진과 만난 자리에서 ""(올스타 선정이) 아직도 믿어지지 않고 실감나지 않는다""고 말했다. 그는 또한 1군이 아닌 퓨처스(2군)리그에 있었을 때 올스타 선발 소식을 들었다. 박정민은 ""김태형 감독 지시로 퓨처스로 갔었을 때였다. 감독님이 휴식을 취하는 동시에 재정비가 필요하다고 했었는데 이 부분에 초점을 맞춰서 준비했었다""며 ""그런데 전혀 생각하지도 않았던 올스타 선정 얘기를 들어서 얼떨떨하기도 했고 믿어지지 않았다""고 당시를 되돌아봤다. 그는 ""지금도 다른팀 올스타 선수들을 바로 옆에서 보니 신기하다""며 ""아직도 현실같지 않다""고 웃었다. 박정민에게 기억에 남는 올스타전은 2024년이다. 그는 ""지금 팀 동료가 된 황성빈 형의 퍼포먼스는 정말 대단했다""며 ""나 또한 오늘(11일) 퍼포먼스를 준비했지만 (황) 성빈이 형에겐 안될 것 같다""고 다시 한 번 웃었다. 황성빈은 2024년 7월 6일 인천 SSG랜더스필드에서 열린 올스타전에서 3회말 첫 타석에서 나올 때 '배달의 마황' 콘셉트로 오토바이를 타고 등장했고 철가방 배달통에서 야구공을 꺼내는 퍼포먼스를 선보였다. 그는 당시 안타를 치고 1루로 출루한 뒤에도 퍼포먼스를 잊지 않았다. 팬들을 향해 '배달완료'라는 문구가 새겨진 종이를 펼쳐보였고 1루에선 해당 시즌 초반 논란됐던 스킵 동작까지 재연했다. 박정민은 올 시즌 롯데 마운드에서 허리 노릇을 든든하게 맡고 있다. 전반기 39경기에 등판해 34.1이닝을 던지며 5승 2패 1세이브 9세이브 평균자책점 4.46을 기록했다. 류한준 기자 hantaeng@mydaily.co.kr",https://v.daum.net/v/V9Wuj2b0Dy
2026.07.11 18:24,‘이럴 수가’ 곽빈 올스타전 1회도 못 채우고 강판 왜? '니가 좋아' ...,OSEN,"[OSEN=잠실, 이후광 기자] 곽빈(두산 베어스)은 왜 올스타전에서 1회도 채우지 못하고 마운드에서 내려갔을까. 드림 올스타 소속 곽빈은 11일 서울 잠실구장에서 열린 2026 신한 SOL KBO 올스타전에 선발 등판해 ⅔이닝 1피안타 1볼넷 2탈삼진 무실점을 기록했다. 영화 와일드씽 최성곤의 ‘니가 좋아’ 분장과 함께 등장한 곽빈은 선두타자 박민우를 헛스윙 삼진으로 잡고 산뜻하게 올스타전을 출발했다. 이어 박해민에게 좌전안타, 김도영에게 스트레이트 볼넷을 연달아 내주며 1, 2루 위기에 몰린 가운데 강백호를 헛스윙 삼진 처리, 아웃카운트 2개를 늘렸다. 이닝 종료를 눈앞에 둔 곽빈은 돌연 양창섭과 교체되며 1회를 채우지 못하고 경기를 마쳤다. 투구수는 20개. 부상이 아닌 걸로 보아 사전 투구수 제한이 있는 것으로 추정된다. 곽빈의 직구 최고 구속은 154km까지 측정됐다. 두산 베어스 토종 에이스인 곽빈은 전반기 17경기 8승 3패 평균자책점 2.60의 호투를 펼치며 탈삼진 1위(112개), 평균자책점 3위, 다승 공동 4위에 이름을 올렸다. 이에 힘입어 올스타전 베스트12 드림 올스타 선발투수 부문 팬투표 1위를 차지했다. /backlight@osen.co.kr",https://v.daum.net/v/BE9WQtZvWk
2026.07.11 18:22,'마지막 올스타전' 잠실구장 2만3750석 매진…5년 연속 만원 관중,뉴스1,"(서울=뉴스1) 권혁준 기자 = 마지막 올스타전을 치르는 서울 잠실구장이 야구팬들로 가득 찼다. 한국야구위원회(KBO)는 11일 서울 잠실구장에서 열리는 2026 신한 SOL KBO 올스타전 입장표 2만 3750장이 모두 팔렸다고 밝혔다. 올해 올스타전은 잠실구장의 철거 전 치르는 마지막 올스타전이라는 의미가 있다. 잠실구장은 올 시즌을 마지막으로 역사 속으로 사라진다. 올스타전이 열리는 11일 서울 날씨는 30도를 훌쩍 넘는 무더위로 들끓었지만, 야구팬들은 잠실구장의 마지막 올스타전을 함께 하기 위해 더위도 잊었다. 이날 매진으로 프로야구 올스타전은 2022년부터 5년 연속 만원 관중을 이뤘다. 앞서 2020년과 2021년엔 신종 코로나바이러스 감염증(코로나19) 여파로 올스타전이 열리지 않았고, 2019년 경남 창원에서 열린 올스타전엔 1만4268명이 들어와 매진되지 않았다. starburyny@news1.kr",https://v.daum.net/v/WdMZR0tWta
2026.07.11 18:19,"오랜 공백 끝에 돌아온 키움 안우진 ""전반기 점수는 50점…후반기에 남은...",스포츠투데이,"[잠실=스포츠투데이 강태구 기자] 오랜만에 올스타전에 모습을 드러낸 안우진이 자신의 전반기 성적을 50점이라고 평가했다. 안우진은 11일 서울 잠실야구장에서 열리는 2026 신한 SOL KBO리그 올스타전에서 투수 부문 감독 추천 선수로 발탁됐다. 본격적인 행사에 앞서 안우진은 취재진과 만나 인터뷰를 진행했다. 안우진은 ""오랜만에 나와도 반겨주시는 분들도 많고, 예전엔 선배님들이 많았다면 지금은 후배들도 생기고 해서 더 알아가는 시간이 될 것 같다""고 운을 뗐다. 안우진은 전반기 56이닝을 소화하면서 2승 5패, 평균자책점 3.70, 74탈삼진을 기록했다. 그는 ""부족한 점도 있었고, 배우는 부분도 있었다. 안 좋았던 부분을 수정하고 좋은 부분을 유지하면서 후반기에 임할 예정이다""라고 이야기했다. 이어 ""올해는 개인적인 성적보단 아프지 않는 것이 우선이다. 저뿐만 아니라 팀도 거기에 초점을 맞췄으면 좋다고 했었다. 일단 전반기 끝났는데 특별히 아픈 부분은 없었기 때문에 잘 하고 있는 것 같다""고 덧붙였다. 안우진은 자신의 전반기를 100점 만점 중에 50점으로 평가했다. 그는 ""일단 반밖에 안 지나서 그냥 50점으로 정했다. 큰 의미는 없다. 채울 부분도 많고, 저 스스로도 부족한 것도 많이 느꼈다""며 ""3년이라는 공백 시간이 어렵기도 했고, 좋은 방향으로 할 수 있게 준비를 하려고 한다""고 설명했다. 그러면서 ""저는 잘 했을 때도 항상 불만족하다. 스스로 안 좋은 점을 찾아서 좀 발전하려고 하다 보니까 항상 매 경기 만족하는 경기는 없는 것 같다""고 말했다. 오랜 기간 공백이 있었기에 시즌을 시작하기 전부터 안우진에 대한 우려의 말들은 많았다. 그는 ""수술을 처음 했을 땐 공을 제대로 던질 수 있을까 싶었는데, 그런 생각을 한 것 치고는 지금 공을 던지고 있으니까 그거에 감사해 하고 있다. 당연히 좋았던 기억을 저도 라고 있어서 되살려서 하려고 하고 있는데, 마음대로 안 되는 부분도 있고, 더 좋은 부분도 있는 것 같다. 점점 더 감을 찾아가겠다""고 돌아봤다. 키움은 외인 투수 한 명이 빠지면서 후반기에 선발진이 6명에서 5명으로 바뀔 예정이고, 그러다 보니 안우진 역시 많은 등판을 할 가능성이 높다. 이에 안우진은 ""일단 팀에서 재활에 신경 쓰라고 했고, 아프면 언제든지 말하라고 하는 상황이기 때문에 저뿐만 아니라 다른 선수들도 주 2회 등판은 잘 안 할 것으로 알고 있다""고 했다. 이번 올스타전은 잠실 야구장에서 열리는 마지막 올스타전이다. 안우진은 ""일단 데뷔하고 첫 선발 등판이 잠실이었다. 그때 김현수 선배님한테 홈런 2개를 맞았었던 기억이 있다. 그리고 나서 2022년도에 평균자책점 1위를 달성한 기억도 있다. 개인적으로 야구장도 워낙 투수한테 유리하기 때문에 마음 편하게 던질 수 있던 곳이다""라고 회상했다. 또 ""관중석이 꽉꽉 차면 더 멋있는 야구장이었다. 개인적으로 마지막이라서 아쉽지만, 더 좋은 시설에서 할 수 있게 준비를 해주시니까 기대하고 있다""고 말했다. [스포츠투데이 강태구 기자 sports@stoo.com]",https://v.daum.net/v/8g3HXcNdhD
2026.07.11 18:18,"'굿바이 잠실' KBO 올스타전, 무더위에도 5년 연속 매진",연합뉴스,"(서울=연합뉴스) 이대호 기자 = 프로야구 올스타전에 5년 연속 만원 관중이 찼다. 한국야구위원회(KBO) 사무국은 11일 ""오후 5시 28분 현재 2만3천750석이 모두 팔렸다""고 발표했다. 이날은 올해를 끝으로 허물고 돔구장으로 재탄생할 예정인 잠실구장의 고별 올스타전 무대다. 프로야구 올스타전 매진은 역대 5번째고, 2022년부터 올해까지 5년 연속 가득 찼다. 2020년과 2021년은 신종 코로나바이러스 감염증(코로나19) 때문에 올스타전이 열리지 않았고, 2019년 경남 창원에서 열린 창원NC파크 개장 기념 올스타전은 매진에 실패했다. 역대 올스타전 최다 관중은 잠실에서 열린 1984년 1차전으로 3만5천명이 입장했다. 잠실구장은 꾸준히 관중 친화적으로 관중석이 변모해 최대 입장 관중 숫자는 꾸준히 줄었다. 2032년 개장 예정인 잠실 돔구장(가칭)은 3만석 규모로 건설될 예정이다. 4bun@yna.co.kr (끝) ▶제보는 카톡 okjebo",https://v.daum.net/v/VtkzqSCE5I
2026.07.11 18:15,"“기분 나빴다면 미안, 정수빈 형 옆에 딱 붙어 있을 것”…‘올스타전 퍼...",MK스포츠,"“질문을 받고 답했을 뿐이지만 기분이 나빴다면 미안하다. 오늘은 (정)수빈이 형 옆에 딱 붙어 있어야겠다.” 구자욱(삼성 라이온즈)이 최근 온라인상에서 이슈가 된 올스타전 퍼포먼스 관련 발언에 대해 해명했다. 구자욱은 지난 9일 LG 트윈스와 전반기 마지막 경기를 마친 뒤 방송 인터뷰를 통해 올스타전에서도 진지하게 경기에 임하고 싶지만, 퍼포먼스에 치우치는 분위기가 다소 아쉽다는 취지로 말했다. 더불어 진행자가 최근 ‘갸루’ 컨셉트로 올스타 팬 투표를 홍보한 정수빈(두산 베어스)을 거론하자 구자욱은 “그렇게 뽑히셨으니까 그래도 하셔야 한다”고 답했는데, 이 발언이 정수빈을 겨냥한 것처럼 비춰지면서 일부 팬들의 비판을 받았다. 이에 11일 서울 잠실야구장에서 열린 2026 프로야구 KBO 올스타전 본 행사에 앞서 만난 구자욱은 “(정)수빈이 형과 만나 잘 이야기했다”며 “질문을 받고 답했을 뿐이지만 기분이 나빴다면 미안하다. 오늘은 수빈이 형 옆에 딱 붙어 있어야겠다”고 사과했다. 이를 들은 정수빈도 “(구)자욱이랑은 어릴 때부터 알고 지낸 친한 사이이다. 성격도 잘 안다”며 “제가 옆에서 함께 호응해 자욱이를 살려줘야 할 것 같다”고 웃었다. 그러면서 “모르는 사람이 그렇게 말했다면 기분이 나쁠 수 있지만, 자욱이와는 평소 장난도 많이 치고 식사도 자주 하는 사이다. 모두 이해한다”며 “자욱이도 이번 일에 놀랐고 앞으로 조심하겠다고 했다. 요즘은 말 한마디나 단어 하나도 크게 이슈가 될 수 있으니 이번 일을 계기로 더 조심할 것”이라고 전했다. [잠실(서울)=이한주 MK스포츠 기자] [ⓒ MK스포츠, 무단전재 및 재배포 금지]",https://v.daum.net/v/9c24VGyOMA
2026.07.11 18:08,"화제의 '빈이 좋아' 곽빈-'날봐 준순' 박준순 ""한번 사는 인생 망가져...",스포츠한국,"[잠실=스포츠한국 심규현 기자] 이번 2026 프로야구 올스타전에서 가장 많은 화제를 일으킨 구단은 단연 두산 베어스였을 것이다. 올스타에 이름을 올린 선수들이 하나같이 파격적인 분장을 하고 나왔기 때문. 그중에서도 두 선수가 유독 큰 관심을 받았다. 바로 두산 베어스 선발 곽빈과 2년차 내야수 박준순이었다. 이들은 마지막 잠실야구장 올스타전을 위해 이를 진행했다고 고백했다. KBO는 11일 오후 6시 서울 잠실야구장에서 2026 신한 SOL뱅크 KBO 올스타전을 개최한다. 이번 올스타전은 잠실 야구장에서 열리는 마지막 올스타전이다. 잠실 야구장은 올 시즌을 끝으로 철거된다. 잠실 야구장을 홈으로 쓰는 두산 선수들은 이번 올스타전 참가를 위해 만발의 준비에 나섰다. 곽빈은 올스타 투표 홍보 당시영화 '와일드 씽'에서 배우 오정세가 연기한 가수 최성곤을 패러디했다. 이를 본 팬들은 '빈이 좋아'로 화답했고 곽빈은 드림 올스타 선발투수 부문 베스트 12에 선정됐다. 박준순도 마찬가지였다. 그는 자신의 등장곡인 빅뱅 대성의 곡 '날 봐, 귀순'을 패러디했다. 그는 트로트 가수들이 자주 입는 의상을 착용하고 노래를 불렀고 드림 올스타 2루수 부문에 선정됐다. 먼저 곽빈은 이와 같은 퍼포먼스를 보여준 이유로 ""한 번 사는 인생 이렇게 망가져도 좋다고 생각했다. 그래도 마지막 잠실 야구장인 만큼 의미가 있기에 무리수를 던졌다. 그게 효과가 좋아 정말 다행""이라고 웃으며 말했다. 박준순은 ""저도 하다 보니 그렇게 됐는데 (곽)빈이 형이랑 마찬가지로 마지막 잠실야구장 올스타전인 만큼 나갔으면 좋겠다는 마음으로 했다""고 밝혔다. 곽빈은 전반기 17경기 8승3패 평균자책점 2.60의 호성적을 남겼다. 이대로라면 커리어 하이가 유력한 상황이다. 그는 전반기를 되돌아보며 ""시간이 정말 빨리 갔다. 그 뜻은 그래도 야구가 잘 됐다는 의미라고 본다. 후반기에도 시간이 잘 갔으면 좋겠다""고 밝혔다. 2년차지만 타율 0.336 OPS 0.956 11홈런 39타점으로 이제 두산에 없어서는 안 될 존재가 된 박준순은 ""전반기 처음에는 조금 안 풀리는 느낌이 있었으나 5월부터 야구가 잘 되고 팀도 상승하는 게 느껴졌다""고 전했다. 스포츠한국 심규현 기자 simtong96@sportshankook.co.kr",https://v.daum.net/v/37aquCsASS
2026.07.11 18:04,"'""야구 그만두고 싶었어요""…'리그 1위' 김도영이 홈런더비 예선 탈락?...",엑스포츠뉴스,"(엑스포츠뉴스 잠실, 유준상 기자) ""홈런더비에서 탈락하고 나서 야구를 그만둬야겠다는 말을 계속 했어요. 저는 (홈런더비와) 안 맞는 것 같아요."" KIA 타이거즈 내야수 김도영은 지난달 24일 발표된 2026 신한 SOL KBO 올스타전 베스트12 나눔 올스타 3루수 부문에 선정됐다. 팬 투표, 선수단 투표에서 천성호(LG 트윈스), 노시환(한화 이글스), 김휘집(NC 다이노스), 김웅빈(키움 히어로즈)을 큰 격차로 따돌리며 2024년, 지난해에 이어 3년 연속 베스트12 최종 명단에 이름을 올렸다. 김도영은 10일 올스타 프라이데이에 개최된 2026 KBO 올스타전 컴투스프로야구 홈런더비에 참가하기도 했다. 한국야구위원회(KBO) 공식 홈페이지, 애플리케이션에서 진행된 팬 투표에서 가장 많은 표를 받아 최다 득표자에 이름을 올렸다. 김도영이 홈런 부문 공동 1위로 전반기를 마친 만큼 팬들의 기대치도 높았다. 8명 가운데 가장 마지막으로 홈런더비에 나선 김도영은 초반 4연속 실패로 위기를 맞았다. 이후 홈런 2개를 때리는 데 그쳤고, 결국 결승 진출에 실패했다. 홈런더비는 강백호(한화)의 우승으로 마무리됐다. 11일 올스타전 팬 사인회 행사가 끝난 뒤 취재진과 만난 김도영은 ""당연히 아쉬웠다. 나름 홈런 1위 선수인데, 많은 홈런을 치지 못해서 아쉬웠다. 그래도 오늘 중요한 경기가 남아 있기 때문에 괜찮다고 생각했다""며 ""그냥 안 하고 싶다. 홈런더비에서 탈락하고 나서 야구를 그만둬야겠다는 말을 계속 했다. 나는 (홈런더비와) 안 맞는 것 같다""고 밝혔다. 원래 배팅볼 투수는 박찬호(두산 베어스)가 아닌 문현빈(한화)이었다는 게 김도영의 이야기다. 김도영은 ""어제 연습 때 (문)현빈이의 공을 쳐봤는데, 너무 안 좋더라. 그 다음에 (박)준순(두산)이 연습할 때 (박)찬호 형이 공을 던지는 걸 봤는데, '아, 찬호 형이 있었네'라고 생각했다""며 ""다시 생각해봤고, 찬호 형이 '그래도 쳐본 공이니까 한 번 쳐봐'라고 했는데, 아쉬운 결과가 나왔다""고 말했다. 이어 ""찬호 형이 던져준 공은 괜찮았는데, 그냥 내가 못 친 것""이라며 찬호 형은 나를 우승후보라고 생각하고 잘 던져주려고 했던 것""이라며 ""기대에 부응하지 못해서 죄송하기도 하고 아쉽기도 하다""고 덧붙였다. 공교롭게도 팀 동료 한준수(KIA)는 강백호의 배팅볼 투수로 홈런더비에 나왔고, 홈런더비 우승자의 배팅볼 투수에게 주어지는 '홈런 메이커상'을 받았다. 김도영은 ""(한)준수 형이 던지는 게 맞았던 것 같다. 그래도 팀 동료인데, 내가 못 믿었던 게 아쉬운 결과로 이어졌다""며 ""배팅볼 투수로 준수 형을 선택하지 않은 건 그래도 우리 팀 선수인데, 홈런더비까지 나가서 혹사하면 우리 팀 입장에서 손해다. 우리 팀 포수가 귀하니까 굳이 힘을 쓰게 하고 싶지 않았다""고 전했다. 결과와는 별개로 홈런더비 당시 김도영이 신은 신발도 큰 관심을 모았다. 이에 대해 김도영은 ""최근 중학생인 남자 팬이 신발을 제작해주는데, 감사하게도 잘 신고 있다. 센스 있고 예쁘게 잘 만들어준다. 부모님과 함께 야구장에 온다. 부끄러워서 말도 잘 못하고 편지만 주는 게 전부다. 항상 그 편지를 보면서 열심히 야구해야겠다고 생각한다""고 강조했다. 또 김도영은 ""아까 차를 타고 출근하는데, 더운 날씨임에도 불구하고 팬분들이 줄을 서 계시더라. 오늘 다시 한번 야구의 인기를 느낄 수 있었고, 더 잘해야겠다는 생각이 들었다""며 팬들에게 고마움을 표현했다. 사진=잠실, 김한준·박지영 기자 유준상 기자 junsang98@xportsnews.com",https://v.daum.net/v/5KciSnd8Zv
2026.07.11 18:04,"""과거 나 자신의 업적이 너무 크다""…2년 전 '배달의 마황'으로 올스타...",엑스포츠뉴스,"(엑스포츠뉴스 잠실, 양정웅 기자) 2년 전 올스타전에서 그야말로 모두를 뒤집어지게 했던 '마황' 황성빈(롯데 자이언츠). 올해의 목표는 남이 아닌 나 자신을 이기는 것이다. 황성빈은 지난달 29일 한국야구위원회(KBO)가 발표한 2026 신한 SOL KBO 올스타전 감독 추천선수 명단에서 드림 올스타 외야수 부문에 선정됐다. 올 시즌 전반기 황성빈은 66경기에 출전해 타율 0.289(239타수 69안타), 0홈런 20타점 38득점, 32도루, OPS 0.700의 성적을 거두고 있다. 4월 하순 부상으로 인해 고생했지만, 19경기에 결장했음에도 도루 부문에서는 2위 박민우(NC 다이노스, 26개)를 6개 차로 제치고 1위를 달리고 있다. 성공률 역시 84.2%로 높은 편이다. 황성빈은 이번이 2번째 올스타 선정이다. 앞서 지난 2024년 올스타전에서 기예르모 에레디아(SSG 랜더스)의 부상으로 인해 대체 선수로 뽑혔는데, 당시 그는 배달 스쿠터와 복장을 입고 나와 안타를 친 후 '배달 완료'라는 종이를 들고 나와 화제가 됐다. 모두를 웃음짓게 만든 퍼포먼스는 결국 모두에게 인정받았다. 황성빈은 당시 현장에서 실시간으로 진행된 팬 투표에서 무려 9만7447표를 획득했다. 득표율 51%로 영예의 베스트 퍼포먼스상을 손에 넣었다. 팀 동료 박정민은 당시 대학생이었는데, 가장 기억에 남는 올스타전으로 이때를 꼽았다. 그는 ""성빈이 형이 퍼포먼스로 이슈가 됐던 게 기억에 남는다""고 얘기했다. 올스타전 당일 취재진과 만난 황성빈은 ""준비하긴 했는데 너무 부담스럽다""며 ""과거의 나 자신이 이뤄놓은 업적이 너무 크다""며 농담을 던졌다. 이어 ""다른 선수들보다 더 잘한다기보다 과거의 자신에게 도전할 수 있을 정도를 노리려고 한다""고 말했다. 2년 전을 떠올린 황성빈은 ""그때는 마지막인 것처럼 다 쏟아부었다. 그때는 내가 쓸 수 있는 스토리도 있었다""며 ""올해는 잘 모르겠지만, 그저 팬분들이 즐거워하셨으면 좋겠다""는 바람을 전했다. 감독추천선수로 온 만큼 퍼포먼스를 보여줄 기회가 많지 않다. 황성빈은 ""이왕 하는데 상을 받으면 좋다. 그런데 선발로 못 나가면 앞에서 투표가 다 밀려버린다""고 아쉬워했다. 그러면서 ""방법을 생각 중인데 모르겠다""고 언급했다. 전반기를 돌아본 황성빈은 ""올스타 브레이크 전 최근 한 달 정도 우리 팀이 굉장히 승률도 좋았고, 실제로 팀 분위기도 많이 올라온 것 같다""며 ""후반기 시작했을 때 그 분위기를 좀 유지하고 싶다는 생각이 든다""고 밝혔다. 도루왕에 대해서는 ""아직 신경 쓸 부분이 아닌 것 같다""고 말한 황성빈은 ""출루를 많이 하고 싶다. 주자로 나가면 상대에 부담을 주고 싶다""는 목표를 전했다. 사진=잠실, 김한준 기자 / 엑스포츠뉴스 DB 양정웅 기자 orionbear@xportsnews.com",https://v.daum.net/v/K9Lui7pXtE
2026.07.11 18:03,"최형우 VS 강백호 4번 맞대결…마지막 잠실 올스타전, 선발 명단 공개 ...",MK스포츠,"마지막 잠실 프로야구 올스타전의 선발 라인업이 발표됐다. 11일 서울 잠실야구장에서는 2026 KBO 프로야구 올스타전이 열린다. 이번 올스타전은 삼성 라이온즈, 두산 베어스, KT위즈, SSG랜더스, 롯데 자이언츠로 꾸려진 드림 올스타와 KIA 타이거즈, LG 트윈스, 한화 이글스, NC 다이노스, 키움 히어로즈로 구성된 나눔 올스타의 맞대결로 펼쳐진다. 특히 이번 올스타전은 잠실에서 펼쳐지는 마지막 올스타전이라 더 의미가 있다. 프로야구 원년인 1982년 준공된 잠실야구장은 올 시즌을 끝으로 철거된다. 이후 2032년 3월 같은 자리에 3만석 규모의 돔구장이 들어설 예정이다. 일전의 시간이 점점 다가오는 가운데 드림 올스타는 투수 곽빈(두산)과 더불어 최원준(KT·우익수)-구자욱(삼성·좌익수)-최정(SSG·3루수)-최형우(삼성·지명타자)-르윈 디아즈(삼성·1루수)-양의지(두산·포수)-박준순(두산·2루수)-정수빈(두산·중견수)-박찬호(두산·유격수)로 구축된 선발 명단을 공개했다. 이에 맞서 나눔 올스타는 박민우(NC·2루수)-박해민(LG·중견수)-김도영(KIA·3루수)-강백호(한화·지명타자)-오스틴 딘(LG·1루수)-문현빈(한화·우익수)-김주원(NC·유격수)-허인서(한화·포수)-박재현(KIA·좌익수)이 타선에 이름을 올렸다. 선발투수는 아담 올러(KIA)다. 한편 마지막 잠실 올스타전 답게 시구 및 시포자들도 뜻 깊은 이들로 선정했다. 각각 두산, LG의 레전드 배터리인 박철순-김경문, 김용수-김동수가 출격한다. [잠실(서울)=이한주 MK스포츠 기자] [ⓒ MK스포츠, 무단전재 및 재배포 금지]",https://v.daum.net/v/1M2iE8V7LR
2026.07.11 17:49,'김도영-강백호-오스틴' 꿈의 중심타선 볼 수 있다!…드림·나눔 올스타 ...,엑스포츠뉴스,"(엑스포츠뉴스 잠실, 유준상 기자) 모든 준비는 끝났다. 이제 본경기만 남아 있다. 한국야구위원회(KBO)는 11일 오후 6시 서울 잠실야구장에서 열리는 2026 신한 SOL KBO리그 나눔 올스타와 드림 올스타의 올스타전을 앞두고 선발 라인업을 공개했다. 염경엽 LG 트윈스 감독이 이끄는 나눔 올스타는 박민우(NC 다이노스·2루수)~박해민(LG·중견수)~김도영(KIA 타이거즈·3루수)~강백호(한화 이글스·지명타자)~오스틴 딘(LG·1루수)~문현빈(한화·우익수)~김주원(NC·유격수)~허인서(한화·포수)~박재현(KIA·좌익수) 순으로 라인업을 구성했다. 가장 눈에 띄는 건 역시나 중심타선이다. 올 시즌 전반기 홈런 부문 공동 1위에 오른 김도영과 오스틴이 각각 3번, 5번에 배치됐다. 여기에 타점 부문 강백호가 4번타자로 나서는 점도 눈길을 끈다. 나눔 올스타 선발투수는 아담 올러(KIA)다. 올러는 올 시즌 16경기 99⅓이닝 9승 5패 평균자책점 2.36을 기록하고 있다. 지난해 감독 추천 선수로 올스타전 출전 명단에 이름을 올렸으나 부상으로 출전이 불발됐다. 이숭용 SSG 랜더스 감독이 이끄는 드림 올스타는 최원준(KT 위즈·우익수)~구자욱(삼성 라이온즈·좌익수)~최정(SSG·3루수)~최형우(삼성·지명타자)~르윈 디아즈(삼성·1루수)~양의지(두산·포수)~박준순(두산·2루수)~정수빈(두산·중견수)~박찬호(두산·유격수) 순으로 라인업을 구성했다. 타율 부문 1위로 전반기를 끝낸 최원준이 리드오프 중책을 맡는다. 여기에 KBO리그를 대표하는 '리빙 레전드' 최정이 3번, 최형우가 4번에 배치됐다. 올스타 팬 투표 1위의 영예를 안은 양의지는 6번타자 겸 포수로 선발 출전한다. 드림 올스타 선발투수는 곽빈이다. 곽빈은 전반기 17경기에서 97이닝 8승 3패 평균자책점 2.60으로 활약했다. 특히 탈삼진 112개를 기록하며 이 부문 1위를 달리고 있다. 전반기 마지막 등판이었던 8일 잠실 SSG전에서도 7이닝 1실점 호투를 펼치며 승리투수가 됐다. 한편 이날 오후 5시 28분 기준으로 입장권 2만3750장이 모두 판매되면서 올스타전은 2022년부터 5년 연속 매진을 이어갔다. 역대 25번째 올스타전 매진이다. 사진=잠실, 김한준·박지영 기자 유준상 기자 junsang98@xportsnews.com",https://v.daum.net/v/93ycdU3GtP
2026.07.11 17:47,"'MLB 78승' 류현진, '후배' 고우석 향한 조언 ""다치지 말고 즐기...",뉴스1,"(서울=뉴스1) 권혁준 기자 = 메이저리그 통산 78승에 빛나는 '베테랑' 류현진(39·한화 이글스)이 최근 빅리그 등판의 '꿈'을 이룬 후배 고우석(28·디트로이트 타이거스)에게 조언을 건넸다. 류현진은 11일 서울 잠실구장에서 열리는 2026 신한 SOL KBO 올스타전에 앞서 취재진과 만난 자리에서 고우석에 대한 질문에 답했다. 류현진은 2013년 메이저리그에 진출해 2023년까지 10년을 뛰며 통산 78승48패 1세이브 평균자책점 3.27을 기록했다. 류현진은 2024년 친정팀 한화 이글스로 돌아왔고, 류현진 이후 메이저리그 무대를 밟은 첫 한국인 투수가 고우석이다. 지난 2024년 미국 무대에 도전장을 내밀었던 그는 2년 반의 마이너리그 생활에도 꿈을 포기하지 않았고, 지난 10일 디트로이트에서 감격의 데뷔전을 치렀다. 류현진은 ""고우석 선수가 그 꿈만 바라보고 몇 년 동안 고생했다""면서 ""살아남기 위해 가진 무기가 있을 것이다. 이를 본인이 잘 알고 있을 것""이라고 밝혔다. 이어 ""조언을 해주기보다는 그저 다치지 않고 지금, 이 순간을 즐겼으면 한다""고 덧붙였다. 류현진은 전반기 8승2패 평균자책점 2.67로 팀의 마운드를 이끌었다. '전성기' 못지않은 기량이다. 그는 지난 5월24일 두산 베어스전에선 한-미 통산 200승을 달성했고, 한-미 통산 2500탈삼진에도 단 한 개만 남겨뒀다. 류현진은 ""기록적인 부분은 내가 하고 싶다고 할 수 있는 게 아니기 때문에 크게 신경 쓰지 않는다""면서 ""그저 내가 할 수 있는 역할만 생각하고 있다""고 했다. 이어 ""전반기엔 선발투수 역할을 잘 해낸 것 같아 만족스럽다""면서 ""이른 강판을 당하지 않고, 팀의 이길 수 있는 경기를 만들어낸 것으로도 마음에 든다""고 전반기를 긍정적으로 돌아봤다. 류현진은 후반기 목표에 대해서도 ""개인적인 건 하나도 없다. 그저 작년처럼 가을야구를 할 수 있게 후배들과 잘 준비하겠다""면서 팀 성적을 강조했다. starburyny@news1.kr",https://v.daum.net/v/uL6shJRfGZ
2026.07.11 17:46,"고난의 팔꿈치, 어깨 수술 후 돌아온 올스타전 ""던질 수 있을지도 몰라,...",스포츠조선,"[잠실=스포츠조선 김용 기자] ""던지는 것 자체에 감사하다."" 건강하게 돌아온 안우진(키움)이 올스타전 무대까지 선다. 안우진은 11일 잠실구장에서 열리는 올스타전에 감독 추천 선수로 나눔 올스타에 뽑혔다. 안우진에게는 감격의 올스타전 무대. 팔꿈치 수술 후 병역 의무를 마치고 돌아오려는 지난해, 자체 훈련 도중 넘어지며 어깨를 다쳤다. 충격의 오른쪽 어깨 수술. 이 고난의 과정을 이겨낸 안우진은 올시즌 개막 후 복귀했고 전반기 13경기를 소화하며 건재함을 과시했다. 성적은 2승5패에 그쳤지만 160km 가까운 그의 강력한 직구는 그대로 살아있었다. 안우진은 올스타전을 앞두고 ""일단 오랜만에 나왔는데 반겨주시는 분들이 많다. 전에는 선배님들이 많았다면, 지금은 후배들도 생겼다. 다 함께 알아가는 시간이 될 것 같다""고 참가 소감을 밝혔다. 안우진은 전반기에 대해 ""부족한 점도 있었고, 배우는 점도 있었다. 안 좋았던 걸 수정하고, 좋은 걸 유지하며 후반기에 임할 예정""이라고 말했다. 이어 전반기 자신이 주는 점수에 대해서는 ""50점이다. 부족한 것도 많고, 채워야 할 부분도 많다. 절반이 끝났으니, 절반 점수를 줬다""고 설명했다. 그래도 두 번의 큰 수술을 하고 돌아왔는데도 구위는 강력하다. 그것만으로도 의미가 있다. 안우진은 ""수술을 처음 했을 때는 공을 제대로 던질 수 있을까 걱정도 했다. 그런 생각을 한 것 치고는, 지금 공을 던지고 있다는 자체로 감사하다""며 ""항상 만족 없이 불만족이다. 잘 했을 때도 안 좋을 점들을 찾아 거기서 발전하려고 했다""고 강조했다. 안우진은 후반기에 대해 ""일단 아픈 곳 업없이 하고 있다는 게 중요하다. 초반에는 회복이 더디더라. 그래서 준비에 어려움을 겪었다. 후반기는 관리를 더 잘해 빨리 몸이 올라올 수 있도록 준비해야 할 것 같다. 팀에서 아직 재활에 신경쓰라는 말씀을 해주신다. 관리를 잘 해주시기 때문에 아픈 것 없이 시즌을 잘 끝냈으면 하는 바람""이라고 밝혔다. 잠실=김용 기자 awesome@sportschosun.com",https://v.daum.net/v/u65naKqF0h
2026.07.11 17:44,‘투수들의 천국’ 잠실서 마지막 축제…44년 역사 보내는 뭉클한 밤,MHN스포츠,"(MHN 황혜성 기자) 한국 프로야구의 수많은 명장면을 함께 했던 잠실야구장에서 마지막 별들의 축제가 펼쳐진다. 2026 신한 SOL KBO 올스타전이 11일 오후 6시 서울 잠실야구장에서 열린다. 올해 올스타전은 어느 때보다 특별하다. 1982년 문을 연 잠실야구장에서 개최되는 14번째이자 마지막 KBO 올스타전이기 때문이다. 잠실야구장은 올 시즌을 끝으로 프로야구 경기 개최를 마무리할 예정이다. 새 야구장 건립을 앞두고 한국 프로야구의 상징과도 같았던 공간에서 치르는 마지막 올스타전이라는 점에서 의미가 남다르다. KBO 역시 이번 올스타전의 주제를 ‘Re:잠실’로 정했다. 잠실종합운동장 일대에는 잠실야구장의 역사를 돌아보는 특별 전시와 팬 체험 공간이 마련됐다. 경기 종료 후에는 화려한 불꽃놀이가 잠실의 마지막 올스타전을 장식한다. 잠실야구장은 프로야구 원년인 1982년 7월 15일 공식 개장했다. 국내 최초의 본격적인 국제 규격 야구장으로 건설됐으며, 같은 해 열린 세계야구선수권대회에서는 한국 대표팀의 우승을 지켜봤다. 넓은 외야와 깊은 펜스 때문에 홈런이 쉽게 나오지 않는 잠실은 오랫동안 KBO리그를 대표하는 투수 친화 구장으로도 불렸다. 잠실에서 열린 첫 프로야구 경기는 1982년 8월 1일 MBC 청룡과 롯데 자이언츠의 맞대결이었다. 이후 MBC 청룡과 이를 계승한 LG 트윈스가 잠실을 홈구장으로 사용했다. OB 베어스도 1986년 잠실에 입성하면서 LG와 두산이 한 경기장을 함께 사용하는 ‘한 지붕 두 가족’의 역사가 시작됐다. 잠실은 한국 프로야구의 역사와 함께해 온 상징적인 야구장이다. LG와 두산의 잠실 라이벌전을 비롯해 수많은 포스트시즌과 한국시리즈 명승부가 이곳에서 펼쳐졌다. 국가대표팀의 국제대회부터 선수들의 은퇴 경기, 대기록이 탄생한 순간까지 한국 야구의 희로애락이 잠실 그라운드 위에 고스란히 쌓였다. 잠실야구장에서 처음 별들의 축제가 열린 것은 1983년이었다. 당시 잠실에서 열린 첫 올스타전에서는 동군이 서군을 5-1로 꺾었다. OB 베어스의 신경식은 7타수 3안타 1홈런으로 활약하며 최우수선수에 선정돼 잠실구장 최초의 ‘미스터 올스타’로 이름을 남겼다. 잠실에서 가장 최근 열린 올스타전은 2022년이었다. 코로나19 여파로 2020년과 2021년 대회가 열리지 못한 뒤 3년 만에 팬들과 함께한 올스타전이었다. 당시 경기는 연장 10회까지 이어진 끝에 나눔 올스타가 드림 올스타를 6-3으로 꺾었다. 2022년 올스타전은 한국 프로야구의 레전드 이대호가 선수로 참가한 마지막 올스타전이기도 했다. KBO는 경기 도중 이대호의 은퇴 투어를 시작하는 기념행사를 열었고, 양 팀 선수들과 팬들은 오랜 시간 리그를 대표했던 거포의 마지막 올스타 무대를 함께 축하했다. 이번 잠실 고별 무대에는 이곳을 홈구장으로 사용하는 LG와 두산 선수들도 대거 출전한다. 두산에서는 곽빈과 이영하, 양의지, 박준순, 박찬호, 정수빈이 베스트12에 선정됐다. 양의지는 역대 올스타 팬 투표 최다인 약 260만 표를 받으며 전체 1위에 올랐다. 데뷔 후 처음 올스타전에 출전하는 곽빈은 드림 올스타의 선발 투수로 마운드에 오른다. LG에서는 오스틴 딘과 박해민이 베스트12에 이름을 올렸고, 우강훈과 구본혁, 문성주, 송찬의가 감독 추천 선수로 합류했다. 두산과 LG에서 각각 6명씩, 총 12명의 잠실 홈팀 선수가 마지막 올스타전 무대를 밟는다. 경기의 시작을 알리는 시구 역시 잠실의 역사와 어울리는 인물들이 맡는다. 두산과 LG를 대표하는 레전드 배터리 박철순-김경문, 김용수-김동수가 합동 시구와 시포에 나선다. OB 베어스 출신 박철순과 MBC 청룡·LG에서 활약한 김용수가 나란히 공을 던지고, 현역 시절 이들과 호흡을 맞췄던 김경문 한화 감독과 김동수 서울고 감독이 포수 미트를 낀다. 1982년부터 한국 프로야구의 성장을 지켜본 잠실야구장은 이제 마지막 올스타전을 맞는다. 수많은 스타가 탄생하고 팬들의 환호와 눈물이 쌓였던 공간에서 현역 선수들과 과거의 전설들이 함께 마지막 축제를 준비한다. 2026년 올스타전은 한국 프로야구의 오랜 상징과 작별하는 특별한 밤으로 기억될 전망이다.",https://v.daum.net/v/yXeunzUZdf
2026.07.11 17:42,"‘자려고 누웠는데’ 밈 통했나…두산 양의지, 8년 만에 올스타 팬 투표 ...",서울경제,"프로야구 두산 베어스 포수 양의지(39)가 역대 최다 득표로 8년 만에 올스타 팬 투표 1위를 탈환했다. 양의지는 11일 서울 잠실야구장에서 열리는 ‘2026 신한 SOL뱅크 KBO 올스타전’을 앞두고 “프로야구가 흥행하는 시기에 팬 투표 1위를 차지해 영광”이라며 “팬 여러분께 진심으로 감사드린다”고 소감을 밝혔다. 올해 드림 올스타 포수 부문에서 260만 5510표를 얻은 그는 지난해 김서현(한화 이글스·178만 6837표)이 세운 역대 최다 득표 기록을 경신했다. 2018년에 이어 8년 만에 팬 투표 전체 1위에 오른 양의지는 이만수, 강민호에 이어 팬 투표 1위를 두 차례 이상 차지한 역대 세 번째 포수에 이름을 올렸다. 또한 통산 15번째 올스타에 선정되며 양준혁, 강민호와 함께 역대 최다 선정 공동 2위가 됐다. 1위는 16차례 뽑힌 김현수(kt wiz)다. 양의지는 “지난해에는 올스타전에 출전하지 못했는데 잠실에서 열리는 마지막 올스타전에 다시 참가하게 돼 기쁘다”고 말했다. 앞서 그는 팬 투표 홍보 과정에서 걸그룹 아이오아이(I.O.I)의 노래 가사를 개사한 밈(Meme)을 활용해 눈길을 끌었다. 양의지는 “요즘은 선수들도 자신을 적극적으로 알리는 시대”라며 “팬들께서 재미있게 봐주시고 야구장도 많이 찾아주셔서 좋다”고 했다. 이어 “우리도 후반기에 힘을 내 좋은 성적을 거두겠다”고 다짐했다. 두산과 LG 트윈스를 거친 김현수(kt wiz)는 잠실구장의 마지막 올스타전 출전을 기대했으나 드림 올스타 1루수 부문 2위에 그쳐 출전이 무산됐다. 양의지는 “얼마 전 김현수와 식사 자리에서 올스타전에 나가고 싶다는 이야기를 들었다”며 “명단에 없는 것을 본 뒤로는 연락하지 않았다. 지금쯤 열심히 아이를 돌보고 있을 것”이라며 농담을 건넸다. 두산에서 14시즌을 보낸 양의지는 잠실구장의 가장 소중한 기억으로 2015년 한국시리즈 우승을 꼽았다. 올 시즌 전반기 타율 0.253, 11홈런, 43타점을 기록한 그는 “잠실구장이 철거되기 전에 이곳에서 최대한 오래 가을야구를 하고 싶다”며 “지난해 9위에 그친 만큼 선수들 모두 후반기 반등을 목표로 하고 있다”고 덧붙였다. 박동휘 기자 slypdh@sedaily.com",https://v.daum.net/v/2nTehJRfvS
2026.07.11 17:42,“제 배팅볼은 100점 만점에 120점” 홈런 더비서 호투(?)한 NC ...,MK스포츠,"“제 배팅볼은 100점 만점에 120점을 주고 싶다(박민우).” “배팅볼은 너무 좋았다. 야구를 더 열심히 해야 할 것 같다(김주원).” 박민우가 홈런 더비서 자신의 배팅볼은 완벽했다고 주장했다. 타석에서 경험한 김주원(이상 NC 다이노스) 또한 인정했다. 박민우와 김주원은 10일 서울 잠실야구장에서 열린 2026 프로야구 KBO 올스타전 홈런더비에 참가했다. 박민우가 김주원을 위해 배팅볼 투수로 나섰다. 그러나 둘의 호흡은 좋지 않았다. 김주원은 단 2개의 타구만 담장 밖으로 날려보내며 결승 진출에 실패했다. 그러자 일부 팬들은 박민우의 배팅볼이 치기 어려웠다는 농담을 하기도 했다. 11일 올스타전 본 행사가 열리기 전 만난 박민우는 이에 대해 “편견이다. 제 배팅볼 진짜 좋다. 예전 (이호준) 감독님도 선수 생활 하실 때 제 것을 제일 좋아하셨다. 이번에 캠프에서도 종종 던져줬다. 어제 받아주시는 포수 분께도 여쭤봤다. 딱 홈런 칠 수 있는 코스로만 들어갔다”고 적극 항변했다. 이어 “(김)주원이가 어제 연습할 때 헛스윙 하더라. 틀렸다 싶었다(웃음). 주원이가 홈런 친 것도 100% 주원이 실력이지만, 어제 제 배팅볼은 100점 만점에 120점을 주고 싶다”고 배시시 웃었다. 이번 홈런 더비에서는 우승을 돕는 배팅볼 투수에게도 ‘홈런 메이커상’을 수여했다. 주인공은 강백호(한화 이글스)의 우승에 힘을 보탠 한준수(KIA 타이거즈)였다. 박민우는 “어제 몸 풀 때 (홈런 더비 출전하는) 8명에게 제가 다 던지면 어찌 됐든 내가 상을 받는 것이 아닐까하는 생각이 들었다. 다 던져주고 싶었는데, 친다는 사람이 없더라. (강)백호가 마지막까지 고민하긴 했는데, 친다 하는 사람이 없었다”고 씁쓸한 표정을 지었다. 한편 김주원은 홈런 더비 결과에 대해 “좀 많이 부끄러웠다. 재미있긴 했는데, 너무 못해 아쉬웠다”며 박민우의 배팅볼이 어렵지 않았냐는 질문에는 “절대 아니다. 배팅볼은 너무 좋았다. 제가 못 쳤다. 야구를 더 열심히 해야 할 것 같다. (다음에는) 잘해야 한다”고 전했다. 김주원은 지난해 올스타전 홈런 더비에서 팀 동료 김형준의 배팅볼 투수로 나선 바 있다. 하지만 당시 둘의 호흡도 좋지 않았다. 김형준은 4홈런에 그쳤으며, 김주원으로부터 사구를 맞기도 했다. 김주원은 “(김형준 형이 SNS에 장난스럽게 올린 글을) 봤다. (김)형준이 형이 그럴 거면 내가 나갔지 하더라”라며 “쉽지 않다고 공감도 해줬다”고 고개를 끄덕였다. [잠실(서울)=이한주 MK스포츠 기자] [ⓒ MK스포츠, 무단전재 및 재배포 금지]",https://v.daum.net/v/6WTw3mDgnT
2026.07.11 17:41,"올스타전 레전드 뜬다! '박철순-김경문, 김용수-김동수' 합동 시구-시포...",스타뉴스,"[스타뉴스 | 김우종 기자] 오늘(11일) 잠실야구장에서 개최되는 2026 신한 SOL KBO 올스타전에서는 잠실야구장에서의 마지막 올스타전을 기념해 특별한 시구 행사가 열린다. 잠실야구장을 상징하는 두산 박철순과 LG 김용수가 영구결번의 주인공으로서 함께 마운드에 오른다. 여기에 당시 호흡을 맞췄던 김경문 한화 감독과 김동수 서울고등학교 감독이 포수 미트를 잡아 과거의 영광을 재현한다. 이날만큼은 잠실 라이벌 두 팀이 하나가 돼 시구-시포를 진행하며 잠실야구장에서 쌓아온 소중한 기억을 함께 나눈다. 박철순은 OB의 창단 멤버이자 구단을 상징하는 에이스 투수였다. 프로야구 원년인 1982년, 팀의 우승을 이끌며 정규시즌 MVP를 차지했다. 특히 당시 기록한 '단일 시즌 22연승'은 KBO 리그 역사상 전무후무한 기록으로 남아 있다. 여러 차례의 부상을 극복하고 1995년 팀의 두 번째 우승을 견인하며 '불사조'라는 별칭을 얻었으며, 이러한 공로를 인정받아 그의 등번호 21번은 구단 영구결번으로 지정됐다. 김용수는 MBC-LG를 거친 구단 대표 프랜차이즈 투수였다. KBO 리그 최초로 '100승-200세이브'를 달성했으며, LG 선수 중 최초로 영구결번의 영예를 안았다. 통산 3차례 세이브왕을 차지한 그는 선발과 마무리를 오가며 1990년과 1994년 LG의 우승을 견인했고 두 차례 모두 한국시리즈 MVP를 석권했다. 꾸준함의 대명사인 '노송'이라는 별칭과 함께 오랜 시간 잠실 마운드를 지켜온 투수로 LG 팬들의 많은 사랑을 받았다. 김경문은 OB의 창단 멤버로서 투수 박철순과 호흡을 맞추며 1982년 KBO 리그 원년 우승에 핵심적인 역할을 했다. 선수 은퇴 후에는 두산, NC 사령탑을 거쳐 현재 한화 감독으로 현장을 지키고 있다. 특히 2008년 베이징 올림픽 국가대표팀 감독으로서 '9전 전승 금메달'이라는 신화를 쓰며 한국 야구의 위상을 높였다. 풍부한 경험과 리더십을 바탕으로 지난 시즌 한화의 한국시리즈 진출을 주도하는 등 여전히 탁월한 지도력을 발휘하고 있다. 김동수는 LG를 상징하는 역대 최고의 포수 중 한 명으로, 1990년대 팀의 전성기를 이끌며 두 차례의 우승(1990, 1994년)을 일궈냈다. 1990년 신인왕 수상을 시작으로 통산 7차례 포수 부문 골든글러브를 차지하며 독보적인 커리어를 쌓았다. 특히 넓은 잠실야구장을 홈으로 사용하면서도 통산 202홈런을 기록할 만큼 장타력을 겸비했으며, 투수 김용수와 함께 LG의 황금기를 이끈 주역으로 평가받는다. 현재는 모교인 서울고등학교 야구부 감독을 맡아 차세대 야구 인재 육성에 힘쓰고 있다. 이번 올스타전 애국가는 대한민국 대표 보컬리스트이자 'R&B의 요정' 가수 박정현이 맡는다. 독보적인 가창력과 깊은 감성으로 대중의 큰 사랑을 받아온 박정현은 지난 2011년 잠실 올스타전 이후 15년 만에 다시 올스타전 무대에서 애국가를 제창해 그 의미를 더한다. 뛰어난 가창력과 풍부한 성량을 가진 박정현의 애국가 제창에 이어서 대한민국 공군 특수비행팀 '블랙이글스'가 하늘을 가르는 에어쇼를 펼치며 2026 신한 SOL KBO 올스타전의 화려한 시작을 알릴 예정이다. 김우종 기자 woodybell@mtstarnews.com",https://v.daum.net/v/F3YfE8V7yF
2026.07.11 17:40,"두산 정수빈, 구자욱 '퍼포먼스 발언'에 ""잘 아는 사이…이해해""",연합뉴스,"(서울=연합뉴스) 김동한 기자 = 프로야구 두산 베어스 정수빈(35)이 올스타전 퍼포먼스에 대한 구자욱(33·삼성 라이온즈)의 발언을 두고 ""개인적으로는 크게 문제 될 게 없다""고 밝혔다. 정수빈은 11일 서울 잠실야구장에서 열리는 2026 신한 SOL뱅크 KBO 올스타전을 앞두고 ""(구)자욱이랑은 어릴 때부터 알고 지낸 친한 사이이고, 성격도 잘 안다""며 ""제가 옆에서 함께 호응해 자욱이를 살려줘야 할 것 같다""고 웃었다. 구자욱은 지난 9일 LG 트윈스와 전반기 마지막 경기를 마친 뒤 방송 인터뷰에서 올스타전에서도 진지하게 경기에 임하고 싶지만, 퍼포먼스에 치우치는 분위기가 다소 아쉽다는 취지로 말했다. 진행자가 최근 '갸루' 콘셉트로 올스타 팬 투표를 홍보한 정수빈을 거론하자 구자욱은 ""그렇게 뽑히셨으니까 그래도 하셔야 한다""고 답했는데, 이 발언이 정수빈을 겨냥한 것처럼 비치면서 일부 팬들의 비판을 받았다. 정수빈은 ""모르는 사람이 그렇게 말했다면 기분이 나쁠 수 있지만, 자욱이와는 평소 장난도 많이 치고 식사도 자주 하는 사이다. 모두 이해한다""며 ""자욱이도 이번 일에 놀랐고 앞으로 조심하겠다고 했다. 요즘은 말 한마디나 단어 하나도 크게 이슈가 될 수 있으니 이번 일을 계기로 더 조심할 것""이라고 했다. 구자욱도 이날 취재진과 만나 ""(정)수빈이형과 만나서 잘 이야기했다""며 ""질문을 받고 답했을 뿐이지만 기분이 나빴다면 미안하다. 오늘은 수빈이형 옆에 딱 붙어 있어야겠다""고 사과했다. '잠실 아이돌'로 불리는 정수빈은 17년간 몸담은 잠실구장에 대해 각별한 추억이 많다. 그는 ""처음 잠실구장 잔디를 밟았던 순간이 가장 생각난다""며 ""올 시즌 마지막으로 잔디를 밟는 순간도 오랫동안 기억하고 싶다""고 했다. 전날 퓨처스 올스타전에서는 KIA 타이거즈 엄준현이 '갸루' 화장과 파라파라 춤을 선보여 베스트 퍼포먼스상을 받았다. 이에 '갸루 콘셉트를 뺏긴 게 아니냐'는 질문이 나오자 정수빈은 ""엄준현이 정말 잘했다. 춤은 내가 더 못 추는 것 같지만 오늘 열심히 해보겠다""고 웃으면서 말했다. moved@yna.co.kr (끝) ▶제보는 카톡 okjebo",https://v.daum.net/v/ucnzoB71tU
2026.07.11 17:40,"“이제 야구 그만둬야겠다” 김도영, 홈런더비 2홈런 부진에 대실망…왜 홈...",OSEN,"[OSEN=잠실, 길준영 기자] 프로야구 KIA 타이거즈 김도영(23)이 홈런더비에서 부진한 타격을 한 것을 크게 아쉬워했다. 김도영은 11일 서울 잠실구장에서 열린 ‘2026 신한 SOL KBO 올스타전’ 사전 인터뷰에서 “야구장에 오는데 날씨가 엄청 더운데도 불구하고 팬들 줄이 엄청 길게 서있었다. 그래서 오늘 다시 한 번 야구의 인기를 느낄 수 있었다. 더 잘해야겠다는 생각도 들었다”고 올스타전에 온 소감을 밝혔다. 김도영은 올 시즌 86경기 타율 2할9푼8리(315타수 94안타) 27홈런 74타점 69득점 5도루 OPS 1.010을 기록하며 만족스럽게 전반기를 마무리했다. 리그 홈런 공동 1위, 타점 4위, OPS 3위에 올랐다. 이러한 활약에 힘입어 나눔 올스타에 선발된 김도영은 지난 10일 열린 홈런더비에도 참가했다. 그렇지만 예선에서 홈런 2개를 치는데 그치며 결선 진출에 실패했다. “어제 홈런더비는 아쉬웠다”고 말한 김도영은 “지금 홈런 공동 1위를 기록중인 선수인데 홈런을 많이 치지 못해서 아쉽다. 오늘 중요한 경기가 있으니까 오늘 경기에 집중하겠다”고 지난 홈런더비를 돌아봤다. 김도영은 지난 시즌까지 같은 팀 동료였던 박찬호(두산)에게 배팅볼 투수를 부탁했다. 그렇지만 정작 우승은 현재 같은 팀 동료인 한준수(KIA)가 배팅볼 투수를 해준 강백호가(한화)가 차지했다. 강백호는 예선 7홈런, 결선 7홈런을 기록했고 서든데스 끝에 오태곤(SSG)을 꺾고 우승을 차지했다. “(박)찬호형 공은 정말 괜찮았다. 내가 못친거다”라고 말한 김도영은 “찬호형은 정말 내가 우승후보라고 생각해서 잘 던져주려고 한 것 같다. 그런데 그 기대에 부응하지 못해 죄송하다”고 말했다. 원래 다른 선수에게 배팅볼 투수를 부탁하려고 했던 김도영은 “어제 연습하려고 (문)현빈이 공을 쳐봤는데 너무 안좋더라. 찬호형이 (박)준순이 연습을 해주려고 왔다가 나도 또 한 번 쳐보라고 했다. 그래도 한 번 쳐 본 공이니까 한 번 더 해봤는데 결과가 아쉽다”면서 “(한)준수형이 제일 맞았던 것 같다. 그래도 우리 팀 선수인데 믿지 못한게 아쉬운 결과로 이어졌다”며 아쉬워했다. “이제는 그냥 안 하고 싶다”고 말한 김도영은 “어제 실패를 하고 나서 홈런더비 뿐만 아니라 야구를 안 하고 싶어졌다. 그래서 그냥 그만둬야겠다는 말을 계속 했다. 홈런은 나랑 맞지 않는 것 같다. 의식하면 힘만 들어가고 자세만 망가진다. 후반기에는 홈런을 신경쓰지 않고 야구를 하겠다”며 웃었다. /fpdlsl72556@osen.co.kr",https://v.daum.net/v/73YDKySrhQ
2026.07.11 17:36,"'8년 만에 팬 투표 1위' 양의지 ""마지막 잠실서 최대한 오래 야구할 ...",뉴스1,"(서울=뉴스1) 서장원 기자 = 8년 만에 올스타 팬 투표 1위를 차지한 두산 베어스 '안방마님' 양의지가 ""야구가 흥행하고 있는 시기에 1위를 해서 영광스럽다""는 소감을 전했다. 양의지는 11일 서울 잠실 구장에서 열린 2026 KBO 올스타전에 앞서 취재진과 만나 이같이 말했다. 양의지는 올스타 팬 투표에서 260만5510표를 받았다. 지난해 한화 이글스의 김서현이 기록한 178만6837표를 훌쩍 넘어 역대 최다 신기록을 세웠다. 통산 15번째 올스타에 선정된 양의지는 삼성 양준혁(은퇴), 강민호(이상 15회)와 함께 이 부문 공동 2위에 올랐다. 최다 출전 1위는 KT의 김현수(16회)다. 양의지는 ""작년에는 올스타전에 출전하지 못했는데, 잠실에서 열리는 마지막 올스타전에 다시 참가하게 돼 더 기쁘다""고 말했다. 양의지는 올스타 팬 투표 홍보 영상에서 걸그룹 아이오아이의 노래 '갑자기' 가사를 '자려고 누웠는데 양의지'로 바꾼 밈을 활용해 팬들의 열띤 호응을 받았다. 그는 ""이제는 자기 홍보를 열심히 해야 하는 시대다. 팬들도 재밌게 봐주시고 야구장에서 더 많이 찾아와주셔서 좋다""며 웃었다. 공교롭게도 자신의 밈이 유행이 된 시점부터 성적이 상승곡선을 그린 양의지는 ""저도 좋은 영향을 받았지만, 아이오아이도 음원 차트에서 1위를 했더라. 너무 축하드린다""며 ""후반기에 힘내서 좋은 성적을 내겠다""고 다짐했다. 양의지는 마지막 잠실 구장 올스타전에 두산과 LG에서 뛰었던 김현수(KT 위즈)가 불참한 것에 아쉬운 마음을 드러냈다. 김현수는 올스타 팬 투표에서 1루수 부문 2위에 그쳐 출전이 불발됐다. 그는 ""얼마 전에 식사 자리에서 현수가 올스타전에 나가고 싶어 했는데 안 나오더라. 그 뒤로 연락 안 했다""라면서 ""지금 열심히 육아하고 있을 것""이라고 웃으며 말했다. 끝으로 양의지는 ""잠실 구장이 철거되기 전에 여기서 오래 야구하고 싶다""며 ""작년에 9위에 그쳤지만 올해는 후반기에 분발해서 최대한 오래 야구할 것""이라고 후반기 각오를 다졌다. superpower@news1.kr",https://v.daum.net/v/x0SjuCsAtH
2026.07.11 17:36,"LG가 마지막에 웃었다!…삼성 제치고 '썸머레이스' 우승 ""팬분들이 더 ...",엑스포츠뉴스,"(엑스포츠뉴스 잠실, 유준상 기자) LG 트윈스가 올스타전 사전 행사 '썸머레이스'에서 우승을 차지했다. LG(우강훈, 구본혁, LG팬 김민석 씨, 김하진 씨, 마스코트 럭키)는 11일 서울 잠실야구장에서 열린 2026 KBO 올스타전 신한 슈퍼SOL 썸머레이스 결승에서 삼성 라이온즈(이승민, 양창섭, 삼성팬 넬슨 조던 씨, 이경민 씨, 마스코트 블레오)를 제치고 우승 트로피를 들어올렸다. 썸머레이스는 전체 6개 구간(자전거, 공 굴리기, 오뚝이 허들, 아슬아슬 스푼, 점핑볼 바통, 깃발뽑기)의 장애물 코스를 통과하는 릴레이 경기 형식이다. 구단별 올스타 선수 2명, 사전 공모를 통해 선정된 성인 남녀 참가자 2명, 구단 마스코트가 한 팀을 이뤄 참가했다. 앞서 다섯 번의 레이스에서는 2019년 이정후·샌즈(키움 히어로즈), 2022년 서진용·박성한(SSG 랜더스), 2023년 김민석·김원중(롯데 자이언츠), 2024년 정보근·황성빈(롯데)과 박지환·문승원(SSG), 2025년 이호성·배찬승(삼성)이 한 팀을 이루어 우승을 차지했다. 올해는 잠실야구장을 홈구장으로 사용하는 LG와 두산 베어스 두 팀에 부전승 혜택이 주어졌다. 또한 경기 참여 기회가 확대됐다. 기존에는 준준결승 승리 팀 한 팀만 준결승에 올랐는데, 올해는 준준결승 참가 4개 팀 가운데 상위 2개 팀까지 준결승 진출 자격을 부여했다. KT 위즈, SSG, 삼성, 롯데가 참가한 준준결승 1경기에서는 삼성과 롯데가 준결승 티켓을 거머쥐었다. 이어 펼쳐진 준준결승 2경기에서는 KIA 타이거즈, 키움 히어로즈, NC 다이노스, 한화 이글스 네 팀 가운데 KIA와 키움이 준결승에 올랐다. 삼성과 롯데 그리고 부전승 혜택을 받은 두산이 준결승 1경기를 치른 가운데, 삼성이 가장 먼저 레이스를 끝내면서 결승행 티켓을 따냈다. 준결승 2경기에서는 LG가 KIA, 키움을 제치고 결승에 진출했다. 결승에 오른 삼성과 LG는 치열한 승부를 펼쳤다. 마지막에 웃은 팀은 LG였다. 마지막 주자로 나선 여성 팬 김하진 씨가 깃발을 뽑으며 경기에 마침표를 찍었다. 우승 팀인 LG는 상금 350만원을 받게 됐다. 경기 후 우강훈은 ""팬분들과 함께하는데, 그래도 팬분들이 열심히 하시는데 우리도 (열심히) 하지 않을 수 없어서 더 잘하려고 노력했다. 우승은 생각하지도 못했는데, 기분이 좋다""며 ""(구)본혁이 형, 나보다 팬분들이 더 잘하셨다. 팬들과 같이 할 수 있어서 많이 좋아해 주셨다""고 소감을 밝혔다. 전반기 동안 선두 경쟁을 펼친 LG와 삼성이 썸머레이스 결승에서 만난 점도 흥미롭다. 구본혁은 ""어쩌다 보니 (썸머레이스) 마지막에 삼성과 경기하게 돼 나도 더 재밌었다""며 미소 지었다. 한편 썸머레이스를 끝으로 올스타전 사전 행사는 모두 마무리됐다. 올스타전 본경기는 오후 6시부터 진행된다. 사진=잠실, 김한준·박지영 기자 유준상 기자 junsang98@xportsnews.com",https://v.daum.net/v/1r4C8ZGh18
2026.07.11 17:35,"류현진이 돌아본 잠실야구장…""모든 투수들이 좋아하는 곳, 나도 그 중 하...",스포츠투데이,"[잠실=스포츠투데이 강태구 기자] 한화 이글스의 좌완 투수 류현진이 잠실 야구장에서 열리는 마지막 올스타전에 모습을 드러냈다. 류현진은 11일 서울 잠실야구장에서 열리는 2026 신한 SOL KBO리그 올스타전에서 투수 부문 감독 추천선수로 발탁됐다. 본격적인 행사에 앞서 류현진은 취재진과 만나 인터뷰를 진행했다. 류현진은 ""너무 기쁘게 생각하고, 오늘 하루 팬분들과 즐길 수 있는 시간 가질 수 있도록 하겠다""고 소감을 전했다. 만약 오늘 류현진이 등판해 승리 투수가 된다면 지난 2024년 자신이 세운 올스타전 최고령 승리(37세 3개월 11일) 기록을 39세 3개월 16일의 나이로 갈아치우게 된다. 이러한 기록이 자신의 프라이드가 될 수 있냐는 질문에 류현진은 ""전혀 아니다. 그냥 열심히 즐길 수 있도록 하겠다""며 덤덤한 모습을 보였다. 류현진은 전반기 막판에 등판이 예정되어 있었으나 한 게임이 취소되면서 뒤로 밀려 등판하지 못하게 됐다. 그는 ""자연스럽게 그렇게 된 것 같다. 감독님이랑 코치님께서 충분한 기간을 주신 것 같고, 그거에 맞게끔 후반기에 체력 떨어지지 않게 잘 준비해야 할 것 같다""고 설명했다. 류현진은 현재 87.2이닝을 소화하면서 8승(공동 4위) 2패, 평균자책점 2.67(4위)로 전반기 동안 팀의 에이스 역할을 해냈다. 그는 ""선발 투수로 할 수 있는 역할을 한 것 같아서 개인적으로 만족스럽다. 다른 부분은 없고, 팀이 이길 수 있는 경기 만들어주고, 선발 투수가 할 수 있는 역할을 한 부분이 전반기에 가장 만족스러운 부분 같다""고 이야기했다. 이어 ""후반기에도 개인 기록보다는 팀이 작년처럼 또 가을 야구에 갈 수 있으면 좋을 것 같다. 그렇게 할 수 있도록 선수들하고 준비를 잘 해야 될 것 같다""고 덧붙였다. 류현진은 통산 2500탈삼진까지 단 1개를 남겨둔 채 전반기를 마쳤다. 그는 ""의미는 전혀 없다. 기록적인 부분은 뭐 하고 싶다고 할 수 있는 게 아니기 때문에 전혀 신경 안 쓰고 있다. 제가 할 수 있는 역할만 생각하고 준비하고 있다""고 강조했다. 올스타전은 다른 팀 선수들하고 같이 뛰는 이벤트 경기다. 류현진 역시 대선배로서 다른 팀의 새로운 얼굴들과 함께 합을 맞춰볼 시간이기도 하다. 그는 ""선수들이랑 같이 하면서 그 선수를 알아갈 수 있는 시간인 것 같다. 또 친해질 수 있는 계기가 되는 것 같고, 선후배로서 그런 시간을 만들어 줄 수 있는 시간이 올스타전 인 것 같다""고 했다. 눈여겨 보고 있는 투수들이 있냐는 잘문엔 ""따로 없다. 좋은 투수들은 지금도 많다. 많이 있는데, 그 선수들이 자기들이 가지고 있는 걸 가지고 충분히 하다 보면 더 좋은 성적이 있을 것 같다""고 말했다. 최근 미네소타 트윈스에서 메이저리그(MLB) 데뷔에 성공한 고우석을 본 메이저리그 선배 류현진은 ""조언보다는 그 선수가 그곳만 바라보고 몇 년 동안 고생을 했기 때문에 본인이 더 잘 알고 절실할 것이라고 생각한다. 거기서 살아남기 위해 본인이 가지고 있는 무기가 있을 거라고 생각이 들어서 다치지 말고 즐겼으면 좋겠다""고 전했다. 이번 올스타전은 잠실에서 열리는 마지막 올스타전이다. 류현진은 ""특별한 건 없다. 잠실 야구장이라고 하면 모든 구단 투수들이 좋아하는 야구장이고, 저도 그 중 하나인 것 같다""고 돌아봤다. [스포츠투데이 강태구 기자 sports@stoo.com]",https://v.daum.net/v/Y6fA7hOcSE
2026.07.11 17:35,“투수 보고 죽으라는 건 아니지만”…잠실 왜 이렇게 커요? 디아즈의 이유...,스포츠서울,"[스포츠서울 | 잠실=이소영 기자] “왜 이렇게 큰 야구장을 지었는지 모르겠어요.” 잠실 마지막 별들의 축제. 2026 올스타전에 드림팀으로 출전하는 삼성 르윈 디아즈(30)가 거침없는 입담을 뽐냈다. 그는 “투수들 보고 죽으라는 뜻은 아니지만 정말 크다”며 “내가 만약 설계자였다면 타자들에게 유리한 구장으로 설계했을 것”이라고 너스레를 떨었다. 디아즈는 11일 잠실구장에서 열리는 2026 KBO리그 올스타전 드림팀 1루수로 선발 출전한다. 지난해 홈런더비에서 우승을 차지한 데 이어 올해 역시 팬·선수단 투표에서 높은 지지를 받으며 2년 연속 베스트 12에 이름을 올렸다. 지난시즌 디아즈는 그야말로 최고의 한 해를 보냈다. 144경기 전 경기에 출전해 타율 0.314, 173안타(50홈런) 158타점, OPS(출루율+장타율) 1.025로 리그를 지배했다. KBO리그 최초로 50홈런· 150타점을 기록하며 새 역사도 썼다. 올해는 85경기에서 타율 0.295로 다소 주춤하지만, 리그 최고의 외국인 타자라는 데엔 이견이 없다. 2년 연속 별들의 축제에 나서는 만큼 의미도 남다르다. 경기 전 취재진과 만난 디아즈는 “자랑스럽다”면서도 “지난해엔 워낙 성적이 좋아서 축하받을 줄 알았지만, 올해는 조금 다르기 때문에 이렇게 많이 축하해 주실 줄 몰랐다. 정말 감사드린다”고 소감을 밝혔다. 이번 홈런더비엔 출전하지 않았다. 전날 LG 오스틴 딘이 허리 불편함으로 결장하면서 디아즈에게도 기회가 돌아갔지만 고사했다. 디아즈는 “전혀 아쉽지 않다”며 “전날 옆에서 관람했는데 오히려 하루 정도 쉴 수 있는 계기가 된 것 같아 긍정적으로 생각하고 있다”고 말했다. 올시즌을 끝으로 잠실구장은 역사의 뒤안길로 사라진다. 그는 “애초 왜 이렇게 크게 지었는지 모르겠다”며 “만약 내가 설계하는 사람이었다면 타자들에게 좀 더 유리하게 지었을 것이다. 그 정도로 큰 구장”이라고 웃었다. 이어 “투수 보고 죽으라는 말은 아니”라며 “야구팬들도 점수 나는 걸 보고 싶어 찾는 것이지 않나. 다음 구장은 어떤 모습일지 기대된다”고 덧붙였다. sshong@sportsseoul.com",https://v.daum.net/v/qDbA7hOchY
2026.07.11 17:33,"구자욱 ""기분 나쁘셨다면 죄송""-정수빈 ""문제 될 것 없다""…갑작스러운 ...",스포티비뉴스,"[스포티비뉴스=잠실, 최원영 기자] 사건이 일단락됐다. 삼성 라이온즈 외야수 구자욱(33)은 지난 10일 갑자기, 뜬금없이 논란의 중심에 섰다. 11일 서울 잠실야구장에서 2026 신한 SOL KBO 올스타전을 앞두고 취재진과 만난 구자욱은 솔직한 속마음을 들려줬다. 구자욱은 지난 7일 대구 삼성라이온즈파크에서 열린 LG 트윈스와의 홈경기에서 9-2로 승리한 뒤 중계방송사와 인터뷰에 임했다. 인터뷰 도중 아나운서가 ""드림 올스타 베스트12 선정을 축하한다. 반응을 보니 '딱히 최소한의 노력도 안 하고 얼굴로 밀어붙여서 베스트12 선정됐다'고 하더라. 외야수 부문의 정수빈(두산 베어스)이 '파라파라'를 춘 것 때문에 그런 듯하다""고 질문했다. 구자욱은 ""아, 그런 노력은 사실 중요하다고 생각하지 않는다. 경기장에서 보여줘야 하는 게 아닌가. 성적으로 가야 하는 게 아닌가 그렇게 생각한다""고 답했다. 이어 아나운서가 ""작년에 아이돌 분장을 해 이슈가 됐다. 올해는 팬들을 위해 어떤 퍼포먼스나 노력을 할 것인가""라고 물었다. 구자욱은 ""퍼포먼스에 있어서 하나 드리고 싶은 말씀이 있다. 사실 저희는 제대로 된 경기를 하고 싶다. 너무 장난 같다는 생각이 좀 들었다""며 ""난 고민 중이다. 정말 전력으로 하고 싶은데 분장이라는 게 너무 장난이 아닌가 라는 생각을 한 번 해봤다""고 소신껏 이야기했다. 아나운서가 ""그럼 정수빈이 너무 슬퍼할 것 같다""고 하자 구자욱은 ""그렇게 뽑히셨으니까 그렇게 하세요""라고 말했다. 이후 지난 10일 일부 팬들이 이 인터뷰를 문제 삼으면서 구자욱이 도마 위에 올랐다. 11일 잠실서 만난 구자욱은 ""그냥 열심히 해보고 싶은 것이다. (퍼포먼스를 하면) 뭔가 집중이 안 되고 흐름이 끊기는 것 같다. 나 혼자만의 생각이다""며 ""당연히 팬분들이 좋아하시는 퍼포먼스도 있겠지만, 또 다른 시각에서 다른 팬분들은 열심히 경기하는 걸 원하실 수도 있다. 개인적으론 퍼포먼스는 많이 했으니 열심히 하는 경기도 재밌지 않을까 라는 생각이 많이 들었다""고 전했다. 정수빈을 찾아가 대화도 나눴다. 구자욱은 ""(정)수빈이 형과 조금 전 만나 이야기했다. 사적으로 매일 보는 사이다""며 ""질문 자체가 '그러면 뭐 정수빈 선수는 뭐가 돼요?'라고 하니 '그냥 그렇게'라고 말한 것뿐이다. 기분 나쁘셨다면 죄송하다. 수빈이 형과 만나 잘 이야기했다""고 밝혔다. 이어 ""오늘(11일)은 수빈이 형 옆에 딱 붙어 있어야 할 것 같다""고 덧붙였다. 정수빈의 생각은 어떨까. 그는 ""나도 어젯밤에 무슨 일이 생겼나 했다. (구)자욱이와는 아주 어릴 때부터 아는 사이였고 친하기도 하다. 자욱이의 성격도 잘 안다""며 ""난 크게 문제될 게 없었다. 어떤 면에선 안 좋게 보일 수도 있다는 걸 자욱이도 인지하고 있었다. 다음부턴 조심할 것이다. 내 입장에선 크게 문제될 건 없었다""고 설명했다. 정수빈은 ""자욱이도 깜짝 놀라서 다음부터 조심하겠다고 했다. 요즘 시대에는 그런 언행이나 단어 하나가 크게 이슈가 된다. 이런 계기로 인해 다음엔 조심할 듯하다""며 ""나도 만약 모르는 사람이 그렇게 이야기했다면 기분이 안 좋았을 수 있겠지만, 자욱이와는 서로 장난도 많이 치고 잘 아는 사이다. 가끔 밥도 같이 먹는다. 장난치는 게 하루이틀도 아니라 다 이해한다""고 고개를 끄덕였다. 구자욱이 올스타전 내내 옆에 붙어있을 거라고 했다고 전하자 정수빈은 ""우리 자욱이를 살리려면 나도 옆에서 같이 호응해야 할 것 같다""며 웃음을 터트렸다. <저작권자 ⓒ SPOTV NEWS. 무단전재 및 재배포 금지>",https://v.daum.net/v/QDdEBvhDSj
2026.07.11 17:32,“(문)현빈이 공 쳐봤는데 너무 안 좋더라…홈런더비? 야구를 안 하고 싶...,마이데일리,"[마이데일리 = 잠실 김진성 기자] “(문)현빈이 공 쳐봤는데 너무 안 좋더라.” 10일 서울 잠실구장에서 열린 올스타 홈런더비의 최대 이변은 전반기 홈런 1위, 김도영(23, KIA 타이거즈)의 2홈런 예선탈락이었다. 김도영은 8명의 참가자 중 가장 적은 2홈런으로 꼴찌를 차지하며 결승 진출에 실패했다. 그런 김도영은 9일 부산 롯데 자이언츠전을 마치고 문현빈(22, 한화 이글스)을 배팅볼 투수로 삼기로 했다고 털어놨다. 그러나 막상 홈런더비서 박찬호(31, 두산 베어스)를 택해 놀라움을 안겼다. 결과적으로 김도영은 팀 동료 한준수(27, KIA 타이거즈)를 못 믿은 셈이었다. 한준수는 강백호(27, 한화 이글스)의 홈런더비 우승의 조력자 노릇을 톡톡히 했다. 김도영은 11일 올스타전을 앞두고 변명(?)의 시간을 가졌다. 폭소가 터졌다. 그는 “어제 연습을 하려고 현빈이 공을 쳐봤는데 너무 안 좋더라고요. 그래서 다음에 찬호 형이 (박)준순(20, 두산 베어스)이 연습을 시켜주는 걸 보고 ‘어? 찬호 형이 있었네’ 하고 다시 생각을 해보게 됐다”라고 했다. 박찬호도 기꺼이 김도영에게 공을 던져주겠다고 해서 김도영의 홈런더비 배팅볼 투수가 문현빈에서 박찬호로 바뀌었다. 그런데 이게 웬걸. 두 사람은 환장(?)의 케미를 자랑했다. 공 1~2개를 던질 때마다 계속 대화를 나눴다. 안 맞았던 모양이다. 그래도 김도영은 작년까지 한 팀에서 모신 선배를 감쌌다. “공은 괜찮았는데 내가 그냥 놓친 것이었다. 찬호 형은 날 정말 우승후보라고 생각하고 잘 던져주려고 했다. 그런데 그 기대에 부응하지 못해 죄송스럽고 아쉽다”라고 했다. 결과적으로 김도영은 한준수와 호흡을 맞춰야 했다. 이 말이 나오자마자 김도영도 맞장구를 치며 폭소를 유발했다. “그러니까요. 준수형이 제일 잘 맞았던 것 같아요. 그게 맞는 판단이었던 것 같다. 그래도 같은 팀 선수인데 내가 잘 못 믿었던 게 좀 아쉬웠던 결과다”라고 했다. 물론 김도영도 한준수를 택하지 않은 나름의 이유가 있었다. “그래도 우리팀인데 거기까지 나가서 혹시하면 팀에 손해니까..또 지금 우리팀 포수가 귀하거든요(김태군은 햄스트링 부상). 그래서 굳이 힘 안 쓰게 하고 싶었습니다”라고 했다. 아울러 김도영은 폭탄선언을 했다. “그냥 앞으로는 홈런더비는 안 하고 싶어요. 홈런더비가 아니라 어제 실패하고 야구를 안 하고 싶었다. 그냥 그만둬야 되겠다는 말을 계속 했는데 나랑 안 맞는 것 같다. 의식해서 힘만 들어가고, 자세만 망가지는 것 같아서…별로 이제 욕심 없습니다”라고 했다.",https://v.daum.net/v/qQipcf9UIV
2026.07.11 17:32,"박민우의 소신 발언 ""홈런 더비, 홈런 못 치는 선수들 나와야 재미""",뉴스1,"(서울=뉴스1) 권혁준 기자 = 박민우(33·NC 다이노스)가 올스타전 홈런 더비에 대한 소신 발언을 했다. 홈런이 많은 '거포'보다 콘택트 위주의 '똑딱이' 선수들이 나서면 더 큰 재미를 줄 수 있을 것이란 생각이다. 박민우는 11일 서울 잠실구장에서 열리는 2026 신한 SOL KBO 올스타전을 앞두고 취재진과 만나 자신의 생각을 밝혔다. 박민우는 ""홈런 잘 치는 사람들이 홈런레이스에 나오면 재미없다""면서 ""저를 비롯해 박해민(LG), 김지찬(삼성), 정준재(SSG), 황성빈(롯데), 정현창(KIA) 같은, 콘택트에 집중하는 선수들끼리 해야 재밌다""고 했다. 그는 ""작년 이맘때도 비슷한 이야기를 했지만 반영은 안 됐다""면서 ""다만 잠실이나 고척 같은 큰 구장에서 할 땐 예외""라며 웃었다. 박민우 스스로도 어느 정도 홈런에 자신감이 있다. 그는 ""많은 분들이 가진 편견인데, 나도 마음먹고 홈런에 집중하면 한 시즌 두 자릿수는 칠 수 있다""면서 ""내가 대전구장 몬스터월을 넘겼을 때 이슈가 되는 걸 보고 오히려 내가 놀랐다""고 말했다. 이어 ""타율을 어느 정도 포기해야 홈런 개수가 나올 수 있다""면서 ""현재는 홈런 욕심은 없고, 그저 한 시즌 '0개'만 아니면 된다는 생각을 갖고 있다. 홈런보다는 안타와 출루에 집중하고 있다. 무엇보다 '영양가'가 중요하다""고 덧붙였다. 박민우는 전날 열린 홈런 더비에선 소속팀 후배 김주원의 배팅볼 파트너로 함께 했는데, 김주원은 2홈런에 그쳤다. 박민우는 배팅볼에 대한 자부심도 드러냈다. 그는 ""어제 배팅볼은 100점 만점에 120점을 줄 수 있을 정도로 완벽했다""면서 ""(김)주원이가 연습 때 헛스윙하는 거 보고 틀렸다고 생각했다. 즉 어제 2홈런은 100% 주원이의 실력""이라며 웃었다. 전반기를 마친 그는 ""팀 성적이 좀 더 위였으면 좋았겠다는 아쉬움은 있다""면서 ""어쨌든 닥친 상황에 맞게 최선을 다해야 한다. 후반기에 따라갈 수 있는 힘은 만들어놓은 것 같기 때문에 기대하고 있다""고 말했다. starburyny@news1.kr",https://v.daum.net/v/5qXNUImjtZ
2026.07.11 17:31,"'홈런더비 굴욕' 김도영 ""망치고 야구 그만두고 싶었다"" 폭소",연합뉴스,"(서울=연합뉴스) 이대호 기자 = 11일 서울 잠실구장에서 열리는 KBO 올스타전에 출전하기 위해 출근하던 김도영(KIA 타이거즈)은 무더위에도 야구장을 빙 둘러싼 팬들의 줄을 창밖으로 봤다. 올스타전 경기를 앞두고 만난 김도영은 ""새삼 야구 인기를 실감했다. 더 잘해야겠다""며 다시금 팬 사랑을 느꼈다. 김도영은 야구 실력만큼이나 걸출한 입담도 뽐냈다. 전반기에만 27개의 아치를 그리며 리그 공동 1위를 달린 그지만, 정작 전날 열린 올스타 홈런 더비에서는 2개만 치고 예선 탈락했다. 김도영은 ""어제 홈런더비 망치고 야구를 안 하고 싶었다. 그냥 그만둬야겠다는 말을 계속했다""며 특유의 넉살로 주변을 폭소케 했다. 배팅볼 투수로 나섰던 선배 박찬호(두산 베어스)에 대해서는 ""형은 정말 잘 던져줬는데 내가 못 친 거다. 기대에 부응하지 못해 죄송하다""며 웃어 보였다. 정작 같은 팀 선배인 한준수는 강백호(한화 이글스)의 배팅볼 투수로 나서서 완벽한 호흡으로 강백호의 우승을 이끌었다. 김도영은 ""준수 형에게 부탁하는 게 옳은 판단이었던 것 같다""고 씁쓸하게 인정하면서도 ""그래도 우리 팀 귀한 포수인데, 올스타전에서까지 혹사하면 우리 팀 손해 아닌가. 굳이 힘을 안 쓰게 하고 싶었다""며 능청스럽게 말했다. 이어 ""나랑 홈런은 안 맞는 것 같다. 의식하니까 힘만 들어가고 자세가 망가지더라. 후반기에는 홈런 욕심을 버리고 출루에 집중하겠다""고 쿨하게 선언했다. 팬을 향한 애틋한 마음도 잊지 않았다. 김도영은 팬이 선물한 개인 맞춤형 신발을 신고 전날 홈런더비를 소화했고, 이날 경기에도 나선다. 그는 ""부모님과 항상 함께 오시는 중학생 남자 팬이 있는데, 부끄러워 말도 잘 못하면서 항상 응원 편지를 주신다. 그걸 볼 때마다 '이런 팬이 있구나' 싶어 야구를 열심히 해야겠다고 다짐한다""며 진심 어린 감사를 전했다. 올해를 마지막으로 역사 속으로 사라지는 잠실구장에 얽힌 낭만적인 에피소드도 공개했다. 기억을 더듬은 김도영은 ""신인 시절 잠실에 올 때 유니폼을 안 챙겨 온 적이 있다. 결국 관중석에 올라가서 팬분께 유니폼을 빌려 입고 뛰었다""며 ""다행히 그날 야구를 잘해서 나중에 광주에서 그 팬분께 사인해 드렸던 기억이 난다""고 떠올렸다. 4bun@yna.co.kr (끝) ▶제보는 카톡 okjebo",https://v.daum.net/v/78szhJRfGx
2026.07.11 17:31,3년만의 올스타전 안우진 “잠실서 선발 데뷔전 치렀는데..마지막이라 아쉬...,뉴스엔,"[잠실=뉴스엔 안형준 기자] 안우진이 3년만의 올스타전 소감을 전했다. 별들의 축제 '2026 신한 SOL 뱅크 KBO 올스타전'이 7월 11일 서울 잠실구장에서 열린다. 이번 올스타전은 올시즌을 끝으로 사라지는 잠실 야구장에서 열리는 마지막 올스타전이다. 키움 에이스 안우진은 통산 3번째 올스타에 선정됐다. 2022-2023시즌 연속으로 올스타에 선정된 안우진은 3년만에 다시 올스타전에 나선다. 안우진은 ""오랜만에 나왔는데 반겨주시는 분들이 많다. 예전에는 선배님들이 많았는데 이제는 후배들도 좀 생긴 것 같다. 더 알아가는 시간이 될 것 같다""고 올스타전 출전 소감을 전했다. 부상 복귀 시즌을 치르고 있는 안우진이다. 전반기 13경기에 등판해 56이닝을 투구하며 2승 5패, 평균자책점 3.70을 기록했다. 안우진은 ""전반기 부족한 점이 있었고 배우는 부분도 있었다. 수정할 것을 수정하고 좋은 것은 유지하며 후반기를 치를 예정이다""며 ""전반기에는 50점을 주고 싶다. 후반기에 나머지 반을 채우고 싶다""고 전반기를 돌아봤다. 50점을 준 것에 대해서는 ""시즌을 반 밖에 치르지 않았으니 채울 부분도 많다. 스스로 부족한 부분을 많이 느꼈다. 3년이라는 공백이 놀랄만큼 어렵게 느껴지기도 했다. 그래서 또 방법을 찾고 좋은 방향으로 갈 수 있도록 준비하고 있다. 사실 점수에 큰 의미는 없다""고 언급했다. 지난해 군복무를 마친 안우진은 부상으로 복귀가 올해로 미뤄졌다. 안우진은 ""올해는 개인적인 성적같은 것보다는 아프지 않는 것에 초점을 두고 있다. 나도 그렇고 팀에서도 그렇게 하면 좋겠다고 했다. 전반기가 끝났는데 특별히 아픈 부분이 없는 만큼 잘하고 있는 것 같다""고 말했다. 늘 더 나아지기 위해 노력하고 있는 안우진이다. 안우진은 ""항상 불만족하는 것 같다. 잘했을 때도 스스로 안좋은 점을 찾아 고치고 발전하려 했다. 그러다보니 매 경기 만족하는 경기는 없었던 것 같다""고 말했다. 다만 부상 회복에 대한 점은 만족 중. 안우진은 ""사실 처음 수술했을 때는 공을 제대로 던질 수 있을까 싶었는데 그런 생각까지 한 것 치고는 지금 그래도 공을 잘 던지고 있으니 감사하고 있다""고 웃었다. 아직 부상 전의 강력했던 모습을 완전히 되찾지는 못했다. 안우진은 ""좋았던 기억이 있으니 그걸 되살려서 해보려고 하는데 안되는 부분도 있다. 물론 더 좋아진 부분도 있다""며 ""초반에는 회복이 더뎌서 등판 사이 준비에 어려움도 있었다. 그래서 가볍게 캐치볼만 하고 등판을 하는 경우도 있었다. 그런 부분이 힘들었는데 후반기에는 더 잘 관리해서 몸상태가 더 올라올 수 있도록 준비해야 할 것 같다""고 말했다. 공백이 길었고 부상 복귀 시즌이기도 한 만큼 무리는 하지 않겠다는 입장. 어쩌면 올시즌까지는 안우진이 주 2회 등판하는 모습은 보기 어려울 수도 있다. 안우진은 ""팀에서도 아직은 재활에 신경쓰고 무리는 하지 말라고 하고 있다. 구단에서 잘 관리를 해주시는 만큼 아프지 않게 잘 시즌을 끝내고 싶다""고 언급했다. 잠실구장에서의 마지막 올스타전. 안우진에게 잠실은 어떤 곳이었을까. 안우진은 ""데뷔 첫 선발등판이 잠실이었고 그 때 김현수 선배에게 홈런 2개를 맞았다. 2022년에는 잠실에서 평균자책점 1위에 오르기도 했다""며 ""잠실은 워낙 투수에게 유리한 구장이라 마음 편하게 던질 수 있는 곳이었고 관중석을 꽉 채운 것이 멋있는 곳이기도 했다. 마지막이라니 개인적으로 아쉽다. 하지만 더 좋은 시설에서 야구를 할 수 있도록 하기 위함이니 기대하고 있다""고 말했다.(사진=안우진) 뉴스엔 안형준 markaj@ 기사제보 및 보도자료 newsen@newsen.com copyrightⓒ 뉴스엔. 무단전재 & 재배포 금지",https://v.daum.net/v/9vcLzlIkWY
2026.07.11 17:30,전반기 최고의 성적→올스타전 출전까지…롯데 김진욱 “올스타전 처음해서 설...,스포츠경향,롯데 김진욱이 첫 올스타전에 출전한 소감을 전했다. 김진욱은 11일 잠실구장에서 열린 KBO 올스타전을 앞두고 “처음하다보니까 설레는 마음이 제일 컸다”고 전했다. 김진욱은 감독 추천 선수로 올스타전 출전 명단에 이름을 올렸다. 2021년 프로 데뷔 후 처음이다. 퍼포먼스도 보여줄 계획이다. 그는 “올스타전에 간다고 했을 때부터 생각을 많이 했다”라고 전했다. 그러면서 “아마도 이따가 눈에 띄게 보일 것 같다”라며 예고했다. 하지만 퍼포먼스 상에 대해서는 큰 욕심을 내지 않았다. 김진욱은 “경쟁자가 너무 많다. 투구를 할 수 있을지는 모르겠는데 경기에 나가는 사람들이 좀 더 유리하지 않을까라는 생각이 들어서 어려울 것 같다”고 자신을 낮췄다. 롯데는 올스타전 퍼포먼스 상의 수상 이력이 많은 팀이기도 하다. 김진욱은 “황성빈 형이 있다. 성빈이 형이 많은 걸 준비했다고 이야기를 들었다. 성빈이 형에게 넘기는게 맞는 것 같다”며 웃었다. 김진욱은 잠실구장에 대한 추억에 대해 “프로 데뷔하기 전에 잠실이 근처다보니까 많이 보러 왔던 기억이 있다. 그래서 느낌이 다르다”라고 했다. 이어 “데뷔하고 난 뒤에는 잠실에서 LG와 할 때 강한 기억이 있다. 잠실에 오면 야구장도 크고 마음이 편해진다”라고 전했다. 잠실 | 김하진 기자 hjkim@kyunghyang.com,https://v.daum.net/v/qPsvnzUZUy
2026.07.11 17:26,"'파격 분장'했던 곽빈 ""한번 사는 인생 망가져도 된다 생각→효과 있어서...",스타뉴스,"[스타뉴스 | 잠실=박수진 기자] 두산 베어스의 '토종 에이스'이자 '파이어볼러' 곽빈(27)이 올스타 팬 투표를 위해 선보인 역대급 파격 분장에 대한 솔직한 속내를 털어놨다. 곽빈은 11일 서울 잠실구장에서 열리는 2026 KBO 올스타전에 앞서 팬 사인회를 마치고 취재진과 만난 자리에서 팬들을 폭소케 했던 자신의 퍼포먼스 비하인드를 전했다. 이번 올스타전에서 곽빈은 가수로 변신해 솔로 앨범 콘셉트를 패러디한 단발머리 가발과 아련한 눈빛의 'BEEN LOVE 곽빈 솔로 47집' 포스터를 그대로 재현, 야구 커뮤니티와 SNS를 매우 뜨겁게 달궜다. 이에 대해 곽빈은 ""한번 사는 인생, 이렇게 망가져도 좋다고 생각했다""라며 유쾌하게 웃어 보였다. 그는 ""팬투표로 잠실에서 열리는 올스타전에 드림 올스타 선발 투수로 나설 수 있게 해주신 팬분들께 정말 감사하다""며 ""마지막 잠실 올스타전인 만큼 의미가 커서 구단과 함께 다소 무리수가 아닐까 싶을 정도로 준비해 봤는데, 다행히 반응이 좋고 효과가 있었던 것 같아 뿌듯하다""고 전했다. 실제로 곽빈의 '아련 폭발' 단발머리 비주얼은 야구팬들은 물론 동료 선수들 사이에서도 최고의 화제를 모았고 곽빈은 드림 올스타 선발 투수 최다 득표 주인공이 됐다. 이번 시즌 17경기에 나서 8승 3패 평균자책점 2.60의 뛰어난 성적으로 전반기 두산의 선발 마운드를 든든하게 지탱한 곽빈은 ""시간이 정말 빠르게 지나간 전반기였다. 야구가 잘 풀렸고 팀이 이기는 재미를 느꼈기 때문인 것 같다""며 만족감을 표하기도 했다. 이날 올스타전을 앞둔 몸 상태에 대해서는 ""사실 100% 회복된 상태는 아니라 올스타전 무대에서는 경기 자체보다 팬분들께 즐거움을 드리는 퍼포먼스 위주로 가볍게 던지려고 한다""고 덧붙였다. 잠실=박수진 기자 bestsujin@mtstarnews.com",https://v.daum.net/v/BiJisMPKW3
2026.07.11 17:24,"1년만에 퓨처스→1군 올스타로… 허인서 ""전반기 타격은 만점, 수비는 아...",스포츠한국,"[잠실=스포츠한국 심규현 기자] 정확히 1년 전, 한화 이글스 허인서는 퓨처스 올스타전에 참가했다. 그리고 1년이 흘러 허인서는 이제 나눔 올스타 포수 부문 베스트 12에 선정, 생애 첫 1군 올스타에 참가하는 영광을 안았다. 허인서는 자신의 전반기 활약에 대해 ""타격은 만점, 수비는 아직""이라고 평가했다. KBO는 11일 오후 6시 서울 잠실야구장에서 2026 신한 SOL뱅크 KBO 올스타전을 개최한다. 허인서는 이번 올스타 팬투표에서 167만7179표로 1위, 선수단 투표에서도 유효 투표수 394표 중 181표로 1위를 차지, 총점 37.41로 나눔 올스타 베스트 12에 선정됐다. 1990년 유승안 이후 한화 소속으로는 36년 만에 올스타 베스트. 이유가 있다. 올해 한화의 안방을 차지한 허인서는 올해 타율 0.292 OPS(출루율+장타율) 0.864 12홈런 45타점의 눈부신 활약을 펼쳤다. 한화는 허인서의 등장과 강백호의 영입으로 그 어느 때보다 막강한 타선을 구축할 수 있었다. 1년 만에 완벽히 다른 위상으로 올스타전에 참가한 허인서는 ""팬들과 선수들이 뽑아줘 더 뜻깊다. 그리고 항상 올스타전 때가 제 생일이었는데 이번에는 1군 올스타 때 제 생일을 맞이해 기쁘다""고 말했다. 허인서의 생일은 7월11일이다. 그러면서 ""이렇게 빨리 1군 올스타에 올거라고 생각하지 못했다. 늘 퓨처스 올스타전 시합을 하고 있으면 선배님들이 와 홈런 더비를 준비하고 있었다. '한 번은 나가고 싶다'고 생각했는데 첫 풀타임 시즌에 올 수 있어 기쁘다""고 참가 소감을 밝혔다. 허인서는 처음 참가한 홈런더비에서도 홈런 7개를 치는 괴력을 뽐냈다. 오태곤, 강백호와 공동 1위였지만 비거리에서 밀려 결승 진출에는 실패했다. 허인서는 ""홈런을 많이 쳐 저도 놀랐다. 사실 하면 할수록 기대감이 생겼는데 비거리에 밀려 아쉬웠다. 그래도 (강)백호 형이 우승한 것에 만족한다""고 담담히 전했다. 뜨거웠던 전반기에 대해선 ""타격에서는 만점을 줄 수 있을 것 같은데 수비에서 조금 기대에 미치지 못했다고 생각한다. 후반기에는 타격도 타격이지만 수비에 조금 더 집중해 팀이 높은 곳에 올라갈 수 있도록 노력하겠다""고 각오를 전했다. 2022년에 데뷔했지만 2025년까지 누적 타석 수가 적어 신인왕 자격을 갖고 있는 허인서는 현재 유력한 신인왕 후보 중 한 명이다. 그는 ""아직 60경기가 남았고 그 60경기 안에서 누가 잘할지도 모른다. 시즌이 끝난 후 팀이 높은 곳에 올라가고 좋은 성적을 거뒀을 때 신인왕을 받으면 더 기쁠 것 같다""고 전했다. 스포츠한국 심규현 기자 simtong96@sportshankook.co.kr",https://v.daum.net/v/3o2glie4Cr
2026.07.11 17:23,3년 만에 올스타전 다시 선 키움 안우진 “전반기? 아프지 않다는 것에 ...,세계일보,"[잠실=남정훈 기자] “예전엔 선배님들이 대부분이었는데, 이젠 후배들도 많이 생기니 신기하네요” ‘건강하기만 하면’ 국가대표 1선발감이라 불리는 안우진이 오랜만에 KBO 올스타전 나들이에 나섰다. 2022~2023년 2년 연속 올스타전에 참가했던 안우진은 3년 만에 다시 올스타전을 찾았다. 3년 사이에 많은 일들이 있었다. 군 복무를 마쳤고, 부상으로 복귀가 미뤄지기도 했다. 올 시즌에도 빠르게 마운드에 돌아오지 못할 것이란 예상이 많았지만, 4월12일 롯데전을 통해 3년여 만에 1군 마운드에 다시 섰다. 전반기 기록은 13경기 56이닝 2승5패 평균자책점 3.70. 여전히 160km 육박하는 포심 패스트볼과 주무기 슬라이더를 앞세운 위력적인 피칭으로 이닝당 1개가 훨씬 넘는 74개의 삼진을 솎아냈지만, 0.231의 피안타율과 3.70의 평균자책점은 예전의 안우진과 비교했을 때 높은 수치다. 3루 더그아웃에서 만난 안우진은 전반기를 돌아보며 “부족한 점도 있었고, 배운 부분도 있었다. 좋지 않았던 부분은 수정하고, 좋았던 점은 유지하면서 후반기에 임할 예정이다”라고 짧게 총평을 내렸다. 이어 “전반기 점수를 주자면 절반이 끝났으니 상징적으로 50점을 주고 싶다”라면서 “부상 복귀 시즌이니 개인적인 성적보다는 아프지 않다는 것에 만족한다. 저뿐만 아니라 팀에서도 그 부분에 초점을 맞추고 있다. 전반기를 마쳤는데도 아프거나 그런 부분이 없다. 그러니 잘 하고 있다고 보면 될 것 같다”라고 덧붙였다. 수치적인 면이 다소 아쉽긴 해도 안우진의 구위는 여전한 모습이다. 구위에 대한 만족도를 묻자 “저야 항상 불만족이죠. 제가 잘 했을 때도 항상 스스로 안 좋은 점을 찾아서 더 발전하려고 했었다. 저는 언제나 제게 불만족스럽다”라면서도 “수술 처음 했을 땐 공을 제대로 던질 수나 있을까 싶었는데, 그런 생각을 한 것 치고는 공을 던지고 있으니 그저 감사할 따름이다”라고 설명했다. 프로야구와 역사를 함께 해온 잠실구장은 올해를 끝으로 문을 닫는다. 안우진에게도 잠실구장은 뜻깊은 곳이다. 그는 “데뷔 첫 선발 등판이 잠실이었다. 그때 김현수 선배에게 홈런 2개를 맞았었다. 그리고 2022년에는 평균자책점 1위를 잠실에서 달성했다. 워낙 투수에게 유리한 구장이라 마음이 편했던 곳이다. 마지막이라고 하니 아쉽지만, 더 좋은 시설을 짓기 위한 이별이니 기대하고 있다”라고 설명했다. 잠실 돔구장은 2032년에 문을 열 예정이다. 그때는 안우진이 KBO리그가 아닌 더 큰 무대에서 뛰고 있을 가능성이 높다. ‘새로운 잠실이 생겼을 때는 다른 곳에 있지 않을까요?’라고 묻자 안우진은 “아직은 많이 남아서 잘 모르겠습니다”라고 웃었다. 잠실=남정훈 기자 che@segye.com",https://v.daum.net/v/96sWqSCEoC
2026.07.11 17:21,'KBO 역대급 중심타선 완성' 김도영→강백호→오스틴이 한 팀이라니…올스...,스포티비뉴스,"[스포티비뉴스=잠실, 윤욱재 기자] 김도영(KIA), 강백호(한화), 그리고 오스틴 딘(LG)이 한 팀이라니. KBO 역대급 최강 중심타선이 완성됐다. 나눔 올스타는 11일 서울 잠실구장에서 열리는 2026 신한 SOL뱅크 KBO 올스타전에 나설 선발 라인업을 확정했다. KIA, LG, 키움, 한화, NC 선수들로 구성된 나눔 올스타는 박민우(2루수)-박해민(중견수)-김도영(3루수)-강백호(지명타자)-오스틴(1루수)-문현빈(우익수)-김주원(유격수)-허인서(포수)-박재현(좌익수)이 1~9번 타순에 들어간다. 역시 김도영~강백호~오스틴으로 이어지는 중심타선이 눈길을 끈다. 김도영과 오스틴은 전반기에 나란히 홈런 27개를 가동하며 홈런 부문 공동 선두에 올랐다. 김도영과 오스틴 뒤에는 홈런 23개를 때린 강백호가 위치하고 있다. 강백호는 85타점으로 타점 부문 1위를 달리는 선수다. 이들이 전반기에만 합작한 홈런 개수만 77개에 달한다. 나눔 올스타 선발투수는 애덤 올러다. 올러는 전반기에 16경기 99⅓이닝 9승 5패 평균자책점 2.36을 기록하며 다승 공동 선두, 평균자책점 부문 2위에 오르며 황홀한 전반기를 마쳤다. 두산, 삼성, KT, SSG, 롯데 선수들로 이뤄진 드림 올스타는 최원준(우익수)-구자욱(좌익수)-최정(3루수)-최형우(지명타자)-르윈 디아즈(1루수)-양의지(포수)-박준순(2루수)-정수빈(중견수)-박찬호(유격수)를 1~9번 타순에 배치했다. 역시 최정~최형우~디아즈로 이어지는 막강 중심타선을 자랑한다. 드림 올스타 선발투수는 곽빈이 나선다. 곽빈은 올 시즌 17경기 97이닝 8승 3패 평균자책점 2.60으로 뛰어난 피칭을 자랑했다. 탈삼진 112개로 리그 단독 선두를 질주 중이다. <저작권자 ⓒ SPOTV NEWS. 무단전재 및 재배포 금지>",https://v.daum.net/v/55K365HlSt
2026.07.11 17:20,"키움 안우진 ""전반기 점수는 50점…후반기에 50점 채울 것""",연합뉴스,"(서울=연합뉴스) 이대호 기자 = 프로야구 키움 히어로즈 에이스 안우진(26)에게 올해 올스타전은 3년 만에 다시 찾는 무대다. 2023년 올스타전에 참가한 뒤 그해 후반기 팔꿈치 수술로 시즌을 마감해야 했던 그는 두 차례 수술과 재활을 마치고 올 시즌 복귀했다. 완벽을 추구하는 자신을 향한 잣대는 여전히 엄격했다. 안우진은 11일 서울 잠실구장에서 열릴 KBO 올스타전을 앞두고 취재진과 만나 전반기 자신에게 몇 점을 주겠냐는 질문에 그는 주저 없이 ""50점""이라고 답했다. ""이제 반을 채워야 한다. 아직 시즌이 안 끝났기 때문에 그냥 절반이 지나서 50점을 준 것""이라고 웃으며 설명한 그는 ""3년이라는 공백기가 생각보다 컸다. 부족한 점을 많이 느꼈고, 좋은 방향으로 갈 수 있도록 계속 방법을 찾는 중""이라고 털어놨다. 구위에 대한 만족도를 묻는 말에도 ""항상 불만족이다. 잘했을 때도 스스로 안 좋은 점을 찾아서 발전하려고 하다 보니 매 경기 온전히 만족하는 경기는 없는 것 같다""며 에이스다운 책임감을 보였다. 안우진의 올 시즌 전반기 성적은 13경기에 등판해 2승 5패, 평균자책점 3.70이다. 타선의 득점 지원 등이 맞물려 승수는 다소 부족하지만, 세부 지표를 들여다보면 그의 진가가 드러난다. 전반기에만 74개의 탈삼진을 솎아냈고, 피안타율 0.231, 이닝당 출루 허용률(WHIP) 1.21 등 뛰어난 구위를 유지하며 타자들을 압도하고 있다. 무엇보다 가장 큰 수확은 '건강'이다. 복귀를 앞두고 ""수술을 처음 했을 때는 과연 공을 제대로 던질 수 있을까 걱정했다""던 안우진은 ""그런 걱정을 했던 것에 비하면 지금 공을 던지고 있다는 사실 자체에 감사하다""고 말했다. 소속팀 키움 역시 에이스의 몸 상태 관리에 심혈을 기울인다. 안우진은 ""팀에서도 '무조건 재활에 신경 쓰고, 무리하지 말고 아프면 언제든 말하라'고 강조한다""며 ""저 자신도 성적보다는 다치지 않는 데 초점을 맞췄고, 아픈 곳 없이 전반기를 잘 끝낸 것이 가장 다행""이라고 덧붙였다. 올해를 마지막으로 역사 속으로 사라지는 잠실구장에 대한 각별한 추억도 꺼내놓았다. 잠실구장은 안우진에게 쓰라림과 영광이 공존하는 장소다. 그는 ""데뷔하고 첫 선발 등판을 했던 곳이 바로 잠실이다. 그때 김현수 선배에게 홈런 2개를 맞았었다""며 신인 시절의 뼈아픈 기억을 떠올렸다. 이어 ""하지만 2022년도에 이곳에서 평균자책점 1위를 달성하기도 했다. 워낙 투수에게 유리한 구장이라 마음 편하게 던질 수 있는 곳이었고, 관중석이 꽉 찼을 때 정말 멋있는 야구장인데 마지막이라니 아쉽다""고 말했다. 4bun@yna.co.kr (끝) ▶제보는 카톡 okjebo",https://v.daum.net/v/2UstR0tWYe
2026.07.11 17:19,"""잠실구장 마지막 올스타전 아쉽다"" 두산 양의지·정수빈·곽빈·박준순 한 ...",마이데일리,"[마이데일리 = 잠실 류한준 기자] ""이곳에서 마지막 올스타전이라고 하니 아쉬운 마음이 먼저 드네요."" 11일 잠실구장에선 2026 KBO리그 올스타전이 열린다. 이날 올스타전은 특별하다. 재개발이 확정된 잠실구장은 오는 12월 철거된다. 그자리에는 2032년 완공을 목표로 3만5000석 규모 돔구장이 들어설 예정이다. 잠실구장으로 홈 구장으로 사용하고 있는 두산 베어스 선수들에겐 그래서 더 특별하다. 이날 올스타전에 나서는 두산 양의지(포수) 정수빈(외야수) 곽빈(투수) 박준순(내야수)은 현장을 찾은 취재진과 만난 자리에서 한 목소리로 ""5년 뒤 더 좋은 새로운 야구장이 지어진다고 하지만 잠실구장에서 마지막으로 치르는 올스타전이라고 생각하니 마음 한구석이 짠하다""고 입을 모았다. 양의지는 ""지난해 올스타전엔 뛰지 못해는데 올해 올스타전에 그리고 잠실구장에서 열리는데 팬 투표 1위를 차지했다는 건 내게도 큰 의미""라며 ""두산에 입단한 뒤 1군 데뷔전을 치렀을 때 그리고 2015년 한국시리즈에서 우승을 차지했을 때 잠실구장 기억이 지금도 뚜렷하다""고 얘기했다. 곽빈과 박준순은 ""어렸을 때 잠실구장에서 열린 두산 경기를 보러 자주왔었던 기억이 있다""며 ""더 좋은 구장으로 바뀐다고 하지만 그래도 잠실구장이 없어진다고 생각하니 아쉽다""고 말했다. 박준순은 ""어렸을 때 추억이 있던 곳이러 더 그런 마음이 든다""고 덧붙였다. 두산 선수들은 이런 이유로 올스타 휴식기를 마친 뒤 오는 16일부터 시작되는 후반기 일정에 대한 각오가 남다르다. 양의지는 ""잠실구장에서 좀 더 오래 야구를 하고 싶다""며 ""후반기 팀 동료들과 함께 더 분발해 가을야구에 진출한 뒤 더 높은 자리로 가고싶다""고 말했다. 곽빈과 박준순도 ""후반기 준비를 잘해서 팀이 지금보다 더 높은 순위로 시즌을 마치는데 힘을 보태겠다""고 강조했다. 두산은 44승 2무 41패 5위로 전반기 일정을 마쳤다. 류한준 기자 hantaeng@mydaily.co.kr",https://v.daum.net/v/YssIzlIkOq
2026.07.11 17:19,"드림 최형우-나눔 강백호, 4번 타자 맞대결 펼쳐진다…선발 투수는 곽빈과...",스포츠경향,"‘별들의 축제’를 장식할 드림 올스타와 나눔 올스타의 선발 라인업이 공개됐다. 11일 잠실구장에서 열리는 2026 KBO 올스타전에서는 삼성·SSG·KT·두산·롯데로 구성된 드림 올스타와 LG·한화·NC·KIA·키움이 있는 나눔 올스타가 자웅을 겨룬다. 경기 전 10개 팀 감독들이 논의한 끝에 선발 라인업이 나왔다. 이숭용 SSG 감독이 이끄는 드림 올스타는 최원준(우익수)-구자욱(좌익수)-최정(3루수)-최형우(지명타자)-르윈 디아즈(1루수)-양의지(포수)-박준순(2루수)-정수빈(중견수)-박찬호(유격수)로 이어지는 라인업을 짰다. 나눔 올스타는 박민우(2루수)-박해민(중견수)-김도영(3루수)-강백호(지명타자)-오스틴 딘(1루수)-문현빈(우익수)-김주원(유격수)-허인서(포수)-박재현(좌익수)로 구성됐다. 최고의 선수들이 모인 올스타전에서 최고참 최형우와 1999년생 강백호의 4번타자 맞대결에 관심이 모아질 전망이다. 강백호는 전날 홈런 더비에서 우승을 차지한 바 있다. 드림 올스타의 선발 투수는 곽빈이다. 곽빈은 올 시즌 17경기에서 8승 3패 평균자책 2.60을 기록했다. 여기에 나눔 올스타는 KIA 애덤 올러로 맞불을 놓는다. 올러는 16경기에서 9승 5패 평균자책 2.36의 성적을 냈다. 다승 1위, 평균자책 2위로 전반기를 마감했다. 잠실 | 김하진 기자 hjkim@kyunghyang.com",https://v.daum.net/v/7uD2k42uuF
2026.07.11 17:17,'퓨처스는 내 끼를 발산하기 너무 좁다' KIA 박재현 도대체 뭘 준비했...,스포츠조선,"[잠실=스포츠조선 김용 기자] ""이왕 하는 거 욕심을 가져야 하지 않겠습니까."" KIA 타이거즈 박재현이 올스타전 '베스트 퍼포먼스' 평정을 노린다. 지난해 퓨처스 리그 무대를 정복하고, 올해 꿈의 무대에서 더 큰 도약을 노린다. 박재현은 11일 잠실구장에서 열리는 KBO리그 올스타전 나눔 올스타 베스트12에 당당히 뽑혔다. 입단 2년차, 엄청난 타격 능력과 에너지로 KIA의 리드오프로 발돋움했다. 전반기 타율 2할8푼3리 8홈런 39타점 44득점 16도루로 올스타에 뽑힐 자격이 있는 성적을 거뒀다. 박재현은 지난해 신인으로 퓨처스 올스타전에 참가했다. 거기서 '끼끼'라는 별명에 맞게 원숭이 분장을 하고 나와 팬들을 즐겁게 해줬다. 베스트 퍼포먼스상은 박재현의 차지였다. 그리고 무대가 더 커졌다. 1군 올스타전은 더 많은 팬들의 주목을 받는다. 과연 박재현은 야구가 아닌 '퍼포먼스'로 다시 승부수를 던질 것인가. 올스타전을 앞두고 만난 박재현은 ""올해도 뭔가 준비한 게 있느냐""는 질문에 ""이따 야구장에서 보여드리겠다""고 말했다. 비장의 무기를 준비했다는 의미. 1군에서도 수상을 노리느냐고 묻자 ""수상 생각이 없다면 안 하는 게 낫다. 이왕 하는 거 욕심을 가지고 해야 한다고 생각한다. 열심히 하겠다""며 기대감을 심어줬다. 박재현은 1군 올스타가 된 소감으 묻자 ""퓨처스 올스타와는 완전히 다르다. 홈런더비도 보고, 팬분들도 많고 오늘 현자엥 오니 또 실감이 난다""고 말했다. 이날 박재현을 보기 위해 가족들도 잠실구장에 총출동했다고. 박재현은 ""내가 올스타가 될 거라고는 상상도 못 했다. 1군에서 시합을 뛸 거라는 생각도 못 했다. 뭔가 다 잘 풀리며 경기도 계속 나가고, 올스타도 되고 영광스럽다""고 말했다. 박재현은 ""다사다난한 전반기였다. 잘했던 시기도 잇고, 실수하고 못 할 때는 엄청 못 하기도 했다. 많은 걸 경험했다. 전반기를 토대로 후반기에는 잘 하고, 못 하고의 폭을 최대한 줄여가보도록 노력하겠다""고 말했다. 잠실=김용 기자 awesome@sportschosun.com",https://v.daum.net/v/3HiuLqu50k
2026.07.11 17:16,"'이보다 더 완벽한 1-2-3 펀치는 없다' 삼성, 역대급 승부수…후라도...",마니아타임즈,"삼성 라이온즈가 정규시즌을 넘어 한국시리즈 우승을 향한 역대급 승부수를 던졌다. 부상 이력의 위험 부담을 안고도 메이저리그 경력의 크리스 페덱을 전격 영입하며 단기전 필승을 위한 무적의 3선발 체제를 구축했다. 삼성의 이번 영입은 정규시즌 이닝 이터가 아닌, 철저히 한국시리즈 우승 반지를 겨냥한 포스트시즌용 카드로 풀이된다. 두 차례의 토미 존 수술 이력이 있는 페덱을 정규시즌 동안 6인 로테이션 등으로 철저히 관리한 뒤, 어깨가 싱싱한 상태로 가을야구 마운드에 올린다는 계산이다. 이로써 삼성은 단기전에서 그 어떤 팀도 부럽지 않은 최강의 원-투-스리펀치를 완성하게 됐다. 리그 최정상급 외국인 에이스 아리엘 후라도가 1차전 기선제압에 나서고, 관리받은 페덱이 2차전에서 메이저리그급 구위와 칼제구로 상대 타선을 힘으로 찍어누른다. 이어 큰 경기 경험이 풍부한 토종 에이스 원태인이 3차전을 책임지는 완벽한 시나리오다. 7전 4선승제의 한국시리즈에서 후라도, 페덱, 원태인으로 이어지는 선발진은 1, 2, 3차전은 물론 5, 6, 7차전까지 전부 책임질 수 있는 파괴력을 지녔다. 특히 페덱의 주무기인 체인지업은 단기전에서 상대 타선에 공포의 대상이 될 전망이다. 확실한 선발 3명이면 우승할 수 있다는 가을야구 공식에 대입했을 때, 삼성이 구축한 이번 선발진의 위력은 리그 최고 수준이다. 삼성의 선발진이 후반기를 지나 가을무대에서 V9의 위업을 달성할 수 있을지 주목된다. [강해영 마니아타임즈 기자/hae2023@maniareport.com] 기사제보 및 보도자료 report@maniareport.com",https://v.daum.net/v/2W4jxF5TXR
2026.07.11 17:15,"[오피셜] 올스타전 '선발 라인업' 발표, '김도영·강백호·오스틴 vs ...",스타뉴스,"[스타뉴스 | 잠실=김우종 기자] 대망의 올스타전에 출전할 선발 라인업이 공개됐다. '별들의 축제' 2026 신한 SOL KBO 올스타전이 11일 오후 6시 잠실야구장에서 펼쳐진다. 경기를 앞두고 한국야구위원회(KBO)는 올스타전에 출전할 라인업을 공식 발표했다. 이날 이숭용 감독이 지휘하는 드림 올스타는 최원준(우익수), 구자욱(좌익수), 최정(3루수), 최형우(지명타자), 디아즈(1루수), 양의지(포수), 박준순(2루수), 정수빈(중견수), 박찬호(유격수) 순으로 선발 라인업을 구성했다. 선발 투수는 곽빈이다. 이에 맞서 염경엽 감독이 이끄는 나눔 올스타는 박민우(2루수), 박해민(중견수), 김도영(3루수), 강백호(지명타자), 오스틴(1루수), 문현빈(우익수), 김주원(유격수), 허인서(포수), 박재현(좌익수) 순으로 선발 타순을 짰다. 선발 투수는 올러다. 한편 이번 올스타전은 향후 잠실 돔구장 건립 공사가 예정돼 있어, 기존 잠실야구장에서 열리는 역사의 마지막 올스타전이 될 전망이다. 현재 잠실을 홈으로 쓰고 있는 두 팀은 2026년부터 2031년까지 5시즌 동안 서울올림픽주경기장을 개조한 임시 야구장에서 팬들과 함께한다. 잠실=김우종 기자 woodybell@mtstarnews.com",https://v.daum.net/v/U5pf0swayV
2026.07.11 17:15,"[KBO 올스타전] '자려고 누웠는데' 양의지, ""아이오아이 차트 1위 ...",일간스포츠,"""두산도, 아이오아이처럼."" 두산 베어스의 베테랑 포수 양의지가 후반기 반등을 다짐했다. 자신의 응원가와 함께 유행을 타며 음원차트 1위를 달성한 아이오아이의 '갑자기'처럼, 두산 역시 후반기에 반등할 거란 자신감을 드러냈다. 양의지는 11일 서울 잠실야구장에서 열리는 2026 신한 SOL 뱅크 KBO리그 올스타전을 앞두고 취재진과 만난 자리에서 ""후반기에 선수들 한마음 한뜻으로 조금 더 분발해서 반등하겠다""라고 각오를 다졌다. 양의지는 역대 팬 투표 최다인 260만5510표를 얻어 별들의 축제 초청장을 받았다. 또 선수단 투표에서도 187표를 받아 총점 50.95점으로 드림 올스타 중 최고점을 기록했다. 이날 경기 전 만난 양의지는 ""프로야구가 흥행하는 시기에 팬 투표 1위를 차지해 영광이다. 팬 여러분께 진심으로 감사드린다""라고 전했다. 양의지의 '최다 득표'엔 아이오아이의 도움도 크게 받았다. 지난 6월, 아이오아이와 합작한 쇼츠(짧은 동영상)가 동영상 플랫폼을 타고 큰 화제를 모은 덕분이다. 시작은 양의지의 응원가였다. 양의지의 응원가 원곡인 '꽃집의 아가씨'와 지난달 재결성해 컴백한 아이오아이 타이틀곡 '갑자기' 후렴구의 선율이 비슷한 데서 의도치 않은 '컬래버레이션'이 이뤄진 것. 한 유튜브 채널에서 인공지능(AI)을 이용해 두 곡을 섞은 게 화제가 됐다. 갑자기 가사 '자려고 누웠는데 갑자기' 대신 '자려고 누웠는데 양의지(자·누·양)'가 소셜미디어(SNS)를 중심으로 퍼졌다. 더불어 아이오아이의 갑자기도 음원차트 최상단에 올랐다. 공교롭게도 양의지의 성적도 '갑자기' 발매 이후 확 올랐다. 5월 18일까지 41경기에서 타율 0.217, 5홈런 22타점에 그쳤던 그는 곡 발매일인 5월 19일 이후 43경기에서 타율 0.290, 6홈런, 21타점을 기록하며 팀의 상승세를 이끌었다. 팀 역시 곡 발매 이후 상승세를 타며 5위에 안착했다. 이날 양의지는 ""나도 아이오아이의 영향을 많이 받았지만, 아이오아이도 내 영향을 많이 받았다고 생각한다. 음원 차트 1위 찍었더라""며 웃었다. 그러면서 ""(1위) 축하드린다. 우리 두산도 아이오아이처럼 후반기에 좋은 성적을 내겠다""라고 다짐했다. 이어 그는 ""잠실구장이 올해 마지막이다. 이곳에서 최대한 오래 가을야구를 하고 싶다""라며 반등의 의지를 다졌다. 잠실=윤승재 기자 yogiyoon@edaily.co.kr",https://v.daum.net/v/Q7rWwP4qOO
2026.07.11 17:15,“주원이가 연습 때 헛스윙 하더라. 틀렸다 싶었다” 홈런더비 도우미 박민...,OSEN,"[OSEN=잠실, 한용섭 기자] 프로야구 NC 다이노스 박민우가 홈런 더비에 출전한 팀 후배 김주원에게 던져준 배팅볼은 ‘100점 만점에 120점’이라고 자찬했다. 김주원은 전반기 13홈런을 기록했고, 10일 잠실구장에서 열린 8명이 출전한 홈런 더비에서 2개를 치는데 그쳤다. 최고 비거리는 130m였다. 예선에서 나란히 7개를 친 강백호와 오태곤이 결승에 진출, 강백호가 홈런 더비 우승자가 됐다. 박민우는 11일 잠실구장에서 전날 홈런 더비에서 배팅볼이 너무 묵직하지 않았냐라는 말에 “약간 편견이에요. 제가 공을 던지는 거에 사람들의 편견이 있기 때문이다”고 말했다. 박민우는 2루 수비에서도 포구는 잘하는데, 송구에서 실책이 많은 편이다. 박민우는 “제 배팅볼 진짜 좋다. 예전에 이호준 감독님께서 선수 생활하실 때 제가 던져주는 배팅볼을 제일 좋아하셨다”며 “이번 스프링캠프에서도 종종 던져주고, 어제 제 배팅 볼을 받아주신 포수한테도 여쭤봤는데, 진짜 거의 딱 홈런 칠 수 있는 코스로만 들어왔다더라”고 항변했다. 뒷얘기를 폭로했다. 박민우는 “주원이가 어제 연습할 때 헛스윙을 하더라. 그래서 틀려 먹었다 생각했다”고 웃으며, “어제 주원이의 홈런 2개는 솔직히 진짜 100% 주원이의 실력이다. 어제 제 배팅볼은 100점 만점에 120점을 줘도 괜찮다”고 당당하게 말했다. 박민우는 “진짜로 어제 배팅볼 던지기 전에 몸 풀 때 생각을 해봤다. 8명이 참가하는데, 8명 모두에게 던져주면 누가 우승해도 저도 1등을 하는 거잖아요. 저는 8명을 다 던져주고 싶었다”고 웃으며 말했다. 이어 “그런데 친다는 사람이 없더라. 백호가 마지막까지 저를 좀 고민하긴 했는데, 친다고 하는 사람이 없더라. 좋은데 한번 쳐보지 싶더라”고 너스레를 떨었다. /orange@osen.co.kr",https://v.daum.net/v/4QGuYNoMvV
2026.07.11 17:15,"잠실 마지막 올스타전, ‘잠실오씨’ 오스틴의 진심 “잠실돔에서도 당연히 ...",스포츠서울,"[스포츠서울 | 강윤식 기자] “잠실돔에서도 당연히 뛰고 싶지만…” ‘잠실오씨’ 오스틴 딘(33·LG)이 마지막 잠실 올스타전에 출전한다. 정들었던 홈구장 잠실구장에서 마지막을 생각하니 마음이 안 좋다. 대신 훗날 돔구장을 누빌 ‘후배들’을 생각하면 부러운 마음도 들고 기쁜 마음도 생긴다. 11일 서울 잠실구장에서 2026 KBO리그 올스타전이 열렸다. 올해를 끝으로 잠실구장은 철거 예정이다. 프로야구 원년인 1982년 준공해 야구팬들과 수많은 추억을 공유한 잠실구장은 그렇게 역사 속으로 사라진다. 잠실을 홈으로 쓰는 오스틴도 감회가 남다르다. 올스타 본 경기에 앞서 만난 오스틴은 “정말 슬프다. 잠실구장에서 개인적으로 추억이 정말 많다. 팬들도 아마 비슷한 감정일 것 같다”고 소감을 밝혔다. 이어 “그래도 LG와 두산이 나중에 2032년쯤 새로운 구장을 선물 받는다는 점은 좋다. 특히 어린 선수들이 그렇게 좋은 ‘탑티어’ 야구장에서 야구 하게 될 거라는 점이 부럽다”고 덧붙였다. 오스틴은 KBO리그에 잘 적응한 외국인 선수 대표 사례라고 해도 과언이 아니다. 사령탑인 염경엽 감독이 늘 강조하는 부분이기도 하다. 점점 적응하는 모습이다. 올해 커리어하이 페이스를 보여준다. 이렇듯 적응과 몸 관리에 진심인 오스틴. ‘잠실돔’에서 뛰고 싶은 마음이 있진 않을까. 선수 본인은 당연히 뛰고 싶은 마음이 크다. 다만 ‘불혹’을 앞둔 나이가 될 미래를 생각했을 때 현실적으로 쉽지 않을 것이라는 답변을 내놨다. 오스틴은 “당연히 뛰고 싶다”며 웃었다. 그러면서도 “현실적으로 생각하면 그때쯤 39살 정도 될 거다. KBO리그에서 외국인 선수가 그렇게 오랫동안 뛰는 건 쉽지 않을 것 같다. 좋은 구장에서 야구하고 싶은 마음은 있지만, 현실적으로 쉽지 않을 것 같다”며 미소 지었다. 전날 본 경기에 앞서 홈런더비가 얼렸다. 홈런 공동 1위 오스틴과 김도영(KIA) 맞대결에 관심이 쏠렸다. 그러나 오스틴은 가벼운 부상으로 인해 더비 직전 출전이 무산됐다. 본인도 아쉬움이 크다. 그래도 최선의 선택을 했다고 믿는다. 오스틴은 “당연히 출전하지 못한 데 대한 아쉬움은 있다. 그러나 내 몸을 위산 선택이었다. 남은 경기 많다. 끝까지 건강하게 시즌을 치르려면 최선의 선택이었다”고 돌아봤다. 이어 “그리고 내가 홈런더비에 2023년과 2024년 2년 참가했다. 새로운 얼굴이 참가하는 것도 좋을 것 같다. 특히 어제 강백호가 멋진 퍼포먼스를 보여줬다. 그런 측면에서 의미 있는 홈런더비였던 것 같다”고 말했다. skywalker@sportsseoul.com",https://v.daum.net/v/XwAnfHWIWA
2026.07.11 17:15,2026 KBO 올스타전 선발 라인업 공개…곽빈 vs 올러 선발 맞대결,스포츠투데이,"[잠실=스포츠투데이 강태구 기자] 잠실야구장에서 열리는 마지막 '별들의 잔치' 선발 라인업이 공개됐다. 11일 서울 잠실야구장에서 2026 신한 SOL KBO리그 올스타전이 개최된다. KBO 올스타전은 드림 올스타(삼성 라이온즈, 두산 베어스, KT 위즈, SSG 랜더스, 롯데 자이언츠)와 나눔 올스타(KIA 타이거즈, LG 트윈스, 한화 이글스, NC 다이노스, 키움 히어로즈)의 맞대결로 펼쳐진다. 경기에 앞서 양 팀은 선발 라인업을 공개했다. 이숭용 감독(SSG)이 이끄는 드림 올스타는 최원준(우익수)-구자욱(좌익수)-최정(3루수)-최형우(지명타자)-르윈 디아즈(1루수)-양의지(포수)-박준순(2루수)-정수빈(중견수)-박찬호(유격수)가 선발 출격한다. 선발투수는 곽빈이다. 염경엽 감독(LG)이 지휘하는 나눔 올스타는 박민우(2루수)-박해민(중견수)-김도영(3루수)-강백호(지명타자)-오스틴 딘(1루수)-문현빈(우익수)-김주원(유격수)-허인서(포수)-박재현(좌익수)이 이름을 올렸다. 선발투수는 아담 올러다. 한편 2022년부터 나눔 올스타가 4연승을 달리고 있으며, 역대 상대 전적 역시 나눔 올스타가 5승 4패로 근소하게 앞서 있다. [스포츠투데이 강태구 기자 sports@stoo.com]",https://v.daum.net/v/zlMYrQ8BvG
2026.07.11 17:14,“5월(타율 0.450) 같은 시기 또 올 것”…타율 1위 최원준의 이유...,문화일보,"KT 외야수 최원준(29)은 2026 신한 쏠(SOL) KBO리그 전반기 최고의 타자 중 한 명이었다. 최원준은 전반기 동안 타율 0.363(320타수 116안타), 7홈런, 44타점, 68득점을 기록했다. 타율은 리그 1위다. 2위 빅터 레이예스(롯데·0.348)와의 격차도 1푼5리까지 벌렸다. 최원준은 11일 잠실구장에서 열린 올스타전을 앞두고 취재진을 만나 “생각했던 것보다 전반기를 더 잘 치른 것 같아서 만족한다. 다만 마지막 주에 부상 때문에 몇 경기에 나가지 못한 것은 아쉽다”고 말했다. 최원준은 올 시즌을 앞두고 KT와 4년 최대 48억 원에 FA(자유계약선수) 계약을 맺었다. 계약 당시에는 예상보다 큰 규모라는 평가도 적지 않았다. 하지만 최원준은 KT에 “계약한 돈이 아깝지 않게 하겠다”고 약속했다. 전반기 활약만 놓고 보면 약속을 충분히 지켰다. 최원준은 “그렇게 이야기해 주시니 기분이 좋다. 약속을 지킬 수 있었다는 점도 좋다. 아직 후반기가 남아 있다. 더 잘해서 그런 평가를 더 많이 받을 수 있도록 하고 싶다”고 밝혔다. 최원준은 전반기 맹타의 비결로 운도 빼놓지 않았다. 최원준은 “솔직히 운도 좋았다. 빗맞은 안타도 많이 나왔고, 잘 맞은 타구가 잡히는 경우도 많지 않았다. 그런데 최근에는 잘 맞은 타구가 잡히는 일이 많아졌다. 역시 야구는 쉽지 않다는 생각이 들었다”면서 “5월처럼 잘 맞는 시기가 다시 한 번 오지 않을까 생각한다”고 말했다. 최원준은 5월 한 달 동안 25경기에서 타율 0.450(100타수 45안타)을 남겼다. 다만 최원준은 타율 1위 경쟁에는 크게 의미를 두지 않았다. 최원준은 “타율이 3할8푼일 때도 그 타율로 시즌을 끝낼 수 있는 것은 아니다. 반대로 다시 3할8푼까지 올라갈 수도 있다. 야구에는 사이클이 있기 때문에 기록이나 순위는 크게 생각하지 않는다”고 말했다. 또 그는 “타율은 내가 마음대로 조절할 수 있는 부분이 아니다. 내가 할 수 있는 것에 최선을 다하려고 한다. 타율 순위는 별로 신경 쓰지 않는다”고 강조했다. 시즌 전 세운 개인 목표에도 순조롭게 다가가고 있다. 최원준은 타율 3할과 150안타, OPS 0.800을 목표로 잡았다. 전반기를 마친 현재 150안타까지 34개만을 남겨뒀다. 타율은 0.363, OPS는 0.950으로 목표치를 크게 웃돈다. 최원준은 “목표를 향해 너무 잘 가고 있는 것 같다. 충분히 할 수 있다고 생각했고, 지금까지는 잘 풀리고 있다”고 설명했다. 전반기 막판 발생한 허리 통증은 아쉬움으로 남았다. 최원준은 허리 상태가 좋지 않아 전반기 마지막 몇 경기에서 선발 라인업에서 빠졌다. 다만 후반기 시작과 함께 정상적으로 경기에 나설 수 있다고 자신했다. 최원준은 “후반기가 시작하는 동시에 무조건 뛰려고 마음먹고 있다. 충분히 할 수 있다고 생각한다”며 “수비도 가능하고 100% 전력 질주도 할 수 있다. 후반기에는 정상적으로 뛰려고 한다”고 전했다. 최원준의 후반기 목표는 개인 성적보다 팀 성적이었다. 최원준은 “일단 아프지 않았으면 좋겠다. 내가 할 수 있는 만큼 열심히 해서 좋은 성적을 내고 싶다. 쉽지는 않겠지만 팀이 1위로 시즌을 마쳤으면 좋겠다. 불가능한 일은 아니라고 생각한다. 꼭 1위로 끝내고 싶다”고 힘줘 말했다. 정세영 기자",https://v.daum.net/v/8m9DJu0HhN
2026.07.11 17:14,"류현진, ML 데뷔한 고우석 향해 “다치지 말고 재밌게 즐기길”[스경X현...",스포츠경향,"미국프로야구 메이저리그(MLB)에서 11시즌을 뛴 류현진(한화)이 빅리그 입성의 꿈을 이룬 후배 고우석(미네소타)을 향해 덤덤한 응원을 보냈다. 류현진은 11일 잠실구장에서 올스타전에 앞서 취재진과 만나 고우석을 향한 조언을 해달라는 말에 “조언보다도 그 선수가 그곳만 바라보고 몇 년 동안 고생을 했기 때문에 본인이 가장 잘 알고 절실할 것으로 생각한다”고 말했다. 류현진은 “그곳에서 살아남기 위해 본인이 가진 무기가 있을 것으로 생각한다. 그래서 그냥 해주고 싶은 말은 다치지 말고 재밌게 즐겼으면 좋겠다는 것”이라고 했다. 앞서 고우석은 지난 10일 클리블랜드전에 9회초 팀의 4번째 투수로 등판해 1이닝 1피홈런 1실점했다. MLB 도전을 위해 미국으로 건너간 지 2년 반 만에 꿈을 이룬 순간이다. 한편 류현진은 한·미 통산 2500탈삼진까지 1개 앞둔 채 전반기를 마감했다. 지난 5월24일에는 한·미 통산 200승이라는 대기록도 세웠다. 류현진은 이런 기록들에 대해 “(의미가) 전혀 없다”고 고개를 저었다. 이어 “기록적인 부분은 내가 하고 싶다고 할 수 있는 게 아니기 때문에 그냥 신경을 안 쓴다. 후반기에도 내가 할 수 있는 역할만 생각하고 그렇게 하려고 준비하고 있다”고 했다. 류현진은 올 시즌 전반기 15경기에서 8승2패, 평균자책 2.67을 올리며 여전한 에이스의 면모를 과시했다. 평균자책이 리그 4위다. 류현진은 “이른 강판을 당하지 않고 정말 팀이 이길 수 있는 경기를 만들어주면서 선발 투수가 해줄 수 있는 역할을 한 것 같다”며 “후반기에는 개인적인 목표는 하나도 없다. 작년처럼 팀이 꼭 가을야구 갈 수 있으면 좋을 것 같고 그걸 위해 선수들하고 준비 잘하고 있다”고 말했다. 잠실 | 유새슬 기자 yooss@kyunghyang.com",https://v.daum.net/v/8XYZIex2UG
2026.07.11 17:13,저비용 고효율 카드...울산 웨일즈 나가·홀에 쏠리는 시선,마니아타임즈,[김민성 마니아타임즈 기자] 퓨처스 무대에서 새로운 장면이 연출됐다. 울산 웨일즈의 일본인 투수 나가 다이세이와 호주 출신 포수 알렉스 홀이 퓨처스 올스타전에 배터리로 동반 출전한 것이다. 이들의 출전은 남다른 의미를 지녔다. 퓨처스 올스타전 역사상 최초의 외국인 출전으로 기록된 것이다. 이날 나가는 1이닝 무실점 1탈삼진을 기록했고 홀은 1타수 무안타를 남긴 뒤 교체됐다. 두 선수는 퓨처스에서 가능성을 보였다. 나가는 올 시즌 15경기 6승 2패 평균자책점 2.20에 탈삼진 86개를 기록 중이다. 홀은 타율 0.263으로 평범하지만 호주 국가대표 출신으로 국제 경험이 풍부하고 장타력이 강점이다. 원문 작성자는 이들의 KBO행 가능성을 짚었다. 올 시즌 아시아쿼터 투수들이 왕옌청과 웰스 토다 유토를 제외하면 제 몫을 못 하고 KIA와 두산 롯데는 이미 교체를 단행했으며 SSG와 KT 삼성도 교체를 저울질하고 있다는 것이다. 그러면서 연봉도 상대적으로 저렴한 두 선수를 영입해 저비용 고효율을 꾀하는 것이 괜찮은 선택이라고 봤다. 아울러 울산의 고바야시 주이와 오카다 아키타케까지 언급하며 이들을 KBO리그에서 계속 볼 수 있기를 바랐다. [김민성 마니아타임즈 기자/maniareport@naver.com] 기사제보 및 보도자료 report@maniareport.com,https://v.daum.net/v/5Zghj2b0Zs
2026.07.11 17:12,"'홈런 더비 부진' 김도영 ""같은 팀 준수형 믿었어야 했는데""",뉴스1,"(서울=뉴스1) 권혁준 기자 = 올스타 전야제에 열린 홈런 더비에서 다소 아쉬운 성적을 낸 김도영(23·KIA 타이거즈)이 '배팅볼 파트너'를 같은 팀 선배 한준수로 고르지 않은 것에 대한 아쉬움을 드러냈다. 김도영은 지난 10일 서울 잠실구장에서 열린 2026 신한 SOL KBO 올스타전 홈런 더비에 출전해 단 2개의 홈런에 그쳤다. 그는 전반기 27홈런으로 오스틴 딘(LG 트윈스)과 함께 홈런 부문 공동 1위에 올랐다. 오스틴이 홈런 더비 출전을 취소하면서 김도영은 강력한 우승 후보로 꼽혔으나, 기대에 미치지 못했다. 11일 올스타전 본경기를 앞두고 취재진과 만난 김도영은 ""나름 홈런 공동 1위를 달리고 있으니까 많이 쳤어야 했는데 그러지 못해 아쉬웠다""면서 ""그래도 오늘 중요한 경기가 있으니까 괜찮다고 생각하고 있다""고 말했다. 홈런 더비에선 공을 던져주는 '배팅볼 파트너'도 중요하다. 김도영 역시 누구와 호흡을 맞출지 오랜 시간 고민했고, 지난해까지 함께 뛰었던 선배 박찬호(두산 베어스)로 결정했다. 김도영은 ""원래 (문)현빈이로 정하고 연습해 봤는데 공이 너무 안 좋더라""며 웃은 뒤 ""내 다음 차례에 (박)찬호형이 공을 던지는 걸 보고 생각을 바꿨다. 찬호형도 연습 한 공으로 하라고 했는데, 결과는 아쉬웠다""고 밝혔다. 이어 ""찬호형의 공은 괜찮았다. 그저 내가 못 친 것이었다""면서 ""찬호형은 나를 우승 후보라고 생각하고 잘 던져주셨는데, 그 기대에 부응 못 해서 죄송스러웠다""고 덧붙였다. 공교롭게도 홈런 더비의 우승자 강백호(한화 이글스)의 배팅볼 파트너는 김도영과 한 팀에서 뛰는 포수 한준수였다. 김도영은 ""결과적으로 (한)준수형으로 가는 게 제일 맞는 판단이었다. 같은 팀을 못 믿었던 게 아쉬운 결과가 됐다""면서 ""사실은 우리 팀 선수라 혹사를 시키고 싶지 않았다. 우리 팀 포수가 귀하다""며 웃었다. 홈런 더비의 결과로 '상처'를 받았다며 앞으로는 홈런을 신경 쓰지 않겠다고도 했다. 김도영은 ""나랑 홈런이 잘 안 맞는 것 같다. 어제는 홈런 더비뿐 아니라 야구를 안 하고 싶다는 생각까지 들었다""며 웃은 뒤 ""홈런을 의식하니 힘만 들어가고 자세가 망가진다. 후반기에도 홈런은 생각하지 않고 야구하겠다""고 강조했다. 지난해 부상으로 아쉬운 시즌을 보냈던 김도영은, 올 시즌 전반기까지는 완벽한 반등을 일궜다. 후반기에도 다치지 않는 게 가장 큰 목표다. 김도영은 ""아시안게임 가기 전까지 다치지 않고 팀이 많은 승수를 쌓을 수 있게 도움이 되는 게 목표""라면서 ""수비는 지금도 괜찮다고 생각하고, 타격에서 출루를 더 많이 하는 쪽으로 방향을 잡겠다""고 다짐했다. starburyny@news1.kr",https://v.daum.net/v/2xvSFrEoZa
2026.07.11 17:09,"마지막 잠실 올스타전, 역사적 라인업 떴다! 강백호-최형우 4번 맞대결…...",OSEN,"[OSEN=잠실, 이후광 기자] 역사적인 잠실구장 마지막 올스타전 선발 라인업이 공개됐다. 나눔 올스타(LG, 한화, NC, KIA, 키움)와 드림 올스타(SSG, 삼성, KT, 롯데, 두산)는 11일 서울 잠실구장에서 열리는 2026 신한 SOL KBO 올스타전을 앞두고 있다. 2026시즌을 끝으로 철거되는 잠실구장 마지막 올스타전이다. 이숭용 SSG 감독이 이끄는 드림 올스타(홈팀)는 최원준(우익수, KT) 구자욱(좌익수, 삼성) 최정(3루수, SSG) 최형우(지명타자, 삼성) 르윈 디아즈(1루수, 삼성) 양의지(포수, 두산) 박준순(2루수, 두산) 정수빈(중견수, 두산) 박찬호(유격수, 두산) 순의 선발 라인업을 꾸렸다. 선발투수는 곽빈(두산). 염경엽 LG 감독이 지휘봉을 잡은 나눔 올스타(원정팀)는 박민우(2루수, NC) 박해민(중견수, LG) 김도영(3루수, KIA) 강백호(지명타자, 한화) 오스틴 딘(1루수, LG) 문현빈(우익수, 한화) 김주원(유격수, NC) 허인서(포수, 한화) 박재현(좌익수, KIA) 순의 오더를 제출했다. 선발투수는 아담 올러(KIA). 2015년부터 펼쳐진 드림과 나눔의 맞대결에서는 나눔이 5승 4패(2020, 2021년 코로나19로 미개최)로 미세한 우위를 점하고 있다. 특히 2022년부터 4연승을 내달리며 불리했던 상성을 뒤집었다. 지난해에도 4타수 3안타 3타점 1홈런으로 MVP에 오른 LG 박동원과 쐐기 홈런을 터뜨린 KIA 김태군 등의 활약으로 8-6 승리를 거뒀다. 올해도 기세를 이어 5연승에 도전한다. 드림 올스타도 물러서지 않는다. 2019년 당시 새로 개장한 창원NC파크에서 거둔 9-7 승리 이후 7년 만의 승리를 노린다. /backlight@osen.co.kr",https://v.daum.net/v/3Buxj2b0yr
2026.07.11 17:09,외야를 지배했던 박해민 “넓은 잠실구장 사라지면 아쉬워”,중앙일보,"‘잠실 외야의 지배자’ ‘트중박(트윈스 중견수 박해민)’ 박해민(LG 트윈스)에게 잠실구장에서 펼쳐지는 마지막 올스타전은 어떤 느낌일까. 11일 잠실구장에서 열리는 올스타전을 앞두고 만난 박해민은 몸을 낮췄다. 박해민은 국내에서 가장 넓은 잠실에서 뛰어난 수비를 펼쳐 제2의 전성기를 열었다. 그러면서 10일 열린 퓨처스 올스타전 시구에서 선배 박용택의 시포자로 나서기도 했다. 박해민은 “잠실을 홈으로 쓴 지 5년 차인데 그런 얘기를 들으면 쑥스럽다. 사실 어제 시포 같은 경우에도 내가 하는 게 맞는지 고민했다. 다른 의미 있는 선수들도 되게 많을 텐데”라고 쑥스러워했다. 박해민은 “잠실구장이 마지막이라는 게 사실 아직 믿기진 않는다. 매일같이 출근하고 하고 있기 때문에 아직까지는 와닿지 않는 것 같다”고 했다. KBO리그에서 박해민만큼 외야 수비로 강렬한 인상을 남긴 선수는 없다. 박해민은 “내가 1군에서 생존할 수 있었던 건 수비와 주루라고 생각을 한다. 그런 부분들이 이제서라도 조금 부각이 되고 이런 부분들이 되게 뜻 깊다고 생각을 한다. 그렇게 느끼고 있는데 또 잠실 야구장 마지막인데 작년부터 수비에 대한 저의 가치가 많이 부각되는 것 같아서 기분 좋다”고 말했다. 1990년생이지만 박해민은 여전한 수비력을 뽐내고 있다. 그는 “20대 때보다는 스피드는 조금 떨어졌다고 느낀다. 경험이나 이런 것들이 있기 때문에 스타트나 생각하는 플레이로 그 부분을 보완하고 있다. 그래서 ‘수비력이 떨어졌다고 못 느끼시는 게 아닌가’라고 생각한다”고 말했다. LG는 선두 삼성 라이온즈와 승차 없는 2위로 전반기를 마무리했다. 박해민은 “이 정도면 잘 끝냈다는 생각이다. 많은 선수들이 부상으로 빠지고 부진한 선수들도 있었는데 5경기 반 차로 뒤졌던 작년보다는 낫다”며 “전반기 마지막 경기들을 보셨으면 아시겠지만 부진했던 선수들이 조금 좋아지고 있다. 전반기에 부진했던 선수들이 후반기에는 또 팀을 이끌어 나가지 않을까 싶다”고 했다. 박해민의 말대로 LG는 전반기 부상과 부진 때문에 고전했다. 그럼에도 두터운 뎁스를 통해 버텨냈다. 박해민은 “사람이기 때문에 그럴 때 개인적인 생각이 앞설 수도 있는데 그런 걸 감추고 팀을 위해서 뛰어줬다. 그런 부분에서 선수들한테 고맙다. LG 트윈스는 개인적인 성적을 앞세우지 않고, 팀 성적을 생각하는 문화가 있다. 전부터 그걸 만들어 준 선수들과 고참들, 예를 들면 전에 주장을 했던 (오)지환이 같은 선수들이 문화를 잘 만들어졌기 때문에 팀이 무너지지 않은 것 같다”고 했다. 내년부터 LG와 두산은 주경기장을 임시 홈 구장으로 사용한다. 새 구장의 경우 구체적인 구장 규격 등이 공개되진 않았다. 박해민은 “어떻게 될지는 모르겠지만 작아진다면 내 수비 범위도 작아질 수 있기 때문에 아쉬울 것 같기는 하다”면서도 “잠실에선 장타가 안 나오니까 나 빼고 야수들은 다 좋아할 것 같다. 나도 투수들처럼 아쉽다”고 웃었다. 박해민은 전반기 타율 0.291(282타수 82안타) 3홈런 35타점 24도루 OPS(출루율+장타율) 0.727을 기록했다. 자신의 성적에 점수를 매겨달라는 질문에 “70~80점”이라고 답한 박해민은 “내 생각보다 타격이 좋았지만, 시즌 끝날때까지 잘 유지해야 한다. 팀적으로도 팬들이 원하는 시원한 야구를 조금 더 보여줘야 되지 않을까 생각한다”고 말했다. 김효경 기자 kaypubb@joongang.co.kr",https://v.daum.net/v/bQbT0swaCO
2026.07.11 17:08,"프로야구 SSG서 방출된 하재훈, 울산웨일즈서 새 출발",경상일보,"시민프로야구단 울산웨일즈는 최근 SSG 랜더스에서 방출된 외야수 하재훈을 영입했다고 11일 밝혔다. 울산웨일즈는 ""하재훈은 자유계약선수로 풀린 뒤 현역 연장 의지를 밝히며 새 둥지를 물색했고, 울산은 그의 장타력과 풍부한 경험을 높이 평가해 영입을 결정했다""고 밝혔다. 하재훈은 미국프로야구 마이너리그와 일본프로야구에서 야수로 활약하다 2019년 SSG의 전신인 SK 와이번스에 입단한 뒤 투수로 뛰며 그해 구원 1위(36세이브)에 올랐다. 그러나 이후 어깨 부상으로 고전했고, 2022년 타자로 전향했다. 하재훈은 KBO리그 통산 타율 0.251, 26홈런, 92타점을 기록했고, 올 시즌엔 1군 18경기에서 타율 0.143, 3홈런, 8타점의 성적을 낸 뒤 지난 달 30일 팀에서 방출됐다. 하재훈은 ""몸 상태는 좋다. 저를 믿고 선택해 주신 만큼 처음부터 다시 시작한다는 각오로 최선을 다하겠다""고 말했다. 권지혜기자 ji1498@ksilbo.co.kr",https://v.daum.net/v/4Ba9dU3Ghb
2026.07.11 17:07,"KIA 김도영 '왜' 배팅볼 투수 교체했나 '비하인드' 공개 ""(문)현빈...",스타뉴스,"[스타뉴스 | 잠실=김우종 기자] KIA 타이거즈 김도영(23)이 전날(10일) 홈런 더비에서 무기력하게 물러난 것에 관해 아쉬운 마음을 재치 있게 표현했다. '별들의 축제' 2026 신한 SOL KBO 올스타전이 11일 오후 6시 잠실야구장에서 펼쳐진다. 올 시즌을 끝으로 잠실야구장이 역사 속으로 사라지는 가운데, 마지막 잠실야구장 올스타전이라 할 수 있다. 나눔 올스타의 김도영은 전날 홈런 더비에 출전했으나 아쉽게 우승과 연을 맺지 못했다. 현재 정규리그에서 27개의 홈런을 터트린 김도영은 홈런 더비 예선에서 2개밖에 담장을 넘기지 못하며 5위로 다음을 기약해야만 했다. 김도영은 11일 올스타전을 앞두고 취재진과 인터뷰에서 ""아까 차 타고 출근하는데, 정말 날씨가 엄청 더운데도 불구하고 줄이 엄청나게 길게 서 있더라. 다시 한번 야구의 인기를 느낄 수 있었고, 더 잘해야겠다는 생각이 들었다""고 입을 열었다. 전날 홈런 더비에서 탈락한 것에 관해 ""당연히 일단 아쉬웠다. 그래도 나름 홈런 부문 공동 1위인데, 또 많이 쳐야 하는데, 그러지 못해 좀 아쉬웠다. 그래도 오늘 또 중요한 경기가 남아 있기 때문에 괜찮다고 생각한다""며 자신의 마음을 전했다. 전날 홈런 더비에서 김도영에게 배팅 볼을 던져준 선수는 과거 한솥밥을 먹었던 박찬호(두산 베어스)였다. 당초 김도영의 배팅 볼 투수는 문현빈이었는데 바뀌었던 것. 어떤 사연이 있었을까. 그는 ""(찬호 형의) 공은 괜찮았다. 근데 제가 그냥 못 친 거다. 일단 찬호 형은 저를 정말 우승 후보라 생각하고 잘 던져주려고 했다. 그런데 그 기대에 부응하지 못해 죄송스럽고 좀 아쉽다""고 이야기했다. 그러면서 문현빈에서 박찬호로 배팅 볼 투수가 교체된 것에 관해 ""어제 사실 연습하려고 (문)현빈이 공을 쳐봤는데 너무 안 좋더라.(웃음)""며 주위에 폭소를 안긴 뒤 ""그런데 그다음에 찬호 형이 (박)준순이 연습시켜주러 왔더라. '어? 찬호 형이 있었네' 하고 다시 생각하게 됐고, 찬호 형 역시 '그래도 (예전에) 쳐본 공이니까 자기 공을 치라'고 하더라. 그래서 쳐봤는데 결과는 아쉽게 됐다""고 말했다. 그런데 같은 팀인 KIA의 포수 한준수는 강백호와 한 조를 이뤄 끝내 우승을 차지했다. 김도영은 ""(한)준수 형이 제일 (저와) 맞았던 것 같다. 그게 맞는 판단이었던 것 같은데""라며 주위에 재차 웃음을 안긴 뒤 ""사실 제가 준수 형을 택하지 않은 이유는 우리 팀인데, 더비에 나가 혹사하면 저희 손해라 생각했다. 지금 저희 팀 포수 귀하다.(웃음) 그래서 굳이 힘을 쓰지 않게 하고 싶었는데, 그래도 같은 팀 선수인데 제가 잘 믿지 못한 게 아쉬운 결과로 이어졌다""며 연신 재치 있게 이야기했다. 잠실=김우종 기자 woodybell@mtstarnews.com",https://v.daum.net/v/Z1kmaKqFSo
2026.07.11 17:04,잠실 최후의 올스타전 라인업 떴다! → '최정-최형우-디아즈 vs 김도영...,스포츠조선,[잠실=스포츠조선 한동훈 기자] 잠실야구장 마지막 올스타전 라인업이 공개됐다. 11일 오후 6시 잠실구장에서 2026 KBO 올스타전이 펼쳐진다. SSG 삼성 KT 롯데 두산이 연합한 드림 올스타가 홈팀이다. LG 한화 NC KIA 키움이 모인 나눔 올스타가 원정팀이다. 드림 올스타는 최원준(우익수)-구자욱(좌익수)-최정(3루수)-최형우(지명타자)-디아즈(1루수)-양의지(포수)-박준순(2루수)-정수빈(중견수)-박찬호(유격수)로 선발 타순을 짰다. 선발투수는 곽빈. 나눔 올스타는 박민우(2루수)-박해민(중견수)-김도영(3루수)-강백호(지명타자)-오스틴(1루수)-문현빈(우익수)-김주원(유격수)-허인서(포수)-박재현(좌익수)로 맞선다. 선발투수는 올러다. 한동훈 기자 dhhan@sportschosun.com,https://v.daum.net/v/tD7cgbzt7I
2026.07.11 17:04,잠실 마지막 올스타전서 ‘최다 득표’ 두산 양의지 “아이오아이 영향 받은...,스포츠경향,"두산 양의지가 최다 득표 획득을 하게 해준 팬들에게 고마움을 표했다. 양의지는 11일 잠실구장에서 열린 KBO 올스타전을 앞두고 “팬 투표 1위를 해서 영광스럽고 진심으로 감사드린다”고 했다. 이날 열리는 올스타전은 잠실구장에서 열리는 마지막 별들의의 축제다. 양의지는 “마지막에 뽑혀서 나갈 수 있게 되어서 너무 영광이다”라며 “지난해에 올스타전에 출전 못 했는데 올해 다시 출전할 수 있게 되어서 기쁘게 생각한다”고 전했다. 두산은 이번 올스타전에서 투표 독려 숏폼 영상을 찍는 등 노력을 많이 했다. 양의지 역시 걸그룹 아이오아이의 신곡 ‘갑자기’에 맞춘 숏폼 영상을 찍었다. 당시 아이오아이는 데뷔 10주년을 맞아 신곡을 냈고 노래 후렴구에서 ‘자려고 누웠는데 갑자기’가 ‘자려고 누웠는데 양의지’라고 들린다고 해서 화제가 됐다. 실제로 양의지는 아이오아이 멤버들과도 영상을 찍기도 했다. 양의지는 “요즘은 시대가 바뀌어서 많이 홍보를 해야하는 것 같다”며 “팬들이 즐겁게 봐주시고 야구장에서 더 많은 팬분들이 찾아와주시고 관심 가져주셔서 그런 면에서 좋은 것 같다”고 말했다. 아이오아이에 대한 영향이 얼마나 있었느냐는 질문에는 “나도 영향을 많이 받았지만 아이오아이도 영향을 많이 받지 않았나. 음원 차트 보니까 갑자기 1등을 찍었더라. 너무 축하드린다”고 했다. 그러면서 “아이오아이가 1등 찍은 것처럼 후반기에 힘내서 좋은 성적을 내도록 하겠다”고 마음을 다졌다. MVP에 대한 욕심도 없지 않다. 양의지는 “MVP까지 되면 더할나위가 없을 것”이라면 “퍼포먼스도 퍼포먼스고, 경기도 경기고 최선을 다하도록 하겠다”고 각오를 다졌다. 잠실 | 김하진 기자 hjkim@kyunghyang.com",https://v.daum.net/v/8iEOD6fz35
2026.07.11 17:02,"'괴물급 활약' 누구보다 당당한 올스타 류현진 ""후반기 목표는 오직 가을...",스포츠조선,"[잠실=스포츠조선 김용 기자] ""개인적인 목표는 없다. 작년처럼 가을야구에 갈 수 있으면 좋겠다."" '괴물' 류현진(한화)이 성공적인 전반기를 마치고 축제의 무대에 선다. 류현진은 11일 잠실구장에서 열리는 KBO리그 올스타전 나눔 올스타로 감독 추천 선수로 선발됐다. 한화는 전반기 활약이 대단했던 왕옌청을 올스타 베스트12 후보로 선택해 류현진이 투표를 받을 기회가 없었다. 하지만 전반기 8승2패 평균자책점 2.67 괴물같은 활약을 펼친 류현진 없는 올스타전은 있을 수 없다며, 김경문 감독의 적극 지지 속 류현진도 올스타 유니폼을 입게 됐다. 류현진은 올스타전을 앞두고 ""너무 기쁘다. 오늘 하루 팬분들과 즐길 수 있는 시간을 가지겠다. 평소 잘 모르던 후배 선수들과도 함께 할 수 있게 된 것도 의미가 있다. 선후배로서 함께 하는 시간""이라고 참가 소감을 밝혔다. 잠실구장 마지막 올스타전에 대해서는 ""특별한 건 없고, 잠실구장은 투수들이 모두 좋아하는 야구장이다. 나도 그 선수 중 한 명이었다""고 말하며 웃었다. 류현진은 전반기를 돌이키며 ""선발투수로서 할 수 있는 역할을 다 한 것 같아 개인적으로 만족한다. 강판 안 당하고, 팀이 이길 수 있는 경기를 만들면서 선발이 할 수 있는 역할을 한 것 같다. 그 부분이 가장 만족스럽다""고 자평했다. 류현진은 후반기 목표에 대해 ""개인적인 건 하나도 없다. 작년처럼 가을야구에 갈 수 있으면 좋을 것 같다. 꼭 그렇게 할 수 있도록 선수들과 준비 잘 하겠다""고 강조했다. 류현진은 2500삼진에 딱 1개를 남겨둔 것에 대해서도 ""기록은 내가 하고 싶다고 할 수 있는 게 아니다. 신경쓰지 않는다. 내가 할 수 있는 역할만 생각하고 준비한다""고 밝혔다. 잠실=김용 기자 awesome@sportschosun.com",https://v.daum.net/v/GoQSORQ9uR
2026.07.11 17:02,"8년 만에 팬 투표 1위 두산 양의지 ""야구 흥행 시기에 영광""",연합뉴스,"(서울=연합뉴스) 김동한 기자 = ""프로야구가 흥행하는 시기에 팬 투표 1위를 차지해 영광입니다. 팬 여러분께 진심으로 감사드립니다."" 프로야구 두산 베어스의 포수 양의지(39)는 11일 서울 잠실야구장에서 열리는 2026 신한 SOL뱅크 KBO 올스타전을 앞두고 이같이 소감을 밝혔다. 양의지는 올해 드림 올스타 포수 부문에서 역대 최다인 260만5천510표를 얻었다. 지난해 한화 이글스 김서현의 종전 기록 178만6천837표를 넘어섰다. 2018년에 이어 8년 만에 팬 투표 전체 1위에 오른 그는 이만수, 강민호에 이어 팬 투표 최다 득표를 두 차례 이상 기록한 역대 세 번째 포수가 됐다. 통산 15번째 올스타에 선정된 양의지는 양준혁, 강민호와 역대 최다 선정 공동 2위에도 올랐다. 1위는 16차례 뽑힌 김현수(kt wiz)다. 양의지는 ""지난해에는 올스타전에 출전하지 못했는데, 잠실에서 열리는 마지막 올스타전에 다시 참가하게 돼 더욱 기쁘다""고 말했다. 양의지는 이번 올스타 팬 투표 홍보 과정에서 아이오아이(I.O.I)의 노래 '갑자기' 가사를 '자려고 누웠는데 양의지'로 바꾼 밈을 효과적으로 활용해 팬들의 호응을 끌어냈다. 그는 ""요즘은 선수들도 자신을 적극적으로 알리는 시대""라며 ""팬들께서 재미있게 봐주시고 야구장도 더 많이 찾아주셔서 좋다""고 했다. 이어 ""저도 영향을 받았지만, 아이오아이도 음원 차트 1위에 올랐다고 들었다""며 ""우리도 후반기에 힘을 내 좋은 성적을 거두겠다""고 다짐했다. 잠실구장에서 열리는 마지막 올스타전인 만큼 두산과 LG 트윈스에서 뛴 김현수(kt wiz)는 잠실 마지막 올스타전 출전을 바랐지만 드림 올스타 1루수 부문 2위에 그쳤다. 양의지는 ""얼마 전 김현수와 함께 식사했는데, 올스타전에 나가고 싶다고 하더라. 그런데 명단에 없어서 그 뒤로는 연락하지 않았다""며 ""지금은 열심히 아이를 돌보고 있을 것""이라고 웃으면서 말했다. 두산에서 14시즌을 보낸 양의지는 잠실구장의 가장 소중한 기억으로 2015년 한국시리즈 우승을 꼽았다. 올 시즌 전반기 타율 0.253, 11홈런, 43타점을 기록한 그는 ""잠실구장이 철거되기 전에 이곳에서 최대한 오래 가을야구를 하고 싶다""며 ""지난해 9위에 그친 만큼 선수들 모두 후반기 반등을 목표로 하고 있다""고 말했다. moved@yna.co.kr (끝) ▶제보는 카톡 okjebo",https://v.daum.net/v/zYdLepFYZZ
2026.07.11 17:00,"구자욱, 올스타전 '퍼포먼스' 발언 해명…""열심히 하고 싶다는 생각에""",뉴스1,"(서울=뉴스1) 서장원 기자 = 프로야구 삼성 라이온즈 구자욱이 온라인상에서 이슈가 된 올스타전 퍼포먼스 관련 발언에 대해 해명했다. 구자욱은 11일 서울 잠실 구장에서 열리는 올스타전에 앞서 취재진과 만나 ""올스타전에서는 늘 열심히 하고 싶다. (퍼포먼스로 인해) 집중이 잘 안되고 흐름이 끊긴다는 개인적인 생각에 말한 것""이라고 말했다. 구자욱은 지난 9일 전반기 마지막 경기였던 LG 트윈스전이 끝난 뒤 진행한 방송 인터뷰에서 선수들의 퍼포먼스에 대한 솔직한 발언으로 화제가 됐다. 특히 자신과 함께 드림 올스타 외야수 부문에 뽑힌 정수빈(두산 베어스)의 투표 홍보 영상 이야기가 나오자 ""그런 노력은 크게 중요하다고 생각하지 않고, 성적으로 (올스타에) 가야 하는 게 아닌가 생각한다""고 말했다. 이를 들은 아나운서가 '정수빈 선수가 너무 슬퍼할 것 같다'고 말하자 구자욱은 ""그렇게 뽑히셨으니까 그래도 하셔야죠""라고 답했다. 구자욱의 발언에 야구팬 사이에서 갑론을박이 일어났다. 올스타전의 또 다른 즐길 거리인 퍼포먼스에 대한 구자욱의 발언이 경솔했다는 반응이 대다수였다. 이에 구자욱은 ""퍼포먼스를 좋아하는 팬들도 있겠지만, 다른 시각에서는 선수들이 열심히 하는 걸 보고 싶어 하는 팬들도 있을 것""이라면서 ""그동안 퍼포먼스를 많이 보여줬으니 열심히 하는 경기도 재밌을 것이라고 생각했다""고 설명했다. 베테랑으로서 올스타전이 퍼포먼스에 치중되는 분위기보다 진지하게 경기에 임하는 모습도 보여주고 싶다는 의미였지만, 구자욱 발언의 불똥이 정수빈에게 튀면서 비판 수위가 한층 높아졌다. 구자욱은 정수빈에게도 사과의 뜻을 전했다. 그는 ""(정)수빈이 형과 사적으로도 자주 보는 친한 사이다. 기분이 나쁘셨다면 죄송하다. 오늘도 만나서 잘 얘기했다. 수빈이형 옆에 딱 붙어 있을 것""이라고 말했다. 구자욱의 인터뷰가 끝난 뒤 만난 정수빈도 해당 이슈에 대해 대수롭지 않은 반응을 보였다. 정수빈은 ""(구)자욱이는 워낙 어릴 때부터 친한 관계고, 자욱이 성격도 잘 알기에 개인적으로 크게 문제 될 건 없다""며 ""모르는 사람이 그렇게 말했으면 기분이 나쁠 수도 있는데, 워낙에 장난도 많이 치는 선수고 잘 아는 사이다 보니 다 이해한다""고 말했다. 구자욱과 이야기를 나눴다는 정수빈은 ""자욱이도 깜짝 놀라서 다음부터 조심한다고 했다. 요즘 시대는 언행이나 크게 이슈가 되는 경우가 많으니 이번 일을 계기로 더 조심할 것""이라고 말했다. superpower@news1.kr",https://v.daum.net/v/y2Sa4XYCYS
2026.07.11 17:00,"'최다 득표' 오타니, 무릎 통증으로 올스타전 불참...'비데남' 무라카...",더게이트,"[더게이트] 역대 올스타 최다 득표를 기록한 현존 최고의 슈퍼스타가 정작 별들의 무대에는 서지 못하게 됐다. 오타니 쇼헤이의 2026 메이저리그 올스타전 출전이 무릎 부상으로 무산됐다. LA 다저스는 11일(한국시간) 애리조나 다이아몬드백스전을 앞두고 오타니가 이날 선발 등판을 취소하고, 오는 15일 필라델피아에서 열리는 메이저리그 올스타전에도 나서지 않는다고 발표했다. 왼쪽 무릎 통증 관리가 이유다. 다저스 구단은 공식 발표에서 오타니의 치료 과정이 ""시즌 후반기를 위한 최적의 몸 상태를 만드는 데"" 목적이 있다고 밝혔다. 무릎 통증은 투구할 때만 문제가 되고, 타격에는 지장이 없다는 설명이다. 실제로 오타니는 등판을 건너뛴 이날 경기에 지명타자로 나서 첫 타석에서 홈런을 쳤다. 다저스는 이날 애리조나에 3대 9로 졌다. 오타니는 주말까지 지명타자로 계속 출전한 뒤, 13일 경기가 끝나면 무릎에 고인 물을 빼내고 통증을 줄이는 주사를 맞을 예정이다. 왼쪽 무릎은 2019년 9월 선천성 무릎뼈 이분증 치료로 수술받았던 바로 그 부위다. 통증이 시작된 지난달 이후로는 도루 시도도 한 번도 하지 않았다. 투구할 때는 무릎을 덜 쓰려고 마운드 발판을 밟는 위치까지 바꿨는데, 그 여파로 최근 세 차례 선발 등판에서 18이닝 10실점(9자책점)에 그치며 페이스가 눈에 띄게 떨어졌다. 10월을 바라본 다저스의 결단 애리조나전 패배 후 오타니는 통역을 통해 ""정규 일정대로 다시 던질 수 있는 게 목표""라고 말했다. 이날도 등판이 아예 불가능한 상태는 아니었지만, 무리가 될 수 있다고 판단해 등판을 취소했고 휴식기 동안 등판 가능한 몸 상태를 만들기로 했다는 설명이다. 오타니는 ""무릎 통증이 도졌다가 가라앉았다가 한다. 업앤다운이 꽤 있다""며 현재 상태를 전했다. 데이브 로버츠 다저스 감독은 이날 취재진과 만나 ""오타니가 무릎 관리를 상당히 잘해오고 있다""면서도 ""선제적으로 물을 빼고 필요한 조치를 취할 기회가 있다면, 올스타 휴식기 동안 그렇게 하기로 했다""고 설명했다. 사이영상 도전을 사실상 접은 것 아니냐는 질문에는 ""모두의 목표는 항상 10월""이라며 ""사이영상도 염두에 뒀던 게 당연하지만, 10월에 건강한 몸으로 나오는 것보다 앞서는 건 없다. 팀과 본인을 위해 등판 한 번을 양보한 건 놀랄 일이 아니다""라고 답했다. 다저스는 후반기 투수 로테이션을 아직 확정하지 않았다. 다만 로버츠 감독은 시술 후에도 큰 공백 없이, 다음 주 양키스타디움 원정 경기부터 바로 타석에 설 수 있을 것으로 내다봤다. 오타니는 토론토 블루제이스 어니 클레멘트와 함께 올해 올스타 1차 팬 투표에서 리그 최다 득표를 기록해, 2차 투표 없이 곧바로 올스타행을 확정 지은 상태였다. 내셔널리그에서만 334만 1250표가 넘는 압도적인 지지를 받으며 지명타자 부문 1위에 올랐고, 6년 연속 올스타 선정이라는 기록도 세웠다. 하지만 무릎 탓에 이번에는 그라운드 밖에서 축제를 지켜보게 됐다. 11일 경기를 불펜 데이로 치른 다저스는 카일 허트가 오타니의 선발 자리를 대신했다. 야마모토 요시노부는 예정대로 12일 마운드에 오르고, 에밋 시한이 전반기 마지막 경기인 13일 선발로 나선다. 다저스에서 함께 올스타에 뽑힌 프레디 프리먼과 맥스 먼시, 앤디 파헤스는 예정대로 필라델피아로 향한다. 다만 12일 등판하는 야마모토가 실제로 올스타전 마운드에 오를 가능성은 낮다. 괴물 홈런타자 무라카미, 홈런 더비 출전 한편 오타니와 달리 다른 일본인 스타 무라카미 무네타카는 올스타 홈런더비 참가가 확정됐다. 무라카미는 지난 5월 말 부상자 명단에 오르기 전까지 20홈런을 몰아치며 메이저리그를 뒤흔들었던 타자다. 시즌 성적은 타율 0.240에 장타율 0.560, OPS 0.938에 달한다. 배럴 타구 비율 20.7%, 강한 타구 비율 58.7%로 두 지표 모두 메이저리그 상위 1%에 해당하며 비거리 131.6m짜리 홈런을 친 기록도 있다. 무라카미와 경쟁할 선수로는 메이저리그 홈런 1위(32개)인 카일 슈와버, 2018년 우승자이자 이번 대회 홈구장의 주인이기도 한 브라이스 하퍼가 나선다. 세인트루이스 카디널스 조던 워커, 보스턴 레드삭스 윌슨 콘트레라스, 캔자스시티 로열스 잭 캐글리온, 뉴욕 양키스 벤 라이스, 지난해 준우승자인 탬파베이 레이스 주니어 카미네로가 도전장을 던졌다. 방식도 크게 바뀐다. 2015년부터 써온 제한시간 방식 대신, 참가자마다 정해진 스윙 횟수(1라운드 20번, 2라운드와 결승 각 15번)를 채우는 방식으로 진행된다. 홈런 여부와 관계없이 스윙 한 번 한 번이 모두 횟수에 포함되며, 마지막 스윙에서 홈런을 치면 실패할 때까지 보너스 스윙이 이어진다. 1라운드 상위 4명이 2라운드에 올라 성적 순으로 맞붙고(1위 대 4위, 2위 대 3위), 동점이면 1라운드는 최장 거리 홈런으로, 이후 라운드는 세 번의 스윙오프로 승부를 가린다. 홈런더비는 14일 필라델피아 시티즌스뱅크파크에서 열리며, 글로벌 OTT 플랫폼 넷플릭스가 사상 처음으로 생중계를 맡는다.",https://v.daum.net/v/zlZAP1XSFs
2026.07.11 17:00,"'홈런더비 예선 탈락' KIA 김도영 ""나름 홈런 공동 1위 선수인데…준...",스포츠투데이,"[잠실=스포츠투데이 강태구 기자] KIA 타이거즈의 슈퍼스타 김도영이 홈런더비에 대한 아쉬움을 전했다. 김도영은 11일 서울 잠실야구장에서 열리는 2026 신한 SOL KBO리그 올스타전에서 3루수 부문 베스트 12에 발탁됐다. 본격적인 행사 전 김도영은 취재진과 만나 인터뷰를 진행했다. 김도영은 ""차 타고 출근하는데 정말 날씨가 엄청 더운데도 불구하고 줄이 엄청 길게 서 있더라. 그래서 새삼 다시 한 번 야구의 인기를 느낄 수 있었고, 더 잘해야겠다는 생각이 들었다""고 운을 뗐다. 전날(10일) 김도영은 홈런더비에 참가했지만, 예선에서 2개의 홈런 밖에 기록하지 못하면서 탈락했다. 그는 ""아쉬웠다. 그래도 나름 홈런 공동 1위 선수인데 많이 치지 못해서 아쉬웠다. 그래도 오늘 중요한 경기가 남아 있기 때문에 괜찮다는 생각도 들었다""고 말했다. 홈런더비에서 박찬호와 합을 맞춘 김도영은 ""공은 괜찮았다. 제가 그냥 못 쳤다. 찬호형은 저를 정말 우승 후보라 생각하고 잘 던져 주려고 했던 것 같은데, 기대에 부응하지 못해서 죄송스럽고 아쉽다""고 설명했다. 원래 김도영의 파트너는 문현빈이었다. 김도영은 ""연습 때 현빈이 공을 쳐봤는데, 너무 안 좋더라. 그러다 찬호형이 (박)준순이 연습 도와주려고 왔는데, 자기 거 쳐보라고 해서 쳐봤는데 결과가 아쉽다""고 이야기했다. 반면 팀 동료인 한준수와 합을 맞춘 강백호는 우승을 차지했다. 이에 대해선 ""준수형이 제일 맞았던 것 같다. 근데 우리 팀인데 혹사시키면 저희 손해고, 지금 저희 팀 포수가 귀한 상황이라 굳이 힘을 쓰게 하고 싶지 않았다""고 했다. 김도영은 홈런더비에서 팬이 준 신발을 신고 나왔다. 그는 ""감사하게도 한 팬분께서 계속 커스텀을 해주신다. 정말 감사하게도 잘 신고 있고, 너무 센스 있고 이쁘게 해주셨다""며 ""중학생 남자 팬분이시다. 부모님이랑 항상 같이 오시는데, 늘 편지도 주셔서 열심히 해야겠다는 생각을 항상 갖고 있다""고 밝혔다. 홈런더비와 연이 없는 김도영은 ""이젠 그냥 하고 싶지 않다. 홈런 더비뿐만 아니라 야구를 안하고 싶더라. 후반기엔 홈런 신경 안 쓰고 야구를 해야 할 것 같다. 의식해서 힘만 들고, 자세만 망가지는 것 같아서 이젠 욕심 없다""며 웃었다. 김도영은 이번 올스타전을 마친 뒤 후반기를 준비하게 된다. 그는 ""아시안게임 가기 전까지 다치지 않는 것이 가장 중요하다. 그 와중에 팀에 도움이 많이 되는 선수가 되는 것이 목표다""라고 말했다. 이어 ""지금 나름 수비는 괜찮다고 생각해서 수비는 유지하고 타격 쪽에서 좀 더 출루하는 쪽으로 방향을 잡고 싶다. 일단 아시안게임 가기 전까진 풀타임을 계속 소화하고 싶고, 욕심을 가지기보단 팀에 어떻게 도움이 될 수 있을 지를 냉정하게 생각하고 싶다""고 덧붙였다. 이번 올스타전은 잠실야구장에서 열리는 마지막 올스타전이다. 김도영은 ""제가 신인 때 잠실에서 유니폼을 안 가져온 적이 있었다. 그때 관중석에 올라가서 어떤 팬분께 유니폼을 빌려 입었던 기억이 있다. 또 그날 잘해서 광주에서 제가 사인도 해드렸던 기억이 있다""고 잠실에서의 추억을 돌아봤다. [스포츠투데이 강태구 기자 sports@stoo.com]",https://v.daum.net/v/PetuToiPyK
2026.07.11 16:59,"잠실과 이별하는 류현진 ""투수들이 가장 좋아하는 구장, 안녕""",연합뉴스,"(서울=연합뉴스) 이대호 기자 = 11일 서울 잠실구장에서 열리는 KBO 올스타전은 특별한 의미를 지닌다. 오랫동안 한국 야구의 메카로 불렸던 잠실구장이 올해를 끝으로 폐장하기 때문이다. '굿바이 잠실'이라는 테마 속에 별들의 잔치가 열리는 가운데 류현진(한화 이글스)도 잠실구장에 대한 추억을 떠올렸다. 류현진은 경기에 앞서서 취재진과 만나 ""잠실구장이라고 하면 10개 구단 모든 투수가 가장 좋아하는 곳""이라며 ""나 역시 그중 한 명으로 감회가 새롭다""고 말했다. 류현진은 2006년 신인으로 데뷔전을 잠실에서 치러 승리투수가 됐다. '괴물 투수' 전설의 출발점이 잠실구장인 셈이다. 류현진은 2024년 올스타전에서 37세 3개월 11일의 나이로 등판해 최고령 승리투수 타이틀을 거머쥔 바 있다. 만약 오늘 경기에서 다시 한번 승리투수가 된다면 39세 3개월 16일의 나이로 자신이 세웠던 기록을 2년 만에 갈아치우게 된다. 하지만 축제를 앞둔 베테랑의 마음가짐은 무척 여유로웠다. 최고령 승리투수 타이틀이 자부심이 될 수 있겠냐는 질문에 류현진은 ""전혀 아니다. 그저 오늘 하루 팬분들과 기쁘게 즐길 수 있는 시간을 갖는 것이 먼저""라며 호탕하게 웃었다. 전반기 막판 우천 취소로 인해 휴식을 취하며 후반기를 준비하게 된 류현진은 자신의 전반기를 긍정적으로 평가했다. 류현진의 전반기 성적은 15경기 8승 2패 평균자책점 2.67로 KBO리그 복귀 3년 만에 가장 좋은 성적을 냈다. 그는 ""이른 강판을 당하지 않고 선발 투수로서 팀이 이길 수 있는 경기를 만들어준 것 같아 만족스럽다""고 돌아봤다. 현재 한미 통산 2천500탈삼진 대기록에 단 1개만을 남겨두고 있지만, 이조차도 ""기록적인 부분은 하고 싶다고 되는 게 아니니 신경 안 쓴다""고 말했다. 끝으로 류현진은 ""개인적인 목표는 아무것도 없다. 작년처럼 팀이 가을야구 나갈 수 있도록 선수들과 준비 잘하겠다""고 후반기 목표를 밝혔다. 4bun@yna.co.kr (끝) ▶제보는 카톡 okjebo",https://v.daum.net/v/pTLj65HlZE
2026.07.11 16:59,키움 박준현 “우진이 형은 괴물 같은 투수…언젠가 메이저리그에서 선발 맞...,세계일보,"[잠실=남정훈 기자] “언젠가 (안)우진이 형과 메이저리그에서 상대 팀으로 맞붙고 싶어요” 2026 KBO 올스타전이 열린 11일 서울 잠실구장. 나눔 올스타(LG, 한화, NC, KIA, 키움)이 쓰는 3루 더그아웃에서 키움의 박준현을 만났다. 지난해 신인 드래프트에서 전체 1순위로 키움의 지명을 받은 박준현은 올 시즌 곧바로 선발 로테이션에 합류했다. 전반기에 10경기에 나서 49이닝을 던져 1승4패 평균자책점 3.67을 기록했다. 이닝당 1개에 육박하는 46개의 탈삼진을 잡아냈지만, 35개나 허용한 볼넷은 옥에티였지만, 최고 160km에 달하는 광속구는 박준현의 잠재능력을 보여주기에 충분했다. 데뷔 시즌에 올스타전에 참가하게 된 소감을 묻자 “팀에서 저를 보내주셔서 감사드린다. 좋은 추억을 쌓고 후반기에는 더 좋은 모습을 보여드릴 수 있도록 하겠다”라고 답했다. 박준현이 선수로 올스타전에 나서는 건 이번이 처음이지만, 올스타전 자체에 온 건 이번이 처음은 아니다. 아버지 박석민이 올스타로 뽑혔을 때 아들 자격으로 함께 한 적이 있다. 이에 대해 박준현은 “그때 기억은 사실 없다. 사진을 보긴 했지만, 기억이 잘 나진 않는다”라면서 “부자 올스타에 대해서도 별 다른 생각을 하진 않았다. 아빠도 별로 말을 안 하셨다. 그저 ‘가서 선배들한테 인사 잘 드리려라’ 정도만 말씀하셨다”라고 답했다. 전체 1순위 신인의 전반기는 스스로 평가하기에 어땠을까. 박준현은 “아쉬운 부분이 많았던 것 같다. 마운드에서 한 번씩 스스로 제구적인 부분이 무너졌던 게 아쉽다. 불리한 카운트에 많이 맞았는데, 후반기에는 맞더라도 유리한 카운트를 잡기 위해 공격적으로 피칭하고 싶다”라고 설명했다. 박준현은 어릴 적부터 롤모델로 삼았던 선수와 함께 뛰고 있다. 국가대표 1선발이라 불리는 안우진이 그 주인공이다. 박준현은 “스프링캠프 때부터 우진이 형이 잘 챙겨주셨다. 지금도 야구적인 부분에서 조언을 많이 해주신다. 우진이 형과 한 팀인 게 제게 가장 큰 복인 것 같다”라면서 “우진이 형은 제가 야구하면서 ‘진짜 괴물이다’라고 생각한 거의 유일한 선수다. 우진이 형은 던지는 것만 봐도 ‘이 사람은 진짜 다르다’라는 것을 느꼈다. 몇 년 뒤에는 우진이 형만큼 하고 싶다”라고 선배에 대한 존경심을 드러냈다. 이어 “우진이 형에게 능력을 하나 뺏고 싶은 게 있다면 습득력이다. 밸런스가 좋지 않거나 그럴 때 코치님이 조언해주시면 그걸 곧바로 반영하더라. 그런 재능을 뺏고 싶다”라고 덧붙였다. 박준현은 큰 그림을 그리고 있다. “지금은 같은 팀이지만, 언젠가는 다른 팀에서 선발 맞대결을 해보고 싶다. 국내에서는 그게 힘들 것 같고, 메이저리그에서는 다른 팀이 되어 선발 맞대결을 해보고 싶다” 잠실=남정훈 기자 che@segye.com",https://v.daum.net/v/3g3UvLJ6jI
2026.07.11 16:59,"김도영 “홈런더비 실패, 야구 안 하고 싶었다” 웃음[스경X현장]",스포츠경향,"2026시즌 전반기 오스틴 딘(LG)과 함께 리그 최다 홈런 부문 공동 1위를 달리는 김도영(KIA)은 올스타 홈런더비 강력한 우승 후보로 꼽혔다. 하지만 10일 홈런더비에서 총 2개를 치는 데 그쳐 충격의 예선 탈락을 안았다. 오스틴은 허리 불편으로 결장했고 리그 홈런 3위인 강백호(한화)가 홈런더비 우승을 차지했다. 김도영은 11일 잠실구장에서 올스타전에 앞서 취재진과 만나 “어제(10일) 홈런더비를 실패하고 나서 홈런더비 뿐만 아니라 야구를 안 하고 싶었다”고 웃었다. 이어 “그냥 홈런이 나랑 안 맞는 것 같다. 후반기에도 홈런 신경을 안 쓰고 야구해야 할 것 같다. 홈런을 의식해서 힘만 들어가고 자세만 망가지는 것 같아서 이제 별로 욕심 없다”고 말했다. 물론 아쉬움은 짙게 남는다. 김도영은 “결과에 당연히 아쉬웠다. 지금 나름대로 홈런 공동 1위이고 많이 쳤어야 하는데 그러지 못해서 좀 아쉬웠다. 그래도 오늘 중요한 경기가 남아있기 때문에 괜찮다고 생각했다”고 했다. 김도영의 배팅볼은 박찬호(두산)가 던졌다. 김도영은 “박찬호 형 공은 괜찮았다. 내가 그냥 못 친 것”이라며 “찬호 형은 나를 정말 우승 후보라고 생각하고 잘 던져주려고 했던 것 같다. 그 기대에 부응을 하지 못해서 좀 죄송스럽고 아쉽다”고 했다. 김도영은 박찬호에게 배팅볼을 부탁한 이유에 대해 “어제 연습하려고 문현빈의 공을 쳐봤는데 너무 안 좋더라”고 웃으며 “찬호 형이 박준순을 연습시켜주러 왔는데 찬호 형이 자기 공 치라고 해줬다”고 했다. 팀 동료인 포수 한준수(KIA)는 강백호에게 배팅볼을 던져 강백호의 우승을 도왔다. 김도영은 “준수 형을 선택하는 게 제일 맞는 판단이었던 것 같다. 그래도 팀 동료인데 내가 잘 못 믿었던 게 조금 아쉬운 결과로 이어졌다”며 “준수 형을 왜 안 골랐냐면, 그래도 우리 팀인데 또 홈런더비 나가서까지 혹사시키면 우리 손해라서 그랬다. 우리 팀 포수가 귀하다. 그래서 굳이 힘 안 쓰게 하고 싶었다”고 했다. 김도영은 남은 후반기 목표에 대해 “아시안게임 가기 전까지 다치지 않는 게 중요하고 팀에 도움이 많이 돼서 많은 승수를 쌓는 것”이라며 “아시안게임 전까지 풀타임 출장하고 싶고 타석에서 내가 어떤 걸 해야 팀에 도움이 될지를 조금 더 냉정하게 생각하고 싶다. 나름대로 수비는 괜찮다고 생각해서 수비는 유지하고 타격 쪽에서 조금 더 출루하는 쪽으로 방향을 잡고 싶다”고 말했다. 김도영은 “아까 차 타고 출근하는데 날씨가 매우 더운데도 불구하고 줄이 엄청 길더라. 오늘 새삼 야구의 인기를 느낄 수 있었고 더 잘해야겠다는 생각이 들었다”고 했다. 잠실 | 유새슬 기자 yooss@kyunghyang.com",https://v.daum.net/v/VhsXrQ8Bzq
2026.07.11 16:58,"마지막 잠실 올스타전 나서는 양의지 “팬투표 1위 영광, 1위한 I.O....",뉴스엔,"[잠실=뉴스엔 안형준 기자] 양의지가 마지막 잠실 올스타전 소감을 전했다. 별들의 축제 '2026 신한 SOL 뱅크 KBO 올스타전'이 7월 11일 서울 잠실구장에서 열린다. 이번 올스타전은 올시즌을 끝으로 사라지는 잠실 야구장에서 열리는 마지막 올스타전이다. 잠실을 대표하는 선수 중 하나인 양의지(두산)는 팬투표 1위로 잠실구장 마지막 올스타전에 출전하게 됐다. 양의지는 ""잠실에서 마지막 올스타전인데 출전할 수 있어 영광이다. 작년에는 올스타전에 출전하지 못했는데 올해 다시 나오게 돼 정말 기쁘다. 팬투표 1위도 영광이고 감사하다""고 소감을 전했다. 두산 후배들과 함께 열심히 SNS 홍보도 진행한 양의지다. 양의지는 ""이제는 시대가 많이 바뀌어서 자기 홍보를 해야하는 것 같다""며 ""팬들께서 재밌게 봐주셨다. 또 팬들께서 야구장을 많이 찾아주시고 관심도 많이 가져주시니 좋은 것 같다""고 말했다. 걸그룹 I.O.I의 노래와 응원가 덕분에 '밈'의 주인공으로 떠오르기도 한 양의지다. 양의지는 ""나도 I.O.I의 영향을 받았지만 I.O.I도 그 영향을 많이 받지 않았나 싶다. 네이버 차트를 보니 1위더라. 너무 축하드린다. I.O.I가 1등을 한 것처럼 우리도 후반기에 힘을 내서 좋은 성적을 내보겠다""고 웃었다. 전날 홈런더비에 참가한 양의지는 비록 결선 진출에는 실패했지만 6홈런을 기록하며 노장의 힘을 보였다. 양의지는 ""오태곤, 허인서가 너무 잘쳐서 긴장했다. 잠실에서 홈런 1-2개만 쳐도 잘하는 것이라 생각했는데 박찬호가 공을 잘 던져줬다""며 ""40대 대표로 6개를 쳤다고 생각하고 만족한다""고 돌아봤다. 잠실구장에서의 마지막 올스타전인 만큼 감회도 남다르다. 양의지는 ""처음 1군에 데뷔한 곳도 잠실이고 첫 타석, 첫 경기, 첫 포수 출전 모두가 잠실이었다. 2015년 잠실에서 우승한 것도 기억에 남고 준우승을 많이 한 것도 기억에 남는다""며 ""오늘 MVP까지 되면 더할나위 없을 것 같다""고 웃었다. 양의지는 ""작년에 우리가 9등이었는데 올해는 잠실 마지막인 만큼 오래 야구할 수 있도록 선수들이 한 마음 한 뜻으로 노력하고 있다""고 각오도 다졌다.(사진=양의지/뉴스엔DB) 뉴스엔 안형준 markaj@ 기사제보 및 보도자료 newsen@newsen.com copyrightⓒ 뉴스엔. 무단전재 & 재배포 금지",https://v.daum.net/v/6uKj65HllV
2026.07.11 16:57,"[KBO 올스타전] 10년 만에 '삼성' 새기고 온 올스타전, 최형우 ""...",일간스포츠,"10년 만에 가슴에 'SL' 삼성 라이온즈 로고를 새기고 나타났다. 오랜만에 삼성 소속으로 올스타전에 나서는 베테랑 외야수 최형우가 소감을 전했다. 최형우는 지난달 3일부터 23일까지 실시된 팬 투표에서 179만4109표를 받은 뒤, 선수단 투표에서 278표를 받아 드림 올스타 베스트 12 지명타자 부문 선수로 선정됐다. 이로서 최형우는 삼성에서 4번(2011, 2015, 2016, 2026), KIA 타이거즈에서 4번(2017, 2022~2024) 등 8번째 별들의 축제 초청장을 받았다. 최형우는 11일 서울 잠실야구장에서 열리는 2026 신한 SOL 뱅크 KBO 리그 올스타전을 앞두고 취재진과 만나 ""거의 10년 만에 삼성 소속으로 올스타전에 오게 됐다. 팬분들이 잊지 않고 많이 뽑아주셔서 감사하다""라며 ""'아직 나를 안 잊고 계셨구나' 하는 감정을 전반기 내내 많이 느꼈다""라고 소감을 전했다. 삼성은 올 시즌 나이를 잊은 활약을 펼치고 있다. 81경기에 나서 타율 0.329, 12홈런, 66타점을 기록했다. 타율과 홈런, 타점 모두 팀 내 2위로 삼성의 전반기 1위를 견인했다. 팀 성적에 관해선 ""솔직히 1위까지는 바라지 않더라도 상위권에만 있으면 괜찮겠다고 생각했다""면서 ""프로는 결국 결과로 보여줘야 하는 무대인데, 마지막에 운 좋게 1등으로 마쳤다. 개인적으로 매우 만족스러운 전반기였다""고 평가했다. 이어 그는 ""초반에 아픈 주전 선수들이 정말 많았는데, 1.5군, 백업 선수들이 그 자리를 완벽하게 받쳐줬다""라며 ""주전 9명이 완벽하다고 해서 좋은 팀이 되는 것은 아니다. 누가 빠졌을 때 대체 선수가 제 역할을 해주는 팀이 강팀인데, 우리 팀 어린 친구들이 초반부터 참 잘 막아줬다""고 후배들에게 공을 돌렸다. 불혹을 넘긴 나이에도 여전한 기량을 과시 중인 최형우는 체력 관리 비결을 묻자 ""특별한 체력 관리는 없다. 그저 쉬는 것뿐""이라며 고개를 저었다. 그는 ""집에 가면 장모님과 아내가 배려를 정말 많이 해준다. 나이가 있다 보니 육아가 힘들 때가 있는데, 내가 최대한 아이들을 보지 않고 쉴 수 있도록 안팎에서 도와준다. 가족들의 배려 덕분에 체력을 유지하고 있다""며 고마움을 표했다. 후반기를 앞두고 후배들에게 전할 조언이 있느냐는 질문에는 ""전반기가 끝난 뒤 무슨 말을 할까 고민도 해봤지만, 특별히 당부할 것은 없다""라며 ""지금처럼 하던 대로 이 분위기를 이어간다면 후반기에도 좋은 결과가 있을 것""이라며 담담하게 신뢰를 보냈다. 한편, 최형우는 올해를 끝으로 철거되는 잠실구장에 대한 소회도 남겼다. 최형우는 ""1군에서 19년을 뛰며 정말 오래 다닌 구장이라 아쉬운 마음이 크다""면서 ""잠실이 홈구장은 아니었지만 올 때마다 늘 반가운 마음이 들었다. 잠실에서 우승도 많이 했고, 개인적으로 타격감도 좋았다. 홈런도 많이 친 기억이 있다""라고 소회했다. 그러면서 ""2014년엔 한국시리즈(KS) 끝내기 안타도 쳤고 2017년엔 KIA의 KS 우승을 여기서 했다. 여러모로 내겐 참 고마운 야구장""이라고 회상하면서 ""없어진다니까 조금 아쉽다""라고 이야기했다. 잠실=윤승재 기자 yogiyoon@edaily.co.kr",https://v.daum.net/v/uAH60swaI2
2026.07.11 16:55,"'충격 홈런더비 탈락' 김도영의 후회 ""(한)준수형 못 믿은 게 아쉽다""",스포츠한국,"[잠실=스포츠한국 심규현 기자] 모두의 예상을 뒤엎고 지난 10일 KBO 올스타전 컴투스 프 로야구 홈런더비에서 예선탈락의 고배를 마신 KIA 타이거즈 김도영이 아쉬움을 토로했다. KBO는 11일 오후 6시 서울 잠실야구장에서 2026 신한 SOL뱅크 KBO 올스타전을 개최한다. 이번 올스타전은 잠실 야구장에서 열리는 마지막 올스타전이다. 잠실 야구장은 올 시즌을 끝으로 철거된다. 한국 야구의 역사와 함께한 잠실야구장의 마지막을 장식하기 위해 10일에는 퓨처스 올스타전과 홈런더비가 진행됐다. 홈런더비에서 가장 큰 주목을 받은 선수는 단연 김도영. 그는 올해 27홈런으로 오스틴 딘과 함께 홈런 공동 1위에 올라있었다. 그러나 김도영은 예선에서 홈런 2개에 그치며 고개를 떨궜다. 우승은 한화 이글스 강백호였다. 하루가 흐른 뒤 홈런더비에 대해 얘기한 김도영은 ""나름 홈런 공동 1위 선수인데 치지 못해 아쉬웠다. 그래도 이날 중요한 경기가 있기에 괜찮다고 생각했다""고 담담히 말했다. 배팅볼을 던져준 박찬호와의 호흡에 대해선 ""사실 (박)찬호형의 공은 괜찮았다. 그냥 제가 못 친거다. 저를 우승후보라 생각해 잘 던져주려고 했던 것으로 보인다. 근데 그 기대에 부응하지 못해 죄송하다""고 아쉬워했다. 공교롭게도 이번 홈런더비 우승을 차지한 강백호는 팀 동료 한준수의 배팅볼을 쳤다. 김도영은 ""(한)준수형이 제일 맞는 판단이었다고 본다. 팀 선수인데 못 믿은 게 아쉽다. (한)준수 형을 고르지 않은 이유는 우리 팀인데 홈런더비까지 나가 혹사시키면 손해라고 생각했다. 현재 팀에 포수가 귀하다. 그래서 굳이 힘을 쓰게 하고 싶지 않았다""고 설명했다. 전반기를 마친 김도영은 다가오는 후반기 각오도 전했다. 그는 ""아시안게임에 가기 전까지 일단 다치지 않는 게 중요하다. 또 팀이 많은 승수를 쌓을 수 있도록 도움을 주고 싶다. 현재 수비는 괜찮다고 생각해 이를 유지하고 타격에서 출루를 조금 더 많이 하는 방향으로 초점을 맞출 예정""이라고 밝혔다. 스포츠한국 심규현 기자 simtong96@sportshankook.co.kr",https://v.daum.net/v/02bAgbztlF
2026.07.11 16:53,"""퓨처스 올스타전 MVP 함수호 뿌듯해 올스타 MVP 도전하겠다"" 삼성 ...",마이데일리,"[마이데일리 = 잠실 류한준 기자] ""제 타격 장갑을 착용한 걸 봤어요. 경기도 다 지켜봤죠."" 삼성 라이온즈에서 주장을 맡고 있고 11일 잠실구장에서 열리는 2026 KBO 올스타전 드림올스타로 출전하는 구자욱(외야수)이 후배의 활약에 미소지었다. 전날(10일) 잠실구장에선 퓨처스(2군) 올스타전이 열렸다. 최우수선수(MVP)로 구자욱의 팀 동료이자 후배인 함수호(외야수)가 선정됐다. 함수호는 퓨처스 남부리그 올스타에 선발돼 이날 선제 솔로 홈런을 포함해 3타수 2안타 1타점으로 활약하며 남부리그 승리를 이끌었다. 구자욱은 올스타전을 앞두고 현장을 찾은 취재진과 만난 자리에서 ""함수호가 MVP가 돼 나도 정말 기분이 좋았다""며 ""나도 오늘(11일) 열리는 올스타전에서 MVP가 될 수 있도록 열심히 뛰겠다. 퍼포먼스도 그렇지만 올스타 본경기에서 최선을 다하겠다""고 각오를 밝혔다. 삼성은 지난 9일 대구 삼성라이온즈파크에서 열린 LG 트윈스와 전반기 마지막 날 경기에서 6-5로 이겼다. 이날 승리로 51승 2무 32패가 되며 LG를 제치고 1위로 전반기를 마쳤다. 구자욱은 ""선수들이 정말 고생을 많이했는데 1위라는 좋은 성적으로 올스타 휴식기를 맞이해 기쁘다""며 ""최고의 전반기가 된 것 같다""고 얘기했다. 삼성은 이날 후반기를 위한 승부수를 던졌다. 새로운 외국인 선수로 크리스 페덱(투수) 영입을 발표했다. 구자욱도 기대가 크다. 그는 ""좋은 투수라고 이야기를 들었고 메이저리그(MLB)에서도 좋은 성적은 낸 선수로 알고 있다""며 ""나 또한 정말 기대가 되고 (페덱이) 팀에 빨리 적응할 수 있도록 주장으로 많은 도움을 주겠다""고 덧붙였다. 류한준 기자 hantaeng@mydaily.co.kr",https://v.daum.net/v/8jYvCdMVDk
2026.07.11 16:51,"‘논란의 중심’ 구자욱 직접 입열었다! 오해 해명, 정수빈에게 사과 “기...",OSEN,"[OSEN=잠실, 이후광 기자] 올스타전 퍼포먼스와 관련해 논란의 발언을 한 구자욱(삼성 라이온즈)이 오해를 직접 해명하고 정수빈(두산 베어스)에게 사과의 뜻을 전했다. 정수빈은 구자욱을 쿨하게 용서했다. 구자욱은 얼마 전 한 방송사 인터뷰에서 소신 발언을 하며 논란의 휩싸였다. 올스타전 퍼포먼스를 어떻게 준비하고 있냐는 질문에 분장 또는 퍼포먼스가 장난으로 느껴진다며 올스타전 또한 전력으로 임하고 싶다는 개인적인 견해를 조심스럽게 밝혔다. 구자욱의 소신 발언과 관련한 논란이 일파만파 커지면서 야구팬들 사이에서 갑론을박이 이어졌고, 구자욱이 올스타전에 앞서 직접 오해를 해명하기에 이르렀다. 11일 서울 잠실구장에서 열리는 올스타전에 앞서 만난 구자욱은 “올스타전을 열심히 해보고 싶다. 퍼포먼스를 하면 집중이 안 되고 흐름이 끊기지 않나. 나 혼자만의 생각이다. 물론 퍼포먼스를 좋아하시는 팬들도 있지만, 열심히 하는 걸 원하는 팬들도 있다. 그 동안 퍼포먼스를 많이 했으니 그냥 이번에는 열심히 하는 것도 재미있지 않을까 싶어서 그런 말을 했다”라고 속내를 밝혔다. 당시 인터뷰가 논란이 된 또 다른 이유는 정수빈이라는 제3자가 의도치 않게 개입됐기 때문이다. 방송 진행자가 정수빈처럼 퍼포먼스를 열심히 준비한 선수는 어떻게 하냐고 묻자 구자욱이 “준비한 선수는 그냥 하면 된다”라고 무심하게 툭 던지며 퍼포먼스를 준비하는 선수들의 노력을 폄하한 게 아니냐는 논란이 뒤따랐다. 구자욱은 이에 대해 “(정)수빈이 형과 방금 만나서 이야기했다. 우리는 사적으로도 매일 보는 사이”라며 “질문 자체가 정수빈 선수는 어떻게 되냐고 해서 그냥 그렇게 하면 된다고 이야기한 것뿐이다. 기분이 나쁘셨다면 죄송하다. 오늘 형을 만나서 잘 이야기했고, 경기 내내 형 옆에 딱 붙어있어야겠다. 내가 헤드락을 당해야할 듯하다”라고 유쾌한 미소를 지었다. 정작 정수빈은 크게 개의치 않는 모습이었다. 뒤이어 등장한 정수빈은 “(구)자욱이와 워낙 옛날부터 알았고, 친하다. 자욱이 성격도 잘 알고 있어서 크게 문제될 건 없다. 물론 어떤 측면에서 안 좋게 보일 수도 있는데 그건 본인도 인지하고 있어서 다음부터 조심할 것이다. 개인적으로 크게 문제될 건 없다”라며 “자욱이도 다음부터 조심한다고 하더라. 아무래도 요즘 시대는 언행, 단어 하나가 이슈가 될 수 있다. 이번을 계기로 다음에는 조심할 것”이라고 마음을 헤아렸다. 그러면서 “만일 모르는 사람이 그렇게 말했으면 기분이 안 좋을 수 있다. 그런데 (구)자욱이와는 평소 잘 아는 사이에 장난도 많이 친다. 가끔씩 밥도 먹는 사이다. 이런 장난이 하루이틀이 아니라서 다 이해한다”라며 “나도 우리 자욱이를 살리려면 옆에 붙어서 호응을 해야할 거 같다”라고 웃으며 쿨하게 후배를 용서했다. /backlight@osen.co.kr",https://v.daum.net/v/xmUAbTlwSP
2026.07.11 16:47,“(구)자욱이 살리려면 호응 잘해야죠” 정수빈이 해명한 ‘저격 논란(?)...,스포츠서울,[스포츠서울 | 잠실=강윤식 기자] “(구)자욱이 살리려면 호응 잘해야죠” 야구팬들이 기다린 ‘축제’를 앞두고 때아닌 ‘저격 논란(?)’이 일었다. 막역한 사이의 두 선수 간 장난이었다. 그런데 오해로 인해 다소 일이 커진 그림이다. 두산 정수빈(36)이 적극 해명했다. 아무 문제 없다. 올스타전을 재밌게 즐길 계획이다. 정수빈은 11일 서울 잠실구장에서 열린 2026 KBO 올스타전에 앞서 취재진과 만나 “나도 어젯밤에 무슨 일이 일어났나 했다. (구)자욱이와 워낙 옛날부터 친했다. 성격도 잘 알아서 크게 문제 될 건 없다”고 설명했다. 상황은 올스타전 전야 행사가 펼쳐진 11일 발생했다. 구자욱이 인터뷰에서 최근 올스타전에 대한 개인적 아쉬움을 드러냈다. 퍼포먼스보다는 경기 본연에 집중했으면 하는 취지였다. 이때 난데없이 정수빈이 소환됐다. 이번 올스타전에 앞서 정수빈을 비롯한 두산 선수들의 ‘투표 독려’ 영상 때문이다. 얼핏 ‘저격’처럼 보일 수도 있었다. 정수빈은 “어떤 면에서는 또 안 좋게 보일 수도 있던 부분이다. 그건 본인도 인지하고 있다. 개인적으로는 크게 문제 될 것 없다”며 미소 지었다. 이어 “아무래도 요즘엔 언행이나 단어 하나가 크게 이슈가 되기도 한다. 이걸 계기로 다음에 조심할 것”이라고 덧붙였다. 그러면서 “만약에 모르는 선수가 그랬으면 나도 기분이 안 좋았을 수는 있을 것 같다. 그런데 워낙 잘 아는 사이다. 장난도 많이 치고 가끔 밥도 먹는 사이다. 이런 장난이 하루 이틀도 아니다. 다 이해한다”며 유쾌하게 말했다. 공교롭게도 정수빈과 구자욱은 올스타전에서 드림 올스타로 함께 뛴다. 구자욱은 ‘속죄’의 의미로 경기 내내 정수빈 옆에 붙어 있을 것을 선언했다. 정수빈 역시 이에 화답할 계획이다. 그는 “나도 우리 자욱이 살리려면 같이 호응해야 할 것 같다”며 웃었다. skywalker@sportsseoul.com,https://v.daum.net/v/yvpWhJRfhe
2026.07.11 16:45,"김도영, 굴욕의 2개 홈런더비 '대참사'...""준수형을 믿었어야 했다. ...",스포츠조선,"[잠실=스포츠조선 김용 기자] ""준수형을 믿었어야 했는데..."" KIA 타이거즈 김도영이 홈런더비 '대참사'에 대한 비하이드 스토리를 들려줬다. 김도영은 11일 잠실구장에서 열리는 KBO리그 올스타전을 앞두고 취재진을 만났다. 전날 열린 홈런더비 얘기를 하지 않을 수 없었다. 전반기 27홈런을 몰아치며 LG 트윈스 오스틴과 함께 홈런 공동 선두에 오른 김도영. 홈런더비도 단연 최강 우승 후보였다. 오스틴이 허리 불편감으로 출전을 취소해 김도영 쪽으로 더욱 기울어지는 듯 했다. 그런데 이게 웬일. 김도영은 예선에서 달랑 2개 홈런을 치는 데 그쳐 탈락하고 말았다. 김도영은 ""어제 홈런더비 실패로 야구를 안 하고 싶다, 그만둬야겠다는 말을 계속했다""고 농담하며 웃었다. 이어 ""홈런더비가 나랑은 안 맞는 것 같다. 의식하니 힘만 들어가고 자세만 망가지는 것 같다. 이제 욕심이 없어졌다. 후반기에 홈런은 신경 안 쓰고 야구를 할 계기가 됐다""고 덧붙였다. 김도영은 배팅볼 투수로 박찬호(두산)를 선택했다. 김도영은 ""원래 다른 선수와 하려고 했는데 연습을 해보니 공이 너무 않 좋더라. 그런데 찬호형이 박준순과 연습을 하러 왔다. '찬호형이 있었네'라고 생각했다. 찬호형도 자기 공을 치라고 했다""고 설명했다. 이어 ""공은 괜찮았다. 내가 못 친 거다. 찬호형은 내가 우승 후보라 생각하고 정말 잘 던져주려 애쓰셨다. 내가 그 기대에 부응하지 못해 죄송하다""고 말했다. 공교롭게도 같은 팀 한준수가 공을 던져준 강백호(한화)가 영광의 우승을 차지했다. 김도영은 ""준수형이 맞았던 것 같다. 그게 맞는 판단이었다. 그래도 같은 팀인데 내가 못 믿어 아쉬운 결과가 나왔다""고 말해 웃음을 선사했다. 이어 ""준수형 혹사시키지 않으려고 내가 일부러 준수형을 선택하지 않았다""고 말해 다시 한 번 즐거운 분위기를 만들어줬다. 김도영은 마지막으로 올스타전 참가에 대해 ""오늘 날씨도 많이 더운데, 경기장 오는 길 팬들께서 정말 많이 줄을 서 계시더라. 다시 한 번 야구 인기를 실감했고, 더 잘해야 겠다는 생각이 들었다""고 밝혔다. 잠실=김용 기자 awesome@sportschosun.com",https://v.daum.net/v/b6Qz3mDgpY
2026.07.11 16:44,올스타전 퍼포먼스 논란 구자욱 “정수빈 형 미안해”,중앙일보,"올스타전 퍼포먼스 논란에 대해 삼성 라이온즈 구자욱이 정수빈(두산 베어스)에게 미안한 마음을 전했다. 구자욱은 올스타전을 앞두고 최근 인터뷰에서 자신의 생각을 솔직하게 말했다. 올스타전에서 플레이에 집중하고 싶지만 퍼포먼스에 치우치는 분위기가 아쉽다는 내용이었다. 일부 팬들은 정수빈 관련 질문에 “준비한 선수는 그렇게 하면 된다”는 답변에 구자욱을 비판했다. 최근 화제가 된 리센느의 ‘갸루’ 퍼포먼스로 올스타 투표를 독려한 정수빈에 대한 저격처럼 비쳤기 때문이다. 관련 발언에 대해 구자욱은 “수빈이 형을 만나서 이야기했다. 오늘도 이야기했고, 사적으로도 친한 사이다. 질문 자체가 정수빈 선수는 ‘어떻게 되느냐’고 물어보시길래 그냥 그렇게 이야기 한 것뿐이다. 그래도 기분이 나쁘셨다면 죄송하다. 오늘 수빈이 형 옆에 딱 붙어있어야겠다""며 했다. 구자욱은 “열심히 해보고 싶다. (잦은 퍼포먼스 때문에)흐름이 끊기니까 집중이 잘 안 됐다. 그냥 저 혼자만의 생각이다. 당연히 팬분들이 좋아하시는 퍼포먼스도 있겠지만 경기를 열심히 하는 걸 원하시는 팬들도 계실 것이다. 제 생각은 여태 퍼포먼스를 많이 했으니 그냥 열심히 하는 경기도 재밌지 않을까 싶었다""고 솔직하게 말했다. 정수빈도 “잘 아는 사이다”며 둘 사이의 오해가 없었음을 설명했다. 삼성은 전반기 마지막 LG 트윈스와 3연전에서 위닝시리즈를 따내며 1위로 올스타 휴식기에 들어갔다. 구자욱도 타율 0.339(245타수 83안타) 8홈런 57타점, OPS(출루율+장타율) 0.940의 준수한 성적을 냈다. 구자욱은 “100점짜리 전반기였다. 선수들이 너무 잘 해줬다. 구단에서 좋은 투수(크리스 패댁)을 영입해서 기대도 된다. 주장으로서 빨리 팀에 스며들 수 있게 노력하겠다”고 말했다. 전날 퓨처스(2군) 리그 MVP에 오른 함수호에 대해선 “내가 준 장갑을 끼고 홈런을 쳤더라. 내가 더 기뻤다”고 말했다. 삼성 선수의 이틀 연속 MVP에 대한 질문에 “받을 수 있도록 최선을 다해보겠다”고 말했다. 잠실구장은 올해를 끝으로 사라진다. 구자욱은 “어릴 때부터 잠실야구장 하면 항상 가장 크다는 느낌이었다. 그래서 잠실 한 번 넘겨보고 싶다는 생각을 하면서 커왔다. 대한민국에서 제일 큰 야구장이다. 프로 생활 하면서 좌측 중간 우측 다 넘겨봐서 기분 좋다”고 했다. 김효경 기자 kaypubb@joongang.co.kr",https://v.daum.net/v/zwOqSnd8lt
2026.07.11 16:41,"삼성 구자욱, 본의 아니게 불거진 논란에 해명“개인적으로 열심히 하겠다고...",스포츠경향,삼성 구자욱이 올스타전을 앞두고 본의 아니게 불거진 논란에 대해 해명했다. 구자욱은 11일 잠실구장에서 열린 2026 KBO 올스타전 본 경기를 앞두고 열린 팬 사인회를 마치고 “올스타전은 열심히 해보고 싶었던 것”이라고 말했다. 구자욱은 지난 9일 대구 LG전을 마치고 중계 인터뷰에서 올스타전 퍼포먼스에 대한 발언을 했다. 구자욱은 “제대로 된 경기를 하고 싶다”라며 퍼포먼스보다는 경기에 집중하고 싶다는 발언을 했다. 그러자 인터뷰 과정에서 정수빈의 이름이 나왔다. 정수빈은 올스타 팬 독려를 위해서 퍼포먼스를 선보였다. 그러자 구자욱은 정수빈에 대해 그렇게 뽑힌 사람은 그대로 하면 된다고 하고 답했다. 그런데 이 발언이 정수빈을 저격한 것처럼 비쳐서 팬들 사이에서 이슈거리가 됐다. 구자욱은 “열심히 해보고 싶었던 것이다. 경기가 집중이 안 되고 흐름이 끊기니까. 나 혼자만의 생각이다”라며 “팬분들이 좋아하는 퍼포먼스도 있겠지만 또 다른 시각에서는 다른 팬분들은 열심히 하시는 걸 원하실 수도 있지 않나. 내 생각은 퍼포먼스도 많이 했으니 열심히 하는 경기도 재미있지 않을까라는 생각을 했던 것 같다”고 말했다. 정수빈과는 절친한 사이다. 그는 “정수빈 형과 방금 만나서 이야기했다. 사적으로도 거의 매일 보는 사이”라고 했다. 구자욱 개인적으로는 조금은 억울한 부분도 있다. 그는 “질문 자체에서 정수빈 선수가 어떻게 되느냐고 해서 그렇게 이야기를 한 것뿐”이라며 “기분이 나쁘셨다면 죄송하다. 수빈이 형 만나서 잘 이야기 했다”고 말했다. 그러면서 “오늘은 수빈이 형 옆에 딱 붙어있어야 되겠다”고 말해 웃음을 자아냈다. 정수빈 역시 덤덤하게 이야기했다. 그는 “자욱이와 워낙에 어릴 때부터 알았고 친했다. 자욱이의 성격도 잘 아니까 문제 될 건 없다”라며 “어떤 면에서는 안 좋게 보일 수도 있으니까 자기도 인지하고 있으니까 다음부터 조심할 것이다. 개인적으로는 큰 문제는 없다”고 했다. 이어 “자욱이도 깜짝 놀랐다고 한다. 자기도 다음부터 조심한다고 했다”며 “요즘 시대는 언행이나 단어 하나에 이슈되는 문제들이 많기 때문”이라고 덧붙였다. 선수들 사이에는 전혀 문제가 없다. 정수빈은 “내가 모르는 사람이 그렇게 이야기를 하면 기분 안 좋을 수도 있는데 워낙 잘 알고 장난을 많이 치는 선수다”라고 했다. 정수빈도 구자욱 곁에서 함께 있을 생각이다. 그는 “우리 자욱이 살리려면 나도 옆에서 호응같이 해야 할 것 같다”고 말했다. 잠실 | 김하진 기자 hjkim@kyunghyang.com,https://v.daum.net/v/2KE2YNoM7t
2026.07.11 16:35,"[KBO 올스타전] '올스타전 빡겜' 예고에 사과한 구자욱 ""헤드록 당해...",일간스포츠,"""헤드록이요? 당해야죠. 오늘은 (정수빈) 형 옆에 딱 붙어 있으려고요."" 삼성 라이온즈 구자욱이 '올스타전 퍼포먼스 발언' 논란을 유쾌한 해명과 빠른 사과로 깔끔하게 씻어냈다. 사적으로 절친한 선배 정수빈(두산 베어스)과의 에피소드를 전하며 자칫 무거워질 수 있는 인터뷰 분위기를 특유의 넉살로 풀어냈다. 논란의 발단은 최근 진행된 한 방송 인터뷰였다. 당시 구자욱은 ""올스타전에서도 퍼포먼스보다는 야구 자체에 집중하며 열심히 하는 모습을 보여주고 싶다""는 취지의 발언을 했다. 화려한 볼거리도 좋지만, 잦은 퍼포먼스로 경기 흐름이 끊기는 것에 대한 아쉬움과 '전력을 다하는 플레이'를 보고 싶어 하는 팬들의 시각도 존재할 것이라는 선수로서의 소신이었다. 문제는 그다음이었다. 진행자가 '정수빈처럼 퍼포먼스를 열심히 준비한 선수는 어떻게 되느냐'고 묻자, 구자욱이 지나가듯 툭 던진 답변이 온라인상에서 확산된 것이다. 다소 맥락이 소거된 채 발언이 퍼지면서, 일부 팬들 사이에서는 타 선수가 준비한 노력을 존중하지 않는 것 아니냐는 오해가 불거졌다. 이에 구자욱은 11일 올스타전 당일, 본 경기에 앞서 취재진과 만나 해명을 했다. 구자욱은 ""(정)수빈이 형과는 사적으로 매일 볼 정도로 정말 친한 사이""라며 ""질문 자체가 수빈이 형을 언급하길래 편하게 대답했던 것뿐이다. 그래도 팬분들께서 기분이 나쁘셨다면 죄송하다""고 바로 사과했다. 당사자와의 결자해지도 끝마쳤다. 구자욱은 ""조금 전에도 수빈이 형을 만나서 잘 이야기했다""며 미소를 지었다. 헤드록이라도 당해야 하는 것 아니냐는 농담에 ""제가 당해야죠""라며 흔쾌히 웃어 보인 그는 ""오늘 하루는 수빈이 형 옆에 딱 붙어 있겠습니다""라고 덧붙이며 논란을 유쾌하게 종식시켰다. 이어 만난 정수빈 역시 ""(구)자욱이와는 어릴 때부터 알고 지냈고 친한 동생이다. 모르는 사람이 그렇게 얘기하면 기분 안 좋을 수도 있는데, 내겐 그런 장난이 하루이틀도 아니어서 다 이해한다""며 ""개인적으로 나는 크게 문제될 건 없지만, 다른 사람들이 볼 때 안 좋게 조일 수도 있으니 다음부턴 조심할 거라고 생각한다""고 웃었다. 그러면서 ""우리 자욱이 살리려면 옆에서 같이 호응을 해줘야 할 것 같다. 헤드록도 해주려고 한다""고 전했다. 오해의 짐을 털어낸 구자욱은 다시 야구 본연에 집중한다. 전반기를 1위로 마친 삼성의 주장으로서 ""우리 선수들이 너무 고생했고 100점짜리 전반기였다""고 자부심을 드러낸 그는, 새롭게 합류한 외국인 투수 크리스 페덱의 빠른 적응을 돕겠다는 주장으로서의 책임감도 잊지 않았다. 구자욱의 '진심 모드'는 올스타전 본 경기에서도 계속될 전망이다. 퓨처스 올스타전에서 자신의 타격 장갑을 빌려 끼고 홈런을 친 후배 함수호의 활약에 ""내가 다 기뻤다""며 웃은 그는, 자신의 타석에서도 전력을 다하겠다고 예고했다. ""정말 전력을 다해 뛸 생각입니다. 투수들이 좋아서 어떻게 될지 모르겠지만 집중해 봐야죠. 최우수선수(MVP)를 받을 수 있도록 최선을 다해보겠습니다."" 잠실=윤승재 기자 yogiyoon@edaily.co.kr",https://v.daum.net/v/8Jsc9WvmIx
2026.07.11 16:29,"구자욱, 'SNS 활활' 정수빈 저격 논란에 적극 해명 ""워낙 친한 형이...",스타뉴스,"[스타뉴스 | 잠실=박수진 기자] 삼성 라이온즈 구자욱(33)이 올스타전을 앞두고 온라인을 뜨겁게 달궜던 두산 베어스 정수빈(36)과 불거진 난데없는 '저격(?) 논란'에 대해 직접 마침표를 찍었다. 워낙 사적으로 돈독한 사이에서 비롯된 해프닝이라는 게 그의 설명이다. 구자욱은 11일 서울 잠실구장에서 열리는 2026 KBO 올스타전에 앞서 팬 사인회를 마치고 취재진과 만나 최근 SNS상에서 큰 오해를 불러일으켰던 일부 인터뷰 내용에 대해 적극적으로 해명했다. 논란의 시작은 올스타전 방향성에 대한 구자욱의 소신 발언이었다. 이에 대해 구자욱은 이날 ""올스타전도 열심히 해보고 싶었다. (개인적으로) 흐름이 끊기니까 집중이 잘 안됐다""면서도 ""그냥 저 혼자만의 생각이었다. 당연히 팬분들이 좋아하시는 퍼포먼스도 있겠지만, 또 다른 시각으로는 경기를 열심히 하는 걸 원하시는 팬들도 계실 것이다. 제 생각은 여태 퍼포먼스 많이 했으니 그냥 열심히 하는 경기도 재밌지 않을까 싶었다""고 고백했다. 하지만 인터뷰 과정에서 진행자가 정수빈을 구체적인 예로 들며 '열심히 준비한 선수들은 어떡하느냐'고 물었고, 구자욱이 ""준비한 선수들은 그냥 하면 된다""고 지나가듯 답변한 것이 화근이 됐다. 맥락이 생략된 채 해당 발언이 온라인 커뮤니티와 SNS로 퍼지면서 동료 선수를 저격한 게 아니냐는 오해로 번진 것. 온라인이 뜨겁게 달아오른 사실을 인지하고 있던 구자욱은 취재진을 만나자마자 정수빈과 오해를 풀었다고 했다. 구자욱은 ""수빈이 형을 방금도 만나서 이야기했다. 너무 사적으로도 친한 사이다""라고 강조하며 ""그런데 질문 자체가 정수빈 선수는 어떻게 되느냐고 물어보시길래 그냥 그렇게 이야기한 것뿐이다. 그럼에도 불구하고 기분이 나쁘셨다면 죄송하다""고 진심 어린 사과를 전했다. 오해를 푼 구자욱은 특유의 유쾌함으로 분위기를 전환했다. 그는 재차 ""수빈이 형 만나서 잘 이야기했다""며 ""오늘 수빈이 형 옆에 딱 붙어있어야겠다""며 환한 미소를 지어 보였다. 구자욱에게 이번 올스타전은 남다른 의미를 지닌다. 곧 역사 속으로 사라질 잠실구장에서 열리는 마지막 올스타전이기 때문이다. 구자욱은 ""어릴 때부터 잠실야구장 하면 항상 가장 크다는 느낌이었다. 그래서 잠실 한번 넘겨보고 싶다는 생각을 하면서 커왔다""고 회상하며 ""대한민국에서 제일 큰 야구장이다. 프로 생활하면서 좌측, 중간, 우측 다 넘겨봐서 기분 좋다""고 뜻깊은 소회를 덧붙였다. 잠실=박수진 기자 bestsujin@mtstarnews.com",https://v.daum.net/v/3lM9YNoMvI
2026.07.11 16:27,"황당 논란에 정수빈 본인 등판! → ""우리 (구)자욱이 살려줘야겠다"" [...",스포츠조선,"[잠실=스포츠조선 한동훈 기자] ""우리 (구)자욱이 살려줘야겠다."" 정수빈(두산)과 구자욱(삼성)이 올스타전을 앞두고 황당 논란에 휘말렸다. 구자욱이 올스타전 퍼포먼스에 대해 개인적인 견해를 밝힌 인터뷰에 정수빈이 소환되면서 일부 팬들이 오해했다. 둘은 11일 잠실구장에서 열리는 2026 KBO 올스타전에 앞서 팬사인회를 마치고 취재진을 만났다. 앞서 구자욱은 올스타전도 진지하게 임하고 싶은데 퍼포먼스에 치우치는 분위기가 다소 아쉽다는 취지로 발언했다. 진행자가 구자욱에게 정수빈을 예로 들며 열심히 준비한 선수들은 어떡하느냐고 물었다. 구자욱은 준비한 선수들은 그냥 하면 된다고 지나가듯이 답변했다. 구자욱은 ""올스타전도 열심히 해보고 싶다. 흐름이 끊기니까 집중이 잘 안 됐다. 그냥 저 혼자만의 생각이다. 당연히 팬분들이 좋아하시는 퍼포먼스도 있겠지만 또 다른 시각으로는 경기를 열심히 하는 걸 원하시는 팬들도 계실 것이다. 제 생각은 여태 퍼포먼스 많이 했으니 그냥 열심히 하는 경기도 재밌지 않을까 싶었다""고 털어놨다. 온라인이 뜨겁게 달아오른 사실도 알고 있었다. 구자욱은 ""수빈이 형을 방금도 만나서 이야기했다. 너무 사적으로도 친한 사이다. 그런데 질문 자체가 정수빈 선수는 어떻게 되느냐고 물어보시길래 그냥 그렇게 이야기 한 것뿐이다. 그래도 기분이 나쁘셨다면 죄송하다""고 사과했다. 구자욱은 이어서 ""수빈이 형 만나서 잘 이야기했다. 오늘 수빈이 형 옆에 딱 붙어있어야겠다""며 웃었다. 정수빈도 당혹스럽기는 마찬가지. 정수빈은 ""자욱이는 워낙에 저랑 어릴 때부터 친했다. 자욱이 성격도 잘 안다. 크게 문제 될 게 없다. 그래도 요즘 시대에는 언행이나 단어 하나가 크게 이슈가 되는 문제들이 많다. 자욱이도 깜짝 놀라서 다음부터 조심한다고 하더라. 이를 계기로 다음에 더 조심하지 않겠느냐""며 대수롭지 않게 넘겼다. 이어서 ""만약에 제가 아예 모르는 사람이 그렇게 말했다면 모르겠지만 워낙 잘알고 장난도 많이 치는 선수다. 하루이틀도 아니어서 문제 될 것이 없다""고 오해를 차단했다. 구자욱이 정수빈 옆에 붙어 있겠다는 말을 취재진이 전했다. 그러자 정수빈은 ""우리 자욱이 살리려면 나도 옆에서 호응을 해줘야겠다""며 응원했다. 한동훈 기자 dhhan@sportschosun.com",https://v.daum.net/v/ULvyknd80C
2026.07.11 16:13,"푸홀스-몰리나 후계자는 한국계 빅리거? JJ 웨더홀트, 세인트루이스와 8...",더게이트,"[더게이트] 한국계 내야수 JJ 웨더홀트가 메이저리그 명문 세인트루이스 카디널스의 새로운 얼굴로 낙점됐다. 세인트루이스가 신인 내야수에게 구단 역사상 유례없는 파격적인 장기 계약을 안기며 미래를 맡겼다. 세인트루이스는 11일(한국시간) 웨더홀트와 8년 계약 연장에 합의했다고 발표했다. 구단은 공식 발표에서 구체적인 조건을 공개하지 않았으나, 미국 스포츠 전문 매체 ESPN과 디 애슬레틱은 이번 계약이 총액 1억 1250만 달러(약 1631억 원) 규모라고 일제히 전했다. 이번 계약에는 구단이나 선수가 계약을 중도에 깰 수 있는 옵트아웃 조항이 포함되지 않았다. 대신 성과 인센티브가 추가돼 총액이 최대 1억 3200만 달러(약 1914억 원)까지 늘어날 수 있다고 ESPN의 제프 파산 기자는 전했다. 이는 연봉 조정 신청 자격 취득 전 선수 기준으로 구단 역사상 가장 큰 규모다. 종전 최고 기록인 2004년 앨버트 푸홀스의 7년 1억 달러(약 1450억 원) 계약마저 뛰어넘었다. 새 수뇌부의 첫 작품 세인트루이스와 웨더홀트 측은 올 시즌 전 스프링 트레이닝 기간부터 협상 테이블을 차렸다. 당시 메이저리그는 나이 어린 내야수들이 잇따라 대형 장기 계약에 서명하던 시기였다. 밀워키 브루어스는 쿠퍼 프랫과 8년 5075만 달러(약 736억 원)에, 시애틀 매리너스는 콜트 에머슨과 8년 9500만 달러(약 1378억 원)에 계약했다. 디트로이트 타이거스의 케빈 맥고니글이 8년 1억 5000만 달러(약 2175억 원), 피츠버그 파이리츠의 코너 그리핀이 9년 1억 4000만 달러(약 2030억 원)에 도장을 찍으며 시장이 요동쳤다. 이런 흐름 속에서도 세인트루이스와 웨더홀트의 협상은 한동안 답보 상태를 이어갔다. 그러다 최근 몇 주 사이에 논의가 급물살을 타면서 전격적인 계약으로 이어졌다. 대학을 거쳐 프로에 뛰어든 웨더홀트는 앞서 연장 계약한 고졸 신인들과 달리 서른두 살이 돼야 FA 자격을 얻는다. 옵션 조항이 없는 것도 맥고니글이나 그리핀의 계약 구조와 닮았다. 반면 에머슨의 계약에는 구단 옵션이 하나, 프랫의 계약에는 두 개가 포함돼 차이를 보인다. 웨더홀트의 새 계약은 2027시즌부터 2034시즌까지 8년간 이어진다. 이번 대형 계약은 지난 6월 말 단행된 구단 지배구조 개편과도 맞물려 있다. 세인트루이스는 오랜 기간 구단을 이끈 빌 드윗 주니어가 최고경영자(CEO) 자리를 아들 빌 드윗 3세 사장에게 넘기고, 하임 블룸 야구부문 사장이 구단 운영 전권을 잡은 상황. 블룸의 전임자인 존 모젤리악은 어린 유망주와 장기 계약을 맺는 데 소극적이었다. 2018년 폴 디종과 맺은 6년 2600만 달러(약 377억 원) 계약이 고작이었다. 이번 계약은 구단의 방향성 전환을 알리는 일종의 신호탄인 셈이다. 메이저리그 노사협약(CBA)이 이번 시즌을 끝으로 만료되어 파업 가능성까지 거론되는 상황도 변수로 작용했다. 구단 입장에서는 미래가 불확실한 가운데, 선수단 운영 비용이 오르기 전에 확실한 선수를 묶어두는 편이 유리하다는 계산을 했을 법하다. 2002년생인 웨더홀트는 한국인 할머니를 둔 한국계 선수다. 올해 초 열린 2026 월드베이스볼클래식(WBC) 당시엔 한국 대표팀 합류를 강하게 원했던 것으로 알려졌다. 다만 부모 중 한 명이 해당 국적을 보유하거나 해당 국가에서 출생해야 한다는 대회 규정에 막혀 뜻을 이루진 못했다. 2024 신인 드래프트 전체 7순위로 지명된 웨더홀트는 클리블랜드 가디언스가 전체 1순위 지명까지 고민했을 정도로 천재성을 인정받은 자원이다. 계약금 690만 달러(약 100억 원)를 받고 입단해 마이너리그를 초고속으로 통과한 뒤 올해 빅리그 개막전 로스터에 합류했다. 데뷔전 첫 타석에서 홈런을 쏘아 올렸고, 다음 경기에서는 10회 말 끝내기 안타를 터뜨리며 강렬한 인상을 남겼다. 웨더홀트는 87경기에서 타율 0.267, 출루율 0.362, 장타율 0.411, 13홈런을 기록하며 팬그래프 야수 대체선수대비 승리기여도(WAR) 8위에 올라 있다. 내셔널리그 신인왕 유력 후보로 거론될 정도다. 디 애슬레틱의 유망주 전문가 키스 로 기자는 웨더홀트를 전체 유망주 순위 7위로 평가하며 ""내셔널리그 유망주 중 언젠가 타격왕에 오를 것이라고 가장 자신 있게 말할 수 있는 타자""라고 치켜세웠다. 세대교체의 중심에서 와일드카드를 쏘다 세인트루이스는 올겨울 소니 그레이, 윌슨 콘트레라스, 놀란 아레나도, 브렌던 도노반 등 주축 선수들을 대거 정리하며 리빌딩에 돌입했다. 웨더홀트 계약 전까지 구단의 2027시즌 확정 연봉 지출은 1300만 달러(약 188억 원)에 불과했다. 이마저도 이적시킨 그레이와 콘트레라스의 잔여 연봉을 보스턴에 보전해주는 금액이었다. 웨더홀트는 이번 계약으로 구단의 2027시즌 로스터에 이름을 올린 첫 번째 선수가 됐다. 지난 몇 년간 리빌딩 모드였던 세인트루이스는 올 시즌 5할 이상 승률을 기록하며 내셔널리그 와일드카드 경쟁권에서 3경기 차 이내로 추격 중이다. 외야수 조던 워커의 성장, 마무리 라일리 오브라이언의 대활약, 여기에 안정적인 수비와 파괴력을 자랑하는 웨더홀트의 활약이 결정적이었다. 앨버트 푸홀스와 야디어 몰리나 이후 끊겼던 세인트루이스 프랜차이즈 슈퍼스타의 계보를 이을 재목이 마침내 등장했다.",https://v.daum.net/v/0RJ7ef9U0o
2026.07.11 16:10,"고우석 데뷔하자마자 대형 변수…미네소타 '핵심 불펜' 추가 영입, 무슨 ...",연합뉴스TV,"최근 메이저리그 데뷔의 꿈을 이룬 고우석 선수의 소속팀, 미네소타 트윈스가 또 한 명의 핵심 불펜 투수를 트레이드로 영입하며 마운드 강화에 나섰습니다. 이로 인해 고우석의 팀 내 입지에도 변화가 예상됩니다. 미네소타 구단은 오늘(11일), 토론토 블루제이스와 트레이드를 단행해 우완 불펜 투수 토미 낸스를 영입했다고 발표했습니다. 미네소타는 낸스를 데려오는 조건으로 마이너리그 유망주 포수인 라이언 스프로크와 현금을 내줬습니다. 지난 2021년 빅리그에 데뷔한 낸스는 올 시즌 32경기에 등판해 1승 2패 1홀드, 평균자책점 3.82를 기록 중입니다. 특히 지난해에는 30경기에서 2승 5홀드, 평균자책점 1.99로 활약하며 검증된 불펜 자원으로 평가받고 있습니다. 미네소타가 이처럼 적극적인 행보를 보이는 건 올 시즌 최악의 침체에 빠진 불펜 문제 때문입니다. 지난 10일까지 미네소타의 팀 불펜 평균자책점은 5.28로, 메이저리그 30개 구단 가운데 가장 높습니다. 주축 투수들의 부상과 부진이 겹치며 뒷문이 불안해지자, 미네소타는 최근 현금 트레이드로 고우석을 급하게 수혈한 데 이어 낸스까지 추가로 영입하며 마운드 재정비에 총력을 기울이고 있습니다. 현재 미네소타는 포스트시즌 진출을 향한 희망을 이어가고 있습니다. 10일까지 46승 48패, 승률 4할 8푼 9리로 아메리칸리그 중부지구 공동 1위인 시카고 화이트삭스, 클리블랜드 가디언스를 2경기 차로 바짝 추격하고 있습니다. 최근 10경기에서 7승을 거두며 가파른 상승세를 타고 있는 만큼, 가을야구 진출을 위해 향후 추가 트레이드로 불펜을 더 보강할 가능성도 열려 있습니다. 이달 초 트레이드를 통해 미네소타로 이적한 뒤 어제(10일) 클리블랜드전에서 마침내 빅리그 데뷔전을 치른 고우석. 팀의 본격적인 불펜 보강 움직임 속에서 마운드 한 자리를 지키기 위한 치열한 생존 경쟁이 시작될 것으로 보입니다. #고우석 #메이저리그 #MLB #미네소타 #트윈스 #야구 연합뉴스TV 기사문의 및 제보 : 카톡/라인 jebo23 김종성(goldbell@yna.co.kr)",https://v.daum.net/v/6CBQlDcnHr
2026.07.11 16:06,"전반기 1위 삼성, 빅리그 출신 투수 페덱 영입...후반기 1위 수성 승...",마니아타임즈,"전반기를 1위로 마친 삼성 라이온즈가 오른팔 투수 크리스 페덱을 영입했다. 삼성 구단은 11일 부상 대체 선수로 뛰던 잭 오러클린과 재계약하지 않고, 메이저리그(MLB) 출신 투수 페덱과 47만3천333달러에 계약했다고 발표했다. 최근까지 빅리그 선발 한 축을 맡았던 페덱은 KBO리그를 밟은 역대 외국인 중에서도 손꼽히는 거물급으로 평가된다. 만 30세에 키 196㎝, 몸무게 98㎏의 건장한 체격을 갖췄고, 빅리그 통산 132경기(선발 119경기)에서 32승 43패, 평균자책점 4.83, WHIP 1.26을 기록했다. 다양한 구종을 앞세워 9이닝당 탈삼진 8.02개, 볼넷 2.04개로 구위와 제구를 모두 증명했다. 국내에서 신체검사를 마친 페덱은 조만간 선수단에 합류해 후반기 1위 수성을 위한 선발진에 힘을 보탠다. 그는 1위 경쟁을 하는 삼성이 매력적이었다며 팀의 전통과 팬들의 열정에도 끌렸다고 소감을 전했다. 이어 샌디에이고 시절 김하성과 함께 뛴 경험이 있어 KBO리그를 어느 정도 알고 있다고 덧붙였다. 한편 맷 매닝의 부상 대체 선수로 뛰었던 오러클린은 KBO리그 17경기에서 5승 5패, 평균자책점 4.86을 남기고 한국 무대를 떠난다. [김선영 마니아타임즈 기자 / maniareport@naver.com] 기사제보 및 보도자료 report@maniareport.com",https://v.daum.net/v/z8X7TmDgtP
2026.07.11 15:53,세계 1위였지만 트로피는 없었다…벨기에 황금세대의 마지막,한국경제,"세계 랭킹 1위까지 올랐지만 끝내 메이저 대회 우승은 이루지 못했다. 벨기에 축구의 전성기를 이끈 ‘황금세대’가 스페인전 패배와 함께 월드컵 무대에서 사실상 퇴장했다. 벨기에는 11일(한국시간) 미국 로스앤젤레스에서 열린 2026 국제축구연맹(FIFA) 북중미 월드컵 8강전에서 스페인에 1-2로 졌다. 스페인은 미켈 메리노의 후반 결승골로 4강에 올랐다. 티보 쿠르투아와 케빈 더브라위너는 선발로 나섰고 로멜루 루카쿠와 악셀 비첼은 교체 투입됐다. 쿠르투아는 허벅지 통증으로 후반 26분 물러났다. 교체 골키퍼 세네 라멘스가 파우 쿠바르시의 슛을 쳐낸 뒤 메리노가 흘러나온 공을 차 넣으면서 벨기에의 마지막 우승 기회도 사라졌다. 쿠르투아와 더브라위너, 루카쿠, 비첼은 나이를 고려할 때 이번 대회가 마지막 월드컵이 될 가능성이 크다. 벨기에는 에덴 아자르와 뱅상 콩파니, 더브라위너, 루카쿠, 쿠르투아 등 세계적인 선수들을 앞세워 2015년 처음 FIFA 랭킹 1위에 올랐다. 2018년 러시아 월드컵에서는 역대 최고 성적인 3위를 기록했지만 이후 월드컵과 유럽선수권에서 정상에 오르지 못했다. 이번 대회도 출발은 불안했다. 이집트와 이란을 상대로 연이어 비긴 뒤 뉴질랜드를 꺾고 조 1위에 올랐다. 세네갈과 미국을 차례로 제압했지만 8강에서 스페인의 벽을 넘지 못했다. 쿠르투아는 경기 후 “많은 사람이 종종 우리가 황금 세대인데 한 번도 우승하지 못했다는 비판을 한다는 것을 안다”면서 “하지만 우리는 벨기에다. 잉글랜드도, 스페인도, 프랑스도 아니다. 우리는 인구 1천200만명도 되지 않는 작은 나라지만, 메이저 대회에서 놀라운 모습을 보여주고 있다”고 말했다. 이어 “우리는 언제나 도전했다. 우리가 자랑스러워해도 된다고 생각한다”며 “젊고 재능있는 선수들이 올라오고 있다. 지금 어린 선수들은 앞으로 몇 년 사이 더 강해질 것이다. 유로 또는 다음 월드컵을 앞두고 우리가 더 강해지기를 바란다”고 밝혔다. 비첼도 “이번 대회에서 우리는 조금 소극적으로 출발했을 수 있으나, 경기가 진행될수록 수준은 더 높아졌다”며 “나는 우리를 걱정하지 않는다. 우리 앞에는 밝은 미래가 있다”고 말했다. 벨기에 황금세대는 왕관 없이 물러나지만 샤를 더케텔라러와 제레미 도쿠 등 새 세대는 2028년 유럽선수권과 다음 월드컵을 준비하게 됐다. 신현보 한경닷컴 기자 greaterfool@hankyung.com",https://v.daum.net/v/6SYkRVKpCv
2026.07.11 15:43,"“올스타전 퍼포먼스 너무 장난 같다” 구자욱의 솔직 발언, 왜 찬반 논란...",OSEN,"[OSEN=잠실, 한용섭 기자] 프로야구 삼성 라이온즈 구자욱(33)은 지난 9일 전반기 마지막 경기 LG전이 끝나고 중계 방송 인터뷰에서 KBO리그 올스타전 퍼포먼스에 대한 솔직한 고민과 발언으로 이슈의 주인공이 됐다. 아나운서가 구자욱의 베스트12 선정을 축하하며 “반응을 보니까, 딱히 최소한의 노력도 안 하고 얼굴로 밀어부쳐서 베스트12 선정됐다고 하더라. 외야수 부문에서 정수빈 선수가 파라파라 춘 것 때문에 그런 것 같다”고 말했다. 정수빈은 올스타전 팬투표를 앞두고 홍보 영상에서 최근 SNS를 휩쓸고 있는 아이돌 걸그룹 ‘리센느’의 미나미가 선보였던 ‘파라파라 댄스’ 밈을 선보였다. 댄스 퍼포먼스로 올스타 투표 참여를 독려한 영상은 두산 팬들 사이에 큰 화제거리였다. 이에 구자욱은 “그런 노력은 사실 중요하다고 생각하지 않고 사실 경기장에서 보여줘야 되는 게 아닌가, 성적으로 가야 되는게 아닌가 생각한다”고 말했다. 구자욱은 2023년 올스타전에서 아이돌 걸그룹 분장의 퍼포먼스로 큰 주목을 받기도 했다. 아나운서가 ‘어떤 퍼포먼스나 노력을 할 것인지’ 묻자, 구자욱은 “사실 퍼포먼스에 있어서 드릴 말씀이 있는데, 제대로 된 경기를 하고 싶다. 너무 장난 같다는 생각이 들어가지고 고민 중이다. 정말 전력으로 하고 싶은데, 분장이라 게 너무 장난이 아닌가, 한번 생각 해봤다”고 말했다. ‘정수빈 선수가 너무 슬퍼할 것 같은데’라는 아나운서의 말에 구자욱은 “그렇게 뽑히셨으니까 그래도 하셔야죠”라고 말했다. 이를 두고 두산 팬들은 정수빈을 향한 발언을 두고 구자욱을 비난하기도 했다. 구자욱은 정수빈을 비난한 것이 아니다. 올스타전이 경기력이 아닌 점점 퍼포먼스 경연장으로 바뀌는 풍토에 대해 이제 리그에서도 베테랑의 위치가 된 선수로서 한번쯤 고민할 수 있는 문제를 언급한 것이다. 올스타전은 팬들이 좋아하는 선수들이 모여서 기량을 선보이는 자리다. 2000년대 중반 팬투표 최다 득표를 받은 선수가 '감사 문구'가 적힌 특별 유니폼을 선보이거나, 특별한 분장으로 웃음을 선사했다. 2010년대 중반부터 선수들이 자신의 별명을 표현하거나, 유행하는 밈이나 특별한 퍼포먼스를 준비해 팬들에게 깜짝 공개하기 시작했다. 이제는 한 두 명의 선수가 하는 것이 아니라, 출전 선수 모두가 뭔가 특별한 퍼포먼스를 준비해야 한다는 스트레스를 받기도 한다. 올스타 축제 자리에서 선수들의 센스와 퍼포먼스를 보고 싶어하는 팬들은 여전히 많다. 웃고 즐기는 축제, 평소에는 보기 힘든 선수들의 감춰진 끼를 방출할 수 있는 시간이기도 하다. KBO는 2019년부터 팬들에게 색다른 즐거움을 주는 퍼포먼스를 뽑아 퍼포먼스 시상을 하고 있다. 한편으론 구자욱의 발언처럼, 이벤트 경기이지만 너무 장난처럼 진행되고, 권위가 떨어진다는 지적도 있다. 모 감독은 “올스타전 감독 추천 선수 선정에 대해 팬들을 위한다면 진지하게 고민해야 한다. 올스타에 맞는 선수가 나와야 한다”고 지적하기도 했다. 베스트12에 뽑히지 않는 인지도 높은 선수들은 잔부상 등을 이유로 감독 추천 선수로는 출전하지 않으려 한다. 구자욱의 발언을 두고 팬들의 찬반 의견은 팽팽한 분위기다. 퍼포먼스를 즐기되, 너무 과도하게 몰입되지 않아야 한다는 의견도 많다. 한편 구자욱은 11일 잠실구장에서 올스타전을 앞두고 취재진 인터뷰에서 ""수빈이 형을 방금 만나서 이야기했다. 사적으로도 친한 사이다. 그런데 질문을 그렇게 물어보길래 그냥 그렇게 이야기 한 것뿐이다. 그래도 기분이 나쁘셨다면 죄송하다. 수빈이 형 만나서 잘 이야기했다""고 설명했다. /orange@osen.co.kr",https://v.daum.net/v/XwnvZSCETB
2026.07.11 15:39,"정수빈 저격? 구자욱, 오해 해명 → ""질문이 그래서 답한건데.. 수빈이...",스포츠조선,"[잠실=스포츠조선 한동훈 기자] 삼성 라이온즈 구자욱이 올스타전 퍼포먼스 관련 정수빈(두산) 저격(?) 논란을 진화했다. 정수빈과는 원래 사적으로 친한 사이이며 자신은 질문이 나와서 답변했을 뿐이라고 해명했다. 구자욱은 11일 잠실구장에서 열리는 2026 KBO 올스타전에 앞서 팬사인회를 마치고 취재진을 만났다. 구자욱의 일부 인터뷰가 오해를 유발해 SNS에서 크게 화제가 됐다. 구자욱은 올스타전도 진지하게 임하고 싶은데 퍼포먼스에 치우치는 분위기가 다소 아쉽다는 취지로 발언했다. 진행자가 구자욱에게 정수빈을 예로 들며 열심히 준비한 선수들은 어떡하느냐고 물었다. 구자욱은 준비한 선수들은 그냥 하면 된다고 지나가듯이 답변했다. 구자욱은 ""올스타전도 열심히 해보고 싶다. 흐름이 끊기니까 집중이 잘 안 됐다. 그냥 저 혼자만의 생각이다. 당연히 팬분들이 좋아하시는 퍼포먼스도 있겠지만 또 다른 시각으로는 경기를 열심히 하는 걸 원하시는 팬들도 계실 것이다. 제 생각은 여태 퍼포먼스 많이 했으니 그냥 열심히 하는 경기도 재밌지 않을까 싶었다""고 털어놨다. 온라인이 뜨겁게 달아오른 사실도 알고 있었다. 구자욱은 ""수빈이 형을 방금도 만나서 이야기했다. 너무 사적으로도 친한 사이다. 그런데 질문 자체가 정수빈 선수는 어떻게 되느냐고 물어보시길래 그냥 그렇게 이야기 한 것뿐이다. 그래도 기분이 나쁘셨다면 죄송하다""고 사과했다. 구자욱은 이어서 ""수빈이 형 만나서 잘 이야기했다. 오늘 수빈이 형 옆에 딱 붙어있어야겠다""며 웃었다. 잠실구장에서 열리는 마지막 올스타전에 대한 감회도 깊었다. 구자욱은 ""어릴 때부터 잠실야구장 하면 항상 가장 크다는 느낌이었다. 그래서 잠실 한 번 넘겨보고 싶다는 생각을 하면서 커왔다. 대한민국에서 제일 큰 야구장이다. 프로 생활 하면서 좌측 중간 우측 다 넘겨봐서 기분 좋다""고 말했다. 한동훈 기자 dhhan@sportschosun.com",https://v.daum.net/v/VvSRLQ8Bpw
2026.07.11 15:37,"'레전드' 박철순·김용수, 마지막 잠실 올스타전 시구…김경문-김동수 시포...",엑스포츠뉴스,"(엑스포츠뉴스 잠실, 유준상 기자) '베어스 레전드' 박철순, '트윈스 레전드' 김용수가 올스타전 시구자로 나선다. 한국야구위원회(KBO)는 11일 서울 잠실야구장에서 열리는 2026 신한 SOL KBO 올스타전을 앞두고 시구자를 공개했다. 잠실야구장을 상징하는 박철순, 김용수가 영구결번의 주인공으로서 함께 마운드에 오른다. 또한 당시 호흡을 맞췄던 김경문 한화 이글스 감독과 김동수 서울고등학교 감독이 포수 미트를 잡아 과거의 영광을 재현할 예정이다. 이날만큼은 잠실 라이벌 두산, LG가 하나가 돼 시구-시포를 진행하며 잠실야구장에서 쌓아온 소중한 기억을 함께 나눈다. 1956년생인 박철순은 OB의 창단 멤버이자 구단을 상징하는 에이스 투수였다. 프로야구 원년인 1982년, 팀의 우승을 이끌며 정규시즌 MVP를 차지했다. 특히 당시 기록한 '단일 시즌 22연승'은 KBO 리그 역사상 전무후무한 기록으로 남아 있다. 수차례의 부상을 극복하고 1995년 팀의 두 번째 우승을 견인하며 '불사조'라는 별칭을 얻었으며, 이러한 공로를 인정받아 그의 등번호 21번은 구단 영구결번으로 지정됐다. 통산 성적은 231경기 1050⅓이닝 76승 53패 20세이브 평균자책점 2.95다. 김용수는 MBC-LG를 거친 구단 대표 프랜차이즈 투수였다. KBO리그 최초로 '100승-200세이브'를 달성했으며, LG 선수 중 최초로 영구결번의 영예를 안았다. 통산 3차례 세이브왕을 차지한 그는 선발과 마무리를 오가며 1990년과 1994년 LG의 우승을 견인했고 두 차례 모두 한국시리즈 MVP를 석권했다. 꾸준함의 대명사인 '노송'이라는 별칭과 함께 오랜 시간 잠실 마운드를 지켜온 투수로 LG 팬들의 많은 사랑을 받았다. 통산 613경기 1831⅓이닝 126승 89패 227세이브 1홀드 평균자책점 2.98의 성적을 남겼다. 김경문은 OB의 창단 멤버로서 투수 박철순과 호흡을 맞추며 1982년 KBO 리그 원년 우승에 핵심적인 역할을 했다. 선수 은퇴 후에는 두산, NC 다이노스 사령탑을 거쳐 현재 한화 감독으로 현장을 지키고 있다. 특히 2008년 베이징 올림픽 국가대표팀 감독으로서 '9전 전승 금메달'이라는 신화를 쓰며 한국 야구의 위상을 높였다. 풍부한 경험과 리더십을 바탕으로 지난 시즌 한화의 한국시리즈 진출을 주도하는 등 여전히 탁월한 지도력을 발휘하고 있다. 김동수는 LG를 상징하는 역대 최고의 포수 중 한 명으로, 1990년대 팀의 전성기를 이끌며 두 차례의 우승(1990, 1994년)을 일궈냈다. 1990년 신인왕 수상을 시작으로 통산 7차례 포수 부문 골든글러브를 차지하며 독보적인 커리어를 쌓았다. 특히 넓은 잠실야구장을 홈구장으로 사용하면서도 통산 202홈런을 기록할 만큼 장타력을 겸비했으며, 투수 김용수와 함께 LG의 황금기를 이끈 주역으로 평가받는다. 현재는 모교인 서울고등학교 야구부 감독을 맡아 차세대 야구 인재 육성에 힘쓰고 있다. 올해 올스타전 애국가는 대한민국 대표 보컬리스트이자 'R&B의 요정' 가수 박정현이 맡는다. 독보적인 가창력과 깊은 감성으로 대중의 큰 사랑을 받아온 박정현은 지난 2011년 올스타전 이후 15년 만에 다시 올스타전 무대에서 애국가를 제창해 그 의미를 더한다. 뛰어난 가창력과 풍부한 성량을 가진 박정현의 애국가 제창에 이어서 대한민국 공군 특수비행팀 '블랙이글스'가 하늘을 가르는 에어쇼를 펼치며 올스타전의 화려한 시작을 알릴 예정이다. 사진=엑스포츠뉴스 DB 유준상 기자 junsang98@xportsnews.com",https://v.daum.net/v/PthrhEAit0
2026.07.11 15:31,"MLB 이정후, 2년 연속 100안타 달성…작년보다 빠르다",국민일보,"미국 메이저리그(MLB) 샌프란시스코 자이언츠 외야수 이정후가 2년 연속 100안타를 달성했다. 이정후는 11일(한국시간) 미국 캘리포니아주 샌프란시스코 오라클 파크에서 열린 콜로라도 로키스와의 홈경기에서 7번 타자 우익수로 선발 출전해 4타수 1안타를 기록했다. 전날까지 시즌 99안타를 쳤던 이정후는 올스타 브레이크를 앞두고 100안타 고지를 밟았다. 시즌 타율은 0.309(324타수 100안타)를 유지했다. 이정후는 지난 시즌 150경기에서 149안타를 치며 MLB 데뷔 첫 100안타를 달성했는데, 올 시즌 기록 달성 속도는 더 빠르다. 86번째 경기에서 100번째 안타를 때려냈다. 이정후는 이날 1-0으로 앞선 2회말 공격 때 안타를 쳤지만 후속 타선의 침묵으로 홈을 밟지 못했다. 4회말 1사에서는 1루 땅볼, 1-1로 맞선 6회말 무사 1루에선 중견수 뜬공으로 물러났다. 2-1로 앞선 8회말 마지막 타석에선 유격수 땅볼로 아웃됐다. 샌프란시스코는 9회초 마지막 수비에서 역전을 허용하며 3대 4로 역전패했다. 권남영 기자 kwonny@kmib.co.kr GoodNews paper ⓒ , 무단전재 및 수집, 재배포 및 AI학습 이용 금지",https://v.daum.net/v/UxIPIcNdlm
2026.07.11 15:17,'와 이럴 수가 있나' ML 꿈 좌절→日 독립리그→KBO 구원왕→방출.....,스포탈코리아,"[SPORTALKOREA] 김지현 기자= 파란만장한 야구 인생이다. 지난달 SSG 랜더스에서 방출된 하재훈이 시민구단 울산 웨일즈로 향한다. 울산 구단은 11일 ""하재훈은 자유계약선수로 풀린 뒤 현역 연장 의지를 밝히며 새 둥지를 물색했고, 울산은 그의 장타력과 풍부한 경험을 높이 평가해 영입을 결정했다""고 전했다. 하재훈은 구단을 통해 ""몸 상태는 좋다. 힘과 스피드 모두 자신 있다""며 ""다시 한번 기회를 주신 울산 구단에 진심으로 감사드리고, 저를 믿고 선택해 주신 만큼 처음부터 다시 시작한다는 각오로 최선을 다하겠다""고 소감을 전했다. 이어 ""개인적인 목표보다 팀의 우승이 가장 중요하다""며 ""울산과 함께 반드시 우승을 이루고 싶다""고 각오를 밝혔다. 하재훈은 KBO리그에서 투수로 통산 40세이브, 타자로 통산 26홈런을 친 투타를 모두 경험한 선수다. 출발부터 남달랐다. 하재훈은 마산 용마고 졸업 후 시카고 컵스와 계약하며 메이저리거의 꿈을 품고 미국으로 떠났다. 하지만 마이너리그 트리플A 이상을 올라가지 못한 채 미국 여정을 마무리했다. 이후 일본 프로야구 야쿠르트 스왈로즈, 독립구단 도쿠시마 인디고삭스를 거쳐 한국으로 유턴했다. 하재훈은 2019년 KBO 신인 드래프트에서 2차 2라운드 전체 16순위로 SK 와이번스(현 SSG)에 입단, 8시즌 동안 투수와 타자를 오가며 활약했다. 하재훈은 KBO리그 데뷔 시즌인 2019년 투수로만 61경기에 등판해 59이닝을 던지며 5승 3패 36세이브 3홀드 평균자책점 1.98로 활약했다. 그해 리그에서 가장 많은 세이브를 올리며 구원왕도 차지했다. 이듬해 어깨 부상을 당한 하재훈은 2021시즌을 마친 후 야수로 전향했다. 2023시즌에는 77경기에서 타율 0.303 7홈런 35타점을 기록하며 가능성을 보여줬다. 2024시즌에도 타율 0.248 10홈런을 기록하며 두 자릿수 홈런을 달성하는 등 준수한 활약을 펼쳤다. 상승세는 오래가지 않았다. 점차 1군 출전 기회가 줄어들었고, 지난해에는 18경기에서 타율 0.143에 그치며 부진했다. 결국 올해는 단 한 번도 1군 무대를 밟지 못했다. 퓨처스리그에서도 22경기 타율 0.171로 기대에 미치지 못한 하재훈은 지난 6월 30일 방출 통보를 받았다. 1군 통산 성적은 265경기 타율 0.251 26홈런 92타점 99득점 OPS 0.733이다. 장원진 울산 감독은 ""하재훈은 풍부한 경험과 뛰어난 장타 능력을 갖춘 선수다. 젊은 선수들에게 좋은 본보기가 될 수 있으며, 아직 충분히 경쟁력이 있다고 판단했다""라며 그의 활약을 기대했다. 사진= SSG 랜더스 제공",https://v.daum.net/v/FnVFd42uRP
2026.07.11 15:14,"MLB 이정후, 시즌 100번째 안타…콜로라도전 4타수 1안타",KBS,"미국 프로야구 샌프란시스코 자이언츠의 이정후가 올 시즌 100번째 안타를 신고했습니다. 이정후는 오늘(11일, 한국시간) 미국 캘리포니아주 샌프란시스코 오라클 파크에서 열린 2026 미국프로야구 메이저리그(MLB) 콜로라도 로키스와 홈 경기에 7번 타자 우익수로 선발 출전해 4타수 1안타를 기록했습니다. 이정후의 올 시즌 100번째 안타 기록입니다. 이정후는 1대 0으로 앞선 2회 말 공격 때 안타를 신고했습니다. 2사에서 콜로라도 선발 타너 고든의 낮은 코스 초구 슬라이더를 걷어내 우전 안타를 만들었습니다. 이정후의 타구가 상대 팀 우익수 프리먼의 호수비에 잡힌 듯했지만 심판이 안타를 선언했고, 상대의 비디오 판독 요청 끝에 원심이 유지됐습니다. 이후 안타 생산은 하지 못한 가운데 이정후는 4타수 1안타로 시즌 타율을 3할 9리를 유지했습니다. 샌프란시스코는 9회 초 상대에 3실점 해 4대 3으로 역전패했습니다. 샌디에이고 송성문과 미네소타의 고우석은 나란히 결장했습니다. [사진 출처 : AP=연합뉴스] ■ 제보하기 ▷ 전화 : 02-781-1234, 4444 ▷ 이메일 : kbs1234@kbs.co.kr ▷ 카카오톡 : 'KBS제보' 검색, 채널 추가 ▷ 유튜브, 네이버에서도 KBS뉴스를 구독해주세요! 박주미 기자 (jjum@kbs.co.kr)",https://v.daum.net/v/bJnIqtZvvO
2026.07.11 15:05,"언제적 류현진-최형우야? 의심하지 마라, 공로상 받으러 올스타전 나간거 ...",스포티비뉴스,"[스포티비뉴스=윤욱재 기자] 의심하지 마라. 그들은 '공로상'을 받으러 올스타전 현장에 나타난 것이 아니다. 어느덧 올스타전의 날이 밝았다. 11일 잠실야구장에서는 두산, 롯데, KT, 삼성, SSG가 하나로 뭉친 드림 올스타와 LG, 키움, 한화, NC, KIA가 한데로 모인 나눔 올스타의 맞대결이 펼쳐진다. 올스타전은 KBO 리그 전반기를 빛낸 최고의 선수들이 모이는 자리. 이들 가운데 건재함을 과시하는 베테랑 선수들이 눈에 띈다. 각종 최고령 기록을 새로 쓰고 있는 '영원한 강타자' 최형우(삼성)는 올해 올스타전에서도 역대 최고령 출전 신기록을 앞두고 있다. 최형우는 1983년 12월 16일생이다. 이날 기준으로 42세 6개월 25일인 최형우는 이미 정규시즌에서는 최고령 출장, 안타, 홈런, 도루 기록 등을 새로 썼고 올스타전에 출전하면 2010년 양준혁(당시 삼성)이 기록했던 최고령 출장(41세 1개월 28일) 기록 경신이 가능하다. 투수 중에는 류현진(한화)의 이름에 주목하지 않을 수 없다. 류현진은 39세 3개월 16일의 나이로 이번 올스타전을 맞이한다. 이미 류현진은 2024년 올스타전에서 최고령 승리(37세 3개월 11일) 기록을 세운 바 있어 이날 경기에서 자신의 기록을 넘어설 수 있을지 관심을 모은다. 이들 외에도 1980년대생 올스타는 또 있다. 바로 최정(SSG)과 양의지(두산)다. 최정은 베스트로만 10번째로 선정, 3루수 역대 최다 기록을 갖고 있으며 감독추천선수 출전 포함 개인 14번째 올스타전에 나선다. 올해로 개인 15번째 올스타전에 나서는 양의지는 팬 투표 최다 득표 신기록(260만 5,510표)을 세우며 최고의 인기를 자랑했다. 과연 이들은 단순히 이름값과 인기 만으로 올스타에 선정된 것일까. 그렇지 않다. 이들 중 류현진을 제외하면 모두 베스트로 이름을 올렸다. 팬 투표는 물론 선수단 투표에서도 지지를 받았다는 의미다. 실력이 뒷받침하지 않으면 불가능한 일이다. 류현진은 15경기 87⅔이닝 8승 2패 평균자책점 2.67을 기록하며 다승 부문 공동 4위, 평균자책점 부문 4위에 각각 랭크됐다. 최형우 역시 81경기 타율 .329 95안타 12홈런 66타점으로 노익장을 과시했고 최정도 70경기 타율 .307 19홈런 54타점으로 훌륭한 성적을 남기고 있다. 양의지는 84경기 타율 .253 71안타 11홈런 43타점을 기록, 타격왕을 차지했던 지난해보다는 수치가 떨어졌지만 개막 초반 극심한 슬럼프를 딛고 두 자릿수 홈런을 돌파하면서 후반기 맹타를 기대케하고 있다. 운동선수로서 이들의 나이만 보면 시상식에서 공로상을 받아야 할 위치일지도 모르지만 결코 이들은 공로상을 받으러 올스타전에 나오는 것이 아니다. 그래서 더 경이롭고 대단하다는 말 밖에 나오지 않는다. <저작권자 ⓒ SPOTV NEWS. 무단전재 및 재배포 금지>",https://v.daum.net/v/5HOe8qu5vG
2026.07.11 15:01,“(김)선빈이 머릿속이 좀 복잡할 것 같은데…” KIA 밀어치기 장인의 ...,마이데일리,"[마이데일리 = 김진성 기자] “(김)선빈이 머릿속이 좀 복잡할 것 같은데…” 김선빈(37, KIA 타이거즈)은 국내 오른손타자들 중에서 우전안타를 가장 잘 치는 선수로 통한다. 다시 말해 밀어치는 능력이 탁월하다. ‘밀어치기 장인’이라는 말이 괜히 나온 게 아니다. 신장이 작은데 탁월한 컨택 능력을 바탕으로 바깥쪽으로 툭툭 밀어친다. 물론 잡아당기는 타격도 당연히 잘한다. 통산타율이 0.303인 이유다. 때문에 어느 타순에 들어가도 다 어울린다. 과거 1번을 치던 시절도 있었고, 지금도 2번이나 5~7번을 고루 소화한다. 무사 1루서 우전안타 한 방이면 무사 1,3루가 되니 2번타자로서의 효과는 확실하다. 중심타선에서 누군가 부진하거나 다치면 대체 1순위이기도 하다. 6~7번 타순에서 김선의 한 방이 나오면 경기를 쉽게 풀어가는 느낌이 있었다. KIA에서 2008년부터 19년째 함께하는, 타이거즈 프랜차이즈 최다안타 주인공은 그런 존재였다. 그러나 올해 김선빈은 너무 어색하다. 전반기를 역대 최악의 성적으로 마무리했다. 83경기서 276타수 67안타 타율 0.243 1홈런 25타점 30득점 OPS 0.670이다. 전반기 내내 타격감이 확 튀어오르는 시기가 없었다. 특히 6월부터 죽을 쒔다. 올스타 브레이크까지 30경기서 91타수 16안타 0.176 4타점 7득점에 그쳤다. 타이거즈 최다안타 경신의 기쁨도 누렸지만, 사실 전반적인 타격감이 오르지 않아 늘 고민하는 모습이었다. 시즌 타율과 통산 타율이 무려 6푼 차이라니. 본래 훈련량이 많지 않았던 선수지만 올해는 그렇지도 않았다. 스프링캠프부터 그랬고, 홈 경기에 가장 먼저 나와 늘 특타를 소화해왔다. 그럼에도 결과물이 잘 안 나온다. 이범호 감독은 9일 부산 롯데 자이언츠전을 앞두고 “게임도 계속 내고, 우리가 지금 (잘 치는)내야수가 굉장히 부족하다. 유격수와 2루수를 볼 수 있는 선수들이 부침이 있다. 선빈이만 잘 돌아가면 내야 운영이 좋아지는데”라고 했다. 박민, 김규성, 정현창은 수비형 중앙내야수다. 여기에 김선빈까지 안 맞으니까 중앙 내야수들의 부진이 더욱 도드라지기 마련이다. 이범호 감독은 “선반이를 스타팅에서 빼면 후반에 수비할 수 있는 선수들이 부족해진다. 선빈이를 먼저 내고 이기고 있을 때 (수비 강화 차원에서)교체하는 게 가장 좋은 방법이다”라고 했다. 이범호 감독은 후반기에 힘을 내줘야 하는 2명의 선수로 김선빈과 제임스 네일을 꼽았다. 이범호 감독은 “선빈이는 페이스만 한번 찾으면 또 금방 올라올 수 있는 능력을 가진 친구다. 머릿속이 좀 복잡할 것 같다. 그래도 어떻게든 해내야 한다. 후반기에 제일 중요한 선수가 선빈이와 네일이다. 이 친구들이 힘을 내줘야 후반기에 우리가 좀 버틸 수 있다”라고 했다. 김선빈이 타격감을 올려야 예전처럼 다양한 목적으로 기용이 가능하다. 6푼을 한꺼번에 만회하기 힘들지만, 말 그대로 애버리지는 애버리지다. 올라올 시기가 반드시 찾아올 것이라는 게 이범호 감독의 믿음이다.",https://v.daum.net/v/pIg4PbztEf
2026.07.11 14:58,김경문 한화 감독 박철순과 배터리 이뤄 올스타전 시구 시포…김용수·김동수...,마이데일리,"[마이데일리 = 류한준 기자] 현역 선수 시절 OB 베어스(현 두산 베어스)와 LG 트윈스를 대표하던 투, 포수가 다시 배터리를 이룬다. 한국야구위원회(KBO)는 11일 잠실구장에서 열리는 '2026 신한 SOL KBO 올스타전'를 기념해 의미있는 시구 행사를 진행한다. KBO는 잠실구장에서 마지막 올스타전을 기념하기 위해 두산과 LG 영구결번 주인공인 박철순과 김용수가 이날 시구를 위해 나란히 마운드 위로 오른다고 발표했다. 여기에 선수 시절 박철순, 김용수와 각각 배터리로 호흡을 맞췄던 김경문 한화 이글스 감독과 김동수 서울고교 야구부 감독이 포수 미트를 잡는다. KBO는 ""이날만큼은 잠실 라이벌 두 팀이 하나가 되어 시구와 시포를 진행하고 잠실구장에서 쌓아온 소중한 기억을 함께 나눈다""고 설명했다. 박철순은 OB 창단 멤버이자 구단을 상징하는 에이스 투수였다. 프로야구 원년인 1982년 소속팀을 우승으로 이끌며 정규시즌 최우수선수(MVP)를 차지했다. 당시 기록한 단일 시즌 22연승은 KBO 리그 역사상 전무후무한 기록으로 남아 있다. 그는 수 차례 부상을 극복하고 1995년 팀의 두 번째 한국시리즈 우승을 견인하며 '불사조'라는 별칭을 얻었다. 구단은 이러한 공로를 인정받아 박철순의 선수 시절 등번호 21번을 팀 영구결번으로 지정했다. 김용수는 MBC 청룡과 LG를 거친 구단 대표 프랜차이즈 투수였다. KBO리그 최초로 '100승-200세이브'를 달성했다. 또한 LG 선수 중 최초로 영구결번 영예를 안았다. 그는 선수 시절 통산 3차례 세이브 타이틀을 손에 넣었고 1990년과 1994년 LG 우승을 견인했고 두 차례 모두 한국시리즈 MVP를 차지했다. 그 역시 꾸준함의 대명사인 '노송'이라는 별칭과 함께 오랜 시간 잠실 구장 마운드를 지켜온 투수로 LG 팬들의 많은 사랑을 받았다. 김경문 감독은 OB 창단 멤버로서 투수 박철순과 호흡을 맞추며 1982년 KBO 리그 원년 우승에 핵심적인 역할을 했다. 선수 은퇴 후에는 두산과 NC 다이노스 사령탑을 거쳐 현재 한화 감독으로 현장을 지키고 있다. 김경문 감독은 2008년 베이징올림픽에 참가한 야구대표팀 지휘봉을 잡아 당시 '9전 전승 금메달'이라는 신화를 쓰며 한국 야구의 위상을 높였다. 그는 풍부한 경험과 리더십을 바탕으로 지난 시즌 한화가 한국시리즈까지 올라가는데 힘을 보탰다. 김동수는 LG를 상징하는 역대 최고 포수 중 한 명으로 꼽힌다. 그도 1990년대 팀 전성기를 이끌며 두 차례 우승(1990, 1994년)을 차지했다. 1990년 신인왕 수상을 시작으로 통산 7차례 포수 부문 골든글러브를 차지했다. 넓은 잠실구장을 홈으로 사용하면서도 통산 202홈런을 기록할 만큼 장타력을 갖춘 타자였다. 또한 김용수와 함께 LG의 황금기를 이끈 주역으로 평가받는다. 현재는 모교인 서울고등학교 야구부 감독을 맡아 차세대 야구 인재 육성에 힘쓰고 있다. 이번 올스타전 애국가는 가수 박정현이 맡는다. 독보적인 가창력과 깊은 감성으로 대중으로부터 큰 사랑을 받아온 박정현은 지난 2011년 잠실구장에서 열린 올스타전 이후 15년 만에 다시 올스타전 무대에서 애국가를 제창한다. 박정현의 애국가 제창에 이어서 대한민국 공군 특수비행팀 '블랙이글스'가 하늘을 가르는 에어쇼를 펼치며 2026 KBO리그 올스타전의 화려한 시작을 알린다. 류한준 기자 hantaeng@mydaily.co.kr",https://v.daum.net/v/ZqMFpHWIme
2026.07.11 14:54,"'아뿔싸!' 삼성 필승조, 팔꿈치 근육 손상으로 6주간 재활→일단 4주 ...",스타뉴스,"[스타뉴스 | 박수진 기자] 삼성 라이온즈의 필승조 투수 최지광(28)이 팔꿈치 부상으로 잠시 마운드를 떠나게 됐다. 삼성 라이온즈 구단 측은 11일 오전 ""지난 8일 1군에서 말소된 투수 최지광이 병원 검진 결과 오른쪽 팔꿈치 굴곡근과 회내근 손상(그레이드1) 진단을 받았다""고 밝혔다. 이어 구단 측은 ""약 6주간의 재활이 필요하다는 소견을 받았으며, 우선 4주 후에 재검진을 진행할 예정""이라고 덧붙였다. 최지광은 이번 시즌 25경기에 나서 4승 무패 1세이브 8홀드 평균자책점 2.45의 성적으로 삼성 불펜에서 핵심적인 역할을 수행하며 팀의 승리를 지켜온 '필승조' 자원이다. 주로 7회 또는 8회에 나선 승리조 투수다. 치열한 순위 싸움을 벌이고 있는 삼성으로서는 그의 공백이 뼈아플 수밖에 없다. 지난 8일 1군 엔트리에서 제외되며 팬들의 우려를 자아냈던 최지광은 결국 팔꿈치 근육 손상이라는 악재를 만나며 당분간 치료와 회복에 전념하게 됐다. 부상 정도가 심각한 수준은 아닌 것으로 보이나, 불펜의 핵심 전력인 만큼 구단은 무리하게 복귀를 추진하기보다 4주 뒤 재검진을 통해 경과를 신중하게 살필 계획이다. 선두권 경쟁을 위해 스퍼트를 올려야 하는 삼성 라이온즈가 최지광의 6주 공백을 어떻게 메워낼지, 불펜진의 운용에 비상이 걸렸다. 박수진 기자 bestsujin@mtstarnews.com",https://v.daum.net/v/X5lmHhOcvk
2026.07.11 14:53,'왜 한국까지 왔을까' 159km 페덱과 149km 페덱은 달라야 한다....,MHN스포츠,"(MHN 정철우 기자) 삼성 라이온즈가 후반기 승부수를 던졌다. 삼성은 11일 메이저리그 출신 우완 크리스 페덱을 영입하며 외국인 선발진에 변화를 줬다. 부상 대체 외국인 선수였던 잭 오러클린과 결별하는 대신 메이저리그 통산 132경기 선발 경험을 가진 투수를 선택했다. 박진만 감독이 원하는 것은 분명하다. 최소 6이닝을 책임질 수 있는 선발이다. 삼성은 올 시즌 불펜의 힘으로 전반기 1위를 차지했다. 하지만 후반기는 이야기가 다르다. 최지광이 팔꿈치 굴곡근 부상으로 이탈했고 필승조도 전반기 내내 적지 않은 이닝을 소화했다. 후반기로 갈수록 불펜 관리가 중요한 과제가 될 수밖에 없다. 그래서 박 감독은 페덱에게 ""후라도 수준까지는 아니더라도 최소 6이닝 정도는 책임져 달라""는 주문을 했다. 후라도처럼 매 경기 퀄리티스타트를 기대하는 것은 아니지만 최소한 선발이 자기 몫을 하며 불펜 소모를 줄여주길 바라는 뜻이다. 그런데 페덱을 평가할 때 단순히 메이저리그 통산 성적만 봐서는 안 된다. 지금의 페덱은 샌디에이고 시절의 페덱이 아니다. 가장 큰 변화는 구속이다. 페덱은 데뷔 초 최고 시속 159㎞까지 찍었던 강속구 투수였다. 빠른 직구를 앞세워 타자를 압도하는 스타일이었다. 그러나 두 차례 팔꿈치 인대접합(Tommy John) 수술을 거치면서 투수의 모습 자체가 달라졌다. 최근에는 평균 구속이 149㎞ 안팎까지 내려왔다. 10㎞가 줄었다는 것은 단순한 숫자의 변화가 아니다. 야구에서는 전혀 다른 투수가 됐다는 의미에 가깝다. 159㎞를 던질 수 있을 때는 승부가 단순했다. 빠른 공 하나만으로도 타자의 타이밍을 무너뜨릴 수 있었다. 변화구는 직구를 더 강하게 만드는 보조 무기였다. 하지만 149㎞를 던지는 투수는 다르다. 149㎞ 역시 빠른 공이다. KBO리그에서도 상위권 구속이다. 그러나 메이저리그에서는 더 이상 압도적인 구속이 아니다. 예전처럼 힘으로만 상대를 찍어 누르기는 쉽지 않다. 결국 경기 운영이 달라질 수밖에 없다. 볼 배합이 달라지고, 승부하는 코스가 달라지며, 변화구 활용 비율도 높아질 수밖에 없다. 타자의 타이밍을 뺏는 방법도 단순한 힘이 아니라 완급 조절과 코너워크에 의존해야 한다. 쉽게 말하면 '구속으로 하는 야구'에서 '운영으로 하는 야구'로 변해야 한다. 문제는 이런 변화가 하루아침에 이뤄지지 않는다는 점이다. 오랫동안 강속구로 성공했던 투수일수록 자신이 예전 공을 던진다는 기억이 몸에 남아 있다. 같은 코스로 승부하다가도 공 끝이 예전 같지 않으면 장타를 허용하는 경우가 생긴다. 그래서 구속이 떨어진 투수에게 가장 어려운 것은 팔이 아니라 머리다. 자신이 달라졌다는 사실을 얼마나 빨리 받아들이느냐다. 페덱 역시 같은 과제를 안고 KBO리그에 오게 됐다. 다행인 것은 KBO리그 환경이다. 149㎞는 메이저리그에서는 평범한 빠른 공일지 몰라도 KBO리그에서는 여전히 충분한 경쟁력을 갖춘 구속이다. 여기에 메이저리그에서 다듬은 커맨드와 다양한 변화구가 뒷받침된다면 오히려 힘만 앞세우는 투수보다 안정적인 결과를 낼 가능성도 있다. 삼성이 기대하는 것도 바로 그 부분이다. 박진만 감독이 강조한 것은 삼진 개수가 아니었다. 최고 구속도 아니었다. 6이닝이었다. 그 말은 곧 효율이다. 100개 안팎의 투구로 6이닝을 책임지고, 경기 흐름을 넘겨주며, 불펜을 아끼는 투수가 되라는 뜻이다. 지금 삼성에는 그런 선발이 더 절실하다. 후라도가 이미 그 역할을 해주고 있다. 17차례 선발 등판에서 13번이나 퀄리티스타트를 기록하며 선발의 기준을 만들었다. 페덱에게 후라도 수준까지 요구하는 것은 무리일 수 있다. 하지만 최소한 6이닝 정도는 안정적으로 책임질 수 있는 운영 능력은 보여주길 바라고 있다. 결국 페덱의 성공 여부는 최고 구속이 아니다. 149㎞를 던지는 자신에게 얼마나 빨리 적응하느냐다. 예전처럼 159㎞를 믿고 던지는 투수가 아니라, 지금의 구속으로 가장 효율적인 투구를 하는 투수가 될 수 있다면 삼성은 기대했던 2선발을 얻게 된다. 반대로 아직도 159㎞를 던지던 시절의 야구를 하려 한다면 어려움은 생각보다 길어질 수 있다. 후반기 삼성의 승부수는 메이저리그 경력에 걸려 있는 것이 아니다. '159㎞의 페덱'이 아니라 '149㎞의 페덱'이 얼마나 빨리 완성되느냐에 달려 있다.",https://v.daum.net/v/VqDMb31yRd
2026.07.11 14:51,"한 타석으로 잠실을 뒤흔들었다…‘총알 홈런’ NC 신재인, “전반기 내 ...",문화일보,"잠실 = 정세영 기자 NC의 고졸 신인 내야수 신재인(19)은 전반기 자신의 점수를 ‘20점’이라고 매겼다. 1군에서 받은 기회를 제대로 살리지 못했다는 냉정한 평가였다. 그러나 퓨처스리그 유망주들이 한자리에 모인 올스타전에서는 한 타석으로 강렬한 존재감을 과시했다. 신재인은 10일 잠실구장에서 열린 2026 KBO 퓨처스리그 올스타전에 남부리그 3번 타자 겸 3루수로 선발 출전했다. 가장 인상적인 장면은 남부리그가 1-0으로 앞선 4회 말이었다. 1사 2루에서 타석에 선 신재인은 LG 조원태의 높게 들어온 시속 148㎞짜리 직구를 기다렸다는 듯 받아쳤다. 총알 같은 속도로 날아간 타구는 잠실구장 왼쪽 담장을 넘어갔다. 점수 차를 3-0으로 벌린 투런 홈런이었다. 이날 경기를 중계한 김강민 MBC스포츠플러스 해설위원은 “총알 같은 타구를 날렸다. 남다른 자질을 갖춘 타자”라고 평가했다. 신재인은 선발 3루수로 경기를 시작한 뒤 유격수 수비까지 소화하며 활용도도 보여줬다. 신재인은 이날 우수타자상을 받았다. 유신고를 졸업한 신재인은 2026 신인드래프트 1라운드 전체 2순위로 NC 유니폼을 입었다. NC는 신재인의 강한 타격과 여러 내야 포지션을 맡을 수 있는 능력을 높이 평가했다. 신재인은 시범경기에서 경쟁력을 보이며 개막 엔트리에 포함됐다. 4월 1일 롯데전에서는 8회 말 데뷔 첫 안타를 동점 투런 홈런으로 장식하며 주목받았다. 하지만 1군에서 꾸준히 자리를 지키지는 못했다. 신재인은 전반기 세 차례에 걸쳐 1군과 퓨처스리그를 오갔다. 1군에서는 39경기에 출전해 타율 0.188, 3홈런, 8타점을 남겼다. 신재인은 퓨처스 올스타전을 앞두고 전반기를 돌아보며 “20점 정도다. 좋은 경기보다 좋지 않은 경기가 훨씬 많았고, 받은 기회를 충분히 잡지 못했다”고 말했다. 가장 아쉬워한 부분은 타격이었다. 신재인은 “구단이 내 타격 능력을 믿고 기회를 준다고 생각한다. 그 기대를 충족하지 못한 것이 가장 아쉽다”고 강조했다. 다만 퓨처스리그에서는 13경기에서 타율 0.366, 2홈런, 8타점을 기록하며 자신의 장점을 보여줬다. 신재인은 제한된 기회에서 결과를 내기 위한 준비에도 공을 들였다. 상대 투수의 구종과 볼 배합을 반복해서 확인하고, 경기에 나가지 않는 날에도 실내에서 타격 훈련을 이어갔다. 신재인은 “대타로 한 번 나가 결과를 내는 것이 정말 어렵다”며 “한 타석에서 잘 치기 위해 상대 투수 분석지를 거의 외울 정도로 보고 있다”고 말했다. 퓨처스 올스타전은 유망주들이 자신의 이름을 알리는 등용문이다. 역대 최우수선수(MVP) 가운데 채태인과 전준우, 김종호, 정진호, 하주석, 나승엽, 김범석 등이 이후 1군 주축 선수로 성장했다. 신재인도 단 한 번의 타석에서 강렬한 존재감을 남기며 후반기 도약 가능성을 보여줬다. 신재인은 후반기 목표로 “한 번 나갔을 때 경기 흐름을 바꿀 수 있는 타격을 보여주고 싶다”고 다짐했다. 정세영 기자",https://v.daum.net/v/6zk1lDcnyv
2026.07.11 14:23,"[IS 인터뷰] ""제일 센 투수 데려왔다"" 삼성이 밝힌 페덱 낙점 이유,...",일간스포츠,"""운영 능력이 좋은 투수."" 삼성 라이온즈가 새 외국인 투수 크리스 페덱을 향한 기대감을 드러냈다. 삼성은 11일 기존 외국인 투수 맷 매닝, 잭 오러클린의 교체 외국인 투수로 페덱과 47만 3333달러에 계약을 맺었다. 키 1m96cm 몸무게 98kg의 건장한 체격을 갖춘 페덱은 메이저리그(ML) 통산 132경기(선발 119경기)에서 32승 43패, 평균자책점 4.83, 이닝당 출루허용률(WHIP) 1.26을 기록했다. ML 통산 9이닝당 탈삼진 8.02개, 9이닝당 볼넷 2.04개를 기록했다. 마이너리그에선 통산 40경기(선발 35경기), 13승 7패, 평균자책점 1.92, WHIP 0.82의 성적을 남겼다. 트리플A 성적은 1경기 3이닝 무실점이다. 계약 후 이종열 삼성 단장은 본지와의 통화에서 ""(단기 대체 외국인 투수) 오러클린을 영입했을 때부터 모니터링했던 투수다. 우리가 고를 수 있는 투수 중 가장 센 카드라고 생각했다""면서 ""우리가 필요한 건 선발 투수고, ML에서 선발 경험이 있는 투수를 찾다가 계속 관찰한 페덱과 계약을 맺었다""라고 전했다. 베이스볼서번트에 따르면, 페덱은 올 시즌 포심 패스트볼과 체인지업, 컷 패스트볼, 커브, 스위퍼, 싱커 등 다양한 구종을 던졌다. 이 중 포심 패스트볼의 평균 구속은 92.9마일(약 149km)이다. 이 단장은 페덱에 대해 ""구위형보다는 운영 능력이 좋은 투수""라고 전했다. 이 단장은 ""자동투구판정시스템(ABS)에서도 잘 적응할 거라 본다. (ABS 도입 이후) 타자들이 가장 어려워 하는 게 하이볼 아닌가, 하이볼을 잘 던지고 잘 떨어지는 변화구를 잘 활용한다면 괜찮을 거라 생각한다""고 말했다. 전반기 삼성 마운드를 잘 지탱해준 오러클린에 대해선 ""본인도 지쳤다는 표현을 했다. 후반기에 경쟁력 있는 싸움을 이어가려면 교체가 필요하다고 봤다""고 전했다. 오러클린은 지난겨울 호주야구리그(ABL)에 이어 월드베이스볼클래식(WBC) 호주 대표팀, KBO리그까지 쉴 틈 없이 뛰어왔다. 이 단장은 아시아쿼터에 대해서도 ""계속 알아보는 중이다""라고 전했다. ""(기존 아시아쿼터인) 미야지 유라가 후반기에 잘해주면 땡큐지만, 만일을 대비해서 (대체 선수를) 이전부터 계속 모니터링 하고 있다""고 전했다. 미야지는 올 시즌 33경기에 나와 무승 1패 3홀드 평균자책점 5.97로 다소 부진하다. 한편, 계약서에 사인을 마친 페덱은 “어떤 리그에서든 프로야구는 많이 이겨야 하는 스포츠다. 그런 면에서 1위 경쟁을 하고 있는 삼성 라이온즈가 매력적으로 느껴졌다. 이 팀의 전통과 팬들의 열정에도 끌렸다”고 입단 소감을 밝혔다. 윤승재 기자 yogiyoon@edaily.co.kr",https://v.daum.net/v/3mTSgMPKrt
2026.07.11 14:22,"‘전반기 1위’ 삼성, 새 외국인 투수 페덱 영입",KBS,"프로야구 KBO리그 전반기를 1위로 마친 삼성 라이온즈가 메이저리그 출신 오른손 투수 크리스 페덱을 영입했습니다. 삼성 구단은 오늘(11일) 부상 대체 외국인 선수였던 잭 오러클린과 계약을 연장하지 않고, 페덱과 올 시즌 종료까지 총액 47만 3,333달러(약 7억 1,000만 원)에 계약했다고 발표했습니다. 최근까지도 메이저리그 선발 로테이션에서 활약한 페덱은 KBO리그를 거친 역대 외국인 선수 가운데서도 손꼽히는 거물급 투수로 평가받습니다. 30세의 페덱은 키 196cm, 몸무게 98kg의 체격을 갖췄으며, 메이저리그 통산 132경기에 등판해 32승 43패, 평균자책점 4.83, WHIP 1.26을 기록했습니다. 마이너리그에서는 통산 40경기에 출전해 13승 7패, 평균자책점 1.92, WHIP 0.82의 뛰어난 성적을 남겼습니다. 다양한 구종을 구사하는 페덱은 메이저리그 통산 9이닝당 탈삼진 8.02개, 볼넷 2.04개를 기록하며 구위와 제구력을 모두 인정받았습니다. 국내에서 신체검사를 마친 페덱은 조만간 선수단에 합류해 후반기 삼성의 선발진을 이끌 예정입니다. 페덱은 구단을 통해 “프로야구는 어떤 리그에서든 많이 이겨야 하는 스포츠”라며 “1위 경쟁을 펼치는 삼성 라이온즈의 전통과 팬들의 열정에 매력을 느꼈다”고 입단 소감을 밝혔습니다. 또 “샌디에이고 파드리스에서 김하성과 함께 뛰며 KBO리그에 대해서도 어느 정도 알고 있다”며 “라이온즈 선수들과 많은 것을 나누고 싶다”고 말했습니다. 한편, 맷 매닝의 부상 대체 선수로 삼성 유니폼을 입었던 오러클린은 KBO리그 17경기에서 5승 5패, 평균자책점 4.86을 기록하고 팀을 떠나게 됐습니다. [사진 출처 : 연합뉴스 / 삼성 라이온즈 제공] ■ 제보하기 ▷ 전화 : 02-781-1234, 4444 ▷ 이메일 : kbs1234@kbs.co.kr ▷ 카카오톡 : 'KBS제보' 검색, 채널 추가 ▷ 유튜브, 네이버에서도 KBS뉴스를 구독해주세요! 이무형 기자 (nobrother@kbs.co.kr)",https://v.daum.net/v/69YSgMPKy9
2026.07.11 14:20,"‘슈퍼스타’ 오타니, 무릎 부상으로 올스타전 출전 불발",KBS,"미국프로야구 메이저리그(MLB)의 ‘슈퍼스타’ 오타니 쇼헤이가 왼쪽 무릎 통증으로 예정됐던 선발 등판과 올스타전 출전을 모두 포기했습니다. LA 다저스 구단은 오늘(11일) 미국 캘리포니아주 로스앤젤레스 다저스타디움에서 열리는 애리조나 다이아몬드백스와 홈 경기를 앞두고 오타니의 부상 소식을 알렸습니다. 이날 오타니가 선발 투수로 내정했던 다저스 구단은 우완 카일 허트를 대신 마운드에 올렸습니다. 구단은 이어 “오타니가 후반기 준비를 위해 올스타 브레이크 기간 무릎 치료에 전념할 계획”이라며 “올스타전에 출전하지 않는다”고 밝혔습니다. 투타 겸업을 하는 오타니는 전반기 남은 경기에 타자로만 출전할 예정입니다. MLB닷컴은 “오타니는 최소한 지난달 12일부터 왼쪽 무릎 통증을 안고 경기에 나선 것으로 알려졌다”며 “그는 무릎 통증 외에도 오른쪽 이두근 부상, 오른손 물집 등 여러 차례 부상에 시달렸으나 투수와 타자로 모두 제 몫을 했다”고 전했습니다. 오타니는 올 시즌 투수로 14경기에 선발 등판해 8승 2패 평균자책점 1.79, 타자로는 89경기에서 타율 0.290, 20홈런, 56타점, OPS(출루율+장타율) 0.939의 빼어난 성적을 냈습니다. 아울러 올스타전 팬 투표에서 양대 리그 최다 득표의 영예를 안으며 내셔널리그 지명타자 부문 선발로 낙점돼 개인 통산 6번째 올스타전 출전을 앞두고 있었으나 부상으로 불참하게 됐습니다. 올스타전은 오는 15일 필라델피아 필리스 홈구장인 펜실베이니아주 필라델피아 시티즌스 뱅크 파크에서 열립니다. [사진 출처 : AP=연합뉴스] ■ 제보하기 ▷ 전화 : 02-781-1234, 4444 ▷ 이메일 : kbs1234@kbs.co.kr ▷ 카카오톡 : 'KBS제보' 검색, 채널 추가 ▷ 유튜브, 네이버에서도 KBS뉴스를 구독해주세요! 이무형 기자 (nobrother@kbs.co.kr)",https://v.daum.net/v/zRGhVu0Hhd
2026.07.11 14:18,"‘아뿔싸!’ 삼성 최지광, 팔꿈치 근육 손상으로 전열에서 이탈…“6주 재...",MK스포츠,"최지광(삼성 라이온즈)이 잠시 쉬어간다. 삼성 관계자는 “지난 8일 1군에서 말소된 최지광이 병원 검진 결과 오른쪽 팔꿈치 굴곡근 및 회내근 손상(G-1) 진단을 받았다”고 11일 밝혔다. 지난 2017년 2차 1라운드 전체 9번으로 삼성의 부름을 받은 최지광은 빠른 강속구가 주무기인 우완투수다. 통산 273경기(273이닝)에서 20승 16패 3세이브 55홀드 평균자책점 4.52를 찍었다. 특히 올해 존재감이 컸다. 25경기(22이닝)에 나서 4승 무패 1세이브 8홀드 평균자책점 2.45를 기록, 필승조로 활약했다. 하지만 최근 불의의 부상과 마주했고, 결국 잠시 마운드에 서지 못하게 됐다. 삼성 관계자는 “약 6주간 재활 소견”이라며 “우선 4주 후 재검진을 받을 예정”이라고 설명했다. [이한주 MK스포츠 기자] [ⓒ MK스포츠, 무단전재 및 재배포 금지]",https://v.daum.net/v/xE8h9pFYJa
2026.07.11 14:08,삼성 MLB 32승 크리스 페댁 영입… 굿바이 오러클린,중앙일보,"프로야구 삼성 라이온즈가 오른팔 투수 크리스 페덱(30·미국)을 영입했다. 삼성은 11일 부상 대체 외국인 선수로 뛰던 잭 오러클린(호주)과의 계약을 연장하지 않고 미국프로야구 메이저리그(MLB) 출신 투수 페덱과 47만 3333달러(약 7억 1000만원)에 계약했다고 발표했다. 키 1m96㎝, 몸무게 98㎏의 건장한 체격을 갖춘 페덱은 빅리그 통산 132경기(선발 119경기)에 등판해 32승 43패, 평균자책점 4.83, 이닝당 출루허용률(WHIP) 1.26을 기록했다. KBO리그에서 뛴 외국인 투수 중에서도 손꼽히는 경력을 갖고 있다. 그러나 올 시즌엔 14경기(9선발) 7패 평균자책점 6.79로 부진했다. 지난달 30일 텍사스 레인저스전에선 4이닝 7피안타 2실점했다. 다양한 구종을 구사하는 페덱은 빅리그 통산 9이닝당 탈삼진 8.02개, 9이닝당 볼넷 2.04개를 기록하며 뛰어난 구위와 안정적인 제구력을 증명했다. 국내에서 신체검사를 무사히 마친 페덱은 조만간 선수단에 합류해 삼성의 후반기 1위 수성을 위한 선발진에 힘을 보탤 예정이다. 페덱은 구단을 통해 “어떤 리그에서든 프로야구는 많이 이겨야 하는 스포츠다. 그런 면에서 1위 경쟁을 하는 삼성 라이온즈가 매력적으로 느껴졌다. 팀의 전통과 팬들의 열정에도 끌렸다”고 입단 소감을 밝혔다. 이어 “샌디에이고 시절 김하성과 함께 뛴 경험이 있어 KBO리그에 대해서도 어느 정도 알고 있다. 라이온즈의 선수들과 많은 점을 나누고 싶다”고 덧붙였다. 한편 맷 매닝의 부상 대체 선수로 삼성 유니폼을 입었던 오러클린은 두 차례 연장 계약을 펼치며 17경기에서 5승 5패, 평균자책점 4.86의 준수한 성적을 남겼으나 팀을 떠나게 됐다. 김효경 기자 kaypubb@joongang.co.kr",https://v.daum.net/v/UVd2K0tWTU
2026.07.11 14:07,"삼성 진짜 우승하나, 후라도-원태인도 무서운데, ML 32승 최강 투수까...",스포츠조선,"[스포츠조선 김용 기자] 와, 입이 떡 벌어지네. 삼성 라이온즈가 초강력 승부수를 던졌다. 일단 구색은 완벽하다. 삼성은 11일 외국인 투수 페덱을 영입했다고 발표했다. 시즌 전 팔꿈치 부상으로 이탈한 매닝, 그를 대신해 단기 계약으로 좋은 활약을 해주던 오러클린이 최근 부침을 겪자 삼성이 결단을 내렸다. 물론 와서 던지는 걸 봐야 한다. 제 아무리 훌륭한 경력을 가진 선수라도, KBO리그에 적응하지 못하면 끝이다. 지난해 두산 베어스 콜 어빈이 이를 제대로 보여줬다. '역대급' 메이저리그 경력을 자랑했지만, 추악한 그라운드 안팎 매너만 남기고 사라졌다. 하지만 메이저리그 경력이 화려하다는 건, 분명 성공 가능성이 높다는 걸 의미한다. 그만큼 좋은 능력을 갖췄다는 객관적 자료이기 때문이다. 페덱은 일단 젊다. 30세다. 야구 선수로 정점을 찍을 시기. 키 1m96, 몸무게 98kg의 건장한 체격을 자랑한다. 메이저리그에서만 통산 132경기를 던졌다. 그 중 선발이 119경기나 된다. 이게 중요하다. 보통 한국에 오는 선수들은 커리어상 메이저리그 불펜 경력이 많다. 선발로 꾸준하게 던진 선수는, 한국에 올 일이 잘 없다. 기록은 32승43패 평균자책점 4.83. 마이너리그에서는 통산 40경기를 소화했다. 마이너리그보다 메이저리그 경력이 많은 현역 빅리거다. 안 그래도 선발진이 강한 삼성이다. 리그 최고의 '퀄리티스타트 머신' 후라도가 있다. 올해 조금 주춤하지만 토종 에이스 원태인도 분명 자기 것을 해줄 투수다. 여기에 양창섭이 올해 완전히 야구에 눈을 뜬 모습. 7승 무패 최고의 기세다. 부진하지만 최원태도 있고, 씩씩한 신인 장찬희도 좋다. 이 선발진에 페덱이 1선발급 역할을 해준다면, 역대 최강의 원-투-스리 펀치가 가동될 수 있다. 삼성은 전반기를 1위로 마감했다. 우승 도전 적기다. 모든 팀, 선수들의 체력이 떨어질 후반기 강력한 선발진이 제대로 돌아간다면 우승 가능성을 높일 수 있다. 포스트시즌에서도 마찬가지다. 페덱도 이를 안다. 그는 ""어떤 리그에서든 프로야구는 많이 이겨야 하는 스포츠다. 그런 면에서 1위 경쟁을 하고 있는 삼성 라이온즈가 매력적으로 느껴졌다""고 입단 소감을 밝혔다. 과연 페덱이 후반기 어떤 모습을 보여줄 것인가. 벌써부터 관심 집중이다. 김용 기자 awesome@sportschosun.com",https://v.daum.net/v/xC0t5vhD0A
2026.07.11 14:03,'굿바이' 잠실에서 열리는 마지막 KBO 올스타전…주요 관전 포인트는,스포츠투데이,"[잠실=스포츠투데이 강태구 기자] 잠실야구장에서 열린 14번째이자 마지막 별들의 축제인 2026 신한 SOL KBO 올스타전이 오늘(11일) 닻을 올린다. KBO는 11일 잠실야구장에서 2026 신한 SOL KBO 올스타전을 개최한다. 잠실야구장은 올 시즌을 끝으로 철거돼 2031년 말 3만 5000석 규모의 최신식 돔구장으로 다시 태어난다. 1982년 프로야구 원년에 문을 연 야구의 성지에서 열리는 마지막 올스타전이다. 한국 야구 역사와 함께해 온 잠실야구장과의 작별을 준비하는 올스타전의 주요 관전 포인트를 알아보자. ▲ 통산 최다 올스타 선정 2위 두산 양의지, 개인 2번째 '미스터 올스타'도 도전장 두산 양의지는 팬 투표 최다 득표 신기록(260만 5510표)을 세우며 통산 15번째 올스타에 선정됐다. 삼성양준혁, 강민호(이상 15회)와 함께 이 부문 1위 KT 김현수(16회)를 잇는 공동 2위에 이름을 올렸다. 기세를 이어 개인 두 번째 올스타전 MVP를 노린다. 양의지는 코로나19로 인해 언택트 올스타 레이스로 펼쳐진 2020년 올스타전에서 한국야구기자회 소속 기자단 투표 총 82표 중 65표를 획득해 첫 '미스터 올스타'에 선정됐다. 이번 축제에서 다시 MVP에 오르면 역대 KBO 올스타전에서 두 차례 MVP를 수상한 6번째 선수가 된다. 앞서 김용희(1982, 1984년), 박정태(1998, 1999년), 정수근(2004, 2007년), 이대호(2005, 2008년), 홍성흔(2006, 2010년)만이 이 기록을 가지고 있다. 양의지를 비롯해 이번 올스타전에 함께 출전하는 최정(2017년 MVP), 최형우(2024년 MVP)도 2번째 수상을 노린다. ▲ 별들의 축제 빛낼 베테랑들의 품격 오랜 기간 KBO 리그를 누비는 베테랑들이 잠실 마지막 올스타전을 함께 한다. 야수 중에서는 삼성 최형우의 이름이 눈에 띈다. 1983년 12월 16일생인 최형우는 이미 올해 정규시즌 최고령 출장, 안타, 홈런, 도루 기록 등을 새로 썼다. 7월 11일 기준, 42세 6개월 25일인 최형우는 올스타전에서도 각종 기록을 겨냥한다. 양준혁(삼성, 이스턴)이 2010년 올스타전에서 세운 최고령 출장과 홈런(41세 1개월 28일) 기록을 경신할 수 있다. 마운드에서는 류현진의 존재감이 남다르다. 2009년 이후 17년 만에 감독추천선수로 올스타전을 맞이한다. 메이저리그에서 KBO 리그로 복귀한 이후로는 2번째로 나서는 별들의 축제다. 앞서 2024년에 올스타전 최고령 승리(37세 3개월 11일) 기록을 세운 류현진은 39세 3개월 16일의 나이로 맞이하는 이번 올스타전을 통해 또 한 번 새로운 기록 수립에 도전한다. 이외에도 3루수 역대 최다인 10회 베스트에 선정된 최정(SSG)도 감독추천선수 출전 포함 개인 14번째 올스타전을 준비한다. 구자욱도 어느새 11번째 올스타에 선정되며 9번째 출전을 앞두고 있다. ▲ 올스타 샛별들 대거 합류, 올스타 첫 출전선수 27명 별들의 축제에 처음 합류하는 수많은 선수가 잠실 올스타전 고별전을 준비한다. 드림, 나눔을 통틀어 데뷔 첫 올스타전에 나서는 선수만 총 27명으로 전체 출전 명단의 절반을 넘겼다. 선발 맞대결부터 눈에 띈다. 리그를 대표하는 우완 파이어볼러 곽빈(두산)이 데뷔 8년 만에 첫 올스타전에 나선다. 나눔 선발 올러(KIA)는 지난해 감독추천선수로 이름을 올렸다가 부상으로 출전이 불발된 아쉬움을 씻는다. 박준현(키움)은 감독추천선수에 이름을 올려 올해 유일한 고졸신인으로 올스타전을 누비고, 대졸 선수로는 박정민(롯데)이 데뷔 첫해부터 출전 영광을 안았다. 키움 마무리 투수로 활약하는 유토는 첫 시즌부터 두 자릿수 세이브를 올리는 활약과 함께 아시아쿼터 선수로는 유일하게 이번 올스타전에 나선다. 이외에도 최원준(KT)이 10년 만에 감격스러운 첫 올스타 출전을 앞뒀다. 잠실을 홈 구장으로 사용하는 박준순(두산), 우강훈, 구본혁, 문성주, 송찬의(이상 LG)도 올스타전에 처음 출전해 잠실의 뜻깊은 마지막을 기념할 예정이다. ▲ 역대 상대 전적 5승 4패, 5연승 노리는 나눔 올스타 vs 연패 탈출 다짐하는 드림 올스타 2015년부터 펼쳐진 드림과 나눔의 맞대결에서는 나눔이 5승 4패(2020, 2021년 코로나19로 미개최)로 미세한 우위를 점하고 있다. 특히 2022년부터 4연승을 내달리며 불리했던 상성을 뒤집었다. 지난해에도 4타수 3안타 3타점 1홈런으로 MVP에 오른 LG 박동원과 쐐기 홈런을 터뜨린 KIA 김태군 등의 활약으로 8-6 승리를 거뒀다. 올해도 기세를 이어 5연승에 도전한다. 드림 올스타도 물러서지 않는다. 2019년 당시 새로 개장한 창원NC파크에서 거둔 9-7 승리 이후 7년 만의 승리를 노린다. [스포츠투데이 강태구 기자 sports@stoo.com]",https://v.daum.net/v/1bSB75Hllv
2026.07.11 14:03,"주전 줄부상·구단 최다연패… SSG 전반기, 이보다 나쁠 수 없었다",경인일보,"최정·고명준 부상속 13연패 승률 0.373 9위 전반기 마감 외인 연쇄 이탈·방출 선발진 붕괴 팀 ERA 5.84 리그 최하위 수모 프로야구 SSG 랜더스가 구단 출범 이후 최악의 성적으로 전반기를 마무리했다. 외국인 선수 운용 실패, 잇따른 부상 악재가 가장 큰 원인이다. 한때 3위에서 상위권 경쟁을 벌이던 순위는 9위까지 추락했고, 승률 0.373(31승3무52패)까지 떨어졌다. 시즌 초반만 해도 흐름이 나쁘지 않았다. SSG는 한때 3위에 올라 리그 1위와 1.5경기 차로 선두를 노려보기도 했다. 박성한이 KBO리그 최초 22경기 연속 안타를 기록했고, ‘리빙 레전드’ 최정이 KBO 최초 21시즌 연속 두 자릿수 홈런을 달성하는 등 타선이 활발하게 돌아갔다. 고명준 등 젊은 타자들의 활약도 눈에 띄었다. 부진의 출발점은 선발진 붕괴였다. 특히 선발진의 한 축을 맡아야 할 외국인 투수들이 예상 밖 부진을 겪으며 마운드 구상이 틀어졌다. 팀 1선발이었던 미치 화이트는 장기 부상으로 이탈했고, 이후 단기 대체로 영입된 긴지로도 기대에 미치지 못하며 정리됐다. 이어 영입한 토마스 해치 역시 반등을 이끌지 못했고, 또 다른 외국인 투수 앤서니 베니지아노마저 부진 끝에 방출됐다. 아시아쿼터 자원인 타케다도 전력 보탬이 되지 못했다. 외국인 선수 전반의 부진이 이어지면서 스카우팅과 선수 운용 전반에 대한 책임론도 피하기 어렵게 됐다. 팀 투수 지표는 부진을 그대로 보여준다. SSG는 팀 평균자책점 5.84로 리그 최하위에 머물렀고, 퀄리티스타트는 10개에 그쳤다. 세이브와 홀드, 승리 등 주요 지표에서도 하위권을 기록했으며, 피홈런과 볼넷, 실점(540점)에서도 리그 최다를 기록 중이다. 선발진이 무너지자 불펜 소모는 급격히 늘어났다. 지난해 가을야구를 이끈 필승조도 침체에 빠졌다. 타선 역시 부상 악재가 겹쳤다. 고명준의 팔목 골절을 시작으로 크고 작은 부상이 이어졌고, 최정의 이탈 속 SSG는 구단 최다 13연패에 빠지기도 했다. 박성한, 오태곤, 조형우 등 주전 선수들도 한 차례씩 이탈했다. 올 시즌 영입된 김재환은 지명타자로 나섰지만 기대에 미치지 못했다. 충분히 몸 상태를 회복하기도 전에 서둘러 복귀한 선수들은 수비에서도 기복을 보였다. 투타 밸런스가 좀처럼 맞지 않으며 경기력 전반이 흔들렸고 이후 9연패까지 이어졌다. 이 과정에서 SSG는 뚜렷한 방향성을 잡지 못했다. 가을야구 경쟁에서 멀어졌음에도 신예 기용은 두드러지지 않았다. 여기에 퓨처스리그 최하위까지 겹치며 팀 운영 전반의 재정비 필요성이 커지고 있다. 그나마 신인 투수 김민준이 가능성을 보이며 위안을 남겼다. SSG는 후반기 합류 예정인 새 외국인 투수 아빌라를 앞세워 반전을 노린다. 다만 전반기 내내 드러난 외국인 선수 운용 실패와 투타 불균형, 팀 운영 방향성 문제를 해결하지 못할 경우 반등은 쉽지 않을 전망이다. /백효은 기자 100@kyeongin.com",https://v.daum.net/v/HX6TlDcnCJ
2026.07.11 13:56,"'투런포에 안정된 수비까지' NC 신재인, 퓨처스 올스타전서 우수타자상 ...",마니아타임즈,[김민성 마니아타임즈 기자] 한 방과 안정된 수비로 잠재력을 증명했다. NC 신재인이 퓨처스 올스타전에서 우수타자상을 수상하며 존재감을 알렸다. 신재인은 7월 10일 KBO 퓨처스 올스타전에서 4회 1사 2루 기회에 조원태를 상대로 투런 홈런을 쏘아 올렸다. 여기에 경기 초반 3루수로 나선 뒤 후반에는 유격수로도 뛰며 양 포지션에서 무난한 수비를 선보였다. 지난해 신인드래프트에서 최대어 박준현에 이어 2순위로 지명된 자원다운 활약이었다. 그의 프로 첫발은 순탄치 않았다. 유신고 동기 오재원과 이강민처럼 신인으로 개막 엔트리에 들 만큼 잠재력을 인정받았으나 1군에서 타율 0.188에 그치며 프로의 벽을 실감한 것이다. 그러나 퓨처스에서 칼을 갈며 타율 0.366에 OPS 1.019로 서서히 적응해 가고 있다. 그의 성장이 중요한 이유도 있다. 주전 3루수 김휘집이 군 문제를 앞두고 있고 유격수 김주원은 WBC 활약을 바탕으로 해외 진출이 유력한 것이다. 그런 만큼 원문 작성자는 그가 강정호 같은 거포 유격수나 최정 같은 거포 3루수로 성장할 수 있다는 조심스러운 예상을 내놓았다. [김민성 마니아타임즈 기자/maniareport@naver.com] 기사제보 및 보도자료 report@maniareport.com,https://v.daum.net/v/t2nESwkL12
2026.07.11 13:39,"'미래의 에이스와 중심타자' 삼성 김백산·함수호, 퓨처스 올스타전서 나란...",마니아타임즈,[김민성 마니아타임즈 기자] 삼성이 미래를 함께 밝힐 두 유망주를 확인했다. 미래의 에이스와 중심타자를 동시에 확보한 것이다. 김백산과 함수호는 7월 10일 KBO 퓨처스 올스타전에 출전해 나란히 맹활약했다. 김백산이 1이닝 무실점을 기록했고 함수호는 3타수 2안타 1홈런 1타점으로 활약한 것이다. 특히 함수호는 2회말 결승 솔로홈런으로 강한 인상을 남기며 퓨처스 올스타 MVP까지 수상했다. 두 선수의 발자취는 남다르다. 2025년 부산과학기술대를 졸업하고 육성선수로 입단한 김백산은 지난 7월 2일 창원 NC전에서 깜짝 선발로 데뷔해 5.2이닝 무실점으로 첫 승을 거뒀다. 이는 박준영에 이어 육성선수 출신 데뷔전 첫 승의 두 번째 사례로 기록됐다. 함수호는 2025년 신인드래프트 4라운드 33순위로 지명된 뒤 일찌감치 미래의 중심타자로 주목받아 왔다. 특히 함수호에게는 기대가 크다. 좌익수 주전인 구자욱이 26시즌 기준 만 33세이며 27시즌 이후 비FA 다년 계약이 끝나는 만큼 그가 후계자로 꼽히는 것이다. 시선은 미래로 향한다. 구자욱의 에이징커브가 우려되고 에이스 원태인의 해외 진출 가능성도 큰 상황이다. 그런 만큼 상위권 도약과 함께 두 미래 자원을 확보한 올 시즌은 삼성에 의미 있는 시즌이 될 전망이다. [김민성 마니아타임즈 기자/maniareport@naver.com] 기사제보 및 보도자료 report@maniareport.com,https://v.daum.net/v/PjzzK0tWYr
2026.07.11 13:28,"[IS 잠실] 마지막 올스타전 '잠실 레전드'들이 뜬다, 박철순-김경문·...",일간스포츠,"서울 잠실야구장의 '마지막 올스타전'을 기념하기 위해 '잠실 전설'들이 한데 모인다. 11일 서울 잠실야구장에서 열리는 2026 신한 SOL KBO 올스타전에서는 두산 베어스와 LG 트윈스의 영구결번 레전드 투수들과 그들의 공을 받았던 명포수들이 합동 시구·시포에 나선다. OB(현 두산) 출신이자, 영구결번(21번)의 주인공인 '불사조' 박철순과 MBC 청룡-LG 트윈스 출신이자 역시 영구결번(41번)인 '노송' 김용수가 마운드에 오른다. 또 당시 이들과 함께 호흡을 맞췄던 김경문 현 한화 이글스 감독과 김동수 현 서울고등학교 감독이 포수 마스크를 낀다. OB의 창단 멤버인 박철순은 1982년 프로야구 원년 우승을 이끌며 정규시즌 최우수선수(MVP)를 차지한 레전드다. 당시 그가 기록한 단일 시즌 22연승은 여전히 KBO리그 기록으로 남아 있다. 수많은 부상을 딛고 1995년엔 팀의 두 번째 우승까지 견인한 바 있다. 김경문 감독 역시 OB의 창단 멤버로 박철순과 원년 우승을 합작했다. 은퇴 후 두산, NC 다이노스를 거쳐 현재 한화 사령탑을 맡고 있는 김 감독은 2008년 베이징 올림픽 9전 전승 금메달 신화와 지난 시즌 한화의 한국시리즈(KS) 진출을 이끄는 등 여전히 현장에서 탁월한 지도력을 발휘하고 있다. 김용수는 KBO리그 최초로 100승-200세이브를 달성한 LG의 대표 프랜차이즈 스타다. 선발과 마무리를 오가며 활약한 그는 1990년과 1994년 팀 우승을 이끌었고 두 차례 모두 한국시리즈 MVP를 석권했다. 김용수의 공을 받는 김동수 감독은 1990년대 LG 전성기의 안방마님이다. 1990년 신인왕을 시작으로 골든글러브를 7회나 수상했고, 전국에서 가장 넓은 잠실야구장을 홈 구장으로 쓰면서도 통산 202홈런을 쏘아 올린 강타자의 면모를 과시한 바 있다. 한편, 이날 전설들의 시구·시포에 앞서, 대한민국 대표 보컬리스트 박정현이 애국가를 제창한다. 박정현은 지난 2011년 잠실 올스타전 이후 15년 만에 다시 올스타전 마이크를 잡아 그 의미를 더한다. 이어 대한민국 공군 특수비행 팀 '블랙이글스'가 잠실야구장 상공을 가르는 웅장한 에어쇼를 선보인다. 잠실=윤승재 기자 yogiyoon@edaily.co.kr",https://v.daum.net/v/89YntySrm3
2026.07.11 13:27,박철순-김용수-김경문-김동수까지 OB-LG 레전드 총출동…마지막 잠실 올...,스포티비뉴스,"[스포티비뉴스=윤욱재 기자] 박철순, 김용수, 김경문, 그리고 김동수까지. '서울 라이벌'을 대표하는 레전드들이 한 자리에 모인다. KBO는 11일 잠실야구장에서 개최되는 2026 신한 SOL KBO 올스타전에 앞서 '잠실야구장 마지막 올스타전'을 기념해 특별한 시구 행사를 펼친다. 잠실야구장을 상징하는 베어스 레전드 박철순과 트윈스 레전드 김용수가 영구결번의 주인공으로서 함께 마운드에 오른다. 여기에 당시 호흡을 맞췄던 김경문 한화 감독과 김동수 서울고등학교 감독이 포수 미트를 잡아 과거의 영광을 재현할 예정이다. 이날 만큼은 잠실 라이벌 두 팀이 하나가 돼 시구-시포를 진행하며 잠실야구장에서 쌓아온 소중한 기억을 함께 나눈다. 박철순은 OB의 창단 멤버이자 구단을 상징하는 에이스 투수였다. 프로야구 원년인 1982년, 팀의 우승을 이끌며 정규시즌 MVP를 차지했다. 특히 당시 기록한 ‘단일 시즌 22연승’은 KBO 리그 역사상 전무후무한 기록으로 남아 있다. 수차례의 부상을 극복하고 1995년 팀의 두 번째 우승을 견인하며 '불사조'라는 별칭을 얻었으며, 이러한 공로를 인정받아 그의 등번호 21번은 구단 영구결번으로 지정되었다. 김용수는 MBC-LG를 거친 구단 대표 프랜차이즈 투수였다. KBO 리그 최초로 ‘100승-200세이브’를 달성했으며, LG 선수 중 최초로 영구결번의 영예를 안았다. 통산 3차례 세이브 왕을 차지한 그는 선발과 마무리를 오가며 1990년과 1994년 LG의 우승을 견인했고 두 차례 모두 한국시리즈 MVP를 석권했다. 꾸준함의 대명사인 ‘노송’이라는 별칭과 함께 오랜 시간 잠실 마운드를 지켜온 투수로 LG 팬들의 많은 사랑을 받았다. 김경문은 OB의 창단 멤버로서 투수 박철순과 호흡을 맞추며 1982년 KBO 리그 원년 우승에 핵심적인 역할을 했다. 선수 은퇴 후에는 두산, NC 사령탑을 거쳐 현재 한화 감독으로 현장을 지키고 있다. 특히 2008년 베이징 올림픽 국가대표팀 감독으로서 ‘9전 전승 금메달’이라는 신화를 쓰며 한국 야구의 위상을 높였다. 풍부한 경험과 리더십을 바탕으로 지난 시즌 한화의 한국시리즈 진출을 주도하는 등 여전히 탁월한 지도력을 발휘하고 있다. 김동수는 LG를 상징하는 역대 최고의 포수 중 한 명으로, 1990년대 팀의 전성기를 이끌며 두 차례의 우승(1990, 1994년)을 일궈냈다. 1990년 신인왕 수상을 시작으로 통산 7차례 포수 부문 골든글러브를 차지하며 독보적인 커리어를 쌓았다. 특히 넓은 잠실야구장을 홈으로 사용하면서도 통산 202홈런을 기록할 만큼 장타력을 겸비했으며, 투수 김용수와 함께 LG의 황금기를 이끈 주역으로 평가받는다. 현재는 모교인 서울고등학교 야구부 감독을 맡아 차세대 야구 인재 육성에 힘쓰고 있다. 이번 올스타전 애국가는 대한민국 대표 보컬리스트이자 ‘R&B의 요정’ 가수 박정현이 맡는다. 독보적인 가창력과 깊은 감성으로 대중의 큰 사랑을 받아온 박정현은 지난 2011년 잠실 올스타전 이후 15년 만에 다시 올스타전 무대에서 애국가를 제창해 그 의미를 더한다. 뛰어난 가창력과 풍부한 성량을 가진 박정현의 애국가 제창에 이어서 대한민국 공군 특수비행팀 ‘블랙이글스’가 하늘을 가르는 에어쇼를 펼치며 2026 신한 SOL KBO 올스타전의 화려한 시작을 알릴 예정이다. <저작권자 ⓒ SPOTV NEWS. 무단전재 및 재배포 금지>",https://v.daum.net/v/HFDntySrvb
2026.07.11 13:19,"박용택-김재호 밀린 이유 있었네...베어스,트윈스 전설의 배터리 올스타전...",MHN스포츠,"(MHN 정철우 기자) 레전드 박용택과 김재호가 퓨처스 올스타전 시구로 밀린(?) 이유를 이제야 알게 됐다. 잠실벌을 양분하고 있는 베어스와 트윈스가 배출한 전설의 우승 배터리에게 올스타전 시구라는 영광의 자리가 주어졌다. 누구도 이견을 달 수 없는 최고의 전설들이 한 자리에 모였다. 11일 잠실야구장에서 열리는 2026 신한 SOL KBO 올스타전에서는 잠실야구장에서의 마지막 올스타전을 기념해 특별한 시구 행사가 열린다. 잠실야구장을 상징하는 두산 박철순과 LG 김용수가 영구결번의 주인공으로서 함께 마운드에 오른다. 여기에 당시 호흡을 맞췄던 김경문 한화 감독과 김동수 서울고등학교 감독이 포수 미트를 잡아 과거의 영광을 재현할 예정이다. 이날만큼은 잠실 라이벌 두 팀이 하나가 되어 시구-시포를 진행하며 잠실야구장에서 쌓아온 소중한 기억을 함께 나눈다. 박철순은 OB의 창단 멤버이자 구단을 상징하는 에이스 투수였다. 프로야구 원년인 1982년, 팀의 우승을 이끌며 정규시즌 MVP를 차지했다. 특히 당시 기록한 ‘단일 시즌 22연승’은 KBO 리그 역사상 전무후무한 기록으로 남아 있다. 수차례의 부상을 극복하고 1995년 팀의 두 번째 우승을 견인하며 '불사조'라는 별칭을 얻었으며, 이러한 공로를 인정받아 그의 등번호 21번은 구단 영구결번으로 지정되었다. 쓰러질 듯 쓰러지지 않는 투혼의 상징으로 두산 팬들에게 남아 있는 전설이다. TV CF를 찍다가도 부상을 당했을 정도로 운이 따라주지 않는 선수였다. 하지만 박철순은 언제나 시련을 이겨냈다. 지나친 투혼이 부상으로 연결되는 경우도 있었지만 그 누구보다 오래 마운드에 살아 남으며 두산의 전통을 만들어 왔다. 공을 잡고 던지는 것 만으로도 눈물샘을 자극할 수 있는 많지 않은 투수 중 한 명이다. 김용수는 MBC-LG를 거친 구단 대표 프랜차이즈 투수였다. KBO 리그 최초로 ‘100승-200세이브’를 달성했으며, LG 선수 중 최초로 영구결번의 영예를 안았다. 통산 3차례 세이브 왕을 차지한 그는 선발과 마무리를 오가며 1990년과 1994년 LG의 우승을 견인했고 두 차례 모두 한국시리즈 MVP를 석권했다. 꾸준함의 대명사인 ‘노송’이라는 별칭과 함께 오랜 시간 잠실 마운드를 지켜온 투수로 LG 팬들의 많은 사랑을 받았다. 지도자로서는 큰 성공을 거두지 못했지만 청룡과 트윈스의 추억을 모두 가질 수 있게 한 많지 않는 스타 플레이어다. 언제나 한결같은 모습으로 마운드를 지켰다. 가끔 술을 마시는 날도 있었지만 그런 날도 자신이 할 운동은 빼 놓지 않고 다 하고 난 뒤 술자리에 가곤 했던 성실성의 대명사다. 웨이트 트레이닝에 대한 전문 지식도 많지 않았던 시절에도 자신의 몸 관리는 자신이 스스로 할 줄 아는 선수였다. 은퇴 기자회견이 있던 날도 웨이트 트레이닝을 하고 회견장에 나타난 일화는 여전히 많은 사람들의 입길에 오르내리고 있다. 김경문은 OB의 창단 멤버로서 투수 박철순과 호흡을 맞추며 1982년 KBO 리그 원년 우승에 핵심적인 역할을 했다. 선수 은퇴 후에는 두산, NC 사령탑을 거쳐 현재 한화 감독으로 현장을 지키고 있다. 특히 2008년 베이징 올림픽 국가대표팀 감독으로서 ‘9전 전승 금메달’이라는 신화를 쓰며 한국 야구의 위상을 높였다. 풍부한 경험과 리더십을 바탕으로 지난 시즌 한화의 한국시리즈 진출을 주도하는 등 여전히 탁월한 지도력을 발휘하고 있다. 김동수는 LG를 상징하는 역대 최고의 포수 중 한 명으로, 1990년대 팀의 전성기를 이끌며 두 차례의 우승(1990, 1994년)을 일궈냈다. 1990년 신인왕 수상을 시작으로 통산 7차례 포수 부문 골든글러브를 차지하며 독보적인 커리어를 쌓았다. 특히 넓은 잠실야구장을 홈으로 사용하면서도 통산 202홈런을 기록할 만큼 장타력을 겸비했으며, 투수 김용수와 함께 LG의 황금기를 이끈 주역으로 평가받는다. 현재는 모교인 서울고등학교 야구부 감독을 맡아 차세대 야구 인재 육성에 힘쓰고 있다. 이번 올스타전 애국가는 대한민국 대표 보컬리스트이자 ‘R&B의 요정’ 가수 박정현이 맡는다. 독보적인 가창력과 깊은 감성으로 대중의 큰 사랑을 받아온 박정현은 지난 2011년 잠실 올스타전 이후 15년 만에 다시 올스타전 무대에서 애국가를 제창해 그 의미를 더한다. 뛰어난 가창력과 풍부한 성량을 가진 박정현의 애국가 제창에 이어서 대한민국 공군 특수비행팀 ‘블랙이글스’가 하늘을 가르는 에어쇼를 펼치며 2026 신한 SOL KBO 올스타전의 화려한 시작을 알릴 예정이다.",https://v.daum.net/v/570cyswail
2026.07.11 13:05,"""최악이었다"" 국대 포수의 고백, 왜? ""내가 투수들 잘 이끌었어야 하는...",엑스포츠뉴스,"(엑스포츠뉴스 유준상 기자) ""투수들이 좋은 투구를 보여주지 못한 데에는 제 책임도 상당히 컸다고 생각합니다."" SSG 랜더스 포수 조형우는 입단 5년 차였던 지난해 데뷔 후 처음으로 100경기 이상을 소화했다. 102경기에 출전해 269타수 64안타 타율 0.238, 4홈런, 29타점, 출루율 0.294, 장타율 0.312를 기록했다. 베테랑 이지영과 함께 SSG의 안방을 책임지며 팀이 정규시즌 3위를 차지하는 데 힘을 보탰다. 올 시즌에는 조형우가 팀에서 차지하는 비중이 더 커졌다. 전반기 61경기에 출전해 188타수 42안타 타율 0.223, 3홈런, 20타점, 출루율 0.277, 장타율 0.330을 기록했다. 수비이닝은 470⅔이닝으로 최지훈(703이닝), 박성한(677⅔이닝), 정준재(661이닝), 기예르모 에레디아(585⅓이닝)에 이어 팀 내 다섯 번째로 많았다. 조형우는 지난달 11일 발표된 2026 아이치·나고야 아시안게임 야구대표팀 최종 명단에도 이름을 올렸다. 프로 데뷔 후 처음으로 성인 대표팀 유니폼을 입고 국제대회에 출전하게 됐다. 대표팀 코칭스태프도 조형우의 성장세와 가능성을 높게 평가한 셈이었다. 하지만 조형우는 마냥 환하게 웃을 수 없었다. 팀 성적 때문이었다. SSG는 지난해 탄탄한 마운드를 앞세워 포스트시즌에 진출했지만, 올해는 전반기를 9위로 마무리했다. 팀 평균자책점은 5.84로 리그 최하위에 머물렀다. 조형우는 ""모든 부분이 아쉬웠다. 최악이었다고 생각한다. 투수들이 좋은 투구를 보여주지 못한 데에는 제 책임도 상당히 컸다고 생각한다""며 ""지난해 좋은 성적을 거뒀던 불펜진이 올해는 좋지 않은 결과를 내다 보니 나 역시 책임감을 많이 느꼈고, 내가 부족했다는 생각도 많이 들었다""고 밝혔다. 이어 ""물론 지난해보다 구위가 떨어진 투수도 있고, 제구에 어려움을 겪은 투수도 있다. 그래도 지난해 좋았던 기억과 경험을 바탕으로 제가 투수들을 잘 이끌었어야 했는데, 그러지 못한 점이 아쉽다""고 덧붙였다. 팀 상황이 좋지 않다 보니 생각도 많아졌다. 그 고민은 포수 수비뿐만 아니라 타격에도 영향을 미쳤다. 조형우는 ""체력적으로는 괜찮은데, 다만 정신적으로 조금 힘든 부분이 있었다. 생각이 많아지다 보니 볼 배합뿐만 아니라 다른 수비 상황이나 타석에서도 집중력이 흐트러졌던 것 같다""고 반성했다. 사령탑은 여전히 조형우를 향한 믿음을 거두지 않았다. 당장의 결과를 위해 벤치에서 모든 사인을 지시하기보다 조형우가 시행착오를 겪으며 스스로 해답을 찾기를 바라고 있다. 이숭용 SSG 감독은 ""현재 투수진이 많이 힘들 수밖에 없는 상황이다. 결과가 좋지 않다 보니 (조)형우도 공부를 정말 많이 하고 있다""며 ""여러 차례 이야기했지만, 형우가 우리 팀의 키가 될 선수라고 생각한다""고 말했다. 이어 ""벤치에서 일일이 사인을 내는 야구는 팀과 선수의 성장에 큰 도움이 되지 않는다고 생각한다""며 ""많이 맞아보고 실패도 경험해야 그 안에서 해답을 찾을 수 있다. 형우가 스스로 경기를 풀어나갈 수 있도록 계속 기회를 주고 있다""고 덧붙였다. 조형우도 사령탑의 기대를 잘 알고 있다. 그는 ""감독님께서 그런 말씀까지 하셨다는 건 내가 좀 더 발전하고 더 좋은 모습을 보여드려야 한다는 의미라고 생각한다""며 ""그런 모습을 보여드리지 못해 늘 부족함을 느끼고 있다. 공부도 많이 하면서 감독님께서 요구하시는 부분을 더 보여드리려고 노력하고 있다""고 전했다. 후반기에는 복잡해진 생각을 덜어내고 자신 있게 경기를 풀어가는 것이 과제다. 조형우는 ""후반기에도 결과가 좋지 않은 경기가 나올 수 있다. 그래도 그런 부분이 수비나 타격에까지 영향을 미치지 않도록 해야 한다""며 ""(한 부분에서 부족했다면) 다른 부분에서라도 만회할 수 있도록 더 노력하겠다""고 다짐했다. 사진=엑스포츠뉴스DB 유준상 기자 junsang98@xportsnews.com",https://v.daum.net/v/9d13Vu0H1L
2026.07.11 13:01,"정해영 멈췄던 SV 시계 다시 돌아간다…돌아온 싸움닭은 양념 팍팍, KI...",마이데일리,"[마이데일리 = 김진성 기자] “(정)해영이와 (곽)도규, 두 명을 갖고 8~9회를 번갈아 써야 하지 않을까 생각한다.” 전반기에 KIA 타이거즈 마무리로 뛴 성영탁(22)은 전반기 막판 부진으로 일단 보직에서 물러났다. 6~7회에 나서는 역할이다. 그 역할 수행을 통해 자신감을 회복해도 마무리로 돌아올 가능성은 낮아 보인다. 이범호 감독은 9일 부산 롯데 자이언츠전을 앞두고 위와 같이 밝혔다. 150세이브 마무리, 정해영의 경험을 다시 믿기로 했다. 이미 9일 롯데 자이언츠와의 전반기 최종전서 그렇게 했다. 8회를 지킨 곽도규가 9회 1사까지 책임졌다. 그리고 정해영이 나머지 아웃카운트 2개를 잡고 경기를 마무리했다. 4점차로 시작한 9회였으니, 세이브 상황은 아니었다. 정해영이 후반기에는 전반기에 멈췄던 세이브 시계를 다시 돌릴 수 있다. 정해영의 마지막 세이브는 5월24일 광주 SSG 랜더스전이었다. 성영탁이 연투한 상황이라 임시로 마무리를 맡았던 경기. 그러나 이젠 정해영이 다시 타이거즈 세이브 역사를 살찌울 시간이 왔다. 그만큼 정해영이 셋업맨으로 잘해왔다. 140km대 후반을 찍으면서 구위도 회복했다. 단, 좌타자에겐 곽도규를 붙일 계획이다. 두 사람이 8~9회를 책임지되, 9회에 좌타자가 더 많이 나온다면 곽도규에게 세이브 기회가 주어질 수도 있다. 곽도규는 마무리 경험이 전무하지만 언제 누구를 상대해도 도망가지 않고 정면승부하는 기질이 좋다. 이범호 감독은 “도규는 좌타자에겐 너무 강한데 우타자에겐 조금 눈에 보이는 공이다. 해영이와 도규로 8~9회를 같이 쓸 생각이다”라고 했다. 그러면서 “마무리를 (1명으로 딱)정해 놓으면 제일 좋은데 팀 사정이 그렇게 못하다면 두 선수를 8~9회에 놓고 좌우타자 체크해가면서 해야 할 것 같다”라고 했다. KIA 불펜은 물량이 풍부하다. 정해영과 곽도규 앞엔 전반기에 완벽 부활한 조상우가 책임진다. 전상현도 돌아와 건강을 회복했다. 이태양도 어깨 통증을 마치고 전반기 막판 가세했다. 성영탁과 최지민, 한재승 등등. 세부 보직 구성을 확정하는데 어려움은 없다. 단, 다른 팀에 즐비한 150km대 중반의 파이어볼러 불펜이 사실상 전무하다. 가을야구에 도전하는 KIA의 아킬레스건이다. 그래도 정해영과 곽도규가 제 몫을 한다면 크게 어려움을 겪지는 않을 듯하다. 이범호 감독은 오히려 선발진 걱정이 크다.",https://v.daum.net/v/3IZ0YImjOu
2026.07.11 12:55,잠실구장 역사속으로…박철순·김경문·김용수·김동수 레전드 '총출동',동행미디어 시대,"잠실구장에서 열리는 마지막 올스타전에 레전드 배터리 조합이 경기 시작을 알린다. 한국야구위원회(KBO)는 11일 오후 6시 잠실구장에서 개최되는 2026 KBO리그 올스타전을 맞아 특별한 시구 행사를 진행한다고 밝혔다. 행사에선 잠실을 대표하는 레전드 박철순(70)과 김용수(66) 전 선수가 시구자로, 한화 김경문(68) 감독과 서울고등학교 김동수(58) 감독이 포수 마스크를 쓸 예정이다. 잠실 라이벌이였던 두산, LG 두 팀의 상징적인 인물들이 하나로 뭉쳐 잠실에서 쌓아온 소중한 기억을 팬들과 함께 나눈다는 취지다. 박철순은 OB 창단 멤버이자 구단을 대표하는 에이스였다. 프로야구 원년인 1982년 팀의 우승을 이끌며 정규시즌 최우수선수(MVP)에 올랐다. 특히 당시 기록한 단일 시즌 22연승은 KBO리그 역사상 전무후무한 기록으로 남아 있다. 여러 차례 부상을 극복한 끝에 1995년 팀의 두 번째 우승에도 힘을 보태 '불사조'라는 별명을 얻었으며, 등번호 21번은 영구결번으로 지정됐다. MBC와 LG를 거친 김용수는 구단 대표하는 프랜차이즈 투수로 평가받는다. 리그 최초로 100승-200세이브를 달성했고 LG 선수 최초로 영구결번의 영예를 안았다. 통산 세 차례 세이브왕에 오른 그는 선발과 마무리를 오가며 1990년과 1994년 LG의 우승을 이끌었고 두 차례 모두 한국시리즈(KS) MVP를 차지했다. '노송'이라는 별명처럼 오랜 시간 잠실 마운드를 지키며 LG 팬들의 큰 사랑을 받았다. 김경문 감독은 OB의 창단 멤버로 박철순과 함께 1982년 원년 우승으 주역으로 활약했다. 은퇴 후 두산과 NC 사령탑을 거쳐 현재 한화 감독을 맡고 있다. 2008년 베이징 올림픽에서는 대표팀 감독으로 9전 전승 금메달 신화를 쓰며 한국 야구에 굵직한 발자취를 남겼다. 풍부한 경험과 리더십을 바탕으로 지난시즌 한화의 KS 진출을 주도하는 등 여전히 탁월한 지도력을 발휘하고 있다. 김동수 감독은 LG를 대표하는 역대 최고의 포수 중 한 명으로 1990년대 팀의 전성기를 이끌며 두 차례의 우승(1990·1994년)을 일궈냈다. 1990년 신인왕을 시작으로 포수 부문 골든글러브를 일곱 차례 수상했고,잠실을 홈구장으로 사용하면서도 통산 202홈런을 기록할 만큼 뛰어난 장타력도 자랑했다. 현재는 모교인 서울고등학교 야구부 감독으로 차세대 야구 인재 육성에 힘쓰고 있다. 이날 올스타전 애국가는 대한민국 대표 보컬리스트이자 R&B의 요정 박정현이 맡는다. 지난 2011년 잠실 올스타전 이후 15년 만에 다시 올스타전 무대에서 애국가를 제창해 그 의미를 더한다. 이어 대한민국 공군 특수비행팀 블랙이글스가 에어쇼를 펼치며 마지막 잠실 올스타전의 화려한 막을 올릴 예정이다. 이화랑 기자 hrlee@sidae.com",https://v.daum.net/v/VmSIwgnQtw
2026.07.11 12:48,"잠실에서 열리는 KBO 올스타전, 레전드 총출동…박철순 던지고 김경문 받...",쿠키뉴스,"서울 잠실야구장에서 마지막으로 열리는 올스타전을 기념해 한국 프로 야구 전설들이 시구자로 마운드를 밟는다. ‘2026 신한 SOL KBO 올스타전’이 11일 서울 잠실야구장에서 열린다. 이날 시구자로 두산 베어스와 LG 트윈스 ‘영구 결번’ 레전드 투수들이 공을 던지고, 함께 ‘배터리’를 형성했던 KBO 대표 포수들이 공을 받는 시구·시포 행사가 열린다. 잠실야구장을 상징하는 OB(현 두산) 출신 박철순과 MBC-LG 출신 김용수가 나란히 마운드에 오르고, 당시 이들과 호흡을 맞췄던 김경문 현 한화 이글스 감독과 김동수 현 서울고등학교 감독이 포수로 나선다. 치열한 순위 싸움을 벌이고 있는 잠실 라이벌 두산과 LG 두 팀은 이날 올스타전 브레이크를 맞아 다시 과거 영광을 재현하고 팬들과 소중한 기억을 나눌지 관심을 모은다. OB 창단 멤버인 ‘불사조’ 박철순은 1982년 프로야구 원년 우승을 이끌며 정규시즌 최우수선수(MVP)를 차지한 KBO 레전드다. 당시 박철순이 달성한 ‘단일 시즌 22연승’은 여전히 KBO리그 역대 최고 기록으로 남아 있다. 부상으로 고생하던 와중에도 1995년 팀의 두 번째 우승을 견인한 박철순의 등번호 21번은 두산의 영구 결번으로 지정되기도 했다. 박철순의 공을 받는 김경문 감독 역시 OB 창단 멤버로 박철순과 원년 우승을 합작했다. 김경문 감독은 현역 은퇴 후 두산, NC 다이노스를 거쳐 현재 한화 사령탑을 맡고 있으며, 2008년 베이징 올림픽 9전 전승 금메달 신화와 지난 시즌 한화의 한국시리즈 진출을 이끄는 등 지도자로서도 능력을 인정받고 있다. 김용수는 KBO리그 최초로 100승·200세이브를 달성한 LG 대표 스타이자 구단 최초의 영구 결번(41번) 주인공이다. 선발과 마무리를 오가는 활약을 펼치면서 1990년과 1994년 LG의 우승을 이끌었고 두 차례 모두 한국시리즈 MVP를 차지하는 기염을 토했다. 김용수와 함께 배터리를 이루는 김동수 감독은 1990년대 LG 전성기를 이끈 ‘안방마님’이다. 1990년 신인왕을 시작으로 골든글러브 7회 수상에 빛나는 김동수는 가장 넓은 잠실야구장을 쓰면서도 통산 202홈런을 쏘아 올린 원조 ‘강타자 포수’이기도 하다. 한편 역사의 뒤안길로 사라지는 서울 잠실야구장에서 마지막으로 열리는 올스타전을 기념하기 위한 화려한 식전 행사도 펼쳐진다. 먼저 대한민국 대표 보컬리스트이자 ‘R&B 요정’으로 불리는 박정현이 애국가를 제창한다. 뛰어난 가창력과 풍부한 성량을 자랑하는 박정현은 지난 2011년 잠실 올스타전 이후 15년 만에 다시 애국가를 제창해 의미를 더한다. 이어 대한민국 공군 특수비행 팀 ‘블랙이글스’가 잠실야구장 상공을 가르는 웅장한 에어쇼를 선보인다. 화려한 행사와 멋진 애국가, 추억을 불러일으키는 시구로 포문을 여는 올스타전에 관심이 집중되고 있다. 이영재 기자 youngjae@kukinews.com",https://v.daum.net/v/pWVIraLxNX
2026.07.11 12:30,"‘전반기 1위 삼성’ 후반기 우승?…MLB 특급 페덱 영입, 승부수 던진...",스포츠동아,"[스포츠동아 박정현 기자] 삼성 라이온즈가 외국인 투수를 교체하며 우승을 위한 승부수를 던졌다. 삼성 구단은 11일 “새로운 외국인 투수 크리스 페덱을 영입했다. 계약 규모는 47만3333 달러(7억1100만 원)이다”며 “부상 대체 외국인 투수로 뛰어온 잭 오러클린과 연장 계약을 체결하지 않고 최근까지 메이저리그(MLB)서 뛴 페덱에게 선발 마운드의 한 축을 맡도록 할 계획”이라고 밝혔다. 페덱은 키 196㎝, 몸무게 98㎏의 체격을 갖추고 있다. MLB 통산 132경기 중 119경기를 선발투수로 나선 전문 선발 요원이다. 통산 성적은 32승43패, 평균자책점(ERA) 4.83이다. 올해는 마이애미 말린스, 신시내티 레즈, 텍사스 레인저스서 14경기(9선발)등판해 7패(무승), ERA 6.79를 기록했다. 페덱은 빅리그 데뷔 첫해였던 2019시즌 샌디에이고 파드리스 유니폼을 입고 26경기서 9승7패, ERA 3.33으로 활약했지만, 이후 반복되는 부상에 제동이 걸렸다. KBO리그서 명예회복과 함께 삼성의 우승 도전에 힘을 보태려고 한다. “﻿어떤 리그서든 야구는 많이 이겨야 한다. 1위 경쟁을 하는 삼성이 매력적으로 느껴졌다. 이 팀의 전통과 팬들의 열정에도 끌렸다”고 말한 페덱은 ﻿“샌디에이고서 김하성과 함께 뛴 경험이 있어 KBO리그에 대해서도 어느 정도 알고 있다. 삼성 선수들과 많은 걸 나누고 싶다”고 입단 소감을 밝혔다. 삼성은 이날 페덱을 영입하며 올해 3월 오른쪽 팔꿈치를 다친 맷 매닝(28)를 웨이버 공시했고, 그의 대체 외국인 투수 오러클린(26)과의 계약을 종료했다. 오러클린은 2번의 연장 계약을 해내는 등 전반기 17경기서 5승5패, ERA 4.86과 퀄리티스타트(QS·선발 6이닝 이상 3자책점 이하 투구)도 7번을 기록했다. 오러클린은 시즌 초반 매닝의 공백을 잘 채워주며 삼성의 전반기 1위에 큰 힘을 보탰다. 하지만 지난해 연말부터 호주프로야구(ABL)서 뛰는 등 쉬지 않고 던진 탓에 6월부터는 6경기 1승3패, ERA 6.67로 주춤했다. 오러클린은 자유계약선수(FA)로 풀렸다. 박정현 기자 pjh60800@donga.com",https://v.daum.net/v/UoHM1Tlwuj
2026.07.11 12:24,[오피셜]최지광 빠졌는데 150㎞ 투수 또 나온다…‘되는 집안’ 삼성은 ...,MHN스포츠,"(MHN 정철우 기자) 삼성 라이온즈에 또 하나의 부상 악재가 발생했다. 전반기 필승조의 한 축을 맡았던 최지광이 오른쪽 팔꿈치 굴곡근 손상 진단을 받았다. 다행히 그레이드1 수준으로 큰 부상은 아니라는 소견이 나왔지만, 당분간 휴식과 재활이 필요한 만큼 후반기 초반 전력 누수는 피하기 어렵다. 올 시즌 25경기에서 4승, 1세이브, 8홀드, 평균자책점 2.45를 기록한 투수다. 단순히 불펜 한 명이 빠진 것이 아니라 향후 불펜 운영 전반에 영향을 줄 수 있는 공백이다. 보통 팀이라면 여기서부터 고민이 깊어진다. 최지광은 경기 중반 이후 가장 부담스러운 타순과 맞붙을 수 있는 투수다. 빠른 공에 힘이 있고 위기에서 삼진을 잡아낼 수 있다. 선발투수가 6회 이전에 내려갔을 때 한 이닝을 막아 다음 필승조로 연결하는 역할도 가능하다. 이런 투수가 빠지면 기존 불펜의 보직을 하나씩 앞당겨야 한다. 8회 투수가 7회에 나가고, 추격조가 접전 상황을 맡게 된다. 한 명의 공백이 불펜 전체의 질서를 흔드는 이유다. 그런데 삼성은 조금 다르다. 최지광이 빠졌다는 사실보다 그다음에 누구를 쓸 수 있는지가 먼저 보인다. 퓨처스리그에서 실전 감각을 끌어올린 이재희와 김무신이라는 강속구 카드가 있기 때문이다. 이재희는 이미 준비 과정을 거의 마쳤다. 팔꿈치 인대 접합 수술을 받은 뒤 퓨처스리그에서 차근차근 투구 수와 구속을 끌어올렸고, 7월 1일 기준 퓨처스리그 7경기에서 1패, 2홀드, 평균자책점 2.57을 기록했다. 7이닝 동안 삼진 7개를 잡았고 볼넷은 1개에 불과했다. WHIP도 1.00이었다. 재활 투수에게 가장 중요하게 봐야 할 구속과 제구가 함께 올라오고 있었다. 구위도 돌아왔다. 재활 초기였던 4월 말부터 시속 147㎞를 찍었고, 이후 최고 시속 151㎞까지 구속을 끌어올렸다. 단순히 수술을 마치고 공을 던지는 단계가 아니라 1군 타자를 힘으로 상대할 수 있는 수준까지 올라왔다는 뜻이다. 실제로 이재희는 이미 1군 마운드에 올라 후반기 불펜 후보로 시험을 받고 있다. 김무신도 대기하고 있다. 김무신은 팔꿈치 인대 접합 수술 뒤 퓨처스리그 5경기에서 4⅔이닝을 던져 1홀드, 평균자책점 1.93을 기록했다. 피안타 4개, 볼넷 3개, 탈삼진 6개였다. 실점은 3점이었지만 자책점은 1점뿐이었다. 최고 구속은 다시 시속 151~152㎞까지 올라왔다. 수술 전부터 갖고 있던 가장 강력한 무기인 빠른 공이 사라지지 않았다는 점이 중요하다. 물론 두 투수가 곧바로 최지광의 역할을 완벽하게 대신할 수 있다고 단정할 수는 없다. 이재희는 수술 후 아직 1군에서 충분한 표본을 쌓지 못했다. 김무신도 1군 복귀 뒤 3경기에서 평균자책점 10.80으로 흔들렸다. 구속은 돌아왔지만 제구와 변화구 완성도, 연투 능력까지 검증됐다고 보기는 어렵다. 그러나 핵심은 당장 완벽한 대체자가 있느냐가 아니다. 최지광이 빠졌을 때 시속 150㎞를 던질 수 있는 투수 두 명을 후보군에 올려놓을 수 있다는 사실 자체가 중요하다. 이것이 상위권 팀의 전력이다. 하위권 팀은 주전 한 명이 빠지면 대체자를 찾는 데서부터 시간이 걸린다. 2군에 비슷한 유형의 선수가 없거나, 있어도 아직 1군에서 쓸 준비가 되지 않은 경우가 많다. 결국 기존 투수들의 보직을 바꾸고 무리한 연투를 시키며 버틴다. 그러다 한 명의 부상이 두세 명의 부진으로 번진다. 삼성은 다르다. 최지광의 자리가 비었지만 이재희와 김무신이 있다. 두 투수 모두 팔꿈치 수술과 긴 재활을 거쳤다는 공통점이 있고, 삼성은 이들을 서둘러 쓰지 않았다. 퓨처스리그에서 단계적으로 구속과 몸 상태를 확인한 뒤 1군 가능성을 열었다. 단순히 선수가 많아서가 아니다. 필요한 순간에 쓸 수 있도록 준비시켰기 때문에 가능한 일이다. 이것이 ‘되는 집안’의 모습이다. 되는 팀은 부상자가 나오지 않는 팀이 아니다. 부상자가 나왔을 때 그 자리를 채울 후보가 이미 준비돼 있는 팀이다. 주전 한 명의 건강에 모든 것을 걸지 않고, 시즌 도중 발생할 수 있는 변수까지 계산해 뎁스를 만들어 놓는 팀이다. 박진만 삼성 감독이 그만큼 팀을 잘 만들어 놨다고 할 수 있다. 최지광의 부상은 분명 가볍게 볼 일이 아니다. 특히 최지광은 2024년 팔꿈치 수술을 받고 2025시즌을 재활로 보낸 뒤 돌아온 투수다. 다시 같은 팔꿈치 주변에서 이상이 나타났다는 점에서 무리하게 복귀를 서두를 이유가 없다. 그레이드1 손상이라는 진단만 믿고 일정을 앞당겼다가 더 큰 부상으로 이어진다면 삼성은 훨씬 큰 손해를 볼 수 있다. 그래서 이재희와 김무신의 존재가 더 중요하다. 두 투수가 버텨준다면 삼성은 최지광에게 충분한 회복 시간을 줄 수 있다. 억지로 복귀 시점을 당기지 않아도 된다. 한 명의 대체자가 단순히 한 이닝을 막는 데서 끝나는 것이 아니라 부상자의 재활 일정까지 정상적으로 지켜주는 것이다. 이재희는 비교적 안정된 퓨처스 성적과 좋아진 제구를 보여줬다. 김무신은 아직 1군 성적이 따라오지 않았지만 시속 150㎞를 넘는 공을 던질 수 있다는 희소성이 있다. 두 투수의 장점은 서로 다르다. 이재희는 여러 구종을 섞으며 스트라이크를 던질 수 있고, 김무신은 짧은 이닝에서 구위로 타자를 압박할 수 있다. 상대 타순과 경기 상황에 따라 선택할 수 있는 카드가 두 장이라는 뜻이다. 삼성이 강한 것은 매 경기 완벽해서가 아니다. 김영웅과 이재현이 빠져도 다른 야수들이 버텼고, 선발진에 공백이 생겨도 대체 선발을 찾았다. 이제 필승조 최지광이 이탈했지만 또 다른 강속구 투수들이 기회를 기다리고 있다. 한 명이 빠질 때마다 팀 전체가 흔들리는 것이 아니라 새로운 선수가 나타난다. 전력 누수가 발생했는데도 오히려 다음 카드에 대한 기대가 생긴다. 되는 집안은 그래서 다르다. 최지광이 빠진 것은 악재다. 그러나 삼성에는 이 악재를 팀 전체의 위기로 번지지 않게 할 준비가 돼 있다. 시속 150㎞를 던질 수 있는 이재희와 김무신이 뒤에 있다. 부상자가 나오고도 버틸 수 있는 팀, 주전이 빠져도 다음 선수가 등장하는 팀. 삼성이 전반기 가장 높은 곳에 있었던 이유는 바로 이런 데서 찾을 수 있다.",https://v.daum.net/v/uXatraLxMC
2026.07.11 12:23,"'세이브왕+3할 타자' 하재훈, 울산 웨일즈서 새 출발 ""힘-스피드 자신...",스타뉴스,"[스타뉴스 | 안호근 기자] 최근 SSG 랜더스에서 방출된 하재훈(36)이 울산 웨일즈에서 새로운 커리어를 이어간다. 울산 웨일즈는 11일 전 SSG 랜더스 외야수 하재훈을 영입했다고 11일 밝혔다. 하재훈은 최근 SSG에서 자유계약으로 풀린 뒤 현역 연장 의지를 밝히며 새 둥지를 물색했고, 울산은 그의 장타력과 풍부한 경험을 높이 평가해 영입을 결정했다. 파란만장한 커리어를 보냈다. 용마고를 졸업한 뒤 KBO리그가 아닌 미국 무대 도전에 나선 하재훈은 이후 마이너리그에서만 뛴 뒤 일본프로야구(NPB)를 거쳤다. 이후 KBO리그로 눈을 돌렸고 2019년 신인 드래프트 2차 2라운드에서 SK 와이번스(SSG 전신)에 지명됐다. SSG는 '투수 하재훈'에 주목했고 첫 시즌부터 36세이브로 구원왕에 등극했다. 태극마크까지 달았던 하재훈은 이후 어깨 부상에 시달리며 긴 재활 끝에 야수로 전향했다. 2022년엔 SSG에서 우승을 경험했고 이듬해엔 77경기에서 타율 0.303 7홈런 35타점, OPS(출루율+장타율) 0.842잠재력을 폭발시켰다. 그러나 이듬해 상승세를 이어가지 못했다. 2025시즌을 앞두고는 스프링캠프에서 성실한 태도와 빼어난 타격으로 이숭용 감독의 눈도장을 찍었으나 연습경기 수비 도중 부상을 당해 고개를 떨궜다. 재활 이후 복귀해서는 아쉬움을 남겼으나 퓨처스리그에서는 49경기 타율 0.328 11홈런 32타점으로 날아올랐다. 올 시즌을 앞두고는 외야 거포 자원 김재환이 영입되며 입지가 더 줄었고 많은 나이로 인해 퓨처스리그에서도 22경기 출전에 그쳐 컨디션을 조율하는데 어려움을 겪고 타율 0.171에 그쳤다. SSG로부터 방출 소식을 접한 하재훈은 스타뉴스와 통화에서 ""선수 생활을 더 하고 싶고, 가능할 것 같다는 느낌이 들었다""며 ""아내도 후회가 있으면 안 되니까 더 할 수 있다면 하는 게 맞는 것 같다고 얘기를 해줬다. 1년이라도 더 하는 게 후회가 없다고 하더라. 몸 상태가 안 되서 못하는 것도 아니고 자신감도 어느 정도 있는데 그만두기엔 너무 아까울 것 같았다""고 말했다. 체중 조절까지 하고 재활군에서 꾸준히 몸을 만들어 자신이 있다는 하재훈은 ""당장이라도 뛰고 싶은 마음이다. 그러나 갈 수 있는 팀이 없으면 못하는 것""이라며 ""어느 팀에서든 뽑아주신다면 고마운 마음으로 가서 더 열심히 보여줘서 차근차근 올라가보려고 한다. 2군에서부터 성적을 내고 인정을 받아서 1군에 올라오면 더 잘해야 할 것 같다""고 각오를 다졌고 결국 울산 웨일즈의 선택을 받았다. 장원진 감독은 ""하재훈은 풍부한 경험과 뛰어난 장타 능력을 갖춘 선수다. 젊은 선수들에게 좋은 본보기가 될 수 있으며, 아직 충분히 경쟁력이 있다고 판단했다""고 영입 배경을 설명했다. 하재훈 역시 ""몸 상태는 좋다. 힘과 스피드 모두 자신 있다""며 ""다시 한 번 기회를 주신 울산 웨일즈 구단에 진심으로 감사드리고 저를 믿고 선택해 주신 만큼 처음부터 다시 시작한다는 각오로 최선을 다하겠다. 개인적인 목표보다 팀의 우승이 가장 중요하고 생각한다. 울산 웨일즈와 함께 반드시 우승을 이루고 싶다""고 각오를 다졌다. 울산은 젊은 선수단에 경험과 장타력을 더할 수 있는 자원으로, 풍부한 1군 경험과 승부처에서의 해결 능력, 그리고 끊임없이 도전하는 자세가 남은 후반기 팀에 긍정적인 영향을 줄 것으로 기대하고 있다. 안호근 기자 oranc317@mtstarnews.com",https://v.daum.net/v/yzh3sjgRCw
2026.07.11 12:15,"전반기 1위 삼성, 후반기 승부수 던졌다…MLB 출신 페덱 영입",포모스,"전반기를 선두로 마친 삼성 라이온즈가 메이저리그 선발 경험이 풍부한 크리스 페덱을 영입하며 후반기 1위 수성에 나섰다. 삼성은 11일 부상 대체 외국인 투수로 뛰었던 잭 오러클린과 계약을 연장하지 않고, 오른손 투수 페덱과 47만3천333달러에 계약했다고 발표했다. 페덱은 최근까지 메이저리그 선발진에서 활약한 투수로, KBO리그에 합류한 외국인 선수 가운데서도 경력이 돋보이는 자원이다. 메이저리그 통산 132경기에 등판했고, 이 가운데 119경기를 선발로 소화하며 32승 43패와 평균자책점 4.83을 기록했다. 196㎝의 큰 체격에서 나오는 힘 있는 공과 다양한 변화구가 강점으로 꼽힌다. 메이저리그 통산 9이닝당 탈삼진 8개 이상을 기록했고, 볼넷 허용도 적어 구위와 제구력을 두루 갖췄다는 평가를 받는다. 삼성은 전반기 마지막 경기에서 LG를 꺾고 승률 2리 차로 1위를 차지했다. 치열한 선두 경쟁이 후반기에도 이어질 가능성이 큰 만큼, 검증된 선발 자원을 데려와 마운드 안정성을 높이겠다는 계산이다. 페덱은 이미 국내 신체검사를 마쳤으며 조만간 선수단에 합류할 예정이다. 적응을 마치는 대로 후반기 선발 로테이션에 들어가 삼성의 선두 경쟁에 힘을 보탤 전망이다. 페덱은 우승 경쟁을 펼치는 삼성의 상황과 구단 전통, 팬들의 열정에 매력을 느꼈다고 밝혔다. 샌디에이고 시절 김하성과 함께 뛰었던 경험을 언급하며 KBO리그에 대해서도 어느 정도 알고 있다고 설명했다. 한편 맷 매닝의 부상 대체 선수로 삼성에 합류했던 오러클린은 17경기에서 5승 5패, 평균자책점 4.86을 남기고 팀을 떠나게 됐다. 전반기 1위라는 성과에 안주하지 않고 즉시 전력감을 보강한 삼성의 선택이 후반기 선두 경쟁에서 어떤 결과로 이어질지 관심이 쏠린다. 사진 = 삼성 라이온즈 제공 최대영 rokmc117@fomos.co.kr",https://v.daum.net/v/PXKXd31yij
2026.07.11 12:14,"[오피셜] 박진만 감독 ""페덱, 기대치는 후라도와 원태인 사이 그 어딘가...",MHN스포츠,"(MHN 정철우 기자) 삼성 라이온즈가 외국인 투수를 교체하는 강수를 두며 후반기 진격을 위한 준비를 마쳤다. 삼성은 11일 맷 매닝의 부상 대체 외국인 선수였던 잭 오러클린과 계약 연장을 하지 않는 대신 크리스 페덱(30)을 영입했다고 발표했다. 페덱은 최근까지 메이저리그(MLB)에서 뛴 오른손 투수다. 계약 규모는 47만 3333달러(약 7억 1100만원). 남은 기간을 감안하면 삼성이 페덱 영입에 얼마나 공을 들였는지를 알 수 있다. 페덱은 신장 196㎝, 체중 98㎏의 체격을 갖춘 투수로 MLB 통산 132경기(선발 119경기)에서 32승 43패, 평균자책점(ERA) 4.83, 이닝당 출루허용(WHIP) 1.26을 기록했다. 마이너리그에선 통산 40경기(선발 35경기), 13승 7패, ERA 1.92, WHIP 0.82로 압도적인 성적을 남겼다. 다양한 구종을 갖춘 페덱은 메이저리그 통산 9이닝당 탈삼진 8.02개, 9이닝당 볼넷 2.04개를 기록했다. 국내에서 메디컬테스트를 마쳤고 조만간 팀에 합류할 예정이다. 페덱은 ""어떤 리그에서든 프로야구는 많이 이겨야 하는 스포츠다. 그런 면에서 1위 경쟁을 하고 있는 삼성 라이온즈가 매력적으로 느껴졌다. 이 팀의 전통과 팬들의 열정에도 끌렸다""고 입단 소감을 밝혔다. 이어 ""샌디에이고에서 김하성과 함께 뛴 경험이 있어 KBO리그에 대해서도 어느 정도 알고 있다. 라이온즈의 선수들과 많은 걸 나누고 싶다""고 덧붙였다. 그렇다면 박진만 삼성 감독은 페덱에게 어느 정도의 성과를 기대하고 있을까. 최소 10경기에서 11경기 정도 등판이 예정돼 있는 가운데 최대한 많은 승수를 더해주길 바란다는 뜻을 밝혔다. 박 감독은 ""당연히 많은 승리를 원한다. 페덱이 등판하는 경기서는 팀이 거의 이길 수 있도록 만들어 주길 바란다""고 말했다. 구체적인 수치는 6이닝을 꼽았다. 삼성은 불펜이 튼실한 팀이다. 전반기를 1위로 마칠 수 있었던 원동력도 불펜에서 나왔다. 불펜 전원 필승조라 해도 지나칠 정도가 아니다. 그러나 최지광이 팔꿈치 부상으로 이탈했고 몇몇 투수들은 과부하에 대한 우려도 나오고 있다. 후라도와 페덱이 나오는 경기라도 불펜 소모를 최소화 하고 싶은 것이 박 감독의 계산으로 여겨진다. 하지만 페덱에게 5이닝 정도는 너무 박하다는 기대를 갖고 있다. 최소 6이닝 정도는 소화해줄 수 있는 피칭을 보여주길 바랐다. 박 감독은 ""후라도 수준까지는 아니더라도 최소 등판 경기마다 6이닝 정도는 책임을 져 주길 바란다. 에이스급으로 영입한 투수이기 때문에 상대 1,2 선발에도 밀리지 않으며 6이닝 정도는 던져줄 수 있었으면 좋겠다""고 말했다. 후라도는 17번의 등판에서 무려 13번이나 퀄리티 스타트를 기록했다. 던지면 기본이 6이닝은 간다는 믿음이 확실하다. 페덱에게 그 수준까지는 무리가 될 수 있다. 다만 6이닝 정도는 끌고 가 줄 수 있는 운영 능력을 바라고 있는 것으로 풀이 된다. 주로 3,4 선발을 상대하는 원태인과는 또 상황이 조금 다르다는 입장이다. 원태인은 최근 3경기 연속 5이닝 투구에 그쳤다. 투구수가 늘어나며 긴 이닝 소화에는 어려움을 겪었다. 하지만 박 감독은 늘 원태인에게 ""선발 투수로서 자기 몫을 잘 해냈다. 팀이 이길 수 있는 발판을 마련해 줬다""고 높은 평가를 한 바 있다. 이 멘트에 비춰봤을 땐 원태인 이상의 투구를 보여주길 기대하고 있는 것으로 풀이할 수 있다. 박 감독의 구상은 후라도와 원태인 사이에 형성돼 있다고 할 수 있다. 페덱에게 많은 기대를 걸고 있는 만큼 2선발로서 제 몫을 다해주길 바라고 있는 것으로 보인다. 과연 페덱이 박 감독의 기대만큼의 투구를 보여줄 수 있을지 지켜볼 일이다.",https://v.daum.net/v/yCJ7c9B3J3
2026.07.11 12:13,"최지광 ""몸이 좀 안 아팠으면"" 기도했는데, 6주 재활 소견 받았다…4주...",스포티비뉴스,"[스포티비뉴스=최원영 기자] 안타까운 소식이다. 삼성 라이온즈는 11일 ""지난 8일 1군에서 말소된 우완투수 최지광(28)이 병원 검진 결과 오른쪽 팔꿈치 굴곡근과 회내근 손상(그레이드 1) 진단을 받았다. 약 6주간 재활이 필요하다는 소견이 나왔으며, 우선 4주 후 재검진을 실시할 예정이다""고 밝혔다. 최지광은 2017년 삼성의 2차 1라운드 9순위 지명을 받고 프로에 데뷔했다. 2019년부터 본격적으로 1군서 활약을 시작했다. 중간계투진에 몸담으며 허리를 잇는 데 힘썼다. 2024년엔 큰 부상 암초를 만났다. 그해 최지광은 35경기 36⅓이닝에 등판해 3승2패 7홀드 평균자책점 2.23으로 맹활약했다. 삼성의 정규시즌 2위와 플레이오프 직행에 힘을 보탰다. 그러나 시즌 막바지 오른쪽 팔꿈치 내측인대 손상으로 수술대에 올랐다. 가을야구를 함께하지 못한 채 시즌 아웃됐다. 무사히 재활을 마친 최지광은 올해 1군으로 돌아왔다. 그러나 지난 4월 19일 허리 통증 등으로 부상자 명단에 올랐다. 회복 후 5월 19일 1군 엔트리에 합류했다. 당시 최지광은 ""담 증세처럼 몸이 약간 따끔했다. 참고 해볼까 했는데 안 될 듯했다""며 ""스스로 화가 많이 났다. 경기력이 안 좋으면, 내가 못한 거면 재정비해서 오면 되는데 또 아프다 보니 내게 짜증이 났다""고 속마음을 고백했다. 또한 최지광은 ""그냥 몸이 좀 안 아팠으면 좋겠다는 생각을 계속했다""며 ""팀 불펜을 도와야 한다는 생각으로 돌아왔다. 이제 몸 상태가 나쁘지 않으니 보탬이 되고 싶다""고 힘줘 말했다. 최지광은 4월까지 8경기 6⅓이닝서 1승 1홀드 1세이브 평균자책점 4.26을 빚었다. 부상 복귀 후 5월엔 4경기 2⅓이닝서 3홀드 평균자책점 7.71을 기록했다. 앞선 3경기에선 무실점을 선보였으나 5월 31일 두산 베어스전서 ⅔이닝 2실점을 떠안은 게 뼈아팠다. 금세 경기력을 끌어올렸다. 6월 10경기 10이닝서 3승 4홀드 평균자책점 0.90으로 맹활약했다. 9경기서 무실점으로 맹위를 떨쳤고, 6월 16일 키움 히어로즈전 1경기에서만 ⅓이닝 1실점으로 주춤했다. 7월에도 최지광은 3경기 3⅓이닝서 평균자책점 0으로 순항 중이었다. 하지만 예상치 못한 부상으로 인해 지난 8일 엔트리에서 말소됐다. 다시 자신과의 싸움에 돌입했다. 최지광의 올 시즌 성적은 25경기 22이닝 4승 8홀드 1세이브 평균자책점 2.45에서 잠시 멈췄다. 무사히 재활을 마치고 돌아온다면 후반기, 그리고 포스트시즌에 큰 도움이 될 수 있다. 부상을 잘 털어내야 한다. <저작권자 ⓒ SPOTV NEWS. 무단전재 및 재배포 금지>",https://v.daum.net/v/GJ0z7OrNyA
2026.07.11 12:09,"KBO 올스타전, 박철순-김경문, 김용수-김동수 배터리 합동 시구",연합뉴스,"(서울=연합뉴스) 이대호 기자 = 서울 잠실야구장에서 치러지는 마지막 올스타전을 기념해 한국 프로야구와 잠실벌의 역사를 수놓은 '전설'들이 한자리에 모인다. 11일 서울 잠실야구장에서 열리는 2026 신한 SOL KBO 올스타전에서는 두산 베어스와 LG 트윈스의 영구결번 레전드 투수들과 그들의 공을 받았던 명포수들이 나서는 특별 합동 시구·시포 행사가 열린다. 잠실야구장을 상징하는 두 구단의 에이스, OB(현 두산) 출신의 박철순과 MBC-LG 출신의 김용수가 나란히 마운드에 오르고, 당시 이들과 호흡을 맞췄던 김경문 현 한화 이글스 감독과 김동수 현 서울고등학교 감독이 포수 미트를 낀다. 치열한 순위 싸움을 벌이는 잠실 라이벌 두 팀이 이날만큼은 하나가 되어 과거의 영광을 재현하고 팬들과 소중한 기억을 나눌 예정이다. OB의 창단 멤버인 '불사조' 박철순은 1982년 프로야구 원년 우승을 이끌며 정규시즌 최우수선수(MVP)를 차지했다. 당시 기록한 단일 시즌 22연승은 여전히 KBO리그 기록으로 남아 있다. 수많은 부상을 딛고 1995년 팀의 두 번째 우승까지 견인한 그의 등번호 21번은 두산의 영구결번으로 지정됐다. 그의 공을 받을 김경문 감독 역시 OB 창단 멤버로 박철순과 원년 우승을 합작했다. 은퇴 후 두산, NC 다이노스를 거쳐 현재 한화 사령탑을 맡고 있으며, 2008년 베이징 올림픽 9전 전승 금메달 신화와 지난 시즌 한화의 한국시리즈 진출을 이끄는 등 여전히 현장에서 탁월한 지도력을 발휘하고 있다. '노송' 김용수는 KBO리그 최초로 100승-200세이브를 달성한 LG의 대표 프랜차이즈 스타이자 구단 최초의 영구결번(41번) 주인공이다. 선발과 마무리를 오가며 1990년과 1994년 팀 우승을 이끌었고 두 차례 모두 한국시리즈 MVP를 석권했다. 김용수와 짝을 이루는 김동수 감독은 1990년대 LG 전성기의 안방마님이다. 1990년 신인왕을 시작으로 골든글러브 7회 수상에 빛나며, 가장 넓은 잠실야구장을 쓰면서도 통산 202홈런을 쏘아 올린 강타자이기도 했다. 전설들의 시구에 앞서 화려한 식전 행사도 펼쳐진다. 대한민국 대표 보컬리스트 'R&B의 요정' 박정현이 애국가를 제창한다. 뛰어난 가창력과 풍부한 성량을 자랑하는 박정현은 지난 2011년 잠실 올스타전 이후 15년 만에 다시 올스타전 마이크를 잡아 그 의미를 더한다. 이어 대한민국 공군 특수비행 팀 '블랙이글스'가 잠실야구장 상공을 가르는 웅장한 에어쇼를 선보이며 한여름 밤 야구 축제의 막을 화려하게 올릴 예정이다. 4bun@yna.co.kr (끝) ▶제보는 카톡 okjebo",https://v.daum.net/v/4Rl14YTsXI
2026.07.11 12:07,"엥? 갑자기 오태곤? 그의 희생이 있었기에, 역사에 남을 홈런더비가 완성...",스포츠조선,"[스포츠조선 김용 기자] 우승보다 멋졌던 오태곤의 희생. 2026 KBO리그 올스타전 홈런더비는 역사에 남을 만한 명승부였다. 주인공은 한화 이글스 강백호였다. 영광의 우승. 예선에서 최다 비거리 145m를 기록하며 7개의 홈런을 쳤다. 결승 진출. 상대는 오태곤이었다. 오태곤도 예선 7개. 두 사람은 결선에서도 똑같이 7개의 홈런을 기록했다. 극적이었다. 강백호가 6개로 끝나나 했는데, 종료 직전 친 마지막 공이 운명같이 우측 폴대를 강타하며 서든데스로 이어졌다. 공이 조금만 더 바깥쪽으로 휘어 나갔다면 오태곤의 우승이었다. 강백호는 서든데스에서 집중력을 발휘하며 상금 1000만원과 부상의 주인공이 됐다. 히어로는 강백호였지만, 오태곤이 있었기에 강백호의 성과가 더욱 빛났다. 특히 오태곤의 경우 이날 홈런더비 참가 선수도 아니었다. KBO는 올스타로 선정된 선수 중 시즌 홈런수 9개 이상인 12명의 선수를 후보로 뽑았고, 팬투표로 8명의 참가 선수를 최종 선발했다. 오태곤은 당초 8명에 들지 못했다. 투표 결과 12등 최하위였다. 그런 가운데 LG 트윈스 오스틴이 허리 불편감을 이유로 홈런더비 개최를 앞두고 출전 포기 의사를 드러냈다. KBO는 투표 차순위 후보들에게 의사를 물었고, 그 결과 오태곤이 대타로 합류한다고 알렸다. 디아즈, 최형우(이상 삼성) 최정(SSG)은 출전을 고사한 것이다. 홈런더비도 몸과 마음의 준비를 해야하는데, 갑작스럽게 참가를 해달라고 하면 선수 입장에서 난감해진다. 부상 위험을 무릅쓰고 무리하게 나갈 수 없는 일이다. 또 팬의 선택을 받지 못했는데, 대타로 나간다는 것도 선수 입장에서는 자존심 상할 수 있다. 특히 홈런왕 출신, KBO 역사를 주름잡는 선수들이라면 더욱 그럴 수 있다. 하지만 오태곤은 행사의 성공적 개최를 위해 그런 건 모두 접어두고 출전을 선택했다. 오태곤이 끝까지 못 나가겠다고 했다면, KBO도 억지로 출전을 시킬 수는 없었을 것이다. 투표 최하위라는 이유로 홈런더비 1번타자 역할까지 해야했다. 뭐든지 처음이 가장 긴장되는 법. 하지만 오태곤이 처음부터 7개의 홈런을 뻥뻥 치자 현장 분위기가 완전히 달아올랐다. 아쉬운 2등이지만 상금도 300만원 받았고, 인생 첫 올스타전 출전에 앞서 '거포' 이미지까지 각인시켰다. 오태곤에게는 전혀 손해볼 게 없는 홈런더비 출전이었다. 김용 기자 awesome@sportschosun.com",https://v.daum.net/v/BH83PXYC3S
2026.07.11 12:04,"역사 속으로 향하는 잠실, 레전드 배터리 총출동! 두산 박철순-김경문→L...",스포츠서울,"[스포츠서울 | 이소영 기자] 잠실구장에서 열리는 마지막 올스타전에 레전드 배터리 조합이 마운드에 오른다. 두산 박철순(70)과 LG 김용수(66)가 시구자로 나서고, 한화 김경문(68) 감독과 서울고등학교 김동수(58) 감독이 포수 마스크를 쓰며 과거의 명장면을 재현한다. 한국야구위원회(KBO)는 “11일 잠실구장에서 열리는 2026 KBO리그 올스타전을 맞아 특별한 시구 행사를 진행한다”고 밝혔다. 잠실을 대표하는 레전드 박철순과 김용수가 마운드에 오른다. 여기에 현역 시절 각각 호흡을 맞췄던 김경문 감독과 김동수 감독이 시포를 맡아 추억을 되살린다. 잠실 라이벌이였던 두 팀의 상징적인 인물들이 하나로 뭉쳐 잠실에서 쌓아온 소중한 기억을 팬들과 함께 나눌 예정이다. 박철순은 OB 창단 멤버이자 구단을 대표하는 에이스였다. 프로야구 원년인 1982년 팀의 우승을 이끌며 정규시즌 최우수선수(MVP)에 올랐다. 특히 당시 기록한 단일 시즌 22연승은 KBO리그 역사상 전무후무한 기록으로 남아 있다. 여러 차례 부상을 극복한 끝에 1995년 팀의 두 번째 우승에도 힘을 보태 ‘불사조’라는 별명을 얻었으며, 등번호 21번은 영구결번으로 지정됐다. MBC-LG를 거친 김용수는 구단 대표하는 프랜차이즈 투수였다. 리그 최초로 100승-200세이브를 달성했고, LG 선수 최초로 영구결번의 영예를 안았다. 통산 세 차례 세이브왕에 오른 그는 선발과 마무리를 오가며 1990년과 1994년 LG의 우승을 이끌었고, 두 차례 모두 한국시리즈(KS) MVP를 차지했다. ‘노송’이라는 별명처럼 오랜 시간 잠실 마운드를 지키며 LG 팬들의 큰 사랑을 받았다. 김경문 감독은 OB의 창단 멤버로 박철순과 함께 1982년 원년 우승으 주역으로 활약했다. 은퇴 후엔 두산과 NC 사령탑을 거쳐 현재 한화을 이끌고 있다. 2008년 베이징 올림픽에서는 대표팀 감독으로 9전 전승 금메달 신화를 쓰며 한국 야구에 굵직한 발자취를 남겼다. 풍부한 경험과 리더십을 바탕으로 지난시즌 한화의 KS 진출을 주도하는 등 여전히 탁월한 지도력을 발휘하고 있다. 김동수 감독은 LG를 대표하는 역대 최고의 포수 중 한 명으로, 1990년대 팀의 전성기를 이끌며 두 차례의 우승(1990·1994년)을 일궈냈다. 1990년 신인왕을 시작으로 포수 부문 골든글러브를 일곱 차례 수상했고, 잠실을 홈구장으로 사용하면서도 통산 202홈런을 기록할 만큼 뛰어난 장타력도 자랑했다. 현재는 모교인 서울고등학교 야구부 감독으로 차세대 야구 인재 육성에 힘쓰고 있다. 이번 올스타전 애국가는 대한민국 대표 보컬리스트이자 ‘R&B의 요정’ 박정현이 맡는다. 지난 2011년 잠실 올스타전 이후 15년 만에 다시 올스타전 무대에서 애국가를 제창해 그 의미를 더한다. 이어 대한민국 공군 특수비행팀 ‘블랙이글스’가 에어쇼를 펼치며 마지막 잠실 올스타전의 화려한 막을 올릴 예정이다. sshong@sportsseoul.com",https://v.daum.net/v/peBc0wkLTp
2026.07.11 12:02,'올해 한화 1호' 156km 투수는 왜 강속구 욕심 버렸나…ERA 9점...,마이데일리,"[마이데일리 = 잠실 이정원 기자] ""감독님이 주신 기회를 못 살렸다."" 한화 이글스 투수 원종혁은 1군에서 느낀 게 많다. 원종혁은 휘문중-구리인창고 출신으로 2024 신인 드래프트 9라운드 81순위로 한화 지명을 받았다. 지난해 2경기 승패 없이 평균자책 16.20을 기록한 원종혁은 올 시즌에는 개막 엔트리 승선의 꿈을 이뤘다. 그리고 3월 28일 대전 키움 히어로즈전 개막전에서 승리 투수가 되는 영광을 누렸다. 한화의 시즌 첫 승리 투수다. 그러나 좋은 흐름을 이어가지 못하고 1군과 2군을 오갔다. 1군에서 10경기 1승 평균자책 9.45, 그렇지만 2군에서는 24경기에 나와 1승 3세이브 1홀드 평균자책 2.45로 좋다. 원종혁도 1군과 2군을 오가며 느낀 게 많다. 10일 서울 잠실구장에서 열린 퓨처스 올스타전 시작 전에 만난 원종혁은 ""항상 2군에 내려갈 때마다 나의 문제점을 하나씩 들고 내려가는 것 같다. 개막 후 내려갈 때는 변화구에 대한 문제, 두 번째 내려갈 때는 제구에 대한 문제가 있었다. 계속해서 보완해야 될 점이 많은 것 같다""라고 이야기했다. 이어 ""야구를 하면서 계속 좋아지고 있다고 느낀다. 최대한 빠르게 퓨처스리그에서의 모습을 1군에서도 보여드릴 수 있도록 열심히 해야 될 것 같다""라며 ""퓨처스리그에서 좋다고 느끼는 이유는 변화구 퀄리티가 많이 좋아졌다고 느끼기 때문이다. 변화구를 던져 안타를 맞은 기억이 많이 없다. 그런데 1군에만 가면 의도적으로 떨어뜨리려는 생각이 강하다 보니 오히려 악효과가 나오지 않았나 생각한다""라고 덧붙였다. 올 시즌 1군에서 상대했던 타자 중에 가장 인상 깊었던 타자로는 KT 위즈 베테랑 김현수를 뽑았다. 4월 2일 대전에서 만나 2루타를 맞은 기억이 있다. 원종혁은 ""KT랑 했을 때 김현수 선배님과 맞대결이 떠오른다. 그날 유독 컨디션이 좋았다. 힘으로 들어가면 이길 수 있을 거라 생각을 해 직구 승부를 했다. 그런데 여지없이 날아가더라. 확실히 1군 선배들을 상대할 때는 직구로만 승부하면 안 되겠다는 걸 느꼈다""라고 힘줘 말했다. 156km 강속구를 던질 줄 아는 투수지만 원종혁은 구속에 대한 욕심이 없다. 그는 ""구속이 좋다고 결과가 좋은 게 아니다. 그냥 좋은 결과가 나올 수 있도록 내가 할 수 있는 걸 하겠다""라며 ""빠른 시간 내에 1군 올라가는 게 목표지만, 막무가내로 올라가는 건 의미가 없다고 느낀다. 변화하고 성장해 올라가야 의미가 있다고 생각을 해 퓨처스리그에서 더 확실하게 준비를 하겠다""라고 힘줘 말했다. 그러면서 원종혁은 ""감독님께서 기회를 많이 주셨는데 살리지 못했다. 그래서 아쉽다. 잘 준비해서 후반기에 감독님께 좋은 모습 보여드릴 수 있도록 하겠다""라고 각오를 다졌다.",https://v.daum.net/v/21RFIx6bsB
2026.07.11 12:01,"'ERA 1.88' KIA 우승 주역의 진심…""이동걸 코치님 덕분에 무너...",엑스포츠뉴스,"(엑스포츠뉴스 유준상 기자) ""이동걸 코치님이 없었으면 저는 지금 이 위치에 없었을 것이라고 생각할 정도로 감사함을 느껴요."" 2004년생 좌완투수 곽도규는 2023년 5라운드 42순위로 KIA 타이거즈 유니폼을 입었다. 입단 2년 차였던 2024년 71경기에서 55⅔이닝을 소화하며 4승 2패 16홀드 2세이브 평균자책점 3.56으로 활약했다. 그해 한국시리즈에서도 4경기 4이닝 2승 무실점으로 호투하며 팀의 통합 우승에 크게 기여했다. 그러나 지난 시즌 초반 부상이라는 암초를 만났다. 병원 검진에서 좌측 주관절 굴곡근 및 인대 손상 진단을 받았고, 지난해 5월 15일 수술대에 올랐다. 이후 약 1년 동안 재활에 힘을 쏟았다. 곽도규는 지난 5월부터 실전에 돌입했다. 퓨처스리그에서 경기 감각을 끌어올린 뒤 5월 19일 1군 엔트리에 등록됐다. 결과는 기대 이상이었다. 전반기 20경기에 등판해 14⅓이닝 1승 5홀드 평균자책점 1.88의 성적을 남겼다. 지난 주 광주-KIA챔피언스필드에서 만난 곽도규는 ""회복하는 과정, 적응하는 기간도 있었으니까 그 시기를 지나고 이제 좀 적응한 게 아닌가 싶다""며 ""만족하는 건 없다. 꾸준히 해왔던 게 조금씩 나오고 있는 것 같다. 결과는 운이니까 최근 운이 따라주는 것일뿐이다. 내가 원하는 대로 잘 이뤄지고 있다는 점만 좋게 생각하고 있다""고 밝혔다. 좋은 흐름을 이어가는 데 영향을 미친 요인 중 하나는 커터다. 곽도규는 ""감각적인 부분에서 노력했기 때문에 커터가 손에 익었다""며 ""구속도 올라왔고, 예전에 커터를 던졌을 때보다 지금은 투심을 비롯한 다른 구종들과 조합도 잘 맞는 것 같다""고 말했다. 부상 전과 비교해 달라진 점이 있을까. 곽도규는 ""삼진이 많이 줄어든 것 같다. 이전에는 나에 대한 표본이 많지 않았다. 타자들이 내 투구폼에서 느끼는 긴장감 때문에 운 좋게 삼진을 많이 잡았는데, 이제는 타자들이 내 공을 칠 수 있다는 생각을 갖고 들어오는 것 같다""며 ""나 역시 데이터를 바탕으로 타자들의 약점을 공략하고 내 장점을 살리려는 접근을 하고 있다. 그런 부분들이 쌓이면서 기록도 좋게 나타나는 것 같다""고 설명했다. 승계주자가 있는 상황에서 등판하는 것에 대한 부담은 없을까. 곽도규는 ""승계주자가 있는 상황에서 나간다는 건 중요한 상황에서 내보내 주신다는 의미이니까 그 부분에 대해서 감사하게 생각한다""며 ""저연차 때 그런 걸 경험해봤기 때문에 14-0에 올라가든 승계주자가 있는 상황에서 올라가든 똑같이 집중하려고 한다. 그런 노력이 있었기 때문에 흥분하거나 긴장하지 않고 매 경기 집중력을 유지했기 때문에 승계주자가 있는 상황에서도 원하는 바가 잘 이뤄져서 결과도 따라온 게 아닌가 싶다""고 얘기했다. 곽도규가 성공적으로 복귀할 수 있었던 배경에는 코칭스태프의 도움이 있었다. 특히 이동걸 투수코치를 향한 신뢰가 각별했다. 곽도규는 ""그냥 투수코치님들이 너무 좋다. 한 가지를 꼽을 수 없을 정도로 정말 좋은 분들""이라며 ""이동걸 코치님이 없었으면 나는 지금 이 위치에 없었을 것이라고 생각할 정도로 감사함을 느낀다. 이동걸 코치님이 어떤 제안을 하면 아무 고민 없이 그대로 이행할 것 같다. 코치님의 제안이 조금 애매하다고 느껴지더라도 무조건 따를 정도로 믿고 있고, 그런 결과가 나올 수 있게 도와주신다""고 강조했다. 복귀 초반 흔들릴 수 있었던 순간에도 이동걸 코치의 조언이 큰 힘이 됐다. 곽도규는 ""복귀 초반에 빗맞은 안타가 연속으로 나왔던 시기가 있었다. 상황에 맞게 판단해 정확한 구종과 코스를 설정하고 최선을 다해 던졌는데도 운이 따르지 않았다. 그 부분에서 아쉬워했고 분노했다""며 ""(부족한 부분을) 연습량으로 채우려고 했는데, 코치님이 데이터를 보여주시면서 '이런 부분은 투수가 어떻게 할 수 없는 영역이다. 우리는 목표한 투구를 하는 데 최선을 다하면 되고, 그 외의 결과까지 통제할 수는 없다. 우리가 할 수 있는 것에 집중하자'고 말씀해 주셨습니다. 그 조언 덕분에 감정적으로 무너지지 않고 다시 힘을 낼 수 있었던 것 같다""고 떠올렸다. 곽도규는 후반기에도 좋은 흐름을 이어가겠다는 각오다. 그는 ""후반기에도 똑같이 하려고 한다. 꾸준히 내 것을 해왔기 때문에 결과가 좋았던 것""이라며 ""어떻게 보면 흐름상 지칠 수도 있는 시기다. 수술 이후 복귀 시즌에 어떻게 보면 올스타 브레이크도 딱 운 좋은 타이밍이어서 잘 회복해서 후반기에도 좋은 투구를 이어갈 수 있도록 해야 할 것 같다""고 각오를 다졌다. 사진=엑스포츠뉴스 DB 유준상 기자 junsang98@xportsnews.com",https://v.daum.net/v/qgaezImjXt
2026.07.11 11:48,"박철순-김용수, '마지막 잠실' 올스타전서 시구…김경문-김동수 시포",뉴스1,"(서울=뉴스1) 서장원 기자 = '마지막 잠실 야구장' 올스타전을 맞아 두산 베어스와 LG 트윈스 레전드들이 총출동한다. 한국야구위원회(KBO)는 11일 ""잠실야구장을 상징하는 박철순(두산)과 김용수(LG)가 영구결번의 주인공으로서 함께 마운드에 오른다""며 ""여기에 당시 호흡을 맞췄던 김경문 한화 감독과 김동수 서울고등학교 감독이 포수 미트를 잡아 과거의 영광을 재현할 예정""이라고 밝혔다. 박철순은 OB의 창단 멤버이자 구단을 상징하는 에이스 투수였다. 프로야구 원년인 1982년, 팀의 우승을 이끌며 정규시즌 MVP를 차지했다. 당시 기록한 '단일 시즌 22연승'은 KBO리그 역사상 전무후무한 기록으로 남아 있다. 여러 차례의 부상을 극복하고 1995년 팀의 두 번째 우승을 견인해 '불사조'라는 별칭을 얻었으며, 공로를 인정받아 그의 등번호 21번은 구단 영구결번으로 지정됐다. 김용수는 MBC-LG를 거친 구단 대표 프랜차이즈 투수다. KBO리그 최초로 '100승-200세이브'를 달성했으며, LG 선수 중 최초로 영구결번의 영예를 안았다. 통산 3차례 세이브왕을 차지한 그는 선발과 마무리를 오가며 1990년과 1994년 LG의 우승을 견인했고 두 차례 모두 한국시리즈 MVP를 석권했다. 김경문은 OB의 창단 멤버로서 투수 박철순과 호흡을 맞추며 1982년 KBO리그 원년 우승에 핵심적인 역할을 했다. 선수 은퇴 후에는 두산, NC 사령탑을 거쳐 현재 한화 감독으로 현장을 지키고 있다. 특히 2008년 베이징 올림픽 국가대표팀 감독으로서 9전 전승 금메달이라는 신화를 쓰며 한국 야구의 위상을 높였다. 김동수는 LG를 상징하는 역대 최고의 포수 중 한 명으로, 1990년대 팀의 전성기를 이끌며 두 차례의 우승(1990·1994년)을 일궈냈다. 1990년 신인왕 수상을 시작으로 통산 7차례 포수 부문 골든글러브를 차지하며 독보적인 커리어를 쌓았다. 특히 넓은 잠실야구장을 홈으로 사용하면서도 통산 202홈런을 기록할 만큼 장타력을 겸비했으며, 투수 김용수와 함께 LG의 황금기를 이끈 주역으로 평가받는다. 이번 올스타전 애국가는 대한민국 대표 보컬리스트 가수 박정현이 맡는다. 박정현은 지난 2011년 잠실 올스타전 이후 15년 만에 다시 올스타전 무대에서 애국가를 제창한다. 한편 이날 오후 6시에 시작하는 올스타전에는 팬투표와 감독 추천 선수로 뽑힌 50명의 선수가 출전하며, 나눔과 드림으로 나뉘어 대결을 펼친다. superpower@news1.kr",https://v.daum.net/v/FUIsFEAitd
2026.07.11 11:39,"'박철순-김경문, 김용수-김동수' 베어스-트윈스 우승 배터리 뜬다...올...",더게이트,"[더게이트] 베어스 원년 우승 배터리와 트윈스 두 차례 우승 배터리가 마운드에 선다. 잠실야구장에서의 마지막 올스타전을 기념해 역사적인 특별 시구 행사가 열린다. KBO는 11일 잠실야구장에서 개최되는 '2026 신한 SOL KBO 올스타전'에서 잠실을 상징하는 두산 박철순과 LG 김용수가 시구자로, 이들과 호흡을 맞췄던 김경문 한화 감독과 김동수 서울고 감독이 시포자로 마운드에 오른다고 밝혔다. 한 시대를 풍미한 잠실 라이벌 두 팀의 영구결번 투수와 레전드 포수들이 하나가 되어 과거의 영광을 재현하는 무대다. 박철순은 OB(현 두산)의 창단 멤버이자 프로야구 원년인 1982년 팀의 우승을 이끌며 정규시즌 MVP를 차지한 에이스다. 그가 남긴 '단일 시즌 22연승'은 KBO 리그 역사상 전무후무한 기록이다. 수차례의 부상을 극복하고 1995년 팀의 두 번째 우승을 견인해 '불사조'라는 별칭을 얻었으며, 등번호 21번은 구단 영구결번으로 지정되었다. 김용수는 MBC와 LG를 거친 구단 대표 프랜차이즈 투수로, KBO 리그 최초로 '100승-200세이브'를 달성했다. 선발과 마무리를 오가며 1990년과 1994년 LG의 우승을 견인했고, 두 차례 모두 한국시리즈 MVP를 석권했다. '노송'이라는 별칭과 함께 오랜 시간 잠실 마운드를 지키며 LG 선수 중 최초로 영구결번의 영예를 안았다. 박철순과 호흡을 맞춰 1982년 원년 우승을 일궈낸 김경문 감독은 두산, NC 사령탑을 거쳐 현재 한화 감독으로 현장을 지키고 있다. 2008년 베이징 올림픽 국가대표팀 감독으로서 '9전 전승 금메달' 신화를 썼으며, 지난 시즌에는 한화의 한국시리즈 진출을 이끌었다. 김용수의 전담 배터리였던 김동수 감독은 1990년대 LG의 전성기를 이끌며 두 차례의 우승을 합작한 역대 최고 포수 중 한 명이다. 1990년 신인왕을 시작으로 통산 7차례 포수 부문 골든글러브를 차지했고, 통산 202홈런을 기록했다. 현재는 모교인 서울고등학교 야구부 감독으로 재직 중이다. 한편, 이번 올스타전 애국가는 가수 박정현이 부른다. 박정현은 지난 2011년 잠실 올스타전 이후 15년 만에 다시 올스타전 무대에 서 특유의 독보적인 가창력을 선보인다. 애국가 제창에 이어서는 대한민국 공군 특수비행팀 '블랙이글스'가 잠실 상공을 가르는 화려한 에어쇼를 펼치며 축제의 서막을 열 예정이다.",https://v.daum.net/v/5RIa2TlwuB
2026.07.11 11:39,"‘불사조’ 박철순·‘노송’ 김용수, 잠실 마지막 올스타전 마운드 오른다",이데일리,"[이데일리 스타in 이석무 기자] ‘불사조’ 박철순(70)과 ‘노송’ 김용수(66)가 잠실야구장의 마지막 KBO 올스타전에서 나란히 마운드에 오른다. KBO는 11일 잠실야구장에서 열리는 2026 신한 SOL KBO 올스타전에서 잠실야구장의 마지막 올스타전을 기념하는 특별 시구 행사를 진행한다고 밝혔다. 잠실을 홈으로 사용해온 두산베어스와 LG트윈스의 영구결번 주인공 박철순과 김용수가 시구자로 나선다. 박철순의 공은 김경문 한화이글스 감독이, 김용수의 공은 김동수 서울고 감독이 받는다. 과거 한 팀에서 호흡을 맞췄던 두 배터리가 잠실 마운드에서 다시 만난다. 잠실 라이벌로 경쟁해온 두산과 LG도 이날만큼은 한 팀이 된다. 두 구단의 전설들이 함께 시구와 시포를 맡아 1982년 개장 이후 잠실야구장에 쌓인 추억을 팬들과 나눈다. 박철순은 OB 베어스 창단 멤버이자 프로야구 원년을 대표하는 에이스다. 1982년 단일 시즌 22연승을 기록, OB의 초대 한국시리즈 우승을 이끌고 정규시즌 최우수선수(MVP)에 선정됐다. 반복된 부상을 극복하고 1995년 두 번째 우승까지 이끌어 ‘불사조’라는 별명을 얻었다. 등번호 21번은 두산의 영구결번이다. 김용수는 MBC청룡과 LG에서 활약한 대표적인 프랜차이즈 투수다. KBO리그 최초로 통산 100승과 200세이브를 동시에 달성했고, 세 차례 세이브왕에 올랐다. 1990년과 1994년 LG의 한국시리즈 우승 때는 모두 시리즈 MVP를 차지했다. 꾸준한 활약으로 ‘노송’이라 불린 그의 등번호 41번은 LG 구단 최초의 영구결번이 됐다. 두 전설의 공을 받을 포수들도 잠실의 역사를 대표한다. 김경문 감독은 OB 창단 멤버로 박철순과 배터리를 이뤄 1982년 원년 우승에 힘을 보탰다. 이후 두산과 NC 감독을 거쳤고, 2008년 베이징올림픽에서는 대표팀의 9전 전승 금메달을 지휘했다. 현재는 한화 사령탑을 맡고 있다. 김동수 감독은 1990년과 1994년 LG 우승의 주역이다. 1990년 신인왕을 시작으로 포수 부문 골든글러브를 일곱 차례 수상했고, 통산 202홈런을 기록했다. 현재 모교인 서울고 야구부를 이끌고 있다. 올스타전 애국가는 가수 박정현이 부른다. 박정현이 잠실 올스타전에서 애국가를 제창하는 것은 2011년 이후 15년 만이다. 애국가 제창이 끝난 뒤에는 대한민국 공군 특수비행팀 블랙이글스가 잠실 상공에서 에어쇼를 펼친다. 잠실야구장의 마지막 별들의 축제가 전설들의 시구와 하늘을 가르는 비행으로 막을 올린다. 이석무 (sports@edaily.co.kr)",https://v.daum.net/v/Pq1vgzUZEs
2026.07.11 11:37,"'전반기 1위' 삼성, 외인 교체 승부수 던졌다!…'ML 32승' 페덱 ...",엑스포츠뉴스,"(엑스포츠뉴스 유준상 기자) 전반기를 1위로 마무리한 삼성 라이온즈가 승부수를 던졌다. 잭 오러클린을 떠나보내고 새 외국인 투수 크리스 페덱을 영입했다. 삼성 구단은 11일 ""페덱은 47만3333달러(약 7억1000만원)의 조건에 삼성 유니폼을 입게 됐다""며 ""부상 대체 외국인 선수로 뛰어온 오러클린과의 계약 연장 대신 최근까지 메이저리그에서 뛴 오른손투수 페덱에게 선발 마운드의 한 축을 맡도록 할 계획""이라고 밝혔다. 앞서 삼성은 2026시즌을 준비하는 과정에서 새 외국인 투수 맷 매닝을 영입했다. 하지만 매닝이 지난 2월 일본 오키나와 스프링캠프 기간 부상을 당하면서 삼성의 계획이 꼬이고 말았다. 이후 삼성은 지난 3월 16일 부상 대체 외국인 선수 제도를 활용해 호주 국가대표 출신 오러클린을 영입했다. 즉시 영입이 가능하고 실전 감각을 유지하고 있다는 점에 무게를 뒀다. 오러클린은 빠르게 KBO리그 무대에 적응하며 팀의 기대에 부응했다. 두 차례나 계약을 연장하며 전반기 내내 삼성 선발진의 한 축을 책임졌다. 다만 6월 이후 6경기에서 27이닝 1승 3패 평균자책점 6.67로 불안한 모습을 보였다. 순위 경쟁을 계속 이어가야 하는 삼성은 변화가 필요하다고 판단했다. 결국 전반기를 끝으로 오러클린과의 동행에 마침표를 찍었다. 오러클린의 최종 성적은 17경기 83⅓이닝 5승 5패 평균자책점 4.86이다. 1996년생인 페덱인 키 196cm, 몸무게 98kg의 체격조건을 갖춘 우완투수다. 2015 미국 메이저리그(MLB) 신인 드래프트에서 마이애미 말린스의 8라운드 지명을 받았으며, 샌디에이고 파드리스 소속이었던 2019년 빅리그 무대에 데뷔했다. 이후 미네소타 트윈스, 디트로이트 타이거즈, 마이애미, 신시내티 레즈, 텍사스 레인저스 등 여러 팀을 거쳤다. 페덱은 2019년부터 빅리그 통산 통산 132경기(선발 119경기)에서 32승 43패 평균자책점 4.83 이닝당 출루허용률(WHIP) 1.26을 기록했다. 빅리그 통산 9이닝당 탈삼진은 8.02개, 9이닝당 볼넷은 2.04개다. 마이너리그 통산 성적은 40경기(선발 35경기) 13승 7패 평균자책점 1.92 WHIP 0.82다. 페덱은 올해 빅리그에서 계속 경기에 나서며 실전 감각을 유지했다. 14경기(선발 9경기) 57이닝 7패 평균자책점 6.79를 기록 중이었다. 가장 최근 등판이었던 6월 30일 클리블랜드 가디언스전에서는 4이닝 7피안타(1피홈런) 1탈삼진 2실점을 올렸다. 계약서에 사인을 마친 페덱은 ""어떤 리그에서든 프로야구는 많이 이겨야 하는 스포츠다. 그런 면에서 1위 경쟁을 하고 있는 삼성 라이온즈가 매력적으로 느껴졌다. 이 팀의 전통과 팬들의 열정에도 끌렸다""며 ""샌디에이고에서 김하성(현 애틀랜타 브레이브스)과 함께 뛴 경험이 있어 KBO리그에 대해서도 어느 정도 알고 있다. 라이온즈의 선수들과 많은 걸 나누고 싶다""고 소감을 전했다. 한편 페덱은 국내에서 메디컬테스트를 마쳤고 조만간 팀에 합류할 예정이다. 삼성은 15일까지 올스타 휴식기를 가진 뒤 16일부터 후반기 일정에 돌입한다. 사진=엑스포츠뉴스 DB / 삼성 라이온즈 유준상 기자 junsang98@xportsnews.com",https://v.daum.net/v/KExlHaLxX0
2026.07.11 11:36,"[오피셜] 와, 이런 선수가 한국에 오다니...'ML 통산 32승' 거물...",스포탈코리아,"[SPORTALKOREA] 김지현 기자= '전반기 1위' 삼성 라이온즈가 KBO리그 무대를 밟은 외국인 선수들을 통틀어서도 손에 꼽힐 만한 거물급 투수를 영입했다. 삼성은 11일 ""새 외국인 투수 크리스 페덱과 47만 3,333달러(약 7억 1,113만 원)에 계약했다""며 ""부상 대체 외국인 선수로 뛰어온 잭 오러클린과의 계약 연장 대신 최근까지 메이저리그(MLB)에서 뛴 페덱에게 선발 마운드의 한 축을 맡길 계획""이라고 밝혔다. 만 30세, 키 196㎝, 몸무게 98㎏의 체격을 갖춘 오른손 투수 페덱은 MLB 통산 132경기(선발 119경기)에서 32승 43패 평균자책점 4.83에 이닝당 출루허용률(WHIP) 1.26을 작성했다. 다양한 구종을 던지는 페덱은 9이닝당 8.02개의 탈삼진과 9이닝당 볼넷 2.04개를 기록했다. 마이너리그에서는 통산 40경기(선발 35경기)에 나서 13승 7패 평균자책점 1.92에 WHIP 0.82를 마크했다. 국내에서 메디컬테스트를 마친 페덱은 조만간 팀에 합류할 예정이다. 페덱은 삼성 구단을 통해 ""어떤 리그에서든 프로야구는 많이 이겨야 하는 스포츠다. 그런 면에서 1위 경쟁을 하고 있는 삼성이 매력적으로 느껴졌다""며 ""이 팀의 전통과 팬들의 열정에도 끌렸다""고 입단 소감을 밝혔다. 페덱은 2021년 샌디에이고에서 김하성(애틀랜타 브레이브스)과 한솥밥을 먹어 한국 야구가 낯설지 않다. 그는 ""김하성과 함께 뛴 경험이 있어 KBO리그에 대해서도 어느 정도 알고 있다""며 ""삼성 선수들과 많은 걸 나누고 싶다""고 말했다. 빅리그 통산 32승에 빛나는 페덱은 1위 수성을 노리는 삼성 선발진의 핵심 전력으로 기대를 모은다. 무엇보다 안정적인 제구력을 바탕으로 볼넷을 남발하지 않는 유형이라는 점에서 삼성 마운드에 큰 힘이 될 전망이다. 한편 맷 매닝의 부상 대체 선수로 삼성에 입단했던 좌완 오러클린은 KBO리그 17경기에서 5승 5패 평균자책점 4.86의 성적을 남기고 팀을 떠나게 됐다. 사진=게티이미지코리아, 삼성 라이온즈 제공",https://v.daum.net/v/U5GFqCsAMz
2026.07.11 11:32,박용택-김재호 퓨처스 시구 할만 했네! → 올스타전은 더 큰 거 온다. ...,스포츠조선,"[스포츠조선 한동훈 기자] LG 트윈스 33번 영구결번 박용택은 10일 퓨처스 올스타전 시구 후 ""왜 퓨처스지 라는 생각이 잠깐 들었다""며 너스레를 떨었다. 올스타전 시구자가 공개되자 고개가 끄덕여졌다. LG와 두산 베어스의 레전드들이 총출동했다. 현 한화 김경문 감독을 비롯해 박철순과 LG 최초 영구결번 김용수와 레전드 포수 김동수가 그 주인공이었다. 11일 잠실야구장에서 개최되는 2026 신한 SOL KBO 올스타전에서는 잠실야구장에서의 마지막 올스타전을 기념해 특별한 시구 행사가 열린다. 잠실야구장을 상징하는 두산 박철순과 LG 김용수가 영구결번의 주인공으로서 함께 마운드에 오른다. 여기에 당시 호흡을 맞췄던 김경문 한화 감독과 김동수 서울고등학교 감독이 포수 미트를 잡아 과거의 영광을 재현할 예정이다. 이날만큼은 잠실 라이벌 두 팀이 하나가 되어 시구-시포를 진행하며 잠실야구장에서 쌓아온 소중한 기억을 함께 나눈다. 박철순은 OB의 창단 멤버이자 구단을 상징하는 에이스 투수였다. 프로야구 원년인 1982년, 팀의 우승을 이끌며 정규시즌 MVP를 차지했다. 특히 당시 기록한 '단일 시즌 22연승'은 KBO 리그 역사상 전무후무한 기록으로 남아 있다. 수차례의 부상을 극복하고 1995년 팀의 두 번째 우승을 견인하며 '불사조'라는 별칭을 얻었으며, 이러한 공로를 인정받아 그의 등번호 21번은 구단 영구결번으로 지정되었다. 김용수는 MBC-LG를 거친 구단 대표 프랜차이즈 투수였다. KBO 리그 최초로 '100승-200세이브'를 달성했으며, LG 선수 중 최초로 영구결번의 영예를 안았다. 통산 3차례 세이브 왕을 차지한 그는 선발과 마무리를 오가며 1990년과 1994년 LG의 우승을 견인했고 두 차례 모두 한국시리즈 MVP를 석권했다. 꾸준함의 대명사인 '노송'이라는 별칭과 함께 오랜 시간 잠실 마운드를 지켜온 투수로 LG 팬들의 많은 사랑을 받았다. 김경문은 OB의 창단 멤버로서 투수 박철순과 호흡을 맞추며 1982년 KBO 리그 원년 우승에 핵심적인 역할을 했다. 선수 은퇴 후에는 두산, NC 사령탑을 거쳐 현재 한화 감독으로 현장을 지키고 있다. 특히 2008년 베이징 올림픽 국가대표팀 감독으로서 '9전 전승 금메달'이라는 신화를 쓰며 한국 야구의 위상을 높였다. 풍부한 경험과 리더십을 바탕으로 지난 시즌 한화의 한국시리즈 진출을 주도하는 등 여전히 탁월한 지도력을 발휘하고 있다. 김동수는 LG를 상징하는 역대 최고의 포수 중 한 명으로, 1990년대 팀의 전성기를 이끌며 두 차례의 우승(1990, 1994년)을 일궈냈다. 1990년 신인왕 수상을 시작으로 통산 7차례 포수 부문 골든글러브를 차지하며 독보적인 커리어를 쌓았다. 특히 넓은 잠실야구장을 홈으로 사용하면서도 통산 202홈런을 기록할 만큼 장타력을 겸비했으며, 투수 김용수와 함께 LG의 황금기를 이끈 주역으로 평가받는다. 현재는 모교인 서울고등학교 야구부 감독을 맡아 차세대 야구 인재 육성에 힘쓰고 있다. 이번 올스타전 애국가는 대한민국 대표 보컬리스트이자 'R&B의 요정' 가수 박정현이 맡는다. 독보적인 가창력과 깊은 감성으로 대중의 큰 사랑을 받아온 박정현은 지난 2011년 잠실 올스타전 이후 15년 만에 다시 올스타전 무대에서 애국가를 제창해 그 의미를 더한다. 뛰어난 가창력과 풍부한 성량을 가진 박정현의 애국가 제창에 이어서 대한민국 공군 특수비행팀 '블랙이글스'가 하늘을 가르는 에어쇼를 펼치며 2026 신한 SOL KBO 올스타전의 화려한 시작을 알릴 예정이다. 한동훈 기자 dhhan@sportschosun.com",https://v.daum.net/v/9cbz2Tlwu9
2026.07.11 11:30,"'빅리그 32승. 전 김하성 동료' 크리스 페덱, 삼성 유니폼 입는다",이데일리,"[이데일리 스타in 이석무 기자] 프로야구 삼성라이온즈가 메이저리그에서 최근까지 활약한 오른손 투수 크리스 페덱(30)을 영입했다. 삼성은 11일 페덱과 계약을 공식 발표했다. 연봉은 47만3333달러다. 삼성은 부상 대체 외국인 선수로 뛰었던 잭 오러클린과 계약을 연장하지 않고, 페덱에게 선발 마운드의 한 축을 맡기기로 했다. 196cm 98㎏의 체격조건을 갖춘 페덱은 메이저리그에서 통산 132경기에 등판해 32승43패, 평균자책점 4.83을 기록했다. 이 가운데 선발 등판이 119경기에 달한다. 이닝당 출루허용률(WHIP)은 1.26이다. 마이너리그에서는 통산 40경기 중 35경기에 선발로 나서 13승7패, 평균자책점 1.92, WHIP 0.82를 남겼다. 페덱은 다양한 구종과 안정적인 제구력이 강점으로 꼽힌다. 메이저리그 통산 9이닝당 탈삼진 8.02개, 볼넷 2.04개를 기록했다. 삼진 능력을 갖추면서도 불필요한 볼넷을 최소화하는 유형이다. 국내에서 메디컬 테스트를 마친 페덱은 조만간 삼성 선수단에 합류할 예정이다. 페덱은 “어떤 리그에서든 프로야구는 많이 이겨야 하는 스포츠”라며 “1위 경쟁을 하고 있는 삼성 라이온즈가 매력적으로 느껴졌다. 팀의 전통과 팬들의 열정에도 끌렸다”고 말했다. 한국 야구와도 인연이 있다. 페덱은 샌디에이고 파드리스 시절 김하성과 한솥밥을 먹었다. 그는 “김하성과 함께 뛰어 KBO리그에 대해서도 어느 정도 알고 있다”며 “라이온즈 선수들과 많은 것을 나누고 싶다”고 밝혔다. 맷 매닝의 부상 대체 선수로 삼성에 합류했던 오러클린은 KBO리그 17경기에서 5승5패, 평균자책점 4.86을 기록하고 팀을 떠나게 됐다. 이석무 (sports@edaily.co.kr)",https://v.daum.net/v/zwwxr8V7EL
2026.07.11 11:26,"카우보이 모자 쓰고 '옷피셜'…텍사스 싸나이 페덱, 삼성 '우승 청부사'...",더게이트,"[더게이트] 라팍 마운드에 진짜 '텍사스 카우보이'가 나타났다. 11년 만의 정규시즌 우승을 정조준하는 삼성 라이온즈가 메이저리그 풀타임 선발 출신의 거물급 우완 투수를 영입하며 후반기 승부수를 던졌다. 삼성은 11일 교체 외국인투수로 크리스 페덱 영입을 공식 발표했다. 부상 대체 외국인선수로 전반기를 함께한 잭 오러클린과의 계약 연장 대신, MLB 풀타임 선발 출신 빅네임 우완 페덱에게 선발 로테이션의 한 축을 맡기기로 했다. 계약 조건은 47만 3333달러(약 6억 8600만원)다. 만 30세로 키 196cm, 몸무게 98kg의 '거한'인 페덱은 메이저리그 통산 119경기에서 선발 등판을 소화한 투수다. 구원 포함 총 132경기에서 32승 43패, 평균자책 4.83, WHIP 1.26을 기록했다. 마이너리그에선 통산 40경기(선발 35경기)에서 13승 7패, 평균자책 1.92, WHIP 0.82의 압도적인 성적을 남겼다. '옷피셜'에도 그대로…카우보이 모자는 페덱의 정체성 이날 삼성 구단이 공개한 입단식 사진 속 페덱은 카우보이 모자를 쓰고 활짝 웃으며 유정근 대표이사와 포즈를 취했다. 텍사스 오스틴 출신인 페덱은 메이저리그 시절부터 카우보이 모자와 부츠를 트레이드마크로 삼아온 선수다. 별명도 보안관을 뜻하는 '더 셰리프(The Sheriff)'였고, 그의 팬들은 등판일마다 카우보이 모자를 쓰고 가슴에 페덱 배지를 달았다. 2019년 샌디에이고 파드리스에서 메이저리그에 데뷔한 페덱은 신인 시즌부터 강렬한 인상을 남겼다. 당시 구단 내 상위권 유망주이자 대형 선발투수감으로 기대와 관심이 컸다. 그러나 기대했던 것처럼 거물로 성장하진 못했다. 두 차례 토미존 수술을 받으며 부침을 겪었고, 미네소타 트윈스, 디트로이트, 마이애미, 신시내티, 텍사스까지 여러 팀을 거쳤다. 페덱의 올 시즌 포심 패스트볼 평균 구속은 149.5km/h다. 빅리그 기준으로 압도적인 구위나 구속은 아니다. 대신 최근에는 커터와 투심 등 구종을 다양화하며 포심 비중을 낮추는 쪽으로 변화를 줬다. 무브먼트를 활용해 스트라이크존 안쪽 승부를 즐기는 유형으로, 탈삼진 비율은 낮은 대신 볼넷 비율도 극히 낮다. 메이저리그 통산 9이닝당 탈삼진 8.02개에 9이닝당 볼넷은 2.04개만 내줬다. 컨택을 유도해 인플레이 아웃을 잡는 유형으로, 최근까지 메이저리그 타자들을 상대로도 강한 타구 비율은 꽤 준수한 편에 속했다. 다만 이 접근법이 전반적으로 컨택 능력이 뛰어난 KBO리그 타자들을 상대로도 같은 효과를 낼 수 있을지는 미지수다. 여기에 홈런이 잘 나오는 타자 친화 구장인 대구삼성라이온즈파크를 홈으로 쓴다는 점도 변수로 꼽힌다. 페덱은 국내에서 메디컬테스트를 마쳤고 조만간 팀에 합류할 예정이다. 계약서에 사인한 페덱은 ""어떤 리그에서든 프로야구는 많이 이겨야 하는 스포츠다. 그런 면에서 1위 경쟁을 하고 있는 삼성 라이온즈가 매력적으로 느껴졌다. 이 팀의 전통과 팬들의 열정에도 끌렸다""고 입단 소감을 밝혔다. 이어 페덱은 ""샌디에이고에서 김하성과 함께 뛴 경험이 있어 KBO리그에 대해서도 어느 정도 알고 있다. 라이온즈의 선수들과 많은 걸 나누고 싶다""고 덧붙였다. 한편 오러클린은 맷 매닝의 부상 대체 선수로 입단해 두 차례 계약 기간 동안 17경기 5승 5패, 평균자책 4.86을 남겼다. 시즌 초반에는 준수한 활약을 보였지만 6월 이후 배터리 방전으로 부진에 빠졌다. 마땅한 대안이 없어 교체를 망설이던 삼성은 페덱과 합의에 성공하자 곧바로 교체 카드를 꺼내 들었다. 푸른 유니폼을 입은 카우보이가 라팍에 몰고올 새바람이 기대된다.",https://v.daum.net/v/XfqQCMPK0g
2026.07.11 11:24,"‘박철순-김경문’ ‘김용수-김동수’, 올스타전 시구-시포 나선다",스포츠경향,"11일 잠실구장에서 열리는 마지막 올스타전에 두산과 LG의 영구결번 선수인 박철순, 김용수가 시구자로 나선다. KBO는 이날 박철순과 김경문 한화 감독, 김용수와 김동수 서울고 야구부 감독이 각각 시구와 시포자로 배터리 호흡을 맞춘다고 밝혔다. 박철순은 OB(두산의 전신)의 창단 멤버이자 구단을 상징하는 에이스 투수였다. 프로야구 원년인 1982년 팀의 우승을 이끌며 정규시즌 MVP를 차지했다. 당시 기록한 ‘단일 시즌 22연승’은 KBO 리그 역사상 전무후무한 기록으로 남아 있다. 여러 차례 부상을 극복하고 1995년 팀의 두 번째 우승을 견인하며 ‘불사조’라는 별명을 얻었고 구단은 박철순의 등번호 21번을 영구결번으로 지정했다. 김용수는 MBC-LG를 거친 구단 대표 프랜차이즈 투수였다. KBO 리그 최초로 ‘100승-200세이브’를 달성했고 LG 구단 최초의 영구결번 주인공이다. 통산 3차례 세이브 왕을 차지했고 선발과 마무리를 오가며 1990년과 1994년 LG의 우승을 견인했다. 두 차례 모두 한국시리즈 MVP를 석권했다. 꾸준함의 대명사인 ‘노송’이라는 별명과 함께 오랜 시간 잠실 마운드를 지켜온 투수로 LG 팬들의 많은 사랑을 받았다. 이날 박철순의 공을 받을 김경문 감독은 OB의 창단 멤버로서 투수 박철순과 호흡을 맞추며 1982년 KBO 리그 원년 우승에 핵심적인 역할을 했다. 선수 은퇴 후에는 두산, NC를 거쳐 현재 한화의 사령탑을 맡고 있다. 2008년 베이징 올림픽 국가대표팀 감독으로서 ‘9전 전승 금메달’ 신화를 썼다. 풍부한 경험과 리더십을 바탕으로 지난 시즌 한화의 한국시리즈 진출을 주도했다. 김용수와 배터리 호흡을 맞출 김동수 감독은 LG를 상징하는 역대 최고의 포수 중 한 명으로 꼽힌다. 1990년대 팀의 전성기를 이끌며 두 차례의 우승(1990, 1994년)을 일궈냈다. 1990년 신인왕 수상을 시작으로 통산 7차례 포수 부문 골든글러브를 차지했다. 넓은 잠실야구장을 홈으로 사용하면서도 통산 202홈런을 기록할 만큼 장타력이 뛰어나다. 투수 김용수와 함께 LG의 황금기를 이끈 주역으로 평가받는다. 현재는 모교인 서울고 야구부 감독을 맡아 차세대 야구 인재 육성에 힘쓰고 있다. 이번 올스타전 애국가는 가수 박정현이 부른다. 2011년 잠실 올스타전 이후 15년 만에 다시 올스타전 무대에서 애국가를 제창한다. 뛰어난 가창력과 풍부한 성량을 가진 박정현의 애국가 제창에 이어서 대한민국 공군 특수비행팀 ‘블랙이글스’가 하늘을 가르는 에어쇼를 펼치는 것으로 잠실구장 마지막 올스타전 막이 오른다. 유새슬 기자 yooss@kyunghyang.com",https://v.daum.net/v/fgoPIx6b7s
2026.07.11 11:22,"잠실 레전드 배터리 '박철순-김경문'·'김용수-김동수', 올스타전 시구-...",스포츠투데이,"[스포츠투데이 이상필 기자] 잠실 레전드 배터리 두산 박철순-김경문, LG 김용수-김동수가 올스타전 시구-시포 행사에 나선다. KBO는 11일 잠실야구장 마지막 올스타전을 기념해 두산 박철순과 LG 김용수가 영구결번의 주인공으로서 함께 마운드에 오른다고 발표했다. 또한 당시 호흡을 맞췄던 김경문 한화 감독과 김동수 서울고등학교 감독이 포수 미트를 잡아 과거의 영광을 재현할 예정이다. 박철순은 OB의 창단 멤버이자 구단을 상징하는 에이스였다. 프로야구 원년인 1982년, '단일 시즌 22연승'으로 팀의 우승을 이끌며 정규시즌 MVP를 차지했다. 수차례의 부상을 극복하고 1995년 팀의 두 번째 우승을 견인하며 '불사조'라는 별칭을 얻었으며, 박철순의 등번호 21번은 구단 영구결번으로 지정됐다. 김용수는 MBC-LG를 거친 구단 대표 프랜차이즈 투수였다. KBO 리그 최초로 '100승-200세이브'를 달성했으며, LG 선수 중 최초로 영구결번의 영예를 안았다. 1990년과 1994년 LG의 우승을 견인했고 두 차례 모두 한국시리즈 MVP를 거머쥐었다. '노송'이라는 별칭과 함께 오랜 시간 잠실 마운드를 지켜온 투수로 LG 팬들의 많은 사랑을 받았다. 김경문은 OB의 창단 멤버로서 투수 박철순과 호흡을 맞추며 1982년 KBO 리그 원년 우승에 힘을 보탰다. 은퇴 후에는 두산, NC 사령탑을 거쳐 현재 한화 감독으로 현장을 지키고 있다. 지난해에는 한화를 한국시리즈로 이끌기도 했다. 또한 2008 베이징 올림픽에서는 '9전 전승 금메달'을 견인하며 한국 야구의 위상을 높였다. 김동수는 LG를 상징하는 포수다. 1990년대 팀의 전성기를 이끌며 두 차례의 우승(1990, 1994년)을 일궈냈다. 1990년 신인왕 수상을 시작으로 통산 7차례 포수 부문 골든글러브를 거머쥐었다. 통산 202홈런을 기록할 만큼 장타력을 겸비했으며, LG의 황금기를 이끈 주역으로 평가받는다. 현재는 모교인 서울고등학교 야구부 감독을 맡아 차세대 야구 인재 육성에 힘쓰고 있다. 한편 이번 올스타전 애국가는 가수 박정현이 맡는다. 박정현은 지난 2011년 잠실 올스타전 이후 15년 만에 다시 올스타전 무대에서 애국가를 제창한다. 박정현의 애국가 제창에 이어서 대한민국 공군 특수비행팀 '블랙이글스'가 하늘을 가르는 에어쇼를 펼치며 2026 신한 SOL KBO 올스타전의 화려한 시작을 알릴 예정이다. [스포츠투데이 이상필 기자 sports@stoo.com]",https://v.daum.net/v/5qXQAKqFyR
2026.07.11 11:15,"삼성 필승조 최지광, 팔꿈치 근육 손상…6주 재활 소견",뉴스1,"(서울=뉴스1) 서장원 기자 = 프로야구 전반기를 1위로 마친 삼성 라이온즈 마운드에 악재가 닥쳤다. 필승조 최지광이 팔꿈치 부상으로 장기 이탈한다. 삼성 구단은 11일 ""지난 8일 1군에서 말소된 투수 최지광이 병원 검진 결과 오른쪽 팔꿈치 굴곡근과 회내근 손상 진단을 받았다""고 밝혔다. 6주간 재활 소견을 받은 최지광은 4주 뒤 재검진을 받을 예정이다. 최지광은 올 시즌 25경기에 등판해 4승무패, 8홀드 1세이브, 평균자책점 2.45를 기록했다. 지난 7일 대구 LG 트윈스전 이후 팔꿈치 통증을 호소해 다음 날 말소됐고, 결국 부상으로 자리를 비우게 됐다. superpower@news1.kr",https://v.daum.net/v/9brkSdMVtd
2026.07.11 11:15,"“라이온즈 선수들과 많은 것 나누고파”…오러클린과 이별한 삼성, ‘ML ...",MK스포츠,"삼성이 크리스 페덱을 품에 안았다. 삼성 라이온즈는 “외국인 투수 페덱을 영입했다”고 11일 밝혔다. 요 근래 삼성은 한 가지 고민과 마주했다. 맷 매닝의 부상 대체 선수로 입단했던 잭 오러클린이 다소 체력이 떨어진 모습을 보인 까닭이다. 오러클린은 올해 17경기에서 5승 5패 평균자책점 4.86을 올렸지만, 최근 2경기에서 모두 5이닝을 소화하지 못했다. 결국 삼성은 오러클린과의 계약 연장 대신 47만3333달러의 조건에 페덱과 손을 잡았다. 2015년 드래프트에서 8라운드 전체 236번으로 마이애미 말린스의 지명을 받은 페덱은 패스트볼 및 체인지업이 강점으로 꼽히는 우완투수다. 샌디에이고 파드리스, 미네소타 트윈스 등을 거쳤으며, 미국프로야구 메이저리그(MLB) 통산 132경기(581.2이닝)에 나서 32승 43패 평균자책점 4.83을 마크했다. 마이너리그 성적 역시 빼어나다. 통산 40경기에 출전해 13승 7패 평균자책점 1.92를 작성했다. 국내에서 메디컬테스트를 마친 페덱은 조만간 팀에 합류할 예정이다. 페덱은 “어떤 리그에서든 프로야구는 많이 이겨야 하는 스포츠다. 그런 면에서 1위 경쟁을 하고 있는 삼성이 매력적으로 느껴졌다. 이 팀의 전통과 팬들의 열정에도 끌렸다”고 말했다. 이어 “샌디에이고에서 김하성(애틀랜타 브레이브스)과 함께 뛴 경험이 있어 KBO리그에 대해서도 어느 정도 알고 있다. 라이온즈 선수들과 많은 걸 나누고 싶다”고 덧붙였다. [이한주 MK스포츠 기자] [ⓒ MK스포츠, 무단전재 및 재배포 금지]",https://v.daum.net/v/2T5mhRQ9M9
2026.07.11 11:13,"지난해 준우승 아쉬움 턴다! '직전 대회 챔피언' 도봉구유소년야구단, 마...",마이데일리,"[마이데일리 = 노찬혁 기자] 김종진 감독이 지휘하는 도봉구유소년야구단이 '제3회 마이데일리배 전국유소년야구대회' 우승을 향한 도전장을 내밀었다. 마이데일리가 주최하고 대한유소년야구연맹(회장 이상근)이 주관하는 '제3회 마이데일리배 전국유소년야구대회'가 오는 17일 횡성베이스볼테마파크에서 개막을 앞둔 가운데, 연맹 내 전통의 명문으로 꼽히는 도봉구유소년야구단이 강력한 우승 후보로 주목받고 있다. 지난 2014년 창단한 도봉구유소년야구단은 2016년부터 대한유소년야구연맹 상위권을 굳건히 지켜온 명문 구단이다. 코로나19 시기를 거치며 잠시 부침을 겪기도 했으나, 2024년부터 완벽한 반등에 성공하며 옛 명성을 되찾았다. 최근 기세는 최고조에 달해 있다. 도봉구유소년야구단은 올해 순창군수배 새싹리그 준우승을 차지한 데 이어, 마이데일리배 직전 대회인 '2026 횡성군수배 꿈나무청룡리그'에서 마침내 우승컵을 들어 올리며 최상의 전력을 과시했다. 김종진 감독은 이번 대회에서 성적과 더불어 선수들의 화합, 행복한 야구를 강조했다. 김 감독은 ""선수들끼리 똘똘 뭉쳐서 경기 때 어려운 순간을 이겨내며 짜릿한 순간들과 즐겁고 행복한 야구를 했으면 좋겠다""고 바람을 전했다. 매년 마이데일리배에 꾸준히 참가해 온 김 감독은 대회의 차별화된 매력에 대해서도 엄지를 치켜세웠다. 김 감독은 ""여름방학의 핫한 시즌에 진행되는 마이데일리배는 매년 홈런레이스, 스피드킹 등 유소년 선수들이 좋아하는 이벤트가 있다""며 ""또한 경기 후 MVP 선수는 인터뷰의 기회도 있어 모든 팀들에게 가장 인기 많은 대회""라고 호평했다. 횡성군수배 우승의 흐름을 이어받아 도봉구유소년야구단은 이번 마이데일리배에서 팀 역사상 첫 정상 등극을 노린다. 김 감독은 ""2014년에 창단한 도봉구유소년야구단은 마이데일리배에서 준우승이 최고 성적 인데 올해에는 반드시 우승을 따내겠다""고 다짐했다.",https://v.daum.net/v/BOe98GyOEp
2026.07.11 11:12,"‘두산·LG 레전드 배터리’ 박철순-김경문+김용수-김동수, 2026 KB...",MK스포츠,"잠실야구장에서 펼쳐지는 마지막 올스타전을 맞아 두산 베어스, LG 트윈스의 레전드 배터리들이 총 출동한다. 한국야구위원회(KBO)는 “11일 잠실야구장에서 열리는 2026 신한 SOL KBO 올스타전 시구자로 박철순(전 두산)과 김용수(전 LG)를 선정했다. 당시 호흡을 맞췄던 김경문 한화 이글스 감독과 김동수 서울고등학교 감독이 포수 미트를 잡는다”고 같은 날 밝혔다. 박철순은 OB의 창단 멤버이자 구단을 상징하는 에이스 투수였다. 프로야구 원년인 1982년, 팀의 우승을 이끌며 정규시즌 MVP를 차지했다. 특히 당시 기록한 ‘단일 시즌 22연승’은 KBO리그 역사상 전무후무한 기록으로 남아 있다. 수 차례의 부상을 극복하고 1995년 팀의 두 번째 우승을 견인, ‘불사조’라는 별칭을 얻었으며, 이러한 공로를 인정받아 그의 등번호 21번은 구단 영구결번으로 지정됐다. 김용수는 MBC-LG를 거친 구단 대표 프랜차이즈 투수였다. KBO리그 최초로 ‘100승-200세이브’를 달성했으며, LG 선수 중 최초로 영구결번의 영예를 안았다. 통산 3차례 세이브 왕을 차지한 그는 선발과 마무리를 오가며 1990년과 1994년 LG의 우승을 견인했고 두 차례 모두 한국시리즈 MVP를 석권했다. 꾸준함의 대명사인 ‘노송’이라는 별칭과 함께 오랜 시간 잠실 마운드를 지켜온 투수로 LG 팬들의 많은 사랑을 받았다. 김경문은 OB의 창단 멤버로서 투수 박철순과 호흡을 맞추며 1982년 KBO 리그 원년 우승에 핵심적인 역할을 했다. 선수 은퇴 후에는 두산, NC 다이노스 사령탑을 거쳐 현재 한화 감독으로 현장을 지키고 있다. 특히 2008년 베이징 올림픽 국가대표팀 감독으로서 ‘9전 전승 금메달’이라는 신화를 쓰며 한국 야구의 위상을 높였다. 풍부한 경험과 리더십을 바탕으로 지난 시즌 한화의 한국시리즈 진출을 주도하는 등 여전히 탁월한 지도력을 발휘하고 있다. 김동수는 LG를 상징하는 역대 최고의 포수 중 한 명으로, 1990년대 팀의 전성기를 이끌며 두 차례의 우승(1990, 1994년)을 일궈냈다. 1990년 신인왕 수상을 시작으로 통산 7차례 포수 부문 골든글러브를 차지하며 독보적인 커리어를 쌓았다. 특히 넓은 잠실야구장을 홈으로 사용하면서도 통산 202홈런을 기록할 만큼 장타력을 겸비했으며, 투수 김용수와 함께 LG의 황금기를 이끈 주역으로 평가받는다. 현재는 모교인 서울고등학교 야구부 감독을 맡아 차세대 야구 인재 육성에 힘쓰고 있다. 한편 이번 올스타전 애국가는 대한민국 대표 보컬리스트이자 ‘R&B의 요정’ 가수 박정현이 맡는다. 박정현은 지난 2011년 잠실 올스타전에서도 애국가를 제창한 바 있다. 이어 대한민국 공군 특수비행팀 ‘블랙이글스’가 하늘을 가르는 에어쇼를 펼치며 2026 신한 SOL KBO 올스타전의 화려한 시작을 알릴 예정이다. [이한주 MK스포츠 기자] [ⓒ MK스포츠, 무단전재 및 재배포 금지]",https://v.daum.net/v/HOymhRQ9J3
2026.07.11 11:09,실축했다고 '살해 협박'…귀국도 못한 콜롬비아 미드필더,한국경제,"2026 북중미 월드컵 16강전에서 득점 기회를 살리지 못한 콜롬비아 축구 대표 선수가 살해 협박을 받아 귀국하지 못하는 일이 발생했다. 콜롬비아축구협회는 11일(한국 시각) ""스위스와의 경기 이후 하민톤 캄파스(26)와 그의 가족을 향해 가해진 생명과 신변에 대한 협박을 강력 규탄한다""고 밝혔다. 이어 ""어떤 선수도, 그 가족과 주변 사람들도 국가를 대표해 스포츠 무대에 섰다는 이유만으로 협박이나 위협의 대상이 돼선 안 된다""고 강조했다. 또 ""협회는 캄파스와 그의 가족, 콜롬비아 국가대표 선수단에 연대와 지지를 보낸다""면서 수사당국을 향해 ""이번 사건의 책임자를 밝혀내 처벌할 수 있도록 조속히 필요한 수사를 해달라""고 요청했다. 콜롬비아는 지난 8일 북중미 월드컵 16강전에서 스위스와 0대0으로 연장전까지 마친 뒤 승부차기에서 패배했다. 3-4로 아쉽게 8강행이 무산된 것이다. 아르헨티나 프로팀 로사리오 센트랄에서 뛰는 2000년생 콜롬비아 미드필더 캄파스는 당시 후반 21분 교체로 투입됐다. 캄파스는 연장 후반 5분 상대 선수의 치명적인 패스 실패로 골키퍼와 일대일로 맞서는 결정적 기회를 잡았다. 그러나 이어진 왼발 슈팅이 골문을 크게 벗어났고 승부차기 세 번째 키커로 나서 득점했다. 하지만 경기 후 캄파스의 소셜미디어(SNS) 계정에는 그와 그의 가족을 겨냥한 살해 협박 댓글이 이어졌다. AP통신에 따르면 캄파스는 신변 안전을 우려해 대표팀 동료들과 함께 귀국하는 항공편에도 탑승하지 않았다. 결국 캄파스는 SNS에 웅크리고 앉아 괴로워하는 자신의 사진과 함께 과도한 비난을 자제해달라고 호소하는 글을 게시했다. 그는 ""콜롬비아 국민으로서 느끼는 슬픔이 얼마나 큰지 잘 알고 있다""며 ""모두가 바랐던 기쁨을 전해드리지 못해 진심으로 죄송하다""고 고개를 숙였다. 그러면서 ""서로에 대한 존중만큼은 절대 잃지 말아달라. 우리는 서로 다른 생각을 할 수도 있고, 좌절과 슬픔을 느낄 수도 있다""며 ""하지만 어떤 열정도 증오를 정당화하거나, 누군가를 두려움 속에서 살아가게 할 수는 없다""고 덧붙였다. 과거 콜롬비아는 자국 선수가 월드컵에서의 부진으로 피살당하는 사건이 이미 한 차례 벌어진 바 있다. 1994 미국 월드컵 당시 수비수 안드레스 에스코바르가 개최국 미국과의 조별리그 경기에서 자책골을 넣었고, 콜롬비아는 1대2로 패배했다. 결과적으로 콜롬비아는 조별리그에서 탈락해 일치감치 짐을 싸야했다. 당시 에스코바르는 콜롬비아 팬들로부터 엄청난 비난을 받았고, 귀국 후 고향인 안티오키아주 메데인에서 총격을 당해 숨졌다. 김희선 한경닷컴 기자 gimme_sun@hankyung.com",https://v.daum.net/v/qFlIqCsATl
2026.07.11 11:07,"전반기 1위로 마친 삼성, 최지광 팔꿈치 부상 이탈 비보…최대 6주 결장",스포츠경향,전반기를 1위로 마친 삼성에 비보가 전해졌다. 삼성은 11일 “지난 8일 1군 엔트리에서 말소된 최지광이 병원 검진 결과 오른쪽 팔꿈치 굴곡근과 회내근 손상 진단을 받았다”라고 전했다. 이어 “6주간 재활 소견이며 우선 4주 후에 재검진을 받을 예정”이라고 밝혔다. 최지광은 지난 1일 대구 LG전에서 1이닝 3안타 무사사구 1삼진 무실점을 기록한 뒤 다음날 이상 증세로 1군 엔트리에서 말소됐다. 2024년 9월 팔꿈치 인대 손상으로 수술대애 올랐던 최지광은 재활을 거친 뒤 올 시즌 다시 전력에 합류했다. 개막 엔트리에 이름을 올린 최지광은 4월 19일 허리 통증으로 부상자 명단에 이름을 올렸다. 회복을 마친 뒤 지난 5월 19일 1군 선수단에 합류한 최지광은 이후 삼성 마운드를 지켰다. 하지만 전반기 종료 후 다시 부상으로 자리를 비우게 됐다. 올 시즌 25경기에서 22이닝 8실점(6자책) 평균자책 2.45를 기록 중이었다. 삼성은 51승 2패 32패 승률 0.614로 전반기를 1위로 마무리했다. 김하진 기자 hjkim@kyunghyang.com,https://v.daum.net/v/QnBHprEo7J
2026.07.11 11:04,삼성 날벼락! 필승조 최지광 6주 OUT → 우측 팔꿈치 근육 손상,스포츠조선,[스포츠조선 한동훈 기자] 삼성 라이온즈 필승조 최지광이 팔꿈치 근육을 다쳤다. 삼성은 11일 '최지광이 병원 검진 결과 오른쪽 팔꿈치 굴곡근과 회내근 손상(G-1) 진단을 받았다'고 공식 발표했다. 최지광은 8일 1군에서 말소됐다. 삼성은 중요한 시기에 주요 전력을 잃었다. 최지광은 불펜 핵심 요원이다. 올해 25경기 22이닝 4승 8홀드 1세이브 평균자책점 2.45를 기록했다. 최근 9경기 연속 무실점 행진하며 삼성의 선두 탈환에 큰 힘을 보탰다. 최지광은 최소 6주 결장한다. 삼성은 '약 6주간 재활 소견이다. 우선 4주후 재검진을 받을 예정'이라고 밝혔다. 경기력 및 실전 감각 회복 과정까지 고려하면 9월은 돼야 1군에서 볼 수 있을 전망이다. 한동훈 기자 dhhan@sportschosun.com,https://v.daum.net/v/KsYtqCsAFu
2026.07.11 10:57,"[오피셜] '26홈런 40세이브' 방출 당한 베테랑 울산행! → ""좋은 ...",스포츠조선,"[스포츠조선 한동훈 기자] 울산 웨일즈가 하재훈을 영입했다. 울산은 11일 베테랑 외야수 하재훈을 영입해 풍부한 경험과 파워를 보강했다고 공식 발표했다. 하재훈은 6월 30일 전 소속팀 SSG 랜더스에서 방출됐다. 하재훈은 투수에서 타자로 변신해 성공한 사례로 유망하다. 하재훈은 프로 통산 26홈런 40세이브를 기록했다. 미국 무대 도전 이후 2019년 KBO리그 데뷔 첫해에 36세이브로 구원왕에 올랐다. 국가대표로도 활약했다. 이후 어깨 부상으로 다시 야수로 전향했다. 2022년부터 2025년까지 1군에서 꾸준히 활약하며 통산 26개의 홈런을 기록했다. 장원진 울산 감독은 ""하재훈은 풍부한 경험과 뛰어난 장타 능력을 갖춘 선수다. 젊은 선수들에게 좋은 본보기가 될 수 있으며, 아직 충분히 경쟁력이 있다고 판단했다""고 영입 배경을 설명했다. 하재훈 역시 ""몸 상태는 좋다. 힘과 스피드 모두 자신 있다""며 ""다시 한 번 기회를 주신 울산 웨일즈 구단에 진심으로 감사드리고 저를 믿고 선택해 주신 만큼 처음부터 다시 시작한다는 각오로 최선을 다하겠다. 개인적인 목표보다 팀의 우승이 가장 중요하고 생각한다. 울산 웨일즈와 함께 반드시 우승을 이루고 싶다""라고 각오를 다졌다. 울산은 젊은 선수단에 경험과 장타력을 더할 수 있는 자원으로, 풍부한 1군 경험과 승부처에서의 해결 능력, 그리고 끊임없이 도전하는 자세가 남은 후반기 팀에 긍정적인 영향을 줄 것으로 기대하고 있다. 한동훈 기자 dhhan@sportschosun.com",https://v.daum.net/v/5QZwm6fz7d
2026.07.11 10:56,"무릎 부상 오타니, 올스타전 출전 포기…물 빼는 시술 예정",한겨레,"오타니 쇼헤이(로스앤젤레스 다저스)가 메이저리그 올스타전 출전을 포기했다. 전반기 마지막 선발 등판도 없다. 11일(한국시각) 에이피(AP) 등에 따르면, 오타니는 지속적인 왼쪽 무릎 통증 완화를 위해 애리조나 다이아몬드백스와 3연전(11~13일)이 끝난 뒤 왼쪽 무릎에 고인 물을 빼는 시술을 받을 예정이다. 오타니는 원래 이날 선발 등판할 예정이었으나 무릎 통증이 더 악화되는 것을 막기 위해 다저스는 불펜 데이로 변경했다. 오타니는 최소 한 달 전부터 무릎 부상에 시달리고 있던 것으로 알려졌다. 데이브 로버츠 다저스 감독은 이날 경기 전 “오타니는 이 상황에 대해 꽤 잘 관리해 왔다”면서 “올스타 브레이크 기간 무릎 치료에 전념하면서 휴식을 취할 것”이라고 했다. 오타니는 전반기 남은 경기 동안 타자로는 출전한다. 오타니는 올 시즌 투수로 14경기에 선발 등판해 8승2패 평균자책점 1.79의 성적을 냈고, 타자로는 89경기에서 타율 0.290, 20홈런, 56타점, OPS(출루율+장타율) 0.939의 성적을 기록하고 있었다. 다만, 무릎 통증 때문인지 최근 4경기 선발 등판에서는 24⅔이닝 동안 12자책점(평균자책점 4.38)을 기록했다. 앞선 10경기 선발 등판에서 5자책점으로 막은 것과 비교된다. 초반 10경기까지 그의 평균자책점은 0.74에 불과했었다. 오타니는 올스타전 팬 투표에서 양대 리그 최다 득표의 영예를 안았었다. 내셔널리그 지명타자로 통산 6번째 올스타전 출전을 앞두고 있었지만 부상 치료로 불참하게 됐다. 올해 메이저리그 올스타전은 15일 필라델피아 필리스 홈구장인 펜실베이니아주 필라델피아 시티즌스 뱅크 파크에서 열린다. 김양희 기자 whizzer4@hani.co.kr",https://v.daum.net/v/q9I8PXYCIa
2026.07.11 10:41,"“스캠부터 약팀 평가, 뒤집고 싶었다” KIA 건성범은 4년만이야…독 품...",마이데일리,"[마이데일리 = 김진성 기자] “(나)성범이가 굉장히 힘든 시즌을 보냈는데…” KIA 타이거즈 캡틴 나성범은 지난 3년간 힘든 시간을 보냈다. 6년 150억원 FA 계약을 맺자마자 2022년 전 경기에 출전, 타율 0.320 21홈런 97타점 OPS 0.910을 기록했다. 모범 FA의 서막을 여는 듯하다. 그러나 2023년 58경기서 타율 0.365 18홈런 57타점 OPS 1.098, 2024년 102경기서 타율 0.291 21홈런 80타점 OPS 0.868에 그쳤다. 자세히 보면 2023년엔 종아리, 햄스트링 부상이 있었지만 출전한 경기서는 미친 듯한 퍼포먼스를 보여줬다. 2024년엔 역시 햄스트링 부상도 있었고, 시즌 막판엔 타격감을 많이 끌어올렸다. 최소한의 이름값은 했다. 물론 2023년과 2024년에도 전체 몸값에 어울리는 성적표는 아니었다. 그러나 작년은 최악이었다. 종아리부상이 재발했다. 82경기서 타율 0.268 10홈런 36타점 OPS 0.825에 그쳤다. 건강하게 그라운드에 뛴 시간은 2023년보다 길었지만, 성적이 안 나왔다. 나성범조차 스스로에게 너무 실망했다고 털어놨다. 김도영도 30경기밖에 못 뛰었고, 나성범도 부진했고, 외국인타자는 지지부진했다. 이러니 작년 KIA 타선이 제대로 돌아가지 못했다. 올해도 나성범은 시즌 초반엔 크게 고전했다. 그러나 5월을 기점으로 페이스를 계속 올려 좋은 전반기를 보냈다. 전반기 82경기서 288타수 85안타 타율 0.295 17홈런 49타점 47득점 OPS 0.912 득점권타율 0.339다. 부상이 없다. 4년만에 부상 없는 ‘건성범’ 시즌을 이어가고 있다. 아울러 KIA 입단 후 처음으로 30홈런을 칠 페이스다. NC 다이노스 시절이던 2021년 33홈런 이후 5년만의 도전이다. 타점도 80개 이상 충분히 가능할 듯하다. 전반기에 이미 작년 1년의 생산력을 넘어섰다. 특유의 어퍼스윙을 유지하면서 애버리지까지 챙긴다. 특히 야구통계사이트 스탯티즈 기준 조정득점생산력이 145.6으로 리그 7위다. 144.8의 최형우(삼성 라이온즈)를 따돌렸다. WAR도 2.72로 전체 24위다. 이 정도면 전성기 모습은 아니어도 충분히 몸값, 이름값에 걸맞은 전반기를 보냈다고 봐야 한다. 이범호 감독은 지난 9일 부산 롯데 자이언츠전을 앞두고 “성범이가 굉장히 힘든 시즌을 보냈는데 근래 부상 없이 잘 가고 있다”라고 했다. 나성범도 경기 후 ”연패를 끊을 수 있어 기분 좋은 경기였다. 모든 선수가 이기기 위해 최선을 다했고, 그 과정에서 달아나는 홈런을 칠 수 있어서 더욱 기쁘다. 패배를 했다면 안 좋은 분위기가 후반기 시작 때까지 나올 거라 생각해 어떻게든 연패를 끊으려고 했다”라고 했다. 그러면서 나성범은 “어려운 투수 최준용과의 상대였고 좋은 변화구를 가진 선수이기 때문에 내 스윙에만 집중했다. 타이밍 좋게 배트를 냈고 회전이 잘 이뤄져서 밀어 치는 홈런을 만들 수 있었다”라고 했다. 전반기를 돌아봤다. 나성범은 “길었던 전반기가 끝났다. 스프링캠프때부터 약팀이라는 평가를 받았기 때문에 그 평가를 뒤집고 싶었다. 주장으로서 선수들이 가진 능력을 믿고 있었고 그 능력만 잘 발휘된다면 좋은 결과는 따라올 거라 생각했다. 아직 만족하진 않는다. 후반기 무조건 더 높은 자리까지 올라갈 것이다. 더위와의 싸움이 본격적으로 시작된다. 나를 포함한 모든 선수가 지치지 않고 좋은 모습을 시즌 끝까지 보여드리고 싶다“라고 했다.",https://v.daum.net/v/0E9hXNoMse
2026.07.11 10:40,"'잠실 레전드' 박용택-김재호, 이구동성 ""새 야구장은 양팀 충분히 사용...",OSEN,"[OSEN=잠실, 홍지수 기자] 잠실야구장을 대표했던 두 레전드가 친정팀을 향한 응원과 함께 새롭게 들어설 잠실 돔구장에 대한 기대를 전했다. 프로야구 LG 트윈스 레전드 박용택과 두산 베어스 레전드 김재호가 10일 잠실야구장에서 열린 2026 퓨처스 올스타전 무대에서 만났다. 박용택과 김재호 모두 시구자로 나섰다. 박용택과 짝을 이룬 시타자는 LG 박해민, 두산 시타자는 정수빈이었다. 오랜만에 그라운드에서 팬들과 인사를 나눈 박용택과 김재호는 시구를 마치고 취재진을 만나 옛 기억을 떠올리면서, ‘잠실 마지막 시즌’에 아쉬운 기색을 보였다. 그러면서도 새롭게 탄생할 잠실야구장을 기대하며 바라는 점을 취재진을 통해 전했다. LG 트윈스의 프랜차이즈 스타 박용택은 잠실구장의 마지막 시즌을 맞아 친정팀이 최고의 마무리를 하길 바랐다. 그는 ""LG는 당연히 우승해야 한다""며 ""우승을 통해 진짜 '왕조'라는 말을 들을 수 있는 팀이 됐으면 좋겠다. 2020년대를 대표하는 팀이 LG가 되길 바란다""고 힘줘 말했다. 새롭게 들어설 잠실 돔구장에 대한 바람도 전했다. 박용택은 ""지금 잠실야구장은 LG와 두산 모두 선수 시설이 가장 열악한 구장 중 하나""라며 ""공간이 부족하다 보니 양 팀 사무실과 더그아웃, 라커룸까지 함께 사용하는 구조다. 불과 몇 년 전만 해도 복도에서 옷을 갈아입을 정도였다""고 돌아봤다. 이어 ""새 구장은 양 팀 선수들이 충분히 사용할 수 있는 넉넉한 시설이 마련됐으면 한다. 실내연습장은 물론이고 선수들이 부족함 없이 훈련하고 생활할 수 있는 환경이 조성됐으면 좋겠다""며 ""원정팀 선수들도 편안하게 사용할 수 있는 라커룸 등 최고의 시설을 갖춘 야구장이 되길 기대한다""고 말했다. 두산 베어스의 레전드 김재호도 친정팀을 향한 응원의 메시지를 전했다. 그는 ""김원형 감독님의 첫 시즌인 만큼 지금은 팀을 하나씩 만들어가는 과정이라고 생각한다""며 ""당장 우승을 바라보기보다는 가을야구에 진출할 수 있는 발판을 마련하는 시즌이 됐으면 좋겠다""고 밝혔다. 새 잠실구장에 대해서는 더 큰 비전을 제시했다. 김재호는 ""그동안 국내에서 한 구장을 두 팀이 함께 사용하는 사례는 흔하지 않았다""며 ""앞으로는 그런 환경도 하나의 문화로 자리 잡을 시기라고 생각한다""고 말했다. 이어 ""이제는 우리가 해외 야구장을 견학하러 가는 것이 아니라 외국에서 우리나라 야구장을 배우러 올 수 있을 정도의 멋진 돔구장이 만들어졌으면 좋겠다""며 ""한국 야구를 대표하는 상징적인 구장이 되길 기대한다""고 전했다. /knightjisu@osen.co.kr",https://v.daum.net/v/9SGBPXYCh7
2026.07.11 10:38,"오러클린과 작별했다 MLB 통산 32승 투수 영입…삼성, 페덱 영입 후반...",마이데일리,"[마이데일리 = 류한준 기자] 프로야구 삼성 라이온즈가 후반기 일정 재개를 앞두고 승부수를 던졌다. 새로운 외국인 선수를 영입했다. 삼성은 크리스 페덱과 계약했다고 11일 공식 발표했다. 부상 대체 외국인 선수로 팀 선발진 한 축을 맡고 있던 잭 오러클린과 연장 계약을 선택하는 대신 최근까지 메이저리그(MLB)에서 뛴 경력이 있는 페덱과 계약했다. 페덱은 올 시즌 마이애미 말린스, 신시내티 레즈, 텍사스 레인저스를 거쳤는데 최근 등판은 지난 달(6월) 30일 열린 클리블랜드 가디언스전으이다. 그는 당시 텍사스 소속으로 두 번째 투수로 마운드 위로 올라가 4이닝 동안 7피안타(1피홈런) 1삼진 2실점했다. 텍사스는 당시 클리블랜드에 6-3으로 이겼고 페덱은 홀드는 기록하지 않았다. 그는 신장 196㎝ 몸무게 98㎏라는 체격 조건을 갖췄다. 1996년생으로 2019년 샌디이에고 파드리스 유니폼을 입고 MLB에 데뷔했다. 2022년 미네소타 트윈스로 이적해 2024년까지 뛰었다. 지난해(2025년)에는 시즌 도중 디트로이트 타이거스로 이적했다. 지금까지 MLB 개인 통산 성적은 132경기(선발 등판 119경기)에 나와 32승 43패 평균자책점 4.83 이닝당 출루허용률(WHIP) 1.26이다. 마이너리그 성적은 통산 40경기(선발 35경기) 13승 7패 평균자책점 1.92 WHIP 0.82다. 삼성 구단은 ""페덱은 다양한 구종을 갖췄다. MLB 통산 9이닝당 탈삼진 8.02개, 9이닝당 볼넷 2.04개를 기록했다""며 ""국내에서 메디컬테스트를 마쳤고 조만간 선수단에 합류할 예정""이라고 전했다. 페덱은 구단을 통해 ""어느 리그에서든 프로야구는 많이 이겨야 하는 스포츠""라며 ""1위 경쟁을 하고 있는 삼성 구단이 매력적으로 느껴졌다. 팀 전통과 팬들의 열정에도 끌렸다""고 소감을 밝혔다. 그러면서 ""샌디에이고에서 김하성(현 애틀랜타 브레이브스)과 함께 뛴 경험이 있어 KBO리그에 대해서도 어느 정도 알고 있다. 새로 만나게 되는 삼성 선수들과도 많은 걸 나누고 싶다""고 덧붙였다. 페덱 영입으로 오러클린은 KBO리그를 떠나게 됐다. 오라클린은 맷 매닝이 부상을 당하자 대체 선수로 삼성과 계약했다. 그는 그동안 17경기에 나와 83.1이닝을 소화했고 5승 5패 평균자책점 4.86를 기록했다. 류한준 기자 hantaeng@mydaily.co.kr",https://v.daum.net/v/ygZ0EVKpO7
2026.07.11 10:38,"'1위' 삼성에 덮친 부상 악재, '필승조' 최지광 팔꿈치 부상으로 4~...",일간스포츠,"삼성 라이온즈의 불펜에 악재가 덮쳤다. 필승조 최지광이 팔꿈치 부상으로 한 달 이상 결장한다. 삼성 구단 관계자는 11일, ""최지광이 병원 검진 결과 오른쪽 팔꿈치 굴곡근과 회내근 손상(그레이드 1) 진단을 받았다""라고 전했다. 최지광은 6주간 재활 소견을 받았다. 구단은 최지광이 4주 후 재검진을 받을 예정이라고 전했다. 최지광은 올 시즌 삼성의 필승조로서 25경기에 출전, 4승 무패 8홀드 1세이브 평균자책점 2.45를 기록했다. 하지만 지난 7일 대구 LG 트윈스전 이후 팔꿈치 통증을 호소하며 이튿날(8일) 말소됐고, 결국 재활 훈련 소견을 받았다. 윤승재 기자 yogiyoon@edaily.co.kr",https://v.daum.net/v/2fgCQZGhrf
2026.07.11 10:38,"'김하성 前 동료 온다'… 삼성, 'MLB 32승' 페덱 영입→오러클린과...",스포츠한국,"[스포츠한국 심규현 기자] 삼성 라이온즈가 교체 외국인투수 크리스 페덱을 영입했다. 삼성은 11일 ""부상 대체 외국인선수로 뛰어온 잭 오러클린과의 계약 연장 대신 최근까지 메이저리그에서 뛴 오른손투수 페덱에게 선발 마운드의 한 축을 맡도록 할 계획""이라며 ""페덱은 47만3333달러의 조건에 라이온즈 유니폼을 입게 됐다""고 밝혔다. 만 30세, 키 1m96, 몸무게 98kg의 체격을 갖춘 페덱은 메이저리그 통산 132경기(선발 119경기)에서 32승43패, 평균자책점 4.83, 이닝당 출루허용률(WHIP) 1.26을 기록했다. 마이너리그에선 통산 40경기(선발 35경기), 13승7패, 평균자책점 1.92, WHIP 0.82의 성적을 남겼다. 다양한 구종을 갖춘 페덱은 메이저리그 통산 9이닝당 탈삼진 8.02개, 9이닝당 볼넷 2.04개를 기록했다. 페덱은 국내에서 메디컬테스트를 마쳤고 조만간 팀에 합류할 예정이다. 계약서에 사인을 마친 페덱은 ""어떤 리그에서든 프로야구는 많이 이겨야 하는 스포츠다. 그런 면에서 1위 경쟁을 하고 있는 삼성 라이온즈가 매력적으로 느껴졌다. 이 팀의 전통과 팬들의 열정에도 끌렸다""고 입단 소감을 밝혔다. 이어 페덱은 ""샌디에이고 파드리스에서 김하성과 함께 뛴 경험이 있어 KBO리그에 대해서도 어느 정도 알고 있다. 라이온즈의 선수들과 많은 걸 나누고 싶다""고 덧붙였다. 한편 맷 매닝의 부상 대체 선수로 입단했던 잭 오러클린은 KBO리그 17경기에서 5승5패, 평균자책점 4.86의 성적을 남겼다. 스포츠한국 심규현 기자 simtong96@sportshankook.co.kr",https://v.daum.net/v/8OsGLu0HWf
2026.07.11 10:36,"'후반기 위해 쉰다' 삼성 최지광, 팔꿈치 근육 손상 진단…6주 재활·4...",OSEN,"[OSEN=손찬익 기자] 프로야구 삼성 라이온즈 필승조의 핵심 멤버 최지광이 잠시 쉼표를 찍는다. 오른쪽 팔꿈치 근육 손상 진단을 받은 최지광은 후반기 복귀를 목표로 재활에 돌입한다. 삼성은 11일 ""지난 8일 1군 엔트리에서 말소된 최지광이 병원 정밀 검진 결과 오른쪽 팔꿈치 굴곡근과 회내근 손상(G-1) 진단을 받았다""며 ""약 6주간 재활이 필요하다는 소견을 받았고, 우선 4주 뒤 재검진을 받을 예정""이라고 발표했다. 최지광은 지난 8일 대구 LG 트윈스전을 앞두고 1군 엔트리에서 제외됐다. 당시 박진만 감독은 ""굴곡근에 약간의 불편함이 있다. 정규시즌 전반기가 얼마 남지 않은 만큼 후반기를 대비하는 차원에서 엔트리를 조정했다""고 설명했다. 검진 결과 수술이 필요한 큰 부상은 아닌 근육 손상(G-1)으로 확인됐다. 최지광은 재활과 치료에 집중한 뒤 몸 상태를 끌어올릴 계획이다. 최지광은 올 시즌 25경기에 등판해 4승 1세이브 8홀드 평균자책점 2.45를 기록하며 삼성 필승조의 한 축을 담당했다. 안정적인 투구를 이어온 만큼 후반기 복귀 시 불펜에 큰 힘이 될 것으로 기대된다. /what@osen.co.kr",https://v.daum.net/v/3Yy7m6fzCG
2026.07.11 10:31,"‘전반기 1위’ 삼성, 선발 페덱 영입…‘대권 도전’ 승부수",한겨레,"삼성 라이온즈가 확실한 대권 도전을 위해 승부수를 던졌다. 삼성은 부상 대체 외국인 선수로 뛰어온 잭 오러클린과의 계약 연장 대신, 최근까지 메이저리그 무대를 누빈 오른손 투수 크리스 페덱(30)을 총액 47만3333달러의 조건으로 영입했다고 11일 밝혔다. 엘지(LG) 트윈스를 상대로 승리하면서 1위로 전반기를 마친 삼성이 후반기 더 큰 도약을 위해 확실한 외국인 선발 투수를 수혈한 것이다. 새롭게 사자 유니폼을 입게 된 페덱은 키 1m96, 몸무게 98㎏의 체격을 갖춘 오른손 정통파 투수다. 메이저리그 통산 132경기(선발 119경기)에 출전해 32승43패, 평균자책점 4.83, WHIP(이닝당 출루허용률) 1.26을 기록한 확실한 선발 자원이다. 마이너리그에서는 통산 40경기(선발 35경기) 동안 13승7패, 평균자책점 1.92, WHIP 0.82라는 빼어난 성적을 남겼다. 페덱은 다양한 구종과 함께 정교한 제구력을 겸비했다. 빅리그 통산 9이닝당 탈삼진 8.02개, 9이닝당 볼넷은 단 2.04개에 불과할 정도로 안정적인 경기 운영 능력이 돋보인다. 국내에서 메디컬 테스트를 무사히 마친 페덱은 조만간 팀에 합류해 본격적인 선발 로테이션을 소화할 예정이다. 페덱은 구단을 통해 “어떤 리그에서든 프로야구는 많이 이겨야 하는 스포츠다. 그런 면에서 현재 1위 경쟁을 펼치며 가장 높은 곳에 있는 삼성 라이온즈가 매우 매력적으로 느껴졌다”며 “이 팀의 깊은 전통과 팬들의 뜨거운 열정에도 깊이 끌렸다”고 입단 소감을 전했다. 한국 무대 적응에 대해서도 자신감을 드러냈다. 페덱은 “샌디에이고 파드리스 시절 김하성과 함께 뛴 경험이 있어 KBO리그에 대해서도 어느 정도 알고 있다. 라이온즈 동료들과 많은 것을 나누며 팀의 우승에 기여하고 싶다”고 덧붙였다. 한편, 맷 매닝의 부상 대체 선수로 합류해 전반기 선두 수성에 힘을 보탰던 잭 오러클린은 KBO리그 17경기에서 5승5패, 평균자책점 4.86의 성적을 남긴 채 삼성과의 동행을 마치게 됐다. 김양희 기자 whizzer4@hani.co.kr",https://v.daum.net/v/7GWBOQ8BIv
2026.07.11 10:29,류지현호 첫 상대는 왕옌청? AG 야구 일정 확정…'사회인 대표' 일본은...,스포티비뉴스,"[스포티비뉴스=신원철 기자] 한국 야구 대표팀의 아시안게임 조편성과 일정이 확정됐다. 첫 경기에서 왕옌청(한화 이글스)의 차출을 검토하고 있는 대만을 만난다. 일본과는 조가 나뉘었다. 한일전은 슈퍼라운드에서 열리게 됐다. 아시안게임 조직위원회는 10일 야구 종목 조편성과 세부 일정을 발표했다. 한국은 대만 홍콩 태국과 B조에 속했다. A조는 일본 중국 필리핀 팔레스타인으로 이뤄졌다. #아시안게임 한국 일정 9월 21일 저녁 6시 30분 대만전 9월 22일 저녁 6시 30분 홍콩전 9월 23일 낮 12시 태국전 9월 24일 휴식일 9월 25일 슈퍼라운드 9월 26일 슈퍼라운드 9월 27일 메달 결정전 한국은 21일 저녁 6시 30분 오카자키구장에서 대만을 상대한다. 22일 저녁 6시 30분에는 도요하시구장에서 홍콩을, 23일 낮 12시에는 오카자키구장에서 태국과 경기를 치른다. 대만은 한화에서 아시아쿼터로 활약하고 있는 왼손투수 왕옌청의 대표팀 차출을 검토하고 있는 것으로 알려졌다. 21일 한국전 선발투수가 27일 메달 결정전까지 책임질 가능성이 큰 일정이라 왕옌청이 한국 타자들을 상대할 가능성도 배제할 수 없다. 오프닝라운드 성적에 따라 상위 2개 팀이 슈퍼라운드에 진출한다. 슈퍼라운드 성적을 합해 순위 결정전 매치업이 결정된다. 상위 2개 팀은 금메달 결정전(결승전), 다음 2개 팀은 동메달 결정전(3, 4위전)에 나선다. 한일전은 한국과 일본이 모두 각 조 1위일 경우(도요하시구장)나 각 조 2위일 경우(오카자키구장) 25일 저녁 6시 30분에 열린다. 한국이 B조 1위, 일본이 A조 2위이거나(이 경우 도요하시구장) 일본이 A조 1위, 한국이 B조 2위일 때(이 경우 오카자키구장)는 26일 저녁 6시 30분에 한일전이 펼쳐진다. 일본은 아시안게임에 사회인 대표팀을 내보낸다. 프로 지명이 기대되는 왼손투수 히구치 신(오지), 우타거포 외야수 후지사와 료스케(도쿄가스) 등이 포함됐다. #2026 아시안게임 야구 대표팀 최종 명단(*은 와일드카드) 투수 11명 김영우 조병현 배찬승 박영현 소형준 오원석 최준용 김진욱 성영탁 곽빈* 최민석 포수 2명 조형우 김건희 내야수 7명 문보경* 노시환* 정준재 이재현 김주원 김도영 박준순 외야수 4명 문현빈 김지찬 윤동희 박재현 <저작권자 ⓒ SPOTV NEWS. 무단전재 및 재배포 금지>",https://v.daum.net/v/H08fvJRfWv
2026.07.11 10:28,"삼성, ML 32승 투수 품었다!…오러클린과 이별→전 김하성 동료 크리스...",스포티비뉴스,"[스포티비뉴스=최원영 기자] 삼성 라이온즈가 승부수를 띄웠다. 삼성은 11일 ""새 외국인 투수로 크리스 페덱(30)을 영입했다""며 ""부상 대체 외국인 선수로 뛰어온 잭 오러클린과의 계약 연장 대신 최근까지 메이저리그에서 뛴 우완투수 페덱에게 선발진의 한 축을 맡길 계획이다""고 공식 발표했다. 페덱은 47만3333달러(약 7억1000만원)의 조건에 합의하며 삼성 유니폼을 입게 됐다. 키 196cm, 몸무게 98kg의 체격을 갖춘 페덱은 2019년 샌디에이고 파드리스 소속으로 메이저리그에 데뷔했다. 이후 미네소타 트윈스, 디트로이트 타이거스, 마이애미 말린스, 신시내티 레즈, 텍사스 레인저스 등을 거쳤다. 메이저리그서 올해까지 통산 8시즌 동안 132경기(선발 119경기) 638⅔이닝에 등판해 32승43패 평균자책점 4.83, 탈삼진 569개, 이닝당 출루허용률(WHIP) 1.26 등을 기록했다. 다양한 구종을 갖춘 페덱은 메이저리그 통산 9이닝당 탈삼진 8.02개, 9이닝당 볼넷 2.04개를 만들었다. 마이너리그에선 통산 40경기(선발 35경기) 187⅓이닝서 13승7패 평균자책점 1.92, 탈삼진 245개, WHIP 0.82 등을 선보였다. 페덱은 국내에서 메디컬테스트를 마쳤으며 조만간 삼성에 합류할 예정이다. 계약서에 사인을 마친 페덱은 ""어떤 리그에서든 프로야구는 많이 이겨야 하는 스포츠다. 그런 면에서 1위 경쟁을 하고 있는 삼성이 매력적으로 느껴졌다. 이 팀의 전통과 팬들의 열정에도 끌렸다""고 입단 소감을 밝혔다. 이어 ""샌디에이고에서 김하성(현 애틀랜타 브레이브스)과 함께 뛴 경험이 있어 KBO리그에 대해서도 어느 정도 알고 있다. 삼성 선수들과 많은 걸 나누고 싶다""고 덧붙였다. 김하성은 2021년부터 2024년까지 샌디에이고에 몸담았다. 페덱과는 2021년 한솥밥을 먹었다. 삼성은 2026시즌을 앞두고 새 외인 투수로 맷 매닝을 낙점했다. 하지만 매닝은 올해 스프링캠프 막바지 연습경기에 등판한 뒤 오른쪽 팔꿈치 인대 급성 파열로 이탈했다. 삼성은 매닝의 부상에 따른 단기 대체 외인으로 호주 국가대표 출신인 오러클린을 택했다. 6주간 5만 달러(약 7500만원)에 계약했다. 오러클린은 3월 28일 개막 엔트리에 승선한 뒤 꾸준히 투구를 이어갔다. 가능성을 내비치며 두 차례 연장 계약에 성공했다. 각각 3만 달러(약 4500만원)와 10만 달러(약 1억5000만원)에 합의하며 계약 기간을 7월 16일까지 늘렸다. 삼성에서 받게 된 총액은 18만 달러(약 2억7000만원)가 됐다. 실력은 물론 인성 면에서도 합격점을 받았지만 최근 체력 문제를 겪었다. 오러클린은 지난해 11월부터 호주리그에서 뛰었다. 지난 3월에는 호주 대표팀 소속으로 2026 월드베이스볼클래식(WBC) 대회에도 출전했다. 겨울부터 약 9개월 동안 계속해서 투구해 체력적 한계에 도달한 듯했다. 실제로 오러클린은 지난 6월 30일 NC 다이노스전서 2⅔이닝 6피안타 3볼넷 1사구 3탈삼진 7실점, 7월 8일 LG 트윈스전서 3⅔이닝 10피안타 4탈삼진 5실점으로 고전했다. 결국 삼성은 오러클린과 결별을 택했다. 지난 10일 한국야구위원회(KBO)는 매닝을 웨이버, 오러클린을 자유계약선수로 공시했다. 오러클린의 올 시즌 성적은 17경기 83⅓이닝 5승5패 평균자책점 4.86이다. <저작권자 ⓒ SPOTV NEWS. 무단전재 및 재배포 금지>",https://v.daum.net/v/45fauswaho
2026.07.11 10:27,"[공식] ‘매닝·오러클린과 결별’ 삼성, ML 통산 32승 페덱 영입…“...",스포츠서울,"[스포츠서울 | 이소영 기자] 전반기를 1위로 마친 삼성이 후반기 선두 수성을 위해 외국인 투수 교체 카드를 꺼내 들었다. 부상 대체 외국인 선수 잭 오러클린(26)과 결별하고, 메이저리그(ML) 출신 오른손 투수 크리스 페덱(30)을 새롭게 영입했다. 삼성은 “교체 외국인투수 크리스 페덱과 47만 3333달러에 계약했다”고 11일 밝혔다. 맷 매닝의 부상 대체 외국인 선수로 합류했던 오러클린과 계약을 연장하지 않기로 했다. 대신 최근까지 ML에서 활약한 페덱에게 선발진의 한 축을 맡길 계획이다. 신장 196ｍ, 몸무게 98㎏의 체격을 갖춘 페덱은 빅리그 통산 132경기(선발 119경기)에 등판해 32승43패, 평균자책점 4.83, WHIP(이닝당 출루 허용률) 1.26을 기록했다. 마이너리그에선 통산 40경기(선발 35경기)에서 13승7패, 평균자책점 1.92, WHIP 0.82의 성적을 남겼다. 다양한 구종을 구사하는 페덱은 ML 통산 9이닝당 삼진 8.02개, 9이닝당 볼넷 2.04개를 마크했다. 국내에서 메디컬테스트를 마친 그는 조만간 팀에 합류할 예정이다. 페덱은 “어떤 리그에서든 프로야구는 많이 이겨야 하는 스포츠다. 그런 면에서 1위 경쟁을 하는 삼성이 매력적으로 느껴졌다”며 “이 팀의 전통과 팬들의 열정에도 끌렸다”고 입단 소감을 전했다. 이어 “샌디에이고에서 김하성과 함께 뛴 경험이 있어 KBO리그에 대해서도 어느 정도 알고 있다”며 “삼성 선수들과 많은 걸 나누고 싶다”고 덧붙였다. 한편 오러클린은 KBO리그 17경기에서 5승5패, 평균자책점 4.86을 기록한 뒤 팀을 떠나게 됐다. sshong@sportsseoul.com",https://v.daum.net/v/qRd3c9B3vZ
2026.07.11 10:26,"'SSG 방출' 하재훈, 울산 입단…""힘과 스피드 자신 있어""",뉴스1,"(서울=뉴스1) 서장원 기자 = 프로야구 울산 웨일즈가 SSG 랜더스에서 방출된 베테랑 외야수 하재훈(36)을 영입했다고 11일 밝혔다. 하재훈은 최근 SSG에서 방출된 후 현역 연장 의지를 밝혔다. 울산은 그의 장타력과 풍부한 경험을 높이 평가해 영입을 결정했다. 미국 무대 도전 이후 2019년 KBO리그 데뷔 첫해에 36세이브로 구원왕에 오른 하재훈은 태극마크를 달고 국가대표로도 활약했다. 이후 어깨 부상으로 다시 야수로 전향한 뒤에도 2022년부터 2025년까지 1군에서 꾸준히 활약하며 통산 26개의 홈런을 기록하는 등 장타력을 보여줬다. 장원진 울산 감독은 ""하재훈은 풍부한 경험과 뛰어난 장타 능력을 갖춘 선수다. 젊은 선수들에게 좋은 본보기가 될 수 있으며, 아직 충분히 경쟁력이 있다고 판단했다""고 영입 배경을 설명했다. 하재훈은 ""몸 상태는 좋다. 힘과 스피드 모두 자신 있다""며 ""다시 한번 기회를 주신 울산 웨일즈 구단에 진심으로 감사드리고 저를 믿고 선택해 주신 만큼 처음부터 다시 시작한다는 각오로 최선을 다하겠다""고 소감을 전했다. 이어 ""개인적인 목표보다 팀의 우승이 가장 중요하고 생각한다. 울산 웨일즈와 함께 반드시 우승을 이루고 싶다""고 각오를 다졌다. 울산은 ""하재훈은 젊은 선수단에 경험과 장타력을 더할 수 있는 자원으로, 풍부한 1군 경험과 승부처에서의 해결 능력, 그리고 끊임없이 도전하는 자세가 남은 후반기 팀에 긍정적인 영향을 줄 것으로 기대한다""고 밝혔다. superpower@news1.kr",https://v.daum.net/v/qTqjprEoHz
2026.07.11 10:25,"울산, SSG에서 방출된 하재훈 전격 영입 ""아직 충분히 경쟁력 있다고 ...",마이데일리,"[마이데일리 = 김진성 기자]울산 웨일즈가 전 SSG 랜더스 외야수 하재훈(36)을 영입했다. 울산은 11일 ""하재훈은 최근 SSG에서 자유계약으로 풀린 뒤 현역 연장 의지를 밝히며 새 둥지를 물색했고, 울산은 그의 장타력과 풍부한 경험을 높이 평가해 영입을 결정했다. 미국 무대 도전 이후 2019년 KBO리그 데뷔 첫해에 36세이브로 구원왕에 올랐고, 국가대표로도 활약했다. 이후 어깨 부상으로 다시 야수로 전향한 뒤에도 2022년부터 2025년까지 1군에서 꾸준히 활약하며 통산 26개의 홈런을 기록하는 등 장타력을 보여줬다""라고 했다. 장원진 감독은 ""하재훈은 풍부한 경험과 뛰어난 장타 능력을 갖춘 선수다. 젊은 선수들에게 좋은 본보기가 될 수 있으며, 아직 충분히 경쟁력이 있다고 판단했다""고 영입 배경을 설명했다. 하재훈 역시 “몸 상태는 좋다. 힘과 스피드 모두 자신 있다”며 ""다시 한 번 기회를 주신 울산 웨일즈 구단에 진심으로 감사드리고 저를 믿고 선택해 주신 만큼 처음부터 다시 시작한다는 각오로 최선을 다하겠다. 개인적인 목표보다 팀의 우승이 가장 중요하고 생각한다. 울산 웨일즈와 함께 반드시 우승을 이루고 싶다”라고 각오를 다졌다. 울산은 ""젊은 선수단에 경험과 장타력을 더할 수 있는 자원으로, 풍부한 1군 경험과 승부처에서의 해결 능력, 그리고 끊임없이 도전하는 자세가 남은 후반기 팀에 긍정적인 영향을 줄 것으로 기대하고 있다""라고 했다.",https://v.daum.net/v/zw5TQZGhIi
2026.07.11 10:24,"프로야구 SSG서 방출된 하재훈, 시민구단 울산서 새 출발",연합뉴스,"(서울=연합뉴스) 김경윤 기자 = 프로야구 시민구단 울산 웨일즈가 최근 SSG 랜더스에서 방출된 외야수 하재훈을 영입했다. 울산 구단은 11일 ""하재훈은 자유계약선수로 풀린 뒤 현역 연장 의지를 밝히며 새 둥지를 물색했고, 울산은 그의 장타력과 풍부한 경험을 높이 평가해 영입을 결정했다""고 전했다. 하재훈은 미국프로야구 마이너리그와 일본프로야구에서 야수로 활약하다 2019년 SSG의 전신인 SK 와이번스에 입단한 뒤 투수로 뛰며 그해 구원 1위(36세이브)에 올랐다. 그러나 이후 어깨 부상으로 고전했고, 2022년 타자로 전향했다. 하재훈은 KBO리그 통산 타율 0.251, 26홈런, 92타점을 기록했고 올 시즌엔 1군 18경기에서 타율 0.143, 3홈런, 8타점의 성적을 낸 뒤 지난 달 30일 팀에서 방출됐다. 하재훈은 울산 구단을 통해 ""몸 상태는 좋다""며 ""저를 믿고 선택해 주신 만큼 처음부터 다시 시작한다는 각오로 최선을 다하겠다""고 밝혔다. cycle@yna.co.kr (끝) ▶제보는 카톡 okjebo",https://v.daum.net/v/quvxynd8tB
2026.07.11 10:24,"‘SSG 방출’ 베테랑 외야수의 새로운 도전…울산 웨일즈, 하재훈 영입으...",스포츠서울,"[스포츠서울 | 강윤식 기자] 지난 6월 SSG서 방출된 베테랑 외야수가 새로운 도전에 나선다. 울산 웨일즈에 새롭게 둥지를 틀었다. 하재훈(36) 얘기다. 울산은 11일 “전 SSG 외야수 하재훈을 영입했다”고 밝혔다. 하재훈은 지난 6월 SSG에서 자유계약으로 풀렸다. 이후 현역 연장 의지를 밝히며 새 둥지를 물색했다. 이때 울산 레이더에 걸렸다. 하재훈의 장타력과 풍부한 경험을 높이 평가해 영입을 결정했다. 하재훈은 2009년 미국 무대에 도전장을 내밀었다. 이후 일본을 거쳐 2019년 KBO리그 데뷔했다. SSG(당시 SK) 유니폼을 입고 한국 무대 첫해에 36세이브로 구원왕에 올랐다. 활약을 인정받아 태극마크를 달기도 했다. 시련도 있었다. 어깨 부상을 당했다. 결국 야수로 전향했다. 여기서 쓰러지지 않았다. 야수로도 좋은 활약을 펼쳤다. 2022~2025년 1군에서 꾸준히 뛰었다. 통산 타율 0.251, 26홈런 92타점, OPS(출루율+장타율) 0.733을 기록했다. 울산은 팀 특성상 젊은 선수들이 많다. 앞서 메이저리그(ML) 출신 최지만을 영입하면서 경험적인 측면을 한층 강화한 바 있다. 여기에 KBO리그에서 오랫동안 뛴 하재훈까지 품으면서 경험을 더욱 강화했다. 사령탑도 이점에 주목했다. 장원진 감독은 “하재훈은 풍부한 경험과 뛰어난 장타 능력을 갖춘 선수다. 젊은 선수들에게 좋은 본보기가 될 수 있으며, 아직 충분히 경쟁력이 있다고 판단했다”고 영입 배경을 설명했다. 하재훈의 마음가짐 또한 남다르다. 아직 현역 연장 의지가 강했다. 이런 상황에서 기회를 준 구단에 감사할 뿐이다. 새로운 팀에서 퓨처스리그 우승이라는 꿈을 꾼다. 하재훈은 “몸 상태는 좋다. 힘과 스피드 모두 자신 있다”며 “다시 한번 기회를 주신 울산 구단에 진심으로 감사드린다. 나를 믿고 선택해 주신 만큼 처음부터 다시 시작한다는 각오로 최선을 다하겠다. 개인적인 목표보다 팀의 우승이 가장 중요하고 생각한다. 울산과 함께 반드시 우승을 이루고 싶다”라고 각오를 다졌다. skywalker@sportsseoul.com",https://v.daum.net/v/Bmis9vhDCL
2026.07.11 10:24,"'전반기 1위' 삼성, 새 외국인 투수 페덱 영입…오러클린과는 작별",스포츠투데이,"[스포츠투데이 이상필 기자] 프로야구 삼성 라이온즈가 새 외국인 투수 크리스 페덱(30)을 영입했다. 삼성은 11일 페덱과 총액 47만3333달러의 조건에 계약했다고 발표했다. 전반기 종료 후 잭 오러클린과 결별한 삼성은 최근까지 메이저리그에서 뛴 우완 페덱에게 선발진의 한 자리를 맡길 계획이다. 키 1m96, 몸무게 98kg의 체격을 갖춘 페덱은 메이저리그 통산 132경기(선발 119경기)에서 32승43패 평균자책점 4.83 이닝당 출루허용률(WHIP) 1.26을 기록했다. 마이너리그에선 통산 40경기(선발 35경기)에서 13승7패 평균자책점 1.92, WHIP 0.82의 성적을 남겼다. 다양한 구종을 갖췄으며 메이저리그 통산 9이닝당 탈삼진 8.02개, 9이닝당 볼넷 2.04개를 기록했다. 국내에서 메디컬테스트를 마친 페덱은 조만간 팀에 합류할 예정이다. 페덱은 ""어떤 리그에서든 프로야구는 많이 이겨야 하는 스포츠다. 그런 면에서 1위 경쟁을 하고 있는 삼성 라이온즈가 매력적으로 느껴졌다. 이 팀의 전통과 팬들의 열정에도 끌렸다""고 입단 소감을 밝혔다. 이어 페덱은 ""샌디에이고에서 김하성과 함께 뛴 경험이 있어 KBO 리그에 대해서도 어느 정도 알고 있다. 라이온즈의 선수들과 많은 걸 나누고 싶다""고 덧붙였다. 한편 맷 매닝의 부상 대체 선수로 입단했던 오러클린은 KBO 리그 17경기에서 5승5패, 평균자책점 4.86의 성적을 남겼다. [스포츠투데이 이상필 기자 sports@stoo.com]",https://v.daum.net/v/9dPcuswayZ
2026.07.11 10:21,"삼성, 새 외국인투수 크리스 페덱 영입…""1위 삼성 매력적이다""[오피셜]",마이데일리,"[마이데일리 = 김진성 기자] 삼성 라이온즈가 교체 외국인투수 크리스 페덱을 영입했다. 삼성은 11일 ""부상 대체 외국인선수로 뛰어온 잭 오러클린과의 계약 연장 대신 최근까지 메이저리그에서 뛴 오른손투수 페덱에게 선발 마운드의 한 축을 맡도록 할 계획이다. 페덱은 47만3333달러의 조건에 라이온즈 유니폼을 입게 됐다. 만 30세, 키 1m96, 몸무게 98kg의 체격을 갖춘 페덱은 메이저리그 통산 132경기(선발 119경기)에서 32승43패, 평균자책점 4.83, 이닝당 출루허용률(WHIP) 1.26을 기록했다. 마이너리그에선 통산 40경기(선발 35경기), 13승7패, 평균자책점 1.92, WHIP 0.82의 성적을 남겼다. 다양한 구종을 갖춘 페덱은 메이저리그 통산 9이닝당 탈삼진 8.02개, 9이닝당 볼넷 2.04개를 기록했다. 페덱은 국내에서 메디컬테스트를 마쳤고 조만간 팀에 합류할 예정이다""라고 했다. 계약서에 사인을 마친 페덱은 “어떤 리그에서든 프로야구는 많이 이겨야 하는 스포츠다. 그런 면에서 1위 경쟁을 하고 있는 삼성 라이온즈가 매력적으로 느껴졌다. 이 팀의 전통과 팬들의 열정에도 끌렸다”고 입단 소감을 밝혔다. 이어 페덱은 “샌디에이고에서 김하성과 함께 뛴 경험이 있어 KBO리그에 대해서도 어느 정도 알고 있다. 라이온즈의 선수들과 많은 걸 나누고 싶다”고 덧붙였다. 끝으로 삼성은 ""맷 매닝의 부상 대체 선수로 입단했던 잭 오러클린은 KBO리그 17경기에서 5승5패, 평균자책점 4.86의 성적을 남겼다""라고 했다.",https://v.daum.net/v/qlu0HaLxIZ
2026.07.11 10:21,"'우승 도전' 삼성의 승부수, 'MLB 132경기' 경력 페덱 영입",뉴스1,"(서울=뉴스1) 서장원 기자 = 프로야구 전반기를 1위로 마친 삼성 라이온즈가 메이저리그(MLB) 경험이 풍부한 외국인 투수 크리스 페덱을 영입, 승부수를 띄웠다. 삼성은 11일 ""부상 대체 외국인 선수로 뛰어온 잭 오러클린과 계약 연장 대신 최근까지 메이저리그에서 뛴 페덱에게 선발 마운드의 한 축을 맡길 계획""이라고 밝혔다. 페덱은 47만3333달러의 조건에 삼성 유니폼을 입게 됐다. 키 1m96, 몸무게 98㎏의 체격을 갖춘 페덱은 메이저리그 통산 132경기(선발 119경기)에서 32승43패, 평균자책점 4.83, 이닝당 출루허용률(WHIP) 1.26을 기록했다. 마이너리그에선 통산 40경기(선발 35경기)에서 13승7패, 평균자책점 1.92, WHIP 0.82의 성적을 남겼다. 다양한 구종을 갖췄고, 메이저리그 통산 9이닝당 8.02개의 탈삼진, 9이닝당 볼넷 2.04개를 기록했다. 국내에서 메디컬테스트를 마친 페덱은 조만간 팀에 합류할 예정이다. 페덱은 ""어떤 리그에서든 프로야구는 많이 이겨야 하는 스포츠다. 그런 면에서 1위 경쟁을 하고 있는 삼성이 매력적으로 느껴졌다. 이 팀의 전통과 팬들의 열정에도 끌렸다""고 입단 소감을 밝혔다. 이어 ""샌디에이고에서 김하성과 함께 뛴 경험이 있어 KBO리그에 대해서도 어느 정도 알고 있다. 삼성 선수들과 많은 걸 나누고 싶다""고 덧붙였다. 한편 맷 매닝의 부상 대체 선수로 입단했던 오러클린은 KBO리그 17경기에서 5승5패, 평균자책점 4.86의 성적을 남기고 짐을 쌌다. superpower@news1.kr",https://v.daum.net/v/tfjgRtZv5y
2026.07.11 10:20,"결단 내린 삼성, 새 외인 투수로 김하성 전 동료 크리스 페덱 영입…오러...",스포츠경향,"삼성이 결단을 내렸다. 잭 오러클린과 작별하고 새 외국인 투수를 영입했다. 삼성은 11일 “교체 외국인 투수 크리스 페덱을 영입했다”며 “부상 대체 외국인선수로 뛰어온 오러클린과의 계약 연장 대신 최근까지 메이저리그에서 뛴 오른손투수 페덱에게 선발 마운드의 한 축을 맡도록 할 계획”이라고 밝혔다. 페덱은 47만3333달러의 조건으로 삼성과 계약했다. 30세의 페덱은 키 196cm, 몸무게 98kg의 체격을 갖췄다. 메이저리그 통산 132경기(선발 119경기)에서 32승43패, 평균자책 4.83, 이닝당 출루허용률(WHIP) 1.26을 기록했다. 마이너리그에서는 통산 40경기(선발 35경기), 13승7패, 평균자책 1.92, WHIP 0.82의 성적을 남겼다. 다양한 구종을 갖춘 페덱은 메이저리그 통산 9이닝당 탈삼진 8.02개, 9이닝당 볼넷 2.04개를 기록했다. 페덱은 국내에서 메디컬테스트를 마쳤고 조만간 팀에 합류할 예정이다. 페덱은 “어떤 리그에서든 프로야구는 많이 이겨야 하는 스포츠다. 그런 면에서 1위 경쟁을 하고 있는 삼성이 매력적으로 느껴졌다. 이 팀의 전통과 팬들의 열정에도 끌렸다”고 입단 소감을 밝혔다. 이어 “샌디에이고에서 김하성과 함께 뛴 경험이 있어 KBO리그에 대해서도 어느 정도 알고 있다. 라이온즈의 선수들과 많은 걸 나누고 싶다”고 덧붙였다. 한편 맷 매닝의 부상 대체 선수로 입단했던 잭 오러클린은 KBO리그 17경기에서 5승5패, 평균자책 4.86의 성적을 남기고 삼성을 떠나게 됐다. 김하진 기자 hjkim@kyunghyang.com",https://v.daum.net/v/Q6Gb0wkLUc
2026.07.11 10:18,"11년 만에 전반기 1위로 마친 삼성, 정규리그 우승 위한 승부수로 크리...",세계일보,"2015년 이후 11년 만에 전반기를 1위로 마친 삼성이 정규리그 우승을 위한 승부수를 던졌다. 외국인 투수로 크리스 페덱을 영입했다. 삼성은 11일 “부상 대체 외국인 선수로 뛰어온 잭 오러클린과의 계약을 연장하는 대신 최근까지 메이저리그에서 뛴 오른손투수 페덱에게 선발 마운드의 한 축을 맡도록 할 계획”이라고 밝혔다. 페덱은 47만3333달러의 조건에 라이온즈 유니폼을 입는다. 1996년 1월생으로 만 30세인 페덱은 키 1m96, 몸무게 98kg의 좋은 신체 조건을 갖추고 있다. 2015년 메이저리그 드래프트에서 8라운드 236순위로 마이애미 말린스의 지명을 받은 페덱은 메이저리그 통산 132경기(선발 119경기)에서 32승43패, 평균자책점 4.83, 이닝당 출루허용률(WHIP) 1.26을 기록했다. 마이너리그에선 통산 40경기(선발 35경기), 13승7패, 평균자책점 1.92, WHIP 0.82의 성적을 남겼다. 전성기 시절엔 최고 99마일의 포심 패스트볼에 80마일 중후반대에 형성되는 벌칸 체인지업을 주무기로 했던 페덱은 메이저리그 통산 9이닝당 탈삼진 8.02개, 9이닝당 볼넷 2.04개를 기록했다. 페덱은 국내에서 메디컬테스트를 마쳤고 조만간 팀에 합류할 예정이다. 계약서에 사인을 마친 페덱은 “어떤 리그에서든 프로야구는 많이 이겨야 하는 스포츠다. 그런 면에서 1위 경쟁을 하고 있는 삼성 라이온즈가 매력적으로 느껴졌다. 이 팀의 전통과 팬들의 열정에도 끌렸다”고 입단 소감을 밝혔다. 이어 페덱은 “샌디에이고에서 김하성과 함께 뛴 경험이 있어 KBO리그에 대해서도 어느 정도 알고 있다. 라이온즈의 선수들과 많은 걸 나누고 싶다”고 덧붙였다. 팔꿈치 수술 여파로 최근엔 포심 패스트볼의 구속이 90마일 초반대로 떨어진 페덕이 과연 KBO리그에서 통할 수 있을까. 우선 이름값만 보면 최고 수준의 외국인 투수다. 다만 지난해 롯데도 이름값에서는 최고 수준이었던 빈스 벨라스케스를 영입했다가 큰 낭패를 본 바 있다. 페덱은 벨라스케스와는 다른 모습을 보여줄 수 있을지 귀추가 주목된다. 남정훈 기자 che@segye.com",https://v.daum.net/v/KVJg2Tlwch
2026.07.11 10:18,"[오피셜] 삼성, MLB 132G 페덱 영입 ""1위 경쟁하는 삼성 매력적...",스타뉴스,"[스타뉴스 | 안호근 기자] 11년 만에 전반기를 1위로 마친 삼성 라이온즈가 외국인 투수까지 교체하며 2014년 이후 다시 정상에 오르기 위한 준비를 마쳤다. 삼성은 11일 맷 매닝의 부상 대체 외국인 선수로 뛰어온 잭 오러클린과 계약 연장 대신 최근까지 메이저리그(MLB)에서 뛴 오른손 투수 크리스 페덱(30)을 영입했다. 계약 규모는 47만 3333달러(약 7억 1100만원). 삼성은 전반기 85경기를 치렀다. 59경기가 남아 있는 상황. 풀 시즌으로 환산하면 KBO리그 첫 해 최고액인 100만 달러(약 15억 200만)를 웃돌 만큼 제대로 대우를 한 셈이다. 페덱은 신장 196㎝, 체중 98㎏의 체격을 갖춘 투수로 MLB 통산 132경기(선발 119경기)에서 32승 43패, 평균자책점(ERA) 4.83, 이닝당 출루허용(WHIP) 1.26을 기록했다. 마이너리그에선 통산 40경기(선발 35경기), 13승 7패, ERA 1.92, WHIP 0.82로 압도적인 성적을 남겼다. 다양한 구종을 갖춘 페덱은 메이저리그 통산 9이닝당 탈삼진 8.02개, 9이닝당 볼넷 2.04개를 기록했고 국내에서 메디컬테스트를 마쳤고 조만간 팀에 합류할 예정이다. 계약서에 사인을 마친 페덱은 ""어떤 리그에서든 프로야구는 많이 이겨야 하는 스포츠다. 그런 면에서 1위 경쟁을 하고 있는 삼성 라이온즈가 매력적으로 느껴졌다. 이 팀의 전통과 팬들의 열정에도 끌렸다""고 입단 소감을 밝혔다. 이어 페덱은 ""샌디에이고에서 김하성과 함께 뛴 경험이 있어 KBO리그에 대해서도 어느 정도 알고 있다. 라이온즈의 선수들과 많은 걸 나누고 싶다""고 덧붙였다. 한편 맷 매닝의 부상 대체 선수로 입단했던 잭 오러클린은 KBO리그 17경기에서 5승 5패, ERA 4.86의 성적을 남겼다. 안호근 기자 oranc317@mtstarnews.com",https://v.daum.net/v/8hXQ0wkLvu
2026.07.11 10:17,삼성의 우승 승부수! 'ML 32승' 현역 빅리거 페덱 영입...매닝-오...,스포츠조선,"[스포츠조선 김용 기자] 삼성 우승 승부수! 삼성 라이온즈가 드디어 외국인 투수 교체를 확정했다. 삼성은 11일 투수 크리스 페덱을 영입했다고 알렸다. 페덱은 최근까지 메이저리그에서 뛴 투수로 47만3333달러 조건에 삼성 입단에 합의했다. 페덱의 삼성 합류는 일찍부터 알려진 사실. 삼성은 올시즌을 앞두고 맷 매닝을 영입했지만, 시즌 시작도 전에 부상으로 이탈했다. 삼성은 대체 외국인 선수로 호주 출신 잭 오러클린을 영입해 재미를 봤다. 하지만 오러클린이 시즌을 치를 수록 힘이 빠지는 모습을 보여 결단을 내려야 했다. 30세의 페덱은 키 1m96, 몸무게 98kg의 건장한 체격을 자랑한다. 메이저리그에서만 통산 132경기를 던졌다. 그 중 선발이 119경기나 된다. 기록은 32승43패 평균자책점 4.83. 마이너리그에서는 통산 40경기를 소화했다. 마이너리그보다 메이저리그 경력이 많은 현역 빅리거다. 다양한 구종을 갖춘 페덱은 메이저리그 통산 9이닝당 탈삼진 8.02개, 9이닝당 볼넷 2.04개를 기록했다. 페덱은 국내에서 메디컬테스트를 마쳤고 조만간 팀에 합류할 예정이다. 계약서에 사인을 마친 페덱은 ""어떤 리그에서든 프로야구는 많이 이겨야 하는 스포츠다. 그런 면에서 1위 경쟁을 하고 있는 삼성 라이온즈가 매력적으로 느껴졌다. 이 팀의 전통과 팬들의 열정에도 끌렸다""고 입단 소감을 밝혔다. 이어 페덱은 ""샌디에이고에서 김하성과 함께 뛴 경험이 있어 KBO리그에 대해서도 어느 정도 알고 있다. 라이온즈의 선수들과 많은 걸 나누고 싶다""고 덧붙였다. 삼성은 전반기를 1위로 마감하며 올시즌 우승 도전 찬스다. 이 타이밍에 맞춰 페덱 영입을 발표하며 우승 도전 의지를 강력하게 천명했다. 김용 기자 awesome@sportschosun.com",https://v.daum.net/v/uXRQ0wkLUR
2026.07.11 10:14,'전반기 1위' 삼성 승부수…새 외국인 투수 페덱 영입,연합뉴스,"(서울=연합뉴스) 이대호 기자 = 프로야구 KBO리그 전반기를 1위로 마친 삼성 라이온즈가 오른팔 투수 크리스 페덱을 영입했다. 삼성 구단은 11일 부상 대체 외국인 선수로 뛰던 잭 오러클린과의 계약을 연장하지 않고 미국프로야구 메이저리그(MLB) 출신 투수 페덱과 47만3천333달러에 계약했다고 발표했다. 최근까지도 빅리그 선발 마운드의 한 축을 맡았던 페덱은 KBO리그 무대를 밟은 역대 외국인 선수 중에서도 손꼽히는 거물급 위상을 자랑한다. 만 30세에 키 196㎝, 몸무게 98㎏의 건장한 체격을 갖춘 페덱은 빅리그 통산 132경기(선발 119경기)에 등판해 32승 43패, 평균자책점 4.83, 이닝당 출루허용률(WHIP) 1.26을 기록했다. 마이너리그 통산 성적은 40경기(선발 35경기) 13승 7패, 평균자책점 1.92, WHIP 0.82다. 다양한 구종을 구사하는 페덱은 빅리그 통산 9이닝당 탈삼진 8.02개, 9이닝당 볼넷 2.04개를 기록하며 뛰어난 구위와 안정적인 제구력을 증명했다. 국내에서 신체검사를 무사히 마친 페덱은 조만간 선수단에 합류해 삼성의 후반기 1위 수성을 위한 선발진에 힘을 보탤 예정이다. 페덱은 구단을 통해 ""어떤 리그에서든 프로야구는 많이 이겨야 하는 스포츠다. 그런 면에서 1위 경쟁을 하는 삼성 라이온즈가 매력적으로 느껴졌다""며 ""팀의 전통과 팬들의 열정에도 끌렸다""고 입단 소감을 밝혔다. 이어 ""샌디에이고 시절 김하성과 함께 뛴 경험이 있어 KBO리그에 대해서도 어느 정도 알고 있다. 라이온즈의 선수들과 많은 점을 나누고 싶다""고 덧붙였다. 맷 매닝의 부상 대체 선수로 삼성 유니폼을 입었던 오러클린은 KBO리그 17경기에서 5승 5패, 평균자책점 4.86의 성적을 남기고 한국 무대를 떠나게 됐다. 4bun@yna.co.kr (끝) ▶제보는 카톡 okjebo",https://v.daum.net/v/Y2ev8GyO5B
2026.07.11 10:13,"자동차 값보다 더 썼던 회식비, 하지만 후회는 없다…'미스터 올스타' 김...",스포티비뉴스,"[스포티비뉴스=잠실, 박승환 기자] ""덕분에 미스터 올스타로 불리지 않았나"" 김용희 롯데 자이언츠 2군 감독은 10일 서울 잠실구장에서 열린 KBO 퓨처스 올스타전에 앞서 취재진과 만나 오래된 기억을 더듬었다. 벌써 40년이 넘은 세월이지만, 김용희 감독의 기억은 뚜렷했고, 휴대폰 사진첩에는 추억이 고스란히 남겨져 있었다. 경남고-고려대를 졸업한 김용희 감독은 KBO리그가 출범한 1982년 롯데 자이언츠에서 데뷔해 8시즌 동안 535경기에 출전해 482안타 61홈런 타율 0.270 OPS 0.754의 성적을 남긴 레전드 중의 한 명이다. 특히 1984년에는 81경기에서 76안타 9홈런 53타점 타율 0.244 OPS 0.674의 성적을 남기며 포스트시즌 진출에 큰 힘을 보탰고, 한국시리즈에서는 7경기 9안타 타율 0.321 OPS 0.774로 펄펄 날아오르며, 롯데의 첫 한국시리즈(KS) 우승의 선봉장에 섰다. 그러나 김용희 감독하면 가장 먼저 떠오르는 것은 바로 올스타전이다. 김용희 감독은 KBO리그 출범 첫 시즌인 1982년 올스타전에 출전했고, 당시 1차전에서 3타수 1안타를 기록했고, 2차전에서는 두 개의 홈런을 포함해 5타수 4안타 3타점, 3차전에서 1안타(1홈런) 4타점으로 활약, 3경기에서 13타수 4안타 3홈런 7타점으로 펄펄 날아오르며 '미스터 올스타'로 선정됐다. 그리고 맵시 자동차를 부상으로 받았다. 김용희 감독의 미스터 올스타 선정은 한 번이 아니었다. 김용희 감독은 1984년에도 1~3차전 합계 11타수 5안타 1홈런 5타점으로 다시 한번 맹활약을 펼치면서, MVP 타이틀을 품었다. 그리고 미스터 올스타의 영예와 함께 로열 XQ 자동차까지 손에 넣었다. 특히 초대 미스터 올스타로 선정된 후 김용희 감독은 부상으로 받은 차값보다 더 많은 돈을 회식, 선물 비용으로 사용했던 것으로 잘 알려져 있다. 그때를 돌아보면 어땠을까. 김용희 감독은 ""그때 차값이 450만원 정도 했던 것으로 기억을 한다. 첫해 MVP로 선정된 후 삼정호텔 뒤에 삼정 회관이라는 고깃집에서 동군과 서군 감독님들, 당시에는 기자분들까지 다 왔었는데, 그때 회식비를 쐈다. 그리고 선물도 한다고 이래저래 돈을 쓰다 보니 차값보다 더 많이 나왔다""고 호탕하게 웃었다. 많은 돈을 썼지만, 당시를 떠올리며 흐뭇한 미소를 감추지 못했다. 김용희 감독은 '오히려 손해를 본 게 아닌가?'라는 말에 ""그래도 그 덕분에 미스터 올스타라고 불리지 않나. 돈보다는 야구를 하면서 그런 것을 얻었다는 것에 내게는 상당히 의미가 있다""고 설명했다. 김용희 감독에게 올스타전은 어떤 의미일까. 사령탑은 ""내 선수 생활이 그렇게 좋진 못했다. 프로에 들어올 때 이미 허리를 크게 다쳤었다. '선수를 못 한다'고 했는데 프로에 들어오게 됐었다. 그래서 장기 레이스에서 내 성적은 좋지 않다. 하지만 한국시리즈나 올스타전에서는 몸 관리를 해서 하면, 잘할 수 있었다. 덕분에 올스타전에서 잘하지 않았나 싶다. 82년과 84년은 그런 부분에서 큰 의미가 있다""고 밝혔다. 미스터 올스타로 선정되고 한다면, 정규시즌 커리어와 별개로 많은 자신감도 얻게 된다고. 김용희 감독은 ""자신감을 얻게 된다. 예를 들어 퓨처스 올스타전이지만, MVP가 되면 본인이 가지는 자신감이 얼마나 크겠나. 한 계단을 올라가야 하는데, 그런 면에서 타이틀을 갖는다는 것은 선수들의 성장에 큰 도움이 된다""고 말했다. 때문에 김용희 감독은 지난해에 이어 올해도 2군에서 함께 했던 현도훈이 1군 올스타로 선정된 것에 큰 기쁨을 드러냈다. 그는 ""상당히 박수를 보내고 싶다. 작년까지 2군에 있으면서 고민도 많았고, 그렇게 자신감 있게 던지지 못했다. 그런데 1군에 올라가고 성적이 나오고, 지금 보면 여유도 있다. 그러면서 타자를 상대하는 방법도 깨우치고, 잃어버렸던 기럭도 되찾고. 올해 정말 큰 성장을 했다""고 말했다. 이어 사령탑은 ""정말 보기가 좋다. 어쩌면 나이가 많은 편인데 1군에서 이렇게 빛을 본다는 것은 야구뿐만이 아니라 모든 생활 면에서도 상당히 긍정저긍로 작용할 것이다. 굉장히 좋은 한해를 보내고 있다""고 엄지를 치켜세웠다. <저작권자 ⓒ SPOTV NEWS. 무단전재 및 재배포 금지>",https://v.daum.net/v/3RiBEVKpTW
2026.07.11 10:11,"[공식발표] '빅리거 왔다' ML 32승 페덱, 삼성 유니폼 입었다",일간스포츠,"삼성 라이온즈가 새 외국인 투수 크리스 페덱을 영입했다. 삼성은 11일, 페덱과 47만 3333달러에 계약을 맺었다고 전했다. 페덱은 기존 외국인 투수 맷 매닝, 잭 오러클린의 교체 외국인 투수다. 키 1m96cm 몸무게 98kg의 건장한 체격을 갖춘 페덱은 메이저리그 통산 132경기(선발 119경기)에서 32승 43패, 평균자책점 4.83, 이닝당 출루허용률(WHIP) 1.26을 기록했다. 페덱은 메이저리그 통산 9이닝당 탈삼진 8.02개, 9이닝당 볼넷 2.04개를 기록했다. 또 마이너리그에선 통산 40경기(선발 35경기), 13승 7패, 평균자책점 1.92, WHIP 0.82의 성적을 남겼다. 이 중 트리플A 성적은 1경기 3이닝 무실점이다. 계약서에 사인을 마친 페덱은 “어떤 리그에서든 프로야구는 많이 이겨야 하는 스포츠다. 그런 면에서 1위 경쟁을 하고 있는 삼성 라이온즈가 매력적으로 느껴졌다. 이 팀의 전통과 팬들의 열정에도 끌렸다”고 입단 소감을 밝혔다. 이어 페덱은 “샌디에이고에서 김하성과 함께 뛴 경험이 있어 KBO리그에 대해서도 어느 정도 알고 있다. 라이온즈의 선수들과 많은 걸 나누고 싶다”고 덧붙였다. 한편 맷 매닝의 부상 대체 선수로 입단했던 잭 오러클린은 KBO리그 17경기에서 5승5패, 평균자책점 4.86의 성적을 남기고 한국 팬들에게 작별 인사를 건넸다. 국내에서 메디컬테스트를 마친 페덱은 후반기를 앞두고 조만간 팀에 합류할 예정이다. 윤승재 기자 yogiyoon@edaily.co.kr",https://v.daum.net/v/xfERvJRfDP
2026.07.11 10:10,"""이제 내야진 리더가 됐다"" 80억 아끼고 대체불가 유격수 찾았다...롯...",OSEN,"[OSEN=조형래 기자] “이제는 내야진 리더가 됐다.” 프로야구 롯데 자이언츠가 지난 겨울, 프리에이전트(FA) 시장에 투자를 하려고 했던 주요 포지션 중 하나는 유격수였다. 그러나 결국 여러 사정에 의해서 롯데는 FA 시장에 발도 딛지 못했다. 롯데가 원했던 선수 중 한 명이었던 박찬호는 두산과 4년 80억원에 계약하고 떠났다. 그러나 롯데는 이제 후회하지 않는다. 트레이드 2시즌 만에 구단 역대급 트레이드 성공사례로 향해 가고 있는 전민재 때문이다. 80억을 아끼면서 주전 유격수를 찾았다. 롯데에서 2년차 시즌, 전민재는 주전 유격수에 걸맞는 활약으로 위상을 스스로 끌어올렸고 인정 받고 있다. 전민재는 올 시즌 82경기 타율 2할7푼2리(272타수 74안타) 8홈런 43타점 OPS .723의 성적을 기록 중이다. 지난해 기록한 타율(.282)보다는 현재 낮지만 지난해 이상의 생산력을 과시하고 있다. 벌써 8홈런으로 두 자릿수 홈런을 넘보고 있다. 현재 WAR(대체선수대비승리기여도), OPS 등의 기록으로 꼽은 리그 4대 유격수 중 한 명이다. NC 김주원, SSG 박성한, 두산 박찬호에 이은 그 다음으로 전민재가 꼽혀도 이상하지 않다. 수비 이닝도 660⅓이닝으로 주전 유격수로 대부분의 경기를 책임지고 있다. 반면 실책은 전반기 9개에 불과하다. 시즌 초반 실책이 몰려있을 분, 6월 이후에는 단 2개의 실책만 범할 정도로 갈수록 안정감을 더하고 있다. 체력적인 부침을 겪을 수밖에 없는 상황과 시기이지만, 지난해와 달리 전민재는 전반기 동안 꿋꿋하게 버텨나갔다. 여기에 수많은 하이라이트 필름까지 생산해내면서 주전 유격수 자리를 굳건하게 지켰다. 이제는 명실상부 롯데의 주전 유격수라고 불려도 손색이 없다. 김태형 감독은 그동안 전민재의 체력 안배를 해주지 못한 것을 아쉬워 한다. 전반기 막판 경기들이 대부분 타이트하게 흘러가면서 전민재를 뺄 수 없는 상황이 만들어지기도 했다. 그만큼 대체불가의 선수가 됐다는 의미이기도 하다. 전민재에 대해서는 냉혹하게 조련했고 또 냉정하게 진단했던 김태형 감독도 이제는 전민재를 인정한다. 전반기를 마무리 하면서 김 감독은 “(전)민재의 수비를 보면서 정말 올라왔다는 게 느끼고 있고 수비에서 굉장히 안정감 있는 활약을 펼쳐주고 있다. 이제는 좀 내야진의 리더가 됐다는 느낌을 받는다”라고 설명했다. 올 시즌을 앞두고 김태형 감독이 바랐던 것 중 하나였다. 구단 차원에서도 전민재가 올해는 주전 유격수 자리에서 내야진의 리더로 거듭나주기를 바랐다. 비시즌 지바 롯데 마무리캠프에도 파견돼 3주 간 훈련을 받고 오기도 했다. 이 과정에서 일본 선수들의 기본기와 스킬들을 눈여겨 보고 따라하면서 수비 집중력을 월등하게 끌어올렸다. 모든 부분에서 스텝업을 했다. 롯데가 박찬호를 영입하지 않는 것으로 결정이 되자 전민재는 “하늘이 주신 기회라고 생각했다”라고 말하기도 했다. 결국 전민재는 그 기회를 살리면서 롯데의 확실한 주전 대체불가 유격수로 거듭나고 있다. /jhrae@osen.co.kr",https://v.daum.net/v/pfcIblIklR
2026.07.11 10:08,"류지현호, 대만과 AG 조별리그 첫 경기…왕옌청 상대할까",뉴스1,"(서울=뉴스1) 서장원 기자 = 한국 야구대표팀이 2026 아이치·나고야 아시안게임에서 대만, 홍콩, 태국과 같은 조에 묶였다. 아시안게임 조직위원회는 지난 10일 아시안게임 야구 조 편성 결과를 공개했다. 류지현 감독이 이끄는 대표팀은 B조에 편성됐다. 한국은 3일 연속으로 조별리그를 소화한다. 첫 경기는 9월21일 오후 6시 30분에 열리며, 일본 아이치현 오카자키 중앙종합공원 야구장에서 대만을 상대한다. 이후 하루 뒤인 22일 오후 6시 30분 아이치현 도요하시 시민구장에서 홍콩과 2차전을 치르고, 23일 정오에 중앙종합공원 야구장에서 태국과 조별리그 마지막 경기를 한다. 조별리그 종료 후 24일 휴식을 취한 뒤 25일부터 26일까지 각 조 1, 2위 팀과 다른 조 1, 2위 팀, 각 조 3, 4위 팀과 다른 조 3, 4위 팀이 한 번씩 대결하는 슈퍼라운드가 진행된다. 동메달 결정전은 27일 낮 12시 오카자키 중앙종합공원 야구장에서 열리고, 결승전은 27일 오후 6시 30분 도요하시 시민구장에서 열린다. 한국은 이번 대회를 통해 아시안게임 5연패에 도전한다. 한편 A조에는 개최국 일본과 중국, 필리핀, 팔레스타인이 편성됐다. superpower@news1.kr",https://v.daum.net/v/WID3nU3GHZ
2026.07.11 10:05,"'세이브왕 출신 홈런 타자' 하재훈, 울산에 새 둥지 ""다시 뛰고 싶었다...",일간스포츠,"KBO 퓨처스(2군)리그의 울산 웨일즈가 전 SSG 랜더스 외야수 하재훈(36)을 영입했다. 울산 웨일즈는 11일, ""하재훈이 최근 SSG에서 자유계약으로 풀린 뒤 현역 연장 의지를 밝히며 새 둥지를 물색했다""며 ""울산은 그의 장타력과 풍부한 경험을 높이 평가해 영입을 결정했다""라고 전했다. 미국 마이너리그 유턴파 출신인 하재훈은 2019년 2차 2라운드 전체 16순위로 SK 와이번스(현 SSG)의 선택을 받은 뒤 투수로 전향, 2019시즌 36세이브를 기록하며 세이브 부문 1위에 오르는 등 리그 정상급 마무리로 활약했다. 이후 어깨 부상으로 다시 야수로 전향한 그는 2022년부터 2025년까지 통산 26개의 홈런을 기록하며 장타력을 선보였다. 장원진 감독은 ""하재훈은 풍부한 경험과 뛰어난 장타 능력을 갖춘 선수다. 젊은 선수들에게 좋은 본보기가 될 수 있으며, 아직 충분히 경쟁력이 있다고 판단했다""고 영입 배경을 설명했다. 하재훈은 구단을 통해 “몸 상태는 좋다. 힘과 스피드 모두 자신 있다”며 ""다시 한 번 기회를 주신 울산 웨일즈 구단에 진심으로 감사드리고 저를 믿고 선택해 주신 만큼 처음부터 다시 시작한다는 각오로 최선을 다하겠다""라고 전했다. 그는 ""개인적인 목표보다 팀의 우승이 가장 중요하고 생각한다. 울산 웨일즈와 함께 반드시 우승을 이루고 싶다”라고 각오를 다졌다. 울산은 하재훈이 젊은 선수단에 경험과 장타력을 더할 수 있는 자원으로, 풍부한 1군 경험과 승부처에서의 해결 능력, 그리고 끊임없이 도전하는 자세가 남은 후반기 팀에 긍정적인 영향을 줄 것으로 기대하고 있다. 윤승재 기자 yogiyoon@edaily.co.kr",https://v.daum.net/v/4pOUuswaOZ
2026.07.11 10:02,"'ML 통산 32승' 페덱, 삼성 유니폼 입었다…""1위 경쟁팀이라 더 매...",OSEN,"[OSEN=손찬익 기자] 프로야구 삼성 라이온즈가 교체 외국인투수 크리스 페덱을 영입했다. 부상 대체 외국인선수로 뛰어온 잭 오러클린과의 계약 연장 대신 최근까지 메이저리그에서 뛴 오른손 투수 페덱에게 선발 마운드의 한 축을 맡도록 할 계획이다. 페덱은 47만 3333달러의 조건에 라이온즈 유니폼을 입게 됐다. 만 30세, 키 1m96, 몸무게 98kg의 체격을 갖춘 페덱은 메이저리그 통산 132경기(선발 119경기)에서 32승43패, 평균자책점 4.83, 이닝당 출루허용률(WHIP) 1.26을 기록했다. 마이너리그에선 통산 40경기(선발 35경기), 13승7패, 평균자책점 1.92, WHIP 0.82의 성적을 남겼다. 다양한 구종을 갖춘 페덱은 메이저리그 통산 9이닝당 탈삼진 8.02개, 9이닝당 볼넷 2.04개를 기록했다. 페덱은 국내에서 메디컬테스트를 마쳤고 조만간 팀에 합류할 예정이다. 계약서에 사인을 마친 페덱은 “어떤 리그에서든 프로야구는 많이 이겨야 하는 스포츠다. 그런 면에서 1위 경쟁을 하고 있는 삼성 라이온즈가 매력적으로 느껴졌다. 이 팀의 전통과 팬들의 열정에도 끌렸다”고 입단 소감을 밝혔다. 이어 페덱은 “샌디에이고에서 김하성과 함께 뛴 경험이 있어 KBO리그에 대해서도 어느 정도 알고 있다. 라이온즈의 선수들과 많은 걸 나누고 싶다”고 덧붙였다. 한편 맷 매닝의 부상 대체 선수로 입단했던 잭 오러클린은 KBO리그 17경기에서 5승5패, 평균자책점 4.86의 성적을 남겼다. /what@osen.co.kr",https://v.daum.net/v/bTR5XNoMla
2026.07.11 10:01,"'SSG서 방출' 하재훈, 새 둥지 찾았다! 울산 입단 확정…""몸 상태 ...",스포티비뉴스,"[스포티비뉴스=최원영 기자] SSG 랜더스에서 방출된 외야수 하재훈(36)이 KBO 퓨처스리그에 참가 중인 울산 웨일즈와 계약을 맺었다. 울산 구단은 11일 ""전 SSG 외야수 하재훈을 영입했다""며 ""하재훈은 최근 SSG에서 자유계약선수로 풀린 뒤 현역 연장 의지를 밝히며 새 둥지를 물색했다. 울산은 하재훈의 장타력과 풍부한 경험을 높이 평가해 영입을 결정했다""고 공식 발표했다. 장원진 울산 감독은 ""하재훈은 풍부한 경험과 뛰어난 장타력을 갖춘 선수다. 젊은 선수들에게 좋은 본보기가 될 수 있으며, 아직 충분히 경쟁력이 있다고 판단했다""고 설명했다. 하재훈 역시 ""몸 상태는 좋다. 힘과 스피드 모두 자신 있다""며 ""다시 한번 기회를 주신 울산 웨일즈 구단에 진심으로 감사드린다. 나를 믿고 선택해 주신 만큼 처음부터 다시 시작한다는 각오로 최선을 다하겠다""고 말했다. 이어 ""개인적인 목표보다 팀의 우승이 가장 중요하다고 생각한다. 울산 웨일즈와 함께 반드시 우승을 이루고 싶다""고 각오를 다졌다. 하재훈은 마산 용마고 졸업 후 미국으로 발걸음을 옮겼다. 시카고 컵스 산하 마이너리그팀에서 야수로 뛰다가 손목 부상 등으로 인해 투수로 전향했다. 하지만 끝내 미국에서 꽃을 피우지 못했다. 이후 일본으로 향해 야쿠르트 스왈로스, 독립리그 구단 등에서 선수 생활을 이어갔다. 2019년 KBO리그에 입성했다. SK 와이번스(현 SSG)의 2차 2라운드 16순위 지명을 받았다. 2019시즌 투수로 데뷔해 총 61경기 59이닝서 5승3패 3홀드 36세이브 평균자책점 1.98을 자랑했다. KBO리그 데뷔와 동시에 세이브왕 타이틀을 차지했다. 그해 세계야구소프트볼연맹(WBSC) 프리미어12 대표팀에 승선해 첫 태극마크까지 거머쥐었다. 그러나 2020년 어깨 부상이 생겼다. 15경기 13이닝서 1승1패 4세이브 평균자책점 7.62로 부진했다. 2021년에는 18경기 18이닝서 1승 2홀드 평균자책점 4.00을 빚었다. 2021시즌 종료 후 하재훈은 야수 전향을 결정했다. 투수로 통산 성적은 94경기 90이닝 7승4패 5홀드 40세이브 평균자책점 3.20이 됐다. 2022년부터 지난해까지 하재훈은 외야수로 뛰며 총 265경기에 출전했다. 타율 0.251(654타수 164안타) 26홈런 92타점 99득점, OPS(출루율+장타율) 0.733 등을 남겼다. 올해는 한 번도 1군에 올라오지 못했다. 퓨처스리그에선 22경기에 출장해 타율 0.171(76타수 13안타) 2홈런 13타점 10득점에 그쳤다. 결국 방출의 칼바람을 맞았다. SSG는 지난 6월 30일 ""선수단 정비를 위해 소속선수 방출 및 육성 자원 영입에 나섰다. 방출 대상자는 야수 하재훈과 이정범, 투수 박상후와 최수호 등 총 4명이다""며 ""포지션별 선수층 강화를 위해 투수 길지석, 내야수 김예준(이상 전 화성 코리요)과 임태윤(전 연천 미라클) 등 3명을 육성선수로 영입하기로 했다""고 밝혔다. 하재훈은 SSG를 떠나야 했다. 다행히 울산에서 선수 생활을 지속할 수 있게 됐다. 울산은 ""하재훈은 젊은 선수단에 경험과 장타력을 더할 수 있는 자원이다. 풍부한 1군 경험과 승부처에서의 해결 능력, 그리고 끊임없이 도전하는 자세가 남은 후반기 팀에 긍정적인 영향을 미칠 것이라 기대한다""고 전했다. 울산은 전반기 40승1무27패, 승률 0.597로 남부리그 6개 팀 중 1위에 올랐다. <저작권자 ⓒ SPOTV NEWS. 무단전재 및 재배포 금지>",https://v.daum.net/v/75MNgzUZWe
2026.07.11 10:01,"""우리 야구할 땐 콘크리트 펜스였는데…"" 마지막 잠실 올스타전, '미스터...",엑스포츠뉴스,"(엑스포츠뉴스 잠실, 양정웅 기자) 45년을 야구와 함께한 잠실야구장의 마지막이 다가왔다. 71세 노감독의 감정도 남다를 수밖에 없다. 김용희 롯데 자이언츠 퓨처스 감독은 10일 서울 잠실야구장에서 열린 2026 KBO 퓨처스 올스타전을 앞두고 취재진과 만나 잠실야구장에 대한 추억을 언급했다. 김 감독은 선수 시절 '아시아의 3루수'로 활약했다. 올스타전에서도 1982년과 1984년 두 차례 MVP를 차지하는 등 '미스터 올스타'로서 명성을 날렸다. 올스타전의 의미에 대해 김 감독은 ""사실 내 선수 생활은 그리 좋지 못했다. 이미 허리를 크게 다쳐서 선수를 못한다고 했는데 프로에 왔다""며 ""그래서 장기 레이스는 성적이 좋지 못했다""고 말했다. 이어 ""한국시리즈나 올스타전에서는 몸 관리를 잘하면 할 수 있다. 그래서 올스타전에 잘하지 않았나 싶다""고 얘기했다. 잠실에서의 추억도 많다. 1983년 첫 잠실 올스타전을 비롯해 1984년에는 선수로, 1992년에는 코치로 롯데의 한국시리즈 우승 순간을 경험했다. 반면 1995년에는 사령탑으로 한국시리즈 7차전 승부 끝에 OB 베어스(현 두산)에 밀려 정상 도전이 무산된 아픈 기억도 있다. 김 감독은 ""처음에 잠실야구장이 지어질 때 대표팀 선수였는데, 서울시에서 공사 당시 책임자가 대표선수들과 함께 캐나다를 갔다 왔다""고 말했다. 이어 ""처음 지어졌을 때는 연습을 못하게 했다. 대통령이 한번씩 오면 잔디 상태를 관리해야했기 때문이었다""고 얘기했다. 지금이야 10개 구단 홈구장 중 가장 오래된 곳이지만, 1982년 당시만 해도 최신식의 야구장이었다. 김 감독은 ""여기는 야구의 메카였다. 당시만 하더라도 다른 구장은 볼 게 없었다""고 말했다. 잠실에서의 여러 추억이 많지만, 아무래도 사령탑으로서 첫 우승 목전에서 무산됐던 1995년 한국시리즈가 김 감독에게는 잠실에서 가장 기억에 남는 순간이었다. 당시 롯데는 5차전까지 3승 2패를 거두며 우승 직전까지 갔는데, 잠실에서 열린 6, 7차전을 연달아 패배하며 준우승으로 마감했다. 이를 언급한 김 감독은 잠시 침묵하더니 ""아쉬웠다""고 씁쓸한 웃음을 지었다. 그래도 새로 생길 잠실 돔구장에 대한 기대감을 숨기지 않았다. 김 감독은 ""(새 구장이 생기는 게) 너무 좋다""며 ""옛날 우리가 야구할 때는 콘크리트 펜스에 관중석도 콘크리트였다. 그러다가 지금 이렇게 좋은 시설에서 하니 얼마나 좋나""라고 했다. 그러면서 스마트폰에서 과거 자신의 플레이 영상을 취재진에게 보여준 김 감독은 ""이런 데서 야구를 했다""고 했다. 그는 ""잠실도 돔으로 짓는다고 하고 인천도 그렇다. 얼마나 좋은 시설에서 하나""라고 말했다. 사진=잠실, 김한준·박지영 기자 / 엑스포츠뉴스 DB 양정웅 기자 orionbear@xportsnews.com",https://v.daum.net/v/qZH8fWvmZt
2026.07.11 09:54,"SSG에서 방출됐던 하재훈, 울산 웨일즈에서 야구 인생 이어간다 “힘과 ...",스포츠경향,"SSG에서 방출됐던 하재훈이 울산 웨일즈에 새 둥지를 튼다. 울산은 11일 하재훈의 영입을 알렸다. 구단은 “하재훈은 최근 SSG에서 자유계약으로 풀린 뒤 현역 연장 의지를 밝히며 새 둥지를 물색했고, 울산은 그의 장타력과 풍부한 경험을 높이 평가해 영입을 결정했다”라고 설명했다. 하재훈은 미국 무대 도전 이후 2019년 KBO리그 데뷔 첫해에 36세이브로 구원왕에 올랐고, 국가대표로도 활약했다. 이후 어깨 부상으로 다시 야수로 전향한 뒤에도 2022년부터 2025년까지 1군에서 꾸준히 활약하며 통산 26개의 홈런을 기록하는 등 장타력을 보여줬다. 장원진 감독은 “하재훈은 풍부한 경험과 뛰어난 장타 능력을 갖춘 선수다. 젊은 선수들에게 좋은 본보기가 될 수 있으며, 아직 충분히 경쟁력이 있다고 판단했다”고 영입 배경을 설명했다. 하재훈 역시 “몸 상태는 좋다. 힘과 스피드 모두 자신 있다”며 “다시 한 번 기회를 주신 울산 웨일즈 구단에 진심으로 감사드리고 저를 믿고 선택해 주신 만큼 처음부터 다시 시작한다는 각오로 최선을 다하겠다. 개인적인 목표보다 팀의 우승이 가장 중요하고 생각한다. 울산 웨일즈와 함께 반드시 우승을 이루고 싶다”라고 각오를 다졌다. 울산은 “젊은 선수단에 경험과 장타력을 더할 수 있는 자원으로, 풍부한 1군 경험과 승부처에서의 해결 능력, 그리고 끊임없이 도전하는 자세가 남은 후반기 팀에 긍정적인 영향을 줄 것으로 기대하고 있다”고 전했다. 김하진 기자 hjkim@kyunghyang.com",https://v.daum.net/v/FhFAXNoM3Q
2026.07.11 09:44,"‘충격 방출’ 세이브왕 출신 36세 외야수, 울산이 품었다…새 둥지 찾은...",OSEN,"[OSEN=이후광 기자] SSG 랜더스에서 방출된 하재훈(36)이 울산으로 향한다. 울산 웨일즈는 11일 ""전 SSG 랜더스 외야수 하재훈을 영입했다""라고 공식 발표했다. 하재훈은 최근 SSG에서 자유계약으로 풀린 뒤 현역 연장 의지를 밝히며 새 둥지를 물색했고, 울산은 ""하재훈의 장타력과 풍부한 경험을 높이 평가해 영입을 결정했다""라고 밝혔다. 하재훈은 미국 무대 도전 이후 2019년 KBO리그 데뷔 첫해 36세이브로 구원왕에 올랐고, 국가대표로도 활약했다. 이후 어깨 부상을 당해 야수로 전향한 가운데 2022년부터 2025년까지 1군에서 꾸준히 활약하며 통산 26개의 홈런을 기록하는 등 장타력을 보여줬다. 울산 장원진 감독은 ""하재훈은 풍부한 경험과 뛰어난 장타 능력을 갖춘 선수다. 젊은 선수들에게 좋은 본보기가 될 수 있으며, 아직 충분히 경쟁력이 있다고 판단했다""라고 영입 배경을 설명했다. 하재훈 역시 “몸 상태는 좋다. 힘과 스피드 모두 자신 있다”라며 ""다시 한 번 기회를 주신 울산 웨일즈 구단에 진심으로 감사드리고 저를 믿고 선택해 주신 만큼 처음부터 다시 시작한다는 각오로 최선을 다하겠다. 개인적인 목표보다 팀의 우승이 가장 중요하고 생각한다. 울산 웨일즈와 함께 반드시 우승을 이루고 싶다”라고 각오를 다졌다. 울산은 ""하재훈은 젊은 선수단에 경험과 장타력을 더할 수 있는 자원으로, 풍부한 1군 경험과 승부처에서의 해결 능력, 그리고 끊임없이 도전하는 자세가 남은 후반기 팀에 긍정적인 영향을 줄 것으로 기대하고 있다""라고 의미를 부여했다. /backlight@osen.co.kr",https://v.daum.net/v/Y3iMM1XSSO
2026.07.11 09:42,"'발 빠른 마산고 출신 외야수' 무럭무럭 자라는 제2의 안현민 ""확장 엔...",마이데일리,"[마이데일리 = 잠실 김경현 기자] 안현민이 복사가 되는 것일까. KT 위즈에 흥미로운 유망주가 탄생했다. 바로 2007년생 외야수 이재원의 이야기다. 양덕초-창원신월중-마산고를 졸업한 이재원은 2026 신인 드래프트 6라운드 56순위로 KT 유니폼을 입었다. 팬들 사이에서 '제2의 안현민'으로 불린다. 마산고 출신으로 안현민의 직속 후배다. 또한 고3 시절 20도루를 기록할 만큼 발도 빠르다. 프로 입단 후 안현민은 포수에서 외야수로, 이재원은 내야수에서 외야수로 전향했다. 이강철 감독은 ""안현민 될 줄 누가 알아? 안현민 후배라던데""라면서 ""발 빠르고 도루 잘하는 선수다. (유)준규처럼 키우려고 한다. 유준규처럼 스페셜로 키울만 하다. 야물딱지다""라고 설명한 바 있다. KBO리그 최초의 기록을 썼다. 지난달 4월 수원 LG 트윈스전 LG 트윈스전 대타로 데뷔 첫 타석에 들어서 투런 홈런을 쳤다. 신인 데뷔 첫 타석 대타 홈런은 2012년 9월 14일 KIA 타이거즈 황정립 이후 두 번째다. 고졸 신인으로 범위를 좁히면 이재원이 최초다. 퓨처스리그 31경기에 출전해 35안타 11도루 23득점 19타점 타율 0.313 OPS 0.807을 기록, 퓨처스 올스타전에 초대받았다. '마이데일리'와 만난 이재원은 ""이런 이벤트가 야구하면서 처음이다. 좋은 추억을 만들 수 있어 정말 좋다""고 소감을 전했다. 첫 홈런에 대해 묻자 ""맞자마자 손맛이 좋았다. 인플레이다 싶어서 전력으로 뛰었는데 갑자기 외야수들이 멈추더라. 홈런 치면 위즈파크 불이 꺼지지 않나. 그때 '내가 넘겼구나' 하는 게 실감이 났다. 그라운드 돌면서 너무 신나서 코치님, 선배님들과 하이파이브도 세게 하고 그랬다""고 전했다. 안현민과 평행이론에 대해 ""(안)현민이 형 뒤를 이어서 더 잘하려고 한다. 행동도 잘 보이려고 노력하게 된다""고 했다. 안현민이 햄스트링 부상으로 2군에 내려왔을 때 많은 대화를 나눴다고 한다. 이재원은 ""제가 방망이 치는 것 보고 바로 문제점을 말씀해 주셨다. 경기 때도 투수 유형에 따라 어떻게 스타트를 끊고 어떤 준비를 하고 있어야 하는지 말씀해 주셨다""고 밝혔다. 이재원은 지난달 3~10일까지 8일간 1군에서 머무르고 2군에 내려왔다. 이강철 감독이 어떤 말을 해줬을까. 이재원은 ""내려가게 된 상황이 어쩔 수 없는 상황이라고 말씀해 주셨다. 충분히 보여줬다고 해주셨고, 수비 열심히 하고 도루 많이 하고 있으라고 말해주셨다""고 답했다. 다시 1군에 올라오는 것이 후반기 목표다. 이재원은 ""확장 엔트리가 되면 1군에 올라갈 수 있게 하겠다. 2군에서 제 장점을 살려서 도루도 하고 타율도 유지하면서 1군에 오래 있을 수 있도록 준비하고 있다""고 했다. 팬들에게 한 마디를 부탁하자 ""홈런 치고 응원 메시지를 많이 받았다. 그것 덕분에 제가 선수라는 게 실감 난다. 더 잘해야겠다는 동기부여가 된다""고 힘줘 말했다. 한편 이재원은 퓨처스 올스타전서 7번 타자, 중견수로 선발 출전해 3타수 1안타(3루타) 1득점을 기록했다.",https://v.daum.net/v/WQ1FzImjwz
2026.07.11 09:42,“다시 기회 온다면 더 좋은 모습 보여드리겠다”…삼성 김백산의 당찬 각오,MK스포츠,"“다시 기회가 온다면 진짜 더 좋은 모습을 보여드리겠다.” 김백산(삼성 라이온즈)이 앞으로의 활약을 약속했다. 강릉고, 부산과기대 출신 김백산은 빠른 패스트볼이 강점인 우완투수다. 신인드래프트에서 프로 구단의 지명을 받지 못했으나, 포기하지 않았다. 육성선수 시스템을 통해 지난해 삼성 유니폼을 입었다. 프로에서도 곧 큰 존재감을 드러냈다. 올해 퓨처스(2군)리그 20경기(35.2이닝)에서 3승 2패 1홀드 평균자책점 2.78을 찍었다. 1군 데뷔전이었던 지난 2일 창원 NC 다이노스전에서는 5.2이닝 2피안타 4사사구 3탈삼진 무실점으로 호투하며 역대 37번째로 데뷔전에서 선발승을 챙긴 투수가 됐다. 육성선수 출신으로는 지난 5월 박준영(한화 이글스·등번호 68번)에 이어 역대 두 번째다. 이후 김백산은 10일 잠실야구장에서 열린 2026 KBO 퓨처스(2군) 올스타전에도 당당히 출전했다. 남부 올스타(삼성·NC·롯데 자이언츠, KIA 타이거즈, KT위즈·울산 웨일즈) 소속으로 나선 그는 4-0으로 앞서던 9회초 마운드에 올라 북부 올스타(고양 히어로즈·SSG랜더스·LG 트윈스·두산 베어스·한화 이글스·상무)를 상대했고, 1이닝 무실점을 올리며 승리를 지켜냈다. 본 행사가 열리기 전 취재진과 만난 김백산은 “최고의 선수들만 모인 자리에 오게 돼 너무 꿈만 같다”면서 “드래프트 지명은 안 됐지만 2군 내려오는 형들을 보며 많이 느끼고 포기하지 않은 덕분에 좋은 기회가 온 것 같다. 키워주신 모리야마 료지 (2군) 감독님께 진심으로 감사드린다”고 밝은 미소를 지었다. 이어 “1군 첫 등판 때는 진짜 숨이 안 쉬어질 정도로 떨렸다”며 “결과가 좋았지만, 확실히 1군 타자들은 몰리는 공을 무조건 쳐 내더라. 개선해야 할 점을 많이 느꼈다”고 2일 NC전을 돌아봤다. 김백산의 호투는 ‘푸른 피의 에이스’ 원태인에게도 큰 감명을 줬다. 원태인은 3일 인천 SSG전에서 선발승을 따낸 뒤 “시원시원하게 던지는 (김)백산이의 투구가 큰 영감을 줬다”고 엄지손가락을 치켜세웠다. 이를 들은 김백산은 “원태인 선배님 때문에 중·고등학교 때 등번호 18번을 달았을 정도로 제일 본받고 싶은 선수”라며 “항상 선배님께 내가 던지는 걸 보여주고 싶었는데, 이번에 잘 보여준 것 같아 너무 좋다. 실물로 뵈니 훨씬 잘생기셨더라”라고 배시시 웃었다. 1군 데뷔전 직후 다시 2군으로 내려간 김백산은 착실하게 선발 수업을 받으며 기량을 가다듬고 있다. 기회가 온다면 더 좋은 투구를 펼칠 태세다. 그는 “아직 부족하다는 걸 알기에 2군에서 더 개선하고 싶어 내려간 것이 아쉽지 않았다”며 “다시 기회가 온다면 진짜 더 좋은 모습을 보여드리겠다”고 목소리에 힘을 줬다. [이한주 MK스포츠 기자] [ⓒ MK스포츠, 무단전재 및 재배포 금지]",https://v.daum.net/v/HLRu9vhDiG
2026.07.11 09:41,"“ML 간 (송)성문이형, 너무 멀어진 느낌” 함께 운동했던 키움 후배,...",OSEN,"[OSEN=잠실, 길준영 기자] 상무 피닉스에서 퓨처스 올스타에서 선발된 프로야구 키움 히어로즈 고영우(25)가 메이저리그에 진출한 샌디에이고 파드리스 송성문(30)의 길을 걷겠다는 포부를 밝혔다. 고영우는 10일 서울 잠실구장에서 열린 ‘2026 신한 SOL KBO 퓨처스 올스타전’ 인터뷰에서 “한 번 나와보고 싶은 자리였는데 굉장히 좋고 새롭다. 잠실구장 마지막인데 나오게 돼서 영광이다”라고 퓨처스 올스타에 선정된 소감을 전했다. 2024 신인 드래프트 4라운드(39순위) 지명으로 키움에 입단한 고영우는 데뷔 시즌 94경기 타율 2할5푼6리(254타수 65안타) 35타점 21득점 OPS .648을 기록하며 가능성을 보여줬다. 하지만 2025시즌 14경기 타율 2할1푼7리(23타수 5안타) 2타점 4득점 OPS .541을 기록하며 부진한 시즌을 보냈고 시즌 종료 후 상무에 입대했다. 상무에서 군 복무를 하고 있는 고영우는 25경기 타율 3할4푼9리(86타수 30안타) 12타점 14득점 2도루 OPS .815로 좋은 성적을 기록중이다. 이러한 활약에 힘입어 데뷔 후 처음으로 퓨처스 올스타에 선정됐다. 고영우는 데뷔 시즌 잠실구장에서 11경기 타율 4할1푼4리(29타수 12안타) 7타점 3득점으로 좋은 활약을 펼친 바 있다. “잠실에서 성적이 좋았던 편이다”라고 말한 고영우는 “MVP를 노리고 열심히 해보겠다”며 웃었다. 상무에서 운동에 전념하고 있는 고영우는 “내가 좀 더 성장을 해야한다고 느꼈다. 웨이트 트레이닝도 그렇고 기술적인 부분도 그렇고 업그레이드를 하기 위해 노력하고 있다”고 강조했다. 처음 키움에 입단했을 때 고영우는 지금은 메이저리그에서 뛰고 있는 송성문과 함께 운동을 하며 근육량을 늘리기 위해 노력했다. “그 때 배운 운동으로 지금도 열심히 하고 있다”고 말한 고영우는 “상무에서도 몸 좋은 장재영(키움), 전미르(롯데) 같은 친구들과 함께 운동하면서 도움을 받고 있다. 운동은 어느정도 성과가 있는 것 같아. 아직 야구로 연결이 되는 것은 잘 모르겠지만 하다보면 야구도 더 잘 할 수 있지 않을까 싶다”고 이야기했다. 고영우와 함께 훈련을 했던 송성문은 KBO리그를 평정하고 지금은 메이저리그에서 뛰고 있다. “정말 멋지다”라고 말한 고영우는 “그런데 이제는 왠지 연락을 하기가 어렵다. 원래 정말 친한 선배였는데 메이저리그에서 뛰는 것을 보니 멀어진 느낌이다”라며 웃었다. 이어서 “(송)성문이 형이 먼저 연락할 일은 없으니까 내가 먼저 해야한다”고 덧붙였다. 고영우는 내년 6월 전역을 할 예정이다. 시즌 중에 전역을 하는 만큼 즉시전력으로 바로 1군에 기용될 수도 있다. “이제는 나이가 나이인지라 가능성이 아닌 결과를 보여줘야 한다”고 말한 고영우는 “내가 잘해야 경기에 나갈 수 있다. 야구에 집중할 수 있는 환경이기 때문에 정말 열심히 준비하겠다”며 각오를 새롭게 다졌다. /fpdlsl72556@osen.co.kr",https://v.daum.net/v/poWegzUZvA
2026.07.11 09:31,"'KBO 2군 폭격' 일본산 150km 파이어볼러도 원한다 ""日 육성계약...",스포티비뉴스,"[스포티비뉴스=잠실, 박승환 기자] ""일본 육성 계약보다는 KBO리그"" 홋카이도 대학을 졸업한 나가 타이세이는 일본 신인드래프트에서 프로 구단의 선택을 받지 못했다. 대학 시절까지 야구를 해왔지만, 연식 야구를 해왔던 까닭. 이에 나가는 조금 더 야구를 전문적으로 해보기 위해 독립리그행을 택했고, 비바이 블랙 다이아몬즈와 군마 다이아몬스 페가수스를 거쳐 올 시즌에 앞서 울산 웨일즈 유니폼을 입게 됐다. 나가는 현재 퓨처스리그를 평정해 나가는 중이다. 최고 152km까지 던지는 나가는 지난 3월 22일 퓨처스리그 개막전에서 롯데 자이언츠를 상대로 5이닝 1실점(1자책)으로 역투했지만, 승리와 연이 닿지 못했었는데, 두 번째 등판이었던 KIA 타이거즈와 맞대결에서 7이닝 7피안타 1볼넷 2사구 2탈삼진 2실점(2자책)으로 역투하며 2군이지만, KBO리그에서 첫 승을 수확했다. 이후 나가는 큰 기복 없이 순항하며 올해 15경기에서 6승 2패 평균자책점 2.20을 마크하고 있다. 나가는 전반기가 끝난 시점에서 박세진(롯데 자이언츠)에 이어 남부리그 평균자책점 2위, 다승 2위에 랭크돼 있고 탈삼진 부문에서는 1위(58K)를 달리고 있다. 이런 좋은 성적을 바탕으로 나가는 KBO 퓨처스리그 최초로 외국인 선수가 올스타전에 출전하는 기염을 토하게 됐다. 10일 퓨처스 올스타에 앞서 만난 나가. 비록 2군이지만 프로 무대에서 첫 올스타전에 출전하게 된 소감은 어떨까. 나가는 ""퓨처스 올스타전에 외국인 선수가 출전하는 것은 처음이라고 들었다. 이와 관련된 프레셔(압박감)이 있어서 그런지 긴장이 된다""고 면서도 ""외국인 선수로는 처음이라는 점에서 매우 영광이고 기쁘다""고 활짝 웃었다. 그리고 나가는 전반기를 돌아보는 시간을 가졌다. 그는 ""ABS에 적응하는 것이 조금 힘들긴 했다. 하지만 많이 던지면서, 이제는 조금 적응이 된 것 같다. 올 시즌 트랙맨 기준으로 150km를 마크했다. 그리고 기록적으로 좋은 성적이 유지되고 있다는 점이 만족스럽다. 지금 탈삼진 부문에서 1위를 하고 있는데, 그대로 1위로 시즌을 마치고 싶다. 그리고 평균자책점도 1점대로 마치면 좋을 것 같다""고 말했다. 지금 이런 모습이라면 나가는 내년 2군이 아닌 1군에서 볼 가능성이 높은 선수다. 아시아쿼터 제도를 통해 10개 구단의 선택을 받을 수 있는 까닭이다. 물론 2군에서의 퍼포먼스가 1군에서 통한다는 보장은 없지만, 아시아쿼터 선수들의 부진과 시장 상황 등을 고려하면, 이미 검증이 된 나가를 선택하는 팀이 등장할 수도 있다. 현재 나가를 유심히 지켜보는 구단들도 있다. 다만 현 시점에서 울산 웨일즈에서 뛰고 있는 외국인 선수들이 1군 팀으로 이적하는 것은 쉽지가 않다. 이유는 이적료 문제 때문이다. 울산은 이적료가 너무 싸다는 입장이고, 10개 구단들은 지금 책정돼 있는 이적료 이상을 지불하는 것에 부담을 느끼고 있다. 나가는 ""구단들이 나를 지켜보고 있다는 점에서 감사하게 생각한다""며 ""남은 시즌 동안 좋은 모습을 보여주고, 다음 시즌에는 아시아쿼터로 한 자리를 차지할 수 있도록 노력하고 싶다. 어떻게 될지는 알 수 없지만, 최선을 다할 생각""이라고 강조했다. 특히 나가는 일본프로야구 무대에서 정식선수 오퍼가 들어오는 것이 아니라면, KBO리그에서 커리어를 이어가고 싶다는 뜻도 분명히 밝혔다. 그는 ""육성선수로 일본 구단에 입단하는 것보다는 KBO리그에 남고 싶다""고 목소리를 높였다. 끝으로 나가는 ""올 시즌 트랙맨 기준으로 150km를 마크했다. 그리고 슬라이더가 내 가장 큰 강점이다. 슬라이더로 대부분의 삼진을 잡아냈고, 후반기에는 포크볼도 많이 던지면서 내 강점을 더 만들어나갈 것""이라고 두 주먹을 힘껏 쥐었다. <저작권자 ⓒ SPOTV NEWS. 무단전재 및 재배포 금지>",https://v.daum.net/v/FsdWVySrWV
2026.07.11 09:31,"145ｍ가 몇 개야? 압도적 비거리, 괴력의 강백호… 홈런왕 레이스 대역...",스포츠경향,"승부 자체는 접전이었지만, 비거리만큼은 차원이 달랐다. 강백호의 타구는 맞는 족족 잠실 외야 관중석 최상단에 꽂혔다. 그런데도 본인은 비거리가 아쉽다고 했다. 잠실 구장 장외로 넘기는 게 목표였는데, 결국 실패했다는 것이다. 올스타전 홈런 더비, 한화 강백호가 무시무시한 파워를 새삼 과시했다. 강백호는 10일 잠실 구장에서 열린 2026시즌 KBO리그 홈런 더비에서 SSG 오태곤을 꺾고 우승을 차지했다. 예선에서 7홈런으로 오태곤, 허인서(한화)와 동률을 이뤘지만 최장 비거리에서 앞서 1위로 결승에 올랐다. 강백호는 예선에서 비거리 145ｍ 초대형 홈런만 여러 차례 날렸다. 결승전 승리는 극적이었다. 대체 선수로 합류한 오태곤이 괴력을 발휘하며 예선에 이어 결승에서도 홈런 7개를 때렸다. 어지간하면 우승을 차지할 수 있는 숫자. 강백호는 결승전 정규 7아웃까지 홈런 3개를 때리는 데 그쳤다. 30분 휴식 후 추가 시간 1분이 다 될 때까지도 3홈런 밖에 더 치지 못했다. 이대로면 홈런 1개 차 강백호의 패배. 그러나 제한 시간 종료 3초를 남기고 강백호의 방망이가 번쩍하고 돌았다. 총알 같이 날아간 타구가 잠실 오른 담장 폴을 그대로 때렸다. 강백호가 승부를 원점으로 돌렸다. 이어진 30초 제한의 연장 ‘서든 데스’ 승부. 오태곤이 무홈런에 그쳤다. 뒤이어 타석에 들어선 강백호가 2번째 스윙에서 잠실 구장 오른쪽 관중석에 타구를 꽂아 넣었다. 우승을 확정한 순간, 강백호가 방망이를 크게 집어 던지고 두 팔을 번쩍 치켜들었다. 펄쩍펄쩍 뛰며 우승의 기쁨을 만끽했다. 강백호는 우승 상금 1000만원과 상품으로 삼성 비스포크 AI 에어드레서를 수상했다. 145ｍ 홈런으로 최장 비거리상도 석권했다. LG 퓨리케어 AI 360° 공기청정기 플러스를 부상으로 받았다. 배팅볼 투수로 강백호의 우승을 크게 도운 동갑내기 KIA 한준수도 홈런 메이커상을 수상했다. 보스 QC 울트라 헤드폰 2세대를 상품으로 받았다. 이번이 2번째 홈런 더비였다. 강백호는 “신인이던 2018년에 한 번 나간 이후로 이번이 처음이었다. 우승 한번 해봐야겠다고 생각했는데 우승할 수 있어서 기쁘다”고 소감을 밝혔다. 그러나 100%로 만족하지는 못했다. 강백호는 “잠실 야구장 장외를 한 번 넘기는 게 목표였다. 우승을 못하더라도 그거 하나는 넘기고 싶었는데 부족했다”고 아쉬움을 드러냈다. 배팅볼 투수 한준수에게도 고마움을 표시했다. 강백호는 “전통적으로 포수가 배팅볼을 잘 던진다. 준수와 일단 친하고, 공을 잘 던지는 것도 알았다”고 했다. 상금 분배는 어떻게 하겠느냐는 말에는 짐짓 심각한 표정으로 “준수가 사실 올해 제 방망이를 벌써 한 10자루 정도는 가져다가 썼다. 제가 준수한테 보답을 받아야 하는 건지, 아니면 보답을 해야 하는 건가”라고 했다. 그리고는 바로 “상금은 나눌 거다. 처음부터 그렇게 꼬셨다”고 했다. 이벤트성 대회라고 하지만 데뷔 후 첫 홈런 더비 우승으로 도파민을 가득 채웠다. 후반기를 앞두고 기분 전환을 위한 좋은 계기가 됐다. 전반기 강백호는 타율 0.313에 장타율은 무려 0.600을 찍으며 OPS 0.984를 기록했다. 이대로면 FA 이적 첫해부터 커리어 하이다. 생애 첫 홈런왕도 노려볼 만 하다. 전반기 강백호가 때려낸 홈런은 모두 23개. 공동 1위 김도영(KIA) ·오스틴 딘(LG·이상 27개)과는 4개 차이다. 남은 시즌 역전도 충분히 가능하다. 경쟁자들에 비해 유리한 점도 있다. 김도영은 9월 아이치·나고야 아시안게임에 나간다. 리그 공백이 불가피하다. 오스틴은 한국에서 가장 넓은 잠실을 홈으로 쓴다. 남은 경기도 강백호가 가장 많다. 전반기 한화는 82경기를 했다. KIA·LG보다 3경기를 덜 치렀다. 잠실 | 심진용 기자 sim@kyunghyang.com",https://v.daum.net/v/P9rMIx6b3h
2026.07.11 09:30,"‘미나미 빙의’ 엄준현, ‘퍼완얼’ 박종혁… 집안싸움 승자는 엄준현, K...",스포츠경향,"원래 이런 팀이었나. 젊은 피들의 끼가 끓어 넘친다. KIA가 퓨처스 올스타전 베스트 퍼포먼스상 수상자를 2년 연속 배출했다. 지난해 외야수 박재현(20)이 상을 따내더니, 올해는 ‘집안싸움’ 끝에 내야수 엄준현(20)이 같은 팀 박종혁(19)을 제치고 수상자가 됐다. 10일 잠실에서 열린 퓨처스리그 올스타전, 3회말 1사 후 엄준현의 타석이 돌아왔다. 의상부터 강렬했다. 엄준현은 ‘최근 대세’ 걸그룹 리센느의 일본인 멤버 미나미로 변신했다. 유튜브에서 열풍을 일으킨 ‘거제 야호’ 밈에 맞춰 떡 벌어진 어깨를 흔들며 파라파라 댄스를 췄다. 퓨처스리그 올스타전 역대 최다 1만21816명 관중의 시선과 탄성 혹은 탄식이 엄준현을 향해 쏟아졌다. 퍼포먼스를 마친 엄준현은 미나미 복장을 벗고 KIA 유니폼으로 타석에 들어섰다. 그러나 얼굴의 분장은 그대로였다. 긴 속눈썹이 헬멧 아래에서 찰랑거렸다. 엄준현이 일찌감치 기선 제압에 성공했지만, 경쟁자들의 도전도 만만찮았다. 이날로 전역까지 339일을 남긴 현역 군인 고영우(상무)가 전투복 차림으로 방망이를 소총처럼 들고나왔다. 엎드렸다 누웠다 낮은 포복으로 그라운드 위에서 한참을 전진하더니 야구공을 수류탄 삼아 핀 뽑는 모션까지 취하고 정석적인 자세로 던졌다. 고영우를 뒤이은 강력한 도전자도 엄준현과 같은 KIA의 신예들이었다. KIA 포수 신명승은 아이돌 가수 최예나의 ‘캐치캐치’를 그대로 복사했다. 금발 가발에 화려한 물방울 재킷을 입고 나온 신명승은 엄준현과 비교해도 절대 뒤지지 않는 열정적인 댄스를 선보였다. KIA 내야수 박종혁은 엄준현, 신명승과는 결이 다른 퍼포먼스로 압도적인 존재감을 보였다. 지난해 신인 드래프트 직후부터 조각 같은 외모로 화제가 됐던 박종혁은 ‘퍼포먼스의 완성도 결국 얼굴’이라는 걸 증명했다. 준비물이 그리 많지는 않았다. 검정색 선글라스에 군용 재킷 한 벌만 걸쳤다. 장미꽃 한 송이를 들고나오더니 이날 주심을 맡은 허정수 심판에게 그대로 건넸다. “나 맞아?”라고 두 번이나 되물은 허 심판의 눈동자가 흔들렸다. 그걸로 충분했다. 나머지는 얼굴이 다했다. 치열한 승부 끝에 엄준현이 최종 승자가 됐다. 팬 투표 전체 7814표 중 엄준현이 2903표를 받았다. 2565표를 받은 박종혁을 300여 표 차이로 이겼다. 엄준현이 득표율 37%, 박종혁이 득표율 33%를 기록했다. KIA 두 명이 전체 표의 70%를 휩쓸었다. 엄준현도 박종혁도 아직 1군 경험은 없다. 지난해 퓨처스 올스타전 베스트 퍼포먼스상을 받은 박재현의 길을 따라간다면 베스트 시나리오다. 박재현은 퍼포먼스로 입증한 넘치는 에너지를 올해 1군 그라운드 위에서 유감없이 쏟아내고 있다. KIA 주전 외야수로 자리매김했고, 9월 열리는 아이치·나고야 아시안게임에도 국가대표로 나간다. 잠실 | 심진용 기자 sim@kyunghyang.com",https://v.daum.net/v/PElT9vhDUS
2026.07.11 09:12,"적장 이강철 감독도 감탄했다, 칭찬이 고픈 두산 2R 신인 투수 “우리 ...",OSEN,"[OSEN=잠실, 길준영 기자] 프로야구 두산 베어스 신인 좌완투수 최주형(19)이 KT 위즈 이강철 감독의 칭찬에 감사한 마음을 밝혔다. 최주형은 10일 서울 잠실구장에서 열린 ‘2026 신한 SOL KBO 퓨처스 올스타전’ 인터뷰에서 “처음 올스타에 선발됐을 때는 놀랐다. 이렇게 올스타전에 오니까 좋은 것 같다”고 퓨처스 올스타에 선발된 소감을 전했다. 2026 신인 드래프트 2라운드(17순위) 지명으로 두산에 입단한 최주형은 퓨처스리그에서 15경기(19이닝) 1승 3홀드 평균자책점 2.84로 좋은 성적을 거뒀다. 1군에 올라와서는 8경기(7이닝) 평균자책점 0.00을 기록했다. 실점은 없었지만 볼넷이 7개에 달했다. 제구에서는 아쉬움이 있었지만 구위는 확실했다. 7이닝 동안 탈삼진 8개를 잡아냈다. 최주형을 상대한 KT 위즈 이강철 감독도 혀를 내둘렀다. 좌타자는 손도 대지 못할 것 같다면서 폼이 예쁘다는 칭찬도 잊지 않았다. 최주형은 “이강철 감독님께서 칭찬을 해주셨다고 많이 들었다. 내가 그 정도인가 싶었다”면서 “우리 감독님(김원형 감독)께서는 그렇게 칭찬을 해주신 적이 없다. 제구와 커맨드에서 더 보완을 하면 인정받을 수 있을 것 같다”며 웃었다. 전반기 막판 1군에 올라왔지만 지난 9일 다시 1군 엔트리에서 말소된 최주형은 “좋은 기회였는데 내가 그 기회를 잘 잡지 못한 것 같다. 후반기에 더 잘해서 다음에는 기회를 잡고 싶다. 전반기보다 더 자신있는 모습으로 승부를 하겠다”고 말했다. 홈구장 잠실구장에서 열리는 마지막 올스타전에서 마운드에 오를 수 있게 된 최주형은 “잠실에서는 3번 정도밖에 던지지 못했다. 원정경기 등판이 많았다”고 아쉬워 하면서 “잠실에서 하는 마지막 올스타전이니까 잘해보고 싶다”며 마음을 다잡았다. “아직 실력이 많이 부족한데 이강철 감독님의 칭찬 덕분에 주목을 받고 도움이 된 것 같다”며 이강철 감독에게 감사한 마음을 전한 최주형은 “김원형 감독님도 기회를 많이 주셨다. 정말 감사하다. 후반기에는 싸움닭처럼 던질테니까 기대를 해주시면 좋겠다”며 후반기 활약을 다짐했다. /fpdlsl72556@osen.co.kr",https://v.daum.net/v/92wfgzUZhe
2026.07.11 09:07,"50명 중 27명이 올스타전 처음이라니…국가대표 에이스, 거포 포수, 아...",스포티비뉴스,"[스포티비뉴스=최원영 기자] 별들의 축제, 처음인 선수들이 이렇게나 많다. 2026 신한 SOL KBO 올스타전이 11일 서울 잠실야구장에서 펼쳐진다. 열기가 무척 뜨거울 전망이다. 별들의 잔치에 처음 초대받은 선수들은 더욱 설레는 마음으로 올스타전 무대를 누빌 예정이다. 올해 올스타전에 참가하는 선수는 총 50명인데, 그중 절반이 넘는 27명이 처음으로 올스타전에 출전하게 됐다. 선수들의 면면을 자세히 살펴봤다. SSG 이숭용 감독이 이끄는 드림 올스타에서는 베스트12 선정의 영광을 누린 투수 곽빈(두산), 이승민(삼성), 야수 박준순(두산), 최원준(KT)이 첫 출전을 앞뒀다. 감독 추천 선수 중에서는 투수 김건우(SSG), 양창섭(삼성), 손동현, 전용주(이상 KT), 김진욱, 박정민, 현도훈(이상 롯데)과 야수 김도환(삼성), 정준재, 오태곤(이상 SSG)이 처음으로 명단에 승선했다. 이중 국가대표 선발 에이스이기도 한 곽빈은 2018년 조쉬 린드블럼 이후 8년 만에 두산 소속으로 올스타 선발투수 베스트12로 뽑혔다. 이승민은 팬 투표에서 두산 김정우에 이어 2위를 기록했지만 선수단 투표에서 강세를 보여 총점 27.54점을 빚었다. 김정우의 24.79점을 2.75점 차이로 제치고 첫 베스트12에 선정됐다. 양창섭은 당초 감독 추천 선수 명단에 포함되지 않았다. 삼성 신인투수 장찬희가 선택받았다. 그러나 장찬희는 오른쪽 팔꿈치 굴곡근에 부종이 생겨 7월 1일 부상자 명단에 올랐다. 염증이 심한 상황은 아니지만 프로 데뷔 시즌을 치르고 있는 신인이라 관리 차원에서 1군 엔트리에서 제외됐다. 장찬희가 올스타전에 나서기 어려워지자 양창섭이 지난 4일 대체선수로 선발됐다. 올 시즌 양창섭은 삼성 선발진의 한 축을 맡아 든든히 활약했다. 14경기 61⅓이닝서 7승 무패 평균자책점 4.26을 선보였다. 전반기 승률이 여전히 1.00이다. 최원준은 드림 외야수 부문 선수단 투표에서 1위(253표)를 차지했다. 팬 투표 3위였던 두산 김민석을 총점 약 5점 차로 제치고 베스트12 외야수로 뽑혔다. LG 염경엽 감독이 지휘하는 나눔 올스타에서는 베스트12로 선정된 투수 아담 올러, 야수 박재현(이상 KIA)과 허인서(한화)가 처음으로 별들의 무대에 선다. 감독 추천 선수로는 투수 우강훈(LG), 류진욱, 전사민(이상 NC), 박준현, 가나쿠보 유토(이상 키움), 야수 한준수(KIA), 김건희(키움), 구본혁, 문성주, 송찬의(이상 LG)가 첫 출전의 기쁨을 누리게 됐다. 올러는 나눔 선발투수 부문 팬 투표 2위였지만 선수단 투표 1위(150표)로 총점 30.91점을 완성했다. 23.37점의 송승기(LG)를 따돌렸다. 올러는 지난해 올스타전서 감독 추천 선수로 선정됐다가 어깨 부상으로 출전이 불발된 바 있다. 올해 더 제대로 즐겨보려 한다. 한화의 새로운 안방마님 허인서는 빙그레 소속으로 1988~1990년 올스타 베스트에 올랐던 유승안 이후 36년 만에 올스타 베스트에 뽑힌 2번째 한화 프랜차이즈 포수가 됐다. 더욱 큰 영광을 안았다. 박재현은 팬 투표에서의 강세와 함께 총점 32.67점을 만들었다. 총점 32.06점의 요나단 페라자(한화)를 간발의 차로 제쳤다. 올해 올스타 투표 전 포지션 중 가장 근소한 격차인 0.61점을 기록했다. 접전 끝에 박재현이 나눔 외야수 부문 3위를 따냈다. 유토는 아시아쿼터 외국인 선수 중 최초로 올스타전에 나서며 리그 역사에 이름을 새기게 됐다. <저작권자 ⓒ SPOTV NEWS. 무단전재 및 재배포 금지>",https://v.daum.net/v/zsX4w42uC5
2026.07.11 09:05,"""홈런 2개로 꼴등 면한 거 창피해"" 작년엔 배팅볼 투구→올해 첫 홈런더...",엑스포츠뉴스,"(엑스포츠뉴스 잠실, 양정웅 기자) 생애 첫 올스타 홈런더비에 출전한 김주원(NC 다이노스). 뒤늦게 감을 잡은 게 못내 아쉬운 모습이었다. 김주원은 10일 서울 잠실야구장에서 열린 2026 신한 SOL Bank KBO 올스타전 '컴투스프로야구 홈런더비'에 출전했다. 올해로 3번째(2023, 2025, 2026년) 올스타에 선발된 김주원은 6월 28일 경기까지 홈런 9개 이상을 기록한 올스타 선정 선수 12인 중 팬 투표를 통해 상위 득표자 8명이 나가는 홈런더비에 선발됐다. 전반기 13홈런을 기록한 그는 박건우(15홈런)에 이어 팀 내 2위를 기록 중이다. 지난해에는 김형준의 배팅볼 투수로 나왔던 김주원은 사상 초유의 몸에 맞는 배팅볼을 던져 웃음을 자아냈다. 당시 피해자(?)인 김형준은 ""말할 게 있나. 그냥 미친 X이다""라고 농담을 던졌다. 그랬던 김주원이 1년 만에 본인이 직접 출전한 것이다. 선배 박민우가 배팅볼을 던진 가운데, 김주원은 한 차례 실패 후 우중간을 넘기는 홈런이 나왔다. 하지만 이후 4연속 아웃이 되며 피버타임(추가 1분)으로 넘어갔다. 추가 시간에도 펜스를 맞고 나오는 등 어려움을 보였는데, 막판 홈런 하나를 더해 2개로 마쳤다. 박준순(두산 베어스)이 1개를 치며 최하위는 면했지만, 김주원은 김도영(KIA 타이거즈)과 함께 동률을 이루며 예선에서 탈락했다. 그렇게 첫 홈런더비는 허무하게 끝났다. 홈런더비를 마친 후 엑스포츠뉴스와 만난 김주원은 ""막판에 감을 잡았다""면서도 ""(박)민우 형 배팅볼이 진짜 좋았는데, 내가 너무 못 쳤다""고 자책했다. ""한 개도 못 칠 줄 알았는데 다행히 2개는 쳤다""고 한 김주원은 4연속 아웃 당시를 언급하며 ""그때 천천히 했어야 했는데, 약간 마음이 급해져서 쳤다""고 아쉬움을 드러냈다. 처음 홈런더비 투표 후보에 들었을 때는 망설이는 모습을 보였지만, 한번 맛을 보니 생각이 달라졌다. 김주원은 ""내가 나가는 게 맞나 싶었는데, 막상 나오니까 그전에는 다른 선수들 치는 거 구경만 하다가 내가 해서 좋았다""고 했다. 이어 ""다음 번에 열심히 잘해서 한번 더 나가고 싶다""고 밝혔다. 지난해 김주원의 배팅볼로 홈런더비에 나섰던 김형준은 인스타그램 스토리를 통해 ""데드볼 맞아야겠다 너는""이라며 김주원을 놀렸다. 김주원 역시 ""형준이 형한테 좀 미안하다. 내가 잘 던졌으면 나보다는 많이 쳤을 것 같다""고 했다. 김주원의 유신고 5년 후배 신재인은 ""주원이 형이 한 개도 못 칠 것 같다고 하셨는데, 내가 아는 주원이 형은 말은 그렇게 해도 결과를 내는 분""이라고 말하며 ""유신고와 NC의 자존심을 세워주셨으면 좋겠다""고 했다. 후배의 바람을 들어주지 못한 김주원은 ""(홈런) 2개로 꼴등을 면하기에는 창피한 것 같다""며 아쉬워했다. 지난해부터 리그 최고의 유격수로 성장한 김주원은 올해 전반기 81게임에서 타율 0.306, 13홈런 40타점 55득점, 20도루, OPS 0.859로 뛰어난 성적을 거뒀다. 덕분에 그는 팬 투표의 열세를 선수단 투표에서 뒤집으며 나눔 올스타 유격수 부문 베스트 12에 선정됐다. 김주원은 ""팬분들께서 투표해 주시고, 선수단 투표로도 해서 이렇게 올스타전 나올 수 있어서 영광이다. 막상 나오니까 재밌는 것 같다""고 얘기했다. 사진=잠실, 김한준·박지영 기자 양정웅 기자 orionbear@xportsnews.com",https://v.daum.net/v/fGxxIx6b1w
2026.07.11 09:05,"'송중기·갸루상·캐치캐치' 작정한 KIA, 퓨처스부터 터졌다!…퍼포먼스상...",스포티비뉴스,"[스포티비뉴스=잠실, 곽혜미 기자] 최근 SNS를 뜨겁게 한 리센느 미나미 '갸루'와 최예나의 '캐치캐치', 여기에 '태양의 후예' 송중기를 떠올리게 하는 분장까지. KIA 퓨처스 선수들이 핫한 퍼포먼스로 팬들을 놀라게 했다. 2026 KBO 퓨처스 올스타전이 10일 서울 송파구 잠실야구장에서 열렸다. 이날 경기는 남부 올스타가 삼성 함수호와 NC 신재인의 홈런에 힘입어 4-0으로 승리했다. 경기 결과보다 더 큰 화제를 모은 건 퍼포먼스였다. 그중에서도 KIA 선수들이 각양각색 퍼포먼스로 팬들의 뜨거운 호응을 이끌었다. KIA 엄준현은 최근 SNS에서 큰 인기를 끌고 있는 리센느 미나미의 '갸루' 콘셉트로 변신했다. 민트 상의에 핑크 모자와 스커트를 매치한 엄준현은 '파라파라' 댄스를 추며 분위기를 끌어올렸다. 신명승은 금발의 단발 가발에 노란 도트무늬 셔츠를 입고 등장해, 최예나의 '캐치캐치'를 완벽하게 선보였다. 마지막으로 박종혁은 '태양의 후예'의 송중기를 연상케 하는 모습으로 시선을 사로잡았다. 항공 점퍼와 선글라스를 착용하고 등장한 박종혁은 배우 뺨치는 비주얼로 감탄을 자아냈다. 팬들의 선택도 KIA였다. KBO SNS와 TV 중계, 전광판 QR을 통해 진행된 퓨처스 올스타 퍼포먼스상 팬 투표에서 엄준현이 2,903표(37%)의 득표율로 1위, 박종혁이 2,565표(33%)로 2위에 오르며 KIA가 1·2위를 모두 휩쓸었다. KIA 선수들은 트렌드를 반영한 개성 넘치는 퍼포먼스로 눈길을 끌었고, 퍼포먼스상 1·2위를 석권하며 퓨처스 올스타전에서 가장 강렬한 인상을 남겼다. 갸루 분장한 엄준현, '리센느 미나미 보고있나' 최예나로 변신한 신명승, '완벽한 캐치캐치!' ""이쁜이는 뒤돌아봅니다"" 태양의 후예 송중기 빙의한 박종혁, '모두를 놀라게 한 비주얼' <저작권자 ⓒ SPOTV NEWS. 무단전재 및 재배포 금지>",https://v.daum.net/v/HyUEFEAihm
2026.07.11 08:57,"""잠실구장 복도서 옷 갈아 입었는데…"" LG 레전드는 새로운 돔구장에 무...",스포티비뉴스,"[스포티비뉴스=잠실, 윤욱재 기자] 1982년 공식 개장해 지금껏 '한국야구의 메카'로 불렸던 잠실야구장은 올 시즌을 끝으로 역사 속으로 사라진다. 대신 새로운 잠실돔구장이 들어서며 2032년부터 LG와 두산이 홈 구장으로 사용할 예정이다. 올해 KBO 올스타전이 잠실구장에서 열리는 이유이기도 하다. 지난 10일 잠실구장에서 펼쳐진 퓨처스 올스타전에서는 뜻깊은 시구 행사가 열렸다. LG의 영구결번 레전드 박용택과 두산의 원클럽맨 레전드 김재호가 나란히 시구자로 나선 것. 현역 선수인 LG 박해민과 두산 정수빈이 시포자로 나서 의미를 더했다. 박용택과 김재호는 잠실구장에서 야구 인생을 바친 선수들이라고 해도 과언이 아니다. 당연히 이들은 감회가 남다를 수밖에 없다. 박용택은 ""마운드에 올라가기 전까지는 아무 생각이 없었는데 실제로 마운드에 올라가니까 '잠실구장이 진짜 마지막이구나'라는 생각이 들더라. 시즌이 끝날 때쯤 되면 그런 생각이 더 많이 들 것 같다""라고 말했고 김재호는 ""확실히 아직까지는 마지막이라는 생각이 들지 않는다. 아마 잠실구장이 허물어지면 그때 가슴에 와닿을 것 같다""라고 이야기했다. 잠실구장은 '한 지붕 두 가족'이자 '서울 라이벌'인 LG와 두산이 치열한 혈투를 펼쳤던 역사가 고스란히 남아있는 곳이다. ""내가 선수로 뛸 때는 두산을 상대로 많이 열세였다. 15연패를 한 적도 있다. 그때 하필 내가 주장이었다""라고 웃음을 지은 박용택. 그러자 김재호는""(박)용택이 형이 (정)재훈이 형의 팔을 맞혔을 때가 기억이 난다""라고 말해 웃음을 자아냈다. 정재훈은 2016년 8월 박용택의 타구에 맞고 한국시리즈 출전이 무산됐다. 가만히 있을 박용택이 아니었다. 박용택이 ""봉중근이 (안)경현이 형 백드롭을 했을 때 너는 뭐 했느냐""라고 하자 김재호는 ""그때 1군에 없었다. 군대에 있었다""라고 답했다. 2007년 LG와 두산은 어린이날 시리즈에서 벤치클리어링을 일으켰는데 이는 지금도 회자될 정도로 팬들의 뇌리에 깊게 남아있다. 이들은 잠실구장 역사의 산증인인 만큼 앞으로 새롭게 지어질 잠실돔구장에 어떤 바람을 갖고 있는지도 궁금하다. 박용택은 ""새로 짓는 잠실돔구장은 실내 연습장부터 시작해서 충분하고 넉넉한 시설이 들어왔으면 좋겠다. 결국에는 LG와 두산이 같은 구장을 사용해야 한다. 원정을 오는 구단들도 정말 편안하게 쓸 수 있는 구장이 됐으면 한다. 불과 몇 년 전만 해도 선수들은 잠실구장 복도에서 옷을 갈아입어야 했다""라고 말했다. 김재호는 ""거기에 덧붙여서 이제 다른 나라에서도 우리나라로 견학을 올 수 있을 정도로 멋진 돔구장이 만들어졌으면 하는 바람""이라고 말했다. 현재 국내에는 고척스카이돔이 있지만 규모, 시설 등 부족함이 지적을 받기도 한다. 과연 잠실돔구장은 레전드 선수들의 바람대로 세계 어디에 내놔도 손색 없는 최고의 시설을 갖출 수 있을지 주목된다. <저작권자 ⓒ SPOTV NEWS. 무단전재 및 재배포 금지>",https://v.daum.net/v/71yDynd8TO
2026.07.11 08:46,"왕옌청, 韓 저격 선발 등판할까…日 AG B조 한국-대만 첫 경기 격돌 ...",엑스포츠뉴스,"(엑스포츠뉴스 김근한 기자) 2026 아이치·나고야 아시안게임 야구 종목의 첫 번째 빅매치가 확정됐다. 한국과 대만이 B조 조별리그 첫 경기에서 곧바로 맞붙는다. 대만 매체 'TSNA'는 10일 ""아이치·나고야 아시안게임 조직위원회 공식 홈페이지를 통해 야구 종목 조편성과 경기 일정이 발표됐다""고 보도했다. A조에는 일본, 중국, 필리핀, 팔레스타인이, B조에는 대만, 한국, 홍콩, 태국이 배치됐다. 경기 일정에 따르면 9월 21일 조별리그 첫날부터 대만과 한국이 격돌한다. A조에서도 일본과 중국이 첫날 맞붙는 등 슈퍼라운드 진출 유력 팀들의 첫 경기 조기 격돌이 연출되는 구조다. B조 경기는 오카자키 중앙종합공원 야구장에서 열리며 조별리그는 3일간 연속 경기 후 24일 휴식을 취하고 25일과 26일 슈퍼라운드를 통해 금메달 결정전전과 동메달 결정전전 대진이 결정된다. 결승전은 27일 저녁 열린다. TSNA는 ""조별리그 첫 경기 선발 투수가 결승전에도 선발로 나설 가능성이 높다""고 분석했다. 대만과 한국의 조별리그 첫 경기 선발 카드가 결승에서도 재격돌할 수 있다는 의미다. 대만 매체 '리버티타임스'는 대만 야구 대표팀 24인 명단 발표가 당초 예정됐던 10일에서 16일로 연기됐다고 보도했다. 매체에 따르면 대만야구협회 린쭝청 사무총장은 ""야구대표팀 최종 명단은 16일 다른 종목 선수단과 일괄 발표하는 방향으로 조율됐다. 이번 아시안게임에 출전하는 모든 종목 대표팀 명단이 동시에 공개될 예정""이라고 밝혔다. 이번 대만 대표팀에서 가장 주목받는 이름은 단연 한화 이글스 아시아쿼터 투수 왕옌청이다. 대만야구협회 린쭝청 사무총장은 앞서 ""올해 왕옌청의 성적이 출중하고 지난 아시안게임에도 국가대표로 활약한 경험이 있어 코칭스태프와 선발위원회 모두 그와 매우 낯이 익다. 한화가 아시안게임 출전을 동의하는 것에 대해 협회는 매우 낙관적으로 보고 있다""고 밝힌 바 있다. 왕옌청은 올 시즌 17경기 7승3패 평균자책 3.59, 71탈삼진으로 KBO리그에서 활약하고 있어 대만이 한국을 상대할 수 있는 가장 강력한 투수 자원으로 꼽힌다. TSNA가 지적한 대로 조별리그 첫 경기 선발이 결승전에도 선발로 나설 가능성이 높다는 점을 감안하면 왕옌청이 한국전 첫 경기 선발 카드로 낙점될 가능성도 있다. KBO리그에서 한국 타자들을 상대해온 경험이 있는 왕옌청은 대만 입장에서 한국을 상대하기 위한 최적의 카드일 수 있다. 대표팀 류지현 감독도 이미 대만 투수진을 예의주시하고 있다. 리버티타임스 보도에 따르면 류지현 감독은 이달 중순 직접 미국을 방문해 대만 국외파 투수들을 직접 관찰할 계획인 것으로 알려졌다. 왕옌청처럼 KBO리그에서 뛰는 선수는 직접 확인할 필요가 없지만 미국과 일본에서 활동 중인 대만 투수들의 현재 상태를 파악하기 위한 발 빠른 움직임이다. 1998년 방콕 아시안게임에서 프로 선수 참가가 허용된 이후 한국은 7개 대회 중 6차례 금메달을 차지했다. 유일한 실패는 2006년 도하 대회에서 대만에 우승을 내준 것이었다. 이번 아이치·나고야에서 한국의 5연패 도전을 저지하기 위한 대만의 가장 강력한 무기가 왕옌청이 될지, 오는 16일 대만 최종 명단 발표가 주목된다. 사진=엑스포츠뉴스 DB 김근한 기자 forevertoss88@xportsnews.com",https://v.daum.net/v/4e5Xr8V7tT
2026.07.11 08:42,"'이런 반전이' LG 복덩이 대타였는데, 한화 100억 FA와 결승에서 ...",마이데일리,"[마이데일리 = 잠실 이정원 기자] ""진짜 (조)형우에게 뭐 좀 해줘야죠."" SSG 랜더스 베테랑 오태곤은 지난 9일 저녁에 한 통의 전화를 받았다. 10일 서울 잠실구장에서 열리는 2026 KBO 올스타전 컴투스프로야구 홈런더비에 나서야 한다는 소식을 들은 것. 원래 LG 트윈스 오스틴 딘이 나서야 하나 허리 통증으로 출전이 힘들었다. 팬 투표 9위 SSG 랜더스 최정이었는데 최정도 고관절이 좋지 않아 출전이 힘들었다. 오태곤에게 기회가 왔다. 2010년 데뷔 후 처음으로 올스타전에 참석하는데, 거기에 홈런더비까지 나서니 떨릴 터. 하지만 오태곤은 자신이 가진 100%를 넘어 200%를 보여줬다. 홈런더비 예선 첫 주자로 나서 7개의 홈런에 비거리 140m를 기록했다. 8명의 선수 가운데 7개의 홈런을 친 선수가 오태곤에 강백호, 허인서(이상 한화 이글스)까지 세 명. 이 경우 비거리 순으로 결선 진출자를 가리는데, 145m 강백호와 140m 오태곤이 결선에 올랐다. 허인서는 아쉽게 135m로 탈락. 결선에서 오른 오태곤은 강백호와 대등한 승부를 펼치며 서든데스까지 갔으나 결국 준우승에 머물고 말았다. 그렇지만 오태곤은 기분이 좋았다. 생각하지도 못했던 홈런더비 결선에 올랐기 때문이다. 홈런더비가 끝나고 만난 오태곤은 ""마음 비우고 모든 경험을 해보자는 마음이었는데 내가 생각해도 결과가 너무 잘 나왔다. 결선 진출은 생각도 하지 않고 있었다. 목표는 3개였다. 운 좋게 홈런도 많이 나오고, 비거리도 좋았다""라고 이야기했다. 배팅볼 파트너로 나선 SSG 포수 조형우와의 호흡이 좋았다. ""형우가 너무 잘 던져줬다. 더 못 친 게 아쉽다""라고 웃은 오태곤은 ""형우가 너무 잘 던져줬으니, 형우에게 보답을 해야 한다. 개인적으로 생각했을 때 현금으로 보답해야 되지 않을까. 대한민국은 현금 아니겠나. 너무 고생했고, 형우도 땀을 많이 흘리며 고생했으니 꼭 보답하겠다""라고 미소 지었다. 이어 ""데뷔 첫 올스타전이다. 기분이 좋다. 진짜 모든 걸 경험하려고 했다""라며 ""그런데 홈런더비가 역대급으로 힘들었다. 관중도 많고, 타팀 선수들이 나를 보는 게 압박감으로 다가오더라. 비거리 140m도 나올 줄 몰랐다""라고 덧붙였다.",https://v.daum.net/v/QRgrk2b0rw
2026.07.11 08:40,"'원태인 롤모델' 드래프트 2번 좌절 겪은 육성선수 출신 김백산, ""1군...",OSEN,"[OSEN=잠실, 홍지수 기자] 프로야구 삼성 라이온즈 우완 영건 김백산(22)에게 2026년은 인생을 바꾼 한 해가 되고 있다. 육성선수로 프로에 입단한 그는 퓨처스리그에서 가능성을 증명했고, 1군 데뷔전 선발승에 이어 퓨처스 올스타까지 밟으며 최고의 시즌을 보내고 있다. 김백산은 10일 잠실구장에서 열린 2026 KBO 퓨처스 올스타전을 앞두고 취재진을 만나 ""꿈만 같고 정말 기분이 좋다. 잘 키워주신 모리야마 료지 퓨처스 감독님께 감사드린다""며 ""드래프트에서 두 번이나 지명을 받지 못했지만 포기하지 않고 버틴 덕분에 이런 기회가 온 것 같다""고 미소를 지었다. 강릉고와 부산과학기술대를 거쳐 2025년 육성선수로 삼성 유니폼을 입은 김백산은 지난해 퓨처스리그에서 불펜으로 경험을 쌓았다. 올 시즌에는 선발 전환에 성공하며 20경기에서 3승 2패 평균자책점 2.78을 기록했고, 특히 6월 선발 3경기에서는 14이닝 무실점으로 강한 인상을 남겼다. 호투를 이어간 김백산은 지난 2일 NC 다이노스전에서 마침내 1군 데뷔 기회를 잡았다. 그는 5⅔이닝 2피안타 4볼넷 3탈삼진 무실점으로 NC 타선을 틀어막으며 팀 승리를 이끌었다. 육성선수 출신이 1군 데뷔전에서 승리를 거둔 것은 한화 박준영에 이어 KBO리그 역대 두 번째 기록이었다. 김백산은 ""1군 데뷔전은 정말 숨이 안 쉬어질 정도로 떨렸다. 평생 한 번 올 기회라고 생각해서 마지막이라는 마음으로 후회 없이 던졌다""며 ""1군 타자들은 실투가 나오면 무조건 배트가 나오는 것을 느꼈다. 그래도 좋은 결과가 나와 정말 행복했다""고 돌아봤다. 이어 ""정식 선수 전환이 목표였는데 데뷔전 승리까지 할 줄은 정말 몰랐다""고 웃었다. 데뷔전 이후 박진만 감독에게 ""멋있었다""는 칭찬을 들은 것도 잊지 못할 순간이었다. 김백산은 ""정말 심금을 울리는 말이었다. 다음 날 아침에도 꿈인지 현실인지 구분이 안 될 정도였다""며 벅찬 감정을 숨기지 못했다. 다시 퓨처스리그에서 선발 수업을 받고 있는 김백산은 조급해하지 않았다. 그는 ""아직 부족한 점이 많다는 걸 잘 알고 있어서 2군으로 내려갔을 때도 아쉽지 않았다""며 ""다시 1군 기회가 온다면 지금보다 더 좋은 투구를 보여드릴 수 있도록 계속 준비하겠다""고 힘줘 말했다. 육성선수에서 데뷔승, 그리고 퓨처스 올스타까지. 김백산의 성장 스토리는 이제 막 시작됐다. /knightjisu@osen.co.kr",https://v.daum.net/v/ZnVylex2Cl
2026.07.11 08:38,"왕옌청의 대만? 류지현호, 사상 최고 전력 일본이 더 걱정",마니아타임즈,"2026 아이치·나고야 아시안게임 금메달을 노리는 류지현호에 비상이 걸렸다. 당초 최대 라이벌로 꼽혔던 대만보다 홈 이점과 조직력을 앞세운 일본이 사상 최강의 전력을 구축했다는 평가가 나오기 때문이다. 이번 대회 대만 대표팀은 한화 이글스의 아시아쿼터 좌완 투수 왕옌청을 비롯해 미국 마이너리그 유망주들을 대거 차출하며 전력을 극대화했다. 한국 타자들의 성향을 가장 잘 아는 왕옌청의 가세는 류지현호에 분명한 위협 요소다. 그러나 현장 전문가들은 대만보다 일본의 완성도에 더 큰 경계심을 나타내고 있다. 일본은 이번에도 전원 사회인 야구 선수로 엔트리를 채웠으나, 실상은 역대 최고 수준의 '정예 올스타'다. 일본 사회인 야구 양대 산맥인 도요타 자동차에서 7명, ENEOS에서 3명이 차출되어 대표팀의 절반 가까이를 차지한다. 이들은 이미 소속팀에서 다년간 손발을 맞춘 사이로, 단기전 승부를 가르는 수비 조직력과 작전 수행 능력에서 프로팀을 능가한다는 평가를 받는다. 마운드의 높이도 위력적이다. 시속 150km를 넘나드는 강속구와 정교한 제구력을 겸비한 투수들이 즐비해 단판 승부에서 한국 타선이 공략하기 까다로운 유형이다. 여기에 일본 아이치현 홈 관중의 일방적인 응원까지 더해진다. 아시안게임 야구는 조별 예선 이후 상위 팀들이 격돌하는 슈퍼라운드 방식을 취한다. 김도영, 곽빈 등 KBO리그 젊은 에이스들로 정예 포메이션을 구축한 류지현호가 대회 6연패를 달성하기 위해서는 왕옌청의 대만을 넘어, 홈 버프를 받은 일본의 톱니바퀴 조직력을 무너뜨릴 확실한 돌파구를 마련해야 할 것으로 보인다. [강해영 마니아타임즈 기자/hae2023@maniareport.com] 기사제보 및 보도자료 report@maniareport.com",https://v.daum.net/v/Zvmfynd8tC
2026.07.11 08:26,'전국 최대 규모' 제3회 마이데일리배 전국유소년야구대회 17일부터 21...,마이데일리,"[마이데일리 = 김건호 기자] '전국 최대 규모' 마이데일리배 전국유소년야구대회가 열린다. 제3회 마이데일리배 전국유소년야구대회는 17일부터 21일까지 강원도 횡성군 횡성베이스볼테마파크에서 개최된다. 마이데일리배 전국유소년야구대회는 지난 2024년 1회 대회를 시작으로 3회째를 맞이했다. 제1회 대회 때 110여 개 팀이 참가한 뒤 제2회 대회 때는 157개 팀이 출전하며 역대 최대 규모로 펼쳐졌다. 이번 대회는 총 153개 팀이 참가한다. 야구 꿈나무들이 기량을 마음껏 펼칠 예정이다. 제3회 마이데일리배 전국유소년야구대회는 주니어리그(16세 이하), 유소년리그(13세 이하), 꿈나무리그(11세 이하), 새싹리그(9세 이하), U12로 나눠 진행된다. 이벤트들도 준비됐다. 최고 구속을 겨루는 '스피드킹 콘테스트', 장타력을 과시할 수 있는 '홈런더비 콘테스트'가 열린다. 이어 이번 대회에서 새롭게 '제구왕 콘테스트'도 선보인다. 정확한 제구력을 겨루는 이벤트다. 제3회 마이데일리배 전국유소년야구대회는 마이데일리가 주최하고, 대한유소년야구연맹이 주관한다. 횡성군, 횡성군체육회, 국민체육진흥공단, 한국도핑방지위원회, 한국스포츠레저(주), 한미사이언스, 스포페이, 애플라인드, 한강식품, 스포노베이션, 메디앳, 유니시티코리아, 글로우핏, 보령헬스케어에서 후원한다.",https://v.daum.net/v/ydwaRtZvwy
2026.07.11 08:24,"""투수들이 던지면..."" 홈런더비 배팅볼을 왜 죄다 포수, 유격수들이 던...",스포츠조선,"[스포츠조선 김용 기자] 홈런더비 투수는 왜 포수, 유격수들이? 명승부였다. 2026 KBO리그 올스타전의 전야제, 올스타 행사의 꽃 홈런더비가 10일 잠실구장에서 열렸다. 잠실구장 철거를 앞두고 펼쳐진 마지막 홈런더비, 역사에 남을 승자는 한화 이글스 강백호였다. 강백호는 예선 7개의 홈런을 쳐 SSG 랜더스 오태곤, 팀 동료 허인서와 동률이었으나 규정상 비거리로 오태곤과 함께 결승에 올랐다. 두 사람은 결승에서도 약속이나 한 것 처럼 다시 7-7 동점을 이뤘다. 사실 강백호가 종료 직전까지 6개에 그쳐 패색이 짙었는데, 마지막 친 공이 커브를 그리다 우측 폴대를 때려 극적으로 승부를 마지막까지 몰고 갔다. 그리고 30초 서든데스에서 오태곤이 홈런을 치지 못 한 반면, 강백호는 홈런을 쳐 승부가 끝났다. 재밌는 건 결승에 오른 두 사람 모두 공을 던져준 선수들이 포수였다는 것. 강백호는 KIA 타이거즈 한준수, 오태곤은 같은 팀 조형우가 파트너였다. 또 두산 베어스 양의지와 박준순은 유격수 박찬호에게 운명(?)을 맡겼다. 심지어 홈런더비 유력한 우승 후보 KIA 김도영까지 박찬호와 호흡을 맞췄다. 강백호는 까다로운 선택으로 다른 팀 한준수를 택했지만, 다른 한화 소속인 허인서와 문현빈은 유격수 이도윤이 공을 던져줬다. 이도윤은 현재 한화 주전 2루수지만, 원래 주포지션은 유격수. 왜 포수와 유격수들이 많을까. 투수들이 던져주면 더 정확해게, 좋은 공을 던져줄 수 있지 않을까. 우연이 아니다. 이유가 있다. 홈런더비 배팅볼은 적당히 빠르면서도 공이 깨끗해야 한다. 야구에서 가장 멀리 강한 송구를 뿌려야 하는 포지션 두 곳이 포수와 유격수다. 포수는 2루 도루 저지를 해야 하고, 유격수는 내야수 중 송구 범위가 가장 넓다. 어깨가 강해야 한다. 또 이 송구들은 지저분하게 휘면 안 된다. 그러면 야수들이 잡기 힘들기 때문. 어릴 때부터 강하게, 직선으로 던지는 연습을 하고 선수들은 본능적으로 그렇게 던진다. 그러니 포수, 유격수 선수들이 홈런더비에서는 인기 만점이다. 선수들은 ""홈런더비 때 투수들을 세워놓으면, 본능적으로 안 맞으려고 해 코너워크를 하기도 한다""고 설명했다. 자기도 모르게 투심패스트볼성 공을 던지기도 한다. 실제 2012년 올스타전에서 감격의 첫 올스타가 됐던 롯데 자이언츠 문규현. 유격수로 공이 강하고 깨끗하다는, 홈런더비 '맛집'이라는 소문이 나면서 당시 같은 팀이었던 강민호(삼성)에 다른 팀 진갑용(현 KIA 2군 감독), 최정(SSG) 등 다른 팀 선수들 공까지 던져주느라 진땀을 뺐었다. 당시 최정은 홈런더비에 욕심이 나 공을 던져주던 같은 팀 투수 윤희상(은퇴)을 더비 도중 강판시키고 문규현을 교체로 올리는 승부수를 던졌었다. 김용 기자 awesome@sportschosun.com",https://v.daum.net/v/q8yCk2b0FE
2026.07.11 08:19,'호주 국대'가 퓨처스 올스타전 새 역사 썼다! 캥거루와 함께 등장→알고...,엑스포츠뉴스,"(엑스포츠뉴스 잠실, 양정웅 기자) KBO 퓨처스 올스타전 최초의 외국인 선수가 나왔다. 퓨처스리그의 막내 구단 울산 웨일즈의 알렉스 홀이 '캥거루'와 함께 등장했다. 올 시즌 KBO 퓨처스리그에 합류한 울산은 이번 퓨처스 올스타전에 투수 나가 타이세이와 포수 홀, 내야수 노강민, 외야수 김서원 등 4명이 출전했다. 이 중에서 홀과 나가는 2007년 시작된 퓨처스 올스타전 역사상 최초의 외국인 출전 선수라는 기록을 세웠다. 나가는 일본, 홀은 호주 출신이다. 호주 국가대표 출신인 홀은 올해 퓨처스리그 68경기에서 타율 0.263(243타수 64안타), 4홈런 52타점 36득점, OPS 0.752를 기록 중이다. 초반 리그 적응에 어려움을 겪으며 2할대 초반에 허덕였지만, 6월 월간 타율 0.349를 기록하며 어느 정도 반등에 성공했다. 호주프로야구(ABL)에서는 올스타전에 나서지 못했던 홀은 경기 전 엑스포츠뉴스와 만나 ""이런 좋은 선수들과 함께하게 돼 굉장히 좋다""고 소감을 전했다. 같이 출전한 선수들과는 얘기를 많이 하지 않았다는 홀은 ""경기 중에 말을 하다 보면 더 재밌는 게 있지 않을까""라고 기대했다. 각 팀 선수들이 재밌는 퍼포먼스를 준비한 가운데, 홀은 ""생각해보지는 않았다. 그래도 어떤 일이 일어나든 그건 일어나는 거다""라고 했다. 이어 ""재밌게 선수들과 경기를 잘 치를 것""이라고 밝혔다. KBO 리그에서는 보기 드문 외국인 포수로 출전 중인 홀. 그는 언어 소통 부분에 대해 ""통역사와 함께 이런 문제들을 잘 해결하려고 하고 있다""고 얘기했다. 울산은 전반기 68경기에서 40승 27패 1무(승률 0.597)를 기록, 롯데 자이언츠를 1.5경기 차로 제치고 남부리그 1위를 달리고 있다. 홀은 ""한 팀으로 잘 뭉쳐서 남은 경기들을 잘 치러보고 싶다""고 각오를 밝혔다. 이날 퓨처스 올스타전에서 교체 출전한 홀은 캥거루 풍선을 들고 나왔다. 구단 관계자에 따르면 이날 경기장에는 호주에서 온 홀의 친구들이 방문했는데, 그 친구들이 들고 온 것이라고 한다. 호주의 상징이라고 할 수 있는 캥거루를 통해 정체성을 드러냈다고 할 수 있다. 사진=잠실, 김한준·박지영 기자 양정웅 기자 orionbear@xportsnews.com",https://v.daum.net/v/GK1UCMPKXq
2026.07.11 08:11,“(김)태군이 빠지고 영 힘을 못 쓰네요” KIA 네일이 더 이상 아트가...,마이데일리,"[마이데일리 = 김진성 기자] “(김)태군이 빠지고 영 힘을 못 쓰네요.” KIA 타이거즈 제임스 네일(33)의 전반기는 다소 아쉬움 속에 끝났다. 18경기서 5승5패 평균자책점 3.77이다. 퀄리티스타트 10회에 피안타율 0.249, WHIP 1.15였다. 여전히 압도적인 볼삼비(탈삼진 82개, 사사구 23개)를 자랑했다. 그러나 지난 2년과 달리 더 이상 언터쳐블은 아니다. 이제 KBO리그에도 150km대 중반을 쉽게 뿌리는 투수가 즐비하다. 네일은 150km 수준이다. 그래서 투심과 스위퍼의 무브먼트가 중요하다. 그렇지만 이미 3년째 겪어오면서, 타자들이 확실히 어느 정도 알고 대응한다. 구위가 압도적이지 않은데 주무기가 눈에 익었으니, 고전하는 건 당연하다. 대신 네일은 경기별로 철저히 볼배합을 다르게 가져가며 대응해왔다. 어떤 경기서는 커터를 더 던지고, 또 어떤 경기서는 스위퍼나 투심으로 정면 승부를 했다. 아무래도 경험 많은 김태군이 이 대목에서 네일을 잘 리드해왔던 게 사실이다. 한준수는 아무래도 이런 부분에선 살짝 부족할 수 있다. 이범호 감독은 작년부터 안방운영에 한준수의 비중을 늘렸지만, 네일만큼은 되도록 김태군을 붙였다. 공교롭게도 네일이 최근 부진한 2경기는 한준수, 주효상과 호흡을 맞춘 케이스다. 2일 광주 SSG 랜더스전 5이닝 8피안타 6탈삼진 2사사구 5실점, 8일 부산 롯데 자이언츠전 3⅓이닝 7피안타 2탈삼진 3볼넷 5실점. 그렇다고 네일이 평생 김태군과 배터리 호흡을 맞출 순 없는 노릇이다. 현재 김태군은 햄스트링 부상으로 재활 중이다. 장기적으로도 KIA 안방은 한준수 위주로 돌아갈 수밖에 없다. 심지어 김태군은 올 시즌을 마치면 FA다. 내년에 KIA에서 안 뛸 수도 있다. 이범호 감독은 9일 부산 롯데 자이언츠전을 앞두고 걱정스러운 표정을 지었다. “태군이가 빠지고 난 뒤에는 영 힘을 못 쓰네요. 이동걸 코치도 얘기하고 있다. 팀이 제일 중요한 상황인데, 포수가 누구든 베스트로 던져야 하는데…”라고 했다. 결국 김태군과 잘 맞고, 한준수나 주효상과 호흡을 맞추면 점수를 적지 않게 주는 건 한준수나 주효상이 부족하다고 볼 수 있지만, 네일의 아킬레스건이기도 하다. 이는 결국 딜레마다. 한준수와 주효상의 투수리드, 경기운영이 하루아침에 김태군급으로 좋아질 순 없다. 그렇다고 네일이 여기서 급격하게 퍼포먼스를 끌어올리는 것도 쉽지 않아 보인다. 이제 KIA 에이스는 아담 올러다. 네일은 올러를 잘 뒷받침하는 게 중요하다. 이범호 감독은 후반기에 부활해야 하는 선수로 네일과 김선빈을 꼽았다. 아울러 KIA도 이제 네일을 냉정하게 바라봐야 한다. 역대급 워크에식을 가진 선수지만, 외국인선수는 결국 성적으로 말해야 한다.",https://v.daum.net/v/Hi16lnd8mH
2026.07.11 08:08,지금 코시 붙으면 LG 다소 우세?...삼성 새 외인 투수들 '물음표'가...,마니아타임즈,"올스타전 브레이크를 맞이한 현재 시점에서 정규시즌 1, 2위를 달리는 삼성 라이온즈와 LG 트윈스가 한국시리즈(7전 4선승제)에서 맞붙는다면 어떤 결과가 나올까? 현시점의 전력 완성도와 뎁스만 놓고 본다면 LG의 근소한 우세가 점쳐지지만, 가을야구 직전 합류할 삼성의 새 외국인 투수들이 어떤 모습을 보여주느냐에 따라 판도는 완전히 뒤집힐 수 있다. 양 팀의 포지션별 전력을 정밀 분석해 본다. 선발 투수진에서는 두 팀 모두 확실한 카드를 보유하고 있으나 불안 요소의 성격이 다르다. 삼성은 아리엘 후라도라는 견고한 1선발을 보유하고 있지만, 새로 합류한 외국인 투수 페덱의 연착륙 여부가 미지수다. 단기전 초고압박 상황에서 검증되지 않은 '새 외인' 카드는 양날의 검이다. LG 역시 선발진의 압도감은 다소 떨어지지만, 기존 투수들의 풍부한 가을야구 경험을 바탕으로 벤치가 '계산이 서는 야구'를 할 수 있다는 점에서 현재로서는 안정감이 더 높다. 경기 후반을 지배할 구원 투수진(불펜) 싸움은 확실하게 LG 쪽으로 무게추가 기운다. LG는 불펜의 핵심 카드인 리오스와 선발과 구원을 오가며 전천후 활약이 가능한 손주영을 보유하고 있어 경기 중반 이후 물량 공세와 변칙 운용이 가능하다. 반면 삼성은 필승조 김재윤이 최근 다소 흔들리는 모습을 보이고 있는 데다, 미야지 유라를 대체해 올 새 아시아쿼터 투수가 미야지 이상의 구위를 보여줄지 장담할 수 없다. 뒷문의 견고함에서 LG가 한 걸음 앞서 있다. 내야진 역시 디펜딩 챔피언의 노련미를 갖춘 LG의 판정승이다. MVP급 활약을 펼치고 있는 1루수 오스틴 딘의 파괴력은 삼성의 르윈 디아즈보다 계산이 서며, 오지환과 신민재로 이어지는 키스톤 콤비의 단기전 작전 수행 능력과 수비 안정감은 리그 최상급이다. 내야 전체의 짜임새와 기동력은 LG가 우위를 점하고 있다. 외야진과 지명타자 중심의 화력 대결은 구장 팩터에 따라 명확히 갈리는 '백중세'다. 홈런 공장인 대구 삼성라이온즈파크에서는 구자욱과 최형우를 필두로 한 삼성의 장타력이 폭발하며 LG를 압도할 수 있다. 하지만 국내에서 가장 넓은 잠실구장으로 이동하면 홍창기, 박해민 등 LG의 출루 머신들이 넓은 외야를 활용한 갭 히트와 발야구로 삼성을 흔들 가능성이 크다. 결국 구장 버프가 상쇄된다면 오스틴과 디아즈라는 두 외국인 타자의 클러치 한 방이 타선의 승패를 가를 핵심 변수다. 종합해보면 현재 스쿼드의 완성도와 불펜 뎁스, 가을야구 경험 면에서는 LG가 다소 우세한 고지를 선점하고 있다. 그러나 삼성이 안고 있는 두 명의 새 외국인 투수(페덱, 새 아쿼 투수)라는 거대한 '물음표'가 가을 무대에서 '느낌표'로 치환되는 순간, 선발과 불펜의 균형이 깨지며 삼성이 우위를 점할 시나리오 역시 충분히 가능하다. 결국 이번 '엘삼 대전'의 최종 승패는 삼성이 새로 장착한 마운드의 히든카드들이 쥐고 있다. [강해영 마니아타임즈 기자/hae2023@maniareport.com] 기사제보 및 보도자료 report@maniareport.com",https://v.daum.net/v/1MZJdu0HY0
2026.07.11 07:42,타율 3할1푼→1할9푼8리 ‘대추락’…LG 4번타자 문보물이 깨어나야 한...,OSEN,"[OSEN=한용섭 기자] 프로야구 LG 트윈스 4번타자 문보경이 부상 복귀 이후 최악의 슬럼프로 전반기를 마쳤다. 올스타 휴식기를 통해 반등의 실마리를 찾아야 한다. 문보경은 5월초 발목 부상으로 쓰러지기 전까지 타율 3할대를 기록했다. 4주 재활을 하고 6월초 복귀했다. 그런데 복귀 후 한 달 동안 1할대 타율로 부진에서 벗어나지 못하고 있다. 슬럼프 기간이 너무 길어지고 있다. 문보경은 전반기 마지막 경기였던 지난 9일 대구 삼성전에 올 시즌 처음으로 4번타자가 아닌 하위타순 7번타자로 출장했다. 최근 타격 하락세이고, 이날 삼성 선발투수 원태인 상대로 최근 2년간 성적이 타율 1할1푼1리(9타수 1안타)였기 때문이다. 염경엽 감독은 ""문보경은 상대 성적이 안 좋아 내렸다""고 말했다. 문보경은 2회 첫 타석부터 찬스였다. 1사 2,3루에서 타석에 들어섰는데 좌측 파울라인을 벗어나는 유격수 파울플라이 아웃으로 희생타를 치지도 못했다. 이후 오지환의 2타점 적시타가 터져 2-1로 역전했지만. 문보경의 한 방이 아쉬웠다. LG는 3회 무사 만루 찬스를 잡았다. 홍창기와 박해민의 연속 안타, 오스틴이 몸에 맞는 볼로 출루했다. 문보경 대신 4번타자로 나선 송찬의가 1루수 땅볼을 때렸고, 홈에서 3루주자가 아웃됐다. 1사 만루에서 박동원의 중견수 희생플라이로 1점을 추가했다. 이후 천성호가 유격수 앞 내야 안타를 때려 2사 만루 기회가 이어졌다. 문보경이 우익수 뜬공으로 물러나, 결국 무사 만루에서 1점을 뽑는데 그쳤다. 문보경은 3-3 동점인 6회 중견수 뜬공으로 물러났고, 3-5로 뒤진 8회는 루킹 삼진으로 돌아섰다. 4타수 무안타로 침묵했고, LG는 5-6으로 패배했다. 9회 1사 만루에서 천성호가 병살타를 때리며 경기가 끝났고, 문보경은 대기 타석에서 패배를 지켜봤다. LG는 삼성에 1위 자리를 내주고 2위로 전반기를 마쳤다. 지난 3월 WBC 대표팀에서 최고의 활약을 하고 허리 잔부상을 안고 LG로 복귀한 문보경은 발목 부상을 당하기 전까지 30경기 타율 3할1푼(100타수 31안타) 3홈런 19타점 출루율 .462, 장타율 .430, OPS .892를 기록했다. 몸 상태를 끌어올리며 중심타자 몫을 했다. 하지만 6월초 복귀 후에는 29경기에서 타율 1할9푼8리(101타수 20안타) 4홈런 20타점 출루율 .263, 장타율 .347, OPS .610으로 부진했다. 시즌 타율이 2할5푼4리, OPS는 .758까지 떨어졌다. LG의 고민은 올해 한시적으로 마무리를 맡은 손주영 공백을 메워야 하는 4~5선발 자리, 불펜 필승조의 불안도 있지만 가장 큰 고민은 타선이 지난해보다 못하다는 것이다. 김현수의 FA 이적 공백은 신예 송찬의, 천성호, 문정빈 등이 충분히 메워주고 있는데, 기존 주전들이 동반 부진이다. 홍창기, 신민재, 오지환, 박동원, 문보경이 살아나야 한다. 염경엽 감독은 7월초 “창기, 민재, 보경이, 지환이, 동원이는 더 이상 나빠질 게 없다. 지금 보다 무조건 위로 올라간다고 생각한다. 전반기 때 모습 보다는 후반기 때 훨씬 더 좋아질 거라 생각한다”고 말했다. 4번타자인 문보경이 키플레이어다. /orange@osen.co.kr",https://v.daum.net/v/tOzueU3GTK
2026.07.11 07:42,“내년엔 1군 올스타전 나가고파”…결승포로 퓨처스 올스타전 MVP 등극한...,MK스포츠,"“내년엔 1군 올스타전에 나가고 싶다.” 함수호(삼성 라이온즈)가 별들의 잔치에 나서고 싶다는 포부를 드러냈다. 삼성, 롯데 자이언츠, KIA 타이거즈, KT위즈, NC 다이노스, 울산 웨일즈 선수들로 꾸려진 남부 올스타는 10일 서울 잠실야구장에서 열린 2026 KBO 퓨처스(2군) 올스타전에서 고양 히어로즈(키움 2군), SSG랜더스, LG 트윈스, 두산 베어스, 한화 이글스, 상무 선수들이 포진한 북부 올스타를 4-0으로 꺾었다. 5번타자 겸 좌익수로 선발 출전한 함수호의 활약이 눈부신 경기였다. 2회말 결승 솔로포 포함 3타수 2안타 1홈런 1타점을 올리며 남부 올스타 승리에 앞장섰다. 이런 공을 인정받은 함수호는 퓨처스 올스타전 최우수선수(MVP)에 선정되는 영예를 누렸다. 삼성 선수가 퓨처스 올스타전 MVP를 차지한 것은 지난 2010년 김종호 이후 16년 만이다. 경기 후 함수호는 “홈런을 친 뒤 MVP가 될 수도 있겠다 생각했는데, 신재인(NC)도 홈런을 쳐서 다시 집중했다. 하나를 더 쳐야겠다는 생각이 들었다”며 “첫 타석부터 좋은 타격이 나와 두 번째, 세 번째 타석에도 편한 마음으로 임했다”고 밝은 미소를 지었다. 이어 “잘 맞은 타구였지만 잠실이라 처음에 넘어갈 줄 몰랐다”며 “홈런이 돼 정말 기분이 좋았다”고 고개를 끄덕였다. 2025년 4라운드 전체 33번으로 삼성의 부름을 받은 함수호는 장타력이 강점인 좌투좌타 외야 자원이다. 1군 통산 17경기에서 타율 0.133(30타수 4안타) 3타점을 올리는데 그쳤지만, 퓨처스리그에서 좋은 활약을 펼쳤다. 올해 45경기에 나서 타율 0.306(147타수 45안타) 3홈런 23타점을 적어냈다. 목표는 내년 1군 올스타전 출전이다. 그는 “내 장점은 타격이다. 다른 선수들보다 잘 치면 기회를 받을 수 있다 생각한다”며 “수비도 중요하지만, 타격에서 확실한 경쟁력을 보여줘야 한다. 내년엔 1군 올스타전에 나가고 싶다”고 두 눈을 반짝였다. 끝으로 함수호는 “퓨처스리그에서 잘 준비하고 있다. 1군에 올라가게 된다면 준비된 모습을 보여드리겠다”고 박진만 삼성 감독에게 확실한 ‘어필’을 했다. [이한주 MK스포츠 기자] [ⓒ MK스포츠, 무단전재 및 재배포 금지]",https://v.daum.net/v/Phit61XSRH
2026.07.11 07:39,"남부리그, 퓨처스 올스타전 완승…'홈런포' 함수호 MVP",연합뉴스TV,"남부리그 올스타가 함수호와 신재인의 홈런포를 앞세워 퓨처스 올스타전에서 짜릿한 영봉승을 거뒀습니다. 롯데와 KIA, 삼성 등이 한 팀을 이룬 남부리그 올스타는 서울 잠실구장에서 열린 2026 KBO 퓨처스 올스타전에서 북부리그 올스타를 4대 0으로 제압했습니다. 지난해 패배를 설욕한 남부리그는 새 식구 울산 웨일즈와 함께한 첫 잔치에서 승전고를 울렸습니다. 팽팽하던 투수전의 균형을 깨뜨린 건 삼성의 거포 유망주 함수호였습니다. 함수호는 2회초, 상대 투수 이도우의 슬라이더를 걷어 올려 비거리 120미터짜리 선제 우월 솔로 홈런을 터뜨렸습니다. 남부리그의 공세는 4회에도 이어졌습니다. 1사 2루 기회에서 NC의 신인 유망주 신재인이 조원태의 직구를 받아쳐 총알 같은 투런 아치로 연결하며 점수 차를 벌렸습니다. 여기에 5회 이재원의 3루타와 노강민의 적시타까지 더해진 남부리그는 4대 0으로 달아나며 승기를 굳혔습니다. 마운드 역시 빛났습니다. 남부리그는 9명의 투수가 1이닝씩을 책임지는 이어던지기로 북부리그 타선을 산발 4안타 무실점으로 틀어막았습니다. 결승 홈런을 포함해 2안타를 때려낸 함수호는 대회 최우수선수, MVP에 선정돼 상금 200만 원을 받았습니다. 삼성 소속 선수가 퓨처스 올스타전 MVP를 차지한 건 16년 만입니다. 우수타자상에는 신재인, 우수투수상에는 울산의 나가 다이세이가 이름을 올렸고, 걸그룹 댄스로 팬들을 사로잡은 KIA 엄준현은 베스트 퍼포먼스상을 받았습니다. 한편, 잠실구장에는 1만 2,800여명의 관중이 입장해 퓨처스 올스타전 역사상 최다 관중 기록을 새로 썼습니다. #야구 #퓨처스 #올스타 연합뉴스TV 기사문의 및 제보 : 카톡/라인 jebo23 김종성(goldbell@yna.co.kr)",https://v.daum.net/v/79MdKWvm5R
2026.07.11 07:36,2000여 명의 '야구 꿈나무' 총출동! '전국 최대 규모' 제3회 마이...,마이데일리,"[마이데일리 = 노찬혁 기자] 한여름을 뜨겁게 달굴 유소년 야구 축제가 막을 올린다. 마이데일리가 주최하고 대한유소년야구연맹(회장 이상근)이 주관하는 '제3회 마이데일리배 전국유소년야구대회'가 오는 17일 횡성베이스볼테마파크에서 개막한다. 이번 대회에는 연맹 소속 150여 개 팀, 2000여 명의 선수단이 참가해 국내 최대 규모로 치러진다. 대회는 17일부터 21일까지 5일간 열전에 돌입하며, 주니어, 유소년, 꿈나무, 새싹 등 연령별 부문으로 나누어 토너먼트 방식으로 우승팀을 가린다. 대회 마지막 날인 21일에는 각 부문 결승전과 함께 시상식 및 폐막식이 진행될 예정이다. 야구 꿈나무들을 위한 이벤트도 풍성하다. 대회 이틀째인 18일에는 대표 선수들이 참가하는 스피드킹 콘테스트와 홈런더비가 열린다. 특히 이번 3회 대회에는 정확한 투구를 가리는 '제구왕 콘테스트'가 신설되어 프로야구 올스타전 못지않은 볼거리를 제공할 전망이다. 이벤트 우승자에게는 다양한 부상이 지급된다. 마이데일리가 주최하고 대한유소년야구연맹이 주관하는 제3회 마이데일배 전국유소년야구대회는 횡성군, 횡성군체육회, 국민체육진흥공단, 한국도핑방지위원회, 한국스포츠레저(주), 한미사이언스, 스포페이, 애플라인드, 한강식품, 스포노베이션, 메디앳, 유니시티코리아, 글로우핏, 보령헬스케어에서 후원한다. 또한, 프로야구 올스타전 등에서 진행되는 이벤트들이 대회 중에 펼쳐져 주목도를 더욱 높이고 있다.",https://v.daum.net/v/W9VOdu0HwI
2026.07.11 07:30,"강백호, 연장 혈투 끝에 홈런 더비 첫 우승…비거리상까지 싹쓸이",연합뉴스TV,"한화 이글스의 거포 강백호가 KBO 올스타전 전야제인 홈런 더비에서 연장 혈투 끝에 데뷔 첫 우승의 영예를 안았습니다. 강백호는 KBO 올스타전 홈런 더비 결승에서 SSG 랜더스의 오태곤을 꺾고 정상에 올랐습니다. 한화 선수가 홈런 더비에서 우승한 건 3년 만입니다. 이번 대회는 KBO리그 전반기 홈런 공동 1위인 KIA 김도영을 포함해 팬 투표로 선정된 8명의 거포가 맞붙었습니다. 예선에서 나란히 7개를 때려낸 강백호와 오태곤은, 비거리 규정에 따라 나란히 결승에 진출했습니다. 특히 강백호는 예선에서 비거리 145미터를 기록하며 비거리상까지 거머쥐었습니다. 7아웃과 시간제로 진행된 결승전은 손에 땀을 쥐게 하는 명승부였습니다. 먼저 타석에 선 오태곤이 7개의 홈런을 쏘아 올리며 기세를 올렸습니다. 뒤이어 나선 강백호는 아웃카운트 한 개를 남겨두고 6개에 머물렀으나, 마지막 스윙에서 극적인 버저비터 홈런을 터뜨려 승부를 원점으로 돌렸습니다. 승부는 30초 동안 진행된 연장 서든데스에서 갈렸습니다. 오태곤이 담장을 넘기지 못한 반면, 강백호는 우승을 확정 짓는 강력한 한 방을 날린 뒤 시원한 배트 플립으로 승리를 자축했습니다. 우승을 차지한 강백호는 상금 천만 원과 가전제품 부상을 받았으며, 배팅볼을 던져준 KIA 한준수 선수와 상금을 나누겠다는 훈훈한 소감을 전했습니다. 오스틴의 대체 선수로 출전해 우승 문턱까지 갔던 오태곤은 준우승 상금 300만 원에 만족해야 했습니다. #야구 #한화 #올스타전 #홈런더비 #홈런왕 #강백호 연합뉴스TV 기사문의 및 제보 : 카톡/라인 jebo23 김종성(goldbell@yna.co.kr)",https://v.daum.net/v/K4bq4ZGhHm
2026.07.11 07:29,"무더위 날리는 '글래머 핫바디' 김현영 치어리더, 시선 고정 열정 응원 ...",마이데일리,"‘경기장의 꽃’ 치어리더는 더 이상 단순히 관중의 응원만을 이끄는 존재에 머물지 않는다. 관중과 선수를 연결하는 가교이자, 경기장 분위기를 극대화하는 주역으로 확실히 자리 잡았다. 이제 치어리더는 응원을 넘어 팬과 팀을 이어주는 중요한 스포츠 콘텐츠 창작자로 빛나고 있다. 스포츠 문화를 더욱 풍성하게 만드는 치어리더들의 매력을 <마이데일리>가 현장에서 영상으로 담아 [치얼UP영상]에서 전한다. <편집자 주> [마이데일리 = 송일섭 기자] SSG랜더스 김현영 치어리더가 7일 오후 서울 잠실야구장에서 진행된 '2026 KBO리그' 두산베어스와 SSG랜더스의 경기에서 응원을 펼치고 있다.",https://v.daum.net/v/4iwH0OrNwM
2026.07.11 07:26,잠실 전설들의 추억 고백→'LG가 두산에 15연패 하던 시절부터 안경현 ...,스타뉴스,"[스타뉴스 | 잠실=박수진 기자] 한 시대를 풍미했던 서울 잠실야구장의 두 전설이 이번 시즌을 끝으로 역사 속으로 사라질 마운드에 올라 뜨거웠던 현역 시절을 돌아봤다. LG 트윈스 영원한 '캡틴' 박용택(47)과 두산 베어스의 '천재 유격수' 출신 김재호(41)는 10일 서울 송파구에 위치한 잠실야구장에서 열린 '2026 KBO 퓨처스 올스타전'에 시구자로 나란히 나섰다. 이들은 현역 시절 잠실을 홈으로 쓰며 20년 가까이 한 팀에서만 활약한 프랜차이즈 스타들이다. 후배 박해민(LG 트윈스)과 정수빈(두산 베어스)을 각각 시포자로 두고 힘차게 공을 던진 이들은 시구 직후 취재진과 만나 감회에 젖었다. 잠실구장은 오는 2032년 완공 예정인 3만 석 규모의 신축 돔구장 건설을 위해 이번 시즌을 끝으로 철거될 예정인 상황. 이날 마운드에 서기 전까진 덤덤했다던 박용택은 ""실제 마운드에 올라가니 '진짜 마지막이구나' 하는 생각이 들었다""며 ""시즌이 끝나갈 때면 마음이 더 이상해질 것 같다""고 털어놨다. 무려 21년 동안 잠실을 누빈 김재호 역시 ""과거 동대문구장이 없어졌을 때도 허물어지고 나서야 허전함이 크게 와닿았다. 잠실구장도 실제로 정말 허물어지면 마음이 많이 쓰릴 것 같다""며 아쉬움을 전했다. 두 전설의 대화는 자연스럽게 뜨거웠던 '잠실 라이벌전'의 추억으로 이어졌다. 박용택은 ""두산과 경기를 하면 팬들의 관심은 물론이고 프런트나 모기업 윗분들의 관심까지 높아져 늘 색다른 긴장감이 있었다""고 회상했다. 김재호 또한 ""보이지 않는 라이벌 구도가 있었다. LG전은 끝날 때까지 절대 긴장을 늦출 수 없는 경기들이 많았다""고 고개를 끄덕였다. 특히 이날 인터뷰에서는 과거 잠실벌을 뜨겁게 달궜던 '매운맛' 비하인드 스토리들이 쏟아져 나와 눈길을 끌었다. 박용택은 자신이 주장 시절 겪었던 2018시즌 '두산전 15연패'의 아픈 기억을 떠올리며 고개를 숙였고, 야구팬들 사이에서 여전히 회자되는 '2007년 안경현과 봉중근의 난투극(백드롭 사건)'을 깜짝 소환했다. 김재호는 당시 백드롭 사건에 대해 ""아마 저는 군대에 있었던 시절이었던 것 같다""고 했다. 김재호는 LG와 치열한 라이벌전 도중 2016시즌을 언급했다. 그는 ""그때 정말 팀에 필요했던 전력이자 불펜 투수 정재훈 형이 (박)용택이형이 친 공에 부상을 입었던 것이 기억난다""고 회고했다. 결국 정재훈(현 두산 베어스 투수코치)은 2016시즌을 마지막으로 현역 은퇴했다. 치열했던 혈투와 부상의 기억조차 이제는 웃으며 나눌 수 있는 추억이 되었지만, 이들이 치열하게 부딪혔던 거대한 전장은 이제 역사 속으로 사라질 예정이다. 두 전설은 다가올 새 잠실구장에 대한 당부와 기대도 잊지 않았다. 박용택은 ""불과 몇 년 전만 해도 원정팀은 잠실 구장 복도에서 옷을 갈아입을 정도로 양 팀 시설이 열악했다""라며 ""새 구장은 선수들이 부족함 없이 지낼 수 있도록 넉넉한 시설을 갖췄으면 한다""고 바람을 전했다. 김재호는 ""이제는 우리가 해외로 돔구장 견학을 가는 것이 아니라, 외국에서 한국으로 견학을 올 수 있을 만큼 멋진 명품 돔구장이 지어지길 바란다""고 당부했다. 한편, 마지막 시즌을 보내고 있는 친정팀을 향한 응원도 잊지 않았다. 박용택은 올해 LG의 '우승'을, 김재호는 두산의 '가을야구 진출'을 기원하며 변함없는 친정 사랑을 드러내며 야구장을 떠났다. 잠실=박수진 기자 bestsujin@mtstarnews.com",https://v.daum.net/v/8zfksRQ9Sz
2026.07.11 07:24,‘파라파라와 굽은 손가락’ 정수빈의 ‘잠실 야호’,KBS,"[앵커] 철거로 역사 속으로 사라질 잠실야구장에서 오늘 마지막 올스타전이 펼쳐지는데요, 잠실 아이돌로 불리는 두산 정수빈은 누구보다 남다른 마음으로 올스타전을 기다려왔습니다. 문영규 기자의 보도입니다. [리포트] 별명이 잠실 아이돌이지만, 잠실 올스타전 출전 경험은 없는 정수빈. 올해 마지막이 될 잠실 올스타전 출전을 위해 큰 결단을 했습니다. 인기 아이돌 리센느의 춤을 따라 하며 자신에게 올스타 투표를 해달라는 파격 영상을 찍은 것인데 조회수가 270만 회가 넘게 나왔습니다. [정수빈/두산 : ""잠실 '아이돌'보다 이제 잠실 '아이 둘'이 더 어울리지 않을까. 제가 이제 아기가 두 명이라‥. 그냥 제가 아니었던 것 같고요. 잠실 야구장 마지막 올스타전을 나갈 수 있어서 정말 다행이라 생각하고 너무 감사드리고 있습니다.""] 잠실의 마지막을 맞이하는 자세도 별명처럼 남달랐습니다. 수비 도중 손가락을 다쳤는데 재활 공백기를 피하기 위해 과감히 수술을 포기했습니다. 평생 새끼손가락이 굽는 후유증이 남게 됐지만, 정수빈은 상관없다고 말합니다. [정수빈/두산 : ""잠실 야구장 또 마지막인데 또 이렇게 아쉽게 끝낼 수도 없고, 여러 가지로 좀 고민해서 안 했던 것 같아요.""] 지난 2024년 수달 복장처럼 특별한 준비도 하고 있다는 정수빈은 올해 이미 6개의 홈런을 쳐낸 만큼 홈런으로 미스터 올스타도 노립니다. [정수빈/두산 : ""준비는 하고 있습니다. 홈런을 한 번 노려보려고요. 홈런을 쳐야 (미스터 올스타) 되지 않을까….""] 특별한 올스타전답게 팬들을 위한 다채로운 행사들도 함께 열립니다. 각종 전시는 물론 잠실 내야의 흙을 직접 가져가 보관할 수 있는 이벤트가 진행돼 잠실의 마지막 추억을 팬들도 간직할 수 있습니다. KBS 뉴스 문영규입니다. 촬영기자:오범석 홍병국/영상편집:이상철 ■ 제보하기 ▷ 전화 : 02-781-1234, 4444 ▷ 이메일 : kbs1234@kbs.co.kr ▷ 카카오톡 : 'KBS제보' 검색, 채널 추가 ▷ 유튜브, 네이버에서도 KBS뉴스를 구독해주세요! 문영규 기자 (youngq@kbs.co.kr)",https://v.daum.net/v/qgkXfXYCT6
2026.07.11 07:21,"'무려 15명' 롯데가 가장 많았다! 1000만원→2000만원 증액, 2...",스포티비뉴스,"[스포티비뉴스=잠실, 박승환 기자] 매년 최다 관중 신기록을 세울 정도로 인기가 하늘을 찌르고 있는 KBO리그의 별들이 한 자리에 모인다. 과연 올해는 어떤 구단에서 '미스터 올스타'가 배출될까. KBO리그 올스타전은 지난 1982년 출범 첫 시즌부터 시작돼 올해로 45년째를 맞는다. 과거 올스타전의 경우 각 구단을 대표하는 선수들이 한 자리에 모여 자웅을 가리는 성향이 짙었다면, 근래의 올스타전은 뜨거운 사랑을 보내주는 팬들에게 조금 더 많은 볼거리를 제공하는 축제로 바뀌었다. 메이저리그처럼 리그를 대표하는 선수들이 진지하게 승부를 가리는 모습을 볼 순 없다는 점은 분명 아쉬움이 남는 포인트다. 하지만 매 경기 승·패가 갈림으로 인해 스트레스를 받는 팬들이 단 하루라도 활짝 웃을 수 있도록 퍼포먼스가 펼쳐진다. 하지만 그렇다고 모든 선수들이 올스타전에 대충 임하는 것은 아니다. '미스터 올스타'로 불리는 MVP를 목표로 하는 선수들도 적지 않다. 첫 올스타전에서 MVP로 선정된 이는 지금까지도 '미스터 올스타'로 불리는 김용희 롯데 자이언츠 2군 감독이다. 김용희 감독은 올스타 1차전에서 3타수 1안타를 기록했고, 2차전에서는 두 개의 홈런을 포함해 5타수 4안타 3타점, 3차전에서 1안타(1홈런) 4타점으로 당시 올스타전에서 13타수 4안타 3홈런 7타점으로 펄펄 날아오르며 MVP로 선정되며, 맵시 자동차를 부상으로 받았다. 그리고 두 번째 올스타전에서는 OB 베어스 출신의 신경식이 올스타전 3차전 합계 7타수 3안타 1홈런 2타점을 바탕으로 MVP 타이틀을 손에 넣었고, 로얄 프린스 자동차를 받았다. 그러자 1984년 김용희 감독이 11타수 5안타 1홈런 5타점으로 다시 한번 맹활약을 펼치면서, MVP 타이틀을 되찾았다. 김용희 감독은 10일 퓨처스 올스타전에 앞서 취재진과 만남에서 '당시 상금보다 회식비를 더 많이 썼다는 이야기가 있다'고 하자 ""그렇다""며 ""그때 차값이 450만원 정도 했던 것으로 기억을 한다. 첫해 MVP로 선정된 후 삼정호텔 뒤에 삼정 회관이라는 고깃집에서 동군과 서군 감독님들, 당시에는 기자분들까지 다 왔었는데, 그때 회식비를 쐈다. 그리고 선물도 한다고 이래저래 돈을 쓰다 보니 차값보다 더 많이 나왔다""고 호탕하게 웃었다. 지금까지 가장 많은 '미스터 올스타'를 배출한 팀은 롯데다. 롯데는 무려 15명의 올스타 MVP를 배출했다. 김용희 감독을 시작으로 허규옥, 김민호, 김응국, 박정태, 이대호, 정수근, 홍성흔, 전준우, 강민호 등이 올스타전의 MVP로 선정됐다. 그 뒤를 KIA 타이거즈가 잇고 있다. 1986년 김무종을 시작으로 김종모와 한대화, 김성한, 이종범, 안치홍, 최형우 등 7명의 올스타 MVP를 만들어냈다. 그리고 빙그레 시절을 포함한 한화 이글스가 5회, OB 시절이 포함된 두산 베어스가 4회, LG 트윈스가 3회, 현대 유니콘스와 키움 히어로즈, SSG 랜더스가 각각 2회, 삼성 라이온즈, 쌍방울 레이더스, NC 다이노스가 각각 1회씩 미스터 올스타를 만들어냈다. 하지만 아직까지 단 한 명도 미스터 올스타를 배출하지 못한 팀도 있다. 바로 KT 위즈다. 롯데가 가장 많은 올스타 MVP를 만들어냈지만, 2015년 강민호 이후에는 좀처럼 MVP가 탄생하지 않고 있다. 지난해에는 LG 트윈스 박동원, 2024년에는 KIA 타이거즈 최형우, 2023년에는 한화 이글스 채은성, 2022년에도 한화의 정은원이 영예를 안았다. KBO는 올해부터 미스터 올스타로 선정된 선수에게는 더 푸짐한 부상을 제공하기로 결정했다. 기존 1000만원이었던 상금이 2000만원으로 증가했고, 트로피와 함께 바디프랜드 733제품과 메디힐 시상품이 부상으로 주어진다. 과연 올해 미스터 올스타는 어떤 구단에서 탄생하게 될까. 지금까지 투수로 미스터 올스타에 선정된 선수는 김시진 KBO 감독관(1985년)과 정명원(1994년) 외에는 한 번도 없었다. 하지만 단 한 경기로 모든 것이 결정될 수 있는 만큼 누구에게나 가능성은 열려 있다. <저작권자 ⓒ SPOTV NEWS. 무단전재 및 재배포 금지>",https://v.daum.net/v/pu2FQF5Th5
2026.07.11 07:16,"야구대표팀, 아시안게임서 대만·홍콩·태국과 조별리그",연합뉴스TV,"류지현 감독이 이끄는 야구대표팀이 오는 9월 열리는 2026 아이치·나고야 아시안게임에서 대만, 홍콩, 태국과 함께 조별리그 B조에 묶였습니다. 대회 조직위원회가 공개한 야구 종목 조 배정 결과와 일정에 따르면, 대표팀은 대만과 조별리그 첫 경기부터 정면 승부를 펼칩니다. 첫 경기인 대만전은 9월 21일 오후 6시 30분, 일본 아이치현 오카자키 중앙종합공원 야구장에서 열립니다. 사실상 조 1위 향방을 가를 분수령이 될 전망입니다. 이어 다음 날인 22일 오후 6시 30분에는 도요하시 시민구장으로 자리를 옮겨 홍콩과 조별리그 2차전을 치릅니다. 조별리그 마지막 경기인 태국전은 23일 낮 12시, 다시 오카자키 중앙종합공원 야구장에서 펼쳐집니다. 나흘간의 조별리그 일정을 마친 뒤 24일 하루 휴식을 취한 대표팀은, 25일부터 이틀간 본격적인 메달 색을 가릴 슈퍼라운드에 돌입합니다. 슈퍼라운드에서는 각 조 1, 2위 팀이 크로스로 맞붙게 되며, 이 성적에 따라 결승 및 동메달 결정전 진출팀이 가려집니다. 대망의 동메달 결정전은 27일 낮 12시 오카자키 구장에서, 금메달이 걸린 최종 결승전은 같은 날 저녁 6시 30분 도요하시 시민구장에서 개최됩니다. 한편, 사회인 야구 선수들을 중심으로 대표팀을 꾸린 개최국 일본은 중국, 필리핀, 팔레스타인과 함께 A조에 편성됐습니다. #류지현 #야구 #아시안게임 연합뉴스TV 기사문의 및 제보 : 카톡/라인 jebo23 김종성(goldbell@yna.co.kr)",https://v.daum.net/v/p3QCtrEoY9
2026.07.11 07:10,"매닝·오러클린 정리한 삼성, 페덱 영입 초읽기…다음 주초 공식 발표 유력",OSEN,"[OSEN=손찬익 기자] 11년 만에 전반기를 1위로 마친 프로야구 삼성 라이온즈가 후반기 첫 승부수를 던진다. 새 외국인 투수 크리스 페덱 영입이 사실상 마무리 단계에 접어들면서 한국시리즈 우승을 향한 퍼즐을 완성할 전망이다. 삼성은 지난 10일 외국인 투수 맷 매닝을 웨이버 공시했고, 매닝의 부상 대체 선수였던 잭 오러클린도 자유계약선수로 공시했다. 이는 새 외국인 투수 영입이 임박했다는 의미다. 지난 7일 대구 LG 트윈스전을 앞두고 삼성이 메이저리그 출신 크리스 페덱을 영입한다는 보도가 나왔다. 당시 이종열 단장은 ""3~4명을 보고 있다. 아직 결정된 것은 없다""면서도 ""좋다는 투수는 다 오라고 하는데 와야 오는 것 아니겠느냐""고 말했다. 박진만 감독 역시 ""페덱은 리스트에 있는 선수 중 한 명이다. 정해진 건 없다. 나도 모르는 걸 확정시켜놨더라""고 선을 그었다. 그러면서도 ""더 높은 곳을 바라보려면 더 좋은 외국인 선수가 있을 경우 언제든 영입해야 한다. 지금 외국인 선수보다 더 좋은 기량을 갖춘 선수라면 무조건 데려와야 한다""고 강조했다. 당시 구단이 확답을 피한 것은 자연스러운 일이었다. 계약을 진행 중이더라도 메디컬 테스트 등 최종 절차가 남아 있었고, 오러클린이 8일 선발 등판을 앞두고 있었기 때문이다. 실제로 KBO리그에서는 외국인 선수 영입설이 나온 뒤 구단이 ""결정된 것은 없다""는 원론적인 입장을 밝힌 경우 대부분 계약으로 이어졌다. 삼성은 올 시즌 외국인 투수 문제로 적잖은 어려움을 겪었다. 매닝은 일본 오키나와 2차 스프링캠프에서 오른쪽 팔꿈치를 다친 뒤 단 한 경기도 등판하지 못했다. 대체 외국인 선수 오러클린은 17경기에서 5승 5패 평균자책점 4.86을 기록했다. 5월에는 5경기 4승 무패 평균자책점 3.49로 반등하며 기대를 모았지만, 6월 5경기 평균자책점 5.79로 주춤했다. 성실한 태도와 뛰어난 인품으로 선수단의 신뢰를 받았지만, 냉정한 프로의 세계에서는 결국 성적으로 평가받을 수밖에 없었다. 페덱은 최근 국내에서 메디컬 테스트를 받은 것으로 알려졌다. 유명 야구 커뮤니티에는 서울의 한 정형외과에서 검진을 받은 뒤 인근 카페를 찾았다는 목격담과 사진까지 올라왔다. 메디컬 테스트에서 특별한 문제가 발견되지 않는다면 구단과 정식 계약을 맺는다. 구단 내부 절차를 거쳐 이르면 다음 주 초 공식 발표가 이뤄질 가능성이 크다. 1996년생인 페덱은 신장 196㎝, 체중 98㎏의 우완 투수다. 샌디에이고 파드리스에서 빅리그에 데뷔한 뒤 미네소타 트윈스, 디트로이트 타이거스, 마이애미 말린스, 신시내티 레즈, 텍사스 레인저스 등을 거쳤다. 2021년에는 김하성(애틀랜타 브레이브스)과 샌디에이고에서 함께 뛰기도 했다. 메이저리그 통산 성적은 132경기 32승 43패 평균자책점 4.83. 한때 샌디에이고가 미래의 에이스로 기대했던 자원인 만큼, 삼성이 후반기 반등의 카드로 낙점한 이유도 분명하다. /what@osen.co.kr",https://v.daum.net/v/uPmWpImjSA
2026.07.11 07:03,"구자욱 ""올스타 분장쇼, 장난 같다. 제대로 된 경기 하고싶다"" 직격 발...",마니아타임즈,"삼성 라이온즈 구자욱의 올스타전 퍼포먼스 관련 발언이 야구팬들 사이에서 뜨거운 논쟁거리로 떠올랐다. 구자욱은 10일 올스타전 퍼포먼스를 어떻게 준비하고 있냐는 TV 리포터의 질문에 에 ""퍼포먼스에 대해서 드리고 싶은 말이 있다. 저희는 제대로 된 경기를 하고 싶다. 장난 같단 생각이 좀 들었다. 고민 중이다. 전력으로 하고 싶은데... 분장이라는 게 너무 장난이 아닌가 그런 생각을 한 번 해본 것 같다""라며 솔직한 심경을 밝혔다. 전력으로 경기에 임하고 싶은 선수로서, 최근 과열된 올스타전의 분장 문화에 대해 진지하게 고민해보게 되었다는 취지의 발언이었다. 이러한 발언이 알려지자 야구팬들의 여론은 팽팽하게 맞서고 있다. 구자욱의 의견에 공감하는 팬들은 올스타전 역시 프로야구의 연장선인 만큼 스포츠의 본질과 경기력이 우선시되어야 한다고 주장한다. 최근 올스타전이 경기 자체보다 숏폼 콘텐츠나 보여주기식 분장쇼에 과도하게 치중되면서 축제의 권위와 몰입도가 떨어진다는 지적이다. 선수들이 진지하게 실력을 겨루는 모습이야말로 팬들에게 줄 수 있는 최고의 보답이라는 의견이 힘을 얻고 있다. 반면 일 년에 한 번뿐인 축제의 장인 만큼 지나치게 진지할 필요는 없다는 반론도 만만치 않다. 비판적인 시선을 보내는 팬들은 평소 정규시즌의 치열한 승부에서 벗어나 선수와 팬이 함께 웃고 즐기자는 취지를 강조한다. 평소에는 볼 수 없었던 선수들의 유쾌하고 인간적인 면모를 볼 수 있는 기회인 만큼, 퍼포먼스를 하나의 축제 문화로 받아들여야 한다는 입장이다. 구자욱의 이번 발언은 올스타전의 정체성을 '팬들을 위한 엔터테인먼트 쇼'로 볼 것인지, 혹은 '최고 스타들의 진검승부'로 볼 것인지에 대한 해묵은 논쟁을 다시 점화시켰다. 축제의 재미와 스포츠의 진정성 사이에서 향후 올스타전이 어떤 균형점을 찾아갈지 주목된다. [강해영 마니아타임즈 기자/hae2023@maniareport.com] 기사제보 및 보도자료 report@maniareport.com",https://v.daum.net/v/5gYhbySr1k
2026.07.11 07:02,"한화 '100억 우승 청부사' 선한 영향력 대단하네!…""TV로만 보던 형...",엑스포츠뉴스,"(엑스포츠뉴스 대전, 김근한 기자) 한화 이글스 전반기 5할 버티기 1등 공신은 단연 '100억 우승 청부사' 강백호였다. 강백호는 개인 커리어 하이 시즌에 다가서는 동시에 팀 동료들에게도 선한 영향력을 끼치고 있다. 강백호는 올 시즌 4년 최대 100억원 FA 계약으로 한화 유니폼을 입고 맹활약을 펼치고 있다. 강백호는 전반기 78경기에 출전해 타율 0.313, 94안타, 23홈런, 85타점, 출루율 0.384, 장타율 0.600으로 압도적인 타격 성적을 거뒀다. 단순히 성적만 빛나는 게 아니다. 강백호는 팀 동료들에게도 긍정적인 영향을 끼치고 있다. 전반기 마지막 경기에서 3안타 3타점 맹활약을 펼치며 한화 이글스의 6-4 승리와 5할 승률 달성을 이끈 신인 외야수 오재원은 경기 후 취재진과 만나 강백호와 함께 뛰는 시너지 효과를 언급했다. 오재원은 앞서 강백호와 스프링캠프 룸메이트로도 함께했다. 그는 ""백호 형이랑 한 팀에서 한 그라운드에서 경기를 뛰고 있다는 것 자체가 아직 신기하다. 초등학교, 중학교, 고등학교 때 TV로만 보던 선배님, 형들이랑 같이 야구장에서 경기 뛰고 있다는 게 신기하다""고 밝혔다. 이어 ""백호 형도 잘 챙겨주시고 많이 알려주고 여러 경험 같은 것도 많이 알려줘서 백호 형하고만 계속 많이 붙어 다니려고 했던 것 같다""고 덧붙였다. 한화 팀 타선이 전반기 막판 상승세를 탄 데는 강백호의 미국산 사제 방망이도 한몫한 것으로 알려졌다. 강백호는 평소 미국에서 방망이를 여러 스타일로 주문해 놓는다. 정작 본인이 사용하는 건 하나도 없고 다른 선수들이 모두 가져갔다고 밝힌 바 있다. 특히 노시환이 강백호의 방망이로 연속 홈런을 치기 시작하면서 인생 배트를 찾았다고 하자 기뻐서 추가 주문까지 했다고 밝혔다. 강백호에 따르면 올 시즌 미국에서 주문한 방망이 제품 총가격만 3000만원이 훌쩍 넘는다고. 다만, 오재원은 강백호 방망이를 함께 쓰냐는 질문에는 웃음을 지으며 손을 저었다. 오재원은 ""백호 형이 좀 무거운 방망이를 쓰더라. 나도 방망이를 받고 싶은데 그 무게를 쓸 엄두가 안 나서 백호 형 방망이는 따로 받지 않는다""고 미소 지었다. 다만, 다른 선배들의 방망이는 적극적으로 빌려 쓰고 있다고 전했다. 오재원은 ""채은성 선배님이 방망이를 한 자루씩 신인들한테 다 나눠줘서 아직 갖고 있고 이번에 문현빈 형 거 한번 빌려서 써봤다. 아직 내 방망이 밸런스가 완전히 확실하게 정해진 건 아니라서 형들 거 좀 많이 빌려서 쓰고 있다""고 설명했다. 오재원은 강백호의 방망이를 직접 쓰진 못하지만, 조언만큼은 충분히 받고 있다. TV로만 보던 선배가 그라운드 옆에서 직접 챙겨주는 전반기를 보낸 오재원. 그 경험이 후반기에 어떤 성장으로 이어질지 기대된다. 사진=엑스포츠뉴스 DB / 한화 이글스 김근한 기자 forevertoss88@xportsnews.com",https://v.daum.net/v/HxFwpImj1T
2026.07.11 07:01,류지현호 AG 상대 확정... 대만-홍콩-태국과 한 조,스포츠한국,"[스포츠한국 김성수 기자] 2026 아이치·나고야 아시안게임에 나설 야구대표팀의 조별리그 상대가 확정됐다. 대회 조직위원회는 10일 아시안게임 야구 조 배정과 일정을 밝혔다. 한국은 9월21일 오후 6시30분 일본 아이치현 오카자키 중앙종합공원 야구장에서 대만과 B조 첫 경기를 치른다. 22일 오후 6시30분에는 일본 아이치현 도요하시 시민구장에서 홍콩과 2차전에 임한다. 대표팀은 23일 정오 중앙종합공원 야구장으로 돌아와 태국과 조별리그 마지막 경기를 치른다. 24일에 휴식 후 25~26일 동안 각 조 1-2위가 다른 조의 1-2위, 각 조 3-4위가 다른 조의 3-4위와 한 번씩 대결하는 슈퍼 라운드가 진행된다. 여기서 결승과 동메달 결정전의 주인공이 가려진다. 동메달 결정전은 27일 정오 오카자키 중앙종합공원 야구장, 결승전은 27일 오후 6시30분 도요하시 시민구장에서 펼쳐진다. 스포츠한국 김성수 기자 holywater@sportshankook.co.kr",https://v.daum.net/v/8E0Y85HlW8
2026.07.11 06:43,"육성선수 입단→1군 데뷔전 득점→퓨처스 올스타, 기적 써내려가는 23살 ...",OSEN,"[OSEN=잠실, 길준영 기자] 프로야구 한화 이글스 이도훈(23)이 육성선수로 출발에 퓨처스 올스타까지 올라왔다. 이도훈은 10일 서울 잠실구장에서 열린 ‘2026 신한 SOL KBO 퓨처스 올스타전’ 인터뷰에서 “육성선수로 힘들게 입단했는데 1군 무대까지 올라오기 위해 정말 노력했다. 그 노력을 보상받는 느낌이라서 정말 기쁘다”며 퓨처스 올스타에 선정된 소감을 밝혔다. 장충고와 사이버한국외대를 졸업한 이도훈은 신인 드래프트에서 지명받지 못했지만 올해 육성선수로 한화에 입단했다. 입단 첫 해부터 퓨처스리그에서 34경기 타율 3할8푼2리(68타수 26안타) 5타점 26득점 22도루 OPS .925로 활약하며 단숨에 주목 받는 유망주로 부상했고 퓨처스 올스타에 선정됐다. “솔직히 처음 팀에 들어왔을 때 이렇게 바로 퓨처스 올스타가 될거라고는 생각하지 못했다”고 말한 이도훈은 “정말 상상도 못했는데 이렇게 좋은 기회를 주셔서 정말 정말 감사드린다. 이 기회에 나를 잘 보여드리고 싶다”고 말했다. 이도훈은 지난 5일 1군에 콜업됐고 7일 NC 다이노스와의 경기에서 8회 볼넷으로 출루한 강백호의 대주자로 나서며 1군에 데뷔했다. 이후 노시환의 1타점 3루타에 홈까지 쇄도하며 데뷔 첫 득점까지 올렸다. “진짜 정신 없고 떨렸다. 득점을 하고 더그아웃에서 하이파이브를 해야하는데 너무 흥분해서 그냥 왔다 갔다 하면서 정신없이 지나갔다”고 데뷔전 득점 순간을 돌아본 이도훈은 “그라운드에 나가니까 팬분들의 응원소리도 크고 웅장해서 힘을 많이 얻었다. 그리고 영구결번 레전드 선배님들의 번호가 보여서 다시 한 번 동기부여가 됐다”고 이야기했다. 퓨처스리그에서 좋은 활약을 하고 1군으로 콜업된 이도훈은 “처음 콜업 소식을 들었을 때 정말 좋았다. 드디어 1군 무대를 밟을 수 있는 기회가 왔다, 이 기회를 잘 잡아보자고 생각했다”면서 “연락을 해주신 분들도 정말 많았고 부모님도 엄청 좋아하셨다. 1군에 간다고 끝이 아니니까 더 많이 배우고 내 역할을 잘 하라고 하셨다”며 다시 한 번 마음을 다잡았다고 강조했다. 아직 1군에서 타석에 서지 못한 이도훈은 “빠른 다리가 내 가장 큰 장점이다. 그리고 공을 정확히 컨택하는 능력과 짦은 타구로 다음 베이스로 갈 수 있는 적극성도 있다”며 자신의 강점을 어필했다. 이어서 “타석에 들어가게 된다면 후회 없이 내 스윙을 돌리고 싶다. 결과가 어떻게 되든 내 모습을 보여드리고 싶은 마음이 있다. 지금이 끝이 아니고 시작이니까 최대한 1군에서 버텨서 내 자리를 한 번 만들어보고 싶다”고 남은 시즌 각오를 다졌다. /fpdlsl72556@osen.co.kr",https://v.daum.net/v/WUSv0OrNhN
2026.07.11 06:31,순위·타이틀·관중 모두 뜨거웠다…2026 프로야구 전반기 결산 [스한 위...,스포츠한국,"[스포츠한국 심규현 기자] 치열한 선두 경쟁과 최하위권의 추락, 오스틴 딘과 김도영의 MVP 경쟁, 연일 새로 쓰인 관중 기록까지. 2026년 프로야구 전반기는 순위와 개인 타이틀, 흥행 모두 어느 때보다 뜨거웠다. 지난 3월 개막해 4개월간 쉼 없이 달려온 KBO리그는 9일 경기를 끝으로 전반기 일정을 마쳤다. 잠시 숨을 고른 뒤 오는 16일부터 후반기 순위 싸움에 돌입한다. 스포츠한국은 반환점을 돈 2026 KBO리그의 주요 장면과 전반기 판도를 되짚어봤다. ▶LG-삼성의 뜨거운 선두경쟁, 부끄러운 SSG-키움 최하위 싸움 올 시즌을 앞두고 대다수 전문가는 2강으로 LG 트윈스와 삼성 라이온즈를 꼽았다. 2025년 한국시리즈 정상에 오른 LG는 외국인 전원과 재계약하며 전력 유출을 최소화했다. 여기에 탄탄한 타선과 김진성-김영우-우강훈-유영찬으로 이어지는 불펜까지 갖추며 완벽한 투타 조화를 이뤘다는 평가를 받았다. 이에 반해 삼성은 불펜이 약하나 막강한 선발진, 그리고 최형우의 합류로 더 강력해진 타선을 앞세워 일찌감치 LG의 대항마로 꼽혔다. 두 팀 모두 시즌 초반에는 우여곡절을 겪었다. LG는 외국인 투수 요니 치리노스가 부진 끝에 방출됐고 마무리투수 유영찬은 팔꿈치 수술로 시즌 아웃됐다. 홍창기, 신민재, 박동원 등 최근 몇 년간 LG의 핵심이었던 타자들도 부진에 빠졌다. 그러나 LG는 '잇몸 야구'로 이를 극복했고 결국 50승에 선착, 정규리그 1위 확률 69.4%를 잡았다. 삼성은 시즌 초반 7연승 후 7연패로 주춤하는 듯했으나 대체 외국인 투수 잭 오러클린의 활약, 그동안 삼성의 발목을 잡았던 불펜의 완벽한 반등, 빈틈없는 타선을 앞세워 5월 월간 승률 1위로 단숨에 상위권에 올랐다. 그리고 전반기 마지막까지 LG와 치열한 1위 싸움을 펼치며 우승 후보임을 몸소 증명했다. 이에 반해 SSG 랜더스와 키움 히어로즈는 부끄러운 최하위 싸움을 펼쳤다. 지난해 정규시즌 3위로 돌풍을 일으켰던 SSG는 올해 구단 창단 후 최다 13연패, 전반기 막판 9연패로 크게 흔들렸다. 외국인 투수 미치 화이트와 앤서니 베니지아노가 조기 방출됐고, 아시아쿼터 타케다 쇼타마저 부진하는 등 선발진이 총체적 난국에 빠진 점이 치명적이었다. 이로 인해 불펜에 과부하가 걸렸고 결국 장점을 잃은 SSG는 9위로 전반기를 마무리했다. 시즌 전 최약체로 평가받았던 키움은 박준현과 안우진이라는 특급 국내 선발투수를 보유했음에도 여전히 불안한 불펜, 송성문의 이탈을 실감케 하는 타선 등 투타 난조 속 4년 연속 최하위가 유력해졌다. ▶LG 첫 정규리그 MVP 노리는 오스틴, 이를 막는 김도영 전반기 최고 타자는 단연 LG 오스틴 딘이다. KBO 입성 4년차인 그는 8일까지 타율 0.343 OPS(출루율+장타율) 1.088 27홈런 83타점의 눈부신 성적을 남기고 있다. 8일 기준 타율과 최다안타 부분 3위, 타점 2위, 홈런과 장타율 1위인 그는 LG 사상 첫 정규리그 MVP 및 홈런왕에 도전한다. 대항마는 KIA 타이거즈 김도영이다. 2024년 타율 0.347 38홈런 109타점 40도루로 정규리그 MVP를 수상한 그는 지난해 햄스트링 부상으로 30경기 소화에 그쳤다. 그러나 올해 아쉬움을 씻고 8일까지 85경기 타율 0.295 OPS 0.996 26홈런 72타점으로 홈런 2위에 등극, 토종타자의 자존심을 굳건히 지키고 있다. 세부 기록도 팽팽하다. 야구 통계사이트 스탯티즈에 따르면 8일 기준 오스틴의 대체 선수 대비 승리 기여도(WAR)는 5.00으로 1위, 김도영은 4.97로 2위다. 조정 득점 창출력(wRC+)은 오스틴이 194.8로 김도영(164.2)을 압도하나 두 선수의 MVP 싸움은 시즌 끝까지 팽팽할 것으로 보인다. ▶올해도 신기록 행진… 3년 연속 1000만 관중 현실로 2024년 사상 첫 1000만 관중 시대를 연 KBO리그는 2025년에는 역대 최초로 1200만 관중을 돌파하며 자타공인 한국 최고 프로스포츠임을 다시 한번 입증했다. 흐름은 올해까지 이어진다. KBO리그는 개막 55경기 만에 100만 관중을 돌파한 뒤 파죽지세로 700만 관중까지 모두 최소 경기 신기록을 갈아치웠다. 8일까지 755만9809명이 경기장을 찾은 가운데 이대로라면 2025년 역대 최다 기록인 1231만2519명을 넘어 1300만 관중 시대도 열릴 것으로 보인다. 구단 별로는 8일 기준, 가장 먼저 LG가 홈 43경기 만에 100만 관중을 동원하며 KBO 역대 최소경기 신기록을 세웠다. 뒤를 이어 삼성이 95만2271명, LG와 잠실을 함께 쓰는 두산이 89만757명으로 리그 흥행을 이끌었다. 지난해 평균 관중 1만6875명(총 1만7000석)이 입장한 한화는 전반기 평균 관중 1만6792명으로 올해에도 인기를 실감 중이다. 끝까지 예측을 허락하지 않은 순위 싸움, 오스틴 딘과 김도영을 중심으로 불붙은 타이틀 경쟁, 연일 역대 기록을 갈아치운 관중 열기까지. 2026년 KBO리그 전반기는 경기장 안팎에서 뜨거웠다. 이제 반환점을 돈 프로야구는 오는 16일부터 우승과 가을야구, 개인 타이틀을 향한 더욱 치열한 후반기 승부에 들어간다. -스한 위클리 : 스포츠한국은 매주 주말 '스한 위클리'라는 특집기사를 통해 스포츠 관련 주요사안에 대해 깊이 있는 정보를 제공합니다. 이 기사는 종합시사주간지 주간한국에도 동시 게재됩니다. 스포츠한국 심규현 기자 simtong96@sportshankook.co.kr",https://v.daum.net/v/9f3Khie4hy
2026.07.11 06:27,홈런더비는 ‘투수’도 중요→한준수·조형우의 ‘소감’…똑같은 ‘아쉬움’-각...,스포츠서울,"[스포츠서울 | 잠실=김동영 기자] 올스타전의 '꽃' 홈런더비가 끝났다. 한화 강백호(27) 우승으로 마무리됐다. 오스틴 딘(33·LG) 대체로 출전한 SSG 오태곤(35)이 결승까지 갔다. 나란히 포수가 배팅볼을 던졌다. 희비가 엇갈렸다. 아쉬움은 또 똑같이 남는다. '결'이 살짝 다르기는 하다. 10일 잠실구장에서 2026 KBO 올스타 프라이데이 '홈런더비'가 열렸다. 총 8명이 참가했다. 결승에서 강백호와 오태곤이 붙었다. 연장 서든데스 끝에 강백호가 웃었다. 예선에서 강백호와 오태곤 모두 7개 날렸다. 허인서까지 7개로 동률. 비거리로 갈렸다. 가장 멀리 친 강백호와 다음으로 멀리 날린 오태곤이 결승에서 붙었다. 오태곤이 먼저 나섰다. 7개 쳤다. 강백호가 출전했다. 6개 상태에서 마지막 스윙으로 우측 폴대 때렸다. 7개다. 연장 서든데스다. 오태곤이 힘이 빠졌다. 30초 동안 하나도 치지 못했다. 강백호가 두 번째 스윙에서 홈런을 만들며 우승이다. 2018년 이후 8년 만에 출전했고, 우승까지 품었다. 강백호는 우승 상금 1000만원에 의류관리기를 부상으로 받았다. 145m짜리 홈런으로 비거리상도 받았다. 이쪽은 부상이 공기청정기다. 오태곤은 출전이 9일 결정 났다. 당당히 결승까지 올랐다. 준우승 상금 300만원에 부상까지 챙겼다. '잘 치는 것'이 가장 중요하다. 대신 '잘 던져주는 것' 또한 중요하다. 오태곤은 팀 동료 조형우가 배팅볼 투수로 나섰다. 강백호는 KIA 포수 한준수가 나왔다. 둘은 동갑내기 친구다. 한준수는 ""홈런더비 앞두고 (강)백호가 던져달라고 하더라. 다른 선수들도 있는데 나한테 얘기하길래 ‘그러자’고 했다. 내가 잘 던져준 건지는 모르겠다. 어쨌든 우승까지 갔으니 만족스럽다""며 웃었다. 자신도 상을 받았다. '홈런메이커상'이다. 헤드폰을 부상으로 챙겼다. 사실 한준수 또한 '한 방' 있는 타자다. 전반기 74경기에서 타율 0.322, 6홈런 26타점, OPS(출루율+장타율) 0.923 기록한 강타자다. 홈런이 부족했다. 이번 홈런더비 후보는 '9홈런 이상'을 기준으로 잡았다. 한준수는 ""홈런더비에서 타자들 치는 것 보니까 나도 차고 싶더라. 다음엔 나도 출전하고 싶다. 올해 홈런 개수가 너무 적어서 후보에도 들지 못했다. 더 노력해 보겠다. 나가고 싶은 마음은 있다""며 웃음을 보였다. 씁쓸함이 살짝 묻어나기는 했다. 아쉬움이 엿보인다. 조형우도 아쉽기는 마찬가지다. 대신 우승하지 못한 것에 대한 아쉬움이다. 자기 탓인 것 같단다. 오태곤 출전 자체가 전날 결정됐다. 따로 준비할 시간도 없었다. 그래도 결승까지 갔다. 조형우도 분명 역할을 했다. 조형우는 ""어제 저녁에 선배님이 부탁하셨다. 임박한 시점에서 결정이 나기는 했다. 내가 잘 던질 수 있을까 싶었다. 실제로 내가 오늘도 잘 던졌는지 모르겠다. 그냥 ‘퉁퉁’ 던졌다. 선배님이 너무 잘 치셨다""고 돌아봤다. 이어 ""막판에는 나도 힘이 빠지더라. 약간 손을 쓰게 됐다. 그러면서 타이밍이 왔다 갔다 했다 그게 아쉽다. 결승까지 갔는데 나 때문에 준우승인 것 같아 아쉽다. 잘했는데 너무 끝에 가서 졌다. 내가 더 욕심을 냈으면 어땠을까 싶다. 더 연습할 걸 그랬다""며 아쉬움을 드러냈다. raining99@sportsseoul.com",https://v.daum.net/v/0VopAf9Uyc
2026.07.11 06:25,"'162km 괴물'이 막아버린 마지막 카드…LG 손주영 선발 복귀, 가능...",MHN스포츠,"(MHN 정철우 기자) LG 트윈스는 전반기를 2위로 마쳤다. 단순히 순위 하나를 놓친 것이 아니었다. 9일 대구 삼성전 패배는 LG가 안고 있는 마운드의 구조적인 고민을 다시 확인시킨 경기였다. 특히 외국인 투수 약셀 리오스가 무너지며 패전 투수가 됐다는 사실은 가볍게 넘기기 어렵다. 리오스는 6회 구원 등판해 안타 2개와 볼넷 1개를 내주며 2실점했다. LG는 결국 5-6으로 패했고, 삼성에 승률 2리 차로 밀려 전반기 2위로 내려앉았다. 전반기 1위가 걸린 경기에서 LG가 가장 믿고 써야 할 외국인 승리조가 결승점을 내줬다. 한 경기의 실패만으로 리오스의 가치를 모두 부정할 수는 없다. 그러나 리오스에게 요구되는 기준은 일반적인 불펜 투수와 다르다. LG는 외국인 선발 요니 치리노스를 교체하면서 선발 투수를 다시 데려오지 않았다. 대신 미국에서도 주로 불펜으로 뛰었던 리오스를 선택했다. 외국인 선수 세 자리 중 하나를 중간 계투에 투자한 것이다. 리오스는 단순히 불펜 한 자리를 채우기 위해 영입된 선수가 아니다. 선발 한 자리를 포기하고 데려온 투수다. 그만큼 압도적이어야 했다. LG가 리오스를 영입하며 계산한 것은 명확했다. 리오스가 경기 중후반 가장 위험한 구간을 책임지고 손주영이 마지막을 닫는 구조였다. 선발이 긴 이닝을 던지지 못하더라도 리오스와 손주영을 연결하면 승리를 지킬 수 있다는 계산이었다. 염경엽 감독도 리오스가 없으면 불펜 데이를 운영하기 어렵다고 설명한 바 있다. 5회까지 다른 투수들로 버틴 뒤 접전이 만들어지면 리오스를 투입해 승부를 걸겠다는 구상이었다. 외국인 투수 한 명을 불펜에 둔 이유가 바로 여기에 있었다. 문제는 리오스가 아직 그 계산을 완전하게 만들어주지 못하고 있다는 점이다. 구속은 분명 위력적이다. 시속 160㎞ 안팎의 빠른 공을 던질 수 있다는 것만으로도 타자를 압박할 수 있다. 하지만 불펜 투수의 신뢰는 최고 구속으로 만들어지지 않는다. 중요한 순간에 스트라이크를 던질 수 있는가, 주자가 있을 때 흔들리지 않는가, 연투 상황에서도 같은 공을 던질 수 있는가가 더 중요하다. 9일 삼성전은 리오스가 아직 이 질문에 확실한 답을 주지 못하고 있음을 보여줬다. 그리고 리오스의 불안은 리오스 한 명으로 끝나는 문제가 아니다. LG 마운드 전체의 선택지를 줄이고 있다는 데 더 큰 문제가 있다. LG에는 전반기 내내 선발 고민이 있었다. 외국인 선발 한 자리를 사실상 포기한 채 시즌을 운영하고 있고, 선발 로테이션에 공백이 생길 때마다 불펜 데이까지 활용해야 했다. 선발이 안정적으로 6이닝 이상을 책임지는 경기가 많지 않기 때문에 불펜 소모도 커질 수밖에 없다. 이런 상황에서 자연스럽게 나올 수 있었던 카드가 손주영의 선발 복귀였다. 물론 현실적으로 가능성이 큰 선택은 아니었다. 염경엽 감독은 이미 올 시즌 손주영을 다시 선발로 돌릴 계획이 없다고 선을 그었다. 손주영이 마무리에서 빠지면 팀 전체가 흔들릴 수 있고, 현재 구조에서는 손주영이 뒷문을 지키는 것이 승리 확률을 높인다는 판단이었다. 대신 내년에는 반드시 선발로 복귀시키겠다는 구상도 공개했다. 그럼에도 2% 정도의 가능성은 남아 있었다. 리오스가 압도적인 투구를 이어갔다면 이야기는 달라질 수 있었다. 리오스가 KBO리그에서도 확실한 마무리 능력을 보여줬다면, LG는 후반기 어느 시점에 한 번쯤 손주영의 선발 전환을 검토할 수 있었다. 손주영은 2024년과 2025년 두 시즌 동안 선발로 20승을 거뒀고, 2년 연속 규정이닝을 채운 투수다. 단순히 선발 경험이 있는 정도가 아니다. LG가 보유한 국내 선발 카드 중 가장 강한 축에 속한다. 선발진이 흔들리는 상황에서 이런 투수를 마무리로 쓰고 있다는 것은 LG가 그만큼 큰 비용을 지불하고 있다는 뜻이다. 마무리 손주영은 성공했다. 하지만 손주영의 성공은 동시에 선발진의 약화를 의미한다. 선발에서 가장 강한 국내 좌완을 빼내 불펜의 마지막에 배치했기 때문이다. 리오스가 완벽하게 자리를 잡았다면 이 비용을 다시 계산해 볼 여지가 있었다. 리오스를 마무리로 옮기고 손주영을 선발로 돌리는 방법이다. 또는 리오스가 8회와 9회를 폭넓게 책임지는 구조를 만들고 손주영에게 선발 복귀 준비 시간을 주는 방법도 생각할 수 있었다. 가능성이 높지 않아도 선택지로는 존재할 수 있었다. 그러나 지금은 그 가능성마저 사실상 사라졌다. 리오스가 필승조에서도 확실한 믿음을 주지 못하는 상황에서 그에게 마무리를 맡길 수는 없다. 손주영을 선발로 빼는 순간 LG는 뒷문을 책임질 확실한 투수를 잃게 된다. 리오스를 마무리로 돌렸다가 실패하면 LG는 선발과 불펜을 동시에 잃는다. 손주영은 선발 복귀를 위해 투구 수와 루틴을 다시 만들어야 한다. 마무리에서 곧바로 선발로 이동할 수 있는 것이 아니다. 일정한 준비 기간이 필요하다. 그런데 그 준비를 시작한 뒤 리오스가 흔들리면 다시 손주영을 마무리로 돌리는 것도 쉽지 않다. 결국 손주영의 보직 변경은 리오스가 확실해야만 가능한 선택이었다. 리오스가 8회든 9회든 압도적인 믿음을 줘야 LG가 손주영을 움직일 수 있었다. 하지만 현재 리오스는 손주영을 대체할 투수가 아니라 손주영 앞에서 보호받아야 하는 투수에 더 가깝다. 이 차이는 크다. LG가 리오스를 영입한 것은 불펜 투수 한 명을 보강한 것이 아니라 마운드의 구조를 바꾼 결정이었다. 외국인 선발을 포기하고 불펜을 강화하는 대신, 국내 선발진과 불펜 데이로 선발 이닝을 견디겠다는 승부수였다. 이 승부수가 성공하려면 리오스가 압도적이어야 한다. 외국인 선발 투수라면 일주일에 한 번 등판해 6이닝 안팎을 책임진다. 한 시즌 전체로 보면 150이닝 이상을 기대할 수 있다. 외국인 불펜 투수는 그 이닝을 던질 수 없다. 따라서 적은 이닝을 던지더라도 경기의 승패를 직접 결정하는 영향력을 보여줘야 한다. 리오스가 평범한 승리조 수준에 머물면 LG는 손해를 볼 수밖에 없다. 선발 한 자리를 포기했는데도 선발진의 부담은 줄지 않는다. 그렇다고 불펜이 완전히 안정되는 것도 아니다. 외국인 투수 한 자리를 썼지만 손주영을 마무리에서 빼낼 정도의 여유도 생기지 않는다. 바로 이 지점이 LG의 후반기 고민이다. LG는 전반기 52승을 거두고도 2위에 올랐다. 충분히 강한 팀이다. 그러나 1위 삼성과의 차이는 승률 2리였다. 작은 균열 하나가 정규시즌 순위를 바꿀 수 있다는 뜻이다. 후반기에는 선발진의 약점이 더 크게 드러날 수 있다. 여름이 깊어질수록 불펜의 체력 부담은 커진다. 전반기에 통했던 불펜 데이가 후반기에도 같은 효율을 낸다는 보장은 없다. 손주영도 매 경기 1이닝만 던진 것이 아니다. 이미 1이닝 이상을 책임진 경기가 적지 않았다. LG가 손주영의 2이닝 투구를 최대한 줄이려 한 것도 장기적인 소모를 우려했기 때문이다. 리오스가 안정적이라면 손주영의 부담을 나눌 수 있다. 리오스가 흔들리면 손주영의 등판 시점은 더 빨라지고, 아웃카운트 부담도 커진다. 손주영을 보호하기 위해 영입한 리오스가 오히려 손주영에게 더 많은 부담을 줄 수도 있다. 더 큰 문제는 선발 보강의 길도 막혀 있다는 점이다. LG가 외국인 선발 대신 리오스를 선택한 이상, 다시 선발 투수를 데려오려면 리오스를 교체해야 한다. 리오스를 유지하면 현재 선발 구조로 버텨야 하고, 리오스를 교체하면 불펜 승리조를 다시 구성해야 한다. 어느 쪽도 간단하지 않다. 내부에서 가장 강력한 선발 대안이었던 손주영은 마무리에서 움직일 수 없다. 리오스가 마무리를 맡을 만큼 확실하지 않기 때문이다. 선발은 약한데 손주영은 뺄 수 없다. 리오스는 외국인 선수 자리를 차지하고 있지만 마무리를 맡길 정도의 믿음은 주지 못하고 있다. LG가 후반기를 앞두고 마주한 딜레마다. 결국 9일 삼성전에서 리오스가 내준 2점은 단순한 2점이 아니었다. LG가 전반기 1위를 놓치는 결정적인 점수였고, 동시에 후반기 마운드 운용의 한계를 다시 확인시킨 2점이었다. 리오스가 계속 잘 던졌다면 손주영의 선발 복귀는 여전히 가능성이 낮더라도 비상 카드로 남아 있을 수 있었다. 리오스를 마무리로 돌리고 손주영을 선발진에 넣는 극단적인 선택을 상상이라도 할 수 있었다. 지금은 그 상상조차 하기 어려워졌다. 손주영은 더 이상 선발 후보가 아니다. 적어도 올 시즌에는 LG가 절대로 움직일 수 없는 마무리가 됐다. LG는 외국인 선발 한 자리를 포기하면서 불펜을 강화하려 했다. 그러나 리오스가 확실한 믿음을 주지 못하면서 선발진은 선발진대로 약하고, 손주영은 손주영대로 마무리에 묶였다. 약점을 보완하기 위해 내린 선택이 또 다른 선택을 막고 있다. LG가 후반기 우승 경쟁에서 풀어야 할 문제는 리오스의 평균자책점 하나가 아니다. 리오스가 LG 마운드에 새로운 길을 열어줄 수 있느냐는 것이다. 현재까지는 길을 열어주기는커녕 하나 남아 있던 좁은 길마저 막고 있다. 2%의 가능성이었다. 그러나 우승 경쟁에서는 그 2%도 소중하다. LG는 그 선택지마저 잃은 채 후반기를 시작하게 됐다. LG 선발진은 숫자보다 구조가 문제다. 임찬규는 전반기 내내 제 몫을 했다. 송승기는 기대 이상의 성장을 보여줬지만 기복이 심했다. 여기까지다. 톨허스트는 시즌 초 보여줬던 압도적인 안정감을 최근에는 이어가지 못하고 있다. 이번 삼성전에서도 초반부터 흔들리며 긴 이닝을 책임지지 못했다. 외국인 1선발에게 기대하는 계산이 계속 어긋나고 있다. 여기에 치리노스를 대신할 외국인 선발까지 포기한 상황이다. LG는 외국인 선발 한 자리를 리오스라는 불펜 카드에 투자했다. 그만큼 국내 선발들이 더 많은 이닝을 책임져야 하는 구조가 만들어졌다. 문제는 여기서부터다. 선발이 6~7이닝을 꾸준히 책임져 주지 못하면 불펜 소모는 기하급수적으로 늘어난다. 특히 승부처마다 손주영이 조기 투입되는 경기가 많아질 수밖에 없다. 결국 선발의 약점이 마무리의 부담으로 이어지는 구조다. 그래서 손주영은 더욱 선발로 돌릴 수 없는 투수가 됐다. LG에서 가장 긴 이닝을 던질 수 있는 국내 투수 가운데 한 명이지만, 동시에 가장 빼기 어려운 마무리가 됐다. 아이러니하지만 선발이 약할수록 손주영은 더 선발에서 멀어진다. 그리고 그 아이러니를 만든 투수가 리오스다. 리오스가 압도적인 불펜 에이스였다면 손주영의 선발 복귀라는 비상 카드를 한 번쯤 검토할 여지는 있었을 것이다. 그러나 리오스가 아직 절대적인 신뢰를 주지 못하면서 그 가능성은 사실상 사라졌다.",https://v.daum.net/v/VxKD9YTsRS
2026.07.11 06:11,"“(박)재현이 굉장히 잘해줬다, 생각지도 못했는데…” 꽃범호 흡족, 오늘...",마이데일리,"[마이데일리 = 김진성 기자] “(박)재현이가 굉장히 잘해줬다.” KIA 타이거즈 이범호 감독에게 지난 9일 부산 롯데 자이언츠전을 앞두고 전반기에 가장 잘해준 선수를 뽑아달라고 하자 가장 먼저 위와 같은 코멘트가 나왔다. 이범호 감독은 “생각지도 못했는데 너무 잘해줬다”라고 했다. 이범호 감독 말 그대로였다. 애당초 이범호 감독의 계획에 박재현은 올해 1군 붙박이 백업 정도로만 자리잡아도 괜찮은 선수였다. 고졸 2년차 외야수. 작년엔 1~2군을 오가며 1군의 맛을 봤다. 이제 대학교 2학년짜리 선수에게 주전 리드오프, 주전 좌익수가 되길 바라는 건 무리였다. 그러나 박재현은 시즌 초반부터 나성범의 부진, 헤럴드 카스트로의 적응기를 틈타 슬그머니 자리를 잡더니 곧바로 주전 한 자리를 꿰찼다. 처음엔 우익수로 뛰었으나 카스트로가 다치고 나성범이 타격감을 올리면서 주전 좌익수가 됐다. 급기야 리드오프로 좋은 모습을 보여주면서 5월까지 폭발적인 타격감을 선보였다. 성격이 활발하고 붙임성이 좋아 덕아웃 분위기 메이커로 떠올랐다. 나성범과 카스트로라는 두 명의 양 아버지를 두기 시작했다. 6월에 극심한 슬럼프를 겪었으나 끝내 일어섰다. 전반기 82경기서 타율 0.283 8홈런 39타점 44득점 16도루 OPS 0.743 득점권타율 0.356. 박재현은 최근 팀을 들었다가 놨다. 4일 광주 NC 다이노스전 9회말 1사 3루서 결정적인 주루 본헤드플레이를 했다. 그러나 또 특유의 활발한 성격으로 다음날 사과를 가미한 우천세리머니를 선보여 폭발적인 관심을 받았다. 정말 미워할 수 없는 캐릭터다. 공수주 겸장 외야수로 성장할 게 확실하다. 아직 경험이 부족하지만, 좌충우돌하는 게 오히려 신선함으로 다가온다. 그 사이 업계에서도 인정받는 선수가 돼 가고 있다. 9월 아이치나고야아시안게임 야구대표팀에 뽑혔고, 11일 올스타전에도 나눔올스타 주전 외야수로 나간다. 박재현은 이미 1년 전 퓨처스 올스타전서 베스트 퍼포먼스상을 받았다. 당시 원숭이 의상을 입고 몸에 바나나를 붙이고 나타나 폭소를 유발했다. 그리고 올스타전 출전이 확정되자마자 1군에서도 베스트 퍼포먼스상을 받겠다고 선언했다. 그 결과물이 공개되는 날이다. 올스타전은 철저히 팬들을 위한 서비스의 장이다. 박재현이 자신의 끼를, 그리고 전반기에 받았던 사랑을 확실하게 보답하는 날이다. 분장쇼(?)도 확실하게 하고, 경기도 진지하게 임해 임팩트 있는 모습을 보여주면 어떤 일이 일어날지 누구도 알 수 없다.",https://v.daum.net/v/UO1j4ZGhIQ
2026.07.11 06:02,"삼성 깜짝 스타의 솔직 고백 ""저로 인해 팀이 버프 받았으면 하는 생각으...",스타뉴스,"[스타뉴스 | 잠실=박수진 기자] 2025년 육성선수로 삼성 라이온즈에 입단해 이번 시즌 정식 선수로 전환된 뒤 '깜짝 스타'로 떠오른 우완 투수 김백산(23)이 솔직하고 유쾌한 전반기 소감을 전했다. 김백산은 10일 서울 잠실구장에서 열린 2026 KBO 퓨처스리그 올스타전을 앞두고 현장 취재진과 만났다. 얼떨떨한 표정으로 인터뷰에 응한 그는 ""뽑힐 줄 몰랐는데 최고의 선수들이 모인 곳에 오게 돼 정말 기분 좋다. 하루하루가 꿈만 같고 행복하다""며 미소를 지었다. 사실 김백산의 야구 인생을 바꾼 건 지난 2일 NC 다이노스와의 원정 경기였다. 부상으로 말소된 장찬희의 대체 선발로 깜짝 등판한 그는 5⅔이닝 2피안타 4사사구 3탈삼진 무실점으로 호투하며 KBO리그 역대 2번째 육성선수 데뷔전 선발 승리라는 대기록을 작성했다. 공교롭게도 김백산의 호투 이후 2일 경기를 포함해 삼성은 6승 1패의 가파른 상승세를 타며 전반기를 기어이 1위로 마감했다. 이에 대해 김백산의 호투 이후 팀이 추진력을 얻은 것 같다는 스타뉴스의 지적에 그는 ""내심 (팀이) 계속 이겼으면 좋겠다고 생각했다""면서 ""'저 때문에 팀이 버프(능력치 상승을 뜻하는 게임 용어)를 받았으면 좋겠다'는 생각으로 전반기 마지막 경기를 지켜봤다""고 수줍게 털어놓았다. 삼성은 지난 9일 대구에서 열린 LG 트윈스전을 6-5로 잡으며 전반기 1위 자리를 탈환했다. 2일 NC전 선발 등판에 대해 김백산은 ""평생 한 번 올 기회니까 마지막이라는 생각으로 후회 없이 던졌다. 숨이 안 쉬어질 정도로 떨리긴 했지만, 결과가 좋았던 것 같다""고 말했다. 이어 ""확실히 1군과 2군이 다르다는 것을 느꼈다. 몰리는 공에는 무조건 스윙이 나오니까 더 개선하고 공부해야 할 것 같다""며 발전 의지를 다지기도 했다. 이번 올스타전은 그의 우상이자 롤모델인 원태인과의 비하인드 스토리를 공개하는 자리가 되기도 했다. 원태인은 최근 김백산의 활약을 보고 ""영감을 받았다""고 언급해 화제를 모은 바 있다. 김백산 역시 ""(원)태인이 형 때문에 고등학교, 대학교 때 모두 등번호 18번을 달았을 정도로 오랜 팬""이라며 ""그동안 TV로만 봤었는데 실물을 보니 훨씬 잘생기셨더라""고 말해 현장을 웃음바다로 만들었다. 이어 ""태인이 형이 (지난 6월) 2군에 내려왔을 때 이야기도 나눴다. 제 롤모델인데 그렇게 말씀해 주시니 친구들에게 자랑하고 싶을 정도로 너무 좋았다""며 팬심을 숨기지 않았다. 처음 프로에 입단했을 당시 정식 선수 전환이 목표였다는 김백산은 이미 그 목표를 뛰어넘어 1군 경기 선발승과 올스타전 출전이라는 꿈같은 나날을 보내고 있다. 10일 퓨처스리그 올스타전에서도 9회 마지막 투수로 올라와 1이닝 무실점으로 잘 던졌다. 마지막으로 김백산은 ""후반기에 기회가 올지는 모르겠지만, 기회가 온다면 더 좋은 모습을 보여드리겠다""고 당찬 각오까지 밝혔다. 잠실=박수진 기자 bestsujin@mtstarnews.com",https://v.daum.net/v/6FRHx31yhy
2026.07.11 06:01,"프로 17년 만에 첫 홈런더비 출격→전날 급하게 들었는데, 깜짝 준우승!...",엑스포츠뉴스,"(엑스포츠뉴스 잠실, 양정웅 기자) 행사 전날 깜짝 출격했는데, 홈런더비 결승까지 올라갔다. 오태곤(SSG 랜더스)이 모두를 놀라게 한 홈런더비 퍼포먼스를 보여주며 프로 데뷔 17년 만에 기억에 남을 여름밤을 보냈다. 오태곤은 10일 서울 잠실야구장에서 열린 2026 신한 SOL Bank KBO 올스타전 '컴투스프로야구 홈런더비'에 출전했다. 올해 홈런더비는 6월 28일 경기까지 홈런 9개 이상을 기록한 올스타 선정 선수 12인 중 팬 투표를 통해 상위 득표를 기록한 KIA 김도영, 두산 양의지, 박준순, 한화 강백호, 문현빈, 허인서, LG 오스틴 딘, NC 김주원이 뽑혔다. 개인전으로 진행되며 득표 역순으로 참가 순서가 결정된다. 홈런 공동 1위(27개) 김도영과 오스틴의 맞대결로 관심을 모았으나, 행사 당일 출전자가 변경됐다. KBO는 10일 ""올스타 프라이데이에 개최되는 2026 KBO 올스타전 컴투스프로야구 홈런더비에 출전할 예정이었던 LG 오스틴이 허리 불편감으로 출전이 불가하다는 의사를 KBO에 전달했다""고 전했다. 이어 ""이에 따라 팬 투표 후순위 선수에게 순차적으로 출전 가능 여부를 확인하는 절차를 거쳐, SSG 오태곤의 출장이 확정됐다""고 밝혔다. 오태곤은 전날인 9일 경기 종료 후 해당 사실을 전해들었다고 한다. 오태곤은 전반기 74경기에서 타율 0.230, 9홈런 27타점, 7도루, OPS 0.695를 기록 중이다. 홈런더비 출전은 이번이 처음이다. 올해 홈런더비는 ‘시간제’를 먼저 진행했던 작년과 다르게 ‘아웃제’를 먼저 진행하며, 타자가 예선 5아웃, 결승 7아웃을 모두 소진하면 1분간 ‘컴프야 피버타임’이 주어졌다. 아웃카운트 소진 후 30초의 휴식시간이 주어지며 피버타임 동안은 투구 수 제한 없이 자유롭게 타격할 수 있다. 예선에서 가장 먼저 출격한 오태곤은 초구부터 파울홈런을 만들더니 2연속 홈런을 터트렸다. 이후 4연속 아웃으로 물러났지만, 피버타임에서 막판 무려 3연속 홈런을 몰아치는 등 5개를 추가해 7개로 마쳤다. 최고 비거리는 140m였다. 이후 강백호와 허인서도 7개를 기록했고, 규정에 따라 비거리가 많이 나왔던 강백호(145m)와 오태곤이 결승에 진출했다. 7아웃제로 진행된 결승전에서 오태곤은 1아웃 이후 홈런을 기록했고, 마지막 아웃을 남기고 연속으로 넘기면서 4개를 터트렸다. 이어 피버타임에서 3개를 추가해 7홈런으로 마쳤다. 뒤이어 출격한 강백호는 7아웃 동안 3개를 기록했는데, 피버타임에서 6개가 된 상황에서 마지막 공을 극적으로 넘기며 서든데스로 향했다. 오태곤은 서든데스에서 홈런을 기록하지 못했고, 반면 강백호는 4초를 남기고 우측 폴대를 직격하는 홈런을 터트리면서 결국 우승자가 됐다. 결승전까지 올라갔던 오태곤의 드라마가 마감되는 순간이었다. 그래도 오태곤은 준우승 상금 300만원을 받았다. 홈런더비 종료 후 오태곤은 ""마음을 비우고 왔는데 뜻밖에도 좋은 경험을 했다. 이 정도면 너무 좋은 결과라고 생각한다""고 소감을 전했다. 오태곤은 시작부터 파울홈런을 치며 모두를 놀라게 했다. 그는 ""연습 때 쳤는데 방망이가 잘 돌아가더라. (조)형우의 배팅볼도 너무 좋았고, 치다 보니까 비거리도 잘 나갔다""며 ""원래 목표가 3개였다. 3개는 자신 있었는데 생각보다 더 많이 나와서 너무 좋은 경험이었다""고 웃었다. 첫 5아웃에서보다 피버타임에서 더 많은 홈런을 친 오태곤은 ""5개 때 더 쳤으면 좋았을 텐데""라며 ""1분 안에 던지는 거를 족족 쳐야 된다고 생각했다""고 했다. 이어 ""잠실이 크기 때문에 그냥 (조)형우가 던지면 볼이든 스트라이크든 크게 치자고 했는데 운 좋게 잘 넘어갔다. 안 넘어갈 것 같은데 넘어간 것도 있어서 나도 놀랐다""고 말했다. 예선을 끝낸 후 타 선수들의 경기를 지켜본 오태곤은 ""처음 출전해서 너무 힘들더라. 들리는 말로는 서든데스를 한다고 해서 너무 힘들어서 떨어졌다고 생각했다""고 전했다. 비거리로 결승을 간다는 말을 듣고 희망이 생겼다는 오태곤은 ""한번 쳐볼까 했는데 잘 돌아가더라. 그래서 7개를 쳤는데 그 다음부터는 숨도 안 돌아오고 종아리도 올라오더라""라고 털어놓았다. 실제로 오태곤은 막판 내야 뜬공을 치는 등 힘에 부쳐했다. 이어 ""(강)백호가 몇 초 안 남았길래 잘하면 되겠다 싶었는데 몰아치더라""라며 ""마지막에 4~5초 남겨놓고 쳤는데, 치자마자 갔다. 폴대에 맞나 안 맞나 했는데 맞았다""고 마지막 순간을 떠올렸다. 자신을 도와준 조형우를 향해 오태곤은 ""처음에는 나보다 더 긴장했다""며 ""배팅볼이 너무 좋았다. 형우에게 꼭 보답하겠다""고 얘기했다. 이에 대해 조형우는 ""결승에서 아쉬운 결과가 나왔지만, 태곤 선배님이 워낙 잘 치셨기 때문에 결승까지 올라갈 수 있었다. 마지막 결승에서 제가 강약 조절이 부족했던 것 같아 아쉬움이 남는 것 같다. 2위로 마무리했지만 태곤 선배님 정말 수고하셨고, 다음 기회에는 더 좋은 호흡으로 우승하고 싶다""고 화답했다. 2010년 데뷔한 오태곤은 프로 17년 만에 처음으로 올스타전에 나가게 됐다. 그는 ""롯데, KT, SSG를 거치면서 후보는 몇 번 들었는데, 감독 추천도 나갈 기회가 없었다""고 말했다. 그러면서 ""이번에도 못 나가면 은퇴할 때까지 쉽지 않겠다 싶었는데, 감독님이 추천선수로 뽑아주셔서 너무 감사하다""고 얘기했다. 사진=잠실, 김한준·박지영 기자 양정웅 기자 orionbear@xportsnews.com",https://v.daum.net/v/Qe0rmMPKZB
2026.07.11 05:56,"""죄송합니다"" 강백호, 홈런더비 우승하고 사과 → ""너무 흥분해서 방망이...",스포츠조선,"[잠실=스포츠조선 한동훈 기자] 한화 이글스 강백호가 올스타 홈런더비를 사실상 독무대로 장식했다. 강백호는 10일 잠실구장에서 열린 2026 KBO 올스타전 홈런더비 결승에서 오태곤(SSG)을 꺾고 우승했다. 그런데 강백호는 공식 기자회견을 통해 '사과'를 제일 먼저 했다. 그는 ""마지막에 너무 흥분해서 방망이를 던졌는데 스태프분이 맞을 뻔했다. 죄송하다. 그 점이 제일 신경쓰인다""고 고개를 숙였다. 강백호는 145m짜리 홈런까지 때려 비거리상도 차지했다. 강백호는 우승 상금 1000만원과 삼성 에어드레서를 부상으로 받았다. 비거리 상품으로 공기청정기도 챙겼다. 강백호는 극적인 역전 드라마를 연출했다. 선공에 나선 오태곤이 7홈런을 때려 기세를 올렸다. 강백호는 3아웃 후 첫 홈런을 신고했다. 2호 3호가 연속해서 나왔다. 하지만 7아웃까지 침묵이 이어졌다. 1분 동안 최소 4홈런이 필요했다. 강백호는 부지런히 따라갔다. 10초를 남기고 6호를 발사했다. 3초를 남기고 때린 마지막 타격이 우측 폴을 강타, 동점 버저비터를 울렸다. 결국 30초 서든데스에 돌입했다. 오태곤은 힘이 빠졌는지 30초 동안 1개도 넘기지 못했다. 이후 강백호가 두 번째 시도만에 우중간 담장을 넘기고 우승했다. 강백호는 ""홈런더비는 2018년도 신인 때 나가고 처음이었다. 우승 한 번 해보고 싶었는데 기쁘다""고 소감을 밝혔다. 강백호난 사실 다른 욕심이 있었다. 바로 장외홈런이었다. 강백호는 ""오늘 목표한 바는 사실 잠실 넘기기였다. 못 넘겨서 내심 아쉽다. 그게 제일 아쉽다. 우승 못해도 그거 하나만큼은 하고 싶었다. 내가 많이 부족했다""고 거듭 강조했다. 강백호는 이 감각을 꾸준히 유지하고 싶다고 했다. 그는 ""우리 한화가 5할 승률을 맞춰놨다. 이 감각 유지해서 꾸준히 오래 많은 경기 출전하면서 후반기 순위 싸움에 보탬이 되고 싶다""고 희망했다. 한동훈 기자 dhhan@sportschosun.com",https://v.daum.net/v/uVm7UCsA0K
2026.07.11 05:43,"고마워 오러클린, 덕분에 전반기 잘 버텼어…삼성 1위 위해 혼신의 전력투...",스포티비뉴스,"[스포티비뉴스=최원영 기자] 고생 많았다. 한국야구위원회(KBO)는 10일 삼성 라이온즈 외국인 투수 맷 매닝을 웨이버, 잭 오러클린을 자유계약선수로 공시했다. 삼성이 후반기 새 외국인 투수와 함께한다는 의미다. 삼성은 2026시즌을 앞두고 새 외인 투수 매닝을 야심 차게 영입했다. 그러나 매닝은 올해 스프링캠프 막바지 연습경기에 등판한 뒤 오른쪽 팔꿈치 인대 급성 파열로 전력에서 이탈했다. 삼성은 매닝의 부상에 따른 단기 대체 외인을 물색했다. 호주 국가대표 출신인 오러클린과 6주간 5만 달러(약 7500만원)에 계약을 맺었다. 오러클린은 3월 28일 개막 엔트리에 승선한 뒤 한 차례 말소도 없이 꾸준히 선발 로테이션을 돌았다. 시즌 초반 기복을 보이기도 했지만 가능성을 내비쳤다. 첫 번째 계약 기간은 4월 27일까지였는데, 삼성은 연장 계약을 선택했다. 5월 31일까지 3만 달러(약 4500만원)에 상호 합의했다. 오러클린도 경기력으로 화답했다. 4월 23일 SSG 랜더스전부터 5월 16일 KIA 타이거즈전까지 5경기 연속 퀄리티스타트(선발 6이닝 이상 3자책점 이하)를 달성하는 등 궤도에 올랐다. 5월 월간 성적은 5경기 28⅓이닝 4승 무패 평균자책점 3.49로 훌륭했다. 삼성은 다시 한번 계약 연장을 결정했다. 5월 29일 이 내용을 공식 발표했다. 오러클린과 7월 16일까지 10만 달러(약 1억5000만원)에 동행을 이어가기로 했다. 오러클린이 삼성에서 받게 된 총액은 18만 달러(약 2억7000만원)로 늘었다. 당시 박진만 삼성 감독은 ""이렇게 잘해주는데 계약해야 하지 않겠나. 나와 구단 모두 오러클린을 좋게 보고 있다""며 ""그 정도로 오러클린이 잘해주고 있다. 꾸준히 잘 던져주면 당연히 계속 함께해야 한다""고 칭찬했다. 오러클린도 ""팀 성적이 좋아 나도 기쁘다. 계속해서 팀에 도움이 되고 싶다""며 각오를 다졌다. 다만 우려스러운 부분이 있었다. 체력 문제다. 오러클린은 지난해 11월부터 호주리그에서 뛰었다. 지난 3월에는 호주 대표팀 소속으로 2026 월드베이스볼클래식(WBC) 대회에도 출전했다. 3월 말 시즌을 시작한 KBO리그 선수들과 달리, 오러클린은 겨울부터 쉴 새 없이 투구해 왔다. 누적 이닝과 투구 수도 그만큼 많아졌다. 실제 경기력 저하로 이어졌다. 오러클린은 전반기 마지막 두 경기서 난조를 보였다. 6월 30일 NC 다이노스전서 2⅔이닝 6피안타 3볼넷 1사구 3탈삼진 7실점, 7월 8일 LG 트윈스전서 3⅔이닝 10피안타 4탈삼진 5실점으로 아쉬움을 삼켰다. 오러클린의 시즌 성적은 17경기 83⅓이닝 5승5패 평균자책점 4.86이 됐다. 삼성은 올해 대권을 노리고 있다. 전반기 막바지 짜릿한 역전극을 선보이며 정규시즌 1위에 올랐다. 51승2무32패, 승률 0.614를 자랑했다. LG를 2위로 밀어냈다. LG는 52승33패, 승률 0.612를 기록했다. 삼성과 LG의 승차는 없다. 후반기에도 치열한 순위 경쟁을 펼칠 전망이다. 결국 삼성은 결단을 내렸다. 정규시즌 후반기와 포스트시즌까지 확실히 호투해 줄 외인 선발투수가 필요하다고 판단했다. 박진만 감독은 지난 9일 ""구단에서 (새 외국인 투수와) 최종적으로 협상하고 있는 상태인 것 같다. 올스타 휴식기 중 변화가 있지 않을까 싶다""고 귀띔했다. 일각에서는 2019년부터 올해까지 메이저리그에서 뛴 크리스 페덱의 이름이 구체적으로 거론되기도 했다. 이어 10일 매닝과 오러클린이 KBO에 각각 웨이버, 자유계약선수로 공시되며 삼성의 새 외인 투수 영입은 확실해졌다. 시즌 도중 팀을 떠나게 됐지만 오러클린은 전반기 내내 삼성 마운드에 큰 힘을 보탰다. 만약 선발진 한 자리가 비었다면 다른 투수들이 그 공백을 채우느라 과부하가 생기고, 승리 확률도 더 낮아졌을 수 있다. 오러클린이 변수 하나를 지워준 덕분에 삼성은 보다 탄탄한 전력을 구축할 수 있었다. 오러클린은 최선을 다했다. <저작권자 ⓒ SPOTV NEWS. 무단전재 및 재배포 금지>",https://v.daum.net/v/ZPwasRQ9SE
2026.07.11 05:42,"강민호와 캐치볼 하던 어린이, 어느새 삼성의 미래 됐다…""초1 때 민호 ...",마이데일리,"[마이데일리 = 잠실 김경현 기자] 선수 입장에서는 가벼운 친절일 수 있다. 하지만 팬에겐 평생을 가는 기억이 된다. 강민호와 캐치볼을 즐기던 어린이가 그 기억 덕분에 프로 선수가 됐다. 이어 퓨처스 올스타에 선정, 삼성의 미래로 발돋움했다. 삼성 라이온즈 오른손 투수 최예한의 이야기다. 2002년생 최예한은 양정초-포항제철중-포항제철고-성균관대를 졸업하고 2025년 육성선수로 삼성 유니폼을 입었다. 지난해 17경기에서 선발과 불펜을 오가며 1승 무패 평균자책점 3.90으로 활약했다. 올 시즌은 본격적으로 선발 수업을 받고 있다. 성적은 15경기서 3승 8패 평균자책점 6.16이다. 5월 초까지 평균자책점 7.67로 흔들렸으나 이후 호투를 거듭하고 있다. 퓨처스 올스타전 본경기에 앞서 '마이데일리'와 만난 최예한은 ""쉽게 오는 기회가 아닌데, 좋은 기회가 와서 설렌다. 좋은 경험을 한다""고 소감을 전했다. 아직은 무명에 가까운 선수다. 팬들에게 소개를 부탁하자 ""부지런한 선수라고 생각해 주시면 될 것 같다. 팬들이 저를 평가할 수 있게 빨리 1군에 갈 수 있게 해보겠다""고 힘줘 말했다. 부산에서 어린 시절을 보냈다. 자연스럽게 롯데 자이언츠를 보고 자랐다. 그중에서도 강민호를 통해 야구선수의 꿈을 키웠다. 최예한은 ""초등학교 1학년 때 아파트에서 동네 야구를 하고 있었다. 그런데 강민호 선배가 갑자기 주차를 하고 저희가 동네 야구하는 쪽으로 오시더라. 그때 처음 만났고 같은 아파트에 산다는 걸 알았다. 그날 밤잠을 설쳤다""며 웃었다. 이어 ""제가 중학교 진학하기 전까지, 민호 선배가 이사 가기 전까지 생각보다 자주 봤다. 볼 때마다 항상 팬서비스를 해주셨다. 그러다 보니 야구를 시작하는 데 있어서 영향을 많이 받았다""고 돌아봤다. 재미있는 추억이 있다. 최예한은 ""한번은 동네 야구에서 제가 투수를 하고 있었다. (강민호가) 오더니 한 번 던져보라며 타석에 서시더라. 그때 좌타석에 들어갔는데, 초구 볼을 지켜보고 2구째 홈런을 친 기억이 있다""고 전했다. 초등학교 1학년 때 일이라고 했다. 어린 나이였는데도 기억이 굉장히 정확하다고 말하자 ""팬 입장에서는 잊을 수 없는 기억이다. 아직까지 소중하게 기억하고 있다""며 미소를 지었다. 강민호는 2018년 삼성으로 둥지를 옮겼고, 김백산은 2025년 삼성에 입단했다. 이제는 스타와 팬에서 팀 선배와 후배가 됐다. 프로에 들어와서 강민호와 만난 적이 있을까. 최예한은 ""아직 없다. 1군 가서 이야기를 많이 해보고 싶다""라면서 ""(만나면) 꿈같다고 이야기할 것 같다. 개인적인 인연도 있지만, KBO에서 역사를 쓰고 계신 분 아닌가. 좋은 말을 많이 듣고 싶다""고 답했다. 강민호의 '팬서비스'로 프로 선수가 됐다. 최예한은 ""어린 아이들은 (팬서비스를) 평생 기억으로 가져가더라. 제가 그랬다. 그래서 최소한 어린 아이들에게 선수들이 더 다가갔으면 한다""고 강조했다. 후반기 목표를 묻자 ""5월 초까지 너무 안 좋았다. 5월 초부터 투심을 장착하면서 많이 좋아졌다""며 ""후반기에 높이 날아오른 뒤 1군에서 데뷔해 보는 게 목표""라고 전했다. 팬들에게 한 마디를 부탁하자 ""아직 알려지지 않은 선수지만 열심히 노력하고 좋은 선수로 거듭나겠다. 1군에서 팬들 머릿속에 기억에 남는 선수가 되겠다""고 눈을 빛냈다. 최예한은 퓨처스 올스타전서 남부 올스타의 5번째 투수로 등판, 1이닝 무실점 퍼펙트 홀드를 기록했다. 이날의 경험을 바탕으로 1군에서 강민호와 배터리를 이루길 바란다.",https://v.daum.net/v/fqF4izUZsP
2026.07.11 05:40,드래프트 좌절→日 독립리그행…깨달음 얻은 롯데 육성선수 “실망감 컸지만 ...,OSEN,"[OSEN=잠실, 홍지수 기자] 좌절을 맛봤지만, 오히려 깨달음을 얻은 계기가 됐다. 진짜 ‘전쟁’은 이제 시작이다. 프로야구 롯데 자이언츠 육성선수 조민영의 도전이 이어지고 있다. 건대부중, 신일고 졸업 후 프로 입단을 꿈꾼 조민영은 KBO 드래프트에서 좌절을 겪었다. 그를 찾아주는 팀이 없던 것이다. 그래서 그는 돌아서 가기로 했다. 조민영은 일본 독립리그 이바라키 아스트로 플래니츠에서 야구를 더 배우다가 KBO리그로 왔다. 10일 잠실구장에서 열린 2026 KBO 퓨처스 올스타전을 앞두고 취재진을 만난 조민영은 “처음 드래프트가 안 돼 실망감이 컸다. 그래도 그걸 이겨내려고 일본에서 야구를 더 배우고 돌아오자는 생각으로 일본에 갔다. 결과적으로는 올해를 보면 일본에서의 생활이 많은 도움이 됐다고 생각한다”고 되돌아봤다. 조민영은 2024 드래프트에서 프로 구단들의 지명을 받지 못했고 2024년 3월부터 2025년 9월까지 일본에서 야구를 했다. 그후 2025년 9월 롯데와 계약했다. 일본으로 가는 선택이 쉬운 결정은 아니었다. 대학에 진학해 다음을 기약하는 방법도 있었다. 조민영은 “그런 방법도 생각해봤는데, 일본행을 선택한 이유는 경기 수였다. ‘한국 대학에서는 연습경기를 포함해도 1년에 많아야 50경기 정도인데, 일본에서는 많으면 100경기까지 뛸 수 있다’고 얘기를 들었다. 그래서 일본으로 가게 됐다”고 밝혔다. 일본은 고등학교 때 다니던 야구 아카데미에서 인연을 맺은 코치의 도움으로 가게 됐다. 조민영은 “함께 운동하신 정규식 코치님이 연결해주셨다. LG에 계셨던 분인데, 일본에 인연이 있으셨다”고 설명했다. 일본 독립리그에서 야구하고, 퓨처스리그에서도 뛰느라 지칠법도 하지만, 그는 “야구 자체가 재미있어서 힘든 줄도 모르고 하고 있다”며 “성적이 괜찮게 나오다 보니까 너무 재미있다”고 말했다. 조민영은 지난해 퓨처스리그에서 3경기 뛰고 타율 3할8리 4타점을 기록했다. 올해에는 57경기에 뛰며 타율 3할4푼1리 5홈런 35타점 2도루 장타율 .526 출루율 .403을 기록 중이다. 타격적인 면에서는 인상적인 기량을 보여주고 있다. 타격에 자신감이 있짐나, 수비도 신경쓰고 있다. 조민영은 “1군에 가려면 수비보다는 타격이 중요하다고 생각한다”면서도 “다만 플러스 요인이 되려면 수비를 엄청 잘하는 것보다, 내보냈을 때 불안하지 않다는 느낌을 주는 게 더 중요하다고 생각한다. 그래서 수비 동작이나 움직임을 최대한 자연스럽고 여유 있어 보이게 하려고 연습을 많이 하고 있다”고 말했다. 선배들로부터 조언도 많이 구하고 있다. 전준우 등 베테랑들이 2군에 있다. 조민영에게는 사전수전 다 겪은 선배들 곁에서 야구할 수 있는 기회다. 그는 “궁금한 게 생기면 항상 먼저 다가가서 여쭤보는 편이다”고 했다. 주로 타격에 관해 질문을 한다. 조민영은 “타격 뿐만 아니라 선배님들은 오랫동안 야구를 해오셨으니까 경기 준비나 루틴, 100경기 이상을 치르면서도 부상을 당하지 않는 방법 같은 것들을 많이 물어보고 있다”고 했다. 조민영은 오랜 시간 프로 세계에서 살아남는 법을 배우는 중이다. 그는 “웨이트트레이닝은 어떻게 하는지, 저녁 경기 끝나고 집에 가면 늦는데 오전 시간은 어떻게 활용하는지 같은 것도 많이 물어본다”고 했다. 궁금한 게 많은 2년 차 신예. 조민영은 “1군에서 불러주신다면, 열심히 뛰겠다”며 “긴장감도 있겠지만, TV로만 보던 상황이 나에게도 생기는 거니까 즐기면서 할 수 있을 것 같다”고 즐거운 미래를 그렸다. /knightjisu@osen.co.kr",https://v.daum.net/v/fKeLLB71vh
2026.07.11 05:32,"'좌완 문동주' 꿈꾸는 대전고 한규민 ""경기 운영 많이 배워, 목표 15...",스포츠한국,"[잠실=스포츠한국 심규현 기자] 대전고등학교 한규민은 현재 고등학교 2학년 선수 중 가장 많은 관심을 받고 있다. 좌투수지만 벌써 140km 중후반대의 공을 뿌리는 그는 10일 퓨처스리그 올스타전을 앞두고 진행된 넥스트레벨 매치에서 선발투수로 나와 활약했다. 스포츠한국은 경기 후 그와 만나 향후 목표에 대해 들어보는 시간을 가졌다. 한규민은 이날 오후 잠실야구장에서 진행된 2026 신한 SOL KBO 올스타 프라이데이 넥스트레벨 매치에 선발로 나와 1이닝동안 19구를 던져 무실점 무피안타 1사사구 1탈삼진을 기록했다. 한규민은 고교 1학년부터 전국구 스타였다. 그가 본격적으로 이름을 알린 순간은 지난 5월 진행된 제80회 황금사자기 전국고교야구대회다. 당시 한규민은 3경기 2승 평균자책점 0.48이라는 놀라운 성적으로 대전고의 64년만의 결승을 이끌었다. 비록 우승은 실패했지만 한규민은 강속구와 완벽한 경기 운영으로 스카우터들의 눈도장을 받았다. 그는 이날 경기 후 인터뷰에서 ""뜻깊은 자리에 선발투수로 나올 수 있어 영광이다. 처음 잠실마운드에서 던져봤는데 확실히 고교 야구장과는 달랐다""며 소감을 전했다. 한규민은 투수로는 유일하게 고2 신분으로 U-18 아시아청소년야구선수권대회에 선발됐다. 이번 대회에 참가하는 고2 선수는 한규민과 세광고 포수 전영훈이 유이하다. 그는 ""거의 다 프로로 가는 형들인데 이런 형들과 같이 시합을 할 수 있어 영광이다. (하)현승이 형과 가장 친하다. 과거에 따로 연락해서 궁금한 점을 물어봤고 이를 계기로 친해졌다. 같이 붙어 다니면서 경기 운영 등 많은 것을 배웠다""고 밝혔다. 다만 고민도 있다. 한규민은 벌써 올해에만 57이닝을 던졌다. 이는 고교 선수로는 결코 적은 수치가 아니다. 잦은 등판과 긴 이닝 소화는 구속 하락으로 이어지고 있고 한규민 역시 현재 이를 어느정도 인지하고 있다. 그는 ""확실히 몸이 조금 지친 것 같다. 페이스가 떨어졌다고 본다. 원래 매 경기 구속이 144~5km는 나왔는데 최근에는 잘 나와야 143~4km다. 평균 구속이 조금 하락했지만 투구 후 휴식 후 보강훈련으로 열심히 관리하고 있다""고 답했다. 경기 운영, 변화구, 패스트볼 구위를 강점으로 꼽은 한규민은 롤모델로 한화 이글스의 문동주를 언급했다. 같은 좌완이 아님에도 문종구를 꼽은 이유로 ""야구와 관련된 것뿐 아니라 투구 메커니즘, 경기 운영 방식을 많이 배우고 있다""고 말했다. 한규민은 이런 뜻 깊은 기회를 준 KBO에도 감사 인사를 전했다. 그는 앞서 넥스트 트레이닝 캠프를 우수 수료한 선수로 선정, 올해 1월 미국 플로리다주 브레이든턴에 위치한 IMG 아카데미에서 훈련도 소화했었다. 그는 ""미국에서 운동 방법이나 변화구를 많이 배웠다. 또 체격이 큰 미국 선수들과 승부할 수 있어 기뻤다. 나중에 메이저리그에 간다면 이 캠프에 큰 도움이 될 것""이라며 ""열심히 했는데 뽑아주셔서 너무 감사했다""고 전했다. 한규민은 인터뷰 말미 목표를 묻는 질문에 ""시속 155km를 뿌리고 싶다""고 말했다. 과연 한규민은 앞으로 어떤 선수로 성장할까. 스포츠한국 심규현 기자 simtong96@sportshankook.co.kr",https://v.daum.net/v/0ENsa9B3lH
2026.07.11 05:04,"""(박)용택이 형이 (정)재훈이 형 맞혀서.."" vs ""넌 봉중근이 (안...",스포츠조선,"[잠실=스포츠조선 한동훈 기자] LG 트윈스와 두산 베어스의 '레전드' 박용택과 김재호가 마지막 잠실 올스타전의 퓨처스 올스타전 시구자로 나섰다. 둘은 잠실 라이벌의 간판스타 답게 입담도 치열했다. KBO는 10일 잠실구장에서 치른 퓨처스 올스타전 시구자로 박용택과 김재호를 초청했다. LG와 두산 현역 대표로 박해민 정수빈이 공을 받았다. 박용택과 김재호는 시구 이후 취재진을 만나 벅찬 소감을 전했다. 박용택은 ""왜 '올스타전이 아니고 퓨처스지'라는 생각을 했다""며 너스레를 떨었다. 박용택은 ""정말 영광이다. 실제로 마운드에 올라가니까 이 야구장이 이제 진짜 마지막이구나 싶었다. 더 많은 관중분들이 오셨으면 더 좋았을 것 같다""고 말했다. 김재호 역시 ""잠실에서 연차로 치면 21년을 뛰었다. 잠실이 마지막이라는 실감이 나지 않는다. 잠실구장이 허물어지면 마음이 많이 쓰릴 것 같다""고 아쉬워했다. 서로에 대한 추억도 많았다. 박용택은 ""내가 주장일 때 두산에 15연패를 한 적도 있다. 팬들은 물론 모그룹 고위층 관심도가 높았다. 더 이겼어야 하는 경기들인데 오히려 더 많이 졌던 아픈 기억이 많다""고 회상했다. 2018년 LG는 두산에 시즌 전적 1승 15패로 밀린 쓰라린 역사가 있다. 김재호는 ""용택이 형 하면 항상 (정)재훈이 형 팔 맞혔을 때가 기억난다""며 2016년 일화를 꺼냈다. 정재훈이 8월 박용택의 타구에 팔을 맞았다. 시즌을 그대로 마감했다. 두산은 그 해 통합우승을 달성했지만 정재훈 현 두산 코치는 우승 반지를 받지 못했다. 그러자 박용택도 받아쳤다. 박용택은 ""그럼 봉중근이 (안)경현이 형 백드롭했을 때 뭐 했느냐""며 역공을 가했다. 2007년 LG와 두산의 벤치클리어링 사건이었다. 김재호는 ""그때 1군에 없었다. 군대에 있을 때라 기억이 안 난다""며 빠져나갔다. 둘은 새로 지어질 '잠실돔'에 대한 기대감도 나타냈다. 박용택은 ""모든 야구장 통틀어서 잠실 탈의실이 가장 열악하다. 실내 연습장부터 시작해서 이런 것들이 지금 정말 부족한데 원종 오는 구단들도 정말 편안한 구장이 됐으면 좋겠다""고 당부했다. 김재호는 ""거기에 덧붙여서 이제 다른 리그에서도 우리나라로 견학을 올 수 있을 정도로 멋진 돔구장이 만들어졌으면 좋겠다""고 희망했다. 한동훈 기자 dhhan@sportschosun.com",https://v.daum.net/v/X7qNvoiP7i
2026.07.11 05:02,"'퓨처스 올스타 MVP' 삼성 외야 유망주의 외침 ""박진만 감독님께서 꼭...",스타뉴스,"[스타뉴스 | 잠실=박수진 기자] 2026 KBO 퓨처스(2군) 올스타전 최우수선수(MVP)로 선정된 삼성 라이온즈 외야수 함수호(20)가 1군 사령탑인 박진만(50) 감독을 향해 ""앞으로도 계속 준비된 모습을 보여드리겠다""며 당찬 무력시위를 벌였다. 함수호는 10일 서울 송파구에 위치한 잠실구장에서 열린 2026 퓨처스 올스타전에서 남부리그의 5번 타자 겸 좌익수로 선발 출전해 3타수 2안타(1홈런) 1타점 1득점의 맹활약을 펼치며 팀의 4-0 승리를 견인했다. 이날 함수호는 2회말 1사 주자 없는 상황에서 상대 2번째 투수 이도우(SSG 랜더스)의 높은 슬라이더를 걷어 올려 우측 담장을 넘어가는 비거리 120ｍ짜리 선제 결승 솔로 아치를 그렸고, 6회초에도 안타를 추가해 멀티히트 경기를 완성했다. 결국 투런 홈런을 쏘아올린 NC 다이노스 신재인을 밀어내고 퓨처스 올스타전 MVP로 뽑혔다. 삼성 소속 선수가 퓨처스 올스타전에서 MVP를 차지한 것은 지난 2010년 김종호 이후 무려 16년 만이다. 수상 영예와 함께 함수호는 상금 200만 원과 트로피를 거머쥐었다. 경기 후 현장 취재진과 만난 함수호는 ""홈런을 친 뒤 MVP가 될 수도 있겠다고 생각했는데, (신)재인이도 홈런을 쳐서 다시 집중했다""며 ""하나를 더 쳐야겠다는 생각이 들었다""고 당시를 되짚었다. 이어 ""첫 타석부터 좋은 타격이 나오다 보니 두 번째와 세 번째 타석에도 편한 마음으로 임할 수 있었다""고 덧붙였다. 특히 함수호는 '투수 친화적'인 잠실구장에서 생애 첫 홈런을 기록해 기쁨이 배가됐다. 그는 ""잘 맞은 타구였지만 잠실구장이라 처음에 넘어갈 줄은 몰랐다""며 ""홈런이 되는 순간 정말 기분이 좋았다""고 미소를 지었다. 함수호는 이번 시즌 퓨처스리그45경기에 나서 타율 0.306(147타수 45안타) 3홈런 23타점 20득점으로 재능을 꽃피우고 있는 함수호의 시선은 이제 1군 무대로 향하고 있다. 그는 ""내 장점은 타격이다. 다른 선수들보다 잘 치면 기회를 받을 수 있다고 생각한다""면서 ""수비도 중요하지만, 타격에서 확실한 경쟁력을 보여줘야 한다. 내년에는 1군 올스타전에 꼭 나가고 싶다""고 포부를 밝혔다. 마지막으로 1군 사령탑인 박진만 삼성 감독을 향해 씩씩한 각오도 잊지 않았다. 함수호는 ""퓨처스리그에서 열심히 잘 준비하고 있다""라며 ""오늘 경기를 안 보셨을 것 같긴 하지만, 그래도 보셨으면 좋겠다. 만약 1군에 올라가게 된다면 언제든 팀에 보탬이 될 수 있도록 완전히 준비된 모습을 보여드리겠다""고 당찬 메시지를 전했다. 잠실=박수진 기자 bestsujin@mtstarnews.com",https://v.daum.net/v/PxIAyaLxyP
2026.07.11 05:01,"청룡기 첫 결승 이끈 '청대 포수' 전영훈 ""무조건 정상 등극"" [IS ...",일간스포츠,"""정상에 갈 수 있도록 한 번 노력해보겠다."" 세광고 2학년 포수 전영훈(17)이 '결승전'이라는 단어에 눈을 크게 번뜩였다. 청소년 국가대표 선발 소감과 롤 모델, 자신의 강점에 대해서는 담담하게 말하던 전영훈의 목표와 의지, 그리고 간절함을 엿볼 수 있는 대목이었다. 전영훈은 10일 서울 목동야구장에서 끝난 청룡기 전국고교야구선수권대회 겸 주말리그 왕중왕전 4강전에서 배명고를 상대로 3번 타자·포수로 선발 출전, 2타수 무안타 3사사구 1삼진을 기록했다. 좋은 선구안을 발휘하며 상대 투수를 괴롭혔다. 1-1 상황에서 희생번트를 성공시켜 주자의 진루와 결승 득점에 힘을 보탰다. 팀은 10-2로 이겼다. 경기 종료 뒤 일간스포츠와 만난 전영훈은 ""올해 목표는 전국대회 우승이다. 이것을 달성하기 위해 간절하게 했다. 타격감이 좋지 않기 때문에 (몸에) 공을 맞든, 잘 골라서든 어떻게 해서라도 출루하려고 노력했다""라며 ""투수들을 리드할 때도 '과감하게 하되, 가운데만 보고 던지지 말고 정교하게 투구하자'고 했다. 선수들에게 그래야만 정상에 설 수 있다고 강조했다""고 말했다. 이날은 안타를 기록하지 못했지만, 올 시즌 타격 성적은 뛰어나다. 10일 기준으로 19경기 출전해 타율 0.407(59타수 24안타) 2홈런 23타점 18득점 OPS(출루율+장타율) 1.201을 기록했다. 전영훈은 ""펀치력이 다른 선수들보다 부족하다고 생각한다. 큰 타구를 치려고 하기 보다는 욕심을 갖지 않고 라인 드라이브 타구를 생산하는 게 나의 강점""이라고 했다. '빠른 타구'를 생산하는 데는 꾸준한 웨이트 트레이닝이 비결이다. 주 7일 중 4~5회 1시간가량 근력 운동을 한다. 대한야구소프트볼협회(KBSA) 등록상 177㎝·78㎏ 체격을 가진 전영훈은 문현빈(한화 이글스)을 연상케 하는 다부진 체격을 자랑한다. 롤 모델도 문현빈이라고. 전영훈은 ""문현빈 선배처럼 짧고 간결하게 타격하려고 테이크백도 크게 가져가지 않는다""고 귀띔했다. 세광고는 야구부 창단 후 처음으로 청룡기 결승 무대를 밟는다. 종전 최고 성적은 2020년 4강. 전국 대회로 범위를 넓혀도, 세광고의 마지막 우승은 1982년 황금사자기 대회이다. 12일 경북고와의 결승전을 앞두고 전영훈은 ""세광고가 42년 동안 전국대회 우승이 없다. 청룡기 결승 진출도 처음이다. 꼭 정상에 갈 수 있도록 노력하겠다""며 입술을 꽉 깨물었다. 한편, 전영훈은 18세 이하 청소년야구국가대표에 선발됐다. 하현승(부산고) 엄준상(덕수고) 김지우(서울고) 등과 한솥밥을 먹는다. 포수 포지션에서는 강릉고 3학년 원지우와 전영훈 두 명만 이름이 불렸다. 방진호 세광고 감독은 ""영훈이가 청소년 국가대표에 선발이 돼서 많이 축하한다. (국가대표에) 가서 잘 배워서 왔으면 좋겠다""고 말했다. 목동=김영서 기자 zerostop@edaily.co.kr",https://v.daum.net/v/8izJvoiPEL
2026.07.11 04:42,'삼성 이게 무슨 일이야' 11년 만에 전반기 1위 등극→16년 만에 M...,마이데일리,"[마이데일리 = 잠실 이정원 기자] ""잠실에서 첫 홈런입니다."" 삼성 라이온즈 외야수 함수호는 지난 10일 서울 잠실구장에서 진행된 2026 신한 SOL Bank KBO 퓨처스 올스타전에서 MVP를 수상했다. 삼성 선수가 퓨처스 올스타전에서 MVP에 오른 건 2007년 채태인, 2010년 김종호 이후 처음이다. 남부 올스타 5번타자 좌익수로 선발 출전한 함수호는 0-0이던 2회말 주자 없는 상황에서 이도우를 사대로 우중간을 넘어가는 비거리 125m 선제 솔로홈런을 날렸다. 6회에도 안타를 기록하며 멀티히트를 작성했다. 이날 2안타 1타점 1득점을 기록했다. 함수호에게는 상금 200만원이 주어진다. 함수호는 ""경기 시작부터 좋은 타격이 나왔다. 편하게 마음을 가져갔다. 결과가 좋게 나왔다""라며 ""야구 인생 통틀어 처음으로 잠실구장에서 홈런을 쳤다. 넘어갈 줄 몰랐다. 넘어가서 기분이 좋았다""라고 이야기했다. 이어 ""오랜만에 많은 팬들 앞에서 홈런을 치니 기분이 좋았다. 다음에는 1군에서도 기분 좋은 감을 느끼고 싶다. 더 열심히 하겠다""라고 덧붙였다. MVP 경쟁 후보는 같은 팀에 있는 신재인(NC 다이노스)이었다. 신재인은 4회말에 투런홈런을 날렸다. 함수호는 ""재인이가 받았어도 기분이 좋았을 것이다. 선의의 경쟁을 펼쳤을 것""이라며 ""아직 상금 200만원을 어떻게 쓸지 생각을 하지 못했는데, 이제 생각을 해보겠다""라고 미소 지었다. 함수호는 협성경복중-대구상원고 출신으로 2025 신인 드래프트 4라운드 33순위로 삼성 지명을 받았다. 아직 1군에서는 이렇다 할 활약을 펼치지 못했다. 지난 시즌 6경기 3안타 1타점 1득점, 타율 0.214, 올 시즌에도 11경기 1안타 2타점 타율 0.063에 머물렀다. 그렇지만 퓨처스리그에서는 다르다. 2025시즌 85경기 69안타 5홈런 38타점 37득점 타율 0.264, 2026시즌 45경기 45안타 3홈런 23타점 20득점 타율 0.306을 기록했다. 함수호는 ""지금 감이 좋다. 이 좋은 감을 이어 가기 위해 1군에 빨리 올라갔으면 좋겠다. 내 장점이 타격인 만큼, 타격에서 좋은 모습을 보인다면 1군에서 뛸 수 있다고 생각한다. 수비도 중요하지만 타격에서 독보적이고 싶다""라며 ""1군에 올라가게 된다면 준비 잘 된 모습 보여드릴 수 있도록 노력하겠다""라고 각오를 다졌다. 삼성은 11년 만에 전반기 1위에 등극한 데 이어, 17년 만에 퓨처스 올스타전 MVP까지 배출했다.",https://v.daum.net/v/5OsiM0tWmS
2026.07.11 04:01,"“(한)준수가 제일 좋았습니다” 강백호에게 선택 받은 남자, 공 잘 던지...",마이데일리,"[마이데일리 = 김진성 기자] “준수가 제일 좋았습니다.” 10일 올스타 홈런더비에서 우승한 강백호(27, 한화 이글스). 그의 우승의 조력자는 다름 아닌 한준수(27, KIA 타이거즈)였다. 강백호는 홈런더비에 나서기 전 현장 아나운서에게 “같이 할 수 있는 선수들이 허인서(23, 한화 이글스), 문현빈(22, 한화 이글스), 한준수였는데, 준수가 제일 좋았습니다”라고 했다. 강백호는 예선서 7홈런을 친 뒤 결승서 오태곤(35, SSG 랜더스)과의 서든데스 끝에 우승을 차지했다. 기본적으로 강백호가 잘 친 덕분이다. 전반기에 27홈런을 친 김도영(23, KIA 타이거즈)이 2홈런으로 예선서 탈락했다. 올스타 홈런더비서 우승하는 건 단순히 홈런 잘 친다고 보장되는 게 아니다. 배팅볼 투수의 역할이 정말 중요하다. 이날 이벤트를 생중계한 MBC스포츠플러스 박재홍 해설위원은 배팅볼 투수가 한가운데, 아니면 한가운데에서 약간 몸쪽으로 던져줘야 홈런을 치기 쉬워진다고 강조했다. 강백호도 잘 쳤지만, 한준수도 예선에 이어 결승까지 공을 잘 던져줬다. 강백호가 잘 선택했고, 한준수도 최선을 다했다. 원래 포수가 공을 잘 던지는 법이다. 더구나 이번 올스타 홈런더비에는 우승한 선수에게 공을 던져준 선수에게도 부상이 주어졌다. 한준수는 홈런메이커상을 수상, 헤드폰을 받았다. 결국 KIA에선 김도영이 홈런더비에 참가했지만, 정작 재미를 본 건 한준수였다. 그런데 강백호의 우승 직후 방송사 인터뷰를 보면 한준수가 이미 자신의 방망이로 타격을 하고 있다는 사실이 밝혀졌다. 이런 측면에서 보면 오히려 한준수가 보은을 한 셈이다. 강백호는 방망이 부자다. 여러 방망이를 계속 구입해 한화 선수들은 물론 타 구단 선수들에게도 무상으로 나눠주고 있다. 특히 한화 선수들이 자신이 준 방망이로 잘 치면 기쁨이 크다고 털어놓았던 적이 있다. 한준수도 올해 전반기 74경기서 타율 0.322 6홈런 26타점 29득점 OPS 0.923으로 좋은 타격 성적을 남겼다. 본인이 잘 한 것이기도 하고, 100억원 FA의 좋은 기운도 잘 받았다고 봐야 한다. 올스타 홈런더비서 상까지 받았으니 후반기도 기분 좋게 출발할 수 있을 듯하다. 김태군의 햄스트링 부상으로, KIA 안방은 한준수의 존재감, 중요성이 상당한 수준이다.",https://v.daum.net/v/3KXV21Q9DS
2026.07.11 02:23,"""이제 정말 마지막이구나"" 잠실구장의 LG-두산 레전드, 현역 시절 기억...",OSEN,"[OSEN=잠실, 홍지수 기자] 잠실야구장에서 오랜 시간을 보낸 KBO리그 레전드들이 오랜만에 만났다. 한때 라이벌이었지만, 지금은 잠실 시절의 기억을 공유하는 추억의 스타다. 프로야구 LG 트윈스 레전드 박용택과 두산 베어스 레전드 김재호가 10일 잠실야구장에서 열린 2026 퓨처스 올스타전 무대에서 만났다. 박용택과 김재호 모두 시구자로 나섰다. 박용택과 짝을 이룬 시타자는 LG 박해민, 두산 시타자는 정수빈이었다. 오랜만에 그라운드에서 팬들과 인사를 나눈 박용택과 김재호는 시구를 마치고 취재진을 만나 옛 기억을 떠올렸다. 박용택은 ""마운드에 올라가기 전까지는 크게 실감이 나지 않았는데, 막상 올라가 보니 '이곳이 정말 마지막이구나'라는 생각이 들었다""며 ""시즌이 끝날수록 그 감정이 더 커질 것 같다""고 말했다. 이어 ""퓨처스 올스타전 시구를 맡게 된 것 자체가 영광이다. 더 많은 팬들과 함께했으면 좋았겠지만, 찾아와주신 팬들에게 감사드린다""고 전했다. 김재호 역시 아쉬움을 감추지 못했다. 그는 ""잠실에서 21시즌을 뛰었지만 아직은 마지막이라는 실감이 나지 않는다""며 ""예전 동대문야구장이 사라졌을 때도 없어지고 나서야 허전함이 크게 느껴졌다. 잠실구장도 철거되는 모습을 보면 그때 정말 마음이 쓰릴 것 같다""고 말했다. 올해를 끝으로 잠실구장은 철거되고, LG와 두산은 임시 홈구장을 거쳐 2032년 새 돔구장 시대를 맞는다. 마지막인만큼 박용택과 김재호 모두 현역 시절을 되돌아봤다. 먼저 박용택은 “재호한테 개인적으로 원망스러웠던 건 크게 없다. 다만 내가 뛰던 시절에는 특히 두산에 많이 약했던 기억이 있다. 하필이면 제가 주장일 때 그런 시즌을 겪었다”며 회상했다. 이어 박용택은 “두산과 경기할 때는 항상 색다른 느낌이 있었다. 팬들의 관심도도 훨씬 높았다. 그래서 이겨야 한다는 부담이 있었다. 그런데 꼭 이겼어야 할 경기를 많이 놓쳤던 아픈 기억이 더 많이 남아 있다”고 덧붙였다. 김재호는 “LG와 경기하면 항상 끝날 때까지 긴장을 늦출 수 없었다. 그 중심에는 늘 용택이 형이 있었다. 결정적인 순간마다 해결을 해주거나, 찬스를 만들어내는 선수였다”며 “당시에는 'LG는 용택이 형만 막으면 된다'는 말이 있을 정도였다. 그만큼 존재감이 큰 선수였다”고 잠실에서 뛰던 시절을 떠올렸다. /knightjisu@osen.co.kr",https://v.daum.net/v/0RVHofkLyo
2026.07.11 02:11,'놀랍다' KIA에 아이돌 외모를 가진 선수가 있었다니…190cm 모델 ...,스포티비뉴스,"[스포티비뉴스=잠실, 윤욱재 기자] 190cm의 모델급 신장에 아이돌 뺨치는 외모까지. KIA에 이런 '인재'가 있었다니 놀라울 따름이다. KIA 신인 내야수 박종혁(19)이 스타 탄생을 예고했다. 박종혁은 10일 잠실구장에서 열린 2026 KBO 퓨처스 올스타전에서 7회말 2사 주자 없는 상황에 타석을 맞았다. 역시 박종혁 또한 여느 선수들처럼 퍼포먼스를 준비했다. 드라마 '태양의 후예'를 패러디한 박종혁은 눈부신 외모와 퍼포먼스가 어우러지면서 야구 팬들의 시선을 사로 잡았다. 신장 190cm로 모델급 사이즈를 자랑하는 박종혁은 잘 생긴 외모까지 겸비, 벌써 KIA 팬들 사이에서는 ""KIA답지 않은 외모"", ""KIA에 이렇게 잘 생긴 선수는 처음""이라는 등 폭발적인 반응을 이끌어내고 있다. 결국 타석에서는 삼진 아웃으로 물러났지만 애초에 결과는 중요하지 않았다. 박종혁은 ""원래 다른 퍼포먼스를 준비했는데 '너무 올드하다'라는 이야기를 많이 들어서 형들과 어떤 퍼포먼스를 하면 좋을지 상의를 하다가 '태양의 후예'로 결정했다""라면서 ""솔직히 걱정했다. '팬들이 별로 좋아하지 않으시면 어떡하나'라는 생각도 있었는데 그래도 반응이 괜찮은 것 같아서 기분이 좋다""라고 말했다. 아깝게 수상의 기회는 놓쳤다. 이날 퓨처스 올스타 퍼포먼스상은 팬 투표로 결정됐는데 박종혁은 총 7,814표 중 2,565표(33%)를 얻어 2위에 랭크됐다. 같은 KIA 소속인 엄준현은 걸그룹 리센느 멤버 미나미의 파라파라 춤을 따라해 2,903표(37%)로 1위를 차지했다. 덕수고 출신으로 2026 KBO 신인 드래프트에서 7라운드에 KIA 유니폼을 입은 박종혁은 올해 퓨처스리그에서 61경기에 출전해 타율 .257 45안타 5홈런 26타점 3도루를 기록했다. 지난 6일 울산 웨일즈와의 퓨처스리그 경기에서는 홈런포를 가동하고 전반기를 마무리했다. ""전반기는 내가 생각한대로 완벽하게 잘 했다고 하지는 못해도 어느 정도 기대치는 채운 것 같다""라는 박종혁은 ""전반기를 통해서 아직 부족한 것들을 느꼈고 후반기에 반복하지 않기 위해 잘 준비하고 싶다""라고 말했다. 아직 1군 무대에 데뷔한 선수는 아니지만 퓨처스리그 경기를 꾸준히 뛰면서 발전하는 모습을 보여주고 있다. ""고등학교 시절보다 수비가 조금 더 안정적으로 바뀐 것 같다. 내가 피지컬이 큰 선수인 만큼 멀리 타구를 보낼 수 있는 능력을 키우겠다는 마음을 먹었는데 홈런과 장타가 조금씩 나오고 있어서 확실히 발전하지 않았나 생각한다""라는 박종혁. 프로 선수라면 누구나 1군에서 뛰고 싶은 마음은 당연지사다. 하지만 진짜 1군에서 뛸 수 있는 실력을 갖췄을 때 1군에 가고 싶다는 것이 박종혁의 '진심'이다. 박종혁은 ""정말 1군에 가고 싶지만 내 욕심 만으로 되는 것은 아니다""라면서 ""객관적으로 봐도 내가 1군에 갈 수 있는 실력이 갖춰진다면 그때는 1군에 올라가서 2군으로 내려가지 않는 선수가 되고 싶다""라고 말했다. 지금처럼 박종혁이 퓨처스리그에서 경험치를 쌓는다면 언젠가 1군의 부름을 받을 수 있을 것이다. 수려한 외모처럼 야구 실력으로도 KIA 팬들을 즐겁게 할 수 있는 선수가 될 수 있을지 궁금하다. <저작권자 ⓒ SPOTV NEWS. 무단전재 및 재배포 금지>",https://v.daum.net/v/2dyQ95PKT8
2026.07.11 01:46,"홈런더비 우승·비거리상 '2관왕', 강백호는 아직 배가 고프다…""잠실구장...",엑스포츠뉴스,"(엑스포츠뉴스 잠실, 양정웅 기자) 강백호(한화 이글스)가 프로 데뷔 후 처음으로 홈런더비 정상에 올랐다. 강백호는 10일 서울 잠실야구장에서 열린 2026 신한 SOL Bank KBO 올스타전 '컴투스프로야구 홈런더비'에서 우승과 비거리상을 차지했다. 강백호는 우승 상금 1000만원과 삼성 Bespoke(비스포크) AI 에어드레서, 비거리상 부상인 LG 퓨리케어 AI 360 공기청정기 플러스를 차지했다. 올해 홈런더비는 ‘시간제’를 먼저 진행했던 작년과 다르게 ‘아웃제’를 먼저 진행하며, 타자가 예선 5아웃, 결승 7아웃을 모두 소진하면 1분간 ‘컴프야 피버타임’이 주어진다. 아웃카운트 소진 후 30초의 휴식시간이 주어지며 피버타임 동안은 투구 수 제한 없이 자유롭게 타격할 수 있다. 5번째 주자로 나선 강백호는 첫 타구가 실패한 후, 4연속 홈런으로 몰아치기에 나섰다. 5아웃 동안 6개를 터트린 강백호는 추가시간 1개를 더해 7개로 마쳤다. 최장 비거리는 145m가 나왔다. 예선에서는 강백호와 팀 동료 허인서, 그리고 오태곤(SSG 랜더스) 3명이 7개로 동률을 이뤘는데, 이렇게 될 시 비거리로 결승 진출자를 결정하는 규칙에 따라 강백호와 오태곤이 올라갔다. 오태곤이 먼저 출격에 7홈런을 기록했다. 강백호는 7아웃 동안 3개를 기록했는데, 피버타임에서 6개가 된 상황에서 마지막 공을 극적으로 넘기며 서든데스로 향했다. 이후 서든데스에서도 종료 직전 우측 폴대를 때리는 홈런을 기록해 우승을 차지했다. 이로써 2018년 프로에 데뷔한 강백호는 데뷔 후 처음으로 올스타 홈런더비 정상에 올랐다. 강백호는 홈런더비 우승 후 ""처음으로 우승을 해서 기쁘다""며 ""마지막에 흥분해서 스태프 분과 부딪힐 뻔했다. 그게 죄송하다""고 얘기했다. 2018년 루키 시절 이후 무려 8년 만에 홈런더비에 나왔던 강백호는 ""신인 때 나가고 처음 나왔다. 우승을 해봐야겠다고 나왔다. 우승할 수 있어 기쁘다""고 미소지었다. ""비거리 상을 노리고 왔는데 얼떨떨하다""고 한 강백호는 ""내가 야구하는데 보태서 활용하려고 한다. 방망이나 야구 용품에 투자할 것 같다""고 말했다. 비록 비거리상을 차지하기는 했지만, 목표를 이루지 못한 건 아쉬움으로 남는다. 강백호는 ""목표한 비거리는 잠실구장 넘기기였다. 내심 아쉽다. 홈런더비서 우승하지 못하더라도 그거 하나를 하고 싶었는데 아쉽다""며 입맛을 다셨다. 기회가 없는 건 아니다. 11일 열리는 올스타전 본 경기에서도 도전할 수 있다. 이에 대해 강백호는 ""본 경기서는 쉽지 않을 것 같다. 안타라도 쳤으면 한다""며 ""감이 안 좋다. 최선을 다할 생각이다""라고 했다. 강백호는 ""한화가 5할 승률을 맞췄기에 후반기 순위 싸움을 하는데 더 보탬이 됐으면 한다. 이 감각을 유지해서 더 보탬이 되고 싶다. 더 많은 경기에 출전하고 싶다""고 했다. 이날 결승 상대였던 오태곤은 강백호와 KT 시절 한솥밥을 먹었다. 그는 ""태곤이 형이랑 KT에서 같이했다. 좋은 선수라는 걸 다 알고 있다""고 했다. ""김도영 선수나 오스틴 선수랑 할 줄 알았다""고 한 강백호는 ""태곤이 형이 시작부터 너무 잘쳐서 결승이 힘들 줄 알았는데 오늘 공이 잘 맞았다. 좋은 결과가 있었던 것 같다""고 언급했다. 이어 ""여유롭게 이길 줄 알았는데 결승전 타임아웃 전까지는 솔직히 포기했다. 운이 좋았다""고 안도의 한숨을 내쉬었다. 사진=잠실, 김한준·박지영 기자 양정웅 기자 orionbear@xportsnews.com",https://v.daum.net/v/0s2MPUJ6tz
2026.07.11 01:43,최형우-양창섭의 삼성 11년만에 전반기 1위,동아일보,"삼성이 프로야구 전반기 레이스를 가장 높은 곳에서 마쳤다. 선두 경쟁을 벌이던 LG와 9일 안방 대구에서 전반기 마지막 경기를 치러 6-5, 한 점 차 승리를 따내며 선두에 올랐다. 삼성(승률 0.614)은 2위 LG(0.612)에 승차 없이 승률에서 2리 앞선다. 삼성은 전반기 팀 평균자책점 2위(4.11), 타율 3위(0.275)로 투타에서 모두 안정적인 경기력을 펼쳤다. 한국시리즈 통산 8회 우승에 빛나는 삼성이 1위로 반환점을 돈 건 2015년 이후 11년 만이다. 삼성은 그해 정규시즌도 결국 1위로 마쳤다. 삼성은 그 뒤로 정규시즌 1위를 차지한 적이 없다. 10구단 체제가 된 2015년 이후 전반기 1위 팀 가운데 81.8%(11회 중 9회)가 정규시즌 1위로 한국시리즈 무대에 직행했다. 삼성의 상승세는 KIA로 건너갔다가 10년 만에 복귀한 ‘베테랑’ 최형우(43) 효과를 빼놓고 설명할 수 없다. 최형우는 리그 최고령 선수라는 타이틀이 무색하게 출루율 4위(0.425), 타점 7위(66개), 타율 8위(0.329) 등에 이름을 올려놓고 있다. 홈런도 12개나 쳤다. 외국인 타자 디아즈(30)가 지난해에 비해 다소 주춤한 가운데 최형우가 무게중심을 잡으면서 삼성은 3∼5번 타순 타율에서 리그 1위(0.302)를 기록 중이다. 디아즈(382타석)에 이어 두 번째로 많은 348타석을 소화하고 있는 최형우는 올 시즌 출장, 안타, 홈런, 도루 부문 등에서 최고령 기록을 갈아치웠고, 7일 경기에서는 리그 최초 1800타점 고지에도 올랐다. 김지찬(25), 이재현(23) 등 젊은 타자들의 성장세가 빠른 팀 타선에서도 최형우의 활약은 그라운드 안팎으로 긍정적인 영향을 끼치고 있다. 최형우는 “생각한 대로 완벽하게 전반기를 보낸 것 같다. 지금 팀 분위기면 충분히 우승에 도전할 수 있다”고 자신감을 드러냈다. 박진만 삼성 감독도 “(왼쪽) 골반이 좋지 않은 상황에서도 최형우가 최고참으로 중심 역할을 잘해줬다”고 말했다. 타선에 비해 무게감이 떨어진다는 평가를 받았던 마운드도 선두 싸움의 든든한 버팀목이 되고 있다. 특히 2018년 데뷔 후 줄곧 선발, 불펜을 오가던 양창섭(27)이 선발진 한 자리를 책임지면서 마운드 운용에 계산이 서게 됐다. 5월 중순 이후 붙박이 선발투수 자리를 꿰찬 양창섭은 전반기에 팀 내 최다인 7승(무패)을 기록했다. 신인 시절 세운 개인 최다승(7승) 기록을 전반기에 이미 채웠다. 5월 24일 사직 롯데전에서는 개인 통산 첫 완봉승을 무사사구로 장식하기도 했다. 불펜진도 강해졌다. 지난해 4.48이던 삼성 구원투수 평균자책점은 올해 3.78로 10개 구단 중 가장 좋다. 셋업맨 이승민(26), 마무리 김재윤(36)으로 이어지는 필승조도 안정적이다. 팬들도 힘을 보탰다. 전반기 삼성 안방 경기 42번 중 33번이 매진(2만4000명)이었다. 총관중 수도 97만6271명으로 LG(100만8068명)에 이어 두 번째로 많다. 강홍구 기자 windup@donga.com",https://v.daum.net/v/8BpNGwFY08
2026.07.11 01:30,"""미나미님 덕분에 퍼포먼스상, 감사합니다""…올스타전에서도 파라파라나 춰야...",엑스포츠뉴스,"(엑스포츠뉴스 잠실, 양정웅 기자) 야구장에서도 파라파라나 춰야겠다. KIA 타이거즈의 2년 차 내야수 엄준현이 '갸루'로 변신해 모두의 웃음을 자아냈다. 덕분에 상금도 손에 쥐게 됐다. 엄준현은 10일 서울 잠실야구장에서 열린 2026 신한 SOL Bank 'KBO 올스타 프라이데이' 퓨처스 올스타전에서 남부 올스타의 9번 타자 겸 유격수로 선발 출전했다. 언북중-전주고 출신으로 지난해 KIA에 입단한 엄준현은 올 시즌 퓨처스리그 58경기에서 타율 0.269, 1홈런 23타점 32득점, 18도루 OPS 0.711을 기록 중이다. 특히 도루 부문에서 남부리그 1위를 달리고 있다. 3회말 1사 후 첫 타석에 등장한 엄준현은 심상치 않은 복장으로 그라운드에 나왔다. 이는 유튜브 채널 '안녕하세요원이입니다잘부탁드립니다'(이하 '안원잘부')에서 걸그룹 리센느(RESCENE) 멤버 미나미가 했던 '갸루'를 똑같이 따라한 것이다. 미나미의 유행어가 된 ""파라파라나 춰야겠다""가 전광판에 나왔고, 엄준현은 파라파라 퍼포먼스를 소화했다. 예상 외의 실력에 경기장에서는 박수가 쏟아졌고, 엄준현은 마무리까지 잘 해낸 후 타석에 들어섰다. 비록 경기에서는 2타수 무안타에 그쳤지만, 엄준현은 완벽하게 갸루로 변신한 보상을 받았다. 그는 팬 투표로 진행된 베스트 퍼포먼스상에서 총 7814표 중 2903표를 획득, 드라마 '태양의 후예'를 따라한 팀 동료 박종혁(2565표)을 제치고 상금 100만원을 차지했다. 경기 후 만난 엄준현은 ""퍼포먼스를 할까 말까 고민했는데 하자고 생각했다""며 ""하려면 1등을 해야겠다 생각해서 좀 센 걸로 준비했다""고 준비 과정을 언급했다. ""이틀 열심히 했다""고 밝힌 엄준현은 ""생각보다 몸에 잘 맞아서 그 다음부터 연습은 따로 안했다""고 얘기했다. 엄준현의 갸루 변신에는 KIA 마케팅팀의 김지연 프로의 도움이 컸다. 그는 ""다 준비해주셨다. 화장까지 잘해주셔서 그게 컸다""고 말했다. 상금 용처에 대해서는 ""(곽)동효 형이랑 맛있는 거 먹으러 가기로 했다""고 언급했다. 안원잘부는 원이와 미나미로부터 시작해 리센느 멤버 전체의 인기를 견인했다. 엄준현도 ""인기가 많아서 릴스가 많이 돌아다녀서 많이 봤다""고 얘기했다. 이어 갸루의 '원조'인 미나미에게 ""덕분에 퍼포먼스상 탔습니다. 감사합니다""라고 인사를 전했다. 엄준현은 1년 후배 박종혁의 퍼포먼스에 대해서는 ""종혁이는 그냥 한 건 없는데 잘생겼다. 종혁이가 받았으면 많이 억울했을 것 같다""고 웃었다. 이번이 첫 퓨처스 올스타전인 엄준현은 ""확실히 사람 많은 곳에서 하니까 집중도 잘 되고 더 야구하는 느낌이 들었다. 개인적으로 경기 결과는 좀 많이 아쉽긴 했는데, 남은 후반기 잘 준비하겠다""고 말했다. 올스타 선정에 대해 엄준현은 ""감독, 코치님께서 전반기에 경기를 많이 내보내 주셨다""며 ""그에 보답하기 위해 열심히 했던 것도 있다. 그러다 보니까 현장에서 좀 좋게 봐주셨던 것 같다""고 얘기했다. 끝으로 엄준현은 후반기 목표로 ""1군에 콜업되는 게 우선순위다. 수비에서도 안정적인 모습을 보여주고 싶다""고 밝혔다. 사진=잠실, 김한준·박지영 기자 / 유튜브 '안원잘부' 캡처 양정웅 기자 orionbear@xportsnews.com",https://v.daum.net/v/brgTZspXGz
2026.07.11 01:12,"“우승 못해도 꼭 장외홈런 치고 싶었는데…” 홈런더비 서든데스 우승, 강...",OSEN,"[OSEN=잠실, 길준영 기자] 프로야구 한화 이글스 강백호(27)가 홈런더비에서 우승을 차지했지만 장외홈런을 치지 못한 아쉬움을 토로했다. 강백호는 10일 서울 잠실구장에서 열린 ‘2026 신한 SOL KBO 퓨처스 올스타전’ 홈런더비에서 예선 홈런 7개, 결선 홈런 7개, 서든데스 홈런 1개를 기록하며 데뷔 첫 우승을 차지했다. 올 시즌 78경기 타율 3할1푼3리(300타수 94안타) 23홈런 85타점 50득점 OPS .984를 기록하며 성공적인 시즌을 보내고 있는 강백호는 리그 홈런 3위로 전반기를 마쳤다. 이러한 활약에 힘입어 홈런더비에 나섰다. 예선에서 7홈런을 기록한 강백호는 오태곤(SSG), 허인서(한화)와 공동 1위에 올랐다. 3명이 공동 1위를 기록했기 때문에 최고 비거리 1위 강백호(145m)와 2위 오태곤(140m)이 결선에 올랐다. 강백호와 오태곤은 결선에서도 치열한 접전을 벌였다. 결선에서 먼저 주자로 나선 오태곤은 7아웃에서 4홈런을 쳤고 1분 타임아웃에서는 홈런 3개를 추가해 7홈런으로 도전을 마무리했다. 강백호는 뒤이어 타격에 나서 7아웃에서 3홈런을 쳤다. 오태곤에 홈런 하나 차이로 밀렸지만 1분 타임아웃에서 4홈런을 터뜨리며 다시 한 번 동률을 이뤘다. 특히 마지막 홈런은 마지막 스윙에서 파울 폴대를 맞히며 극적으로 서든데스까지 승부를 끌고 갔다. 마지막 30초 서든데스에서는 오태곤이 하나의 홈런도 치지 못했다. 강백호는 끝내기 홈런을 치며 우승을 차지했다. 강백호는 홈런더비 후 인터뷰에서 “(마지막 폴대에 맞은 홈런과 우승 결정 홈런) 둘 다 극적인 홈런이었다. 홈런 더비 우승은 처음인데 마지막에 너무 흥분해서 스태프 분이 맞을 뻔했다. 너무 죄송하다”며 우승 소감을 전했다. “신인이던 2018년에 홈런더비에 나갔고 그 이후 올해가 처음이다”라고 밝힌 강백호는 “한 번 우승을 해보고 싶었다”면서 “사실 비거리 상을 노리고 왔는데 우승을 해서 얼떨떨하다. 상금은 야구를 하는데 보탤 것 같다. 배트나 야구용품을 사는데 쓰지 않을까 싶다”고 이야기했다. 이날 놀라운 비거리의 홈런을 여러차례 선보인 강백호는 장외홈런이 될 수도 있었던 홈런도 몇 차례 나왔다. 하지만 모두 아슬아슬하게 잠실구장을 넘어가지는 못했다. KBO리그에서 가장 투수친화적인 구장으로 평가받는 잠실구장은 넓은 외야 때문에 홈런을 치기 정말 어려운 구장으로 꼽힌다. KBO리그 역사상 잠실구장 장외홈런은 단 4번(김동주, 김동엽, 로맥 2회)밖에 나오지 않았다. 잠실구장은 올해를 마지막으로 철거될 예정이기 때문에 어쩌면 이번 홈런더비가 잠실구장 장외홈런을 칠 수 있는 마지막 기회였다. 홈런더비 우승과 함께 최고 비거리 상(145m)도 함께 수상한 강백호는 “오늘 목표한 바는 사실 잠실구장 넘기기였다. 못넘겨서 아쉽다. 우승을 못했더라도 그거 하나만큼은 하고 싶었다”며 웃었다. 자신의 배팅볼 투수로 한준수(KIA)를 선택한 강백호는 “야구는 포수가 배팅볼을 잘던진다는 전통이 있다. (한)준수랑 친하고 공도 잘 던지는 것을 알고 있어서 부탁을 했다. 경기 시작 30분 전에 (허)인서, (문)현빈이, (이)도윤이형, (박)민우형, (황)성빈이형까지 공을 던져줬는데 준수가 제일 좋아서 같이 했다”고 그 이유를 설명했다. 우승 상금을 나눌 것인지 묻는 질문에 강백호는 “준수가 지금 내 배트를 쓰고 있다. 10자루쯤 가져간 것 같다. 내가 그 보답을 받은 것이 아닐까”라고 농담을 하면서도 “그래도 상금은 나눌 생각이다. 그렇게 꼬셨다”고 이야기했다. 결승전에서 오태곤과 치열한 승부를 벌인 강백호는 “(오)태곤이 형과 KT에서 같이 야구를 했는데 힘도 있고 펀치력도 좋은 타자다. 사실 (김)도영이나 오스틴과 할 줄 알았는데 놀랐다. 예선을 시작했는데 태곤이형이 너무 잘치더라. 나는 결선도 못가겠다고 생각했다. 결승에서도 여유있게 이길 줄 알았는데 타임아웃 전까지는 지겠다고 생각하고 포기했었다”며 오태곤의 파워에 혀를 내둘렀다. 홈런더비 우승을 차지하고 기분 좋게 후반기를 준비할 수 있게 된 강백호는 “정말 가을야구처럼 집중을 했다. 정말 세게 쳤고 정말 짜릿했다. 이 감을 유지해서 후반기 순위싸움에 보탬이 될 수 있도록 하겠다”며 후반기 활약을 다짐했다. /fpdlsl72556@osen.co.kr",https://v.daum.net/v/VysxGwFYyE
2026.07.11 00:42,"'AG 5연패 도전' 류지현호, 대만→홍콩→태국 차례대로 만난다…'영원한...",마이데일리,"[마이데일리 = 이정원 기자] 류지현호의 조별 예선 상대가 정해졌다. 2026 아이치·나고야 아시안게임 조직위원회는 지난 10일 조 편성 및 경기 일정을 발표했다. 한국은 대만, 홍콩, 태국과 B조에 배정됐다. 한국은 오는 9월 21일 오후 6시 30분 일본 아이치현 오카자키 중앙종합공원 야구장에서 대만과 예선 첫 경기를 가진다. 22일 오후 6시 30분 아이치현 도요하시 시민구장에서 홍콩과 2차전, 23일 오후 12시 중앙종합공원 야구장에서 태국과 조별리그 마지막 경기를 가진다. 24일 하루 휴식 후 25일과 26일에는 각 조 1, 2위가 다른 조의 1, 2위를 만난다. 또한 3, 4위는 다른 조의 3, 4위 팀을 만난다. 결승전, 동메달 결정전에 나설 팀은 슈퍼라운드 성적에 따라 결정된다. 결승전은 27일 오후 6시 30분, 동메달 결정전은 27일 오후 12시에 진행된다. 동메달 결정전은 오카자키 중앙종합공원 야구장, 결승전은 도요하시 시민구장에서 열린다. 류지현 감독이 이끄는 한국 야구 대표팀은 대회 5연패에 도전한다. 2010 광저우 대회를 시작으로 2014 인천, 2018 자카르타-팔렘방, 2022 항저우 대회에서 우승을 차지한 바 있다. 류지현 감독은 지난달 진행된 명단 발표 기자회견에서 ""아시안게임은 아시겠지만 금메달을 목표로 하는 대회""라고 각오를 다진 바 있다. 와일드카드 곽빈(두산 베어스), 문보경(LG 트윈스), 노시환(한화 이글스)을 비롯해 총 24명이 나고야행 비행기에 오른다. 한편 개최국 일본은 중국, 필리핀, 팔레스타인과 A조에 묶였다.",https://v.daum.net/v/78Mki9jJrY
2026.07.11 00:39,김도영과 박찬호 잘못된 만남? 사직 스쿠발에게 183.2km 미사일 쐈는...,마이데일리,"[마이데일리 = 김진성 기자] 김도영(23, KIA 타이거즈)과 박찬호(31, 두산 베어스)의 잘못된 만남? 김도영에게 9일 부산 롯데 자이언츠전을 마치고 10일 올스타 홈런더비에서 누가 배팅볼을 던지느냐고 물었더니, 박찬호가 아닌 다른 선수를 언급했다. 어쨌든 작년까지 4년간 한솥밥을 먹은 김도영과 박찬호가 오랜만에 재회(?)했다. 김도영은 이날 서울 잠실구장에서 열린 본 이벤트 예선에서 가장 마지막 순서로 나섰다. 전반기 홈런 1위의 프리미엄일 수도 있지만, 경쟁자 7명의 결과를 모두 알고 타석에 들어섰다는 점에서 부담이 될 수도 있었다. 어쨌든 전반기에만 27홈런을 터트렸다. 더구나 똑같이 27홈런을 친 오스틴 딘(LG 트윈스)이 이날 갑자기 허리 통증을 이유로 참가를 포기했다. 때문에 김도영이 강력한 우승후보로 기대를 모았던 게 사실이다. KIA 코치들은 김도영에게 “그냥 빨리 탈락하고 나와”라고 했다. 그러나 김도영은 최선을 다하겠다며 의지를 불태웠다. 2024년 예선 서든데스서 오스틴에게 패배해 결승에 오르지 못한 아쉬움도 털어낼 기회였다. 타석에 들어서기 직전 장내 아나운서에게도 7개를 치겠다고 했다. 그러나 김도영은 홈런을 2개밖에 치지 못했다. 5아웃이 될 때까지 1개, 마지막 1분 시간제에서 1개를 치는데 그쳤다. 김도영은 타석을 떠나면서 허무하게 웃었다. 현장에서 중계한 MBC스포츠플러스 박재홍 해설위원도 웃더니 “박찬호의 투구 회전이 별로 안 좋아요”라고 했다. 물론 농담성이었다. 박재홍 해설위원은 “아니죠. 최선을 다해주고 있죠”라고 했다. 그런데 올스타 홈런더비는 정말 배팅볼 투수와 타자의 호흡이 좋아야 한다. 박재홍 위원은 배팅볼 투수가 한가운데, 그리고 한가운데에서 살짝 몸쪽으로 던져야 홈런의 확률이 높다고 했다. 아무래도 잡아당겨야 홈런의 확률이 높기 때문이다. 더구나 잠실은 국내에서 가장 큰 야구장이다. 어쨌든 김도영과 박찬호는 안 맞았던 걸로 봐야 할 듯. 그러나 이 또한 올스타전의 묘미이자 재미다. 김도영은 홈런을 잘 치는 타자지만 평소에 정말 홈런을 노려서 친 게 몇 개나 될까. 대놓고 홈런을 치는 건, 아무리 가운데로 공이 들어와도 그렇게 쉬운 일은 아니다. 또 강백호와 허인서(한화 이글스). 오태곤(SSG 랜더스)이 7개씩 친 걸 알고 타석에 들어갔으니 알게 모르게 몸에 힘이 들어갔을 것이다. 그렇게 김도영의 충격의(?) 2홈런은 두고두고 KIA 선수들 사이에서 놀림감(?)이 될 듯하다. 하루 전날 김진욱(롯데 자이언츠)에게 183.2km 미사일을 쐈던 터라 더더욱 놀라운 일이었다. 물론 올스타전은 올스타전이다. 진지해지지 말자. 홈런더비는 그저 이벤트다. 팬들도 선수들도 그냥 즐기면 된다.",https://v.daum.net/v/QskM80e4Eb
2026.07.11 00:37,첫 도전 세광고 vs 8회 우승 경북고… 누가 청룡을 품을까,조선일보,"고교 야구 최고(最古)의 역사와 최고(最高) 권위를 자랑하는 청룡기 결승 대진이 확정됐다. 사상 첫 우승을 노리는 청주 세광고와 통산 여덟 차례 우승을 차지한 전통의 강호 경북고가 12일 오전 10시 서울 목동야구장에서 격돌한다. 세광고는 10일 목동야구장에서 열린 제81회 청룡기 전국고교야구선수권대회 겸 주말리그 왕중왕전(조선일보·스포츠조선·대한야구소프트볼협회 공동 주최) 준결승에서 배명고를 10대2로 꺾었다. 1954년 창단 이후 72년 만에 잡은 청룡기 우승 기회다. 세광고는 2020년 4강에 오른 게 청룡기 역대 최고 성적으로 결승 진출도 이번이 처음이다. 경북고는 준결승에서 마산용마고를 17대6으로 완파하고 결승에 올랐다. 2023년 챔피언 경북고가 3년 만에 다시 우승을 차지하면 경남고와 함께 청룡기 최다 우승(9회) 기록을 공유하게 된다. ◇창단 72년 만에 오른 결승 무대 세광고와 배명고의 준결승은 비 때문에 이틀에 걸쳐 치러졌다. 전날 1회 초 서정휘의 밀어내기 볼넷으로 선취점을 뽑은 세광고는 이날 5회 4점, 7회 3점을 뽑으며 낙승을 거뒀다. 김동유·노수민·박상민·이준호·박준모가 차례로 마운드에 올라 배명고 타선을 2실점으로 묶었다. 세광고는 준결승까지 4경기에서 43점을 뽑는 타선의 응집력을 과시했고, 실점은 9점으로 묶었다. 이번 대회 팀 타율 0.314, 평균자책점 2.48로 투타의 조화가 돋보인다. 타선의 중심은 2학년으로 4번 타자를 맡은 이홍석이다. 타율 0.500(14타수 7안타), 1홈런 6타점 7득점을 올렸다. 중견수로 출전하면서 내야수도 맡다가 투수로 등판할 수 있는 다재다능한 선수다. 2학년 포수 전영훈은 수비의 중심을 잡는다. 청소년 대표팀에 선발된 그는 투수들을 안정적으로 리드하며, 팀 분위기를 끌어올리는 역할도 한다. 이번 대회 안타는 2개(타율 0.200)뿐이지만, 6타점을 올릴 정도로 찬스에 강하다. 전영훈은 “선수단 모두 우승을 목표로 출전했는데, 꼭 정상에 서겠다”고 했다. 2023년 세광고에 부임한 방진호 감독은 “2학년 선수들에게 경험을 쌓게 한다는 생각으로 엔트리를 짰는데, 경기를 치르면서 선수들의 실력과 자신감이 함께 커졌다”고 말했다. ◇강타선 앞세워 9번째 우승 도전 경북고는 준결승에서 막강한 타선의 힘을 앞세워 마산용마고를 제압했다. 장단 14안타와 사사구 11개를 묶어 17점을 뽑았다. 경북고는 3-5로 뒤진 3회초 3점을 내며 경기를 뒤집었고, 이후 한 번도 흐름을 내주지 않았다. 4번 지명타자로 출전한 2학년 엄태욱이 맹활약했다. 혼자서 홈런과 2루타 2개를 포함해 6타수 4안타 7타점 3득점을 기록했다. 이번 대회 타율 0.364(22타수 8안타), 2홈런, 11타점으로 타격감이 매섭다. 그는 “홈런까지 칠 줄은 몰랐는데, 좋은 타구가 나와서 정말 좋았다”고 했다. 유격수 최우준과 2루수 석지호의 ‘키스톤 콤비’는 안정된 수비는 물론 상위 타선에서 공격을 주도하고 있다. 최우준은 이번 대회 타율 0.429(21타수 9안타), 1홈런 7타점으로 3번 타자 역할을 톡톡히 해내고 있다. 1번 타순의 석지호도 타율 0.375(16타수 6안타)로 득점 찬스를 만드는 데 능하다. 경북고는 이번 대회 팀 타율 0.309에 홈런이 5개로 참가 팀 중 가장 많다. 5경기를 치르면서 팀 평균자책점도 2.25로 마운드도 탄탄하다. 경북고는 1967~68년 2연패를 시작으로 1971·1974·1975·1981·1993년 청룡기 정상에 섰다. 그리고 2023년 30년 만에 다시 청룡기를 제패하는 감격을 맛봤다. 3년 전 우승을 경험한 이준호 경북고 감독은 “아이들이 힘을 내줘 결승에 오를 수 있었다. 꼭 최다 우승 대업을 이루고 싶다”고 했다.",https://v.daum.net/v/Uq073lqFtA
2026.07.11 00:29,"괜히 홈런 3위 아니네, 한화 100억 타자의 괴력쇼…1000만원 상금 ...",스포티비뉴스,"[스포티비뉴스=잠실, 박승환 기자] ""방망이 10자루 가져갔어요"" 한화 이글스 강백호는 10일 서울 잠실구장에서 열린 2026 KBO 올스타전 컴투스프로야구 홈런더비 결승에서 오태곤을 꺾고 우승을 차지했다. 올 시즌에 앞서 4년 총액 100억원의 계약을 통해 한화로 유니폼을 갈아입은 강백호는 78경기에서 94안타 23홈런 85타점 50득점 타율 0.313 OPS 0.984라는 엄청난 활약을 펼치면서, 나눔올스타 지명타자 부문 베스트 12로 선정됐다. 그리고 강백호는 팬 투표에서 1만 6863표를 획득하면서, 홈런더비에도 출전하게 됐다. 이날 강백호는 예선전부터 예사롭지가 않았다. 비거리 145m의 초대형 홈런을 폭발시키는 등 예선에서만 7개의 홈런을 터뜨렸다. 강백호는 오태곤(SSG 랜더스), 허인서(한화)와 함께 공동 1위에 올랐으나, 비거리에서 최상단에 이름을 올리면서, 결승행 티켓을 손에 쥐었다. 그리고 예선부터 치열하게 경쟁했던 오태곤과 재격돌하게 됐다. 오태곤이 먼저 7개의 홈런을 친 가운데, 강백호는 아웃카운트 7개를 소진하는 동안 3개의 홈런밖에 치지 못하면서 패색이 짙어지는 듯했다. 그런데 추가시간 1분에서 반전이 일어났다. 6-7로 뒤진 가운데 강백호가 1초를 남기고 친 타구가 우측 파울폴대를 직하게 되면서, 7-7로 균형이 맞춰졌다. 이에 강백호와 오태곤은 서든데스에 돌입했다. 여기서 강백호가 웃었다. 먼저 타격에 나선 오태곤은 추가 30초 동안 단 한 개의 홈런도 치지 못한 반면, 강백호는 두 번째 스윙을 통해 승부를 결정짓는 아치를 그리며 우승 타이틀을 손에 쥐었다. 이날 우승으로 강백호는 상금 1000만원과 에어드레서, 최장 비거리를 기록한 선수에게 주어니는 공기청정기까지 품는 기쁨을 맛보게 됐다. 강백호 커리어에서 홈런더비 우승은 처음이었고, 한화 선수로는 2023년 채은성 이후 3년 만이었다. 서든데스까지 끌고가는 폴대를 때리는 홈런과 우승을 확정짓는 홈런 중 어떤 것이 더 짜리했을까. 홈런더비가 끝난 뒤 취재진과 만난 강백호는 ""둘 다""라며 ""2018년 신인 때 홈런더비를 출전한 뒤 처음이다. 오늘 '우승 한 번 해봐야겠다'는 생각으로 했는데, 우승을 하게 돼 기쁘다. 노려볼 만하다고 생각했다""고 활짝 웃었다. 하지만 이내 강백호는 사과의 메시지를 던졌다. 이유는 자신이 한 배트플립에 스태프가 맞을 뻔했기 때문이다. 강백호는 ""마지막에 너무 흥분해서 빠던을 햇는데, 스태프 분을 맞힐 뻔했다. 죄송하다. 그게 가장 신경이 쓰인다. 죄송하다""고 재차 사과의 뜻을 전했다. 홈런더비 우승도 노렸지만, 사실 강백호가 욕심냈던 것은 비거리상이었다고. 그는 ""오늘 비거리상을 노렸는데 우승을 하게 돼 얼떨떨하다. 내 목표는 잠실야구장 (장외로) 넘기는 것이었다. 그런데 못 넘겨서 내심 아쉽다. 우승 우승을 못하더라도 그거 하나만큼은 하고 싶었는데, 아직 부족한 것 같다""며 '내일이 있지 않나?'라는 말에 ""쉽지 않을 것 같다. 안타라도 쳤으면 좋겠다. 그래도 최선을 다해서 임하겠다""고 강조했다. 오태곤과의 경쟁은 예상했을까. 강백호는 ""(오)태곤이 형과 KT에서 함께 했기에 힘이 좋고 펀치력이 좋은 선수라는 것은 알고 있었다. 사실 김도영, 오스틴 선수와 할 줄 알았는데, 태곤이 형이 예선부터 너무 잘 쳐서 깜짝 놀랐다. 여유 있게 이길 줄 알았다. 결승 타임아웃 전까지는 포기를 했었는데, 오늘 공이 잘 맞았고, 운이 좋았다""고 미소를 지었다. 배팅볼 투수를 끝까지 고민했던 강백호다. 그는 ""야구계에는 포수가 배팅볼을 잘 던진다는 말이 있다. 홈런더비 30분 전에 (허)인서, (문)현빈이, (박)민우 형, (이)도윤이 형, (황)성빈이 형까지 내게 공을 던져줬는데, (한)준수가 가장 좋았다. 준수가 나와 친하기도 하고, 내가 조금 강한 공을 좋아하는데, 공도 잘 던진다는 걸 알고 있었다""고 설명했다. 강백호는 우승 상금을 한준수와 나눌 뜻도 밝혔다. 강백호는 먼저 ""우승 상금은 내가 야구 하는 데에 보태서 쓸 것 같다. 사적인 것보다는 방망이나 야구 용품에 사용하게 될 것 같다""고 밝혔다. 그런데 '한준수에게 선물을 줄 생각이 있나?'라는 말에 ""준수가 올 시즌이 시작된 후에 내게 방망이 10자루를 가져갔다. 내가 보답을 받은 거다""면서도 ""준수가 잘해줬기에 상금을 나눌 것""이라고 덧붙였다. <저작권자 ⓒ SPOTV NEWS. 무단전재 및 재배포 금지>",https://v.daum.net/v/XcCXWE1yCN
2026.07.11 00:25,"""이제 형의 마음 알겠더라""…50억 유격수, 3안타 전반기 피날레→강백호...",엑스포츠뉴스,"(엑스포츠뉴스 대전, 김근한 기자) 한화 이글스 내야수 심우준이 전반기 마지막 경기를 3안타로 장식하며 강백호와 재회한 첫 시즌 전반기 소회도 전했다. 심우준은 지난 9일 대전 한화생명볼파크에서 열린 2026 신한 SOL뱅크 KBO리그 NC 다이노스전에 9번 타자 유격수로 선발 출전해 3타수 3안타 1타점 1볼넷 2득점으로 100% 출루와 함께 팀 6-4 승리에 이바지했다. 이날 경기에서 심우준은 2회말 2사 1, 2루 기회를 맞이해 상대 선발 투수 구창모와 맞붙어 선제 적시타를 때렸다. 심우준은 5회말 선두타자로 두 번째 타석에 임해 중전 안타를 날려 멀티히트에 성공했다. 이어 상대 중견수 포구 실책을 틈타 3루까지 내달려 무사 3루 기회를 만들었다. 심우준은 후속타자 오재원의 우전 적시타 때 홈을 밟아 추가 득점을 기록했다. 6회말 세 번째 타석에서 볼넷을 고른 심우준은 4-4로 맞선 8회말 2사 뒤 우중간 안타로 3안타 경기 달성과 함께 불씨를 살렸다. 이어 오재원의 우중간 3루타 때 결승 득점까지 기록했다. 경기 뒤 심우준은 첫 타석 안타의 비결부터 전했다. 그는 ""첫 타석에서 2볼에 속구를 놓쳐서 아쉬웠는데 그다음 공에 욕심을 버리고 콘택트에 집중했던 게 좋은 결과로 이어졌다""고 밝혔다. 심우준은 전반기 74경기 출전, 타율 0.267, 60안타, 3홈런, 24타점, 15도루, 출루율 0.352를 기록했다. 최근 타격감에 대해서는 좋지 않았다고 솔직하게 인정했다. 심우준은 ""최근 타격감이 그렇게 좋지는 않다. 그래도 전반기 마지막 경기에서 3안타를 쳤고 팀도 이겨서 5할 승률을 맞춘 걸 계기로 올스타 휴식기를 기분 좋게 쉬고 후반기 잘 준비할 수 있을 것 같다""고 고갤 끄덕였다. 재회한 강백호와 한화에서 전반기를 함께 보낸 소감도 전했다. 심우준은 ""강백호와 한화에서 전반기를 함께 해보니 전보다 팀을 생각하는 모습이 더 많이 보여 기특하고 기분이 좋다. 전에도 팀 생각을 안 하는 건 아니었지만 지금은 본인 기록은 전혀 생각 안 하고 전보다 훨씬 팀을 위하는 모습이 많이 보이더라""고 엄지를 치켜세웠다. 어린 선수들 사이에서 중간 역할도 잘해주고 있다고 평가했다. 그는 ""어린 선수들이 많은 가운데서 중간 역할을 잘해주고 있다. 이제 형의 마음을 알겠더라고도 하더라""며 웃음을 지었다. 두 선수 사이에서 오고 가는 서로의 도움도 밝혔다. 심우준은 ""나도 도움을 받는다. 타격 쪽에서 스트레스받을 때 백호가 한마디씩 해주는 게 큰 힘이 된다""고 전했다. 이어 ""나도 반대로 백호가 달아오를 때 진정시켜 주기도 하고 서로 시너지가 난다고 생각한다""고 덧붙였다. 실제 강백호는 올 시즌 미국에서 주문한 방망이 중 본인이 쓰는 건 하나도 없을 정도로 동료들에게 아낌없이 나눠주는 분위기 메이커 역할을 하고 있다. 노시환이 강백호의 방망이로 연속 홈런 기록에 성공했고, 문현빈도 강백호의 방망이를 즐겨 사용 중이다. 강백호 본인도 방망이 제품 총액만 3000만원이 넘는다며 웃음을 지은 바 있다. 전반기 마지막 3안타로 올스타 휴식기를 기분 좋게 맞이하게 된 심우준. 강백호와의 시너지 효과를 등에 업고 후반기 더 강한 모습을 예고했다. 사진=한화 이글스 김근한 기자 forevertoss88@xportsnews.com",https://v.daum.net/v/KcAFkMOcYH
2026.07.11 00:22,처음이자 마지막 될 꿈의 무대 '잠실구장'…'배우같은 외모' 주목받은 K...,OSEN,"[OSEN=잠실, 홍지수 기자] 내야 코너를 지키는 기대주. 수려한 외모만큼 그라운드에서 야구 실력을 보여준다면, ‘제2의 김도영’이 될 수도 있다. 2026년 프로야구 KIA 타이거즈 신인 내야수 박종혁(7라운드 70순위)은 10일 잠실야구장에서 열린 2026 KBO 퓨처스 올스타전에 참가했다. 많은 팬 앞에서 뛴다는 생각이 들어서인지, 그는 “퓨처스 올스타전이긴 하지만 이렇게 영광스러운 자리에 뽑히게 돼 기분도 좋고, 지금은 설레는 마음이 큰 것 같다”고 말했다. 박종혁은 이날 신명승 (2022년 2차 9라운드 포수), 엄준현 (2025년 9라운드 85순위 내야수), 곽동효 (2026년 육성선수 외야수)과 함께 많은 팬과 퓨처스 12개 팀이 모인 이 자리에 왔다. 프로에 와서 절반을 돌았다. 그에게는 생소하고 힘든 점도 있어지만 감격스로운 시간이기도 했다. 박종혁은 “프로에 와서 가장 크게 느낀 점은 경기 수가 정말 많다는 것이었다. 고등학교 때는 경기를 위해 완벽하게 준비할 수 있었는데, 프로에서는 준비가 완벽하지 않은 상태에서도 계속 경기를 해야 한다. 좋을 때는 흐름을 이어갈 수 있지만, 안 좋을 때는 끝없이 떨어질 수도 있다는 점이 가장 다르다고 느꼈다”고 되돌아봤다. 박종혁은 퓨처스리그 61경기에서 타율 2할5푼7리 5홈런 3도루 13타점 장타율 .411 출루율 .319를 기록했다. 돋보이는 성적은 아니지만, 190cm의 큰 키의 내야수 박종혁은 차근차근 자신의 목표를 향해 나아가려고 한다. 그는 “지금 2군에서 뛰는 경험을 정말 소중하게 생각하고 있다”며 “올해 목표는 1군에 올라가 데뷔 첫 안타를 치는 것이다. 2군에서 어떻게 준비하느냐에 따라 1군에 올라갔을 때 금방 내려오는 선수가 될 수도 있고, 오래 살아남는 선수가 될 수도 있다고 생각한다. 그래서 지금 이 순간을 소중하게 생각하며 경기에 임하고 있다”고 말했다. KIA가 드래프트에서 박종혁을 지명할 때, 꽤 주목을 받았다. 당시에는 ‘외모’ 때문이었다. 큰 키에 배우같은 외모로 화제의 중심에 있었다. 관계자들은 “야구만 잘 하면 인기가 엄청 많을 것”이라고 할 정도였다. 하지만 정작 개막 후에는 동기가 주목을 받았다. 입단 동기 외야수 김민규는 올해 1군에서 먼저 기회를 얻었고, 34경기 뛰며 타율 2할7푼3리 6타점 7도루 장타율 .364 출루율 .294를 기록하며 인상을 남겼다. 그러나 박종혁은 개의치 않는다. 그는 “항상 내가 할 것만 생각하면서 살아왔기 때문에 다른 사람이 잘되고 있는지, 안 되고 있는지는 저한테 크게 중요하지 않다. 내가 세운 목표만 바라보면서 지금까지 해오고 있다”고 말했다. 아마추어와 프로 무대가 다른 점을 느끼면서 자신을 더 갈고닦는 데 집중하고 있다. 박종혁은 “역시 프로의 훈련이 훨씬 체계적이다. 고등학교 때는 학교 일정도 있고 대회 일정도 계속 바뀌다 보니 스케줄이 일정하지 않았는데, 프로에서는 일정이 비교적 규칙적이고 체계적으로 운영된다. 그래서 계획을 세우면서 운동할 수 있다는 점이 정말 좋다”고 말했다. 박종혁은 새로운 목표를 떠올리면서도 축제 같은 이날에 대해 “어렸을 때부터 가장 많이 왔던 구장이 잠실구장이었다. 그래서 이곳에서 야구를 해보는 것도 하나의 꿈이었다. 퓨처스 올스타전이라는 것도 처음 경험하는 자리이고, 잠실야구장에서 뛸 수 있다는 것 자체가 너무 좋다”고 소감을 전했다. 그는 올스타 휴식기를 통해 “전반기를 치르면서 부족했던 점을 많이 느꼈다. 경기 전 루틴을 어떻게 가져가야 하는지, 체력 관리는 어떻게 해야 하는지 등을 많이 배웠다. 후반기에는 더 좋은 모습을 보여주겠다”고 다짐했다. /knightjisu@osen.co.kr",https://v.daum.net/v/tkvQVtx2Tx
2026.07.11 00:11,"개최국 日 피했다! 그런데 첫판부터 왕옌청? 류지현호 AG 조편성 발표,...",OSEN,"[OSEN=이후광 기자] 개최국 일본을 피했지만, 첫판부터 난적 대만을 만나게 됐다. 5회 연속 금메달을 노리는 류지현호의 아시안게임 조편성 결과가 공개됐다. 2026 아이치-나고야 아시안게임 조직위원회는 10일 야구 종목 조편성 결과 및 경기 일정을 공식 발표했다. 야구 종목은 일본 나고야가 아닌 나고야 인근 아이치현 오카자키와 도요하시에서 열린다. 류지현 감독이 이끄는 한국 야구대표팀은 대만, 홍콩, 태국과 함께 B조에 편성됐다. 9월 21일 오후 6시 30분 오카자키 중앙종합공원 야구장에서 ‘난적’ 대만과 첫 경기를 시작으로 22일 오후 6시 30분 도요하시 시민구장에서 홍콩을 만나며, 23일 오후 12시 다시 오카자키 중앙종합공원 야구장에서 태국과 조별리그 최종전을 치른다. 이후 슈퍼라운드를 거쳐 27일 오후 12시 오카자키 중앙종합공원 야구장에서 동메달 결정전, 같은날 오후 6시 30분 도요하시 시민구장에서 대망의 결승전이 차례로 열린다. 사회인야구 선수들로 대표팀을 꾸리는 개최국 일본은 중국, 필리핀, 팔레스타인과 A조 편성됐다. 한국은 개최국 일본을 조별예선에서 피했으나 금메달 최대 경쟁 상대로 꼽히는 대만과 한 조에 편성됐다. 한국은 지난 2023년 항저우 아시안게임 조별예선에서 대만에 0-4로 패해 조 2위로 슈퍼라운드에 진출했고, 결승전에서 대만을 2-0으로 꺾고 가까스로 금메달을 목에 걸었다. 이번 대만 대표팀의 경우 KBO리그에서 정상급 선발투수로 활약 중인 왕옌청(한화 이글스)의 승선이 유력한 상황이다. 올해 KBO리그 한화의 아시아쿼터로 합류해 전반기 17경기 7승 3패 평균자책점 3.59로 활약한 그는 만일 아시안게임 참가가 확정될 경우 한국전 등판이 예상된다. 류지현호는 지난 6월 11일 아시안게임 최종 엔트리 24인을 발표했다. 대한야구소프트볼협회 소속 아마추어 선수 및 KBO리그 선수 중 만 25세 이하(2001년 1월 1일 이후 출생) 또는 프로 입단 4년차(2023년 이후 입단) 이하 선수를 대상으로 선발을 진행했으며, 와일드카드로 만 29세 이하(1997년 1월 1일 이후 출생) 선수 중 3명을 선발했다. 또한 대회가 KBO 정규시즌 중에 개최되는 점을 고려해 구단 당 최소 1명, 최대 3명의 인원을 선발했다. 그 결과 투수는 김영우(LG 트윈스), 조병현(SSG 랜더스), 배찬승(삼성 라이온즈), 박영현, 소형준, 오원석(이상 KT 위즈), 최준용, 김진욱(이상 롯데 자이언츠), 성영탁(KIA 타이거즈), 곽빈, 최민석(이상 두산 베어스) 등 11명, 포수 조형우(SSG), 김건희(키움 히어로즈) 등 2명, 내야수 문보경(LG), 노시환(한화), 정준재(SSG), 이재현(삼성), 김주원(NC 다이노스), 김도영(KIA), 박준순(두산) 등 7명, 외야수 문현빈(한화), 김지찬(삼성), 윤동희(롯데), 박재현(KIA) 등 4명이 태극마크의 영예를 안았다. 곽빈, 문보경, 노시환이 와일드카드다. /backlight@osen.co.kr",https://v.daum.net/v/Wjt8GwFYCB
2026.07.11 00:03,"‘실업 야구’ 日 피했다!…류지현호, 아이치·나고야 AG서 대만·홍콩·태...",MK스포츠,"류지현 감독이 이끄는 대한민국 야구 국가대표팀이 2026 아이치·나고야 아시안게임에서 대만, 홍콩, 태국과 조별리그를 치르게 됐다. 대회 조직위원회는 10일 아시안게임 야구 종목 조 배정 결과와 일정 등을 공개했다. 이에 따르면 한국은 대만, 홍콩, 태국과 함께 B조에 속했다. A조에는 ‘실업(사회인)’ 선수들을 국가 대표로 파견하는 개최국 일본과 중국, 필리핀, 팔레스타인이 이름을 올렸다. 일본은 피했지만, ‘난적’ 대만과 함께 B조에 편성된 것이 눈에 띈다. 대만은 최근 국제대회에서 연달아 한국을 제압했다. 한화 이글스에서 아시아쿼터 선수로 맹활약 중인 좌완 왕옌청의 발탁 가능성도 높은 상황이다. 대표팀은 9월 21일 오후 6시 30분 일본 아이치현 오카자키 중앙종합공원 야구장에서 대만과 조별리그 B조 첫 경기를 치른다. 이어 22일 오후 6시 30분에는 아이치현 도요하시 시민구장에서 홍콩과 격돌하며, 23일 낮 12시 중앙종합공원 야구장에서 태국과 조별리그 마지막 경기를 치르는 일정이다. 24일은 휴식일이다. 25일부터 26일까지 각 조 1, 2위가 다른 조의 1, 2위 팀, 각 조 3, 4위가 다른 조의 3, 4위 팀과 한 차례씩 맞붙는 슈퍼라운드가 펼쳐지며, 동메달 결정전은 27일 낮 12시 오카자키 중앙종합공원 야구장에서 진행된다. 결승전은 27일 오후 6시 30분 도요하시 시민구장에서 열린다. 한편 한국 야구는 이번 대회를 통해 아시안게임 5연패에 도전한다. 2010 광저우 대회, 2014 인천 대회, 2018 자카르타·팔렘방 대회, 2022 항저우 대회에 이어 이번에도 시상대 맨 위에 설 태세다. 금메달을 따면 병역 특례 혜택이 주어지기에 선수들에게도 매우 중요하다. 류지현 감독은 지난 6월 11일 대표팀 최종 명단을 발표하며 “아시안게임은 금메달을 목표로 하는 대회다. 금메달을 따지 않으면 큰 의미가 없다는 인식이 있다. 군필 선수가 있고 미필 선수가 있다. 전체적으로 미필이냐, 군필이냐를 떠나 국가대표, 태극마크를 달고 운동장에 섰을 때 같은 마음으로 임한다면 전력이 약하다 볼 수 있지만, 기대 이상의 경기력이 나올 수 있다 생각한다”고 말했다. ▼ 2026 아이치·나고야 아시안게임 대표팀 최종 명단 ▲ 투수 김영우(LG 트윈스), 조병현(SSG랜더스), 배찬승(삼성 라이온즈), 박영현, 소형준, 오원석(이상 KT위즈), 최준용, 김진욱(이상 롯데 자이언츠), 성영탁(KIA 타이거즈), 곽빈-WC, 최민석(이상 두산 베어스), ▲ 포수 조형우(SSG랜더스), 김건희(키움 히어로즈) ▲ 내야수 문보경(WC·LG 트윈스), 노시환(WC·한화 이글스), 정준재(SSG랜더스), 이재현(삼성 라이온즈), 김주원(NC 다이노스), 김도영(KIA 타이거즈), 박준순(두산 베어스) ▲ 외야수 문현빈(한화 이글스), 김지찬(삼성 라이온즈), 윤동희(롯데 자이언츠), 박재현(KIA 타이거즈) WC : 와일드카드 [이한주 MK스포츠 기자] [ⓒ MK스포츠, 무단전재 및 재배포 금지]",https://v.daum.net/v/xKxJKr3GeV
2026.07.11 00:02,"'잠실에서만 도합 40시즌' 박용택·김재호가 NEW 잠실에 바란다…""외국...",마이데일리,"[마이데일리 = 잠실 김경현 기자] ""우리가 견학을 가는 게 아니라, 외국에서 견학을 오는 돔구장을 정말 멋있게 지었으면 좋겠다"" 2026시즌을 마지막으로 잠실야구장이 사라진다. 잠실에서 도합 40시즌을 보낸 박용택과 김재호가 최후의 올스타전을 맞아 그간 추억을 회상했다. 박용택과 김재호는 10일 서울 잠실야구장에서 열린 2026 퓨처스 올스타전을 맞아 시구자로 나섰다. 박용택은 LG 트윈스에서 20시즌, 김재호는 두산 베어스에서 20시즌을 뛰었다. 잠실을 대표하는 레전드로 초청을 받았다. 시구를 마친 뒤 취재진을 만난 박용택은 ""마운드 올라가기 전까지 아무 생각 없었는데, 실제로 올라가니까 마지막이란 생각이 들더라. 시즌 끝나갈 때 되면 더 그런 생각이 많이 들 것 같다""고 소감을 전했다. 김재호는 ""아직은 마지막이라는 생각이 안 든다""라면서 ""동대문 야구장도 없어지고 난 뒤에 허전함을 느꼈다. 잠실야구장도 허물어지면 마음이 쓰리지 않을까""라고 말했다. 라이벌로 오랜 시간을 보냈다. 상대팀에 얽힌 추억을 묻자 박용택은 ""제가 뛰었던 시대는 두산에 열세였던 적이 많다. (2018년) 15연패를 당한 적도 있다. 하필 내가 주장이었다""라면서 ""두산과 할 때 팬분들, 프런트, 모기업 윗분들의 관심도가 높았다. 이겼어야 하는 경기를 더 많이 졌던 아픈 기억밖에 없다""고 돌아봤다. 김재호는 ""기업 간에 보이지 않는 라이벌 구도가 있었다""며 ""LG와 경기를 하면 끝날 때까지 긴장을 늦추면 안 되는 상황이 많았다. 그 중심에는 항상 용택이 형이 있었다. 그 당시에 LG에서 용택이 형만 막으면 된다는 분위기가 있었다""고 돌아봤다. 그러면서 박용택이 ""2007년 봉중근과 안경현의 벤치 클리어링 때 뭐 했냐""고 묻자 김재호는 ""그때 군대에 있었다""며 웃었다. 잠실 야구장 마지막 시즌 친정팀에게 기대하는 바를 물었다. 박용택은 ""LG는 당연히 우승해야 한다. 왕조가 되었으면 좋겠다. '2020년대는 LG였지'라고 말할 수 있는 팀이 됐으면 좋겠다""고 했다. 김재호는 ""김원형 감독님 첫 해라 선서히 만들어가는 과정""이라면서 ""우승을 바로 보기 보단 가을야구를 할 수 이쓴 발판을 만드는 시기가 됐으면 좋겠다""고 답했다. 2026년을 마지막으로 잠실야구장은 철거된다. 그 자리에는 잠실 돔구장이 지어질 예정이다. 새로운 야구장에게 바라는 점은 무엇일까. 박용택은 ""잠실은 모든 야구장을 통틀어 라커룸이 가장 열악하다""며 ""새로 짓는 구장은 넉넉한 시설이 부족함 없이 만들어졌으면 좋겠다. 원정팀도 편안한 시설을 누렸으면 하는 바람이 있다""고 밝혔다. 김재호는 ""우리가 견학을 가는 게 아니라, 외국에서 견학을 오는 돔구장을 정말 멋있게 지었으면 좋겠다""고 힘줘 말했다.",https://v.daum.net/v/ZbB6pNGhEE
2026.07.11 00:02,"한화 강백호, 데뷔 첫 홈런 더비 우승…우승 상금 1000만원",일간스포츠,"프로야구 한화 이글스 강백호(27)가 커리어 첫 올스타 홈런 더비 우승에 성공했다. 강백호는 10일 서울 잠실구장에서 열린 2026 신한 SOL뱅크 KBO 올스타전 전야제 '컴투스 프로야구 홈런 더비' 결승에서 연장 접전 끝에 오태곤(SSG 랜더스)을 제쳤다. 우승을 차지한 강백호는 우승 상금 1000만원과 비스포크 AI 에어드레서를 부상으로 받았다. 이어 비거리 145ｍ로 부문 1위를 차지해 LG 퓨리케어 공기청정기까지 품었다. 배팅볼을 던져준 한준수(KIA 타이거즈)는 보스 울트라 헤드폰을 받았다. 홈런 더비는 아웃제와 시간제를 결합한 방식으로 진행했다. 예선전은 5아웃 동안 때린 홈런과, 아웃제가 끝난 뒤 30초 휴식 후 1분 동안 진행하는 '컴프야 피버타임'으로 홈런 개수를 비교했다. 팬 투표에 따라 KBO리그 전반기 홈런 27개로 공동 1위를 차지한 김도영(KIA)을 비롯해 양의지, 박준순(이상 두산 베어스), 강백호, 문현빈, 허인서(이상 한화), 김주원(NC 다이노스), 오태곤(SSG 랜더스)까지 8명이 홈런 더비에 나섰다. 예선에선 오태곤과 허인서, 강백호가 가장 많은 7개를 때렸다. 홈런 동률일 경우 비거리를 비교해 상위 2명만 결승에 진출한다는 규정에 따라 비거리 145ｍ의 강백호와 140ｍ인 오태곤이 올라갔다. 결승은 7아웃+1분 제로 진행했다. 먼저 오태곤이 7아웃 동안 홈런 4개, 1분 동안 3개를 넘겨 7개로 마무리했다. 6개에 멈췄던 강백호는 마지막 스윙에서 오른쪽 폴을 직격하는 극적인 홈런에 성공해 균형을 맞췄다. 이어 30초 동안 진행한 서든데스에서 희비가 엇갈렸다. 오태곤은 하나도 넘기지 못했으나, 강백호는 결승 홈런에 성공했다. 한화 선수가 홈런 더비 우승을 차지한 건 2023년 채은성 이후 3년 만이다. 강백호에겐 첫 우승이다. 오스틴 딘(LG 트윈스)의 허리 통증으로 대신 출전한 오태곤은 우승 문턱까지 간 데 만족해야 했다. 그는 상금 300만원과 함께 이동형 텔레비전인 삼성 무빙스타일 미니를 가져갔다. 김우중 기자 ujkim50@edaily.co.kr",https://v.daum.net/v/Q90KZJlwwC
2026.07.11 00:01,2년 연속 퓨처스 올스타+짜릿한 결승포→삼성 '미래거포' MVP 올랐다!...,엑스포츠뉴스,"(엑스포츠뉴스 잠실, 양정웅 기자) 올해 KBO 리그 유망주 대결의 '최고의 별'은 바로 함수호(삼성 라이온즈)였다. 남부 올스타는 10일 서울 잠실야구장에서 열린 2026 신한 SOL Bank 'KBO 올스타 프라이데이' 퓨처스 올스타전에서 북부 올스타에 4-0으로 승리했다. 이로써 지난 2007년 시작된 퓨처스 올스타전에서 남부 올스타는 9승 4패 2무로 우위를 유지하게 됐다. 2012년과 2019년은 우천 취소, 2014년은 우천 노게임, 2020~2021년은 코로나19로 열리지 않았고, 2015년은 드림-나눔 대결로 진행됐다. 이날 남부에서는 함수호와 신재인(NC 다이노스)이 홈런포를 터트리며 분위기를 주도했다. 특히 함수호는 이날 결승포 포함 3타수 2안타 1타점 1득점으로 양 팀 통틀어 유일하게 멀티히트를 기록했다. 덕분에 함수호는 퓨처스 올스타 MVP에 선정, 상금 200만원을 받았다. 삼성 소속으로는 2007년 채태인, 2010년 김종호 이후 3번째 수상이다. 함수호의 방망이는 첫 타석부터 매섭게 돌아갔다. 그는 2회말 1사 후 바뀐 투수 이도우(SSG)에게 2볼-2스트라이크에서 높은 슬라이더를 때려냈다. 타구는 우중간 담장을 넘어 솔로홈런이 됐다. 덕분에 남부는 1-0으로 앞서나갔다. 4회 중견수 플라이로 물러난 함수호는 6회에도 좌익수 앞 안타를 기록, 멀티히트를 달성했다. 이렇게 되면서 사실상 MVP를 확정했다. 경기 후 취재진과 만난 함수호는 ""첫 타석에 좋은 타격이 나와 두 번째와 세 번째도 편안한 마음으로 들어섰다. 그게 좋은 결과로 이어졌다""고 소감을 전했다. 남부 올스타에는 강력한 MVP 경쟁자 신재인이 있었다. 함수호는 ""재인이도 하나 쳐서 하나 더 해내야 받을 수 있을 것 같아 더 집중했다""고 얘기했다. 사실 경기 전 함수호는 동기 심재훈과 농담을 했다고 한다. 그는 ""재훈이한테 ‘MVP를 받겠다’고 말한 상태였다. 홈런을 치고 난 후에 재훈이가 '무조건 받는다'고 했는데 아직 아닌 것 같아 더 집중했다. 재인이가 MVP를 받아도 이견이 없다. 선의의 경쟁이었다""고 밝혔다. 지난해에 이어 2년 연속 퓨처스 올스타에 선정된 함수호는 ""이렇게 많은 팬 앞에서 오랜만에 홈런을 치니 열기가 달랐다""고 고백했다. 잠실야구장을 넘겨본 게 이번이 처음이라는 함수호는 ""잘 맞은 느낌이었는데 넘어갈 줄은 몰랐다""며 짜릿한 손맛을 설명했다. ""타격감이 좋다. 흐름을 이어 1군에 빨리 콜업되고 싶다""며 자신감을 전한 함수호는 ""내 장점은 타격이고, 형들보다 더 잘 치면 경기에 출전할 수 있다고 생각한다. 수비도 중요하지만, 타격서 좀 더 독보적으로 하려고 한다""고 했다. 끝으로 함수호는 박진만 1군 감독에게 메시지를 전하며 ""퓨처스리그서 잘 준비하고 있다. 혹시나 1군에 올라간다면 준비 잘 된 모습을 보여주겠다""고 밝혔다. 사진=잠실, 김한준·박지영 기자 양정웅 기자 orionbear@xportsnews.com",https://v.daum.net/v/34upv6waXn
2026.07.11 00:01,“우승하려고 맘 먹었어요”…한다면 한다! 강백호의 홈런더비 우승 도전기 ...,스포츠동아,"[잠실=스포츠동아 박정현 기자] “정말 많이 집중하고 타격했다.” 강백호(27·한화 이글스)는 10일 잠실구장서 열린 ‘2026 신한 SOL KBO 올스타전’ 컴투스프로야구 홈런더비 결승서 오태곤(35·SSG 랜더스)을 제치고 우승 트로피를 손에 넣었다. 그는 우승자에게 주어지는 트로피와 상금 1000만 원, 우승 트로피, 삼성 Bespoke AI 에어드레서를 받았다. 여기에 145m로 비거리상을 수상해 LG 퓨리케어 AI 360° 공기청정기 플러스까지 수상했다. 강백호는 예선부터 7홈런으로 뜨거운 타격감을 선보였다. 오태곤과 허인서(23·한화)가 7홈런으로 함께 공동 1위를 기록했지만, 더 많은 비거리를 기록해 결승에 진출했다. 왕좌에 오르기는 쉽지 않았다. 첫 번째 주자 오태곤이 7홈런을 기록하며 크게 앞서갔다. 강백호는 이미 결승에 주어지는 7개의 아웃카운트를 모두 소비했고, 힘이 떨어진 상태였다. 6홈런을 기록한 상태서 1분간 추가 타격할 때 우측 파울 폴대를 맞추는 버저비터가 나와 오태곤과 30초 서든데스에 돌입했다. 오태곤은 단 하나의 홈런도 터트리지 못했고, 강백호는 2구째에 오른쪽 담장을 넘겨 우승을 확정했다. 강백호는 홈런더비를 마친 뒤 “신인 시절이었던 2018년 이후 처음 홈런더비에 나섰는데 우승을 한 번 해보고 싶었다. 그 목표를 이뤄 기쁘다”고 우승 소감을 밝혔다. 이어 “상금은 내가 야구하는 데 활용하려고 한다. 방망이나 야구 용품에 투자할 것 같다”고 덧붙였다. 올해 전반기 강백호는 23홈런으로 리그 전체 3위에 올랐다. 확실히 마음먹고 나선 홈런더비서는 기량을 확실하게 증명했다. 그는 “포스트시즌(PS)에 나설 때처럼 정말 집중하고 강하게 쳤다”며 “(오)태곤이 형의 페이스가 너무 좋아서 어느 정도는 포기한 상태였다. 공이 잘 맞은 덕분이다 운이 좋았다”고 얘기했다. 강백호는 자신의 성과에 만족했지만, 아쉬운 부분도 밝혔다. 그는 “목표는 잠실구장 장외홈런이었다. 그걸 이루지 못한 부분이 아쉽다. 내일(11일)은 본경기라 쉽지 않을 것 같다. 안타라도 하나 쳤으면 한다”고 웃었다. 잠실｜박정현 기자 pjh60800@donga.com",https://v.daum.net/v/PEMQuAXSUT
2026.07.11 00:00,"서든데스 접전→'타점킹' 한 방! 강백호, 첫 올스타 홈런 더비서 우승....",MHN스포츠,"(MHN 권수연 기자) 올 시즌 타점 선두(85개)를 차지한 한화 이글스 강백호가 첫 올스타전 홈런 더비에서 우승을 차지했다. 강백호는 10일 서울 잠실구장에서 열린 2026 신한 SOL뱅크 KBO올스타전 전야제인 '컴투스프로야구 홈런 더비' 결승에서 오태곤(SSG랜더스)과의 연장전 끝에 우승을 차지했다. 결승은 7아웃+1분 제다. 이번 행사는 전반기 시즌 홈런 27개로 공동 1위에 오른 김도영(KIA 타이거즈), 양의지, 박준순(이상 두산 베어스), 문현빈, 허인서, 강백호(이상 한화), 오태곤(SSG), 김주원(NC 다이노스) 총 8명이 출전했다. 오태곤은 오스틴 딘(LG 트윈스)의 허리 통증으로 인해 대신 출전했고 결승까지 올랐지만 준우승으로 만족해야 했다. 올스타전 홈런 더비는 아웃제와 시간제를 결합한 방식으로 치러진다. 5아웃+1분 제로 치러진 예선전에서는 강백호, 오태곤, 허인서가 나란히 7개의 홈런을 기록하며 공동 1위에 이름을 올렸다. 양의지 6개, 문현빈이 4개, 김도영과 김주원이 각각 2개씩을 쳤다. 박준순은 1개를 기록했다. 홈런 동률일 경우 비거리 상위 2명만 결승에 진출하는 룰에 따라 비거리 145m를 기록한 강백호, 140m를 기록한 오태곤이 나란히 진출했다. 오태곤이 먼저 타석에 들어서 7홈런을 때렸고, 강백호는 6개째에 멈췄다가 막판 극적 버저비터로 동점을 기록했다. 이후 치러진 30초 서든데스에서 오태곤이 홈런에 실패한 사이 강백호가 강력한 한 방으로 우승을 거머쥐었다. 강백호의 우승은 한화 선수로는 2023년 채은성 이후 3년 만이다. 강백호 본인은 올스타전 홈런 더비 첫 우승을 기록했다. 강백호는 우승상품으로 1천만원의 상금과 비스포크 AI 에어드레서, LG 퓨리케어 공기청정기(비거리상) 등을 수령했다. 준우승자인 오태곤은 상금 300만원과 삼성 무빙스타일 미니를 받았다. 배팅볼 투수에게 주어지는 '홈런 메이커상'은 KIA의 한준수가 받았다.",https://v.daum.net/v/WxZWE7nQJ1
